wavelength_nm,intensity,spectrum_id,spectrum_name,point_index,x_unit,y_unit,wavelength_calibrated_nm
345.386,-5.483229,abb5f43e-39f7-4e00-9c94-18a2b72b0413,CO2 Lamp,0,nm,absorbance,341.21027603164254
345.605,-5.483229,abb5f43e-39f7-4e00-9c94-18a2b72b0413,CO2 Lamp,1,nm,absorbance,341.4276528070887
345.824,-1.6040389999999995,abb5f43e-39f7-4e00-9c94-18a2b72b0413,CO2 Lamp,2,nm,absorbance,341.6450295825348
346.044,-3.1500570000000003,abb5f43e-39f7-4e00-9c94-18a2b72b0413,CO2 Lamp,3,nm,absorbance,341.86339894599666
346.263,-1.5775320000000002,abb5f43e-39f7-4e00-9c94-18a2b72b0413,CO2 Lamp,4,nm,absorbance,342.0807757214428
346.482,-4.386212,abb5f43e-39f7-4e00-9c94-18a2b72b0413,CO2 Lamp,5,nm,absorbance,342.29815249688903
346.701,1.53633,abb5f43e-39f7-4e00-9c94-18a2b72b0413,CO2 Lamp,6,nm,absorbance,342.51552927233513
346.92,2.9903190000000004,abb5f43e-39f7-4e00-9c94-18a2b72b0413,CO2 Lamp,7,nm,absorbance,342.7329060477813
347.139,3.661925,abb5f43e-39f7-4e00-9c94-18a2b72b0413,CO2 Lamp,8,nm,absorbance,342.95028282322744
347.358,-2.669918,abb5f43e-39f7-4e00-9c94-18a2b72b0413,CO2 Lamp,9,nm,absorbance,343.1676595986736
347.577,-1.420545,abb5f43e-39f7-4e00-9c94-18a2b72b0413,CO2 Lamp,10,nm,absorbance,343.3850363741197
347.796,-0.357794,abb5f43e-39f7-4e00-9c94-18a2b72b0413,CO2 Lamp,11,nm,absorbance,343.60241314956585
348.015,5.660681,abb5f43e-39f7-4e00-9c94-18a2b72b0413,CO2 Lamp,12,nm,absorbance,343.819789925012
348.234,2.800855,abb5f43e-39f7-4e00-9c94-18a2b72b0413,CO2 Lamp,13,nm,absorbance,344.03716670045816
348.453,-1.345646,abb5f43e-39f7-4e00-9c94-18a2b72b0413,CO2 Lamp,14,nm,absorbance,344.25454347590426
348.672,-4.5242640000000005,abb5f43e-39f7-4e00-9c94-18a2b72b0413,CO2 Lamp,15,nm,absorbance,344.47192025135047
348.891,-7.692496000000001,abb5f43e-39f7-4e00-9c94-18a2b72b0413,CO2 Lamp,16,nm,absorbance,344.6892970267966
349.11,4.939941,abb5f43e-39f7-4e00-9c94-18a2b72b0413,CO2 Lamp,17,nm,absorbance,344.9066738022428
349.329,10.594251,abb5f43e-39f7-4e00-9c94-18a2b72b0413,CO2 Lamp,18,nm,absorbance,345.12405057768893
349.548,22.192951,abb5f43e-39f7-4e00-9c94-18a2b72b0413,CO2 Lamp,19,nm,absorbance,345.34142735313503
349.767,28.673452,abb5f43e-39f7-4e00-9c94-18a2b72b0413,CO2 Lamp,20,nm,absorbance,345.5588041285812
349.986,35.790413,abb5f43e-39f7-4e00-9c94-18a2b72b0413,CO2 Lamp,21,nm,absorbance,345.77618090402734
350.205,38.644579,abb5f43e-39f7-4e00-9c94-18a2b72b0413,CO2 Lamp,22,nm,absorbance,345.9935576794735
350.424,36.646076,abb5f43e-39f7-4e00-9c94-18a2b72b0413,CO2 Lamp,23,nm,absorbance,346.2109344549196
350.643,38.203523,abb5f43e-39f7-4e00-9c94-18a2b72b0413,CO2 Lamp,24,nm,absorbance,346.42831123036575
350.862,32.750713,abb5f43e-39f7-4e00-9c94-18a2b72b0413,CO2 Lamp,25,nm,absorbance,346.64568800581196
351.08,30.929353,abb5f43e-39f7-4e00-9c94-18a2b72b0413,CO2 Lamp,26,nm,absorbance,346.86207219324234
351.299,31.631896,abb5f43e-39f7-4e00-9c94-18a2b72b0413,CO2 Lamp,27,nm,absorbance,347.0794489686885
351.518,39.167151,abb5f43e-39f7-4e00-9c94-18a2b72b0413,CO2 Lamp,28,nm,absorbance,347.2968257441346
351.737,41.523666,abb5f43e-39f7-4e00-9c94-18a2b72b0413,CO2 Lamp,29,nm,absorbance,347.5142025195808
351.956,43.15135399999999,abb5f43e-39f7-4e00-9c94-18a2b72b0413,CO2 Lamp,30,nm,absorbance,347.73157929502696
352.174,48.867849,abb5f43e-39f7-4e00-9c94-18a2b72b0413,CO2 Lamp,31,nm,absorbance,347.94796348245734
352.393,52.60361600000001,abb5f43e-39f7-4e00-9c94-18a2b72b0413,CO2 Lamp,32,nm,absorbance,348.16534025790344
352.612,56.003072,abb5f43e-39f7-4e00-9c94-18a2b72b0413,CO2 Lamp,33,nm,absorbance,348.38271703334965
352.831,59.491234,abb5f43e-39f7-4e00-9c94-18a2b72b0413,CO2 Lamp,34,nm,absorbance,348.6000938087958
353.049,63.551326,abb5f43e-39f7-4e00-9c94-18a2b72b0413,CO2 Lamp,35,nm,absorbance,348.8164779962262
353.268,66.512661,abb5f43e-39f7-4e00-9c94-18a2b72b0413,CO2 Lamp,36,nm,absorbance,349.03385477167234
353.487,72.413824,abb5f43e-39f7-4e00-9c94-18a2b72b0413,CO2 Lamp,37,nm,absorbance,349.2512315471185
353.705,74.291798,abb5f43e-39f7-4e00-9c94-18a2b72b0413,CO2 Lamp,38,nm,absorbance,349.4676157345489
353.924,80.83128099999999,abb5f43e-39f7-4e00-9c94-18a2b72b0413,CO2 Lamp,39,nm,absorbance,349.684992509995
354.143,82.373201,abb5f43e-39f7-4e00-9c94-18a2b72b0413,CO2 Lamp,40,nm,absorbance,349.9023692854412
354.361,90.02642399999999,abb5f43e-39f7-4e00-9c94-18a2b72b0413,CO2 Lamp,41,nm,absorbance,350.1187534728716
354.58,92.79921199999998,abb5f43e-39f7-4e00-9c94-18a2b72b0413,CO2 Lamp,42,nm,absorbance,350.3361302483177
354.798,95.921428,abb5f43e-39f7-4e00-9c94-18a2b72b0413,CO2 Lamp,43,nm,absorbance,350.55251443574815
355.017,97.595969,abb5f43e-39f7-4e00-9c94-18a2b72b0413,CO2 Lamp,44,nm,absorbance,350.7698912111943
355.236,100.61174,abb5f43e-39f7-4e00-9c94-18a2b72b0413,CO2 Lamp,45,nm,absorbance,350.98726798664046
355.454,100.91393,abb5f43e-39f7-4e00-9c94-18a2b72b0413,CO2 Lamp,46,nm,absorbance,351.2036521740709
355.673,109.58945,abb5f43e-39f7-4e00-9c94-18a2b72b0413,CO2 Lamp,47,nm,absorbance,351.42102894951705
355.891,114.868572,abb5f43e-39f7-4e00-9c94-18a2b72b0413,CO2 Lamp,48,nm,absorbance,351.63741313694743
356.11,124.106984,abb5f43e-39f7-4e00-9c94-18a2b72b0413,CO2 Lamp,49,nm,absorbance,351.8547899123936
356.328,127.99583,abb5f43e-39f7-4e00-9c94-18a2b72b0413,CO2 Lamp,50,nm,absorbance,352.07117409982396
356.547,134.463719,abb5f43e-39f7-4e00-9c94-18a2b72b0413,CO2 Lamp,51,nm,absorbance,352.2885508752702
356.765,145.31142800000003,abb5f43e-39f7-4e00-9c94-18a2b72b0413,CO2 Lamp,52,nm,absorbance,352.50493506270055
356.984,153.331558,abb5f43e-39f7-4e00-9c94-18a2b72b0413,CO2 Lamp,53,nm,absorbance,352.7223118381467
357.202,163.081062,abb5f43e-39f7-4e00-9c94-18a2b72b0413,CO2 Lamp,54,nm,absorbance,352.9386960255771
357.42,168.747039,abb5f43e-39f7-4e00-9c94-18a2b72b0413,CO2 Lamp,55,nm,absorbance,353.1550802130075
357.639,177.404653,abb5f43e-39f7-4e00-9c94-18a2b72b0413,CO2 Lamp,56,nm,absorbance,353.3724569884537
357.857,186.487187,abb5f43e-39f7-4e00-9c94-18a2b72b0413,CO2 Lamp,57,nm,absorbance,353.5888411758841
358.076,194.207536,abb5f43e-39f7-4e00-9c94-18a2b72b0413,CO2 Lamp,58,nm,absorbance,353.80621795133027
358.294,205.48288900000003,abb5f43e-39f7-4e00-9c94-18a2b72b0413,CO2 Lamp,59,nm,absorbance,354.02260213876065
358.512,213.864043,abb5f43e-39f7-4e00-9c94-18a2b72b0413,CO2 Lamp,60,nm,absorbance,354.2389863261911
358.731,218.117586,abb5f43e-39f7-4e00-9c94-18a2b72b0413,CO2 Lamp,61,nm,absorbance,354.4563631016372
358.949,219.601672,abb5f43e-39f7-4e00-9c94-18a2b72b0413,CO2 Lamp,62,nm,absorbance,354.6727472890676
359.167,222.99724300000003,abb5f43e-39f7-4e00-9c94-18a2b72b0413,CO2 Lamp,63,nm,absorbance,354.889131476498
359.386,227.75644000000003,abb5f43e-39f7-4e00-9c94-18a2b72b0413,CO2 Lamp,64,nm,absorbance,355.1065082519442
359.604,228.80388,abb5f43e-39f7-4e00-9c94-18a2b72b0413,CO2 Lamp,65,nm,absorbance,355.3228924393746
359.822,236.793362,abb5f43e-39f7-4e00-9c94-18a2b72b0413,CO2 Lamp,66,nm,absorbance,355.539276626805
360.04,243.738298,abb5f43e-39f7-4e00-9c94-18a2b72b0413,CO2 Lamp,67,nm,absorbance,355.75566081423545
360.259,246.115979,abb5f43e-39f7-4e00-9c94-18a2b72b0413,CO2 Lamp,68,nm,absorbance,355.97303758968155
360.477,244.929579,abb5f43e-39f7-4e00-9c94-18a2b72b0413,CO2 Lamp,69,nm,absorbance,356.18942177711193
360.695,241.523451,abb5f43e-39f7-4e00-9c94-18a2b72b0413,CO2 Lamp,70,nm,absorbance,356.40580596454237
360.913,247.926336,abb5f43e-39f7-4e00-9c94-18a2b72b0413,CO2 Lamp,71,nm,absorbance,356.6221901519728
361.131,244.00005700000003,abb5f43e-39f7-4e00-9c94-18a2b72b0413,CO2 Lamp,72,nm,absorbance,356.8385743394032
361.35,239.661534,abb5f43e-39f7-4e00-9c94-18a2b72b0413,CO2 Lamp,73,nm,absorbance,357.0559511148494
361.568,232.744757,abb5f43e-39f7-4e00-9c94-18a2b72b0413,CO2 Lamp,74,nm,absorbance,357.27233530227977
361.786,228.964172,abb5f43e-39f7-4e00-9c94-18a2b72b0413,CO2 Lamp,75,nm,absorbance,357.48871948971015
362.004,230.638711,abb5f43e-39f7-4e00-9c94-18a2b72b0413,CO2 Lamp,76,nm,absorbance,357.7051036771406
362.222,229.803171,abb5f43e-39f7-4e00-9c94-18a2b72b0413,CO2 Lamp,77,nm,absorbance,357.92148786457096
362.44,226.018663,abb5f43e-39f7-4e00-9c94-18a2b72b0413,CO2 Lamp,78,nm,absorbance,358.1378720520014
362.658,222.77326,abb5f43e-39f7-4e00-9c94-18a2b72b0413,CO2 Lamp,79,nm,absorbance,358.35425623943183
362.876,214.867282,abb5f43e-39f7-4e00-9c94-18a2b72b0413,CO2 Lamp,80,nm,absorbance,358.5706404268622
363.094,218.511353,abb5f43e-39f7-4e00-9c94-18a2b72b0413,CO2 Lamp,81,nm,absorbance,358.78702461429265
363.312,219.925808,abb5f43e-39f7-4e00-9c94-18a2b72b0413,CO2 Lamp,82,nm,absorbance,359.0034088017231
363.53,222.689017,abb5f43e-39f7-4e00-9c94-18a2b72b0413,CO2 Lamp,83,nm,absorbance,359.21979298915346
363.749,217.684772,abb5f43e-39f7-4e00-9c94-18a2b72b0413,CO2 Lamp,84,nm,absorbance,359.4371697645996
363.967,214.46284699999995,abb5f43e-39f7-4e00-9c94-18a2b72b0413,CO2 Lamp,85,nm,absorbance,359.65355395203
364.184,206.876444,abb5f43e-39f7-4e00-9c94-18a2b72b0413,CO2 Lamp,86,nm,absorbance,359.8689455514447
364.402,204.45313200000004,abb5f43e-39f7-4e00-9c94-18a2b72b0413,CO2 Lamp,87,nm,absorbance,360.0853297388751
364.62,195.079319,abb5f43e-39f7-4e00-9c94-18a2b72b0413,CO2 Lamp,88,nm,absorbance,360.3017139263055
364.838,186.304795,abb5f43e-39f7-4e00-9c94-18a2b72b0413,CO2 Lamp,89,nm,absorbance,360.51809811373596
365.056,167.249244,abb5f43e-39f7-4e00-9c94-18a2b72b0413,CO2 Lamp,90,nm,absorbance,360.73448230116634
365.274,150.091785,abb5f43e-39f7-4e00-9c94-18a2b72b0413,CO2 Lamp,91,nm,absorbance,360.9508664885968
365.492,132.87717299999997,abb5f43e-39f7-4e00-9c94-18a2b72b0413,CO2 Lamp,92,nm,absorbance,361.1672506760272
365.71,118.685733,abb5f43e-39f7-4e00-9c94-18a2b72b0413,CO2 Lamp,93,nm,absorbance,361.3836348634576
365.928,107.59468700000002,abb5f43e-39f7-4e00-9c94-18a2b72b0413,CO2 Lamp,94,nm,absorbance,361.60001905088797
366.146,95.343781,abb5f43e-39f7-4e00-9c94-18a2b72b0413,CO2 Lamp,95,nm,absorbance,361.8164032383184
366.364,82.76087400000002,abb5f43e-39f7-4e00-9c94-18a2b72b0413,CO2 Lamp,96,nm,absorbance,362.0327874257488
366.581,67.119392,abb5f43e-39f7-4e00-9c94-18a2b72b0413,CO2 Lamp,97,nm,absorbance,362.2481790251635
366.799,57.94808400000001,abb5f43e-39f7-4e00-9c94-18a2b72b0413,CO2 Lamp,98,nm,absorbance,362.4645632125939
367.017,49.934341,abb5f43e-39f7-4e00-9c94-18a2b72b0413,CO2 Lamp,99,nm,absorbance,362.6809474000243
367.235,44.87979899999999,abb5f43e-39f7-4e00-9c94-18a2b72b0413,CO2 Lamp,100,nm,absorbance,362.89733158745474
367.453,40.846653,abb5f43e-39f7-4e00-9c94-18a2b72b0413,CO2 Lamp,101,nm,absorbance,363.1137157748851
367.67,38.458091,abb5f43e-39f7-4e00-9c94-18a2b72b0413,CO2 Lamp,102,nm,absorbance,363.32910737429984
367.888,37.700847,abb5f43e-39f7-4e00-9c94-18a2b72b0413,CO2 Lamp,103,nm,absorbance,363.5454915617302
368.106,40.232272,abb5f43e-39f7-4e00-9c94-18a2b72b0413,CO2 Lamp,104,nm,absorbance,363.76187574916065
368.323,40.129319,abb5f43e-39f7-4e00-9c94-18a2b72b0413,CO2 Lamp,105,nm,absorbance,363.9772673485753
368.541,35.428103,abb5f43e-39f7-4e00-9c94-18a2b72b0413,CO2 Lamp,106,nm,absorbance,364.19365153600575
368.759,36.727053,abb5f43e-39f7-4e00-9c94-18a2b72b0413,CO2 Lamp,107,nm,absorbance,364.4100357234362
368.977,41.137627,abb5f43e-39f7-4e00-9c94-18a2b72b0413,CO2 Lamp,108,nm,absorbance,364.6264199108665
369.194,52.017205,abb5f43e-39f7-4e00-9c94-18a2b72b0413,CO2 Lamp,109,nm,absorbance,364.8418115102812
369.412,49.378116,abb5f43e-39f7-4e00-9c94-18a2b72b0413,CO2 Lamp,110,nm,absorbance,365.0581956977116
369.629,48.159869,abb5f43e-39f7-4e00-9c94-18a2b72b0413,CO2 Lamp,111,nm,absorbance,365.2735872971263
369.847,44.907188,abb5f43e-39f7-4e00-9c94-18a2b72b0413,CO2 Lamp,112,nm,absorbance,365.4899714845567
370.065,51.582536000000005,abb5f43e-39f7-4e00-9c94-18a2b72b0413,CO2 Lamp,113,nm,absorbance,365.7063556719871
370.282,53.391738,abb5f43e-39f7-4e00-9c94-18a2b72b0413,CO2 Lamp,114,nm,absorbance,365.9217472714018
370.5,59.33156,abb5f43e-39f7-4e00-9c94-18a2b72b0413,CO2 Lamp,115,nm,absorbance,366.1381314588322
370.717,56.731412,abb5f43e-39f7-4e00-9c94-18a2b72b0413,CO2 Lamp,116,nm,absorbance,366.3535230582469
370.935,57.73363100000002,abb5f43e-39f7-4e00-9c94-18a2b72b0413,CO2 Lamp,117,nm,absorbance,366.5699072456773
371.152,59.64694099999999,abb5f43e-39f7-4e00-9c94-18a2b72b0413,CO2 Lamp,118,nm,absorbance,366.785298845092
371.37,62.851139,abb5f43e-39f7-4e00-9c94-18a2b72b0413,CO2 Lamp,119,nm,absorbance,367.0016830325224
371.588,66.037158,abb5f43e-39f7-4e00-9c94-18a2b72b0413,CO2 Lamp,120,nm,absorbance,367.21806721995284
371.805,71.637515,abb5f43e-39f7-4e00-9c94-18a2b72b0413,CO2 Lamp,121,nm,absorbance,367.4334588193675
372.022,68.75721999999999,abb5f43e-39f7-4e00-9c94-18a2b72b0413,CO2 Lamp,122,nm,absorbance,367.64885041878216
372.24,75.617967,abb5f43e-39f7-4e00-9c94-18a2b72b0413,CO2 Lamp,123,nm,absorbance,367.8652346062126
372.457,69.595705,abb5f43e-39f7-4e00-9c94-18a2b72b0413,CO2 Lamp,124,nm,absorbance,368.08062620562725
372.675,83.058534,abb5f43e-39f7-4e00-9c94-18a2b72b0413,CO2 Lamp,125,nm,absorbance,368.2970103930577
372.892,79.976328,abb5f43e-39f7-4e00-9c94-18a2b72b0413,CO2 Lamp,126,nm,absorbance,368.51240199247235
373.11,81.772681,abb5f43e-39f7-4e00-9c94-18a2b72b0413,CO2 Lamp,127,nm,absorbance,368.7287861799028
373.327,79.28049200000001,abb5f43e-39f7-4e00-9c94-18a2b72b0413,CO2 Lamp,128,nm,absorbance,368.94417777931744
373.544,87.24936299999999,abb5f43e-39f7-4e00-9c94-18a2b72b0413,CO2 Lamp,129,nm,absorbance,369.1595693787321
373.762,94.941091,abb5f43e-39f7-4e00-9c94-18a2b72b0413,CO2 Lamp,130,nm,absorbance,369.37595356616254
373.979,95.82367,abb5f43e-39f7-4e00-9c94-18a2b72b0413,CO2 Lamp,131,nm,absorbance,369.5913451655772
374.196,97.53584099999998,abb5f43e-39f7-4e00-9c94-18a2b72b0413,CO2 Lamp,132,nm,absorbance,369.8067367649919
374.414,103.193378,abb5f43e-39f7-4e00-9c94-18a2b72b0413,CO2 Lamp,133,nm,absorbance,370.0231209524223
374.631,111.368117,abb5f43e-39f7-4e00-9c94-18a2b72b0413,CO2 Lamp,134,nm,absorbance,370.23851255183695
374.848,114.26963700000002,abb5f43e-39f7-4e00-9c94-18a2b72b0413,CO2 Lamp,135,nm,absorbance,370.45390415125166
375.066,117.550288,abb5f43e-39f7-4e00-9c94-18a2b72b0413,CO2 Lamp,136,nm,absorbance,370.670288338682
375.283,116.686588,abb5f43e-39f7-4e00-9c94-18a2b72b0413,CO2 Lamp,137,nm,absorbance,370.88567993809676
375.5,118.517292,abb5f43e-39f7-4e00-9c94-18a2b72b0413,CO2 Lamp,138,nm,absorbance,371.1010715375114
375.717,123.64571600000002,abb5f43e-39f7-4e00-9c94-18a2b72b0413,CO2 Lamp,139,nm,absorbance,371.3164631369261
375.935,129.275018,abb5f43e-39f7-4e00-9c94-18a2b72b0413,CO2 Lamp,140,nm,absorbance,371.53284732435645
376.152,133.905186,abb5f43e-39f7-4e00-9c94-18a2b72b0413,CO2 Lamp,141,nm,absorbance,371.74823892377117
376.369,131.125043,abb5f43e-39f7-4e00-9c94-18a2b72b0413,CO2 Lamp,142,nm,absorbance,371.9636305231859
376.586,131.149949,abb5f43e-39f7-4e00-9c94-18a2b72b0413,CO2 Lamp,143,nm,absorbance,372.17902212260054
376.803,135.263104,abb5f43e-39f7-4e00-9c94-18a2b72b0413,CO2 Lamp,144,nm,absorbance,372.3944137220152
377.02,140.782318,abb5f43e-39f7-4e00-9c94-18a2b72b0413,CO2 Lamp,145,nm,absorbance,372.60980532142986
377.238,142.64770900000002,abb5f43e-39f7-4e00-9c94-18a2b72b0413,CO2 Lamp,146,nm,absorbance,372.8261895088603
377.455,141.235792,abb5f43e-39f7-4e00-9c94-18a2b72b0413,CO2 Lamp,147,nm,absorbance,373.04158110827495
377.672,139.394288,abb5f43e-39f7-4e00-9c94-18a2b72b0413,CO2 Lamp,148,nm,absorbance,373.25697270768967
377.889,140.165007,abb5f43e-39f7-4e00-9c94-18a2b72b0413,CO2 Lamp,149,nm,absorbance,373.4723643071043
378.106,144.10750000000002,abb5f43e-39f7-4e00-9c94-18a2b72b0413,CO2 Lamp,150,nm,absorbance,373.687755906519
378.323,150.231874,abb5f43e-39f7-4e00-9c94-18a2b72b0413,CO2 Lamp,151,nm,absorbance,373.90314750593365
378.54,154.541934,abb5f43e-39f7-4e00-9c94-18a2b72b0413,CO2 Lamp,152,nm,absorbance,374.11853910534836
378.757,152.75563,abb5f43e-39f7-4e00-9c94-18a2b72b0413,CO2 Lamp,153,nm,absorbance,374.333930704763
378.974,152.65979499999997,abb5f43e-39f7-4e00-9c94-18a2b72b0413,CO2 Lamp,154,nm,absorbance,374.5493223041777
379.191,156.499545,abb5f43e-39f7-4e00-9c94-18a2b72b0413,CO2 Lamp,155,nm,absorbance,374.76471390359234
379.408,159.509616,abb5f43e-39f7-4e00-9c94-18a2b72b0413,CO2 Lamp,156,nm,absorbance,374.98010550300705
379.625,155.191232,abb5f43e-39f7-4e00-9c94-18a2b72b0413,CO2 Lamp,157,nm,absorbance,375.1954971024217
379.842,158.30575700000003,abb5f43e-39f7-4e00-9c94-18a2b72b0413,CO2 Lamp,158,nm,absorbance,375.41088870183637
380.059,166.141913,abb5f43e-39f7-4e00-9c94-18a2b72b0413,CO2 Lamp,159,nm,absorbance,375.6262803012511
380.276,175.53699799999998,abb5f43e-39f7-4e00-9c94-18a2b72b0413,CO2 Lamp,160,nm,absorbance,375.84167190066574
380.493,175.018476,abb5f43e-39f7-4e00-9c94-18a2b72b0413,CO2 Lamp,161,nm,absorbance,376.0570635000804
380.71,175.65603299999998,abb5f43e-39f7-4e00-9c94-18a2b72b0413,CO2 Lamp,162,nm,absorbance,376.27245509949506
380.927,178.35939100000002,abb5f43e-39f7-4e00-9c94-18a2b72b0413,CO2 Lamp,163,nm,absorbance,376.4878466989098
381.143,189.177356,abb5f43e-39f7-4e00-9c94-18a2b72b0413,CO2 Lamp,164,nm,absorbance,376.70224571030866
381.36,190.109473,abb5f43e-39f7-4e00-9c94-18a2b72b0413,CO2 Lamp,165,nm,absorbance,376.9176373097234
381.577,201.113756,abb5f43e-39f7-4e00-9c94-18a2b72b0413,CO2 Lamp,166,nm,absorbance,377.13302890913803
381.794,196.086903,abb5f43e-39f7-4e00-9c94-18a2b72b0413,CO2 Lamp,167,nm,absorbance,377.3484205085527
382.011,200.676393,abb5f43e-39f7-4e00-9c94-18a2b72b0413,CO2 Lamp,168,nm,absorbance,377.5638121079674
382.228,195.450832,abb5f43e-39f7-4e00-9c94-18a2b72b0413,CO2 Lamp,169,nm,absorbance,377.77920370738207
382.444,198.434057,abb5f43e-39f7-4e00-9c94-18a2b72b0413,CO2 Lamp,170,nm,absorbance,377.993602718781
382.661,201.574752,abb5f43e-39f7-4e00-9c94-18a2b72b0413,CO2 Lamp,171,nm,absorbance,378.2089943181957
382.878,200.341816,abb5f43e-39f7-4e00-9c94-18a2b72b0413,CO2 Lamp,172,nm,absorbance,378.4243859176104
383.095,199.380925,abb5f43e-39f7-4e00-9c94-18a2b72b0413,CO2 Lamp,173,nm,absorbance,378.6397775170251
383.311,194.07566100000005,abb5f43e-39f7-4e00-9c94-18a2b72b0413,CO2 Lamp,174,nm,absorbance,378.854176528424
383.528,189.360301,abb5f43e-39f7-4e00-9c94-18a2b72b0413,CO2 Lamp,175,nm,absorbance,379.0695681278387
383.745,185.619904,abb5f43e-39f7-4e00-9c94-18a2b72b0413,CO2 Lamp,176,nm,absorbance,379.28495972725335
383.962,184.081929,abb5f43e-39f7-4e00-9c94-18a2b72b0413,CO2 Lamp,177,nm,absorbance,379.500351326668
384.178,179.979615,abb5f43e-39f7-4e00-9c94-18a2b72b0413,CO2 Lamp,178,nm,absorbance,379.71475033806695
384.395,175.988718,abb5f43e-39f7-4e00-9c94-18a2b72b0413,CO2 Lamp,179,nm,absorbance,379.9301419374816
384.612,170.688777,abb5f43e-39f7-4e00-9c94-18a2b72b0413,CO2 Lamp,180,nm,absorbance,380.1455335368963
384.828,166.60136900000003,abb5f43e-39f7-4e00-9c94-18a2b72b0413,CO2 Lamp,181,nm,absorbance,380.3599325482952
385.045,163.060349,abb5f43e-39f7-4e00-9c94-18a2b72b0413,CO2 Lamp,182,nm,absorbance,380.5753241477099
385.261,160.020686,abb5f43e-39f7-4e00-9c94-18a2b72b0413,CO2 Lamp,183,nm,absorbance,380.78972315910886
385.478,162.53963199999998,abb5f43e-39f7-4e00-9c94-18a2b72b0413,CO2 Lamp,184,nm,absorbance,381.0051147585235
385.695,160.846694,abb5f43e-39f7-4e00-9c94-18a2b72b0413,CO2 Lamp,185,nm,absorbance,381.2205063579382
385.911,159.133798,abb5f43e-39f7-4e00-9c94-18a2b72b0413,CO2 Lamp,186,nm,absorbance,381.4349053693372
386.128,163.356814,abb5f43e-39f7-4e00-9c94-18a2b72b0413,CO2 Lamp,187,nm,absorbance,381.65029696875183
386.344,166.32295200000002,abb5f43e-39f7-4e00-9c94-18a2b72b0413,CO2 Lamp,188,nm,absorbance,381.86469598015077
386.561,170.469165,abb5f43e-39f7-4e00-9c94-18a2b72b0413,CO2 Lamp,189,nm,absorbance,382.08008757956543
386.777,169.13116100000002,abb5f43e-39f7-4e00-9c94-18a2b72b0413,CO2 Lamp,190,nm,absorbance,382.29448659096437
386.994,174.00965200000005,abb5f43e-39f7-4e00-9c94-18a2b72b0413,CO2 Lamp,191,nm,absorbance,382.5098781903791
387.21,173.562614,abb5f43e-39f7-4e00-9c94-18a2b72b0413,CO2 Lamp,192,nm,absorbance,382.72427720177797
387.427,171.16366100000002,abb5f43e-39f7-4e00-9c94-18a2b72b0413,CO2 Lamp,193,nm,absorbance,382.9396688011927
387.643,166.51834499999998,abb5f43e-39f7-4e00-9c94-18a2b72b0413,CO2 Lamp,194,nm,absorbance,383.15406781259156
387.86,164.337997,abb5f43e-39f7-4e00-9c94-18a2b72b0413,CO2 Lamp,195,nm,absorbance,383.3694594120063
388.076,162.408596,abb5f43e-39f7-4e00-9c94-18a2b72b0413,CO2 Lamp,196,nm,absorbance,383.5838584234053
388.292,150.15084400000003,abb5f43e-39f7-4e00-9c94-18a2b72b0413,CO2 Lamp,197,nm,absorbance,383.79825743480416
388.509,142.394794,abb5f43e-39f7-4e00-9c94-18a2b72b0413,CO2 Lamp,198,nm,absorbance,384.0136490342189
388.725,127.96517199999998,abb5f43e-39f7-4e00-9c94-18a2b72b0413,CO2 Lamp,199,nm,absorbance,384.2280480456178
388.942,123.74178299999998,abb5f43e-39f7-4e00-9c94-18a2b72b0413,CO2 Lamp,200,nm,absorbance,384.44343964503247
389.158,111.600607,abb5f43e-39f7-4e00-9c94-18a2b72b0413,CO2 Lamp,201,nm,absorbance,384.6578386564314
389.374,104.28642599999998,abb5f43e-39f7-4e00-9c94-18a2b72b0413,CO2 Lamp,202,nm,absorbance,384.87223766783035
389.591,98.826701,abb5f43e-39f7-4e00-9c94-18a2b72b0413,CO2 Lamp,203,nm,absorbance,385.087629267245
389.807,98.575067,abb5f43e-39f7-4e00-9c94-18a2b72b0413,CO2 Lamp,204,nm,absorbance,385.30202827864395
390.023,103.948108,abb5f43e-39f7-4e00-9c94-18a2b72b0413,CO2 Lamp,205,nm,absorbance,385.51642729004294
390.239,100.805795,abb5f43e-39f7-4e00-9c94-18a2b72b0413,CO2 Lamp,206,nm,absorbance,385.7308263014418
390.456,94.362216,abb5f43e-39f7-4e00-9c94-18a2b72b0413,CO2 Lamp,207,nm,absorbance,385.94621790085654
390.672,89.548804,abb5f43e-39f7-4e00-9c94-18a2b72b0413,CO2 Lamp,208,nm,absorbance,386.1606169122555
390.888,90.398167,abb5f43e-39f7-4e00-9c94-18a2b72b0413,CO2 Lamp,209,nm,absorbance,386.37501592365436
391.104,96.119902,abb5f43e-39f7-4e00-9c94-18a2b72b0413,CO2 Lamp,210,nm,absorbance,386.5894149350533
391.321,96.129208,abb5f43e-39f7-4e00-9c94-18a2b72b0413,CO2 Lamp,211,nm,absorbance,386.804806534468
391.537,97.451573,abb5f43e-39f7-4e00-9c94-18a2b72b0413,CO2 Lamp,212,nm,absorbance,387.01920554586695
391.753,96.213913,abb5f43e-39f7-4e00-9c94-18a2b72b0413,CO2 Lamp,213,nm,absorbance,387.2336045572659
391.969,94.93703800000002,abb5f43e-39f7-4e00-9c94-18a2b72b0413,CO2 Lamp,214,nm,absorbance,387.44800356866483
392.185,99.253516,abb5f43e-39f7-4e00-9c94-18a2b72b0413,CO2 Lamp,215,nm,absorbance,387.66240258006377
392.401,104.017132,abb5f43e-39f7-4e00-9c94-18a2b72b0413,CO2 Lamp,216,nm,absorbance,387.8768015914627
392.618,111.583265,abb5f43e-39f7-4e00-9c94-18a2b72b0413,CO2 Lamp,217,nm,absorbance,388.09219319087737
392.834,110.525572,abb5f43e-39f7-4e00-9c94-18a2b72b0413,CO2 Lamp,218,nm,absorbance,388.3065922022763
393.05,111.47955000000002,abb5f43e-39f7-4e00-9c94-18a2b72b0413,CO2 Lamp,219,nm,absorbance,388.5209912136753
393.266,106.76834600000002,abb5f43e-39f7-4e00-9c94-18a2b72b0413,CO2 Lamp,220,nm,absorbance,388.73539022507424
393.482,105.23424500000004,abb5f43e-39f7-4e00-9c94-18a2b72b0413,CO2 Lamp,221,nm,absorbance,388.9497892364732
393.698,103.207095,abb5f43e-39f7-4e00-9c94-18a2b72b0413,CO2 Lamp,222,nm,absorbance,389.16418824787206
393.914,108.551542,abb5f43e-39f7-4e00-9c94-18a2b72b0413,CO2 Lamp,223,nm,absorbance,389.378587259271
394.13,117.313636,abb5f43e-39f7-4e00-9c94-18a2b72b0413,CO2 Lamp,224,nm,absorbance,389.59298627066994
394.346,119.448972,abb5f43e-39f7-4e00-9c94-18a2b72b0413,CO2 Lamp,225,nm,absorbance,389.8073852820689
394.562,118.60540999999998,abb5f43e-39f7-4e00-9c94-18a2b72b0413,CO2 Lamp,226,nm,absorbance,390.0217842934679
394.778,112.981305,abb5f43e-39f7-4e00-9c94-18a2b72b0413,CO2 Lamp,227,nm,absorbance,390.2361833048668
394.994,113.69897199999998,abb5f43e-39f7-4e00-9c94-18a2b72b0413,CO2 Lamp,228,nm,absorbance,390.45058231626575
395.21,113.90327599999998,abb5f43e-39f7-4e00-9c94-18a2b72b0413,CO2 Lamp,229,nm,absorbance,390.66498132766463
395.426,114.43458400000002,abb5f43e-39f7-4e00-9c94-18a2b72b0413,CO2 Lamp,230,nm,absorbance,390.8793803390636
395.642,117.961994,abb5f43e-39f7-4e00-9c94-18a2b72b0413,CO2 Lamp,231,nm,absorbance,391.0937793504625
395.858,119.066555,abb5f43e-39f7-4e00-9c94-18a2b72b0413,CO2 Lamp,232,nm,absorbance,391.3081783618615
396.073,123.128464,abb5f43e-39f7-4e00-9c94-18a2b72b0413,CO2 Lamp,233,nm,absorbance,391.52158478524467
396.289,121.09351399999998,abb5f43e-39f7-4e00-9c94-18a2b72b0413,CO2 Lamp,234,nm,absorbance,391.7359837966436
396.505,119.775666,abb5f43e-39f7-4e00-9c94-18a2b72b0413,CO2 Lamp,235,nm,absorbance,391.95038280804255
396.721,120.40431900000002,abb5f43e-39f7-4e00-9c94-18a2b72b0413,CO2 Lamp,236,nm,absorbance,392.1647818194415
396.937,118.344609,abb5f43e-39f7-4e00-9c94-18a2b72b0413,CO2 Lamp,237,nm,absorbance,392.3791808308405
397.153,117.257233,abb5f43e-39f7-4e00-9c94-18a2b72b0413,CO2 Lamp,238,nm,absorbance,392.5935798422394
397.369,117.060589,abb5f43e-39f7-4e00-9c94-18a2b72b0413,CO2 Lamp,239,nm,absorbance,392.80797885363836
397.584,116.030397,abb5f43e-39f7-4e00-9c94-18a2b72b0413,CO2 Lamp,240,nm,absorbance,393.0213852770215
397.8,116.76848,abb5f43e-39f7-4e00-9c94-18a2b72b0413,CO2 Lamp,241,nm,absorbance,393.23578428842046
398.016,114.18614800000005,abb5f43e-39f7-4e00-9c94-18a2b72b0413,CO2 Lamp,242,nm,absorbance,393.45018329981946
398.232,117.762528,abb5f43e-39f7-4e00-9c94-18a2b72b0413,CO2 Lamp,243,nm,absorbance,393.6645823112184
398.447,118.957631,abb5f43e-39f7-4e00-9c94-18a2b72b0413,CO2 Lamp,244,nm,absorbance,393.87798873460156
398.663,115.273482,abb5f43e-39f7-4e00-9c94-18a2b72b0413,CO2 Lamp,245,nm,absorbance,394.0923877460005
398.879,112.798573,abb5f43e-39f7-4e00-9c94-18a2b72b0413,CO2 Lamp,246,nm,absorbance,394.30678675739944
399.094,111.592267,abb5f43e-39f7-4e00-9c94-18a2b72b0413,CO2 Lamp,247,nm,absorbance,394.52019318078266
399.31,112.443568,abb5f43e-39f7-4e00-9c94-18a2b72b0413,CO2 Lamp,248,nm,absorbance,394.7345921921816
399.526,113.53802300000002,abb5f43e-39f7-4e00-9c94-18a2b72b0413,CO2 Lamp,249,nm,absorbance,394.94899120358053
399.741,114.31954999999998,abb5f43e-39f7-4e00-9c94-18a2b72b0413,CO2 Lamp,250,nm,absorbance,395.1623976269637
399.957,117.592322,abb5f43e-39f7-4e00-9c94-18a2b72b0413,CO2 Lamp,251,nm,absorbance,395.37679663836263
400.173,117.68240799999998,abb5f43e-39f7-4e00-9c94-18a2b72b0413,CO2 Lamp,252,nm,absorbance,395.59119564976163
400.388,116.541557,abb5f43e-39f7-4e00-9c94-18a2b72b0413,CO2 Lamp,253,nm,absorbance,395.8046020731448
400.604,111.58017499999998,abb5f43e-39f7-4e00-9c94-18a2b72b0413,CO2 Lamp,254,nm,absorbance,396.01900108454373
400.82,110.756847,abb5f43e-39f7-4e00-9c94-18a2b72b0413,CO2 Lamp,255,nm,absorbance,396.23340009594267
401.035,115.974253,abb5f43e-39f7-4e00-9c94-18a2b72b0413,CO2 Lamp,256,nm,absorbance,396.4468065193259
401.251,117.177085,abb5f43e-39f7-4e00-9c94-18a2b72b0413,CO2 Lamp,257,nm,absorbance,396.6612055307248
401.466,119.98068600000002,abb5f43e-39f7-4e00-9c94-18a2b72b0413,CO2 Lamp,258,nm,absorbance,396.87461195410805
401.682,116.050358,abb5f43e-39f7-4e00-9c94-18a2b72b0413,CO2 Lamp,259,nm,absorbance,397.089010965507
401.897,116.149907,abb5f43e-39f7-4e00-9c94-18a2b72b0413,CO2 Lamp,260,nm,absorbance,397.30241738889015
402.113,111.345932,abb5f43e-39f7-4e00-9c94-18a2b72b0413,CO2 Lamp,261,nm,absorbance,397.51681640028914
402.328,108.85328,abb5f43e-39f7-4e00-9c94-18a2b72b0413,CO2 Lamp,262,nm,absorbance,397.7302228236723
402.544,105.48944000000002,abb5f43e-39f7-4e00-9c94-18a2b72b0413,CO2 Lamp,263,nm,absorbance,397.94462183507125
402.759,104.260349,abb5f43e-39f7-4e00-9c94-18a2b72b0413,CO2 Lamp,264,nm,absorbance,398.15802825845446
402.974,102.23235300000002,abb5f43e-39f7-4e00-9c94-18a2b72b0413,CO2 Lamp,265,nm,absorbance,398.3714346818377
403.19,107.892685,abb5f43e-39f7-4e00-9c94-18a2b72b0413,CO2 Lamp,266,nm,absorbance,398.5858336932366
403.405,106.571586,abb5f43e-39f7-4e00-9c94-18a2b72b0413,CO2 Lamp,267,nm,absorbance,398.7992401166198
403.621,99.971798,abb5f43e-39f7-4e00-9c94-18a2b72b0413,CO2 Lamp,268,nm,absorbance,399.0136391280187
403.836,96.983777,abb5f43e-39f7-4e00-9c94-18a2b72b0413,CO2 Lamp,269,nm,absorbance,399.227045551402
404.051,100.951627,abb5f43e-39f7-4e00-9c94-18a2b72b0413,CO2 Lamp,270,nm,absorbance,399.44045197478516
404.267,110.042262,abb5f43e-39f7-4e00-9c94-18a2b72b0413,CO2 Lamp,271,nm,absorbance,399.6548509861841
404.482,108.10307400000002,abb5f43e-39f7-4e00-9c94-18a2b72b0413,CO2 Lamp,272,nm,absorbance,399.8682574095673
404.697,105.292641,abb5f43e-39f7-4e00-9c94-18a2b72b0413,CO2 Lamp,273,nm,absorbance,400.08166383295054
404.913,103.613036,abb5f43e-39f7-4e00-9c94-18a2b72b0413,CO2 Lamp,274,nm,absorbance,400.2960628443495
405.128,105.783786,abb5f43e-39f7-4e00-9c94-18a2b72b0413,CO2 Lamp,275,nm,absorbance,400.50946926773264
405.343,108.99802300000002,abb5f43e-39f7-4e00-9c94-18a2b72b0413,CO2 Lamp,276,nm,absorbance,400.72287569111586
405.559,112.638686,abb5f43e-39f7-4e00-9c94-18a2b72b0413,CO2 Lamp,277,nm,absorbance,400.9372747025148
405.774,116.90720000000002,abb5f43e-39f7-4e00-9c94-18a2b72b0413,CO2 Lamp,278,nm,absorbance,401.150681125898
405.989,118.735083,abb5f43e-39f7-4e00-9c94-18a2b72b0413,CO2 Lamp,279,nm,absorbance,401.3640875492812
406.204,120.622973,abb5f43e-39f7-4e00-9c94-18a2b72b0413,CO2 Lamp,280,nm,absorbance,401.5774939726644
406.42,121.655911,abb5f43e-39f7-4e00-9c94-18a2b72b0413,CO2 Lamp,281,nm,absorbance,401.7918929840634
406.635,126.880015,abb5f43e-39f7-4e00-9c94-18a2b72b0413,CO2 Lamp,282,nm,absorbance,402.00529940744656
406.85,125.086083,abb5f43e-39f7-4e00-9c94-18a2b72b0413,CO2 Lamp,283,nm,absorbance,402.2187058308298
407.065,119.820293,abb5f43e-39f7-4e00-9c94-18a2b72b0413,CO2 Lamp,284,nm,absorbance,402.43211225421294
407.28,115.07700000000004,abb5f43e-39f7-4e00-9c94-18a2b72b0413,CO2 Lamp,285,nm,absorbance,402.64551867759616
407.495,116.91551,abb5f43e-39f7-4e00-9c94-18a2b72b0413,CO2 Lamp,286,nm,absorbance,402.8589251009794
407.71,117.085272,abb5f43e-39f7-4e00-9c94-18a2b72b0413,CO2 Lamp,287,nm,absorbance,403.07233152436254
407.926,116.270091,abb5f43e-39f7-4e00-9c94-18a2b72b0413,CO2 Lamp,288,nm,absorbance,403.2867305357615
408.141,113.338277,abb5f43e-39f7-4e00-9c94-18a2b72b0413,CO2 Lamp,289,nm,absorbance,403.50013695914475
408.356,114.334593,abb5f43e-39f7-4e00-9c94-18a2b72b0413,CO2 Lamp,290,nm,absorbance,403.7135433825279
408.571,110.1211,abb5f43e-39f7-4e00-9c94-18a2b72b0413,CO2 Lamp,291,nm,absorbance,403.92694980591114
408.786,106.787615,abb5f43e-39f7-4e00-9c94-18a2b72b0413,CO2 Lamp,292,nm,absorbance,404.14035622929435
409.001,106.42835,abb5f43e-39f7-4e00-9c94-18a2b72b0413,CO2 Lamp,293,nm,absorbance,404.3537626526775
409.216,107.745683,abb5f43e-39f7-4e00-9c94-18a2b72b0413,CO2 Lamp,294,nm,absorbance,404.56716907606074
409.431,106.409743,abb5f43e-39f7-4e00-9c94-18a2b72b0413,CO2 Lamp,295,nm,absorbance,404.78057549944396
409.646,108.118663,abb5f43e-39f7-4e00-9c94-18a2b72b0413,CO2 Lamp,296,nm,absorbance,404.9939819228272
409.861,105.195796,abb5f43e-39f7-4e00-9c94-18a2b72b0413,CO2 Lamp,297,nm,absorbance,405.20738834621034
410.076,110.29816099999998,abb5f43e-39f7-4e00-9c94-18a2b72b0413,CO2 Lamp,298,nm,absorbance,405.42079476959356
410.291,108.17422000000002,abb5f43e-39f7-4e00-9c94-18a2b72b0413,CO2 Lamp,299,nm,absorbance,405.6342011929768
410.506,112.85082,abb5f43e-39f7-4e00-9c94-18a2b72b0413,CO2 Lamp,300,nm,absorbance,405.84760761635994
410.721,113.13384600000002,abb5f43e-39f7-4e00-9c94-18a2b72b0413,CO2 Lamp,301,nm,absorbance,406.06101403974316
410.936,116.754539,abb5f43e-39f7-4e00-9c94-18a2b72b0413,CO2 Lamp,302,nm,absorbance,406.2744204631264
411.15,118.852814,abb5f43e-39f7-4e00-9c94-18a2b72b0413,CO2 Lamp,303,nm,absorbance,406.4868342984938
411.365,119.320996,abb5f43e-39f7-4e00-9c94-18a2b72b0413,CO2 Lamp,304,nm,absorbance,406.70024072187704
411.58,123.084517,abb5f43e-39f7-4e00-9c94-18a2b72b0413,CO2 Lamp,305,nm,absorbance,406.91364714526026
411.795,128.33349500000003,abb5f43e-39f7-4e00-9c94-18a2b72b0413,CO2 Lamp,306,nm,absorbance,407.1270535686435
412.01,133.260184,abb5f43e-39f7-4e00-9c94-18a2b72b0413,CO2 Lamp,307,nm,absorbance,407.34045999202664
412.225,137.824038,abb5f43e-39f7-4e00-9c94-18a2b72b0413,CO2 Lamp,308,nm,absorbance,407.5538664154099
412.439,138.56687,abb5f43e-39f7-4e00-9c94-18a2b72b0413,CO2 Lamp,309,nm,absorbance,407.76628025077736
412.654,140.998311,abb5f43e-39f7-4e00-9c94-18a2b72b0413,CO2 Lamp,310,nm,absorbance,407.9796866741605
412.869,139.96666,abb5f43e-39f7-4e00-9c94-18a2b72b0413,CO2 Lamp,311,nm,absorbance,408.1930930975438
413.084,138.62694900000002,abb5f43e-39f7-4e00-9c94-18a2b72b0413,CO2 Lamp,312,nm,absorbance,408.40649952092696
413.299,136.89643900000002,abb5f43e-39f7-4e00-9c94-18a2b72b0413,CO2 Lamp,313,nm,absorbance,408.6199059443101
413.513,132.325175,abb5f43e-39f7-4e00-9c94-18a2b72b0413,CO2 Lamp,314,nm,absorbance,408.8323197796776
413.728,129.15147199999998,abb5f43e-39f7-4e00-9c94-18a2b72b0413,CO2 Lamp,315,nm,absorbance,409.04572620306084
413.943,126.23593199999998,abb5f43e-39f7-4e00-9c94-18a2b72b0413,CO2 Lamp,316,nm,absorbance,409.259132626444
414.157,124.30347899999995,abb5f43e-39f7-4e00-9c94-18a2b72b0413,CO2 Lamp,317,nm,absorbance,409.4715464618115
414.372,122.416509,abb5f43e-39f7-4e00-9c94-18a2b72b0413,CO2 Lamp,318,nm,absorbance,409.6849528851947
414.587,122.061505,abb5f43e-39f7-4e00-9c94-18a2b72b0413,CO2 Lamp,319,nm,absorbance,409.8983593085779
414.801,121.903219,abb5f43e-39f7-4e00-9c94-18a2b72b0413,CO2 Lamp,320,nm,absorbance,410.1107731439454
415.016,120.481728,abb5f43e-39f7-4e00-9c94-18a2b72b0413,CO2 Lamp,321,nm,absorbance,410.3241795673286
415.231,119.751768,abb5f43e-39f7-4e00-9c94-18a2b72b0413,CO2 Lamp,322,nm,absorbance,410.53758599071176
415.445,116.23968699999998,abb5f43e-39f7-4e00-9c94-18a2b72b0413,CO2 Lamp,323,nm,absorbance,410.74999982607926
415.66,116.261398,abb5f43e-39f7-4e00-9c94-18a2b72b0413,CO2 Lamp,324,nm,absorbance,410.9634062494625
415.874,112.540757,abb5f43e-39f7-4e00-9c94-18a2b72b0413,CO2 Lamp,325,nm,absorbance,411.1758200848299
416.089,114.048569,abb5f43e-39f7-4e00-9c94-18a2b72b0413,CO2 Lamp,326,nm,absorbance,411.38922650821314
416.304,115.933101,abb5f43e-39f7-4e00-9c94-18a2b72b0413,CO2 Lamp,327,nm,absorbance,411.6026329315963
416.518,121.878965,abb5f43e-39f7-4e00-9c94-18a2b72b0413,CO2 Lamp,328,nm,absorbance,411.81504676696375
416.733,121.370419,abb5f43e-39f7-4e00-9c94-18a2b72b0413,CO2 Lamp,329,nm,absorbance,412.028453190347
416.947,119.322209,abb5f43e-39f7-4e00-9c94-18a2b72b0413,CO2 Lamp,330,nm,absorbance,412.24086702571446
417.162,112.538951,abb5f43e-39f7-4e00-9c94-18a2b72b0413,CO2 Lamp,331,nm,absorbance,412.4542734490976
417.376,110.61490700000002,abb5f43e-39f7-4e00-9c94-18a2b72b0413,CO2 Lamp,332,nm,absorbance,412.6666872844651
417.59,111.881437,abb5f43e-39f7-4e00-9c94-18a2b72b0413,CO2 Lamp,333,nm,absorbance,412.87910111983257
417.805,112.628968,abb5f43e-39f7-4e00-9c94-18a2b72b0413,CO2 Lamp,334,nm,absorbance,413.09250754321585
418.019,114.250349,abb5f43e-39f7-4e00-9c94-18a2b72b0413,CO2 Lamp,335,nm,absorbance,413.3049213785833
418.234,113.86140600000002,abb5f43e-39f7-4e00-9c94-18a2b72b0413,CO2 Lamp,336,nm,absorbance,413.51832780196645
418.448,116.505307,abb5f43e-39f7-4e00-9c94-18a2b72b0413,CO2 Lamp,337,nm,absorbance,413.73074163733395
418.663,123.593963,abb5f43e-39f7-4e00-9c94-18a2b72b0413,CO2 Lamp,338,nm,absorbance,413.94414806071717
418.877,126.970719,abb5f43e-39f7-4e00-9c94-18a2b72b0413,CO2 Lamp,339,nm,absorbance,414.1565618960846
419.091,122.418935,abb5f43e-39f7-4e00-9c94-18a2b72b0413,CO2 Lamp,340,nm,absorbance,414.3689757314521
419.306,117.854968,abb5f43e-39f7-4e00-9c94-18a2b72b0413,CO2 Lamp,341,nm,absorbance,414.5823821548353
419.52,113.282085,abb5f43e-39f7-4e00-9c94-18a2b72b0413,CO2 Lamp,342,nm,absorbance,414.7947959902028
419.734,120.743622,abb5f43e-39f7-4e00-9c94-18a2b72b0413,CO2 Lamp,343,nm,absorbance,415.0072098255702
419.949,119.282219,abb5f43e-39f7-4e00-9c94-18a2b72b0413,CO2 Lamp,344,nm,absorbance,415.22061624895343
420.163,117.81517,abb5f43e-39f7-4e00-9c94-18a2b72b0413,CO2 Lamp,345,nm,absorbance,415.43303008432093
420.377,110.883436,abb5f43e-39f7-4e00-9c94-18a2b72b0413,CO2 Lamp,346,nm,absorbance,415.6454439196884
420.591,106.033556,abb5f43e-39f7-4e00-9c94-18a2b72b0413,CO2 Lamp,347,nm,absorbance,415.8578577550559
420.806,99.762188,abb5f43e-39f7-4e00-9c94-18a2b72b0413,CO2 Lamp,348,nm,absorbance,416.07126417843904
421.02,99.23906300000002,abb5f43e-39f7-4e00-9c94-18a2b72b0413,CO2 Lamp,349,nm,absorbance,416.2836780138065
421.234,97.07314900000002,abb5f43e-39f7-4e00-9c94-18a2b72b0413,CO2 Lamp,350,nm,absorbance,416.496091849174
421.448,99.982427,abb5f43e-39f7-4e00-9c94-18a2b72b0413,CO2 Lamp,351,nm,absorbance,416.7085056845414
421.663,98.102168,abb5f43e-39f7-4e00-9c94-18a2b72b0413,CO2 Lamp,352,nm,absorbance,416.9219121079247
421.877,99.55160800000002,abb5f43e-39f7-4e00-9c94-18a2b72b0413,CO2 Lamp,353,nm,absorbance,417.13432594329214
422.091,94.39352,abb5f43e-39f7-4e00-9c94-18a2b72b0413,CO2 Lamp,354,nm,absorbance,417.3467397786596
422.305,89.628545,abb5f43e-39f7-4e00-9c94-18a2b72b0413,CO2 Lamp,355,nm,absorbance,417.5591536140271
422.519,86.28609700000001,abb5f43e-39f7-4e00-9c94-18a2b72b0413,CO2 Lamp,356,nm,absorbance,417.7715674493945
422.733,86.46212,abb5f43e-39f7-4e00-9c94-18a2b72b0413,CO2 Lamp,357,nm,absorbance,417.983981284762
422.947,87.14754400000001,abb5f43e-39f7-4e00-9c94-18a2b72b0413,CO2 Lamp,358,nm,absorbance,418.19639512012947
423.161,83.316055,abb5f43e-39f7-4e00-9c94-18a2b72b0413,CO2 Lamp,359,nm,absorbance,418.40880895549697
423.376,88.44198899999999,abb5f43e-39f7-4e00-9c94-18a2b72b0413,CO2 Lamp,360,nm,absorbance,418.6222153788801
423.59,90.092316,abb5f43e-39f7-4e00-9c94-18a2b72b0413,CO2 Lamp,361,nm,absorbance,418.83462921424757
423.804,88.56498300000001,abb5f43e-39f7-4e00-9c94-18a2b72b0413,CO2 Lamp,362,nm,absorbance,419.04704304961507
424.018,83.834455,abb5f43e-39f7-4e00-9c94-18a2b72b0413,CO2 Lamp,363,nm,absorbance,419.2594568849825
424.232,85.775915,abb5f43e-39f7-4e00-9c94-18a2b72b0413,CO2 Lamp,364,nm,absorbance,419.47187072035007
424.446,91.475734,abb5f43e-39f7-4e00-9c94-18a2b72b0413,CO2 Lamp,365,nm,absorbance,419.6842845557175
424.66,94.034261,abb5f43e-39f7-4e00-9c94-18a2b72b0413,CO2 Lamp,366,nm,absorbance,419.89669839108495
424.874,92.183375,abb5f43e-39f7-4e00-9c94-18a2b72b0413,CO2 Lamp,367,nm,absorbance,420.10911222645245
425.088,88.32519899999998,abb5f43e-39f7-4e00-9c94-18a2b72b0413,CO2 Lamp,368,nm,absorbance,420.3215260618199
425.302,91.70098,abb5f43e-39f7-4e00-9c94-18a2b72b0413,CO2 Lamp,369,nm,absorbance,420.5339398971874
425.515,92.006581,abb5f43e-39f7-4e00-9c94-18a2b72b0413,CO2 Lamp,370,nm,absorbance,420.74536114453906
425.729,99.117503,abb5f43e-39f7-4e00-9c94-18a2b72b0413,CO2 Lamp,371,nm,absorbance,420.95777497990656
425.943,98.173766,abb5f43e-39f7-4e00-9c94-18a2b72b0413,CO2 Lamp,372,nm,absorbance,421.170188815274
426.157,97.48005599999998,abb5f43e-39f7-4e00-9c94-18a2b72b0413,CO2 Lamp,373,nm,absorbance,421.3826026506415
426.371,98.811248,abb5f43e-39f7-4e00-9c94-18a2b72b0413,CO2 Lamp,374,nm,absorbance,421.59501648600894
426.585,97.276435,abb5f43e-39f7-4e00-9c94-18a2b72b0413,CO2 Lamp,375,nm,absorbance,421.8074303213764
426.799,102.46078500000002,abb5f43e-39f7-4e00-9c94-18a2b72b0413,CO2 Lamp,376,nm,absorbance,422.0198441567439
427.013,103.86639599999998,abb5f43e-39f7-4e00-9c94-18a2b72b0413,CO2 Lamp,377,nm,absorbance,422.23225799211133
427.226,105.674996,abb5f43e-39f7-4e00-9c94-18a2b72b0413,CO2 Lamp,378,nm,absorbance,422.4436792394631
427.44,104.944099,abb5f43e-39f7-4e00-9c94-18a2b72b0413,CO2 Lamp,379,nm,absorbance,422.65609307483055
427.654,100.575715,abb5f43e-39f7-4e00-9c94-18a2b72b0413,CO2 Lamp,380,nm,absorbance,422.86850691019805
427.868,98.881184,abb5f43e-39f7-4e00-9c94-18a2b72b0413,CO2 Lamp,381,nm,absorbance,423.0809207455655
428.081,93.881805,abb5f43e-39f7-4e00-9c94-18a2b72b0413,CO2 Lamp,382,nm,absorbance,423.2923419929173
428.295,95.724285,abb5f43e-39f7-4e00-9c94-18a2b72b0413,CO2 Lamp,383,nm,absorbance,423.5047558282847
428.509,96.249293,abb5f43e-39f7-4e00-9c94-18a2b72b0413,CO2 Lamp,384,nm,absorbance,423.7171696636522
428.723,94.457142,abb5f43e-39f7-4e00-9c94-18a2b72b0413,CO2 Lamp,385,nm,absorbance,423.92958349901966
428.936,91.356652,abb5f43e-39f7-4e00-9c94-18a2b72b0413,CO2 Lamp,386,nm,absorbance,424.1410047463714
429.15,86.85854,abb5f43e-39f7-4e00-9c94-18a2b72b0413,CO2 Lamp,387,nm,absorbance,424.3534185817388
429.364,85.980766,abb5f43e-39f7-4e00-9c94-18a2b72b0413,CO2 Lamp,388,nm,absorbance,424.56583241710626
429.577,85.958135,abb5f43e-39f7-4e00-9c94-18a2b72b0413,CO2 Lamp,389,nm,absorbance,424.77725366445804
429.791,87.71446699999998,abb5f43e-39f7-4e00-9c94-18a2b72b0413,CO2 Lamp,390,nm,absorbance,424.9896674998255
430.005,89.82104899999999,abb5f43e-39f7-4e00-9c94-18a2b72b0413,CO2 Lamp,391,nm,absorbance,425.202081335193
430.218,89.27598599999999,abb5f43e-39f7-4e00-9c94-18a2b72b0413,CO2 Lamp,392,nm,absorbance,425.4135025825447
430.432,87.92108400000001,abb5f43e-39f7-4e00-9c94-18a2b72b0413,CO2 Lamp,393,nm,absorbance,425.6259164179122
430.645,81.939047,abb5f43e-39f7-4e00-9c94-18a2b72b0413,CO2 Lamp,394,nm,absorbance,425.8373376652639
430.859,80.374742,abb5f43e-39f7-4e00-9c94-18a2b72b0413,CO2 Lamp,395,nm,absorbance,426.0497515006314
431.073,78.457359,abb5f43e-39f7-4e00-9c94-18a2b72b0413,CO2 Lamp,396,nm,absorbance,426.2621653359988
431.286,87.555202,abb5f43e-39f7-4e00-9c94-18a2b72b0413,CO2 Lamp,397,nm,absorbance,426.4735865833506
431.5,91.037087,abb5f43e-39f7-4e00-9c94-18a2b72b0413,CO2 Lamp,398,nm,absorbance,426.68600041871804
431.713,93.159978,abb5f43e-39f7-4e00-9c94-18a2b72b0413,CO2 Lamp,399,nm,absorbance,426.8974216660698
431.927,90.325422,abb5f43e-39f7-4e00-9c94-18a2b72b0413,CO2 Lamp,400,nm,absorbance,427.10983550143726
432.14,88.048686,abb5f43e-39f7-4e00-9c94-18a2b72b0413,CO2 Lamp,401,nm,absorbance,427.321256748789
432.354,87.197514,abb5f43e-39f7-4e00-9c94-18a2b72b0413,CO2 Lamp,402,nm,absorbance,427.5336705841564
432.567,87.151312,abb5f43e-39f7-4e00-9c94-18a2b72b0413,CO2 Lamp,403,nm,absorbance,427.7450918315082
432.781,84.25416700000001,abb5f43e-39f7-4e00-9c94-18a2b72b0413,CO2 Lamp,404,nm,absorbance,427.95750566687565
432.994,84.329083,abb5f43e-39f7-4e00-9c94-18a2b72b0413,CO2 Lamp,405,nm,absorbance,428.1689269142274
433.207,88.02654100000001,abb5f43e-39f7-4e00-9c94-18a2b72b0413,CO2 Lamp,406,nm,absorbance,428.3803481615791
433.421,90.349546,abb5f43e-39f7-4e00-9c94-18a2b72b0413,CO2 Lamp,407,nm,absorbance,428.5927619969466
433.634,91.892237,abb5f43e-39f7-4e00-9c94-18a2b72b0413,CO2 Lamp,408,nm,absorbance,428.8041832442983
433.848,88.13375699999999,abb5f43e-39f7-4e00-9c94-18a2b72b0413,CO2 Lamp,409,nm,absorbance,429.0165970796658
434.061,85.680075,abb5f43e-39f7-4e00-9c94-18a2b72b0413,CO2 Lamp,410,nm,absorbance,429.2280183270175
434.274,83.862572,abb5f43e-39f7-4e00-9c94-18a2b72b0413,CO2 Lamp,411,nm,absorbance,429.43943957436926
434.488,82.707516,abb5f43e-39f7-4e00-9c94-18a2b72b0413,CO2 Lamp,412,nm,absorbance,429.6518534097367
434.701,85.571989,abb5f43e-39f7-4e00-9c94-18a2b72b0413,CO2 Lamp,413,nm,absorbance,429.8632746570885
434.914,86.34063899999998,abb5f43e-39f7-4e00-9c94-18a2b72b0413,CO2 Lamp,414,nm,absorbance,430.07469590444015
435.127,87.68031799999999,abb5f43e-39f7-4e00-9c94-18a2b72b0413,CO2 Lamp,415,nm,absorbance,430.2861171517919
435.341,83.70892700000002,abb5f43e-39f7-4e00-9c94-18a2b72b0413,CO2 Lamp,416,nm,absorbance,430.49853098715937
435.554,82.85946,abb5f43e-39f7-4e00-9c94-18a2b72b0413,CO2 Lamp,417,nm,absorbance,430.7099522345111
435.767,84.004329,abb5f43e-39f7-4e00-9c94-18a2b72b0413,CO2 Lamp,418,nm,absorbance,430.9213734818629
435.98,86.15536600000003,abb5f43e-39f7-4e00-9c94-18a2b72b0413,CO2 Lamp,419,nm,absorbance,431.1327947292146
436.194,87.38765099999999,abb5f43e-39f7-4e00-9c94-18a2b72b0413,CO2 Lamp,420,nm,absorbance,431.3452085645821
436.407,89.279287,abb5f43e-39f7-4e00-9c94-18a2b72b0413,CO2 Lamp,421,nm,absorbance,431.55662981193376
436.62,92.264544,abb5f43e-39f7-4e00-9c94-18a2b72b0413,CO2 Lamp,422,nm,absorbance,431.76805105928554
436.833,94.18090599999998,abb5f43e-39f7-4e00-9c94-18a2b72b0413,CO2 Lamp,423,nm,absorbance,431.97947230663726
437.046,93.84291199999998,abb5f43e-39f7-4e00-9c94-18a2b72b0413,CO2 Lamp,424,nm,absorbance,432.190893553989
437.259,89.32821700000001,abb5f43e-39f7-4e00-9c94-18a2b72b0413,CO2 Lamp,425,nm,absorbance,432.4023148013407
437.473,92.014288,abb5f43e-39f7-4e00-9c94-18a2b72b0413,CO2 Lamp,426,nm,absorbance,432.6147286367082
437.686,90.828901,abb5f43e-39f7-4e00-9c94-18a2b72b0413,CO2 Lamp,427,nm,absorbance,432.8261498840599
437.899,96.254564,abb5f43e-39f7-4e00-9c94-18a2b72b0413,CO2 Lamp,428,nm,absorbance,433.03757113141165
438.112,95.22168200000002,abb5f43e-39f7-4e00-9c94-18a2b72b0413,CO2 Lamp,429,nm,absorbance,433.2489923787634
438.325,94.327974,abb5f43e-39f7-4e00-9c94-18a2b72b0413,CO2 Lamp,430,nm,absorbance,433.4604136261151
438.538,100.480247,abb5f43e-39f7-4e00-9c94-18a2b72b0413,CO2 Lamp,431,nm,absorbance,433.6718348734669
438.751,108.576952,abb5f43e-39f7-4e00-9c94-18a2b72b0413,CO2 Lamp,432,nm,absorbance,433.88325612081854
438.964,116.450214,abb5f43e-39f7-4e00-9c94-18a2b72b0413,CO2 Lamp,433,nm,absorbance,434.0946773681703
439.177,113.313815,abb5f43e-39f7-4e00-9c94-18a2b72b0413,CO2 Lamp,434,nm,absorbance,434.30609861552205
439.39,114.674176,abb5f43e-39f7-4e00-9c94-18a2b72b0413,CO2 Lamp,435,nm,absorbance,434.51751986287377
439.603,116.6866,abb5f43e-39f7-4e00-9c94-18a2b72b0413,CO2 Lamp,436,nm,absorbance,434.7289411102255
439.816,121.814133,abb5f43e-39f7-4e00-9c94-18a2b72b0413,CO2 Lamp,437,nm,absorbance,434.9403623575772
440.029,122.76530599999998,abb5f43e-39f7-4e00-9c94-18a2b72b0413,CO2 Lamp,438,nm,absorbance,435.151783604929
440.242,125.74536399999997,abb5f43e-39f7-4e00-9c94-18a2b72b0413,CO2 Lamp,439,nm,absorbance,435.3632048522807
440.455,131.230301,abb5f43e-39f7-4e00-9c94-18a2b72b0413,CO2 Lamp,440,nm,absorbance,435.57462609963244
440.668,130.862319,abb5f43e-39f7-4e00-9c94-18a2b72b0413,CO2 Lamp,441,nm,absorbance,435.78604734698416
440.881,129.540174,abb5f43e-39f7-4e00-9c94-18a2b72b0413,CO2 Lamp,442,nm,absorbance,435.9974685943359
441.094,130.66920799999997,abb5f43e-39f7-4e00-9c94-18a2b72b0413,CO2 Lamp,443,nm,absorbance,436.2088898416876
441.306,138.136057,abb5f43e-39f7-4e00-9c94-18a2b72b0413,CO2 Lamp,444,nm,absorbance,436.4193185010236
441.519,147.60296,abb5f43e-39f7-4e00-9c94-18a2b72b0413,CO2 Lamp,445,nm,absorbance,436.6307397483754
441.732,146.574937,abb5f43e-39f7-4e00-9c94-18a2b72b0413,CO2 Lamp,446,nm,absorbance,436.8421609957271
441.945,144.055926,abb5f43e-39f7-4e00-9c94-18a2b72b0413,CO2 Lamp,447,nm,absorbance,437.05358224307884
442.158,135.977133,abb5f43e-39f7-4e00-9c94-18a2b72b0413,CO2 Lamp,448,nm,absorbance,437.26500349043056
442.37,140.33756000000002,abb5f43e-39f7-4e00-9c94-18a2b72b0413,CO2 Lamp,449,nm,absorbance,437.47543214976656
442.583,146.12433299999998,abb5f43e-39f7-4e00-9c94-18a2b72b0413,CO2 Lamp,450,nm,absorbance,437.68685339711834
442.796,149.373483,abb5f43e-39f7-4e00-9c94-18a2b72b0413,CO2 Lamp,451,nm,absorbance,437.89827464447
443.009,144.046523,abb5f43e-39f7-4e00-9c94-18a2b72b0413,CO2 Lamp,452,nm,absorbance,438.1096958918218
443.222,134.814426,abb5f43e-39f7-4e00-9c94-18a2b72b0413,CO2 Lamp,453,nm,absorbance,438.32111713917345
443.434,136.008275,abb5f43e-39f7-4e00-9c94-18a2b72b0413,CO2 Lamp,454,nm,absorbance,438.5315457985095
443.647,135.49192,abb5f43e-39f7-4e00-9c94-18a2b72b0413,CO2 Lamp,455,nm,absorbance,438.74296704586123
443.86,140.119067,abb5f43e-39f7-4e00-9c94-18a2b72b0413,CO2 Lamp,456,nm,absorbance,438.95438829321296
444.072,138.340409,abb5f43e-39f7-4e00-9c94-18a2b72b0413,CO2 Lamp,457,nm,absorbance,439.16481695254896
444.285,136.47766900000002,abb5f43e-39f7-4e00-9c94-18a2b72b0413,CO2 Lamp,458,nm,absorbance,439.3762381999007
444.498,133.093568,abb5f43e-39f7-4e00-9c94-18a2b72b0413,CO2 Lamp,459,nm,absorbance,439.5876594472524
444.71,132.755748,abb5f43e-39f7-4e00-9c94-18a2b72b0413,CO2 Lamp,460,nm,absorbance,439.7980881065884
444.923,131.822157,abb5f43e-39f7-4e00-9c94-18a2b72b0413,CO2 Lamp,461,nm,absorbance,440.00950935394013
445.136,124.39511,abb5f43e-39f7-4e00-9c94-18a2b72b0413,CO2 Lamp,462,nm,absorbance,440.2209306012919
445.348,124.565455,abb5f43e-39f7-4e00-9c94-18a2b72b0413,CO2 Lamp,463,nm,absorbance,440.43135926062786
445.561,126.29949,abb5f43e-39f7-4e00-9c94-18a2b72b0413,CO2 Lamp,464,nm,absorbance,440.6427805079796
445.773,129.110198,abb5f43e-39f7-4e00-9c94-18a2b72b0413,CO2 Lamp,465,nm,absorbance,440.85320916731564
445.986,127.33095299999998,abb5f43e-39f7-4e00-9c94-18a2b72b0413,CO2 Lamp,466,nm,absorbance,441.0646304146673
446.198,127.96288700000002,abb5f43e-39f7-4e00-9c94-18a2b72b0413,CO2 Lamp,467,nm,absorbance,441.2750590740033
446.411,130.068853,abb5f43e-39f7-4e00-9c94-18a2b72b0413,CO2 Lamp,468,nm,absorbance,441.4864803213551
446.623,125.450458,abb5f43e-39f7-4e00-9c94-18a2b72b0413,CO2 Lamp,469,nm,absorbance,441.69690898069103
446.836,124.158642,abb5f43e-39f7-4e00-9c94-18a2b72b0413,CO2 Lamp,470,nm,absorbance,441.9083302280428
447.048,118.25139200000004,abb5f43e-39f7-4e00-9c94-18a2b72b0413,CO2 Lamp,471,nm,absorbance,442.11875888737876
447.261,115.103037,abb5f43e-39f7-4e00-9c94-18a2b72b0413,CO2 Lamp,472,nm,absorbance,442.33018013473054
447.473,107.77653,abb5f43e-39f7-4e00-9c94-18a2b72b0413,CO2 Lamp,473,nm,absorbance,442.54060879406654
447.686,109.268605,abb5f43e-39f7-4e00-9c94-18a2b72b0413,CO2 Lamp,474,nm,absorbance,442.7520300414182
447.898,109.787234,abb5f43e-39f7-4e00-9c94-18a2b72b0413,CO2 Lamp,475,nm,absorbance,442.96245870075427
448.11,108.76089100000002,abb5f43e-39f7-4e00-9c94-18a2b72b0413,CO2 Lamp,476,nm,absorbance,443.1728873600903
448.323,106.723861,abb5f43e-39f7-4e00-9c94-18a2b72b0413,CO2 Lamp,477,nm,absorbance,443.38430860744194
448.535,99.995591,abb5f43e-39f7-4e00-9c94-18a2b72b0413,CO2 Lamp,478,nm,absorbance,443.594737266778
448.748,99.883103,abb5f43e-39f7-4e00-9c94-18a2b72b0413,CO2 Lamp,479,nm,absorbance,443.8061585141297
448.96,96.41062200000002,abb5f43e-39f7-4e00-9c94-18a2b72b0413,CO2 Lamp,480,nm,absorbance,444.01658717346567
449.172,98.398695,abb5f43e-39f7-4e00-9c94-18a2b72b0413,CO2 Lamp,481,nm,absorbance,444.2270158328017
449.385,101.295691,abb5f43e-39f7-4e00-9c94-18a2b72b0413,CO2 Lamp,482,nm,absorbance,444.4384370801534
449.597,101.06999599999996,abb5f43e-39f7-4e00-9c94-18a2b72b0413,CO2 Lamp,483,nm,absorbance,444.6488657394894
449.809,103.494869,abb5f43e-39f7-4e00-9c94-18a2b72b0413,CO2 Lamp,484,nm,absorbance,444.85929439882545
450.021,105.327934,abb5f43e-39f7-4e00-9c94-18a2b72b0413,CO2 Lamp,485,nm,absorbance,445.06972305816146
450.234,109.33755899999998,abb5f43e-39f7-4e00-9c94-18a2b72b0413,CO2 Lamp,486,nm,absorbance,445.2811443055131
450.446,110.345522,abb5f43e-39f7-4e00-9c94-18a2b72b0413,CO2 Lamp,487,nm,absorbance,445.4915729648492
450.658,111.331342,abb5f43e-39f7-4e00-9c94-18a2b72b0413,CO2 Lamp,488,nm,absorbance,445.7020016241852
450.87,114.431952,abb5f43e-39f7-4e00-9c94-18a2b72b0413,CO2 Lamp,489,nm,absorbance,445.91243028352113
451.083,118.674681,abb5f43e-39f7-4e00-9c94-18a2b72b0413,CO2 Lamp,490,nm,absorbance,446.1238515308729
451.295,121.29571399999998,abb5f43e-39f7-4e00-9c94-18a2b72b0413,CO2 Lamp,491,nm,absorbance,446.33428019020886
451.507,121.572405,abb5f43e-39f7-4e00-9c94-18a2b72b0413,CO2 Lamp,492,nm,absorbance,446.54470884954486
451.719,126.619112,abb5f43e-39f7-4e00-9c94-18a2b72b0413,CO2 Lamp,493,nm,absorbance,446.75513750888086
451.931,127.56093,abb5f43e-39f7-4e00-9c94-18a2b72b0413,CO2 Lamp,494,nm,absorbance,446.96556616821687
452.143,136.786998,abb5f43e-39f7-4e00-9c94-18a2b72b0413,CO2 Lamp,495,nm,absorbance,447.1759948275528
452.356,136.142283,abb5f43e-39f7-4e00-9c94-18a2b72b0413,CO2 Lamp,496,nm,absorbance,447.3874160749046
452.568,144.332368,abb5f43e-39f7-4e00-9c94-18a2b72b0413,CO2 Lamp,497,nm,absorbance,447.5978447342406
452.78,145.30610400000003,abb5f43e-39f7-4e00-9c94-18a2b72b0413,CO2 Lamp,498,nm,absorbance,447.80827339357654
452.992,153.989622,abb5f43e-39f7-4e00-9c94-18a2b72b0413,CO2 Lamp,499,nm,absorbance,448.0187020529126
453.204,148.079291,abb5f43e-39f7-4e00-9c94-18a2b72b0413,CO2 Lamp,500,nm,absorbance,448.2291307122486
453.416,145.99945499999995,abb5f43e-39f7-4e00-9c94-18a2b72b0413,CO2 Lamp,501,nm,absorbance,448.43955937158455
453.628,144.751057,abb5f43e-39f7-4e00-9c94-18a2b72b0413,CO2 Lamp,502,nm,absorbance,448.64998803092055
453.84,151.26099800000003,abb5f43e-39f7-4e00-9c94-18a2b72b0413,CO2 Lamp,503,nm,absorbance,448.86041669025656
454.052,157.863538,abb5f43e-39f7-4e00-9c94-18a2b72b0413,CO2 Lamp,504,nm,absorbance,449.07084534959256
454.264,160.70399,abb5f43e-39f7-4e00-9c94-18a2b72b0413,CO2 Lamp,505,nm,absorbance,449.28127400892856
454.476,165.13791400000002,abb5f43e-39f7-4e00-9c94-18a2b72b0413,CO2 Lamp,506,nm,absorbance,449.49170266826457
454.688,166.455868,abb5f43e-39f7-4e00-9c94-18a2b72b0413,CO2 Lamp,507,nm,absorbance,449.7021313276005
454.9,166.42008,abb5f43e-39f7-4e00-9c94-18a2b72b0413,CO2 Lamp,508,nm,absorbance,449.9125599869365
455.112,157.674975,abb5f43e-39f7-4e00-9c94-18a2b72b0413,CO2 Lamp,509,nm,absorbance,450.1229886462726
455.324,157.778766,abb5f43e-39f7-4e00-9c94-18a2b72b0413,CO2 Lamp,510,nm,absorbance,450.3334173056086
455.536,160.232245,abb5f43e-39f7-4e00-9c94-18a2b72b0413,CO2 Lamp,511,nm,absorbance,450.5438459649445
455.747,168.271018,abb5f43e-39f7-4e00-9c94-18a2b72b0413,CO2 Lamp,512,nm,absorbance,450.7532820362648
455.959,170.21668300000005,abb5f43e-39f7-4e00-9c94-18a2b72b0413,CO2 Lamp,513,nm,absorbance,450.9637106956008
456.171,168.028343,abb5f43e-39f7-4e00-9c94-18a2b72b0413,CO2 Lamp,514,nm,absorbance,451.17413935493676
456.383,164.262236,abb5f43e-39f7-4e00-9c94-18a2b72b0413,CO2 Lamp,515,nm,absorbance,451.38456801427276
456.595,161.32826699999998,abb5f43e-39f7-4e00-9c94-18a2b72b0413,CO2 Lamp,516,nm,absorbance,451.5949966736088
456.807,160.94754400000002,abb5f43e-39f7-4e00-9c94-18a2b72b0413,CO2 Lamp,517,nm,absorbance,451.8054253329448
457.018,163.55981000000003,abb5f43e-39f7-4e00-9c94-18a2b72b0413,CO2 Lamp,518,nm,absorbance,452.014861404265
457.23,158.680205,abb5f43e-39f7-4e00-9c94-18a2b72b0413,CO2 Lamp,519,nm,absorbance,452.22529006360105
457.442,159.55490200000003,abb5f43e-39f7-4e00-9c94-18a2b72b0413,CO2 Lamp,520,nm,absorbance,452.43571872293705
457.654,158.26782199999997,abb5f43e-39f7-4e00-9c94-18a2b72b0413,CO2 Lamp,521,nm,absorbance,452.64614738227306
457.865,155.51489700000002,abb5f43e-39f7-4e00-9c94-18a2b72b0413,CO2 Lamp,522,nm,absorbance,452.8555834535933
458.077,150.493358,abb5f43e-39f7-4e00-9c94-18a2b72b0413,CO2 Lamp,523,nm,absorbance,453.0660121129293
458.289,146.83108900000002,abb5f43e-39f7-4e00-9c94-18a2b72b0413,CO2 Lamp,524,nm,absorbance,453.2764407722653
458.501,154.09719800000002,abb5f43e-39f7-4e00-9c94-18a2b72b0413,CO2 Lamp,525,nm,absorbance,453.48686943160124
458.712,159.85874900000002,abb5f43e-39f7-4e00-9c94-18a2b72b0413,CO2 Lamp,526,nm,absorbance,453.6963055029215
458.924,159.553893,abb5f43e-39f7-4e00-9c94-18a2b72b0413,CO2 Lamp,527,nm,absorbance,453.9067341622575
459.136,149.57607399999998,abb5f43e-39f7-4e00-9c94-18a2b72b0413,CO2 Lamp,528,nm,absorbance,454.1171628215936
459.347,137.074866,abb5f43e-39f7-4e00-9c94-18a2b72b0413,CO2 Lamp,529,nm,absorbance,454.32659889291375
459.559,133.75888700000002,abb5f43e-39f7-4e00-9c94-18a2b72b0413,CO2 Lamp,530,nm,absorbance,454.5370275522498
459.77,131.354908,abb5f43e-39f7-4e00-9c94-18a2b72b0413,CO2 Lamp,531,nm,absorbance,454.74646362357004
459.982,130.351358,abb5f43e-39f7-4e00-9c94-18a2b72b0413,CO2 Lamp,532,nm,absorbance,454.9568922829061
460.194,122.65893099999998,abb5f43e-39f7-4e00-9c94-18a2b72b0413,CO2 Lamp,533,nm,absorbance,455.16732094224204
460.405,121.900364,abb5f43e-39f7-4e00-9c94-18a2b72b0413,CO2 Lamp,534,nm,absorbance,455.37675701356227
460.617,120.064532,abb5f43e-39f7-4e00-9c94-18a2b72b0413,CO2 Lamp,535,nm,absorbance,455.58718567289833
460.828,122.014897,abb5f43e-39f7-4e00-9c94-18a2b72b0413,CO2 Lamp,536,nm,absorbance,455.79662174421856
461.04,116.325783,abb5f43e-39f7-4e00-9c94-18a2b72b0413,CO2 Lamp,537,nm,absorbance,456.00705040355456
461.251,118.088726,abb5f43e-39f7-4e00-9c94-18a2b72b0413,CO2 Lamp,538,nm,absorbance,456.2164864748748
461.463,115.033697,abb5f43e-39f7-4e00-9c94-18a2b72b0413,CO2 Lamp,539,nm,absorbance,456.42691513421084
461.674,112.672845,abb5f43e-39f7-4e00-9c94-18a2b72b0413,CO2 Lamp,540,nm,absorbance,456.63635120553107
461.886,101.615423,abb5f43e-39f7-4e00-9c94-18a2b72b0413,CO2 Lamp,541,nm,absorbance,456.84677986486713
462.097,97.92693599999998,abb5f43e-39f7-4e00-9c94-18a2b72b0413,CO2 Lamp,542,nm,absorbance,457.0562159361873
462.309,99.85331,abb5f43e-39f7-4e00-9c94-18a2b72b0413,CO2 Lamp,543,nm,absorbance,457.26664459552336
462.52,106.044057,abb5f43e-39f7-4e00-9c94-18a2b72b0413,CO2 Lamp,544,nm,absorbance,457.4760806668436
462.731,106.854259,abb5f43e-39f7-4e00-9c94-18a2b72b0413,CO2 Lamp,545,nm,absorbance,457.68551673816387
462.943,105.950732,abb5f43e-39f7-4e00-9c94-18a2b72b0413,CO2 Lamp,546,nm,absorbance,457.8959453974998
463.154,101.043743,abb5f43e-39f7-4e00-9c94-18a2b72b0413,CO2 Lamp,547,nm,absorbance,458.1053814688201
463.366,102.998757,abb5f43e-39f7-4e00-9c94-18a2b72b0413,CO2 Lamp,548,nm,absorbance,458.3158101281561
463.577,100.52807699999998,abb5f43e-39f7-4e00-9c94-18a2b72b0413,CO2 Lamp,549,nm,absorbance,458.5252461994764
463.788,106.149224,abb5f43e-39f7-4e00-9c94-18a2b72b0413,CO2 Lamp,550,nm,absorbance,458.73468227079667
464.0,101.284723,abb5f43e-39f7-4e00-9c94-18a2b72b0413,CO2 Lamp,551,nm,absorbance,458.9451109301326
464.211,104.943066,abb5f43e-39f7-4e00-9c94-18a2b72b0413,CO2 Lamp,552,nm,absorbance,459.1545470014529
464.422,102.800051,abb5f43e-39f7-4e00-9c94-18a2b72b0413,CO2 Lamp,553,nm,absorbance,459.3639830727732
464.634,106.127691,abb5f43e-39f7-4e00-9c94-18a2b72b0413,CO2 Lamp,554,nm,absorbance,459.5744117321092
464.845,103.498942,abb5f43e-39f7-4e00-9c94-18a2b72b0413,CO2 Lamp,555,nm,absorbance,459.7838478034294
465.056,105.432846,abb5f43e-39f7-4e00-9c94-18a2b72b0413,CO2 Lamp,556,nm,absorbance,459.99328387474964
465.267,102.87322199999998,abb5f43e-39f7-4e00-9c94-18a2b72b0413,CO2 Lamp,557,nm,absorbance,460.2027199460699
465.478,104.73527900000002,abb5f43e-39f7-4e00-9c94-18a2b72b0413,CO2 Lamp,558,nm,absorbance,460.4121560173902
465.69,99.33148400000002,abb5f43e-39f7-4e00-9c94-18a2b72b0413,CO2 Lamp,559,nm,absorbance,460.6225846767262
465.901,100.228229,abb5f43e-39f7-4e00-9c94-18a2b72b0413,CO2 Lamp,560,nm,absorbance,460.83202074804643
466.112,99.84559,abb5f43e-39f7-4e00-9c94-18a2b72b0413,CO2 Lamp,561,nm,absorbance,461.0414568193667
466.323,100.91843,abb5f43e-39f7-4e00-9c94-18a2b72b0413,CO2 Lamp,562,nm,absorbance,461.25089289068694
466.534,102.629109,abb5f43e-39f7-4e00-9c94-18a2b72b0413,CO2 Lamp,563,nm,absorbance,461.4603289620072
466.745,102.12382,abb5f43e-39f7-4e00-9c94-18a2b72b0413,CO2 Lamp,564,nm,absorbance,461.6697650333275
466.957,100.360949,abb5f43e-39f7-4e00-9c94-18a2b72b0413,CO2 Lamp,565,nm,absorbance,461.8801936926635
467.168,98.523308,abb5f43e-39f7-4e00-9c94-18a2b72b0413,CO2 Lamp,566,nm,absorbance,462.08962976398374
467.379,101.253322,abb5f43e-39f7-4e00-9c94-18a2b72b0413,CO2 Lamp,567,nm,absorbance,462.299065835304
467.59,103.447252,abb5f43e-39f7-4e00-9c94-18a2b72b0413,CO2 Lamp,568,nm,absorbance,462.50850190662425
467.801,105.044771,abb5f43e-39f7-4e00-9c94-18a2b72b0413,CO2 Lamp,569,nm,absorbance,462.71793797794453
468.012,101.48279,abb5f43e-39f7-4e00-9c94-18a2b72b0413,CO2 Lamp,570,nm,absorbance,462.9273740492648
468.223,100.801215,abb5f43e-39f7-4e00-9c94-18a2b72b0413,CO2 Lamp,571,nm,absorbance,463.13681012058504
468.434,98.56216700000002,abb5f43e-39f7-4e00-9c94-18a2b72b0413,CO2 Lamp,572,nm,absorbance,463.3462461919053
468.645,100.915287,abb5f43e-39f7-4e00-9c94-18a2b72b0413,CO2 Lamp,573,nm,absorbance,463.55568226322555
468.856,103.233663,abb5f43e-39f7-4e00-9c94-18a2b72b0413,CO2 Lamp,574,nm,absorbance,463.76511833454583
469.067,104.852783,abb5f43e-39f7-4e00-9c94-18a2b72b0413,CO2 Lamp,575,nm,absorbance,463.9745544058661
469.278,105.40216999999998,abb5f43e-39f7-4e00-9c94-18a2b72b0413,CO2 Lamp,576,nm,absorbance,464.1839904771864
469.489,104.90394899999998,abb5f43e-39f7-4e00-9c94-18a2b72b0413,CO2 Lamp,577,nm,absorbance,464.39342654850657
469.7,103.919906,abb5f43e-39f7-4e00-9c94-18a2b72b0413,CO2 Lamp,578,nm,absorbance,464.60286261982685
469.911,104.63041400000002,abb5f43e-39f7-4e00-9c94-18a2b72b0413,CO2 Lamp,579,nm,absorbance,464.81229869114713
470.122,111.932355,abb5f43e-39f7-4e00-9c94-18a2b72b0413,CO2 Lamp,580,nm,absorbance,465.0217347624674
470.333,122.980197,abb5f43e-39f7-4e00-9c94-18a2b72b0413,CO2 Lamp,581,nm,absorbance,465.2311708337877
470.543,121.66589400000002,abb5f43e-39f7-4e00-9c94-18a2b72b0413,CO2 Lamp,582,nm,absorbance,465.4396143170922
470.754,122.837119,abb5f43e-39f7-4e00-9c94-18a2b72b0413,CO2 Lamp,583,nm,absorbance,465.6490503884125
470.965,117.73091300000002,abb5f43e-39f7-4e00-9c94-18a2b72b0413,CO2 Lamp,584,nm,absorbance,465.85848645973266
471.176,123.386252,abb5f43e-39f7-4e00-9c94-18a2b72b0413,CO2 Lamp,585,nm,absorbance,466.06792253105294
471.387,119.536307,abb5f43e-39f7-4e00-9c94-18a2b72b0413,CO2 Lamp,586,nm,absorbance,466.2773586023732
471.598,123.265296,abb5f43e-39f7-4e00-9c94-18a2b72b0413,CO2 Lamp,587,nm,absorbance,466.4867946736935
471.808,130.586168,abb5f43e-39f7-4e00-9c94-18a2b72b0413,CO2 Lamp,588,nm,absorbance,466.695238156998
472.019,133.71290900000002,abb5f43e-39f7-4e00-9c94-18a2b72b0413,CO2 Lamp,589,nm,absorbance,466.9046742283183
472.23,132.408815,abb5f43e-39f7-4e00-9c94-18a2b72b0413,CO2 Lamp,590,nm,absorbance,467.1141102996386
472.441,129.03502600000002,abb5f43e-39f7-4e00-9c94-18a2b72b0413,CO2 Lamp,591,nm,absorbance,467.32354637095875
472.651,132.551466,abb5f43e-39f7-4e00-9c94-18a2b72b0413,CO2 Lamp,592,nm,absorbance,467.5319898542633
472.862,138.278785,abb5f43e-39f7-4e00-9c94-18a2b72b0413,CO2 Lamp,593,nm,absorbance,467.7414259255836
473.073,138.09825299999997,abb5f43e-39f7-4e00-9c94-18a2b72b0413,CO2 Lamp,594,nm,absorbance,467.9508619969038
473.283,137.364737,abb5f43e-39f7-4e00-9c94-18a2b72b0413,CO2 Lamp,595,nm,absorbance,468.1593054802084
473.494,133.586841,abb5f43e-39f7-4e00-9c94-18a2b72b0413,CO2 Lamp,596,nm,absorbance,468.3687415515287
473.705,136.47254100000004,abb5f43e-39f7-4e00-9c94-18a2b72b0413,CO2 Lamp,597,nm,absorbance,468.5781776228489
473.915,136.82290500000002,abb5f43e-39f7-4e00-9c94-18a2b72b0413,CO2 Lamp,598,nm,absorbance,468.78662110615346
474.126,139.17796500000003,abb5f43e-39f7-4e00-9c94-18a2b72b0413,CO2 Lamp,599,nm,absorbance,468.99605717747363
474.337,138.28432800000002,abb5f43e-39f7-4e00-9c94-18a2b72b0413,CO2 Lamp,600,nm,absorbance,469.2054932487939
474.547,139.238965,abb5f43e-39f7-4e00-9c94-18a2b72b0413,CO2 Lamp,601,nm,absorbance,469.4139367320985
474.758,142.91298799999998,abb5f43e-39f7-4e00-9c94-18a2b72b0413,CO2 Lamp,602,nm,absorbance,469.6233728034187
474.968,141.693974,abb5f43e-39f7-4e00-9c94-18a2b72b0413,CO2 Lamp,603,nm,absorbance,469.83181628672327
475.179,141.066004,abb5f43e-39f7-4e00-9c94-18a2b72b0413,CO2 Lamp,604,nm,absorbance,470.0412523580435
475.389,146.962921,abb5f43e-39f7-4e00-9c94-18a2b72b0413,CO2 Lamp,605,nm,absorbance,470.24969584134806
475.6,146.03723399999998,abb5f43e-39f7-4e00-9c94-18a2b72b0413,CO2 Lamp,606,nm,absorbance,470.45913191266834
475.81,154.45981899999998,abb5f43e-39f7-4e00-9c94-18a2b72b0413,CO2 Lamp,607,nm,absorbance,470.66757539597285
476.021,154.185528,abb5f43e-39f7-4e00-9c94-18a2b72b0413,CO2 Lamp,608,nm,absorbance,470.8770114672931
476.231,160.321178,abb5f43e-39f7-4e00-9c94-18a2b72b0413,CO2 Lamp,609,nm,absorbance,471.0854549505976
476.442,152.83768999999998,abb5f43e-39f7-4e00-9c94-18a2b72b0413,CO2 Lamp,610,nm,absorbance,471.29489102191786
476.652,147.666788,abb5f43e-39f7-4e00-9c94-18a2b72b0413,CO2 Lamp,611,nm,absorbance,471.50333450522237
476.863,144.30146100000002,abb5f43e-39f7-4e00-9c94-18a2b72b0413,CO2 Lamp,612,nm,absorbance,471.71277057654265
477.073,144.089692,abb5f43e-39f7-4e00-9c94-18a2b72b0413,CO2 Lamp,613,nm,absorbance,471.92121405984716
477.284,145.38444800000002,abb5f43e-39f7-4e00-9c94-18a2b72b0413,CO2 Lamp,614,nm,absorbance,472.13065013116744
477.494,150.07165600000002,abb5f43e-39f7-4e00-9c94-18a2b72b0413,CO2 Lamp,615,nm,absorbance,472.339093614472
477.704,154.38939499999998,abb5f43e-39f7-4e00-9c94-18a2b72b0413,CO2 Lamp,616,nm,absorbance,472.5475370977765
477.915,150.43382,abb5f43e-39f7-4e00-9c94-18a2b72b0413,CO2 Lamp,617,nm,absorbance,472.7569731690968
478.125,153.00710399999997,abb5f43e-39f7-4e00-9c94-18a2b72b0413,CO2 Lamp,618,nm,absorbance,472.9654166524013
478.335,154.068575,abb5f43e-39f7-4e00-9c94-18a2b72b0413,CO2 Lamp,619,nm,absorbance,473.17386013570575
478.546,160.559267,abb5f43e-39f7-4e00-9c94-18a2b72b0413,CO2 Lamp,620,nm,absorbance,473.38329620702604
478.756,155.101549,abb5f43e-39f7-4e00-9c94-18a2b72b0413,CO2 Lamp,621,nm,absorbance,473.59173969033054
478.966,157.368161,abb5f43e-39f7-4e00-9c94-18a2b72b0413,CO2 Lamp,622,nm,absorbance,473.8001831736351
479.177,160.898099,abb5f43e-39f7-4e00-9c94-18a2b72b0413,CO2 Lamp,623,nm,absorbance,474.0096192449554
479.387,167.46449900000002,abb5f43e-39f7-4e00-9c94-18a2b72b0413,CO2 Lamp,624,nm,absorbance,474.2180627282599
479.597,169.988363,abb5f43e-39f7-4e00-9c94-18a2b72b0413,CO2 Lamp,625,nm,absorbance,474.4265062115644
479.807,171.175005,abb5f43e-39f7-4e00-9c94-18a2b72b0413,CO2 Lamp,626,nm,absorbance,474.63494969486896
480.018,171.119435,abb5f43e-39f7-4e00-9c94-18a2b72b0413,CO2 Lamp,627,nm,absorbance,474.8443857661892
480.228,172.826483,abb5f43e-39f7-4e00-9c94-18a2b72b0413,CO2 Lamp,628,nm,absorbance,475.05282924949375
480.438,174.993544,abb5f43e-39f7-4e00-9c94-18a2b72b0413,CO2 Lamp,629,nm,absorbance,475.26127273279826
480.648,182.259826,abb5f43e-39f7-4e00-9c94-18a2b72b0413,CO2 Lamp,630,nm,absorbance,475.4697162161028
480.858,185.829927,abb5f43e-39f7-4e00-9c94-18a2b72b0413,CO2 Lamp,631,nm,absorbance,475.67815969940733
481.068,187.966794,abb5f43e-39f7-4e00-9c94-18a2b72b0413,CO2 Lamp,632,nm,absorbance,475.88660318271184
481.279,192.77639,abb5f43e-39f7-4e00-9c94-18a2b72b0413,CO2 Lamp,633,nm,absorbance,476.09603925403206
481.489,203.713145,abb5f43e-39f7-4e00-9c94-18a2b72b0413,CO2 Lamp,634,nm,absorbance,476.30448273733657
481.699,209.961033,abb5f43e-39f7-4e00-9c94-18a2b72b0413,CO2 Lamp,635,nm,absorbance,476.51292622064113
481.909,223.616817,abb5f43e-39f7-4e00-9c94-18a2b72b0413,CO2 Lamp,636,nm,absorbance,476.72136970394564
482.119,232.363152,abb5f43e-39f7-4e00-9c94-18a2b72b0413,CO2 Lamp,637,nm,absorbance,476.9298131872502
482.329,251.825317,abb5f43e-39f7-4e00-9c94-18a2b72b0413,CO2 Lamp,638,nm,absorbance,477.1382566705547
482.539,261.87513900000005,abb5f43e-39f7-4e00-9c94-18a2b72b0413,CO2 Lamp,639,nm,absorbance,477.3467001538592
482.749,271.765407,abb5f43e-39f7-4e00-9c94-18a2b72b0413,CO2 Lamp,640,nm,absorbance,477.5551436371638
482.959,286.997752,abb5f43e-39f7-4e00-9c94-18a2b72b0413,CO2 Lamp,641,nm,absorbance,477.7635871204683
483.169,304.89902199999995,abb5f43e-39f7-4e00-9c94-18a2b72b0413,CO2 Lamp,642,nm,absorbance,477.9720306037728
483.379,325.722915,abb5f43e-39f7-4e00-9c94-18a2b72b0413,CO2 Lamp,643,nm,absorbance,478.18047408707736
483.589,338.047997,abb5f43e-39f7-4e00-9c94-18a2b72b0413,CO2 Lamp,644,nm,absorbance,478.38891757038186
483.799,351.49061500000005,abb5f43e-39f7-4e00-9c94-18a2b72b0413,CO2 Lamp,645,nm,absorbance,478.59736105368637
484.009,366.291309,abb5f43e-39f7-4e00-9c94-18a2b72b0413,CO2 Lamp,646,nm,absorbance,478.80580453699093
484.219,383.372507,abb5f43e-39f7-4e00-9c94-18a2b72b0413,CO2 Lamp,647,nm,absorbance,479.01424802029544
484.429,393.333586,abb5f43e-39f7-4e00-9c94-18a2b72b0413,CO2 Lamp,648,nm,absorbance,479.22269150359995
484.639,404.153181,abb5f43e-39f7-4e00-9c94-18a2b72b0413,CO2 Lamp,649,nm,absorbance,479.4311349869045
484.849,409.708877,abb5f43e-39f7-4e00-9c94-18a2b72b0413,CO2 Lamp,650,nm,absorbance,479.639578470209
485.059,416.872886,abb5f43e-39f7-4e00-9c94-18a2b72b0413,CO2 Lamp,651,nm,absorbance,479.8480219535136
485.268,420.105252,abb5f43e-39f7-4e00-9c94-18a2b72b0413,CO2 Lamp,652,nm,absorbance,480.0554728488023
485.478,416.258531,abb5f43e-39f7-4e00-9c94-18a2b72b0413,CO2 Lamp,653,nm,absorbance,480.2639163321069
485.688,418.184507,abb5f43e-39f7-4e00-9c94-18a2b72b0413,CO2 Lamp,654,nm,absorbance,480.4723598154114
485.898,419.735804,abb5f43e-39f7-4e00-9c94-18a2b72b0413,CO2 Lamp,655,nm,absorbance,480.68080329871594
486.108,431.224136,abb5f43e-39f7-4e00-9c94-18a2b72b0413,CO2 Lamp,656,nm,absorbance,480.88924678202045
486.317,440.626971,abb5f43e-39f7-4e00-9c94-18a2b72b0413,CO2 Lamp,657,nm,absorbance,481.09669767730924
486.527,448.4647940000001,abb5f43e-39f7-4e00-9c94-18a2b72b0413,CO2 Lamp,658,nm,absorbance,481.30514116061374
486.737,454.535921,abb5f43e-39f7-4e00-9c94-18a2b72b0413,CO2 Lamp,659,nm,absorbance,481.5135846439183
486.947,452.966515,abb5f43e-39f7-4e00-9c94-18a2b72b0413,CO2 Lamp,660,nm,absorbance,481.7220281272228
487.156,453.2249479999999,abb5f43e-39f7-4e00-9c94-18a2b72b0413,CO2 Lamp,661,nm,absorbance,481.9294790225116
487.366,445.5435900000001,abb5f43e-39f7-4e00-9c94-18a2b72b0413,CO2 Lamp,662,nm,absorbance,482.1379225058161
487.576,447.494563,abb5f43e-39f7-4e00-9c94-18a2b72b0413,CO2 Lamp,663,nm,absorbance,482.34636598912067
487.785,445.659001,abb5f43e-39f7-4e00-9c94-18a2b72b0413,CO2 Lamp,664,nm,absorbance,482.55381688440946
487.995,448.5634710000001,abb5f43e-39f7-4e00-9c94-18a2b72b0413,CO2 Lamp,665,nm,absorbance,482.76226036771396
488.205,446.317712,abb5f43e-39f7-4e00-9c94-18a2b72b0413,CO2 Lamp,666,nm,absorbance,482.97070385101847
488.414,445.666812,abb5f43e-39f7-4e00-9c94-18a2b72b0413,CO2 Lamp,667,nm,absorbance,483.17815474630726
488.624,450.832387,abb5f43e-39f7-4e00-9c94-18a2b72b0413,CO2 Lamp,668,nm,absorbance,483.3865982296118
488.834,448.618459,abb5f43e-39f7-4e00-9c94-18a2b72b0413,CO2 Lamp,669,nm,absorbance,483.5950417129163
489.043,445.0147730000001,abb5f43e-39f7-4e00-9c94-18a2b72b0413,CO2 Lamp,670,nm,absorbance,483.8024926082051
489.253,438.166797,abb5f43e-39f7-4e00-9c94-18a2b72b0413,CO2 Lamp,671,nm,absorbance,484.0109360915096
489.462,437.024133,abb5f43e-39f7-4e00-9c94-18a2b72b0413,CO2 Lamp,672,nm,absorbance,484.2183869867984
489.672,435.921965,abb5f43e-39f7-4e00-9c94-18a2b72b0413,CO2 Lamp,673,nm,absorbance,484.42683047010297
489.882,431.3000530000001,abb5f43e-39f7-4e00-9c94-18a2b72b0413,CO2 Lamp,674,nm,absorbance,484.6352739534075
490.091,427.53845500000006,abb5f43e-39f7-4e00-9c94-18a2b72b0413,CO2 Lamp,675,nm,absorbance,484.84272484869626
490.301,423.839098,abb5f43e-39f7-4e00-9c94-18a2b72b0413,CO2 Lamp,676,nm,absorbance,485.05116833200077
490.51,418.8396379999999,abb5f43e-39f7-4e00-9c94-18a2b72b0413,CO2 Lamp,677,nm,absorbance,485.25861922728956
490.72,410.615604,abb5f43e-39f7-4e00-9c94-18a2b72b0413,CO2 Lamp,678,nm,absorbance,485.4670627105941
490.929,403.604883,abb5f43e-39f7-4e00-9c94-18a2b72b0413,CO2 Lamp,679,nm,absorbance,485.67451360588285
491.138,395.529064,abb5f43e-39f7-4e00-9c94-18a2b72b0413,CO2 Lamp,680,nm,absorbance,485.88196450117164
491.348,388.141122,abb5f43e-39f7-4e00-9c94-18a2b72b0413,CO2 Lamp,681,nm,absorbance,486.0904079844762
491.557,373.48328,abb5f43e-39f7-4e00-9c94-18a2b72b0413,CO2 Lamp,682,nm,absorbance,486.297858879765
491.767,361.8643880000001,abb5f43e-39f7-4e00-9c94-18a2b72b0413,CO2 Lamp,683,nm,absorbance,486.5063023630695
491.976,343.218754,abb5f43e-39f7-4e00-9c94-18a2b72b0413,CO2 Lamp,684,nm,absorbance,486.7137532583583
492.185,325.33198,abb5f43e-39f7-4e00-9c94-18a2b72b0413,CO2 Lamp,685,nm,absorbance,486.92120415364707
492.395,313.583619,abb5f43e-39f7-4e00-9c94-18a2b72b0413,CO2 Lamp,686,nm,absorbance,487.1296476369516
492.604,309.18391,abb5f43e-39f7-4e00-9c94-18a2b72b0413,CO2 Lamp,687,nm,absorbance,487.33709853224036
492.813,305.385758,abb5f43e-39f7-4e00-9c94-18a2b72b0413,CO2 Lamp,688,nm,absorbance,487.5445494275292
493.023,292.641571,abb5f43e-39f7-4e00-9c94-18a2b72b0413,CO2 Lamp,689,nm,absorbance,487.75299291083377
493.232,278.881703,abb5f43e-39f7-4e00-9c94-18a2b72b0413,CO2 Lamp,690,nm,absorbance,487.96044380612256
493.441,268.01047800000003,abb5f43e-39f7-4e00-9c94-18a2b72b0413,CO2 Lamp,691,nm,absorbance,488.1678947014113
493.651,258.210462,abb5f43e-39f7-4e00-9c94-18a2b72b0413,CO2 Lamp,692,nm,absorbance,488.37633818471585
493.86,251.538749,abb5f43e-39f7-4e00-9c94-18a2b72b0413,CO2 Lamp,693,nm,absorbance,488.58378908000464
494.069,248.205297,abb5f43e-39f7-4e00-9c94-18a2b72b0413,CO2 Lamp,694,nm,absorbance,488.7912399752934
494.278,246.06146900000005,abb5f43e-39f7-4e00-9c94-18a2b72b0413,CO2 Lamp,695,nm,absorbance,488.9986908705822
494.488,238.720796,abb5f43e-39f7-4e00-9c94-18a2b72b0413,CO2 Lamp,696,nm,absorbance,489.2071343538867
494.697,231.038516,abb5f43e-39f7-4e00-9c94-18a2b72b0413,CO2 Lamp,697,nm,absorbance,489.4145852491755
494.906,225.171416,abb5f43e-39f7-4e00-9c94-18a2b72b0413,CO2 Lamp,698,nm,absorbance,489.6220361444643
495.115,221.080766,abb5f43e-39f7-4e00-9c94-18a2b72b0413,CO2 Lamp,699,nm,absorbance,489.8294870397531
495.324,222.863163,abb5f43e-39f7-4e00-9c94-18a2b72b0413,CO2 Lamp,700,nm,absorbance,490.03693793504186
495.533,221.784258,abb5f43e-39f7-4e00-9c94-18a2b72b0413,CO2 Lamp,701,nm,absorbance,490.24438883033065
495.743,227.394885,abb5f43e-39f7-4e00-9c94-18a2b72b0413,CO2 Lamp,702,nm,absorbance,490.45283231363516
495.952,229.746019,abb5f43e-39f7-4e00-9c94-18a2b72b0413,CO2 Lamp,703,nm,absorbance,490.660283208924
496.161,231.4948210000001,abb5f43e-39f7-4e00-9c94-18a2b72b0413,CO2 Lamp,704,nm,absorbance,490.8677341042128
496.37,226.37439200000003,abb5f43e-39f7-4e00-9c94-18a2b72b0413,CO2 Lamp,705,nm,absorbance,491.0751849995016
496.579,222.812393,abb5f43e-39f7-4e00-9c94-18a2b72b0413,CO2 Lamp,706,nm,absorbance,491.28263589479036
496.788,221.977272,abb5f43e-39f7-4e00-9c94-18a2b72b0413,CO2 Lamp,707,nm,absorbance,491.49008679007915
496.997,225.02685,abb5f43e-39f7-4e00-9c94-18a2b72b0413,CO2 Lamp,708,nm,absorbance,491.69753768536793
497.206,223.671804,abb5f43e-39f7-4e00-9c94-18a2b72b0413,CO2 Lamp,709,nm,absorbance,491.9049885806567
497.415,223.630705,abb5f43e-39f7-4e00-9c94-18a2b72b0413,CO2 Lamp,710,nm,absorbance,492.1124394759455
497.624,229.06479400000003,abb5f43e-39f7-4e00-9c94-18a2b72b0413,CO2 Lamp,711,nm,absorbance,492.3198903712343
497.833,224.724378,abb5f43e-39f7-4e00-9c94-18a2b72b0413,CO2 Lamp,712,nm,absorbance,492.5273412665231
498.042,227.371746,abb5f43e-39f7-4e00-9c94-18a2b72b0413,CO2 Lamp,713,nm,absorbance,492.7347921618118
498.251,218.417417,abb5f43e-39f7-4e00-9c94-18a2b72b0413,CO2 Lamp,714,nm,absorbance,492.94224305710065
498.46,223.791324,abb5f43e-39f7-4e00-9c94-18a2b72b0413,CO2 Lamp,715,nm,absorbance,493.14969395238944
498.669,220.117727,abb5f43e-39f7-4e00-9c94-18a2b72b0413,CO2 Lamp,716,nm,absorbance,493.3571448476782
498.878,220.664069,abb5f43e-39f7-4e00-9c94-18a2b72b0413,CO2 Lamp,717,nm,absorbance,493.564595742967
499.087,220.237051,abb5f43e-39f7-4e00-9c94-18a2b72b0413,CO2 Lamp,718,nm,absorbance,493.7720466382558
499.296,221.40898100000004,abb5f43e-39f7-4e00-9c94-18a2b72b0413,CO2 Lamp,719,nm,absorbance,493.9794975335446
499.504,220.713642,abb5f43e-39f7-4e00-9c94-18a2b72b0413,CO2 Lamp,720,nm,absorbance,494.18595584081766
499.713,216.39517300000003,abb5f43e-39f7-4e00-9c94-18a2b72b0413,CO2 Lamp,721,nm,absorbance,494.39340673610644
499.922,214.885322,abb5f43e-39f7-4e00-9c94-18a2b72b0413,CO2 Lamp,722,nm,absorbance,494.60085763139523
500.131,209.621072,abb5f43e-39f7-4e00-9c94-18a2b72b0413,CO2 Lamp,723,nm,absorbance,494.808308526684
500.34,204.900535,abb5f43e-39f7-4e00-9c94-18a2b72b0413,CO2 Lamp,724,nm,absorbance,495.0157594219728
500.549,200.955661,abb5f43e-39f7-4e00-9c94-18a2b72b0413,CO2 Lamp,725,nm,absorbance,495.2232103172616
500.757,203.08978,abb5f43e-39f7-4e00-9c94-18a2b72b0413,CO2 Lamp,726,nm,absorbance,495.42966862453466
500.966,206.015817,abb5f43e-39f7-4e00-9c94-18a2b72b0413,CO2 Lamp,727,nm,absorbance,495.63711951982344
501.175,206.92871899999997,abb5f43e-39f7-4e00-9c94-18a2b72b0413,CO2 Lamp,728,nm,absorbance,495.84457041511223
501.384,209.205459,abb5f43e-39f7-4e00-9c94-18a2b72b0413,CO2 Lamp,729,nm,absorbance,496.052021310401
501.592,212.496127,abb5f43e-39f7-4e00-9c94-18a2b72b0413,CO2 Lamp,730,nm,absorbance,496.2584796176741
501.801,211.463355,abb5f43e-39f7-4e00-9c94-18a2b72b0413,CO2 Lamp,731,nm,absorbance,496.46593051296287
502.01,208.122955,abb5f43e-39f7-4e00-9c94-18a2b72b0413,CO2 Lamp,732,nm,absorbance,496.67338140825166
502.218,207.647797,abb5f43e-39f7-4e00-9c94-18a2b72b0413,CO2 Lamp,733,nm,absorbance,496.8798397155247
502.427,209.627218,abb5f43e-39f7-4e00-9c94-18a2b72b0413,CO2 Lamp,734,nm,absorbance,497.0872906108135
502.636,214.411215,abb5f43e-39f7-4e00-9c94-18a2b72b0413,CO2 Lamp,735,nm,absorbance,497.2947415061023
502.844,212.962387,abb5f43e-39f7-4e00-9c94-18a2b72b0413,CO2 Lamp,736,nm,absorbance,497.5011998133753
503.053,211.976796,abb5f43e-39f7-4e00-9c94-18a2b72b0413,CO2 Lamp,737,nm,absorbance,497.7086507086641
503.262,206.421544,abb5f43e-39f7-4e00-9c94-18a2b72b0413,CO2 Lamp,738,nm,absorbance,497.91610160395294
503.47,206.653112,abb5f43e-39f7-4e00-9c94-18a2b72b0413,CO2 Lamp,739,nm,absorbance,498.122559911226
503.679,206.095786,abb5f43e-39f7-4e00-9c94-18a2b72b0413,CO2 Lamp,740,nm,absorbance,498.33001080651474
503.887,206.091617,abb5f43e-39f7-4e00-9c94-18a2b72b0413,CO2 Lamp,741,nm,absorbance,498.5364691137878
504.096,207.727714,abb5f43e-39f7-4e00-9c94-18a2b72b0413,CO2 Lamp,742,nm,absorbance,498.7439200090766
504.304,209.147492,abb5f43e-39f7-4e00-9c94-18a2b72b0413,CO2 Lamp,743,nm,absorbance,498.9503783163496
504.513,207.943026,abb5f43e-39f7-4e00-9c94-18a2b72b0413,CO2 Lamp,744,nm,absorbance,499.15782921163844
504.721,202.330032,abb5f43e-39f7-4e00-9c94-18a2b72b0413,CO2 Lamp,745,nm,absorbance,499.3642875189115
504.93,201.378259,abb5f43e-39f7-4e00-9c94-18a2b72b0413,CO2 Lamp,746,nm,absorbance,499.5717384142003
505.138,204.297259,abb5f43e-39f7-4e00-9c94-18a2b72b0413,CO2 Lamp,747,nm,absorbance,499.7781967214733
505.347,206.849286,abb5f43e-39f7-4e00-9c94-18a2b72b0413,CO2 Lamp,748,nm,absorbance,499.9856476167621
505.555,204.47941,abb5f43e-39f7-4e00-9c94-18a2b72b0413,CO2 Lamp,749,nm,absorbance,500.19210592403516
505.764,201.888339,abb5f43e-39f7-4e00-9c94-18a2b72b0413,CO2 Lamp,750,nm,absorbance,500.399556819324
505.972,203.954436,abb5f43e-39f7-4e00-9c94-18a2b72b0413,CO2 Lamp,751,nm,absorbance,500.606015126597
506.18,205.20460900000003,abb5f43e-39f7-4e00-9c94-18a2b72b0413,CO2 Lamp,752,nm,absorbance,500.8124734338701
506.389,207.636964,abb5f43e-39f7-4e00-9c94-18a2b72b0413,CO2 Lamp,753,nm,absorbance,501.01992432915887
506.597,206.341002,abb5f43e-39f7-4e00-9c94-18a2b72b0413,CO2 Lamp,754,nm,absorbance,501.2263826364319
506.806,208.19075400000003,abb5f43e-39f7-4e00-9c94-18a2b72b0413,CO2 Lamp,755,nm,absorbance,501.43383353172067
507.014,214.694143,abb5f43e-39f7-4e00-9c94-18a2b72b0413,CO2 Lamp,756,nm,absorbance,501.6402918389938
507.222,217.604682,abb5f43e-39f7-4e00-9c94-18a2b72b0413,CO2 Lamp,757,nm,absorbance,501.8467501462668
507.431,217.27455,abb5f43e-39f7-4e00-9c94-18a2b72b0413,CO2 Lamp,758,nm,absorbance,502.0542010415556
507.639,214.329232,abb5f43e-39f7-4e00-9c94-18a2b72b0413,CO2 Lamp,759,nm,absorbance,502.26065934882865
507.847,214.0392,abb5f43e-39f7-4e00-9c94-18a2b72b0413,CO2 Lamp,760,nm,absorbance,502.46711765610166
508.055,220.606761,abb5f43e-39f7-4e00-9c94-18a2b72b0413,CO2 Lamp,761,nm,absorbance,502.6735759633748
508.264,225.180294,abb5f43e-39f7-4e00-9c94-18a2b72b0413,CO2 Lamp,762,nm,absorbance,502.8810268586636
508.472,228.010574,abb5f43e-39f7-4e00-9c94-18a2b72b0413,CO2 Lamp,763,nm,absorbance,503.0874851659366
508.68,231.25220000000004,abb5f43e-39f7-4e00-9c94-18a2b72b0413,CO2 Lamp,764,nm,absorbance,503.29394347320965
508.888,230.119937,abb5f43e-39f7-4e00-9c94-18a2b72b0413,CO2 Lamp,765,nm,absorbance,503.50040178048266
509.096,231.03565900000004,abb5f43e-39f7-4e00-9c94-18a2b72b0413,CO2 Lamp,766,nm,absorbance,503.7068600877558
509.305,229.608662,abb5f43e-39f7-4e00-9c94-18a2b72b0413,CO2 Lamp,767,nm,absorbance,503.9143109830446
509.513,233.159806,abb5f43e-39f7-4e00-9c94-18a2b72b0413,CO2 Lamp,768,nm,absorbance,504.1207692903176
509.721,232.681974,abb5f43e-39f7-4e00-9c94-18a2b72b0413,CO2 Lamp,769,nm,absorbance,504.32722759759065
509.929,232.927414,abb5f43e-39f7-4e00-9c94-18a2b72b0413,CO2 Lamp,770,nm,absorbance,504.53368590486366
510.137,229.964905,abb5f43e-39f7-4e00-9c94-18a2b72b0413,CO2 Lamp,771,nm,absorbance,504.7401442121368
510.345,235.126469,abb5f43e-39f7-4e00-9c94-18a2b72b0413,CO2 Lamp,772,nm,absorbance,504.94660251940985
510.553,238.64841,abb5f43e-39f7-4e00-9c94-18a2b72b0413,CO2 Lamp,773,nm,absorbance,505.15306082668286
510.762,242.367815,abb5f43e-39f7-4e00-9c94-18a2b72b0413,CO2 Lamp,774,nm,absorbance,505.36051172197165
510.97,245.214165,abb5f43e-39f7-4e00-9c94-18a2b72b0413,CO2 Lamp,775,nm,absorbance,505.56697002924477
511.178,246.858667,abb5f43e-39f7-4e00-9c94-18a2b72b0413,CO2 Lamp,776,nm,absorbance,505.7734283365178
511.386,250.11379,abb5f43e-39f7-4e00-9c94-18a2b72b0413,CO2 Lamp,777,nm,absorbance,505.97988664379085
511.594,246.334056,abb5f43e-39f7-4e00-9c94-18a2b72b0413,CO2 Lamp,778,nm,absorbance,506.18634495106386
511.802,242.755581,abb5f43e-39f7-4e00-9c94-18a2b72b0413,CO2 Lamp,779,nm,absorbance,506.3928032583369
512.01,244.015448,abb5f43e-39f7-4e00-9c94-18a2b72b0413,CO2 Lamp,780,nm,absorbance,506.59926156561
512.218,249.50915,abb5f43e-39f7-4e00-9c94-18a2b72b0413,CO2 Lamp,781,nm,absorbance,506.805719872883
512.426,251.974662,abb5f43e-39f7-4e00-9c94-18a2b72b0413,CO2 Lamp,782,nm,absorbance,507.0121781801561
512.634,255.59402100000003,abb5f43e-39f7-4e00-9c94-18a2b72b0413,CO2 Lamp,783,nm,absorbance,507.21863648742914
512.842,257.165707,abb5f43e-39f7-4e00-9c94-18a2b72b0413,CO2 Lamp,784,nm,absorbance,507.4250947947022
513.049,259.68244300000003,abb5f43e-39f7-4e00-9c94-18a2b72b0413,CO2 Lamp,785,nm,absorbance,507.6305605139595
513.257,264.061188,abb5f43e-39f7-4e00-9c94-18a2b72b0413,CO2 Lamp,786,nm,absorbance,507.8370188212325
513.465,260.60995,abb5f43e-39f7-4e00-9c94-18a2b72b0413,CO2 Lamp,787,nm,absorbance,508.04347712850563
513.673,262.37831300000005,abb5f43e-39f7-4e00-9c94-18a2b72b0413,CO2 Lamp,788,nm,absorbance,508.2499354357787
513.881,260.054606,abb5f43e-39f7-4e00-9c94-18a2b72b0413,CO2 Lamp,789,nm,absorbance,508.4563937430517
514.089,262.231103,abb5f43e-39f7-4e00-9c94-18a2b72b0413,CO2 Lamp,790,nm,absorbance,508.66285205032483
514.297,263.400195,abb5f43e-39f7-4e00-9c94-18a2b72b0413,CO2 Lamp,791,nm,absorbance,508.86931035759784
514.504,265.63521699999995,abb5f43e-39f7-4e00-9c94-18a2b72b0413,CO2 Lamp,792,nm,absorbance,509.0747760768552
514.712,260.422506,abb5f43e-39f7-4e00-9c94-18a2b72b0413,CO2 Lamp,793,nm,absorbance,509.2812343841282
514.92,264.55374199999994,abb5f43e-39f7-4e00-9c94-18a2b72b0413,CO2 Lamp,794,nm,absorbance,509.4876926914012
515.128,261.74707700000005,abb5f43e-39f7-4e00-9c94-18a2b72b0413,CO2 Lamp,795,nm,absorbance,509.69415099867433
515.336,274.264559,abb5f43e-39f7-4e00-9c94-18a2b72b0413,CO2 Lamp,796,nm,absorbance,509.9006093059474
515.543,275.46493,abb5f43e-39f7-4e00-9c94-18a2b72b0413,CO2 Lamp,797,nm,absorbance,510.1060750252047
515.751,283.892804,abb5f43e-39f7-4e00-9c94-18a2b72b0413,CO2 Lamp,798,nm,absorbance,510.3125333324777
515.959,289.519378,abb5f43e-39f7-4e00-9c94-18a2b72b0413,CO2 Lamp,799,nm,absorbance,510.5189916397507
516.166,299.524624,abb5f43e-39f7-4e00-9c94-18a2b72b0413,CO2 Lamp,800,nm,absorbance,510.7244573590081
516.374,304.63610300000005,abb5f43e-39f7-4e00-9c94-18a2b72b0413,CO2 Lamp,801,nm,absorbance,510.93091566628124
516.582,303.180925,abb5f43e-39f7-4e00-9c94-18a2b72b0413,CO2 Lamp,802,nm,absorbance,511.13737397355425
516.789,307.186609,abb5f43e-39f7-4e00-9c94-18a2b72b0413,CO2 Lamp,803,nm,absorbance,511.34283969281154
516.997,313.673197,abb5f43e-39f7-4e00-9c94-18a2b72b0413,CO2 Lamp,804,nm,absorbance,511.54929800008455
517.205,325.20517400000006,abb5f43e-39f7-4e00-9c94-18a2b72b0413,CO2 Lamp,805,nm,absorbance,511.7557563073577
517.412,328.741434,abb5f43e-39f7-4e00-9c94-18a2b72b0413,CO2 Lamp,806,nm,absorbance,511.96122202661496
517.62,333.14074,abb5f43e-39f7-4e00-9c94-18a2b72b0413,CO2 Lamp,807,nm,absorbance,512.1676803338879
517.827,338.396889,abb5f43e-39f7-4e00-9c94-18a2b72b0413,CO2 Lamp,808,nm,absorbance,512.3731460531453
518.035,347.009447,abb5f43e-39f7-4e00-9c94-18a2b72b0413,CO2 Lamp,809,nm,absorbance,512.5796043604183
518.243,355.27264499999995,abb5f43e-39f7-4e00-9c94-18a2b72b0413,CO2 Lamp,810,nm,absorbance,512.7860626676915
518.45,364.792301,abb5f43e-39f7-4e00-9c94-18a2b72b0413,CO2 Lamp,811,nm,absorbance,512.9915283869487
518.658,379.444318,abb5f43e-39f7-4e00-9c94-18a2b72b0413,CO2 Lamp,812,nm,absorbance,513.1979866942218
518.865,395.682341,abb5f43e-39f7-4e00-9c94-18a2b72b0413,CO2 Lamp,813,nm,absorbance,513.403452413479
519.073,411.8412840000001,abb5f43e-39f7-4e00-9c94-18a2b72b0413,CO2 Lamp,814,nm,absorbance,513.609910720752
519.28,425.856706,abb5f43e-39f7-4e00-9c94-18a2b72b0413,CO2 Lamp,815,nm,absorbance,513.8153764400095
519.488,441.212267,abb5f43e-39f7-4e00-9c94-18a2b72b0413,CO2 Lamp,816,nm,absorbance,514.0218347472826
519.695,461.82542799999993,abb5f43e-39f7-4e00-9c94-18a2b72b0413,CO2 Lamp,817,nm,absorbance,514.2273004665399
519.902,480.81428,abb5f43e-39f7-4e00-9c94-18a2b72b0413,CO2 Lamp,818,nm,absorbance,514.4327661857972
520.11,501.95312,abb5f43e-39f7-4e00-9c94-18a2b72b0413,CO2 Lamp,819,nm,absorbance,514.6392244930702
520.317,519.4628,abb5f43e-39f7-4e00-9c94-18a2b72b0413,CO2 Lamp,820,nm,absorbance,514.8446902123275
520.525,534.544784,abb5f43e-39f7-4e00-9c94-18a2b72b0413,CO2 Lamp,821,nm,absorbance,515.0511485196005
520.732,551.6421720000001,abb5f43e-39f7-4e00-9c94-18a2b72b0413,CO2 Lamp,822,nm,absorbance,515.2566142388579
520.939,568.427858,abb5f43e-39f7-4e00-9c94-18a2b72b0413,CO2 Lamp,823,nm,absorbance,515.4620799581152
521.147,585.4110860000001,abb5f43e-39f7-4e00-9c94-18a2b72b0413,CO2 Lamp,824,nm,absorbance,515.6685382653883
521.354,594.534093,abb5f43e-39f7-4e00-9c94-18a2b72b0413,CO2 Lamp,825,nm,absorbance,515.8740039846456
521.561,601.9654929999998,abb5f43e-39f7-4e00-9c94-18a2b72b0413,CO2 Lamp,826,nm,absorbance,516.0794697039029
521.769,604.3235619999999,abb5f43e-39f7-4e00-9c94-18a2b72b0413,CO2 Lamp,827,nm,absorbance,516.2859280111759
521.976,608.0528339999998,abb5f43e-39f7-4e00-9c94-18a2b72b0413,CO2 Lamp,828,nm,absorbance,516.4913937304333
522.183,608.391753,abb5f43e-39f7-4e00-9c94-18a2b72b0413,CO2 Lamp,829,nm,absorbance,516.6968594496906
522.391,613.536004,abb5f43e-39f7-4e00-9c94-18a2b72b0413,CO2 Lamp,830,nm,absorbance,516.9033177569636
522.598,614.316302,abb5f43e-39f7-4e00-9c94-18a2b72b0413,CO2 Lamp,831,nm,absorbance,517.1087834762209
522.805,612.7625390000001,abb5f43e-39f7-4e00-9c94-18a2b72b0413,CO2 Lamp,832,nm,absorbance,517.3142491954782
523.012,604.5823969999999,abb5f43e-39f7-4e00-9c94-18a2b72b0413,CO2 Lamp,833,nm,absorbance,517.5197149147355
523.219,602.202368,abb5f43e-39f7-4e00-9c94-18a2b72b0413,CO2 Lamp,834,nm,absorbance,517.725180633993
523.427,597.469514,abb5f43e-39f7-4e00-9c94-18a2b72b0413,CO2 Lamp,835,nm,absorbance,517.931638941266
523.634,598.720748,abb5f43e-39f7-4e00-9c94-18a2b72b0413,CO2 Lamp,836,nm,absorbance,518.1371046605233
523.841,591.588575,abb5f43e-39f7-4e00-9c94-18a2b72b0413,CO2 Lamp,837,nm,absorbance,518.3425703797806
524.048,593.8412730000001,abb5f43e-39f7-4e00-9c94-18a2b72b0413,CO2 Lamp,838,nm,absorbance,518.5480360990379
524.255,587.155294,abb5f43e-39f7-4e00-9c94-18a2b72b0413,CO2 Lamp,839,nm,absorbance,518.7535018182951
524.462,579.646011,abb5f43e-39f7-4e00-9c94-18a2b72b0413,CO2 Lamp,840,nm,absorbance,518.9589675375526
524.669,568.83808,abb5f43e-39f7-4e00-9c94-18a2b72b0413,CO2 Lamp,841,nm,absorbance,519.1644332568098
524.877,565.337127,abb5f43e-39f7-4e00-9c94-18a2b72b0413,CO2 Lamp,842,nm,absorbance,519.3708915640829
525.084,561.583902,abb5f43e-39f7-4e00-9c94-18a2b72b0413,CO2 Lamp,843,nm,absorbance,519.5763572833401
525.291,556.30558,abb5f43e-39f7-4e00-9c94-18a2b72b0413,CO2 Lamp,844,nm,absorbance,519.7818230025975
525.498,547.6416650000001,abb5f43e-39f7-4e00-9c94-18a2b72b0413,CO2 Lamp,845,nm,absorbance,519.9872887218548
525.705,540.5931860000001,abb5f43e-39f7-4e00-9c94-18a2b72b0413,CO2 Lamp,846,nm,absorbance,520.1927544411122
525.912,530.221765,abb5f43e-39f7-4e00-9c94-18a2b72b0413,CO2 Lamp,847,nm,absorbance,520.3982201603695
526.119,521.4487079999999,abb5f43e-39f7-4e00-9c94-18a2b72b0413,CO2 Lamp,848,nm,absorbance,520.6036858796268
526.326,507.293923,abb5f43e-39f7-4e00-9c94-18a2b72b0413,CO2 Lamp,849,nm,absorbance,520.8091515988841
526.533,501.181662,abb5f43e-39f7-4e00-9c94-18a2b72b0413,CO2 Lamp,850,nm,absorbance,521.0146173181414
526.74,492.94539700000007,abb5f43e-39f7-4e00-9c94-18a2b72b0413,CO2 Lamp,851,nm,absorbance,521.2200830373988
526.947,486.5692590000001,abb5f43e-39f7-4e00-9c94-18a2b72b0413,CO2 Lamp,852,nm,absorbance,521.4255487566561
527.153,477.0455249999999,abb5f43e-39f7-4e00-9c94-18a2b72b0413,CO2 Lamp,853,nm,absorbance,521.6300218878977
527.36,458.307494,abb5f43e-39f7-4e00-9c94-18a2b72b0413,CO2 Lamp,854,nm,absorbance,521.835487607155
527.567,449.99087900000006,abb5f43e-39f7-4e00-9c94-18a2b72b0413,CO2 Lamp,855,nm,absorbance,522.0409533264123
527.774,430.57213,abb5f43e-39f7-4e00-9c94-18a2b72b0413,CO2 Lamp,856,nm,absorbance,522.2464190456697
527.981,419.935636,abb5f43e-39f7-4e00-9c94-18a2b72b0413,CO2 Lamp,857,nm,absorbance,522.451884764927
528.188,398.864012,abb5f43e-39f7-4e00-9c94-18a2b72b0413,CO2 Lamp,858,nm,absorbance,522.6573504841842
528.395,387.322458,abb5f43e-39f7-4e00-9c94-18a2b72b0413,CO2 Lamp,859,nm,absorbance,522.8628162034415
528.602,368.586136,abb5f43e-39f7-4e00-9c94-18a2b72b0413,CO2 Lamp,860,nm,absorbance,523.0682819226988
528.808,359.141301,abb5f43e-39f7-4e00-9c94-18a2b72b0413,CO2 Lamp,861,nm,absorbance,523.2727550539405
529.015,345.72589099999993,abb5f43e-39f7-4e00-9c94-18a2b72b0413,CO2 Lamp,862,nm,absorbance,523.4782207731978
529.222,326.095427,abb5f43e-39f7-4e00-9c94-18a2b72b0413,CO2 Lamp,863,nm,absorbance,523.6836864924551
529.429,307.97292,abb5f43e-39f7-4e00-9c94-18a2b72b0413,CO2 Lamp,864,nm,absorbance,523.8891522117124
529.635,289.6016210000001,abb5f43e-39f7-4e00-9c94-18a2b72b0413,CO2 Lamp,865,nm,absorbance,524.0936253429539
529.842,284.435631,abb5f43e-39f7-4e00-9c94-18a2b72b0413,CO2 Lamp,866,nm,absorbance,524.2990910622112
530.049,271.50032,abb5f43e-39f7-4e00-9c94-18a2b72b0413,CO2 Lamp,867,nm,absorbance,524.5045567814686
530.256,263.994433,abb5f43e-39f7-4e00-9c94-18a2b72b0413,CO2 Lamp,868,nm,absorbance,524.7100225007259
530.462,256.167822,abb5f43e-39f7-4e00-9c94-18a2b72b0413,CO2 Lamp,869,nm,absorbance,524.9144956319675
530.669,247.843818,abb5f43e-39f7-4e00-9c94-18a2b72b0413,CO2 Lamp,870,nm,absorbance,525.1199613512248
530.876,237.21741,abb5f43e-39f7-4e00-9c94-18a2b72b0413,CO2 Lamp,871,nm,absorbance,525.3254270704821
531.082,229.380598,abb5f43e-39f7-4e00-9c94-18a2b72b0413,CO2 Lamp,872,nm,absorbance,525.5299002017238
531.289,227.000718,abb5f43e-39f7-4e00-9c94-18a2b72b0413,CO2 Lamp,873,nm,absorbance,525.735365920981
531.495,227.65166600000003,abb5f43e-39f7-4e00-9c94-18a2b72b0413,CO2 Lamp,874,nm,absorbance,525.9398390522226
531.702,223.579922,abb5f43e-39f7-4e00-9c94-18a2b72b0413,CO2 Lamp,875,nm,absorbance,526.1453047714799
531.909,218.53884,abb5f43e-39f7-4e00-9c94-18a2b72b0413,CO2 Lamp,876,nm,absorbance,526.3507704907373
532.115,210.625697,abb5f43e-39f7-4e00-9c94-18a2b72b0413,CO2 Lamp,877,nm,absorbance,526.5552436219789
532.322,207.81708900000004,abb5f43e-39f7-4e00-9c94-18a2b72b0413,CO2 Lamp,878,nm,absorbance,526.7607093412362
532.528,205.988956,abb5f43e-39f7-4e00-9c94-18a2b72b0413,CO2 Lamp,879,nm,absorbance,526.9651824724777
532.735,210.55259500000005,abb5f43e-39f7-4e00-9c94-18a2b72b0413,CO2 Lamp,880,nm,absorbance,527.170648191735
532.941,212.748933,abb5f43e-39f7-4e00-9c94-18a2b72b0413,CO2 Lamp,881,nm,absorbance,527.3751213229767
533.148,214.47601,abb5f43e-39f7-4e00-9c94-18a2b72b0413,CO2 Lamp,882,nm,absorbance,527.580587042234
533.354,211.567947,abb5f43e-39f7-4e00-9c94-18a2b72b0413,CO2 Lamp,883,nm,absorbance,527.7850601734756
533.561,215.34968000000003,abb5f43e-39f7-4e00-9c94-18a2b72b0413,CO2 Lamp,884,nm,absorbance,527.9905258927329
533.767,213.389458,abb5f43e-39f7-4e00-9c94-18a2b72b0413,CO2 Lamp,885,nm,absorbance,528.1949990239744
533.974,216.308183,abb5f43e-39f7-4e00-9c94-18a2b72b0413,CO2 Lamp,886,nm,absorbance,528.4004647432319
534.18,211.995106,abb5f43e-39f7-4e00-9c94-18a2b72b0413,CO2 Lamp,887,nm,absorbance,528.6049378744733
534.387,215.876285,abb5f43e-39f7-4e00-9c94-18a2b72b0413,CO2 Lamp,888,nm,absorbance,528.8104035937306
534.593,211.130083,abb5f43e-39f7-4e00-9c94-18a2b72b0413,CO2 Lamp,889,nm,absorbance,529.0148767249722
534.799,213.908605,abb5f43e-39f7-4e00-9c94-18a2b72b0413,CO2 Lamp,890,nm,absorbance,529.2193498562139
535.006,216.190813,abb5f43e-39f7-4e00-9c94-18a2b72b0413,CO2 Lamp,891,nm,absorbance,529.4248155754711
535.212,220.759962,abb5f43e-39f7-4e00-9c94-18a2b72b0413,CO2 Lamp,892,nm,absorbance,529.6292887067127
535.418,224.80851299999995,abb5f43e-39f7-4e00-9c94-18a2b72b0413,CO2 Lamp,893,nm,absorbance,529.8337618379543
535.625,225.9421,abb5f43e-39f7-4e00-9c94-18a2b72b0413,CO2 Lamp,894,nm,absorbance,530.0392275572116
535.831,229.25965,abb5f43e-39f7-4e00-9c94-18a2b72b0413,CO2 Lamp,895,nm,absorbance,530.2437006884533
536.037,225.689091,abb5f43e-39f7-4e00-9c94-18a2b72b0413,CO2 Lamp,896,nm,absorbance,530.4481738196948
536.244,219.953724,abb5f43e-39f7-4e00-9c94-18a2b72b0413,CO2 Lamp,897,nm,absorbance,530.6536395389521
536.45,219.792187,abb5f43e-39f7-4e00-9c94-18a2b72b0413,CO2 Lamp,898,nm,absorbance,530.8581126701937
536.656,223.353161,abb5f43e-39f7-4e00-9c94-18a2b72b0413,CO2 Lamp,899,nm,absorbance,531.0625858014353
536.862,228.175663,abb5f43e-39f7-4e00-9c94-18a2b72b0413,CO2 Lamp,900,nm,absorbance,531.2670589326768
537.068,225.474988,abb5f43e-39f7-4e00-9c94-18a2b72b0413,CO2 Lamp,901,nm,absorbance,531.4715320639184
537.275,223.971873,abb5f43e-39f7-4e00-9c94-18a2b72b0413,CO2 Lamp,902,nm,absorbance,531.6769977831757
537.481,225.831116,abb5f43e-39f7-4e00-9c94-18a2b72b0413,CO2 Lamp,903,nm,absorbance,531.8814709144174
537.687,228.710005,abb5f43e-39f7-4e00-9c94-18a2b72b0413,CO2 Lamp,904,nm,absorbance,532.085944045659
537.893,231.555297,abb5f43e-39f7-4e00-9c94-18a2b72b0413,CO2 Lamp,905,nm,absorbance,532.2904171769005
538.099,234.972428,abb5f43e-39f7-4e00-9c94-18a2b72b0413,CO2 Lamp,906,nm,absorbance,532.4948903081421
538.305,239.34173300000003,abb5f43e-39f7-4e00-9c94-18a2b72b0413,CO2 Lamp,907,nm,absorbance,532.6993634393837
538.512,241.565183,abb5f43e-39f7-4e00-9c94-18a2b72b0413,CO2 Lamp,908,nm,absorbance,532.904829158641
538.718,237.063428,abb5f43e-39f7-4e00-9c94-18a2b72b0413,CO2 Lamp,909,nm,absorbance,533.1093022898825
538.924,237.773666,abb5f43e-39f7-4e00-9c94-18a2b72b0413,CO2 Lamp,910,nm,absorbance,533.3137754211241
539.13,239.10384600000003,abb5f43e-39f7-4e00-9c94-18a2b72b0413,CO2 Lamp,911,nm,absorbance,533.5182485523657
539.336,244.89277499999997,abb5f43e-39f7-4e00-9c94-18a2b72b0413,CO2 Lamp,912,nm,absorbance,533.7227216836073
539.542,242.089447,abb5f43e-39f7-4e00-9c94-18a2b72b0413,CO2 Lamp,913,nm,absorbance,533.9271948148489
539.748,243.865655,abb5f43e-39f7-4e00-9c94-18a2b72b0413,CO2 Lamp,914,nm,absorbance,534.1316679460905
539.954,244.573486,abb5f43e-39f7-4e00-9c94-18a2b72b0413,CO2 Lamp,915,nm,absorbance,534.336141077332
540.16,249.592495,abb5f43e-39f7-4e00-9c94-18a2b72b0413,CO2 Lamp,916,nm,absorbance,534.5406142085736
540.366,244.715866,abb5f43e-39f7-4e00-9c94-18a2b72b0413,CO2 Lamp,917,nm,absorbance,534.7450873398152
540.572,247.157071,abb5f43e-39f7-4e00-9c94-18a2b72b0413,CO2 Lamp,918,nm,absorbance,534.9495604710568
540.778,246.429072,abb5f43e-39f7-4e00-9c94-18a2b72b0413,CO2 Lamp,919,nm,absorbance,535.1540336022983
540.984,255.658772,abb5f43e-39f7-4e00-9c94-18a2b72b0413,CO2 Lamp,920,nm,absorbance,535.35850673354
541.19,255.858698,abb5f43e-39f7-4e00-9c94-18a2b72b0413,CO2 Lamp,921,nm,absorbance,535.5629798647816
541.396,253.305956,abb5f43e-39f7-4e00-9c94-18a2b72b0413,CO2 Lamp,922,nm,absorbance,535.767452996023
541.602,246.385855,abb5f43e-39f7-4e00-9c94-18a2b72b0413,CO2 Lamp,923,nm,absorbance,535.9719261272646
541.807,245.170832,abb5f43e-39f7-4e00-9c94-18a2b72b0413,CO2 Lamp,924,nm,absorbance,536.1754066704906
542.013,251.5399,abb5f43e-39f7-4e00-9c94-18a2b72b0413,CO2 Lamp,925,nm,absorbance,536.3798798017322
542.219,253.775789,abb5f43e-39f7-4e00-9c94-18a2b72b0413,CO2 Lamp,926,nm,absorbance,536.5843529329737
542.425,252.568103,abb5f43e-39f7-4e00-9c94-18a2b72b0413,CO2 Lamp,927,nm,absorbance,536.7888260642153
542.631,250.905895,abb5f43e-39f7-4e00-9c94-18a2b72b0413,CO2 Lamp,928,nm,absorbance,536.9932991954569
542.837,251.89591000000004,abb5f43e-39f7-4e00-9c94-18a2b72b0413,CO2 Lamp,929,nm,absorbance,537.1977723266984
543.042,255.65450900000005,abb5f43e-39f7-4e00-9c94-18a2b72b0413,CO2 Lamp,930,nm,absorbance,537.4012528699243
543.248,254.620162,abb5f43e-39f7-4e00-9c94-18a2b72b0413,CO2 Lamp,931,nm,absorbance,537.605726001166
543.454,253.319783,abb5f43e-39f7-4e00-9c94-18a2b72b0413,CO2 Lamp,932,nm,absorbance,537.8101991324074
543.66,248.00306100000003,abb5f43e-39f7-4e00-9c94-18a2b72b0413,CO2 Lamp,933,nm,absorbance,538.014672263649
543.865,247.706213,abb5f43e-39f7-4e00-9c94-18a2b72b0413,CO2 Lamp,934,nm,absorbance,538.2181528068749
544.071,246.857578,abb5f43e-39f7-4e00-9c94-18a2b72b0413,CO2 Lamp,935,nm,absorbance,538.4226259381165
544.277,248.31391,abb5f43e-39f7-4e00-9c94-18a2b72b0413,CO2 Lamp,936,nm,absorbance,538.6270990693581
544.483,247.966561,abb5f43e-39f7-4e00-9c94-18a2b72b0413,CO2 Lamp,937,nm,absorbance,538.8315722005996
544.688,245.936349,abb5f43e-39f7-4e00-9c94-18a2b72b0413,CO2 Lamp,938,nm,absorbance,539.0350527438254
544.894,243.645049,abb5f43e-39f7-4e00-9c94-18a2b72b0413,CO2 Lamp,939,nm,absorbance,539.2395258750671
545.1,238.38367,abb5f43e-39f7-4e00-9c94-18a2b72b0413,CO2 Lamp,940,nm,absorbance,539.4439990063087
545.305,234.80620699999997,abb5f43e-39f7-4e00-9c94-18a2b72b0413,CO2 Lamp,941,nm,absorbance,539.6474795495344
545.511,231.078782,abb5f43e-39f7-4e00-9c94-18a2b72b0413,CO2 Lamp,942,nm,absorbance,539.8519526807761
545.716,232.153463,abb5f43e-39f7-4e00-9c94-18a2b72b0413,CO2 Lamp,943,nm,absorbance,540.055433224002
545.922,231.709841,abb5f43e-39f7-4e00-9c94-18a2b72b0413,CO2 Lamp,944,nm,absorbance,540.2599063552435
546.128,234.170728,abb5f43e-39f7-4e00-9c94-18a2b72b0413,CO2 Lamp,945,nm,absorbance,540.4643794864851
546.333,229.285254,abb5f43e-39f7-4e00-9c94-18a2b72b0413,CO2 Lamp,946,nm,absorbance,540.6678600297109
546.539,228.218281,abb5f43e-39f7-4e00-9c94-18a2b72b0413,CO2 Lamp,947,nm,absorbance,540.8723331609525
546.744,222.234181,abb5f43e-39f7-4e00-9c94-18a2b72b0413,CO2 Lamp,948,nm,absorbance,541.0758137041784
546.95,222.947377,abb5f43e-39f7-4e00-9c94-18a2b72b0413,CO2 Lamp,949,nm,absorbance,541.2802868354199
547.155,222.985939,abb5f43e-39f7-4e00-9c94-18a2b72b0413,CO2 Lamp,950,nm,absorbance,541.4837673786458
547.361,219.462621,abb5f43e-39f7-4e00-9c94-18a2b72b0413,CO2 Lamp,951,nm,absorbance,541.6882405098874
547.566,216.431001,abb5f43e-39f7-4e00-9c94-18a2b72b0413,CO2 Lamp,952,nm,absorbance,541.8917210531132
547.772,209.836488,abb5f43e-39f7-4e00-9c94-18a2b72b0413,CO2 Lamp,953,nm,absorbance,542.0961941843549
547.977,210.410698,abb5f43e-39f7-4e00-9c94-18a2b72b0413,CO2 Lamp,954,nm,absorbance,542.2996747275806
548.182,210.186066,abb5f43e-39f7-4e00-9c94-18a2b72b0413,CO2 Lamp,955,nm,absorbance,542.5031552708065
548.388,212.453478,abb5f43e-39f7-4e00-9c94-18a2b72b0413,CO2 Lamp,956,nm,absorbance,542.707628402048
548.593,210.620169,abb5f43e-39f7-4e00-9c94-18a2b72b0413,CO2 Lamp,957,nm,absorbance,542.9111089452739
548.799,209.25335,abb5f43e-39f7-4e00-9c94-18a2b72b0413,CO2 Lamp,958,nm,absorbance,543.1155820765155
549.004,207.307535,abb5f43e-39f7-4e00-9c94-18a2b72b0413,CO2 Lamp,959,nm,absorbance,543.3190626197413
549.209,205.505245,abb5f43e-39f7-4e00-9c94-18a2b72b0413,CO2 Lamp,960,nm,absorbance,543.5225431629672
549.415,202.581182,abb5f43e-39f7-4e00-9c94-18a2b72b0413,CO2 Lamp,961,nm,absorbance,543.7270162942087
549.62,204.783537,abb5f43e-39f7-4e00-9c94-18a2b72b0413,CO2 Lamp,962,nm,absorbance,543.9304968374346
549.825,204.367319,abb5f43e-39f7-4e00-9c94-18a2b72b0413,CO2 Lamp,963,nm,absorbance,544.1339773806606
550.031,207.007678,abb5f43e-39f7-4e00-9c94-18a2b72b0413,CO2 Lamp,964,nm,absorbance,544.338450511902
550.236,204.469732,abb5f43e-39f7-4e00-9c94-18a2b72b0413,CO2 Lamp,965,nm,absorbance,544.5419310551279
550.441,206.449785,abb5f43e-39f7-4e00-9c94-18a2b72b0413,CO2 Lamp,966,nm,absorbance,544.7454115983537
550.646,203.095746,abb5f43e-39f7-4e00-9c94-18a2b72b0413,CO2 Lamp,967,nm,absorbance,544.9488921415796
550.852,201.285762,abb5f43e-39f7-4e00-9c94-18a2b72b0413,CO2 Lamp,968,nm,absorbance,545.1533652728211
551.057,200.917016,abb5f43e-39f7-4e00-9c94-18a2b72b0413,CO2 Lamp,969,nm,absorbance,545.356845816047
551.262,198.925325,abb5f43e-39f7-4e00-9c94-18a2b72b0413,CO2 Lamp,970,nm,absorbance,545.5603263592728
551.467,196.931565,abb5f43e-39f7-4e00-9c94-18a2b72b0413,CO2 Lamp,971,nm,absorbance,545.7638069024987
551.672,185.705265,abb5f43e-39f7-4e00-9c94-18a2b72b0413,CO2 Lamp,972,nm,absorbance,545.9672874457245
551.878,182.78042500000004,abb5f43e-39f7-4e00-9c94-18a2b72b0413,CO2 Lamp,973,nm,absorbance,546.1717605769662
552.083,181.574994,abb5f43e-39f7-4e00-9c94-18a2b72b0413,CO2 Lamp,974,nm,absorbance,546.375241120192
552.288,184.025679,abb5f43e-39f7-4e00-9c94-18a2b72b0413,CO2 Lamp,975,nm,absorbance,546.5787216634178
552.493,183.065907,abb5f43e-39f7-4e00-9c94-18a2b72b0413,CO2 Lamp,976,nm,absorbance,546.7822022066437
552.698,184.812449,abb5f43e-39f7-4e00-9c94-18a2b72b0413,CO2 Lamp,977,nm,absorbance,546.9856827498695
552.903,189.866012,abb5f43e-39f7-4e00-9c94-18a2b72b0413,CO2 Lamp,978,nm,absorbance,547.1891632930954
553.108,190.121716,abb5f43e-39f7-4e00-9c94-18a2b72b0413,CO2 Lamp,979,nm,absorbance,547.3926438363211
553.313,194.078663,abb5f43e-39f7-4e00-9c94-18a2b72b0413,CO2 Lamp,980,nm,absorbance,547.5961243795471
553.518,194.46019500000003,abb5f43e-39f7-4e00-9c94-18a2b72b0413,CO2 Lamp,981,nm,absorbance,547.7996049227729
553.723,199.791864,abb5f43e-39f7-4e00-9c94-18a2b72b0413,CO2 Lamp,982,nm,absorbance,548.0030854659987
553.928,195.95874,abb5f43e-39f7-4e00-9c94-18a2b72b0413,CO2 Lamp,983,nm,absorbance,548.2065660092246
554.133,193.026682,abb5f43e-39f7-4e00-9c94-18a2b72b0413,CO2 Lamp,984,nm,absorbance,548.4100465524505
554.338,190.898586,abb5f43e-39f7-4e00-9c94-18a2b72b0413,CO2 Lamp,985,nm,absorbance,548.6135270956762
554.543,192.844536,abb5f43e-39f7-4e00-9c94-18a2b72b0413,CO2 Lamp,986,nm,absorbance,548.8170076389022
554.748,194.654307,abb5f43e-39f7-4e00-9c94-18a2b72b0413,CO2 Lamp,987,nm,absorbance,549.020488182128
554.953,200.409475,abb5f43e-39f7-4e00-9c94-18a2b72b0413,CO2 Lamp,988,nm,absorbance,549.2239687253538
555.158,202.75266700000003,abb5f43e-39f7-4e00-9c94-18a2b72b0413,CO2 Lamp,989,nm,absorbance,549.4274492685797
555.363,204.348698,abb5f43e-39f7-4e00-9c94-18a2b72b0413,CO2 Lamp,990,nm,absorbance,549.6309298118056
555.568,200.465657,abb5f43e-39f7-4e00-9c94-18a2b72b0413,CO2 Lamp,991,nm,absorbance,549.8344103550313
555.773,197.623457,abb5f43e-39f7-4e00-9c94-18a2b72b0413,CO2 Lamp,992,nm,absorbance,550.0378908982573
555.978,195.993445,abb5f43e-39f7-4e00-9c94-18a2b72b0413,CO2 Lamp,993,nm,absorbance,550.241371441483
556.182,201.318653,abb5f43e-39f7-4e00-9c94-18a2b72b0413,CO2 Lamp,994,nm,absorbance,550.4438593966931
556.387,204.460701,abb5f43e-39f7-4e00-9c94-18a2b72b0413,CO2 Lamp,995,nm,absorbance,550.647339939919
556.592,207.511273,abb5f43e-39f7-4e00-9c94-18a2b72b0413,CO2 Lamp,996,nm,absorbance,550.8508204831448
556.797,205.875644,abb5f43e-39f7-4e00-9c94-18a2b72b0413,CO2 Lamp,997,nm,absorbance,551.0543010263707
557.002,206.744874,abb5f43e-39f7-4e00-9c94-18a2b72b0413,CO2 Lamp,998,nm,absorbance,551.2577815695964
557.206,218.366337,abb5f43e-39f7-4e00-9c94-18a2b72b0413,CO2 Lamp,999,nm,absorbance,551.4602695248067
557.411,225.54328,abb5f43e-39f7-4e00-9c94-18a2b72b0413,CO2 Lamp,1000,nm,absorbance,551.6637500680324
557.616,235.765201,abb5f43e-39f7-4e00-9c94-18a2b72b0413,CO2 Lamp,1001,nm,absorbance,551.8672306112583
557.821,238.181378,abb5f43e-39f7-4e00-9c94-18a2b72b0413,CO2 Lamp,1002,nm,absorbance,552.0707111544842
558.025,238.593779,abb5f43e-39f7-4e00-9c94-18a2b72b0413,CO2 Lamp,1003,nm,absorbance,552.2731991096942
558.23,241.073008,abb5f43e-39f7-4e00-9c94-18a2b72b0413,CO2 Lamp,1004,nm,absorbance,552.4766796529202
558.435,242.543205,abb5f43e-39f7-4e00-9c94-18a2b72b0413,CO2 Lamp,1005,nm,absorbance,552.680160196146
558.64,251.10998400000005,abb5f43e-39f7-4e00-9c94-18a2b72b0413,CO2 Lamp,1006,nm,absorbance,552.8836407393718
558.844,251.354944,abb5f43e-39f7-4e00-9c94-18a2b72b0413,CO2 Lamp,1007,nm,absorbance,553.086128694582
559.049,257.22009,abb5f43e-39f7-4e00-9c94-18a2b72b0413,CO2 Lamp,1008,nm,absorbance,553.2896092378078
559.253,260.739158,abb5f43e-39f7-4e00-9c94-18a2b72b0413,CO2 Lamp,1009,nm,absorbance,553.4920971930179
559.458,270.572736,abb5f43e-39f7-4e00-9c94-18a2b72b0413,CO2 Lamp,1010,nm,absorbance,553.6955777362438
559.663,278.773913,abb5f43e-39f7-4e00-9c94-18a2b72b0413,CO2 Lamp,1011,nm,absorbance,553.8990582794696
559.867,287.636,abb5f43e-39f7-4e00-9c94-18a2b72b0413,CO2 Lamp,1012,nm,absorbance,554.1015462346796
560.072,293.67955100000006,abb5f43e-39f7-4e00-9c94-18a2b72b0413,CO2 Lamp,1013,nm,absorbance,554.3050267779056
560.276,301.94441800000004,abb5f43e-39f7-4e00-9c94-18a2b72b0413,CO2 Lamp,1014,nm,absorbance,554.5075147331156
560.481,312.850837,abb5f43e-39f7-4e00-9c94-18a2b72b0413,CO2 Lamp,1015,nm,absorbance,554.7109952763415
560.685,328.49747,abb5f43e-39f7-4e00-9c94-18a2b72b0413,CO2 Lamp,1016,nm,absorbance,554.9134832315516
560.89,340.32207400000004,abb5f43e-39f7-4e00-9c94-18a2b72b0413,CO2 Lamp,1017,nm,absorbance,555.1169637747774
561.094,351.413588,abb5f43e-39f7-4e00-9c94-18a2b72b0413,CO2 Lamp,1018,nm,absorbance,555.3194517299876
561.299,359.14916800000003,abb5f43e-39f7-4e00-9c94-18a2b72b0413,CO2 Lamp,1019,nm,absorbance,555.5229322732134
561.503,370.8519969999999,abb5f43e-39f7-4e00-9c94-18a2b72b0413,CO2 Lamp,1020,nm,absorbance,555.7254202284236
561.708,379.327617,abb5f43e-39f7-4e00-9c94-18a2b72b0413,CO2 Lamp,1021,nm,absorbance,555.9289007716493
561.912,392.299439,abb5f43e-39f7-4e00-9c94-18a2b72b0413,CO2 Lamp,1022,nm,absorbance,556.1313887268595
562.117,403.159446,abb5f43e-39f7-4e00-9c94-18a2b72b0413,CO2 Lamp,1023,nm,absorbance,556.3348692700853
562.321,416.877471,abb5f43e-39f7-4e00-9c94-18a2b72b0413,CO2 Lamp,1024,nm,absorbance,556.5373572252954
562.525,424.777141,abb5f43e-39f7-4e00-9c94-18a2b72b0413,CO2 Lamp,1025,nm,absorbance,556.7398451805055
562.73,428.7412000000001,abb5f43e-39f7-4e00-9c94-18a2b72b0413,CO2 Lamp,1026,nm,absorbance,556.9433257237314
562.934,429.763336,abb5f43e-39f7-4e00-9c94-18a2b72b0413,CO2 Lamp,1027,nm,absorbance,557.1458136789415
563.139,435.058921,abb5f43e-39f7-4e00-9c94-18a2b72b0413,CO2 Lamp,1028,nm,absorbance,557.3492942221674
563.343,440.802161,abb5f43e-39f7-4e00-9c94-18a2b72b0413,CO2 Lamp,1029,nm,absorbance,557.5517821773774
563.547,443.203702,abb5f43e-39f7-4e00-9c94-18a2b72b0413,CO2 Lamp,1030,nm,absorbance,557.7542701325876
563.752,443.667368,abb5f43e-39f7-4e00-9c94-18a2b72b0413,CO2 Lamp,1031,nm,absorbance,557.9577506758134
563.956,443.613442,abb5f43e-39f7-4e00-9c94-18a2b72b0413,CO2 Lamp,1032,nm,absorbance,558.1602386310235
564.16,445.53921900000006,abb5f43e-39f7-4e00-9c94-18a2b72b0413,CO2 Lamp,1033,nm,absorbance,558.3627265862336
564.364,442.229493,abb5f43e-39f7-4e00-9c94-18a2b72b0413,CO2 Lamp,1034,nm,absorbance,558.5652145414438
564.569,438.682653,abb5f43e-39f7-4e00-9c94-18a2b72b0413,CO2 Lamp,1035,nm,absorbance,558.7686950846695
564.773,437.16257400000006,abb5f43e-39f7-4e00-9c94-18a2b72b0413,CO2 Lamp,1036,nm,absorbance,558.9711830398797
564.977,433.8924980000001,abb5f43e-39f7-4e00-9c94-18a2b72b0413,CO2 Lamp,1037,nm,absorbance,559.1736709950898
565.181,437.555529,abb5f43e-39f7-4e00-9c94-18a2b72b0413,CO2 Lamp,1038,nm,absorbance,559.3761589503
565.385,438.92313,abb5f43e-39f7-4e00-9c94-18a2b72b0413,CO2 Lamp,1039,nm,absorbance,559.57864690551
565.59,439.0828460000001,abb5f43e-39f7-4e00-9c94-18a2b72b0413,CO2 Lamp,1040,nm,absorbance,559.7821274487359
565.794,434.682396,abb5f43e-39f7-4e00-9c94-18a2b72b0413,CO2 Lamp,1041,nm,absorbance,559.984615403946
565.998,424.491248,abb5f43e-39f7-4e00-9c94-18a2b72b0413,CO2 Lamp,1042,nm,absorbance,560.1871033591561
566.202,422.139615,abb5f43e-39f7-4e00-9c94-18a2b72b0413,CO2 Lamp,1043,nm,absorbance,560.3895913143662
566.406,418.952328,abb5f43e-39f7-4e00-9c94-18a2b72b0413,CO2 Lamp,1044,nm,absorbance,560.5920792695763
566.61,412.0618759999999,abb5f43e-39f7-4e00-9c94-18a2b72b0413,CO2 Lamp,1045,nm,absorbance,560.7945672247864
566.814,407.006821,abb5f43e-39f7-4e00-9c94-18a2b72b0413,CO2 Lamp,1046,nm,absorbance,560.9970551799966
567.018,403.934671,abb5f43e-39f7-4e00-9c94-18a2b72b0413,CO2 Lamp,1047,nm,absorbance,561.1995431352067
567.222,406.839942,abb5f43e-39f7-4e00-9c94-18a2b72b0413,CO2 Lamp,1048,nm,absorbance,561.4020310904167
567.426,402.775004,abb5f43e-39f7-4e00-9c94-18a2b72b0413,CO2 Lamp,1049,nm,absorbance,561.604519045627
567.63,393.992174,abb5f43e-39f7-4e00-9c94-18a2b72b0413,CO2 Lamp,1050,nm,absorbance,561.807007000837
567.834,387.606369,abb5f43e-39f7-4e00-9c94-18a2b72b0413,CO2 Lamp,1051,nm,absorbance,562.009494956047
568.038,386.763812,abb5f43e-39f7-4e00-9c94-18a2b72b0413,CO2 Lamp,1052,nm,absorbance,562.2119829112572
568.242,384.69947900000005,abb5f43e-39f7-4e00-9c94-18a2b72b0413,CO2 Lamp,1053,nm,absorbance,562.4144708664672
568.446,383.741655,abb5f43e-39f7-4e00-9c94-18a2b72b0413,CO2 Lamp,1054,nm,absorbance,562.6169588216775
568.65,375.87646899999993,abb5f43e-39f7-4e00-9c94-18a2b72b0413,CO2 Lamp,1055,nm,absorbance,562.8194467768875
568.854,367.043639,abb5f43e-39f7-4e00-9c94-18a2b72b0413,CO2 Lamp,1056,nm,absorbance,563.0219347320976
569.058,362.58309500000007,abb5f43e-39f7-4e00-9c94-18a2b72b0413,CO2 Lamp,1057,nm,absorbance,563.2244226873078
569.262,355.966646,abb5f43e-39f7-4e00-9c94-18a2b72b0413,CO2 Lamp,1058,nm,absorbance,563.4269106425178
569.466,351.522418,abb5f43e-39f7-4e00-9c94-18a2b72b0413,CO2 Lamp,1059,nm,absorbance,563.6293985977279
569.67,335.526174,abb5f43e-39f7-4e00-9c94-18a2b72b0413,CO2 Lamp,1060,nm,absorbance,563.831886552938
569.874,329.9373,abb5f43e-39f7-4e00-9c94-18a2b72b0413,CO2 Lamp,1061,nm,absorbance,564.0343745081482
570.078,323.2892539999999,abb5f43e-39f7-4e00-9c94-18a2b72b0413,CO2 Lamp,1062,nm,absorbance,564.2368624633583
570.281,320.047081,abb5f43e-39f7-4e00-9c94-18a2b72b0413,CO2 Lamp,1063,nm,absorbance,564.4383578305526
570.485,310.556258,abb5f43e-39f7-4e00-9c94-18a2b72b0413,CO2 Lamp,1064,nm,absorbance,564.6408457857627
570.689,304.14884500000005,abb5f43e-39f7-4e00-9c94-18a2b72b0413,CO2 Lamp,1065,nm,absorbance,564.8433337409729
570.893,301.513814,abb5f43e-39f7-4e00-9c94-18a2b72b0413,CO2 Lamp,1066,nm,absorbance,565.045821696183
571.097,297.508702,abb5f43e-39f7-4e00-9c94-18a2b72b0413,CO2 Lamp,1067,nm,absorbance,565.2483096513931
571.3,295.368205,abb5f43e-39f7-4e00-9c94-18a2b72b0413,CO2 Lamp,1068,nm,absorbance,565.4498050185874
571.504,287.573067,abb5f43e-39f7-4e00-9c94-18a2b72b0413,CO2 Lamp,1069,nm,absorbance,565.6522929737976
571.708,284.784598,abb5f43e-39f7-4e00-9c94-18a2b72b0413,CO2 Lamp,1070,nm,absorbance,565.8547809290077
571.912,277.968136,abb5f43e-39f7-4e00-9c94-18a2b72b0413,CO2 Lamp,1071,nm,absorbance,566.0572688842178
572.115,274.180441,abb5f43e-39f7-4e00-9c94-18a2b72b0413,CO2 Lamp,1072,nm,absorbance,566.2587642514122
572.319,270.022376,abb5f43e-39f7-4e00-9c94-18a2b72b0413,CO2 Lamp,1073,nm,absorbance,566.4612522066222
572.523,264.677513,abb5f43e-39f7-4e00-9c94-18a2b72b0413,CO2 Lamp,1074,nm,absorbance,566.6637401618324
572.726,262.733859,abb5f43e-39f7-4e00-9c94-18a2b72b0413,CO2 Lamp,1075,nm,absorbance,566.8652355290268
572.93,252.76922800000003,abb5f43e-39f7-4e00-9c94-18a2b72b0413,CO2 Lamp,1076,nm,absorbance,567.0677234842368
573.133,246.178469,abb5f43e-39f7-4e00-9c94-18a2b72b0413,CO2 Lamp,1077,nm,absorbance,567.2692188514313
573.337,241.78633,abb5f43e-39f7-4e00-9c94-18a2b72b0413,CO2 Lamp,1078,nm,absorbance,567.4717068066414
573.541,245.866901,abb5f43e-39f7-4e00-9c94-18a2b72b0413,CO2 Lamp,1079,nm,absorbance,567.6741947618515
573.744,245.16316800000004,abb5f43e-39f7-4e00-9c94-18a2b72b0413,CO2 Lamp,1080,nm,absorbance,567.8756901290459
573.948,246.6863,abb5f43e-39f7-4e00-9c94-18a2b72b0413,CO2 Lamp,1081,nm,absorbance,568.0781780842559
574.151,240.032706,abb5f43e-39f7-4e00-9c94-18a2b72b0413,CO2 Lamp,1082,nm,absorbance,568.2796734514503
574.355,238.760566,abb5f43e-39f7-4e00-9c94-18a2b72b0413,CO2 Lamp,1083,nm,absorbance,568.4821614066605
574.558,239.49912,abb5f43e-39f7-4e00-9c94-18a2b72b0413,CO2 Lamp,1084,nm,absorbance,568.6836567738549
574.762,239.926613,abb5f43e-39f7-4e00-9c94-18a2b72b0413,CO2 Lamp,1085,nm,absorbance,568.8861447290649
574.965,246.236494,abb5f43e-39f7-4e00-9c94-18a2b72b0413,CO2 Lamp,1086,nm,absorbance,569.0876400962593
575.169,243.21313400000005,abb5f43e-39f7-4e00-9c94-18a2b72b0413,CO2 Lamp,1087,nm,absorbance,569.2901280514694
575.372,243.079819,abb5f43e-39f7-4e00-9c94-18a2b72b0413,CO2 Lamp,1088,nm,absorbance,569.4916234186637
575.576,238.44420499999995,abb5f43e-39f7-4e00-9c94-18a2b72b0413,CO2 Lamp,1089,nm,absorbance,569.694111373874
575.779,234.765664,abb5f43e-39f7-4e00-9c94-18a2b72b0413,CO2 Lamp,1090,nm,absorbance,569.8956067410683
575.983,237.65941100000003,abb5f43e-39f7-4e00-9c94-18a2b72b0413,CO2 Lamp,1091,nm,absorbance,570.0980946962783
576.186,230.68317,abb5f43e-39f7-4e00-9c94-18a2b72b0413,CO2 Lamp,1092,nm,absorbance,570.2995900634728
576.389,230.854905,abb5f43e-39f7-4e00-9c94-18a2b72b0413,CO2 Lamp,1093,nm,absorbance,570.5010854306671
576.593,227.139411,abb5f43e-39f7-4e00-9c94-18a2b72b0413,CO2 Lamp,1094,nm,absorbance,570.7035733858772
576.796,232.12477,abb5f43e-39f7-4e00-9c94-18a2b72b0413,CO2 Lamp,1095,nm,absorbance,570.9050687530716
577.0,233.762189,abb5f43e-39f7-4e00-9c94-18a2b72b0413,CO2 Lamp,1096,nm,absorbance,571.1075567082818
577.203,231.675451,abb5f43e-39f7-4e00-9c94-18a2b72b0413,CO2 Lamp,1097,nm,absorbance,571.3090520754761
577.406,227.792722,abb5f43e-39f7-4e00-9c94-18a2b72b0413,CO2 Lamp,1098,nm,absorbance,571.5105474426704
577.609,224.952491,abb5f43e-39f7-4e00-9c94-18a2b72b0413,CO2 Lamp,1099,nm,absorbance,571.7120428098649
577.813,230.70371899999995,abb5f43e-39f7-4e00-9c94-18a2b72b0413,CO2 Lamp,1100,nm,absorbance,571.9145307650749
578.016,229.148003,abb5f43e-39f7-4e00-9c94-18a2b72b0413,CO2 Lamp,1101,nm,absorbance,572.1160261322693
578.219,227.483041,abb5f43e-39f7-4e00-9c94-18a2b72b0413,CO2 Lamp,1102,nm,absorbance,572.3175214994637
578.423,222.873915,abb5f43e-39f7-4e00-9c94-18a2b72b0413,CO2 Lamp,1103,nm,absorbance,572.5200094546739
578.626,220.78034500000004,abb5f43e-39f7-4e00-9c94-18a2b72b0413,CO2 Lamp,1104,nm,absorbance,572.7215048218682
578.829,216.924567,abb5f43e-39f7-4e00-9c94-18a2b72b0413,CO2 Lamp,1105,nm,absorbance,572.9230001890625
579.032,211.687203,abb5f43e-39f7-4e00-9c94-18a2b72b0413,CO2 Lamp,1106,nm,absorbance,573.124495556257
579.235,214.286833,abb5f43e-39f7-4e00-9c94-18a2b72b0413,CO2 Lamp,1107,nm,absorbance,573.3259909234513
579.438,216.408883,abb5f43e-39f7-4e00-9c94-18a2b72b0413,CO2 Lamp,1108,nm,absorbance,573.5274862906457
579.642,214.097206,abb5f43e-39f7-4e00-9c94-18a2b72b0413,CO2 Lamp,1109,nm,absorbance,573.7299742458558
579.845,210.838836,abb5f43e-39f7-4e00-9c94-18a2b72b0413,CO2 Lamp,1110,nm,absorbance,573.9314696130502
580.048,207.086074,abb5f43e-39f7-4e00-9c94-18a2b72b0413,CO2 Lamp,1111,nm,absorbance,574.1329649802445
580.251,211.873382,abb5f43e-39f7-4e00-9c94-18a2b72b0413,CO2 Lamp,1112,nm,absorbance,574.334460347439
580.454,212.439465,abb5f43e-39f7-4e00-9c94-18a2b72b0413,CO2 Lamp,1113,nm,absorbance,574.5359557146332
580.657,217.38601,abb5f43e-39f7-4e00-9c94-18a2b72b0413,CO2 Lamp,1114,nm,absorbance,574.7374510818277
580.86,213.903007,abb5f43e-39f7-4e00-9c94-18a2b72b0413,CO2 Lamp,1115,nm,absorbance,574.9389464490221
581.063,217.033802,abb5f43e-39f7-4e00-9c94-18a2b72b0413,CO2 Lamp,1116,nm,absorbance,575.1404418162164
581.266,214.69453600000003,abb5f43e-39f7-4e00-9c94-18a2b72b0413,CO2 Lamp,1117,nm,absorbance,575.3419371834108
581.469,214.668865,abb5f43e-39f7-4e00-9c94-18a2b72b0413,CO2 Lamp,1118,nm,absorbance,575.5434325506052
581.672,216.480927,abb5f43e-39f7-4e00-9c94-18a2b72b0413,CO2 Lamp,1119,nm,absorbance,575.7449279177996
581.875,212.19708899999995,abb5f43e-39f7-4e00-9c94-18a2b72b0413,CO2 Lamp,1120,nm,absorbance,575.9464232849939
582.078,214.303954,abb5f43e-39f7-4e00-9c94-18a2b72b0413,CO2 Lamp,1121,nm,absorbance,576.1479186521883
582.281,213.314879,abb5f43e-39f7-4e00-9c94-18a2b72b0413,CO2 Lamp,1122,nm,absorbance,576.3494140193826
582.484,221.096572,abb5f43e-39f7-4e00-9c94-18a2b72b0413,CO2 Lamp,1123,nm,absorbance,576.550909386577
582.687,220.35792,abb5f43e-39f7-4e00-9c94-18a2b72b0413,CO2 Lamp,1124,nm,absorbance,576.7524047537714
582.89,216.18686,abb5f43e-39f7-4e00-9c94-18a2b72b0413,CO2 Lamp,1125,nm,absorbance,576.9539001209657
583.093,218.269838,abb5f43e-39f7-4e00-9c94-18a2b72b0413,CO2 Lamp,1126,nm,absorbance,577.1553954881601
583.296,224.440712,abb5f43e-39f7-4e00-9c94-18a2b72b0413,CO2 Lamp,1127,nm,absorbance,577.3568908553545
583.499,225.672868,abb5f43e-39f7-4e00-9c94-18a2b72b0413,CO2 Lamp,1128,nm,absorbance,577.558386222549
583.702,216.89928200000003,abb5f43e-39f7-4e00-9c94-18a2b72b0413,CO2 Lamp,1129,nm,absorbance,577.7598815897433
583.904,217.740691,abb5f43e-39f7-4e00-9c94-18a2b72b0413,CO2 Lamp,1130,nm,absorbance,577.960384368922
584.107,222.09989600000003,abb5f43e-39f7-4e00-9c94-18a2b72b0413,CO2 Lamp,1131,nm,absorbance,578.1618797361162
584.31,224.860937,abb5f43e-39f7-4e00-9c94-18a2b72b0413,CO2 Lamp,1132,nm,absorbance,578.3633751033107
584.513,218.880842,abb5f43e-39f7-4e00-9c94-18a2b72b0413,CO2 Lamp,1133,nm,absorbance,578.5648704705051
584.716,215.115766,abb5f43e-39f7-4e00-9c94-18a2b72b0413,CO2 Lamp,1134,nm,absorbance,578.7663658376994
584.918,220.944133,abb5f43e-39f7-4e00-9c94-18a2b72b0413,CO2 Lamp,1135,nm,absorbance,578.9668686168781
585.121,219.779424,abb5f43e-39f7-4e00-9c94-18a2b72b0413,CO2 Lamp,1136,nm,absorbance,579.1683639840724
585.324,220.847028,abb5f43e-39f7-4e00-9c94-18a2b72b0413,CO2 Lamp,1137,nm,absorbance,579.3698593512668
585.527,211.656591,abb5f43e-39f7-4e00-9c94-18a2b72b0413,CO2 Lamp,1138,nm,absorbance,579.5713547184612
585.729,212.808946,abb5f43e-39f7-4e00-9c94-18a2b72b0413,CO2 Lamp,1139,nm,absorbance,579.7718574976399
585.932,211.072872,abb5f43e-39f7-4e00-9c94-18a2b72b0413,CO2 Lamp,1140,nm,absorbance,579.9733528648342
586.135,214.655949,abb5f43e-39f7-4e00-9c94-18a2b72b0413,CO2 Lamp,1141,nm,absorbance,580.1748482320286
586.337,218.913168,abb5f43e-39f7-4e00-9c94-18a2b72b0413,CO2 Lamp,1142,nm,absorbance,580.3753510112072
586.54,217.463758,abb5f43e-39f7-4e00-9c94-18a2b72b0413,CO2 Lamp,1143,nm,absorbance,580.5768463784016
586.743,219.417487,abb5f43e-39f7-4e00-9c94-18a2b72b0413,CO2 Lamp,1144,nm,absorbance,580.778341745596
586.945,213.517236,abb5f43e-39f7-4e00-9c94-18a2b72b0413,CO2 Lamp,1145,nm,absorbance,580.9788445247747
587.148,215.930998,abb5f43e-39f7-4e00-9c94-18a2b72b0413,CO2 Lamp,1146,nm,absorbance,581.180339891969
587.35,213.35556,abb5f43e-39f7-4e00-9c94-18a2b72b0413,CO2 Lamp,1147,nm,absorbance,581.3808426711477
587.553,217.435827,abb5f43e-39f7-4e00-9c94-18a2b72b0413,CO2 Lamp,1148,nm,absorbance,581.582338038342
587.755,219.394624,abb5f43e-39f7-4e00-9c94-18a2b72b0413,CO2 Lamp,1149,nm,absorbance,581.7828408175207
587.958,219.76018600000003,abb5f43e-39f7-4e00-9c94-18a2b72b0413,CO2 Lamp,1150,nm,absorbance,581.984336184715
588.161,218.563257,abb5f43e-39f7-4e00-9c94-18a2b72b0413,CO2 Lamp,1151,nm,absorbance,582.1858315519094
588.363,213.360623,abb5f43e-39f7-4e00-9c94-18a2b72b0413,CO2 Lamp,1152,nm,absorbance,582.386334331088
588.566,215.479635,abb5f43e-39f7-4e00-9c94-18a2b72b0413,CO2 Lamp,1153,nm,absorbance,582.5878296982823
588.768,214.90097100000003,abb5f43e-39f7-4e00-9c94-18a2b72b0413,CO2 Lamp,1154,nm,absorbance,582.788332477461
588.971,215.561083,abb5f43e-39f7-4e00-9c94-18a2b72b0413,CO2 Lamp,1155,nm,absorbance,582.9898278446553
589.173,209.145257,abb5f43e-39f7-4e00-9c94-18a2b72b0413,CO2 Lamp,1156,nm,absorbance,583.190330623834
589.375,204.337205,abb5f43e-39f7-4e00-9c94-18a2b72b0413,CO2 Lamp,1157,nm,absorbance,583.3908334030126
589.578,201.374686,abb5f43e-39f7-4e00-9c94-18a2b72b0413,CO2 Lamp,1158,nm,absorbance,583.592328770207
589.78,199.818937,abb5f43e-39f7-4e00-9c94-18a2b72b0413,CO2 Lamp,1159,nm,absorbance,583.7928315493856
589.983,197.900789,abb5f43e-39f7-4e00-9c94-18a2b72b0413,CO2 Lamp,1160,nm,absorbance,583.99432691658
590.185,199.775678,abb5f43e-39f7-4e00-9c94-18a2b72b0413,CO2 Lamp,1161,nm,absorbance,584.1948296957586
590.387,200.088566,abb5f43e-39f7-4e00-9c94-18a2b72b0413,CO2 Lamp,1162,nm,absorbance,584.3953324749373
590.59,201.251422,abb5f43e-39f7-4e00-9c94-18a2b72b0413,CO2 Lamp,1163,nm,absorbance,584.5968278421317
590.792,199.842391,abb5f43e-39f7-4e00-9c94-18a2b72b0413,CO2 Lamp,1164,nm,absorbance,584.7973306213104
590.994,201.152828,abb5f43e-39f7-4e00-9c94-18a2b72b0413,CO2 Lamp,1165,nm,absorbance,584.997833400489
591.197,201.48401,abb5f43e-39f7-4e00-9c94-18a2b72b0413,CO2 Lamp,1166,nm,absorbance,585.1993287676834
591.399,199.175164,abb5f43e-39f7-4e00-9c94-18a2b72b0413,CO2 Lamp,1167,nm,absorbance,585.399831546862
591.601,195.959803,abb5f43e-39f7-4e00-9c94-18a2b72b0413,CO2 Lamp,1168,nm,absorbance,585.6003343260406
591.803,193.432602,abb5f43e-39f7-4e00-9c94-18a2b72b0413,CO2 Lamp,1169,nm,absorbance,585.8008371052192
592.006,193.243228,abb5f43e-39f7-4e00-9c94-18a2b72b0413,CO2 Lamp,1170,nm,absorbance,586.0023324724136
592.208,193.865619,abb5f43e-39f7-4e00-9c94-18a2b72b0413,CO2 Lamp,1171,nm,absorbance,586.2028352515922
592.41,194.95180700000003,abb5f43e-39f7-4e00-9c94-18a2b72b0413,CO2 Lamp,1172,nm,absorbance,586.4033380307709
592.612,195.586948,abb5f43e-39f7-4e00-9c94-18a2b72b0413,CO2 Lamp,1173,nm,absorbance,586.6038408099495
592.815,197.487627,abb5f43e-39f7-4e00-9c94-18a2b72b0413,CO2 Lamp,1174,nm,absorbance,586.805336177144
593.017,196.400428,abb5f43e-39f7-4e00-9c94-18a2b72b0413,CO2 Lamp,1175,nm,absorbance,587.0058389563226
593.219,190.383288,abb5f43e-39f7-4e00-9c94-18a2b72b0413,CO2 Lamp,1176,nm,absorbance,587.2063417355013
593.421,187.803864,abb5f43e-39f7-4e00-9c94-18a2b72b0413,CO2 Lamp,1177,nm,absorbance,587.4068445146798
593.623,186.042694,abb5f43e-39f7-4e00-9c94-18a2b72b0413,CO2 Lamp,1178,nm,absorbance,587.6073472938585
593.825,190.904755,abb5f43e-39f7-4e00-9c94-18a2b72b0413,CO2 Lamp,1179,nm,absorbance,587.8078500730371
594.027,190.87659000000005,abb5f43e-39f7-4e00-9c94-18a2b72b0413,CO2 Lamp,1180,nm,absorbance,588.0083528522158
594.229,188.846459,abb5f43e-39f7-4e00-9c94-18a2b72b0413,CO2 Lamp,1181,nm,absorbance,588.2088556313944
594.432,186.256735,abb5f43e-39f7-4e00-9c94-18a2b72b0413,CO2 Lamp,1182,nm,absorbance,588.4103509985888
594.634,183.399086,abb5f43e-39f7-4e00-9c94-18a2b72b0413,CO2 Lamp,1183,nm,absorbance,588.6108537777674
594.836,183.795093,abb5f43e-39f7-4e00-9c94-18a2b72b0413,CO2 Lamp,1184,nm,absorbance,588.8113565569461
595.038,190.835029,abb5f43e-39f7-4e00-9c94-18a2b72b0413,CO2 Lamp,1185,nm,absorbance,589.0118593361246
595.24,194.824274,abb5f43e-39f7-4e00-9c94-18a2b72b0413,CO2 Lamp,1186,nm,absorbance,589.2123621153033
595.442,191.75788300000005,abb5f43e-39f7-4e00-9c94-18a2b72b0413,CO2 Lamp,1187,nm,absorbance,589.412864894482
595.644,184.420407,abb5f43e-39f7-4e00-9c94-18a2b72b0413,CO2 Lamp,1188,nm,absorbance,589.6133676736606
595.846,175.754727,abb5f43e-39f7-4e00-9c94-18a2b72b0413,CO2 Lamp,1189,nm,absorbance,589.8138704528393
596.048,179.10207300000002,abb5f43e-39f7-4e00-9c94-18a2b72b0413,CO2 Lamp,1190,nm,absorbance,590.0143732320179
596.249,178.08129499999998,abb5f43e-39f7-4e00-9c94-18a2b72b0413,CO2 Lamp,1191,nm,absorbance,590.2138834231808
596.451,180.611772,abb5f43e-39f7-4e00-9c94-18a2b72b0413,CO2 Lamp,1192,nm,absorbance,590.4143862023594
596.653,175.611969,abb5f43e-39f7-4e00-9c94-18a2b72b0413,CO2 Lamp,1193,nm,absorbance,590.6148889815381
596.855,174.45730900000004,abb5f43e-39f7-4e00-9c94-18a2b72b0413,CO2 Lamp,1194,nm,absorbance,590.8153917607167
597.057,177.570817,abb5f43e-39f7-4e00-9c94-18a2b72b0413,CO2 Lamp,1195,nm,absorbance,591.0158945398954
597.259,176.862953,abb5f43e-39f7-4e00-9c94-18a2b72b0413,CO2 Lamp,1196,nm,absorbance,591.216397319074
597.461,174.020328,abb5f43e-39f7-4e00-9c94-18a2b72b0413,CO2 Lamp,1197,nm,absorbance,591.4169000982527
597.663,171.309348,abb5f43e-39f7-4e00-9c94-18a2b72b0413,CO2 Lamp,1198,nm,absorbance,591.6174028774312
597.864,174.13365800000005,abb5f43e-39f7-4e00-9c94-18a2b72b0413,CO2 Lamp,1199,nm,absorbance,591.8169130685942
598.066,174.239736,abb5f43e-39f7-4e00-9c94-18a2b72b0413,CO2 Lamp,1200,nm,absorbance,592.0174158477728
598.268,174.045401,abb5f43e-39f7-4e00-9c94-18a2b72b0413,CO2 Lamp,1201,nm,absorbance,592.2179186269515
598.47,174.79048,abb5f43e-39f7-4e00-9c94-18a2b72b0413,CO2 Lamp,1202,nm,absorbance,592.41842140613
598.671,175.53320499999998,abb5f43e-39f7-4e00-9c94-18a2b72b0413,CO2 Lamp,1203,nm,absorbance,592.617931597293
598.873,167.921298,abb5f43e-39f7-4e00-9c94-18a2b72b0413,CO2 Lamp,1204,nm,absorbance,592.8184343764716
599.075,162.192498,abb5f43e-39f7-4e00-9c94-18a2b72b0413,CO2 Lamp,1205,nm,absorbance,593.0189371556503
599.277,160.94554000000002,abb5f43e-39f7-4e00-9c94-18a2b72b0413,CO2 Lamp,1206,nm,absorbance,593.219439934829
599.478,163.526406,abb5f43e-39f7-4e00-9c94-18a2b72b0413,CO2 Lamp,1207,nm,absorbance,593.4189501259917
599.68,165.99028600000003,abb5f43e-39f7-4e00-9c94-18a2b72b0413,CO2 Lamp,1208,nm,absorbance,593.6194529051704
599.882,168.92692300000002,abb5f43e-39f7-4e00-9c94-18a2b72b0413,CO2 Lamp,1209,nm,absorbance,593.819955684349
600.083,172.579635,abb5f43e-39f7-4e00-9c94-18a2b72b0413,CO2 Lamp,1210,nm,absorbance,594.019465875512
600.285,171.365329,abb5f43e-39f7-4e00-9c94-18a2b72b0413,CO2 Lamp,1211,nm,absorbance,594.2199686546905
600.487,166.90354899999997,abb5f43e-39f7-4e00-9c94-18a2b72b0413,CO2 Lamp,1212,nm,absorbance,594.4204714338692
600.688,165.45489400000002,abb5f43e-39f7-4e00-9c94-18a2b72b0413,CO2 Lamp,1213,nm,absorbance,594.6199816250321
600.89,167.69554799999997,abb5f43e-39f7-4e00-9c94-18a2b72b0413,CO2 Lamp,1214,nm,absorbance,594.8204844042108
601.091,169.03654,abb5f43e-39f7-4e00-9c94-18a2b72b0413,CO2 Lamp,1215,nm,absorbance,595.0199945953736
601.293,171.542186,abb5f43e-39f7-4e00-9c94-18a2b72b0413,CO2 Lamp,1216,nm,absorbance,595.2204973745523
601.494,173.04534900000002,abb5f43e-39f7-4e00-9c94-18a2b72b0413,CO2 Lamp,1217,nm,absorbance,595.4200075657153
601.696,177.140433,abb5f43e-39f7-4e00-9c94-18a2b72b0413,CO2 Lamp,1218,nm,absorbance,595.6205103448939
601.898,179.04191300000002,abb5f43e-39f7-4e00-9c94-18a2b72b0413,CO2 Lamp,1219,nm,absorbance,595.8210131240726
602.099,181.182925,abb5f43e-39f7-4e00-9c94-18a2b72b0413,CO2 Lamp,1220,nm,absorbance,596.0205233152354
602.301,178.976311,abb5f43e-39f7-4e00-9c94-18a2b72b0413,CO2 Lamp,1221,nm,absorbance,596.2210260944141
602.502,177.94619300000002,abb5f43e-39f7-4e00-9c94-18a2b72b0413,CO2 Lamp,1222,nm,absorbance,596.4205362855769
602.703,178.03515699999997,abb5f43e-39f7-4e00-9c94-18a2b72b0413,CO2 Lamp,1223,nm,absorbance,596.6200464767398
602.905,179.98236500000002,abb5f43e-39f7-4e00-9c94-18a2b72b0413,CO2 Lamp,1224,nm,absorbance,596.8205492559184
603.106,178.69029700000002,abb5f43e-39f7-4e00-9c94-18a2b72b0413,CO2 Lamp,1225,nm,absorbance,597.0200594470814
603.308,180.71277,abb5f43e-39f7-4e00-9c94-18a2b72b0413,CO2 Lamp,1226,nm,absorbance,597.22056222626
603.509,183.514919,abb5f43e-39f7-4e00-9c94-18a2b72b0413,CO2 Lamp,1227,nm,absorbance,597.420072417423
603.711,187.993727,abb5f43e-39f7-4e00-9c94-18a2b72b0413,CO2 Lamp,1228,nm,absorbance,597.6205751966016
603.912,189.139763,abb5f43e-39f7-4e00-9c94-18a2b72b0413,CO2 Lamp,1229,nm,absorbance,597.8200853877645
604.113,193.599214,abb5f43e-39f7-4e00-9c94-18a2b72b0413,CO2 Lamp,1230,nm,absorbance,598.0195955789275
604.315,196.613972,abb5f43e-39f7-4e00-9c94-18a2b72b0413,CO2 Lamp,1231,nm,absorbance,598.220098358106
604.516,201.355912,abb5f43e-39f7-4e00-9c94-18a2b72b0413,CO2 Lamp,1232,nm,absorbance,598.4196085492689
604.717,201.890664,abb5f43e-39f7-4e00-9c94-18a2b72b0413,CO2 Lamp,1233,nm,absorbance,598.6191187404318
604.919,202.688024,abb5f43e-39f7-4e00-9c94-18a2b72b0413,CO2 Lamp,1234,nm,absorbance,598.8196215196105
605.12,206.590189,abb5f43e-39f7-4e00-9c94-18a2b72b0413,CO2 Lamp,1235,nm,absorbance,599.0191317107733
605.321,210.963989,abb5f43e-39f7-4e00-9c94-18a2b72b0413,CO2 Lamp,1236,nm,absorbance,599.2186419019363
605.522,213.870322,abb5f43e-39f7-4e00-9c94-18a2b72b0413,CO2 Lamp,1237,nm,absorbance,599.4181520930993
605.724,215.230354,abb5f43e-39f7-4e00-9c94-18a2b72b0413,CO2 Lamp,1238,nm,absorbance,599.6186548722778
605.925,219.349292,abb5f43e-39f7-4e00-9c94-18a2b72b0413,CO2 Lamp,1239,nm,absorbance,599.8181650634407
606.126,223.75413000000003,abb5f43e-39f7-4e00-9c94-18a2b72b0413,CO2 Lamp,1240,nm,absorbance,600.0176752546035
606.327,228.48023999999995,abb5f43e-39f7-4e00-9c94-18a2b72b0413,CO2 Lamp,1241,nm,absorbance,600.2171854457665
606.528,230.100541,abb5f43e-39f7-4e00-9c94-18a2b72b0413,CO2 Lamp,1242,nm,absorbance,600.4166956369294
606.729,238.905558,abb5f43e-39f7-4e00-9c94-18a2b72b0413,CO2 Lamp,1243,nm,absorbance,600.6162058280923
606.931,247.042907,abb5f43e-39f7-4e00-9c94-18a2b72b0413,CO2 Lamp,1244,nm,absorbance,600.816708607271
607.132,257.84517800000003,abb5f43e-39f7-4e00-9c94-18a2b72b0413,CO2 Lamp,1245,nm,absorbance,601.0162187984338
607.333,263.020817,abb5f43e-39f7-4e00-9c94-18a2b72b0413,CO2 Lamp,1246,nm,absorbance,601.2157289895968
607.534,265.470336,abb5f43e-39f7-4e00-9c94-18a2b72b0413,CO2 Lamp,1247,nm,absorbance,601.4152391807596
607.735,266.998529,abb5f43e-39f7-4e00-9c94-18a2b72b0413,CO2 Lamp,1248,nm,absorbance,601.6147493719226
607.936,270.778269,abb5f43e-39f7-4e00-9c94-18a2b72b0413,CO2 Lamp,1249,nm,absorbance,601.8142595630854
608.137,279.050926,abb5f43e-39f7-4e00-9c94-18a2b72b0413,CO2 Lamp,1250,nm,absorbance,602.0137697542483
608.338,285.3561900000001,abb5f43e-39f7-4e00-9c94-18a2b72b0413,CO2 Lamp,1251,nm,absorbance,602.2132799454113
608.539,290.92158299999994,abb5f43e-39f7-4e00-9c94-18a2b72b0413,CO2 Lamp,1252,nm,absorbance,602.4127901365741
608.74,290.625145,abb5f43e-39f7-4e00-9c94-18a2b72b0413,CO2 Lamp,1253,nm,absorbance,602.6123003277371
608.941,294.51948000000004,abb5f43e-39f7-4e00-9c94-18a2b72b0413,CO2 Lamp,1254,nm,absorbance,602.8118105189
609.142,300.041868,abb5f43e-39f7-4e00-9c94-18a2b72b0413,CO2 Lamp,1255,nm,absorbance,603.0113207100629
609.343,305.701922,abb5f43e-39f7-4e00-9c94-18a2b72b0413,CO2 Lamp,1256,nm,absorbance,603.2108309012258
609.544,311.019018,abb5f43e-39f7-4e00-9c94-18a2b72b0413,CO2 Lamp,1257,nm,absorbance,603.4103410923886
609.745,308.99662900000004,abb5f43e-39f7-4e00-9c94-18a2b72b0413,CO2 Lamp,1258,nm,absorbance,603.6098512835516
609.946,307.14006600000005,abb5f43e-39f7-4e00-9c94-18a2b72b0413,CO2 Lamp,1259,nm,absorbance,603.8093614747145
610.147,306.183079,abb5f43e-39f7-4e00-9c94-18a2b72b0413,CO2 Lamp,1260,nm,absorbance,604.0088716658775
610.348,310.080437,abb5f43e-39f7-4e00-9c94-18a2b72b0413,CO2 Lamp,1261,nm,absorbance,604.2083818570402
610.549,316.563064,abb5f43e-39f7-4e00-9c94-18a2b72b0413,CO2 Lamp,1262,nm,absorbance,604.4078920482032
610.75,322.448864,abb5f43e-39f7-4e00-9c94-18a2b72b0413,CO2 Lamp,1263,nm,absorbance,604.6074022393661
610.95,318.81064000000003,abb5f43e-39f7-4e00-9c94-18a2b72b0413,CO2 Lamp,1264,nm,absorbance,604.8059198425133
611.151,316.087907,abb5f43e-39f7-4e00-9c94-18a2b72b0413,CO2 Lamp,1265,nm,absorbance,605.0054300336761
611.352,310.531163,abb5f43e-39f7-4e00-9c94-18a2b72b0413,CO2 Lamp,1266,nm,absorbance,605.204940224839
611.553,314.73161200000004,abb5f43e-39f7-4e00-9c94-18a2b72b0413,CO2 Lamp,1267,nm,absorbance,605.404450416002
611.754,312.531022,abb5f43e-39f7-4e00-9c94-18a2b72b0413,CO2 Lamp,1268,nm,absorbance,605.6039606071649
611.954,309.196601,abb5f43e-39f7-4e00-9c94-18a2b72b0413,CO2 Lamp,1269,nm,absorbance,605.802478210312
612.155,302.510853,abb5f43e-39f7-4e00-9c94-18a2b72b0413,CO2 Lamp,1270,nm,absorbance,606.0019884014749
612.356,298.83747900000003,abb5f43e-39f7-4e00-9c94-18a2b72b0413,CO2 Lamp,1271,nm,absorbance,606.2014985926378
612.557,300.708575,abb5f43e-39f7-4e00-9c94-18a2b72b0413,CO2 Lamp,1272,nm,absorbance,606.4010087838008
612.757,299.60176299999995,abb5f43e-39f7-4e00-9c94-18a2b72b0413,CO2 Lamp,1273,nm,absorbance,606.5995263869479
612.958,296.0205649999999,abb5f43e-39f7-4e00-9c94-18a2b72b0413,CO2 Lamp,1274,nm,absorbance,606.7990365781108
613.159,288.83440800000005,abb5f43e-39f7-4e00-9c94-18a2b72b0413,CO2 Lamp,1275,nm,absorbance,606.9985467692737
613.359,287.0001430000001,abb5f43e-39f7-4e00-9c94-18a2b72b0413,CO2 Lamp,1276,nm,absorbance,607.1970643724209
613.56,280.572022,abb5f43e-39f7-4e00-9c94-18a2b72b0413,CO2 Lamp,1277,nm,absorbance,607.3965745635837
613.761,277.366375,abb5f43e-39f7-4e00-9c94-18a2b72b0413,CO2 Lamp,1278,nm,absorbance,607.5960847547467
613.961,271.11111900000003,abb5f43e-39f7-4e00-9c94-18a2b72b0413,CO2 Lamp,1279,nm,absorbance,607.7946023578938
614.162,269.18059900000003,abb5f43e-39f7-4e00-9c94-18a2b72b0413,CO2 Lamp,1280,nm,absorbance,607.9941125490568
614.362,266.076002,abb5f43e-39f7-4e00-9c94-18a2b72b0413,CO2 Lamp,1281,nm,absorbance,608.192630152204
614.563,263.2476009999999,abb5f43e-39f7-4e00-9c94-18a2b72b0413,CO2 Lamp,1282,nm,absorbance,608.3921403433668
614.764,258.854229,abb5f43e-39f7-4e00-9c94-18a2b72b0413,CO2 Lamp,1283,nm,absorbance,608.5916505345298
614.964,252.086143,abb5f43e-39f7-4e00-9c94-18a2b72b0413,CO2 Lamp,1284,nm,absorbance,608.7901681376769
615.165,245.98869499999995,abb5f43e-39f7-4e00-9c94-18a2b72b0413,CO2 Lamp,1285,nm,absorbance,608.9896783288398
615.365,242.465681,abb5f43e-39f7-4e00-9c94-18a2b72b0413,CO2 Lamp,1286,nm,absorbance,609.188195931987
615.566,240.78737900000004,abb5f43e-39f7-4e00-9c94-18a2b72b0413,CO2 Lamp,1287,nm,absorbance,609.3877061231499
615.766,239.00508800000003,abb5f43e-39f7-4e00-9c94-18a2b72b0413,CO2 Lamp,1288,nm,absorbance,609.586223726297
615.967,237.26728000000003,abb5f43e-39f7-4e00-9c94-18a2b72b0413,CO2 Lamp,1289,nm,absorbance,609.7857339174599
616.167,232.51580000000004,abb5f43e-39f7-4e00-9c94-18a2b72b0413,CO2 Lamp,1290,nm,absorbance,609.9842515206071
616.368,229.204344,abb5f43e-39f7-4e00-9c94-18a2b72b0413,CO2 Lamp,1291,nm,absorbance,610.1837617117701
616.568,223.923667,abb5f43e-39f7-4e00-9c94-18a2b72b0413,CO2 Lamp,1292,nm,absorbance,610.3822793149171
616.768,220.604939,abb5f43e-39f7-4e00-9c94-18a2b72b0413,CO2 Lamp,1293,nm,absorbance,610.5807969180644
616.969,214.028611,abb5f43e-39f7-4e00-9c94-18a2b72b0413,CO2 Lamp,1294,nm,absorbance,610.7803071092274
617.169,206.395367,abb5f43e-39f7-4e00-9c94-18a2b72b0413,CO2 Lamp,1295,nm,absorbance,610.9788247123744
617.37,201.045024,abb5f43e-39f7-4e00-9c94-18a2b72b0413,CO2 Lamp,1296,nm,absorbance,611.1783349035373
617.57,199.464861,abb5f43e-39f7-4e00-9c94-18a2b72b0413,CO2 Lamp,1297,nm,absorbance,611.3768525066845
617.77,199.601531,abb5f43e-39f7-4e00-9c94-18a2b72b0413,CO2 Lamp,1298,nm,absorbance,611.5753701098316
617.971,196.170333,abb5f43e-39f7-4e00-9c94-18a2b72b0413,CO2 Lamp,1299,nm,absorbance,611.7748803009946
618.171,187.017339,abb5f43e-39f7-4e00-9c94-18a2b72b0413,CO2 Lamp,1300,nm,absorbance,611.9733979041417
618.371,185.645961,abb5f43e-39f7-4e00-9c94-18a2b72b0413,CO2 Lamp,1301,nm,absorbance,612.1719155072889
618.571,187.250025,abb5f43e-39f7-4e00-9c94-18a2b72b0413,CO2 Lamp,1302,nm,absorbance,612.3704331104361
618.772,188.722336,abb5f43e-39f7-4e00-9c94-18a2b72b0413,CO2 Lamp,1303,nm,absorbance,612.569943301599
618.972,181.85482,abb5f43e-39f7-4e00-9c94-18a2b72b0413,CO2 Lamp,1304,nm,absorbance,612.7684609047461
619.172,173.997197,abb5f43e-39f7-4e00-9c94-18a2b72b0413,CO2 Lamp,1305,nm,absorbance,612.9669785078933
619.372,172.98726499999998,abb5f43e-39f7-4e00-9c94-18a2b72b0413,CO2 Lamp,1306,nm,absorbance,613.1654961110404
619.573,173.151952,abb5f43e-39f7-4e00-9c94-18a2b72b0413,CO2 Lamp,1307,nm,absorbance,613.3650063022034
619.773,169.20096200000003,abb5f43e-39f7-4e00-9c94-18a2b72b0413,CO2 Lamp,1308,nm,absorbance,613.5635239053505
619.973,162.249326,abb5f43e-39f7-4e00-9c94-18a2b72b0413,CO2 Lamp,1309,nm,absorbance,613.7620415084976
620.173,156.84832999999998,abb5f43e-39f7-4e00-9c94-18a2b72b0413,CO2 Lamp,1310,nm,absorbance,613.9605591116449
620.373,152.39991500000002,abb5f43e-39f7-4e00-9c94-18a2b72b0413,CO2 Lamp,1311,nm,absorbance,614.159076714792
620.573,151.11019900000002,abb5f43e-39f7-4e00-9c94-18a2b72b0413,CO2 Lamp,1312,nm,absorbance,614.3575943179392
620.774,149.36398300000002,abb5f43e-39f7-4e00-9c94-18a2b72b0413,CO2 Lamp,1313,nm,absorbance,614.5571045091021
620.974,148.355256,abb5f43e-39f7-4e00-9c94-18a2b72b0413,CO2 Lamp,1314,nm,absorbance,614.7556221122493
621.174,148.87915600000002,abb5f43e-39f7-4e00-9c94-18a2b72b0413,CO2 Lamp,1315,nm,absorbance,614.9541397153964
621.374,148.62381,abb5f43e-39f7-4e00-9c94-18a2b72b0413,CO2 Lamp,1316,nm,absorbance,615.1526573185436
621.574,147.01131599999997,abb5f43e-39f7-4e00-9c94-18a2b72b0413,CO2 Lamp,1317,nm,absorbance,615.3511749216907
621.774,149.434227,abb5f43e-39f7-4e00-9c94-18a2b72b0413,CO2 Lamp,1318,nm,absorbance,615.549692524838
621.974,147.889893,abb5f43e-39f7-4e00-9c94-18a2b72b0413,CO2 Lamp,1319,nm,absorbance,615.7482101279851
622.174,149.959206,abb5f43e-39f7-4e00-9c94-18a2b72b0413,CO2 Lamp,1320,nm,absorbance,615.9467277311322
622.374,143.388492,abb5f43e-39f7-4e00-9c94-18a2b72b0413,CO2 Lamp,1321,nm,absorbance,616.1452453342795
622.574,142.23263200000002,abb5f43e-39f7-4e00-9c94-18a2b72b0413,CO2 Lamp,1322,nm,absorbance,616.3437629374265
622.774,139.180036,abb5f43e-39f7-4e00-9c94-18a2b72b0413,CO2 Lamp,1323,nm,absorbance,616.5422805405738
622.974,141.05758599999996,abb5f43e-39f7-4e00-9c94-18a2b72b0413,CO2 Lamp,1324,nm,absorbance,616.740798143721
623.174,142.62086000000002,abb5f43e-39f7-4e00-9c94-18a2b72b0413,CO2 Lamp,1325,nm,absorbance,616.939315746868
623.374,142.310773,abb5f43e-39f7-4e00-9c94-18a2b72b0413,CO2 Lamp,1326,nm,absorbance,617.1378333500153
623.574,140.85089100000002,abb5f43e-39f7-4e00-9c94-18a2b72b0413,CO2 Lamp,1327,nm,absorbance,617.3363509531624
623.774,137.955536,abb5f43e-39f7-4e00-9c94-18a2b72b0413,CO2 Lamp,1328,nm,absorbance,617.5348685563096
623.973,141.61526399999997,abb5f43e-39f7-4e00-9c94-18a2b72b0413,CO2 Lamp,1329,nm,absorbance,617.732393571441
624.173,136.000567,abb5f43e-39f7-4e00-9c94-18a2b72b0413,CO2 Lamp,1330,nm,absorbance,617.9309111745882
624.373,129.603718,abb5f43e-39f7-4e00-9c94-18a2b72b0413,CO2 Lamp,1331,nm,absorbance,618.1294287777354
624.573,123.507529,abb5f43e-39f7-4e00-9c94-18a2b72b0413,CO2 Lamp,1332,nm,absorbance,618.3279463808825
624.773,123.36313100000002,abb5f43e-39f7-4e00-9c94-18a2b72b0413,CO2 Lamp,1333,nm,absorbance,618.5264639840298
624.973,122.65229800000002,abb5f43e-39f7-4e00-9c94-18a2b72b0413,CO2 Lamp,1334,nm,absorbance,618.7249815871768
625.172,122.028483,abb5f43e-39f7-4e00-9c94-18a2b72b0413,CO2 Lamp,1335,nm,absorbance,618.9225066023083
625.372,124.89000400000002,abb5f43e-39f7-4e00-9c94-18a2b72b0413,CO2 Lamp,1336,nm,absorbance,619.1210242054555
625.572,128.152203,abb5f43e-39f7-4e00-9c94-18a2b72b0413,CO2 Lamp,1337,nm,absorbance,619.3195418086026
625.772,123.50486800000002,abb5f43e-39f7-4e00-9c94-18a2b72b0413,CO2 Lamp,1338,nm,absorbance,619.5180594117498
625.971,121.752683,abb5f43e-39f7-4e00-9c94-18a2b72b0413,CO2 Lamp,1339,nm,absorbance,619.7155844268813
626.171,117.871178,abb5f43e-39f7-4e00-9c94-18a2b72b0413,CO2 Lamp,1340,nm,absorbance,619.9141020300284
626.371,118.715069,abb5f43e-39f7-4e00-9c94-18a2b72b0413,CO2 Lamp,1341,nm,absorbance,620.1126196331755
626.57,119.637472,abb5f43e-39f7-4e00-9c94-18a2b72b0413,CO2 Lamp,1342,nm,absorbance,620.3101446483071
626.77,120.306202,abb5f43e-39f7-4e00-9c94-18a2b72b0413,CO2 Lamp,1343,nm,absorbance,620.5086622514541
626.97,120.28914600000004,abb5f43e-39f7-4e00-9c94-18a2b72b0413,CO2 Lamp,1344,nm,absorbance,620.7071798546013
627.169,115.884126,abb5f43e-39f7-4e00-9c94-18a2b72b0413,CO2 Lamp,1345,nm,absorbance,620.9047048697328
627.369,121.76192799999998,abb5f43e-39f7-4e00-9c94-18a2b72b0413,CO2 Lamp,1346,nm,absorbance,621.1032224728799
627.569,126.434966,abb5f43e-39f7-4e00-9c94-18a2b72b0413,CO2 Lamp,1347,nm,absorbance,621.301740076027
627.768,128.06612,abb5f43e-39f7-4e00-9c94-18a2b72b0413,CO2 Lamp,1348,nm,absorbance,621.4992650911586
627.968,130.09380900000002,abb5f43e-39f7-4e00-9c94-18a2b72b0413,CO2 Lamp,1349,nm,absorbance,621.6977826943056
628.167,131.192992,abb5f43e-39f7-4e00-9c94-18a2b72b0413,CO2 Lamp,1350,nm,absorbance,621.8953077094371
628.367,133.015342,abb5f43e-39f7-4e00-9c94-18a2b72b0413,CO2 Lamp,1351,nm,absorbance,622.0938253125843
628.566,128.271681,abb5f43e-39f7-4e00-9c94-18a2b72b0413,CO2 Lamp,1352,nm,absorbance,622.2913503277157
628.766,126.360788,abb5f43e-39f7-4e00-9c94-18a2b72b0413,CO2 Lamp,1353,nm,absorbance,622.4898679308628
628.965,131.676187,abb5f43e-39f7-4e00-9c94-18a2b72b0413,CO2 Lamp,1354,nm,absorbance,622.6873929459944
629.165,134.049511,abb5f43e-39f7-4e00-9c94-18a2b72b0413,CO2 Lamp,1355,nm,absorbance,622.8859105491414
629.364,135.926631,abb5f43e-39f7-4e00-9c94-18a2b72b0413,CO2 Lamp,1356,nm,absorbance,623.0834355642729
629.564,136.912356,abb5f43e-39f7-4e00-9c94-18a2b72b0413,CO2 Lamp,1357,nm,absorbance,623.28195316742
629.763,137.27912200000003,abb5f43e-39f7-4e00-9c94-18a2b72b0413,CO2 Lamp,1358,nm,absorbance,623.4794781825515
629.963,140.64142900000002,abb5f43e-39f7-4e00-9c94-18a2b72b0413,CO2 Lamp,1359,nm,absorbance,623.6779957856986
630.162,142.218996,abb5f43e-39f7-4e00-9c94-18a2b72b0413,CO2 Lamp,1360,nm,absorbance,623.8755208008301
630.362,145.56833799999998,abb5f43e-39f7-4e00-9c94-18a2b72b0413,CO2 Lamp,1361,nm,absorbance,624.0740384039772
630.561,150.28950500000002,abb5f43e-39f7-4e00-9c94-18a2b72b0413,CO2 Lamp,1362,nm,absorbance,624.2715634191087
630.76,150.09266100000002,abb5f43e-39f7-4e00-9c94-18a2b72b0413,CO2 Lamp,1363,nm,absorbance,624.4690884342401
630.96,152.19946399999998,abb5f43e-39f7-4e00-9c94-18a2b72b0413,CO2 Lamp,1364,nm,absorbance,624.6676060373874
631.159,153.29272199999997,abb5f43e-39f7-4e00-9c94-18a2b72b0413,CO2 Lamp,1365,nm,absorbance,624.8651310525187
631.358,152.02417799999998,abb5f43e-39f7-4e00-9c94-18a2b72b0413,CO2 Lamp,1366,nm,absorbance,625.0626560676501
631.558,154.88606199999998,abb5f43e-39f7-4e00-9c94-18a2b72b0413,CO2 Lamp,1367,nm,absorbance,625.2611736707973
631.757,154.65138400000004,abb5f43e-39f7-4e00-9c94-18a2b72b0413,CO2 Lamp,1368,nm,absorbance,625.4586986859287
631.956,156.726515,abb5f43e-39f7-4e00-9c94-18a2b72b0413,CO2 Lamp,1369,nm,absorbance,625.6562237010602
632.155,154.77533699999998,abb5f43e-39f7-4e00-9c94-18a2b72b0413,CO2 Lamp,1370,nm,absorbance,625.8537487161916
632.355,154.90595100000002,abb5f43e-39f7-4e00-9c94-18a2b72b0413,CO2 Lamp,1371,nm,absorbance,626.0522663193387
632.554,159.18520400000003,abb5f43e-39f7-4e00-9c94-18a2b72b0413,CO2 Lamp,1372,nm,absorbance,626.2497913344702
632.753,164.76599600000003,abb5f43e-39f7-4e00-9c94-18a2b72b0413,CO2 Lamp,1373,nm,absorbance,626.4473163496017
632.952,162.454887,abb5f43e-39f7-4e00-9c94-18a2b72b0413,CO2 Lamp,1374,nm,absorbance,626.6448413647331
633.152,163.803142,abb5f43e-39f7-4e00-9c94-18a2b72b0413,CO2 Lamp,1375,nm,absorbance,626.8433589678802
633.351,164.091089,abb5f43e-39f7-4e00-9c94-18a2b72b0413,CO2 Lamp,1376,nm,absorbance,627.0408839830117
633.55,170.851433,abb5f43e-39f7-4e00-9c94-18a2b72b0413,CO2 Lamp,1377,nm,absorbance,627.2384089981431
633.749,171.415518,abb5f43e-39f7-4e00-9c94-18a2b72b0413,CO2 Lamp,1378,nm,absorbance,627.4359340132745
633.948,169.890867,abb5f43e-39f7-4e00-9c94-18a2b72b0413,CO2 Lamp,1379,nm,absorbance,627.6334590284059
634.147,171.20956800000002,abb5f43e-39f7-4e00-9c94-18a2b72b0413,CO2 Lamp,1380,nm,absorbance,627.8309840435375
634.346,170.992605,abb5f43e-39f7-4e00-9c94-18a2b72b0413,CO2 Lamp,1381,nm,absorbance,628.0285090586689
634.545,167.069301,abb5f43e-39f7-4e00-9c94-18a2b72b0413,CO2 Lamp,1382,nm,absorbance,628.2260340738002
634.744,166.329531,abb5f43e-39f7-4e00-9c94-18a2b72b0413,CO2 Lamp,1383,nm,absorbance,628.4235590889317
634.944,166.77656699999997,abb5f43e-39f7-4e00-9c94-18a2b72b0413,CO2 Lamp,1384,nm,absorbance,628.6220766920788
635.143,172.16700300000002,abb5f43e-39f7-4e00-9c94-18a2b72b0413,CO2 Lamp,1385,nm,absorbance,628.8196017072103
635.342,175.56014399999998,abb5f43e-39f7-4e00-9c94-18a2b72b0413,CO2 Lamp,1386,nm,absorbance,629.0171267223417
635.541,175.040843,abb5f43e-39f7-4e00-9c94-18a2b72b0413,CO2 Lamp,1387,nm,absorbance,629.2146517374732
635.74,175.56813,abb5f43e-39f7-4e00-9c94-18a2b72b0413,CO2 Lamp,1388,nm,absorbance,629.4121767526045
635.939,169.08335600000004,abb5f43e-39f7-4e00-9c94-18a2b72b0413,CO2 Lamp,1389,nm,absorbance,629.6097017677359
636.138,166.364881,abb5f43e-39f7-4e00-9c94-18a2b72b0413,CO2 Lamp,1390,nm,absorbance,629.8072267828675
636.336,162.84195600000004,abb5f43e-39f7-4e00-9c94-18a2b72b0413,CO2 Lamp,1391,nm,absorbance,630.0037592099832
636.535,164.060394,abb5f43e-39f7-4e00-9c94-18a2b72b0413,CO2 Lamp,1392,nm,absorbance,630.2012842251145
636.734,162.405482,abb5f43e-39f7-4e00-9c94-18a2b72b0413,CO2 Lamp,1393,nm,absorbance,630.398809240246
636.933,160.504108,abb5f43e-39f7-4e00-9c94-18a2b72b0413,CO2 Lamp,1394,nm,absorbance,630.5963342553774
637.132,157.656796,abb5f43e-39f7-4e00-9c94-18a2b72b0413,CO2 Lamp,1395,nm,absorbance,630.7938592705088
637.331,158.76139599999996,abb5f43e-39f7-4e00-9c94-18a2b72b0413,CO2 Lamp,1396,nm,absorbance,630.9913842856403
637.53,156.78601799999996,abb5f43e-39f7-4e00-9c94-18a2b72b0413,CO2 Lamp,1397,nm,absorbance,631.1889093007717
637.729,155.920503,abb5f43e-39f7-4e00-9c94-18a2b72b0413,CO2 Lamp,1398,nm,absorbance,631.3864343159032
637.928,149.798609,abb5f43e-39f7-4e00-9c94-18a2b72b0413,CO2 Lamp,1399,nm,absorbance,631.5839593310345
638.126,148.246229,abb5f43e-39f7-4e00-9c94-18a2b72b0413,CO2 Lamp,1400,nm,absorbance,631.7804917581502
638.325,146.718888,abb5f43e-39f7-4e00-9c94-18a2b72b0413,CO2 Lamp,1401,nm,absorbance,631.9780167732818
638.524,148.18039199999998,abb5f43e-39f7-4e00-9c94-18a2b72b0413,CO2 Lamp,1402,nm,absorbance,632.1755417884132
638.723,148.88587400000003,abb5f43e-39f7-4e00-9c94-18a2b72b0413,CO2 Lamp,1403,nm,absorbance,632.3730668035445
638.921,146.23322399999998,abb5f43e-39f7-4e00-9c94-18a2b72b0413,CO2 Lamp,1404,nm,absorbance,632.5695992306603
639.12,147.318433,abb5f43e-39f7-4e00-9c94-18a2b72b0413,CO2 Lamp,1405,nm,absorbance,632.7671242457917
639.319,144.32519000000002,abb5f43e-39f7-4e00-9c94-18a2b72b0413,CO2 Lamp,1406,nm,absorbance,632.9646492609231
639.518,147.358186,abb5f43e-39f7-4e00-9c94-18a2b72b0413,CO2 Lamp,1407,nm,absorbance,633.1621742760545
639.716,151.56291,abb5f43e-39f7-4e00-9c94-18a2b72b0413,CO2 Lamp,1408,nm,absorbance,633.3587067031702
639.915,158.844173,abb5f43e-39f7-4e00-9c94-18a2b72b0413,CO2 Lamp,1409,nm,absorbance,633.5562317183017
640.114,155.22208200000003,abb5f43e-39f7-4e00-9c94-18a2b72b0413,CO2 Lamp,1410,nm,absorbance,633.7537567334332
640.312,147.96063199999998,abb5f43e-39f7-4e00-9c94-18a2b72b0413,CO2 Lamp,1411,nm,absorbance,633.9502891605488
640.511,146.150996,abb5f43e-39f7-4e00-9c94-18a2b72b0413,CO2 Lamp,1412,nm,absorbance,634.1478141756802
640.71,147.06803799999997,abb5f43e-39f7-4e00-9c94-18a2b72b0413,CO2 Lamp,1413,nm,absorbance,634.3453391908117
640.908,150.09928100000002,abb5f43e-39f7-4e00-9c94-18a2b72b0413,CO2 Lamp,1414,nm,absorbance,634.5418716179274
641.107,148.588278,abb5f43e-39f7-4e00-9c94-18a2b72b0413,CO2 Lamp,1415,nm,absorbance,634.7393966330587
641.305,151.101841,abb5f43e-39f7-4e00-9c94-18a2b72b0413,CO2 Lamp,1416,nm,absorbance,634.9359290601744
641.504,150.30750200000003,abb5f43e-39f7-4e00-9c94-18a2b72b0413,CO2 Lamp,1417,nm,absorbance,635.133454075306
641.702,154.04226899999998,abb5f43e-39f7-4e00-9c94-18a2b72b0413,CO2 Lamp,1418,nm,absorbance,635.3299865024217
641.901,151.06649499999995,abb5f43e-39f7-4e00-9c94-18a2b72b0413,CO2 Lamp,1419,nm,absorbance,635.527511517553
642.099,151.55479299999996,abb5f43e-39f7-4e00-9c94-18a2b72b0413,CO2 Lamp,1420,nm,absorbance,635.7240439446688
642.298,151.08582900000002,abb5f43e-39f7-4e00-9c94-18a2b72b0413,CO2 Lamp,1421,nm,absorbance,635.9215689598002
642.496,152.341995,abb5f43e-39f7-4e00-9c94-18a2b72b0413,CO2 Lamp,1422,nm,absorbance,636.1181013869159
642.695,151.673637,abb5f43e-39f7-4e00-9c94-18a2b72b0413,CO2 Lamp,1423,nm,absorbance,636.3156264020473
642.893,151.212006,abb5f43e-39f7-4e00-9c94-18a2b72b0413,CO2 Lamp,1424,nm,absorbance,636.512158829163
643.092,154.01446,abb5f43e-39f7-4e00-9c94-18a2b72b0413,CO2 Lamp,1425,nm,absorbance,636.7096838442944
643.29,159.274544,abb5f43e-39f7-4e00-9c94-18a2b72b0413,CO2 Lamp,1426,nm,absorbance,636.9062162714101
643.489,158.09015300000002,abb5f43e-39f7-4e00-9c94-18a2b72b0413,CO2 Lamp,1427,nm,absorbance,637.1037412865415
643.687,159.33088899999998,abb5f43e-39f7-4e00-9c94-18a2b72b0413,CO2 Lamp,1428,nm,absorbance,637.3002737136572
643.885,161.703415,abb5f43e-39f7-4e00-9c94-18a2b72b0413,CO2 Lamp,1429,nm,absorbance,637.496806140773
644.084,164.164292,abb5f43e-39f7-4e00-9c94-18a2b72b0413,CO2 Lamp,1430,nm,absorbance,637.6943311559044
644.282,163.992717,abb5f43e-39f7-4e00-9c94-18a2b72b0413,CO2 Lamp,1431,nm,absorbance,637.8908635830201
644.48,162.746454,abb5f43e-39f7-4e00-9c94-18a2b72b0413,CO2 Lamp,1432,nm,absorbance,638.0873960101358
644.679,160.2597,abb5f43e-39f7-4e00-9c94-18a2b72b0413,CO2 Lamp,1433,nm,absorbance,638.2849210252672
644.877,157.48401700000002,abb5f43e-39f7-4e00-9c94-18a2b72b0413,CO2 Lamp,1434,nm,absorbance,638.4814534523829
645.075,156.582733,abb5f43e-39f7-4e00-9c94-18a2b72b0413,CO2 Lamp,1435,nm,absorbance,638.6779858794986
645.274,163.426305,abb5f43e-39f7-4e00-9c94-18a2b72b0413,CO2 Lamp,1436,nm,absorbance,638.87551089463
645.472,164.7594,abb5f43e-39f7-4e00-9c94-18a2b72b0413,CO2 Lamp,1437,nm,absorbance,639.0720433217457
645.67,166.73368700000003,abb5f43e-39f7-4e00-9c94-18a2b72b0413,CO2 Lamp,1438,nm,absorbance,639.2685757488614
645.868,168.647768,abb5f43e-39f7-4e00-9c94-18a2b72b0413,CO2 Lamp,1439,nm,absorbance,639.4651081759771
646.067,174.64721200000002,abb5f43e-39f7-4e00-9c94-18a2b72b0413,CO2 Lamp,1440,nm,absorbance,639.6626331911085
646.265,175.36338099999998,abb5f43e-39f7-4e00-9c94-18a2b72b0413,CO2 Lamp,1441,nm,absorbance,639.8591656182242
646.463,172.47331,abb5f43e-39f7-4e00-9c94-18a2b72b0413,CO2 Lamp,1442,nm,absorbance,640.0556980453399
646.661,168.57624499999997,abb5f43e-39f7-4e00-9c94-18a2b72b0413,CO2 Lamp,1443,nm,absorbance,640.2522304724555
646.859,170.60004199999997,abb5f43e-39f7-4e00-9c94-18a2b72b0413,CO2 Lamp,1444,nm,absorbance,640.4487628995713
647.057,166.707885,abb5f43e-39f7-4e00-9c94-18a2b72b0413,CO2 Lamp,1445,nm,absorbance,640.645295326687
647.256,174.65054700000002,abb5f43e-39f7-4e00-9c94-18a2b72b0413,CO2 Lamp,1446,nm,absorbance,640.8428203418184
647.454,170.761382,abb5f43e-39f7-4e00-9c94-18a2b72b0413,CO2 Lamp,1447,nm,absorbance,641.0393527689341
647.652,175.94607000000002,abb5f43e-39f7-4e00-9c94-18a2b72b0413,CO2 Lamp,1448,nm,absorbance,641.2358851960498
647.85,171.54401800000002,abb5f43e-39f7-4e00-9c94-18a2b72b0413,CO2 Lamp,1449,nm,absorbance,641.4324176231655
648.048,175.77669300000005,abb5f43e-39f7-4e00-9c94-18a2b72b0413,CO2 Lamp,1450,nm,absorbance,641.6289500502812
648.246,175.83020600000003,abb5f43e-39f7-4e00-9c94-18a2b72b0413,CO2 Lamp,1451,nm,absorbance,641.8254824773969
648.444,176.346642,abb5f43e-39f7-4e00-9c94-18a2b72b0413,CO2 Lamp,1452,nm,absorbance,642.0220149045125
648.642,176.720595,abb5f43e-39f7-4e00-9c94-18a2b72b0413,CO2 Lamp,1453,nm,absorbance,642.2185473316283
648.84,173.98938199999998,abb5f43e-39f7-4e00-9c94-18a2b72b0413,CO2 Lamp,1454,nm,absorbance,642.415079758744
649.038,173.181051,abb5f43e-39f7-4e00-9c94-18a2b72b0413,CO2 Lamp,1455,nm,absorbance,642.6116121858597
649.236,174.207835,abb5f43e-39f7-4e00-9c94-18a2b72b0413,CO2 Lamp,1456,nm,absorbance,642.8081446129754
649.434,175.76102600000004,abb5f43e-39f7-4e00-9c94-18a2b72b0413,CO2 Lamp,1457,nm,absorbance,643.004677040091
649.632,179.45331600000003,abb5f43e-39f7-4e00-9c94-18a2b72b0413,CO2 Lamp,1458,nm,absorbance,643.2012094672067
649.83,182.016437,abb5f43e-39f7-4e00-9c94-18a2b72b0413,CO2 Lamp,1459,nm,absorbance,643.3977418943225
650.028,178.168769,abb5f43e-39f7-4e00-9c94-18a2b72b0413,CO2 Lamp,1460,nm,absorbance,643.5942743214382
650.226,174.661275,abb5f43e-39f7-4e00-9c94-18a2b72b0413,CO2 Lamp,1461,nm,absorbance,643.7908067485539
650.423,169.37039800000002,abb5f43e-39f7-4e00-9c94-18a2b72b0413,CO2 Lamp,1462,nm,absorbance,643.9863465876538
650.621,168.72044300000002,abb5f43e-39f7-4e00-9c94-18a2b72b0413,CO2 Lamp,1463,nm,absorbance,644.1828790147695
650.819,164.38943500000002,abb5f43e-39f7-4e00-9c94-18a2b72b0413,CO2 Lamp,1464,nm,absorbance,644.3794114418852
651.017,165.82259499999998,abb5f43e-39f7-4e00-9c94-18a2b72b0413,CO2 Lamp,1465,nm,absorbance,644.575943869001
651.215,166.44055600000002,abb5f43e-39f7-4e00-9c94-18a2b72b0413,CO2 Lamp,1466,nm,absorbance,644.7724762961166
651.413,170.25922999999997,abb5f43e-39f7-4e00-9c94-18a2b72b0413,CO2 Lamp,1467,nm,absorbance,644.9690087232323
651.61,165.728319,abb5f43e-39f7-4e00-9c94-18a2b72b0413,CO2 Lamp,1468,nm,absorbance,645.1645485623322
651.808,169.799429,abb5f43e-39f7-4e00-9c94-18a2b72b0413,CO2 Lamp,1469,nm,absorbance,645.3610809894479
652.006,167.30574099999998,abb5f43e-39f7-4e00-9c94-18a2b72b0413,CO2 Lamp,1470,nm,absorbance,645.5576134165636
652.204,165.233385,abb5f43e-39f7-4e00-9c94-18a2b72b0413,CO2 Lamp,1471,nm,absorbance,645.7541458436792
652.401,163.966566,abb5f43e-39f7-4e00-9c94-18a2b72b0413,CO2 Lamp,1472,nm,absorbance,645.9496856827792
652.599,165.809015,abb5f43e-39f7-4e00-9c94-18a2b72b0413,CO2 Lamp,1473,nm,absorbance,646.146218109895
652.797,168.772402,abb5f43e-39f7-4e00-9c94-18a2b72b0413,CO2 Lamp,1474,nm,absorbance,646.3427505370107
652.995,170.75248100000005,abb5f43e-39f7-4e00-9c94-18a2b72b0413,CO2 Lamp,1475,nm,absorbance,646.5392829641264
653.192,174.13241599999998,abb5f43e-39f7-4e00-9c94-18a2b72b0413,CO2 Lamp,1476,nm,absorbance,646.7348228032264
653.39,178.34145099999998,abb5f43e-39f7-4e00-9c94-18a2b72b0413,CO2 Lamp,1477,nm,absorbance,646.931355230342
653.588,174.642589,abb5f43e-39f7-4e00-9c94-18a2b72b0413,CO2 Lamp,1478,nm,absorbance,647.1278876574577
653.785,172.587535,abb5f43e-39f7-4e00-9c94-18a2b72b0413,CO2 Lamp,1479,nm,absorbance,647.3234274965577
653.983,170.18301700000004,abb5f43e-39f7-4e00-9c94-18a2b72b0413,CO2 Lamp,1480,nm,absorbance,647.5199599236734
654.18,173.47530999999998,abb5f43e-39f7-4e00-9c94-18a2b72b0413,CO2 Lamp,1481,nm,absorbance,647.7154997627733
654.378,176.04449200000005,abb5f43e-39f7-4e00-9c94-18a2b72b0413,CO2 Lamp,1482,nm,absorbance,647.912032189889
654.576,183.581505,abb5f43e-39f7-4e00-9c94-18a2b72b0413,CO2 Lamp,1483,nm,absorbance,648.1085646170047
654.773,187.447268,abb5f43e-39f7-4e00-9c94-18a2b72b0413,CO2 Lamp,1484,nm,absorbance,648.3041044561047
654.971,193.470117,abb5f43e-39f7-4e00-9c94-18a2b72b0413,CO2 Lamp,1485,nm,absorbance,648.5006368832204
655.168,191.689875,abb5f43e-39f7-4e00-9c94-18a2b72b0413,CO2 Lamp,1486,nm,absorbance,648.6961767223204
655.366,191.377638,abb5f43e-39f7-4e00-9c94-18a2b72b0413,CO2 Lamp,1487,nm,absorbance,648.892709149436
655.563,189.517386,abb5f43e-39f7-4e00-9c94-18a2b72b0413,CO2 Lamp,1488,nm,absorbance,649.088248988536
655.761,189.902551,abb5f43e-39f7-4e00-9c94-18a2b72b0413,CO2 Lamp,1489,nm,absorbance,649.2847814156517
655.958,188.397775,abb5f43e-39f7-4e00-9c94-18a2b72b0413,CO2 Lamp,1490,nm,absorbance,649.4803212547516
656.156,188.296556,abb5f43e-39f7-4e00-9c94-18a2b72b0413,CO2 Lamp,1491,nm,absorbance,649.6768536818673
656.353,183.799311,abb5f43e-39f7-4e00-9c94-18a2b72b0413,CO2 Lamp,1492,nm,absorbance,649.8723935209673
656.55,188.176666,abb5f43e-39f7-4e00-9c94-18a2b72b0413,CO2 Lamp,1493,nm,absorbance,650.0679333600672
656.748,183.090773,abb5f43e-39f7-4e00-9c94-18a2b72b0413,CO2 Lamp,1494,nm,absorbance,650.264465787183
656.945,185.577138,abb5f43e-39f7-4e00-9c94-18a2b72b0413,CO2 Lamp,1495,nm,absorbance,650.460005626283
657.143,187.303003,abb5f43e-39f7-4e00-9c94-18a2b72b0413,CO2 Lamp,1496,nm,absorbance,650.6565380533987
657.34,191.85635000000005,abb5f43e-39f7-4e00-9c94-18a2b72b0413,CO2 Lamp,1497,nm,absorbance,650.8520778924986
657.537,198.114052,abb5f43e-39f7-4e00-9c94-18a2b72b0413,CO2 Lamp,1498,nm,absorbance,651.0476177315985
657.735,195.93304200000003,abb5f43e-39f7-4e00-9c94-18a2b72b0413,CO2 Lamp,1499,nm,absorbance,651.2441501587142
657.932,195.539912,abb5f43e-39f7-4e00-9c94-18a2b72b0413,CO2 Lamp,1500,nm,absorbance,651.4396899978142
658.129,191.06606600000003,abb5f43e-39f7-4e00-9c94-18a2b72b0413,CO2 Lamp,1501,nm,absorbance,651.6352298369142
658.326,190.906648,abb5f43e-39f7-4e00-9c94-18a2b72b0413,CO2 Lamp,1502,nm,absorbance,651.8307696760141
658.524,193.354162,abb5f43e-39f7-4e00-9c94-18a2b72b0413,CO2 Lamp,1503,nm,absorbance,652.0273021031298
658.721,195.641767,abb5f43e-39f7-4e00-9c94-18a2b72b0413,CO2 Lamp,1504,nm,absorbance,652.2228419422297
658.918,201.297193,abb5f43e-39f7-4e00-9c94-18a2b72b0413,CO2 Lamp,1505,nm,absorbance,652.4183817813297
659.115,201.385004,abb5f43e-39f7-4e00-9c94-18a2b72b0413,CO2 Lamp,1506,nm,absorbance,652.6139216204297
659.313,202.948719,abb5f43e-39f7-4e00-9c94-18a2b72b0413,CO2 Lamp,1507,nm,absorbance,652.8104540475454
659.51,206.762713,abb5f43e-39f7-4e00-9c94-18a2b72b0413,CO2 Lamp,1508,nm,absorbance,653.0059938866453
659.707,207.155705,abb5f43e-39f7-4e00-9c94-18a2b72b0413,CO2 Lamp,1509,nm,absorbance,653.2015337257453
659.904,212.208329,abb5f43e-39f7-4e00-9c94-18a2b72b0413,CO2 Lamp,1510,nm,absorbance,653.3970735648452
660.101,208.838222,abb5f43e-39f7-4e00-9c94-18a2b72b0413,CO2 Lamp,1511,nm,absorbance,653.5926134039452
660.298,207.093644,abb5f43e-39f7-4e00-9c94-18a2b72b0413,CO2 Lamp,1512,nm,absorbance,653.7881532430451
660.496,206.6678,abb5f43e-39f7-4e00-9c94-18a2b72b0413,CO2 Lamp,1513,nm,absorbance,653.9846856701608
660.693,206.389339,abb5f43e-39f7-4e00-9c94-18a2b72b0413,CO2 Lamp,1514,nm,absorbance,654.1802255092608
660.89,215.564416,abb5f43e-39f7-4e00-9c94-18a2b72b0413,CO2 Lamp,1515,nm,absorbance,654.3757653483608
661.087,215.69825,abb5f43e-39f7-4e00-9c94-18a2b72b0413,CO2 Lamp,1516,nm,absorbance,654.5713051874608
661.284,219.873035,abb5f43e-39f7-4e00-9c94-18a2b72b0413,CO2 Lamp,1517,nm,absorbance,654.7668450265606
661.481,219.280126,abb5f43e-39f7-4e00-9c94-18a2b72b0413,CO2 Lamp,1518,nm,absorbance,654.9623848656606
661.678,221.318928,abb5f43e-39f7-4e00-9c94-18a2b72b0413,CO2 Lamp,1519,nm,absorbance,655.1579247047606
661.875,222.583545,abb5f43e-39f7-4e00-9c94-18a2b72b0413,CO2 Lamp,1520,nm,absorbance,655.3534645438606
662.072,224.317515,abb5f43e-39f7-4e00-9c94-18a2b72b0413,CO2 Lamp,1521,nm,absorbance,655.5490043829606
662.269,228.590528,abb5f43e-39f7-4e00-9c94-18a2b72b0413,CO2 Lamp,1522,nm,absorbance,655.7445442220605
662.466,228.22666000000004,abb5f43e-39f7-4e00-9c94-18a2b72b0413,CO2 Lamp,1523,nm,absorbance,655.9400840611604
662.663,230.196408,abb5f43e-39f7-4e00-9c94-18a2b72b0413,CO2 Lamp,1524,nm,absorbance,656.1356239002604
662.86,229.641993,abb5f43e-39f7-4e00-9c94-18a2b72b0413,CO2 Lamp,1525,nm,absorbance,656.3311637393604
663.057,231.932994,abb5f43e-39f7-4e00-9c94-18a2b72b0413,CO2 Lamp,1526,nm,absorbance,656.5267035784603
663.254,230.760971,abb5f43e-39f7-4e00-9c94-18a2b72b0413,CO2 Lamp,1527,nm,absorbance,656.7222434175603
663.45,229.496115,abb5f43e-39f7-4e00-9c94-18a2b72b0413,CO2 Lamp,1528,nm,absorbance,656.9167906686446
663.647,228.148334,abb5f43e-39f7-4e00-9c94-18a2b72b0413,CO2 Lamp,1529,nm,absorbance,657.1123305077446
663.844,225.73432000000005,abb5f43e-39f7-4e00-9c94-18a2b72b0413,CO2 Lamp,1530,nm,absorbance,657.3078703468444
664.041,225.10782200000003,abb5f43e-39f7-4e00-9c94-18a2b72b0413,CO2 Lamp,1531,nm,absorbance,657.5034101859444
664.238,224.11743,abb5f43e-39f7-4e00-9c94-18a2b72b0413,CO2 Lamp,1532,nm,absorbance,657.6989500250444
664.435,224.601654,abb5f43e-39f7-4e00-9c94-18a2b72b0413,CO2 Lamp,1533,nm,absorbance,657.8944898641442
664.631,224.066374,abb5f43e-39f7-4e00-9c94-18a2b72b0413,CO2 Lamp,1534,nm,absorbance,658.0890371152285
664.828,225.819618,abb5f43e-39f7-4e00-9c94-18a2b72b0413,CO2 Lamp,1535,nm,absorbance,658.2845769543285
665.025,228.644231,abb5f43e-39f7-4e00-9c94-18a2b72b0413,CO2 Lamp,1536,nm,absorbance,658.4801167934285
665.222,228.718089,abb5f43e-39f7-4e00-9c94-18a2b72b0413,CO2 Lamp,1537,nm,absorbance,658.6756566325283
665.419,222.701221,abb5f43e-39f7-4e00-9c94-18a2b72b0413,CO2 Lamp,1538,nm,absorbance,658.8711964716283
665.615,217.28697700000004,abb5f43e-39f7-4e00-9c94-18a2b72b0413,CO2 Lamp,1539,nm,absorbance,659.0657437227126
665.812,212.763256,abb5f43e-39f7-4e00-9c94-18a2b72b0413,CO2 Lamp,1540,nm,absorbance,659.2612835618125
666.009,212.830864,abb5f43e-39f7-4e00-9c94-18a2b72b0413,CO2 Lamp,1541,nm,absorbance,659.4568234009125
666.205,212.03341600000005,abb5f43e-39f7-4e00-9c94-18a2b72b0413,CO2 Lamp,1542,nm,absorbance,659.6513706519968
666.402,212.255376,abb5f43e-39f7-4e00-9c94-18a2b72b0413,CO2 Lamp,1543,nm,absorbance,659.8469104910968
666.599,211.222329,abb5f43e-39f7-4e00-9c94-18a2b72b0413,CO2 Lamp,1544,nm,absorbance,660.0424503301967
666.795,206.733958,abb5f43e-39f7-4e00-9c94-18a2b72b0413,CO2 Lamp,1545,nm,absorbance,660.2369975812808
666.992,208.50065000000004,abb5f43e-39f7-4e00-9c94-18a2b72b0413,CO2 Lamp,1546,nm,absorbance,660.4325374203808
667.188,203.481724,abb5f43e-39f7-4e00-9c94-18a2b72b0413,CO2 Lamp,1547,nm,absorbance,660.627084671465
667.385,199.856531,abb5f43e-39f7-4e00-9c94-18a2b72b0413,CO2 Lamp,1548,nm,absorbance,660.822624510565
667.582,190.031632,abb5f43e-39f7-4e00-9c94-18a2b72b0413,CO2 Lamp,1549,nm,absorbance,661.018164349665
667.778,189.209017,abb5f43e-39f7-4e00-9c94-18a2b72b0413,CO2 Lamp,1550,nm,absorbance,661.2127116007492
667.975,190.651743,abb5f43e-39f7-4e00-9c94-18a2b72b0413,CO2 Lamp,1551,nm,absorbance,661.4082514398492
668.171,192.999626,abb5f43e-39f7-4e00-9c94-18a2b72b0413,CO2 Lamp,1552,nm,absorbance,661.6027986909335
668.368,191.458732,abb5f43e-39f7-4e00-9c94-18a2b72b0413,CO2 Lamp,1553,nm,absorbance,661.7983385300333
668.564,185.307979,abb5f43e-39f7-4e00-9c94-18a2b72b0413,CO2 Lamp,1554,nm,absorbance,661.9928857811175
668.761,178.53173600000002,abb5f43e-39f7-4e00-9c94-18a2b72b0413,CO2 Lamp,1555,nm,absorbance,662.1884256202175
668.957,177.985101,abb5f43e-39f7-4e00-9c94-18a2b72b0413,CO2 Lamp,1556,nm,absorbance,662.3829728713017
669.154,180.282651,abb5f43e-39f7-4e00-9c94-18a2b72b0413,CO2 Lamp,1557,nm,absorbance,662.5785127104017
669.35,177.67162100000002,abb5f43e-39f7-4e00-9c94-18a2b72b0413,CO2 Lamp,1558,nm,absorbance,662.773059961486
669.547,176.150571,abb5f43e-39f7-4e00-9c94-18a2b72b0413,CO2 Lamp,1559,nm,absorbance,662.9685998005859
669.743,178.387259,abb5f43e-39f7-4e00-9c94-18a2b72b0413,CO2 Lamp,1560,nm,absorbance,663.1631470516702
669.939,178.190872,abb5f43e-39f7-4e00-9c94-18a2b72b0413,CO2 Lamp,1561,nm,absorbance,663.3576943027543
670.136,179.05343499999998,abb5f43e-39f7-4e00-9c94-18a2b72b0413,CO2 Lamp,1562,nm,absorbance,663.5532341418542
670.332,170.023168,abb5f43e-39f7-4e00-9c94-18a2b72b0413,CO2 Lamp,1563,nm,absorbance,663.7477813929385
670.528,169.31817199999998,abb5f43e-39f7-4e00-9c94-18a2b72b0413,CO2 Lamp,1564,nm,absorbance,663.9423286440227
670.725,163.51453600000002,abb5f43e-39f7-4e00-9c94-18a2b72b0413,CO2 Lamp,1565,nm,absorbance,664.1378684831227
670.921,161.968906,abb5f43e-39f7-4e00-9c94-18a2b72b0413,CO2 Lamp,1566,nm,absorbance,664.332415734207
671.117,157.845167,abb5f43e-39f7-4e00-9c94-18a2b72b0413,CO2 Lamp,1567,nm,absorbance,664.5269629852911
671.314,156.134459,abb5f43e-39f7-4e00-9c94-18a2b72b0413,CO2 Lamp,1568,nm,absorbance,664.7225028243911
671.51,153.08593,abb5f43e-39f7-4e00-9c94-18a2b72b0413,CO2 Lamp,1569,nm,absorbance,664.9170500754753
671.706,152.648266,abb5f43e-39f7-4e00-9c94-18a2b72b0413,CO2 Lamp,1570,nm,absorbance,665.1115973265596
671.902,148.904143,abb5f43e-39f7-4e00-9c94-18a2b72b0413,CO2 Lamp,1571,nm,absorbance,665.3061445776439
672.099,152.076406,abb5f43e-39f7-4e00-9c94-18a2b72b0413,CO2 Lamp,1572,nm,absorbance,665.5016844167437
672.295,150.175674,abb5f43e-39f7-4e00-9c94-18a2b72b0413,CO2 Lamp,1573,nm,absorbance,665.6962316678279
672.491,152.203893,abb5f43e-39f7-4e00-9c94-18a2b72b0413,CO2 Lamp,1574,nm,absorbance,665.8907789189121
672.687,149.75718899999998,abb5f43e-39f7-4e00-9c94-18a2b72b0413,CO2 Lamp,1575,nm,absorbance,666.0853261699964
672.883,150.332949,abb5f43e-39f7-4e00-9c94-18a2b72b0413,CO2 Lamp,1576,nm,absorbance,666.2798734210807
673.08,151.22359999999998,abb5f43e-39f7-4e00-9c94-18a2b72b0413,CO2 Lamp,1577,nm,absorbance,666.4754132601806
673.276,149.652864,abb5f43e-39f7-4e00-9c94-18a2b72b0413,CO2 Lamp,1578,nm,absorbance,666.6699605112648
673.472,152.599403,abb5f43e-39f7-4e00-9c94-18a2b72b0413,CO2 Lamp,1579,nm,absorbance,666.864507762349
673.668,154.12695,abb5f43e-39f7-4e00-9c94-18a2b72b0413,CO2 Lamp,1580,nm,absorbance,667.0590550134333
673.864,157.51122400000003,abb5f43e-39f7-4e00-9c94-18a2b72b0413,CO2 Lamp,1581,nm,absorbance,667.2536022645176
674.06,159.028526,abb5f43e-39f7-4e00-9c94-18a2b72b0413,CO2 Lamp,1582,nm,absorbance,667.4481495156017
674.256,159.40329799999998,abb5f43e-39f7-4e00-9c94-18a2b72b0413,CO2 Lamp,1583,nm,absorbance,667.6426967666858
674.452,160.323765,abb5f43e-39f7-4e00-9c94-18a2b72b0413,CO2 Lamp,1584,nm,absorbance,667.8372440177701
674.648,162.56707799999998,abb5f43e-39f7-4e00-9c94-18a2b72b0413,CO2 Lamp,1585,nm,absorbance,668.0317912688544
674.844,163.95697900000002,abb5f43e-39f7-4e00-9c94-18a2b72b0413,CO2 Lamp,1586,nm,absorbance,668.2263385199386
675.04,174.01873099999997,abb5f43e-39f7-4e00-9c94-18a2b72b0413,CO2 Lamp,1587,nm,absorbance,668.4208857710228
675.236,176.91405300000002,abb5f43e-39f7-4e00-9c94-18a2b72b0413,CO2 Lamp,1588,nm,absorbance,668.615433022107
675.432,183.084684,abb5f43e-39f7-4e00-9c94-18a2b72b0413,CO2 Lamp,1589,nm,absorbance,668.8099802731913
675.628,188.92016,abb5f43e-39f7-4e00-9c94-18a2b72b0413,CO2 Lamp,1590,nm,absorbance,669.0045275242755
675.824,196.223566,abb5f43e-39f7-4e00-9c94-18a2b72b0413,CO2 Lamp,1591,nm,absorbance,669.1990747753597
676.02,210.102039,abb5f43e-39f7-4e00-9c94-18a2b72b0413,CO2 Lamp,1592,nm,absorbance,669.393622026444
676.216,214.528259,abb5f43e-39f7-4e00-9c94-18a2b72b0413,CO2 Lamp,1593,nm,absorbance,669.5881692775282
676.412,221.679758,abb5f43e-39f7-4e00-9c94-18a2b72b0413,CO2 Lamp,1594,nm,absorbance,669.7827165286125
676.608,220.921385,abb5f43e-39f7-4e00-9c94-18a2b72b0413,CO2 Lamp,1595,nm,absorbance,669.9772637796965
676.804,225.146965,abb5f43e-39f7-4e00-9c94-18a2b72b0413,CO2 Lamp,1596,nm,absorbance,670.1718110307808
676.999,232.949232,abb5f43e-39f7-4e00-9c94-18a2b72b0413,CO2 Lamp,1597,nm,absorbance,670.3653656938493
677.195,235.34139,abb5f43e-39f7-4e00-9c94-18a2b72b0413,CO2 Lamp,1598,nm,absorbance,670.5599129449336
677.391,233.762333,abb5f43e-39f7-4e00-9c94-18a2b72b0413,CO2 Lamp,1599,nm,absorbance,670.7544601960177
677.587,233.156824,abb5f43e-39f7-4e00-9c94-18a2b72b0413,CO2 Lamp,1600,nm,absorbance,670.949007447102
677.783,236.060713,abb5f43e-39f7-4e00-9c94-18a2b72b0413,CO2 Lamp,1601,nm,absorbance,671.1435546981862
677.978,232.770595,abb5f43e-39f7-4e00-9c94-18a2b72b0413,CO2 Lamp,1602,nm,absorbance,671.3371093612546
678.174,231.15933400000003,abb5f43e-39f7-4e00-9c94-18a2b72b0413,CO2 Lamp,1603,nm,absorbance,671.5316566123389
678.37,230.553031,abb5f43e-39f7-4e00-9c94-18a2b72b0413,CO2 Lamp,1604,nm,absorbance,671.7262038634232
678.566,232.201303,abb5f43e-39f7-4e00-9c94-18a2b72b0413,CO2 Lamp,1605,nm,absorbance,671.9207511145074
678.761,225.17510700000005,abb5f43e-39f7-4e00-9c94-18a2b72b0413,CO2 Lamp,1606,nm,absorbance,672.1143057775759
678.957,222.795205,abb5f43e-39f7-4e00-9c94-18a2b72b0413,CO2 Lamp,1607,nm,absorbance,672.3088530286601
679.153,227.900064,abb5f43e-39f7-4e00-9c94-18a2b72b0413,CO2 Lamp,1608,nm,absorbance,672.5034002797444
679.348,232.55507900000003,abb5f43e-39f7-4e00-9c94-18a2b72b0413,CO2 Lamp,1609,nm,absorbance,672.6969549428128
679.544,234.739838,abb5f43e-39f7-4e00-9c94-18a2b72b0413,CO2 Lamp,1610,nm,absorbance,672.8915021938969
679.74,229.160754,abb5f43e-39f7-4e00-9c94-18a2b72b0413,CO2 Lamp,1611,nm,absorbance,673.0860494449812
679.935,229.258998,abb5f43e-39f7-4e00-9c94-18a2b72b0413,CO2 Lamp,1612,nm,absorbance,673.2796041080496
680.131,229.905715,abb5f43e-39f7-4e00-9c94-18a2b72b0413,CO2 Lamp,1613,nm,absorbance,673.4741513591339
680.327,233.551474,abb5f43e-39f7-4e00-9c94-18a2b72b0413,CO2 Lamp,1614,nm,absorbance,673.6686986102181
680.522,230.888774,abb5f43e-39f7-4e00-9c94-18a2b72b0413,CO2 Lamp,1615,nm,absorbance,673.8622532732867
680.718,217.858801,abb5f43e-39f7-4e00-9c94-18a2b72b0413,CO2 Lamp,1616,nm,absorbance,674.0568005243708
680.913,213.732747,abb5f43e-39f7-4e00-9c94-18a2b72b0413,CO2 Lamp,1617,nm,absorbance,674.2503551874394
681.109,208.39646700000003,abb5f43e-39f7-4e00-9c94-18a2b72b0413,CO2 Lamp,1618,nm,absorbance,674.4449024385236
681.304,211.84561,abb5f43e-39f7-4e00-9c94-18a2b72b0413,CO2 Lamp,1619,nm,absorbance,674.638457101592
681.5,207.218439,abb5f43e-39f7-4e00-9c94-18a2b72b0413,CO2 Lamp,1620,nm,absorbance,674.8330043526763
681.695,205.79001,abb5f43e-39f7-4e00-9c94-18a2b72b0413,CO2 Lamp,1621,nm,absorbance,675.0265590157449
681.891,203.177284,abb5f43e-39f7-4e00-9c94-18a2b72b0413,CO2 Lamp,1622,nm,absorbance,675.221106266829
682.086,204.976958,abb5f43e-39f7-4e00-9c94-18a2b72b0413,CO2 Lamp,1623,nm,absorbance,675.4146609298975
682.282,205.178915,abb5f43e-39f7-4e00-9c94-18a2b72b0413,CO2 Lamp,1624,nm,absorbance,675.6092081809818
682.477,194.44987899999995,abb5f43e-39f7-4e00-9c94-18a2b72b0413,CO2 Lamp,1625,nm,absorbance,675.8027628440502
682.672,185.867394,abb5f43e-39f7-4e00-9c94-18a2b72b0413,CO2 Lamp,1626,nm,absorbance,675.9963175071188
682.868,180.286451,abb5f43e-39f7-4e00-9c94-18a2b72b0413,CO2 Lamp,1627,nm,absorbance,676.190864758203
683.063,185.854911,abb5f43e-39f7-4e00-9c94-18a2b72b0413,CO2 Lamp,1628,nm,absorbance,676.3844194212714
683.259,182.306583,abb5f43e-39f7-4e00-9c94-18a2b72b0413,CO2 Lamp,1629,nm,absorbance,676.5789666723556
683.454,178.68093100000002,abb5f43e-39f7-4e00-9c94-18a2b72b0413,CO2 Lamp,1630,nm,absorbance,676.772521335424
683.649,170.63752599999998,abb5f43e-39f7-4e00-9c94-18a2b72b0413,CO2 Lamp,1631,nm,absorbance,676.9660759984926
683.845,165.909818,abb5f43e-39f7-4e00-9c94-18a2b72b0413,CO2 Lamp,1632,nm,absorbance,677.1606232495768
684.04,156.988327,abb5f43e-39f7-4e00-9c94-18a2b72b0413,CO2 Lamp,1633,nm,absorbance,677.3541779126452
684.235,155.824894,abb5f43e-39f7-4e00-9c94-18a2b72b0413,CO2 Lamp,1634,nm,absorbance,677.5477325757138
684.43,147.64327699999998,abb5f43e-39f7-4e00-9c94-18a2b72b0413,CO2 Lamp,1635,nm,absorbance,677.7412872387822
684.626,144.34871600000002,abb5f43e-39f7-4e00-9c94-18a2b72b0413,CO2 Lamp,1636,nm,absorbance,677.9358344898665
684.821,132.944953,abb5f43e-39f7-4e00-9c94-18a2b72b0413,CO2 Lamp,1637,nm,absorbance,678.129389152935
685.016,124.457112,abb5f43e-39f7-4e00-9c94-18a2b72b0413,CO2 Lamp,1638,nm,absorbance,678.3229438160034
685.211,122.06334699999998,abb5f43e-39f7-4e00-9c94-18a2b72b0413,CO2 Lamp,1639,nm,absorbance,678.516498479072
685.407,118.469634,abb5f43e-39f7-4e00-9c94-18a2b72b0413,CO2 Lamp,1640,nm,absorbance,678.7110457301562
685.602,125.36387499999998,abb5f43e-39f7-4e00-9c94-18a2b72b0413,CO2 Lamp,1641,nm,absorbance,678.9046003932247
685.797,120.869397,abb5f43e-39f7-4e00-9c94-18a2b72b0413,CO2 Lamp,1642,nm,absorbance,679.0981550562932
685.992,121.35152999999998,abb5f43e-39f7-4e00-9c94-18a2b72b0413,CO2 Lamp,1643,nm,absorbance,679.2917097193616
686.187,116.36863200000002,abb5f43e-39f7-4e00-9c94-18a2b72b0413,CO2 Lamp,1644,nm,absorbance,679.4852643824302
686.382,115.421798,abb5f43e-39f7-4e00-9c94-18a2b72b0413,CO2 Lamp,1645,nm,absorbance,679.6788190454986
686.577,111.553704,abb5f43e-39f7-4e00-9c94-18a2b72b0413,CO2 Lamp,1646,nm,absorbance,679.8723737085671
686.773,111.505951,abb5f43e-39f7-4e00-9c94-18a2b72b0413,CO2 Lamp,1647,nm,absorbance,680.0669209596514
686.968,105.514982,abb5f43e-39f7-4e00-9c94-18a2b72b0413,CO2 Lamp,1648,nm,absorbance,680.2604756227198
687.163,108.608063,abb5f43e-39f7-4e00-9c94-18a2b72b0413,CO2 Lamp,1649,nm,absorbance,680.4540302857883
687.358,108.24034000000002,abb5f43e-39f7-4e00-9c94-18a2b72b0413,CO2 Lamp,1650,nm,absorbance,680.6475849488568
687.553,107.91943699999996,abb5f43e-39f7-4e00-9c94-18a2b72b0413,CO2 Lamp,1651,nm,absorbance,680.8411396119253
687.748,105.90144,abb5f43e-39f7-4e00-9c94-18a2b72b0413,CO2 Lamp,1652,nm,absorbance,681.0346942749939
687.943,98.034137,abb5f43e-39f7-4e00-9c94-18a2b72b0413,CO2 Lamp,1653,nm,absorbance,681.2282489380623
688.138,95.183343,abb5f43e-39f7-4e00-9c94-18a2b72b0413,CO2 Lamp,1654,nm,absorbance,681.4218036011308
688.333,86.657123,abb5f43e-39f7-4e00-9c94-18a2b72b0413,CO2 Lamp,1655,nm,absorbance,681.6153582641992
688.528,86.599468,abb5f43e-39f7-4e00-9c94-18a2b72b0413,CO2 Lamp,1656,nm,absorbance,681.8089129272678
688.723,87.08244400000001,abb5f43e-39f7-4e00-9c94-18a2b72b0413,CO2 Lamp,1657,nm,absorbance,682.0024675903362
688.918,88.50975500000001,abb5f43e-39f7-4e00-9c94-18a2b72b0413,CO2 Lamp,1658,nm,absorbance,682.1960222534047
689.112,91.379412,abb5f43e-39f7-4e00-9c94-18a2b72b0413,CO2 Lamp,1659,nm,absorbance,682.3885843284575
689.307,93.165065,abb5f43e-39f7-4e00-9c94-18a2b72b0413,CO2 Lamp,1660,nm,absorbance,682.582138991526
689.502,93.816792,abb5f43e-39f7-4e00-9c94-18a2b72b0413,CO2 Lamp,1661,nm,absorbance,682.7756936545944
689.697,91.429037,abb5f43e-39f7-4e00-9c94-18a2b72b0413,CO2 Lamp,1662,nm,absorbance,682.969248317663
689.892,89.97185199999998,abb5f43e-39f7-4e00-9c94-18a2b72b0413,CO2 Lamp,1663,nm,absorbance,683.1628029807315
690.087,90.171367,abb5f43e-39f7-4e00-9c94-18a2b72b0413,CO2 Lamp,1664,nm,absorbance,683.3563576437999
690.282,84.49500699999999,abb5f43e-39f7-4e00-9c94-18a2b72b0413,CO2 Lamp,1665,nm,absorbance,683.5499123068685
690.476,84.28446,abb5f43e-39f7-4e00-9c94-18a2b72b0413,CO2 Lamp,1666,nm,absorbance,683.7424743819212
690.671,81.63523500000001,abb5f43e-39f7-4e00-9c94-18a2b72b0413,CO2 Lamp,1667,nm,absorbance,683.9360290449897
690.866,86.228634,abb5f43e-39f7-4e00-9c94-18a2b72b0413,CO2 Lamp,1668,nm,absorbance,684.1295837080581
691.061,87.6881,abb5f43e-39f7-4e00-9c94-18a2b72b0413,CO2 Lamp,1669,nm,absorbance,684.3231383711267
691.255,84.68414599999998,abb5f43e-39f7-4e00-9c94-18a2b72b0413,CO2 Lamp,1670,nm,absorbance,684.5157004461794
691.45,80.56645900000001,abb5f43e-39f7-4e00-9c94-18a2b72b0413,CO2 Lamp,1671,nm,absorbance,684.7092551092479
691.645,75.420185,abb5f43e-39f7-4e00-9c94-18a2b72b0413,CO2 Lamp,1672,nm,absorbance,684.9028097723163
691.84,78.34692100000002,abb5f43e-39f7-4e00-9c94-18a2b72b0413,CO2 Lamp,1673,nm,absorbance,685.0963644353849
692.034,79.87282400000001,abb5f43e-39f7-4e00-9c94-18a2b72b0413,CO2 Lamp,1674,nm,absorbance,685.2889265104376
692.229,77.71511100000001,abb5f43e-39f7-4e00-9c94-18a2b72b0413,CO2 Lamp,1675,nm,absorbance,685.4824811735061
692.424,71.67505200000001,abb5f43e-39f7-4e00-9c94-18a2b72b0413,CO2 Lamp,1676,nm,absorbance,685.6760358365746
692.618,70.099927,abb5f43e-39f7-4e00-9c94-18a2b72b0413,CO2 Lamp,1677,nm,absorbance,685.8685979116274
692.813,68.132663,abb5f43e-39f7-4e00-9c94-18a2b72b0413,CO2 Lamp,1678,nm,absorbance,686.0621525746958
693.007,67.686142,abb5f43e-39f7-4e00-9c94-18a2b72b0413,CO2 Lamp,1679,nm,absorbance,686.2547146497485
693.202,67.6678,abb5f43e-39f7-4e00-9c94-18a2b72b0413,CO2 Lamp,1680,nm,absorbance,686.448269312817
693.397,70.026422,abb5f43e-39f7-4e00-9c94-18a2b72b0413,CO2 Lamp,1681,nm,absorbance,686.6418239758856
693.591,74.489444,abb5f43e-39f7-4e00-9c94-18a2b72b0413,CO2 Lamp,1682,nm,absorbance,686.8343860509383
693.786,71.78565599999999,abb5f43e-39f7-4e00-9c94-18a2b72b0413,CO2 Lamp,1683,nm,absorbance,687.0279407140067
693.98,69.23742899999999,abb5f43e-39f7-4e00-9c94-18a2b72b0413,CO2 Lamp,1684,nm,absorbance,687.2205027890595
694.175,70.562267,abb5f43e-39f7-4e00-9c94-18a2b72b0413,CO2 Lamp,1685,nm,absorbance,687.414057452128
694.369,72.01464200000001,abb5f43e-39f7-4e00-9c94-18a2b72b0413,CO2 Lamp,1686,nm,absorbance,687.6066195271808
694.564,74.04323400000001,abb5f43e-39f7-4e00-9c94-18a2b72b0413,CO2 Lamp,1687,nm,absorbance,687.8001741902492
694.758,70.764185,abb5f43e-39f7-4e00-9c94-18a2b72b0413,CO2 Lamp,1688,nm,absorbance,687.992736265302
694.953,71.726225,abb5f43e-39f7-4e00-9c94-18a2b72b0413,CO2 Lamp,1689,nm,absorbance,688.1862909283705
695.147,74.28234499999999,abb5f43e-39f7-4e00-9c94-18a2b72b0413,CO2 Lamp,1690,nm,absorbance,688.3788530034233
695.342,75.536237,abb5f43e-39f7-4e00-9c94-18a2b72b0413,CO2 Lamp,1691,nm,absorbance,688.5724076664917
695.536,78.060395,abb5f43e-39f7-4e00-9c94-18a2b72b0413,CO2 Lamp,1692,nm,absorbance,688.7649697415444
695.73,76.043642,abb5f43e-39f7-4e00-9c94-18a2b72b0413,CO2 Lamp,1693,nm,absorbance,688.9575318165972
695.925,79.60387799999998,abb5f43e-39f7-4e00-9c94-18a2b72b0413,CO2 Lamp,1694,nm,absorbance,689.1510864796657
696.119,79.127934,abb5f43e-39f7-4e00-9c94-18a2b72b0413,CO2 Lamp,1695,nm,absorbance,689.3436485547185
696.313,78.09419999999999,abb5f43e-39f7-4e00-9c94-18a2b72b0413,CO2 Lamp,1696,nm,absorbance,689.5362106297712
696.508,74.22839300000001,abb5f43e-39f7-4e00-9c94-18a2b72b0413,CO2 Lamp,1697,nm,absorbance,689.7297652928397
696.702,75.05706699999999,abb5f43e-39f7-4e00-9c94-18a2b72b0413,CO2 Lamp,1698,nm,absorbance,689.9223273678924
696.896,74.514907,abb5f43e-39f7-4e00-9c94-18a2b72b0413,CO2 Lamp,1699,nm,absorbance,690.1148894429451
697.091,76.801148,abb5f43e-39f7-4e00-9c94-18a2b72b0413,CO2 Lamp,1700,nm,absorbance,690.3084441060137
697.285,75.506613,abb5f43e-39f7-4e00-9c94-18a2b72b0413,CO2 Lamp,1701,nm,absorbance,690.5010061810664
697.479,76.965273,abb5f43e-39f7-4e00-9c94-18a2b72b0413,CO2 Lamp,1702,nm,absorbance,690.6935682561192
697.673,71.453331,abb5f43e-39f7-4e00-9c94-18a2b72b0413,CO2 Lamp,1703,nm,absorbance,690.8861303311719
697.868,71.344355,abb5f43e-39f7-4e00-9c94-18a2b72b0413,CO2 Lamp,1704,nm,absorbance,691.0796849942404
698.062,72.654943,abb5f43e-39f7-4e00-9c94-18a2b72b0413,CO2 Lamp,1705,nm,absorbance,691.2722470692931
698.256,76.40656200000001,abb5f43e-39f7-4e00-9c94-18a2b72b0413,CO2 Lamp,1706,nm,absorbance,691.4648091443458
698.45,73.524658,abb5f43e-39f7-4e00-9c94-18a2b72b0413,CO2 Lamp,1707,nm,absorbance,691.6573712193987
698.644,74.60944400000001,abb5f43e-39f7-4e00-9c94-18a2b72b0413,CO2 Lamp,1708,nm,absorbance,691.8499332944514
698.839,73.39918800000001,abb5f43e-39f7-4e00-9c94-18a2b72b0413,CO2 Lamp,1709,nm,absorbance,692.0434879575199
699.033,73.934268,abb5f43e-39f7-4e00-9c94-18a2b72b0413,CO2 Lamp,1710,nm,absorbance,692.2360500325726
699.227,71.80409,abb5f43e-39f7-4e00-9c94-18a2b72b0413,CO2 Lamp,1711,nm,absorbance,692.4286121076254
699.421,74.19342200000001,abb5f43e-39f7-4e00-9c94-18a2b72b0413,CO2 Lamp,1712,nm,absorbance,692.6211741826783
699.615,72.259496,abb5f43e-39f7-4e00-9c94-18a2b72b0413,CO2 Lamp,1713,nm,absorbance,692.813736257731
699.809,72.25547900000001,abb5f43e-39f7-4e00-9c94-18a2b72b0413,CO2 Lamp,1714,nm,absorbance,693.0062983327837
700.003,73.715655,abb5f43e-39f7-4e00-9c94-18a2b72b0413,CO2 Lamp,1715,nm,absorbance,693.1988604078365
700.197,75.77221399999999,abb5f43e-39f7-4e00-9c94-18a2b72b0413,CO2 Lamp,1716,nm,absorbance,693.3914224828892
700.391,76.046376,abb5f43e-39f7-4e00-9c94-18a2b72b0413,CO2 Lamp,1717,nm,absorbance,693.5839845579419
700.585,72.66971500000001,abb5f43e-39f7-4e00-9c94-18a2b72b0413,CO2 Lamp,1718,nm,absorbance,693.7765466329947
700.779,77.99174400000001,abb5f43e-39f7-4e00-9c94-18a2b72b0413,CO2 Lamp,1719,nm,absorbance,693.9691087080474
700.973,79.27988,abb5f43e-39f7-4e00-9c94-18a2b72b0413,CO2 Lamp,1720,nm,absorbance,694.1616707831001
701.167,80.190154,abb5f43e-39f7-4e00-9c94-18a2b72b0413,CO2 Lamp,1721,nm,absorbance,694.354232858153
701.361,78.82442699999999,abb5f43e-39f7-4e00-9c94-18a2b72b0413,CO2 Lamp,1722,nm,absorbance,694.5467949332057
701.555,80.823272,abb5f43e-39f7-4e00-9c94-18a2b72b0413,CO2 Lamp,1723,nm,absorbance,694.7393570082584
701.749,81.03975000000001,abb5f43e-39f7-4e00-9c94-18a2b72b0413,CO2 Lamp,1724,nm,absorbance,694.9319190833112
701.943,81.86994200000001,abb5f43e-39f7-4e00-9c94-18a2b72b0413,CO2 Lamp,1725,nm,absorbance,695.1244811583639
702.137,78.07284200000001,abb5f43e-39f7-4e00-9c94-18a2b72b0413,CO2 Lamp,1726,nm,absorbance,695.3170432334166
702.331,77.89139599999999,abb5f43e-39f7-4e00-9c94-18a2b72b0413,CO2 Lamp,1727,nm,absorbance,695.5096053084694
702.525,77.79156900000001,abb5f43e-39f7-4e00-9c94-18a2b72b0413,CO2 Lamp,1728,nm,absorbance,695.7021673835221
702.718,81.453805,abb5f43e-39f7-4e00-9c94-18a2b72b0413,CO2 Lamp,1729,nm,absorbance,695.8937368705592
702.912,84.624919,abb5f43e-39f7-4e00-9c94-18a2b72b0413,CO2 Lamp,1730,nm,absorbance,696.086298945612
703.106,82.05820899999999,abb5f43e-39f7-4e00-9c94-18a2b72b0413,CO2 Lamp,1731,nm,absorbance,696.2788610206647
703.3,83.47854800000002,abb5f43e-39f7-4e00-9c94-18a2b72b0413,CO2 Lamp,1732,nm,absorbance,696.4714230957175
703.494,80.39571099999999,abb5f43e-39f7-4e00-9c94-18a2b72b0413,CO2 Lamp,1733,nm,absorbance,696.6639851707703
703.687,85.48009700000001,abb5f43e-39f7-4e00-9c94-18a2b72b0413,CO2 Lamp,1734,nm,absorbance,696.8555546578073
703.881,82.17685499999999,abb5f43e-39f7-4e00-9c94-18a2b72b0413,CO2 Lamp,1735,nm,absorbance,697.04811673286
704.075,84.12353500000002,abb5f43e-39f7-4e00-9c94-18a2b72b0413,CO2 Lamp,1736,nm,absorbance,697.2406788079128
704.269,83.740602,abb5f43e-39f7-4e00-9c94-18a2b72b0413,CO2 Lamp,1737,nm,absorbance,697.4332408829655
704.462,89.77585400000001,abb5f43e-39f7-4e00-9c94-18a2b72b0413,CO2 Lamp,1738,nm,absorbance,697.6248103700025
704.656,96.227868,abb5f43e-39f7-4e00-9c94-18a2b72b0413,CO2 Lamp,1739,nm,absorbance,697.8173724450552
704.85,101.030341,abb5f43e-39f7-4e00-9c94-18a2b72b0413,CO2 Lamp,1740,nm,absorbance,698.009934520108
705.043,106.40442699999998,abb5f43e-39f7-4e00-9c94-18a2b72b0413,CO2 Lamp,1741,nm,absorbance,698.201504007145
705.237,107.077379,abb5f43e-39f7-4e00-9c94-18a2b72b0413,CO2 Lamp,1742,nm,absorbance,698.3940660821977
705.431,109.37367299999998,abb5f43e-39f7-4e00-9c94-18a2b72b0413,CO2 Lamp,1743,nm,absorbance,698.5866281572505
705.624,105.80764600000002,abb5f43e-39f7-4e00-9c94-18a2b72b0413,CO2 Lamp,1744,nm,absorbance,698.7781976442876
705.818,105.5923,abb5f43e-39f7-4e00-9c94-18a2b72b0413,CO2 Lamp,1745,nm,absorbance,698.9707597193403
706.012,106.20276700000002,abb5f43e-39f7-4e00-9c94-18a2b72b0413,CO2 Lamp,1746,nm,absorbance,699.163321794393
706.205,107.62423099999998,abb5f43e-39f7-4e00-9c94-18a2b72b0413,CO2 Lamp,1747,nm,absorbance,699.3548912814301
706.399,113.555037,abb5f43e-39f7-4e00-9c94-18a2b72b0413,CO2 Lamp,1748,nm,absorbance,699.5474533564828
706.592,112.186037,abb5f43e-39f7-4e00-9c94-18a2b72b0413,CO2 Lamp,1749,nm,absorbance,699.7390228435198
706.786,118.330861,abb5f43e-39f7-4e00-9c94-18a2b72b0413,CO2 Lamp,1750,nm,absorbance,699.9315849185725
706.979,121.73435100000002,abb5f43e-39f7-4e00-9c94-18a2b72b0413,CO2 Lamp,1751,nm,absorbance,700.1231544056096
707.173,121.742735,abb5f43e-39f7-4e00-9c94-18a2b72b0413,CO2 Lamp,1752,nm,absorbance,700.3157164806623
707.366,122.413604,abb5f43e-39f7-4e00-9c94-18a2b72b0413,CO2 Lamp,1753,nm,absorbance,700.5072859676993
707.56,119.398697,abb5f43e-39f7-4e00-9c94-18a2b72b0413,CO2 Lamp,1754,nm,absorbance,700.699848042752
707.753,124.648338,abb5f43e-39f7-4e00-9c94-18a2b72b0413,CO2 Lamp,1755,nm,absorbance,700.8914175297891
707.947,125.342987,abb5f43e-39f7-4e00-9c94-18a2b72b0413,CO2 Lamp,1756,nm,absorbance,701.0839796048418
708.14,124.910213,abb5f43e-39f7-4e00-9c94-18a2b72b0413,CO2 Lamp,1757,nm,absorbance,701.2755490918789
708.333,120.806134,abb5f43e-39f7-4e00-9c94-18a2b72b0413,CO2 Lamp,1758,nm,absorbance,701.4671185789159
708.527,122.346047,abb5f43e-39f7-4e00-9c94-18a2b72b0413,CO2 Lamp,1759,nm,absorbance,701.6596806539687
708.72,121.014395,abb5f43e-39f7-4e00-9c94-18a2b72b0413,CO2 Lamp,1760,nm,absorbance,701.8512501410057
708.914,125.909555,abb5f43e-39f7-4e00-9c94-18a2b72b0413,CO2 Lamp,1761,nm,absorbance,702.0438122160584
709.107,121.354126,abb5f43e-39f7-4e00-9c94-18a2b72b0413,CO2 Lamp,1762,nm,absorbance,702.2353817030954
709.3,130.484923,abb5f43e-39f7-4e00-9c94-18a2b72b0413,CO2 Lamp,1763,nm,absorbance,702.4269511901324
709.494,126.599726,abb5f43e-39f7-4e00-9c94-18a2b72b0413,CO2 Lamp,1764,nm,absorbance,702.6195132651852
709.687,128.93235799999997,abb5f43e-39f7-4e00-9c94-18a2b72b0413,CO2 Lamp,1765,nm,absorbance,702.8110827522222
709.88,126.28912899999996,abb5f43e-39f7-4e00-9c94-18a2b72b0413,CO2 Lamp,1766,nm,absorbance,703.0026522392592
710.073,129.963667,abb5f43e-39f7-4e00-9c94-18a2b72b0413,CO2 Lamp,1767,nm,absorbance,703.1942217262963
710.267,133.045023,abb5f43e-39f7-4e00-9c94-18a2b72b0413,CO2 Lamp,1768,nm,absorbance,703.3867838013491
710.46,134.091789,abb5f43e-39f7-4e00-9c94-18a2b72b0413,CO2 Lamp,1769,nm,absorbance,703.5783532883861
710.653,133.81572,abb5f43e-39f7-4e00-9c94-18a2b72b0413,CO2 Lamp,1770,nm,absorbance,703.7699227754231
710.846,130.96205999999998,abb5f43e-39f7-4e00-9c94-18a2b72b0413,CO2 Lamp,1771,nm,absorbance,703.9614922624601
711.04,132.46318200000002,abb5f43e-39f7-4e00-9c94-18a2b72b0413,CO2 Lamp,1772,nm,absorbance,704.1540543375128
711.233,135.778782,abb5f43e-39f7-4e00-9c94-18a2b72b0413,CO2 Lamp,1773,nm,absorbance,704.3456238245498
711.426,137.718634,abb5f43e-39f7-4e00-9c94-18a2b72b0413,CO2 Lamp,1774,nm,absorbance,704.5371933115869
711.619,134.83357700000002,abb5f43e-39f7-4e00-9c94-18a2b72b0413,CO2 Lamp,1775,nm,absorbance,704.7287627986238
711.812,134.66806200000002,abb5f43e-39f7-4e00-9c94-18a2b72b0413,CO2 Lamp,1776,nm,absorbance,704.9203322856608
712.005,131.281191,abb5f43e-39f7-4e00-9c94-18a2b72b0413,CO2 Lamp,1777,nm,absorbance,705.1119017726979
712.198,129.54267699999997,abb5f43e-39f7-4e00-9c94-18a2b72b0413,CO2 Lamp,1778,nm,absorbance,705.3034712597349
712.391,125.248613,abb5f43e-39f7-4e00-9c94-18a2b72b0413,CO2 Lamp,1779,nm,absorbance,705.4950407467719
712.585,124.680664,abb5f43e-39f7-4e00-9c94-18a2b72b0413,CO2 Lamp,1780,nm,absorbance,705.6876028218247
712.778,118.584028,abb5f43e-39f7-4e00-9c94-18a2b72b0413,CO2 Lamp,1781,nm,absorbance,705.8791723088617
712.971,111.547835,abb5f43e-39f7-4e00-9c94-18a2b72b0413,CO2 Lamp,1782,nm,absorbance,706.0707417958987
713.164,107.281372,abb5f43e-39f7-4e00-9c94-18a2b72b0413,CO2 Lamp,1783,nm,absorbance,706.2623112829357
713.357,102.352015,abb5f43e-39f7-4e00-9c94-18a2b72b0413,CO2 Lamp,1784,nm,absorbance,706.4538807699727
713.55,106.289389,abb5f43e-39f7-4e00-9c94-18a2b72b0413,CO2 Lamp,1785,nm,absorbance,706.6454502570097
713.743,104.606479,abb5f43e-39f7-4e00-9c94-18a2b72b0413,CO2 Lamp,1786,nm,absorbance,706.8370197440469
713.936,105.531156,abb5f43e-39f7-4e00-9c94-18a2b72b0413,CO2 Lamp,1787,nm,absorbance,707.0285892310839
714.129,101.939235,abb5f43e-39f7-4e00-9c94-18a2b72b0413,CO2 Lamp,1788,nm,absorbance,707.2201587181208
714.322,104.443083,abb5f43e-39f7-4e00-9c94-18a2b72b0413,CO2 Lamp,1789,nm,absorbance,707.4117282051578
714.514,107.538601,abb5f43e-39f7-4e00-9c94-18a2b72b0413,CO2 Lamp,1790,nm,absorbance,707.6023051041791
714.707,107.53424300000002,abb5f43e-39f7-4e00-9c94-18a2b72b0413,CO2 Lamp,1791,nm,absorbance,707.7938745912161
714.9,106.514299,abb5f43e-39f7-4e00-9c94-18a2b72b0413,CO2 Lamp,1792,nm,absorbance,707.9854440782531
715.093,104.508873,abb5f43e-39f7-4e00-9c94-18a2b72b0413,CO2 Lamp,1793,nm,absorbance,708.17701356529
715.286,105.962902,abb5f43e-39f7-4e00-9c94-18a2b72b0413,CO2 Lamp,1794,nm,absorbance,708.3685830523272
715.479,106.348119,abb5f43e-39f7-4e00-9c94-18a2b72b0413,CO2 Lamp,1795,nm,absorbance,708.5601525393643
715.672,106.930773,abb5f43e-39f7-4e00-9c94-18a2b72b0413,CO2 Lamp,1796,nm,absorbance,708.7517220264012
715.864,107.504213,abb5f43e-39f7-4e00-9c94-18a2b72b0413,CO2 Lamp,1797,nm,absorbance,708.9422989254225
716.057,107.957304,abb5f43e-39f7-4e00-9c94-18a2b72b0413,CO2 Lamp,1798,nm,absorbance,709.1338684124595
716.25,109.80737,abb5f43e-39f7-4e00-9c94-18a2b72b0413,CO2 Lamp,1799,nm,absorbance,709.3254378994965
716.443,110.958624,abb5f43e-39f7-4e00-9c94-18a2b72b0413,CO2 Lamp,1800,nm,absorbance,709.5170073865335
716.636,117.93348,abb5f43e-39f7-4e00-9c94-18a2b72b0413,CO2 Lamp,1801,nm,absorbance,709.7085768735705
716.828,127.169204,abb5f43e-39f7-4e00-9c94-18a2b72b0413,CO2 Lamp,1802,nm,absorbance,709.8991537725918
717.021,133.69366499999998,abb5f43e-39f7-4e00-9c94-18a2b72b0413,CO2 Lamp,1803,nm,absorbance,710.0907232596288
717.214,131.56276699999998,abb5f43e-39f7-4e00-9c94-18a2b72b0413,CO2 Lamp,1804,nm,absorbance,710.2822927466659
717.406,131.916063,abb5f43e-39f7-4e00-9c94-18a2b72b0413,CO2 Lamp,1805,nm,absorbance,710.4728696456871
717.599,137.137025,abb5f43e-39f7-4e00-9c94-18a2b72b0413,CO2 Lamp,1806,nm,absorbance,710.6644391327242
717.792,143.082109,abb5f43e-39f7-4e00-9c94-18a2b72b0413,CO2 Lamp,1807,nm,absorbance,710.8560086197612
717.984,144.918699,abb5f43e-39f7-4e00-9c94-18a2b72b0413,CO2 Lamp,1808,nm,absorbance,711.0465855187824
718.177,147.16638299999997,abb5f43e-39f7-4e00-9c94-18a2b72b0413,CO2 Lamp,1809,nm,absorbance,711.2381550058195
718.37,147.274303,abb5f43e-39f7-4e00-9c94-18a2b72b0413,CO2 Lamp,1810,nm,absorbance,711.4297244928565
718.562,145.702567,abb5f43e-39f7-4e00-9c94-18a2b72b0413,CO2 Lamp,1811,nm,absorbance,711.6203013918778
718.755,141.682789,abb5f43e-39f7-4e00-9c94-18a2b72b0413,CO2 Lamp,1812,nm,absorbance,711.8118708789148
718.947,141.57930299999998,abb5f43e-39f7-4e00-9c94-18a2b72b0413,CO2 Lamp,1813,nm,absorbance,712.002447777936
719.14,142.302597,abb5f43e-39f7-4e00-9c94-18a2b72b0413,CO2 Lamp,1814,nm,absorbance,712.194017264973
719.333,142.771414,abb5f43e-39f7-4e00-9c94-18a2b72b0413,CO2 Lamp,1815,nm,absorbance,712.38558675201
719.525,142.09790199999998,abb5f43e-39f7-4e00-9c94-18a2b72b0413,CO2 Lamp,1816,nm,absorbance,712.5761636510314
719.718,141.020208,abb5f43e-39f7-4e00-9c94-18a2b72b0413,CO2 Lamp,1817,nm,absorbance,712.7677331380684
719.91,143.63753599999998,abb5f43e-39f7-4e00-9c94-18a2b72b0413,CO2 Lamp,1818,nm,absorbance,712.9583100370896
720.103,142.736501,abb5f43e-39f7-4e00-9c94-18a2b72b0413,CO2 Lamp,1819,nm,absorbance,713.1498795241266
720.295,140.166396,abb5f43e-39f7-4e00-9c94-18a2b72b0413,CO2 Lamp,1820,nm,absorbance,713.3404564231479
720.487,134.073905,abb5f43e-39f7-4e00-9c94-18a2b72b0413,CO2 Lamp,1821,nm,absorbance,713.5310333221692
720.68,135.19547199999997,abb5f43e-39f7-4e00-9c94-18a2b72b0413,CO2 Lamp,1822,nm,absorbance,713.7226028092063
720.872,135.37484899999998,abb5f43e-39f7-4e00-9c94-18a2b72b0413,CO2 Lamp,1823,nm,absorbance,713.9131797082275
721.065,134.69923699999998,abb5f43e-39f7-4e00-9c94-18a2b72b0413,CO2 Lamp,1824,nm,absorbance,714.1047491952646
721.257,130.93264399999998,abb5f43e-39f7-4e00-9c94-18a2b72b0413,CO2 Lamp,1825,nm,absorbance,714.2953260942858
721.449,133.020679,abb5f43e-39f7-4e00-9c94-18a2b72b0413,CO2 Lamp,1826,nm,absorbance,714.485902993307
721.642,136.65579200000002,abb5f43e-39f7-4e00-9c94-18a2b72b0413,CO2 Lamp,1827,nm,absorbance,714.6774724803441
721.834,135.37358200000003,abb5f43e-39f7-4e00-9c94-18a2b72b0413,CO2 Lamp,1828,nm,absorbance,714.8680493793653
722.026,134.61656599999998,abb5f43e-39f7-4e00-9c94-18a2b72b0413,CO2 Lamp,1829,nm,absorbance,715.0586262783867
722.219,131.375416,abb5f43e-39f7-4e00-9c94-18a2b72b0413,CO2 Lamp,1830,nm,absorbance,715.2501957654238
722.411,131.221399,abb5f43e-39f7-4e00-9c94-18a2b72b0413,CO2 Lamp,1831,nm,absorbance,715.4407726644449
722.603,127.508641,abb5f43e-39f7-4e00-9c94-18a2b72b0413,CO2 Lamp,1832,nm,absorbance,715.6313495634662
722.796,124.422187,abb5f43e-39f7-4e00-9c94-18a2b72b0413,CO2 Lamp,1833,nm,absorbance,715.8229190505033
722.988,124.61631200000002,abb5f43e-39f7-4e00-9c94-18a2b72b0413,CO2 Lamp,1834,nm,absorbance,716.0134959495246
723.18,126.008417,abb5f43e-39f7-4e00-9c94-18a2b72b0413,CO2 Lamp,1835,nm,absorbance,716.2040728485458
723.372,121.906269,abb5f43e-39f7-4e00-9c94-18a2b72b0413,CO2 Lamp,1836,nm,absorbance,716.3946497475671
723.565,119.156846,abb5f43e-39f7-4e00-9c94-18a2b72b0413,CO2 Lamp,1837,nm,absorbance,716.5862192346042
723.757,122.34248399999998,abb5f43e-39f7-4e00-9c94-18a2b72b0413,CO2 Lamp,1838,nm,absorbance,716.7767961336253
723.949,123.235285,abb5f43e-39f7-4e00-9c94-18a2b72b0413,CO2 Lamp,1839,nm,absorbance,716.9673730326466
724.141,122.218941,abb5f43e-39f7-4e00-9c94-18a2b72b0413,CO2 Lamp,1840,nm,absorbance,717.1579499316679
724.333,112.100647,abb5f43e-39f7-4e00-9c94-18a2b72b0413,CO2 Lamp,1841,nm,absorbance,717.3485268306893
724.525,114.19628500000002,abb5f43e-39f7-4e00-9c94-18a2b72b0413,CO2 Lamp,1842,nm,absorbance,717.5391037297105
724.717,113.006333,abb5f43e-39f7-4e00-9c94-18a2b72b0413,CO2 Lamp,1843,nm,absorbance,717.7296806287318
724.91,112.5468,abb5f43e-39f7-4e00-9c94-18a2b72b0413,CO2 Lamp,1844,nm,absorbance,717.9212501157688
725.102,101.528727,abb5f43e-39f7-4e00-9c94-18a2b72b0413,CO2 Lamp,1845,nm,absorbance,718.11182701479
725.294,98.415151,abb5f43e-39f7-4e00-9c94-18a2b72b0413,CO2 Lamp,1846,nm,absorbance,718.3024039138114
725.486,97.655476,abb5f43e-39f7-4e00-9c94-18a2b72b0413,CO2 Lamp,1847,nm,absorbance,718.4929808128327
725.678,100.158506,abb5f43e-39f7-4e00-9c94-18a2b72b0413,CO2 Lamp,1848,nm,absorbance,718.683557711854
725.87,99.530056,abb5f43e-39f7-4e00-9c94-18a2b72b0413,CO2 Lamp,1849,nm,absorbance,718.8741346108752
726.062,99.62389300000002,abb5f43e-39f7-4e00-9c94-18a2b72b0413,CO2 Lamp,1850,nm,absorbance,719.0647115098965
726.254,102.285236,abb5f43e-39f7-4e00-9c94-18a2b72b0413,CO2 Lamp,1851,nm,absorbance,719.2552884089177
726.446,105.148852,abb5f43e-39f7-4e00-9c94-18a2b72b0413,CO2 Lamp,1852,nm,absorbance,719.4458653079391
726.638,101.468843,abb5f43e-39f7-4e00-9c94-18a2b72b0413,CO2 Lamp,1853,nm,absorbance,719.6364422069604
726.83,101.781899,abb5f43e-39f7-4e00-9c94-18a2b72b0413,CO2 Lamp,1854,nm,absorbance,719.8270191059817
727.022,96.055859,abb5f43e-39f7-4e00-9c94-18a2b72b0413,CO2 Lamp,1855,nm,absorbance,720.0175960050029
727.213,98.949819,abb5f43e-39f7-4e00-9c94-18a2b72b0413,CO2 Lamp,1856,nm,absorbance,720.2071803160084
727.405,96.01514699999998,abb5f43e-39f7-4e00-9c94-18a2b72b0413,CO2 Lamp,1857,nm,absorbance,720.3977572150297
727.597,96.431888,abb5f43e-39f7-4e00-9c94-18a2b72b0413,CO2 Lamp,1858,nm,absorbance,720.588334114051
727.789,96.513505,abb5f43e-39f7-4e00-9c94-18a2b72b0413,CO2 Lamp,1859,nm,absorbance,720.7789110130723
727.981,95.404216,abb5f43e-39f7-4e00-9c94-18a2b72b0413,CO2 Lamp,1860,nm,absorbance,720.9694879120935
728.173,100.082096,abb5f43e-39f7-4e00-9c94-18a2b72b0413,CO2 Lamp,1861,nm,absorbance,721.1600648111148
728.365,99.47303,abb5f43e-39f7-4e00-9c94-18a2b72b0413,CO2 Lamp,1862,nm,absorbance,721.3506417101362
728.556,98.407747,abb5f43e-39f7-4e00-9c94-18a2b72b0413,CO2 Lamp,1863,nm,absorbance,721.5402260211417
728.748,97.037142,abb5f43e-39f7-4e00-9c94-18a2b72b0413,CO2 Lamp,1864,nm,absorbance,721.730802920163
728.94,94.266914,abb5f43e-39f7-4e00-9c94-18a2b72b0413,CO2 Lamp,1865,nm,absorbance,721.9213798191843
729.132,96.25607,abb5f43e-39f7-4e00-9c94-18a2b72b0413,CO2 Lamp,1866,nm,absorbance,722.1119567182054
729.324,95.143556,abb5f43e-39f7-4e00-9c94-18a2b72b0413,CO2 Lamp,1867,nm,absorbance,722.3025336172267
729.515,100.52581,abb5f43e-39f7-4e00-9c94-18a2b72b0413,CO2 Lamp,1868,nm,absorbance,722.4921179282323
729.707,97.979222,abb5f43e-39f7-4e00-9c94-18a2b72b0413,CO2 Lamp,1869,nm,absorbance,722.6826948272536
729.899,98.880478,abb5f43e-39f7-4e00-9c94-18a2b72b0413,CO2 Lamp,1870,nm,absorbance,722.8732717262749
730.09,95.547202,abb5f43e-39f7-4e00-9c94-18a2b72b0413,CO2 Lamp,1871,nm,absorbance,723.0628560372804
730.282,94.69335099999998,abb5f43e-39f7-4e00-9c94-18a2b72b0413,CO2 Lamp,1872,nm,absorbance,723.2534329363018
730.474,91.014872,abb5f43e-39f7-4e00-9c94-18a2b72b0413,CO2 Lamp,1873,nm,absorbance,723.4440098353231
730.665,91.475807,abb5f43e-39f7-4e00-9c94-18a2b72b0413,CO2 Lamp,1874,nm,absorbance,723.6335941463285
730.857,96.409966,abb5f43e-39f7-4e00-9c94-18a2b72b0413,CO2 Lamp,1875,nm,absorbance,723.8241710453498
731.049,103.231501,abb5f43e-39f7-4e00-9c94-18a2b72b0413,CO2 Lamp,1876,nm,absorbance,724.014747944371
731.24,102.70507,abb5f43e-39f7-4e00-9c94-18a2b72b0413,CO2 Lamp,1877,nm,absorbance,724.2043322553767
731.432,102.836803,abb5f43e-39f7-4e00-9c94-18a2b72b0413,CO2 Lamp,1878,nm,absorbance,724.394909154398
731.623,97.296021,abb5f43e-39f7-4e00-9c94-18a2b72b0413,CO2 Lamp,1879,nm,absorbance,724.5844934654035
731.815,96.565794,abb5f43e-39f7-4e00-9c94-18a2b72b0413,CO2 Lamp,1880,nm,absorbance,724.7750703644248
732.006,92.834461,abb5f43e-39f7-4e00-9c94-18a2b72b0413,CO2 Lamp,1881,nm,absorbance,724.9646546754302
732.198,91.531072,abb5f43e-39f7-4e00-9c94-18a2b72b0413,CO2 Lamp,1882,nm,absorbance,725.1552315744516
732.389,88.71217100000001,abb5f43e-39f7-4e00-9c94-18a2b72b0413,CO2 Lamp,1883,nm,absorbance,725.3448158854571
732.581,90.926497,abb5f43e-39f7-4e00-9c94-18a2b72b0413,CO2 Lamp,1884,nm,absorbance,725.5353927844784
732.772,91.021349,abb5f43e-39f7-4e00-9c94-18a2b72b0413,CO2 Lamp,1885,nm,absorbance,725.724977095484
732.964,91.004143,abb5f43e-39f7-4e00-9c94-18a2b72b0413,CO2 Lamp,1886,nm,absorbance,725.9155539945053
733.155,90.177749,abb5f43e-39f7-4e00-9c94-18a2b72b0413,CO2 Lamp,1887,nm,absorbance,726.1051383055108
733.347,88.99757,abb5f43e-39f7-4e00-9c94-18a2b72b0413,CO2 Lamp,1888,nm,absorbance,726.295715204532
733.538,93.09906,abb5f43e-39f7-4e00-9c94-18a2b72b0413,CO2 Lamp,1889,nm,absorbance,726.4852995155376
733.729,95.338878,abb5f43e-39f7-4e00-9c94-18a2b72b0413,CO2 Lamp,1890,nm,absorbance,726.6748838265431
733.921,94.404359,abb5f43e-39f7-4e00-9c94-18a2b72b0413,CO2 Lamp,1891,nm,absorbance,726.8654607255645
734.112,88.20170900000001,abb5f43e-39f7-4e00-9c94-18a2b72b0413,CO2 Lamp,1892,nm,absorbance,727.0550450365699
734.304,81.21554900000001,abb5f43e-39f7-4e00-9c94-18a2b72b0413,CO2 Lamp,1893,nm,absorbance,727.2456219355912
734.495,79.51422500000001,abb5f43e-39f7-4e00-9c94-18a2b72b0413,CO2 Lamp,1894,nm,absorbance,727.4352062465967
734.686,79.71530299999999,abb5f43e-39f7-4e00-9c94-18a2b72b0413,CO2 Lamp,1895,nm,absorbance,727.6247905576024
734.877,80.23559499999999,abb5f43e-39f7-4e00-9c94-18a2b72b0413,CO2 Lamp,1896,nm,absorbance,727.8143748686078
735.069,75.390401,abb5f43e-39f7-4e00-9c94-18a2b72b0413,CO2 Lamp,1897,nm,absorbance,728.0049517676291
735.26,73.842527,abb5f43e-39f7-4e00-9c94-18a2b72b0413,CO2 Lamp,1898,nm,absorbance,728.1945360786347
735.451,69.12309200000001,abb5f43e-39f7-4e00-9c94-18a2b72b0413,CO2 Lamp,1899,nm,absorbance,728.3841203896402
735.643,74.371191,abb5f43e-39f7-4e00-9c94-18a2b72b0413,CO2 Lamp,1900,nm,absorbance,728.5746972886616
735.834,74.32171799999999,abb5f43e-39f7-4e00-9c94-18a2b72b0413,CO2 Lamp,1901,nm,absorbance,728.764281599667
736.025,75.98393600000001,abb5f43e-39f7-4e00-9c94-18a2b72b0413,CO2 Lamp,1902,nm,absorbance,728.9538659106726
736.216,74.62517199999999,abb5f43e-39f7-4e00-9c94-18a2b72b0413,CO2 Lamp,1903,nm,absorbance,729.1434502216781
736.407,76.73550900000001,abb5f43e-39f7-4e00-9c94-18a2b72b0413,CO2 Lamp,1904,nm,absorbance,729.3330345326838
736.599,80.76240299999999,abb5f43e-39f7-4e00-9c94-18a2b72b0413,CO2 Lamp,1905,nm,absorbance,729.523611431705
736.79,79.62353199999998,abb5f43e-39f7-4e00-9c94-18a2b72b0413,CO2 Lamp,1906,nm,absorbance,729.7131957427105
736.981,76.588639,abb5f43e-39f7-4e00-9c94-18a2b72b0413,CO2 Lamp,1907,nm,absorbance,729.902780053716
737.172,76.274192,abb5f43e-39f7-4e00-9c94-18a2b72b0413,CO2 Lamp,1908,nm,absorbance,730.0923643647217
737.363,74.24723300000001,abb5f43e-39f7-4e00-9c94-18a2b72b0413,CO2 Lamp,1909,nm,absorbance,730.2819486757272
737.554,74.896266,abb5f43e-39f7-4e00-9c94-18a2b72b0413,CO2 Lamp,1910,nm,absorbance,730.4715329867327
737.745,76.77908099999999,abb5f43e-39f7-4e00-9c94-18a2b72b0413,CO2 Lamp,1911,nm,absorbance,730.6611172977382
737.936,78.561977,abb5f43e-39f7-4e00-9c94-18a2b72b0413,CO2 Lamp,1912,nm,absorbance,730.8507016087439
738.127,77.23204799999999,abb5f43e-39f7-4e00-9c94-18a2b72b0413,CO2 Lamp,1913,nm,absorbance,731.0402859197493
738.318,68.53194399999998,abb5f43e-39f7-4e00-9c94-18a2b72b0413,CO2 Lamp,1914,nm,absorbance,731.2298702307548
738.509,70.261113,abb5f43e-39f7-4e00-9c94-18a2b72b0413,CO2 Lamp,1915,nm,absorbance,731.4194545417604
738.7,72.28490199999999,abb5f43e-39f7-4e00-9c94-18a2b72b0413,CO2 Lamp,1916,nm,absorbance,731.609038852766
738.891,77.618879,abb5f43e-39f7-4e00-9c94-18a2b72b0413,CO2 Lamp,1917,nm,absorbance,731.7986231637715
739.082,76.121482,abb5f43e-39f7-4e00-9c94-18a2b72b0413,CO2 Lamp,1918,nm,absorbance,731.988207474777
739.273,74.81629799999999,abb5f43e-39f7-4e00-9c94-18a2b72b0413,CO2 Lamp,1919,nm,absorbance,732.1777917857826
739.464,75.085359,abb5f43e-39f7-4e00-9c94-18a2b72b0413,CO2 Lamp,1920,nm,absorbance,732.3673760967882
739.655,72.804798,abb5f43e-39f7-4e00-9c94-18a2b72b0413,CO2 Lamp,1921,nm,absorbance,732.5569604077937
739.846,71.00695800000001,abb5f43e-39f7-4e00-9c94-18a2b72b0413,CO2 Lamp,1922,nm,absorbance,732.7465447187992
740.037,71.27425799999999,abb5f43e-39f7-4e00-9c94-18a2b72b0413,CO2 Lamp,1923,nm,absorbance,732.9361290298048
740.228,73.700458,abb5f43e-39f7-4e00-9c94-18a2b72b0413,CO2 Lamp,1924,nm,absorbance,733.1257133408103
740.419,77.777845,abb5f43e-39f7-4e00-9c94-18a2b72b0413,CO2 Lamp,1925,nm,absorbance,733.3152976518159
740.609,73.75245799999999,abb5f43e-39f7-4e00-9c94-18a2b72b0413,CO2 Lamp,1926,nm,absorbance,733.5038893748057
740.8,75.876807,abb5f43e-39f7-4e00-9c94-18a2b72b0413,CO2 Lamp,1927,nm,absorbance,733.6934736858111
740.991,70.08661799999999,abb5f43e-39f7-4e00-9c94-18a2b72b0413,CO2 Lamp,1928,nm,absorbance,733.8830579968168
741.182,69.816604,abb5f43e-39f7-4e00-9c94-18a2b72b0413,CO2 Lamp,1929,nm,absorbance,734.0726423078223
741.373,71.976157,abb5f43e-39f7-4e00-9c94-18a2b72b0413,CO2 Lamp,1930,nm,absorbance,734.2622266188279
741.563,74.38774099999999,abb5f43e-39f7-4e00-9c94-18a2b72b0413,CO2 Lamp,1931,nm,absorbance,734.4508183418176
741.754,78.45711899999999,abb5f43e-39f7-4e00-9c94-18a2b72b0413,CO2 Lamp,1932,nm,absorbance,734.6404026528232
741.945,78.587282,abb5f43e-39f7-4e00-9c94-18a2b72b0413,CO2 Lamp,1933,nm,absorbance,734.8299869638288
742.136,83.243882,abb5f43e-39f7-4e00-9c94-18a2b72b0413,CO2 Lamp,1934,nm,absorbance,735.0195712748342
742.326,84.47986300000001,abb5f43e-39f7-4e00-9c94-18a2b72b0413,CO2 Lamp,1935,nm,absorbance,735.2081629978242
742.517,85.023179,abb5f43e-39f7-4e00-9c94-18a2b72b0413,CO2 Lamp,1936,nm,absorbance,735.3977473088297
742.708,80.89438200000001,abb5f43e-39f7-4e00-9c94-18a2b72b0413,CO2 Lamp,1937,nm,absorbance,735.5873316198351
742.898,79.27663100000001,abb5f43e-39f7-4e00-9c94-18a2b72b0413,CO2 Lamp,1938,nm,absorbance,735.775923342825
743.089,74.27874699999998,abb5f43e-39f7-4e00-9c94-18a2b72b0413,CO2 Lamp,1939,nm,absorbance,735.9655076538306
743.28,72.607575,abb5f43e-39f7-4e00-9c94-18a2b72b0413,CO2 Lamp,1940,nm,absorbance,736.1550919648361
743.47,71.383444,abb5f43e-39f7-4e00-9c94-18a2b72b0413,CO2 Lamp,1941,nm,absorbance,736.3436836878259
743.661,74.63138899999998,abb5f43e-39f7-4e00-9c94-18a2b72b0413,CO2 Lamp,1942,nm,absorbance,736.5332679988313
743.851,80.96505900000001,abb5f43e-39f7-4e00-9c94-18a2b72b0413,CO2 Lamp,1943,nm,absorbance,736.7218597218213
744.042,80.07248899999999,abb5f43e-39f7-4e00-9c94-18a2b72b0413,CO2 Lamp,1944,nm,absorbance,736.9114440328268
744.233,81.949747,abb5f43e-39f7-4e00-9c94-18a2b72b0413,CO2 Lamp,1945,nm,absorbance,737.1010283438322
744.423,80.680637,abb5f43e-39f7-4e00-9c94-18a2b72b0413,CO2 Lamp,1946,nm,absorbance,737.2896200668222
744.614,80.629687,abb5f43e-39f7-4e00-9c94-18a2b72b0413,CO2 Lamp,1947,nm,absorbance,737.4792043778277
744.804,78.400193,abb5f43e-39f7-4e00-9c94-18a2b72b0413,CO2 Lamp,1948,nm,absorbance,737.6677961008174
744.995,75.40574099999999,abb5f43e-39f7-4e00-9c94-18a2b72b0413,CO2 Lamp,1949,nm,absorbance,737.857380411823
745.185,82.613177,abb5f43e-39f7-4e00-9c94-18a2b72b0413,CO2 Lamp,1950,nm,absorbance,738.0459721348128
745.376,79.37822700000001,abb5f43e-39f7-4e00-9c94-18a2b72b0413,CO2 Lamp,1951,nm,absorbance,738.2355564458184
745.566,82.84851799999998,abb5f43e-39f7-4e00-9c94-18a2b72b0413,CO2 Lamp,1952,nm,absorbance,738.4241481688082
745.756,75.56715899999999,abb5f43e-39f7-4e00-9c94-18a2b72b0413,CO2 Lamp,1953,nm,absorbance,738.612739891798
745.947,78.312453,abb5f43e-39f7-4e00-9c94-18a2b72b0413,CO2 Lamp,1954,nm,absorbance,738.8023242028036
746.137,77.99578400000001,abb5f43e-39f7-4e00-9c94-18a2b72b0413,CO2 Lamp,1955,nm,absorbance,738.9909159257933
746.328,76.033717,abb5f43e-39f7-4e00-9c94-18a2b72b0413,CO2 Lamp,1956,nm,absorbance,739.1805002367988
746.518,74.322983,abb5f43e-39f7-4e00-9c94-18a2b72b0413,CO2 Lamp,1957,nm,absorbance,739.3690919597888
746.708,73.635104,abb5f43e-39f7-4e00-9c94-18a2b72b0413,CO2 Lamp,1958,nm,absorbance,739.5576836827785
746.899,75.91142399999998,abb5f43e-39f7-4e00-9c94-18a2b72b0413,CO2 Lamp,1959,nm,absorbance,739.747267993784
747.089,82.23474,abb5f43e-39f7-4e00-9c94-18a2b72b0413,CO2 Lamp,1960,nm,absorbance,739.935859716774
747.279,81.29550900000001,abb5f43e-39f7-4e00-9c94-18a2b72b0413,CO2 Lamp,1961,nm,absorbance,740.1244514397637
747.47,86.875034,abb5f43e-39f7-4e00-9c94-18a2b72b0413,CO2 Lamp,1962,nm,absorbance,740.3140357507692
747.66,81.729269,abb5f43e-39f7-4e00-9c94-18a2b72b0413,CO2 Lamp,1963,nm,absorbance,740.502627473759
747.85,79.24124599999999,abb5f43e-39f7-4e00-9c94-18a2b72b0413,CO2 Lamp,1964,nm,absorbance,740.6912191967489
748.04,72.782547,abb5f43e-39f7-4e00-9c94-18a2b72b0413,CO2 Lamp,1965,nm,absorbance,740.8798109197386
748.231,75.185896,abb5f43e-39f7-4e00-9c94-18a2b72b0413,CO2 Lamp,1966,nm,absorbance,741.0693952307441
748.421,78.073869,abb5f43e-39f7-4e00-9c94-18a2b72b0413,CO2 Lamp,1967,nm,absorbance,741.2579869537341
748.611,84.69040199999999,abb5f43e-39f7-4e00-9c94-18a2b72b0413,CO2 Lamp,1968,nm,absorbance,741.4465786767238
748.801,83.166328,abb5f43e-39f7-4e00-9c94-18a2b72b0413,CO2 Lamp,1969,nm,absorbance,741.6351703997136
748.991,82.232955,abb5f43e-39f7-4e00-9c94-18a2b72b0413,CO2 Lamp,1970,nm,absorbance,741.8237621227034
749.182,73.805392,abb5f43e-39f7-4e00-9c94-18a2b72b0413,CO2 Lamp,1971,nm,absorbance,742.013346433709
749.372,68.9954,abb5f43e-39f7-4e00-9c94-18a2b72b0413,CO2 Lamp,1972,nm,absorbance,742.2019381566987
749.562,72.55985899999999,abb5f43e-39f7-4e00-9c94-18a2b72b0413,CO2 Lamp,1973,nm,absorbance,742.3905298796886
749.752,77.919877,abb5f43e-39f7-4e00-9c94-18a2b72b0413,CO2 Lamp,1974,nm,absorbance,742.5791216026784
749.942,79.934201,abb5f43e-39f7-4e00-9c94-18a2b72b0413,CO2 Lamp,1975,nm,absorbance,742.7677133256682
750.132,74.781105,abb5f43e-39f7-4e00-9c94-18a2b72b0413,CO2 Lamp,1976,nm,absorbance,742.9563050486579
750.322,75.822411,abb5f43e-39f7-4e00-9c94-18a2b72b0413,CO2 Lamp,1977,nm,absorbance,743.1448967716478
750.512,76.57654899999999,abb5f43e-39f7-4e00-9c94-18a2b72b0413,CO2 Lamp,1978,nm,absorbance,743.3334884946375
750.702,80.925781,abb5f43e-39f7-4e00-9c94-18a2b72b0413,CO2 Lamp,1979,nm,absorbance,743.5220802176274
750.892,80.53196,abb5f43e-39f7-4e00-9c94-18a2b72b0413,CO2 Lamp,1980,nm,absorbance,743.7106719406173
751.082,84.60171500000001,abb5f43e-39f7-4e00-9c94-18a2b72b0413,CO2 Lamp,1981,nm,absorbance,743.899263663607
751.272,86.69842499999999,abb5f43e-39f7-4e00-9c94-18a2b72b0413,CO2 Lamp,1982,nm,absorbance,744.0878553865969
751.462,88.890171,abb5f43e-39f7-4e00-9c94-18a2b72b0413,CO2 Lamp,1983,nm,absorbance,744.2764471095867
751.652,94.171238,abb5f43e-39f7-4e00-9c94-18a2b72b0413,CO2 Lamp,1984,nm,absorbance,744.4650388325765
751.842,93.551088,abb5f43e-39f7-4e00-9c94-18a2b72b0413,CO2 Lamp,1985,nm,absorbance,744.6536305555662
752.032,94.387386,abb5f43e-39f7-4e00-9c94-18a2b72b0413,CO2 Lamp,1986,nm,absorbance,744.8422222785562
752.222,90.833554,abb5f43e-39f7-4e00-9c94-18a2b72b0413,CO2 Lamp,1987,nm,absorbance,745.0308140015459
752.412,90.10366100000002,abb5f43e-39f7-4e00-9c94-18a2b72b0413,CO2 Lamp,1988,nm,absorbance,745.2194057245357
752.602,91.656997,abb5f43e-39f7-4e00-9c94-18a2b72b0413,CO2 Lamp,1989,nm,absorbance,745.4079974475255
752.792,96.87488299999998,abb5f43e-39f7-4e00-9c94-18a2b72b0413,CO2 Lamp,1990,nm,absorbance,745.5965891705154
752.981,100.50335899999996,abb5f43e-39f7-4e00-9c94-18a2b72b0413,CO2 Lamp,1991,nm,absorbance,745.7841883054894
753.171,101.74876700000002,abb5f43e-39f7-4e00-9c94-18a2b72b0413,CO2 Lamp,1992,nm,absorbance,745.9727800284793
753.361,99.208017,abb5f43e-39f7-4e00-9c94-18a2b72b0413,CO2 Lamp,1993,nm,absorbance,746.161371751469
753.551,97.206049,abb5f43e-39f7-4e00-9c94-18a2b72b0413,CO2 Lamp,1994,nm,absorbance,746.3499634744588
753.741,93.717782,abb5f43e-39f7-4e00-9c94-18a2b72b0413,CO2 Lamp,1995,nm,absorbance,746.5385551974487
753.93,95.576261,abb5f43e-39f7-4e00-9c94-18a2b72b0413,CO2 Lamp,1996,nm,absorbance,746.7261543324227
754.12,94.971671,abb5f43e-39f7-4e00-9c94-18a2b72b0413,CO2 Lamp,1997,nm,absorbance,746.9147460554125
754.31,100.307722,abb5f43e-39f7-4e00-9c94-18a2b72b0413,CO2 Lamp,1998,nm,absorbance,747.1033377784023
754.5,99.49994,abb5f43e-39f7-4e00-9c94-18a2b72b0413,CO2 Lamp,1999,nm,absorbance,747.2919295013921
754.689,102.439811,abb5f43e-39f7-4e00-9c94-18a2b72b0413,CO2 Lamp,2000,nm,absorbance,747.4795286363661
754.879,98.374623,abb5f43e-39f7-4e00-9c94-18a2b72b0413,CO2 Lamp,2001,nm,absorbance,747.6681203593561
755.069,95.353634,abb5f43e-39f7-4e00-9c94-18a2b72b0413,CO2 Lamp,2002,nm,absorbance,747.8567120823458
755.258,93.53250800000002,abb5f43e-39f7-4e00-9c94-18a2b72b0413,CO2 Lamp,2003,nm,absorbance,748.0443112173199
755.448,90.247414,abb5f43e-39f7-4e00-9c94-18a2b72b0413,CO2 Lamp,2004,nm,absorbance,748.2329029403097
755.638,93.57505899999998,abb5f43e-39f7-4e00-9c94-18a2b72b0413,CO2 Lamp,2005,nm,absorbance,748.4214946632995
755.827,91.030533,abb5f43e-39f7-4e00-9c94-18a2b72b0413,CO2 Lamp,2006,nm,absorbance,748.6090937982735
756.017,92.542375,abb5f43e-39f7-4e00-9c94-18a2b72b0413,CO2 Lamp,2007,nm,absorbance,748.7976855212635
756.206,90.011088,abb5f43e-39f7-4e00-9c94-18a2b72b0413,CO2 Lamp,2008,nm,absorbance,748.9852846562375
756.396,92.415934,abb5f43e-39f7-4e00-9c94-18a2b72b0413,CO2 Lamp,2009,nm,absorbance,749.1738763792272
756.586,93.391981,abb5f43e-39f7-4e00-9c94-18a2b72b0413,CO2 Lamp,2010,nm,absorbance,749.3624681022171
756.775,87.94769,abb5f43e-39f7-4e00-9c94-18a2b72b0413,CO2 Lamp,2011,nm,absorbance,749.5500672371911
756.965,86.05978300000001,abb5f43e-39f7-4e00-9c94-18a2b72b0413,CO2 Lamp,2012,nm,absorbance,749.7386589601809
757.154,82.38051999999999,abb5f43e-39f7-4e00-9c94-18a2b72b0413,CO2 Lamp,2013,nm,absorbance,749.926258095155
757.344,81.337177,abb5f43e-39f7-4e00-9c94-18a2b72b0413,CO2 Lamp,2014,nm,absorbance,750.1148498181449
757.533,82.604097,abb5f43e-39f7-4e00-9c94-18a2b72b0413,CO2 Lamp,2015,nm,absorbance,750.3024489531189
757.723,78.78982099999999,abb5f43e-39f7-4e00-9c94-18a2b72b0413,CO2 Lamp,2016,nm,absorbance,750.4910406761087
757.912,78.419636,abb5f43e-39f7-4e00-9c94-18a2b72b0413,CO2 Lamp,2017,nm,absorbance,750.6786398110828
758.101,76.641898,abb5f43e-39f7-4e00-9c94-18a2b72b0413,CO2 Lamp,2018,nm,absorbance,750.8662389460569
758.291,76.799219,abb5f43e-39f7-4e00-9c94-18a2b72b0413,CO2 Lamp,2019,nm,absorbance,751.0548306690467
758.48,79.43008700000001,abb5f43e-39f7-4e00-9c94-18a2b72b0413,CO2 Lamp,2020,nm,absorbance,751.2424298040207
758.67,76.32234400000002,abb5f43e-39f7-4e00-9c94-18a2b72b0413,CO2 Lamp,2021,nm,absorbance,751.4310215270106
758.859,81.586409,abb5f43e-39f7-4e00-9c94-18a2b72b0413,CO2 Lamp,2022,nm,absorbance,751.6186206619847
759.048,81.17090300000001,abb5f43e-39f7-4e00-9c94-18a2b72b0413,CO2 Lamp,2023,nm,absorbance,751.8062197969587
759.238,80.50991400000001,abb5f43e-39f7-4e00-9c94-18a2b72b0413,CO2 Lamp,2024,nm,absorbance,751.9948115199486
759.427,71.037796,abb5f43e-39f7-4e00-9c94-18a2b72b0413,CO2 Lamp,2025,nm,absorbance,752.1824106549226
759.616,66.95395199999999,abb5f43e-39f7-4e00-9c94-18a2b72b0413,CO2 Lamp,2026,nm,absorbance,752.3700097898966
759.806,67.50184800000001,abb5f43e-39f7-4e00-9c94-18a2b72b0413,CO2 Lamp,2027,nm,absorbance,752.5586015128865
759.995,76.045312,abb5f43e-39f7-4e00-9c94-18a2b72b0413,CO2 Lamp,2028,nm,absorbance,752.7462006478605
760.184,77.091262,abb5f43e-39f7-4e00-9c94-18a2b72b0413,CO2 Lamp,2029,nm,absorbance,752.9337997828345
760.373,75.519769,abb5f43e-39f7-4e00-9c94-18a2b72b0413,CO2 Lamp,2030,nm,absorbance,753.1213989178087
760.563,72.958075,abb5f43e-39f7-4e00-9c94-18a2b72b0413,CO2 Lamp,2031,nm,absorbance,753.3099906407984
760.752,74.985151,abb5f43e-39f7-4e00-9c94-18a2b72b0413,CO2 Lamp,2032,nm,absorbance,753.4975897757726
760.941,76.26334599999998,abb5f43e-39f7-4e00-9c94-18a2b72b0413,CO2 Lamp,2033,nm,absorbance,753.6851889107467
761.13,75.46159800000001,abb5f43e-39f7-4e00-9c94-18a2b72b0413,CO2 Lamp,2034,nm,absorbance,753.8727880457207
761.319,73.98455799999999,abb5f43e-39f7-4e00-9c94-18a2b72b0413,CO2 Lamp,2035,nm,absorbance,754.0603871806948
761.509,73.995007,abb5f43e-39f7-4e00-9c94-18a2b72b0413,CO2 Lamp,2036,nm,absorbance,754.2489789036846
761.698,75.01446,abb5f43e-39f7-4e00-9c94-18a2b72b0413,CO2 Lamp,2037,nm,absorbance,754.4365780386586
761.887,76.96925999999999,abb5f43e-39f7-4e00-9c94-18a2b72b0413,CO2 Lamp,2038,nm,absorbance,754.6241771736327
762.076,77.98077500000001,abb5f43e-39f7-4e00-9c94-18a2b72b0413,CO2 Lamp,2039,nm,absorbance,754.8117763086068
762.265,81.69582500000001,abb5f43e-39f7-4e00-9c94-18a2b72b0413,CO2 Lamp,2040,nm,absorbance,754.9993754435809
762.454,81.839382,abb5f43e-39f7-4e00-9c94-18a2b72b0413,CO2 Lamp,2041,nm,absorbance,755.1869745785549
762.643,85.516171,abb5f43e-39f7-4e00-9c94-18a2b72b0413,CO2 Lamp,2042,nm,absorbance,755.374573713529
762.832,86.530562,abb5f43e-39f7-4e00-9c94-18a2b72b0413,CO2 Lamp,2043,nm,absorbance,755.5621728485031
763.021,88.34657100000001,abb5f43e-39f7-4e00-9c94-18a2b72b0413,CO2 Lamp,2044,nm,absorbance,755.7497719834771
763.21,85.94986599999999,abb5f43e-39f7-4e00-9c94-18a2b72b0413,CO2 Lamp,2045,nm,absorbance,755.9373711184512
763.399,89.87675300000001,abb5f43e-39f7-4e00-9c94-18a2b72b0413,CO2 Lamp,2046,nm,absorbance,756.1249702534253
763.588,91.906678,abb5f43e-39f7-4e00-9c94-18a2b72b0413,CO2 Lamp,2047,nm,absorbance,756.3125693883993
763.777,93.087587,abb5f43e-39f7-4e00-9c94-18a2b72b0413,CO2 Lamp,2048,nm,absorbance,756.5001685233735
763.966,89.27541099999999,abb5f43e-39f7-4e00-9c94-18a2b72b0413,CO2 Lamp,2049,nm,absorbance,756.6877676583475
764.155,87.031057,abb5f43e-39f7-4e00-9c94-18a2b72b0413,CO2 Lamp,2050,nm,absorbance,756.8753667933215
764.344,90.273608,abb5f43e-39f7-4e00-9c94-18a2b72b0413,CO2 Lamp,2051,nm,absorbance,757.0629659282957
764.533,90.02820299999999,abb5f43e-39f7-4e00-9c94-18a2b72b0413,CO2 Lamp,2052,nm,absorbance,757.2505650632697
764.722,88.90633199999999,abb5f43e-39f7-4e00-9c94-18a2b72b0413,CO2 Lamp,2053,nm,absorbance,757.4381641982438
764.911,88.721146,abb5f43e-39f7-4e00-9c94-18a2b72b0413,CO2 Lamp,2054,nm,absorbance,757.6257633332178
765.1,86.18657300000001,abb5f43e-39f7-4e00-9c94-18a2b72b0413,CO2 Lamp,2055,nm,absorbance,757.8133624681919
765.288,92.977497,abb5f43e-39f7-4e00-9c94-18a2b72b0413,CO2 Lamp,2056,nm,absorbance,757.9999690151503
765.477,87.08089999999999,abb5f43e-39f7-4e00-9c94-18a2b72b0413,CO2 Lamp,2057,nm,absorbance,758.1875681501243
765.666,94.619084,abb5f43e-39f7-4e00-9c94-18a2b72b0413,CO2 Lamp,2058,nm,absorbance,758.3751672850985
765.855,91.075989,abb5f43e-39f7-4e00-9c94-18a2b72b0413,CO2 Lamp,2059,nm,absorbance,758.5627664200725
766.044,97.427391,abb5f43e-39f7-4e00-9c94-18a2b72b0413,CO2 Lamp,2060,nm,absorbance,758.7503655550465
766.232,94.18019,abb5f43e-39f7-4e00-9c94-18a2b72b0413,CO2 Lamp,2061,nm,absorbance,758.9369721020049
766.421,91.526184,abb5f43e-39f7-4e00-9c94-18a2b72b0413,CO2 Lamp,2062,nm,absorbance,759.124571236979
766.61,92.169611,abb5f43e-39f7-4e00-9c94-18a2b72b0413,CO2 Lamp,2063,nm,absorbance,759.3121703719531
766.799,91.710498,abb5f43e-39f7-4e00-9c94-18a2b72b0413,CO2 Lamp,2064,nm,absorbance,759.4997695069271
766.987,93.446393,abb5f43e-39f7-4e00-9c94-18a2b72b0413,CO2 Lamp,2065,nm,absorbance,759.6863760538854
767.176,91.96819,abb5f43e-39f7-4e00-9c94-18a2b72b0413,CO2 Lamp,2066,nm,absorbance,759.8739751888596
767.365,89.03324599999999,abb5f43e-39f7-4e00-9c94-18a2b72b0413,CO2 Lamp,2067,nm,absorbance,760.0615743238336
767.553,87.62097200000001,abb5f43e-39f7-4e00-9c94-18a2b72b0413,CO2 Lamp,2068,nm,absorbance,760.248180870792
767.742,83.42824,abb5f43e-39f7-4e00-9c94-18a2b72b0413,CO2 Lamp,2069,nm,absorbance,760.435780005766
767.931,86.292196,abb5f43e-39f7-4e00-9c94-18a2b72b0413,CO2 Lamp,2070,nm,absorbance,760.6233791407401
768.119,81.64882499999999,abb5f43e-39f7-4e00-9c94-18a2b72b0413,CO2 Lamp,2071,nm,absorbance,760.8099856876985
768.308,85.46508700000001,abb5f43e-39f7-4e00-9c94-18a2b72b0413,CO2 Lamp,2072,nm,absorbance,760.9975848226725
768.497,84.006722,abb5f43e-39f7-4e00-9c94-18a2b72b0413,CO2 Lamp,2073,nm,absorbance,761.1851839576466
768.685,86.32804800000001,abb5f43e-39f7-4e00-9c94-18a2b72b0413,CO2 Lamp,2074,nm,absorbance,761.3717905046049
768.874,80.688271,abb5f43e-39f7-4e00-9c94-18a2b72b0413,CO2 Lamp,2075,nm,absorbance,761.559389639579
769.062,72.850254,abb5f43e-39f7-4e00-9c94-18a2b72b0413,CO2 Lamp,2076,nm,absorbance,761.7459961865374
769.251,70.59779400000001,abb5f43e-39f7-4e00-9c94-18a2b72b0413,CO2 Lamp,2077,nm,absorbance,761.9335953215113
769.439,68.739625,abb5f43e-39f7-4e00-9c94-18a2b72b0413,CO2 Lamp,2078,nm,absorbance,762.1202018684697
769.628,73.09486199999999,abb5f43e-39f7-4e00-9c94-18a2b72b0413,CO2 Lamp,2079,nm,absorbance,762.3078010034438
769.816,71.846073,abb5f43e-39f7-4e00-9c94-18a2b72b0413,CO2 Lamp,2080,nm,absorbance,762.4944075504022
770.005,68.942028,abb5f43e-39f7-4e00-9c94-18a2b72b0413,CO2 Lamp,2081,nm,absorbance,762.6820066853762
770.193,69.473001,abb5f43e-39f7-4e00-9c94-18a2b72b0413,CO2 Lamp,2082,nm,absorbance,762.8686132323345
770.382,68.59241899999999,abb5f43e-39f7-4e00-9c94-18a2b72b0413,CO2 Lamp,2083,nm,absorbance,763.0562123673086
770.57,70.589981,abb5f43e-39f7-4e00-9c94-18a2b72b0413,CO2 Lamp,2084,nm,absorbance,763.242818914267
770.758,70.113251,abb5f43e-39f7-4e00-9c94-18a2b72b0413,CO2 Lamp,2085,nm,absorbance,763.4294254612254
770.947,67.52346700000001,abb5f43e-39f7-4e00-9c94-18a2b72b0413,CO2 Lamp,2086,nm,absorbance,763.6170245961994
771.135,64.512574,abb5f43e-39f7-4e00-9c94-18a2b72b0413,CO2 Lamp,2087,nm,absorbance,763.8036311431576
771.323,59.006671,abb5f43e-39f7-4e00-9c94-18a2b72b0413,CO2 Lamp,2088,nm,absorbance,763.990237690116
771.512,62.927218,abb5f43e-39f7-4e00-9c94-18a2b72b0413,CO2 Lamp,2089,nm,absorbance,764.17783682509
771.7,59.517099,abb5f43e-39f7-4e00-9c94-18a2b72b0413,CO2 Lamp,2090,nm,absorbance,764.3644433720485
771.888,56.217547,abb5f43e-39f7-4e00-9c94-18a2b72b0413,CO2 Lamp,2091,nm,absorbance,764.5510499190068
772.077,54.014475,abb5f43e-39f7-4e00-9c94-18a2b72b0413,CO2 Lamp,2092,nm,absorbance,764.7386490539809
772.265,58.80333,abb5f43e-39f7-4e00-9c94-18a2b72b0413,CO2 Lamp,2093,nm,absorbance,764.9252556009392
772.453,58.95927,abb5f43e-39f7-4e00-9c94-18a2b72b0413,CO2 Lamp,2094,nm,absorbance,765.1118621478976
772.642,55.426417,abb5f43e-39f7-4e00-9c94-18a2b72b0413,CO2 Lamp,2095,nm,absorbance,765.2994612828717
772.83,52.359089,abb5f43e-39f7-4e00-9c94-18a2b72b0413,CO2 Lamp,2096,nm,absorbance,765.48606782983
773.018,48.58672800000001,abb5f43e-39f7-4e00-9c94-18a2b72b0413,CO2 Lamp,2097,nm,absorbance,765.6726743767883
773.206,52.126088,abb5f43e-39f7-4e00-9c94-18a2b72b0413,CO2 Lamp,2098,nm,absorbance,765.8592809237466
773.394,53.617875000000005,abb5f43e-39f7-4e00-9c94-18a2b72b0413,CO2 Lamp,2099,nm,absorbance,766.045887470705
773.583,59.76120700000001,abb5f43e-39f7-4e00-9c94-18a2b72b0413,CO2 Lamp,2100,nm,absorbance,766.233486605679
773.771,55.78558400000001,abb5f43e-39f7-4e00-9c94-18a2b72b0413,CO2 Lamp,2101,nm,absorbance,766.4200931526374
773.959,55.042637,abb5f43e-39f7-4e00-9c94-18a2b72b0413,CO2 Lamp,2102,nm,absorbance,766.6066996995957
774.147,49.281502,abb5f43e-39f7-4e00-9c94-18a2b72b0413,CO2 Lamp,2103,nm,absorbance,766.793306246554
774.335,46.982924,abb5f43e-39f7-4e00-9c94-18a2b72b0413,CO2 Lamp,2104,nm,absorbance,766.9799127935124
774.523,47.401725,abb5f43e-39f7-4e00-9c94-18a2b72b0413,CO2 Lamp,2105,nm,absorbance,767.1665193404707
774.711,52.81831,abb5f43e-39f7-4e00-9c94-18a2b72b0413,CO2 Lamp,2106,nm,absorbance,767.3531258874291
774.899,53.35712,abb5f43e-39f7-4e00-9c94-18a2b72b0413,CO2 Lamp,2107,nm,absorbance,767.5397324343874
775.087,53.795836,abb5f43e-39f7-4e00-9c94-18a2b72b0413,CO2 Lamp,2108,nm,absorbance,767.7263389813457
775.275,52.1294,abb5f43e-39f7-4e00-9c94-18a2b72b0413,CO2 Lamp,2109,nm,absorbance,767.912945528304
775.463,61.891921,abb5f43e-39f7-4e00-9c94-18a2b72b0413,CO2 Lamp,2110,nm,absorbance,768.0995520752624
775.651,61.139399,abb5f43e-39f7-4e00-9c94-18a2b72b0413,CO2 Lamp,2111,nm,absorbance,768.2861586222207
775.839,61.065319,abb5f43e-39f7-4e00-9c94-18a2b72b0413,CO2 Lamp,2112,nm,absorbance,768.4727651691791
776.027,54.65045,abb5f43e-39f7-4e00-9c94-18a2b72b0413,CO2 Lamp,2113,nm,absorbance,768.6593717161375
776.215,56.15250199999999,abb5f43e-39f7-4e00-9c94-18a2b72b0413,CO2 Lamp,2114,nm,absorbance,768.8459782630957
776.403,56.29820599999999,abb5f43e-39f7-4e00-9c94-18a2b72b0413,CO2 Lamp,2115,nm,absorbance,769.0325848100541
776.591,54.66451500000001,abb5f43e-39f7-4e00-9c94-18a2b72b0413,CO2 Lamp,2116,nm,absorbance,769.2191913570124
776.779,49.733758,abb5f43e-39f7-4e00-9c94-18a2b72b0413,CO2 Lamp,2117,nm,absorbance,769.4057979039708
776.967,50.884665,abb5f43e-39f7-4e00-9c94-18a2b72b0413,CO2 Lamp,2118,nm,absorbance,769.592404450929
777.155,49.091271000000006,abb5f43e-39f7-4e00-9c94-18a2b72b0413,CO2 Lamp,2119,nm,absorbance,769.7790109978874
777.343,58.74245100000002,abb5f43e-39f7-4e00-9c94-18a2b72b0413,CO2 Lamp,2120,nm,absorbance,769.9656175448457
777.531,53.45533300000001,abb5f43e-39f7-4e00-9c94-18a2b72b0413,CO2 Lamp,2121,nm,absorbance,770.1522240918041
777.718,58.26884,abb5f43e-39f7-4e00-9c94-18a2b72b0413,CO2 Lamp,2122,nm,absorbance,770.3378380507467
777.906,53.01659,abb5f43e-39f7-4e00-9c94-18a2b72b0413,CO2 Lamp,2123,nm,absorbance,770.5244445977049
778.094,60.690513,abb5f43e-39f7-4e00-9c94-18a2b72b0413,CO2 Lamp,2124,nm,absorbance,770.7110511446634
778.282,65.586123,abb5f43e-39f7-4e00-9c94-18a2b72b0413,CO2 Lamp,2125,nm,absorbance,770.8976576916217
778.47,79.19407999999999,abb5f43e-39f7-4e00-9c94-18a2b72b0413,CO2 Lamp,2126,nm,absorbance,771.0842642385801
778.657,96.803726,abb5f43e-39f7-4e00-9c94-18a2b72b0413,CO2 Lamp,2127,nm,absorbance,771.2698781975226
778.845,115.75395500000002,abb5f43e-39f7-4e00-9c94-18a2b72b0413,CO2 Lamp,2128,nm,absorbance,771.456484744481
779.033,133.38831399999998,abb5f43e-39f7-4e00-9c94-18a2b72b0413,CO2 Lamp,2129,nm,absorbance,771.6430912914393
779.22,148.63543499999997,abb5f43e-39f7-4e00-9c94-18a2b72b0413,CO2 Lamp,2130,nm,absorbance,771.828705250382
779.408,166.37917600000003,abb5f43e-39f7-4e00-9c94-18a2b72b0413,CO2 Lamp,2131,nm,absorbance,772.0153117973402
779.596,185.529181,abb5f43e-39f7-4e00-9c94-18a2b72b0413,CO2 Lamp,2132,nm,absorbance,772.2019183442986
779.783,204.886937,abb5f43e-39f7-4e00-9c94-18a2b72b0413,CO2 Lamp,2133,nm,absorbance,772.3875323032412
779.971,223.124271,abb5f43e-39f7-4e00-9c94-18a2b72b0413,CO2 Lamp,2134,nm,absorbance,772.5741388501996
780.159,235.91060300000004,abb5f43e-39f7-4e00-9c94-18a2b72b0413,CO2 Lamp,2135,nm,absorbance,772.7607453971578
780.346,253.461176,abb5f43e-39f7-4e00-9c94-18a2b72b0413,CO2 Lamp,2136,nm,absorbance,772.9463593561005
780.534,264.81382699999995,abb5f43e-39f7-4e00-9c94-18a2b72b0413,CO2 Lamp,2137,nm,absorbance,773.1329659030588
780.722,279.438282,abb5f43e-39f7-4e00-9c94-18a2b72b0413,CO2 Lamp,2138,nm,absorbance,773.3195724500172
780.909,286.88884399999995,abb5f43e-39f7-4e00-9c94-18a2b72b0413,CO2 Lamp,2139,nm,absorbance,773.5051864089597
781.097,293.46123300000005,abb5f43e-39f7-4e00-9c94-18a2b72b0413,CO2 Lamp,2140,nm,absorbance,773.691792955918
781.284,298.45691,abb5f43e-39f7-4e00-9c94-18a2b72b0413,CO2 Lamp,2141,nm,absorbance,773.8774069148607
781.472,303.54363900000004,abb5f43e-39f7-4e00-9c94-18a2b72b0413,CO2 Lamp,2142,nm,absorbance,774.064013461819
781.659,313.238649,abb5f43e-39f7-4e00-9c94-18a2b72b0413,CO2 Lamp,2143,nm,absorbance,774.2496274207616
781.847,313.523371,abb5f43e-39f7-4e00-9c94-18a2b72b0413,CO2 Lamp,2144,nm,absorbance,774.4362339677199
782.034,311.779397,abb5f43e-39f7-4e00-9c94-18a2b72b0413,CO2 Lamp,2145,nm,absorbance,774.6218479266626
782.222,310.127448,abb5f43e-39f7-4e00-9c94-18a2b72b0413,CO2 Lamp,2146,nm,absorbance,774.8084544736208
782.409,313.397121,abb5f43e-39f7-4e00-9c94-18a2b72b0413,CO2 Lamp,2147,nm,absorbance,774.9940684325635
782.597,314.91188500000004,abb5f43e-39f7-4e00-9c94-18a2b72b0413,CO2 Lamp,2148,nm,absorbance,775.1806749795218
782.784,314.327879,abb5f43e-39f7-4e00-9c94-18a2b72b0413,CO2 Lamp,2149,nm,absorbance,775.3662889384644
782.971,317.601396,abb5f43e-39f7-4e00-9c94-18a2b72b0413,CO2 Lamp,2150,nm,absorbance,775.551902897407
783.159,322.06545500000004,abb5f43e-39f7-4e00-9c94-18a2b72b0413,CO2 Lamp,2151,nm,absorbance,775.7385094443654
783.346,324.693697,abb5f43e-39f7-4e00-9c94-18a2b72b0413,CO2 Lamp,2152,nm,absorbance,775.9241234033079
783.533,319.818258,abb5f43e-39f7-4e00-9c94-18a2b72b0413,CO2 Lamp,2153,nm,absorbance,776.1097373622506
783.721,313.787854,abb5f43e-39f7-4e00-9c94-18a2b72b0413,CO2 Lamp,2154,nm,absorbance,776.2963439092089
783.908,302.975624,abb5f43e-39f7-4e00-9c94-18a2b72b0413,CO2 Lamp,2155,nm,absorbance,776.4819578681515
784.095,297.414137,abb5f43e-39f7-4e00-9c94-18a2b72b0413,CO2 Lamp,2156,nm,absorbance,776.6675718270941
784.283,296.009173,abb5f43e-39f7-4e00-9c94-18a2b72b0413,CO2 Lamp,2157,nm,absorbance,776.8541783740525
784.47,299.48771500000004,abb5f43e-39f7-4e00-9c94-18a2b72b0413,CO2 Lamp,2158,nm,absorbance,777.039792332995
784.657,298.822891,abb5f43e-39f7-4e00-9c94-18a2b72b0413,CO2 Lamp,2159,nm,absorbance,777.2254062919377
784.844,295.84846,abb5f43e-39f7-4e00-9c94-18a2b72b0413,CO2 Lamp,2160,nm,absorbance,777.4110202508803
785.032,294.872659,abb5f43e-39f7-4e00-9c94-18a2b72b0413,CO2 Lamp,2161,nm,absorbance,777.5976267978386
785.219,289.680111,abb5f43e-39f7-4e00-9c94-18a2b72b0413,CO2 Lamp,2162,nm,absorbance,777.7832407567812
785.406,291.91696800000005,abb5f43e-39f7-4e00-9c94-18a2b72b0413,CO2 Lamp,2163,nm,absorbance,777.9688547157238
785.593,289.123653,abb5f43e-39f7-4e00-9c94-18a2b72b0413,CO2 Lamp,2164,nm,absorbance,778.1544686746663
785.78,294.041687,abb5f43e-39f7-4e00-9c94-18a2b72b0413,CO2 Lamp,2165,nm,absorbance,778.340082633609
785.968,288.837308,abb5f43e-39f7-4e00-9c94-18a2b72b0413,CO2 Lamp,2166,nm,absorbance,778.5266891805672
786.155,289.52813100000003,abb5f43e-39f7-4e00-9c94-18a2b72b0413,CO2 Lamp,2167,nm,absorbance,778.7123031395099
786.342,283.20387800000003,abb5f43e-39f7-4e00-9c94-18a2b72b0413,CO2 Lamp,2168,nm,absorbance,778.8979170984525
786.529,277.44486500000005,abb5f43e-39f7-4e00-9c94-18a2b72b0413,CO2 Lamp,2169,nm,absorbance,779.0835310573951
786.716,266.726845,abb5f43e-39f7-4e00-9c94-18a2b72b0413,CO2 Lamp,2170,nm,absorbance,779.2691450163377
786.903,255.188314,abb5f43e-39f7-4e00-9c94-18a2b72b0413,CO2 Lamp,2171,nm,absorbance,779.4547589752804
787.09,245.224278,abb5f43e-39f7-4e00-9c94-18a2b72b0413,CO2 Lamp,2172,nm,absorbance,779.6403729342229
787.277,229.09649699999997,abb5f43e-39f7-4e00-9c94-18a2b72b0413,CO2 Lamp,2173,nm,absorbance,779.8259868931656
787.464,215.178611,abb5f43e-39f7-4e00-9c94-18a2b72b0413,CO2 Lamp,2174,nm,absorbance,780.0116008521081
787.651,198.436233,abb5f43e-39f7-4e00-9c94-18a2b72b0413,CO2 Lamp,2175,nm,absorbance,780.1972148110507
787.838,185.580345,abb5f43e-39f7-4e00-9c94-18a2b72b0413,CO2 Lamp,2176,nm,absorbance,780.3828287699934
788.025,172.85709500000002,abb5f43e-39f7-4e00-9c94-18a2b72b0413,CO2 Lamp,2177,nm,absorbance,780.5684427289359
788.212,160.982837,abb5f43e-39f7-4e00-9c94-18a2b72b0413,CO2 Lamp,2178,nm,absorbance,780.7540566878786
788.399,151.632666,abb5f43e-39f7-4e00-9c94-18a2b72b0413,CO2 Lamp,2179,nm,absorbance,780.9396706468211
788.586,146.56879399999997,abb5f43e-39f7-4e00-9c94-18a2b72b0413,CO2 Lamp,2180,nm,absorbance,781.1252846057638
788.773,141.85616,abb5f43e-39f7-4e00-9c94-18a2b72b0413,CO2 Lamp,2181,nm,absorbance,781.3108985647063
788.96,142.52506499999998,abb5f43e-39f7-4e00-9c94-18a2b72b0413,CO2 Lamp,2182,nm,absorbance,781.496512523649
789.147,129.705607,abb5f43e-39f7-4e00-9c94-18a2b72b0413,CO2 Lamp,2183,nm,absorbance,781.6821264825916
789.334,121.379337,abb5f43e-39f7-4e00-9c94-18a2b72b0413,CO2 Lamp,2184,nm,absorbance,781.8677404415341
789.521,104.1733,abb5f43e-39f7-4e00-9c94-18a2b72b0413,CO2 Lamp,2185,nm,absorbance,782.0533544004767
789.707,102.299736,abb5f43e-39f7-4e00-9c94-18a2b72b0413,CO2 Lamp,2186,nm,absorbance,782.2379757714036
789.894,93.997657,abb5f43e-39f7-4e00-9c94-18a2b72b0413,CO2 Lamp,2187,nm,absorbance,782.4235897303462
790.081,87.07810600000002,abb5f43e-39f7-4e00-9c94-18a2b72b0413,CO2 Lamp,2188,nm,absorbance,782.6092036892888
790.268,77.621292,abb5f43e-39f7-4e00-9c94-18a2b72b0413,CO2 Lamp,2189,nm,absorbance,782.7948176482314
790.455,71.60088800000001,abb5f43e-39f7-4e00-9c94-18a2b72b0413,CO2 Lamp,2190,nm,absorbance,782.9804316071741
790.641,65.35536699999999,abb5f43e-39f7-4e00-9c94-18a2b72b0413,CO2 Lamp,2191,nm,absorbance,783.1650529781008
790.828,59.937995999999984,abb5f43e-39f7-4e00-9c94-18a2b72b0413,CO2 Lamp,2192,nm,absorbance,783.3506669370435
791.015,56.683258,abb5f43e-39f7-4e00-9c94-18a2b72b0413,CO2 Lamp,2193,nm,absorbance,783.536280895986
791.202,53.67049899999999,abb5f43e-39f7-4e00-9c94-18a2b72b0413,CO2 Lamp,2194,nm,absorbance,783.7218948549287
791.388,55.469133,abb5f43e-39f7-4e00-9c94-18a2b72b0413,CO2 Lamp,2195,nm,absorbance,783.9065162258556
791.575,53.317642,abb5f43e-39f7-4e00-9c94-18a2b72b0413,CO2 Lamp,2196,nm,absorbance,784.0921301847982
791.762,49.21440400000001,abb5f43e-39f7-4e00-9c94-18a2b72b0413,CO2 Lamp,2197,nm,absorbance,784.2777441437407
791.948,37.829108,abb5f43e-39f7-4e00-9c94-18a2b72b0413,CO2 Lamp,2198,nm,absorbance,784.4623655146676
792.135,30.949598,abb5f43e-39f7-4e00-9c94-18a2b72b0413,CO2 Lamp,2199,nm,absorbance,784.6479794736102
792.322,28.04944,abb5f43e-39f7-4e00-9c94-18a2b72b0413,CO2 Lamp,2200,nm,absorbance,784.8335934325528
792.508,32.526374999999994,abb5f43e-39f7-4e00-9c94-18a2b72b0413,CO2 Lamp,2201,nm,absorbance,785.0182148034797
792.695,35.607688,abb5f43e-39f7-4e00-9c94-18a2b72b0413,CO2 Lamp,2202,nm,absorbance,785.2038287624223
792.881,36.391047,abb5f43e-39f7-4e00-9c94-18a2b72b0413,CO2 Lamp,2203,nm,absorbance,785.3884501333491
793.068,33.270386,abb5f43e-39f7-4e00-9c94-18a2b72b0413,CO2 Lamp,2204,nm,absorbance,785.5740640922917
793.254,35.293258,abb5f43e-39f7-4e00-9c94-18a2b72b0413,CO2 Lamp,2205,nm,absorbance,785.7586854632186
793.441,35.949133,abb5f43e-39f7-4e00-9c94-18a2b72b0413,CO2 Lamp,2206,nm,absorbance,785.9442994221612
793.627,38.683691,abb5f43e-39f7-4e00-9c94-18a2b72b0413,CO2 Lamp,2207,nm,absorbance,786.128920793088
793.814,35.866775000000004,abb5f43e-39f7-4e00-9c94-18a2b72b0413,CO2 Lamp,2208,nm,absorbance,786.3145347520307
794.0,37.627991,abb5f43e-39f7-4e00-9c94-18a2b72b0413,CO2 Lamp,2209,nm,absorbance,786.4991561229575
794.187,38.197773,abb5f43e-39f7-4e00-9c94-18a2b72b0413,CO2 Lamp,2210,nm,absorbance,786.6847700819002
794.373,38.69507699999999,abb5f43e-39f7-4e00-9c94-18a2b72b0413,CO2 Lamp,2211,nm,absorbance,786.869391452827
794.56,38.291469,abb5f43e-39f7-4e00-9c94-18a2b72b0413,CO2 Lamp,2212,nm,absorbance,787.0550054117696
794.746,35.429393000000005,abb5f43e-39f7-4e00-9c94-18a2b72b0413,CO2 Lamp,2213,nm,absorbance,787.2396267826964
794.933,38.238794,abb5f43e-39f7-4e00-9c94-18a2b72b0413,CO2 Lamp,2214,nm,absorbance,787.4252407416391
795.119,38.783359,abb5f43e-39f7-4e00-9c94-18a2b72b0413,CO2 Lamp,2215,nm,absorbance,787.6098621125659
795.305,45.344523,abb5f43e-39f7-4e00-9c94-18a2b72b0413,CO2 Lamp,2216,nm,absorbance,787.7944834834927
795.492,40.625733,abb5f43e-39f7-4e00-9c94-18a2b72b0413,CO2 Lamp,2217,nm,absorbance,787.9800974424354
795.678,39.380283000000006,abb5f43e-39f7-4e00-9c94-18a2b72b0413,CO2 Lamp,2218,nm,absorbance,788.1647188133622
795.864,35.875373999999994,abb5f43e-39f7-4e00-9c94-18a2b72b0413,CO2 Lamp,2219,nm,absorbance,788.3493401842892
796.051,40.040815,abb5f43e-39f7-4e00-9c94-18a2b72b0413,CO2 Lamp,2220,nm,absorbance,788.5349541432317
796.237,41.049208,abb5f43e-39f7-4e00-9c94-18a2b72b0413,CO2 Lamp,2221,nm,absorbance,788.7195755141586
796.423,37.080172000000005,abb5f43e-39f7-4e00-9c94-18a2b72b0413,CO2 Lamp,2222,nm,absorbance,788.9041968850854
796.61,35.327494,abb5f43e-39f7-4e00-9c94-18a2b72b0413,CO2 Lamp,2223,nm,absorbance,789.0898108440281
796.796,38.594182,abb5f43e-39f7-4e00-9c94-18a2b72b0413,CO2 Lamp,2224,nm,absorbance,789.274432214955
796.982,39.044602,abb5f43e-39f7-4e00-9c94-18a2b72b0413,CO2 Lamp,2225,nm,absorbance,789.4590535858817
797.168,34.020827999999995,abb5f43e-39f7-4e00-9c94-18a2b72b0413,CO2 Lamp,2226,nm,absorbance,789.6436749568087
797.355,29.517917,abb5f43e-39f7-4e00-9c94-18a2b72b0413,CO2 Lamp,2227,nm,absorbance,789.8292889157512
797.541,31.750421,abb5f43e-39f7-4e00-9c94-18a2b72b0413,CO2 Lamp,2228,nm,absorbance,790.0139102866782
797.727,35.912632,abb5f43e-39f7-4e00-9c94-18a2b72b0413,CO2 Lamp,2229,nm,absorbance,790.1985316576049
797.913,37.88609,abb5f43e-39f7-4e00-9c94-18a2b72b0413,CO2 Lamp,2230,nm,absorbance,790.3831530285319
798.099,37.953899,abb5f43e-39f7-4e00-9c94-18a2b72b0413,CO2 Lamp,2231,nm,absorbance,790.5677743994588
798.285,35.63598699999999,abb5f43e-39f7-4e00-9c94-18a2b72b0413,CO2 Lamp,2232,nm,absorbance,790.7523957703855
798.471,30.210476,abb5f43e-39f7-4e00-9c94-18a2b72b0413,CO2 Lamp,2233,nm,absorbance,790.9370171413125
798.658,32.048773,abb5f43e-39f7-4e00-9c94-18a2b72b0413,CO2 Lamp,2234,nm,absorbance,791.122631100255
798.844,32.359169,abb5f43e-39f7-4e00-9c94-18a2b72b0413,CO2 Lamp,2235,nm,absorbance,791.307252471182
799.03,37.33057699999999,abb5f43e-39f7-4e00-9c94-18a2b72b0413,CO2 Lamp,2236,nm,absorbance,791.4918738421087
799.216,32.231656,abb5f43e-39f7-4e00-9c94-18a2b72b0413,CO2 Lamp,2237,nm,absorbance,791.6764952130357
799.402,31.229611,abb5f43e-39f7-4e00-9c94-18a2b72b0413,CO2 Lamp,2238,nm,absorbance,791.8611165839626
799.588,31.70719500000001,abb5f43e-39f7-4e00-9c94-18a2b72b0413,CO2 Lamp,2239,nm,absorbance,792.0457379548893
799.774,33.481592000000006,abb5f43e-39f7-4e00-9c94-18a2b72b0413,CO2 Lamp,2240,nm,absorbance,792.2303593258163
799.96,36.876822,abb5f43e-39f7-4e00-9c94-18a2b72b0413,CO2 Lamp,2241,nm,absorbance,792.4149806967431
800.146,36.262173,abb5f43e-39f7-4e00-9c94-18a2b72b0413,CO2 Lamp,2242,nm,absorbance,792.5996020676699
800.332,34.725549,abb5f43e-39f7-4e00-9c94-18a2b72b0413,CO2 Lamp,2243,nm,absorbance,792.7842234385968
800.518,31.659353,abb5f43e-39f7-4e00-9c94-18a2b72b0413,CO2 Lamp,2244,nm,absorbance,792.9688448095237
800.704,29.262521,abb5f43e-39f7-4e00-9c94-18a2b72b0413,CO2 Lamp,2245,nm,absorbance,793.1534661804506
800.89,37.953059,abb5f43e-39f7-4e00-9c94-18a2b72b0413,CO2 Lamp,2246,nm,absorbance,793.3380875513774
801.075,34.425549,abb5f43e-39f7-4e00-9c94-18a2b72b0413,CO2 Lamp,2247,nm,absorbance,793.5217163342886
801.261,35.533442,abb5f43e-39f7-4e00-9c94-18a2b72b0413,CO2 Lamp,2248,nm,absorbance,793.7063377052153
801.447,26.466321,abb5f43e-39f7-4e00-9c94-18a2b72b0413,CO2 Lamp,2249,nm,absorbance,793.8909590761423
801.633,32.13888,abb5f43e-39f7-4e00-9c94-18a2b72b0413,CO2 Lamp,2250,nm,absorbance,794.0755804470692
801.819,32.97157,abb5f43e-39f7-4e00-9c94-18a2b72b0413,CO2 Lamp,2251,nm,absorbance,794.260201817996
802.005,33.813134000000005,abb5f43e-39f7-4e00-9c94-18a2b72b0413,CO2 Lamp,2252,nm,absorbance,794.4448231889229
802.19,34.913865,abb5f43e-39f7-4e00-9c94-18a2b72b0413,CO2 Lamp,2253,nm,absorbance,794.628451971834
802.376,34.864433,abb5f43e-39f7-4e00-9c94-18a2b72b0413,CO2 Lamp,2254,nm,absorbance,794.8130733427608
802.562,40.351112,abb5f43e-39f7-4e00-9c94-18a2b72b0413,CO2 Lamp,2255,nm,absorbance,794.9976947136878
802.748,37.28771400000001,abb5f43e-39f7-4e00-9c94-18a2b72b0413,CO2 Lamp,2256,nm,absorbance,795.1823160846146
802.934,37.15252,abb5f43e-39f7-4e00-9c94-18a2b72b0413,CO2 Lamp,2257,nm,absorbance,795.3669374555415
803.119,30.362722,abb5f43e-39f7-4e00-9c94-18a2b72b0413,CO2 Lamp,2258,nm,absorbance,795.5505662384526
803.305,32.673603,abb5f43e-39f7-4e00-9c94-18a2b72b0413,CO2 Lamp,2259,nm,absorbance,795.7351876093794
803.491,34.911376,abb5f43e-39f7-4e00-9c94-18a2b72b0413,CO2 Lamp,2260,nm,absorbance,795.9198089803064
803.676,35.282902,abb5f43e-39f7-4e00-9c94-18a2b72b0413,CO2 Lamp,2261,nm,absorbance,796.1034377632175
803.862,31.260966,abb5f43e-39f7-4e00-9c94-18a2b72b0413,CO2 Lamp,2262,nm,absorbance,796.2880591341443
804.048,27.456349,abb5f43e-39f7-4e00-9c94-18a2b72b0413,CO2 Lamp,2263,nm,absorbance,796.4726805050711
804.233,23.848794,abb5f43e-39f7-4e00-9c94-18a2b72b0413,CO2 Lamp,2264,nm,absorbance,796.6563092879823
804.419,27.775478000000003,abb5f43e-39f7-4e00-9c94-18a2b72b0413,CO2 Lamp,2265,nm,absorbance,796.8409306589092
804.605,26.216396,abb5f43e-39f7-4e00-9c94-18a2b72b0413,CO2 Lamp,2266,nm,absorbance,797.025552029836
804.79,30.788405,abb5f43e-39f7-4e00-9c94-18a2b72b0413,CO2 Lamp,2267,nm,absorbance,797.2091808127471
804.976,26.736699,abb5f43e-39f7-4e00-9c94-18a2b72b0413,CO2 Lamp,2268,nm,absorbance,797.393802183674
805.161,29.51386,abb5f43e-39f7-4e00-9c94-18a2b72b0413,CO2 Lamp,2269,nm,absorbance,797.5774309665851
805.347,26.324329,abb5f43e-39f7-4e00-9c94-18a2b72b0413,CO2 Lamp,2270,nm,absorbance,797.762052337512
805.532,27.446458,abb5f43e-39f7-4e00-9c94-18a2b72b0413,CO2 Lamp,2271,nm,absorbance,797.9456811204232
805.718,23.730426,abb5f43e-39f7-4e00-9c94-18a2b72b0413,CO2 Lamp,2272,nm,absorbance,798.13030249135
805.903,28.034086,abb5f43e-39f7-4e00-9c94-18a2b72b0413,CO2 Lamp,2273,nm,absorbance,798.3139312742612
806.089,25.180757000000003,abb5f43e-39f7-4e00-9c94-18a2b72b0413,CO2 Lamp,2274,nm,absorbance,798.498552645188
806.274,27.90582,abb5f43e-39f7-4e00-9c94-18a2b72b0413,CO2 Lamp,2275,nm,absorbance,798.6821814280992
806.46,24.742312,abb5f43e-39f7-4e00-9c94-18a2b72b0413,CO2 Lamp,2276,nm,absorbance,798.866802799026
806.645,25.341012000000003,abb5f43e-39f7-4e00-9c94-18a2b72b0413,CO2 Lamp,2277,nm,absorbance,799.0504315819371
806.831,25.935932,abb5f43e-39f7-4e00-9c94-18a2b72b0413,CO2 Lamp,2278,nm,absorbance,799.2350529528641
807.016,27.156534,abb5f43e-39f7-4e00-9c94-18a2b72b0413,CO2 Lamp,2279,nm,absorbance,799.4186817357751
807.201,28.634746,abb5f43e-39f7-4e00-9c94-18a2b72b0413,CO2 Lamp,2280,nm,absorbance,799.6023105186863
807.387,25.668621,abb5f43e-39f7-4e00-9c94-18a2b72b0413,CO2 Lamp,2281,nm,absorbance,799.7869318896131
807.572,24.077853,abb5f43e-39f7-4e00-9c94-18a2b72b0413,CO2 Lamp,2282,nm,absorbance,799.9705606725242
807.757,23.329564,abb5f43e-39f7-4e00-9c94-18a2b72b0413,CO2 Lamp,2283,nm,absorbance,800.1541894554354
807.943,26.725143999999997,abb5f43e-39f7-4e00-9c94-18a2b72b0413,CO2 Lamp,2284,nm,absorbance,800.3388108263622
808.128,30.01249600000001,abb5f43e-39f7-4e00-9c94-18a2b72b0413,CO2 Lamp,2285,nm,absorbance,800.5224396092734
808.313,26.635775,abb5f43e-39f7-4e00-9c94-18a2b72b0413,CO2 Lamp,2286,nm,absorbance,800.7060683921845
808.499,26.045207,abb5f43e-39f7-4e00-9c94-18a2b72b0413,CO2 Lamp,2287,nm,absorbance,800.8906897631114
808.684,25.335500000000003,abb5f43e-39f7-4e00-9c94-18a2b72b0413,CO2 Lamp,2288,nm,absorbance,801.0743185460225
808.869,26.092006999999995,abb5f43e-39f7-4e00-9c94-18a2b72b0413,CO2 Lamp,2289,nm,absorbance,801.2579473289337
809.054,23.975217,abb5f43e-39f7-4e00-9c94-18a2b72b0413,CO2 Lamp,2290,nm,absorbance,801.4415761118447
809.24,15.101011,abb5f43e-39f7-4e00-9c94-18a2b72b0413,CO2 Lamp,2291,nm,absorbance,801.6261974827717
809.425,20.021016,abb5f43e-39f7-4e00-9c94-18a2b72b0413,CO2 Lamp,2292,nm,absorbance,801.8098262656828
809.61,17.087684000000003,abb5f43e-39f7-4e00-9c94-18a2b72b0413,CO2 Lamp,2293,nm,absorbance,801.9934550485939
809.795,17.921888,abb5f43e-39f7-4e00-9c94-18a2b72b0413,CO2 Lamp,2294,nm,absorbance,802.177083831505
809.98,15.077934000000004,abb5f43e-39f7-4e00-9c94-18a2b72b0413,CO2 Lamp,2295,nm,absorbance,802.3607126144161
810.165,10.582568,abb5f43e-39f7-4e00-9c94-18a2b72b0413,CO2 Lamp,2296,nm,absorbance,802.5443413973272
810.35,14.433986,abb5f43e-39f7-4e00-9c94-18a2b72b0413,CO2 Lamp,2297,nm,absorbance,802.7279701802385
810.536,13.261753000000002,abb5f43e-39f7-4e00-9c94-18a2b72b0413,CO2 Lamp,2298,nm,absorbance,802.9125915511652
810.721,17.615890999999998,abb5f43e-39f7-4e00-9c94-18a2b72b0413,CO2 Lamp,2299,nm,absorbance,803.0962203340764
810.906,11.894102,abb5f43e-39f7-4e00-9c94-18a2b72b0413,CO2 Lamp,2300,nm,absorbance,803.2798491169875
811.091,10.173662,abb5f43e-39f7-4e00-9c94-18a2b72b0413,CO2 Lamp,2301,nm,absorbance,803.4634778998986
811.276,12.8512,abb5f43e-39f7-4e00-9c94-18a2b72b0413,CO2 Lamp,2302,nm,absorbance,803.6471066828097
811.461,13.310737999999995,abb5f43e-39f7-4e00-9c94-18a2b72b0413,CO2 Lamp,2303,nm,absorbance,803.830735465721
811.646,10.537277,abb5f43e-39f7-4e00-9c94-18a2b72b0413,CO2 Lamp,2304,nm,absorbance,804.014364248632
811.831,5.6339760000000005,abb5f43e-39f7-4e00-9c94-18a2b72b0413,CO2 Lamp,2305,nm,absorbance,804.1979930315432
812.016,14.356017,abb5f43e-39f7-4e00-9c94-18a2b72b0413,CO2 Lamp,2306,nm,absorbance,804.3816218144543
812.201,15.897634,abb5f43e-39f7-4e00-9c94-18a2b72b0413,CO2 Lamp,2307,nm,absorbance,804.5652505973654
812.386,15.820796,abb5f43e-39f7-4e00-9c94-18a2b72b0413,CO2 Lamp,2308,nm,absorbance,804.7488793802765
812.571,9.030948,abb5f43e-39f7-4e00-9c94-18a2b72b0413,CO2 Lamp,2309,nm,absorbance,804.9325081631878
812.756,14.274998,abb5f43e-39f7-4e00-9c94-18a2b72b0413,CO2 Lamp,2310,nm,absorbance,805.1161369460988
812.941,16.31033,abb5f43e-39f7-4e00-9c94-18a2b72b0413,CO2 Lamp,2311,nm,absorbance,805.29976572901
813.125,18.396526,abb5f43e-39f7-4e00-9c94-18a2b72b0413,CO2 Lamp,2312,nm,absorbance,805.4824019239054
813.31,14.866406,abb5f43e-39f7-4e00-9c94-18a2b72b0413,CO2 Lamp,2313,nm,absorbance,805.6660307068164
813.495,16.546185,abb5f43e-39f7-4e00-9c94-18a2b72b0413,CO2 Lamp,2314,nm,absorbance,805.8496594897276
813.68,19.077326,abb5f43e-39f7-4e00-9c94-18a2b72b0413,CO2 Lamp,2315,nm,absorbance,806.0332882726386
813.865,17.933677999999997,abb5f43e-39f7-4e00-9c94-18a2b72b0413,CO2 Lamp,2316,nm,absorbance,806.2169170555499
814.05,16.69509,abb5f43e-39f7-4e00-9c94-18a2b72b0413,CO2 Lamp,2317,nm,absorbance,806.400545838461
814.234,13.79084,abb5f43e-39f7-4e00-9c94-18a2b72b0413,CO2 Lamp,2318,nm,absorbance,806.5831820333564
814.419,11.023787000000002,abb5f43e-39f7-4e00-9c94-18a2b72b0413,CO2 Lamp,2319,nm,absorbance,806.7668108162675
814.604,11.502353,abb5f43e-39f7-4e00-9c94-18a2b72b0413,CO2 Lamp,2320,nm,absorbance,806.9504395991787
814.789,11.49204,abb5f43e-39f7-4e00-9c94-18a2b72b0413,CO2 Lamp,2321,nm,absorbance,807.1340683820897
814.973,16.055656000000003,abb5f43e-39f7-4e00-9c94-18a2b72b0413,CO2 Lamp,2322,nm,absorbance,807.3167045769851
815.158,17.535241,abb5f43e-39f7-4e00-9c94-18a2b72b0413,CO2 Lamp,2323,nm,absorbance,807.5003333598963
815.343,20.19441,abb5f43e-39f7-4e00-9c94-18a2b72b0413,CO2 Lamp,2324,nm,absorbance,807.6839621428073
815.528,23.430029,abb5f43e-39f7-4e00-9c94-18a2b72b0413,CO2 Lamp,2325,nm,absorbance,807.8675909257186
815.712,21.718312,abb5f43e-39f7-4e00-9c94-18a2b72b0413,CO2 Lamp,2326,nm,absorbance,808.050227120614
815.897,18.112326000000003,abb5f43e-39f7-4e00-9c94-18a2b72b0413,CO2 Lamp,2327,nm,absorbance,808.2338559035251
816.081,16.440908999999998,abb5f43e-39f7-4e00-9c94-18a2b72b0413,CO2 Lamp,2328,nm,absorbance,808.4164920984205
816.266,17.279708,abb5f43e-39f7-4e00-9c94-18a2b72b0413,CO2 Lamp,2329,nm,absorbance,808.6001208813316
816.451,21.449064,abb5f43e-39f7-4e00-9c94-18a2b72b0413,CO2 Lamp,2330,nm,absorbance,808.7837496642428
816.635,19.974857,abb5f43e-39f7-4e00-9c94-18a2b72b0413,CO2 Lamp,2331,nm,absorbance,808.9663858591381
816.82,21.905342,abb5f43e-39f7-4e00-9c94-18a2b72b0413,CO2 Lamp,2332,nm,absorbance,809.1500146420493
817.004,21.262845,abb5f43e-39f7-4e00-9c94-18a2b72b0413,CO2 Lamp,2333,nm,absorbance,809.3326508369447
817.189,23.473218,abb5f43e-39f7-4e00-9c94-18a2b72b0413,CO2 Lamp,2334,nm,absorbance,809.5162796198557
817.374,22.589109,abb5f43e-39f7-4e00-9c94-18a2b72b0413,CO2 Lamp,2335,nm,absorbance,809.6999084027669
817.558,17.746573,abb5f43e-39f7-4e00-9c94-18a2b72b0413,CO2 Lamp,2336,nm,absorbance,809.8825445976623
817.743,15.431841,abb5f43e-39f7-4e00-9c94-18a2b72b0413,CO2 Lamp,2337,nm,absorbance,810.0661733805734
817.927,13.475226,abb5f43e-39f7-4e00-9c94-18a2b72b0413,CO2 Lamp,2338,nm,absorbance,810.2488095754688
818.111,18.865571,abb5f43e-39f7-4e00-9c94-18a2b72b0413,CO2 Lamp,2339,nm,absorbance,810.4314457703642
818.296,24.099775,abb5f43e-39f7-4e00-9c94-18a2b72b0413,CO2 Lamp,2340,nm,absorbance,810.6150745532753
818.48,25.511957,abb5f43e-39f7-4e00-9c94-18a2b72b0413,CO2 Lamp,2341,nm,absorbance,810.7977107481707
818.665,27.413375,abb5f43e-39f7-4e00-9c94-18a2b72b0413,CO2 Lamp,2342,nm,absorbance,810.9813395310819
818.849,20.399125000000005,abb5f43e-39f7-4e00-9c94-18a2b72b0413,CO2 Lamp,2343,nm,absorbance,811.1639757259773
819.034,19.016722,abb5f43e-39f7-4e00-9c94-18a2b72b0413,CO2 Lamp,2344,nm,absorbance,811.3476045088884
819.218,17.898781,abb5f43e-39f7-4e00-9c94-18a2b72b0413,CO2 Lamp,2345,nm,absorbance,811.5302407037838
819.402,23.285615,abb5f43e-39f7-4e00-9c94-18a2b72b0413,CO2 Lamp,2346,nm,absorbance,811.7128768986793
819.587,19.758686,abb5f43e-39f7-4e00-9c94-18a2b72b0413,CO2 Lamp,2347,nm,absorbance,811.8965056815903
819.771,12.94245,abb5f43e-39f7-4e00-9c94-18a2b72b0413,CO2 Lamp,2348,nm,absorbance,812.0791418764857
819.955,8.333249,abb5f43e-39f7-4e00-9c94-18a2b72b0413,CO2 Lamp,2349,nm,absorbance,812.2617780713812
820.14,14.177868999999998,abb5f43e-39f7-4e00-9c94-18a2b72b0413,CO2 Lamp,2350,nm,absorbance,812.4454068542922
820.324,20.5988,abb5f43e-39f7-4e00-9c94-18a2b72b0413,CO2 Lamp,2351,nm,absorbance,812.6280430491876
820.508,20.027785,abb5f43e-39f7-4e00-9c94-18a2b72b0413,CO2 Lamp,2352,nm,absorbance,812.8106792440831
820.692,19.101093,abb5f43e-39f7-4e00-9c94-18a2b72b0413,CO2 Lamp,2353,nm,absorbance,812.9933154389784
820.877,14.172251,abb5f43e-39f7-4e00-9c94-18a2b72b0413,CO2 Lamp,2354,nm,absorbance,813.1769442218895
821.061,14.883369000000002,abb5f43e-39f7-4e00-9c94-18a2b72b0413,CO2 Lamp,2355,nm,absorbance,813.359580416785
821.245,16.299231,abb5f43e-39f7-4e00-9c94-18a2b72b0413,CO2 Lamp,2356,nm,absorbance,813.5422166116803
821.429,17.674586999999995,abb5f43e-39f7-4e00-9c94-18a2b72b0413,CO2 Lamp,2357,nm,absorbance,813.7248528065757
821.613,20.629056,abb5f43e-39f7-4e00-9c94-18a2b72b0413,CO2 Lamp,2358,nm,absorbance,813.9074890014712
821.798,21.409370000000003,abb5f43e-39f7-4e00-9c94-18a2b72b0413,CO2 Lamp,2359,nm,absorbance,814.0911177843823
821.982,22.883834,abb5f43e-39f7-4e00-9c94-18a2b72b0413,CO2 Lamp,2360,nm,absorbance,814.2737539792776
822.166,18.931282,abb5f43e-39f7-4e00-9c94-18a2b72b0413,CO2 Lamp,2361,nm,absorbance,814.4563901741731
822.35,13.173024000000002,abb5f43e-39f7-4e00-9c94-18a2b72b0413,CO2 Lamp,2362,nm,absorbance,814.6390263690685
822.534,10.799297,abb5f43e-39f7-4e00-9c94-18a2b72b0413,CO2 Lamp,2363,nm,absorbance,814.8216625639637
822.718,14.535895,abb5f43e-39f7-4e00-9c94-18a2b72b0413,CO2 Lamp,2364,nm,absorbance,815.0042987588591
822.902,13.431589,abb5f43e-39f7-4e00-9c94-18a2b72b0413,CO2 Lamp,2365,nm,absorbance,815.1869349537546
823.086,15.249183999999996,abb5f43e-39f7-4e00-9c94-18a2b72b0413,CO2 Lamp,2366,nm,absorbance,815.36957114865
823.27,13.720283,abb5f43e-39f7-4e00-9c94-18a2b72b0413,CO2 Lamp,2367,nm,absorbance,815.5522073435453
823.454,14.555132999999998,abb5f43e-39f7-4e00-9c94-18a2b72b0413,CO2 Lamp,2368,nm,absorbance,815.7348435384407
823.638,12.906679,abb5f43e-39f7-4e00-9c94-18a2b72b0413,CO2 Lamp,2369,nm,absorbance,815.9174797333362
823.822,9.095877000000002,abb5f43e-39f7-4e00-9c94-18a2b72b0413,CO2 Lamp,2370,nm,absorbance,816.1001159282315
824.006,13.994201999999998,abb5f43e-39f7-4e00-9c94-18a2b72b0413,CO2 Lamp,2371,nm,absorbance,816.2827521231269
824.19,17.012383999999997,abb5f43e-39f7-4e00-9c94-18a2b72b0413,CO2 Lamp,2372,nm,absorbance,816.4653883180224
824.374,21.021775,abb5f43e-39f7-4e00-9c94-18a2b72b0413,CO2 Lamp,2373,nm,absorbance,816.6480245129178
824.558,15.360422999999995,abb5f43e-39f7-4e00-9c94-18a2b72b0413,CO2 Lamp,2374,nm,absorbance,816.8306607078131
824.742,10.021872,abb5f43e-39f7-4e00-9c94-18a2b72b0413,CO2 Lamp,2375,nm,absorbance,817.0132969027085
824.926,10.625073,abb5f43e-39f7-4e00-9c94-18a2b72b0413,CO2 Lamp,2376,nm,absorbance,817.195933097604
825.11,12.541149,abb5f43e-39f7-4e00-9c94-18a2b72b0413,CO2 Lamp,2377,nm,absorbance,817.3785692924993
825.294,15.253449999999996,abb5f43e-39f7-4e00-9c94-18a2b72b0413,CO2 Lamp,2378,nm,absorbance,817.5612054873947
825.477,11.474876,abb5f43e-39f7-4e00-9c94-18a2b72b0413,CO2 Lamp,2379,nm,absorbance,817.7428490942743
825.661,12.161367000000002,abb5f43e-39f7-4e00-9c94-18a2b72b0413,CO2 Lamp,2380,nm,absorbance,817.9254852891697
825.845,13.993153000000005,abb5f43e-39f7-4e00-9c94-18a2b72b0413,CO2 Lamp,2381,nm,absorbance,818.1081214840651
826.029,14.025582,abb5f43e-39f7-4e00-9c94-18a2b72b0413,CO2 Lamp,2382,nm,absorbance,818.2907576789605
826.213,15.052450000000002,abb5f43e-39f7-4e00-9c94-18a2b72b0413,CO2 Lamp,2383,nm,absorbance,818.4733938738559
826.396,17.254975,abb5f43e-39f7-4e00-9c94-18a2b72b0413,CO2 Lamp,2384,nm,absorbance,818.6550374807356
826.58,17.469961,abb5f43e-39f7-4e00-9c94-18a2b72b0413,CO2 Lamp,2385,nm,absorbance,818.837673675631
826.764,14.537834999999998,abb5f43e-39f7-4e00-9c94-18a2b72b0413,CO2 Lamp,2386,nm,absorbance,819.0203098705264
826.948,9.748874,abb5f43e-39f7-4e00-9c94-18a2b72b0413,CO2 Lamp,2387,nm,absorbance,819.2029460654218
827.131,12.689267,abb5f43e-39f7-4e00-9c94-18a2b72b0413,CO2 Lamp,2388,nm,absorbance,819.3845896723014
827.315,11.705235000000004,abb5f43e-39f7-4e00-9c94-18a2b72b0413,CO2 Lamp,2389,nm,absorbance,819.5672258671968
827.499,13.867521,abb5f43e-39f7-4e00-9c94-18a2b72b0413,CO2 Lamp,2390,nm,absorbance,819.7498620620922
827.682,13.04709,abb5f43e-39f7-4e00-9c94-18a2b72b0413,CO2 Lamp,2391,nm,absorbance,819.9315056689719
827.866,17.335996,abb5f43e-39f7-4e00-9c94-18a2b72b0413,CO2 Lamp,2392,nm,absorbance,820.1141418638673
828.05,18.162664,abb5f43e-39f7-4e00-9c94-18a2b72b0413,CO2 Lamp,2393,nm,absorbance,820.2967780587626
828.233,17.0601,abb5f43e-39f7-4e00-9c94-18a2b72b0413,CO2 Lamp,2394,nm,absorbance,820.4784216656423
828.417,18.17208,abb5f43e-39f7-4e00-9c94-18a2b72b0413,CO2 Lamp,2395,nm,absorbance,820.6610578605378
828.6,18.41688,abb5f43e-39f7-4e00-9c94-18a2b72b0413,CO2 Lamp,2396,nm,absorbance,820.8427014674174
828.784,18.128353,abb5f43e-39f7-4e00-9c94-18a2b72b0413,CO2 Lamp,2397,nm,absorbance,821.0253376623127
828.967,14.626821,abb5f43e-39f7-4e00-9c94-18a2b72b0413,CO2 Lamp,2398,nm,absorbance,821.2069812691924
829.151,16.795155,abb5f43e-39f7-4e00-9c94-18a2b72b0413,CO2 Lamp,2399,nm,absorbance,821.3896174640878
829.335,18.98396,abb5f43e-39f7-4e00-9c94-18a2b72b0413,CO2 Lamp,2400,nm,absorbance,821.5722536589832
829.518,19.745811,abb5f43e-39f7-4e00-9c94-18a2b72b0413,CO2 Lamp,2401,nm,absorbance,821.7538972658629
829.701,19.533983,abb5f43e-39f7-4e00-9c94-18a2b72b0413,CO2 Lamp,2402,nm,absorbance,821.9355408727425
829.885,23.126232,abb5f43e-39f7-4e00-9c94-18a2b72b0413,CO2 Lamp,2403,nm,absorbance,822.1181770676379
830.068,24.28153,abb5f43e-39f7-4e00-9c94-18a2b72b0413,CO2 Lamp,2404,nm,absorbance,822.2998206745176
830.252,19.382625,abb5f43e-39f7-4e00-9c94-18a2b72b0413,CO2 Lamp,2405,nm,absorbance,822.4824568694129
830.435,17.059440000000002,abb5f43e-39f7-4e00-9c94-18a2b72b0413,CO2 Lamp,2406,nm,absorbance,822.6641004762926
830.619,13.343682,abb5f43e-39f7-4e00-9c94-18a2b72b0413,CO2 Lamp,2407,nm,absorbance,822.8467366711881
830.802,16.819488,abb5f43e-39f7-4e00-9c94-18a2b72b0413,CO2 Lamp,2408,nm,absorbance,823.0283802780677
830.985,12.485662,abb5f43e-39f7-4e00-9c94-18a2b72b0413,CO2 Lamp,2409,nm,absorbance,823.2100238849473
831.169,11.302758,abb5f43e-39f7-4e00-9c94-18a2b72b0413,CO2 Lamp,2410,nm,absorbance,823.3926600798427
831.352,11.216702000000002,abb5f43e-39f7-4e00-9c94-18a2b72b0413,CO2 Lamp,2411,nm,absorbance,823.5743036867224
831.535,11.083276,abb5f43e-39f7-4e00-9c94-18a2b72b0413,CO2 Lamp,2412,nm,absorbance,823.755947293602
831.719,17.044565,abb5f43e-39f7-4e00-9c94-18a2b72b0413,CO2 Lamp,2413,nm,absorbance,823.9385834884974
831.902,14.906428000000002,abb5f43e-39f7-4e00-9c94-18a2b72b0413,CO2 Lamp,2414,nm,absorbance,824.1202270953771
832.085,16.409427,abb5f43e-39f7-4e00-9c94-18a2b72b0413,CO2 Lamp,2415,nm,absorbance,824.3018707022568
832.269,10.568943,abb5f43e-39f7-4e00-9c94-18a2b72b0413,CO2 Lamp,2416,nm,absorbance,824.4845068971522
832.452,9.096067,abb5f43e-39f7-4e00-9c94-18a2b72b0413,CO2 Lamp,2417,nm,absorbance,824.6661505040317
832.635,10.833821,abb5f43e-39f7-4e00-9c94-18a2b72b0413,CO2 Lamp,2418,nm,absorbance,824.8477941109114
832.818,19.528185,abb5f43e-39f7-4e00-9c94-18a2b72b0413,CO2 Lamp,2419,nm,absorbance,825.0294377177911
833.002,22.013666,abb5f43e-39f7-4e00-9c94-18a2b72b0413,CO2 Lamp,2420,nm,absorbance,825.2120739126865
833.185,18.942328,abb5f43e-39f7-4e00-9c94-18a2b72b0413,CO2 Lamp,2421,nm,absorbance,825.393717519566
833.368,17.903038000000002,abb5f43e-39f7-4e00-9c94-18a2b72b0413,CO2 Lamp,2422,nm,absorbance,825.5753611264458
833.551,15.612154999999998,abb5f43e-39f7-4e00-9c94-18a2b72b0413,CO2 Lamp,2423,nm,absorbance,825.7570047333255
833.734,15.847986,abb5f43e-39f7-4e00-9c94-18a2b72b0413,CO2 Lamp,2424,nm,absorbance,825.9386483402052
833.917,8.465667,abb5f43e-39f7-4e00-9c94-18a2b72b0413,CO2 Lamp,2425,nm,absorbance,826.1202919470849
834.1,12.29099,abb5f43e-39f7-4e00-9c94-18a2b72b0413,CO2 Lamp,2426,nm,absorbance,826.3019355539644
834.284,16.405414,abb5f43e-39f7-4e00-9c94-18a2b72b0413,CO2 Lamp,2427,nm,absorbance,826.4845717488598
834.467,17.774601,abb5f43e-39f7-4e00-9c94-18a2b72b0413,CO2 Lamp,2428,nm,absorbance,826.6662153557395
834.65,13.096675,abb5f43e-39f7-4e00-9c94-18a2b72b0413,CO2 Lamp,2429,nm,absorbance,826.8478589626192
834.833,12.716482,abb5f43e-39f7-4e00-9c94-18a2b72b0413,CO2 Lamp,2430,nm,absorbance,827.0295025694987
835.016,16.252569,abb5f43e-39f7-4e00-9c94-18a2b72b0413,CO2 Lamp,2431,nm,absorbance,827.2111461763784
835.199,18.16544,abb5f43e-39f7-4e00-9c94-18a2b72b0413,CO2 Lamp,2432,nm,absorbance,827.3927897832581
835.382,18.71464,abb5f43e-39f7-4e00-9c94-18a2b72b0413,CO2 Lamp,2433,nm,absorbance,827.5744333901378
835.565,15.636014,abb5f43e-39f7-4e00-9c94-18a2b72b0413,CO2 Lamp,2434,nm,absorbance,827.7560769970175
835.748,13.599127,abb5f43e-39f7-4e00-9c94-18a2b72b0413,CO2 Lamp,2435,nm,absorbance,827.9377206038971
835.931,13.030553,abb5f43e-39f7-4e00-9c94-18a2b72b0413,CO2 Lamp,2436,nm,absorbance,828.1193642107768
836.114,17.029843,abb5f43e-39f7-4e00-9c94-18a2b72b0413,CO2 Lamp,2437,nm,absorbance,828.3010078176565
836.297,16.687187,abb5f43e-39f7-4e00-9c94-18a2b72b0413,CO2 Lamp,2438,nm,absorbance,828.4826514245361
836.479,13.214277,abb5f43e-39f7-4e00-9c94-18a2b72b0413,CO2 Lamp,2439,nm,absorbance,828.6633024434001
836.662,16.716018,abb5f43e-39f7-4e00-9c94-18a2b72b0413,CO2 Lamp,2440,nm,absorbance,828.8449460502796
836.845,16.699863999999998,abb5f43e-39f7-4e00-9c94-18a2b72b0413,CO2 Lamp,2441,nm,absorbance,829.0265896571593
837.028,19.440678,abb5f43e-39f7-4e00-9c94-18a2b72b0413,CO2 Lamp,2442,nm,absorbance,829.208233264039
837.211,12.895856999999998,abb5f43e-39f7-4e00-9c94-18a2b72b0413,CO2 Lamp,2443,nm,absorbance,829.3898768709187
837.394,14.807078,abb5f43e-39f7-4e00-9c94-18a2b72b0413,CO2 Lamp,2444,nm,absorbance,829.5715204777982
837.577,11.944781000000004,abb5f43e-39f7-4e00-9c94-18a2b72b0413,CO2 Lamp,2445,nm,absorbance,829.7531640846779
837.759,13.037639000000002,abb5f43e-39f7-4e00-9c94-18a2b72b0413,CO2 Lamp,2446,nm,absorbance,829.9338151035419
837.942,13.918288,abb5f43e-39f7-4e00-9c94-18a2b72b0413,CO2 Lamp,2447,nm,absorbance,830.1154587104215
838.125,13.827276,abb5f43e-39f7-4e00-9c94-18a2b72b0413,CO2 Lamp,2448,nm,absorbance,830.2971023173012
838.308,13.935286,abb5f43e-39f7-4e00-9c94-18a2b72b0413,CO2 Lamp,2449,nm,absorbance,830.4787459241808
838.49,36.032255,abb5f43e-39f7-4e00-9c94-18a2b72b0413,CO2 Lamp,2450,nm,absorbance,830.6593969430447
838.673,37.801208,abb5f43e-39f7-4e00-9c94-18a2b72b0413,CO2 Lamp,2451,nm,absorbance,830.8410405499244
838.856,40.19841,abb5f43e-39f7-4e00-9c94-18a2b72b0413,CO2 Lamp,2452,nm,absorbance,831.0226841568041
839.039,17.366744999999998,abb5f43e-39f7-4e00-9c94-18a2b72b0413,CO2 Lamp,2453,nm,absorbance,831.2043277636838
839.221,13.061621,abb5f43e-39f7-4e00-9c94-18a2b72b0413,CO2 Lamp,2454,nm,absorbance,831.3849787825477
839.404,10.813063,abb5f43e-39f7-4e00-9c94-18a2b72b0413,CO2 Lamp,2455,nm,absorbance,831.5666223894273
839.587,10.757907999999995,abb5f43e-39f7-4e00-9c94-18a2b72b0413,CO2 Lamp,2456,nm,absorbance,831.7482659963069
839.769,14.140569000000005,abb5f43e-39f7-4e00-9c94-18a2b72b0413,CO2 Lamp,2457,nm,absorbance,831.9289170151709
839.952,12.743286,abb5f43e-39f7-4e00-9c94-18a2b72b0413,CO2 Lamp,2458,nm,absorbance,832.1105606220506
840.134,15.871424,abb5f43e-39f7-4e00-9c94-18a2b72b0413,CO2 Lamp,2459,nm,absorbance,832.2912116409145
840.317,14.796198,abb5f43e-39f7-4e00-9c94-18a2b72b0413,CO2 Lamp,2460,nm,absorbance,832.4728552477941
840.499,13.761603,abb5f43e-39f7-4e00-9c94-18a2b72b0413,CO2 Lamp,2461,nm,absorbance,832.653506266658
840.682,10.789708,abb5f43e-39f7-4e00-9c94-18a2b72b0413,CO2 Lamp,2462,nm,absorbance,832.8351498735377
840.865,8.801682000000001,abb5f43e-39f7-4e00-9c94-18a2b72b0413,CO2 Lamp,2463,nm,absorbance,833.0167934804174
841.047,9.448856,abb5f43e-39f7-4e00-9c94-18a2b72b0413,CO2 Lamp,2464,nm,absorbance,833.1974444992813
841.23,8.942642000000001,abb5f43e-39f7-4e00-9c94-18a2b72b0413,CO2 Lamp,2465,nm,absorbance,833.3790881061609
841.412,9.877562,abb5f43e-39f7-4e00-9c94-18a2b72b0413,CO2 Lamp,2466,nm,absorbance,833.5597391250249
841.595,7.749008000000001,abb5f43e-39f7-4e00-9c94-18a2b72b0413,CO2 Lamp,2467,nm,absorbance,833.7413827319045
841.777,4.682875999999999,abb5f43e-39f7-4e00-9c94-18a2b72b0413,CO2 Lamp,2468,nm,absorbance,833.9220337507685
841.959,7.854970000000002,abb5f43e-39f7-4e00-9c94-18a2b72b0413,CO2 Lamp,2469,nm,absorbance,834.1026847696323
842.142,8.913635000000001,abb5f43e-39f7-4e00-9c94-18a2b72b0413,CO2 Lamp,2470,nm,absorbance,834.2843283765121
842.324,12.180511,abb5f43e-39f7-4e00-9c94-18a2b72b0413,CO2 Lamp,2471,nm,absorbance,834.4649793953758
842.507,10.136525,abb5f43e-39f7-4e00-9c94-18a2b72b0413,CO2 Lamp,2472,nm,absorbance,834.6466230022555
842.689,7.852688000000001,abb5f43e-39f7-4e00-9c94-18a2b72b0413,CO2 Lamp,2473,nm,absorbance,834.8272740211195
842.871,7.439085,abb5f43e-39f7-4e00-9c94-18a2b72b0413,CO2 Lamp,2474,nm,absorbance,835.0079250399834
843.054,6.646148999999999,abb5f43e-39f7-4e00-9c94-18a2b72b0413,CO2 Lamp,2475,nm,absorbance,835.1895686468631
843.236,9.970389999999998,abb5f43e-39f7-4e00-9c94-18a2b72b0413,CO2 Lamp,2476,nm,absorbance,835.3702196657271
843.418,11.663905,abb5f43e-39f7-4e00-9c94-18a2b72b0413,CO2 Lamp,2477,nm,absorbance,835.5508706845909
843.601,12.688714,abb5f43e-39f7-4e00-9c94-18a2b72b0413,CO2 Lamp,2478,nm,absorbance,835.7325142914706
843.783,9.670151,abb5f43e-39f7-4e00-9c94-18a2b72b0413,CO2 Lamp,2479,nm,absorbance,835.9131653103345
843.965,9.27303,abb5f43e-39f7-4e00-9c94-18a2b72b0413,CO2 Lamp,2480,nm,absorbance,836.0938163291985
844.147,11.578684,abb5f43e-39f7-4e00-9c94-18a2b72b0413,CO2 Lamp,2481,nm,absorbance,836.2744673480624
844.33,15.1418,abb5f43e-39f7-4e00-9c94-18a2b72b0413,CO2 Lamp,2482,nm,absorbance,836.456110954942
844.512,15.232198,abb5f43e-39f7-4e00-9c94-18a2b72b0413,CO2 Lamp,2483,nm,absorbance,836.6367619738058
844.694,14.615289999999998,abb5f43e-39f7-4e00-9c94-18a2b72b0413,CO2 Lamp,2484,nm,absorbance,836.8174129926698
844.876,14.343417,abb5f43e-39f7-4e00-9c94-18a2b72b0413,CO2 Lamp,2485,nm,absorbance,836.9980640115338
845.059,19.350519,abb5f43e-39f7-4e00-9c94-18a2b72b0413,CO2 Lamp,2486,nm,absorbance,837.1797076184134
845.241,14.773811,abb5f43e-39f7-4e00-9c94-18a2b72b0413,CO2 Lamp,2487,nm,absorbance,837.3603586372774
845.423,12.643094,abb5f43e-39f7-4e00-9c94-18a2b72b0413,CO2 Lamp,2488,nm,absorbance,837.5410096561413
845.605,2.6982949999999994,abb5f43e-39f7-4e00-9c94-18a2b72b0413,CO2 Lamp,2489,nm,absorbance,837.7216606750052
845.787,15.902155,abb5f43e-39f7-4e00-9c94-18a2b72b0413,CO2 Lamp,2490,nm,absorbance,837.9023116938691
845.969,23.771251,abb5f43e-39f7-4e00-9c94-18a2b72b0413,CO2 Lamp,2491,nm,absorbance,838.0829627127331
846.151,37.601402,abb5f43e-39f7-4e00-9c94-18a2b72b0413,CO2 Lamp,2492,nm,absorbance,838.2636137315969
846.333,42.033135,abb5f43e-39f7-4e00-9c94-18a2b72b0413,CO2 Lamp,2493,nm,absorbance,838.4442647504609
846.515,50.446451,abb5f43e-39f7-4e00-9c94-18a2b72b0413,CO2 Lamp,2494,nm,absorbance,838.6249157693248
846.697,59.422972,abb5f43e-39f7-4e00-9c94-18a2b72b0413,CO2 Lamp,2495,nm,absorbance,838.8055667881887
846.879,68.45409299999999,abb5f43e-39f7-4e00-9c94-18a2b72b0413,CO2 Lamp,2496,nm,absorbance,838.9862178070526
847.061,81.65050000000001,abb5f43e-39f7-4e00-9c94-18a2b72b0413,CO2 Lamp,2497,nm,absorbance,839.1668688259166
847.243,92.72169999999998,abb5f43e-39f7-4e00-9c94-18a2b72b0413,CO2 Lamp,2498,nm,absorbance,839.3475198447805
847.425,101.491048,abb5f43e-39f7-4e00-9c94-18a2b72b0413,CO2 Lamp,2499,nm,absorbance,839.5281708636444
847.607,107.10498300000002,abb5f43e-39f7-4e00-9c94-18a2b72b0413,CO2 Lamp,2500,nm,absorbance,839.7088218825083
847.789,114.848135,abb5f43e-39f7-4e00-9c94-18a2b72b0413,CO2 Lamp,2501,nm,absorbance,839.8894729013723
847.971,122.724837,abb5f43e-39f7-4e00-9c94-18a2b72b0413,CO2 Lamp,2502,nm,absorbance,840.0701239202361
848.153,132.62367000000003,abb5f43e-39f7-4e00-9c94-18a2b72b0413,CO2 Lamp,2503,nm,absorbance,840.2507749391001
848.335,138.612605,abb5f43e-39f7-4e00-9c94-18a2b72b0413,CO2 Lamp,2504,nm,absorbance,840.431425957964
848.517,143.873611,abb5f43e-39f7-4e00-9c94-18a2b72b0413,CO2 Lamp,2505,nm,absorbance,840.612076976828
848.699,149.842823,abb5f43e-39f7-4e00-9c94-18a2b72b0413,CO2 Lamp,2506,nm,absorbance,840.7927279956918
848.881,157.17062299999998,abb5f43e-39f7-4e00-9c94-18a2b72b0413,CO2 Lamp,2507,nm,absorbance,840.9733790145558
849.062,158.00467099999997,abb5f43e-39f7-4e00-9c94-18a2b72b0413,CO2 Lamp,2508,nm,absorbance,841.153037445404
849.244,154.572444,abb5f43e-39f7-4e00-9c94-18a2b72b0413,CO2 Lamp,2509,nm,absorbance,841.3336884642679
849.426,149.873547,abb5f43e-39f7-4e00-9c94-18a2b72b0413,CO2 Lamp,2510,nm,absorbance,841.5143394831318
849.608,153.24796199999997,abb5f43e-39f7-4e00-9c94-18a2b72b0413,CO2 Lamp,2511,nm,absorbance,841.6949905019957
849.789,155.76972499999997,abb5f43e-39f7-4e00-9c94-18a2b72b0413,CO2 Lamp,2512,nm,absorbance,841.8746489328439
849.971,156.842586,abb5f43e-39f7-4e00-9c94-18a2b72b0413,CO2 Lamp,2513,nm,absorbance,842.0552999517079
850.153,154.150084,abb5f43e-39f7-4e00-9c94-18a2b72b0413,CO2 Lamp,2514,nm,absorbance,842.2359509705718
850.335,153.658799,abb5f43e-39f7-4e00-9c94-18a2b72b0413,CO2 Lamp,2515,nm,absorbance,842.4166019894358
850.516,157.36948,abb5f43e-39f7-4e00-9c94-18a2b72b0413,CO2 Lamp,2516,nm,absorbance,842.5962604202839
850.698,162.84808300000003,abb5f43e-39f7-4e00-9c94-18a2b72b0413,CO2 Lamp,2517,nm,absorbance,842.7769114391477
850.88,162.469062,abb5f43e-39f7-4e00-9c94-18a2b72b0413,CO2 Lamp,2518,nm,absorbance,842.9575624580117
851.061,162.035654,abb5f43e-39f7-4e00-9c94-18a2b72b0413,CO2 Lamp,2519,nm,absorbance,843.1372208888599
851.243,156.334926,abb5f43e-39f7-4e00-9c94-18a2b72b0413,CO2 Lamp,2520,nm,absorbance,843.3178719077239
851.425,155.201235,abb5f43e-39f7-4e00-9c94-18a2b72b0413,CO2 Lamp,2521,nm,absorbance,843.4985229265877
851.606,156.07555399999998,abb5f43e-39f7-4e00-9c94-18a2b72b0413,CO2 Lamp,2522,nm,absorbance,843.678181357436
851.788,157.78671,abb5f43e-39f7-4e00-9c94-18a2b72b0413,CO2 Lamp,2523,nm,absorbance,843.8588323762999
851.969,158.181042,abb5f43e-39f7-4e00-9c94-18a2b72b0413,CO2 Lamp,2524,nm,absorbance,844.0384908071482
852.151,151.417218,abb5f43e-39f7-4e00-9c94-18a2b72b0413,CO2 Lamp,2525,nm,absorbance,844.2191418260119
852.333,146.68633700000004,abb5f43e-39f7-4e00-9c94-18a2b72b0413,CO2 Lamp,2526,nm,absorbance,844.3997928448758
852.514,146.497287,abb5f43e-39f7-4e00-9c94-18a2b72b0413,CO2 Lamp,2527,nm,absorbance,844.5794512757241
852.696,146.818866,abb5f43e-39f7-4e00-9c94-18a2b72b0413,CO2 Lamp,2528,nm,absorbance,844.760102294588
852.877,146.935667,abb5f43e-39f7-4e00-9c94-18a2b72b0413,CO2 Lamp,2529,nm,absorbance,844.9397607254361
853.059,149.91965599999995,abb5f43e-39f7-4e00-9c94-18a2b72b0413,CO2 Lamp,2530,nm,absorbance,845.1204117443001
853.24,147.268421,abb5f43e-39f7-4e00-9c94-18a2b72b0413,CO2 Lamp,2531,nm,absorbance,845.3000701751483
853.422,150.46910699999998,abb5f43e-39f7-4e00-9c94-18a2b72b0413,CO2 Lamp,2532,nm,absorbance,845.4807211940123
853.603,145.013585,abb5f43e-39f7-4e00-9c94-18a2b72b0413,CO2 Lamp,2533,nm,absorbance,845.6603796248604
853.784,147.97547400000002,abb5f43e-39f7-4e00-9c94-18a2b72b0413,CO2 Lamp,2534,nm,absorbance,845.8400380557085
853.966,144.28961599999997,abb5f43e-39f7-4e00-9c94-18a2b72b0413,CO2 Lamp,2535,nm,absorbance,846.0206890745725
854.147,145.754005,abb5f43e-39f7-4e00-9c94-18a2b72b0413,CO2 Lamp,2536,nm,absorbance,846.2003475054207
854.329,139.26960000000005,abb5f43e-39f7-4e00-9c94-18a2b72b0413,CO2 Lamp,2537,nm,absorbance,846.3809985242846
854.51,135.432154,abb5f43e-39f7-4e00-9c94-18a2b72b0413,CO2 Lamp,2538,nm,absorbance,846.5606569551328
854.691,121.62664,abb5f43e-39f7-4e00-9c94-18a2b72b0413,CO2 Lamp,2539,nm,absorbance,846.740315385981
854.873,112.497749,abb5f43e-39f7-4e00-9c94-18a2b72b0413,CO2 Lamp,2540,nm,absorbance,846.920966404845
855.054,106.373504,abb5f43e-39f7-4e00-9c94-18a2b72b0413,CO2 Lamp,2541,nm,absorbance,847.1006248356931
855.235,103.307444,abb5f43e-39f7-4e00-9c94-18a2b72b0413,CO2 Lamp,2542,nm,absorbance,847.2802832665413
855.416,97.748421,abb5f43e-39f7-4e00-9c94-18a2b72b0413,CO2 Lamp,2543,nm,absorbance,847.4599416973895
855.598,81.310063,abb5f43e-39f7-4e00-9c94-18a2b72b0413,CO2 Lamp,2544,nm,absorbance,847.6405927162533
855.779,70.67151600000001,abb5f43e-39f7-4e00-9c94-18a2b72b0413,CO2 Lamp,2545,nm,absorbance,847.8202511471015
855.96,61.70498399999999,abb5f43e-39f7-4e00-9c94-18a2b72b0413,CO2 Lamp,2546,nm,absorbance,847.9999095779498
856.141,64.837216,abb5f43e-39f7-4e00-9c94-18a2b72b0413,CO2 Lamp,2547,nm,absorbance,848.1795680087979
856.323,59.785682,abb5f43e-39f7-4e00-9c94-18a2b72b0413,CO2 Lamp,2548,nm,absorbance,848.3602190276619
856.504,58.79384700000001,abb5f43e-39f7-4e00-9c94-18a2b72b0413,CO2 Lamp,2549,nm,absorbance,848.5398774585101
856.685,50.088034,abb5f43e-39f7-4e00-9c94-18a2b72b0413,CO2 Lamp,2550,nm,absorbance,848.7195358893582
856.866,44.665216,abb5f43e-39f7-4e00-9c94-18a2b72b0413,CO2 Lamp,2551,nm,absorbance,848.8991943202064
857.047,38.735049,abb5f43e-39f7-4e00-9c94-18a2b72b0413,CO2 Lamp,2552,nm,absorbance,849.0788527510547
857.228,30.619171,abb5f43e-39f7-4e00-9c94-18a2b72b0413,CO2 Lamp,2553,nm,absorbance,849.2585111819028
857.409,29.220050000000004,abb5f43e-39f7-4e00-9c94-18a2b72b0413,CO2 Lamp,2554,nm,absorbance,849.4381696127509
857.591,26.337462,abb5f43e-39f7-4e00-9c94-18a2b72b0413,CO2 Lamp,2555,nm,absorbance,849.6188206316149
857.772,28.572817,abb5f43e-39f7-4e00-9c94-18a2b72b0413,CO2 Lamp,2556,nm,absorbance,849.7984790624631
857.953,24.481999,abb5f43e-39f7-4e00-9c94-18a2b72b0413,CO2 Lamp,2557,nm,absorbance,849.9781374933112
858.134,21.835526,abb5f43e-39f7-4e00-9c94-18a2b72b0413,CO2 Lamp,2558,nm,absorbance,850.1577959241595
858.315,13.998096,abb5f43e-39f7-4e00-9c94-18a2b72b0413,CO2 Lamp,2559,nm,absorbance,850.3374543550077
858.496,16.705388,abb5f43e-39f7-4e00-9c94-18a2b72b0413,CO2 Lamp,2560,nm,absorbance,850.5171127858558
858.677,14.792769000000002,abb5f43e-39f7-4e00-9c94-18a2b72b0413,CO2 Lamp,2561,nm,absorbance,850.6967712167041
858.858,16.387555,abb5f43e-39f7-4e00-9c94-18a2b72b0413,CO2 Lamp,2562,nm,absorbance,850.8764296475522
859.039,11.001983,abb5f43e-39f7-4e00-9c94-18a2b72b0413,CO2 Lamp,2563,nm,absorbance,851.0560880784004
859.22,14.209273,abb5f43e-39f7-4e00-9c94-18a2b72b0413,CO2 Lamp,2564,nm,absorbance,851.2357465092487
859.401,16.262341,abb5f43e-39f7-4e00-9c94-18a2b72b0413,CO2 Lamp,2565,nm,absorbance,851.4154049400967
859.582,16.083895,abb5f43e-39f7-4e00-9c94-18a2b72b0413,CO2 Lamp,2566,nm,absorbance,851.5950633709449
859.762,13.672467,abb5f43e-39f7-4e00-9c94-18a2b72b0413,CO2 Lamp,2567,nm,absorbance,851.7737292137773
859.943,11.042917000000005,abb5f43e-39f7-4e00-9c94-18a2b72b0413,CO2 Lamp,2568,nm,absorbance,851.9533876446255
860.124,13.918004,abb5f43e-39f7-4e00-9c94-18a2b72b0413,CO2 Lamp,2569,nm,absorbance,852.1330460754738
860.305,11.717969,abb5f43e-39f7-4e00-9c94-18a2b72b0413,CO2 Lamp,2570,nm,absorbance,852.3127045063219
860.486,9.051427,abb5f43e-39f7-4e00-9c94-18a2b72b0413,CO2 Lamp,2571,nm,absorbance,852.4923629371701
860.667,7.340783,abb5f43e-39f7-4e00-9c94-18a2b72b0413,CO2 Lamp,2572,nm,absorbance,852.6720213680184
860.848,4.975147,abb5f43e-39f7-4e00-9c94-18a2b72b0413,CO2 Lamp,2573,nm,absorbance,852.8516797988665
861.028,7.781710000000001,abb5f43e-39f7-4e00-9c94-18a2b72b0413,CO2 Lamp,2574,nm,absorbance,853.030345641699
861.209,10.96221,abb5f43e-39f7-4e00-9c94-18a2b72b0413,CO2 Lamp,2575,nm,absorbance,853.2100040725471
861.39,13.04143,abb5f43e-39f7-4e00-9c94-18a2b72b0413,CO2 Lamp,2576,nm,absorbance,853.3896625033954
861.571,13.685532,abb5f43e-39f7-4e00-9c94-18a2b72b0413,CO2 Lamp,2577,nm,absorbance,853.5693209342436
861.751,10.636049000000002,abb5f43e-39f7-4e00-9c94-18a2b72b0413,CO2 Lamp,2578,nm,absorbance,853.747986777076
861.932,9.344948,abb5f43e-39f7-4e00-9c94-18a2b72b0413,CO2 Lamp,2579,nm,absorbance,853.9276452079242
862.113,14.215480000000005,abb5f43e-39f7-4e00-9c94-18a2b72b0413,CO2 Lamp,2580,nm,absorbance,854.1073036387724
862.293,15.023979,abb5f43e-39f7-4e00-9c94-18a2b72b0413,CO2 Lamp,2581,nm,absorbance,854.2859694816048
862.474,17.740352,abb5f43e-39f7-4e00-9c94-18a2b72b0413,CO2 Lamp,2582,nm,absorbance,854.465627912453
862.655,11.387738,abb5f43e-39f7-4e00-9c94-18a2b72b0413,CO2 Lamp,2583,nm,absorbance,854.6452863433011
862.835,12.254094,abb5f43e-39f7-4e00-9c94-18a2b72b0413,CO2 Lamp,2584,nm,absorbance,854.8239521861336
863.016,9.98168,abb5f43e-39f7-4e00-9c94-18a2b72b0413,CO2 Lamp,2585,nm,absorbance,855.0036106169817
863.197,10.307348,abb5f43e-39f7-4e00-9c94-18a2b72b0413,CO2 Lamp,2586,nm,absorbance,855.18326904783
863.377,7.976612999999999,abb5f43e-39f7-4e00-9c94-18a2b72b0413,CO2 Lamp,2587,nm,absorbance,855.3619348906624
863.558,4.880201000000001,abb5f43e-39f7-4e00-9c94-18a2b72b0413,CO2 Lamp,2588,nm,absorbance,855.5415933215106
863.738,5.075417,abb5f43e-39f7-4e00-9c94-18a2b72b0413,CO2 Lamp,2589,nm,absorbance,855.7202591643431
863.919,8.176869,abb5f43e-39f7-4e00-9c94-18a2b72b0413,CO2 Lamp,2590,nm,absorbance,855.8999175951913
864.099,14.093334,abb5f43e-39f7-4e00-9c94-18a2b72b0413,CO2 Lamp,2591,nm,absorbance,856.0785834380238
864.28,16.832486999999997,abb5f43e-39f7-4e00-9c94-18a2b72b0413,CO2 Lamp,2592,nm,absorbance,856.2582418688719
864.46,12.041435000000002,abb5f43e-39f7-4e00-9c94-18a2b72b0413,CO2 Lamp,2593,nm,absorbance,856.4369077117044
864.641,8.735164000000001,abb5f43e-39f7-4e00-9c94-18a2b72b0413,CO2 Lamp,2594,nm,absorbance,856.6165661425525
864.821,6.149900000000001,abb5f43e-39f7-4e00-9c94-18a2b72b0413,CO2 Lamp,2595,nm,absorbance,856.795231985385
865.002,8.011678,abb5f43e-39f7-4e00-9c94-18a2b72b0413,CO2 Lamp,2596,nm,absorbance,856.9748904162332
865.182,7.764245,abb5f43e-39f7-4e00-9c94-18a2b72b0413,CO2 Lamp,2597,nm,absorbance,857.1535562590657
865.363,6.868098999999999,abb5f43e-39f7-4e00-9c94-18a2b72b0413,CO2 Lamp,2598,nm,absorbance,857.3332146899138
865.543,8.579322,abb5f43e-39f7-4e00-9c94-18a2b72b0413,CO2 Lamp,2599,nm,absorbance,857.5118805327462
865.723,13.016761000000002,abb5f43e-39f7-4e00-9c94-18a2b72b0413,CO2 Lamp,2600,nm,absorbance,857.6905463755786
865.904,12.892194999999996,abb5f43e-39f7-4e00-9c94-18a2b72b0413,CO2 Lamp,2601,nm,absorbance,857.8702048064268
866.084,11.069106,abb5f43e-39f7-4e00-9c94-18a2b72b0413,CO2 Lamp,2602,nm,absorbance,858.0488706492592
866.264,5.051202999999999,abb5f43e-39f7-4e00-9c94-18a2b72b0413,CO2 Lamp,2603,nm,absorbance,858.2275364920918
866.445,7.672237000000001,abb5f43e-39f7-4e00-9c94-18a2b72b0413,CO2 Lamp,2604,nm,absorbance,858.40719492294
866.625,7.367872,abb5f43e-39f7-4e00-9c94-18a2b72b0413,CO2 Lamp,2605,nm,absorbance,858.5858607657724
866.805,12.412452,abb5f43e-39f7-4e00-9c94-18a2b72b0413,CO2 Lamp,2606,nm,absorbance,858.7645266086048
866.986,10.188821,abb5f43e-39f7-4e00-9c94-18a2b72b0413,CO2 Lamp,2607,nm,absorbance,858.944185039453
867.166,10.514877000000002,abb5f43e-39f7-4e00-9c94-18a2b72b0413,CO2 Lamp,2608,nm,absorbance,859.1228508822855
867.346,10.001104,abb5f43e-39f7-4e00-9c94-18a2b72b0413,CO2 Lamp,2609,nm,absorbance,859.301516725118
867.526,10.435066,abb5f43e-39f7-4e00-9c94-18a2b72b0413,CO2 Lamp,2610,nm,absorbance,859.4801825679504
867.707,10.871326,abb5f43e-39f7-4e00-9c94-18a2b72b0413,CO2 Lamp,2611,nm,absorbance,859.6598409987986
867.887,11.072429,abb5f43e-39f7-4e00-9c94-18a2b72b0413,CO2 Lamp,2612,nm,absorbance,859.838506841631
868.067,12.629246,abb5f43e-39f7-4e00-9c94-18a2b72b0413,CO2 Lamp,2613,nm,absorbance,860.0171726844635
868.247,13.376657999999995,abb5f43e-39f7-4e00-9c94-18a2b72b0413,CO2 Lamp,2614,nm,absorbance,860.1958385272959
868.427,13.939889,abb5f43e-39f7-4e00-9c94-18a2b72b0413,CO2 Lamp,2615,nm,absorbance,860.3745043701284
868.607,12.096542,abb5f43e-39f7-4e00-9c94-18a2b72b0413,CO2 Lamp,2616,nm,absorbance,860.5531702129608
868.788,9.646271000000002,abb5f43e-39f7-4e00-9c94-18a2b72b0413,CO2 Lamp,2617,nm,absorbance,860.7328286438091
868.968,6.706504,abb5f43e-39f7-4e00-9c94-18a2b72b0413,CO2 Lamp,2618,nm,absorbance,860.9114944866415
869.148,6.790076000000001,abb5f43e-39f7-4e00-9c94-18a2b72b0413,CO2 Lamp,2619,nm,absorbance,861.090160329474
869.328,9.531589999999998,abb5f43e-39f7-4e00-9c94-18a2b72b0413,CO2 Lamp,2620,nm,absorbance,861.2688261723064
869.508,9.515755,abb5f43e-39f7-4e00-9c94-18a2b72b0413,CO2 Lamp,2621,nm,absorbance,861.4474920151389
869.688,12.201478,abb5f43e-39f7-4e00-9c94-18a2b72b0413,CO2 Lamp,2622,nm,absorbance,861.6261578579713
869.868,13.492004,abb5f43e-39f7-4e00-9c94-18a2b72b0413,CO2 Lamp,2623,nm,absorbance,861.8048237008038
870.048,14.567592,abb5f43e-39f7-4e00-9c94-18a2b72b0413,CO2 Lamp,2624,nm,absorbance,861.9834895436362
870.228,14.590849999999998,abb5f43e-39f7-4e00-9c94-18a2b72b0413,CO2 Lamp,2625,nm,absorbance,862.1621553864686
870.408,16.854791000000002,abb5f43e-39f7-4e00-9c94-18a2b72b0413,CO2 Lamp,2626,nm,absorbance,862.3408212293011
870.588,17.928592000000002,abb5f43e-39f7-4e00-9c94-18a2b72b0413,CO2 Lamp,2627,nm,absorbance,862.5194870721335
870.768,18.974973,abb5f43e-39f7-4e00-9c94-18a2b72b0413,CO2 Lamp,2628,nm,absorbance,862.698152914966
870.948,15.119547,abb5f43e-39f7-4e00-9c94-18a2b72b0413,CO2 Lamp,2629,nm,absorbance,862.8768187577984
871.128,12.954467,abb5f43e-39f7-4e00-9c94-18a2b72b0413,CO2 Lamp,2630,nm,absorbance,863.055484600631
871.307,14.96079,abb5f43e-39f7-4e00-9c94-18a2b72b0413,CO2 Lamp,2631,nm,absorbance,863.2331578554476
871.487,13.358903000000002,abb5f43e-39f7-4e00-9c94-18a2b72b0413,CO2 Lamp,2632,nm,absorbance,863.41182369828
871.667,20.652281,abb5f43e-39f7-4e00-9c94-18a2b72b0413,CO2 Lamp,2633,nm,absorbance,863.5904895411126
871.847,20.107175,abb5f43e-39f7-4e00-9c94-18a2b72b0413,CO2 Lamp,2634,nm,absorbance,863.769155383945
872.027,19.216275000000003,abb5f43e-39f7-4e00-9c94-18a2b72b0413,CO2 Lamp,2635,nm,absorbance,863.9478212267775
872.207,19.321634,abb5f43e-39f7-4e00-9c94-18a2b72b0413,CO2 Lamp,2636,nm,absorbance,864.1264870696099
872.387,19.486552000000003,abb5f43e-39f7-4e00-9c94-18a2b72b0413,CO2 Lamp,2637,nm,absorbance,864.3051529124423
872.566,22.881048,abb5f43e-39f7-4e00-9c94-18a2b72b0413,CO2 Lamp,2638,nm,absorbance,864.4828261672591
872.746,20.952475,abb5f43e-39f7-4e00-9c94-18a2b72b0413,CO2 Lamp,2639,nm,absorbance,864.6614920100915
872.926,17.073698,abb5f43e-39f7-4e00-9c94-18a2b72b0413,CO2 Lamp,2640,nm,absorbance,864.840157852924
873.106,20.135943,abb5f43e-39f7-4e00-9c94-18a2b72b0413,CO2 Lamp,2641,nm,absorbance,865.0188236957564
873.285,20.613793999999995,abb5f43e-39f7-4e00-9c94-18a2b72b0413,CO2 Lamp,2642,nm,absorbance,865.1964969505731
873.465,24.941386,abb5f43e-39f7-4e00-9c94-18a2b72b0413,CO2 Lamp,2643,nm,absorbance,865.3751627934056
873.645,23.284652,abb5f43e-39f7-4e00-9c94-18a2b72b0413,CO2 Lamp,2644,nm,absorbance,865.553828636238
873.824,23.703132,abb5f43e-39f7-4e00-9c94-18a2b72b0413,CO2 Lamp,2645,nm,absorbance,865.7315018910547
874.004,21.638623000000003,abb5f43e-39f7-4e00-9c94-18a2b72b0413,CO2 Lamp,2646,nm,absorbance,865.9101677338872
874.184,19.839354,abb5f43e-39f7-4e00-9c94-18a2b72b0413,CO2 Lamp,2647,nm,absorbance,866.0888335767196
874.363,16.730608,abb5f43e-39f7-4e00-9c94-18a2b72b0413,CO2 Lamp,2648,nm,absorbance,866.2665068315364
874.543,14.064488,abb5f43e-39f7-4e00-9c94-18a2b72b0413,CO2 Lamp,2649,nm,absorbance,866.4451726743688
874.723,17.985418,abb5f43e-39f7-4e00-9c94-18a2b72b0413,CO2 Lamp,2650,nm,absorbance,866.6238385172012
874.902,16.486955,abb5f43e-39f7-4e00-9c94-18a2b72b0413,CO2 Lamp,2651,nm,absorbance,866.801511772018
875.082,22.124857,abb5f43e-39f7-4e00-9c94-18a2b72b0413,CO2 Lamp,2652,nm,absorbance,866.9801776148504
875.261,19.329536,abb5f43e-39f7-4e00-9c94-18a2b72b0413,CO2 Lamp,2653,nm,absorbance,867.1578508696671
875.441,17.224296000000002,abb5f43e-39f7-4e00-9c94-18a2b72b0413,CO2 Lamp,2654,nm,absorbance,867.3365167124996
875.62,13.407104999999998,abb5f43e-39f7-4e00-9c94-18a2b72b0413,CO2 Lamp,2655,nm,absorbance,867.5141899673163
875.8,9.939114,abb5f43e-39f7-4e00-9c94-18a2b72b0413,CO2 Lamp,2656,nm,absorbance,867.6928558101487
875.979,12.894174,abb5f43e-39f7-4e00-9c94-18a2b72b0413,CO2 Lamp,2657,nm,absorbance,867.8705290649655
876.159,13.441455,abb5f43e-39f7-4e00-9c94-18a2b72b0413,CO2 Lamp,2658,nm,absorbance,868.0491949077979
876.338,17.640908,abb5f43e-39f7-4e00-9c94-18a2b72b0413,CO2 Lamp,2659,nm,absorbance,868.2268681626146
876.518,17.781816999999997,abb5f43e-39f7-4e00-9c94-18a2b72b0413,CO2 Lamp,2660,nm,absorbance,868.4055340054471
876.697,13.852099,abb5f43e-39f7-4e00-9c94-18a2b72b0413,CO2 Lamp,2661,nm,absorbance,868.5832072602637
876.876,14.199834,abb5f43e-39f7-4e00-9c94-18a2b72b0413,CO2 Lamp,2662,nm,absorbance,868.7608805150804
877.056,14.140121,abb5f43e-39f7-4e00-9c94-18a2b72b0413,CO2 Lamp,2663,nm,absorbance,868.939546357913
877.235,14.756486,abb5f43e-39f7-4e00-9c94-18a2b72b0413,CO2 Lamp,2664,nm,absorbance,869.1172196127296
877.415,8.980766,abb5f43e-39f7-4e00-9c94-18a2b72b0413,CO2 Lamp,2665,nm,absorbance,869.295885455562
877.594,8.163914,abb5f43e-39f7-4e00-9c94-18a2b72b0413,CO2 Lamp,2666,nm,absorbance,869.4735587103788
877.773,7.263988,abb5f43e-39f7-4e00-9c94-18a2b72b0413,CO2 Lamp,2667,nm,absorbance,869.6512319651955
877.953,11.035786,abb5f43e-39f7-4e00-9c94-18a2b72b0413,CO2 Lamp,2668,nm,absorbance,869.8298978080279
878.132,12.378516,abb5f43e-39f7-4e00-9c94-18a2b72b0413,CO2 Lamp,2669,nm,absorbance,870.0075710628446
878.311,12.502574000000005,abb5f43e-39f7-4e00-9c94-18a2b72b0413,CO2 Lamp,2670,nm,absorbance,870.1852443176614
878.49,10.897230000000002,abb5f43e-39f7-4e00-9c94-18a2b72b0413,CO2 Lamp,2671,nm,absorbance,870.3629175724781
878.67,6.13542,abb5f43e-39f7-4e00-9c94-18a2b72b0413,CO2 Lamp,2672,nm,absorbance,870.5415834153105
878.849,11.107159,abb5f43e-39f7-4e00-9c94-18a2b72b0413,CO2 Lamp,2673,nm,absorbance,870.7192566701273
879.028,12.884581,abb5f43e-39f7-4e00-9c94-18a2b72b0413,CO2 Lamp,2674,nm,absorbance,870.896929924944
879.207,19.23308,abb5f43e-39f7-4e00-9c94-18a2b72b0413,CO2 Lamp,2675,nm,absorbance,871.0746031797606
879.387,16.918231000000002,abb5f43e-39f7-4e00-9c94-18a2b72b0413,CO2 Lamp,2676,nm,absorbance,871.253269022593
879.566,16.865593,abb5f43e-39f7-4e00-9c94-18a2b72b0413,CO2 Lamp,2677,nm,absorbance,871.4309422774098
879.745,14.404987000000002,abb5f43e-39f7-4e00-9c94-18a2b72b0413,CO2 Lamp,2678,nm,absorbance,871.6086155322265
879.924,12.931303,abb5f43e-39f7-4e00-9c94-18a2b72b0413,CO2 Lamp,2679,nm,absorbance,871.7862887870432
880.103,11.834309,abb5f43e-39f7-4e00-9c94-18a2b72b0413,CO2 Lamp,2680,nm,absorbance,871.96396204186
880.282,12.996199,abb5f43e-39f7-4e00-9c94-18a2b72b0413,CO2 Lamp,2681,nm,absorbance,872.1416352966768
880.461,16.476876999999998,abb5f43e-39f7-4e00-9c94-18a2b72b0413,CO2 Lamp,2682,nm,absorbance,872.3193085514935
880.64,11.779457,abb5f43e-39f7-4e00-9c94-18a2b72b0413,CO2 Lamp,2683,nm,absorbance,872.4969818063101
880.819,11.408639,abb5f43e-39f7-4e00-9c94-18a2b72b0413,CO2 Lamp,2684,nm,absorbance,872.6746550611268
880.998,9.853145,abb5f43e-39f7-4e00-9c94-18a2b72b0413,CO2 Lamp,2685,nm,absorbance,872.8523283159436
881.178,13.438529999999997,abb5f43e-39f7-4e00-9c94-18a2b72b0413,CO2 Lamp,2686,nm,absorbance,873.030994158776
881.357,14.384745,abb5f43e-39f7-4e00-9c94-18a2b72b0413,CO2 Lamp,2687,nm,absorbance,873.2086674135927
881.536,10.618017,abb5f43e-39f7-4e00-9c94-18a2b72b0413,CO2 Lamp,2688,nm,absorbance,873.3863406684094
881.715,10.615386,abb5f43e-39f7-4e00-9c94-18a2b72b0413,CO2 Lamp,2689,nm,absorbance,873.5640139232262
881.893,10.252768,abb5f43e-39f7-4e00-9c94-18a2b72b0413,CO2 Lamp,2690,nm,absorbance,873.7406945900271
882.072,14.703589,abb5f43e-39f7-4e00-9c94-18a2b72b0413,CO2 Lamp,2691,nm,absorbance,873.9183678448438
882.251,17.357059,abb5f43e-39f7-4e00-9c94-18a2b72b0413,CO2 Lamp,2692,nm,absorbance,874.0960410996605
882.43,14.966762000000005,abb5f43e-39f7-4e00-9c94-18a2b72b0413,CO2 Lamp,2693,nm,absorbance,874.2737143544772
882.609,14.496337,abb5f43e-39f7-4e00-9c94-18a2b72b0413,CO2 Lamp,2694,nm,absorbance,874.451387609294
882.788,9.329114,abb5f43e-39f7-4e00-9c94-18a2b72b0413,CO2 Lamp,2695,nm,absorbance,874.6290608641107
882.967,8.970702,abb5f43e-39f7-4e00-9c94-18a2b72b0413,CO2 Lamp,2696,nm,absorbance,874.8067341189274
883.146,9.586955,abb5f43e-39f7-4e00-9c94-18a2b72b0413,CO2 Lamp,2697,nm,absorbance,874.984407373744
883.325,15.499616,abb5f43e-39f7-4e00-9c94-18a2b72b0413,CO2 Lamp,2698,nm,absorbance,875.1620806285608
883.503,15.310478999999996,abb5f43e-39f7-4e00-9c94-18a2b72b0413,CO2 Lamp,2699,nm,absorbance,875.3387612953619
883.682,13.129215,abb5f43e-39f7-4e00-9c94-18a2b72b0413,CO2 Lamp,2700,nm,absorbance,875.5164345501786
883.861,13.028517,abb5f43e-39f7-4e00-9c94-18a2b72b0413,CO2 Lamp,2701,nm,absorbance,875.6941078049953
884.04,12.565067,abb5f43e-39f7-4e00-9c94-18a2b72b0413,CO2 Lamp,2702,nm,absorbance,875.871781059812
884.219,15.003289999999998,abb5f43e-39f7-4e00-9c94-18a2b72b0413,CO2 Lamp,2703,nm,absorbance,876.0494543146287
884.397,10.435029000000002,abb5f43e-39f7-4e00-9c94-18a2b72b0413,CO2 Lamp,2704,nm,absorbance,876.2261349814297
884.576,13.735786,abb5f43e-39f7-4e00-9c94-18a2b72b0413,CO2 Lamp,2705,nm,absorbance,876.4038082362464
884.755,13.381143999999995,abb5f43e-39f7-4e00-9c94-18a2b72b0413,CO2 Lamp,2706,nm,absorbance,876.5814814910631
884.933,17.013482,abb5f43e-39f7-4e00-9c94-18a2b72b0413,CO2 Lamp,2707,nm,absorbance,876.758162157864
885.112,16.074033,abb5f43e-39f7-4e00-9c94-18a2b72b0413,CO2 Lamp,2708,nm,absorbance,876.9358354126807
885.291,14.178296999999995,abb5f43e-39f7-4e00-9c94-18a2b72b0413,CO2 Lamp,2709,nm,absorbance,877.1135086674975
885.469,13.338990999999998,abb5f43e-39f7-4e00-9c94-18a2b72b0413,CO2 Lamp,2710,nm,absorbance,877.2901893342985
885.648,11.408139,abb5f43e-39f7-4e00-9c94-18a2b72b0413,CO2 Lamp,2711,nm,absorbance,877.4678625891152
885.827,15.622517000000002,abb5f43e-39f7-4e00-9c94-18a2b72b0413,CO2 Lamp,2712,nm,absorbance,877.6455358439318
886.005,13.384612999999998,abb5f43e-39f7-4e00-9c94-18a2b72b0413,CO2 Lamp,2713,nm,absorbance,877.8222165107329
886.184,12.002749,abb5f43e-39f7-4e00-9c94-18a2b72b0413,CO2 Lamp,2714,nm,absorbance,877.9998897655496
886.363,12.019195,abb5f43e-39f7-4e00-9c94-18a2b72b0413,CO2 Lamp,2715,nm,absorbance,878.1775630203664
886.541,15.846776999999998,abb5f43e-39f7-4e00-9c94-18a2b72b0413,CO2 Lamp,2716,nm,absorbance,878.3542436871674
886.72,19.339641999999994,abb5f43e-39f7-4e00-9c94-18a2b72b0413,CO2 Lamp,2717,nm,absorbance,878.531916941984
886.898,17.451417,abb5f43e-39f7-4e00-9c94-18a2b72b0413,CO2 Lamp,2718,nm,absorbance,878.708597608785
887.077,13.096211000000002,abb5f43e-39f7-4e00-9c94-18a2b72b0413,CO2 Lamp,2719,nm,absorbance,878.8862708636017
887.255,11.025275999999998,abb5f43e-39f7-4e00-9c94-18a2b72b0413,CO2 Lamp,2720,nm,absorbance,879.0629515304026
887.434,7.030975000000001,abb5f43e-39f7-4e00-9c94-18a2b72b0413,CO2 Lamp,2721,nm,absorbance,879.2406247852193
887.612,7.504232999999999,abb5f43e-39f7-4e00-9c94-18a2b72b0413,CO2 Lamp,2722,nm,absorbance,879.4173054520203
887.791,8.667225000000002,abb5f43e-39f7-4e00-9c94-18a2b72b0413,CO2 Lamp,2723,nm,absorbance,879.5949787068371
887.969,14.660153,abb5f43e-39f7-4e00-9c94-18a2b72b0413,CO2 Lamp,2724,nm,absorbance,879.771659373638
888.147,14.588157,abb5f43e-39f7-4e00-9c94-18a2b72b0413,CO2 Lamp,2725,nm,absorbance,879.9483400404391
888.326,13.495062999999998,abb5f43e-39f7-4e00-9c94-18a2b72b0413,CO2 Lamp,2726,nm,absorbance,880.1260132952558
888.504,9.80045,abb5f43e-39f7-4e00-9c94-18a2b72b0413,CO2 Lamp,2727,nm,absorbance,880.3026939620568
888.682,12.11192,abb5f43e-39f7-4e00-9c94-18a2b72b0413,CO2 Lamp,2728,nm,absorbance,880.4793746288577
888.861,15.493929,abb5f43e-39f7-4e00-9c94-18a2b72b0413,CO2 Lamp,2729,nm,absorbance,880.6570478836744
889.039,15.861575000000002,abb5f43e-39f7-4e00-9c94-18a2b72b0413,CO2 Lamp,2730,nm,absorbance,880.8337285504754
889.218,19.293714,abb5f43e-39f7-4e00-9c94-18a2b72b0413,CO2 Lamp,2731,nm,absorbance,881.011401805292
889.396,18.174338,abb5f43e-39f7-4e00-9c94-18a2b72b0413,CO2 Lamp,2732,nm,absorbance,881.188082472093
889.574,17.394802,abb5f43e-39f7-4e00-9c94-18a2b72b0413,CO2 Lamp,2733,nm,absorbance,881.364763138894
889.752,12.33105,abb5f43e-39f7-4e00-9c94-18a2b72b0413,CO2 Lamp,2734,nm,absorbance,881.5414438056949
889.931,6.578824999999999,abb5f43e-39f7-4e00-9c94-18a2b72b0413,CO2 Lamp,2735,nm,absorbance,881.7191170605117
890.109,7.065607999999999,abb5f43e-39f7-4e00-9c94-18a2b72b0413,CO2 Lamp,2736,nm,absorbance,881.8957977273128
890.287,10.589254,abb5f43e-39f7-4e00-9c94-18a2b72b0413,CO2 Lamp,2737,nm,absorbance,882.0724783941138
890.465,15.341348,abb5f43e-39f7-4e00-9c94-18a2b72b0413,CO2 Lamp,2738,nm,absorbance,882.2491590609147
890.643,16.470775999999997,abb5f43e-39f7-4e00-9c94-18a2b72b0413,CO2 Lamp,2739,nm,absorbance,882.4258397277157
890.822,13.090662000000004,abb5f43e-39f7-4e00-9c94-18a2b72b0413,CO2 Lamp,2740,nm,absorbance,882.6035129825324
891.0,14.102625,abb5f43e-39f7-4e00-9c94-18a2b72b0413,CO2 Lamp,2741,nm,absorbance,882.7801936493333
891.178,16.746297,abb5f43e-39f7-4e00-9c94-18a2b72b0413,CO2 Lamp,2742,nm,absorbance,882.9568743161343
891.356,17.300653,abb5f43e-39f7-4e00-9c94-18a2b72b0413,CO2 Lamp,2743,nm,absorbance,883.1335549829353
891.534,18.444461,abb5f43e-39f7-4e00-9c94-18a2b72b0413,CO2 Lamp,2744,nm,absorbance,883.3102356497362
891.712,18.882601,abb5f43e-39f7-4e00-9c94-18a2b72b0413,CO2 Lamp,2745,nm,absorbance,883.4869163165373
891.89,23.104558,abb5f43e-39f7-4e00-9c94-18a2b72b0413,CO2 Lamp,2746,nm,absorbance,883.6635969833383
892.068,21.027132,abb5f43e-39f7-4e00-9c94-18a2b72b0413,CO2 Lamp,2747,nm,absorbance,883.8402776501392
892.247,20.563985,abb5f43e-39f7-4e00-9c94-18a2b72b0413,CO2 Lamp,2748,nm,absorbance,884.0179509049559
892.425,17.144082000000004,abb5f43e-39f7-4e00-9c94-18a2b72b0413,CO2 Lamp,2749,nm,absorbance,884.1946315717569
892.603,14.764546,abb5f43e-39f7-4e00-9c94-18a2b72b0413,CO2 Lamp,2750,nm,absorbance,884.3713122385578
892.781,12.74647,abb5f43e-39f7-4e00-9c94-18a2b72b0413,CO2 Lamp,2751,nm,absorbance,884.5479929053588
892.959,6.528756,abb5f43e-39f7-4e00-9c94-18a2b72b0413,CO2 Lamp,2752,nm,absorbance,884.7246735721598
893.137,9.963297,abb5f43e-39f7-4e00-9c94-18a2b72b0413,CO2 Lamp,2753,nm,absorbance,884.9013542389607
893.314,7.457282000000001,abb5f43e-39f7-4e00-9c94-18a2b72b0413,CO2 Lamp,2754,nm,absorbance,885.0770423177461
893.492,15.106565,abb5f43e-39f7-4e00-9c94-18a2b72b0413,CO2 Lamp,2755,nm,absorbance,885.253722984547
893.67,15.25496,abb5f43e-39f7-4e00-9c94-18a2b72b0413,CO2 Lamp,2756,nm,absorbance,885.430403651348
893.848,17.877076,abb5f43e-39f7-4e00-9c94-18a2b72b0413,CO2 Lamp,2757,nm,absorbance,885.607084318149
894.026,15.454318,abb5f43e-39f7-4e00-9c94-18a2b72b0413,CO2 Lamp,2758,nm,absorbance,885.7837649849499
894.204,9.87996,abb5f43e-39f7-4e00-9c94-18a2b72b0413,CO2 Lamp,2759,nm,absorbance,885.9604456517509
894.382,11.705433,abb5f43e-39f7-4e00-9c94-18a2b72b0413,CO2 Lamp,2760,nm,absorbance,886.1371263185519
894.56,13.276165,abb5f43e-39f7-4e00-9c94-18a2b72b0413,CO2 Lamp,2761,nm,absorbance,886.3138069853529
894.738,13.722807,abb5f43e-39f7-4e00-9c94-18a2b72b0413,CO2 Lamp,2762,nm,absorbance,886.490487652154
894.915,10.858408999999998,abb5f43e-39f7-4e00-9c94-18a2b72b0413,CO2 Lamp,2763,nm,absorbance,886.6661757309391
895.093,10.230434,abb5f43e-39f7-4e00-9c94-18a2b72b0413,CO2 Lamp,2764,nm,absorbance,886.8428563977401
895.271,12.892794999999998,abb5f43e-39f7-4e00-9c94-18a2b72b0413,CO2 Lamp,2765,nm,absorbance,887.019537064541
895.449,12.165969,abb5f43e-39f7-4e00-9c94-18a2b72b0413,CO2 Lamp,2766,nm,absorbance,887.196217731342
895.626,16.961551999999998,abb5f43e-39f7-4e00-9c94-18a2b72b0413,CO2 Lamp,2767,nm,absorbance,887.3719058101273
895.804,16.384684999999998,abb5f43e-39f7-4e00-9c94-18a2b72b0413,CO2 Lamp,2768,nm,absorbance,887.5485864769282
895.982,18.292377,abb5f43e-39f7-4e00-9c94-18a2b72b0413,CO2 Lamp,2769,nm,absorbance,887.7252671437293
896.16,16.160527000000002,abb5f43e-39f7-4e00-9c94-18a2b72b0413,CO2 Lamp,2770,nm,absorbance,887.9019478105303
896.337,16.265046,abb5f43e-39f7-4e00-9c94-18a2b72b0413,CO2 Lamp,2771,nm,absorbance,888.0776358893155
896.515,11.998823,abb5f43e-39f7-4e00-9c94-18a2b72b0413,CO2 Lamp,2772,nm,absorbance,888.2543165561165
896.693,2.491093,abb5f43e-39f7-4e00-9c94-18a2b72b0413,CO2 Lamp,2773,nm,absorbance,888.4309972229174
896.87,3.635552,abb5f43e-39f7-4e00-9c94-18a2b72b0413,CO2 Lamp,2774,nm,absorbance,888.6066853017027
897.048,2.132764,abb5f43e-39f7-4e00-9c94-18a2b72b0413,CO2 Lamp,2775,nm,absorbance,888.7833659685036
897.225,8.014521,abb5f43e-39f7-4e00-9c94-18a2b72b0413,CO2 Lamp,2776,nm,absorbance,888.959054047289
897.403,8.469983000000001,abb5f43e-39f7-4e00-9c94-18a2b72b0413,CO2 Lamp,2777,nm,absorbance,889.13573471409
897.581,12.373159,abb5f43e-39f7-4e00-9c94-18a2b72b0413,CO2 Lamp,2778,nm,absorbance,889.3124153808909
897.758,11.523512,abb5f43e-39f7-4e00-9c94-18a2b72b0413,CO2 Lamp,2779,nm,absorbance,889.4881034596762
897.936,11.100188,abb5f43e-39f7-4e00-9c94-18a2b72b0413,CO2 Lamp,2780,nm,absorbance,889.6647841264771
898.113,5.639103,abb5f43e-39f7-4e00-9c94-18a2b72b0413,CO2 Lamp,2781,nm,absorbance,889.8404722052624
898.291,8.819809000000001,abb5f43e-39f7-4e00-9c94-18a2b72b0413,CO2 Lamp,2782,nm,absorbance,890.0171528720633
898.468,8.268739000000002,abb5f43e-39f7-4e00-9c94-18a2b72b0413,CO2 Lamp,2783,nm,absorbance,890.1928409508486
898.646,10.729436000000002,abb5f43e-39f7-4e00-9c94-18a2b72b0413,CO2 Lamp,2784,nm,absorbance,890.3695216176495
898.823,5.63859,abb5f43e-39f7-4e00-9c94-18a2b72b0413,CO2 Lamp,2785,nm,absorbance,890.5452096964348
899.001,5.658647,abb5f43e-39f7-4e00-9c94-18a2b72b0413,CO2 Lamp,2786,nm,absorbance,890.7218903632357
899.178,3.921507,abb5f43e-39f7-4e00-9c94-18a2b72b0413,CO2 Lamp,2787,nm,absorbance,890.897578442021
899.356,6.183552000000001,abb5f43e-39f7-4e00-9c94-18a2b72b0413,CO2 Lamp,2788,nm,absorbance,891.0742591088219
899.533,5.251483,abb5f43e-39f7-4e00-9c94-18a2b72b0413,CO2 Lamp,2789,nm,absorbance,891.2499471876073
899.71,11.371235,abb5f43e-39f7-4e00-9c94-18a2b72b0413,CO2 Lamp,2790,nm,absorbance,891.4256352663925
899.888,10.552141,abb5f43e-39f7-4e00-9c94-18a2b72b0413,CO2 Lamp,2791,nm,absorbance,891.6023159331935
900.065,13.19086,abb5f43e-39f7-4e00-9c94-18a2b72b0413,CO2 Lamp,2792,nm,absorbance,891.7780040119787
900.242,12.524865000000002,abb5f43e-39f7-4e00-9c94-18a2b72b0413,CO2 Lamp,2793,nm,absorbance,891.9536920907639
900.42,12.682524999999998,abb5f43e-39f7-4e00-9c94-18a2b72b0413,CO2 Lamp,2794,nm,absorbance,892.1303727575648
900.597,8.325816999999999,abb5f43e-39f7-4e00-9c94-18a2b72b0413,CO2 Lamp,2795,nm,absorbance,892.3060608363502
900.774,5.108366999999999,abb5f43e-39f7-4e00-9c94-18a2b72b0413,CO2 Lamp,2796,nm,absorbance,892.4817489151354
900.952,7.436520999999999,abb5f43e-39f7-4e00-9c94-18a2b72b0413,CO2 Lamp,2797,nm,absorbance,892.6584295819364
901.129,8.617042000000001,abb5f43e-39f7-4e00-9c94-18a2b72b0413,CO2 Lamp,2798,nm,absorbance,892.8341176607216
901.306,9.584535999999996,abb5f43e-39f7-4e00-9c94-18a2b72b0413,CO2 Lamp,2799,nm,absorbance,893.0098057395069
901.483,5.792711000000001,abb5f43e-39f7-4e00-9c94-18a2b72b0413,CO2 Lamp,2800,nm,absorbance,893.185493818292
901.661,7.910524,abb5f43e-39f7-4e00-9c94-18a2b72b0413,CO2 Lamp,2801,nm,absorbance,893.362174485093
901.838,10.877568,abb5f43e-39f7-4e00-9c94-18a2b72b0413,CO2 Lamp,2802,nm,absorbance,893.5378625638783
902.015,15.076087,abb5f43e-39f7-4e00-9c94-18a2b72b0413,CO2 Lamp,2803,nm,absorbance,893.7135506426636
902.192,13.891143,abb5f43e-39f7-4e00-9c94-18a2b72b0413,CO2 Lamp,2804,nm,absorbance,893.8892387214488
902.369,9.662868,abb5f43e-39f7-4e00-9c94-18a2b72b0413,CO2 Lamp,2805,nm,absorbance,894.064926800234
902.546,5.44774,abb5f43e-39f7-4e00-9c94-18a2b72b0413,CO2 Lamp,2806,nm,absorbance,894.2406148790193
902.723,3.872359,abb5f43e-39f7-4e00-9c94-18a2b72b0413,CO2 Lamp,2807,nm,absorbance,894.4163029578045
902.901,4.869742,abb5f43e-39f7-4e00-9c94-18a2b72b0413,CO2 Lamp,2808,nm,absorbance,894.5929836246055
903.078,2.9174440000000006,abb5f43e-39f7-4e00-9c94-18a2b72b0413,CO2 Lamp,2809,nm,absorbance,894.7686717033907
903.255,3.3900290000000006,abb5f43e-39f7-4e00-9c94-18a2b72b0413,CO2 Lamp,2810,nm,absorbance,894.944359782176
903.432,3.865726000000001,abb5f43e-39f7-4e00-9c94-18a2b72b0413,CO2 Lamp,2811,nm,absorbance,895.1200478609612
903.609,3.794044,abb5f43e-39f7-4e00-9c94-18a2b72b0413,CO2 Lamp,2812,nm,absorbance,895.2957359397465
903.786,5.405048000000001,abb5f43e-39f7-4e00-9c94-18a2b72b0413,CO2 Lamp,2813,nm,absorbance,895.4714240185317
903.963,2.171903,abb5f43e-39f7-4e00-9c94-18a2b72b0413,CO2 Lamp,2814,nm,absorbance,895.647112097317
904.14,4.287090000000001,abb5f43e-39f7-4e00-9c94-18a2b72b0413,CO2 Lamp,2815,nm,absorbance,895.8228001761022
904.317,1.681954,abb5f43e-39f7-4e00-9c94-18a2b72b0413,CO2 Lamp,2816,nm,absorbance,895.9984882548874
904.494,2.591094,abb5f43e-39f7-4e00-9c94-18a2b72b0413,CO2 Lamp,2817,nm,absorbance,896.1741763336727
904.671,7.404525000000001,abb5f43e-39f7-4e00-9c94-18a2b72b0413,CO2 Lamp,2818,nm,absorbance,896.349864412458
904.848,9.259621,abb5f43e-39f7-4e00-9c94-18a2b72b0413,CO2 Lamp,2819,nm,absorbance,896.5255524912432
905.024,9.826913,abb5f43e-39f7-4e00-9c94-18a2b72b0413,CO2 Lamp,2820,nm,absorbance,896.7002479820127
905.201,3.6216820000000007,abb5f43e-39f7-4e00-9c94-18a2b72b0413,CO2 Lamp,2821,nm,absorbance,896.8759360607979
905.378,7.111563000000001,abb5f43e-39f7-4e00-9c94-18a2b72b0413,CO2 Lamp,2822,nm,absorbance,897.0516241395832
905.555,6.694446000000001,abb5f43e-39f7-4e00-9c94-18a2b72b0413,CO2 Lamp,2823,nm,absorbance,897.2273122183684
905.732,8.595246,abb5f43e-39f7-4e00-9c94-18a2b72b0413,CO2 Lamp,2824,nm,absorbance,897.4030002971537
905.909,-1.668522,abb5f43e-39f7-4e00-9c94-18a2b72b0413,CO2 Lamp,2825,nm,absorbance,897.5786883759389
906.086,-0.174982,abb5f43e-39f7-4e00-9c94-18a2b72b0413,CO2 Lamp,2826,nm,absorbance,897.7543764547241
906.262,0.5738090000000001,abb5f43e-39f7-4e00-9c94-18a2b72b0413,CO2 Lamp,2827,nm,absorbance,897.9290719454935
906.439,11.604316,abb5f43e-39f7-4e00-9c94-18a2b72b0413,CO2 Lamp,2828,nm,absorbance,898.1047600242789
906.616,12.483635,abb5f43e-39f7-4e00-9c94-18a2b72b0413,CO2 Lamp,2829,nm,absorbance,898.2804481030641
906.793,11.454669999999998,abb5f43e-39f7-4e00-9c94-18a2b72b0413,CO2 Lamp,2830,nm,absorbance,898.4561361818494
906.969,10.457397000000002,abb5f43e-39f7-4e00-9c94-18a2b72b0413,CO2 Lamp,2831,nm,absorbance,898.6308316726189
907.146,9.522379,abb5f43e-39f7-4e00-9c94-18a2b72b0413,CO2 Lamp,2832,nm,absorbance,898.806519751404
907.323,7.197697,abb5f43e-39f7-4e00-9c94-18a2b72b0413,CO2 Lamp,2833,nm,absorbance,898.9822078301894
907.5,0.3327599999999999,abb5f43e-39f7-4e00-9c94-18a2b72b0413,CO2 Lamp,2834,nm,absorbance,899.1578959089746
907.676,-1.0073,abb5f43e-39f7-4e00-9c94-18a2b72b0413,CO2 Lamp,2835,nm,absorbance,899.3325913997442
907.853,-1.926342,abb5f43e-39f7-4e00-9c94-18a2b72b0413,CO2 Lamp,2836,nm,absorbance,899.5082794785293
908.03,0.8834360000000002,abb5f43e-39f7-4e00-9c94-18a2b72b0413,CO2 Lamp,2837,nm,absorbance,899.6839675573145
908.206,5.063421,abb5f43e-39f7-4e00-9c94-18a2b72b0413,CO2 Lamp,2838,nm,absorbance,899.8586630480842
908.383,9.564995,abb5f43e-39f7-4e00-9c94-18a2b72b0413,CO2 Lamp,2839,nm,absorbance,900.0343511268694
908.559,7.743068000000001,abb5f43e-39f7-4e00-9c94-18a2b72b0413,CO2 Lamp,2840,nm,absorbance,900.2090466176388
908.736,1.701887,abb5f43e-39f7-4e00-9c94-18a2b72b0413,CO2 Lamp,2841,nm,absorbance,900.3847346964241
908.912,0.0068279999999998,abb5f43e-39f7-4e00-9c94-18a2b72b0413,CO2 Lamp,2842,nm,absorbance,900.5594301871936
909.089,-0.5730649999999998,abb5f43e-39f7-4e00-9c94-18a2b72b0413,CO2 Lamp,2843,nm,absorbance,900.7351182659789
909.266,2.895618,abb5f43e-39f7-4e00-9c94-18a2b72b0413,CO2 Lamp,2844,nm,absorbance,900.9108063447641
909.442,2.136219,abb5f43e-39f7-4e00-9c94-18a2b72b0413,CO2 Lamp,2845,nm,absorbance,901.0855018355336
909.619,4.033137,abb5f43e-39f7-4e00-9c94-18a2b72b0413,CO2 Lamp,2846,nm,absorbance,901.2611899143188
909.795,1.975816,abb5f43e-39f7-4e00-9c94-18a2b72b0413,CO2 Lamp,2847,nm,absorbance,901.4358854050884
909.972,1.493364,abb5f43e-39f7-4e00-9c94-18a2b72b0413,CO2 Lamp,2848,nm,absorbance,901.6115734838736
910.148,2.628023,abb5f43e-39f7-4e00-9c94-18a2b72b0413,CO2 Lamp,2849,nm,absorbance,901.7862689746431
910.324,2.64759,abb5f43e-39f7-4e00-9c94-18a2b72b0413,CO2 Lamp,2850,nm,absorbance,901.9609644654125
910.501,8.682965,abb5f43e-39f7-4e00-9c94-18a2b72b0413,CO2 Lamp,2851,nm,absorbance,902.1366525441978
910.677,9.264101,abb5f43e-39f7-4e00-9c94-18a2b72b0413,CO2 Lamp,2852,nm,absorbance,902.3113480349674
910.854,10.975244,abb5f43e-39f7-4e00-9c94-18a2b72b0413,CO2 Lamp,2853,nm,absorbance,902.4870361137527
911.03,3.0714500000000005,abb5f43e-39f7-4e00-9c94-18a2b72b0413,CO2 Lamp,2854,nm,absorbance,902.6617316045221
911.206,0.009226,abb5f43e-39f7-4e00-9c94-18a2b72b0413,CO2 Lamp,2855,nm,absorbance,902.8364270952916
911.383,-3.906087,abb5f43e-39f7-4e00-9c94-18a2b72b0413,CO2 Lamp,2856,nm,absorbance,903.0121151740769
911.559,-0.395345,abb5f43e-39f7-4e00-9c94-18a2b72b0413,CO2 Lamp,2857,nm,absorbance,903.1868106648463
911.735,-2.096649,abb5f43e-39f7-4e00-9c94-18a2b72b0413,CO2 Lamp,2858,nm,absorbance,903.3615061556159
911.912,0.567171,abb5f43e-39f7-4e00-9c94-18a2b72b0413,CO2 Lamp,2859,nm,absorbance,903.5371942344011
912.088,-1.632672,abb5f43e-39f7-4e00-9c94-18a2b72b0413,CO2 Lamp,2860,nm,absorbance,903.7118897251705
912.264,3.802671,abb5f43e-39f7-4e00-9c94-18a2b72b0413,CO2 Lamp,2861,nm,absorbance,903.8865852159402
912.44,5.347567000000001,abb5f43e-39f7-4e00-9c94-18a2b72b0413,CO2 Lamp,2862,nm,absorbance,904.0612807067097
912.617,9.409028,abb5f43e-39f7-4e00-9c94-18a2b72b0413,CO2 Lamp,2863,nm,absorbance,904.2369687854948
912.793,5.430439,abb5f43e-39f7-4e00-9c94-18a2b72b0413,CO2 Lamp,2864,nm,absorbance,904.4116642762643
912.969,2.2882860000000003,abb5f43e-39f7-4e00-9c94-18a2b72b0413,CO2 Lamp,2865,nm,absorbance,904.586359767034
913.145,-2.558646,abb5f43e-39f7-4e00-9c94-18a2b72b0413,CO2 Lamp,2866,nm,absorbance,904.7610552578034
913.321,1.414581,abb5f43e-39f7-4e00-9c94-18a2b72b0413,CO2 Lamp,2867,nm,absorbance,904.9357507485729
913.498,1.343009,abb5f43e-39f7-4e00-9c94-18a2b72b0413,CO2 Lamp,2868,nm,absorbance,905.1114388273581
913.674,5.965448,abb5f43e-39f7-4e00-9c94-18a2b72b0413,CO2 Lamp,2869,nm,absorbance,905.2861343181277
913.85,-0.546169,abb5f43e-39f7-4e00-9c94-18a2b72b0413,CO2 Lamp,2870,nm,absorbance,905.4608298088972
914.026,1.281762,abb5f43e-39f7-4e00-9c94-18a2b72b0413,CO2 Lamp,2871,nm,absorbance,905.6355252996666
914.202,-0.997132,abb5f43e-39f7-4e00-9c94-18a2b72b0413,CO2 Lamp,2872,nm,absorbance,905.8102207904361
914.378,1.117434,abb5f43e-39f7-4e00-9c94-18a2b72b0413,CO2 Lamp,2873,nm,absorbance,905.9849162812058
914.554,0.2965810000000001,abb5f43e-39f7-4e00-9c94-18a2b72b0413,CO2 Lamp,2874,nm,absorbance,906.1596117719752
914.73,-2.825056,abb5f43e-39f7-4e00-9c94-18a2b72b0413,CO2 Lamp,2875,nm,absorbance,906.3343072627447
914.906,-2.5379200000000006,abb5f43e-39f7-4e00-9c94-18a2b72b0413,CO2 Lamp,2876,nm,absorbance,906.5090027535141
915.082,-1.119987,abb5f43e-39f7-4e00-9c94-18a2b72b0413,CO2 Lamp,2877,nm,absorbance,906.6836982442837
915.258,5.989336,abb5f43e-39f7-4e00-9c94-18a2b72b0413,CO2 Lamp,2878,nm,absorbance,906.8583937350533
915.434,5.949978000000001,abb5f43e-39f7-4e00-9c94-18a2b72b0413,CO2 Lamp,2879,nm,absorbance,907.0330892258227
915.61,6.250257,abb5f43e-39f7-4e00-9c94-18a2b72b0413,CO2 Lamp,2880,nm,absorbance,907.2077847165922
915.786,5.509348,abb5f43e-39f7-4e00-9c94-18a2b72b0413,CO2 Lamp,2881,nm,absorbance,907.3824802073617
915.962,9.914303999999998,abb5f43e-39f7-4e00-9c94-18a2b72b0413,CO2 Lamp,2882,nm,absorbance,907.5571756981312
916.138,11.01297,abb5f43e-39f7-4e00-9c94-18a2b72b0413,CO2 Lamp,2883,nm,absorbance,907.7318711889008
916.314,5.236727,abb5f43e-39f7-4e00-9c94-18a2b72b0413,CO2 Lamp,2884,nm,absorbance,907.9065666796702
916.49,2.88866,abb5f43e-39f7-4e00-9c94-18a2b72b0413,CO2 Lamp,2885,nm,absorbance,908.0812621704398
916.665,3.873501,abb5f43e-39f7-4e00-9c94-18a2b72b0413,CO2 Lamp,2886,nm,absorbance,908.2549650731935
916.841,6.807091,abb5f43e-39f7-4e00-9c94-18a2b72b0413,CO2 Lamp,2887,nm,absorbance,908.429660563963
917.017,4.786253,abb5f43e-39f7-4e00-9c94-18a2b72b0413,CO2 Lamp,2888,nm,absorbance,908.6043560547325
917.193,2.343706,abb5f43e-39f7-4e00-9c94-18a2b72b0413,CO2 Lamp,2889,nm,absorbance,908.779051545502
917.369,-0.8694279999999999,abb5f43e-39f7-4e00-9c94-18a2b72b0413,CO2 Lamp,2890,nm,absorbance,908.9537470362716
917.545,3.880748,abb5f43e-39f7-4e00-9c94-18a2b72b0413,CO2 Lamp,2891,nm,absorbance,909.128442527041
917.72,2.886813,abb5f43e-39f7-4e00-9c94-18a2b72b0413,CO2 Lamp,2892,nm,absorbance,909.3021454297948
917.896,6.523523,abb5f43e-39f7-4e00-9c94-18a2b72b0413,CO2 Lamp,2893,nm,absorbance,909.4768409205643
918.072,1.173702,abb5f43e-39f7-4e00-9c94-18a2b72b0413,CO2 Lamp,2894,nm,absorbance,909.6515364113338
918.247,2.5915760000000003,abb5f43e-39f7-4e00-9c94-18a2b72b0413,CO2 Lamp,2895,nm,absorbance,909.8252393140875
918.423,1.043657,abb5f43e-39f7-4e00-9c94-18a2b72b0413,CO2 Lamp,2896,nm,absorbance,909.9999348048572
918.599,8.130465,abb5f43e-39f7-4e00-9c94-18a2b72b0413,CO2 Lamp,2897,nm,absorbance,910.1746302956267
918.775,10.61427,abb5f43e-39f7-4e00-9c94-18a2b72b0413,CO2 Lamp,2898,nm,absorbance,910.3493257863961
918.95,4.723692,abb5f43e-39f7-4e00-9c94-18a2b72b0413,CO2 Lamp,2899,nm,absorbance,910.5230286891499
919.126,-4.106629,abb5f43e-39f7-4e00-9c94-18a2b72b0413,CO2 Lamp,2900,nm,absorbance,910.6977241799194
919.301,-5.792373,abb5f43e-39f7-4e00-9c94-18a2b72b0413,CO2 Lamp,2901,nm,absorbance,910.8714270826732
919.477,0.6491819999999999,abb5f43e-39f7-4e00-9c94-18a2b72b0413,CO2 Lamp,2902,nm,absorbance,911.0461225734426
919.653,7.920377999999999,abb5f43e-39f7-4e00-9c94-18a2b72b0413,CO2 Lamp,2903,nm,absorbance,911.2208180642122
919.828,6.072611,abb5f43e-39f7-4e00-9c94-18a2b72b0413,CO2 Lamp,2904,nm,absorbance,911.394520966966
920.004,3.993408,abb5f43e-39f7-4e00-9c94-18a2b72b0413,CO2 Lamp,2905,nm,absorbance,911.5692164577355
920.179,9.219484,abb5f43e-39f7-4e00-9c94-18a2b72b0413,CO2 Lamp,2906,nm,absorbance,911.7429193604892
920.355,10.975824,abb5f43e-39f7-4e00-9c94-18a2b72b0413,CO2 Lamp,2907,nm,absorbance,911.9176148512588
920.53,15.4119,abb5f43e-39f7-4e00-9c94-18a2b72b0413,CO2 Lamp,2908,nm,absorbance,912.0913177540125
920.706,4.801367000000001,abb5f43e-39f7-4e00-9c94-18a2b72b0413,CO2 Lamp,2909,nm,absorbance,912.266013244782
920.881,1.236163,abb5f43e-39f7-4e00-9c94-18a2b72b0413,CO2 Lamp,2910,nm,absorbance,912.4397161475357
921.057,-0.3029840000000001,abb5f43e-39f7-4e00-9c94-18a2b72b0413,CO2 Lamp,2911,nm,absorbance,912.6144116383053
921.232,4.440512,abb5f43e-39f7-4e00-9c94-18a2b72b0413,CO2 Lamp,2912,nm,absorbance,912.788114541059
921.408,9.421563,abb5f43e-39f7-4e00-9c94-18a2b72b0413,CO2 Lamp,2913,nm,absorbance,912.9628100318286
921.583,9.281557,abb5f43e-39f7-4e00-9c94-18a2b72b0413,CO2 Lamp,2914,nm,absorbance,913.1365129345824
921.759,3.8896580000000007,abb5f43e-39f7-4e00-9c94-18a2b72b0413,CO2 Lamp,2915,nm,absorbance,913.3112084253519
921.934,0.4894429999999999,abb5f43e-39f7-4e00-9c94-18a2b72b0413,CO2 Lamp,2916,nm,absorbance,913.4849113281056
922.109,-0.559912,abb5f43e-39f7-4e00-9c94-18a2b72b0413,CO2 Lamp,2917,nm,absorbance,913.6586142308595
922.285,4.349373999999999,abb5f43e-39f7-4e00-9c94-18a2b72b0413,CO2 Lamp,2918,nm,absorbance,913.8333097216289
922.46,6.184649,abb5f43e-39f7-4e00-9c94-18a2b72b0413,CO2 Lamp,2919,nm,absorbance,914.0070126243827
922.635,10.151771,abb5f43e-39f7-4e00-9c94-18a2b72b0413,CO2 Lamp,2920,nm,absorbance,914.1807155271364
922.811,6.523320999999998,abb5f43e-39f7-4e00-9c94-18a2b72b0413,CO2 Lamp,2921,nm,absorbance,914.355411017906
922.986,5.440781,abb5f43e-39f7-4e00-9c94-18a2b72b0413,CO2 Lamp,2922,nm,absorbance,914.5291139206597
923.161,2.666618,abb5f43e-39f7-4e00-9c94-18a2b72b0413,CO2 Lamp,2923,nm,absorbance,914.7028168234134
923.336,0.021,abb5f43e-39f7-4e00-9c94-18a2b72b0413,CO2 Lamp,2924,nm,absorbance,914.8765197261673
923.512,-2.263911,abb5f43e-39f7-4e00-9c94-18a2b72b0413,CO2 Lamp,2925,nm,absorbance,915.0512152169367
923.687,-2.515101,abb5f43e-39f7-4e00-9c94-18a2b72b0413,CO2 Lamp,2926,nm,absorbance,915.2249181196905
923.862,-1.625795,abb5f43e-39f7-4e00-9c94-18a2b72b0413,CO2 Lamp,2927,nm,absorbance,915.3986210224443
924.037,-1.208493,abb5f43e-39f7-4e00-9c94-18a2b72b0413,CO2 Lamp,2928,nm,absorbance,915.5723239251981
924.212,-2.137407,abb5f43e-39f7-4e00-9c94-18a2b72b0413,CO2 Lamp,2929,nm,absorbance,915.7460268279518
924.388,0.7044770000000001,abb5f43e-39f7-4e00-9c94-18a2b72b0413,CO2 Lamp,2930,nm,absorbance,915.9207223187213
924.563,2.6042149999999995,abb5f43e-39f7-4e00-9c94-18a2b72b0413,CO2 Lamp,2931,nm,absorbance,916.0944252214751
924.738,2.571709,abb5f43e-39f7-4e00-9c94-18a2b72b0413,CO2 Lamp,2932,nm,absorbance,916.268128124229
924.913,1.8935060000000004,abb5f43e-39f7-4e00-9c94-18a2b72b0413,CO2 Lamp,2933,nm,absorbance,916.4418310269826
925.088,-2.3039240000000003,abb5f43e-39f7-4e00-9c94-18a2b72b0413,CO2 Lamp,2934,nm,absorbance,916.6155339297364
925.263,0.8456740000000004,abb5f43e-39f7-4e00-9c94-18a2b72b0413,CO2 Lamp,2935,nm,absorbance,916.7892368324902
925.438,3.062097,abb5f43e-39f7-4e00-9c94-18a2b72b0413,CO2 Lamp,2936,nm,absorbance,916.9629397352439
925.613,6.960446999999999,abb5f43e-39f7-4e00-9c94-18a2b72b0413,CO2 Lamp,2937,nm,absorbance,917.1366426379979
925.788,3.5533869999999994,abb5f43e-39f7-4e00-9c94-18a2b72b0413,CO2 Lamp,2938,nm,absorbance,917.3103455407515
925.963,3.286575,abb5f43e-39f7-4e00-9c94-18a2b72b0413,CO2 Lamp,2939,nm,absorbance,917.4840484435052
926.138,-3.305185,abb5f43e-39f7-4e00-9c94-18a2b72b0413,CO2 Lamp,2940,nm,absorbance,917.6577513462591
926.313,0.982065,abb5f43e-39f7-4e00-9c94-18a2b72b0413,CO2 Lamp,2941,nm,absorbance,917.8314542490128
926.488,0.287446,abb5f43e-39f7-4e00-9c94-18a2b72b0413,CO2 Lamp,2942,nm,absorbance,918.0051571517666
926.663,3.975381999999999,abb5f43e-39f7-4e00-9c94-18a2b72b0413,CO2 Lamp,2943,nm,absorbance,918.1788600545204
926.838,-0.2141119999999999,abb5f43e-39f7-4e00-9c94-18a2b72b0413,CO2 Lamp,2944,nm,absorbance,918.3525629572741
927.013,-0.474828,abb5f43e-39f7-4e00-9c94-18a2b72b0413,CO2 Lamp,2945,nm,absorbance,918.5262658600279
927.188,3.2504149999999994,abb5f43e-39f7-4e00-9c94-18a2b72b0413,CO2 Lamp,2946,nm,absorbance,918.6999687627816
927.363,8.289631000000002,abb5f43e-39f7-4e00-9c94-18a2b72b0413,CO2 Lamp,2947,nm,absorbance,918.8736716655355
927.538,6.164164000000001,abb5f43e-39f7-4e00-9c94-18a2b72b0413,CO2 Lamp,2948,nm,absorbance,919.0473745682892
927.713,5.434035,abb5f43e-39f7-4e00-9c94-18a2b72b0413,CO2 Lamp,2949,nm,absorbance,919.2210774710429
927.888,4.467333999999999,abb5f43e-39f7-4e00-9c94-18a2b72b0413,CO2 Lamp,2950,nm,absorbance,919.3947803737968
928.062,5.565696,abb5f43e-39f7-4e00-9c94-18a2b72b0413,CO2 Lamp,2951,nm,absorbance,919.5674906885348
928.237,5.770932,abb5f43e-39f7-4e00-9c94-18a2b72b0413,CO2 Lamp,2952,nm,absorbance,919.7411935912885
928.412,5.55423,abb5f43e-39f7-4e00-9c94-18a2b72b0413,CO2 Lamp,2953,nm,absorbance,919.9148964940424
928.587,8.54964,abb5f43e-39f7-4e00-9c94-18a2b72b0413,CO2 Lamp,2954,nm,absorbance,920.0885993967961
928.761,6.590652,abb5f43e-39f7-4e00-9c94-18a2b72b0413,CO2 Lamp,2955,nm,absorbance,920.2613097115341
928.936,4.541132,abb5f43e-39f7-4e00-9c94-18a2b72b0413,CO2 Lamp,2956,nm,absorbance,920.435012614288
929.111,3.1299140000000003,abb5f43e-39f7-4e00-9c94-18a2b72b0413,CO2 Lamp,2957,nm,absorbance,920.6087155170417
929.286,6.549608000000001,abb5f43e-39f7-4e00-9c94-18a2b72b0413,CO2 Lamp,2958,nm,absorbance,920.7824184197954
929.46,7.015334,abb5f43e-39f7-4e00-9c94-18a2b72b0413,CO2 Lamp,2959,nm,absorbance,920.9551287345336
929.635,7.273332999999999,abb5f43e-39f7-4e00-9c94-18a2b72b0413,CO2 Lamp,2960,nm,absorbance,921.1288316372872
929.81,4.179463,abb5f43e-39f7-4e00-9c94-18a2b72b0413,CO2 Lamp,2961,nm,absorbance,921.3025345400409
929.984,3.165487,abb5f43e-39f7-4e00-9c94-18a2b72b0413,CO2 Lamp,2962,nm,absorbance,921.4752448547791
930.159,4.130723,abb5f43e-39f7-4e00-9c94-18a2b72b0413,CO2 Lamp,2963,nm,absorbance,921.6489477575328
930.334,6.2727580000000005,abb5f43e-39f7-4e00-9c94-18a2b72b0413,CO2 Lamp,2964,nm,absorbance,921.8226506602865
930.508,7.485137,abb5f43e-39f7-4e00-9c94-18a2b72b0413,CO2 Lamp,2965,nm,absorbance,921.9953609750247
930.683,6.559111,abb5f43e-39f7-4e00-9c94-18a2b72b0413,CO2 Lamp,2966,nm,absorbance,922.1690638777784
930.857,11.696195,abb5f43e-39f7-4e00-9c94-18a2b72b0413,CO2 Lamp,2967,nm,absorbance,922.3417741925165
931.032,13.173409,abb5f43e-39f7-4e00-9c94-18a2b72b0413,CO2 Lamp,2968,nm,absorbance,922.5154770952703
931.206,13.619216999999995,abb5f43e-39f7-4e00-9c94-18a2b72b0413,CO2 Lamp,2969,nm,absorbance,922.6881874100083
931.381,9.209009,abb5f43e-39f7-4e00-9c94-18a2b72b0413,CO2 Lamp,2970,nm,absorbance,922.8618903127621
931.556,8.102984,abb5f43e-39f7-4e00-9c94-18a2b72b0413,CO2 Lamp,2971,nm,absorbance,923.0355932155159
931.73,12.555704,abb5f43e-39f7-4e00-9c94-18a2b72b0413,CO2 Lamp,2972,nm,absorbance,923.2083035302538
931.904,11.948265,abb5f43e-39f7-4e00-9c94-18a2b72b0413,CO2 Lamp,2973,nm,absorbance,923.3810138449919
932.079,7.829171,abb5f43e-39f7-4e00-9c94-18a2b72b0413,CO2 Lamp,2974,nm,absorbance,923.5547167477456
932.253,2.304389,abb5f43e-39f7-4e00-9c94-18a2b72b0413,CO2 Lamp,2975,nm,absorbance,923.7274270624837
932.428,3.3576379999999992,abb5f43e-39f7-4e00-9c94-18a2b72b0413,CO2 Lamp,2976,nm,absorbance,923.9011299652375
932.602,7.181097999999999,abb5f43e-39f7-4e00-9c94-18a2b72b0413,CO2 Lamp,2977,nm,absorbance,924.0738402799755
932.777,10.265671,abb5f43e-39f7-4e00-9c94-18a2b72b0413,CO2 Lamp,2978,nm,absorbance,924.2475431827293
932.951,8.599874,abb5f43e-39f7-4e00-9c94-18a2b72b0413,CO2 Lamp,2979,nm,absorbance,924.4202534974673
933.125,8.155455999999997,abb5f43e-39f7-4e00-9c94-18a2b72b0413,CO2 Lamp,2980,nm,absorbance,924.5929638122053
933.3,5.75145,abb5f43e-39f7-4e00-9c94-18a2b72b0413,CO2 Lamp,2981,nm,absorbance,924.766666714959
933.474,8.103353,abb5f43e-39f7-4e00-9c94-18a2b72b0413,CO2 Lamp,2982,nm,absorbance,924.9393770296972
933.648,8.729549000000002,abb5f43e-39f7-4e00-9c94-18a2b72b0413,CO2 Lamp,2983,nm,absorbance,925.1120873444352
933.823,5.193872000000001,abb5f43e-39f7-4e00-9c94-18a2b72b0413,CO2 Lamp,2984,nm,absorbance,925.285790247189
933.997,1.636259,abb5f43e-39f7-4e00-9c94-18a2b72b0413,CO2 Lamp,2985,nm,absorbance,925.4585005619269
934.171,-1.436908,abb5f43e-39f7-4e00-9c94-18a2b72b0413,CO2 Lamp,2986,nm,absorbance,925.631210876665
934.345,-0.716859,abb5f43e-39f7-4e00-9c94-18a2b72b0413,CO2 Lamp,2987,nm,absorbance,925.8039211914031
934.52,-2.418130000000001,abb5f43e-39f7-4e00-9c94-18a2b72b0413,CO2 Lamp,2988,nm,absorbance,925.9776240941568
934.694,2.732791999999999,abb5f43e-39f7-4e00-9c94-18a2b72b0413,CO2 Lamp,2989,nm,absorbance,926.1503344088948
934.868,7.571045000000001,abb5f43e-39f7-4e00-9c94-18a2b72b0413,CO2 Lamp,2990,nm,absorbance,926.323044723633
935.042,14.686524,abb5f43e-39f7-4e00-9c94-18a2b72b0413,CO2 Lamp,2991,nm,absorbance,926.4957550383709
935.217,10.122364,abb5f43e-39f7-4e00-9c94-18a2b72b0413,CO2 Lamp,2992,nm,absorbance,926.6694579411247
935.391,6.701747999999999,abb5f43e-39f7-4e00-9c94-18a2b72b0413,CO2 Lamp,2993,nm,absorbance,926.8421682558627
935.565,1.095379,abb5f43e-39f7-4e00-9c94-18a2b72b0413,CO2 Lamp,2994,nm,absorbance,927.0148785706008
935.739,0.462724,abb5f43e-39f7-4e00-9c94-18a2b72b0413,CO2 Lamp,2995,nm,absorbance,927.1875888853389
935.913,1.169772,abb5f43e-39f7-4e00-9c94-18a2b72b0413,CO2 Lamp,2996,nm,absorbance,927.3602992000768
936.087,4.899041,abb5f43e-39f7-4e00-9c94-18a2b72b0413,CO2 Lamp,2997,nm,absorbance,927.5330095148148
936.261,8.273311000000001,abb5f43e-39f7-4e00-9c94-18a2b72b0413,CO2 Lamp,2998,nm,absorbance,927.7057198295529
936.435,10.236166,abb5f43e-39f7-4e00-9c94-18a2b72b0413,CO2 Lamp,2999,nm,absorbance,927.8784301442909
936.609,10.343186,abb5f43e-39f7-4e00-9c94-18a2b72b0413,CO2 Lamp,3000,nm,absorbance,928.051140459029
936.783,12.523635000000002,abb5f43e-39f7-4e00-9c94-18a2b72b0413,CO2 Lamp,3001,nm,absorbance,928.223850773767
936.957,13.211026,abb5f43e-39f7-4e00-9c94-18a2b72b0413,CO2 Lamp,3002,nm,absorbance,928.396561088505
937.131,11.512391,abb5f43e-39f7-4e00-9c94-18a2b72b0413,CO2 Lamp,3003,nm,absorbance,928.5692714032431
937.305,5.573039,abb5f43e-39f7-4e00-9c94-18a2b72b0413,CO2 Lamp,3004,nm,absorbance,928.741981717981
937.479,4.719578,abb5f43e-39f7-4e00-9c94-18a2b72b0413,CO2 Lamp,3005,nm,absorbance,928.9146920327192
937.653,0.95884,abb5f43e-39f7-4e00-9c94-18a2b72b0413,CO2 Lamp,3006,nm,absorbance,929.0874023474572
937.827,1.275119,abb5f43e-39f7-4e00-9c94-18a2b72b0413,CO2 Lamp,3007,nm,absorbance,929.2601126621952
938.001,2.074145,abb5f43e-39f7-4e00-9c94-18a2b72b0413,CO2 Lamp,3008,nm,absorbance,929.4328229769333
938.175,3.755891,abb5f43e-39f7-4e00-9c94-18a2b72b0413,CO2 Lamp,3009,nm,absorbance,929.6055332916712
938.349,4.192613000000001,abb5f43e-39f7-4e00-9c94-18a2b72b0413,CO2 Lamp,3010,nm,absorbance,929.7782436064093
938.523,-0.361466,abb5f43e-39f7-4e00-9c94-18a2b72b0413,CO2 Lamp,3011,nm,absorbance,929.9509539211474
938.697,-1.7500320000000005,abb5f43e-39f7-4e00-9c94-18a2b72b0413,CO2 Lamp,3012,nm,absorbance,930.1236642358854
938.87,-3.692603,abb5f43e-39f7-4e00-9c94-18a2b72b0413,CO2 Lamp,3013,nm,absorbance,930.2953819626077
939.044,-2.424678,abb5f43e-39f7-4e00-9c94-18a2b72b0413,CO2 Lamp,3014,nm,absorbance,930.4680922773457
939.218,-0.5867009999999999,abb5f43e-39f7-4e00-9c94-18a2b72b0413,CO2 Lamp,3015,nm,absorbance,930.6408025920837
939.392,4.828425999999999,abb5f43e-39f7-4e00-9c94-18a2b72b0413,CO2 Lamp,3016,nm,absorbance,930.8135129068219
939.566,5.02732,abb5f43e-39f7-4e00-9c94-18a2b72b0413,CO2 Lamp,3017,nm,absorbance,930.9862232215598
939.739,2.3972010000000004,abb5f43e-39f7-4e00-9c94-18a2b72b0413,CO2 Lamp,3018,nm,absorbance,931.1579409482822
939.913,2.621468,abb5f43e-39f7-4e00-9c94-18a2b72b0413,CO2 Lamp,3019,nm,absorbance,931.3306512630202
940.087,0.0036160000000001,abb5f43e-39f7-4e00-9c94-18a2b72b0413,CO2 Lamp,3020,nm,absorbance,931.5033615777581
940.261,4.482664000000001,abb5f43e-39f7-4e00-9c94-18a2b72b0413,CO2 Lamp,3021,nm,absorbance,931.6760718924962
940.434,3.272401,abb5f43e-39f7-4e00-9c94-18a2b72b0413,CO2 Lamp,3022,nm,absorbance,931.8477896192185
940.608,4.459202000000001,abb5f43e-39f7-4e00-9c94-18a2b72b0413,CO2 Lamp,3023,nm,absorbance,932.0204999339566
940.782,1.1895250000000002,abb5f43e-39f7-4e00-9c94-18a2b72b0413,CO2 Lamp,3024,nm,absorbance,932.1932102486946
940.955,-2.672141,abb5f43e-39f7-4e00-9c94-18a2b72b0413,CO2 Lamp,3025,nm,absorbance,932.3649279754169
941.129,-0.4885099999999999,abb5f43e-39f7-4e00-9c94-18a2b72b0413,CO2 Lamp,3026,nm,absorbance,932.537638290155
941.302,-1.4310199999999995,abb5f43e-39f7-4e00-9c94-18a2b72b0413,CO2 Lamp,3027,nm,absorbance,932.7093560168772
941.476,2.014556,abb5f43e-39f7-4e00-9c94-18a2b72b0413,CO2 Lamp,3028,nm,absorbance,932.8820663316153
941.65,-1.772892,abb5f43e-39f7-4e00-9c94-18a2b72b0413,CO2 Lamp,3029,nm,absorbance,933.0547766463533
941.823,3.119912,abb5f43e-39f7-4e00-9c94-18a2b72b0413,CO2 Lamp,3030,nm,absorbance,933.2264943730756
941.997,3.184597,abb5f43e-39f7-4e00-9c94-18a2b72b0413,CO2 Lamp,3031,nm,absorbance,933.3992046878136
942.17,5.89019,abb5f43e-39f7-4e00-9c94-18a2b72b0413,CO2 Lamp,3032,nm,absorbance,933.5709224145359
942.344,9.598284,abb5f43e-39f7-4e00-9c94-18a2b72b0413,CO2 Lamp,3033,nm,absorbance,933.743632729274
942.517,11.359289,abb5f43e-39f7-4e00-9c94-18a2b72b0413,CO2 Lamp,3034,nm,absorbance,933.9153504559963
942.691,9.566796,abb5f43e-39f7-4e00-9c94-18a2b72b0413,CO2 Lamp,3035,nm,absorbance,934.0880607707344
942.864,4.819069000000001,abb5f43e-39f7-4e00-9c94-18a2b72b0413,CO2 Lamp,3036,nm,absorbance,934.2597784974566
943.038,1.5944859999999998,abb5f43e-39f7-4e00-9c94-18a2b72b0413,CO2 Lamp,3037,nm,absorbance,934.4324888121946
943.211,5.287886,abb5f43e-39f7-4e00-9c94-18a2b72b0413,CO2 Lamp,3038,nm,absorbance,934.604206538917
943.385,-1.818487,abb5f43e-39f7-4e00-9c94-18a2b72b0413,CO2 Lamp,3039,nm,absorbance,934.7769168536549
943.558,-6.260214,abb5f43e-39f7-4e00-9c94-18a2b72b0413,CO2 Lamp,3040,nm,absorbance,934.9486345803773
943.731,-9.142183,abb5f43e-39f7-4e00-9c94-18a2b72b0413,CO2 Lamp,3041,nm,absorbance,935.1203523070996
943.905,-3.261209,abb5f43e-39f7-4e00-9c94-18a2b72b0413,CO2 Lamp,3042,nm,absorbance,935.2930626218376
944.078,-2.042853,abb5f43e-39f7-4e00-9c94-18a2b72b0413,CO2 Lamp,3043,nm,absorbance,935.4647803485599
944.251,-0.1096830000000001,abb5f43e-39f7-4e00-9c94-18a2b72b0413,CO2 Lamp,3044,nm,absorbance,935.6364980752821
944.425,-1.022484,abb5f43e-39f7-4e00-9c94-18a2b72b0413,CO2 Lamp,3045,nm,absorbance,935.8092083900202
944.598,1.4054579999999997,abb5f43e-39f7-4e00-9c94-18a2b72b0413,CO2 Lamp,3046,nm,absorbance,935.9809261167425
944.771,3.3349259999999994,abb5f43e-39f7-4e00-9c94-18a2b72b0413,CO2 Lamp,3047,nm,absorbance,936.1526438434648
944.945,5.7242820000000005,abb5f43e-39f7-4e00-9c94-18a2b72b0413,CO2 Lamp,3048,nm,absorbance,936.3253541582029
945.118,6.193668,abb5f43e-39f7-4e00-9c94-18a2b72b0413,CO2 Lamp,3049,nm,absorbance,936.4970718849253
945.291,5.516161,abb5f43e-39f7-4e00-9c94-18a2b72b0413,CO2 Lamp,3050,nm,absorbance,936.6687896116475
945.464,1.311059,abb5f43e-39f7-4e00-9c94-18a2b72b0413,CO2 Lamp,3051,nm,absorbance,936.8405073383699
945.638,1.438001,abb5f43e-39f7-4e00-9c94-18a2b72b0413,CO2 Lamp,3052,nm,absorbance,937.0132176531079
945.811,-2.07977,abb5f43e-39f7-4e00-9c94-18a2b72b0413,CO2 Lamp,3053,nm,absorbance,937.1849353798301
945.984,0.2803009999999999,abb5f43e-39f7-4e00-9c94-18a2b72b0413,CO2 Lamp,3054,nm,absorbance,937.3566531065525
946.157,1.848772,abb5f43e-39f7-4e00-9c94-18a2b72b0413,CO2 Lamp,3055,nm,absorbance,937.5283708332747
946.33,0.1373299999999999,abb5f43e-39f7-4e00-9c94-18a2b72b0413,CO2 Lamp,3056,nm,absorbance,937.7000885599971
946.503,2.579232,abb5f43e-39f7-4e00-9c94-18a2b72b0413,CO2 Lamp,3057,nm,absorbance,937.8718062867193
946.677,2.748812,abb5f43e-39f7-4e00-9c94-18a2b72b0413,CO2 Lamp,3058,nm,absorbance,938.0445166014574
946.85,9.822526,abb5f43e-39f7-4e00-9c94-18a2b72b0413,CO2 Lamp,3059,nm,absorbance,938.2162343281797
947.023,5.2848120000000005,abb5f43e-39f7-4e00-9c94-18a2b72b0413,CO2 Lamp,3060,nm,absorbance,938.3879520549019
947.196,8.753648,abb5f43e-39f7-4e00-9c94-18a2b72b0413,CO2 Lamp,3061,nm,absorbance,938.5596697816243
947.369,5.226827,abb5f43e-39f7-4e00-9c94-18a2b72b0413,CO2 Lamp,3062,nm,absorbance,938.7313875083465
947.542,10.207023,abb5f43e-39f7-4e00-9c94-18a2b72b0413,CO2 Lamp,3063,nm,absorbance,938.9031052350689
947.715,5.919407000000001,abb5f43e-39f7-4e00-9c94-18a2b72b0413,CO2 Lamp,3064,nm,absorbance,939.0748229617911
947.888,6.534541,abb5f43e-39f7-4e00-9c94-18a2b72b0413,CO2 Lamp,3065,nm,absorbance,939.2465406885135
948.061,4.005437,abb5f43e-39f7-4e00-9c94-18a2b72b0413,CO2 Lamp,3066,nm,absorbance,939.4182584152358
948.234,3.529645,abb5f43e-39f7-4e00-9c94-18a2b72b0413,CO2 Lamp,3067,nm,absorbance,939.5899761419581
948.407,2.908006,abb5f43e-39f7-4e00-9c94-18a2b72b0413,CO2 Lamp,3068,nm,absorbance,939.7616938686804
948.58,0.779822,abb5f43e-39f7-4e00-9c94-18a2b72b0413,CO2 Lamp,3069,nm,absorbance,939.9334115954027
948.753,-0.536918,abb5f43e-39f7-4e00-9c94-18a2b72b0413,CO2 Lamp,3070,nm,absorbance,940.105129322125
948.926,2.038612,abb5f43e-39f7-4e00-9c94-18a2b72b0413,CO2 Lamp,3071,nm,absorbance,940.2768470488472
949.099,2.5566140000000006,abb5f43e-39f7-4e00-9c94-18a2b72b0413,CO2 Lamp,3072,nm,absorbance,940.4485647755696
949.271,5.046780999999999,abb5f43e-39f7-4e00-9c94-18a2b72b0413,CO2 Lamp,3073,nm,absorbance,940.619289914276
949.444,4.5674470000000005,abb5f43e-39f7-4e00-9c94-18a2b72b0413,CO2 Lamp,3074,nm,absorbance,940.7910076409984
949.617,4.775945,abb5f43e-39f7-4e00-9c94-18a2b72b0413,CO2 Lamp,3075,nm,absorbance,940.9627253677206
949.79,2.7191780000000003,abb5f43e-39f7-4e00-9c94-18a2b72b0413,CO2 Lamp,3076,nm,absorbance,941.134443094443
949.963,4.090579,abb5f43e-39f7-4e00-9c94-18a2b72b0413,CO2 Lamp,3077,nm,absorbance,941.3061608211652
950.136,6.463815000000001,abb5f43e-39f7-4e00-9c94-18a2b72b0413,CO2 Lamp,3078,nm,absorbance,941.4778785478876
950.308,6.558343000000001,abb5f43e-39f7-4e00-9c94-18a2b72b0413,CO2 Lamp,3079,nm,absorbance,941.6486036865941
950.481,0.1997040000000002,abb5f43e-39f7-4e00-9c94-18a2b72b0413,CO2 Lamp,3080,nm,absorbance,941.8203214133165
950.654,-0.4458479999999998,abb5f43e-39f7-4e00-9c94-18a2b72b0413,CO2 Lamp,3081,nm,absorbance,941.9920391400387
950.827,1.8329360000000008,abb5f43e-39f7-4e00-9c94-18a2b72b0413,CO2 Lamp,3082,nm,absorbance,942.1637568667611
950.999,4.566992,abb5f43e-39f7-4e00-9c94-18a2b72b0413,CO2 Lamp,3083,nm,absorbance,942.3344820054676
951.172,6.796340000000001,abb5f43e-39f7-4e00-9c94-18a2b72b0413,CO2 Lamp,3084,nm,absorbance,942.5061997321899
951.345,3.852899,abb5f43e-39f7-4e00-9c94-18a2b72b0413,CO2 Lamp,3085,nm,absorbance,942.6779174589122
951.517,3.912335,abb5f43e-39f7-4e00-9c94-18a2b72b0413,CO2 Lamp,3086,nm,absorbance,942.8486425976188
951.69,2.302391,abb5f43e-39f7-4e00-9c94-18a2b72b0413,CO2 Lamp,3087,nm,absorbance,943.0203603243411
951.863,5.62037,abb5f43e-39f7-4e00-9c94-18a2b72b0413,CO2 Lamp,3088,nm,absorbance,943.1920780510634
952.035,9.505203000000002,abb5f43e-39f7-4e00-9c94-18a2b72b0413,CO2 Lamp,3089,nm,absorbance,943.3628031897699
952.208,9.766525,abb5f43e-39f7-4e00-9c94-18a2b72b0413,CO2 Lamp,3090,nm,absorbance,943.5345209164922
952.381,6.979723000000002,abb5f43e-39f7-4e00-9c94-18a2b72b0413,CO2 Lamp,3091,nm,absorbance,943.7062386432145
952.553,2.572831,abb5f43e-39f7-4e00-9c94-18a2b72b0413,CO2 Lamp,3092,nm,absorbance,943.8769637819211
952.726,1.4019339999999998,abb5f43e-39f7-4e00-9c94-18a2b72b0413,CO2 Lamp,3093,nm,absorbance,944.0486815086434
952.898,2.627457,abb5f43e-39f7-4e00-9c94-18a2b72b0413,CO2 Lamp,3094,nm,absorbance,944.21940664735
953.071,0.4895730000000001,abb5f43e-39f7-4e00-9c94-18a2b72b0413,CO2 Lamp,3095,nm,absorbance,944.3911243740723
953.243,-1.084985,abb5f43e-39f7-4e00-9c94-18a2b72b0413,CO2 Lamp,3096,nm,absorbance,944.5618495127788
953.416,-3.900566,abb5f43e-39f7-4e00-9c94-18a2b72b0413,CO2 Lamp,3097,nm,absorbance,944.7335672395012
953.588,-0.6049599999999999,abb5f43e-39f7-4e00-9c94-18a2b72b0413,CO2 Lamp,3098,nm,absorbance,944.9042923782076
953.761,-0.4418149999999999,abb5f43e-39f7-4e00-9c94-18a2b72b0413,CO2 Lamp,3099,nm,absorbance,945.07601010493
953.933,-0.1621749999999999,abb5f43e-39f7-4e00-9c94-18a2b72b0413,CO2 Lamp,3100,nm,absorbance,945.2467352436365
954.106,-0.987577,abb5f43e-39f7-4e00-9c94-18a2b72b0413,CO2 Lamp,3101,nm,absorbance,945.4184529703589
954.278,2.323916,abb5f43e-39f7-4e00-9c94-18a2b72b0413,CO2 Lamp,3102,nm,absorbance,945.5891781090654
954.45,5.342115999999999,abb5f43e-39f7-4e00-9c94-18a2b72b0413,CO2 Lamp,3103,nm,absorbance,945.7599032477721
954.623,4.243618000000001,abb5f43e-39f7-4e00-9c94-18a2b72b0413,CO2 Lamp,3104,nm,absorbance,945.9316209744943
954.795,-0.0682360000000001,abb5f43e-39f7-4e00-9c94-18a2b72b0413,CO2 Lamp,3105,nm,absorbance,946.1023461132008
954.967,-3.657149,abb5f43e-39f7-4e00-9c94-18a2b72b0413,CO2 Lamp,3106,nm,absorbance,946.2730712519074
955.14,0.8058270000000001,abb5f43e-39f7-4e00-9c94-18a2b72b0413,CO2 Lamp,3107,nm,absorbance,946.4447889786297
955.312,3.276279,abb5f43e-39f7-4e00-9c94-18a2b72b0413,CO2 Lamp,3108,nm,absorbance,946.6155141173363
955.484,4.476028,abb5f43e-39f7-4e00-9c94-18a2b72b0413,CO2 Lamp,3109,nm,absorbance,946.7862392560429
955.657,2.079715,abb5f43e-39f7-4e00-9c94-18a2b72b0413,CO2 Lamp,3110,nm,absorbance,946.9579569827652
955.829,3.223741999999999,abb5f43e-39f7-4e00-9c94-18a2b72b0413,CO2 Lamp,3111,nm,absorbance,947.1286821214717
956.001,4.032129,abb5f43e-39f7-4e00-9c94-18a2b72b0413,CO2 Lamp,3112,nm,absorbance,947.2994072601782
956.173,5.542135000000001,abb5f43e-39f7-4e00-9c94-18a2b72b0413,CO2 Lamp,3113,nm,absorbance,947.4701323988849
956.346,7.352576999999999,abb5f43e-39f7-4e00-9c94-18a2b72b0413,CO2 Lamp,3114,nm,absorbance,947.6418501256071
956.518,9.025311,abb5f43e-39f7-4e00-9c94-18a2b72b0413,CO2 Lamp,3115,nm,absorbance,947.8125752643138
956.69,7.456915999999998,abb5f43e-39f7-4e00-9c94-18a2b72b0413,CO2 Lamp,3116,nm,absorbance,947.9833004030203
956.862,1.220292,abb5f43e-39f7-4e00-9c94-18a2b72b0413,CO2 Lamp,3117,nm,absorbance,948.1540255417268
957.034,1.239661,abb5f43e-39f7-4e00-9c94-18a2b72b0413,CO2 Lamp,3118,nm,absorbance,948.3247506804333
957.207,-2.026045,abb5f43e-39f7-4e00-9c94-18a2b72b0413,CO2 Lamp,3119,nm,absorbance,948.4964684071557
957.379,-0.161712,abb5f43e-39f7-4e00-9c94-18a2b72b0413,CO2 Lamp,3120,nm,absorbance,948.6671935458622
957.551,0.085496,abb5f43e-39f7-4e00-9c94-18a2b72b0413,CO2 Lamp,3121,nm,absorbance,948.8379186845689
957.723,4.401294000000001,abb5f43e-39f7-4e00-9c94-18a2b72b0413,CO2 Lamp,3122,nm,absorbance,949.0086438232753
957.895,7.954169,abb5f43e-39f7-4e00-9c94-18a2b72b0413,CO2 Lamp,3123,nm,absorbance,949.1793689619819
958.067,5.392272,abb5f43e-39f7-4e00-9c94-18a2b72b0413,CO2 Lamp,3124,nm,absorbance,949.3500941006885
958.239,5.56752,abb5f43e-39f7-4e00-9c94-18a2b72b0413,CO2 Lamp,3125,nm,absorbance,949.5208192393951
958.411,3.331437,abb5f43e-39f7-4e00-9c94-18a2b72b0413,CO2 Lamp,3126,nm,absorbance,949.6915443781015
958.583,2.546218,abb5f43e-39f7-4e00-9c94-18a2b72b0413,CO2 Lamp,3127,nm,absorbance,949.8622695168082
958.755,0.114755,abb5f43e-39f7-4e00-9c94-18a2b72b0413,CO2 Lamp,3128,nm,absorbance,950.0329946555147
958.927,0.345943,abb5f43e-39f7-4e00-9c94-18a2b72b0413,CO2 Lamp,3129,nm,absorbance,950.2037197942213
959.099,2.656594,abb5f43e-39f7-4e00-9c94-18a2b72b0413,CO2 Lamp,3130,nm,absorbance,950.3744449329279
959.271,-0.4041020000000001,abb5f43e-39f7-4e00-9c94-18a2b72b0413,CO2 Lamp,3131,nm,absorbance,950.5451700716344
959.443,1.6927949999999998,abb5f43e-39f7-4e00-9c94-18a2b72b0413,CO2 Lamp,3132,nm,absorbance,950.7158952103409
959.615,1.415558,abb5f43e-39f7-4e00-9c94-18a2b72b0413,CO2 Lamp,3133,nm,absorbance,950.8866203490476
959.787,5.7899020000000005,abb5f43e-39f7-4e00-9c94-18a2b72b0413,CO2 Lamp,3134,nm,absorbance,951.0573454877541
959.959,3.944397,abb5f43e-39f7-4e00-9c94-18a2b72b0413,CO2 Lamp,3135,nm,absorbance,951.2280706264606
960.13,4.189321,abb5f43e-39f7-4e00-9c94-18a2b72b0413,CO2 Lamp,3136,nm,absorbance,951.3978031771516
960.302,2.04734,abb5f43e-39f7-4e00-9c94-18a2b72b0413,CO2 Lamp,3137,nm,absorbance,951.5685283158581
960.474,1.959363,abb5f43e-39f7-4e00-9c94-18a2b72b0413,CO2 Lamp,3138,nm,absorbance,951.7392534545647
960.646,3.3771320000000005,abb5f43e-39f7-4e00-9c94-18a2b72b0413,CO2 Lamp,3139,nm,absorbance,951.9099785932711
960.818,9.709495,abb5f43e-39f7-4e00-9c94-18a2b72b0413,CO2 Lamp,3140,nm,absorbance,952.0807037319778
960.99,10.785449,abb5f43e-39f7-4e00-9c94-18a2b72b0413,CO2 Lamp,3141,nm,absorbance,952.2514288706843
961.161,9.409835000000005,abb5f43e-39f7-4e00-9c94-18a2b72b0413,CO2 Lamp,3142,nm,absorbance,952.4211614213751
961.333,6.875781999999999,abb5f43e-39f7-4e00-9c94-18a2b72b0413,CO2 Lamp,3143,nm,absorbance,952.5918865600817
961.505,7.729074,abb5f43e-39f7-4e00-9c94-18a2b72b0413,CO2 Lamp,3144,nm,absorbance,952.7626116987883
961.677,3.068629,abb5f43e-39f7-4e00-9c94-18a2b72b0413,CO2 Lamp,3145,nm,absorbance,952.9333368374948
961.848,1.14193,abb5f43e-39f7-4e00-9c94-18a2b72b0413,CO2 Lamp,3146,nm,absorbance,953.1030693881856
962.02,-0.0338809999999999,abb5f43e-39f7-4e00-9c94-18a2b72b0413,CO2 Lamp,3147,nm,absorbance,953.2737945268922
962.192,2.390517,abb5f43e-39f7-4e00-9c94-18a2b72b0413,CO2 Lamp,3148,nm,absorbance,953.4445196655988
962.363,5.599834,abb5f43e-39f7-4e00-9c94-18a2b72b0413,CO2 Lamp,3149,nm,absorbance,953.6142522162896
962.535,3.789906,abb5f43e-39f7-4e00-9c94-18a2b72b0413,CO2 Lamp,3150,nm,absorbance,953.7849773549962
962.707,5.113177,abb5f43e-39f7-4e00-9c94-18a2b72b0413,CO2 Lamp,3151,nm,absorbance,953.9557024937027
962.878,2.461013,abb5f43e-39f7-4e00-9c94-18a2b72b0413,CO2 Lamp,3152,nm,absorbance,954.1254350443936
963.05,6.027953,abb5f43e-39f7-4e00-9c94-18a2b72b0413,CO2 Lamp,3153,nm,absorbance,954.2961601831001
963.221,9.998022,abb5f43e-39f7-4e00-9c94-18a2b72b0413,CO2 Lamp,3154,nm,absorbance,954.465892733791
963.393,5.897611,abb5f43e-39f7-4e00-9c94-18a2b72b0413,CO2 Lamp,3155,nm,absorbance,954.6366178724976
963.564,3.4131,abb5f43e-39f7-4e00-9c94-18a2b72b0413,CO2 Lamp,3156,nm,absorbance,954.8063504231883
963.736,0.3622459999999999,abb5f43e-39f7-4e00-9c94-18a2b72b0413,CO2 Lamp,3157,nm,absorbance,954.9770755618949
963.907,-0.269686,abb5f43e-39f7-4e00-9c94-18a2b72b0413,CO2 Lamp,3158,nm,absorbance,955.1468081125857
964.079,-1.834167,abb5f43e-39f7-4e00-9c94-18a2b72b0413,CO2 Lamp,3159,nm,absorbance,955.3175332512923
964.25,3.612271,abb5f43e-39f7-4e00-9c94-18a2b72b0413,CO2 Lamp,3160,nm,absorbance,955.4872658019831
964.422,11.748662,abb5f43e-39f7-4e00-9c94-18a2b72b0413,CO2 Lamp,3161,nm,absorbance,955.6579909406897
964.593,7.573297999999999,abb5f43e-39f7-4e00-9c94-18a2b72b0413,CO2 Lamp,3162,nm,absorbance,955.8277234913805
964.765,3.658301,abb5f43e-39f7-4e00-9c94-18a2b72b0413,CO2 Lamp,3163,nm,absorbance,955.9984486300871
964.936,-2.3634669999999995,abb5f43e-39f7-4e00-9c94-18a2b72b0413,CO2 Lamp,3164,nm,absorbance,956.168181180778
965.108,1.071916,abb5f43e-39f7-4e00-9c94-18a2b72b0413,CO2 Lamp,3165,nm,absorbance,956.3389063194844
965.279,0.8672270000000001,abb5f43e-39f7-4e00-9c94-18a2b72b0413,CO2 Lamp,3166,nm,absorbance,956.5086388701753
965.45,4.574137,abb5f43e-39f7-4e00-9c94-18a2b72b0413,CO2 Lamp,3167,nm,absorbance,956.6783714208661
965.622,6.089848000000001,abb5f43e-39f7-4e00-9c94-18a2b72b0413,CO2 Lamp,3168,nm,absorbance,956.8490965595727
965.793,4.763134,abb5f43e-39f7-4e00-9c94-18a2b72b0413,CO2 Lamp,3169,nm,absorbance,957.0188291102635
965.964,7.714704,abb5f43e-39f7-4e00-9c94-18a2b72b0413,CO2 Lamp,3170,nm,absorbance,957.1885616609544
966.136,5.038093000000001,abb5f43e-39f7-4e00-9c94-18a2b72b0413,CO2 Lamp,3171,nm,absorbance,957.3592867996609
966.307,4.386194000000001,abb5f43e-39f7-4e00-9c94-18a2b72b0413,CO2 Lamp,3172,nm,absorbance,957.5290193503517
966.478,-1.623474,abb5f43e-39f7-4e00-9c94-18a2b72b0413,CO2 Lamp,3173,nm,absorbance,957.6987519010426
966.65,4.655538,abb5f43e-39f7-4e00-9c94-18a2b72b0413,CO2 Lamp,3174,nm,absorbance,957.8694770397491
966.821,8.681597,abb5f43e-39f7-4e00-9c94-18a2b72b0413,CO2 Lamp,3175,nm,absorbance,958.03920959044
966.992,6.7650570000000005,abb5f43e-39f7-4e00-9c94-18a2b72b0413,CO2 Lamp,3176,nm,absorbance,958.2089421411307
967.163,2.239942,abb5f43e-39f7-4e00-9c94-18a2b72b0413,CO2 Lamp,3177,nm,absorbance,958.3786746918216
967.334,-2.323865,abb5f43e-39f7-4e00-9c94-18a2b72b0413,CO2 Lamp,3178,nm,absorbance,958.5484072425124
967.506,5.045951,abb5f43e-39f7-4e00-9c94-18a2b72b0413,CO2 Lamp,3179,nm,absorbance,958.719132381219
967.677,8.57649,abb5f43e-39f7-4e00-9c94-18a2b72b0413,CO2 Lamp,3180,nm,absorbance,958.8888649319099
967.848,6.467586,abb5f43e-39f7-4e00-9c94-18a2b72b0413,CO2 Lamp,3181,nm,absorbance,959.0585974826006
968.019,4.412134999999999,abb5f43e-39f7-4e00-9c94-18a2b72b0413,CO2 Lamp,3182,nm,absorbance,959.2283300332915
968.19,3.300288000000001,abb5f43e-39f7-4e00-9c94-18a2b72b0413,CO2 Lamp,3183,nm,absorbance,959.3980625839823
968.361,8.258042,abb5f43e-39f7-4e00-9c94-18a2b72b0413,CO2 Lamp,3184,nm,absorbance,959.5677951346731
968.532,9.094571000000002,abb5f43e-39f7-4e00-9c94-18a2b72b0413,CO2 Lamp,3185,nm,absorbance,959.7375276853641
968.703,9.361726,abb5f43e-39f7-4e00-9c94-18a2b72b0413,CO2 Lamp,3186,nm,absorbance,959.9072602360548
968.874,8.484768,abb5f43e-39f7-4e00-9c94-18a2b72b0413,CO2 Lamp,3187,nm,absorbance,960.0769927867457
969.045,4.970776000000001,abb5f43e-39f7-4e00-9c94-18a2b72b0413,CO2 Lamp,3188,nm,absorbance,960.2467253374364
969.216,4.642329999999999,abb5f43e-39f7-4e00-9c94-18a2b72b0413,CO2 Lamp,3189,nm,absorbance,960.4164578881273
969.387,4.828090999999999,abb5f43e-39f7-4e00-9c94-18a2b72b0413,CO2 Lamp,3190,nm,absorbance,960.5861904388181
969.558,5.105017999999999,abb5f43e-39f7-4e00-9c94-18a2b72b0413,CO2 Lamp,3191,nm,absorbance,960.7559229895089
969.729,4.742391,abb5f43e-39f7-4e00-9c94-18a2b72b0413,CO2 Lamp,3192,nm,absorbance,960.9256555401998
969.9,-1.403255,abb5f43e-39f7-4e00-9c94-18a2b72b0413,CO2 Lamp,3193,nm,absorbance,961.0953880908905
970.071,-4.395328,abb5f43e-39f7-4e00-9c94-18a2b72b0413,CO2 Lamp,3194,nm,absorbance,961.2651206415815
970.242,-6.891800000000001,abb5f43e-39f7-4e00-9c94-18a2b72b0413,CO2 Lamp,3195,nm,absorbance,961.4348531922723
970.413,-1.557522,abb5f43e-39f7-4e00-9c94-18a2b72b0413,CO2 Lamp,3196,nm,absorbance,961.6045857429631
970.584,4.078379,abb5f43e-39f7-4e00-9c94-18a2b72b0413,CO2 Lamp,3197,nm,absorbance,961.7743182936539
970.755,4.717154,abb5f43e-39f7-4e00-9c94-18a2b72b0413,CO2 Lamp,3198,nm,absorbance,961.9440508443447
970.926,3.582743,abb5f43e-39f7-4e00-9c94-18a2b72b0413,CO2 Lamp,3199,nm,absorbance,962.1137833950356
971.097,-2.7408049999999995,abb5f43e-39f7-4e00-9c94-18a2b72b0413,CO2 Lamp,3200,nm,absorbance,962.2835159457263
971.267,0.4902020000000001,abb5f43e-39f7-4e00-9c94-18a2b72b0413,CO2 Lamp,3201,nm,absorbance,962.4522559084015
971.438,1.096448,abb5f43e-39f7-4e00-9c94-18a2b72b0413,CO2 Lamp,3202,nm,absorbance,962.6219884590923
971.609,4.192573,abb5f43e-39f7-4e00-9c94-18a2b72b0413,CO2 Lamp,3203,nm,absorbance,962.7917210097831
971.78,2.213561,abb5f43e-39f7-4e00-9c94-18a2b72b0413,CO2 Lamp,3204,nm,absorbance,962.961453560474
971.951,-1.139969,abb5f43e-39f7-4e00-9c94-18a2b72b0413,CO2 Lamp,3205,nm,absorbance,963.1311861111648
972.121,2.2539130000000003,abb5f43e-39f7-4e00-9c94-18a2b72b0413,CO2 Lamp,3206,nm,absorbance,963.2999260738399
972.292,3.2184470000000003,abb5f43e-39f7-4e00-9c94-18a2b72b0413,CO2 Lamp,3207,nm,absorbance,963.4696586245308
972.463,7.16571,abb5f43e-39f7-4e00-9c94-18a2b72b0413,CO2 Lamp,3208,nm,absorbance,963.6393911752215
972.633,6.28544,abb5f43e-39f7-4e00-9c94-18a2b72b0413,CO2 Lamp,3209,nm,absorbance,963.8081311378967
972.804,2.585762,abb5f43e-39f7-4e00-9c94-18a2b72b0413,CO2 Lamp,3210,nm,absorbance,963.9778636885874
972.975,2.086673,abb5f43e-39f7-4e00-9c94-18a2b72b0413,CO2 Lamp,3211,nm,absorbance,964.1475962392783
973.145,-0.2734659999999999,abb5f43e-39f7-4e00-9c94-18a2b72b0413,CO2 Lamp,3212,nm,absorbance,964.3163362019534
973.316,4.521996,abb5f43e-39f7-4e00-9c94-18a2b72b0413,CO2 Lamp,3213,nm,absorbance,964.4860687526442
973.487,2.207549,abb5f43e-39f7-4e00-9c94-18a2b72b0413,CO2 Lamp,3214,nm,absorbance,964.655801303335
973.657,8.047903999999999,abb5f43e-39f7-4e00-9c94-18a2b72b0413,CO2 Lamp,3215,nm,absorbance,964.8245412660102
973.828,4.79755,abb5f43e-39f7-4e00-9c94-18a2b72b0413,CO2 Lamp,3216,nm,absorbance,964.9942738167009
973.998,7.111729,abb5f43e-39f7-4e00-9c94-18a2b72b0413,CO2 Lamp,3217,nm,absorbance,965.1630137793761
974.169,-1.447397,abb5f43e-39f7-4e00-9c94-18a2b72b0413,CO2 Lamp,3218,nm,absorbance,965.3327463300668
974.339,-1.2064349999999997,abb5f43e-39f7-4e00-9c94-18a2b72b0413,CO2 Lamp,3219,nm,absorbance,965.501486292742
974.51,-1.196658,abb5f43e-39f7-4e00-9c94-18a2b72b0413,CO2 Lamp,3220,nm,absorbance,965.6712188434328
974.68,-0.8739150000000002,abb5f43e-39f7-4e00-9c94-18a2b72b0413,CO2 Lamp,3221,nm,absorbance,965.8399588061078
974.851,4.545826,abb5f43e-39f7-4e00-9c94-18a2b72b0413,CO2 Lamp,3222,nm,absorbance,966.0096913567987
975.021,7.329809999999999,abb5f43e-39f7-4e00-9c94-18a2b72b0413,CO2 Lamp,3223,nm,absorbance,966.1784313194737
975.192,13.040418,abb5f43e-39f7-4e00-9c94-18a2b72b0413,CO2 Lamp,3224,nm,absorbance,966.3481638701646
975.362,6.743685000000001,abb5f43e-39f7-4e00-9c94-18a2b72b0413,CO2 Lamp,3225,nm,absorbance,966.5169038328397
975.533,3.144949,abb5f43e-39f7-4e00-9c94-18a2b72b0413,CO2 Lamp,3226,nm,absorbance,966.6866363835305
975.703,0.084266,abb5f43e-39f7-4e00-9c94-18a2b72b0413,CO2 Lamp,3227,nm,absorbance,966.8553763462056
975.874,3.172244,abb5f43e-39f7-4e00-9c94-18a2b72b0413,CO2 Lamp,3228,nm,absorbance,967.0251088968965
976.044,4.658688,abb5f43e-39f7-4e00-9c94-18a2b72b0413,CO2 Lamp,3229,nm,absorbance,967.1938488595715
976.214,5.597794,abb5f43e-39f7-4e00-9c94-18a2b72b0413,CO2 Lamp,3230,nm,absorbance,967.3625888222467
976.385,4.869930999999999,abb5f43e-39f7-4e00-9c94-18a2b72b0413,CO2 Lamp,3231,nm,absorbance,967.5323213729374
976.555,3.4910689999999995,abb5f43e-39f7-4e00-9c94-18a2b72b0413,CO2 Lamp,3232,nm,absorbance,967.7010613356125
976.725,-2.900002,abb5f43e-39f7-4e00-9c94-18a2b72b0413,CO2 Lamp,3233,nm,absorbance,967.8698012982877
976.896,-5.246976,abb5f43e-39f7-4e00-9c94-18a2b72b0413,CO2 Lamp,3234,nm,absorbance,968.0395338489784
977.066,-8.144631999999998,abb5f43e-39f7-4e00-9c94-18a2b72b0413,CO2 Lamp,3235,nm,absorbance,968.2082738116536
977.236,-4.041842000000001,abb5f43e-39f7-4e00-9c94-18a2b72b0413,CO2 Lamp,3236,nm,absorbance,968.3770137743287
977.406,-2.8648320000000003,abb5f43e-39f7-4e00-9c94-18a2b72b0413,CO2 Lamp,3237,nm,absorbance,968.5457537370037
977.577,1.072091,abb5f43e-39f7-4e00-9c94-18a2b72b0413,CO2 Lamp,3238,nm,absorbance,968.7154862876946
977.747,-0.652045,abb5f43e-39f7-4e00-9c94-18a2b72b0413,CO2 Lamp,3239,nm,absorbance,968.8842262503697
977.917,3.1424110000000005,abb5f43e-39f7-4e00-9c94-18a2b72b0413,CO2 Lamp,3240,nm,absorbance,969.0529662130448
978.087,1.672879,abb5f43e-39f7-4e00-9c94-18a2b72b0413,CO2 Lamp,3241,nm,absorbance,969.2217061757199
978.257,7.817856999999999,abb5f43e-39f7-4e00-9c94-18a2b72b0413,CO2 Lamp,3242,nm,absorbance,969.3904461383949
978.427,2.211389,abb5f43e-39f7-4e00-9c94-18a2b72b0413,CO2 Lamp,3243,nm,absorbance,969.55918610107
978.598,3.737043000000001,abb5f43e-39f7-4e00-9c94-18a2b72b0413,CO2 Lamp,3244,nm,absorbance,969.7289186517609
978.768,0.619912,abb5f43e-39f7-4e00-9c94-18a2b72b0413,CO2 Lamp,3245,nm,absorbance,969.897658614436
978.938,1.164176,abb5f43e-39f7-4e00-9c94-18a2b72b0413,CO2 Lamp,3246,nm,absorbance,970.066398577111
979.108,1.186385,abb5f43e-39f7-4e00-9c94-18a2b72b0413,CO2 Lamp,3247,nm,absorbance,970.2351385397861
979.278,2.778024,abb5f43e-39f7-4e00-9c94-18a2b72b0413,CO2 Lamp,3248,nm,absorbance,970.4038785024612
979.448,2.8788340000000003,abb5f43e-39f7-4e00-9c94-18a2b72b0413,CO2 Lamp,3249,nm,absorbance,970.5726184651363
979.618,2.801079,abb5f43e-39f7-4e00-9c94-18a2b72b0413,CO2 Lamp,3250,nm,absorbance,970.7413584278115
979.788,-0.243979,abb5f43e-39f7-4e00-9c94-18a2b72b0413,CO2 Lamp,3251,nm,absorbance,970.9100983904865
979.958,-4.644397,abb5f43e-39f7-4e00-9c94-18a2b72b0413,CO2 Lamp,3252,nm,absorbance,971.0788383531616
980.128,-5.028937,abb5f43e-39f7-4e00-9c94-18a2b72b0413,CO2 Lamp,3253,nm,absorbance,971.2475783158368
980.298,-4.002395,abb5f43e-39f7-4e00-9c94-18a2b72b0413,CO2 Lamp,3254,nm,absorbance,971.4163182785118
980.468,0.8608469999999999,abb5f43e-39f7-4e00-9c94-18a2b72b0413,CO2 Lamp,3255,nm,absorbance,971.5850582411869
980.638,2.435802,abb5f43e-39f7-4e00-9c94-18a2b72b0413,CO2 Lamp,3256,nm,absorbance,971.7537982038621
980.808,0.8061190000000004,abb5f43e-39f7-4e00-9c94-18a2b72b0413,CO2 Lamp,3257,nm,absorbance,971.922538166537
980.978,3.975097,abb5f43e-39f7-4e00-9c94-18a2b72b0413,CO2 Lamp,3258,nm,absorbance,972.0912781292121
981.148,3.022583,abb5f43e-39f7-4e00-9c94-18a2b72b0413,CO2 Lamp,3259,nm,absorbance,972.2600180918872
981.317,4.877424,abb5f43e-39f7-4e00-9c94-18a2b72b0413,CO2 Lamp,3260,nm,absorbance,972.4277654665466
981.487,5.004476999999999,abb5f43e-39f7-4e00-9c94-18a2b72b0413,CO2 Lamp,3261,nm,absorbance,972.5965054292217
981.657,-0.1557779999999998,abb5f43e-39f7-4e00-9c94-18a2b72b0413,CO2 Lamp,3262,nm,absorbance,972.7652453918969
981.827,-0.4688689999999999,abb5f43e-39f7-4e00-9c94-18a2b72b0413,CO2 Lamp,3263,nm,absorbance,972.9339853545719
981.997,-4.537748,abb5f43e-39f7-4e00-9c94-18a2b72b0413,CO2 Lamp,3264,nm,absorbance,973.102725317247
982.167,-0.8639489999999999,abb5f43e-39f7-4e00-9c94-18a2b72b0413,CO2 Lamp,3265,nm,absorbance,973.271465279922
982.336,-2.59811,abb5f43e-39f7-4e00-9c94-18a2b72b0413,CO2 Lamp,3266,nm,absorbance,973.4392126545814
982.506,0.107586,abb5f43e-39f7-4e00-9c94-18a2b72b0413,CO2 Lamp,3267,nm,absorbance,973.6079526172565
982.676,2.287663,abb5f43e-39f7-4e00-9c94-18a2b72b0413,CO2 Lamp,3268,nm,absorbance,973.7766925799316
982.846,3.069877,abb5f43e-39f7-4e00-9c94-18a2b72b0413,CO2 Lamp,3269,nm,absorbance,973.9454325426067
983.015,3.579199,abb5f43e-39f7-4e00-9c94-18a2b72b0413,CO2 Lamp,3270,nm,absorbance,974.113179917266
983.185,1.835944,abb5f43e-39f7-4e00-9c94-18a2b72b0413,CO2 Lamp,3271,nm,absorbance,974.2819198799411
983.355,3.1625890000000005,abb5f43e-39f7-4e00-9c94-18a2b72b0413,CO2 Lamp,3272,nm,absorbance,974.4506598426162
983.524,-1.206464,abb5f43e-39f7-4e00-9c94-18a2b72b0413,CO2 Lamp,3273,nm,absorbance,974.6184072172756
983.694,-1.6790409999999998,abb5f43e-39f7-4e00-9c94-18a2b72b0413,CO2 Lamp,3274,nm,absorbance,974.7871471799507
983.864,-2.676365,abb5f43e-39f7-4e00-9c94-18a2b72b0413,CO2 Lamp,3275,nm,absorbance,974.9558871426258
984.033,0.5089219999999999,abb5f43e-39f7-4e00-9c94-18a2b72b0413,CO2 Lamp,3276,nm,absorbance,975.1236345172852
984.203,1.229128,abb5f43e-39f7-4e00-9c94-18a2b72b0413,CO2 Lamp,3277,nm,absorbance,975.2923744799602
984.372,0.951932,abb5f43e-39f7-4e00-9c94-18a2b72b0413,CO2 Lamp,3278,nm,absorbance,975.4601218546195
984.542,-2.347105,abb5f43e-39f7-4e00-9c94-18a2b72b0413,CO2 Lamp,3279,nm,absorbance,975.6288618172947
984.712,-4.410602,abb5f43e-39f7-4e00-9c94-18a2b72b0413,CO2 Lamp,3280,nm,absorbance,975.7976017799698
984.881,-2.793693,abb5f43e-39f7-4e00-9c94-18a2b72b0413,CO2 Lamp,3281,nm,absorbance,975.965349154629
985.051,-4.406649,abb5f43e-39f7-4e00-9c94-18a2b72b0413,CO2 Lamp,3282,nm,absorbance,976.1340891173043
985.22,-4.204547,abb5f43e-39f7-4e00-9c94-18a2b72b0413,CO2 Lamp,3283,nm,absorbance,976.3018364919636
985.39,-6.802468999999999,abb5f43e-39f7-4e00-9c94-18a2b72b0413,CO2 Lamp,3284,nm,absorbance,976.4705764546386
985.559,-4.657589000000001,abb5f43e-39f7-4e00-9c94-18a2b72b0413,CO2 Lamp,3285,nm,absorbance,976.638323829298
985.728,1.0641569999999998,abb5f43e-39f7-4e00-9c94-18a2b72b0413,CO2 Lamp,3286,nm,absorbance,976.8060712039573
985.898,1.6053410000000004,abb5f43e-39f7-4e00-9c94-18a2b72b0413,CO2 Lamp,3287,nm,absorbance,976.9748111666324
986.067,0.6896159999999998,abb5f43e-39f7-4e00-9c94-18a2b72b0413,CO2 Lamp,3288,nm,absorbance,977.1425585412918
986.237,-4.086419,abb5f43e-39f7-4e00-9c94-18a2b72b0413,CO2 Lamp,3289,nm,absorbance,977.3112985039669
986.406,-4.624409,abb5f43e-39f7-4e00-9c94-18a2b72b0413,CO2 Lamp,3290,nm,absorbance,977.4790458786263
986.576,2.416192,abb5f43e-39f7-4e00-9c94-18a2b72b0413,CO2 Lamp,3291,nm,absorbance,977.6477858413014
986.745,2.549587,abb5f43e-39f7-4e00-9c94-18a2b72b0413,CO2 Lamp,3292,nm,absorbance,977.8155332159607
986.914,1.614362,abb5f43e-39f7-4e00-9c94-18a2b72b0413,CO2 Lamp,3293,nm,absorbance,977.9832805906201
987.084,0.0244879999999998,abb5f43e-39f7-4e00-9c94-18a2b72b0413,CO2 Lamp,3294,nm,absorbance,978.1520205532951
987.253,3.80299,abb5f43e-39f7-4e00-9c94-18a2b72b0413,CO2 Lamp,3295,nm,absorbance,978.3197679279546
987.422,7.476531,abb5f43e-39f7-4e00-9c94-18a2b72b0413,CO2 Lamp,3296,nm,absorbance,978.4875153026139
987.591,4.247967000000001,abb5f43e-39f7-4e00-9c94-18a2b72b0413,CO2 Lamp,3297,nm,absorbance,978.6552626772732
987.761,0.971612,abb5f43e-39f7-4e00-9c94-18a2b72b0413,CO2 Lamp,3298,nm,absorbance,978.8240026399483
987.93,-2.5057980000000004,abb5f43e-39f7-4e00-9c94-18a2b72b0413,CO2 Lamp,3299,nm,absorbance,978.9917500146076
988.099,1.8466790000000004,abb5f43e-39f7-4e00-9c94-18a2b72b0413,CO2 Lamp,3300,nm,absorbance,979.159497389267
988.268,2.491782,abb5f43e-39f7-4e00-9c94-18a2b72b0413,CO2 Lamp,3301,nm,absorbance,979.3272447639264
988.438,3.334807,abb5f43e-39f7-4e00-9c94-18a2b72b0413,CO2 Lamp,3302,nm,absorbance,979.4959847266015
988.607,0.455827,abb5f43e-39f7-4e00-9c94-18a2b72b0413,CO2 Lamp,3303,nm,absorbance,979.6637321012608
988.776,-2.555409,abb5f43e-39f7-4e00-9c94-18a2b72b0413,CO2 Lamp,3304,nm,absorbance,979.8314794759201
988.945,0.1310819999999999,abb5f43e-39f7-4e00-9c94-18a2b72b0413,CO2 Lamp,3305,nm,absorbance,979.9992268505796
989.114,-2.450848,abb5f43e-39f7-4e00-9c94-18a2b72b0413,CO2 Lamp,3306,nm,absorbance,980.166974225239
989.283,3.576188,abb5f43e-39f7-4e00-9c94-18a2b72b0413,CO2 Lamp,3307,nm,absorbance,980.3347215998982
989.452,3.70954,abb5f43e-39f7-4e00-9c94-18a2b72b0413,CO2 Lamp,3308,nm,absorbance,980.5024689745576
989.621,6.249192,abb5f43e-39f7-4e00-9c94-18a2b72b0413,CO2 Lamp,3309,nm,absorbance,980.670216349217
989.791,-1.470155,abb5f43e-39f7-4e00-9c94-18a2b72b0413,CO2 Lamp,3310,nm,absorbance,980.8389563118922
989.96,-0.1174819999999999,abb5f43e-39f7-4e00-9c94-18a2b72b0413,CO2 Lamp,3311,nm,absorbance,981.0067036865514
990.129,1.525984,abb5f43e-39f7-4e00-9c94-18a2b72b0413,CO2 Lamp,3312,nm,absorbance,981.1744510612108
990.298,7.194763,abb5f43e-39f7-4e00-9c94-18a2b72b0413,CO2 Lamp,3313,nm,absorbance,981.3421984358702
990.467,3.10724,abb5f43e-39f7-4e00-9c94-18a2b72b0413,CO2 Lamp,3314,nm,absorbance,981.5099458105294
990.636,3.058262,abb5f43e-39f7-4e00-9c94-18a2b72b0413,CO2 Lamp,3315,nm,absorbance,981.6776931851888
990.805,-1.2672520000000005,abb5f43e-39f7-4e00-9c94-18a2b72b0413,CO2 Lamp,3316,nm,absorbance,981.8454405598482
990.974,6.27153,abb5f43e-39f7-4e00-9c94-18a2b72b0413,CO2 Lamp,3317,nm,absorbance,982.0131879345076
991.142,2.470387,abb5f43e-39f7-4e00-9c94-18a2b72b0413,CO2 Lamp,3318,nm,absorbance,982.1799427211512
991.311,2.543353,abb5f43e-39f7-4e00-9c94-18a2b72b0413,CO2 Lamp,3319,nm,absorbance,982.3476900958105
991.48,-4.333552,abb5f43e-39f7-4e00-9c94-18a2b72b0413,CO2 Lamp,3320,nm,absorbance,982.5154374704699
991.649,-1.48145,abb5f43e-39f7-4e00-9c94-18a2b72b0413,CO2 Lamp,3321,nm,absorbance,982.6831848451293
991.818,1.5618450000000004,abb5f43e-39f7-4e00-9c94-18a2b72b0413,CO2 Lamp,3322,nm,absorbance,982.8509322197885
991.987,2.888573,abb5f43e-39f7-4e00-9c94-18a2b72b0413,CO2 Lamp,3323,nm,absorbance,983.0186795944479
992.156,6.058105,abb5f43e-39f7-4e00-9c94-18a2b72b0413,CO2 Lamp,3324,nm,absorbance,983.1864269691073
992.325,4.9235050000000005,abb5f43e-39f7-4e00-9c94-18a2b72b0413,CO2 Lamp,3325,nm,absorbance,983.3541743437667
992.493,5.405636,abb5f43e-39f7-4e00-9c94-18a2b72b0413,CO2 Lamp,3326,nm,absorbance,983.5209291304103
992.662,2.242287,abb5f43e-39f7-4e00-9c94-18a2b72b0413,CO2 Lamp,3327,nm,absorbance,983.6886765050697
992.831,-0.7156000000000001,abb5f43e-39f7-4e00-9c94-18a2b72b0413,CO2 Lamp,3328,nm,absorbance,983.856423879729
993.0,0.970287,abb5f43e-39f7-4e00-9c94-18a2b72b0413,CO2 Lamp,3329,nm,absorbance,984.0241712543883
993.168,-1.213757,abb5f43e-39f7-4e00-9c94-18a2b72b0413,CO2 Lamp,3330,nm,absorbance,984.190926041032
993.337,2.7384410000000003,abb5f43e-39f7-4e00-9c94-18a2b72b0413,CO2 Lamp,3331,nm,absorbance,984.3586734156913
993.506,-1.1604839999999998,abb5f43e-39f7-4e00-9c94-18a2b72b0413,CO2 Lamp,3332,nm,absorbance,984.5264207903507
993.675,2.177576,abb5f43e-39f7-4e00-9c94-18a2b72b0413,CO2 Lamp,3333,nm,absorbance,984.69416816501
993.843,4.05241,abb5f43e-39f7-4e00-9c94-18a2b72b0413,CO2 Lamp,3334,nm,absorbance,984.8609229516536
994.012,8.243361,abb5f43e-39f7-4e00-9c94-18a2b72b0413,CO2 Lamp,3335,nm,absorbance,985.028670326313
994.181,7.148339,abb5f43e-39f7-4e00-9c94-18a2b72b0413,CO2 Lamp,3336,nm,absorbance,985.1964177009725
994.349,6.714601,abb5f43e-39f7-4e00-9c94-18a2b72b0413,CO2 Lamp,3337,nm,absorbance,985.363172487616
994.518,7.068244000000002,abb5f43e-39f7-4e00-9c94-18a2b72b0413,CO2 Lamp,3338,nm,absorbance,985.5309198622754
994.686,7.477892,abb5f43e-39f7-4e00-9c94-18a2b72b0413,CO2 Lamp,3339,nm,absorbance,985.697674648919
994.855,4.214594,abb5f43e-39f7-4e00-9c94-18a2b72b0413,CO2 Lamp,3340,nm,absorbance,985.8654220235784
995.024,0.7033659999999997,abb5f43e-39f7-4e00-9c94-18a2b72b0413,CO2 Lamp,3341,nm,absorbance,986.0331693982376
995.192,-2.783558,abb5f43e-39f7-4e00-9c94-18a2b72b0413,CO2 Lamp,3342,nm,absorbance,986.1999241848813
995.361,-3.0932470000000003,abb5f43e-39f7-4e00-9c94-18a2b72b0413,CO2 Lamp,3343,nm,absorbance,986.3676715595407
995.529,-7.317405000000001,abb5f43e-39f7-4e00-9c94-18a2b72b0413,CO2 Lamp,3344,nm,absorbance,986.5344263461843
995.698,-4.373806,abb5f43e-39f7-4e00-9c94-18a2b72b0413,CO2 Lamp,3345,nm,absorbance,986.7021737208436
995.866,-3.461052,abb5f43e-39f7-4e00-9c94-18a2b72b0413,CO2 Lamp,3346,nm,absorbance,986.8689285074872
996.035,2.435006,abb5f43e-39f7-4e00-9c94-18a2b72b0413,CO2 Lamp,3347,nm,absorbance,987.0366758821466
996.203,4.123975,abb5f43e-39f7-4e00-9c94-18a2b72b0413,CO2 Lamp,3348,nm,absorbance,987.2034306687902
996.371,6.193878999999999,abb5f43e-39f7-4e00-9c94-18a2b72b0413,CO2 Lamp,3349,nm,absorbance,987.3701854554338
996.54,4.661971,abb5f43e-39f7-4e00-9c94-18a2b72b0413,CO2 Lamp,3350,nm,absorbance,987.5379328300932
996.708,1.066124,abb5f43e-39f7-4e00-9c94-18a2b72b0413,CO2 Lamp,3351,nm,absorbance,987.7046876167368
996.877,1.549038,abb5f43e-39f7-4e00-9c94-18a2b72b0413,CO2 Lamp,3352,nm,absorbance,987.8724349913962
997.045,-4.199700999999999,abb5f43e-39f7-4e00-9c94-18a2b72b0413,CO2 Lamp,3353,nm,absorbance,988.0391897780397
997.213,-2.22429,abb5f43e-39f7-4e00-9c94-18a2b72b0413,CO2 Lamp,3354,nm,absorbance,988.2059445646834
997.382,-1.04826,abb5f43e-39f7-4e00-9c94-18a2b72b0413,CO2 Lamp,3355,nm,absorbance,988.3736919393427
997.55,6.945601999999999,abb5f43e-39f7-4e00-9c94-18a2b72b0413,CO2 Lamp,3356,nm,absorbance,988.5404467259864
997.718,3.2656210000000003,abb5f43e-39f7-4e00-9c94-18a2b72b0413,CO2 Lamp,3357,nm,absorbance,988.7072015126299
997.887,6.414666999999999,abb5f43e-39f7-4e00-9c94-18a2b72b0413,CO2 Lamp,3358,nm,absorbance,988.8749488872893
998.055,2.793972,abb5f43e-39f7-4e00-9c94-18a2b72b0413,CO2 Lamp,3359,nm,absorbance,989.041703673933
998.223,5.1731620000000005,abb5f43e-39f7-4e00-9c94-18a2b72b0413,CO2 Lamp,3360,nm,absorbance,989.2084584605766
998.391,1.268358,abb5f43e-39f7-4e00-9c94-18a2b72b0413,CO2 Lamp,3361,nm,absorbance,989.3752132472201
998.56,7.597843999999999,abb5f43e-39f7-4e00-9c94-18a2b72b0413,CO2 Lamp,3362,nm,absorbance,989.5429606218795
998.728,7.702313000000001,abb5f43e-39f7-4e00-9c94-18a2b72b0413,CO2 Lamp,3363,nm,absorbance,989.7097154085232
998.896,7.226560000000001,abb5f43e-39f7-4e00-9c94-18a2b72b0413,CO2 Lamp,3364,nm,absorbance,989.8764701951668
999.064,2.021896,abb5f43e-39f7-4e00-9c94-18a2b72b0413,CO2 Lamp,3365,nm,absorbance,990.0432249818105
999.232,4.681355000000001,abb5f43e-39f7-4e00-9c94-18a2b72b0413,CO2 Lamp,3366,nm,absorbance,990.209979768454
999.401,3.484635,abb5f43e-39f7-4e00-9c94-18a2b72b0413,CO2 Lamp,3367,nm,absorbance,990.3777271431134
999.569,4.084297,abb5f43e-39f7-4e00-9c94-18a2b72b0413,CO2 Lamp,3368,nm,absorbance,990.544481929757
999.737,1.225863,abb5f43e-39f7-4e00-9c94-18a2b72b0413,CO2 Lamp,3369,nm,absorbance,990.7112367164007
999.905,0.4566060000000001,abb5f43e-39f7-4e00-9c94-18a2b72b0413,CO2 Lamp,3370,nm,absorbance,990.8779915030442
1000.073,-0.931747,abb5f43e-39f7-4e00-9c94-18a2b72b0413,CO2 Lamp,3371,nm,absorbance,991.0447462896879
1000.241,-1.792537,abb5f43e-39f7-4e00-9c94-18a2b72b0413,CO2 Lamp,3372,nm,absorbance,991.2115010763315
1000.409,-0.6781809999999999,abb5f43e-39f7-4e00-9c94-18a2b72b0413,CO2 Lamp,3373,nm,absorbance,991.3782558629752
1000.577,-0.821868,abb5f43e-39f7-4e00-9c94-18a2b72b0413,CO2 Lamp,3374,nm,absorbance,991.5450106496188
1000.745,4.997335000000001,abb5f43e-39f7-4e00-9c94-18a2b72b0413,CO2 Lamp,3375,nm,absorbance,991.7117654362623
1000.913,3.5146370000000005,abb5f43e-39f7-4e00-9c94-18a2b72b0413,CO2 Lamp,3376,nm,absorbance,991.878520222906
1001.081,7.785194,abb5f43e-39f7-4e00-9c94-18a2b72b0413,CO2 Lamp,3377,nm,absorbance,992.0452750095496
1001.249,4.159621,abb5f43e-39f7-4e00-9c94-18a2b72b0413,CO2 Lamp,3378,nm,absorbance,992.2120297961933
1001.417,7.664131999999999,abb5f43e-39f7-4e00-9c94-18a2b72b0413,CO2 Lamp,3379,nm,absorbance,992.3787845828368
1001.585,5.131124,abb5f43e-39f7-4e00-9c94-18a2b72b0413,CO2 Lamp,3380,nm,absorbance,992.5455393694805
1001.753,6.096767000000001,abb5f43e-39f7-4e00-9c94-18a2b72b0413,CO2 Lamp,3381,nm,absorbance,992.7122941561241
1001.921,0.528422,abb5f43e-39f7-4e00-9c94-18a2b72b0413,CO2 Lamp,3382,nm,absorbance,992.8790489427678
1002.089,0.3196569999999999,abb5f43e-39f7-4e00-9c94-18a2b72b0413,CO2 Lamp,3383,nm,absorbance,993.0458037294114
1002.256,-0.231433,abb5f43e-39f7-4e00-9c94-18a2b72b0413,CO2 Lamp,3384,nm,absorbance,993.2115659280391
1002.424,-0.990525,abb5f43e-39f7-4e00-9c94-18a2b72b0413,CO2 Lamp,3385,nm,absorbance,993.3783207146828
1002.592,0.0821729999999999,abb5f43e-39f7-4e00-9c94-18a2b72b0413,CO2 Lamp,3386,nm,absorbance,993.5450755013264
1002.76,-3.171022,abb5f43e-39f7-4e00-9c94-18a2b72b0413,CO2 Lamp,3387,nm,absorbance,993.7118302879701
1002.928,2.547618,abb5f43e-39f7-4e00-9c94-18a2b72b0413,CO2 Lamp,3388,nm,absorbance,993.8785850746137
1003.096,1.481465,abb5f43e-39f7-4e00-9c94-18a2b72b0413,CO2 Lamp,3389,nm,absorbance,994.0453398612573
1003.263,-0.8648219999999999,abb5f43e-39f7-4e00-9c94-18a2b72b0413,CO2 Lamp,3390,nm,absorbance,994.2111020598852
1003.431,0.3346780000000001,abb5f43e-39f7-4e00-9c94-18a2b72b0413,CO2 Lamp,3391,nm,absorbance,994.3778568465289
1003.599,-1.7647399999999998,abb5f43e-39f7-4e00-9c94-18a2b72b0413,CO2 Lamp,3392,nm,absorbance,994.5446116331725
1003.767,3.048935,abb5f43e-39f7-4e00-9c94-18a2b72b0413,CO2 Lamp,3393,nm,absorbance,994.7113664198162
1003.934,2.491325,abb5f43e-39f7-4e00-9c94-18a2b72b0413,CO2 Lamp,3394,nm,absorbance,994.8771286184439
1004.102,3.273982,abb5f43e-39f7-4e00-9c94-18a2b72b0413,CO2 Lamp,3395,nm,absorbance,995.0438834050875
1004.27,3.110935,abb5f43e-39f7-4e00-9c94-18a2b72b0413,CO2 Lamp,3396,nm,absorbance,995.2106381917312
1004.437,0.202502,abb5f43e-39f7-4e00-9c94-18a2b72b0413,CO2 Lamp,3397,nm,absorbance,995.3764003903591
1004.605,-0.2924479999999999,abb5f43e-39f7-4e00-9c94-18a2b72b0413,CO2 Lamp,3398,nm,absorbance,995.5431551770027
1004.773,0.3921889999999999,abb5f43e-39f7-4e00-9c94-18a2b72b0413,CO2 Lamp,3399,nm,absorbance,995.7099099636463
1004.94,3.01674,abb5f43e-39f7-4e00-9c94-18a2b72b0413,CO2 Lamp,3400,nm,absorbance,995.8756721622742
1005.108,5.5259540000000005,abb5f43e-39f7-4e00-9c94-18a2b72b0413,CO2 Lamp,3401,nm,absorbance,996.0424269489178
1005.275,2.393376,abb5f43e-39f7-4e00-9c94-18a2b72b0413,CO2 Lamp,3402,nm,absorbance,996.2081891475457
1005.443,1.968643,abb5f43e-39f7-4e00-9c94-18a2b72b0413,CO2 Lamp,3403,nm,absorbance,996.3749439341893
1005.61,-3.54286,abb5f43e-39f7-4e00-9c94-18a2b72b0413,CO2 Lamp,3404,nm,absorbance,996.5407061328173
1005.778,0.101706,abb5f43e-39f7-4e00-9c94-18a2b72b0413,CO2 Lamp,3405,nm,absorbance,996.7074609194608
1005.945,-1.677554,abb5f43e-39f7-4e00-9c94-18a2b72b0413,CO2 Lamp,3406,nm,absorbance,996.8732231180887
1006.113,1.125386,abb5f43e-39f7-4e00-9c94-18a2b72b0413,CO2 Lamp,3407,nm,absorbance,997.0399779047324
1006.28,-0.234054,abb5f43e-39f7-4e00-9c94-18a2b72b0413,CO2 Lamp,3408,nm,absorbance,997.2057401033602
1006.448,2.879929,abb5f43e-39f7-4e00-9c94-18a2b72b0413,CO2 Lamp,3409,nm,absorbance,997.3724948900038
1006.615,1.488157,abb5f43e-39f7-4e00-9c94-18a2b72b0413,CO2 Lamp,3410,nm,absorbance,997.5382570886317
1006.783,1.862914,abb5f43e-39f7-4e00-9c94-18a2b72b0413,CO2 Lamp,3411,nm,absorbance,997.7050118752753
1006.95,-2.867958,abb5f43e-39f7-4e00-9c94-18a2b72b0413,CO2 Lamp,3412,nm,absorbance,997.8707740739032
1007.118,-1.235432,abb5f43e-39f7-4e00-9c94-18a2b72b0413,CO2 Lamp,3413,nm,absorbance,998.0375288605469
1007.285,-4.850078999999999,abb5f43e-39f7-4e00-9c94-18a2b72b0413,CO2 Lamp,3414,nm,absorbance,998.2032910591747
1007.452,-4.612307,abb5f43e-39f7-4e00-9c94-18a2b72b0413,CO2 Lamp,3415,nm,absorbance,998.3690532578026
1007.62,-3.969843,abb5f43e-39f7-4e00-9c94-18a2b72b0413,CO2 Lamp,3416,nm,absorbance,998.5358080444462
1007.787,-2.672702,abb5f43e-39f7-4e00-9c94-18a2b72b0413,CO2 Lamp,3417,nm,absorbance,998.7015702430741
1007.954,0.436543,abb5f43e-39f7-4e00-9c94-18a2b72b0413,CO2 Lamp,3418,nm,absorbance,998.8673324417019
1008.122,-1.867633,abb5f43e-39f7-4e00-9c94-18a2b72b0413,CO2 Lamp,3419,nm,absorbance,999.0340872283456
1008.289,1.0503710000000002,abb5f43e-39f7-4e00-9c94-18a2b72b0413,CO2 Lamp,3420,nm,absorbance,999.1998494269735
1008.456,0.41231,abb5f43e-39f7-4e00-9c94-18a2b72b0413,CO2 Lamp,3421,nm,absorbance,999.3656116256014
1008.623,2.830689,abb5f43e-39f7-4e00-9c94-18a2b72b0413,CO2 Lamp,3422,nm,absorbance,999.5313738242293
1008.791,2.940289,abb5f43e-39f7-4e00-9c94-18a2b72b0413,CO2 Lamp,3423,nm,absorbance,999.6981286108729
1008.958,1.013344,abb5f43e-39f7-4e00-9c94-18a2b72b0413,CO2 Lamp,3424,nm,absorbance,999.8638908095007
1009.125,-3.053799,abb5f43e-39f7-4e00-9c94-18a2b72b0413,CO2 Lamp,3425,nm,absorbance,1000.0296530081287
1009.292,-6.179367000000001,abb5f43e-39f7-4e00-9c94-18a2b72b0413,CO2 Lamp,3426,nm,absorbance,1000.1954152067566
1009.459,-5.113064,abb5f43e-39f7-4e00-9c94-18a2b72b0413,CO2 Lamp,3427,nm,absorbance,1000.3611774053844
1009.627,-2.8778650000000003,abb5f43e-39f7-4e00-9c94-18a2b72b0413,CO2 Lamp,3428,nm,absorbance,1000.527932192028
1009.794,-2.1083639999999995,abb5f43e-39f7-4e00-9c94-18a2b72b0413,CO2 Lamp,3429,nm,absorbance,1000.6936943906559
1009.961,-5.400893999999999,abb5f43e-39f7-4e00-9c94-18a2b72b0413,CO2 Lamp,3430,nm,absorbance,1000.8594565892838
1010.128,-1.0526809999999998,abb5f43e-39f7-4e00-9c94-18a2b72b0413,CO2 Lamp,3431,nm,absorbance,1001.0252187879117
1010.295,1.4120929999999998,abb5f43e-39f7-4e00-9c94-18a2b72b0413,CO2 Lamp,3432,nm,absorbance,1001.1909809865396
1010.462,5.6269160000000005,abb5f43e-39f7-4e00-9c94-18a2b72b0413,CO2 Lamp,3433,nm,absorbance,1001.3567431851675
1010.629,0.8352129999999999,abb5f43e-39f7-4e00-9c94-18a2b72b0413,CO2 Lamp,3434,nm,absorbance,1001.5225053837954
1010.796,-3.334407,abb5f43e-39f7-4e00-9c94-18a2b72b0413,CO2 Lamp,3435,nm,absorbance,1001.6882675824232
1010.963,-4.29274,abb5f43e-39f7-4e00-9c94-18a2b72b0413,CO2 Lamp,3436,nm,absorbance,1001.854029781051
1011.13,-1.13402,abb5f43e-39f7-4e00-9c94-18a2b72b0413,CO2 Lamp,3437,nm,absorbance,1002.019791979679
1011.297,-0.3518599999999999,abb5f43e-39f7-4e00-9c94-18a2b72b0413,CO2 Lamp,3438,nm,absorbance,1002.1855541783069
1011.464,-1.046216,abb5f43e-39f7-4e00-9c94-18a2b72b0413,CO2 Lamp,3439,nm,absorbance,1002.3513163769348
1011.631,-1.1408539999999998,abb5f43e-39f7-4e00-9c94-18a2b72b0413,CO2 Lamp,3440,nm,absorbance,1002.5170785755627
1011.798,2.386081,abb5f43e-39f7-4e00-9c94-18a2b72b0413,CO2 Lamp,3441,nm,absorbance,1002.6828407741906
1011.965,4.368079,abb5f43e-39f7-4e00-9c94-18a2b72b0413,CO2 Lamp,3442,nm,absorbance,1002.8486029728184
1012.132,6.173954,abb5f43e-39f7-4e00-9c94-18a2b72b0413,CO2 Lamp,3443,nm,absorbance,1003.0143651714462
1012.299,5.306796,abb5f43e-39f7-4e00-9c94-18a2b72b0413,CO2 Lamp,3444,nm,absorbance,1003.1801273700742
1012.466,4.641795,abb5f43e-39f7-4e00-9c94-18a2b72b0413,CO2 Lamp,3445,nm,absorbance,1003.3458895687021
1012.633,3.3933969999999998,abb5f43e-39f7-4e00-9c94-18a2b72b0413,CO2 Lamp,3446,nm,absorbance,1003.51165176733
1012.799,3.999923,abb5f43e-39f7-4e00-9c94-18a2b72b0413,CO2 Lamp,3447,nm,absorbance,1003.6764213779421
1012.966,3.664406,abb5f43e-39f7-4e00-9c94-18a2b72b0413,CO2 Lamp,3448,nm,absorbance,1003.84218357657
1013.133,-0.3442460000000001,abb5f43e-39f7-4e00-9c94-18a2b72b0413,CO2 Lamp,3449,nm,absorbance,1004.0079457751979
1013.3,1.78459,abb5f43e-39f7-4e00-9c94-18a2b72b0413,CO2 Lamp,3450,nm,absorbance,1004.1737079738257
1013.467,0.434731,abb5f43e-39f7-4e00-9c94-18a2b72b0413,CO2 Lamp,3451,nm,absorbance,1004.3394701724536
1013.633,1.2586160000000002,abb5f43e-39f7-4e00-9c94-18a2b72b0413,CO2 Lamp,3452,nm,absorbance,1004.5042397830658
1013.8,0.1503129999999999,abb5f43e-39f7-4e00-9c94-18a2b72b0413,CO2 Lamp,3453,nm,absorbance,1004.6700019816936
1013.967,2.487112,abb5f43e-39f7-4e00-9c94-18a2b72b0413,CO2 Lamp,3454,nm,absorbance,1004.8357641803216
1014.134,4.18569,abb5f43e-39f7-4e00-9c94-18a2b72b0413,CO2 Lamp,3455,nm,absorbance,1005.0015263789495
1014.3,3.1650470000000004,abb5f43e-39f7-4e00-9c94-18a2b72b0413,CO2 Lamp,3456,nm,absorbance,1005.1662959895616
1014.467,3.827315,abb5f43e-39f7-4e00-9c94-18a2b72b0413,CO2 Lamp,3457,nm,absorbance,1005.3320581881894
1014.634,2.275596,abb5f43e-39f7-4e00-9c94-18a2b72b0413,CO2 Lamp,3458,nm,absorbance,1005.4978203868174
1014.8,-1.6290109999999998,abb5f43e-39f7-4e00-9c94-18a2b72b0413,CO2 Lamp,3459,nm,absorbance,1005.6625899974294
1014.967,-5.475530999999999,abb5f43e-39f7-4e00-9c94-18a2b72b0413,CO2 Lamp,3460,nm,absorbance,1005.8283521960574
1015.134,2.060322,abb5f43e-39f7-4e00-9c94-18a2b72b0413,CO2 Lamp,3461,nm,absorbance,1005.9941143946853
1015.3,9.887004999999998,abb5f43e-39f7-4e00-9c94-18a2b72b0413,CO2 Lamp,3462,nm,absorbance,1006.1588840052974
1015.467,14.950055,abb5f43e-39f7-4e00-9c94-18a2b72b0413,CO2 Lamp,3463,nm,absorbance,1006.3246462039253
1015.633,14.471409,abb5f43e-39f7-4e00-9c94-18a2b72b0413,CO2 Lamp,3464,nm,absorbance,1006.4894158145376
1015.8,11.720101,abb5f43e-39f7-4e00-9c94-18a2b72b0413,CO2 Lamp,3465,nm,absorbance,1006.6551780131653
1015.966,8.019586999999998,abb5f43e-39f7-4e00-9c94-18a2b72b0413,CO2 Lamp,3466,nm,absorbance,1006.8199476237775
1016.133,4.390874,abb5f43e-39f7-4e00-9c94-18a2b72b0413,CO2 Lamp,3467,nm,absorbance,1006.9857098224054
1016.3,8.797417,abb5f43e-39f7-4e00-9c94-18a2b72b0413,CO2 Lamp,3468,nm,absorbance,1007.1514720210332
1016.466,11.378386999999998,abb5f43e-39f7-4e00-9c94-18a2b72b0413,CO2 Lamp,3469,nm,absorbance,1007.3162416316454
1016.632,12.181076999999998,abb5f43e-39f7-4e00-9c94-18a2b72b0413,CO2 Lamp,3470,nm,absorbance,1007.4810112422575
1016.799,4.810941000000001,abb5f43e-39f7-4e00-9c94-18a2b72b0413,CO2 Lamp,3471,nm,absorbance,1007.6467734408855
1016.965,5.918928,abb5f43e-39f7-4e00-9c94-18a2b72b0413,CO2 Lamp,3472,nm,absorbance,1007.8115430514977
1017.132,6.733223000000001,abb5f43e-39f7-4e00-9c94-18a2b72b0413,CO2 Lamp,3473,nm,absorbance,1007.9773052501254
1017.298,7.932805999999999,abb5f43e-39f7-4e00-9c94-18a2b72b0413,CO2 Lamp,3474,nm,absorbance,1008.1420748607376
1017.465,2.03137,abb5f43e-39f7-4e00-9c94-18a2b72b0413,CO2 Lamp,3475,nm,absorbance,1008.3078370593655
1017.631,-0.2661970000000002,abb5f43e-39f7-4e00-9c94-18a2b72b0413,CO2 Lamp,3476,nm,absorbance,1008.4726066699776
1017.797,3.094323,abb5f43e-39f7-4e00-9c94-18a2b72b0413,CO2 Lamp,3477,nm,absorbance,1008.6373762805898
1017.964,7.982474999999999,abb5f43e-39f7-4e00-9c94-18a2b72b0413,CO2 Lamp,3478,nm,absorbance,1008.8031384792178
1018.13,8.520051,abb5f43e-39f7-4e00-9c94-18a2b72b0413,CO2 Lamp,3479,nm,absorbance,1008.9679080898298
1018.296,6.131129999999999,abb5f43e-39f7-4e00-9c94-18a2b72b0413,CO2 Lamp,3480,nm,absorbance,1009.1326777004421
1018.463,6.020415,abb5f43e-39f7-4e00-9c94-18a2b72b0413,CO2 Lamp,3481,nm,absorbance,1009.2984398990699
1018.629,10.97012,abb5f43e-39f7-4e00-9c94-18a2b72b0413,CO2 Lamp,3482,nm,absorbance,1009.4632095096821
1018.795,10.021298,abb5f43e-39f7-4e00-9c94-18a2b72b0413,CO2 Lamp,3483,nm,absorbance,1009.6279791202941
1018.961,4.784015999999999,abb5f43e-39f7-4e00-9c94-18a2b72b0413,CO2 Lamp,3484,nm,absorbance,1009.7927487309063
1019.128,-0.3352819999999999,abb5f43e-39f7-4e00-9c94-18a2b72b0413,CO2 Lamp,3485,nm,absorbance,1009.9585109295342
1019.294,2.200909,abb5f43e-39f7-4e00-9c94-18a2b72b0413,CO2 Lamp,3486,nm,absorbance,1010.1232805401463
1019.46,8.824262999999998,abb5f43e-39f7-4e00-9c94-18a2b72b0413,CO2 Lamp,3487,nm,absorbance,1010.2880501507585
1019.626,8.475646999999999,abb5f43e-39f7-4e00-9c94-18a2b72b0413,CO2 Lamp,3488,nm,absorbance,1010.4528197613706
1019.792,9.113781,abb5f43e-39f7-4e00-9c94-18a2b72b0413,CO2 Lamp,3489,nm,absorbance,1010.6175893719828
1019.959,10.128871,abb5f43e-39f7-4e00-9c94-18a2b72b0413,CO2 Lamp,3490,nm,absorbance,1010.7833515706106
1020.125,9.131587,abb5f43e-39f7-4e00-9c94-18a2b72b0413,CO2 Lamp,3491,nm,absorbance,1010.9481211812229
1020.291,9.746417999999998,abb5f43e-39f7-4e00-9c94-18a2b72b0413,CO2 Lamp,3492,nm,absorbance,1011.1128907918351
1020.457,8.016326000000001,abb5f43e-39f7-4e00-9c94-18a2b72b0413,CO2 Lamp,3493,nm,absorbance,1011.2776604024472
1020.623,7.142118000000001,abb5f43e-39f7-4e00-9c94-18a2b72b0413,CO2 Lamp,3494,nm,absorbance,1011.4424300130593
1020.789,7.05989,abb5f43e-39f7-4e00-9c94-18a2b72b0413,CO2 Lamp,3495,nm,absorbance,1011.6071996236714
1020.955,2.585475,abb5f43e-39f7-4e00-9c94-18a2b72b0413,CO2 Lamp,3496,nm,absorbance,1011.7719692342836
1021.121,4.3135840000000005,abb5f43e-39f7-4e00-9c94-18a2b72b0413,CO2 Lamp,3497,nm,absorbance,1011.9367388448957
1021.287,-1.3978000000000002,abb5f43e-39f7-4e00-9c94-18a2b72b0413,CO2 Lamp,3498,nm,absorbance,1012.1015084555079
1021.453,0.0328869999999999,abb5f43e-39f7-4e00-9c94-18a2b72b0413,CO2 Lamp,3499,nm,absorbance,1012.26627806612
1021.619,3.37162,abb5f43e-39f7-4e00-9c94-18a2b72b0413,CO2 Lamp,3500,nm,absorbance,1012.4310476767322
1021.785,2.2535510000000003,abb5f43e-39f7-4e00-9c94-18a2b72b0413,CO2 Lamp,3501,nm,absorbance,1012.5958172873443
1021.951,2.912333,abb5f43e-39f7-4e00-9c94-18a2b72b0413,CO2 Lamp,3502,nm,absorbance,1012.7605868979565
1022.117,-0.8924159999999999,abb5f43e-39f7-4e00-9c94-18a2b72b0413,CO2 Lamp,3503,nm,absorbance,1012.9253565085686
1022.283,-0.6314500000000001,abb5f43e-39f7-4e00-9c94-18a2b72b0413,CO2 Lamp,3504,nm,absorbance,1013.0901261191808
1022.449,1.431868,abb5f43e-39f7-4e00-9c94-18a2b72b0413,CO2 Lamp,3505,nm,absorbance,1013.2548957297929
1022.615,1.4058580000000005,abb5f43e-39f7-4e00-9c94-18a2b72b0413,CO2 Lamp,3506,nm,absorbance,1013.419665340405
1022.781,3.566563,abb5f43e-39f7-4e00-9c94-18a2b72b0413,CO2 Lamp,3507,nm,absorbance,1013.5844349510171
1022.946,-3.076504,abb5f43e-39f7-4e00-9c94-18a2b72b0413,CO2 Lamp,3508,nm,absorbance,1013.7482119736136
1023.112,-4.38949,abb5f43e-39f7-4e00-9c94-18a2b72b0413,CO2 Lamp,3509,nm,absorbance,1013.9129815842257
1023.278,-3.740627,abb5f43e-39f7-4e00-9c94-18a2b72b0413,CO2 Lamp,3510,nm,absorbance,1014.0777511948379
1023.444,-0.582298,abb5f43e-39f7-4e00-9c94-18a2b72b0413,CO2 Lamp,3511,nm,absorbance,1014.24252080545
1023.61,3.0194780000000003,abb5f43e-39f7-4e00-9c94-18a2b72b0413,CO2 Lamp,3512,nm,absorbance,1014.4072904160622
1023.775,1.246197,abb5f43e-39f7-4e00-9c94-18a2b72b0413,CO2 Lamp,3513,nm,absorbance,1014.5710674386586
1023.941,1.177521,abb5f43e-39f7-4e00-9c94-18a2b72b0413,CO2 Lamp,3514,nm,absorbance,1014.7358370492708
1024.107,-1.838413,abb5f43e-39f7-4e00-9c94-18a2b72b0413,CO2 Lamp,3515,nm,absorbance,1014.9006066598829
1024.273,1.908236,abb5f43e-39f7-4e00-9c94-18a2b72b0413,CO2 Lamp,3516,nm,absorbance,1015.065376270495
1024.438,3.775961,abb5f43e-39f7-4e00-9c94-18a2b72b0413,CO2 Lamp,3517,nm,absorbance,1015.2291532930916
1024.604,2.269708,abb5f43e-39f7-4e00-9c94-18a2b72b0413,CO2 Lamp,3518,nm,absorbance,1015.3939229037037
1024.77,-6.146307999999999,abb5f43e-39f7-4e00-9c94-18a2b72b0413,CO2 Lamp,3519,nm,absorbance,1015.5586925143158
1024.935,-8.180259,abb5f43e-39f7-4e00-9c94-18a2b72b0413,CO2 Lamp,3520,nm,absorbance,1015.7224695369122
1025.101,-1.458072,abb5f43e-39f7-4e00-9c94-18a2b72b0413,CO2 Lamp,3521,nm,absorbance,1015.8872391475244
1025.267,2.852733,abb5f43e-39f7-4e00-9c94-18a2b72b0413,CO2 Lamp,3522,nm,absorbance,1016.0520087581365
1025.432,6.81106,abb5f43e-39f7-4e00-9c94-18a2b72b0413,CO2 Lamp,3523,nm,absorbance,1016.2157857807329
1025.598,0.0406439999999999,abb5f43e-39f7-4e00-9c94-18a2b72b0413,CO2 Lamp,3524,nm,absorbance,1016.380555391345
1025.763,1.4324480000000002,abb5f43e-39f7-4e00-9c94-18a2b72b0413,CO2 Lamp,3525,nm,absorbance,1016.5443324139413
1025.929,-0.57942,abb5f43e-39f7-4e00-9c94-18a2b72b0413,CO2 Lamp,3526,nm,absorbance,1016.7091020245537
1026.095,1.7281590000000002,abb5f43e-39f7-4e00-9c94-18a2b72b0413,CO2 Lamp,3527,nm,absorbance,1016.8738716351658
1026.26,1.979255,abb5f43e-39f7-4e00-9c94-18a2b72b0413,CO2 Lamp,3528,nm,absorbance,1017.0376486577621
1026.426,-0.5243929999999999,abb5f43e-39f7-4e00-9c94-18a2b72b0413,CO2 Lamp,3529,nm,absorbance,1017.2024182683742
1026.591,-0.8176730000000001,abb5f43e-39f7-4e00-9c94-18a2b72b0413,CO2 Lamp,3530,nm,absorbance,1017.3661952909706
1026.757,-1.267504,abb5f43e-39f7-4e00-9c94-18a2b72b0413,CO2 Lamp,3531,nm,absorbance,1017.5309649015829
1026.922,1.0076810000000005,abb5f43e-39f7-4e00-9c94-18a2b72b0413,CO2 Lamp,3532,nm,absorbance,1017.6947419241793
1027.087,-1.4670070000000002,abb5f43e-39f7-4e00-9c94-18a2b72b0413,CO2 Lamp,3533,nm,absorbance,1017.8585189467757
1027.253,-4.756467000000001,abb5f43e-39f7-4e00-9c94-18a2b72b0413,CO2 Lamp,3534,nm,absorbance,1018.0232885573878
1027.418,-1.4912420000000002,abb5f43e-39f7-4e00-9c94-18a2b72b0413,CO2 Lamp,3535,nm,absorbance,1018.1870655799842
1027.584,-0.9209919999999998,abb5f43e-39f7-4e00-9c94-18a2b72b0413,CO2 Lamp,3536,nm,absorbance,1018.3518351905965
1027.749,5.839548,abb5f43e-39f7-4e00-9c94-18a2b72b0413,CO2 Lamp,3537,nm,absorbance,1018.5156122131929
1027.914,6.752193,abb5f43e-39f7-4e00-9c94-18a2b72b0413,CO2 Lamp,3538,nm,absorbance,1018.6793892357892
1028.08,11.893693,abb5f43e-39f7-4e00-9c94-18a2b72b0413,CO2 Lamp,3539,nm,absorbance,1018.8441588464013
1028.245,5.521720000000001,abb5f43e-39f7-4e00-9c94-18a2b72b0413,CO2 Lamp,3540,nm,absorbance,1019.0079358689977
1028.41,4.441186,abb5f43e-39f7-4e00-9c94-18a2b72b0413,CO2 Lamp,3541,nm,absorbance,1019.1717128915943
1028.576,2.6447899999999995,abb5f43e-39f7-4e00-9c94-18a2b72b0413,CO2 Lamp,3542,nm,absorbance,1019.3364825022064
1028.741,7.325130999999999,abb5f43e-39f7-4e00-9c94-18a2b72b0413,CO2 Lamp,3543,nm,absorbance,1019.5002595248028
1028.906,2.6337900000000003,abb5f43e-39f7-4e00-9c94-18a2b72b0413,CO2 Lamp,3544,nm,absorbance,1019.6640365473992
1029.072,1.219032,abb5f43e-39f7-4e00-9c94-18a2b72b0413,CO2 Lamp,3545,nm,absorbance,1019.8288061580112
1029.237,-1.841903,abb5f43e-39f7-4e00-9c94-18a2b72b0413,CO2 Lamp,3546,nm,absorbance,1019.9925831806078
1029.402,-1.910012,abb5f43e-39f7-4e00-9c94-18a2b72b0413,CO2 Lamp,3547,nm,absorbance,1020.1563602032041
1029.567,-2.493486,abb5f43e-39f7-4e00-9c94-18a2b72b0413,CO2 Lamp,3548,nm,absorbance,1020.3201372258005
1029.732,-0.6512720000000002,abb5f43e-39f7-4e00-9c94-18a2b72b0413,CO2 Lamp,3549,nm,absorbance,1020.4839142483969
1029.898,2.647318,abb5f43e-39f7-4e00-9c94-18a2b72b0413,CO2 Lamp,3550,nm,absorbance,1020.648683859009
1030.063,2.836459,abb5f43e-39f7-4e00-9c94-18a2b72b0413,CO2 Lamp,3551,nm,absorbance,1020.8124608816056
1030.228,0.3237609999999999,abb5f43e-39f7-4e00-9c94-18a2b72b0413,CO2 Lamp,3552,nm,absorbance,1020.976237904202
1030.393,-3.985512,abb5f43e-39f7-4e00-9c94-18a2b72b0413,CO2 Lamp,3553,nm,absorbance,1021.1400149267984
1030.558,-2.427203,abb5f43e-39f7-4e00-9c94-18a2b72b0413,CO2 Lamp,3554,nm,absorbance,1021.3037919493947
1030.723,-0.5241819999999999,abb5f43e-39f7-4e00-9c94-18a2b72b0413,CO2 Lamp,3555,nm,absorbance,1021.4675689719911
1030.888,-0.1333779999999998,abb5f43e-39f7-4e00-9c94-18a2b72b0413,CO2 Lamp,3556,nm,absorbance,1021.6313459945875
1031.053,-0.6257529999999999,abb5f43e-39f7-4e00-9c94-18a2b72b0413,CO2 Lamp,3557,nm,absorbance,1021.7951230171841
1031.218,-2.5584359999999995,abb5f43e-39f7-4e00-9c94-18a2b72b0413,CO2 Lamp,3558,nm,absorbance,1021.9589000397805
1031.383,1.362846,abb5f43e-39f7-4e00-9c94-18a2b72b0413,CO2 Lamp,3559,nm,absorbance,1022.1226770623769
1031.548,2.902054000000001,abb5f43e-39f7-4e00-9c94-18a2b72b0413,CO2 Lamp,3560,nm,absorbance,1022.2864540849732
1031.713,2.940763,abb5f43e-39f7-4e00-9c94-18a2b72b0413,CO2 Lamp,3561,nm,absorbance,1022.4502311075697
1031.878,0.6625309999999999,abb5f43e-39f7-4e00-9c94-18a2b72b0413,CO2 Lamp,3562,nm,absorbance,1022.6140081301661
1032.043,-0.8833639999999999,abb5f43e-39f7-4e00-9c94-18a2b72b0413,CO2 Lamp,3563,nm,absorbance,1022.7777851527625
1032.208,5.807423999999999,abb5f43e-39f7-4e00-9c94-18a2b72b0413,CO2 Lamp,3564,nm,absorbance,1022.9415621753591
1032.373,7.169700000000001,abb5f43e-39f7-4e00-9c94-18a2b72b0413,CO2 Lamp,3565,nm,absorbance,1023.1053391979555
1032.538,10.404201999999998,abb5f43e-39f7-4e00-9c94-18a2b72b0413,CO2 Lamp,3566,nm,absorbance,1023.2691162205518
1032.703,4.773018,abb5f43e-39f7-4e00-9c94-18a2b72b0413,CO2 Lamp,3567,nm,absorbance,1023.4328932431482
1032.868,7.354285,abb5f43e-39f7-4e00-9c94-18a2b72b0413,CO2 Lamp,3568,nm,absorbance,1023.5966702657446
1033.033,-1.861219,abb5f43e-39f7-4e00-9c94-18a2b72b0413,CO2 Lamp,3569,nm,absorbance,1023.760447288341
1033.198,-2.9175790000000004,abb5f43e-39f7-4e00-9c94-18a2b72b0413,CO2 Lamp,3570,nm,absorbance,1023.9242243109376
1033.362,-4.954248,abb5f43e-39f7-4e00-9c94-18a2b72b0413,CO2 Lamp,3571,nm,absorbance,1024.0870087455182
1033.527,-1.166485,abb5f43e-39f7-4e00-9c94-18a2b72b0413,CO2 Lamp,3572,nm,absorbance,1024.2507857681146
1033.692,2.067244,abb5f43e-39f7-4e00-9c94-18a2b72b0413,CO2 Lamp,3573,nm,absorbance,1024.414562790711
1033.857,-1.7495440000000002,abb5f43e-39f7-4e00-9c94-18a2b72b0413,CO2 Lamp,3574,nm,absorbance,1024.5783398133074
1034.021,0.235194,abb5f43e-39f7-4e00-9c94-18a2b72b0413,CO2 Lamp,3575,nm,absorbance,1024.7411242478881
1034.186,1.161068,abb5f43e-39f7-4e00-9c94-18a2b72b0413,CO2 Lamp,3576,nm,absorbance,1024.9049012704845
1034.351,4.785648999999999,abb5f43e-39f7-4e00-9c94-18a2b72b0413,CO2 Lamp,3577,nm,absorbance,1025.0686782930811
1034.516,6.408728999999998,abb5f43e-39f7-4e00-9c94-18a2b72b0413,CO2 Lamp,3578,nm,absorbance,1025.2324553156775
1034.68,2.22978,abb5f43e-39f7-4e00-9c94-18a2b72b0413,CO2 Lamp,3579,nm,absorbance,1025.395239750258
1034.845,-0.8243199999999998,abb5f43e-39f7-4e00-9c94-18a2b72b0413,CO2 Lamp,3580,nm,absorbance,1025.5590167728544
1035.01,1.866162,abb5f43e-39f7-4e00-9c94-18a2b72b0413,CO2 Lamp,3581,nm,absorbance,1025.7227937954508
1035.174,4.359427,abb5f43e-39f7-4e00-9c94-18a2b72b0413,CO2 Lamp,3582,nm,absorbance,1025.8855782300316
1035.339,3.413978,abb5f43e-39f7-4e00-9c94-18a2b72b0413,CO2 Lamp,3583,nm,absorbance,1026.049355252628
1035.504,2.092128,abb5f43e-39f7-4e00-9c94-18a2b72b0413,CO2 Lamp,3584,nm,absorbance,1026.2131322752243
1035.668,6.5464340000000005,abb5f43e-39f7-4e00-9c94-18a2b72b0413,CO2 Lamp,3585,nm,absorbance,1026.3759167098049
1035.833,7.850152,abb5f43e-39f7-4e00-9c94-18a2b72b0413,CO2 Lamp,3586,nm,absorbance,1026.5396937324015
1035.997,4.770541,abb5f43e-39f7-4e00-9c94-18a2b72b0413,CO2 Lamp,3587,nm,absorbance,1026.7024781669822
1036.162,2.482345,abb5f43e-39f7-4e00-9c94-18a2b72b0413,CO2 Lamp,3588,nm,absorbance,1026.8662551895786
1036.326,-0.0017929999999999,abb5f43e-39f7-4e00-9c94-18a2b72b0413,CO2 Lamp,3589,nm,absorbance,1027.0290396241592
1036.491,-1.315474,abb5f43e-39f7-4e00-9c94-18a2b72b0413,CO2 Lamp,3590,nm,absorbance,1027.1928166467555
1036.655,-3.442505,abb5f43e-39f7-4e00-9c94-18a2b72b0413,CO2 Lamp,3591,nm,absorbance,1027.3556010813363
1036.82,3.5035360000000004,abb5f43e-39f7-4e00-9c94-18a2b72b0413,CO2 Lamp,3592,nm,absorbance,1027.5193781039327
1036.984,5.465518,abb5f43e-39f7-4e00-9c94-18a2b72b0413,CO2 Lamp,3593,nm,absorbance,1027.6821625385132
1037.149,4.197842,abb5f43e-39f7-4e00-9c94-18a2b72b0413,CO2 Lamp,3594,nm,absorbance,1027.8459395611096
1037.313,-0.2411629999999998,abb5f43e-39f7-4e00-9c94-18a2b72b0413,CO2 Lamp,3595,nm,absorbance,1028.0087239956906
1037.478,-2.5548770000000003,abb5f43e-39f7-4e00-9c94-18a2b72b0413,CO2 Lamp,3596,nm,absorbance,1028.172501018287
1037.642,0.353436,abb5f43e-39f7-4e00-9c94-18a2b72b0413,CO2 Lamp,3597,nm,absorbance,1028.3352854528675
1037.807,0.226319,abb5f43e-39f7-4e00-9c94-18a2b72b0413,CO2 Lamp,3598,nm,absorbance,1028.499062475464
1037.971,1.5104409999999997,abb5f43e-39f7-4e00-9c94-18a2b72b0413,CO2 Lamp,3599,nm,absorbance,1028.6618469100447
1038.135,-0.4265549999999999,abb5f43e-39f7-4e00-9c94-18a2b72b0413,CO2 Lamp,3600,nm,absorbance,1028.8246313446252
1038.3,0.4209509999999999,abb5f43e-39f7-4e00-9c94-18a2b72b0413,CO2 Lamp,3601,nm,absorbance,1028.9884083672216
1038.464,2.7061110000000004,abb5f43e-39f7-4e00-9c94-18a2b72b0413,CO2 Lamp,3602,nm,absorbance,1029.1511928018024
1038.628,2.657086,abb5f43e-39f7-4e00-9c94-18a2b72b0413,CO2 Lamp,3603,nm,absorbance,1029.313977236383
1038.792,5.973086,abb5f43e-39f7-4e00-9c94-18a2b72b0413,CO2 Lamp,3604,nm,absorbance,1029.4767616709637
1038.957,5.340062,abb5f43e-39f7-4e00-9c94-18a2b72b0413,CO2 Lamp,3605,nm,absorbance,1029.6405386935603
1039.121,4.9653290000000005,abb5f43e-39f7-4e00-9c94-18a2b72b0413,CO2 Lamp,3606,nm,absorbance,1029.8033231281408
1039.285,0.0847559999999999,abb5f43e-39f7-4e00-9c94-18a2b72b0413,CO2 Lamp,3607,nm,absorbance,1029.9661075627216
1039.449,0.466397,abb5f43e-39f7-4e00-9c94-18a2b72b0413,CO2 Lamp,3608,nm,absorbance,1030.1288919973022
1039.614,-0.570327,abb5f43e-39f7-4e00-9c94-18a2b72b0413,CO2 Lamp,3609,nm,absorbance,1030.2926690198985
1039.778,-4.121364,abb5f43e-39f7-4e00-9c94-18a2b72b0413,CO2 Lamp,3610,nm,absorbance,1030.4554534544793
1039.942,-7.559869999999999,abb5f43e-39f7-4e00-9c94-18a2b72b0413,CO2 Lamp,3611,nm,absorbance,1030.6182378890599
1040.106,-7.520441,abb5f43e-39f7-4e00-9c94-18a2b72b0413,CO2 Lamp,3612,nm,absorbance,1030.7810223236406
1040.27,-2.763437,abb5f43e-39f7-4e00-9c94-18a2b72b0413,CO2 Lamp,3613,nm,absorbance,1030.9438067582212
1040.434,0.8613180000000001,abb5f43e-39f7-4e00-9c94-18a2b72b0413,CO2 Lamp,3614,nm,absorbance,1031.106591192802
1040.599,7.662214,abb5f43e-39f7-4e00-9c94-18a2b72b0413,CO2 Lamp,3615,nm,absorbance,1031.2703682153983
1040.763,13.616037000000002,abb5f43e-39f7-4e00-9c94-18a2b72b0413,CO2 Lamp,3616,nm,absorbance,1031.433152649979
1040.927,13.475762,abb5f43e-39f7-4e00-9c94-18a2b72b0413,CO2 Lamp,3617,nm,absorbance,1031.5959370845596
1041.091,7.095079,abb5f43e-39f7-4e00-9c94-18a2b72b0413,CO2 Lamp,3618,nm,absorbance,1031.7587215191404
1041.255,1.499762,abb5f43e-39f7-4e00-9c94-18a2b72b0413,CO2 Lamp,3619,nm,absorbance,1031.9215059537212
1041.419,-0.0162769999999998,abb5f43e-39f7-4e00-9c94-18a2b72b0413,CO2 Lamp,3620,nm,absorbance,1032.084290388302
1041.583,-0.1726000000000001,abb5f43e-39f7-4e00-9c94-18a2b72b0413,CO2 Lamp,3621,nm,absorbance,1032.2470748228825
1041.747,0.4564420000000002,abb5f43e-39f7-4e00-9c94-18a2b72b0413,CO2 Lamp,3622,nm,absorbance,1032.4098592574633
1041.911,-0.3941590000000001,abb5f43e-39f7-4e00-9c94-18a2b72b0413,CO2 Lamp,3623,nm,absorbance,1032.5726436920438
1042.075,-1.4049969999999998,abb5f43e-39f7-4e00-9c94-18a2b72b0413,CO2 Lamp,3624,nm,absorbance,1032.7354281266246
1042.239,-1.538703,abb5f43e-39f7-4e00-9c94-18a2b72b0413,CO2 Lamp,3625,nm,absorbance,1032.8982125612051
1042.403,-1.5392249999999996,abb5f43e-39f7-4e00-9c94-18a2b72b0413,CO2 Lamp,3626,nm,absorbance,1033.060996995786
1042.567,4.373464,abb5f43e-39f7-4e00-9c94-18a2b72b0413,CO2 Lamp,3627,nm,absorbance,1033.2237814303664
1042.731,3.800026,abb5f43e-39f7-4e00-9c94-18a2b72b0413,CO2 Lamp,3628,nm,absorbance,1033.3865658649472
1042.894,0.857752,abb5f43e-39f7-4e00-9c94-18a2b72b0413,CO2 Lamp,3629,nm,absorbance,1033.5483577115122
1043.058,-1.527432,abb5f43e-39f7-4e00-9c94-18a2b72b0413,CO2 Lamp,3630,nm,absorbance,1033.7111421460927
1043.222,-5.082605000000001,abb5f43e-39f7-4e00-9c94-18a2b72b0413,CO2 Lamp,3631,nm,absorbance,1033.8739265806735
1043.386,-3.805492,abb5f43e-39f7-4e00-9c94-18a2b72b0413,CO2 Lamp,3632,nm,absorbance,1034.036711015254
1043.55,-7.508321,abb5f43e-39f7-4e00-9c94-18a2b72b0413,CO2 Lamp,3633,nm,absorbance,1034.1994954498348
1043.714,-0.6698730000000002,abb5f43e-39f7-4e00-9c94-18a2b72b0413,CO2 Lamp,3634,nm,absorbance,1034.3622798844156
1043.877,3.6097129999999993,abb5f43e-39f7-4e00-9c94-18a2b72b0413,CO2 Lamp,3635,nm,absorbance,1034.5240717309805
1044.041,3.3680609999999995,abb5f43e-39f7-4e00-9c94-18a2b72b0413,CO2 Lamp,3636,nm,absorbance,1034.686856165561
1044.205,3.3645880000000004,abb5f43e-39f7-4e00-9c94-18a2b72b0413,CO2 Lamp,3637,nm,absorbance,1034.8496406001418
1044.369,4.535777,abb5f43e-39f7-4e00-9c94-18a2b72b0413,CO2 Lamp,3638,nm,absorbance,1035.0124250347224
1044.532,5.018744,abb5f43e-39f7-4e00-9c94-18a2b72b0413,CO2 Lamp,3639,nm,absorbance,1035.1742168812873
1044.696,3.822063,abb5f43e-39f7-4e00-9c94-18a2b72b0413,CO2 Lamp,3640,nm,absorbance,1035.337001315868
1044.86,-1.008812,abb5f43e-39f7-4e00-9c94-18a2b72b0413,CO2 Lamp,3641,nm,absorbance,1035.4997857504486
1045.023,-1.269629,abb5f43e-39f7-4e00-9c94-18a2b72b0413,CO2 Lamp,3642,nm,absorbance,1035.6615775970135
1045.187,-3.2224540000000004,abb5f43e-39f7-4e00-9c94-18a2b72b0413,CO2 Lamp,3643,nm,absorbance,1035.8243620315943
1045.351,0.4740319999999999,abb5f43e-39f7-4e00-9c94-18a2b72b0413,CO2 Lamp,3644,nm,absorbance,1035.987146466175
1045.514,5.010788,abb5f43e-39f7-4e00-9c94-18a2b72b0413,CO2 Lamp,3645,nm,absorbance,1036.1489383127398
1045.678,6.708896999999999,abb5f43e-39f7-4e00-9c94-18a2b72b0413,CO2 Lamp,3646,nm,absorbance,1036.3117227473208
1045.841,6.993102,abb5f43e-39f7-4e00-9c94-18a2b72b0413,CO2 Lamp,3647,nm,absorbance,1036.4735145938855
