wavelength_nm,intensity,spectrum_id,spectrum_name,point_index,x_unit,y_unit,wavelength_calibrated_nm
345.386,-2.345679,01c12b8c-364f-4208-9bfd-90ef89bee491,Star Lamp,0,nm,absorbance,341.21027603164254
345.605,-2.345679,01c12b8c-364f-4208-9bfd-90ef89bee491,Star Lamp,1,nm,absorbance,341.4276528070887
345.824,0.910424,01c12b8c-364f-4208-9bfd-90ef89bee491,Star Lamp,2,nm,absorbance,341.6450295825348
346.044,1.008306,01c12b8c-364f-4208-9bfd-90ef89bee491,Star Lamp,3,nm,absorbance,341.86339894599666
346.263,0.581664,01c12b8c-364f-4208-9bfd-90ef89bee491,Star Lamp,4,nm,absorbance,342.0807757214428
346.482,-3.26092,01c12b8c-364f-4208-9bfd-90ef89bee491,Star Lamp,5,nm,absorbance,342.29815249688903
346.701,-0.4466360000000001,01c12b8c-364f-4208-9bfd-90ef89bee491,Star Lamp,6,nm,absorbance,342.51552927233513
346.92,2.441697,01c12b8c-364f-4208-9bfd-90ef89bee491,Star Lamp,7,nm,absorbance,342.7329060477813
347.139,3.625114,01c12b8c-364f-4208-9bfd-90ef89bee491,Star Lamp,8,nm,absorbance,342.95028282322744
347.358,-3.1985850000000005,01c12b8c-364f-4208-9bfd-90ef89bee491,Star Lamp,9,nm,absorbance,343.1676595986736
347.577,-1.3361289999999997,01c12b8c-364f-4208-9bfd-90ef89bee491,Star Lamp,10,nm,absorbance,343.3850363741197
347.796,0.140705,01c12b8c-364f-4208-9bfd-90ef89bee491,Star Lamp,11,nm,absorbance,343.60241314956585
348.015,7.303071,01c12b8c-364f-4208-9bfd-90ef89bee491,Star Lamp,12,nm,absorbance,343.819789925012
348.234,3.833516000000001,01c12b8c-364f-4208-9bfd-90ef89bee491,Star Lamp,13,nm,absorbance,344.03716670045816
348.453,-0.4105109999999999,01c12b8c-364f-4208-9bfd-90ef89bee491,Star Lamp,14,nm,absorbance,344.25454347590426
348.672,-3.6545770000000006,01c12b8c-364f-4208-9bfd-90ef89bee491,Star Lamp,15,nm,absorbance,344.47192025135047
348.891,-5.880705000000001,01c12b8c-364f-4208-9bfd-90ef89bee491,Star Lamp,16,nm,absorbance,344.6892970267966
349.11,2.926401,01c12b8c-364f-4208-9bfd-90ef89bee491,Star Lamp,17,nm,absorbance,344.9066738022428
349.329,4.083794,01c12b8c-364f-4208-9bfd-90ef89bee491,Star Lamp,18,nm,absorbance,345.12405057768893
349.548,8.072677,01c12b8c-364f-4208-9bfd-90ef89bee491,Star Lamp,19,nm,absorbance,345.34142735313503
349.767,11.716134,01c12b8c-364f-4208-9bfd-90ef89bee491,Star Lamp,20,nm,absorbance,345.5588041285812
349.986,16.350227,01c12b8c-364f-4208-9bfd-90ef89bee491,Star Lamp,21,nm,absorbance,345.77618090402734
350.205,19.680408,01c12b8c-364f-4208-9bfd-90ef89bee491,Star Lamp,22,nm,absorbance,345.9935576794735
350.424,17.603274000000003,01c12b8c-364f-4208-9bfd-90ef89bee491,Star Lamp,23,nm,absorbance,346.2109344549196
350.643,19.993461,01c12b8c-364f-4208-9bfd-90ef89bee491,Star Lamp,24,nm,absorbance,346.42831123036575
350.862,15.219462000000002,01c12b8c-364f-4208-9bfd-90ef89bee491,Star Lamp,25,nm,absorbance,346.64568800581196
351.08,12.304918,01c12b8c-364f-4208-9bfd-90ef89bee491,Star Lamp,26,nm,absorbance,346.86207219324234
351.299,9.416409,01c12b8c-364f-4208-9bfd-90ef89bee491,Star Lamp,27,nm,absorbance,347.0794489686885
351.518,13.637315,01c12b8c-364f-4208-9bfd-90ef89bee491,Star Lamp,28,nm,absorbance,347.2968257441346
351.737,13.282213,01c12b8c-364f-4208-9bfd-90ef89bee491,Star Lamp,29,nm,absorbance,347.5142025195808
351.956,14.396538000000003,01c12b8c-364f-4208-9bfd-90ef89bee491,Star Lamp,30,nm,absorbance,347.73157929502696
352.174,17.166462000000003,01c12b8c-364f-4208-9bfd-90ef89bee491,Star Lamp,31,nm,absorbance,347.94796348245734
352.393,18.588953,01c12b8c-364f-4208-9bfd-90ef89bee491,Star Lamp,32,nm,absorbance,348.16534025790344
352.612,20.017779,01c12b8c-364f-4208-9bfd-90ef89bee491,Star Lamp,33,nm,absorbance,348.38271703334965
352.831,21.810072,01c12b8c-364f-4208-9bfd-90ef89bee491,Star Lamp,34,nm,absorbance,348.6000938087958
353.049,24.803963,01c12b8c-364f-4208-9bfd-90ef89bee491,Star Lamp,35,nm,absorbance,348.8164779962262
353.268,23.807786,01c12b8c-364f-4208-9bfd-90ef89bee491,Star Lamp,36,nm,absorbance,349.03385477167234
353.487,24.906146000000003,01c12b8c-364f-4208-9bfd-90ef89bee491,Star Lamp,37,nm,absorbance,349.2512315471185
353.705,23.323315,01c12b8c-364f-4208-9bfd-90ef89bee491,Star Lamp,38,nm,absorbance,349.4676157345489
353.924,26.372222,01c12b8c-364f-4208-9bfd-90ef89bee491,Star Lamp,39,nm,absorbance,349.684992509995
354.143,25.225571,01c12b8c-364f-4208-9bfd-90ef89bee491,Star Lamp,40,nm,absorbance,349.9023692854412
354.361,29.270038,01c12b8c-364f-4208-9bfd-90ef89bee491,Star Lamp,41,nm,absorbance,350.1187534728716
354.58,29.99316,01c12b8c-364f-4208-9bfd-90ef89bee491,Star Lamp,42,nm,absorbance,350.3361302483177
354.798,33.159274,01c12b8c-364f-4208-9bfd-90ef89bee491,Star Lamp,43,nm,absorbance,350.55251443574815
355.017,32.027589000000006,01c12b8c-364f-4208-9bfd-90ef89bee491,Star Lamp,44,nm,absorbance,350.7698912111943
355.236,32.430303,01c12b8c-364f-4208-9bfd-90ef89bee491,Star Lamp,45,nm,absorbance,350.98726798664046
355.454,27.372174,01c12b8c-364f-4208-9bfd-90ef89bee491,Star Lamp,46,nm,absorbance,351.2036521740709
355.673,30.227486,01c12b8c-364f-4208-9bfd-90ef89bee491,Star Lamp,47,nm,absorbance,351.42102894951705
355.891,29.845062,01c12b8c-364f-4208-9bfd-90ef89bee491,Star Lamp,48,nm,absorbance,351.63741313694743
356.11,34.005453,01c12b8c-364f-4208-9bfd-90ef89bee491,Star Lamp,49,nm,absorbance,351.8547899123936
356.328,34.356882,01c12b8c-364f-4208-9bfd-90ef89bee491,Star Lamp,50,nm,absorbance,352.07117409982396
356.547,37.235215,01c12b8c-364f-4208-9bfd-90ef89bee491,Star Lamp,51,nm,absorbance,352.2885508752702
356.765,39.92185500000001,01c12b8c-364f-4208-9bfd-90ef89bee491,Star Lamp,52,nm,absorbance,352.50493506270055
356.984,40.349114,01c12b8c-364f-4208-9bfd-90ef89bee491,Star Lamp,53,nm,absorbance,352.7223118381467
357.202,39.786664,01c12b8c-364f-4208-9bfd-90ef89bee491,Star Lamp,54,nm,absorbance,352.9386960255771
357.42,41.405767,01c12b8c-364f-4208-9bfd-90ef89bee491,Star Lamp,55,nm,absorbance,353.1550802130075
357.639,42.047963,01c12b8c-364f-4208-9bfd-90ef89bee491,Star Lamp,56,nm,absorbance,353.3724569884537
357.857,45.998504,01c12b8c-364f-4208-9bfd-90ef89bee491,Star Lamp,57,nm,absorbance,353.5888411758841
358.076,44.99699,01c12b8c-364f-4208-9bfd-90ef89bee491,Star Lamp,58,nm,absorbance,353.80621795133027
358.294,51.615224,01c12b8c-364f-4208-9bfd-90ef89bee491,Star Lamp,59,nm,absorbance,354.02260213876065
358.512,54.04996100000001,01c12b8c-364f-4208-9bfd-90ef89bee491,Star Lamp,60,nm,absorbance,354.2389863261911
358.731,55.207204,01c12b8c-364f-4208-9bfd-90ef89bee491,Star Lamp,61,nm,absorbance,354.4563631016372
358.949,52.276259,01c12b8c-364f-4208-9bfd-90ef89bee491,Star Lamp,62,nm,absorbance,354.6727472890676
359.167,49.54478900000001,01c12b8c-364f-4208-9bfd-90ef89bee491,Star Lamp,63,nm,absorbance,354.889131476498
359.386,49.863692,01c12b8c-364f-4208-9bfd-90ef89bee491,Star Lamp,64,nm,absorbance,355.1065082519442
359.604,46.963793,01c12b8c-364f-4208-9bfd-90ef89bee491,Star Lamp,65,nm,absorbance,355.3228924393746
359.822,51.358841000000005,01c12b8c-364f-4208-9bfd-90ef89bee491,Star Lamp,66,nm,absorbance,355.539276626805
360.04,52.33449400000001,01c12b8c-364f-4208-9bfd-90ef89bee491,Star Lamp,67,nm,absorbance,355.75566081423545
360.259,50.797523,01c12b8c-364f-4208-9bfd-90ef89bee491,Star Lamp,68,nm,absorbance,355.97303758968155
360.477,49.24566,01c12b8c-364f-4208-9bfd-90ef89bee491,Star Lamp,69,nm,absorbance,356.18942177711193
360.695,47.748551000000006,01c12b8c-364f-4208-9bfd-90ef89bee491,Star Lamp,70,nm,absorbance,356.40580596454237
360.913,55.733324,01c12b8c-364f-4208-9bfd-90ef89bee491,Star Lamp,71,nm,absorbance,356.6221901519728
361.131,55.125029,01c12b8c-364f-4208-9bfd-90ef89bee491,Star Lamp,72,nm,absorbance,356.8385743394032
361.35,50.546656000000006,01c12b8c-364f-4208-9bfd-90ef89bee491,Star Lamp,73,nm,absorbance,357.0559511148494
361.568,46.54060400000001,01c12b8c-364f-4208-9bfd-90ef89bee491,Star Lamp,74,nm,absorbance,357.27233530227977
361.786,43.738569,01c12b8c-364f-4208-9bfd-90ef89bee491,Star Lamp,75,nm,absorbance,357.48871948971015
362.004,50.616659,01c12b8c-364f-4208-9bfd-90ef89bee491,Star Lamp,76,nm,absorbance,357.7051036771406
362.222,50.182097,01c12b8c-364f-4208-9bfd-90ef89bee491,Star Lamp,77,nm,absorbance,357.92148786457096
362.44,50.319496,01c12b8c-364f-4208-9bfd-90ef89bee491,Star Lamp,78,nm,absorbance,358.1378720520014
362.658,48.407455,01c12b8c-364f-4208-9bfd-90ef89bee491,Star Lamp,79,nm,absorbance,358.35425623943183
362.876,45.096656,01c12b8c-364f-4208-9bfd-90ef89bee491,Star Lamp,80,nm,absorbance,358.5706404268622
363.094,48.51804,01c12b8c-364f-4208-9bfd-90ef89bee491,Star Lamp,81,nm,absorbance,358.78702461429265
363.312,50.13644,01c12b8c-364f-4208-9bfd-90ef89bee491,Star Lamp,82,nm,absorbance,359.0034088017231
363.53,50.847776,01c12b8c-364f-4208-9bfd-90ef89bee491,Star Lamp,83,nm,absorbance,359.21979298915346
363.749,47.70589,01c12b8c-364f-4208-9bfd-90ef89bee491,Star Lamp,84,nm,absorbance,359.4371697645996
363.967,46.860980000000005,01c12b8c-364f-4208-9bfd-90ef89bee491,Star Lamp,85,nm,absorbance,359.65355395203
364.184,42.582511,01c12b8c-364f-4208-9bfd-90ef89bee491,Star Lamp,86,nm,absorbance,359.8689455514447
364.402,43.623036,01c12b8c-364f-4208-9bfd-90ef89bee491,Star Lamp,87,nm,absorbance,360.0853297388751
364.62,39.802404,01c12b8c-364f-4208-9bfd-90ef89bee491,Star Lamp,88,nm,absorbance,360.3017139263055
364.838,42.240614,01c12b8c-364f-4208-9bfd-90ef89bee491,Star Lamp,89,nm,absorbance,360.51809811373596
365.056,33.822519,01c12b8c-364f-4208-9bfd-90ef89bee491,Star Lamp,90,nm,absorbance,360.73448230116634
365.274,30.236593000000006,01c12b8c-364f-4208-9bfd-90ef89bee491,Star Lamp,91,nm,absorbance,360.9508664885968
365.492,27.352008,01c12b8c-364f-4208-9bfd-90ef89bee491,Star Lamp,92,nm,absorbance,361.1672506760272
365.71,28.970376,01c12b8c-364f-4208-9bfd-90ef89bee491,Star Lamp,93,nm,absorbance,361.3836348634576
365.928,30.97966999999999,01c12b8c-364f-4208-9bfd-90ef89bee491,Star Lamp,94,nm,absorbance,361.60001905088797
366.146,32.957828,01c12b8c-364f-4208-9bfd-90ef89bee491,Star Lamp,95,nm,absorbance,361.8164032383184
366.364,32.790941999999994,01c12b8c-364f-4208-9bfd-90ef89bee491,Star Lamp,96,nm,absorbance,362.0327874257488
366.581,32.063536,01c12b8c-364f-4208-9bfd-90ef89bee491,Star Lamp,97,nm,absorbance,362.2481790251635
366.799,31.600126,01c12b8c-364f-4208-9bfd-90ef89bee491,Star Lamp,98,nm,absorbance,362.4645632125939
367.017,31.983962,01c12b8c-364f-4208-9bfd-90ef89bee491,Star Lamp,99,nm,absorbance,362.6809474000243
367.235,28.815183,01c12b8c-364f-4208-9bfd-90ef89bee491,Star Lamp,100,nm,absorbance,362.89733158745474
367.453,27.602213,01c12b8c-364f-4208-9bfd-90ef89bee491,Star Lamp,101,nm,absorbance,363.1137157748851
367.67,25.147815,01c12b8c-364f-4208-9bfd-90ef89bee491,Star Lamp,102,nm,absorbance,363.32910737429984
367.888,24.925287,01c12b8c-364f-4208-9bfd-90ef89bee491,Star Lamp,103,nm,absorbance,363.5454915617302
368.106,23.400538,01c12b8c-364f-4208-9bfd-90ef89bee491,Star Lamp,104,nm,absorbance,363.76187574916065
368.323,21.970748,01c12b8c-364f-4208-9bfd-90ef89bee491,Star Lamp,105,nm,absorbance,363.9772673485753
368.541,16.656605,01c12b8c-364f-4208-9bfd-90ef89bee491,Star Lamp,106,nm,absorbance,364.19365153600575
368.759,19.127978,01c12b8c-364f-4208-9bfd-90ef89bee491,Star Lamp,107,nm,absorbance,364.4100357234362
368.977,22.057835,01c12b8c-364f-4208-9bfd-90ef89bee491,Star Lamp,108,nm,absorbance,364.6264199108665
369.194,32.821389,01c12b8c-364f-4208-9bfd-90ef89bee491,Star Lamp,109,nm,absorbance,364.8418115102812
369.412,29.443761,01c12b8c-364f-4208-9bfd-90ef89bee491,Star Lamp,110,nm,absorbance,365.0581956977116
369.629,26.543604,01c12b8c-364f-4208-9bfd-90ef89bee491,Star Lamp,111,nm,absorbance,365.2735872971263
369.847,20.325292,01c12b8c-364f-4208-9bfd-90ef89bee491,Star Lamp,112,nm,absorbance,365.4899714845567
370.065,22.420708000000005,01c12b8c-364f-4208-9bfd-90ef89bee491,Star Lamp,113,nm,absorbance,365.7063556719871
370.282,23.481813,01c12b8c-364f-4208-9bfd-90ef89bee491,Star Lamp,114,nm,absorbance,365.9217472714018
370.5,26.544241000000007,01c12b8c-364f-4208-9bfd-90ef89bee491,Star Lamp,115,nm,absorbance,366.1381314588322
370.717,23.121375000000004,01c12b8c-364f-4208-9bfd-90ef89bee491,Star Lamp,116,nm,absorbance,366.3535230582469
370.935,24.153935000000004,01c12b8c-364f-4208-9bfd-90ef89bee491,Star Lamp,117,nm,absorbance,366.5699072456773
371.152,23.713347,01c12b8c-364f-4208-9bfd-90ef89bee491,Star Lamp,118,nm,absorbance,366.785298845092
371.37,25.517834,01c12b8c-364f-4208-9bfd-90ef89bee491,Star Lamp,119,nm,absorbance,367.0016830325224
371.588,25.032966,01c12b8c-364f-4208-9bfd-90ef89bee491,Star Lamp,120,nm,absorbance,367.21806721995284
371.805,28.927786,01c12b8c-364f-4208-9bfd-90ef89bee491,Star Lamp,121,nm,absorbance,367.4334588193675
372.022,25.877849,01c12b8c-364f-4208-9bfd-90ef89bee491,Star Lamp,122,nm,absorbance,367.64885041878216
372.24,29.562402,01c12b8c-364f-4208-9bfd-90ef89bee491,Star Lamp,123,nm,absorbance,367.8652346062126
372.457,22.953919000000003,01c12b8c-364f-4208-9bfd-90ef89bee491,Star Lamp,124,nm,absorbance,368.08062620562725
372.675,32.946552,01c12b8c-364f-4208-9bfd-90ef89bee491,Star Lamp,125,nm,absorbance,368.2970103930577
372.892,29.956711,01c12b8c-364f-4208-9bfd-90ef89bee491,Star Lamp,126,nm,absorbance,368.51240199247235
373.11,30.507691000000005,01c12b8c-364f-4208-9bfd-90ef89bee491,Star Lamp,127,nm,absorbance,368.7287861799028
373.327,25.647589000000004,01c12b8c-364f-4208-9bfd-90ef89bee491,Star Lamp,128,nm,absorbance,368.94417777931744
373.544,29.245964000000004,01c12b8c-364f-4208-9bfd-90ef89bee491,Star Lamp,129,nm,absorbance,369.1595693787321
373.762,32.980878,01c12b8c-364f-4208-9bfd-90ef89bee491,Star Lamp,130,nm,absorbance,369.37595356616254
373.979,32.477904,01c12b8c-364f-4208-9bfd-90ef89bee491,Star Lamp,131,nm,absorbance,369.5913451655772
374.196,31.437932,01c12b8c-364f-4208-9bfd-90ef89bee491,Star Lamp,132,nm,absorbance,369.8067367649919
374.414,33.074299,01c12b8c-364f-4208-9bfd-90ef89bee491,Star Lamp,133,nm,absorbance,370.0231209524223
374.631,37.949386,01c12b8c-364f-4208-9bfd-90ef89bee491,Star Lamp,134,nm,absorbance,370.23851255183695
374.848,37.856817,01c12b8c-364f-4208-9bfd-90ef89bee491,Star Lamp,135,nm,absorbance,370.45390415125166
375.066,40.299867,01c12b8c-364f-4208-9bfd-90ef89bee491,Star Lamp,136,nm,absorbance,370.670288338682
375.283,37.84279600000001,01c12b8c-364f-4208-9bfd-90ef89bee491,Star Lamp,137,nm,absorbance,370.88567993809676
375.5,36.720222,01c12b8c-364f-4208-9bfd-90ef89bee491,Star Lamp,138,nm,absorbance,371.1010715375114
375.717,37.571887,01c12b8c-364f-4208-9bfd-90ef89bee491,Star Lamp,139,nm,absorbance,371.3164631369261
375.935,36.10509599999999,01c12b8c-364f-4208-9bfd-90ef89bee491,Star Lamp,140,nm,absorbance,371.53284732435645
376.152,37.882457,01c12b8c-364f-4208-9bfd-90ef89bee491,Star Lamp,141,nm,absorbance,371.74823892377117
376.369,31.169504,01c12b8c-364f-4208-9bfd-90ef89bee491,Star Lamp,142,nm,absorbance,371.9636305231859
376.586,31.244107000000007,01c12b8c-364f-4208-9bfd-90ef89bee491,Star Lamp,143,nm,absorbance,372.17902212260054
376.803,33.421264,01c12b8c-364f-4208-9bfd-90ef89bee491,Star Lamp,144,nm,absorbance,372.3944137220152
377.02,38.87273999999999,01c12b8c-364f-4208-9bfd-90ef89bee491,Star Lamp,145,nm,absorbance,372.60980532142986
377.238,41.09342,01c12b8c-364f-4208-9bfd-90ef89bee491,Star Lamp,146,nm,absorbance,372.8261895088603
377.455,39.32352300000001,01c12b8c-364f-4208-9bfd-90ef89bee491,Star Lamp,147,nm,absorbance,373.04158110827495
377.672,37.302898,01c12b8c-364f-4208-9bfd-90ef89bee491,Star Lamp,148,nm,absorbance,373.25697270768967
377.889,35.011757,01c12b8c-364f-4208-9bfd-90ef89bee491,Star Lamp,149,nm,absorbance,373.4723643071043
378.106,36.970266,01c12b8c-364f-4208-9bfd-90ef89bee491,Star Lamp,150,nm,absorbance,373.687755906519
378.323,38.918974,01c12b8c-364f-4208-9bfd-90ef89bee491,Star Lamp,151,nm,absorbance,373.90314750593365
378.54,41.907163,01c12b8c-364f-4208-9bfd-90ef89bee491,Star Lamp,152,nm,absorbance,374.11853910534836
378.757,37.587732,01c12b8c-364f-4208-9bfd-90ef89bee491,Star Lamp,153,nm,absorbance,374.333930704763
378.974,36.25891,01c12b8c-364f-4208-9bfd-90ef89bee491,Star Lamp,154,nm,absorbance,374.5493223041777
379.191,36.320224,01c12b8c-364f-4208-9bfd-90ef89bee491,Star Lamp,155,nm,absorbance,374.76471390359234
379.408,37.343462,01c12b8c-364f-4208-9bfd-90ef89bee491,Star Lamp,156,nm,absorbance,374.98010550300705
379.625,31.695446,01c12b8c-364f-4208-9bfd-90ef89bee491,Star Lamp,157,nm,absorbance,375.1954971024217
379.842,32.425395,01c12b8c-364f-4208-9bfd-90ef89bee491,Star Lamp,158,nm,absorbance,375.41088870183637
380.059,36.038309,01c12b8c-364f-4208-9bfd-90ef89bee491,Star Lamp,159,nm,absorbance,375.6262803012511
380.276,40.932419,01c12b8c-364f-4208-9bfd-90ef89bee491,Star Lamp,160,nm,absorbance,375.84167190066574
380.493,36.742757,01c12b8c-364f-4208-9bfd-90ef89bee491,Star Lamp,161,nm,absorbance,376.0570635000804
380.71,35.085376,01c12b8c-364f-4208-9bfd-90ef89bee491,Star Lamp,162,nm,absorbance,376.27245509949506
380.927,33.25515,01c12b8c-364f-4208-9bfd-90ef89bee491,Star Lamp,163,nm,absorbance,376.4878466989098
381.143,38.728472,01c12b8c-364f-4208-9bfd-90ef89bee491,Star Lamp,164,nm,absorbance,376.70224571030866
381.36,37.487753,01c12b8c-364f-4208-9bfd-90ef89bee491,Star Lamp,165,nm,absorbance,376.9176373097234
381.577,46.674086,01c12b8c-364f-4208-9bfd-90ef89bee491,Star Lamp,166,nm,absorbance,377.13302890913803
381.794,43.722843,01c12b8c-364f-4208-9bfd-90ef89bee491,Star Lamp,167,nm,absorbance,377.3484205085527
382.011,42.7785,01c12b8c-364f-4208-9bfd-90ef89bee491,Star Lamp,168,nm,absorbance,377.5638121079674
382.228,37.663823,01c12b8c-364f-4208-9bfd-90ef89bee491,Star Lamp,169,nm,absorbance,377.77920370738207
382.444,37.833871,01c12b8c-364f-4208-9bfd-90ef89bee491,Star Lamp,170,nm,absorbance,377.993602718781
382.661,44.235071,01c12b8c-364f-4208-9bfd-90ef89bee491,Star Lamp,171,nm,absorbance,378.2089943181957
382.878,45.698111,01c12b8c-364f-4208-9bfd-90ef89bee491,Star Lamp,172,nm,absorbance,378.4243859176104
383.095,48.560299,01c12b8c-364f-4208-9bfd-90ef89bee491,Star Lamp,173,nm,absorbance,378.6397775170251
383.311,48.211679,01c12b8c-364f-4208-9bfd-90ef89bee491,Star Lamp,174,nm,absorbance,378.854176528424
383.528,50.017172,01c12b8c-364f-4208-9bfd-90ef89bee491,Star Lamp,175,nm,absorbance,379.0695681278387
383.745,52.25067399999999,01c12b8c-364f-4208-9bfd-90ef89bee491,Star Lamp,176,nm,absorbance,379.28495972725335
383.962,54.209864,01c12b8c-364f-4208-9bfd-90ef89bee491,Star Lamp,177,nm,absorbance,379.500351326668
384.178,51.1727,01c12b8c-364f-4208-9bfd-90ef89bee491,Star Lamp,178,nm,absorbance,379.71475033806695
384.395,51.942181000000005,01c12b8c-364f-4208-9bfd-90ef89bee491,Star Lamp,179,nm,absorbance,379.9301419374816
384.612,52.153045,01c12b8c-364f-4208-9bfd-90ef89bee491,Star Lamp,180,nm,absorbance,380.1455335368963
384.828,55.464099,01c12b8c-364f-4208-9bfd-90ef89bee491,Star Lamp,181,nm,absorbance,380.3599325482952
385.045,57.208737000000006,01c12b8c-364f-4208-9bfd-90ef89bee491,Star Lamp,182,nm,absorbance,380.5753241477099
385.261,55.869693000000005,01c12b8c-364f-4208-9bfd-90ef89bee491,Star Lamp,183,nm,absorbance,380.78972315910886
385.478,58.584179000000006,01c12b8c-364f-4208-9bfd-90ef89bee491,Star Lamp,184,nm,absorbance,381.0051147585235
385.695,56.494568,01c12b8c-364f-4208-9bfd-90ef89bee491,Star Lamp,185,nm,absorbance,381.2205063579382
385.911,58.771226,01c12b8c-364f-4208-9bfd-90ef89bee491,Star Lamp,186,nm,absorbance,381.4349053693372
386.128,63.333064,01c12b8c-364f-4208-9bfd-90ef89bee491,Star Lamp,187,nm,absorbance,381.65029696875183
386.344,67.78162200000001,01c12b8c-364f-4208-9bfd-90ef89bee491,Star Lamp,188,nm,absorbance,381.86469598015077
386.561,74.035703,01c12b8c-364f-4208-9bfd-90ef89bee491,Star Lamp,189,nm,absorbance,382.08008757956543
386.777,80.30349799999999,01c12b8c-364f-4208-9bfd-90ef89bee491,Star Lamp,190,nm,absorbance,382.29448659096437
386.994,97.105593,01c12b8c-364f-4208-9bfd-90ef89bee491,Star Lamp,191,nm,absorbance,382.5098781903791
387.21,114.82646400000002,01c12b8c-364f-4208-9bfd-90ef89bee491,Star Lamp,192,nm,absorbance,382.72427720177797
387.427,137.81098200000002,01c12b8c-364f-4208-9bfd-90ef89bee491,Star Lamp,193,nm,absorbance,382.9396688011927
387.643,167.984168,01c12b8c-364f-4208-9bfd-90ef89bee491,Star Lamp,194,nm,absorbance,383.15406781259156
387.86,206.392753,01c12b8c-364f-4208-9bfd-90ef89bee491,Star Lamp,195,nm,absorbance,383.3694594120063
388.076,249.634787,01c12b8c-364f-4208-9bfd-90ef89bee491,Star Lamp,196,nm,absorbance,383.5838584234053
388.292,283.798684,01c12b8c-364f-4208-9bfd-90ef89bee491,Star Lamp,197,nm,absorbance,383.79825743480416
388.509,331.71007,01c12b8c-364f-4208-9bfd-90ef89bee491,Star Lamp,198,nm,absorbance,384.0136490342189
388.725,377.263651,01c12b8c-364f-4208-9bfd-90ef89bee491,Star Lamp,199,nm,absorbance,384.2280480456178
388.942,436.51891,01c12b8c-364f-4208-9bfd-90ef89bee491,Star Lamp,200,nm,absorbance,384.44343964503247
389.158,487.6994710000001,01c12b8c-364f-4208-9bfd-90ef89bee491,Star Lamp,201,nm,absorbance,384.6578386564314
389.374,539.593915,01c12b8c-364f-4208-9bfd-90ef89bee491,Star Lamp,202,nm,absorbance,384.87223766783035
389.591,589.899518,01c12b8c-364f-4208-9bfd-90ef89bee491,Star Lamp,203,nm,absorbance,385.087629267245
389.807,647.1890679999999,01c12b8c-364f-4208-9bfd-90ef89bee491,Star Lamp,204,nm,absorbance,385.30202827864395
390.023,703.7357959999999,01c12b8c-364f-4208-9bfd-90ef89bee491,Star Lamp,205,nm,absorbance,385.51642729004294
390.239,746.996428,01c12b8c-364f-4208-9bfd-90ef89bee491,Star Lamp,206,nm,absorbance,385.7308263014418
390.456,767.9242029999999,01c12b8c-364f-4208-9bfd-90ef89bee491,Star Lamp,207,nm,absorbance,385.94621790085654
390.672,795.389899,01c12b8c-364f-4208-9bfd-90ef89bee491,Star Lamp,208,nm,absorbance,386.1606169122555
390.888,833.3901760000001,01c12b8c-364f-4208-9bfd-90ef89bee491,Star Lamp,209,nm,absorbance,386.37501592365436
391.104,863.0408649999999,01c12b8c-364f-4208-9bfd-90ef89bee491,Star Lamp,210,nm,absorbance,386.5894149350533
391.321,885.0573780000001,01c12b8c-364f-4208-9bfd-90ef89bee491,Star Lamp,211,nm,absorbance,386.804806534468
391.537,893.2077929999999,01c12b8c-364f-4208-9bfd-90ef89bee491,Star Lamp,212,nm,absorbance,387.01920554586695
391.753,925.5369590000004,01c12b8c-364f-4208-9bfd-90ef89bee491,Star Lamp,213,nm,absorbance,387.2336045572659
391.969,954.777832,01c12b8c-364f-4208-9bfd-90ef89bee491,Star Lamp,214,nm,absorbance,387.44800356866483
392.185,991.849591,01c12b8c-364f-4208-9bfd-90ef89bee491,Star Lamp,215,nm,absorbance,387.66240258006377
392.401,1008.562227,01c12b8c-364f-4208-9bfd-90ef89bee491,Star Lamp,216,nm,absorbance,387.8768015914627
392.618,1021.328202,01c12b8c-364f-4208-9bfd-90ef89bee491,Star Lamp,217,nm,absorbance,388.09219319087737
392.834,1040.999123,01c12b8c-364f-4208-9bfd-90ef89bee491,Star Lamp,218,nm,absorbance,388.3065922022763
393.05,1068.311424,01c12b8c-364f-4208-9bfd-90ef89bee491,Star Lamp,219,nm,absorbance,388.5209912136753
393.266,1097.547845,01c12b8c-364f-4208-9bfd-90ef89bee491,Star Lamp,220,nm,absorbance,388.73539022507424
393.482,1111.1745889999995,01c12b8c-364f-4208-9bfd-90ef89bee491,Star Lamp,221,nm,absorbance,388.9497892364732
393.698,1119.809576,01c12b8c-364f-4208-9bfd-90ef89bee491,Star Lamp,222,nm,absorbance,389.16418824787206
393.914,1140.911555,01c12b8c-364f-4208-9bfd-90ef89bee491,Star Lamp,223,nm,absorbance,389.378587259271
394.13,1164.207584,01c12b8c-364f-4208-9bfd-90ef89bee491,Star Lamp,224,nm,absorbance,389.59298627066994
394.346,1189.384,01c12b8c-364f-4208-9bfd-90ef89bee491,Star Lamp,225,nm,absorbance,389.8073852820689
394.562,1197.5389220000002,01c12b8c-364f-4208-9bfd-90ef89bee491,Star Lamp,226,nm,absorbance,390.0217842934679
394.778,1212.668907,01c12b8c-364f-4208-9bfd-90ef89bee491,Star Lamp,227,nm,absorbance,390.2361833048668
394.994,1241.317291,01c12b8c-364f-4208-9bfd-90ef89bee491,Star Lamp,228,nm,absorbance,390.45058231626575
395.21,1275.864089,01c12b8c-364f-4208-9bfd-90ef89bee491,Star Lamp,229,nm,absorbance,390.66498132766463
395.426,1304.370501,01c12b8c-364f-4208-9bfd-90ef89bee491,Star Lamp,230,nm,absorbance,390.8793803390636
395.642,1327.777281,01c12b8c-364f-4208-9bfd-90ef89bee491,Star Lamp,231,nm,absorbance,391.0937793504625
395.858,1324.2346409999998,01c12b8c-364f-4208-9bfd-90ef89bee491,Star Lamp,232,nm,absorbance,391.3081783618615
396.073,1317.408481,01c12b8c-364f-4208-9bfd-90ef89bee491,Star Lamp,233,nm,absorbance,391.52158478524467
396.289,1286.376324,01c12b8c-364f-4208-9bfd-90ef89bee491,Star Lamp,234,nm,absorbance,391.7359837966436
396.505,1257.2906180000002,01c12b8c-364f-4208-9bfd-90ef89bee491,Star Lamp,235,nm,absorbance,391.95038280804255
396.721,1214.787037,01c12b8c-364f-4208-9bfd-90ef89bee491,Star Lamp,236,nm,absorbance,392.1647818194415
396.937,1143.026312,01c12b8c-364f-4208-9bfd-90ef89bee491,Star Lamp,237,nm,absorbance,392.3791808308405
397.153,1071.700101,01c12b8c-364f-4208-9bfd-90ef89bee491,Star Lamp,238,nm,absorbance,392.5935798422394
397.369,1000.8033929999998,01c12b8c-364f-4208-9bfd-90ef89bee491,Star Lamp,239,nm,absorbance,392.80797885363836
397.584,929.806669,01c12b8c-364f-4208-9bfd-90ef89bee491,Star Lamp,240,nm,absorbance,393.0213852770215
397.8,843.854249,01c12b8c-364f-4208-9bfd-90ef89bee491,Star Lamp,241,nm,absorbance,393.23578428842046
398.016,734.369192,01c12b8c-364f-4208-9bfd-90ef89bee491,Star Lamp,242,nm,absorbance,393.45018329981946
398.232,619.752634,01c12b8c-364f-4208-9bfd-90ef89bee491,Star Lamp,243,nm,absorbance,393.6645823112184
398.447,479.8995120000001,01c12b8c-364f-4208-9bfd-90ef89bee491,Star Lamp,244,nm,absorbance,393.87798873460156
398.663,324.703363,01c12b8c-364f-4208-9bfd-90ef89bee491,Star Lamp,245,nm,absorbance,394.0923877460005
398.879,200.484282,01c12b8c-364f-4208-9bfd-90ef89bee491,Star Lamp,246,nm,absorbance,394.30678675739944
399.094,127.997132,01c12b8c-364f-4208-9bfd-90ef89bee491,Star Lamp,247,nm,absorbance,394.52019318078266
399.31,103.523632,01c12b8c-364f-4208-9bfd-90ef89bee491,Star Lamp,248,nm,absorbance,394.7345921921816
399.526,95.905302,01c12b8c-364f-4208-9bfd-90ef89bee491,Star Lamp,249,nm,absorbance,394.94899120358053
399.741,92.325992,01c12b8c-364f-4208-9bfd-90ef89bee491,Star Lamp,250,nm,absorbance,395.1623976269637
399.957,90.41779,01c12b8c-364f-4208-9bfd-90ef89bee491,Star Lamp,251,nm,absorbance,395.37679663836263
400.173,87.55616500000001,01c12b8c-364f-4208-9bfd-90ef89bee491,Star Lamp,252,nm,absorbance,395.59119564976163
400.388,84.359238,01c12b8c-364f-4208-9bfd-90ef89bee491,Star Lamp,253,nm,absorbance,395.8046020731448
400.604,78.93993900000001,01c12b8c-364f-4208-9bfd-90ef89bee491,Star Lamp,254,nm,absorbance,396.01900108454373
400.82,75.76089900000001,01c12b8c-364f-4208-9bfd-90ef89bee491,Star Lamp,255,nm,absorbance,396.23340009594267
401.035,78.79967500000001,01c12b8c-364f-4208-9bfd-90ef89bee491,Star Lamp,256,nm,absorbance,396.4468065193259
401.251,80.195198,01c12b8c-364f-4208-9bfd-90ef89bee491,Star Lamp,257,nm,absorbance,396.6612055307248
401.466,86.213248,01c12b8c-364f-4208-9bfd-90ef89bee491,Star Lamp,258,nm,absorbance,396.87461195410805
401.682,84.397589,01c12b8c-364f-4208-9bfd-90ef89bee491,Star Lamp,259,nm,absorbance,397.089010965507
401.897,87.713534,01c12b8c-364f-4208-9bfd-90ef89bee491,Star Lamp,260,nm,absorbance,397.30241738889015
402.113,85.79143100000002,01c12b8c-364f-4208-9bfd-90ef89bee491,Star Lamp,261,nm,absorbance,397.51681640028914
402.328,89.10201399999998,01c12b8c-364f-4208-9bfd-90ef89bee491,Star Lamp,262,nm,absorbance,397.7302228236723
402.544,92.359561,01c12b8c-364f-4208-9bfd-90ef89bee491,Star Lamp,263,nm,absorbance,397.94462183507125
402.759,95.484607,01c12b8c-364f-4208-9bfd-90ef89bee491,Star Lamp,264,nm,absorbance,398.15802825845446
402.974,97.488914,01c12b8c-364f-4208-9bfd-90ef89bee491,Star Lamp,265,nm,absorbance,398.3714346818377
403.19,106.849062,01c12b8c-364f-4208-9bfd-90ef89bee491,Star Lamp,266,nm,absorbance,398.5858336932366
403.405,110.010627,01c12b8c-364f-4208-9bfd-90ef89bee491,Star Lamp,267,nm,absorbance,398.7992401166198
403.621,107.619464,01c12b8c-364f-4208-9bfd-90ef89bee491,Star Lamp,268,nm,absorbance,399.0136391280187
403.836,107.904751,01c12b8c-364f-4208-9bfd-90ef89bee491,Star Lamp,269,nm,absorbance,399.227045551402
404.051,115.067947,01c12b8c-364f-4208-9bfd-90ef89bee491,Star Lamp,270,nm,absorbance,399.44045197478516
404.267,124.88524200000002,01c12b8c-364f-4208-9bfd-90ef89bee491,Star Lamp,271,nm,absorbance,399.6548509861841
404.482,121.286342,01c12b8c-364f-4208-9bfd-90ef89bee491,Star Lamp,272,nm,absorbance,399.8682574095673
404.697,116.290253,01c12b8c-364f-4208-9bfd-90ef89bee491,Star Lamp,273,nm,absorbance,400.08166383295054
404.913,113.773627,01c12b8c-364f-4208-9bfd-90ef89bee491,Star Lamp,274,nm,absorbance,400.2960628443495
405.128,116.612376,01c12b8c-364f-4208-9bfd-90ef89bee491,Star Lamp,275,nm,absorbance,400.50946926773264
405.343,119.58298,01c12b8c-364f-4208-9bfd-90ef89bee491,Star Lamp,276,nm,absorbance,400.72287569111586
405.559,119.219673,01c12b8c-364f-4208-9bfd-90ef89bee491,Star Lamp,277,nm,absorbance,400.9372747025148
405.774,117.59534500000002,01c12b8c-364f-4208-9bfd-90ef89bee491,Star Lamp,278,nm,absorbance,401.150681125898
405.989,115.624116,01c12b8c-364f-4208-9bfd-90ef89bee491,Star Lamp,279,nm,absorbance,401.3640875492812
406.204,114.391434,01c12b8c-364f-4208-9bfd-90ef89bee491,Star Lamp,280,nm,absorbance,401.5774939726644
406.42,111.303089,01c12b8c-364f-4208-9bfd-90ef89bee491,Star Lamp,281,nm,absorbance,401.7918929840634
406.635,110.741889,01c12b8c-364f-4208-9bfd-90ef89bee491,Star Lamp,282,nm,absorbance,402.00529940744656
406.85,109.497225,01c12b8c-364f-4208-9bfd-90ef89bee491,Star Lamp,283,nm,absorbance,402.2187058308298
407.065,106.10424300000004,01c12b8c-364f-4208-9bfd-90ef89bee491,Star Lamp,284,nm,absorbance,402.43211225421294
407.28,104.430748,01c12b8c-364f-4208-9bfd-90ef89bee491,Star Lamp,285,nm,absorbance,402.64551867759616
407.495,106.242571,01c12b8c-364f-4208-9bfd-90ef89bee491,Star Lamp,286,nm,absorbance,402.8589251009794
407.71,109.660422,01c12b8c-364f-4208-9bfd-90ef89bee491,Star Lamp,287,nm,absorbance,403.07233152436254
407.926,111.674131,01c12b8c-364f-4208-9bfd-90ef89bee491,Star Lamp,288,nm,absorbance,403.2867305357615
408.141,114.472635,01c12b8c-364f-4208-9bfd-90ef89bee491,Star Lamp,289,nm,absorbance,403.50013695914475
408.356,118.333126,01c12b8c-364f-4208-9bfd-90ef89bee491,Star Lamp,290,nm,absorbance,403.7135433825279
408.571,117.188666,01c12b8c-364f-4208-9bfd-90ef89bee491,Star Lamp,291,nm,absorbance,403.92694980591114
408.786,116.003241,01c12b8c-364f-4208-9bfd-90ef89bee491,Star Lamp,292,nm,absorbance,404.14035622929435
409.001,119.174257,01c12b8c-364f-4208-9bfd-90ef89bee491,Star Lamp,293,nm,absorbance,404.3537626526775
409.216,124.53739,01c12b8c-364f-4208-9bfd-90ef89bee491,Star Lamp,294,nm,absorbance,404.56716907606074
409.431,124.90868,01c12b8c-364f-4208-9bfd-90ef89bee491,Star Lamp,295,nm,absorbance,404.78057549944396
409.646,125.97416200000002,01c12b8c-364f-4208-9bfd-90ef89bee491,Star Lamp,296,nm,absorbance,404.9939819228272
409.861,123.214889,01c12b8c-364f-4208-9bfd-90ef89bee491,Star Lamp,297,nm,absorbance,405.20738834621034
410.076,127.307534,01c12b8c-364f-4208-9bfd-90ef89bee491,Star Lamp,298,nm,absorbance,405.42079476959356
410.291,121.05672,01c12b8c-364f-4208-9bfd-90ef89bee491,Star Lamp,299,nm,absorbance,405.6342011929768
410.506,118.762951,01c12b8c-364f-4208-9bfd-90ef89bee491,Star Lamp,300,nm,absorbance,405.84760761635994
410.721,112.77918,01c12b8c-364f-4208-9bfd-90ef89bee491,Star Lamp,301,nm,absorbance,406.06101403974316
410.936,112.58316299999998,01c12b8c-364f-4208-9bfd-90ef89bee491,Star Lamp,302,nm,absorbance,406.2744204631264
411.15,109.74375,01c12b8c-364f-4208-9bfd-90ef89bee491,Star Lamp,303,nm,absorbance,406.4868342984938
411.365,103.53989400000005,01c12b8c-364f-4208-9bfd-90ef89bee491,Star Lamp,304,nm,absorbance,406.70024072187704
411.58,101.338349,01c12b8c-364f-4208-9bfd-90ef89bee491,Star Lamp,305,nm,absorbance,406.91364714526026
411.795,99.464191,01c12b8c-364f-4208-9bfd-90ef89bee491,Star Lamp,306,nm,absorbance,407.1270535686435
412.01,96.539094,01c12b8c-364f-4208-9bfd-90ef89bee491,Star Lamp,307,nm,absorbance,407.34045999202664
412.225,92.759139,01c12b8c-364f-4208-9bfd-90ef89bee491,Star Lamp,308,nm,absorbance,407.5538664154099
412.439,85.877069,01c12b8c-364f-4208-9bfd-90ef89bee491,Star Lamp,309,nm,absorbance,407.76628025077736
412.654,78.008562,01c12b8c-364f-4208-9bfd-90ef89bee491,Star Lamp,310,nm,absorbance,407.9796866741605
412.869,66.522996,01c12b8c-364f-4208-9bfd-90ef89bee491,Star Lamp,311,nm,absorbance,408.1930930975438
413.084,57.168274,01c12b8c-364f-4208-9bfd-90ef89bee491,Star Lamp,312,nm,absorbance,408.40649952092696
413.299,55.399409000000006,01c12b8c-364f-4208-9bfd-90ef89bee491,Star Lamp,313,nm,absorbance,408.6199059443101
413.513,51.978954,01c12b8c-364f-4208-9bfd-90ef89bee491,Star Lamp,314,nm,absorbance,408.8323197796776
413.728,50.949921,01c12b8c-364f-4208-9bfd-90ef89bee491,Star Lamp,315,nm,absorbance,409.04572620306084
413.943,49.078301,01c12b8c-364f-4208-9bfd-90ef89bee491,Star Lamp,316,nm,absorbance,409.259132626444
414.157,48.39589800000001,01c12b8c-364f-4208-9bfd-90ef89bee491,Star Lamp,317,nm,absorbance,409.4715464618115
414.372,48.28264,01c12b8c-364f-4208-9bfd-90ef89bee491,Star Lamp,318,nm,absorbance,409.6849528851947
414.587,48.171397,01c12b8c-364f-4208-9bfd-90ef89bee491,Star Lamp,319,nm,absorbance,409.8983593085779
414.801,50.06202700000001,01c12b8c-364f-4208-9bfd-90ef89bee491,Star Lamp,320,nm,absorbance,410.1107731439454
415.016,50.975241,01c12b8c-364f-4208-9bfd-90ef89bee491,Star Lamp,321,nm,absorbance,410.3241795673286
415.231,53.525378,01c12b8c-364f-4208-9bfd-90ef89bee491,Star Lamp,322,nm,absorbance,410.53758599071176
415.445,52.965919,01c12b8c-364f-4208-9bfd-90ef89bee491,Star Lamp,323,nm,absorbance,410.74999982607926
415.66,54.790935000000005,01c12b8c-364f-4208-9bfd-90ef89bee491,Star Lamp,324,nm,absorbance,410.9634062494625
415.874,52.920436,01c12b8c-364f-4208-9bfd-90ef89bee491,Star Lamp,325,nm,absorbance,411.1758200848299
416.089,55.20310300000001,01c12b8c-364f-4208-9bfd-90ef89bee491,Star Lamp,326,nm,absorbance,411.38922650821314
416.304,55.277029000000006,01c12b8c-364f-4208-9bfd-90ef89bee491,Star Lamp,327,nm,absorbance,411.6026329315963
416.518,62.70631900000001,01c12b8c-364f-4208-9bfd-90ef89bee491,Star Lamp,328,nm,absorbance,411.81504676696375
416.733,60.650797,01c12b8c-364f-4208-9bfd-90ef89bee491,Star Lamp,329,nm,absorbance,412.028453190347
416.947,61.083782,01c12b8c-364f-4208-9bfd-90ef89bee491,Star Lamp,330,nm,absorbance,412.24086702571446
417.162,51.722615,01c12b8c-364f-4208-9bfd-90ef89bee491,Star Lamp,331,nm,absorbance,412.4542734490976
417.376,51.326857,01c12b8c-364f-4208-9bfd-90ef89bee491,Star Lamp,332,nm,absorbance,412.6666872844651
417.59,53.688589,01c12b8c-364f-4208-9bfd-90ef89bee491,Star Lamp,333,nm,absorbance,412.87910111983257
417.805,58.069162000000006,01c12b8c-364f-4208-9bfd-90ef89bee491,Star Lamp,334,nm,absorbance,413.09250754321585
418.019,60.753477,01c12b8c-364f-4208-9bfd-90ef89bee491,Star Lamp,335,nm,absorbance,413.3049213785833
418.234,62.803791,01c12b8c-364f-4208-9bfd-90ef89bee491,Star Lamp,336,nm,absorbance,413.51832780196645
418.448,62.231516,01c12b8c-364f-4208-9bfd-90ef89bee491,Star Lamp,337,nm,absorbance,413.73074163733395
418.663,69.456439,01c12b8c-364f-4208-9bfd-90ef89bee491,Star Lamp,338,nm,absorbance,413.94414806071717
418.877,71.58809900000001,01c12b8c-364f-4208-9bfd-90ef89bee491,Star Lamp,339,nm,absorbance,414.1565618960846
419.091,70.78636500000002,01c12b8c-364f-4208-9bfd-90ef89bee491,Star Lamp,340,nm,absorbance,414.3689757314521
419.306,66.83171899999999,01c12b8c-364f-4208-9bfd-90ef89bee491,Star Lamp,341,nm,absorbance,414.5823821548353
419.52,63.454801,01c12b8c-364f-4208-9bfd-90ef89bee491,Star Lamp,342,nm,absorbance,414.7947959902028
419.734,69.398596,01c12b8c-364f-4208-9bfd-90ef89bee491,Star Lamp,343,nm,absorbance,415.0072098255702
419.949,66.789488,01c12b8c-364f-4208-9bfd-90ef89bee491,Star Lamp,344,nm,absorbance,415.22061624895343
420.163,68.260548,01c12b8c-364f-4208-9bfd-90ef89bee491,Star Lamp,345,nm,absorbance,415.43303008432093
420.377,63.88653300000001,01c12b8c-364f-4208-9bfd-90ef89bee491,Star Lamp,346,nm,absorbance,415.6454439196884
420.591,65.415328,01c12b8c-364f-4208-9bfd-90ef89bee491,Star Lamp,347,nm,absorbance,415.8578577550559
420.806,61.352160000000005,01c12b8c-364f-4208-9bfd-90ef89bee491,Star Lamp,348,nm,absorbance,416.07126417843904
421.02,63.170418000000005,01c12b8c-364f-4208-9bfd-90ef89bee491,Star Lamp,349,nm,absorbance,416.2836780138065
421.234,62.435663,01c12b8c-364f-4208-9bfd-90ef89bee491,Star Lamp,350,nm,absorbance,416.496091849174
421.448,65.66115900000001,01c12b8c-364f-4208-9bfd-90ef89bee491,Star Lamp,351,nm,absorbance,416.7085056845414
421.663,68.035832,01c12b8c-364f-4208-9bfd-90ef89bee491,Star Lamp,352,nm,absorbance,416.9219121079247
421.877,70.467937,01c12b8c-364f-4208-9bfd-90ef89bee491,Star Lamp,353,nm,absorbance,417.13432594329214
422.091,68.871017,01c12b8c-364f-4208-9bfd-90ef89bee491,Star Lamp,354,nm,absorbance,417.3467397786596
422.305,64.716733,01c12b8c-364f-4208-9bfd-90ef89bee491,Star Lamp,355,nm,absorbance,417.5591536140271
422.519,63.174749,01c12b8c-364f-4208-9bfd-90ef89bee491,Star Lamp,356,nm,absorbance,417.7715674493945
422.733,63.858325,01c12b8c-364f-4208-9bfd-90ef89bee491,Star Lamp,357,nm,absorbance,417.983981284762
422.947,64.53027599999999,01c12b8c-364f-4208-9bfd-90ef89bee491,Star Lamp,358,nm,absorbance,418.19639512012947
423.161,62.027931,01c12b8c-364f-4208-9bfd-90ef89bee491,Star Lamp,359,nm,absorbance,418.40880895549697
423.376,66.045911,01c12b8c-364f-4208-9bfd-90ef89bee491,Star Lamp,360,nm,absorbance,418.6222153788801
423.59,68.519889,01c12b8c-364f-4208-9bfd-90ef89bee491,Star Lamp,361,nm,absorbance,418.83462921424757
423.804,67.01150200000001,01c12b8c-364f-4208-9bfd-90ef89bee491,Star Lamp,362,nm,absorbance,419.04704304961507
424.018,62.579786,01c12b8c-364f-4208-9bfd-90ef89bee491,Star Lamp,363,nm,absorbance,419.2594568849825
424.232,62.49652,01c12b8c-364f-4208-9bfd-90ef89bee491,Star Lamp,364,nm,absorbance,419.47187072035007
424.446,66.99887299999997,01c12b8c-364f-4208-9bfd-90ef89bee491,Star Lamp,365,nm,absorbance,419.6842845557175
424.66,70.496141,01c12b8c-364f-4208-9bfd-90ef89bee491,Star Lamp,366,nm,absorbance,419.89669839108495
424.874,70.43435099999999,01c12b8c-364f-4208-9bfd-90ef89bee491,Star Lamp,367,nm,absorbance,420.10911222645245
425.088,68.21892700000001,01c12b8c-364f-4208-9bfd-90ef89bee491,Star Lamp,368,nm,absorbance,420.3215260618199
425.302,67.908503,01c12b8c-364f-4208-9bfd-90ef89bee491,Star Lamp,369,nm,absorbance,420.5339398971874
425.515,66.53150299999999,01c12b8c-364f-4208-9bfd-90ef89bee491,Star Lamp,370,nm,absorbance,420.74536114453906
425.729,72.231923,01c12b8c-364f-4208-9bfd-90ef89bee491,Star Lamp,371,nm,absorbance,420.95777497990656
425.943,71.60957700000002,01c12b8c-364f-4208-9bfd-90ef89bee491,Star Lamp,372,nm,absorbance,421.170188815274
426.157,70.82024200000001,01c12b8c-364f-4208-9bfd-90ef89bee491,Star Lamp,373,nm,absorbance,421.3826026506415
426.371,70.81707300000001,01c12b8c-364f-4208-9bfd-90ef89bee491,Star Lamp,374,nm,absorbance,421.59501648600894
426.585,68.674092,01c12b8c-364f-4208-9bfd-90ef89bee491,Star Lamp,375,nm,absorbance,421.8074303213764
426.799,73.322731,01c12b8c-364f-4208-9bfd-90ef89bee491,Star Lamp,376,nm,absorbance,422.0198441567439
427.013,74.33312199999999,01c12b8c-364f-4208-9bfd-90ef89bee491,Star Lamp,377,nm,absorbance,422.23225799211133
427.226,77.38732300000001,01c12b8c-364f-4208-9bfd-90ef89bee491,Star Lamp,378,nm,absorbance,422.4436792394631
427.44,76.664091,01c12b8c-364f-4208-9bfd-90ef89bee491,Star Lamp,379,nm,absorbance,422.65609307483055
427.654,71.813755,01c12b8c-364f-4208-9bfd-90ef89bee491,Star Lamp,380,nm,absorbance,422.86850691019805
427.868,70.26214200000001,01c12b8c-364f-4208-9bfd-90ef89bee491,Star Lamp,381,nm,absorbance,423.0809207455655
428.081,68.485467,01c12b8c-364f-4208-9bfd-90ef89bee491,Star Lamp,382,nm,absorbance,423.2923419929173
428.295,72.578227,01c12b8c-364f-4208-9bfd-90ef89bee491,Star Lamp,383,nm,absorbance,423.5047558282847
428.509,74.45245099999998,01c12b8c-364f-4208-9bfd-90ef89bee491,Star Lamp,384,nm,absorbance,423.7171696636522
428.723,73.093469,01c12b8c-364f-4208-9bfd-90ef89bee491,Star Lamp,385,nm,absorbance,423.92958349901966
428.936,71.408095,01c12b8c-364f-4208-9bfd-90ef89bee491,Star Lamp,386,nm,absorbance,424.1410047463714
429.15,67.31342,01c12b8c-364f-4208-9bfd-90ef89bee491,Star Lamp,387,nm,absorbance,424.3534185817388
429.364,67.241461,01c12b8c-364f-4208-9bfd-90ef89bee491,Star Lamp,388,nm,absorbance,424.56583241710626
429.577,67.62914200000002,01c12b8c-364f-4208-9bfd-90ef89bee491,Star Lamp,389,nm,absorbance,424.77725366445804
429.791,70.896328,01c12b8c-364f-4208-9bfd-90ef89bee491,Star Lamp,390,nm,absorbance,424.9896674998255
430.005,73.648462,01c12b8c-364f-4208-9bfd-90ef89bee491,Star Lamp,391,nm,absorbance,425.202081335193
430.218,76.36071499999998,01c12b8c-364f-4208-9bfd-90ef89bee491,Star Lamp,392,nm,absorbance,425.4135025825447
430.432,76.753734,01c12b8c-364f-4208-9bfd-90ef89bee491,Star Lamp,393,nm,absorbance,425.6259164179122
430.645,71.732694,01c12b8c-364f-4208-9bfd-90ef89bee491,Star Lamp,394,nm,absorbance,425.8373376652639
430.859,68.64651799999999,01c12b8c-364f-4208-9bfd-90ef89bee491,Star Lamp,395,nm,absorbance,426.0497515006314
431.073,66.406457,01c12b8c-364f-4208-9bfd-90ef89bee491,Star Lamp,396,nm,absorbance,426.2621653359988
431.286,74.634082,01c12b8c-364f-4208-9bfd-90ef89bee491,Star Lamp,397,nm,absorbance,426.4735865833506
431.5,77.26634500000003,01c12b8c-364f-4208-9bfd-90ef89bee491,Star Lamp,398,nm,absorbance,426.68600041871804
431.713,79.230234,01c12b8c-364f-4208-9bfd-90ef89bee491,Star Lamp,399,nm,absorbance,426.8974216660698
431.927,76.14748700000001,01c12b8c-364f-4208-9bfd-90ef89bee491,Star Lamp,400,nm,absorbance,427.10983550143726
432.14,73.485219,01c12b8c-364f-4208-9bfd-90ef89bee491,Star Lamp,401,nm,absorbance,427.321256748789
432.354,71.55656300000001,01c12b8c-364f-4208-9bfd-90ef89bee491,Star Lamp,402,nm,absorbance,427.5336705841564
432.567,71.172879,01c12b8c-364f-4208-9bfd-90ef89bee491,Star Lamp,403,nm,absorbance,427.7450918315082
432.781,68.93253899999999,01c12b8c-364f-4208-9bfd-90ef89bee491,Star Lamp,404,nm,absorbance,427.95750566687565
432.994,70.170733,01c12b8c-364f-4208-9bfd-90ef89bee491,Star Lamp,405,nm,absorbance,428.1689269142274
433.207,72.675848,01c12b8c-364f-4208-9bfd-90ef89bee491,Star Lamp,406,nm,absorbance,428.3803481615791
433.421,73.68850499999999,01c12b8c-364f-4208-9bfd-90ef89bee491,Star Lamp,407,nm,absorbance,428.5927619969466
433.634,75.088467,01c12b8c-364f-4208-9bfd-90ef89bee491,Star Lamp,408,nm,absorbance,428.8041832442983
433.848,71.381971,01c12b8c-364f-4208-9bfd-90ef89bee491,Star Lamp,409,nm,absorbance,429.0165970796658
434.061,70.498883,01c12b8c-364f-4208-9bfd-90ef89bee491,Star Lamp,410,nm,absorbance,429.2280183270175
434.274,67.80818,01c12b8c-364f-4208-9bfd-90ef89bee491,Star Lamp,411,nm,absorbance,429.43943957436926
434.488,67.948279,01c12b8c-364f-4208-9bfd-90ef89bee491,Star Lamp,412,nm,absorbance,429.6518534097367
434.701,69.30467300000001,01c12b8c-364f-4208-9bfd-90ef89bee491,Star Lamp,413,nm,absorbance,429.8632746570885
434.914,69.3423,01c12b8c-364f-4208-9bfd-90ef89bee491,Star Lamp,414,nm,absorbance,430.07469590444015
435.127,71.18180400000001,01c12b8c-364f-4208-9bfd-90ef89bee491,Star Lamp,415,nm,absorbance,430.2861171517919
435.341,68.528716,01c12b8c-364f-4208-9bfd-90ef89bee491,Star Lamp,416,nm,absorbance,430.49853098715937
435.554,69.37665799999999,01c12b8c-364f-4208-9bfd-90ef89bee491,Star Lamp,417,nm,absorbance,430.7099522345111
435.767,70.02938999999999,01c12b8c-364f-4208-9bfd-90ef89bee491,Star Lamp,418,nm,absorbance,430.9213734818629
435.98,72.539132,01c12b8c-364f-4208-9bfd-90ef89bee491,Star Lamp,419,nm,absorbance,431.1327947292146
436.194,73.81896900000001,01c12b8c-364f-4208-9bfd-90ef89bee491,Star Lamp,420,nm,absorbance,431.3452085645821
436.407,73.27284699999998,01c12b8c-364f-4208-9bfd-90ef89bee491,Star Lamp,421,nm,absorbance,431.55662981193376
436.62,74.30653799999999,01c12b8c-364f-4208-9bfd-90ef89bee491,Star Lamp,422,nm,absorbance,431.76805105928554
436.833,73.177584,01c12b8c-364f-4208-9bfd-90ef89bee491,Star Lamp,423,nm,absorbance,431.97947230663726
437.046,72.25307000000001,01c12b8c-364f-4208-9bfd-90ef89bee491,Star Lamp,424,nm,absorbance,432.190893553989
437.259,66.16027799999999,01c12b8c-364f-4208-9bfd-90ef89bee491,Star Lamp,425,nm,absorbance,432.4023148013407
437.473,66.432939,01c12b8c-364f-4208-9bfd-90ef89bee491,Star Lamp,426,nm,absorbance,432.6147286367082
437.686,65.184445,01c12b8c-364f-4208-9bfd-90ef89bee491,Star Lamp,427,nm,absorbance,432.8261498840599
437.899,67.929169,01c12b8c-364f-4208-9bfd-90ef89bee491,Star Lamp,428,nm,absorbance,433.03757113141165
438.112,65.54045599999999,01c12b8c-364f-4208-9bfd-90ef89bee491,Star Lamp,429,nm,absorbance,433.2489923787634
438.325,62.936126,01c12b8c-364f-4208-9bfd-90ef89bee491,Star Lamp,430,nm,absorbance,433.4604136261151
438.538,65.892241,01c12b8c-364f-4208-9bfd-90ef89bee491,Star Lamp,431,nm,absorbance,433.6718348734669
438.751,72.357038,01c12b8c-364f-4208-9bfd-90ef89bee491,Star Lamp,432,nm,absorbance,433.88325612081854
438.964,77.61768300000001,01c12b8c-364f-4208-9bfd-90ef89bee491,Star Lamp,433,nm,absorbance,434.0946773681703
439.177,74.730111,01c12b8c-364f-4208-9bfd-90ef89bee491,Star Lamp,434,nm,absorbance,434.30609861552205
439.39,74.543727,01c12b8c-364f-4208-9bfd-90ef89bee491,Star Lamp,435,nm,absorbance,434.51751986287377
439.603,76.16026099999999,01c12b8c-364f-4208-9bfd-90ef89bee491,Star Lamp,436,nm,absorbance,434.7289411102255
439.816,79.32199800000001,01c12b8c-364f-4208-9bfd-90ef89bee491,Star Lamp,437,nm,absorbance,434.9403623575772
440.029,78.492778,01c12b8c-364f-4208-9bfd-90ef89bee491,Star Lamp,438,nm,absorbance,435.151783604929
440.242,78.523403,01c12b8c-364f-4208-9bfd-90ef89bee491,Star Lamp,439,nm,absorbance,435.3632048522807
440.455,82.85512100000001,01c12b8c-364f-4208-9bfd-90ef89bee491,Star Lamp,440,nm,absorbance,435.57462609963244
440.668,83.977124,01c12b8c-364f-4208-9bfd-90ef89bee491,Star Lamp,441,nm,absorbance,435.78604734698416
440.881,82.476892,01c12b8c-364f-4208-9bfd-90ef89bee491,Star Lamp,442,nm,absorbance,435.9974685943359
441.094,84.126876,01c12b8c-364f-4208-9bfd-90ef89bee491,Star Lamp,443,nm,absorbance,436.2088898416876
441.306,88.66331999999998,01c12b8c-364f-4208-9bfd-90ef89bee491,Star Lamp,444,nm,absorbance,436.4193185010236
441.519,96.782374,01c12b8c-364f-4208-9bfd-90ef89bee491,Star Lamp,445,nm,absorbance,436.6307397483754
441.732,93.624931,01c12b8c-364f-4208-9bfd-90ef89bee491,Star Lamp,446,nm,absorbance,436.8421609957271
441.945,91.283516,01c12b8c-364f-4208-9bfd-90ef89bee491,Star Lamp,447,nm,absorbance,437.05358224307884
442.158,83.516622,01c12b8c-364f-4208-9bfd-90ef89bee491,Star Lamp,448,nm,absorbance,437.26500349043056
442.37,87.69227500000001,01c12b8c-364f-4208-9bfd-90ef89bee491,Star Lamp,449,nm,absorbance,437.47543214976656
442.583,91.358684,01c12b8c-364f-4208-9bfd-90ef89bee491,Star Lamp,450,nm,absorbance,437.68685339711834
442.796,94.012135,01c12b8c-364f-4208-9bfd-90ef89bee491,Star Lamp,451,nm,absorbance,437.89827464447
443.009,87.477763,01c12b8c-364f-4208-9bfd-90ef89bee491,Star Lamp,452,nm,absorbance,438.1096958918218
443.222,82.256476,01c12b8c-364f-4208-9bfd-90ef89bee491,Star Lamp,453,nm,absorbance,438.32111713917345
443.434,82.884105,01c12b8c-364f-4208-9bfd-90ef89bee491,Star Lamp,454,nm,absorbance,438.5315457985095
443.647,85.17288599999999,01c12b8c-364f-4208-9bfd-90ef89bee491,Star Lamp,455,nm,absorbance,438.74296704586123
443.86,88.22930900000001,01c12b8c-364f-4208-9bfd-90ef89bee491,Star Lamp,456,nm,absorbance,438.95438829321296
444.072,87.828018,01c12b8c-364f-4208-9bfd-90ef89bee491,Star Lamp,457,nm,absorbance,439.16481695254896
444.285,86.46695600000001,01c12b8c-364f-4208-9bfd-90ef89bee491,Star Lamp,458,nm,absorbance,439.3762381999007
444.498,84.26134799999998,01c12b8c-364f-4208-9bfd-90ef89bee491,Star Lamp,459,nm,absorbance,439.5876594472524
444.71,85.228409,01c12b8c-364f-4208-9bfd-90ef89bee491,Star Lamp,460,nm,absorbance,439.7980881065884
444.923,85.776253,01c12b8c-364f-4208-9bfd-90ef89bee491,Star Lamp,461,nm,absorbance,440.00950935394013
445.136,81.500536,01c12b8c-364f-4208-9bfd-90ef89bee491,Star Lamp,462,nm,absorbance,440.2209306012919
445.348,85.11314399999999,01c12b8c-364f-4208-9bfd-90ef89bee491,Star Lamp,463,nm,absorbance,440.43135926062786
445.561,91.31448399999998,01c12b8c-364f-4208-9bfd-90ef89bee491,Star Lamp,464,nm,absorbance,440.6427805079796
445.773,98.710316,01c12b8c-364f-4208-9bfd-90ef89bee491,Star Lamp,465,nm,absorbance,440.85320916731564
445.986,106.374039,01c12b8c-364f-4208-9bfd-90ef89bee491,Star Lamp,466,nm,absorbance,441.0646304146673
446.198,119.354389,01c12b8c-364f-4208-9bfd-90ef89bee491,Star Lamp,467,nm,absorbance,441.2750590740033
446.411,140.73806,01c12b8c-364f-4208-9bfd-90ef89bee491,Star Lamp,468,nm,absorbance,441.4864803213551
446.623,157.30056900000002,01c12b8c-364f-4208-9bfd-90ef89bee491,Star Lamp,469,nm,absorbance,441.69690898069103
446.836,184.716445,01c12b8c-364f-4208-9bfd-90ef89bee491,Star Lamp,470,nm,absorbance,441.9083302280428
447.048,216.16719800000004,01c12b8c-364f-4208-9bfd-90ef89bee491,Star Lamp,471,nm,absorbance,442.11875888737876
447.261,257.996469,01c12b8c-364f-4208-9bfd-90ef89bee491,Star Lamp,472,nm,absorbance,442.33018013473054
447.473,298.043399,01c12b8c-364f-4208-9bfd-90ef89bee491,Star Lamp,473,nm,absorbance,442.54060879406654
447.686,344.738588,01c12b8c-364f-4208-9bfd-90ef89bee491,Star Lamp,474,nm,absorbance,442.7520300414182
447.898,389.722005,01c12b8c-364f-4208-9bfd-90ef89bee491,Star Lamp,475,nm,absorbance,442.96245870075427
448.11,432.827286,01c12b8c-364f-4208-9bfd-90ef89bee491,Star Lamp,476,nm,absorbance,443.1728873600903
448.323,458.407651,01c12b8c-364f-4208-9bfd-90ef89bee491,Star Lamp,477,nm,absorbance,443.38430860744194
448.535,463.7179239999999,01c12b8c-364f-4208-9bfd-90ef89bee491,Star Lamp,478,nm,absorbance,443.594737266778
448.748,470.496731,01c12b8c-364f-4208-9bfd-90ef89bee491,Star Lamp,479,nm,absorbance,443.8061585141297
448.96,481.123672,01c12b8c-364f-4208-9bfd-90ef89bee491,Star Lamp,480,nm,absorbance,444.01658717346567
449.172,501.451253,01c12b8c-364f-4208-9bfd-90ef89bee491,Star Lamp,481,nm,absorbance,444.2270158328017
449.385,520.4428839999998,01c12b8c-364f-4208-9bfd-90ef89bee491,Star Lamp,482,nm,absorbance,444.4384370801534
449.597,535.746329,01c12b8c-364f-4208-9bfd-90ef89bee491,Star Lamp,483,nm,absorbance,444.6488657394894
449.809,564.2009180000001,01c12b8c-364f-4208-9bfd-90ef89bee491,Star Lamp,484,nm,absorbance,444.85929439882545
450.021,582.150347,01c12b8c-364f-4208-9bfd-90ef89bee491,Star Lamp,485,nm,absorbance,445.06972305816146
450.234,592.0791320000001,01c12b8c-364f-4208-9bfd-90ef89bee491,Star Lamp,486,nm,absorbance,445.2811443055131
450.446,590.02726,01c12b8c-364f-4208-9bfd-90ef89bee491,Star Lamp,487,nm,absorbance,445.4915729648492
450.658,604.2493830000001,01c12b8c-364f-4208-9bfd-90ef89bee491,Star Lamp,488,nm,absorbance,445.7020016241852
450.87,629.670561,01c12b8c-364f-4208-9bfd-90ef89bee491,Star Lamp,489,nm,absorbance,445.91243028352113
451.083,656.726619,01c12b8c-364f-4208-9bfd-90ef89bee491,Star Lamp,490,nm,absorbance,446.1238515308729
451.295,667.8887000000001,01c12b8c-364f-4208-9bfd-90ef89bee491,Star Lamp,491,nm,absorbance,446.33428019020886
451.507,668.628232,01c12b8c-364f-4208-9bfd-90ef89bee491,Star Lamp,492,nm,absorbance,446.54470884954486
451.719,678.5360000000001,01c12b8c-364f-4208-9bfd-90ef89bee491,Star Lamp,493,nm,absorbance,446.75513750888086
451.931,687.361549,01c12b8c-364f-4208-9bfd-90ef89bee491,Star Lamp,494,nm,absorbance,446.96556616821687
452.143,707.012825,01c12b8c-364f-4208-9bfd-90ef89bee491,Star Lamp,495,nm,absorbance,447.1759948275528
452.356,711.8646669999999,01c12b8c-364f-4208-9bfd-90ef89bee491,Star Lamp,496,nm,absorbance,447.3874160749046
452.568,724.9471679999999,01c12b8c-364f-4208-9bfd-90ef89bee491,Star Lamp,497,nm,absorbance,447.5978447342406
452.78,738.2462149999999,01c12b8c-364f-4208-9bfd-90ef89bee491,Star Lamp,498,nm,absorbance,447.80827339357654
452.992,759.0389710000002,01c12b8c-364f-4208-9bfd-90ef89bee491,Star Lamp,499,nm,absorbance,448.0187020529126
453.204,759.418863,01c12b8c-364f-4208-9bfd-90ef89bee491,Star Lamp,500,nm,absorbance,448.2291307122486
453.416,753.20097,01c12b8c-364f-4208-9bfd-90ef89bee491,Star Lamp,501,nm,absorbance,448.43955937158455
453.628,750.3083990000001,01c12b8c-364f-4208-9bfd-90ef89bee491,Star Lamp,502,nm,absorbance,448.64998803092055
453.84,762.46828,01c12b8c-364f-4208-9bfd-90ef89bee491,Star Lamp,503,nm,absorbance,448.86041669025656
454.052,791.6479949999999,01c12b8c-364f-4208-9bfd-90ef89bee491,Star Lamp,504,nm,absorbance,449.07084534959256
454.264,806.9093129999999,01c12b8c-364f-4208-9bfd-90ef89bee491,Star Lamp,505,nm,absorbance,449.28127400892856
454.476,830.0531720000001,01c12b8c-364f-4208-9bfd-90ef89bee491,Star Lamp,506,nm,absorbance,449.49170266826457
454.688,838.104904,01c12b8c-364f-4208-9bfd-90ef89bee491,Star Lamp,507,nm,absorbance,449.7021313276005
454.9,830.7766509999999,01c12b8c-364f-4208-9bfd-90ef89bee491,Star Lamp,508,nm,absorbance,449.9125599869365
455.112,798.714588,01c12b8c-364f-4208-9bfd-90ef89bee491,Star Lamp,509,nm,absorbance,450.1229886462726
455.324,768.579667,01c12b8c-364f-4208-9bfd-90ef89bee491,Star Lamp,510,nm,absorbance,450.3334173056086
455.536,750.8943949999999,01c12b8c-364f-4208-9bfd-90ef89bee491,Star Lamp,511,nm,absorbance,450.5438459649445
455.747,728.5982999999999,01c12b8c-364f-4208-9bfd-90ef89bee491,Star Lamp,512,nm,absorbance,450.7532820362648
455.959,696.7513569999999,01c12b8c-364f-4208-9bfd-90ef89bee491,Star Lamp,513,nm,absorbance,450.9637106956008
456.171,648.5717940000001,01c12b8c-364f-4208-9bfd-90ef89bee491,Star Lamp,514,nm,absorbance,451.17413935493676
456.383,596.943989,01c12b8c-364f-4208-9bfd-90ef89bee491,Star Lamp,515,nm,absorbance,451.38456801427276
456.595,545.423964,01c12b8c-364f-4208-9bfd-90ef89bee491,Star Lamp,516,nm,absorbance,451.5949966736088
456.807,505.007214,01c12b8c-364f-4208-9bfd-90ef89bee491,Star Lamp,517,nm,absorbance,451.8054253329448
457.018,475.18180500000005,01c12b8c-364f-4208-9bfd-90ef89bee491,Star Lamp,518,nm,absorbance,452.014861404265
457.23,432.99128900000005,01c12b8c-364f-4208-9bfd-90ef89bee491,Star Lamp,519,nm,absorbance,452.22529006360105
457.442,390.009719,01c12b8c-364f-4208-9bfd-90ef89bee491,Star Lamp,520,nm,absorbance,452.43571872293705
457.654,333.35316900000004,01c12b8c-364f-4208-9bfd-90ef89bee491,Star Lamp,521,nm,absorbance,452.64614738227306
457.865,267.13509600000003,01c12b8c-364f-4208-9bfd-90ef89bee491,Star Lamp,522,nm,absorbance,452.8555834535933
458.077,197.741319,01c12b8c-364f-4208-9bfd-90ef89bee491,Star Lamp,523,nm,absorbance,453.0660121129293
458.289,142.75595800000002,01c12b8c-364f-4208-9bfd-90ef89bee491,Star Lamp,524,nm,absorbance,453.2764407722653
458.501,116.66020899999998,01c12b8c-364f-4208-9bfd-90ef89bee491,Star Lamp,525,nm,absorbance,453.48686943160124
458.712,106.566955,01c12b8c-364f-4208-9bfd-90ef89bee491,Star Lamp,526,nm,absorbance,453.6963055029215
458.924,102.639981,01c12b8c-364f-4208-9bfd-90ef89bee491,Star Lamp,527,nm,absorbance,453.9067341622575
459.136,94.16489799999998,01c12b8c-364f-4208-9bfd-90ef89bee491,Star Lamp,528,nm,absorbance,454.1171628215936
459.347,85.871687,01c12b8c-364f-4208-9bfd-90ef89bee491,Star Lamp,529,nm,absorbance,454.32659889291375
459.559,86.62138999999999,01c12b8c-364f-4208-9bfd-90ef89bee491,Star Lamp,530,nm,absorbance,454.5370275522498
459.77,88.91230200000001,01c12b8c-364f-4208-9bfd-90ef89bee491,Star Lamp,531,nm,absorbance,454.74646362357004
459.982,92.363993,01c12b8c-364f-4208-9bfd-90ef89bee491,Star Lamp,532,nm,absorbance,454.9568922829061
460.194,86.619977,01c12b8c-364f-4208-9bfd-90ef89bee491,Star Lamp,533,nm,absorbance,455.16732094224204
460.405,90.643524,01c12b8c-364f-4208-9bfd-90ef89bee491,Star Lamp,534,nm,absorbance,455.37675701356227
460.617,91.702865,01c12b8c-364f-4208-9bfd-90ef89bee491,Star Lamp,535,nm,absorbance,455.58718567289833
460.828,95.614311,01c12b8c-364f-4208-9bfd-90ef89bee491,Star Lamp,536,nm,absorbance,455.79662174421856
461.04,92.251498,01c12b8c-364f-4208-9bfd-90ef89bee491,Star Lamp,537,nm,absorbance,456.00705040355456
461.251,96.835564,01c12b8c-364f-4208-9bfd-90ef89bee491,Star Lamp,538,nm,absorbance,456.2164864748748
461.463,96.793445,01c12b8c-364f-4208-9bfd-90ef89bee491,Star Lamp,539,nm,absorbance,456.42691513421084
461.674,94.77608,01c12b8c-364f-4208-9bfd-90ef89bee491,Star Lamp,540,nm,absorbance,456.63635120553107
461.886,84.69974400000001,01c12b8c-364f-4208-9bfd-90ef89bee491,Star Lamp,541,nm,absorbance,456.84677986486713
462.097,84.395092,01c12b8c-364f-4208-9bfd-90ef89bee491,Star Lamp,542,nm,absorbance,457.0562159361873
462.309,88.02779199999999,01c12b8c-364f-4208-9bfd-90ef89bee491,Star Lamp,543,nm,absorbance,457.26664459552336
462.52,93.506439,01c12b8c-364f-4208-9bfd-90ef89bee491,Star Lamp,544,nm,absorbance,457.4760806668436
462.731,93.842173,01c12b8c-364f-4208-9bfd-90ef89bee491,Star Lamp,545,nm,absorbance,457.68551673816387
462.943,90.535733,01c12b8c-364f-4208-9bfd-90ef89bee491,Star Lamp,546,nm,absorbance,457.8959453974998
463.154,86.582822,01c12b8c-364f-4208-9bfd-90ef89bee491,Star Lamp,547,nm,absorbance,458.1053814688201
463.366,88.47552400000001,01c12b8c-364f-4208-9bfd-90ef89bee491,Star Lamp,548,nm,absorbance,458.3158101281561
463.577,87.27542399999999,01c12b8c-364f-4208-9bfd-90ef89bee491,Star Lamp,549,nm,absorbance,458.5252461994764
463.788,92.016617,01c12b8c-364f-4208-9bfd-90ef89bee491,Star Lamp,550,nm,absorbance,458.73468227079667
464.0,87.676047,01c12b8c-364f-4208-9bfd-90ef89bee491,Star Lamp,551,nm,absorbance,458.9451109301326
464.211,88.440157,01c12b8c-364f-4208-9bfd-90ef89bee491,Star Lamp,552,nm,absorbance,459.1545470014529
464.422,86.482741,01c12b8c-364f-4208-9bfd-90ef89bee491,Star Lamp,553,nm,absorbance,459.3639830727732
464.634,87.51248600000001,01c12b8c-364f-4208-9bfd-90ef89bee491,Star Lamp,554,nm,absorbance,459.5744117321092
464.845,86.603402,01c12b8c-364f-4208-9bfd-90ef89bee491,Star Lamp,555,nm,absorbance,459.7838478034294
465.056,87.219363,01c12b8c-364f-4208-9bfd-90ef89bee491,Star Lamp,556,nm,absorbance,459.99328387474964
465.267,84.091466,01c12b8c-364f-4208-9bfd-90ef89bee491,Star Lamp,557,nm,absorbance,460.2027199460699
465.478,86.98196499999999,01c12b8c-364f-4208-9bfd-90ef89bee491,Star Lamp,558,nm,absorbance,460.4121560173902
465.69,80.91135,01c12b8c-364f-4208-9bfd-90ef89bee491,Star Lamp,559,nm,absorbance,460.6225846767262
465.901,81.311768,01c12b8c-364f-4208-9bfd-90ef89bee491,Star Lamp,560,nm,absorbance,460.83202074804643
466.112,77.870956,01c12b8c-364f-4208-9bfd-90ef89bee491,Star Lamp,561,nm,absorbance,461.0414568193667
466.323,77.779,01c12b8c-364f-4208-9bfd-90ef89bee491,Star Lamp,562,nm,absorbance,461.25089289068694
466.534,79.080704,01c12b8c-364f-4208-9bfd-90ef89bee491,Star Lamp,563,nm,absorbance,461.4603289620072
466.745,77.91620400000002,01c12b8c-364f-4208-9bfd-90ef89bee491,Star Lamp,564,nm,absorbance,461.6697650333275
466.957,73.48331300000001,01c12b8c-364f-4208-9bfd-90ef89bee491,Star Lamp,565,nm,absorbance,461.8801936926635
467.168,69.430853,01c12b8c-364f-4208-9bfd-90ef89bee491,Star Lamp,566,nm,absorbance,462.08962976398374
467.379,69.76914300000001,01c12b8c-364f-4208-9bfd-90ef89bee491,Star Lamp,567,nm,absorbance,462.299065835304
467.59,72.47786999999998,01c12b8c-364f-4208-9bfd-90ef89bee491,Star Lamp,568,nm,absorbance,462.50850190662425
467.801,71.89095499999999,01c12b8c-364f-4208-9bfd-90ef89bee491,Star Lamp,569,nm,absorbance,462.71793797794453
468.012,68.066293,01c12b8c-364f-4208-9bfd-90ef89bee491,Star Lamp,570,nm,absorbance,462.9273740492648
468.223,65.489368,01c12b8c-364f-4208-9bfd-90ef89bee491,Star Lamp,571,nm,absorbance,463.13681012058504
468.434,61.053465,01c12b8c-364f-4208-9bfd-90ef89bee491,Star Lamp,572,nm,absorbance,463.3462461919053
468.645,60.50553399999999,01c12b8c-364f-4208-9bfd-90ef89bee491,Star Lamp,573,nm,absorbance,463.55568226322555
468.856,61.406154,01c12b8c-364f-4208-9bfd-90ef89bee491,Star Lamp,574,nm,absorbance,463.76511833454583
469.067,63.129995,01c12b8c-364f-4208-9bfd-90ef89bee491,Star Lamp,575,nm,absorbance,463.9745544058661
469.278,63.93880199999999,01c12b8c-364f-4208-9bfd-90ef89bee491,Star Lamp,576,nm,absorbance,464.1839904771864
469.489,62.410687,01c12b8c-364f-4208-9bfd-90ef89bee491,Star Lamp,577,nm,absorbance,464.39342654850657
469.7,58.799789,01c12b8c-364f-4208-9bfd-90ef89bee491,Star Lamp,578,nm,absorbance,464.60286261982685
469.911,58.117689,01c12b8c-364f-4208-9bfd-90ef89bee491,Star Lamp,579,nm,absorbance,464.81229869114713
470.122,63.947069,01c12b8c-364f-4208-9bfd-90ef89bee491,Star Lamp,580,nm,absorbance,465.0217347624674
470.333,77.276813,01c12b8c-364f-4208-9bfd-90ef89bee491,Star Lamp,581,nm,absorbance,465.2311708337877
470.543,78.503873,01c12b8c-364f-4208-9bfd-90ef89bee491,Star Lamp,582,nm,absorbance,465.4396143170922
470.754,84.77684,01c12b8c-364f-4208-9bfd-90ef89bee491,Star Lamp,583,nm,absorbance,465.6490503884125
470.965,85.47493999999999,01c12b8c-364f-4208-9bfd-90ef89bee491,Star Lamp,584,nm,absorbance,465.85848645973266
471.176,99.24832,01c12b8c-364f-4208-9bfd-90ef89bee491,Star Lamp,585,nm,absorbance,466.06792253105294
471.387,108.194502,01c12b8c-364f-4208-9bfd-90ef89bee491,Star Lamp,586,nm,absorbance,466.2773586023732
471.598,129.983133,01c12b8c-364f-4208-9bfd-90ef89bee491,Star Lamp,587,nm,absorbance,466.4867946736935
471.808,155.865151,01c12b8c-364f-4208-9bfd-90ef89bee491,Star Lamp,588,nm,absorbance,466.695238156998
472.019,178.04155099999997,01c12b8c-364f-4208-9bfd-90ef89bee491,Star Lamp,589,nm,absorbance,466.9046742283183
472.23,191.283296,01c12b8c-364f-4208-9bfd-90ef89bee491,Star Lamp,590,nm,absorbance,467.1141102996386
472.441,201.61952,01c12b8c-364f-4208-9bfd-90ef89bee491,Star Lamp,591,nm,absorbance,467.32354637095875
472.651,214.009766,01c12b8c-364f-4208-9bfd-90ef89bee491,Star Lamp,592,nm,absorbance,467.5319898542633
472.862,228.879535,01c12b8c-364f-4208-9bfd-90ef89bee491,Star Lamp,593,nm,absorbance,467.7414259255836
473.073,236.258554,01c12b8c-364f-4208-9bfd-90ef89bee491,Star Lamp,594,nm,absorbance,467.9508619969038
473.283,242.346007,01c12b8c-364f-4208-9bfd-90ef89bee491,Star Lamp,595,nm,absorbance,468.1593054802084
473.494,245.71767900000003,01c12b8c-364f-4208-9bfd-90ef89bee491,Star Lamp,596,nm,absorbance,468.3687415515287
473.705,253.60613700000005,01c12b8c-364f-4208-9bfd-90ef89bee491,Star Lamp,597,nm,absorbance,468.5781776228489
473.915,262.532155,01c12b8c-364f-4208-9bfd-90ef89bee491,Star Lamp,598,nm,absorbance,468.78662110615346
474.126,271.082588,01c12b8c-364f-4208-9bfd-90ef89bee491,Star Lamp,599,nm,absorbance,468.99605717747363
474.337,279.295991,01c12b8c-364f-4208-9bfd-90ef89bee491,Star Lamp,600,nm,absorbance,469.2054932487939
474.547,283.400908,01c12b8c-364f-4208-9bfd-90ef89bee491,Star Lamp,601,nm,absorbance,469.4139367320985
474.758,288.925122,01c12b8c-364f-4208-9bfd-90ef89bee491,Star Lamp,602,nm,absorbance,469.6233728034187
474.968,289.201084,01c12b8c-364f-4208-9bfd-90ef89bee491,Star Lamp,603,nm,absorbance,469.83181628672327
475.179,295.036741,01c12b8c-364f-4208-9bfd-90ef89bee491,Star Lamp,604,nm,absorbance,470.0412523580435
475.389,305.556296,01c12b8c-364f-4208-9bfd-90ef89bee491,Star Lamp,605,nm,absorbance,470.24969584134806
475.6,308.0559400000001,01c12b8c-364f-4208-9bfd-90ef89bee491,Star Lamp,606,nm,absorbance,470.45913191266834
475.81,316.675129,01c12b8c-364f-4208-9bfd-90ef89bee491,Star Lamp,607,nm,absorbance,470.66757539597285
476.021,319.101506,01c12b8c-364f-4208-9bfd-90ef89bee491,Star Lamp,608,nm,absorbance,470.8770114672931
476.231,327.364622,01c12b8c-364f-4208-9bfd-90ef89bee491,Star Lamp,609,nm,absorbance,471.0854549505976
476.442,321.30819500000007,01c12b8c-364f-4208-9bfd-90ef89bee491,Star Lamp,610,nm,absorbance,471.29489102191786
476.652,318.031303,01c12b8c-364f-4208-9bfd-90ef89bee491,Star Lamp,611,nm,absorbance,471.50333450522237
476.863,314.49029499999995,01c12b8c-364f-4208-9bfd-90ef89bee491,Star Lamp,612,nm,absorbance,471.71277057654265
477.073,315.43808,01c12b8c-364f-4208-9bfd-90ef89bee491,Star Lamp,613,nm,absorbance,471.92121405984716
477.284,317.34886500000005,01c12b8c-364f-4208-9bfd-90ef89bee491,Star Lamp,614,nm,absorbance,472.13065013116744
477.494,328.66034399999995,01c12b8c-364f-4208-9bfd-90ef89bee491,Star Lamp,615,nm,absorbance,472.339093614472
477.704,337.214038,01c12b8c-364f-4208-9bfd-90ef89bee491,Star Lamp,616,nm,absorbance,472.5475370977765
477.915,333.0224529999999,01c12b8c-364f-4208-9bfd-90ef89bee491,Star Lamp,617,nm,absorbance,472.7569731690968
478.125,331.90574,01c12b8c-364f-4208-9bfd-90ef89bee491,Star Lamp,618,nm,absorbance,472.9654166524013
478.335,330.817,01c12b8c-364f-4208-9bfd-90ef89bee491,Star Lamp,619,nm,absorbance,473.17386013570575
478.546,337.759564,01c12b8c-364f-4208-9bfd-90ef89bee491,Star Lamp,620,nm,absorbance,473.38329620702604
478.756,332.13489,01c12b8c-364f-4208-9bfd-90ef89bee491,Star Lamp,621,nm,absorbance,473.59173969033054
478.966,331.84048799999994,01c12b8c-364f-4208-9bfd-90ef89bee491,Star Lamp,622,nm,absorbance,473.8001831736351
479.177,332.28151899999995,01c12b8c-364f-4208-9bfd-90ef89bee491,Star Lamp,623,nm,absorbance,474.0096192449554
479.387,332.48548400000004,01c12b8c-364f-4208-9bfd-90ef89bee491,Star Lamp,624,nm,absorbance,474.2180627282599
479.597,328.473376,01c12b8c-364f-4208-9bfd-90ef89bee491,Star Lamp,625,nm,absorbance,474.4265062115644
479.807,317.138032,01c12b8c-364f-4208-9bfd-90ef89bee491,Star Lamp,626,nm,absorbance,474.63494969486896
480.018,301.59961,01c12b8c-364f-4208-9bfd-90ef89bee491,Star Lamp,627,nm,absorbance,474.8443857661892
480.228,285.086334,01c12b8c-364f-4208-9bfd-90ef89bee491,Star Lamp,628,nm,absorbance,475.05282924949375
480.438,267.002789,01c12b8c-364f-4208-9bfd-90ef89bee491,Star Lamp,629,nm,absorbance,475.26127273279826
480.648,254.92625000000004,01c12b8c-364f-4208-9bfd-90ef89bee491,Star Lamp,630,nm,absorbance,475.4697162161028
480.858,238.484833,01c12b8c-364f-4208-9bfd-90ef89bee491,Star Lamp,631,nm,absorbance,475.67815969940733
481.068,225.60158300000003,01c12b8c-364f-4208-9bfd-90ef89bee491,Star Lamp,632,nm,absorbance,475.88660318271184
481.279,216.558612,01c12b8c-364f-4208-9bfd-90ef89bee491,Star Lamp,633,nm,absorbance,476.09603925403206
481.489,211.56141599999995,01c12b8c-364f-4208-9bfd-90ef89bee491,Star Lamp,634,nm,absorbance,476.30448273733657
481.699,199.568048,01c12b8c-364f-4208-9bfd-90ef89bee491,Star Lamp,635,nm,absorbance,476.51292622064113
481.909,189.515974,01c12b8c-364f-4208-9bfd-90ef89bee491,Star Lamp,636,nm,absorbance,476.72136970394564
482.119,173.210352,01c12b8c-364f-4208-9bfd-90ef89bee491,Star Lamp,637,nm,absorbance,476.9298131872502
482.329,163.654147,01c12b8c-364f-4208-9bfd-90ef89bee491,Star Lamp,638,nm,absorbance,477.1382566705547
482.539,143.598535,01c12b8c-364f-4208-9bfd-90ef89bee491,Star Lamp,639,nm,absorbance,477.3467001538592
482.749,123.645638,01c12b8c-364f-4208-9bfd-90ef89bee491,Star Lamp,640,nm,absorbance,477.5551436371638
482.959,109.845796,01c12b8c-364f-4208-9bfd-90ef89bee491,Star Lamp,641,nm,absorbance,477.7635871204683
483.169,104.470923,01c12b8c-364f-4208-9bfd-90ef89bee491,Star Lamp,642,nm,absorbance,477.9720306037728
483.379,105.219861,01c12b8c-364f-4208-9bfd-90ef89bee491,Star Lamp,643,nm,absorbance,478.18047408707736
483.589,104.978887,01c12b8c-364f-4208-9bfd-90ef89bee491,Star Lamp,644,nm,absorbance,478.38891757038186
483.799,104.057379,01c12b8c-364f-4208-9bfd-90ef89bee491,Star Lamp,645,nm,absorbance,478.59736105368637
484.009,108.06196100000004,01c12b8c-364f-4208-9bfd-90ef89bee491,Star Lamp,646,nm,absorbance,478.80580453699093
484.219,110.500846,01c12b8c-364f-4208-9bfd-90ef89bee491,Star Lamp,647,nm,absorbance,479.01424802029544
484.429,114.011304,01c12b8c-364f-4208-9bfd-90ef89bee491,Star Lamp,648,nm,absorbance,479.22269150359995
484.639,115.554669,01c12b8c-364f-4208-9bfd-90ef89bee491,Star Lamp,649,nm,absorbance,479.4311349869045
484.849,114.38612399999997,01c12b8c-364f-4208-9bfd-90ef89bee491,Star Lamp,650,nm,absorbance,479.639578470209
485.059,111.842921,01c12b8c-364f-4208-9bfd-90ef89bee491,Star Lamp,651,nm,absorbance,479.8480219535136
485.268,108.857297,01c12b8c-364f-4208-9bfd-90ef89bee491,Star Lamp,652,nm,absorbance,480.0554728488023
485.478,107.364629,01c12b8c-364f-4208-9bfd-90ef89bee491,Star Lamp,653,nm,absorbance,480.2639163321069
485.688,112.31015,01c12b8c-364f-4208-9bfd-90ef89bee491,Star Lamp,654,nm,absorbance,480.4723598154114
485.898,114.46872899999998,01c12b8c-364f-4208-9bfd-90ef89bee491,Star Lamp,655,nm,absorbance,480.68080329871594
486.108,124.53433400000002,01c12b8c-364f-4208-9bfd-90ef89bee491,Star Lamp,656,nm,absorbance,480.88924678202045
486.317,131.320174,01c12b8c-364f-4208-9bfd-90ef89bee491,Star Lamp,657,nm,absorbance,481.09669767730924
486.527,144.958788,01c12b8c-364f-4208-9bfd-90ef89bee491,Star Lamp,658,nm,absorbance,481.30514116061374
486.737,154.99073900000002,01c12b8c-364f-4208-9bfd-90ef89bee491,Star Lamp,659,nm,absorbance,481.5135846439183
486.947,162.054794,01c12b8c-364f-4208-9bfd-90ef89bee491,Star Lamp,660,nm,absorbance,481.7220281272228
487.156,170.273781,01c12b8c-364f-4208-9bfd-90ef89bee491,Star Lamp,661,nm,absorbance,481.9294790225116
487.366,172.728469,01c12b8c-364f-4208-9bfd-90ef89bee491,Star Lamp,662,nm,absorbance,482.1379225058161
487.576,183.387542,01c12b8c-364f-4208-9bfd-90ef89bee491,Star Lamp,663,nm,absorbance,482.34636598912067
487.785,187.910948,01c12b8c-364f-4208-9bfd-90ef89bee491,Star Lamp,664,nm,absorbance,482.55381688440946
487.995,194.282389,01c12b8c-364f-4208-9bfd-90ef89bee491,Star Lamp,665,nm,absorbance,482.76226036771396
488.205,195.240453,01c12b8c-364f-4208-9bfd-90ef89bee491,Star Lamp,666,nm,absorbance,482.97070385101847
488.414,199.642226,01c12b8c-364f-4208-9bfd-90ef89bee491,Star Lamp,667,nm,absorbance,483.17815474630726
488.624,210.561335,01c12b8c-364f-4208-9bfd-90ef89bee491,Star Lamp,668,nm,absorbance,483.3865982296118
488.834,215.186783,01c12b8c-364f-4208-9bfd-90ef89bee491,Star Lamp,669,nm,absorbance,483.5950417129163
489.043,218.256062,01c12b8c-364f-4208-9bfd-90ef89bee491,Star Lamp,670,nm,absorbance,483.8024926082051
489.253,217.689176,01c12b8c-364f-4208-9bfd-90ef89bee491,Star Lamp,671,nm,absorbance,484.0109360915096
489.462,221.941804,01c12b8c-364f-4208-9bfd-90ef89bee491,Star Lamp,672,nm,absorbance,484.2183869867984
489.672,221.454718,01c12b8c-364f-4208-9bfd-90ef89bee491,Star Lamp,673,nm,absorbance,484.42683047010297
489.882,220.45124,01c12b8c-364f-4208-9bfd-90ef89bee491,Star Lamp,674,nm,absorbance,484.6352739534075
490.091,222.818281,01c12b8c-364f-4208-9bfd-90ef89bee491,Star Lamp,675,nm,absorbance,484.84272484869626
490.301,228.832931,01c12b8c-364f-4208-9bfd-90ef89bee491,Star Lamp,676,nm,absorbance,485.05116833200077
490.51,233.158564,01c12b8c-364f-4208-9bfd-90ef89bee491,Star Lamp,677,nm,absorbance,485.25861922728956
490.72,234.753711,01c12b8c-364f-4208-9bfd-90ef89bee491,Star Lamp,678,nm,absorbance,485.4670627105941
490.929,237.492122,01c12b8c-364f-4208-9bfd-90ef89bee491,Star Lamp,679,nm,absorbance,485.67451360588285
491.138,241.667491,01c12b8c-364f-4208-9bfd-90ef89bee491,Star Lamp,680,nm,absorbance,485.88196450117164
491.348,248.839079,01c12b8c-364f-4208-9bfd-90ef89bee491,Star Lamp,681,nm,absorbance,486.0904079844762
491.557,254.481114,01c12b8c-364f-4208-9bfd-90ef89bee491,Star Lamp,682,nm,absorbance,486.297858879765
491.767,267.84747200000004,01c12b8c-364f-4208-9bfd-90ef89bee491,Star Lamp,683,nm,absorbance,486.5063023630695
491.976,282.412407,01c12b8c-364f-4208-9bfd-90ef89bee491,Star Lamp,684,nm,absorbance,486.7137532583583
492.185,300.883478,01c12b8c-364f-4208-9bfd-90ef89bee491,Star Lamp,685,nm,absorbance,486.92120415364707
492.395,330.651743,01c12b8c-364f-4208-9bfd-90ef89bee491,Star Lamp,686,nm,absorbance,487.1296476369516
492.604,373.034845,01c12b8c-364f-4208-9bfd-90ef89bee491,Star Lamp,687,nm,absorbance,487.33709853224036
492.813,434.238669,01c12b8c-364f-4208-9bfd-90ef89bee491,Star Lamp,688,nm,absorbance,487.5445494275292
493.023,495.65793300000007,01c12b8c-364f-4208-9bfd-90ef89bee491,Star Lamp,689,nm,absorbance,487.75299291083377
493.232,559.15075,01c12b8c-364f-4208-9bfd-90ef89bee491,Star Lamp,690,nm,absorbance,487.96044380612256
493.441,611.2147510000001,01c12b8c-364f-4208-9bfd-90ef89bee491,Star Lamp,691,nm,absorbance,488.1678947014113
493.651,649.5236400000001,01c12b8c-364f-4208-9bfd-90ef89bee491,Star Lamp,692,nm,absorbance,488.37633818471585
493.86,680.260556,01c12b8c-364f-4208-9bfd-90ef89bee491,Star Lamp,693,nm,absorbance,488.58378908000464
494.069,704.0952370000001,01c12b8c-364f-4208-9bfd-90ef89bee491,Star Lamp,694,nm,absorbance,488.7912399752934
494.278,727.845147,01c12b8c-364f-4208-9bfd-90ef89bee491,Star Lamp,695,nm,absorbance,488.9986908705822
494.488,741.708132,01c12b8c-364f-4208-9bfd-90ef89bee491,Star Lamp,696,nm,absorbance,489.2071343538867
494.697,748.849377,01c12b8c-364f-4208-9bfd-90ef89bee491,Star Lamp,697,nm,absorbance,489.4145852491755
494.906,753.4441909999999,01c12b8c-364f-4208-9bfd-90ef89bee491,Star Lamp,698,nm,absorbance,489.6220361444643
495.115,751.810315,01c12b8c-364f-4208-9bfd-90ef89bee491,Star Lamp,699,nm,absorbance,489.8294870397531
495.324,763.065457,01c12b8c-364f-4208-9bfd-90ef89bee491,Star Lamp,700,nm,absorbance,490.03693793504186
495.533,763.8016700000002,01c12b8c-364f-4208-9bfd-90ef89bee491,Star Lamp,701,nm,absorbance,490.24438883033065
495.743,771.649913,01c12b8c-364f-4208-9bfd-90ef89bee491,Star Lamp,702,nm,absorbance,490.45283231363516
495.952,766.197818,01c12b8c-364f-4208-9bfd-90ef89bee491,Star Lamp,703,nm,absorbance,490.660283208924
496.161,774.2248259999999,01c12b8c-364f-4208-9bfd-90ef89bee491,Star Lamp,704,nm,absorbance,490.8677341042128
496.37,777.625879,01c12b8c-364f-4208-9bfd-90ef89bee491,Star Lamp,705,nm,absorbance,491.0751849995016
496.579,786.758598,01c12b8c-364f-4208-9bfd-90ef89bee491,Star Lamp,706,nm,absorbance,491.28263589479036
496.788,787.190006,01c12b8c-364f-4208-9bfd-90ef89bee491,Star Lamp,707,nm,absorbance,491.49008679007915
496.997,781.966228,01c12b8c-364f-4208-9bfd-90ef89bee491,Star Lamp,708,nm,absorbance,491.69753768536793
497.206,772.1555599999999,01c12b8c-364f-4208-9bfd-90ef89bee491,Star Lamp,709,nm,absorbance,491.9049885806567
497.415,767.5314410000001,01c12b8c-364f-4208-9bfd-90ef89bee491,Star Lamp,710,nm,absorbance,492.1124394759455
497.624,776.422984,01c12b8c-364f-4208-9bfd-90ef89bee491,Star Lamp,711,nm,absorbance,492.3198903712343
497.833,774.3309300000001,01c12b8c-364f-4208-9bfd-90ef89bee491,Star Lamp,712,nm,absorbance,492.5273412665231
498.042,771.4291,01c12b8c-364f-4208-9bfd-90ef89bee491,Star Lamp,713,nm,absorbance,492.7347921618118
498.251,754.313445,01c12b8c-364f-4208-9bfd-90ef89bee491,Star Lamp,714,nm,absorbance,492.94224305710065
498.46,754.400878,01c12b8c-364f-4208-9bfd-90ef89bee491,Star Lamp,715,nm,absorbance,493.14969395238944
498.669,747.975709,01c12b8c-364f-4208-9bfd-90ef89bee491,Star Lamp,716,nm,absorbance,493.3571448476782
498.878,746.7120780000001,01c12b8c-364f-4208-9bfd-90ef89bee491,Star Lamp,717,nm,absorbance,493.564595742967
499.087,747.1948500000001,01c12b8c-364f-4208-9bfd-90ef89bee491,Star Lamp,718,nm,absorbance,493.7720466382558
499.296,751.725956,01c12b8c-364f-4208-9bfd-90ef89bee491,Star Lamp,719,nm,absorbance,493.9794975335446
499.504,752.3027639999999,01c12b8c-364f-4208-9bfd-90ef89bee491,Star Lamp,720,nm,absorbance,494.18595584081766
499.713,746.8303450000001,01c12b8c-364f-4208-9bfd-90ef89bee491,Star Lamp,721,nm,absorbance,494.39340673610644
499.922,742.944596,01c12b8c-364f-4208-9bfd-90ef89bee491,Star Lamp,722,nm,absorbance,494.60085763139523
500.131,736.4585059999999,01c12b8c-364f-4208-9bfd-90ef89bee491,Star Lamp,723,nm,absorbance,494.808308526684
500.34,727.963145,01c12b8c-364f-4208-9bfd-90ef89bee491,Star Lamp,724,nm,absorbance,495.0157594219728
500.549,718.7952849999999,01c12b8c-364f-4208-9bfd-90ef89bee491,Star Lamp,725,nm,absorbance,495.2232103172616
500.757,722.426019,01c12b8c-364f-4208-9bfd-90ef89bee491,Star Lamp,726,nm,absorbance,495.42966862453466
500.966,731.9528249999998,01c12b8c-364f-4208-9bfd-90ef89bee491,Star Lamp,727,nm,absorbance,495.63711951982344
501.175,752.456007,01c12b8c-364f-4208-9bfd-90ef89bee491,Star Lamp,728,nm,absorbance,495.84457041511223
501.384,781.421987,01c12b8c-364f-4208-9bfd-90ef89bee491,Star Lamp,729,nm,absorbance,496.052021310401
501.592,828.626928,01c12b8c-364f-4208-9bfd-90ef89bee491,Star Lamp,730,nm,absorbance,496.2584796176741
501.801,909.962024,01c12b8c-364f-4208-9bfd-90ef89bee491,Star Lamp,731,nm,absorbance,496.46593051296287
502.01,1030.853434,01c12b8c-364f-4208-9bfd-90ef89bee491,Star Lamp,732,nm,absorbance,496.67338140825166
502.218,1203.2802930000005,01c12b8c-364f-4208-9bfd-90ef89bee491,Star Lamp,733,nm,absorbance,496.8798397155247
502.427,1421.906496,01c12b8c-364f-4208-9bfd-90ef89bee491,Star Lamp,734,nm,absorbance,497.0872906108135
502.636,1675.5115009999995,01c12b8c-364f-4208-9bfd-90ef89bee491,Star Lamp,735,nm,absorbance,497.2947415061023
502.844,1905.845788,01c12b8c-364f-4208-9bfd-90ef89bee491,Star Lamp,736,nm,absorbance,497.5011998133753
503.053,2089.870276,01c12b8c-364f-4208-9bfd-90ef89bee491,Star Lamp,737,nm,absorbance,497.7086507086641
503.262,2208.8401,01c12b8c-364f-4208-9bfd-90ef89bee491,Star Lamp,738,nm,absorbance,497.91610160395294
503.47,2295.379455,01c12b8c-364f-4208-9bfd-90ef89bee491,Star Lamp,739,nm,absorbance,498.122559911226
503.679,2338.124925,01c12b8c-364f-4208-9bfd-90ef89bee491,Star Lamp,740,nm,absorbance,498.33001080651474
503.887,2367.587414,01c12b8c-364f-4208-9bfd-90ef89bee491,Star Lamp,741,nm,absorbance,498.5364691137878
504.096,2392.7669840000003,01c12b8c-364f-4208-9bfd-90ef89bee491,Star Lamp,742,nm,absorbance,498.7439200090766
504.304,2426.4486970000003,01c12b8c-364f-4208-9bfd-90ef89bee491,Star Lamp,743,nm,absorbance,498.9503783163496
504.513,2455.283475,01c12b8c-364f-4208-9bfd-90ef89bee491,Star Lamp,744,nm,absorbance,499.15782921163844
504.721,2491.4952880000005,01c12b8c-364f-4208-9bfd-90ef89bee491,Star Lamp,745,nm,absorbance,499.3642875189115
504.93,2525.697615,01c12b8c-364f-4208-9bfd-90ef89bee491,Star Lamp,746,nm,absorbance,499.5717384142003
505.138,2555.166652,01c12b8c-364f-4208-9bfd-90ef89bee491,Star Lamp,747,nm,absorbance,499.7781967214733
505.347,2572.1883390000003,01c12b8c-364f-4208-9bfd-90ef89bee491,Star Lamp,748,nm,absorbance,499.9856476167621
505.555,2608.572671,01c12b8c-364f-4208-9bfd-90ef89bee491,Star Lamp,749,nm,absorbance,500.19210592403516
505.764,2656.281499,01c12b8c-364f-4208-9bfd-90ef89bee491,Star Lamp,750,nm,absorbance,500.399556819324
505.972,2694.776256,01c12b8c-364f-4208-9bfd-90ef89bee491,Star Lamp,751,nm,absorbance,500.606015126597
506.18,2708.374635,01c12b8c-364f-4208-9bfd-90ef89bee491,Star Lamp,752,nm,absorbance,500.8124734338701
506.389,2690.89142,01c12b8c-364f-4208-9bfd-90ef89bee491,Star Lamp,753,nm,absorbance,501.01992432915887
506.597,2691.170158,01c12b8c-364f-4208-9bfd-90ef89bee491,Star Lamp,754,nm,absorbance,501.2263826364319
506.806,2698.857088,01c12b8c-364f-4208-9bfd-90ef89bee491,Star Lamp,755,nm,absorbance,501.43383353172067
507.014,2731.0465080000004,01c12b8c-364f-4208-9bfd-90ef89bee491,Star Lamp,756,nm,absorbance,501.6402918389938
507.222,2736.294049,01c12b8c-364f-4208-9bfd-90ef89bee491,Star Lamp,757,nm,absorbance,501.8467501462668
507.431,2711.728481,01c12b8c-364f-4208-9bfd-90ef89bee491,Star Lamp,758,nm,absorbance,502.0542010415556
507.639,2690.976946,01c12b8c-364f-4208-9bfd-90ef89bee491,Star Lamp,759,nm,absorbance,502.26065934882865
507.847,2680.713399,01c12b8c-364f-4208-9bfd-90ef89bee491,Star Lamp,760,nm,absorbance,502.46711765610166
508.055,2681.192435,01c12b8c-364f-4208-9bfd-90ef89bee491,Star Lamp,761,nm,absorbance,502.6735759633748
508.264,2673.836038,01c12b8c-364f-4208-9bfd-90ef89bee491,Star Lamp,762,nm,absorbance,502.8810268586636
508.472,2658.676319,01c12b8c-364f-4208-9bfd-90ef89bee491,Star Lamp,763,nm,absorbance,503.0874851659366
508.68,2654.610611,01c12b8c-364f-4208-9bfd-90ef89bee491,Star Lamp,764,nm,absorbance,503.29394347320965
508.888,2642.1621800000003,01c12b8c-364f-4208-9bfd-90ef89bee491,Star Lamp,765,nm,absorbance,503.50040178048266
509.096,2635.640375,01c12b8c-364f-4208-9bfd-90ef89bee491,Star Lamp,766,nm,absorbance,503.7068600877558
509.305,2618.113554,01c12b8c-364f-4208-9bfd-90ef89bee491,Star Lamp,767,nm,absorbance,503.9143109830446
509.513,2595.19084,01c12b8c-364f-4208-9bfd-90ef89bee491,Star Lamp,768,nm,absorbance,504.1207692903176
509.721,2553.633239,01c12b8c-364f-4208-9bfd-90ef89bee491,Star Lamp,769,nm,absorbance,504.32722759759065
509.929,2506.921663,01c12b8c-364f-4208-9bfd-90ef89bee491,Star Lamp,770,nm,absorbance,504.53368590486366
510.137,2448.214694,01c12b8c-364f-4208-9bfd-90ef89bee491,Star Lamp,771,nm,absorbance,504.7401442121368
510.345,2378.244537,01c12b8c-364f-4208-9bfd-90ef89bee491,Star Lamp,772,nm,absorbance,504.94660251940985
510.553,2274.144269,01c12b8c-364f-4208-9bfd-90ef89bee491,Star Lamp,773,nm,absorbance,505.15306082668286
510.762,2139.709405,01c12b8c-364f-4208-9bfd-90ef89bee491,Star Lamp,774,nm,absorbance,505.36051172197165
510.97,1997.84638,01c12b8c-364f-4208-9bfd-90ef89bee491,Star Lamp,775,nm,absorbance,505.56697002924477
511.178,1874.09618,01c12b8c-364f-4208-9bfd-90ef89bee491,Star Lamp,776,nm,absorbance,505.7734283365178
511.386,1772.5530600000002,01c12b8c-364f-4208-9bfd-90ef89bee491,Star Lamp,777,nm,absorbance,505.97988664379085
511.594,1681.633837,01c12b8c-364f-4208-9bfd-90ef89bee491,Star Lamp,778,nm,absorbance,506.18634495106386
511.802,1592.0978479999997,01c12b8c-364f-4208-9bfd-90ef89bee491,Star Lamp,779,nm,absorbance,506.3928032583369
512.01,1508.7366949999998,01c12b8c-364f-4208-9bfd-90ef89bee491,Star Lamp,780,nm,absorbance,506.59926156561
512.218,1428.609823,01c12b8c-364f-4208-9bfd-90ef89bee491,Star Lamp,781,nm,absorbance,506.805719872883
512.426,1328.329473,01c12b8c-364f-4208-9bfd-90ef89bee491,Star Lamp,782,nm,absorbance,507.0121781801561
512.634,1221.4448529999995,01c12b8c-364f-4208-9bfd-90ef89bee491,Star Lamp,783,nm,absorbance,507.21863648742914
512.842,1087.087546,01c12b8c-364f-4208-9bfd-90ef89bee491,Star Lamp,784,nm,absorbance,507.4250947947022
513.049,952.1851740000002,01c12b8c-364f-4208-9bfd-90ef89bee491,Star Lamp,785,nm,absorbance,507.6305605139595
513.257,803.9866939999999,01c12b8c-364f-4208-9bfd-90ef89bee491,Star Lamp,786,nm,absorbance,507.8370188212325
513.465,649.645874,01c12b8c-364f-4208-9bfd-90ef89bee491,Star Lamp,787,nm,absorbance,508.04347712850563
513.673,510.608947,01c12b8c-364f-4208-9bfd-90ef89bee491,Star Lamp,788,nm,absorbance,508.2499354357787
513.881,404.738178,01c12b8c-364f-4208-9bfd-90ef89bee491,Star Lamp,789,nm,absorbance,508.4563937430517
514.089,344.156486,01c12b8c-364f-4208-9bfd-90ef89bee491,Star Lamp,790,nm,absorbance,508.66285205032483
514.297,313.89151300000003,01c12b8c-364f-4208-9bfd-90ef89bee491,Star Lamp,791,nm,absorbance,508.86931035759784
514.504,296.989253,01c12b8c-364f-4208-9bfd-90ef89bee491,Star Lamp,792,nm,absorbance,509.0747760768552
514.712,276.93899700000003,01c12b8c-364f-4208-9bfd-90ef89bee491,Star Lamp,793,nm,absorbance,509.2812343841282
514.92,268.82428500000003,01c12b8c-364f-4208-9bfd-90ef89bee491,Star Lamp,794,nm,absorbance,509.4876926914012
515.128,253.173776,01c12b8c-364f-4208-9bfd-90ef89bee491,Star Lamp,795,nm,absorbance,509.69415099867433
515.336,255.166252,01c12b8c-364f-4208-9bfd-90ef89bee491,Star Lamp,796,nm,absorbance,509.9006093059474
515.543,244.528899,01c12b8c-364f-4208-9bfd-90ef89bee491,Star Lamp,797,nm,absorbance,510.1060750252047
515.751,241.916496,01c12b8c-364f-4208-9bfd-90ef89bee491,Star Lamp,798,nm,absorbance,510.3125333324777
515.959,234.120879,01c12b8c-364f-4208-9bfd-90ef89bee491,Star Lamp,799,nm,absorbance,510.5189916397507
516.166,227.701266,01c12b8c-364f-4208-9bfd-90ef89bee491,Star Lamp,800,nm,absorbance,510.7244573590081
516.374,216.78144200000003,01c12b8c-364f-4208-9bfd-90ef89bee491,Star Lamp,801,nm,absorbance,510.93091566628124
516.582,197.841392,01c12b8c-364f-4208-9bfd-90ef89bee491,Star Lamp,802,nm,absorbance,511.13737397355425
516.789,186.494936,01c12b8c-364f-4208-9bfd-90ef89bee491,Star Lamp,803,nm,absorbance,511.34283969281154
516.997,175.550166,01c12b8c-364f-4208-9bfd-90ef89bee491,Star Lamp,804,nm,absorbance,511.54929800008455
517.205,171.70980799999998,01c12b8c-364f-4208-9bfd-90ef89bee491,Star Lamp,805,nm,absorbance,511.7557563073577
517.412,163.643916,01c12b8c-364f-4208-9bfd-90ef89bee491,Star Lamp,806,nm,absorbance,511.96122202661496
517.62,159.978827,01c12b8c-364f-4208-9bfd-90ef89bee491,Star Lamp,807,nm,absorbance,512.1676803338879
517.827,155.422722,01c12b8c-364f-4208-9bfd-90ef89bee491,Star Lamp,808,nm,absorbance,512.3731460531453
518.035,151.180369,01c12b8c-364f-4208-9bfd-90ef89bee491,Star Lamp,809,nm,absorbance,512.5796043604183
518.243,146.50446300000002,01c12b8c-364f-4208-9bfd-90ef89bee491,Star Lamp,810,nm,absorbance,512.7860626676915
518.45,145.69487500000002,01c12b8c-364f-4208-9bfd-90ef89bee491,Star Lamp,811,nm,absorbance,512.9915283869487
518.658,142.66160100000002,01c12b8c-364f-4208-9bfd-90ef89bee491,Star Lamp,812,nm,absorbance,513.1979866942218
518.865,142.55849600000002,01c12b8c-364f-4208-9bfd-90ef89bee491,Star Lamp,813,nm,absorbance,513.403452413479
519.073,138.830172,01c12b8c-364f-4208-9bfd-90ef89bee491,Star Lamp,814,nm,absorbance,513.609910720752
519.28,140.02987000000002,01c12b8c-364f-4208-9bfd-90ef89bee491,Star Lamp,815,nm,absorbance,513.8153764400095
519.488,136.316844,01c12b8c-364f-4208-9bfd-90ef89bee491,Star Lamp,816,nm,absorbance,514.0218347472826
519.695,140.255294,01c12b8c-364f-4208-9bfd-90ef89bee491,Star Lamp,817,nm,absorbance,514.2273004665399
519.902,138.54776199999998,01c12b8c-364f-4208-9bfd-90ef89bee491,Star Lamp,818,nm,absorbance,514.4327661857972
520.11,138.285324,01c12b8c-364f-4208-9bfd-90ef89bee491,Star Lamp,819,nm,absorbance,514.6392244930702
520.317,137.223032,01c12b8c-364f-4208-9bfd-90ef89bee491,Star Lamp,820,nm,absorbance,514.8446902123275
520.525,135.90729000000005,01c12b8c-364f-4208-9bfd-90ef89bee491,Star Lamp,821,nm,absorbance,515.0511485196005
520.732,137.852476,01c12b8c-364f-4208-9bfd-90ef89bee491,Star Lamp,822,nm,absorbance,515.2566142388579
520.939,138.740926,01c12b8c-364f-4208-9bfd-90ef89bee491,Star Lamp,823,nm,absorbance,515.4620799581152
521.147,140.79013000000003,01c12b8c-364f-4208-9bfd-90ef89bee491,Star Lamp,824,nm,absorbance,515.6685382653883
521.354,140.104849,01c12b8c-364f-4208-9bfd-90ef89bee491,Star Lamp,825,nm,absorbance,515.8740039846456
521.561,139.093325,01c12b8c-364f-4208-9bfd-90ef89bee491,Star Lamp,826,nm,absorbance,516.0794697039029
521.769,136.890047,01c12b8c-364f-4208-9bfd-90ef89bee491,Star Lamp,827,nm,absorbance,516.2859280111759
521.976,135.312871,01c12b8c-364f-4208-9bfd-90ef89bee491,Star Lamp,828,nm,absorbance,516.4913937304333
522.183,132.40474999999998,01c12b8c-364f-4208-9bfd-90ef89bee491,Star Lamp,829,nm,absorbance,516.6968594496906
522.391,134.337834,01c12b8c-364f-4208-9bfd-90ef89bee491,Star Lamp,830,nm,absorbance,516.9033177569636
522.598,134.28015999999997,01c12b8c-364f-4208-9bfd-90ef89bee491,Star Lamp,831,nm,absorbance,517.1087834762209
522.805,133.017853,01c12b8c-364f-4208-9bfd-90ef89bee491,Star Lamp,832,nm,absorbance,517.3142491954782
523.012,127.91763500000002,01c12b8c-364f-4208-9bfd-90ef89bee491,Star Lamp,833,nm,absorbance,517.5197149147355
523.219,127.764622,01c12b8c-364f-4208-9bfd-90ef89bee491,Star Lamp,834,nm,absorbance,517.725180633993
523.427,123.27480799999998,01c12b8c-364f-4208-9bfd-90ef89bee491,Star Lamp,835,nm,absorbance,517.931638941266
523.634,125.23515,01c12b8c-364f-4208-9bfd-90ef89bee491,Star Lamp,836,nm,absorbance,518.1371046605233
523.841,121.709288,01c12b8c-364f-4208-9bfd-90ef89bee491,Star Lamp,837,nm,absorbance,518.3425703797806
524.048,128.223353,01c12b8c-364f-4208-9bfd-90ef89bee491,Star Lamp,838,nm,absorbance,518.5480360990379
524.255,127.60862,01c12b8c-364f-4208-9bfd-90ef89bee491,Star Lamp,839,nm,absorbance,518.7535018182951
524.462,127.446746,01c12b8c-364f-4208-9bfd-90ef89bee491,Star Lamp,840,nm,absorbance,518.9589675375526
524.669,121.937395,01c12b8c-364f-4208-9bfd-90ef89bee491,Star Lamp,841,nm,absorbance,519.1644332568098
524.877,124.57513000000002,01c12b8c-364f-4208-9bfd-90ef89bee491,Star Lamp,842,nm,absorbance,519.3708915640829
525.084,127.22811000000002,01c12b8c-364f-4208-9bfd-90ef89bee491,Star Lamp,843,nm,absorbance,519.5763572833401
525.291,129.05883,01c12b8c-364f-4208-9bfd-90ef89bee491,Star Lamp,844,nm,absorbance,519.7818230025975
525.498,127.95957100000004,01c12b8c-364f-4208-9bfd-90ef89bee491,Star Lamp,845,nm,absorbance,519.9872887218548
525.705,128.001079,01c12b8c-364f-4208-9bfd-90ef89bee491,Star Lamp,846,nm,absorbance,520.1927544411122
525.912,126.588313,01c12b8c-364f-4208-9bfd-90ef89bee491,Star Lamp,847,nm,absorbance,520.3982201603695
526.119,125.95296,01c12b8c-364f-4208-9bfd-90ef89bee491,Star Lamp,848,nm,absorbance,520.6036858796268
526.326,121.114992,01c12b8c-364f-4208-9bfd-90ef89bee491,Star Lamp,849,nm,absorbance,520.8091515988841
526.533,125.186385,01c12b8c-364f-4208-9bfd-90ef89bee491,Star Lamp,850,nm,absorbance,521.0146173181414
526.74,125.566345,01c12b8c-364f-4208-9bfd-90ef89bee491,Star Lamp,851,nm,absorbance,521.2200830373988
526.947,128.698904,01c12b8c-364f-4208-9bfd-90ef89bee491,Star Lamp,852,nm,absorbance,521.4255487566561
527.153,129.804597,01c12b8c-364f-4208-9bfd-90ef89bee491,Star Lamp,853,nm,absorbance,521.6300218878977
527.36,124.19555899999996,01c12b8c-364f-4208-9bfd-90ef89bee491,Star Lamp,854,nm,absorbance,521.835487607155
527.567,130.57494300000002,01c12b8c-364f-4208-9bfd-90ef89bee491,Star Lamp,855,nm,absorbance,522.0409533264123
527.774,123.450502,01c12b8c-364f-4208-9bfd-90ef89bee491,Star Lamp,856,nm,absorbance,522.2464190456697
527.981,128.43796300000002,01c12b8c-364f-4208-9bfd-90ef89bee491,Star Lamp,857,nm,absorbance,522.451884764927
528.188,121.521456,01c12b8c-364f-4208-9bfd-90ef89bee491,Star Lamp,858,nm,absorbance,522.6573504841842
528.395,128.162194,01c12b8c-364f-4208-9bfd-90ef89bee491,Star Lamp,859,nm,absorbance,522.8628162034415
528.602,126.671714,01c12b8c-364f-4208-9bfd-90ef89bee491,Star Lamp,860,nm,absorbance,523.0682819226988
528.808,132.922118,01c12b8c-364f-4208-9bfd-90ef89bee491,Star Lamp,861,nm,absorbance,523.2727550539405
529.015,133.61343499999998,01c12b8c-364f-4208-9bfd-90ef89bee491,Star Lamp,862,nm,absorbance,523.4782207731978
529.222,128.718291,01c12b8c-364f-4208-9bfd-90ef89bee491,Star Lamp,863,nm,absorbance,523.6836864924551
529.429,123.20717599999998,01c12b8c-364f-4208-9bfd-90ef89bee491,Star Lamp,864,nm,absorbance,523.8891522117124
529.635,116.989582,01c12b8c-364f-4208-9bfd-90ef89bee491,Star Lamp,865,nm,absorbance,524.0936253429539
529.842,120.986607,01c12b8c-364f-4208-9bfd-90ef89bee491,Star Lamp,866,nm,absorbance,524.2990910622112
530.049,118.63647,01c12b8c-364f-4208-9bfd-90ef89bee491,Star Lamp,867,nm,absorbance,524.5045567814686
530.256,119.828785,01c12b8c-364f-4208-9bfd-90ef89bee491,Star Lamp,868,nm,absorbance,524.7100225007259
530.462,119.13994499999998,01c12b8c-364f-4208-9bfd-90ef89bee491,Star Lamp,869,nm,absorbance,524.9144956319675
530.669,118.14435899999998,01c12b8c-364f-4208-9bfd-90ef89bee491,Star Lamp,870,nm,absorbance,525.1199613512248
530.876,117.323956,01c12b8c-364f-4208-9bfd-90ef89bee491,Star Lamp,871,nm,absorbance,525.3254270704821
531.082,116.82606099999998,01c12b8c-364f-4208-9bfd-90ef89bee491,Star Lamp,872,nm,absorbance,525.5299002017238
531.289,121.162761,01c12b8c-364f-4208-9bfd-90ef89bee491,Star Lamp,873,nm,absorbance,525.735365920981
531.495,127.274744,01c12b8c-364f-4208-9bfd-90ef89bee491,Star Lamp,874,nm,absorbance,525.9398390522226
531.702,128.80429099999998,01c12b8c-364f-4208-9bfd-90ef89bee491,Star Lamp,875,nm,absorbance,526.1453047714799
531.909,126.322937,01c12b8c-364f-4208-9bfd-90ef89bee491,Star Lamp,876,nm,absorbance,526.3507704907373
532.115,119.55133800000002,01c12b8c-364f-4208-9bfd-90ef89bee491,Star Lamp,877,nm,absorbance,526.5552436219789
532.322,118.019943,01c12b8c-364f-4208-9bfd-90ef89bee491,Star Lamp,878,nm,absorbance,526.7607093412362
532.528,116.531488,01c12b8c-364f-4208-9bfd-90ef89bee491,Star Lamp,879,nm,absorbance,526.9651824724777
532.735,118.244577,01c12b8c-364f-4208-9bfd-90ef89bee491,Star Lamp,880,nm,absorbance,527.170648191735
532.941,118.158618,01c12b8c-364f-4208-9bfd-90ef89bee491,Star Lamp,881,nm,absorbance,527.3751213229767
533.148,119.20146300000002,01c12b8c-364f-4208-9bfd-90ef89bee491,Star Lamp,882,nm,absorbance,527.580587042234
533.354,115.76605699999998,01c12b8c-364f-4208-9bfd-90ef89bee491,Star Lamp,883,nm,absorbance,527.7850601734756
533.561,116.638863,01c12b8c-364f-4208-9bfd-90ef89bee491,Star Lamp,884,nm,absorbance,527.9905258927329
533.767,115.13719600000002,01c12b8c-364f-4208-9bfd-90ef89bee491,Star Lamp,885,nm,absorbance,528.1949990239744
533.974,118.153024,01c12b8c-364f-4208-9bfd-90ef89bee491,Star Lamp,886,nm,absorbance,528.4004647432319
534.18,115.402353,01c12b8c-364f-4208-9bfd-90ef89bee491,Star Lamp,887,nm,absorbance,528.6049378744733
534.387,117.179921,01c12b8c-364f-4208-9bfd-90ef89bee491,Star Lamp,888,nm,absorbance,528.8104035937306
534.593,110.06857,01c12b8c-364f-4208-9bfd-90ef89bee491,Star Lamp,889,nm,absorbance,529.0148767249722
534.799,110.956204,01c12b8c-364f-4208-9bfd-90ef89bee491,Star Lamp,890,nm,absorbance,529.2193498562139
535.006,110.132754,01c12b8c-364f-4208-9bfd-90ef89bee491,Star Lamp,891,nm,absorbance,529.4248155754711
535.212,114.54239599999998,01c12b8c-364f-4208-9bfd-90ef89bee491,Star Lamp,892,nm,absorbance,529.6292887067127
535.418,115.895054,01c12b8c-364f-4208-9bfd-90ef89bee491,Star Lamp,893,nm,absorbance,529.8337618379543
535.625,114.705627,01c12b8c-364f-4208-9bfd-90ef89bee491,Star Lamp,894,nm,absorbance,530.0392275572116
535.831,116.209865,01c12b8c-364f-4208-9bfd-90ef89bee491,Star Lamp,895,nm,absorbance,530.2437006884533
536.037,111.57733600000002,01c12b8c-364f-4208-9bfd-90ef89bee491,Star Lamp,896,nm,absorbance,530.4481738196948
536.244,106.735671,01c12b8c-364f-4208-9bfd-90ef89bee491,Star Lamp,897,nm,absorbance,530.6536395389521
536.45,103.91535000000002,01c12b8c-364f-4208-9bfd-90ef89bee491,Star Lamp,898,nm,absorbance,530.8581126701937
536.656,105.71391,01c12b8c-364f-4208-9bfd-90ef89bee491,Star Lamp,899,nm,absorbance,531.0625858014353
536.862,108.747334,01c12b8c-364f-4208-9bfd-90ef89bee491,Star Lamp,900,nm,absorbance,531.2670589326768
537.068,107.15835700000002,01c12b8c-364f-4208-9bfd-90ef89bee491,Star Lamp,901,nm,absorbance,531.4715320639184
537.275,106.007916,01c12b8c-364f-4208-9bfd-90ef89bee491,Star Lamp,902,nm,absorbance,531.6769977831757
537.481,105.037287,01c12b8c-364f-4208-9bfd-90ef89bee491,Star Lamp,903,nm,absorbance,531.8814709144174
537.687,107.188467,01c12b8c-364f-4208-9bfd-90ef89bee491,Star Lamp,904,nm,absorbance,532.085944045659
537.893,107.864569,01c12b8c-364f-4208-9bfd-90ef89bee491,Star Lamp,905,nm,absorbance,532.2904171769005
538.099,110.744178,01c12b8c-364f-4208-9bfd-90ef89bee491,Star Lamp,906,nm,absorbance,532.4948903081421
538.305,110.912636,01c12b8c-364f-4208-9bfd-90ef89bee491,Star Lamp,907,nm,absorbance,532.6993634393837
538.512,112.770791,01c12b8c-364f-4208-9bfd-90ef89bee491,Star Lamp,908,nm,absorbance,532.904829158641
538.718,109.490002,01c12b8c-364f-4208-9bfd-90ef89bee491,Star Lamp,909,nm,absorbance,533.1093022898825
538.924,111.245126,01c12b8c-364f-4208-9bfd-90ef89bee491,Star Lamp,910,nm,absorbance,533.3137754211241
539.13,109.301211,01c12b8c-364f-4208-9bfd-90ef89bee491,Star Lamp,911,nm,absorbance,533.5182485523657
539.336,110.65960599999998,01c12b8c-364f-4208-9bfd-90ef89bee491,Star Lamp,912,nm,absorbance,533.7227216836073
539.542,105.56878,01c12b8c-364f-4208-9bfd-90ef89bee491,Star Lamp,913,nm,absorbance,533.9271948148489
539.748,107.035988,01c12b8c-364f-4208-9bfd-90ef89bee491,Star Lamp,914,nm,absorbance,534.1316679460905
539.954,107.32991,01c12b8c-364f-4208-9bfd-90ef89bee491,Star Lamp,915,nm,absorbance,534.336141077332
540.16,110.598079,01c12b8c-364f-4208-9bfd-90ef89bee491,Star Lamp,916,nm,absorbance,534.5406142085736
540.366,104.015476,01c12b8c-364f-4208-9bfd-90ef89bee491,Star Lamp,917,nm,absorbance,534.7450873398152
540.572,104.040198,01c12b8c-364f-4208-9bfd-90ef89bee491,Star Lamp,918,nm,absorbance,534.9495604710568
540.778,102.626019,01c12b8c-364f-4208-9bfd-90ef89bee491,Star Lamp,919,nm,absorbance,535.1540336022983
540.984,108.759497,01c12b8c-364f-4208-9bfd-90ef89bee491,Star Lamp,920,nm,absorbance,535.35850673354
541.19,108.140249,01c12b8c-364f-4208-9bfd-90ef89bee491,Star Lamp,921,nm,absorbance,535.5629798647816
541.396,103.629442,01c12b8c-364f-4208-9bfd-90ef89bee491,Star Lamp,922,nm,absorbance,535.767452996023
541.602,98.10966999999998,01c12b8c-364f-4208-9bfd-90ef89bee491,Star Lamp,923,nm,absorbance,535.9719261272646
541.807,97.221643,01c12b8c-364f-4208-9bfd-90ef89bee491,Star Lamp,924,nm,absorbance,536.1754066704906
542.013,103.413474,01c12b8c-364f-4208-9bfd-90ef89bee491,Star Lamp,925,nm,absorbance,536.3798798017322
542.219,104.741167,01c12b8c-364f-4208-9bfd-90ef89bee491,Star Lamp,926,nm,absorbance,536.5843529329737
542.425,104.672296,01c12b8c-364f-4208-9bfd-90ef89bee491,Star Lamp,927,nm,absorbance,536.7888260642153
542.631,101.89141399999998,01c12b8c-364f-4208-9bfd-90ef89bee491,Star Lamp,928,nm,absorbance,536.9932991954569
542.837,104.299252,01c12b8c-364f-4208-9bfd-90ef89bee491,Star Lamp,929,nm,absorbance,537.1977723266984
543.042,107.117302,01c12b8c-364f-4208-9bfd-90ef89bee491,Star Lamp,930,nm,absorbance,537.4012528699243
543.248,109.702738,01c12b8c-364f-4208-9bfd-90ef89bee491,Star Lamp,931,nm,absorbance,537.605726001166
543.454,110.368119,01c12b8c-364f-4208-9bfd-90ef89bee491,Star Lamp,932,nm,absorbance,537.8101991324074
543.66,107.625468,01c12b8c-364f-4208-9bfd-90ef89bee491,Star Lamp,933,nm,absorbance,538.014672263649
543.865,107.798305,01c12b8c-364f-4208-9bfd-90ef89bee491,Star Lamp,934,nm,absorbance,538.2181528068749
544.071,108.931504,01c12b8c-364f-4208-9bfd-90ef89bee491,Star Lamp,935,nm,absorbance,538.4226259381165
544.277,111.196403,01c12b8c-364f-4208-9bfd-90ef89bee491,Star Lamp,936,nm,absorbance,538.6270990693581
544.483,110.502246,01c12b8c-364f-4208-9bfd-90ef89bee491,Star Lamp,937,nm,absorbance,538.8315722005996
544.688,108.149375,01c12b8c-364f-4208-9bfd-90ef89bee491,Star Lamp,938,nm,absorbance,539.0350527438254
544.894,107.069331,01c12b8c-364f-4208-9bfd-90ef89bee491,Star Lamp,939,nm,absorbance,539.2395258750671
545.1,105.23987199999996,01c12b8c-364f-4208-9bfd-90ef89bee491,Star Lamp,940,nm,absorbance,539.4439990063087
545.305,104.48739799999998,01c12b8c-364f-4208-9bfd-90ef89bee491,Star Lamp,941,nm,absorbance,539.6474795495344
545.511,102.977505,01c12b8c-364f-4208-9bfd-90ef89bee491,Star Lamp,942,nm,absorbance,539.8519526807761
545.716,104.176941,01c12b8c-364f-4208-9bfd-90ef89bee491,Star Lamp,943,nm,absorbance,540.055433224002
545.922,104.68788100000002,01c12b8c-364f-4208-9bfd-90ef89bee491,Star Lamp,944,nm,absorbance,540.2599063552435
546.128,107.161459,01c12b8c-364f-4208-9bfd-90ef89bee491,Star Lamp,945,nm,absorbance,540.4643794864851
546.333,105.577054,01c12b8c-364f-4208-9bfd-90ef89bee491,Star Lamp,946,nm,absorbance,540.6678600297109
546.539,106.351567,01c12b8c-364f-4208-9bfd-90ef89bee491,Star Lamp,947,nm,absorbance,540.8723331609525
546.744,103.008949,01c12b8c-364f-4208-9bfd-90ef89bee491,Star Lamp,948,nm,absorbance,541.0758137041784
546.95,105.410347,01c12b8c-364f-4208-9bfd-90ef89bee491,Star Lamp,949,nm,absorbance,541.2802868354199
547.155,106.428865,01c12b8c-364f-4208-9bfd-90ef89bee491,Star Lamp,950,nm,absorbance,541.4837673786458
547.361,105.02031,01c12b8c-364f-4208-9bfd-90ef89bee491,Star Lamp,951,nm,absorbance,541.6882405098874
547.566,103.665595,01c12b8c-364f-4208-9bfd-90ef89bee491,Star Lamp,952,nm,absorbance,541.8917210531132
547.772,100.153282,01c12b8c-364f-4208-9bfd-90ef89bee491,Star Lamp,953,nm,absorbance,542.0961941843549
547.977,103.630593,01c12b8c-364f-4208-9bfd-90ef89bee491,Star Lamp,954,nm,absorbance,542.2996747275806
548.182,106.54281,01c12b8c-364f-4208-9bfd-90ef89bee491,Star Lamp,955,nm,absorbance,542.5031552708065
548.388,111.527817,01c12b8c-364f-4208-9bfd-90ef89bee491,Star Lamp,956,nm,absorbance,542.707628402048
548.593,113.736703,01c12b8c-364f-4208-9bfd-90ef89bee491,Star Lamp,957,nm,absorbance,542.9111089452739
548.799,115.135514,01c12b8c-364f-4208-9bfd-90ef89bee491,Star Lamp,958,nm,absorbance,543.1155820765155
549.004,113.99361399999998,01c12b8c-364f-4208-9bfd-90ef89bee491,Star Lamp,959,nm,absorbance,543.3190626197413
549.209,113.060419,01c12b8c-364f-4208-9bfd-90ef89bee491,Star Lamp,960,nm,absorbance,543.5225431629672
549.415,110.167058,01c12b8c-364f-4208-9bfd-90ef89bee491,Star Lamp,961,nm,absorbance,543.7270162942087
549.62,116.033134,01c12b8c-364f-4208-9bfd-90ef89bee491,Star Lamp,962,nm,absorbance,543.9304968374346
549.825,115.736592,01c12b8c-364f-4208-9bfd-90ef89bee491,Star Lamp,963,nm,absorbance,544.1339773806606
550.031,121.232036,01c12b8c-364f-4208-9bfd-90ef89bee491,Star Lamp,964,nm,absorbance,544.338450511902
550.236,121.423533,01c12b8c-364f-4208-9bfd-90ef89bee491,Star Lamp,965,nm,absorbance,544.5419310551279
550.441,127.855985,01c12b8c-364f-4208-9bfd-90ef89bee491,Star Lamp,966,nm,absorbance,544.7454115983537
550.646,127.399884,01c12b8c-364f-4208-9bfd-90ef89bee491,Star Lamp,967,nm,absorbance,544.9488921415796
550.852,124.858391,01c12b8c-364f-4208-9bfd-90ef89bee491,Star Lamp,968,nm,absorbance,545.1533652728211
551.057,123.628044,01c12b8c-364f-4208-9bfd-90ef89bee491,Star Lamp,969,nm,absorbance,545.356845816047
551.262,122.544642,01c12b8c-364f-4208-9bfd-90ef89bee491,Star Lamp,970,nm,absorbance,545.5603263592728
551.467,124.415148,01c12b8c-364f-4208-9bfd-90ef89bee491,Star Lamp,971,nm,absorbance,545.7638069024987
551.672,115.343973,01c12b8c-364f-4208-9bfd-90ef89bee491,Star Lamp,972,nm,absorbance,545.9672874457245
551.878,114.587208,01c12b8c-364f-4208-9bfd-90ef89bee491,Star Lamp,973,nm,absorbance,546.1717605769662
552.083,114.418289,01c12b8c-364f-4208-9bfd-90ef89bee491,Star Lamp,974,nm,absorbance,546.375241120192
552.288,119.086108,01c12b8c-364f-4208-9bfd-90ef89bee491,Star Lamp,975,nm,absorbance,546.5787216634178
552.493,119.93877000000002,01c12b8c-364f-4208-9bfd-90ef89bee491,Star Lamp,976,nm,absorbance,546.7822022066437
552.698,121.97869,01c12b8c-364f-4208-9bfd-90ef89bee491,Star Lamp,977,nm,absorbance,546.9856827498695
552.903,127.368454,01c12b8c-364f-4208-9bfd-90ef89bee491,Star Lamp,978,nm,absorbance,547.1891632930954
553.108,128.007286,01c12b8c-364f-4208-9bfd-90ef89bee491,Star Lamp,979,nm,absorbance,547.3926438363211
553.313,132.943164,01c12b8c-364f-4208-9bfd-90ef89bee491,Star Lamp,980,nm,absorbance,547.5961243795471
553.518,134.875322,01c12b8c-364f-4208-9bfd-90ef89bee491,Star Lamp,981,nm,absorbance,547.7996049227729
553.723,140.141448,01c12b8c-364f-4208-9bfd-90ef89bee491,Star Lamp,982,nm,absorbance,548.0030854659987
553.928,138.431236,01c12b8c-364f-4208-9bfd-90ef89bee491,Star Lamp,983,nm,absorbance,548.2065660092246
554.133,136.622997,01c12b8c-364f-4208-9bfd-90ef89bee491,Star Lamp,984,nm,absorbance,548.4100465524505
554.338,134.860086,01c12b8c-364f-4208-9bfd-90ef89bee491,Star Lamp,985,nm,absorbance,548.6135270956762
554.543,134.44117699999998,01c12b8c-364f-4208-9bfd-90ef89bee491,Star Lamp,986,nm,absorbance,548.8170076389022
554.748,133.644522,01c12b8c-364f-4208-9bfd-90ef89bee491,Star Lamp,987,nm,absorbance,549.020488182128
554.953,137.965463,01c12b8c-364f-4208-9bfd-90ef89bee491,Star Lamp,988,nm,absorbance,549.2239687253538
555.158,141.559774,01c12b8c-364f-4208-9bfd-90ef89bee491,Star Lamp,989,nm,absorbance,549.4274492685797
555.363,144.138098,01c12b8c-364f-4208-9bfd-90ef89bee491,Star Lamp,990,nm,absorbance,549.6309298118056
555.568,141.80088,01c12b8c-364f-4208-9bfd-90ef89bee491,Star Lamp,991,nm,absorbance,549.8344103550313
555.773,135.99154700000005,01c12b8c-364f-4208-9bfd-90ef89bee491,Star Lamp,992,nm,absorbance,550.0378908982573
555.978,133.941501,01c12b8c-364f-4208-9bfd-90ef89bee491,Star Lamp,993,nm,absorbance,550.241371441483
556.182,135.419095,01c12b8c-364f-4208-9bfd-90ef89bee491,Star Lamp,994,nm,absorbance,550.4438593966931
556.387,136.301496,01c12b8c-364f-4208-9bfd-90ef89bee491,Star Lamp,995,nm,absorbance,550.647339939919
556.592,135.075799,01c12b8c-364f-4208-9bfd-90ef89bee491,Star Lamp,996,nm,absorbance,550.8508204831448
556.797,131.918613,01c12b8c-364f-4208-9bfd-90ef89bee491,Star Lamp,997,nm,absorbance,551.0543010263707
557.002,129.779189,01c12b8c-364f-4208-9bfd-90ef89bee491,Star Lamp,998,nm,absorbance,551.2577815695964
557.206,138.96979,01c12b8c-364f-4208-9bfd-90ef89bee491,Star Lamp,999,nm,absorbance,551.4602695248067
557.411,143.490032,01c12b8c-364f-4208-9bfd-90ef89bee491,Star Lamp,1000,nm,absorbance,551.6637500680324
557.616,151.472797,01c12b8c-364f-4208-9bfd-90ef89bee491,Star Lamp,1001,nm,absorbance,551.8672306112583
557.821,151.57461999999998,01c12b8c-364f-4208-9bfd-90ef89bee491,Star Lamp,1002,nm,absorbance,552.0707111544842
558.025,147.89421399999998,01c12b8c-364f-4208-9bfd-90ef89bee491,Star Lamp,1003,nm,absorbance,552.2731991096942
558.23,145.031447,01c12b8c-364f-4208-9bfd-90ef89bee491,Star Lamp,1004,nm,absorbance,552.4766796529202
558.435,139.248061,01c12b8c-364f-4208-9bfd-90ef89bee491,Star Lamp,1005,nm,absorbance,552.680160196146
558.64,143.204397,01c12b8c-364f-4208-9bfd-90ef89bee491,Star Lamp,1006,nm,absorbance,552.8836407393718
558.844,139.51410099999998,01c12b8c-364f-4208-9bfd-90ef89bee491,Star Lamp,1007,nm,absorbance,553.086128694582
559.049,142.835763,01c12b8c-364f-4208-9bfd-90ef89bee491,Star Lamp,1008,nm,absorbance,553.2896092378078
559.253,142.447852,01c12b8c-364f-4208-9bfd-90ef89bee491,Star Lamp,1009,nm,absorbance,553.4920971930179
559.458,147.02237900000003,01c12b8c-364f-4208-9bfd-90ef89bee491,Star Lamp,1010,nm,absorbance,553.6955777362438
559.663,150.07830800000002,01c12b8c-364f-4208-9bfd-90ef89bee491,Star Lamp,1011,nm,absorbance,553.8990582794696
559.867,153.626426,01c12b8c-364f-4208-9bfd-90ef89bee491,Star Lamp,1012,nm,absorbance,554.1015462346796
560.072,157.193246,01c12b8c-364f-4208-9bfd-90ef89bee491,Star Lamp,1013,nm,absorbance,554.3050267779056
560.276,160.96411899999998,01c12b8c-364f-4208-9bfd-90ef89bee491,Star Lamp,1014,nm,absorbance,554.5075147331156
560.481,165.07428499999995,01c12b8c-364f-4208-9bfd-90ef89bee491,Star Lamp,1015,nm,absorbance,554.7109952763415
560.685,171.487986,01c12b8c-364f-4208-9bfd-90ef89bee491,Star Lamp,1016,nm,absorbance,554.9134832315516
560.89,173.902764,01c12b8c-364f-4208-9bfd-90ef89bee491,Star Lamp,1017,nm,absorbance,555.1169637747774
561.094,176.195624,01c12b8c-364f-4208-9bfd-90ef89bee491,Star Lamp,1018,nm,absorbance,555.3194517299876
561.299,172.99757599999998,01c12b8c-364f-4208-9bfd-90ef89bee491,Star Lamp,1019,nm,absorbance,555.5229322732134
561.503,172.752387,01c12b8c-364f-4208-9bfd-90ef89bee491,Star Lamp,1020,nm,absorbance,555.7254202284236
561.708,168.572478,01c12b8c-364f-4208-9bfd-90ef89bee491,Star Lamp,1021,nm,absorbance,555.9289007716493
561.912,169.97271,01c12b8c-364f-4208-9bfd-90ef89bee491,Star Lamp,1022,nm,absorbance,556.1313887268595
562.117,170.563716,01c12b8c-364f-4208-9bfd-90ef89bee491,Star Lamp,1023,nm,absorbance,556.3348692700853
562.321,173.645171,01c12b8c-364f-4208-9bfd-90ef89bee491,Star Lamp,1024,nm,absorbance,556.5373572252954
562.525,175.11640300000002,01c12b8c-364f-4208-9bfd-90ef89bee491,Star Lamp,1025,nm,absorbance,556.7398451805055
562.73,173.52742700000002,01c12b8c-364f-4208-9bfd-90ef89bee491,Star Lamp,1026,nm,absorbance,556.9433257237314
562.934,171.340125,01c12b8c-364f-4208-9bfd-90ef89bee491,Star Lamp,1027,nm,absorbance,557.1458136789415
563.139,171.430044,01c12b8c-364f-4208-9bfd-90ef89bee491,Star Lamp,1028,nm,absorbance,557.3492942221674
563.343,173.93009600000002,01c12b8c-364f-4208-9bfd-90ef89bee491,Star Lamp,1029,nm,absorbance,557.5517821773774
563.547,174.18439800000004,01c12b8c-364f-4208-9bfd-90ef89bee491,Star Lamp,1030,nm,absorbance,557.7542701325876
563.752,175.099755,01c12b8c-364f-4208-9bfd-90ef89bee491,Star Lamp,1031,nm,absorbance,557.9577506758134
563.956,173.48552,01c12b8c-364f-4208-9bfd-90ef89bee491,Star Lamp,1032,nm,absorbance,558.1602386310235
564.16,173.849488,01c12b8c-364f-4208-9bfd-90ef89bee491,Star Lamp,1033,nm,absorbance,558.3627265862336
564.364,169.64425899999998,01c12b8c-364f-4208-9bfd-90ef89bee491,Star Lamp,1034,nm,absorbance,558.5652145414438
564.569,166.56957200000002,01c12b8c-364f-4208-9bfd-90ef89bee491,Star Lamp,1035,nm,absorbance,558.7686950846695
564.773,166.71110100000004,01c12b8c-364f-4208-9bfd-90ef89bee491,Star Lamp,1036,nm,absorbance,558.9711830398797
564.977,164.844898,01c12b8c-364f-4208-9bfd-90ef89bee491,Star Lamp,1037,nm,absorbance,559.1736709950898
565.181,167.891886,01c12b8c-364f-4208-9bfd-90ef89bee491,Star Lamp,1038,nm,absorbance,559.3761589503
565.385,168.29119900000003,01c12b8c-364f-4208-9bfd-90ef89bee491,Star Lamp,1039,nm,absorbance,559.57864690551
565.59,168.94356700000003,01c12b8c-364f-4208-9bfd-90ef89bee491,Star Lamp,1040,nm,absorbance,559.7821274487359
565.794,168.81897700000002,01c12b8c-364f-4208-9bfd-90ef89bee491,Star Lamp,1041,nm,absorbance,559.984615403946
565.998,160.60743900000003,01c12b8c-364f-4208-9bfd-90ef89bee491,Star Lamp,1042,nm,absorbance,560.1871033591561
566.202,162.210757,01c12b8c-364f-4208-9bfd-90ef89bee491,Star Lamp,1043,nm,absorbance,560.3895913143662
566.406,160.475778,01c12b8c-364f-4208-9bfd-90ef89bee491,Star Lamp,1044,nm,absorbance,560.5920792695763
566.61,159.268924,01c12b8c-364f-4208-9bfd-90ef89bee491,Star Lamp,1045,nm,absorbance,560.7945672247864
566.814,153.94379299999997,01c12b8c-364f-4208-9bfd-90ef89bee491,Star Lamp,1046,nm,absorbance,560.9970551799966
567.018,155.026616,01c12b8c-364f-4208-9bfd-90ef89bee491,Star Lamp,1047,nm,absorbance,561.1995431352067
567.222,159.18116600000002,01c12b8c-364f-4208-9bfd-90ef89bee491,Star Lamp,1048,nm,absorbance,561.4020310904167
567.426,159.24944599999998,01c12b8c-364f-4208-9bfd-90ef89bee491,Star Lamp,1049,nm,absorbance,561.604519045627
567.63,154.707279,01c12b8c-364f-4208-9bfd-90ef89bee491,Star Lamp,1050,nm,absorbance,561.807007000837
567.834,153.94622100000004,01c12b8c-364f-4208-9bfd-90ef89bee491,Star Lamp,1051,nm,absorbance,562.009494956047
568.038,157.91147099999998,01c12b8c-364f-4208-9bfd-90ef89bee491,Star Lamp,1052,nm,absorbance,562.2119829112572
568.242,160.543094,01c12b8c-364f-4208-9bfd-90ef89bee491,Star Lamp,1053,nm,absorbance,562.4144708664672
568.446,163.174174,01c12b8c-364f-4208-9bfd-90ef89bee491,Star Lamp,1054,nm,absorbance,562.6169588216775
568.65,160.24494600000003,01c12b8c-364f-4208-9bfd-90ef89bee491,Star Lamp,1055,nm,absorbance,562.8194467768875
568.854,156.39638999999997,01c12b8c-364f-4208-9bfd-90ef89bee491,Star Lamp,1056,nm,absorbance,563.0219347320976
569.058,158.88996500000002,01c12b8c-364f-4208-9bfd-90ef89bee491,Star Lamp,1057,nm,absorbance,563.2244226873078
569.262,157.949271,01c12b8c-364f-4208-9bfd-90ef89bee491,Star Lamp,1058,nm,absorbance,563.4269106425178
569.466,159.502784,01c12b8c-364f-4208-9bfd-90ef89bee491,Star Lamp,1059,nm,absorbance,563.6293985977279
569.67,150.76775000000004,01c12b8c-364f-4208-9bfd-90ef89bee491,Star Lamp,1060,nm,absorbance,563.831886552938
569.874,152.276566,01c12b8c-364f-4208-9bfd-90ef89bee491,Star Lamp,1061,nm,absorbance,564.0343745081482
570.078,151.649929,01c12b8c-364f-4208-9bfd-90ef89bee491,Star Lamp,1062,nm,absorbance,564.2368624633583
570.281,153.990927,01c12b8c-364f-4208-9bfd-90ef89bee491,Star Lamp,1063,nm,absorbance,564.4383578305526
570.485,152.267056,01c12b8c-364f-4208-9bfd-90ef89bee491,Star Lamp,1064,nm,absorbance,564.6408457857627
570.689,151.84276200000002,01c12b8c-364f-4208-9bfd-90ef89bee491,Star Lamp,1065,nm,absorbance,564.8433337409729
570.893,154.63417099999998,01c12b8c-364f-4208-9bfd-90ef89bee491,Star Lamp,1066,nm,absorbance,565.045821696183
571.097,156.52511599999997,01c12b8c-364f-4208-9bfd-90ef89bee491,Star Lamp,1067,nm,absorbance,565.2483096513931
571.3,157.70698499999995,01c12b8c-364f-4208-9bfd-90ef89bee491,Star Lamp,1068,nm,absorbance,565.4498050185874
571.504,152.968502,01c12b8c-364f-4208-9bfd-90ef89bee491,Star Lamp,1069,nm,absorbance,565.6522929737976
571.708,151.04822,01c12b8c-364f-4208-9bfd-90ef89bee491,Star Lamp,1070,nm,absorbance,565.8547809290077
571.912,150.66657500000002,01c12b8c-364f-4208-9bfd-90ef89bee491,Star Lamp,1071,nm,absorbance,566.0572688842178
572.115,153.59347499999998,01c12b8c-364f-4208-9bfd-90ef89bee491,Star Lamp,1072,nm,absorbance,566.2587642514122
572.319,154.71766999999997,01c12b8c-364f-4208-9bfd-90ef89bee491,Star Lamp,1073,nm,absorbance,566.4612522066222
572.523,149.85432599999996,01c12b8c-364f-4208-9bfd-90ef89bee491,Star Lamp,1074,nm,absorbance,566.6637401618324
572.726,149.01520599999998,01c12b8c-364f-4208-9bfd-90ef89bee491,Star Lamp,1075,nm,absorbance,566.8652355290268
572.93,142.03801900000002,01c12b8c-364f-4208-9bfd-90ef89bee491,Star Lamp,1076,nm,absorbance,567.0677234842368
573.133,141.723839,01c12b8c-364f-4208-9bfd-90ef89bee491,Star Lamp,1077,nm,absorbance,567.2692188514313
573.337,139.53387000000004,01c12b8c-364f-4208-9bfd-90ef89bee491,Star Lamp,1078,nm,absorbance,567.4717068066414
573.541,147.09416300000004,01c12b8c-364f-4208-9bfd-90ef89bee491,Star Lamp,1079,nm,absorbance,567.6741947618515
573.744,145.115164,01c12b8c-364f-4208-9bfd-90ef89bee491,Star Lamp,1080,nm,absorbance,567.8756901290459
573.948,145.924379,01c12b8c-364f-4208-9bfd-90ef89bee491,Star Lamp,1081,nm,absorbance,568.0781780842559
574.151,140.069806,01c12b8c-364f-4208-9bfd-90ef89bee491,Star Lamp,1082,nm,absorbance,568.2796734514503
574.355,139.393418,01c12b8c-364f-4208-9bfd-90ef89bee491,Star Lamp,1083,nm,absorbance,568.4821614066605
574.558,141.07672000000002,01c12b8c-364f-4208-9bfd-90ef89bee491,Star Lamp,1084,nm,absorbance,568.6836567738549
574.762,141.33935,01c12b8c-364f-4208-9bfd-90ef89bee491,Star Lamp,1085,nm,absorbance,568.8861447290649
574.965,149.034188,01c12b8c-364f-4208-9bfd-90ef89bee491,Star Lamp,1086,nm,absorbance,569.0876400962593
575.169,149.036119,01c12b8c-364f-4208-9bfd-90ef89bee491,Star Lamp,1087,nm,absorbance,569.2901280514694
575.372,149.77357999999998,01c12b8c-364f-4208-9bfd-90ef89bee491,Star Lamp,1088,nm,absorbance,569.4916234186637
575.576,147.17319100000003,01c12b8c-364f-4208-9bfd-90ef89bee491,Star Lamp,1089,nm,absorbance,569.694111373874
575.779,144.321479,01c12b8c-364f-4208-9bfd-90ef89bee491,Star Lamp,1090,nm,absorbance,569.8956067410683
575.983,148.121291,01c12b8c-364f-4208-9bfd-90ef89bee491,Star Lamp,1091,nm,absorbance,570.0980946962783
576.186,141.697423,01c12b8c-364f-4208-9bfd-90ef89bee491,Star Lamp,1092,nm,absorbance,570.2995900634728
576.389,145.52782,01c12b8c-364f-4208-9bfd-90ef89bee491,Star Lamp,1093,nm,absorbance,570.5010854306671
576.593,142.55732199999997,01c12b8c-364f-4208-9bfd-90ef89bee491,Star Lamp,1094,nm,absorbance,570.7035733858772
576.796,149.709942,01c12b8c-364f-4208-9bfd-90ef89bee491,Star Lamp,1095,nm,absorbance,570.9050687530716
577.0,149.07501000000002,01c12b8c-364f-4208-9bfd-90ef89bee491,Star Lamp,1096,nm,absorbance,571.1075567082818
577.203,149.677809,01c12b8c-364f-4208-9bfd-90ef89bee491,Star Lamp,1097,nm,absorbance,571.3090520754761
577.406,147.453093,01c12b8c-364f-4208-9bfd-90ef89bee491,Star Lamp,1098,nm,absorbance,571.5105474426704
577.609,148.752392,01c12b8c-364f-4208-9bfd-90ef89bee491,Star Lamp,1099,nm,absorbance,571.7120428098649
577.813,153.79914100000002,01c12b8c-364f-4208-9bfd-90ef89bee491,Star Lamp,1100,nm,absorbance,571.9145307650749
578.016,154.166038,01c12b8c-364f-4208-9bfd-90ef89bee491,Star Lamp,1101,nm,absorbance,572.1160261322693
578.219,152.498888,01c12b8c-364f-4208-9bfd-90ef89bee491,Star Lamp,1102,nm,absorbance,572.3175214994637
578.423,149.263517,01c12b8c-364f-4208-9bfd-90ef89bee491,Star Lamp,1103,nm,absorbance,572.5200094546739
578.626,148.302949,01c12b8c-364f-4208-9bfd-90ef89bee491,Star Lamp,1104,nm,absorbance,572.7215048218682
578.829,145.67764900000003,01c12b8c-364f-4208-9bfd-90ef89bee491,Star Lamp,1105,nm,absorbance,572.9230001890625
579.032,141.32657899999998,01c12b8c-364f-4208-9bfd-90ef89bee491,Star Lamp,1106,nm,absorbance,573.124495556257
579.235,143.582743,01c12b8c-364f-4208-9bfd-90ef89bee491,Star Lamp,1107,nm,absorbance,573.3259909234513
579.438,146.693303,01c12b8c-364f-4208-9bfd-90ef89bee491,Star Lamp,1108,nm,absorbance,573.5274862906457
579.642,147.17065900000003,01c12b8c-364f-4208-9bfd-90ef89bee491,Star Lamp,1109,nm,absorbance,573.7299742458558
579.845,144.446677,01c12b8c-364f-4208-9bfd-90ef89bee491,Star Lamp,1110,nm,absorbance,573.9314696130502
580.048,143.33633400000002,01c12b8c-364f-4208-9bfd-90ef89bee491,Star Lamp,1111,nm,absorbance,574.1329649802445
580.251,148.74730100000002,01c12b8c-364f-4208-9bfd-90ef89bee491,Star Lamp,1112,nm,absorbance,574.334460347439
580.454,151.78087399999998,01c12b8c-364f-4208-9bfd-90ef89bee491,Star Lamp,1113,nm,absorbance,574.5359557146332
580.657,154.668474,01c12b8c-364f-4208-9bfd-90ef89bee491,Star Lamp,1114,nm,absorbance,574.7374510818277
580.86,153.37561799999995,01c12b8c-364f-4208-9bfd-90ef89bee491,Star Lamp,1115,nm,absorbance,574.9389464490221
581.063,155.455193,01c12b8c-364f-4208-9bfd-90ef89bee491,Star Lamp,1116,nm,absorbance,575.1404418162164
581.266,154.15994300000003,01c12b8c-364f-4208-9bfd-90ef89bee491,Star Lamp,1117,nm,absorbance,575.3419371834108
581.469,152.566719,01c12b8c-364f-4208-9bfd-90ef89bee491,Star Lamp,1118,nm,absorbance,575.5434325506052
581.672,157.150493,01c12b8c-364f-4208-9bfd-90ef89bee491,Star Lamp,1119,nm,absorbance,575.7449279177996
581.875,154.133923,01c12b8c-364f-4208-9bfd-90ef89bee491,Star Lamp,1120,nm,absorbance,575.9464232849939
582.078,158.319785,01c12b8c-364f-4208-9bfd-90ef89bee491,Star Lamp,1121,nm,absorbance,576.1479186521883
582.281,157.22830000000002,01c12b8c-364f-4208-9bfd-90ef89bee491,Star Lamp,1122,nm,absorbance,576.3494140193826
582.484,162.9564,01c12b8c-364f-4208-9bfd-90ef89bee491,Star Lamp,1123,nm,absorbance,576.550909386577
582.687,162.55799900000002,01c12b8c-364f-4208-9bfd-90ef89bee491,Star Lamp,1124,nm,absorbance,576.7524047537714
582.89,160.164675,01c12b8c-364f-4208-9bfd-90ef89bee491,Star Lamp,1125,nm,absorbance,576.9539001209657
583.093,164.680946,01c12b8c-364f-4208-9bfd-90ef89bee491,Star Lamp,1126,nm,absorbance,577.1553954881601
583.296,171.883546,01c12b8c-364f-4208-9bfd-90ef89bee491,Star Lamp,1127,nm,absorbance,577.3568908553545
583.499,174.88233999999997,01c12b8c-364f-4208-9bfd-90ef89bee491,Star Lamp,1128,nm,absorbance,577.558386222549
583.702,171.619842,01c12b8c-364f-4208-9bfd-90ef89bee491,Star Lamp,1129,nm,absorbance,577.7598815897433
583.904,175.13922699999998,01c12b8c-364f-4208-9bfd-90ef89bee491,Star Lamp,1130,nm,absorbance,577.960384368922
584.107,180.823466,01c12b8c-364f-4208-9bfd-90ef89bee491,Star Lamp,1131,nm,absorbance,578.1618797361162
584.31,184.596788,01c12b8c-364f-4208-9bfd-90ef89bee491,Star Lamp,1132,nm,absorbance,578.3633751033107
584.513,182.506557,01c12b8c-364f-4208-9bfd-90ef89bee491,Star Lamp,1133,nm,absorbance,578.5648704705051
584.716,181.838957,01c12b8c-364f-4208-9bfd-90ef89bee491,Star Lamp,1134,nm,absorbance,578.7663658376994
584.918,192.270753,01c12b8c-364f-4208-9bfd-90ef89bee491,Star Lamp,1135,nm,absorbance,578.9668686168781
585.121,194.693862,01c12b8c-364f-4208-9bfd-90ef89bee491,Star Lamp,1136,nm,absorbance,579.1683639840724
585.324,202.98590600000003,01c12b8c-364f-4208-9bfd-90ef89bee491,Star Lamp,1137,nm,absorbance,579.3698593512668
585.527,200.161345,01c12b8c-364f-4208-9bfd-90ef89bee491,Star Lamp,1138,nm,absorbance,579.5713547184612
585.729,208.929756,01c12b8c-364f-4208-9bfd-90ef89bee491,Star Lamp,1139,nm,absorbance,579.7718574976399
585.932,212.508099,01c12b8c-364f-4208-9bfd-90ef89bee491,Star Lamp,1140,nm,absorbance,579.9733528648342
586.135,223.753856,01c12b8c-364f-4208-9bfd-90ef89bee491,Star Lamp,1141,nm,absorbance,580.1748482320286
586.337,233.235644,01c12b8c-364f-4208-9bfd-90ef89bee491,Star Lamp,1142,nm,absorbance,580.3753510112072
586.54,238.845656,01c12b8c-364f-4208-9bfd-90ef89bee491,Star Lamp,1143,nm,absorbance,580.5768463784016
586.743,250.99280800000005,01c12b8c-364f-4208-9bfd-90ef89bee491,Star Lamp,1144,nm,absorbance,580.778341745596
586.945,281.061406,01c12b8c-364f-4208-9bfd-90ef89bee491,Star Lamp,1145,nm,absorbance,580.9788445247747
587.148,363.9840009999999,01c12b8c-364f-4208-9bfd-90ef89bee491,Star Lamp,1146,nm,absorbance,581.180339891969
587.35,523.567009,01c12b8c-364f-4208-9bfd-90ef89bee491,Star Lamp,1147,nm,absorbance,581.3808426711477
587.553,785.6948130000001,01c12b8c-364f-4208-9bfd-90ef89bee491,Star Lamp,1148,nm,absorbance,581.582338038342
587.755,1175.6551890000003,01c12b8c-364f-4208-9bfd-90ef89bee491,Star Lamp,1149,nm,absorbance,581.7828408175207
587.958,1694.577912,01c12b8c-364f-4208-9bfd-90ef89bee491,Star Lamp,1150,nm,absorbance,581.984336184715
588.161,2381.788043,01c12b8c-364f-4208-9bfd-90ef89bee491,Star Lamp,1151,nm,absorbance,582.1858315519094
588.363,3277.093037999999,01c12b8c-364f-4208-9bfd-90ef89bee491,Star Lamp,1152,nm,absorbance,582.386334331088
588.566,4432.949641000001,01c12b8c-364f-4208-9bfd-90ef89bee491,Star Lamp,1153,nm,absorbance,582.5878296982823
588.768,5854.227099,01c12b8c-364f-4208-9bfd-90ef89bee491,Star Lamp,1154,nm,absorbance,582.788332477461
588.971,7457.288043999999,01c12b8c-364f-4208-9bfd-90ef89bee491,Star Lamp,1155,nm,absorbance,582.9898278446553
589.173,9202.988492,01c12b8c-364f-4208-9bfd-90ef89bee491,Star Lamp,1156,nm,absorbance,583.190330623834
589.375,11010.477543000005,01c12b8c-364f-4208-9bfd-90ef89bee491,Star Lamp,1157,nm,absorbance,583.3908334030126
589.578,12734.813457,01c12b8c-364f-4208-9bfd-90ef89bee491,Star Lamp,1158,nm,absorbance,583.592328770207
589.78,14245.516645,01c12b8c-364f-4208-9bfd-90ef89bee491,Star Lamp,1159,nm,absorbance,583.7928315493856
589.983,15497.286607000002,01c12b8c-364f-4208-9bfd-90ef89bee491,Star Lamp,1160,nm,absorbance,583.99432691658
590.185,16485.305404000002,01c12b8c-364f-4208-9bfd-90ef89bee491,Star Lamp,1161,nm,absorbance,584.1948296957586
590.387,17305.362597000003,01c12b8c-364f-4208-9bfd-90ef89bee491,Star Lamp,1162,nm,absorbance,584.3953324749373
590.59,17932.363878,01c12b8c-364f-4208-9bfd-90ef89bee491,Star Lamp,1163,nm,absorbance,584.5968278421317
590.792,18411.167237,01c12b8c-364f-4208-9bfd-90ef89bee491,Star Lamp,1164,nm,absorbance,584.7973306213104
590.994,18685.426497,01c12b8c-364f-4208-9bfd-90ef89bee491,Star Lamp,1165,nm,absorbance,584.997833400489
591.197,18917.005708,01c12b8c-364f-4208-9bfd-90ef89bee491,Star Lamp,1166,nm,absorbance,585.1993287676834
591.399,19141.660185,01c12b8c-364f-4208-9bfd-90ef89bee491,Star Lamp,1167,nm,absorbance,585.399831546862
591.601,19244.753929,01c12b8c-364f-4208-9bfd-90ef89bee491,Star Lamp,1168,nm,absorbance,585.6003343260406
591.803,19240.490750000004,01c12b8c-364f-4208-9bfd-90ef89bee491,Star Lamp,1169,nm,absorbance,585.8008371052192
592.006,19199.125313,01c12b8c-364f-4208-9bfd-90ef89bee491,Star Lamp,1170,nm,absorbance,586.0023324724136
592.208,19264.811038000003,01c12b8c-364f-4208-9bfd-90ef89bee491,Star Lamp,1171,nm,absorbance,586.2028352515922
592.41,19367.227818,01c12b8c-364f-4208-9bfd-90ef89bee491,Star Lamp,1172,nm,absorbance,586.4033380307709
592.612,19390.569902,01c12b8c-364f-4208-9bfd-90ef89bee491,Star Lamp,1173,nm,absorbance,586.6038408099495
592.815,19308.402986,01c12b8c-364f-4208-9bfd-90ef89bee491,Star Lamp,1174,nm,absorbance,586.805336177144
593.017,19023.100323,01c12b8c-364f-4208-9bfd-90ef89bee491,Star Lamp,1175,nm,absorbance,587.0058389563226
593.219,18773.515775,01c12b8c-364f-4208-9bfd-90ef89bee491,Star Lamp,1176,nm,absorbance,587.2063417355013
593.421,18655.365042,01c12b8c-364f-4208-9bfd-90ef89bee491,Star Lamp,1177,nm,absorbance,587.4068445146798
593.623,18676.443705,01c12b8c-364f-4208-9bfd-90ef89bee491,Star Lamp,1178,nm,absorbance,587.6073472938585
593.825,18559.499512,01c12b8c-364f-4208-9bfd-90ef89bee491,Star Lamp,1179,nm,absorbance,587.8078500730371
594.027,18229.182512,01c12b8c-364f-4208-9bfd-90ef89bee491,Star Lamp,1180,nm,absorbance,588.0083528522158
594.229,17863.017624,01c12b8c-364f-4208-9bfd-90ef89bee491,Star Lamp,1181,nm,absorbance,588.2088556313944
594.432,17714.221575000003,01c12b8c-364f-4208-9bfd-90ef89bee491,Star Lamp,1182,nm,absorbance,588.4103509985888
594.634,17622.780341,01c12b8c-364f-4208-9bfd-90ef89bee491,Star Lamp,1183,nm,absorbance,588.6108537777674
594.836,17539.184499,01c12b8c-364f-4208-9bfd-90ef89bee491,Star Lamp,1184,nm,absorbance,588.8113565569461
595.038,17313.624623,01c12b8c-364f-4208-9bfd-90ef89bee491,Star Lamp,1185,nm,absorbance,589.0118593361246
595.24,17301.323796000004,01c12b8c-364f-4208-9bfd-90ef89bee491,Star Lamp,1186,nm,absorbance,589.2123621153033
595.442,17301.049231999998,01c12b8c-364f-4208-9bfd-90ef89bee491,Star Lamp,1187,nm,absorbance,589.412864894482
595.644,17251.759016,01c12b8c-364f-4208-9bfd-90ef89bee491,Star Lamp,1188,nm,absorbance,589.6133676736606
595.846,17065.758545,01c12b8c-364f-4208-9bfd-90ef89bee491,Star Lamp,1189,nm,absorbance,589.8138704528393
596.048,16739.783605,01c12b8c-364f-4208-9bfd-90ef89bee491,Star Lamp,1190,nm,absorbance,590.0143732320179
596.249,16426.228575,01c12b8c-364f-4208-9bfd-90ef89bee491,Star Lamp,1191,nm,absorbance,590.2138834231808
596.451,16002.350055,01c12b8c-364f-4208-9bfd-90ef89bee491,Star Lamp,1192,nm,absorbance,590.4143862023594
596.653,15664.102863999997,01c12b8c-364f-4208-9bfd-90ef89bee491,Star Lamp,1193,nm,absorbance,590.6148889815381
596.855,15225.851865,01c12b8c-364f-4208-9bfd-90ef89bee491,Star Lamp,1194,nm,absorbance,590.8153917607167
597.057,14547.409903000002,01c12b8c-364f-4208-9bfd-90ef89bee491,Star Lamp,1195,nm,absorbance,591.0158945398954
597.259,13626.706107999998,01c12b8c-364f-4208-9bfd-90ef89bee491,Star Lamp,1196,nm,absorbance,591.216397319074
597.461,12700.759734999998,01c12b8c-364f-4208-9bfd-90ef89bee491,Star Lamp,1197,nm,absorbance,591.4169000982527
597.663,11979.744862999998,01c12b8c-364f-4208-9bfd-90ef89bee491,Star Lamp,1198,nm,absorbance,591.6174028774312
597.864,11442.289173,01c12b8c-364f-4208-9bfd-90ef89bee491,Star Lamp,1199,nm,absorbance,591.8169130685942
598.066,10977.882311,01c12b8c-364f-4208-9bfd-90ef89bee491,Star Lamp,1200,nm,absorbance,592.0174158477728
598.268,10572.839079,01c12b8c-364f-4208-9bfd-90ef89bee491,Star Lamp,1201,nm,absorbance,592.2179186269515
598.47,10162.270584000002,01c12b8c-364f-4208-9bfd-90ef89bee491,Star Lamp,1202,nm,absorbance,592.41842140613
598.671,9742.388099000002,01c12b8c-364f-4208-9bfd-90ef89bee491,Star Lamp,1203,nm,absorbance,592.617931597293
598.873,9258.274079,01c12b8c-364f-4208-9bfd-90ef89bee491,Star Lamp,1204,nm,absorbance,592.8184343764716
599.075,8731.564102,01c12b8c-364f-4208-9bfd-90ef89bee491,Star Lamp,1205,nm,absorbance,593.0189371556503
599.277,8102.755553,01c12b8c-364f-4208-9bfd-90ef89bee491,Star Lamp,1206,nm,absorbance,593.219439934829
599.478,7405.491741000001,01c12b8c-364f-4208-9bfd-90ef89bee491,Star Lamp,1207,nm,absorbance,593.4189501259917
599.68,6639.2283,01c12b8c-364f-4208-9bfd-90ef89bee491,Star Lamp,1208,nm,absorbance,593.6194529051704
599.882,5834.951918000001,01c12b8c-364f-4208-9bfd-90ef89bee491,Star Lamp,1209,nm,absorbance,593.819955684349
600.083,4975.177188,01c12b8c-364f-4208-9bfd-90ef89bee491,Star Lamp,1210,nm,absorbance,594.019465875512
600.285,4055.063885000001,01c12b8c-364f-4208-9bfd-90ef89bee491,Star Lamp,1211,nm,absorbance,594.2199686546905
600.487,3123.9251980000004,01c12b8c-364f-4208-9bfd-90ef89bee491,Star Lamp,1212,nm,absorbance,594.4204714338692
600.688,2240.460763,01c12b8c-364f-4208-9bfd-90ef89bee491,Star Lamp,1213,nm,absorbance,594.6199816250321
600.89,1484.70516,01c12b8c-364f-4208-9bfd-90ef89bee491,Star Lamp,1214,nm,absorbance,594.8204844042108
601.091,933.193746,01c12b8c-364f-4208-9bfd-90ef89bee491,Star Lamp,1215,nm,absorbance,595.0199945953736
601.293,590.714561,01c12b8c-364f-4208-9bfd-90ef89bee491,Star Lamp,1216,nm,absorbance,595.2204973745523
601.494,412.809504,01c12b8c-364f-4208-9bfd-90ef89bee491,Star Lamp,1217,nm,absorbance,595.4200075657153
601.696,325.053319,01c12b8c-364f-4208-9bfd-90ef89bee491,Star Lamp,1218,nm,absorbance,595.6205103448939
601.898,284.931927,01c12b8c-364f-4208-9bfd-90ef89bee491,Star Lamp,1219,nm,absorbance,595.8210131240726
602.099,263.163753,01c12b8c-364f-4208-9bfd-90ef89bee491,Star Lamp,1220,nm,absorbance,596.0205233152354
602.301,249.272621,01c12b8c-364f-4208-9bfd-90ef89bee491,Star Lamp,1221,nm,absorbance,596.2210260944141
602.502,237.806639,01c12b8c-364f-4208-9bfd-90ef89bee491,Star Lamp,1222,nm,absorbance,596.4205362855769
602.703,231.318733,01c12b8c-364f-4208-9bfd-90ef89bee491,Star Lamp,1223,nm,absorbance,596.6200464767398
602.905,226.809469,01c12b8c-364f-4208-9bfd-90ef89bee491,Star Lamp,1224,nm,absorbance,596.8205492559184
603.106,223.357137,01c12b8c-364f-4208-9bfd-90ef89bee491,Star Lamp,1225,nm,absorbance,597.0200594470814
603.308,222.06394300000005,01c12b8c-364f-4208-9bfd-90ef89bee491,Star Lamp,1226,nm,absorbance,597.22056222626
603.509,221.710658,01c12b8c-364f-4208-9bfd-90ef89bee491,Star Lamp,1227,nm,absorbance,597.420072417423
603.711,224.1654,01c12b8c-364f-4208-9bfd-90ef89bee491,Star Lamp,1228,nm,absorbance,597.6205751966016
603.912,221.864678,01c12b8c-364f-4208-9bfd-90ef89bee491,Star Lamp,1229,nm,absorbance,597.8200853877645
604.113,223.16828500000005,01c12b8c-364f-4208-9bfd-90ef89bee491,Star Lamp,1230,nm,absorbance,598.0195955789275
604.315,222.56517300000004,01c12b8c-364f-4208-9bfd-90ef89bee491,Star Lamp,1231,nm,absorbance,598.220098358106
604.516,224.77932,01c12b8c-364f-4208-9bfd-90ef89bee491,Star Lamp,1232,nm,absorbance,598.4196085492689
604.717,222.896482,01c12b8c-364f-4208-9bfd-90ef89bee491,Star Lamp,1233,nm,absorbance,598.6191187404318
604.919,218.827731,01c12b8c-364f-4208-9bfd-90ef89bee491,Star Lamp,1234,nm,absorbance,598.8196215196105
605.12,221.078189,01c12b8c-364f-4208-9bfd-90ef89bee491,Star Lamp,1235,nm,absorbance,599.0191317107733
605.321,222.682958,01c12b8c-364f-4208-9bfd-90ef89bee491,Star Lamp,1236,nm,absorbance,599.2186419019363
605.522,223.30902,01c12b8c-364f-4208-9bfd-90ef89bee491,Star Lamp,1237,nm,absorbance,599.4181520930993
605.724,219.432649,01c12b8c-364f-4208-9bfd-90ef89bee491,Star Lamp,1238,nm,absorbance,599.6186548722778
605.925,219.885612,01c12b8c-364f-4208-9bfd-90ef89bee491,Star Lamp,1239,nm,absorbance,599.8181650634407
606.126,221.627908,01c12b8c-364f-4208-9bfd-90ef89bee491,Star Lamp,1240,nm,absorbance,600.0176752546035
606.327,225.063319,01c12b8c-364f-4208-9bfd-90ef89bee491,Star Lamp,1241,nm,absorbance,600.2171854457665
606.528,221.793788,01c12b8c-364f-4208-9bfd-90ef89bee491,Star Lamp,1242,nm,absorbance,600.4166956369294
606.729,224.711716,01c12b8c-364f-4208-9bfd-90ef89bee491,Star Lamp,1243,nm,absorbance,600.6162058280923
606.931,226.626605,01c12b8c-364f-4208-9bfd-90ef89bee491,Star Lamp,1244,nm,absorbance,600.816708607271
607.132,233.338718,01c12b8c-364f-4208-9bfd-90ef89bee491,Star Lamp,1245,nm,absorbance,601.0162187984338
607.333,234.96623500000004,01c12b8c-364f-4208-9bfd-90ef89bee491,Star Lamp,1246,nm,absorbance,601.2157289895968
607.534,231.372051,01c12b8c-364f-4208-9bfd-90ef89bee491,Star Lamp,1247,nm,absorbance,601.4152391807596
607.735,228.241861,01c12b8c-364f-4208-9bfd-90ef89bee491,Star Lamp,1248,nm,absorbance,601.6147493719226
607.936,223.576902,01c12b8c-364f-4208-9bfd-90ef89bee491,Star Lamp,1249,nm,absorbance,601.8142595630854
608.137,225.21654,01c12b8c-364f-4208-9bfd-90ef89bee491,Star Lamp,1250,nm,absorbance,602.0137697542483
608.338,225.386218,01c12b8c-364f-4208-9bfd-90ef89bee491,Star Lamp,1251,nm,absorbance,602.2132799454113
608.539,223.474297,01c12b8c-364f-4208-9bfd-90ef89bee491,Star Lamp,1252,nm,absorbance,602.4127901365741
608.74,217.406157,01c12b8c-364f-4208-9bfd-90ef89bee491,Star Lamp,1253,nm,absorbance,602.6123003277371
608.941,213.661387,01c12b8c-364f-4208-9bfd-90ef89bee491,Star Lamp,1254,nm,absorbance,602.8118105189
609.142,214.863425,01c12b8c-364f-4208-9bfd-90ef89bee491,Star Lamp,1255,nm,absorbance,603.0113207100629
609.343,213.987334,01c12b8c-364f-4208-9bfd-90ef89bee491,Star Lamp,1256,nm,absorbance,603.2108309012258
609.544,211.125753,01c12b8c-364f-4208-9bfd-90ef89bee491,Star Lamp,1257,nm,absorbance,603.4103410923886
609.745,202.89143500000003,01c12b8c-364f-4208-9bfd-90ef89bee491,Star Lamp,1258,nm,absorbance,603.6098512835516
609.946,196.854648,01c12b8c-364f-4208-9bfd-90ef89bee491,Star Lamp,1259,nm,absorbance,603.8093614747145
610.147,193.891674,01c12b8c-364f-4208-9bfd-90ef89bee491,Star Lamp,1260,nm,absorbance,604.0088716658775
610.348,194.49368,01c12b8c-364f-4208-9bfd-90ef89bee491,Star Lamp,1261,nm,absorbance,604.2083818570402
610.549,196.035145,01c12b8c-364f-4208-9bfd-90ef89bee491,Star Lamp,1262,nm,absorbance,604.4078920482032
610.75,197.820309,01c12b8c-364f-4208-9bfd-90ef89bee491,Star Lamp,1263,nm,absorbance,604.6074022393661
610.95,192.11017400000003,01c12b8c-364f-4208-9bfd-90ef89bee491,Star Lamp,1264,nm,absorbance,604.8059198425133
611.151,186.172376,01c12b8c-364f-4208-9bfd-90ef89bee491,Star Lamp,1265,nm,absorbance,605.0054300336761
611.352,178.51474000000002,01c12b8c-364f-4208-9bfd-90ef89bee491,Star Lamp,1266,nm,absorbance,605.204940224839
611.553,181.230602,01c12b8c-364f-4208-9bfd-90ef89bee491,Star Lamp,1267,nm,absorbance,605.404450416002
611.754,180.140853,01c12b8c-364f-4208-9bfd-90ef89bee491,Star Lamp,1268,nm,absorbance,605.6039606071649
611.954,175.904477,01c12b8c-364f-4208-9bfd-90ef89bee491,Star Lamp,1269,nm,absorbance,605.802478210312
612.155,166.6893,01c12b8c-364f-4208-9bfd-90ef89bee491,Star Lamp,1270,nm,absorbance,606.0019884014749
612.356,159.538358,01c12b8c-364f-4208-9bfd-90ef89bee491,Star Lamp,1271,nm,absorbance,606.2014985926378
612.557,160.417326,01c12b8c-364f-4208-9bfd-90ef89bee491,Star Lamp,1272,nm,absorbance,606.4010087838008
612.757,160.482333,01c12b8c-364f-4208-9bfd-90ef89bee491,Star Lamp,1273,nm,absorbance,606.5995263869479
612.958,159.05664300000004,01c12b8c-364f-4208-9bfd-90ef89bee491,Star Lamp,1274,nm,absorbance,606.7990365781108
613.159,153.01229600000002,01c12b8c-364f-4208-9bfd-90ef89bee491,Star Lamp,1275,nm,absorbance,606.9985467692737
613.359,149.534886,01c12b8c-364f-4208-9bfd-90ef89bee491,Star Lamp,1276,nm,absorbance,607.1970643724209
613.56,143.097851,01c12b8c-364f-4208-9bfd-90ef89bee491,Star Lamp,1277,nm,absorbance,607.3965745635837
613.761,139.87754,01c12b8c-364f-4208-9bfd-90ef89bee491,Star Lamp,1278,nm,absorbance,607.5960847547467
613.961,136.79378400000002,01c12b8c-364f-4208-9bfd-90ef89bee491,Star Lamp,1279,nm,absorbance,607.7946023578938
614.162,136.47327,01c12b8c-364f-4208-9bfd-90ef89bee491,Star Lamp,1280,nm,absorbance,607.9941125490568
614.362,135.156031,01c12b8c-364f-4208-9bfd-90ef89bee491,Star Lamp,1281,nm,absorbance,608.192630152204
614.563,133.39883500000002,01c12b8c-364f-4208-9bfd-90ef89bee491,Star Lamp,1282,nm,absorbance,608.3921403433668
614.764,132.421753,01c12b8c-364f-4208-9bfd-90ef89bee491,Star Lamp,1283,nm,absorbance,608.5916505345298
614.964,127.223112,01c12b8c-364f-4208-9bfd-90ef89bee491,Star Lamp,1284,nm,absorbance,608.7901681376769
615.165,120.978595,01c12b8c-364f-4208-9bfd-90ef89bee491,Star Lamp,1285,nm,absorbance,608.9896783288398
615.365,118.536167,01c12b8c-364f-4208-9bfd-90ef89bee491,Star Lamp,1286,nm,absorbance,609.188195931987
615.566,117.961512,01c12b8c-364f-4208-9bfd-90ef89bee491,Star Lamp,1287,nm,absorbance,609.3877061231499
615.766,117.094329,01c12b8c-364f-4208-9bfd-90ef89bee491,Star Lamp,1288,nm,absorbance,609.586223726297
615.967,115.02066399999998,01c12b8c-364f-4208-9bfd-90ef89bee491,Star Lamp,1289,nm,absorbance,609.7857339174599
616.167,113.123964,01c12b8c-364f-4208-9bfd-90ef89bee491,Star Lamp,1290,nm,absorbance,609.9842515206071
616.368,111.921574,01c12b8c-364f-4208-9bfd-90ef89bee491,Star Lamp,1291,nm,absorbance,610.1837617117701
616.568,108.876337,01c12b8c-364f-4208-9bfd-90ef89bee491,Star Lamp,1292,nm,absorbance,610.3822793149171
616.768,106.929854,01c12b8c-364f-4208-9bfd-90ef89bee491,Star Lamp,1293,nm,absorbance,610.5807969180644
616.969,103.836653,01c12b8c-364f-4208-9bfd-90ef89bee491,Star Lamp,1294,nm,absorbance,610.7803071092274
617.169,102.017443,01c12b8c-364f-4208-9bfd-90ef89bee491,Star Lamp,1295,nm,absorbance,610.9788247123744
617.37,101.302682,01c12b8c-364f-4208-9bfd-90ef89bee491,Star Lamp,1296,nm,absorbance,611.1783349035373
617.57,105.165188,01c12b8c-364f-4208-9bfd-90ef89bee491,Star Lamp,1297,nm,absorbance,611.3768525066845
617.77,105.57639399999998,01c12b8c-364f-4208-9bfd-90ef89bee491,Star Lamp,1298,nm,absorbance,611.5753701098316
617.971,104.612314,01c12b8c-364f-4208-9bfd-90ef89bee491,Star Lamp,1299,nm,absorbance,611.7748803009946
618.171,97.284294,01c12b8c-364f-4208-9bfd-90ef89bee491,Star Lamp,1300,nm,absorbance,611.9733979041417
618.371,98.184843,01c12b8c-364f-4208-9bfd-90ef89bee491,Star Lamp,1301,nm,absorbance,612.1719155072889
618.571,100.966017,01c12b8c-364f-4208-9bfd-90ef89bee491,Star Lamp,1302,nm,absorbance,612.3704331104361
618.772,104.501108,01c12b8c-364f-4208-9bfd-90ef89bee491,Star Lamp,1303,nm,absorbance,612.569943301599
618.972,103.144579,01c12b8c-364f-4208-9bfd-90ef89bee491,Star Lamp,1304,nm,absorbance,612.7684609047461
619.172,98.392468,01c12b8c-364f-4208-9bfd-90ef89bee491,Star Lamp,1305,nm,absorbance,612.9669785078933
619.372,100.323884,01c12b8c-364f-4208-9bfd-90ef89bee491,Star Lamp,1306,nm,absorbance,613.1654961110404
619.573,101.049993,01c12b8c-364f-4208-9bfd-90ef89bee491,Star Lamp,1307,nm,absorbance,613.3650063022034
619.773,100.374459,01c12b8c-364f-4208-9bfd-90ef89bee491,Star Lamp,1308,nm,absorbance,613.5635239053505
619.973,96.906294,01c12b8c-364f-4208-9bfd-90ef89bee491,Star Lamp,1309,nm,absorbance,613.7620415084976
620.173,92.60810800000002,01c12b8c-364f-4208-9bfd-90ef89bee491,Star Lamp,1310,nm,absorbance,613.9605591116449
620.373,90.415591,01c12b8c-364f-4208-9bfd-90ef89bee491,Star Lamp,1311,nm,absorbance,614.159076714792
620.573,89.63905199999999,01c12b8c-364f-4208-9bfd-90ef89bee491,Star Lamp,1312,nm,absorbance,614.3575943179392
620.774,91.09869799999998,01c12b8c-364f-4208-9bfd-90ef89bee491,Star Lamp,1313,nm,absorbance,614.5571045091021
620.974,90.884639,01c12b8c-364f-4208-9bfd-90ef89bee491,Star Lamp,1314,nm,absorbance,614.7556221122493
621.174,92.498976,01c12b8c-364f-4208-9bfd-90ef89bee491,Star Lamp,1315,nm,absorbance,614.9541397153964
621.374,92.840079,01c12b8c-364f-4208-9bfd-90ef89bee491,Star Lamp,1316,nm,absorbance,615.1526573185436
621.574,93.008544,01c12b8c-364f-4208-9bfd-90ef89bee491,Star Lamp,1317,nm,absorbance,615.3511749216907
621.774,95.224178,01c12b8c-364f-4208-9bfd-90ef89bee491,Star Lamp,1318,nm,absorbance,615.549692524838
621.974,94.02366299999998,01c12b8c-364f-4208-9bfd-90ef89bee491,Star Lamp,1319,nm,absorbance,615.7482101279851
622.174,94.80469,01c12b8c-364f-4208-9bfd-90ef89bee491,Star Lamp,1320,nm,absorbance,615.9467277311322
622.374,90.309808,01c12b8c-364f-4208-9bfd-90ef89bee491,Star Lamp,1321,nm,absorbance,616.1452453342795
622.574,89.930296,01c12b8c-364f-4208-9bfd-90ef89bee491,Star Lamp,1322,nm,absorbance,616.3437629374265
622.774,87.94506799999999,01c12b8c-364f-4208-9bfd-90ef89bee491,Star Lamp,1323,nm,absorbance,616.5422805405738
622.974,88.272126,01c12b8c-364f-4208-9bfd-90ef89bee491,Star Lamp,1324,nm,absorbance,616.740798143721
623.174,90.164422,01c12b8c-364f-4208-9bfd-90ef89bee491,Star Lamp,1325,nm,absorbance,616.939315746868
623.374,91.841894,01c12b8c-364f-4208-9bfd-90ef89bee491,Star Lamp,1326,nm,absorbance,617.1378333500153
623.574,92.23768200000002,01c12b8c-364f-4208-9bfd-90ef89bee491,Star Lamp,1327,nm,absorbance,617.3363509531624
623.774,92.167812,01c12b8c-364f-4208-9bfd-90ef89bee491,Star Lamp,1328,nm,absorbance,617.5348685563096
623.973,96.197946,01c12b8c-364f-4208-9bfd-90ef89bee491,Star Lamp,1329,nm,absorbance,617.732393571441
624.173,91.727739,01c12b8c-364f-4208-9bfd-90ef89bee491,Star Lamp,1330,nm,absorbance,617.9309111745882
624.373,84.17627300000001,01c12b8c-364f-4208-9bfd-90ef89bee491,Star Lamp,1331,nm,absorbance,618.1294287777354
624.573,79.56083500000001,01c12b8c-364f-4208-9bfd-90ef89bee491,Star Lamp,1332,nm,absorbance,618.3279463808825
624.773,81.09359700000002,01c12b8c-364f-4208-9bfd-90ef89bee491,Star Lamp,1333,nm,absorbance,618.5264639840298
624.973,82.865363,01c12b8c-364f-4208-9bfd-90ef89bee491,Star Lamp,1334,nm,absorbance,618.7249815871768
625.172,82.49752900000001,01c12b8c-364f-4208-9bfd-90ef89bee491,Star Lamp,1335,nm,absorbance,618.9225066023083
625.372,86.52116699999999,01c12b8c-364f-4208-9bfd-90ef89bee491,Star Lamp,1336,nm,absorbance,619.1210242054555
625.572,88.73361500000001,01c12b8c-364f-4208-9bfd-90ef89bee491,Star Lamp,1337,nm,absorbance,619.3195418086026
625.772,85.13294,01c12b8c-364f-4208-9bfd-90ef89bee491,Star Lamp,1338,nm,absorbance,619.5180594117498
625.971,83.736165,01c12b8c-364f-4208-9bfd-90ef89bee491,Star Lamp,1339,nm,absorbance,619.7155844268813
626.171,83.50662700000001,01c12b8c-364f-4208-9bfd-90ef89bee491,Star Lamp,1340,nm,absorbance,619.9141020300284
626.371,86.56417000000002,01c12b8c-364f-4208-9bfd-90ef89bee491,Star Lamp,1341,nm,absorbance,620.1126196331755
626.57,87.14599000000001,01c12b8c-364f-4208-9bfd-90ef89bee491,Star Lamp,1342,nm,absorbance,620.3101446483071
626.77,86.30672799999999,01c12b8c-364f-4208-9bfd-90ef89bee491,Star Lamp,1343,nm,absorbance,620.5086622514541
626.97,87.23015400000001,01c12b8c-364f-4208-9bfd-90ef89bee491,Star Lamp,1344,nm,absorbance,620.7071798546013
627.169,81.40889200000001,01c12b8c-364f-4208-9bfd-90ef89bee491,Star Lamp,1345,nm,absorbance,620.9047048697328
627.369,85.66058699999999,01c12b8c-364f-4208-9bfd-90ef89bee491,Star Lamp,1346,nm,absorbance,621.1032224728799
627.569,88.07048999999999,01c12b8c-364f-4208-9bfd-90ef89bee491,Star Lamp,1347,nm,absorbance,621.301740076027
627.768,92.853252,01c12b8c-364f-4208-9bfd-90ef89bee491,Star Lamp,1348,nm,absorbance,621.4992650911586
627.968,97.71766,01c12b8c-364f-4208-9bfd-90ef89bee491,Star Lamp,1349,nm,absorbance,621.6977826943056
628.167,97.141496,01c12b8c-364f-4208-9bfd-90ef89bee491,Star Lamp,1350,nm,absorbance,621.8953077094371
628.367,96.876765,01c12b8c-364f-4208-9bfd-90ef89bee491,Star Lamp,1351,nm,absorbance,622.0938253125843
628.566,88.749852,01c12b8c-364f-4208-9bfd-90ef89bee491,Star Lamp,1352,nm,absorbance,622.2913503277157
628.766,84.21936600000001,01c12b8c-364f-4208-9bfd-90ef89bee491,Star Lamp,1353,nm,absorbance,622.4898679308628
628.965,86.106306,01c12b8c-364f-4208-9bfd-90ef89bee491,Star Lamp,1354,nm,absorbance,622.6873929459944
629.165,87.6008,01c12b8c-364f-4208-9bfd-90ef89bee491,Star Lamp,1355,nm,absorbance,622.8859105491414
629.364,90.274506,01c12b8c-364f-4208-9bfd-90ef89bee491,Star Lamp,1356,nm,absorbance,623.0834355642729
629.564,91.777664,01c12b8c-364f-4208-9bfd-90ef89bee491,Star Lamp,1357,nm,absorbance,623.28195316742
629.763,91.153734,01c12b8c-364f-4208-9bfd-90ef89bee491,Star Lamp,1358,nm,absorbance,623.4794781825515
629.963,90.273949,01c12b8c-364f-4208-9bfd-90ef89bee491,Star Lamp,1359,nm,absorbance,623.6779957856986
630.162,89.036936,01c12b8c-364f-4208-9bfd-90ef89bee491,Star Lamp,1360,nm,absorbance,623.8755208008301
630.362,90.608803,01c12b8c-364f-4208-9bfd-90ef89bee491,Star Lamp,1361,nm,absorbance,624.0740384039772
630.561,95.14051000000002,01c12b8c-364f-4208-9bfd-90ef89bee491,Star Lamp,1362,nm,absorbance,624.2715634191087
630.76,94.472521,01c12b8c-364f-4208-9bfd-90ef89bee491,Star Lamp,1363,nm,absorbance,624.4690884342401
630.96,94.344582,01c12b8c-364f-4208-9bfd-90ef89bee491,Star Lamp,1364,nm,absorbance,624.6676060373874
631.159,96.166631,01c12b8c-364f-4208-9bfd-90ef89bee491,Star Lamp,1365,nm,absorbance,624.8651310525187
631.358,92.070267,01c12b8c-364f-4208-9bfd-90ef89bee491,Star Lamp,1366,nm,absorbance,625.0626560676501
631.558,93.513246,01c12b8c-364f-4208-9bfd-90ef89bee491,Star Lamp,1367,nm,absorbance,625.2611736707973
631.757,91.468016,01c12b8c-364f-4208-9bfd-90ef89bee491,Star Lamp,1368,nm,absorbance,625.4586986859287
631.956,92.98819,01c12b8c-364f-4208-9bfd-90ef89bee491,Star Lamp,1369,nm,absorbance,625.6562237010602
632.155,89.60284799999998,01c12b8c-364f-4208-9bfd-90ef89bee491,Star Lamp,1370,nm,absorbance,625.8537487161916
632.355,86.912451,01c12b8c-364f-4208-9bfd-90ef89bee491,Star Lamp,1371,nm,absorbance,626.0522663193387
632.554,90.088848,01c12b8c-364f-4208-9bfd-90ef89bee491,Star Lamp,1372,nm,absorbance,626.2497913344702
632.753,93.475223,01c12b8c-364f-4208-9bfd-90ef89bee491,Star Lamp,1373,nm,absorbance,626.4473163496017
632.952,90.314875,01c12b8c-364f-4208-9bfd-90ef89bee491,Star Lamp,1374,nm,absorbance,626.6448413647331
633.152,90.99469100000002,01c12b8c-364f-4208-9bfd-90ef89bee491,Star Lamp,1375,nm,absorbance,626.8433589678802
633.351,91.336845,01c12b8c-364f-4208-9bfd-90ef89bee491,Star Lamp,1376,nm,absorbance,627.0408839830117
633.55,98.481061,01c12b8c-364f-4208-9bfd-90ef89bee491,Star Lamp,1377,nm,absorbance,627.2384089981431
633.749,99.687874,01c12b8c-364f-4208-9bfd-90ef89bee491,Star Lamp,1378,nm,absorbance,627.4359340132745
633.948,96.678726,01c12b8c-364f-4208-9bfd-90ef89bee491,Star Lamp,1379,nm,absorbance,627.6334590284059
634.147,94.204982,01c12b8c-364f-4208-9bfd-90ef89bee491,Star Lamp,1380,nm,absorbance,627.8309840435375
634.346,91.724352,01c12b8c-364f-4208-9bfd-90ef89bee491,Star Lamp,1381,nm,absorbance,628.0285090586689
634.545,89.04281600000002,01c12b8c-364f-4208-9bfd-90ef89bee491,Star Lamp,1382,nm,absorbance,628.2260340738002
634.744,88.642424,01c12b8c-364f-4208-9bfd-90ef89bee491,Star Lamp,1383,nm,absorbance,628.4235590889317
634.944,87.370525,01c12b8c-364f-4208-9bfd-90ef89bee491,Star Lamp,1384,nm,absorbance,628.6220766920788
635.143,89.42147500000002,01c12b8c-364f-4208-9bfd-90ef89bee491,Star Lamp,1385,nm,absorbance,628.8196017072103
635.342,91.348849,01c12b8c-364f-4208-9bfd-90ef89bee491,Star Lamp,1386,nm,absorbance,629.0171267223417
635.541,90.746746,01c12b8c-364f-4208-9bfd-90ef89bee491,Star Lamp,1387,nm,absorbance,629.2146517374732
635.74,91.76876,01c12b8c-364f-4208-9bfd-90ef89bee491,Star Lamp,1388,nm,absorbance,629.4121767526045
635.939,85.71663500000001,01c12b8c-364f-4208-9bfd-90ef89bee491,Star Lamp,1389,nm,absorbance,629.6097017677359
636.138,84.274327,01c12b8c-364f-4208-9bfd-90ef89bee491,Star Lamp,1390,nm,absorbance,629.8072267828675
636.336,82.559828,01c12b8c-364f-4208-9bfd-90ef89bee491,Star Lamp,1391,nm,absorbance,630.0037592099832
636.535,85.612059,01c12b8c-364f-4208-9bfd-90ef89bee491,Star Lamp,1392,nm,absorbance,630.2012842251145
636.734,84.319043,01c12b8c-364f-4208-9bfd-90ef89bee491,Star Lamp,1393,nm,absorbance,630.398809240246
636.933,82.17431300000001,01c12b8c-364f-4208-9bfd-90ef89bee491,Star Lamp,1394,nm,absorbance,630.5963342553774
637.132,80.57099099999999,01c12b8c-364f-4208-9bfd-90ef89bee491,Star Lamp,1395,nm,absorbance,630.7938592705088
637.331,83.111175,01c12b8c-364f-4208-9bfd-90ef89bee491,Star Lamp,1396,nm,absorbance,630.9913842856403
637.53,84.528228,01c12b8c-364f-4208-9bfd-90ef89bee491,Star Lamp,1397,nm,absorbance,631.1889093007717
637.729,84.195725,01c12b8c-364f-4208-9bfd-90ef89bee491,Star Lamp,1398,nm,absorbance,631.3864343159032
637.928,80.725335,01c12b8c-364f-4208-9bfd-90ef89bee491,Star Lamp,1399,nm,absorbance,631.5839593310345
638.126,79.20501199999998,01c12b8c-364f-4208-9bfd-90ef89bee491,Star Lamp,1400,nm,absorbance,631.7804917581502
638.325,80.043658,01c12b8c-364f-4208-9bfd-90ef89bee491,Star Lamp,1401,nm,absorbance,631.9780167732818
638.524,81.43643399999999,01c12b8c-364f-4208-9bfd-90ef89bee491,Star Lamp,1402,nm,absorbance,632.1755417884132
638.723,82.873373,01c12b8c-364f-4208-9bfd-90ef89bee491,Star Lamp,1403,nm,absorbance,632.3730668035445
638.921,83.004536,01c12b8c-364f-4208-9bfd-90ef89bee491,Star Lamp,1404,nm,absorbance,632.5695992306603
639.12,84.63077299999999,01c12b8c-364f-4208-9bfd-90ef89bee491,Star Lamp,1405,nm,absorbance,632.7671242457917
639.319,84.309492,01c12b8c-364f-4208-9bfd-90ef89bee491,Star Lamp,1406,nm,absorbance,632.9646492609231
639.518,84.278818,01c12b8c-364f-4208-9bfd-90ef89bee491,Star Lamp,1407,nm,absorbance,633.1621742760545
639.716,89.760463,01c12b8c-364f-4208-9bfd-90ef89bee491,Star Lamp,1408,nm,absorbance,633.3587067031702
639.915,96.272596,01c12b8c-364f-4208-9bfd-90ef89bee491,Star Lamp,1409,nm,absorbance,633.5562317183017
640.114,95.366799,01c12b8c-364f-4208-9bfd-90ef89bee491,Star Lamp,1410,nm,absorbance,633.7537567334332
640.312,89.644106,01c12b8c-364f-4208-9bfd-90ef89bee491,Star Lamp,1411,nm,absorbance,633.9502891605488
640.511,90.612156,01c12b8c-364f-4208-9bfd-90ef89bee491,Star Lamp,1412,nm,absorbance,634.1478141756802
640.71,95.083336,01c12b8c-364f-4208-9bfd-90ef89bee491,Star Lamp,1413,nm,absorbance,634.3453391908117
640.908,100.613845,01c12b8c-364f-4208-9bfd-90ef89bee491,Star Lamp,1414,nm,absorbance,634.5418716179274
641.107,98.28545800000002,01c12b8c-364f-4208-9bfd-90ef89bee491,Star Lamp,1415,nm,absorbance,634.7393966330587
641.305,100.329967,01c12b8c-364f-4208-9bfd-90ef89bee491,Star Lamp,1416,nm,absorbance,634.9359290601744
641.504,98.369893,01c12b8c-364f-4208-9bfd-90ef89bee491,Star Lamp,1417,nm,absorbance,635.133454075306
641.702,101.93864299999998,01c12b8c-364f-4208-9bfd-90ef89bee491,Star Lamp,1418,nm,absorbance,635.3299865024217
641.901,99.91453,01c12b8c-364f-4208-9bfd-90ef89bee491,Star Lamp,1419,nm,absorbance,635.527511517553
642.099,102.51774899999998,01c12b8c-364f-4208-9bfd-90ef89bee491,Star Lamp,1420,nm,absorbance,635.7240439446688
642.298,103.540499,01c12b8c-364f-4208-9bfd-90ef89bee491,Star Lamp,1421,nm,absorbance,635.9215689598002
642.496,105.97440199999998,01c12b8c-364f-4208-9bfd-90ef89bee491,Star Lamp,1422,nm,absorbance,636.1181013869159
642.695,106.713592,01c12b8c-364f-4208-9bfd-90ef89bee491,Star Lamp,1423,nm,absorbance,636.3156264020473
642.893,107.081469,01c12b8c-364f-4208-9bfd-90ef89bee491,Star Lamp,1424,nm,absorbance,636.512158829163
643.092,110.47288799999998,01c12b8c-364f-4208-9bfd-90ef89bee491,Star Lamp,1425,nm,absorbance,636.7096838442944
643.29,116.990892,01c12b8c-364f-4208-9bfd-90ef89bee491,Star Lamp,1426,nm,absorbance,636.9062162714101
643.489,119.033887,01c12b8c-364f-4208-9bfd-90ef89bee491,Star Lamp,1427,nm,absorbance,637.1037412865415
643.687,121.643075,01c12b8c-364f-4208-9bfd-90ef89bee491,Star Lamp,1428,nm,absorbance,637.3002737136572
643.885,124.587571,01c12b8c-364f-4208-9bfd-90ef89bee491,Star Lamp,1429,nm,absorbance,637.496806140773
644.084,127.910991,01c12b8c-364f-4208-9bfd-90ef89bee491,Star Lamp,1430,nm,absorbance,637.6943311559044
644.282,127.832127,01c12b8c-364f-4208-9bfd-90ef89bee491,Star Lamp,1431,nm,absorbance,637.8908635830201
644.48,127.020457,01c12b8c-364f-4208-9bfd-90ef89bee491,Star Lamp,1432,nm,absorbance,638.0873960101358
644.679,125.051167,01c12b8c-364f-4208-9bfd-90ef89bee491,Star Lamp,1433,nm,absorbance,638.2849210252672
644.877,124.44979,01c12b8c-364f-4208-9bfd-90ef89bee491,Star Lamp,1434,nm,absorbance,638.4814534523829
645.075,124.393651,01c12b8c-364f-4208-9bfd-90ef89bee491,Star Lamp,1435,nm,absorbance,638.6779858794986
645.274,132.16972,01c12b8c-364f-4208-9bfd-90ef89bee491,Star Lamp,1436,nm,absorbance,638.87551089463
645.472,134.947232,01c12b8c-364f-4208-9bfd-90ef89bee491,Star Lamp,1437,nm,absorbance,639.0720433217457
645.67,138.821375,01c12b8c-364f-4208-9bfd-90ef89bee491,Star Lamp,1438,nm,absorbance,639.2685757488614
645.868,141.05789,01c12b8c-364f-4208-9bfd-90ef89bee491,Star Lamp,1439,nm,absorbance,639.4651081759771
646.067,147.07524199999995,01c12b8c-364f-4208-9bfd-90ef89bee491,Star Lamp,1440,nm,absorbance,639.6626331911085
646.265,148.451749,01c12b8c-364f-4208-9bfd-90ef89bee491,Star Lamp,1441,nm,absorbance,639.8591656182242
646.463,147.957297,01c12b8c-364f-4208-9bfd-90ef89bee491,Star Lamp,1442,nm,absorbance,640.0556980453399
646.661,145.00497,01c12b8c-364f-4208-9bfd-90ef89bee491,Star Lamp,1443,nm,absorbance,640.2522304724555
646.859,147.459882,01c12b8c-364f-4208-9bfd-90ef89bee491,Star Lamp,1444,nm,absorbance,640.4487628995713
647.057,144.615841,01c12b8c-364f-4208-9bfd-90ef89bee491,Star Lamp,1445,nm,absorbance,640.645295326687
647.256,154.216885,01c12b8c-364f-4208-9bfd-90ef89bee491,Star Lamp,1446,nm,absorbance,640.8428203418184
647.454,151.407076,01c12b8c-364f-4208-9bfd-90ef89bee491,Star Lamp,1447,nm,absorbance,641.0393527689341
647.652,158.75579599999998,01c12b8c-364f-4208-9bfd-90ef89bee491,Star Lamp,1448,nm,absorbance,641.2358851960498
647.85,155.478365,01c12b8c-364f-4208-9bfd-90ef89bee491,Star Lamp,1449,nm,absorbance,641.4324176231655
648.048,162.915938,01c12b8c-364f-4208-9bfd-90ef89bee491,Star Lamp,1450,nm,absorbance,641.6289500502812
648.246,165.409854,01c12b8c-364f-4208-9bfd-90ef89bee491,Star Lamp,1451,nm,absorbance,641.8254824773969
648.444,169.090866,01c12b8c-364f-4208-9bfd-90ef89bee491,Star Lamp,1452,nm,absorbance,642.0220149045125
648.642,168.50753500000002,01c12b8c-364f-4208-9bfd-90ef89bee491,Star Lamp,1453,nm,absorbance,642.2185473316283
648.84,166.82665200000002,01c12b8c-364f-4208-9bfd-90ef89bee491,Star Lamp,1454,nm,absorbance,642.415079758744
649.038,167.395935,01c12b8c-364f-4208-9bfd-90ef89bee491,Star Lamp,1455,nm,absorbance,642.6116121858597
649.236,170.93729999999996,01c12b8c-364f-4208-9bfd-90ef89bee491,Star Lamp,1456,nm,absorbance,642.8081446129754
649.434,172.662798,01c12b8c-364f-4208-9bfd-90ef89bee491,Star Lamp,1457,nm,absorbance,643.004677040091
649.632,177.90060599999998,01c12b8c-364f-4208-9bfd-90ef89bee491,Star Lamp,1458,nm,absorbance,643.2012094672067
649.83,183.667665,01c12b8c-364f-4208-9bfd-90ef89bee491,Star Lamp,1459,nm,absorbance,643.3977418943225
650.028,184.690747,01c12b8c-364f-4208-9bfd-90ef89bee491,Star Lamp,1460,nm,absorbance,643.5942743214382
650.226,183.6209,01c12b8c-364f-4208-9bfd-90ef89bee491,Star Lamp,1461,nm,absorbance,643.7908067485539
650.423,181.927793,01c12b8c-364f-4208-9bfd-90ef89bee491,Star Lamp,1462,nm,absorbance,643.9863465876538
650.621,183.099501,01c12b8c-364f-4208-9bfd-90ef89bee491,Star Lamp,1463,nm,absorbance,644.1828790147695
650.819,179.45812999999998,01c12b8c-364f-4208-9bfd-90ef89bee491,Star Lamp,1464,nm,absorbance,644.3794114418852
651.017,180.693843,01c12b8c-364f-4208-9bfd-90ef89bee491,Star Lamp,1465,nm,absorbance,644.575943869001
651.215,181.559938,01c12b8c-364f-4208-9bfd-90ef89bee491,Star Lamp,1466,nm,absorbance,644.7724762961166
651.413,187.996799,01c12b8c-364f-4208-9bfd-90ef89bee491,Star Lamp,1467,nm,absorbance,644.9690087232323
651.61,185.500673,01c12b8c-364f-4208-9bfd-90ef89bee491,Star Lamp,1468,nm,absorbance,645.1645485623322
651.808,187.881143,01c12b8c-364f-4208-9bfd-90ef89bee491,Star Lamp,1469,nm,absorbance,645.3610809894479
652.006,183.73532,01c12b8c-364f-4208-9bfd-90ef89bee491,Star Lamp,1470,nm,absorbance,645.5576134165636
652.204,180.50791,01c12b8c-364f-4208-9bfd-90ef89bee491,Star Lamp,1471,nm,absorbance,645.7541458436792
652.401,180.273438,01c12b8c-364f-4208-9bfd-90ef89bee491,Star Lamp,1472,nm,absorbance,645.9496856827792
652.599,182.02192,01c12b8c-364f-4208-9bfd-90ef89bee491,Star Lamp,1473,nm,absorbance,646.146218109895
652.797,182.776614,01c12b8c-364f-4208-9bfd-90ef89bee491,Star Lamp,1474,nm,absorbance,646.3427505370107
652.995,184.06624,01c12b8c-364f-4208-9bfd-90ef89bee491,Star Lamp,1475,nm,absorbance,646.5392829641264
653.192,186.521556,01c12b8c-364f-4208-9bfd-90ef89bee491,Star Lamp,1476,nm,absorbance,646.7348228032264
653.39,191.789558,01c12b8c-364f-4208-9bfd-90ef89bee491,Star Lamp,1477,nm,absorbance,646.931355230342
653.588,188.706316,01c12b8c-364f-4208-9bfd-90ef89bee491,Star Lamp,1478,nm,absorbance,647.1278876574577
653.785,185.701915,01c12b8c-364f-4208-9bfd-90ef89bee491,Star Lamp,1479,nm,absorbance,647.3234274965577
653.983,182.778718,01c12b8c-364f-4208-9bfd-90ef89bee491,Star Lamp,1480,nm,absorbance,647.5199599236734
654.18,183.456101,01c12b8c-364f-4208-9bfd-90ef89bee491,Star Lamp,1481,nm,absorbance,647.7154997627733
654.378,186.465078,01c12b8c-364f-4208-9bfd-90ef89bee491,Star Lamp,1482,nm,absorbance,647.912032189889
654.576,189.385752,01c12b8c-364f-4208-9bfd-90ef89bee491,Star Lamp,1483,nm,absorbance,648.1085646170047
654.773,189.545497,01c12b8c-364f-4208-9bfd-90ef89bee491,Star Lamp,1484,nm,absorbance,648.3041044561047
654.971,191.979484,01c12b8c-364f-4208-9bfd-90ef89bee491,Star Lamp,1485,nm,absorbance,648.5006368832204
655.168,190.953596,01c12b8c-364f-4208-9bfd-90ef89bee491,Star Lamp,1486,nm,absorbance,648.6961767223204
655.366,190.796824,01c12b8c-364f-4208-9bfd-90ef89bee491,Star Lamp,1487,nm,absorbance,648.892709149436
655.563,187.118475,01c12b8c-364f-4208-9bfd-90ef89bee491,Star Lamp,1488,nm,absorbance,649.088248988536
655.761,184.439101,01c12b8c-364f-4208-9bfd-90ef89bee491,Star Lamp,1489,nm,absorbance,649.2847814156517
655.958,180.744235,01c12b8c-364f-4208-9bfd-90ef89bee491,Star Lamp,1490,nm,absorbance,649.4803212547516
656.156,180.478584,01c12b8c-364f-4208-9bfd-90ef89bee491,Star Lamp,1491,nm,absorbance,649.6768536818673
656.353,176.473939,01c12b8c-364f-4208-9bfd-90ef89bee491,Star Lamp,1492,nm,absorbance,649.8723935209673
656.55,182.335854,01c12b8c-364f-4208-9bfd-90ef89bee491,Star Lamp,1493,nm,absorbance,650.0679333600672
656.748,181.894553,01c12b8c-364f-4208-9bfd-90ef89bee491,Star Lamp,1494,nm,absorbance,650.264465787183
656.945,194.578791,01c12b8c-364f-4208-9bfd-90ef89bee491,Star Lamp,1495,nm,absorbance,650.460005626283
657.143,210.232873,01c12b8c-364f-4208-9bfd-90ef89bee491,Star Lamp,1496,nm,absorbance,650.6565380533987
657.34,231.223802,01c12b8c-364f-4208-9bfd-90ef89bee491,Star Lamp,1497,nm,absorbance,650.8520778924986
657.537,255.14653800000005,01c12b8c-364f-4208-9bfd-90ef89bee491,Star Lamp,1498,nm,absorbance,651.0476177315985
657.735,277.85606500000006,01c12b8c-364f-4208-9bfd-90ef89bee491,Star Lamp,1499,nm,absorbance,651.2441501587142
657.932,306.662574,01c12b8c-364f-4208-9bfd-90ef89bee491,Star Lamp,1500,nm,absorbance,651.4396899978142
658.129,330.534273,01c12b8c-364f-4208-9bfd-90ef89bee491,Star Lamp,1501,nm,absorbance,651.6352298369142
658.326,355.213805,01c12b8c-364f-4208-9bfd-90ef89bee491,Star Lamp,1502,nm,absorbance,651.8307696760141
658.524,377.161231,01c12b8c-364f-4208-9bfd-90ef89bee491,Star Lamp,1503,nm,absorbance,652.0273021031298
658.721,394.092255,01c12b8c-364f-4208-9bfd-90ef89bee491,Star Lamp,1504,nm,absorbance,652.2228419422297
658.918,410.148974,01c12b8c-364f-4208-9bfd-90ef89bee491,Star Lamp,1505,nm,absorbance,652.4183817813297
659.115,421.380223,01c12b8c-364f-4208-9bfd-90ef89bee491,Star Lamp,1506,nm,absorbance,652.6139216204297
659.313,433.701048,01c12b8c-364f-4208-9bfd-90ef89bee491,Star Lamp,1507,nm,absorbance,652.8104540475454
659.51,445.415301,01c12b8c-364f-4208-9bfd-90ef89bee491,Star Lamp,1508,nm,absorbance,653.0059938866453
659.707,452.54335800000007,01c12b8c-364f-4208-9bfd-90ef89bee491,Star Lamp,1509,nm,absorbance,653.2015337257453
659.904,466.254515,01c12b8c-364f-4208-9bfd-90ef89bee491,Star Lamp,1510,nm,absorbance,653.3970735648452
660.101,472.131562,01c12b8c-364f-4208-9bfd-90ef89bee491,Star Lamp,1511,nm,absorbance,653.5926134039452
660.298,475.733243,01c12b8c-364f-4208-9bfd-90ef89bee491,Star Lamp,1512,nm,absorbance,653.7881532430451
660.496,477.838644,01c12b8c-364f-4208-9bfd-90ef89bee491,Star Lamp,1513,nm,absorbance,653.9846856701608
660.693,476.4684600000001,01c12b8c-364f-4208-9bfd-90ef89bee491,Star Lamp,1514,nm,absorbance,654.1802255092608
660.89,482.22754900000007,01c12b8c-364f-4208-9bfd-90ef89bee491,Star Lamp,1515,nm,absorbance,654.3757653483608
661.087,483.207351,01c12b8c-364f-4208-9bfd-90ef89bee491,Star Lamp,1516,nm,absorbance,654.5713051874608
661.284,488.059786,01c12b8c-364f-4208-9bfd-90ef89bee491,Star Lamp,1517,nm,absorbance,654.7668450265606
661.481,489.531973,01c12b8c-364f-4208-9bfd-90ef89bee491,Star Lamp,1518,nm,absorbance,654.9623848656606
661.678,492.509112,01c12b8c-364f-4208-9bfd-90ef89bee491,Star Lamp,1519,nm,absorbance,655.1579247047606
661.875,493.589515,01c12b8c-364f-4208-9bfd-90ef89bee491,Star Lamp,1520,nm,absorbance,655.3534645438606
662.072,496.261621,01c12b8c-364f-4208-9bfd-90ef89bee491,Star Lamp,1521,nm,absorbance,655.5490043829606
662.269,497.73466700000006,01c12b8c-364f-4208-9bfd-90ef89bee491,Star Lamp,1522,nm,absorbance,655.7445442220605
662.466,496.880333,01c12b8c-364f-4208-9bfd-90ef89bee491,Star Lamp,1523,nm,absorbance,655.9400840611604
662.663,493.291518,01c12b8c-364f-4208-9bfd-90ef89bee491,Star Lamp,1524,nm,absorbance,656.1356239002604
662.86,487.415882,01c12b8c-364f-4208-9bfd-90ef89bee491,Star Lamp,1525,nm,absorbance,656.3311637393604
663.057,484.5093800000001,01c12b8c-364f-4208-9bfd-90ef89bee491,Star Lamp,1526,nm,absorbance,656.5267035784603
663.254,481.531934,01c12b8c-364f-4208-9bfd-90ef89bee491,Star Lamp,1527,nm,absorbance,656.7222434175603
663.45,474.965482,01c12b8c-364f-4208-9bfd-90ef89bee491,Star Lamp,1528,nm,absorbance,656.9167906686446
663.647,470.241828,01c12b8c-364f-4208-9bfd-90ef89bee491,Star Lamp,1529,nm,absorbance,657.1123305077446
663.844,460.72581,01c12b8c-364f-4208-9bfd-90ef89bee491,Star Lamp,1530,nm,absorbance,657.3078703468444
664.041,459.664414,01c12b8c-364f-4208-9bfd-90ef89bee491,Star Lamp,1531,nm,absorbance,657.5034101859444
664.238,454.97993800000006,01c12b8c-364f-4208-9bfd-90ef89bee491,Star Lamp,1532,nm,absorbance,657.6989500250444
664.435,457.57646000000005,01c12b8c-364f-4208-9bfd-90ef89bee491,Star Lamp,1533,nm,absorbance,657.8944898641442
664.631,456.108946,01c12b8c-364f-4208-9bfd-90ef89bee491,Star Lamp,1534,nm,absorbance,658.0890371152285
664.828,458.0214750000001,01c12b8c-364f-4208-9bfd-90ef89bee491,Star Lamp,1535,nm,absorbance,658.2845769543285
665.025,462.459129,01c12b8c-364f-4208-9bfd-90ef89bee491,Star Lamp,1536,nm,absorbance,658.4801167934285
665.222,457.394513,01c12b8c-364f-4208-9bfd-90ef89bee491,Star Lamp,1537,nm,absorbance,658.6756566325283
665.419,444.88817200000005,01c12b8c-364f-4208-9bfd-90ef89bee491,Star Lamp,1538,nm,absorbance,658.8711964716283
665.615,421.798628,01c12b8c-364f-4208-9bfd-90ef89bee491,Star Lamp,1539,nm,absorbance,659.0657437227126
665.812,398.403001,01c12b8c-364f-4208-9bfd-90ef89bee491,Star Lamp,1540,nm,absorbance,659.2612835618125
666.009,375.31137500000006,01c12b8c-364f-4208-9bfd-90ef89bee491,Star Lamp,1541,nm,absorbance,659.4568234009125
666.205,354.233302,01c12b8c-364f-4208-9bfd-90ef89bee491,Star Lamp,1542,nm,absorbance,659.6513706519968
666.402,336.407458,01c12b8c-364f-4208-9bfd-90ef89bee491,Star Lamp,1543,nm,absorbance,659.8469104910968
666.599,322.563874,01c12b8c-364f-4208-9bfd-90ef89bee491,Star Lamp,1544,nm,absorbance,660.0424503301967
666.795,308.268142,01c12b8c-364f-4208-9bfd-90ef89bee491,Star Lamp,1545,nm,absorbance,660.2369975812808
666.992,305.54303500000003,01c12b8c-364f-4208-9bfd-90ef89bee491,Star Lamp,1546,nm,absorbance,660.4325374203808
667.188,296.682277,01c12b8c-364f-4208-9bfd-90ef89bee491,Star Lamp,1547,nm,absorbance,660.627084671465
667.385,288.085684,01c12b8c-364f-4208-9bfd-90ef89bee491,Star Lamp,1548,nm,absorbance,660.822624510565
667.582,276.51538700000003,01c12b8c-364f-4208-9bfd-90ef89bee491,Star Lamp,1549,nm,absorbance,661.018164349665
667.778,287.9442250000001,01c12b8c-364f-4208-9bfd-90ef89bee491,Star Lamp,1550,nm,absorbance,661.2127116007492
667.975,335.89609200000007,01c12b8c-364f-4208-9bfd-90ef89bee491,Star Lamp,1551,nm,absorbance,661.4082514398492
668.171,427.9845,01c12b8c-364f-4208-9bfd-90ef89bee491,Star Lamp,1552,nm,absorbance,661.6027986909335
668.368,568.479766,01c12b8c-364f-4208-9bfd-90ef89bee491,Star Lamp,1553,nm,absorbance,661.7983385300333
668.564,778.0890440000001,01c12b8c-364f-4208-9bfd-90ef89bee491,Star Lamp,1554,nm,absorbance,661.9928857811175
668.761,1061.7038120000002,01c12b8c-364f-4208-9bfd-90ef89bee491,Star Lamp,1555,nm,absorbance,662.1884256202175
668.957,1404.5258399999998,01c12b8c-364f-4208-9bfd-90ef89bee491,Star Lamp,1556,nm,absorbance,662.3829728713017
669.154,1790.533972,01c12b8c-364f-4208-9bfd-90ef89bee491,Star Lamp,1557,nm,absorbance,662.5785127104017
669.35,2238.5093490000004,01c12b8c-364f-4208-9bfd-90ef89bee491,Star Lamp,1558,nm,absorbance,662.773059961486
669.547,2770.9771089999995,01c12b8c-364f-4208-9bfd-90ef89bee491,Star Lamp,1559,nm,absorbance,662.9685998005859
669.743,3352.9548789999994,01c12b8c-364f-4208-9bfd-90ef89bee491,Star Lamp,1560,nm,absorbance,663.1631470516702
669.939,3922.78582,01c12b8c-364f-4208-9bfd-90ef89bee491,Star Lamp,1561,nm,absorbance,663.3576943027543
670.136,4457.72603,01c12b8c-364f-4208-9bfd-90ef89bee491,Star Lamp,1562,nm,absorbance,663.5532341418542
670.332,4915.994588,01c12b8c-364f-4208-9bfd-90ef89bee491,Star Lamp,1563,nm,absorbance,663.7477813929385
670.528,5361.210366000001,01c12b8c-364f-4208-9bfd-90ef89bee491,Star Lamp,1564,nm,absorbance,663.9423286440227
670.725,5747.119209,01c12b8c-364f-4208-9bfd-90ef89bee491,Star Lamp,1565,nm,absorbance,664.1378684831227
670.921,6096.917036999999,01c12b8c-364f-4208-9bfd-90ef89bee491,Star Lamp,1566,nm,absorbance,664.332415734207
671.117,6335.231048000001,01c12b8c-364f-4208-9bfd-90ef89bee491,Star Lamp,1567,nm,absorbance,664.5269629852911
671.314,6556.170937,01c12b8c-364f-4208-9bfd-90ef89bee491,Star Lamp,1568,nm,absorbance,664.7225028243911
671.51,6759.822832000001,01c12b8c-364f-4208-9bfd-90ef89bee491,Star Lamp,1569,nm,absorbance,664.9170500754753
671.706,6931.313197,01c12b8c-364f-4208-9bfd-90ef89bee491,Star Lamp,1570,nm,absorbance,665.1115973265596
671.902,7026.627095000001,01c12b8c-364f-4208-9bfd-90ef89bee491,Star Lamp,1571,nm,absorbance,665.3061445776439
672.099,7049.263765999999,01c12b8c-364f-4208-9bfd-90ef89bee491,Star Lamp,1572,nm,absorbance,665.5016844167437
672.295,7062.6488,01c12b8c-364f-4208-9bfd-90ef89bee491,Star Lamp,1573,nm,absorbance,665.6962316678279
672.491,7048.965958999999,01c12b8c-364f-4208-9bfd-90ef89bee491,Star Lamp,1574,nm,absorbance,665.8907789189121
672.687,7077.126096,01c12b8c-364f-4208-9bfd-90ef89bee491,Star Lamp,1575,nm,absorbance,666.0853261699964
672.883,7090.356323,01c12b8c-364f-4208-9bfd-90ef89bee491,Star Lamp,1576,nm,absorbance,666.2798734210807
673.08,7116.345283999998,01c12b8c-364f-4208-9bfd-90ef89bee491,Star Lamp,1577,nm,absorbance,666.4754132601806
673.276,7065.25849,01c12b8c-364f-4208-9bfd-90ef89bee491,Star Lamp,1578,nm,absorbance,666.6699605112648
673.472,6956.428647999999,01c12b8c-364f-4208-9bfd-90ef89bee491,Star Lamp,1579,nm,absorbance,666.864507762349
673.668,6837.44048,01c12b8c-364f-4208-9bfd-90ef89bee491,Star Lamp,1580,nm,absorbance,667.0590550134333
673.864,6751.536435,01c12b8c-364f-4208-9bfd-90ef89bee491,Star Lamp,1581,nm,absorbance,667.2536022645176
674.06,6754.393553999999,01c12b8c-364f-4208-9bfd-90ef89bee491,Star Lamp,1582,nm,absorbance,667.4481495156017
674.256,6719.77665,01c12b8c-364f-4208-9bfd-90ef89bee491,Star Lamp,1583,nm,absorbance,667.6426967666858
674.452,6681.133489,01c12b8c-364f-4208-9bfd-90ef89bee491,Star Lamp,1584,nm,absorbance,667.8372440177701
674.648,6620.027466,01c12b8c-364f-4208-9bfd-90ef89bee491,Star Lamp,1585,nm,absorbance,668.0317912688544
674.844,6629.32392,01c12b8c-364f-4208-9bfd-90ef89bee491,Star Lamp,1586,nm,absorbance,668.2263385199386
675.04,6614.6756,01c12b8c-364f-4208-9bfd-90ef89bee491,Star Lamp,1587,nm,absorbance,668.4208857710228
675.236,6577.922602000001,01c12b8c-364f-4208-9bfd-90ef89bee491,Star Lamp,1588,nm,absorbance,668.615433022107
675.432,6497.167291,01c12b8c-364f-4208-9bfd-90ef89bee491,Star Lamp,1589,nm,absorbance,668.8099802731913
675.628,6420.78367,01c12b8c-364f-4208-9bfd-90ef89bee491,Star Lamp,1590,nm,absorbance,669.0045275242755
675.824,6384.795611,01c12b8c-364f-4208-9bfd-90ef89bee491,Star Lamp,1591,nm,absorbance,669.1990747753597
676.02,6395.032377999999,01c12b8c-364f-4208-9bfd-90ef89bee491,Star Lamp,1592,nm,absorbance,669.393622026444
676.216,6409.555705999999,01c12b8c-364f-4208-9bfd-90ef89bee491,Star Lamp,1593,nm,absorbance,669.5881692775282
676.412,6368.408184999999,01c12b8c-364f-4208-9bfd-90ef89bee491,Star Lamp,1594,nm,absorbance,669.7827165286125
676.608,6287.150054,01c12b8c-364f-4208-9bfd-90ef89bee491,Star Lamp,1595,nm,absorbance,669.9772637796965
676.804,6167.178459000001,01c12b8c-364f-4208-9bfd-90ef89bee491,Star Lamp,1596,nm,absorbance,670.1718110307808
676.999,6018.37161,01c12b8c-364f-4208-9bfd-90ef89bee491,Star Lamp,1597,nm,absorbance,670.3653656938493
677.195,5813.074595,01c12b8c-364f-4208-9bfd-90ef89bee491,Star Lamp,1598,nm,absorbance,670.5599129449336
677.391,5585.2822670000005,01c12b8c-364f-4208-9bfd-90ef89bee491,Star Lamp,1599,nm,absorbance,670.7544601960177
677.587,5296.999928,01c12b8c-364f-4208-9bfd-90ef89bee491,Star Lamp,1600,nm,absorbance,670.949007447102
677.783,4968.443096999999,01c12b8c-364f-4208-9bfd-90ef89bee491,Star Lamp,1601,nm,absorbance,671.1435546981862
677.978,4641.291782,01c12b8c-364f-4208-9bfd-90ef89bee491,Star Lamp,1602,nm,absorbance,671.3371093612546
678.174,4385.231890999999,01c12b8c-364f-4208-9bfd-90ef89bee491,Star Lamp,1603,nm,absorbance,671.5316566123389
678.37,4206.208184,01c12b8c-364f-4208-9bfd-90ef89bee491,Star Lamp,1604,nm,absorbance,671.7262038634232
678.566,4061.767556,01c12b8c-364f-4208-9bfd-90ef89bee491,Star Lamp,1605,nm,absorbance,671.9207511145074
678.761,3930.86333,01c12b8c-364f-4208-9bfd-90ef89bee491,Star Lamp,1606,nm,absorbance,672.1143057775759
678.957,3781.692375,01c12b8c-364f-4208-9bfd-90ef89bee491,Star Lamp,1607,nm,absorbance,672.3088530286601
679.153,3651.152281,01c12b8c-364f-4208-9bfd-90ef89bee491,Star Lamp,1608,nm,absorbance,672.5034002797444
679.348,3499.3264630000003,01c12b8c-364f-4208-9bfd-90ef89bee491,Star Lamp,1609,nm,absorbance,672.6969549428128
679.544,3338.6878600000005,01c12b8c-364f-4208-9bfd-90ef89bee491,Star Lamp,1610,nm,absorbance,672.8915021938969
679.74,3132.019645,01c12b8c-364f-4208-9bfd-90ef89bee491,Star Lamp,1611,nm,absorbance,673.0860494449812
679.935,2923.991234,01c12b8c-364f-4208-9bfd-90ef89bee491,Star Lamp,1612,nm,absorbance,673.2796041080496
680.131,2696.5239260000003,01c12b8c-364f-4208-9bfd-90ef89bee491,Star Lamp,1613,nm,absorbance,673.4741513591339
680.327,2466.44912,01c12b8c-364f-4208-9bfd-90ef89bee491,Star Lamp,1614,nm,absorbance,673.6686986102181
680.522,2222.7175230000003,01c12b8c-364f-4208-9bfd-90ef89bee491,Star Lamp,1615,nm,absorbance,673.8622532732867
680.718,1965.570121,01c12b8c-364f-4208-9bfd-90ef89bee491,Star Lamp,1616,nm,absorbance,674.0568005243708
680.913,1715.4535489999998,01c12b8c-364f-4208-9bfd-90ef89bee491,Star Lamp,1617,nm,absorbance,674.2503551874394
681.109,1461.2483639999998,01c12b8c-364f-4208-9bfd-90ef89bee491,Star Lamp,1618,nm,absorbance,674.4449024385236
681.304,1210.638355,01c12b8c-364f-4208-9bfd-90ef89bee491,Star Lamp,1619,nm,absorbance,674.638457101592
681.5,947.961913,01c12b8c-364f-4208-9bfd-90ef89bee491,Star Lamp,1620,nm,absorbance,674.8330043526763
681.695,702.9533250000001,01c12b8c-364f-4208-9bfd-90ef89bee491,Star Lamp,1621,nm,absorbance,675.0265590157449
681.891,497.8904820000001,01c12b8c-364f-4208-9bfd-90ef89bee491,Star Lamp,1622,nm,absorbance,675.221106266829
682.086,358.833781,01c12b8c-364f-4208-9bfd-90ef89bee491,Star Lamp,1623,nm,absorbance,675.4146609298975
682.282,262.964851,01c12b8c-364f-4208-9bfd-90ef89bee491,Star Lamp,1624,nm,absorbance,675.6092081809818
682.477,202.233846,01c12b8c-364f-4208-9bfd-90ef89bee491,Star Lamp,1625,nm,absorbance,675.8027628440502
682.672,164.782319,01c12b8c-364f-4208-9bfd-90ef89bee491,Star Lamp,1626,nm,absorbance,675.9963175071188
682.868,151.14633899999998,01c12b8c-364f-4208-9bfd-90ef89bee491,Star Lamp,1627,nm,absorbance,676.190864758203
683.063,148.120605,01c12b8c-364f-4208-9bfd-90ef89bee491,Star Lamp,1628,nm,absorbance,676.3844194212714
683.259,144.13779300000002,01c12b8c-364f-4208-9bfd-90ef89bee491,Star Lamp,1629,nm,absorbance,676.5789666723556
683.454,140.66088699999997,01c12b8c-364f-4208-9bfd-90ef89bee491,Star Lamp,1630,nm,absorbance,676.772521335424
683.649,135.984314,01c12b8c-364f-4208-9bfd-90ef89bee491,Star Lamp,1631,nm,absorbance,676.9660759984926
683.845,133.547646,01c12b8c-364f-4208-9bfd-90ef89bee491,Star Lamp,1632,nm,absorbance,677.1606232495768
684.04,126.63503,01c12b8c-364f-4208-9bfd-90ef89bee491,Star Lamp,1633,nm,absorbance,677.3541779126452
684.235,125.725277,01c12b8c-364f-4208-9bfd-90ef89bee491,Star Lamp,1634,nm,absorbance,677.5477325757138
684.43,120.732616,01c12b8c-364f-4208-9bfd-90ef89bee491,Star Lamp,1635,nm,absorbance,677.7412872387822
684.626,120.003147,01c12b8c-364f-4208-9bfd-90ef89bee491,Star Lamp,1636,nm,absorbance,677.9358344898665
684.821,112.613636,01c12b8c-364f-4208-9bfd-90ef89bee491,Star Lamp,1637,nm,absorbance,678.129389152935
685.016,114.18299,01c12b8c-364f-4208-9bfd-90ef89bee491,Star Lamp,1638,nm,absorbance,678.3229438160034
685.211,113.352518,01c12b8c-364f-4208-9bfd-90ef89bee491,Star Lamp,1639,nm,absorbance,678.516498479072
685.407,110.623024,01c12b8c-364f-4208-9bfd-90ef89bee491,Star Lamp,1640,nm,absorbance,678.7110457301562
685.602,108.418895,01c12b8c-364f-4208-9bfd-90ef89bee491,Star Lamp,1641,nm,absorbance,678.9046003932247
685.797,103.726393,01c12b8c-364f-4208-9bfd-90ef89bee491,Star Lamp,1642,nm,absorbance,679.0981550562932
685.992,106.47007999999998,01c12b8c-364f-4208-9bfd-90ef89bee491,Star Lamp,1643,nm,absorbance,679.2917097193616
686.187,101.749164,01c12b8c-364f-4208-9bfd-90ef89bee491,Star Lamp,1644,nm,absorbance,679.4852643824302
686.382,103.399411,01c12b8c-364f-4208-9bfd-90ef89bee491,Star Lamp,1645,nm,absorbance,679.6788190454986
686.577,101.313316,01c12b8c-364f-4208-9bfd-90ef89bee491,Star Lamp,1646,nm,absorbance,679.8723737085671
686.773,104.283668,01c12b8c-364f-4208-9bfd-90ef89bee491,Star Lamp,1647,nm,absorbance,680.0669209596514
686.968,99.981091,01c12b8c-364f-4208-9bfd-90ef89bee491,Star Lamp,1648,nm,absorbance,680.2604756227198
687.163,102.32203199999998,01c12b8c-364f-4208-9bfd-90ef89bee491,Star Lamp,1649,nm,absorbance,680.4540302857883
687.358,101.875366,01c12b8c-364f-4208-9bfd-90ef89bee491,Star Lamp,1650,nm,absorbance,680.6475849488568
687.553,104.579354,01c12b8c-364f-4208-9bfd-90ef89bee491,Star Lamp,1651,nm,absorbance,680.8411396119253
687.748,103.762451,01c12b8c-364f-4208-9bfd-90ef89bee491,Star Lamp,1652,nm,absorbance,681.0346942749939
687.943,98.332458,01c12b8c-364f-4208-9bfd-90ef89bee491,Star Lamp,1653,nm,absorbance,681.2282489380623
688.138,93.48332200000002,01c12b8c-364f-4208-9bfd-90ef89bee491,Star Lamp,1654,nm,absorbance,681.4218036011308
688.333,86.757035,01c12b8c-364f-4208-9bfd-90ef89bee491,Star Lamp,1655,nm,absorbance,681.6153582641992
688.528,85.727846,01c12b8c-364f-4208-9bfd-90ef89bee491,Star Lamp,1656,nm,absorbance,681.8089129272678
688.723,86.61058,01c12b8c-364f-4208-9bfd-90ef89bee491,Star Lamp,1657,nm,absorbance,682.0024675903362
688.918,88.99657,01c12b8c-364f-4208-9bfd-90ef89bee491,Star Lamp,1658,nm,absorbance,682.1960222534047
689.112,92.883194,01c12b8c-364f-4208-9bfd-90ef89bee491,Star Lamp,1659,nm,absorbance,682.3885843284575
689.307,93.930861,01c12b8c-364f-4208-9bfd-90ef89bee491,Star Lamp,1660,nm,absorbance,682.582138991526
689.502,92.921997,01c12b8c-364f-4208-9bfd-90ef89bee491,Star Lamp,1661,nm,absorbance,682.7756936545944
689.697,90.00141999999998,01c12b8c-364f-4208-9bfd-90ef89bee491,Star Lamp,1662,nm,absorbance,682.969248317663
689.892,87.835671,01c12b8c-364f-4208-9bfd-90ef89bee491,Star Lamp,1663,nm,absorbance,683.1628029807315
690.087,88.103084,01c12b8c-364f-4208-9bfd-90ef89bee491,Star Lamp,1664,nm,absorbance,683.3563576437999
690.282,81.581204,01c12b8c-364f-4208-9bfd-90ef89bee491,Star Lamp,1665,nm,absorbance,683.5499123068685
690.476,81.57561000000001,01c12b8c-364f-4208-9bfd-90ef89bee491,Star Lamp,1666,nm,absorbance,683.7424743819212
690.671,78.188526,01c12b8c-364f-4208-9bfd-90ef89bee491,Star Lamp,1667,nm,absorbance,683.9360290449897
690.866,83.48097700000001,01c12b8c-364f-4208-9bfd-90ef89bee491,Star Lamp,1668,nm,absorbance,684.1295837080581
691.061,86.32505900000001,01c12b8c-364f-4208-9bfd-90ef89bee491,Star Lamp,1669,nm,absorbance,684.3231383711267
691.255,84.07583300000002,01c12b8c-364f-4208-9bfd-90ef89bee491,Star Lamp,1670,nm,absorbance,684.5157004461794
691.45,79.883437,01c12b8c-364f-4208-9bfd-90ef89bee491,Star Lamp,1671,nm,absorbance,684.7092551092479
691.645,74.53246299999999,01c12b8c-364f-4208-9bfd-90ef89bee491,Star Lamp,1672,nm,absorbance,684.9028097723163
691.84,77.182199,01c12b8c-364f-4208-9bfd-90ef89bee491,Star Lamp,1673,nm,absorbance,685.0963644353849
692.034,78.89320599999999,01c12b8c-364f-4208-9bfd-90ef89bee491,Star Lamp,1674,nm,absorbance,685.2889265104376
692.229,78.022639,01c12b8c-364f-4208-9bfd-90ef89bee491,Star Lamp,1675,nm,absorbance,685.4824811735061
692.424,73.413463,01c12b8c-364f-4208-9bfd-90ef89bee491,Star Lamp,1676,nm,absorbance,685.6760358365746
692.618,71.773663,01c12b8c-364f-4208-9bfd-90ef89bee491,Star Lamp,1677,nm,absorbance,685.8685979116274
692.813,67.713037,01c12b8c-364f-4208-9bfd-90ef89bee491,Star Lamp,1678,nm,absorbance,686.0621525746958
693.007,68.68006899999999,01c12b8c-364f-4208-9bfd-90ef89bee491,Star Lamp,1679,nm,absorbance,686.2547146497485
693.202,68.00148900000002,01c12b8c-364f-4208-9bfd-90ef89bee491,Star Lamp,1680,nm,absorbance,686.448269312817
693.397,72.86012500000001,01c12b8c-364f-4208-9bfd-90ef89bee491,Star Lamp,1681,nm,absorbance,686.6418239758856
693.591,75.22025,01c12b8c-364f-4208-9bfd-90ef89bee491,Star Lamp,1682,nm,absorbance,686.8343860509383
693.786,74.333879,01c12b8c-364f-4208-9bfd-90ef89bee491,Star Lamp,1683,nm,absorbance,687.0279407140067
693.98,70.55349500000001,01c12b8c-364f-4208-9bfd-90ef89bee491,Star Lamp,1684,nm,absorbance,687.2205027890595
694.175,71.527092,01c12b8c-364f-4208-9bfd-90ef89bee491,Star Lamp,1685,nm,absorbance,687.414057452128
694.369,73.98136199999999,01c12b8c-364f-4208-9bfd-90ef89bee491,Star Lamp,1686,nm,absorbance,687.6066195271808
694.564,75.90555099999999,01c12b8c-364f-4208-9bfd-90ef89bee491,Star Lamp,1687,nm,absorbance,687.8001741902492
694.758,73.504385,01c12b8c-364f-4208-9bfd-90ef89bee491,Star Lamp,1688,nm,absorbance,687.992736265302
694.953,73.211044,01c12b8c-364f-4208-9bfd-90ef89bee491,Star Lamp,1689,nm,absorbance,688.1862909283705
695.147,75.074815,01c12b8c-364f-4208-9bfd-90ef89bee491,Star Lamp,1690,nm,absorbance,688.3788530034233
695.342,76.69623899999999,01c12b8c-364f-4208-9bfd-90ef89bee491,Star Lamp,1691,nm,absorbance,688.5724076664917
695.536,77.82856999999998,01c12b8c-364f-4208-9bfd-90ef89bee491,Star Lamp,1692,nm,absorbance,688.7649697415444
695.73,77.246078,01c12b8c-364f-4208-9bfd-90ef89bee491,Star Lamp,1693,nm,absorbance,688.9575318165972
695.925,81.839246,01c12b8c-364f-4208-9bfd-90ef89bee491,Star Lamp,1694,nm,absorbance,689.1510864796657
696.119,84.009942,01c12b8c-364f-4208-9bfd-90ef89bee491,Star Lamp,1695,nm,absorbance,689.3436485547185
696.313,83.759789,01c12b8c-364f-4208-9bfd-90ef89bee491,Star Lamp,1696,nm,absorbance,689.5362106297712
696.508,77.28374099999999,01c12b8c-364f-4208-9bfd-90ef89bee491,Star Lamp,1697,nm,absorbance,689.7297652928397
696.702,77.212148,01c12b8c-364f-4208-9bfd-90ef89bee491,Star Lamp,1698,nm,absorbance,689.9223273678924
696.896,77.53813900000002,01c12b8c-364f-4208-9bfd-90ef89bee491,Star Lamp,1699,nm,absorbance,690.1148894429451
697.091,81.40179200000001,01c12b8c-364f-4208-9bfd-90ef89bee491,Star Lamp,1700,nm,absorbance,690.3084441060137
697.285,82.835057,01c12b8c-364f-4208-9bfd-90ef89bee491,Star Lamp,1701,nm,absorbance,690.5010061810664
697.479,84.691183,01c12b8c-364f-4208-9bfd-90ef89bee491,Star Lamp,1702,nm,absorbance,690.6935682561192
697.673,81.37998999999999,01c12b8c-364f-4208-9bfd-90ef89bee491,Star Lamp,1703,nm,absorbance,690.8861303311719
697.868,82.21776100000001,01c12b8c-364f-4208-9bfd-90ef89bee491,Star Lamp,1704,nm,absorbance,691.0796849942404
698.062,84.21624299999999,01c12b8c-364f-4208-9bfd-90ef89bee491,Star Lamp,1705,nm,absorbance,691.2722470692931
698.256,89.158335,01c12b8c-364f-4208-9bfd-90ef89bee491,Star Lamp,1706,nm,absorbance,691.4648091443458
698.45,86.67127500000001,01c12b8c-364f-4208-9bfd-90ef89bee491,Star Lamp,1707,nm,absorbance,691.6573712193987
698.644,88.87318199999999,01c12b8c-364f-4208-9bfd-90ef89bee491,Star Lamp,1708,nm,absorbance,691.8499332944514
698.839,88.00091900000001,01c12b8c-364f-4208-9bfd-90ef89bee491,Star Lamp,1709,nm,absorbance,692.0434879575199
699.033,88.17955300000001,01c12b8c-364f-4208-9bfd-90ef89bee491,Star Lamp,1710,nm,absorbance,692.2360500325726
699.227,86.16389000000001,01c12b8c-364f-4208-9bfd-90ef89bee491,Star Lamp,1711,nm,absorbance,692.4286121076254
699.421,87.713435,01c12b8c-364f-4208-9bfd-90ef89bee491,Star Lamp,1712,nm,absorbance,692.6211741826783
699.615,86.68579299999998,01c12b8c-364f-4208-9bfd-90ef89bee491,Star Lamp,1713,nm,absorbance,692.813736257731
699.809,86.69429,01c12b8c-364f-4208-9bfd-90ef89bee491,Star Lamp,1714,nm,absorbance,693.0062983327837
700.003,89.145129,01c12b8c-364f-4208-9bfd-90ef89bee491,Star Lamp,1715,nm,absorbance,693.1988604078365
700.197,90.492619,01c12b8c-364f-4208-9bfd-90ef89bee491,Star Lamp,1716,nm,absorbance,693.3914224828892
700.391,92.56461699999998,01c12b8c-364f-4208-9bfd-90ef89bee491,Star Lamp,1717,nm,absorbance,693.5839845579419
700.585,89.990328,01c12b8c-364f-4208-9bfd-90ef89bee491,Star Lamp,1718,nm,absorbance,693.7765466329947
700.779,94.59647900000002,01c12b8c-364f-4208-9bfd-90ef89bee491,Star Lamp,1719,nm,absorbance,693.9691087080474
700.973,94.752598,01c12b8c-364f-4208-9bfd-90ef89bee491,Star Lamp,1720,nm,absorbance,694.1616707831001
701.167,95.211666,01c12b8c-364f-4208-9bfd-90ef89bee491,Star Lamp,1721,nm,absorbance,694.354232858153
701.361,94.496645,01c12b8c-364f-4208-9bfd-90ef89bee491,Star Lamp,1722,nm,absorbance,694.5467949332057
701.555,97.08042,01c12b8c-364f-4208-9bfd-90ef89bee491,Star Lamp,1723,nm,absorbance,694.7393570082584
701.749,98.339689,01c12b8c-364f-4208-9bfd-90ef89bee491,Star Lamp,1724,nm,absorbance,694.9319190833112
701.943,99.613556,01c12b8c-364f-4208-9bfd-90ef89bee491,Star Lamp,1725,nm,absorbance,695.1244811583639
702.137,96.827865,01c12b8c-364f-4208-9bfd-90ef89bee491,Star Lamp,1726,nm,absorbance,695.3170432334166
702.331,95.599118,01c12b8c-364f-4208-9bfd-90ef89bee491,Star Lamp,1727,nm,absorbance,695.5096053084694
702.525,96.713378,01c12b8c-364f-4208-9bfd-90ef89bee491,Star Lamp,1728,nm,absorbance,695.7021673835221
702.718,99.332299,01c12b8c-364f-4208-9bfd-90ef89bee491,Star Lamp,1729,nm,absorbance,695.8937368705592
702.912,102.944337,01c12b8c-364f-4208-9bfd-90ef89bee491,Star Lamp,1730,nm,absorbance,696.086298945612
703.106,101.066434,01c12b8c-364f-4208-9bfd-90ef89bee491,Star Lamp,1731,nm,absorbance,696.2788610206647
703.3,104.041011,01c12b8c-364f-4208-9bfd-90ef89bee491,Star Lamp,1732,nm,absorbance,696.4714230957175
703.494,102.273285,01c12b8c-364f-4208-9bfd-90ef89bee491,Star Lamp,1733,nm,absorbance,696.6639851707703
703.687,108.094409,01c12b8c-364f-4208-9bfd-90ef89bee491,Star Lamp,1734,nm,absorbance,696.8555546578073
703.881,103.01715900000002,01c12b8c-364f-4208-9bfd-90ef89bee491,Star Lamp,1735,nm,absorbance,697.04811673286
704.075,104.409188,01c12b8c-364f-4208-9bfd-90ef89bee491,Star Lamp,1736,nm,absorbance,697.2406788079128
704.269,101.822097,01c12b8c-364f-4208-9bfd-90ef89bee491,Star Lamp,1737,nm,absorbance,697.4332408829655
704.462,105.73496200000002,01c12b8c-364f-4208-9bfd-90ef89bee491,Star Lamp,1738,nm,absorbance,697.6248103700025
704.656,107.358766,01c12b8c-364f-4208-9bfd-90ef89bee491,Star Lamp,1739,nm,absorbance,697.8173724450552
704.85,107.00082900000002,01c12b8c-364f-4208-9bfd-90ef89bee491,Star Lamp,1740,nm,absorbance,698.009934520108
705.043,109.255732,01c12b8c-364f-4208-9bfd-90ef89bee491,Star Lamp,1741,nm,absorbance,698.201504007145
705.237,109.411868,01c12b8c-364f-4208-9bfd-90ef89bee491,Star Lamp,1742,nm,absorbance,698.3940660821977
705.431,111.305351,01c12b8c-364f-4208-9bfd-90ef89bee491,Star Lamp,1743,nm,absorbance,698.5866281572505
705.624,108.035148,01c12b8c-364f-4208-9bfd-90ef89bee491,Star Lamp,1744,nm,absorbance,698.7781976442876
705.818,106.121105,01c12b8c-364f-4208-9bfd-90ef89bee491,Star Lamp,1745,nm,absorbance,698.9707597193403
706.012,107.637823,01c12b8c-364f-4208-9bfd-90ef89bee491,Star Lamp,1746,nm,absorbance,699.163321794393
706.205,110.912763,01c12b8c-364f-4208-9bfd-90ef89bee491,Star Lamp,1747,nm,absorbance,699.3548912814301
706.399,120.028668,01c12b8c-364f-4208-9bfd-90ef89bee491,Star Lamp,1748,nm,absorbance,699.5474533564828
706.592,128.81359,01c12b8c-364f-4208-9bfd-90ef89bee491,Star Lamp,1749,nm,absorbance,699.7390228435198
706.786,164.30906599999997,01c12b8c-364f-4208-9bfd-90ef89bee491,Star Lamp,1750,nm,absorbance,699.9315849185725
706.979,244.27097700000004,01c12b8c-364f-4208-9bfd-90ef89bee491,Star Lamp,1751,nm,absorbance,700.1231544056096
707.173,392.105893,01c12b8c-364f-4208-9bfd-90ef89bee491,Star Lamp,1752,nm,absorbance,700.3157164806623
707.366,622.5300669999999,01c12b8c-364f-4208-9bfd-90ef89bee491,Star Lamp,1753,nm,absorbance,700.5072859676993
707.56,911.143391,01c12b8c-364f-4208-9bfd-90ef89bee491,Star Lamp,1754,nm,absorbance,700.699848042752
707.753,1240.370404,01c12b8c-364f-4208-9bfd-90ef89bee491,Star Lamp,1755,nm,absorbance,700.8914175297891
707.947,1619.608984,01c12b8c-364f-4208-9bfd-90ef89bee491,Star Lamp,1756,nm,absorbance,701.0839796048418
708.14,2076.582165,01c12b8c-364f-4208-9bfd-90ef89bee491,Star Lamp,1757,nm,absorbance,701.2755490918789
708.333,2622.3009029999994,01c12b8c-364f-4208-9bfd-90ef89bee491,Star Lamp,1758,nm,absorbance,701.4671185789159
708.527,3163.510171,01c12b8c-364f-4208-9bfd-90ef89bee491,Star Lamp,1759,nm,absorbance,701.6596806539687
708.72,3670.445357,01c12b8c-364f-4208-9bfd-90ef89bee491,Star Lamp,1760,nm,absorbance,701.8512501410057
708.914,4121.2715450000005,01c12b8c-364f-4208-9bfd-90ef89bee491,Star Lamp,1761,nm,absorbance,702.0438122160584
709.107,4537.995565,01c12b8c-364f-4208-9bfd-90ef89bee491,Star Lamp,1762,nm,absorbance,702.2353817030954
709.3,4950.938987,01c12b8c-364f-4208-9bfd-90ef89bee491,Star Lamp,1763,nm,absorbance,702.4269511901324
709.494,5350.07552,01c12b8c-364f-4208-9bfd-90ef89bee491,Star Lamp,1764,nm,absorbance,702.6195132651852
709.687,5741.315431,01c12b8c-364f-4208-9bfd-90ef89bee491,Star Lamp,1765,nm,absorbance,702.8110827522222
709.88,6014.6405540000005,01c12b8c-364f-4208-9bfd-90ef89bee491,Star Lamp,1766,nm,absorbance,703.0026522392592
710.073,6219.273354,01c12b8c-364f-4208-9bfd-90ef89bee491,Star Lamp,1767,nm,absorbance,703.1942217262963
710.267,6367.891633000001,01c12b8c-364f-4208-9bfd-90ef89bee491,Star Lamp,1768,nm,absorbance,703.3867838013491
710.46,6540.407368999999,01c12b8c-364f-4208-9bfd-90ef89bee491,Star Lamp,1769,nm,absorbance,703.5783532883861
710.653,6660.723737,01c12b8c-364f-4208-9bfd-90ef89bee491,Star Lamp,1770,nm,absorbance,703.7699227754231
710.846,6733.660225999998,01c12b8c-364f-4208-9bfd-90ef89bee491,Star Lamp,1771,nm,absorbance,703.9614922624601
711.04,6739.006671000001,01c12b8c-364f-4208-9bfd-90ef89bee491,Star Lamp,1772,nm,absorbance,704.1540543375128
711.233,6770.256749999999,01c12b8c-364f-4208-9bfd-90ef89bee491,Star Lamp,1773,nm,absorbance,704.3456238245498
711.426,6816.257503999999,01c12b8c-364f-4208-9bfd-90ef89bee491,Star Lamp,1774,nm,absorbance,704.5371933115869
711.619,6884.389032000001,01c12b8c-364f-4208-9bfd-90ef89bee491,Star Lamp,1775,nm,absorbance,704.7287627986238
711.812,6941.237177,01c12b8c-364f-4208-9bfd-90ef89bee491,Star Lamp,1776,nm,absorbance,704.9203322856608
712.005,6953.032046999999,01c12b8c-364f-4208-9bfd-90ef89bee491,Star Lamp,1777,nm,absorbance,705.1119017726979
712.198,6936.936309,01c12b8c-364f-4208-9bfd-90ef89bee491,Star Lamp,1778,nm,absorbance,705.3034712597349
712.391,6846.706905999999,01c12b8c-364f-4208-9bfd-90ef89bee491,Star Lamp,1779,nm,absorbance,705.4950407467719
712.585,6765.935165000001,01c12b8c-364f-4208-9bfd-90ef89bee491,Star Lamp,1780,nm,absorbance,705.6876028218247
712.778,6731.623673,01c12b8c-364f-4208-9bfd-90ef89bee491,Star Lamp,1781,nm,absorbance,705.8791723088617
712.971,6702.377893,01c12b8c-364f-4208-9bfd-90ef89bee491,Star Lamp,1782,nm,absorbance,706.0707417958987
713.164,6654.650123000001,01c12b8c-364f-4208-9bfd-90ef89bee491,Star Lamp,1783,nm,absorbance,706.2623112829357
713.357,6537.162532,01c12b8c-364f-4208-9bfd-90ef89bee491,Star Lamp,1784,nm,absorbance,706.4538807699727
713.55,6420.193859,01c12b8c-364f-4208-9bfd-90ef89bee491,Star Lamp,1785,nm,absorbance,706.6454502570097
713.743,6360.79009,01c12b8c-364f-4208-9bfd-90ef89bee491,Star Lamp,1786,nm,absorbance,706.8370197440469
713.936,6300.914211000001,01c12b8c-364f-4208-9bfd-90ef89bee491,Star Lamp,1787,nm,absorbance,707.0285892310839
714.129,6254.308496,01c12b8c-364f-4208-9bfd-90ef89bee491,Star Lamp,1788,nm,absorbance,707.2201587181208
714.322,6182.073473,01c12b8c-364f-4208-9bfd-90ef89bee491,Star Lamp,1789,nm,absorbance,707.4117282051578
714.514,6153.744738,01c12b8c-364f-4208-9bfd-90ef89bee491,Star Lamp,1790,nm,absorbance,707.6023051041791
714.707,6167.509821,01c12b8c-364f-4208-9bfd-90ef89bee491,Star Lamp,1791,nm,absorbance,707.7938745912161
714.9,6168.919548,01c12b8c-364f-4208-9bfd-90ef89bee491,Star Lamp,1792,nm,absorbance,707.9854440782531
715.093,6154.326273,01c12b8c-364f-4208-9bfd-90ef89bee491,Star Lamp,1793,nm,absorbance,708.17701356529
715.286,6144.977562,01c12b8c-364f-4208-9bfd-90ef89bee491,Star Lamp,1794,nm,absorbance,708.3685830523272
715.479,6105.416505,01c12b8c-364f-4208-9bfd-90ef89bee491,Star Lamp,1795,nm,absorbance,708.5601525393643
715.672,5992.283052999999,01c12b8c-364f-4208-9bfd-90ef89bee491,Star Lamp,1796,nm,absorbance,708.7517220264012
715.864,5796.480881999999,01c12b8c-364f-4208-9bfd-90ef89bee491,Star Lamp,1797,nm,absorbance,708.9422989254225
716.057,5564.138547,01c12b8c-364f-4208-9bfd-90ef89bee491,Star Lamp,1798,nm,absorbance,709.1338684124595
716.25,5324.986138,01c12b8c-364f-4208-9bfd-90ef89bee491,Star Lamp,1799,nm,absorbance,709.3254378994965
716.443,4986.609279,01c12b8c-364f-4208-9bfd-90ef89bee491,Star Lamp,1800,nm,absorbance,709.5170073865335
716.636,4644.815535,01c12b8c-364f-4208-9bfd-90ef89bee491,Star Lamp,1801,nm,absorbance,709.7085768735705
716.828,4322.0014280000005,01c12b8c-364f-4208-9bfd-90ef89bee491,Star Lamp,1802,nm,absorbance,709.8991537725918
717.021,4116.511943,01c12b8c-364f-4208-9bfd-90ef89bee491,Star Lamp,1803,nm,absorbance,710.0907232596288
717.214,3940.599736,01c12b8c-364f-4208-9bfd-90ef89bee491,Star Lamp,1804,nm,absorbance,710.2822927466659
717.406,3810.191146,01c12b8c-364f-4208-9bfd-90ef89bee491,Star Lamp,1805,nm,absorbance,710.4728696456871
717.599,3691.05535,01c12b8c-364f-4208-9bfd-90ef89bee491,Star Lamp,1806,nm,absorbance,710.6644391327242
717.792,3564.012993,01c12b8c-364f-4208-9bfd-90ef89bee491,Star Lamp,1807,nm,absorbance,710.8560086197612
717.984,3423.391195,01c12b8c-364f-4208-9bfd-90ef89bee491,Star Lamp,1808,nm,absorbance,711.0465855187824
718.177,3251.650891,01c12b8c-364f-4208-9bfd-90ef89bee491,Star Lamp,1809,nm,absorbance,711.2381550058195
718.37,3075.242746,01c12b8c-364f-4208-9bfd-90ef89bee491,Star Lamp,1810,nm,absorbance,711.4297244928565
718.562,2884.033383,01c12b8c-364f-4208-9bfd-90ef89bee491,Star Lamp,1811,nm,absorbance,711.6203013918778
718.755,2684.7992480000003,01c12b8c-364f-4208-9bfd-90ef89bee491,Star Lamp,1812,nm,absorbance,711.8118708789148
718.947,2486.511946,01c12b8c-364f-4208-9bfd-90ef89bee491,Star Lamp,1813,nm,absorbance,712.002447777936
719.14,2277.224961,01c12b8c-364f-4208-9bfd-90ef89bee491,Star Lamp,1814,nm,absorbance,712.194017264973
719.333,2062.2521850000003,01c12b8c-364f-4208-9bfd-90ef89bee491,Star Lamp,1815,nm,absorbance,712.38558675201
719.525,1835.792145,01c12b8c-364f-4208-9bfd-90ef89bee491,Star Lamp,1816,nm,absorbance,712.5761636510314
719.718,1606.346535,01c12b8c-364f-4208-9bfd-90ef89bee491,Star Lamp,1817,nm,absorbance,712.7677331380684
719.91,1386.194755,01c12b8c-364f-4208-9bfd-90ef89bee491,Star Lamp,1818,nm,absorbance,712.9583100370896
720.103,1157.9289130000002,01c12b8c-364f-4208-9bfd-90ef89bee491,Star Lamp,1819,nm,absorbance,713.1498795241266
720.295,929.117585,01c12b8c-364f-4208-9bfd-90ef89bee491,Star Lamp,1820,nm,absorbance,713.3404564231479
720.487,708.396452,01c12b8c-364f-4208-9bfd-90ef89bee491,Star Lamp,1821,nm,absorbance,713.5310333221692
720.68,519.211352,01c12b8c-364f-4208-9bfd-90ef89bee491,Star Lamp,1822,nm,absorbance,713.7226028092063
720.872,365.214898,01c12b8c-364f-4208-9bfd-90ef89bee491,Star Lamp,1823,nm,absorbance,713.9131797082275
721.065,253.662415,01c12b8c-364f-4208-9bfd-90ef89bee491,Star Lamp,1824,nm,absorbance,714.1047491952646
721.257,181.731319,01c12b8c-364f-4208-9bfd-90ef89bee491,Star Lamp,1825,nm,absorbance,714.2953260942858
721.449,143.050465,01c12b8c-364f-4208-9bfd-90ef89bee491,Star Lamp,1826,nm,absorbance,714.485902993307
721.642,122.039883,01c12b8c-364f-4208-9bfd-90ef89bee491,Star Lamp,1827,nm,absorbance,714.6774724803441
721.834,106.18092800000002,01c12b8c-364f-4208-9bfd-90ef89bee491,Star Lamp,1828,nm,absorbance,714.8680493793653
722.026,97.919879,01c12b8c-364f-4208-9bfd-90ef89bee491,Star Lamp,1829,nm,absorbance,715.0586262783867
722.219,92.451689,01c12b8c-364f-4208-9bfd-90ef89bee491,Star Lamp,1830,nm,absorbance,715.2501957654238
722.411,90.05567400000001,01c12b8c-364f-4208-9bfd-90ef89bee491,Star Lamp,1831,nm,absorbance,715.4407726644449
722.603,84.87021100000001,01c12b8c-364f-4208-9bfd-90ef89bee491,Star Lamp,1832,nm,absorbance,715.6313495634662
722.796,80.65678600000001,01c12b8c-364f-4208-9bfd-90ef89bee491,Star Lamp,1833,nm,absorbance,715.8229190505033
722.988,80.690689,01c12b8c-364f-4208-9bfd-90ef89bee491,Star Lamp,1834,nm,absorbance,716.0134959495246
723.18,84.635592,01c12b8c-364f-4208-9bfd-90ef89bee491,Star Lamp,1835,nm,absorbance,716.2040728485458
723.372,82.057375,01c12b8c-364f-4208-9bfd-90ef89bee491,Star Lamp,1836,nm,absorbance,716.3946497475671
723.565,78.870486,01c12b8c-364f-4208-9bfd-90ef89bee491,Star Lamp,1837,nm,absorbance,716.5862192346042
723.757,81.31482299999999,01c12b8c-364f-4208-9bfd-90ef89bee491,Star Lamp,1838,nm,absorbance,716.7767961336253
723.949,81.65384,01c12b8c-364f-4208-9bfd-90ef89bee491,Star Lamp,1839,nm,absorbance,716.9673730326466
724.141,84.41549499999999,01c12b8c-364f-4208-9bfd-90ef89bee491,Star Lamp,1840,nm,absorbance,717.1579499316679
724.333,75.924969,01c12b8c-364f-4208-9bfd-90ef89bee491,Star Lamp,1841,nm,absorbance,717.3485268306893
724.525,78.86004199999999,01c12b8c-364f-4208-9bfd-90ef89bee491,Star Lamp,1842,nm,absorbance,717.5391037297105
724.717,79.971636,01c12b8c-364f-4208-9bfd-90ef89bee491,Star Lamp,1843,nm,absorbance,717.7296806287318
724.91,81.37198800000002,01c12b8c-364f-4208-9bfd-90ef89bee491,Star Lamp,1844,nm,absorbance,717.9212501157688
725.102,76.35960500000002,01c12b8c-364f-4208-9bfd-90ef89bee491,Star Lamp,1845,nm,absorbance,718.11182701479
725.294,74.41969,01c12b8c-364f-4208-9bfd-90ef89bee491,Star Lamp,1846,nm,absorbance,718.3024039138114
725.486,77.49500900000001,01c12b8c-364f-4208-9bfd-90ef89bee491,Star Lamp,1847,nm,absorbance,718.4929808128327
725.678,78.041021,01c12b8c-364f-4208-9bfd-90ef89bee491,Star Lamp,1848,nm,absorbance,718.683557711854
725.87,76.392783,01c12b8c-364f-4208-9bfd-90ef89bee491,Star Lamp,1849,nm,absorbance,718.8741346108752
726.062,75.86726200000001,01c12b8c-364f-4208-9bfd-90ef89bee491,Star Lamp,1850,nm,absorbance,719.0647115098965
726.254,81.12368699999999,01c12b8c-364f-4208-9bfd-90ef89bee491,Star Lamp,1851,nm,absorbance,719.2552884089177
726.446,84.13813800000001,01c12b8c-364f-4208-9bfd-90ef89bee491,Star Lamp,1852,nm,absorbance,719.4458653079391
726.638,80.291982,01c12b8c-364f-4208-9bfd-90ef89bee491,Star Lamp,1853,nm,absorbance,719.6364422069604
726.83,80.06683,01c12b8c-364f-4208-9bfd-90ef89bee491,Star Lamp,1854,nm,absorbance,719.8270191059817
727.022,78.40094199999999,01c12b8c-364f-4208-9bfd-90ef89bee491,Star Lamp,1855,nm,absorbance,720.0175960050029
727.213,85.07000200000002,01c12b8c-364f-4208-9bfd-90ef89bee491,Star Lamp,1856,nm,absorbance,720.2071803160084
727.405,85.91601799999998,01c12b8c-364f-4208-9bfd-90ef89bee491,Star Lamp,1857,nm,absorbance,720.3977572150297
727.597,88.02326300000001,01c12b8c-364f-4208-9bfd-90ef89bee491,Star Lamp,1858,nm,absorbance,720.588334114051
727.789,89.839561,01c12b8c-364f-4208-9bfd-90ef89bee491,Star Lamp,1859,nm,absorbance,720.7789110130723
727.981,90.897076,01c12b8c-364f-4208-9bfd-90ef89bee491,Star Lamp,1860,nm,absorbance,720.9694879120935
728.173,98.105366,01c12b8c-364f-4208-9bfd-90ef89bee491,Star Lamp,1861,nm,absorbance,721.1600648111148
728.365,99.851759,01c12b8c-364f-4208-9bfd-90ef89bee491,Star Lamp,1862,nm,absorbance,721.3506417101362
728.556,107.346326,01c12b8c-364f-4208-9bfd-90ef89bee491,Star Lamp,1863,nm,absorbance,721.5402260211417
728.748,130.11946500000002,01c12b8c-364f-4208-9bfd-90ef89bee491,Star Lamp,1864,nm,absorbance,721.730802920163
728.94,172.354543,01c12b8c-364f-4208-9bfd-90ef89bee491,Star Lamp,1865,nm,absorbance,721.9213798191843
729.132,234.2521,01c12b8c-364f-4208-9bfd-90ef89bee491,Star Lamp,1866,nm,absorbance,722.1119567182054
729.324,298.884223,01c12b8c-364f-4208-9bfd-90ef89bee491,Star Lamp,1867,nm,absorbance,722.3025336172267
729.515,376.218926,01c12b8c-364f-4208-9bfd-90ef89bee491,Star Lamp,1868,nm,absorbance,722.4921179282323
729.707,458.32537,01c12b8c-364f-4208-9bfd-90ef89bee491,Star Lamp,1869,nm,absorbance,722.6826948272536
729.899,561.0697660000001,01c12b8c-364f-4208-9bfd-90ef89bee491,Star Lamp,1870,nm,absorbance,722.8732717262749
730.09,660.9603479999998,01c12b8c-364f-4208-9bfd-90ef89bee491,Star Lamp,1871,nm,absorbance,723.0628560372804
730.282,767.253874,01c12b8c-364f-4208-9bfd-90ef89bee491,Star Lamp,1872,nm,absorbance,723.2534329363018
730.474,859.921421,01c12b8c-364f-4208-9bfd-90ef89bee491,Star Lamp,1873,nm,absorbance,723.4440098353231
730.665,960.112229,01c12b8c-364f-4208-9bfd-90ef89bee491,Star Lamp,1874,nm,absorbance,723.6335941463285
730.857,1058.086774,01c12b8c-364f-4208-9bfd-90ef89bee491,Star Lamp,1875,nm,absorbance,723.8241710453498
731.049,1163.223443,01c12b8c-364f-4208-9bfd-90ef89bee491,Star Lamp,1876,nm,absorbance,724.014747944371
731.24,1247.6747450000005,01c12b8c-364f-4208-9bfd-90ef89bee491,Star Lamp,1877,nm,absorbance,724.2043322553767
731.432,1317.5617140000002,01c12b8c-364f-4208-9bfd-90ef89bee491,Star Lamp,1878,nm,absorbance,724.394909154398
731.623,1360.2594559999998,01c12b8c-364f-4208-9bfd-90ef89bee491,Star Lamp,1879,nm,absorbance,724.5844934654035
731.815,1403.5304659999997,01c12b8c-364f-4208-9bfd-90ef89bee491,Star Lamp,1880,nm,absorbance,724.7750703644248
732.006,1431.554401,01c12b8c-364f-4208-9bfd-90ef89bee491,Star Lamp,1881,nm,absorbance,724.9646546754302
732.198,1451.218528,01c12b8c-364f-4208-9bfd-90ef89bee491,Star Lamp,1882,nm,absorbance,725.1552315744516
732.389,1454.318634,01c12b8c-364f-4208-9bfd-90ef89bee491,Star Lamp,1883,nm,absorbance,725.3448158854571
732.581,1459.860012,01c12b8c-364f-4208-9bfd-90ef89bee491,Star Lamp,1884,nm,absorbance,725.5353927844784
732.772,1464.566167,01c12b8c-364f-4208-9bfd-90ef89bee491,Star Lamp,1885,nm,absorbance,725.724977095484
732.964,1472.44378,01c12b8c-364f-4208-9bfd-90ef89bee491,Star Lamp,1886,nm,absorbance,725.9155539945053
733.155,1480.260214,01c12b8c-364f-4208-9bfd-90ef89bee491,Star Lamp,1887,nm,absorbance,726.1051383055108
733.347,1494.19893,01c12b8c-364f-4208-9bfd-90ef89bee491,Star Lamp,1888,nm,absorbance,726.295715204532
733.538,1508.685731,01c12b8c-364f-4208-9bfd-90ef89bee491,Star Lamp,1889,nm,absorbance,726.4852995155376
733.729,1518.888693,01c12b8c-364f-4208-9bfd-90ef89bee491,Star Lamp,1890,nm,absorbance,726.6748838265431
733.921,1507.914652,01c12b8c-364f-4208-9bfd-90ef89bee491,Star Lamp,1891,nm,absorbance,726.8654607255645
734.112,1493.434404,01c12b8c-364f-4208-9bfd-90ef89bee491,Star Lamp,1892,nm,absorbance,727.0550450365699
734.304,1482.1471429999997,01c12b8c-364f-4208-9bfd-90ef89bee491,Star Lamp,1893,nm,absorbance,727.2456219355912
734.495,1482.400645,01c12b8c-364f-4208-9bfd-90ef89bee491,Star Lamp,1894,nm,absorbance,727.4352062465967
734.686,1475.767928,01c12b8c-364f-4208-9bfd-90ef89bee491,Star Lamp,1895,nm,absorbance,727.6247905576024
734.877,1453.9306210000002,01c12b8c-364f-4208-9bfd-90ef89bee491,Star Lamp,1896,nm,absorbance,727.8143748686078
735.069,1428.7580329999998,01c12b8c-364f-4208-9bfd-90ef89bee491,Star Lamp,1897,nm,absorbance,728.0049517676291
735.26,1413.718877,01c12b8c-364f-4208-9bfd-90ef89bee491,Star Lamp,1898,nm,absorbance,728.1945360786347
735.451,1395.213742,01c12b8c-364f-4208-9bfd-90ef89bee491,Star Lamp,1899,nm,absorbance,728.3841203896402
735.643,1385.978204,01c12b8c-364f-4208-9bfd-90ef89bee491,Star Lamp,1900,nm,absorbance,728.5746972886616
735.834,1367.108221,01c12b8c-364f-4208-9bfd-90ef89bee491,Star Lamp,1901,nm,absorbance,728.764281599667
736.025,1360.3395870000002,01c12b8c-364f-4208-9bfd-90ef89bee491,Star Lamp,1902,nm,absorbance,728.9538659106726
736.216,1356.841691,01c12b8c-364f-4208-9bfd-90ef89bee491,Star Lamp,1903,nm,absorbance,729.1434502216781
736.407,1361.33633,01c12b8c-364f-4208-9bfd-90ef89bee491,Star Lamp,1904,nm,absorbance,729.3330345326838
736.599,1361.923233,01c12b8c-364f-4208-9bfd-90ef89bee491,Star Lamp,1905,nm,absorbance,729.523611431705
736.79,1356.787782,01c12b8c-364f-4208-9bfd-90ef89bee491,Star Lamp,1906,nm,absorbance,729.7131957427105
736.981,1342.721691,01c12b8c-364f-4208-9bfd-90ef89bee491,Star Lamp,1907,nm,absorbance,729.902780053716
737.172,1326.83759,01c12b8c-364f-4208-9bfd-90ef89bee491,Star Lamp,1908,nm,absorbance,730.0923643647217
737.363,1285.022313,01c12b8c-364f-4208-9bfd-90ef89bee491,Star Lamp,1909,nm,absorbance,730.2819486757272
737.554,1240.365749,01c12b8c-364f-4208-9bfd-90ef89bee491,Star Lamp,1910,nm,absorbance,730.4715329867327
737.745,1189.679706,01c12b8c-364f-4208-9bfd-90ef89bee491,Star Lamp,1911,nm,absorbance,730.6611172977382
737.936,1136.968735,01c12b8c-364f-4208-9bfd-90ef89bee491,Star Lamp,1912,nm,absorbance,730.8507016087439
738.127,1062.297309,01c12b8c-364f-4208-9bfd-90ef89bee491,Star Lamp,1913,nm,absorbance,731.0402859197493
738.318,981.713304,01c12b8c-364f-4208-9bfd-90ef89bee491,Star Lamp,1914,nm,absorbance,731.2298702307548
738.509,915.703143,01c12b8c-364f-4208-9bfd-90ef89bee491,Star Lamp,1915,nm,absorbance,731.4194545417604
738.7,873.667771,01c12b8c-364f-4208-9bfd-90ef89bee491,Star Lamp,1916,nm,absorbance,731.609038852766
738.891,841.141274,01c12b8c-364f-4208-9bfd-90ef89bee491,Star Lamp,1917,nm,absorbance,731.7986231637715
739.082,811.0561860000001,01c12b8c-364f-4208-9bfd-90ef89bee491,Star Lamp,1918,nm,absorbance,731.988207474777
739.273,778.173048,01c12b8c-364f-4208-9bfd-90ef89bee491,Star Lamp,1919,nm,absorbance,732.1777917857826
739.464,750.830144,01c12b8c-364f-4208-9bfd-90ef89bee491,Star Lamp,1920,nm,absorbance,732.3673760967882
739.655,717.6649030000001,01c12b8c-364f-4208-9bfd-90ef89bee491,Star Lamp,1921,nm,absorbance,732.5569604077937
739.846,685.424849,01c12b8c-364f-4208-9bfd-90ef89bee491,Star Lamp,1922,nm,absorbance,732.7465447187992
740.037,649.4953439999999,01c12b8c-364f-4208-9bfd-90ef89bee491,Star Lamp,1923,nm,absorbance,732.9361290298048
740.228,614.056126,01c12b8c-364f-4208-9bfd-90ef89bee491,Star Lamp,1924,nm,absorbance,733.1257133408103
740.419,582.013285,01c12b8c-364f-4208-9bfd-90ef89bee491,Star Lamp,1925,nm,absorbance,733.3152976518159
740.609,541.880535,01c12b8c-364f-4208-9bfd-90ef89bee491,Star Lamp,1926,nm,absorbance,733.5038893748057
740.8,504.81558300000006,01c12b8c-364f-4208-9bfd-90ef89bee491,Star Lamp,1927,nm,absorbance,733.6934736858111
740.991,453.581723,01c12b8c-364f-4208-9bfd-90ef89bee491,Star Lamp,1928,nm,absorbance,733.8830579968168
741.182,408.978297,01c12b8c-364f-4208-9bfd-90ef89bee491,Star Lamp,1929,nm,absorbance,734.0726423078223
741.373,368.72364,01c12b8c-364f-4208-9bfd-90ef89bee491,Star Lamp,1930,nm,absorbance,734.2622266188279
741.563,331.318133,01c12b8c-364f-4208-9bfd-90ef89bee491,Star Lamp,1931,nm,absorbance,734.4508183418176
741.754,291.265992,01c12b8c-364f-4208-9bfd-90ef89bee491,Star Lamp,1932,nm,absorbance,734.6404026528232
741.945,250.775362,01c12b8c-364f-4208-9bfd-90ef89bee491,Star Lamp,1933,nm,absorbance,734.8299869638288
742.136,211.255682,01c12b8c-364f-4208-9bfd-90ef89bee491,Star Lamp,1934,nm,absorbance,735.0195712748342
742.326,175.21150500000002,01c12b8c-364f-4208-9bfd-90ef89bee491,Star Lamp,1935,nm,absorbance,735.2081629978242
742.517,143.37881699999997,01c12b8c-364f-4208-9bfd-90ef89bee491,Star Lamp,1936,nm,absorbance,735.3977473088297
742.708,120.44013300000002,01c12b8c-364f-4208-9bfd-90ef89bee491,Star Lamp,1937,nm,absorbance,735.5873316198351
742.898,103.287394,01c12b8c-364f-4208-9bfd-90ef89bee491,Star Lamp,1938,nm,absorbance,735.775923342825
743.089,87.52121300000002,01c12b8c-364f-4208-9bfd-90ef89bee491,Star Lamp,1939,nm,absorbance,735.9655076538306
743.28,77.108685,01c12b8c-364f-4208-9bfd-90ef89bee491,Star Lamp,1940,nm,absorbance,736.1550919648361
743.47,73.09526000000001,01c12b8c-364f-4208-9bfd-90ef89bee491,Star Lamp,1941,nm,absorbance,736.3436836878259
743.661,73.29019400000001,01c12b8c-364f-4208-9bfd-90ef89bee491,Star Lamp,1942,nm,absorbance,736.5332679988313
743.851,80.39151100000001,01c12b8c-364f-4208-9bfd-90ef89bee491,Star Lamp,1943,nm,absorbance,736.7218597218213
744.042,79.11873600000001,01c12b8c-364f-4208-9bfd-90ef89bee491,Star Lamp,1944,nm,absorbance,736.9114440328268
744.233,80.63639700000002,01c12b8c-364f-4208-9bfd-90ef89bee491,Star Lamp,1945,nm,absorbance,737.1010283438322
744.423,75.94963700000001,01c12b8c-364f-4208-9bfd-90ef89bee491,Star Lamp,1946,nm,absorbance,737.2896200668222
744.614,74.16262900000001,01c12b8c-364f-4208-9bfd-90ef89bee491,Star Lamp,1947,nm,absorbance,737.4792043778277
744.804,72.3709,01c12b8c-364f-4208-9bfd-90ef89bee491,Star Lamp,1948,nm,absorbance,737.6677961008174
744.995,70.283796,01c12b8c-364f-4208-9bfd-90ef89bee491,Star Lamp,1949,nm,absorbance,737.857380411823
745.185,75.65719100000001,01c12b8c-364f-4208-9bfd-90ef89bee491,Star Lamp,1950,nm,absorbance,738.0459721348128
745.376,71.07297299999999,01c12b8c-364f-4208-9bfd-90ef89bee491,Star Lamp,1951,nm,absorbance,738.2355564458184
745.566,71.960926,01c12b8c-364f-4208-9bfd-90ef89bee491,Star Lamp,1952,nm,absorbance,738.4241481688082
745.756,65.258295,01c12b8c-364f-4208-9bfd-90ef89bee491,Star Lamp,1953,nm,absorbance,738.612739891798
745.947,67.19327999999999,01c12b8c-364f-4208-9bfd-90ef89bee491,Star Lamp,1954,nm,absorbance,738.8023242028036
746.137,67.387345,01c12b8c-364f-4208-9bfd-90ef89bee491,Star Lamp,1955,nm,absorbance,738.9909159257933
746.328,64.142899,01c12b8c-364f-4208-9bfd-90ef89bee491,Star Lamp,1956,nm,absorbance,739.1805002367988
746.518,63.21343399999999,01c12b8c-364f-4208-9bfd-90ef89bee491,Star Lamp,1957,nm,absorbance,739.3690919597888
746.708,61.96202100000001,01c12b8c-364f-4208-9bfd-90ef89bee491,Star Lamp,1958,nm,absorbance,739.5576836827785
746.899,64.951971,01c12b8c-364f-4208-9bfd-90ef89bee491,Star Lamp,1959,nm,absorbance,739.747267993784
747.089,68.409722,01c12b8c-364f-4208-9bfd-90ef89bee491,Star Lamp,1960,nm,absorbance,739.935859716774
747.279,66.854506,01c12b8c-364f-4208-9bfd-90ef89bee491,Star Lamp,1961,nm,absorbance,740.1244514397637
747.47,71.82461,01c12b8c-364f-4208-9bfd-90ef89bee491,Star Lamp,1962,nm,absorbance,740.3140357507692
747.66,68.15933900000002,01c12b8c-364f-4208-9bfd-90ef89bee491,Star Lamp,1963,nm,absorbance,740.502627473759
747.85,66.061332,01c12b8c-364f-4208-9bfd-90ef89bee491,Star Lamp,1964,nm,absorbance,740.6912191967489
748.04,59.037904000000005,01c12b8c-364f-4208-9bfd-90ef89bee491,Star Lamp,1965,nm,absorbance,740.8798109197386
748.231,59.78148,01c12b8c-364f-4208-9bfd-90ef89bee491,Star Lamp,1966,nm,absorbance,741.0693952307441
748.421,61.058396,01c12b8c-364f-4208-9bfd-90ef89bee491,Star Lamp,1967,nm,absorbance,741.2579869537341
748.611,65.99522099999999,01c12b8c-364f-4208-9bfd-90ef89bee491,Star Lamp,1968,nm,absorbance,741.4465786767238
748.801,67.008245,01c12b8c-364f-4208-9bfd-90ef89bee491,Star Lamp,1969,nm,absorbance,741.6351703997136
748.991,66.53470200000001,01c12b8c-364f-4208-9bfd-90ef89bee491,Star Lamp,1970,nm,absorbance,741.8237621227034
749.182,57.64082800000001,01c12b8c-364f-4208-9bfd-90ef89bee491,Star Lamp,1971,nm,absorbance,742.013346433709
749.372,49.788856,01c12b8c-364f-4208-9bfd-90ef89bee491,Star Lamp,1972,nm,absorbance,742.2019381566987
749.562,52.798662000000014,01c12b8c-364f-4208-9bfd-90ef89bee491,Star Lamp,1973,nm,absorbance,742.3905298796886
749.752,57.948247,01c12b8c-364f-4208-9bfd-90ef89bee491,Star Lamp,1974,nm,absorbance,742.5791216026784
749.942,59.27139999999999,01c12b8c-364f-4208-9bfd-90ef89bee491,Star Lamp,1975,nm,absorbance,742.7677133256682
750.132,52.548332,01c12b8c-364f-4208-9bfd-90ef89bee491,Star Lamp,1976,nm,absorbance,742.9563050486579
750.322,51.91832099999999,01c12b8c-364f-4208-9bfd-90ef89bee491,Star Lamp,1977,nm,absorbance,743.1448967716478
750.512,50.603939,01c12b8c-364f-4208-9bfd-90ef89bee491,Star Lamp,1978,nm,absorbance,743.3334884946375
750.702,54.014653,01c12b8c-364f-4208-9bfd-90ef89bee491,Star Lamp,1979,nm,absorbance,743.5220802176274
750.892,55.775128,01c12b8c-364f-4208-9bfd-90ef89bee491,Star Lamp,1980,nm,absorbance,743.7106719406173
751.082,62.085163,01c12b8c-364f-4208-9bfd-90ef89bee491,Star Lamp,1981,nm,absorbance,743.899263663607
751.272,67.164253,01c12b8c-364f-4208-9bfd-90ef89bee491,Star Lamp,1982,nm,absorbance,744.0878553865969
751.462,70.724107,01c12b8c-364f-4208-9bfd-90ef89bee491,Star Lamp,1983,nm,absorbance,744.2764471095867
751.652,78.59969600000002,01c12b8c-364f-4208-9bfd-90ef89bee491,Star Lamp,1984,nm,absorbance,744.4650388325765
751.842,81.50784999999999,01c12b8c-364f-4208-9bfd-90ef89bee491,Star Lamp,1985,nm,absorbance,744.6536305555662
752.032,88.298822,01c12b8c-364f-4208-9bfd-90ef89bee491,Star Lamp,1986,nm,absorbance,744.8422222785562
752.222,90.617818,01c12b8c-364f-4208-9bfd-90ef89bee491,Star Lamp,1987,nm,absorbance,745.0308140015459
752.412,93.602207,01c12b8c-364f-4208-9bfd-90ef89bee491,Star Lamp,1988,nm,absorbance,745.2194057245357
752.602,99.040583,01c12b8c-364f-4208-9bfd-90ef89bee491,Star Lamp,1989,nm,absorbance,745.4079974475255
752.792,107.138741,01c12b8c-364f-4208-9bfd-90ef89bee491,Star Lamp,1990,nm,absorbance,745.5965891705154
752.981,114.204576,01c12b8c-364f-4208-9bfd-90ef89bee491,Star Lamp,1991,nm,absorbance,745.7841883054894
753.171,119.052172,01c12b8c-364f-4208-9bfd-90ef89bee491,Star Lamp,1992,nm,absorbance,745.9727800284793
753.361,121.651411,01c12b8c-364f-4208-9bfd-90ef89bee491,Star Lamp,1993,nm,absorbance,746.161371751469
753.551,125.41355299999998,01c12b8c-364f-4208-9bfd-90ef89bee491,Star Lamp,1994,nm,absorbance,746.3499634744588
753.741,126.231295,01c12b8c-364f-4208-9bfd-90ef89bee491,Star Lamp,1995,nm,absorbance,746.5385551974487
753.93,130.37542299999998,01c12b8c-364f-4208-9bfd-90ef89bee491,Star Lamp,1996,nm,absorbance,746.7261543324227
754.12,132.586255,01c12b8c-364f-4208-9bfd-90ef89bee491,Star Lamp,1997,nm,absorbance,746.9147460554125
754.31,138.43987400000003,01c12b8c-364f-4208-9bfd-90ef89bee491,Star Lamp,1998,nm,absorbance,747.1033377784023
754.5,140.354538,01c12b8c-364f-4208-9bfd-90ef89bee491,Star Lamp,1999,nm,absorbance,747.2919295013921
754.689,144.99726499999997,01c12b8c-364f-4208-9bfd-90ef89bee491,Star Lamp,2000,nm,absorbance,747.4795286363661
754.879,142.81094,01c12b8c-364f-4208-9bfd-90ef89bee491,Star Lamp,2001,nm,absorbance,747.6681203593561
755.069,141.389375,01c12b8c-364f-4208-9bfd-90ef89bee491,Star Lamp,2002,nm,absorbance,747.8567120823458
755.258,139.63758900000002,01c12b8c-364f-4208-9bfd-90ef89bee491,Star Lamp,2003,nm,absorbance,748.0443112173199
755.448,137.65562400000002,01c12b8c-364f-4208-9bfd-90ef89bee491,Star Lamp,2004,nm,absorbance,748.2329029403097
755.638,140.821987,01c12b8c-364f-4208-9bfd-90ef89bee491,Star Lamp,2005,nm,absorbance,748.4214946632995
755.827,138.950938,01c12b8c-364f-4208-9bfd-90ef89bee491,Star Lamp,2006,nm,absorbance,748.6090937982735
756.017,141.40918399999998,01c12b8c-364f-4208-9bfd-90ef89bee491,Star Lamp,2007,nm,absorbance,748.7976855212635
756.206,140.913604,01c12b8c-364f-4208-9bfd-90ef89bee491,Star Lamp,2008,nm,absorbance,748.9852846562375
756.396,144.83948300000003,01c12b8c-364f-4208-9bfd-90ef89bee491,Star Lamp,2009,nm,absorbance,749.1738763792272
756.586,144.752494,01c12b8c-364f-4208-9bfd-90ef89bee491,Star Lamp,2010,nm,absorbance,749.3624681022171
756.775,137.458114,01c12b8c-364f-4208-9bfd-90ef89bee491,Star Lamp,2011,nm,absorbance,749.5500672371911
756.965,131.637936,01c12b8c-364f-4208-9bfd-90ef89bee491,Star Lamp,2012,nm,absorbance,749.7386589601809
757.154,127.047357,01c12b8c-364f-4208-9bfd-90ef89bee491,Star Lamp,2013,nm,absorbance,749.926258095155
757.344,126.734922,01c12b8c-364f-4208-9bfd-90ef89bee491,Star Lamp,2014,nm,absorbance,750.1148498181449
757.533,128.469701,01c12b8c-364f-4208-9bfd-90ef89bee491,Star Lamp,2015,nm,absorbance,750.3024489531189
757.723,125.458694,01c12b8c-364f-4208-9bfd-90ef89bee491,Star Lamp,2016,nm,absorbance,750.4910406761087
757.912,123.882192,01c12b8c-364f-4208-9bfd-90ef89bee491,Star Lamp,2017,nm,absorbance,750.6786398110828
758.101,122.931684,01c12b8c-364f-4208-9bfd-90ef89bee491,Star Lamp,2018,nm,absorbance,750.8662389460569
758.291,121.963151,01c12b8c-364f-4208-9bfd-90ef89bee491,Star Lamp,2019,nm,absorbance,751.0548306690467
758.48,123.19984599999998,01c12b8c-364f-4208-9bfd-90ef89bee491,Star Lamp,2020,nm,absorbance,751.2424298040207
758.67,120.577465,01c12b8c-364f-4208-9bfd-90ef89bee491,Star Lamp,2021,nm,absorbance,751.4310215270106
758.859,123.90844,01c12b8c-364f-4208-9bfd-90ef89bee491,Star Lamp,2022,nm,absorbance,751.6186206619847
759.048,124.271141,01c12b8c-364f-4208-9bfd-90ef89bee491,Star Lamp,2023,nm,absorbance,751.8062197969587
759.238,123.347465,01c12b8c-364f-4208-9bfd-90ef89bee491,Star Lamp,2024,nm,absorbance,751.9948115199486
759.427,114.089851,01c12b8c-364f-4208-9bfd-90ef89bee491,Star Lamp,2025,nm,absorbance,752.1824106549226
759.616,105.824198,01c12b8c-364f-4208-9bfd-90ef89bee491,Star Lamp,2026,nm,absorbance,752.3700097898966
759.806,103.962867,01c12b8c-364f-4208-9bfd-90ef89bee491,Star Lamp,2027,nm,absorbance,752.5586015128865
759.995,110.529157,01c12b8c-364f-4208-9bfd-90ef89bee491,Star Lamp,2028,nm,absorbance,752.7462006478605
760.184,108.447801,01c12b8c-364f-4208-9bfd-90ef89bee491,Star Lamp,2029,nm,absorbance,752.9337997828345
760.373,100.18393899999998,01c12b8c-364f-4208-9bfd-90ef89bee491,Star Lamp,2030,nm,absorbance,753.1213989178087
760.563,91.67086600000002,01c12b8c-364f-4208-9bfd-90ef89bee491,Star Lamp,2031,nm,absorbance,753.3099906407984
760.752,90.18819700000002,01c12b8c-364f-4208-9bfd-90ef89bee491,Star Lamp,2032,nm,absorbance,753.4975897757726
760.941,87.861143,01c12b8c-364f-4208-9bfd-90ef89bee491,Star Lamp,2033,nm,absorbance,753.6851889107467
761.13,82.52209500000001,01c12b8c-364f-4208-9bfd-90ef89bee491,Star Lamp,2034,nm,absorbance,753.8727880457207
761.319,75.582774,01c12b8c-364f-4208-9bfd-90ef89bee491,Star Lamp,2035,nm,absorbance,754.0603871806948
761.509,73.31456,01c12b8c-364f-4208-9bfd-90ef89bee491,Star Lamp,2036,nm,absorbance,754.2489789036846
761.698,71.35902300000001,01c12b8c-364f-4208-9bfd-90ef89bee491,Star Lamp,2037,nm,absorbance,754.4365780386586
761.887,69.969375,01c12b8c-364f-4208-9bfd-90ef89bee491,Star Lamp,2038,nm,absorbance,754.6241771736327
762.076,66.715521,01c12b8c-364f-4208-9bfd-90ef89bee491,Star Lamp,2039,nm,absorbance,754.8117763086068
762.265,67.567748,01c12b8c-364f-4208-9bfd-90ef89bee491,Star Lamp,2040,nm,absorbance,754.9993754435809
762.454,65.502779,01c12b8c-364f-4208-9bfd-90ef89bee491,Star Lamp,2041,nm,absorbance,755.1869745785549
762.643,66.38902099999999,01c12b8c-364f-4208-9bfd-90ef89bee491,Star Lamp,2042,nm,absorbance,755.374573713529
762.832,64.47421899999999,01c12b8c-364f-4208-9bfd-90ef89bee491,Star Lamp,2043,nm,absorbance,755.5621728485031
763.021,63.55673300000001,01c12b8c-364f-4208-9bfd-90ef89bee491,Star Lamp,2044,nm,absorbance,755.7497719834771
763.21,57.652507,01c12b8c-364f-4208-9bfd-90ef89bee491,Star Lamp,2045,nm,absorbance,755.9373711184512
763.399,58.799583,01c12b8c-364f-4208-9bfd-90ef89bee491,Star Lamp,2046,nm,absorbance,756.1249702534253
763.588,60.033745,01c12b8c-364f-4208-9bfd-90ef89bee491,Star Lamp,2047,nm,absorbance,756.3125693883993
763.777,60.323064,01c12b8c-364f-4208-9bfd-90ef89bee491,Star Lamp,2048,nm,absorbance,756.5001685233735
763.966,54.106419,01c12b8c-364f-4208-9bfd-90ef89bee491,Star Lamp,2049,nm,absorbance,756.6877676583475
764.155,50.383729,01c12b8c-364f-4208-9bfd-90ef89bee491,Star Lamp,2050,nm,absorbance,756.8753667933215
764.344,54.67933000000001,01c12b8c-364f-4208-9bfd-90ef89bee491,Star Lamp,2051,nm,absorbance,757.0629659282957
764.533,58.207476,01c12b8c-364f-4208-9bfd-90ef89bee491,Star Lamp,2052,nm,absorbance,757.2505650632697
764.722,57.786505,01c12b8c-364f-4208-9bfd-90ef89bee491,Star Lamp,2053,nm,absorbance,757.4381641982438
764.911,59.338557,01c12b8c-364f-4208-9bfd-90ef89bee491,Star Lamp,2054,nm,absorbance,757.6257633332178
765.1,59.312375,01c12b8c-364f-4208-9bfd-90ef89bee491,Star Lamp,2055,nm,absorbance,757.8133624681919
765.288,70.888481,01c12b8c-364f-4208-9bfd-90ef89bee491,Star Lamp,2056,nm,absorbance,757.9999690151503
765.477,70.643497,01c12b8c-364f-4208-9bfd-90ef89bee491,Star Lamp,2057,nm,absorbance,758.1875681501243
765.666,82.45480799999999,01c12b8c-364f-4208-9bfd-90ef89bee491,Star Lamp,2058,nm,absorbance,758.3751672850985
765.855,83.674806,01c12b8c-364f-4208-9bfd-90ef89bee491,Star Lamp,2059,nm,absorbance,758.5627664200725
766.044,90.803095,01c12b8c-364f-4208-9bfd-90ef89bee491,Star Lamp,2060,nm,absorbance,758.7503655550465
766.232,91.130781,01c12b8c-364f-4208-9bfd-90ef89bee491,Star Lamp,2061,nm,absorbance,758.9369721020049
766.421,90.615076,01c12b8c-364f-4208-9bfd-90ef89bee491,Star Lamp,2062,nm,absorbance,759.124571236979
766.61,95.01533600000002,01c12b8c-364f-4208-9bfd-90ef89bee491,Star Lamp,2063,nm,absorbance,759.3121703719531
766.799,96.959859,01c12b8c-364f-4208-9bfd-90ef89bee491,Star Lamp,2064,nm,absorbance,759.4997695069271
766.987,99.569595,01c12b8c-364f-4208-9bfd-90ef89bee491,Star Lamp,2065,nm,absorbance,759.6863760538854
767.176,98.579096,01c12b8c-364f-4208-9bfd-90ef89bee491,Star Lamp,2066,nm,absorbance,759.8739751888596
767.365,96.119384,01c12b8c-364f-4208-9bfd-90ef89bee491,Star Lamp,2067,nm,absorbance,760.0615743238336
767.553,97.067612,01c12b8c-364f-4208-9bfd-90ef89bee491,Star Lamp,2068,nm,absorbance,760.248180870792
767.742,95.330837,01c12b8c-364f-4208-9bfd-90ef89bee491,Star Lamp,2069,nm,absorbance,760.435780005766
767.931,101.911684,01c12b8c-364f-4208-9bfd-90ef89bee491,Star Lamp,2070,nm,absorbance,760.6233791407401
768.119,99.269645,01c12b8c-364f-4208-9bfd-90ef89bee491,Star Lamp,2071,nm,absorbance,760.8099856876985
768.308,104.175568,01c12b8c-364f-4208-9bfd-90ef89bee491,Star Lamp,2072,nm,absorbance,760.9975848226725
768.497,100.633651,01c12b8c-364f-4208-9bfd-90ef89bee491,Star Lamp,2073,nm,absorbance,761.1851839576466
768.685,101.22206199999998,01c12b8c-364f-4208-9bfd-90ef89bee491,Star Lamp,2074,nm,absorbance,761.3717905046049
768.874,95.466536,01c12b8c-364f-4208-9bfd-90ef89bee491,Star Lamp,2075,nm,absorbance,761.559389639579
769.062,89.425758,01c12b8c-364f-4208-9bfd-90ef89bee491,Star Lamp,2076,nm,absorbance,761.7459961865374
769.251,91.166088,01c12b8c-364f-4208-9bfd-90ef89bee491,Star Lamp,2077,nm,absorbance,761.9335953215113
769.439,91.319946,01c12b8c-364f-4208-9bfd-90ef89bee491,Star Lamp,2078,nm,absorbance,762.1202018684697
769.628,96.181443,01c12b8c-364f-4208-9bfd-90ef89bee491,Star Lamp,2079,nm,absorbance,762.3078010034438
769.816,93.843225,01c12b8c-364f-4208-9bfd-90ef89bee491,Star Lamp,2080,nm,absorbance,762.4944075504022
770.005,91.868468,01c12b8c-364f-4208-9bfd-90ef89bee491,Star Lamp,2081,nm,absorbance,762.6820066853762
770.193,92.38497100000002,01c12b8c-364f-4208-9bfd-90ef89bee491,Star Lamp,2082,nm,absorbance,762.8686132323345
770.382,93.15839099999998,01c12b8c-364f-4208-9bfd-90ef89bee491,Star Lamp,2083,nm,absorbance,763.0562123673086
770.57,94.875684,01c12b8c-364f-4208-9bfd-90ef89bee491,Star Lamp,2084,nm,absorbance,763.242818914267
770.758,93.90643,01c12b8c-364f-4208-9bfd-90ef89bee491,Star Lamp,2085,nm,absorbance,763.4294254612254
770.947,91.604936,01c12b8c-364f-4208-9bfd-90ef89bee491,Star Lamp,2086,nm,absorbance,763.6170245961994
771.135,89.761497,01c12b8c-364f-4208-9bfd-90ef89bee491,Star Lamp,2087,nm,absorbance,763.8036311431576
771.323,85.947733,01c12b8c-364f-4208-9bfd-90ef89bee491,Star Lamp,2088,nm,absorbance,763.990237690116
771.512,89.303266,01c12b8c-364f-4208-9bfd-90ef89bee491,Star Lamp,2089,nm,absorbance,764.17783682509
771.7,85.391571,01c12b8c-364f-4208-9bfd-90ef89bee491,Star Lamp,2090,nm,absorbance,764.3644433720485
771.888,83.898864,01c12b8c-364f-4208-9bfd-90ef89bee491,Star Lamp,2091,nm,absorbance,764.5510499190068
772.077,82.51069900000002,01c12b8c-364f-4208-9bfd-90ef89bee491,Star Lamp,2092,nm,absorbance,764.7386490539809
772.265,87.069629,01c12b8c-364f-4208-9bfd-90ef89bee491,Star Lamp,2093,nm,absorbance,764.9252556009392
772.453,85.882749,01c12b8c-364f-4208-9bfd-90ef89bee491,Star Lamp,2094,nm,absorbance,765.1118621478976
772.642,82.885202,01c12b8c-364f-4208-9bfd-90ef89bee491,Star Lamp,2095,nm,absorbance,765.2994612828717
772.83,81.82831900000001,01c12b8c-364f-4208-9bfd-90ef89bee491,Star Lamp,2096,nm,absorbance,765.48606782983
773.018,78.192394,01c12b8c-364f-4208-9bfd-90ef89bee491,Star Lamp,2097,nm,absorbance,765.6726743767883
773.206,79.13677,01c12b8c-364f-4208-9bfd-90ef89bee491,Star Lamp,2098,nm,absorbance,765.8592809237466
773.394,76.174331,01c12b8c-364f-4208-9bfd-90ef89bee491,Star Lamp,2099,nm,absorbance,766.045887470705
773.583,78.16517999999999,01c12b8c-364f-4208-9bfd-90ef89bee491,Star Lamp,2100,nm,absorbance,766.233486605679
773.771,70.722444,01c12b8c-364f-4208-9bfd-90ef89bee491,Star Lamp,2101,nm,absorbance,766.4200931526374
773.959,70.147783,01c12b8c-364f-4208-9bfd-90ef89bee491,Star Lamp,2102,nm,absorbance,766.6066996995957
774.147,66.34314,01c12b8c-364f-4208-9bfd-90ef89bee491,Star Lamp,2103,nm,absorbance,766.793306246554
774.335,64.54933400000002,01c12b8c-364f-4208-9bfd-90ef89bee491,Star Lamp,2104,nm,absorbance,766.9799127935124
774.523,63.864104,01c12b8c-364f-4208-9bfd-90ef89bee491,Star Lamp,2105,nm,absorbance,767.1665193404707
774.711,66.955575,01c12b8c-364f-4208-9bfd-90ef89bee491,Star Lamp,2106,nm,absorbance,767.3531258874291
774.899,66.96042600000001,01c12b8c-364f-4208-9bfd-90ef89bee491,Star Lamp,2107,nm,absorbance,767.5397324343874
775.087,66.618887,01c12b8c-364f-4208-9bfd-90ef89bee491,Star Lamp,2108,nm,absorbance,767.7263389813457
775.275,64.206426,01c12b8c-364f-4208-9bfd-90ef89bee491,Star Lamp,2109,nm,absorbance,767.912945528304
775.463,74.053504,01c12b8c-364f-4208-9bfd-90ef89bee491,Star Lamp,2110,nm,absorbance,768.0995520752624
775.651,73.216966,01c12b8c-364f-4208-9bfd-90ef89bee491,Star Lamp,2111,nm,absorbance,768.2861586222207
775.839,74.00997,01c12b8c-364f-4208-9bfd-90ef89bee491,Star Lamp,2112,nm,absorbance,768.4727651691791
776.027,69.027188,01c12b8c-364f-4208-9bfd-90ef89bee491,Star Lamp,2113,nm,absorbance,768.6593717161375
776.215,70.344978,01c12b8c-364f-4208-9bfd-90ef89bee491,Star Lamp,2114,nm,absorbance,768.8459782630957
776.403,69.82437700000001,01c12b8c-364f-4208-9bfd-90ef89bee491,Star Lamp,2115,nm,absorbance,769.0325848100541
776.591,67.72631099999998,01c12b8c-364f-4208-9bfd-90ef89bee491,Star Lamp,2116,nm,absorbance,769.2191913570124
776.779,64.48531,01c12b8c-364f-4208-9bfd-90ef89bee491,Star Lamp,2117,nm,absorbance,769.4057979039708
776.967,66.614395,01c12b8c-364f-4208-9bfd-90ef89bee491,Star Lamp,2118,nm,absorbance,769.592404450929
777.155,64.761033,01c12b8c-364f-4208-9bfd-90ef89bee491,Star Lamp,2119,nm,absorbance,769.7790109978874
777.343,72.018317,01c12b8c-364f-4208-9bfd-90ef89bee491,Star Lamp,2120,nm,absorbance,769.9656175448457
777.531,66.734685,01c12b8c-364f-4208-9bfd-90ef89bee491,Star Lamp,2121,nm,absorbance,770.1522240918041
777.718,69.45696000000001,01c12b8c-364f-4208-9bfd-90ef89bee491,Star Lamp,2122,nm,absorbance,770.3378380507467
777.906,62.996776,01c12b8c-364f-4208-9bfd-90ef89bee491,Star Lamp,2123,nm,absorbance,770.5244445977049
778.094,68.590999,01c12b8c-364f-4208-9bfd-90ef89bee491,Star Lamp,2124,nm,absorbance,770.7110511446634
778.282,71.09776500000001,01c12b8c-364f-4208-9bfd-90ef89bee491,Star Lamp,2125,nm,absorbance,770.8976576916217
778.47,79.112544,01c12b8c-364f-4208-9bfd-90ef89bee491,Star Lamp,2126,nm,absorbance,771.0842642385801
778.657,89.798943,01c12b8c-364f-4208-9bfd-90ef89bee491,Star Lamp,2127,nm,absorbance,771.2698781975226
778.845,104.246519,01c12b8c-364f-4208-9bfd-90ef89bee491,Star Lamp,2128,nm,absorbance,771.456484744481
779.033,121.111474,01c12b8c-364f-4208-9bfd-90ef89bee491,Star Lamp,2129,nm,absorbance,771.6430912914393
779.22,134.938932,01c12b8c-364f-4208-9bfd-90ef89bee491,Star Lamp,2130,nm,absorbance,771.828705250382
779.408,151.10175799999996,01c12b8c-364f-4208-9bfd-90ef89bee491,Star Lamp,2131,nm,absorbance,772.0153117973402
779.596,167.978783,01c12b8c-364f-4208-9bfd-90ef89bee491,Star Lamp,2132,nm,absorbance,772.2019183442986
779.783,188.822577,01c12b8c-364f-4208-9bfd-90ef89bee491,Star Lamp,2133,nm,absorbance,772.3875323032412
779.971,209.856052,01c12b8c-364f-4208-9bfd-90ef89bee491,Star Lamp,2134,nm,absorbance,772.5741388501996
780.159,228.678964,01c12b8c-364f-4208-9bfd-90ef89bee491,Star Lamp,2135,nm,absorbance,772.7607453971578
780.346,250.891143,01c12b8c-364f-4208-9bfd-90ef89bee491,Star Lamp,2136,nm,absorbance,772.9463593561005
780.534,266.79616300000004,01c12b8c-364f-4208-9bfd-90ef89bee491,Star Lamp,2137,nm,absorbance,773.1329659030588
780.722,285.539896,01c12b8c-364f-4208-9bfd-90ef89bee491,Star Lamp,2138,nm,absorbance,773.3195724500172
780.909,296.210637,01c12b8c-364f-4208-9bfd-90ef89bee491,Star Lamp,2139,nm,absorbance,773.5051864089597
781.097,308.128815,01c12b8c-364f-4208-9bfd-90ef89bee491,Star Lamp,2140,nm,absorbance,773.691792955918
781.284,314.75337499999995,01c12b8c-364f-4208-9bfd-90ef89bee491,Star Lamp,2141,nm,absorbance,773.8774069148607
781.472,326.45093,01c12b8c-364f-4208-9bfd-90ef89bee491,Star Lamp,2142,nm,absorbance,774.064013461819
781.659,341.719985,01c12b8c-364f-4208-9bfd-90ef89bee491,Star Lamp,2143,nm,absorbance,774.2496274207616
781.847,350.111193,01c12b8c-364f-4208-9bfd-90ef89bee491,Star Lamp,2144,nm,absorbance,774.4362339677199
782.034,348.777661,01c12b8c-364f-4208-9bfd-90ef89bee491,Star Lamp,2145,nm,absorbance,774.6218479266626
782.222,347.284756,01c12b8c-364f-4208-9bfd-90ef89bee491,Star Lamp,2146,nm,absorbance,774.8084544736208
782.409,347.20909,01c12b8c-364f-4208-9bfd-90ef89bee491,Star Lamp,2147,nm,absorbance,774.9940684325635
782.597,348.743302,01c12b8c-364f-4208-9bfd-90ef89bee491,Star Lamp,2148,nm,absorbance,775.1806749795218
782.784,346.273351,01c12b8c-364f-4208-9bfd-90ef89bee491,Star Lamp,2149,nm,absorbance,775.3662889384644
782.971,350.546925,01c12b8c-364f-4208-9bfd-90ef89bee491,Star Lamp,2150,nm,absorbance,775.551902897407
783.159,354.93480000000005,01c12b8c-364f-4208-9bfd-90ef89bee491,Star Lamp,2151,nm,absorbance,775.7385094443654
783.346,357.571138,01c12b8c-364f-4208-9bfd-90ef89bee491,Star Lamp,2152,nm,absorbance,775.9241234033079
783.533,352.49705,01c12b8c-364f-4208-9bfd-90ef89bee491,Star Lamp,2153,nm,absorbance,776.1097373622506
783.721,347.03648100000004,01c12b8c-364f-4208-9bfd-90ef89bee491,Star Lamp,2154,nm,absorbance,776.2963439092089
783.908,338.687578,01c12b8c-364f-4208-9bfd-90ef89bee491,Star Lamp,2155,nm,absorbance,776.4819578681515
784.095,333.039088,01c12b8c-364f-4208-9bfd-90ef89bee491,Star Lamp,2156,nm,absorbance,776.6675718270941
784.283,330.10073700000004,01c12b8c-364f-4208-9bfd-90ef89bee491,Star Lamp,2157,nm,absorbance,776.8541783740525
784.47,331.342738,01c12b8c-364f-4208-9bfd-90ef89bee491,Star Lamp,2158,nm,absorbance,777.039792332995
784.657,331.043585,01c12b8c-364f-4208-9bfd-90ef89bee491,Star Lamp,2159,nm,absorbance,777.2254062919377
784.844,328.751189,01c12b8c-364f-4208-9bfd-90ef89bee491,Star Lamp,2160,nm,absorbance,777.4110202508803
785.032,324.874035,01c12b8c-364f-4208-9bfd-90ef89bee491,Star Lamp,2161,nm,absorbance,777.5976267978386
785.219,316.52743100000004,01c12b8c-364f-4208-9bfd-90ef89bee491,Star Lamp,2162,nm,absorbance,777.7832407567812
785.406,315.559755,01c12b8c-364f-4208-9bfd-90ef89bee491,Star Lamp,2163,nm,absorbance,777.9688547157238
785.593,312.076729,01c12b8c-364f-4208-9bfd-90ef89bee491,Star Lamp,2164,nm,absorbance,778.1544686746663
785.78,317.051903,01c12b8c-364f-4208-9bfd-90ef89bee491,Star Lamp,2165,nm,absorbance,778.340082633609
785.968,312.303759,01c12b8c-364f-4208-9bfd-90ef89bee491,Star Lamp,2166,nm,absorbance,778.5266891805672
786.155,310.706193,01c12b8c-364f-4208-9bfd-90ef89bee491,Star Lamp,2167,nm,absorbance,778.7123031395099
786.342,303.352829,01c12b8c-364f-4208-9bfd-90ef89bee491,Star Lamp,2168,nm,absorbance,778.8979170984525
786.529,299.957575,01c12b8c-364f-4208-9bfd-90ef89bee491,Star Lamp,2169,nm,absorbance,779.0835310573951
786.716,294.061847,01c12b8c-364f-4208-9bfd-90ef89bee491,Star Lamp,2170,nm,absorbance,779.2691450163377
786.903,290.33552799999995,01c12b8c-364f-4208-9bfd-90ef89bee491,Star Lamp,2171,nm,absorbance,779.4547589752804
787.09,282.882873,01c12b8c-364f-4208-9bfd-90ef89bee491,Star Lamp,2172,nm,absorbance,779.6403729342229
787.277,274.005286,01c12b8c-364f-4208-9bfd-90ef89bee491,Star Lamp,2173,nm,absorbance,779.8259868931656
787.464,261.31787,01c12b8c-364f-4208-9bfd-90ef89bee491,Star Lamp,2174,nm,absorbance,780.0116008521081
787.651,249.043059,01c12b8c-364f-4208-9bfd-90ef89bee491,Star Lamp,2175,nm,absorbance,780.1972148110507
787.838,234.86570800000004,01c12b8c-364f-4208-9bfd-90ef89bee491,Star Lamp,2176,nm,absorbance,780.3828287699934
788.025,220.153893,01c12b8c-364f-4208-9bfd-90ef89bee491,Star Lamp,2177,nm,absorbance,780.5684427289359
788.212,204.010428,01c12b8c-364f-4208-9bfd-90ef89bee491,Star Lamp,2178,nm,absorbance,780.7540566878786
788.399,191.587336,01c12b8c-364f-4208-9bfd-90ef89bee491,Star Lamp,2179,nm,absorbance,780.9396706468211
788.586,186.521321,01c12b8c-364f-4208-9bfd-90ef89bee491,Star Lamp,2180,nm,absorbance,781.1252846057638
788.773,183.51206900000005,01c12b8c-364f-4208-9bfd-90ef89bee491,Star Lamp,2181,nm,absorbance,781.3108985647063
788.96,185.942073,01c12b8c-364f-4208-9bfd-90ef89bee491,Star Lamp,2182,nm,absorbance,781.496512523649
789.147,175.184508,01c12b8c-364f-4208-9bfd-90ef89bee491,Star Lamp,2183,nm,absorbance,781.6821264825916
789.334,166.697927,01c12b8c-364f-4208-9bfd-90ef89bee491,Star Lamp,2184,nm,absorbance,781.8677404415341
789.521,151.176345,01c12b8c-364f-4208-9bfd-90ef89bee491,Star Lamp,2185,nm,absorbance,782.0533544004767
789.707,149.438959,01c12b8c-364f-4208-9bfd-90ef89bee491,Star Lamp,2186,nm,absorbance,782.2379757714036
789.894,143.681284,01c12b8c-364f-4208-9bfd-90ef89bee491,Star Lamp,2187,nm,absorbance,782.4235897303462
790.081,137.245577,01c12b8c-364f-4208-9bfd-90ef89bee491,Star Lamp,2188,nm,absorbance,782.6092036892888
790.268,127.708635,01c12b8c-364f-4208-9bfd-90ef89bee491,Star Lamp,2189,nm,absorbance,782.7948176482314
790.455,120.692581,01c12b8c-364f-4208-9bfd-90ef89bee491,Star Lamp,2190,nm,absorbance,782.9804316071741
790.641,112.94165,01c12b8c-364f-4208-9bfd-90ef89bee491,Star Lamp,2191,nm,absorbance,783.1650529781008
790.828,106.87495099999998,01c12b8c-364f-4208-9bfd-90ef89bee491,Star Lamp,2192,nm,absorbance,783.3506669370435
791.015,102.47223200000003,01c12b8c-364f-4208-9bfd-90ef89bee491,Star Lamp,2193,nm,absorbance,783.536280895986
791.202,97.74885299999998,01c12b8c-364f-4208-9bfd-90ef89bee491,Star Lamp,2194,nm,absorbance,783.7218948549287
791.388,97.384135,01c12b8c-364f-4208-9bfd-90ef89bee491,Star Lamp,2195,nm,absorbance,783.9065162258556
791.575,94.847431,01c12b8c-364f-4208-9bfd-90ef89bee491,Star Lamp,2196,nm,absorbance,784.0921301847982
791.762,87.34289300000003,01c12b8c-364f-4208-9bfd-90ef89bee491,Star Lamp,2197,nm,absorbance,784.2777441437407
791.948,76.99430899999999,01c12b8c-364f-4208-9bfd-90ef89bee491,Star Lamp,2198,nm,absorbance,784.4623655146676
792.135,66.863507,01c12b8c-364f-4208-9bfd-90ef89bee491,Star Lamp,2199,nm,absorbance,784.6479794736102
792.322,63.254114,01c12b8c-364f-4208-9bfd-90ef89bee491,Star Lamp,2200,nm,absorbance,784.8335934325528
792.508,61.34932,01c12b8c-364f-4208-9bfd-90ef89bee491,Star Lamp,2201,nm,absorbance,785.0182148034797
792.695,60.273819,01c12b8c-364f-4208-9bfd-90ef89bee491,Star Lamp,2202,nm,absorbance,785.2038287624223
792.881,62.092728,01c12b8c-364f-4208-9bfd-90ef89bee491,Star Lamp,2203,nm,absorbance,785.3884501333491
793.068,59.178902,01c12b8c-364f-4208-9bfd-90ef89bee491,Star Lamp,2204,nm,absorbance,785.5740640922917
793.254,62.30729699999999,01c12b8c-364f-4208-9bfd-90ef89bee491,Star Lamp,2205,nm,absorbance,785.7586854632186
793.441,60.777904,01c12b8c-364f-4208-9bfd-90ef89bee491,Star Lamp,2206,nm,absorbance,785.9442994221612
793.627,63.076458,01c12b8c-364f-4208-9bfd-90ef89bee491,Star Lamp,2207,nm,absorbance,786.128920793088
793.814,61.805704000000006,01c12b8c-364f-4208-9bfd-90ef89bee491,Star Lamp,2208,nm,absorbance,786.3145347520307
794.0,64.108706,01c12b8c-364f-4208-9bfd-90ef89bee491,Star Lamp,2209,nm,absorbance,786.4991561229575
794.187,65.935304,01c12b8c-364f-4208-9bfd-90ef89bee491,Star Lamp,2210,nm,absorbance,786.6847700819002
794.373,64.50811999999999,01c12b8c-364f-4208-9bfd-90ef89bee491,Star Lamp,2211,nm,absorbance,786.869391452827
794.56,64.225418,01c12b8c-364f-4208-9bfd-90ef89bee491,Star Lamp,2212,nm,absorbance,787.0550054117696
794.746,60.411896,01c12b8c-364f-4208-9bfd-90ef89bee491,Star Lamp,2213,nm,absorbance,787.2396267826964
794.933,61.283235000000005,01c12b8c-364f-4208-9bfd-90ef89bee491,Star Lamp,2214,nm,absorbance,787.4252407416391
795.119,62.05588099999998,01c12b8c-364f-4208-9bfd-90ef89bee491,Star Lamp,2215,nm,absorbance,787.6098621125659
795.305,70.978218,01c12b8c-364f-4208-9bfd-90ef89bee491,Star Lamp,2216,nm,absorbance,787.7944834834927
795.492,69.306718,01c12b8c-364f-4208-9bfd-90ef89bee491,Star Lamp,2217,nm,absorbance,787.9800974424354
795.678,68.564638,01c12b8c-364f-4208-9bfd-90ef89bee491,Star Lamp,2218,nm,absorbance,788.1647188133622
795.864,65.475651,01c12b8c-364f-4208-9bfd-90ef89bee491,Star Lamp,2219,nm,absorbance,788.3493401842892
796.051,71.208305,01c12b8c-364f-4208-9bfd-90ef89bee491,Star Lamp,2220,nm,absorbance,788.5349541432317
796.237,73.84377900000001,01c12b8c-364f-4208-9bfd-90ef89bee491,Star Lamp,2221,nm,absorbance,788.7195755141586
796.423,69.478548,01c12b8c-364f-4208-9bfd-90ef89bee491,Star Lamp,2222,nm,absorbance,788.9041968850854
796.61,68.613686,01c12b8c-364f-4208-9bfd-90ef89bee491,Star Lamp,2223,nm,absorbance,789.0898108440281
796.796,70.700029,01c12b8c-364f-4208-9bfd-90ef89bee491,Star Lamp,2224,nm,absorbance,789.274432214955
796.982,71.849729,01c12b8c-364f-4208-9bfd-90ef89bee491,Star Lamp,2225,nm,absorbance,789.4590535858817
797.168,68.273487,01c12b8c-364f-4208-9bfd-90ef89bee491,Star Lamp,2226,nm,absorbance,789.6436749568087
797.355,67.77692499999999,01c12b8c-364f-4208-9bfd-90ef89bee491,Star Lamp,2227,nm,absorbance,789.8292889157512
797.541,70.48434400000001,01c12b8c-364f-4208-9bfd-90ef89bee491,Star Lamp,2228,nm,absorbance,790.0139102866782
797.727,73.55627700000001,01c12b8c-364f-4208-9bfd-90ef89bee491,Star Lamp,2229,nm,absorbance,790.1985316576049
797.913,73.319654,01c12b8c-364f-4208-9bfd-90ef89bee491,Star Lamp,2230,nm,absorbance,790.3831530285319
798.099,72.14764899999999,01c12b8c-364f-4208-9bfd-90ef89bee491,Star Lamp,2231,nm,absorbance,790.5677743994588
798.285,70.31125999999999,01c12b8c-364f-4208-9bfd-90ef89bee491,Star Lamp,2232,nm,absorbance,790.7523957703855
798.471,64.85545399999998,01c12b8c-364f-4208-9bfd-90ef89bee491,Star Lamp,2233,nm,absorbance,790.9370171413125
798.658,66.121838,01c12b8c-364f-4208-9bfd-90ef89bee491,Star Lamp,2234,nm,absorbance,791.122631100255
798.844,65.32373700000001,01c12b8c-364f-4208-9bfd-90ef89bee491,Star Lamp,2235,nm,absorbance,791.307252471182
799.03,68.973894,01c12b8c-364f-4208-9bfd-90ef89bee491,Star Lamp,2236,nm,absorbance,791.4918738421087
799.216,63.079786,01c12b8c-364f-4208-9bfd-90ef89bee491,Star Lamp,2237,nm,absorbance,791.6764952130357
799.402,61.068001,01c12b8c-364f-4208-9bfd-90ef89bee491,Star Lamp,2238,nm,absorbance,791.8611165839626
799.588,61.378159,01c12b8c-364f-4208-9bfd-90ef89bee491,Star Lamp,2239,nm,absorbance,792.0457379548893
799.774,64.543271,01c12b8c-364f-4208-9bfd-90ef89bee491,Star Lamp,2240,nm,absorbance,792.2303593258163
799.96,68.510028,01c12b8c-364f-4208-9bfd-90ef89bee491,Star Lamp,2241,nm,absorbance,792.4149806967431
800.146,64.65780600000001,01c12b8c-364f-4208-9bfd-90ef89bee491,Star Lamp,2242,nm,absorbance,792.5996020676699
800.332,61.230125,01c12b8c-364f-4208-9bfd-90ef89bee491,Star Lamp,2243,nm,absorbance,792.7842234385968
800.518,56.278225,01c12b8c-364f-4208-9bfd-90ef89bee491,Star Lamp,2244,nm,absorbance,792.9688448095237
800.704,56.234653,01c12b8c-364f-4208-9bfd-90ef89bee491,Star Lamp,2245,nm,absorbance,793.1534661804506
800.89,63.59000100000001,01c12b8c-364f-4208-9bfd-90ef89bee491,Star Lamp,2246,nm,absorbance,793.3380875513774
801.075,56.74896699999999,01c12b8c-364f-4208-9bfd-90ef89bee491,Star Lamp,2247,nm,absorbance,793.5217163342886
801.261,57.198937,01c12b8c-364f-4208-9bfd-90ef89bee491,Star Lamp,2248,nm,absorbance,793.7063377052153
801.447,47.160227,01c12b8c-364f-4208-9bfd-90ef89bee491,Star Lamp,2249,nm,absorbance,793.8909590761423
801.633,54.80833,01c12b8c-364f-4208-9bfd-90ef89bee491,Star Lamp,2250,nm,absorbance,794.0755804470692
801.819,53.234718,01c12b8c-364f-4208-9bfd-90ef89bee491,Star Lamp,2251,nm,absorbance,794.260201817996
802.005,54.25252,01c12b8c-364f-4208-9bfd-90ef89bee491,Star Lamp,2252,nm,absorbance,794.4448231889229
802.19,53.39521500000001,01c12b8c-364f-4208-9bfd-90ef89bee491,Star Lamp,2253,nm,absorbance,794.628451971834
802.376,52.942216,01c12b8c-364f-4208-9bfd-90ef89bee491,Star Lamp,2254,nm,absorbance,794.8130733427608
802.562,58.28297900000001,01c12b8c-364f-4208-9bfd-90ef89bee491,Star Lamp,2255,nm,absorbance,794.9976947136878
802.748,57.073722,01c12b8c-364f-4208-9bfd-90ef89bee491,Star Lamp,2256,nm,absorbance,795.1823160846146
802.934,58.879011000000006,01c12b8c-364f-4208-9bfd-90ef89bee491,Star Lamp,2257,nm,absorbance,795.3669374555415
803.119,53.020692,01c12b8c-364f-4208-9bfd-90ef89bee491,Star Lamp,2258,nm,absorbance,795.5505662384526
803.305,53.547718,01c12b8c-364f-4208-9bfd-90ef89bee491,Star Lamp,2259,nm,absorbance,795.7351876093794
803.491,54.34751,01c12b8c-364f-4208-9bfd-90ef89bee491,Star Lamp,2260,nm,absorbance,795.9198089803064
803.676,57.767682,01c12b8c-364f-4208-9bfd-90ef89bee491,Star Lamp,2261,nm,absorbance,796.1034377632175
803.862,56.727500000000006,01c12b8c-364f-4208-9bfd-90ef89bee491,Star Lamp,2262,nm,absorbance,796.2880591341443
804.048,55.65382200000001,01c12b8c-364f-4208-9bfd-90ef89bee491,Star Lamp,2263,nm,absorbance,796.4726805050711
804.233,50.540363,01c12b8c-364f-4208-9bfd-90ef89bee491,Star Lamp,2264,nm,absorbance,796.6563092879823
804.419,52.057763,01c12b8c-364f-4208-9bfd-90ef89bee491,Star Lamp,2265,nm,absorbance,796.8409306589092
804.605,47.529903,01c12b8c-364f-4208-9bfd-90ef89bee491,Star Lamp,2266,nm,absorbance,797.025552029836
804.79,50.740571,01c12b8c-364f-4208-9bfd-90ef89bee491,Star Lamp,2267,nm,absorbance,797.2091808127471
804.976,48.04927500000001,01c12b8c-364f-4208-9bfd-90ef89bee491,Star Lamp,2268,nm,absorbance,797.393802183674
805.161,52.095183,01c12b8c-364f-4208-9bfd-90ef89bee491,Star Lamp,2269,nm,absorbance,797.5774309665851
805.347,47.47526200000001,01c12b8c-364f-4208-9bfd-90ef89bee491,Star Lamp,2270,nm,absorbance,797.762052337512
805.532,48.92022,01c12b8c-364f-4208-9bfd-90ef89bee491,Star Lamp,2271,nm,absorbance,797.9456811204232
805.718,45.029521,01c12b8c-364f-4208-9bfd-90ef89bee491,Star Lamp,2272,nm,absorbance,798.13030249135
805.903,51.251611,01c12b8c-364f-4208-9bfd-90ef89bee491,Star Lamp,2273,nm,absorbance,798.3139312742612
806.089,47.723187,01c12b8c-364f-4208-9bfd-90ef89bee491,Star Lamp,2274,nm,absorbance,798.498552645188
806.274,49.826029,01c12b8c-364f-4208-9bfd-90ef89bee491,Star Lamp,2275,nm,absorbance,798.6821814280992
806.46,45.042553,01c12b8c-364f-4208-9bfd-90ef89bee491,Star Lamp,2276,nm,absorbance,798.866802799026
806.645,44.052038,01c12b8c-364f-4208-9bfd-90ef89bee491,Star Lamp,2277,nm,absorbance,799.0504315819371
806.831,44.68679900000001,01c12b8c-364f-4208-9bfd-90ef89bee491,Star Lamp,2278,nm,absorbance,799.2350529528641
807.016,45.688357,01c12b8c-364f-4208-9bfd-90ef89bee491,Star Lamp,2279,nm,absorbance,799.4186817357751
807.201,48.908688,01c12b8c-364f-4208-9bfd-90ef89bee491,Star Lamp,2280,nm,absorbance,799.6023105186863
807.387,47.883069,01c12b8c-364f-4208-9bfd-90ef89bee491,Star Lamp,2281,nm,absorbance,799.7869318896131
807.572,47.258096,01c12b8c-364f-4208-9bfd-90ef89bee491,Star Lamp,2282,nm,absorbance,799.9705606725242
807.757,44.930317,01c12b8c-364f-4208-9bfd-90ef89bee491,Star Lamp,2283,nm,absorbance,800.1541894554354
807.943,47.22488800000001,01c12b8c-364f-4208-9bfd-90ef89bee491,Star Lamp,2284,nm,absorbance,800.3388108263622
808.128,49.360307000000006,01c12b8c-364f-4208-9bfd-90ef89bee491,Star Lamp,2285,nm,absorbance,800.5224396092734
808.313,47.359604,01c12b8c-364f-4208-9bfd-90ef89bee491,Star Lamp,2286,nm,absorbance,800.7060683921845
808.499,46.93784900000001,01c12b8c-364f-4208-9bfd-90ef89bee491,Star Lamp,2287,nm,absorbance,800.8906897631114
808.684,47.23309400000001,01c12b8c-364f-4208-9bfd-90ef89bee491,Star Lamp,2288,nm,absorbance,801.0743185460225
808.869,47.401005000000005,01c12b8c-364f-4208-9bfd-90ef89bee491,Star Lamp,2289,nm,absorbance,801.2579473289337
809.054,45.312512000000005,01c12b8c-364f-4208-9bfd-90ef89bee491,Star Lamp,2290,nm,absorbance,801.4415761118447
809.24,37.435121,01c12b8c-364f-4208-9bfd-90ef89bee491,Star Lamp,2291,nm,absorbance,801.6261974827717
809.425,41.509837,01c12b8c-364f-4208-9bfd-90ef89bee491,Star Lamp,2292,nm,absorbance,801.8098262656828
809.61,40.149129,01c12b8c-364f-4208-9bfd-90ef89bee491,Star Lamp,2293,nm,absorbance,801.9934550485939
809.795,40.941567,01c12b8c-364f-4208-9bfd-90ef89bee491,Star Lamp,2294,nm,absorbance,802.177083831505
809.98,41.165809,01c12b8c-364f-4208-9bfd-90ef89bee491,Star Lamp,2295,nm,absorbance,802.3607126144161
810.165,35.42539000000001,01c12b8c-364f-4208-9bfd-90ef89bee491,Star Lamp,2296,nm,absorbance,802.5443413973272
810.35,39.415116,01c12b8c-364f-4208-9bfd-90ef89bee491,Star Lamp,2297,nm,absorbance,802.7279701802385
810.536,36.252356,01c12b8c-364f-4208-9bfd-90ef89bee491,Star Lamp,2298,nm,absorbance,802.9125915511652
810.721,38.75813699999999,01c12b8c-364f-4208-9bfd-90ef89bee491,Star Lamp,2299,nm,absorbance,803.0962203340764
810.906,32.627273,01c12b8c-364f-4208-9bfd-90ef89bee491,Star Lamp,2300,nm,absorbance,803.2798491169875
811.091,30.836352,01c12b8c-364f-4208-9bfd-90ef89bee491,Star Lamp,2301,nm,absorbance,803.4634778998986
811.276,34.025684,01c12b8c-364f-4208-9bfd-90ef89bee491,Star Lamp,2302,nm,absorbance,803.6471066828097
811.461,31.69498,01c12b8c-364f-4208-9bfd-90ef89bee491,Star Lamp,2303,nm,absorbance,803.830735465721
811.646,28.999523,01c12b8c-364f-4208-9bfd-90ef89bee491,Star Lamp,2304,nm,absorbance,804.014364248632
811.831,25.049765,01c12b8c-364f-4208-9bfd-90ef89bee491,Star Lamp,2305,nm,absorbance,804.1979930315432
812.016,36.86819,01c12b8c-364f-4208-9bfd-90ef89bee491,Star Lamp,2306,nm,absorbance,804.3816218144543
812.201,38.163167,01c12b8c-364f-4208-9bfd-90ef89bee491,Star Lamp,2307,nm,absorbance,804.5652505973654
812.386,40.109183,01c12b8c-364f-4208-9bfd-90ef89bee491,Star Lamp,2308,nm,absorbance,804.7488793802765
812.571,38.891308,01c12b8c-364f-4208-9bfd-90ef89bee491,Star Lamp,2309,nm,absorbance,804.9325081631878
812.756,52.672613,01c12b8c-364f-4208-9bfd-90ef89bee491,Star Lamp,2310,nm,absorbance,805.1161369460988
812.941,61.807452,01c12b8c-364f-4208-9bfd-90ef89bee491,Star Lamp,2311,nm,absorbance,805.29976572901
813.125,71.248947,01c12b8c-364f-4208-9bfd-90ef89bee491,Star Lamp,2312,nm,absorbance,805.4824019239054
813.31,75.717656,01c12b8c-364f-4208-9bfd-90ef89bee491,Star Lamp,2313,nm,absorbance,805.6660307068164
813.495,84.995288,01c12b8c-364f-4208-9bfd-90ef89bee491,Star Lamp,2314,nm,absorbance,805.8496594897276
813.68,94.249557,01c12b8c-364f-4208-9bfd-90ef89bee491,Star Lamp,2315,nm,absorbance,806.0332882726386
813.865,98.941305,01c12b8c-364f-4208-9bfd-90ef89bee491,Star Lamp,2316,nm,absorbance,806.2169170555499
814.05,105.485531,01c12b8c-364f-4208-9bfd-90ef89bee491,Star Lamp,2317,nm,absorbance,806.400545838461
814.234,108.417498,01c12b8c-364f-4208-9bfd-90ef89bee491,Star Lamp,2318,nm,absorbance,806.5831820333564
814.419,113.017112,01c12b8c-364f-4208-9bfd-90ef89bee491,Star Lamp,2319,nm,absorbance,806.7668108162675
814.604,118.66771199999998,01c12b8c-364f-4208-9bfd-90ef89bee491,Star Lamp,2320,nm,absorbance,806.9504395991787
814.789,124.279874,01c12b8c-364f-4208-9bfd-90ef89bee491,Star Lamp,2321,nm,absorbance,807.1340683820897
814.973,132.73232000000002,01c12b8c-364f-4208-9bfd-90ef89bee491,Star Lamp,2322,nm,absorbance,807.3167045769851
815.158,138.102585,01c12b8c-364f-4208-9bfd-90ef89bee491,Star Lamp,2323,nm,absorbance,807.5003333598963
815.343,143.25307099999998,01c12b8c-364f-4208-9bfd-90ef89bee491,Star Lamp,2324,nm,absorbance,807.6839621428073
815.528,148.375856,01c12b8c-364f-4208-9bfd-90ef89bee491,Star Lamp,2325,nm,absorbance,807.8675909257186
815.712,145.99927,01c12b8c-364f-4208-9bfd-90ef89bee491,Star Lamp,2326,nm,absorbance,808.050227120614
815.897,144.797005,01c12b8c-364f-4208-9bfd-90ef89bee491,Star Lamp,2327,nm,absorbance,808.2338559035251
816.081,143.462379,01c12b8c-364f-4208-9bfd-90ef89bee491,Star Lamp,2328,nm,absorbance,808.4164920984205
816.266,145.605756,01c12b8c-364f-4208-9bfd-90ef89bee491,Star Lamp,2329,nm,absorbance,808.6001208813316
816.451,148.590149,01c12b8c-364f-4208-9bfd-90ef89bee491,Star Lamp,2330,nm,absorbance,808.7837496642428
816.635,148.548792,01c12b8c-364f-4208-9bfd-90ef89bee491,Star Lamp,2331,nm,absorbance,808.9663858591381
816.82,151.02866699999998,01c12b8c-364f-4208-9bfd-90ef89bee491,Star Lamp,2332,nm,absorbance,809.1500146420493
817.004,150.789837,01c12b8c-364f-4208-9bfd-90ef89bee491,Star Lamp,2333,nm,absorbance,809.3326508369447
817.189,151.820494,01c12b8c-364f-4208-9bfd-90ef89bee491,Star Lamp,2334,nm,absorbance,809.5162796198557
817.374,152.57101500000005,01c12b8c-364f-4208-9bfd-90ef89bee491,Star Lamp,2335,nm,absorbance,809.6999084027669
817.558,149.651578,01c12b8c-364f-4208-9bfd-90ef89bee491,Star Lamp,2336,nm,absorbance,809.8825445976623
817.743,147.985031,01c12b8c-364f-4208-9bfd-90ef89bee491,Star Lamp,2337,nm,absorbance,810.0661733805734
817.927,142.98172499999998,01c12b8c-364f-4208-9bfd-90ef89bee491,Star Lamp,2338,nm,absorbance,810.2488095754688
818.111,145.651721,01c12b8c-364f-4208-9bfd-90ef89bee491,Star Lamp,2339,nm,absorbance,810.4314457703642
818.296,147.886329,01c12b8c-364f-4208-9bfd-90ef89bee491,Star Lamp,2340,nm,absorbance,810.6150745532753
818.48,149.74308200000002,01c12b8c-364f-4208-9bfd-90ef89bee491,Star Lamp,2341,nm,absorbance,810.7977107481707
818.665,147.734354,01c12b8c-364f-4208-9bfd-90ef89bee491,Star Lamp,2342,nm,absorbance,810.9813395310819
818.849,140.38633400000003,01c12b8c-364f-4208-9bfd-90ef89bee491,Star Lamp,2343,nm,absorbance,811.1639757259773
819.034,136.688221,01c12b8c-364f-4208-9bfd-90ef89bee491,Star Lamp,2344,nm,absorbance,811.3476045088884
819.218,133.848199,01c12b8c-364f-4208-9bfd-90ef89bee491,Star Lamp,2345,nm,absorbance,811.5302407037838
819.402,135.99865100000002,01c12b8c-364f-4208-9bfd-90ef89bee491,Star Lamp,2346,nm,absorbance,811.7128768986793
819.587,132.83532699999998,01c12b8c-364f-4208-9bfd-90ef89bee491,Star Lamp,2347,nm,absorbance,811.8965056815903
819.771,126.80405,01c12b8c-364f-4208-9bfd-90ef89bee491,Star Lamp,2348,nm,absorbance,812.0791418764857
819.955,123.001143,01c12b8c-364f-4208-9bfd-90ef89bee491,Star Lamp,2349,nm,absorbance,812.2617780713812
820.14,126.81372,01c12b8c-364f-4208-9bfd-90ef89bee491,Star Lamp,2350,nm,absorbance,812.4454068542922
820.324,131.705256,01c12b8c-364f-4208-9bfd-90ef89bee491,Star Lamp,2351,nm,absorbance,812.6280430491876
820.508,130.57293800000002,01c12b8c-364f-4208-9bfd-90ef89bee491,Star Lamp,2352,nm,absorbance,812.8106792440831
820.692,125.26314499999998,01c12b8c-364f-4208-9bfd-90ef89bee491,Star Lamp,2353,nm,absorbance,812.9933154389784
820.877,115.314764,01c12b8c-364f-4208-9bfd-90ef89bee491,Star Lamp,2354,nm,absorbance,813.1769442218895
821.061,108.152785,01c12b8c-364f-4208-9bfd-90ef89bee491,Star Lamp,2355,nm,absorbance,813.359580416785
821.245,103.274784,01c12b8c-364f-4208-9bfd-90ef89bee491,Star Lamp,2356,nm,absorbance,813.5422166116803
821.429,96.902409,01c12b8c-364f-4208-9bfd-90ef89bee491,Star Lamp,2357,nm,absorbance,813.7248528065757
821.613,89.92341200000001,01c12b8c-364f-4208-9bfd-90ef89bee491,Star Lamp,2358,nm,absorbance,813.9074890014712
821.798,80.193634,01c12b8c-364f-4208-9bfd-90ef89bee491,Star Lamp,2359,nm,absorbance,814.0911177843823
821.982,75.552648,01c12b8c-364f-4208-9bfd-90ef89bee491,Star Lamp,2360,nm,absorbance,814.2737539792776
822.166,69.688339,01c12b8c-364f-4208-9bfd-90ef89bee491,Star Lamp,2361,nm,absorbance,814.4563901741731
822.35,61.500101,01c12b8c-364f-4208-9bfd-90ef89bee491,Star Lamp,2362,nm,absorbance,814.6390263690685
822.534,55.809849,01c12b8c-364f-4208-9bfd-90ef89bee491,Star Lamp,2363,nm,absorbance,814.8216625639637
822.718,53.86694900000001,01c12b8c-364f-4208-9bfd-90ef89bee491,Star Lamp,2364,nm,absorbance,815.0042987588591
822.902,48.703066,01c12b8c-364f-4208-9bfd-90ef89bee491,Star Lamp,2365,nm,absorbance,815.1869349537546
823.086,44.699076,01c12b8c-364f-4208-9bfd-90ef89bee491,Star Lamp,2366,nm,absorbance,815.36957114865
823.27,39.368391,01c12b8c-364f-4208-9bfd-90ef89bee491,Star Lamp,2367,nm,absorbance,815.5522073435453
823.454,37.883211,01c12b8c-364f-4208-9bfd-90ef89bee491,Star Lamp,2368,nm,absorbance,815.7348435384407
823.638,33.29068099999999,01c12b8c-364f-4208-9bfd-90ef89bee491,Star Lamp,2369,nm,absorbance,815.9174797333362
823.822,26.604344000000005,01c12b8c-364f-4208-9bfd-90ef89bee491,Star Lamp,2370,nm,absorbance,816.1001159282315
824.006,28.879833,01c12b8c-364f-4208-9bfd-90ef89bee491,Star Lamp,2371,nm,absorbance,816.2827521231269
824.19,29.311378,01c12b8c-364f-4208-9bfd-90ef89bee491,Star Lamp,2372,nm,absorbance,816.4653883180224
824.374,30.988422999999997,01c12b8c-364f-4208-9bfd-90ef89bee491,Star Lamp,2373,nm,absorbance,816.6480245129178
824.558,25.546718,01c12b8c-364f-4208-9bfd-90ef89bee491,Star Lamp,2374,nm,absorbance,816.8306607078131
824.742,19.028604,01c12b8c-364f-4208-9bfd-90ef89bee491,Star Lamp,2375,nm,absorbance,817.0132969027085
824.926,18.671322,01c12b8c-364f-4208-9bfd-90ef89bee491,Star Lamp,2376,nm,absorbance,817.195933097604
825.11,17.215309,01c12b8c-364f-4208-9bfd-90ef89bee491,Star Lamp,2377,nm,absorbance,817.3785692924993
825.294,20.123801,01c12b8c-364f-4208-9bfd-90ef89bee491,Star Lamp,2378,nm,absorbance,817.5612054873947
825.477,15.051293,01c12b8c-364f-4208-9bfd-90ef89bee491,Star Lamp,2379,nm,absorbance,817.7428490942743
825.661,14.536181,01c12b8c-364f-4208-9bfd-90ef89bee491,Star Lamp,2380,nm,absorbance,817.9254852891697
825.845,14.449062,01c12b8c-364f-4208-9bfd-90ef89bee491,Star Lamp,2381,nm,absorbance,818.1081214840651
826.029,14.673829,01c12b8c-364f-4208-9bfd-90ef89bee491,Star Lamp,2382,nm,absorbance,818.2907576789605
826.213,14.90534,01c12b8c-364f-4208-9bfd-90ef89bee491,Star Lamp,2383,nm,absorbance,818.4733938738559
826.396,15.814372,01c12b8c-364f-4208-9bfd-90ef89bee491,Star Lamp,2384,nm,absorbance,818.6550374807356
826.58,13.191197000000004,01c12b8c-364f-4208-9bfd-90ef89bee491,Star Lamp,2385,nm,absorbance,818.837673675631
826.764,10.190787,01c12b8c-364f-4208-9bfd-90ef89bee491,Star Lamp,2386,nm,absorbance,819.0203098705264
826.948,6.614045,01c12b8c-364f-4208-9bfd-90ef89bee491,Star Lamp,2387,nm,absorbance,819.2029460654218
827.131,11.27526,01c12b8c-364f-4208-9bfd-90ef89bee491,Star Lamp,2388,nm,absorbance,819.3845896723014
827.315,9.635909,01c12b8c-364f-4208-9bfd-90ef89bee491,Star Lamp,2389,nm,absorbance,819.5672258671968
827.499,12.266853,01c12b8c-364f-4208-9bfd-90ef89bee491,Star Lamp,2390,nm,absorbance,819.7498620620922
827.682,12.163168,01c12b8c-364f-4208-9bfd-90ef89bee491,Star Lamp,2391,nm,absorbance,819.9315056689719
827.866,17.185348,01c12b8c-364f-4208-9bfd-90ef89bee491,Star Lamp,2392,nm,absorbance,820.1141418638673
828.05,18.070852,01c12b8c-364f-4208-9bfd-90ef89bee491,Star Lamp,2393,nm,absorbance,820.2967780587626
828.233,16.906101,01c12b8c-364f-4208-9bfd-90ef89bee491,Star Lamp,2394,nm,absorbance,820.4784216656423
828.417,17.943064,01c12b8c-364f-4208-9bfd-90ef89bee491,Star Lamp,2395,nm,absorbance,820.6610578605378
828.6,17.884847,01c12b8c-364f-4208-9bfd-90ef89bee491,Star Lamp,2396,nm,absorbance,820.8427014674174
828.784,18.801187,01c12b8c-364f-4208-9bfd-90ef89bee491,Star Lamp,2397,nm,absorbance,821.0253376623127
828.967,15.840636,01c12b8c-364f-4208-9bfd-90ef89bee491,Star Lamp,2398,nm,absorbance,821.2069812691924
829.151,19.210989,01c12b8c-364f-4208-9bfd-90ef89bee491,Star Lamp,2399,nm,absorbance,821.3896174640878
829.335,20.338308,01c12b8c-364f-4208-9bfd-90ef89bee491,Star Lamp,2400,nm,absorbance,821.5722536589832
829.518,21.070828,01c12b8c-364f-4208-9bfd-90ef89bee491,Star Lamp,2401,nm,absorbance,821.7538972658629
829.701,20.60824,01c12b8c-364f-4208-9bfd-90ef89bee491,Star Lamp,2402,nm,absorbance,821.9355408727425
829.885,23.809565,01c12b8c-364f-4208-9bfd-90ef89bee491,Star Lamp,2403,nm,absorbance,822.1181770676379
830.068,26.860935,01c12b8c-364f-4208-9bfd-90ef89bee491,Star Lamp,2404,nm,absorbance,822.2998206745176
830.252,22.610228,01c12b8c-364f-4208-9bfd-90ef89bee491,Star Lamp,2405,nm,absorbance,822.4824568694129
830.435,20.886377,01c12b8c-364f-4208-9bfd-90ef89bee491,Star Lamp,2406,nm,absorbance,822.6641004762926
830.619,17.398673,01c12b8c-364f-4208-9bfd-90ef89bee491,Star Lamp,2407,nm,absorbance,822.8467366711881
830.802,22.959523,01c12b8c-364f-4208-9bfd-90ef89bee491,Star Lamp,2408,nm,absorbance,823.0283802780677
830.985,19.273954,01c12b8c-364f-4208-9bfd-90ef89bee491,Star Lamp,2409,nm,absorbance,823.2100238849473
831.169,17.654142999999998,01c12b8c-364f-4208-9bfd-90ef89bee491,Star Lamp,2410,nm,absorbance,823.3926600798427
831.352,15.004044,01c12b8c-364f-4208-9bfd-90ef89bee491,Star Lamp,2411,nm,absorbance,823.5743036867224
831.535,16.639938000000004,01c12b8c-364f-4208-9bfd-90ef89bee491,Star Lamp,2412,nm,absorbance,823.755947293602
831.719,21.519809,01c12b8c-364f-4208-9bfd-90ef89bee491,Star Lamp,2413,nm,absorbance,823.9385834884974
831.902,22.026907,01c12b8c-364f-4208-9bfd-90ef89bee491,Star Lamp,2414,nm,absorbance,824.1202270953771
832.085,23.013042,01c12b8c-364f-4208-9bfd-90ef89bee491,Star Lamp,2415,nm,absorbance,824.3018707022568
832.269,20.024401000000005,01c12b8c-364f-4208-9bfd-90ef89bee491,Star Lamp,2416,nm,absorbance,824.4845068971522
832.452,17.19362,01c12b8c-364f-4208-9bfd-90ef89bee491,Star Lamp,2417,nm,absorbance,824.6661505040317
832.635,18.193711,01c12b8c-364f-4208-9bfd-90ef89bee491,Star Lamp,2418,nm,absorbance,824.8477941109114
832.818,23.355301,01c12b8c-364f-4208-9bfd-90ef89bee491,Star Lamp,2419,nm,absorbance,825.0294377177911
833.002,26.94713,01c12b8c-364f-4208-9bfd-90ef89bee491,Star Lamp,2420,nm,absorbance,825.2120739126865
833.185,25.18219,01c12b8c-364f-4208-9bfd-90ef89bee491,Star Lamp,2421,nm,absorbance,825.393717519566
833.368,25.342119,01c12b8c-364f-4208-9bfd-90ef89bee491,Star Lamp,2422,nm,absorbance,825.5753611264458
833.551,22.384101,01c12b8c-364f-4208-9bfd-90ef89bee491,Star Lamp,2423,nm,absorbance,825.7570047333255
833.734,20.196146,01c12b8c-364f-4208-9bfd-90ef89bee491,Star Lamp,2424,nm,absorbance,825.9386483402052
833.917,11.370672,01c12b8c-364f-4208-9bfd-90ef89bee491,Star Lamp,2425,nm,absorbance,826.1202919470849
834.1,14.623486,01c12b8c-364f-4208-9bfd-90ef89bee491,Star Lamp,2426,nm,absorbance,826.3019355539644
834.284,20.976601,01c12b8c-364f-4208-9bfd-90ef89bee491,Star Lamp,2427,nm,absorbance,826.4845717488598
834.467,24.182803000000003,01c12b8c-364f-4208-9bfd-90ef89bee491,Star Lamp,2428,nm,absorbance,826.6662153557395
834.65,20.527897,01c12b8c-364f-4208-9bfd-90ef89bee491,Star Lamp,2429,nm,absorbance,826.8478589626192
834.833,19.850069,01c12b8c-364f-4208-9bfd-90ef89bee491,Star Lamp,2430,nm,absorbance,827.0295025694987
835.016,23.80632,01c12b8c-364f-4208-9bfd-90ef89bee491,Star Lamp,2431,nm,absorbance,827.2111461763784
835.199,24.59463,01c12b8c-364f-4208-9bfd-90ef89bee491,Star Lamp,2432,nm,absorbance,827.3927897832581
835.382,25.398760000000003,01c12b8c-364f-4208-9bfd-90ef89bee491,Star Lamp,2433,nm,absorbance,827.5744333901378
835.565,24.647211,01c12b8c-364f-4208-9bfd-90ef89bee491,Star Lamp,2434,nm,absorbance,827.7560769970175
835.748,24.262249,01c12b8c-364f-4208-9bfd-90ef89bee491,Star Lamp,2435,nm,absorbance,827.9377206038971
835.931,21.732581000000003,01c12b8c-364f-4208-9bfd-90ef89bee491,Star Lamp,2436,nm,absorbance,828.1193642107768
836.114,24.03063,01c12b8c-364f-4208-9bfd-90ef89bee491,Star Lamp,2437,nm,absorbance,828.3010078176565
836.297,21.947972000000004,01c12b8c-364f-4208-9bfd-90ef89bee491,Star Lamp,2438,nm,absorbance,828.4826514245361
836.479,17.328358,01c12b8c-364f-4208-9bfd-90ef89bee491,Star Lamp,2439,nm,absorbance,828.6633024434001
836.662,18.859015000000003,01c12b8c-364f-4208-9bfd-90ef89bee491,Star Lamp,2440,nm,absorbance,828.8449460502796
836.845,19.745498000000005,01c12b8c-364f-4208-9bfd-90ef89bee491,Star Lamp,2441,nm,absorbance,829.0265896571593
837.028,25.183702,01c12b8c-364f-4208-9bfd-90ef89bee491,Star Lamp,2442,nm,absorbance,829.208233264039
837.211,18.642305,01c12b8c-364f-4208-9bfd-90ef89bee491,Star Lamp,2443,nm,absorbance,829.3898768709187
837.394,18.592422,01c12b8c-364f-4208-9bfd-90ef89bee491,Star Lamp,2444,nm,absorbance,829.5715204777982
837.577,15.867399999999998,01c12b8c-364f-4208-9bfd-90ef89bee491,Star Lamp,2445,nm,absorbance,829.7531640846779
837.759,17.451978,01c12b8c-364f-4208-9bfd-90ef89bee491,Star Lamp,2446,nm,absorbance,829.9338151035419
837.942,18.511399,01c12b8c-364f-4208-9bfd-90ef89bee491,Star Lamp,2447,nm,absorbance,830.1154587104215
838.125,18.091268000000003,01c12b8c-364f-4208-9bfd-90ef89bee491,Star Lamp,2448,nm,absorbance,830.2971023173012
838.308,17.544467,01c12b8c-364f-4208-9bfd-90ef89bee491,Star Lamp,2449,nm,absorbance,830.4787459241808
838.49,38.502225,01c12b8c-364f-4208-9bfd-90ef89bee491,Star Lamp,2450,nm,absorbance,830.6593969430447
838.673,39.34550699999999,01c12b8c-364f-4208-9bfd-90ef89bee491,Star Lamp,2451,nm,absorbance,830.8410405499244
838.856,42.37146800000001,01c12b8c-364f-4208-9bfd-90ef89bee491,Star Lamp,2452,nm,absorbance,831.0226841568041
839.039,20.020929,01c12b8c-364f-4208-9bfd-90ef89bee491,Star Lamp,2453,nm,absorbance,831.2043277636838
839.221,14.829758000000002,01c12b8c-364f-4208-9bfd-90ef89bee491,Star Lamp,2454,nm,absorbance,831.3849787825477
839.404,11.395219,01c12b8c-364f-4208-9bfd-90ef89bee491,Star Lamp,2455,nm,absorbance,831.5666223894273
839.587,10.711457,01c12b8c-364f-4208-9bfd-90ef89bee491,Star Lamp,2456,nm,absorbance,831.7482659963069
839.769,13.318504999999998,01c12b8c-364f-4208-9bfd-90ef89bee491,Star Lamp,2457,nm,absorbance,831.9289170151709
839.952,9.868381,01c12b8c-364f-4208-9bfd-90ef89bee491,Star Lamp,2458,nm,absorbance,832.1105606220506
840.134,15.378559,01c12b8c-364f-4208-9bfd-90ef89bee491,Star Lamp,2459,nm,absorbance,832.2912116409145
840.317,13.997042000000002,01c12b8c-364f-4208-9bfd-90ef89bee491,Star Lamp,2460,nm,absorbance,832.4728552477941
840.499,14.543311000000005,01c12b8c-364f-4208-9bfd-90ef89bee491,Star Lamp,2461,nm,absorbance,832.653506266658
840.682,8.961172999999999,01c12b8c-364f-4208-9bfd-90ef89bee491,Star Lamp,2462,nm,absorbance,832.8351498735377
840.865,8.5438,01c12b8c-364f-4208-9bfd-90ef89bee491,Star Lamp,2463,nm,absorbance,833.0167934804174
841.047,10.191118,01c12b8c-364f-4208-9bfd-90ef89bee491,Star Lamp,2464,nm,absorbance,833.1974444992813
841.23,10.66251,01c12b8c-364f-4208-9bfd-90ef89bee491,Star Lamp,2465,nm,absorbance,833.3790881061609
841.412,10.042915,01c12b8c-364f-4208-9bfd-90ef89bee491,Star Lamp,2466,nm,absorbance,833.5597391250249
841.595,6.773786000000001,01c12b8c-364f-4208-9bfd-90ef89bee491,Star Lamp,2467,nm,absorbance,833.7413827319045
841.777,3.2573860000000003,01c12b8c-364f-4208-9bfd-90ef89bee491,Star Lamp,2468,nm,absorbance,833.9220337507685
841.959,7.814494000000001,01c12b8c-364f-4208-9bfd-90ef89bee491,Star Lamp,2469,nm,absorbance,834.1026847696323
842.142,10.316161,01c12b8c-364f-4208-9bfd-90ef89bee491,Star Lamp,2470,nm,absorbance,834.2843283765121
842.324,13.583577,01c12b8c-364f-4208-9bfd-90ef89bee491,Star Lamp,2471,nm,absorbance,834.4649793953758
842.507,12.051329,01c12b8c-364f-4208-9bfd-90ef89bee491,Star Lamp,2472,nm,absorbance,834.6466230022555
842.689,10.853232,01c12b8c-364f-4208-9bfd-90ef89bee491,Star Lamp,2473,nm,absorbance,834.8272740211195
842.871,10.547102000000002,01c12b8c-364f-4208-9bfd-90ef89bee491,Star Lamp,2474,nm,absorbance,835.0079250399834
843.054,10.151225,01c12b8c-364f-4208-9bfd-90ef89bee491,Star Lamp,2475,nm,absorbance,835.1895686468631
843.236,14.077885,01c12b8c-364f-4208-9bfd-90ef89bee491,Star Lamp,2476,nm,absorbance,835.3702196657271
843.418,16.915213,01c12b8c-364f-4208-9bfd-90ef89bee491,Star Lamp,2477,nm,absorbance,835.5508706845909
843.601,17.712141000000003,01c12b8c-364f-4208-9bfd-90ef89bee491,Star Lamp,2478,nm,absorbance,835.7325142914706
843.783,14.904365000000002,01c12b8c-364f-4208-9bfd-90ef89bee491,Star Lamp,2479,nm,absorbance,835.9131653103345
843.965,17.357979999999998,01c12b8c-364f-4208-9bfd-90ef89bee491,Star Lamp,2480,nm,absorbance,836.0938163291985
844.147,24.123765,01c12b8c-364f-4208-9bfd-90ef89bee491,Star Lamp,2481,nm,absorbance,836.2744673480624
844.33,29.447066,01c12b8c-364f-4208-9bfd-90ef89bee491,Star Lamp,2482,nm,absorbance,836.456110954942
844.512,30.930895,01c12b8c-364f-4208-9bfd-90ef89bee491,Star Lamp,2483,nm,absorbance,836.6367619738058
844.694,31.362146,01c12b8c-364f-4208-9bfd-90ef89bee491,Star Lamp,2484,nm,absorbance,836.8174129926698
844.876,33.364236,01c12b8c-364f-4208-9bfd-90ef89bee491,Star Lamp,2485,nm,absorbance,836.9980640115338
845.059,40.620012,01c12b8c-364f-4208-9bfd-90ef89bee491,Star Lamp,2486,nm,absorbance,837.1797076184134
845.241,36.560176,01c12b8c-364f-4208-9bfd-90ef89bee491,Star Lamp,2487,nm,absorbance,837.3603586372774
845.423,35.390951,01c12b8c-364f-4208-9bfd-90ef89bee491,Star Lamp,2488,nm,absorbance,837.5410096561413
845.605,23.370859,01c12b8c-364f-4208-9bfd-90ef89bee491,Star Lamp,2489,nm,absorbance,837.7216606750052
845.787,32.136799,01c12b8c-364f-4208-9bfd-90ef89bee491,Star Lamp,2490,nm,absorbance,837.9023116938691
845.969,35.200148,01c12b8c-364f-4208-9bfd-90ef89bee491,Star Lamp,2491,nm,absorbance,838.0829627127331
846.151,43.075308,01c12b8c-364f-4208-9bfd-90ef89bee491,Star Lamp,2492,nm,absorbance,838.2636137315969
846.333,44.840911000000006,01c12b8c-364f-4208-9bfd-90ef89bee491,Star Lamp,2493,nm,absorbance,838.4442647504609
846.515,46.88991299999999,01c12b8c-364f-4208-9bfd-90ef89bee491,Star Lamp,2494,nm,absorbance,838.6249157693248
846.697,50.04567099999999,01c12b8c-364f-4208-9bfd-90ef89bee491,Star Lamp,2495,nm,absorbance,838.8055667881887
846.879,48.082014,01c12b8c-364f-4208-9bfd-90ef89bee491,Star Lamp,2496,nm,absorbance,838.9862178070526
847.061,52.181504,01c12b8c-364f-4208-9bfd-90ef89bee491,Star Lamp,2497,nm,absorbance,839.1668688259166
847.243,56.564108,01c12b8c-364f-4208-9bfd-90ef89bee491,Star Lamp,2498,nm,absorbance,839.3475198447805
847.425,57.817471,01c12b8c-364f-4208-9bfd-90ef89bee491,Star Lamp,2499,nm,absorbance,839.5281708636444
847.607,55.82705,01c12b8c-364f-4208-9bfd-90ef89bee491,Star Lamp,2500,nm,absorbance,839.7088218825083
847.789,53.98027499999999,01c12b8c-364f-4208-9bfd-90ef89bee491,Star Lamp,2501,nm,absorbance,839.8894729013723
847.971,55.419232,01c12b8c-364f-4208-9bfd-90ef89bee491,Star Lamp,2502,nm,absorbance,840.0701239202361
848.153,60.18275299999999,01c12b8c-364f-4208-9bfd-90ef89bee491,Star Lamp,2503,nm,absorbance,840.2507749391001
848.335,61.593303000000006,01c12b8c-364f-4208-9bfd-90ef89bee491,Star Lamp,2504,nm,absorbance,840.431425957964
848.517,60.117571,01c12b8c-364f-4208-9bfd-90ef89bee491,Star Lamp,2505,nm,absorbance,840.612076976828
848.699,61.677823,01c12b8c-364f-4208-9bfd-90ef89bee491,Star Lamp,2506,nm,absorbance,840.7927279956918
848.881,64.69843599999999,01c12b8c-364f-4208-9bfd-90ef89bee491,Star Lamp,2507,nm,absorbance,840.9733790145558
849.062,65.735138,01c12b8c-364f-4208-9bfd-90ef89bee491,Star Lamp,2508,nm,absorbance,841.153037445404
849.244,59.632663,01c12b8c-364f-4208-9bfd-90ef89bee491,Star Lamp,2509,nm,absorbance,841.3336884642679
849.426,53.136722,01c12b8c-364f-4208-9bfd-90ef89bee491,Star Lamp,2510,nm,absorbance,841.5143394831318
849.608,56.882022000000006,01c12b8c-364f-4208-9bfd-90ef89bee491,Star Lamp,2511,nm,absorbance,841.6949905019957
849.789,59.111238,01c12b8c-364f-4208-9bfd-90ef89bee491,Star Lamp,2512,nm,absorbance,841.8746489328439
849.971,61.19786899999999,01c12b8c-364f-4208-9bfd-90ef89bee491,Star Lamp,2513,nm,absorbance,842.0552999517079
850.153,56.237037,01c12b8c-364f-4208-9bfd-90ef89bee491,Star Lamp,2514,nm,absorbance,842.2359509705718
850.335,55.31577299999999,01c12b8c-364f-4208-9bfd-90ef89bee491,Star Lamp,2515,nm,absorbance,842.4166019894358
850.516,55.4112,01c12b8c-364f-4208-9bfd-90ef89bee491,Star Lamp,2516,nm,absorbance,842.5962604202839
850.698,56.987001,01c12b8c-364f-4208-9bfd-90ef89bee491,Star Lamp,2517,nm,absorbance,842.7769114391477
850.88,55.412696,01c12b8c-364f-4208-9bfd-90ef89bee491,Star Lamp,2518,nm,absorbance,842.9575624580117
851.061,56.275345,01c12b8c-364f-4208-9bfd-90ef89bee491,Star Lamp,2519,nm,absorbance,843.1372208888599
851.243,54.226224,01c12b8c-364f-4208-9bfd-90ef89bee491,Star Lamp,2520,nm,absorbance,843.3178719077239
851.425,54.17372,01c12b8c-364f-4208-9bfd-90ef89bee491,Star Lamp,2521,nm,absorbance,843.4985229265877
851.606,55.623641000000006,01c12b8c-364f-4208-9bfd-90ef89bee491,Star Lamp,2522,nm,absorbance,843.678181357436
851.788,56.097323,01c12b8c-364f-4208-9bfd-90ef89bee491,Star Lamp,2523,nm,absorbance,843.8588323762999
851.969,57.394333,01c12b8c-364f-4208-9bfd-90ef89bee491,Star Lamp,2524,nm,absorbance,844.0384908071482
852.151,51.012099000000006,01c12b8c-364f-4208-9bfd-90ef89bee491,Star Lamp,2525,nm,absorbance,844.2191418260119
852.333,46.572088,01c12b8c-364f-4208-9bfd-90ef89bee491,Star Lamp,2526,nm,absorbance,844.3997928448758
852.514,42.61340700000001,01c12b8c-364f-4208-9bfd-90ef89bee491,Star Lamp,2527,nm,absorbance,844.5794512757241
852.696,40.967083,01c12b8c-364f-4208-9bfd-90ef89bee491,Star Lamp,2528,nm,absorbance,844.760102294588
852.877,39.558573,01c12b8c-364f-4208-9bfd-90ef89bee491,Star Lamp,2529,nm,absorbance,844.9397607254361
853.059,42.205661,01c12b8c-364f-4208-9bfd-90ef89bee491,Star Lamp,2530,nm,absorbance,845.1204117443001
853.24,36.657685,01c12b8c-364f-4208-9bfd-90ef89bee491,Star Lamp,2531,nm,absorbance,845.3000701751483
853.422,37.38765,01c12b8c-364f-4208-9bfd-90ef89bee491,Star Lamp,2532,nm,absorbance,845.4807211940123
853.603,33.569305,01c12b8c-364f-4208-9bfd-90ef89bee491,Star Lamp,2533,nm,absorbance,845.6603796248604
853.784,39.079618,01c12b8c-364f-4208-9bfd-90ef89bee491,Star Lamp,2534,nm,absorbance,845.8400380557085
853.966,38.556697,01c12b8c-364f-4208-9bfd-90ef89bee491,Star Lamp,2535,nm,absorbance,846.0206890745725
854.147,37.790648,01c12b8c-364f-4208-9bfd-90ef89bee491,Star Lamp,2536,nm,absorbance,846.2003475054207
854.329,35.135102,01c12b8c-364f-4208-9bfd-90ef89bee491,Star Lamp,2537,nm,absorbance,846.3809985242846
854.51,37.331359,01c12b8c-364f-4208-9bfd-90ef89bee491,Star Lamp,2538,nm,absorbance,846.5606569551328
854.691,32.628239,01c12b8c-364f-4208-9bfd-90ef89bee491,Star Lamp,2539,nm,absorbance,846.740315385981
854.873,29.629378000000003,01c12b8c-364f-4208-9bfd-90ef89bee491,Star Lamp,2540,nm,absorbance,846.920966404845
855.054,30.491056000000004,01c12b8c-364f-4208-9bfd-90ef89bee491,Star Lamp,2541,nm,absorbance,847.1006248356931
855.235,35.043024,01c12b8c-364f-4208-9bfd-90ef89bee491,Star Lamp,2542,nm,absorbance,847.2802832665413
855.416,35.845624,01c12b8c-364f-4208-9bfd-90ef89bee491,Star Lamp,2543,nm,absorbance,847.4599416973895
855.598,25.880028000000003,01c12b8c-364f-4208-9bfd-90ef89bee491,Star Lamp,2544,nm,absorbance,847.6405927162533
855.779,17.061602999999998,01c12b8c-364f-4208-9bfd-90ef89bee491,Star Lamp,2545,nm,absorbance,847.8202511471015
855.96,13.241411,01c12b8c-364f-4208-9bfd-90ef89bee491,Star Lamp,2546,nm,absorbance,847.9999095779498
856.141,19.861634,01c12b8c-364f-4208-9bfd-90ef89bee491,Star Lamp,2547,nm,absorbance,848.1795680087979
856.323,21.496847,01c12b8c-364f-4208-9bfd-90ef89bee491,Star Lamp,2548,nm,absorbance,848.3602190276619
856.504,25.081788,01c12b8c-364f-4208-9bfd-90ef89bee491,Star Lamp,2549,nm,absorbance,848.5398774585101
856.685,19.348189,01c12b8c-364f-4208-9bfd-90ef89bee491,Star Lamp,2550,nm,absorbance,848.7195358893582
856.866,17.70281,01c12b8c-364f-4208-9bfd-90ef89bee491,Star Lamp,2551,nm,absorbance,848.8991943202064
857.047,14.826427999999998,01c12b8c-364f-4208-9bfd-90ef89bee491,Star Lamp,2552,nm,absorbance,849.0788527510547
857.228,11.144010999999995,01c12b8c-364f-4208-9bfd-90ef89bee491,Star Lamp,2553,nm,absorbance,849.2585111819028
857.409,14.315155999999998,01c12b8c-364f-4208-9bfd-90ef89bee491,Star Lamp,2554,nm,absorbance,849.4381696127509
857.591,17.386901,01c12b8c-364f-4208-9bfd-90ef89bee491,Star Lamp,2555,nm,absorbance,849.6188206316149
857.772,22.631246000000004,01c12b8c-364f-4208-9bfd-90ef89bee491,Star Lamp,2556,nm,absorbance,849.7984790624631
857.953,21.585464,01c12b8c-364f-4208-9bfd-90ef89bee491,Star Lamp,2557,nm,absorbance,849.9781374933112
858.134,20.09207,01c12b8c-364f-4208-9bfd-90ef89bee491,Star Lamp,2558,nm,absorbance,850.1577959241595
858.315,14.205495000000004,01c12b8c-364f-4208-9bfd-90ef89bee491,Star Lamp,2559,nm,absorbance,850.3374543550077
858.496,19.222959,01c12b8c-364f-4208-9bfd-90ef89bee491,Star Lamp,2560,nm,absorbance,850.5171127858558
858.677,18.489542,01c12b8c-364f-4208-9bfd-90ef89bee491,Star Lamp,2561,nm,absorbance,850.6967712167041
858.858,21.127413,01c12b8c-364f-4208-9bfd-90ef89bee491,Star Lamp,2562,nm,absorbance,850.8764296475522
859.039,15.171245999999996,01c12b8c-364f-4208-9bfd-90ef89bee491,Star Lamp,2563,nm,absorbance,851.0560880784004
859.22,19.386162,01c12b8c-364f-4208-9bfd-90ef89bee491,Star Lamp,2564,nm,absorbance,851.2357465092487
859.401,21.882068999999998,01c12b8c-364f-4208-9bfd-90ef89bee491,Star Lamp,2565,nm,absorbance,851.4154049400967
859.582,22.871019,01c12b8c-364f-4208-9bfd-90ef89bee491,Star Lamp,2566,nm,absorbance,851.5950633709449
859.762,19.139334,01c12b8c-364f-4208-9bfd-90ef89bee491,Star Lamp,2567,nm,absorbance,851.7737292137773
859.943,17.696378000000003,01c12b8c-364f-4208-9bfd-90ef89bee491,Star Lamp,2568,nm,absorbance,851.9533876446255
860.124,19.664709,01c12b8c-364f-4208-9bfd-90ef89bee491,Star Lamp,2569,nm,absorbance,852.1330460754738
860.305,16.565364000000002,01c12b8c-364f-4208-9bfd-90ef89bee491,Star Lamp,2570,nm,absorbance,852.3127045063219
860.486,14.673707000000002,01c12b8c-364f-4208-9bfd-90ef89bee491,Star Lamp,2571,nm,absorbance,852.4923629371701
860.667,13.514661999999998,01c12b8c-364f-4208-9bfd-90ef89bee491,Star Lamp,2572,nm,absorbance,852.6720213680184
860.848,13.489013,01c12b8c-364f-4208-9bfd-90ef89bee491,Star Lamp,2573,nm,absorbance,852.8516797988665
861.028,15.247054000000002,01c12b8c-364f-4208-9bfd-90ef89bee491,Star Lamp,2574,nm,absorbance,853.030345641699
861.209,16.475169,01c12b8c-364f-4208-9bfd-90ef89bee491,Star Lamp,2575,nm,absorbance,853.2100040725471
861.39,16.931647,01c12b8c-364f-4208-9bfd-90ef89bee491,Star Lamp,2576,nm,absorbance,853.3896625033954
861.571,16.44085,01c12b8c-364f-4208-9bfd-90ef89bee491,Star Lamp,2577,nm,absorbance,853.5693209342436
861.751,13.818159000000003,01c12b8c-364f-4208-9bfd-90ef89bee491,Star Lamp,2578,nm,absorbance,853.747986777076
861.932,11.989725,01c12b8c-364f-4208-9bfd-90ef89bee491,Star Lamp,2579,nm,absorbance,853.9276452079242
862.113,16.626446,01c12b8c-364f-4208-9bfd-90ef89bee491,Star Lamp,2580,nm,absorbance,854.1073036387724
862.293,18.366431,01c12b8c-364f-4208-9bfd-90ef89bee491,Star Lamp,2581,nm,absorbance,854.2859694816048
862.474,20.711055,01c12b8c-364f-4208-9bfd-90ef89bee491,Star Lamp,2582,nm,absorbance,854.465627912453
862.655,14.573252,01c12b8c-364f-4208-9bfd-90ef89bee491,Star Lamp,2583,nm,absorbance,854.6452863433011
862.835,16.309917,01c12b8c-364f-4208-9bfd-90ef89bee491,Star Lamp,2584,nm,absorbance,854.8239521861336
863.016,15.933986999999998,01c12b8c-364f-4208-9bfd-90ef89bee491,Star Lamp,2585,nm,absorbance,855.0036106169817
863.197,13.981935000000002,01c12b8c-364f-4208-9bfd-90ef89bee491,Star Lamp,2586,nm,absorbance,855.18326904783
863.377,11.312960999999998,01c12b8c-364f-4208-9bfd-90ef89bee491,Star Lamp,2587,nm,absorbance,855.3619348906624
863.558,7.268451999999999,01c12b8c-364f-4208-9bfd-90ef89bee491,Star Lamp,2588,nm,absorbance,855.5415933215106
863.738,8.819079,01c12b8c-364f-4208-9bfd-90ef89bee491,Star Lamp,2589,nm,absorbance,855.7202591643431
863.919,10.365843000000002,01c12b8c-364f-4208-9bfd-90ef89bee491,Star Lamp,2590,nm,absorbance,855.8999175951913
864.099,16.516735,01c12b8c-364f-4208-9bfd-90ef89bee491,Star Lamp,2591,nm,absorbance,856.0785834380238
864.28,18.991837000000004,01c12b8c-364f-4208-9bfd-90ef89bee491,Star Lamp,2592,nm,absorbance,856.2582418688719
864.46,13.526464,01c12b8c-364f-4208-9bfd-90ef89bee491,Star Lamp,2593,nm,absorbance,856.4369077117044
864.641,9.363553,01c12b8c-364f-4208-9bfd-90ef89bee491,Star Lamp,2594,nm,absorbance,856.6165661425525
864.821,6.439702,01c12b8c-364f-4208-9bfd-90ef89bee491,Star Lamp,2595,nm,absorbance,856.795231985385
865.002,9.598102,01c12b8c-364f-4208-9bfd-90ef89bee491,Star Lamp,2596,nm,absorbance,856.9748904162332
865.182,10.950267,01c12b8c-364f-4208-9bfd-90ef89bee491,Star Lamp,2597,nm,absorbance,857.1535562590657
865.363,12.814497,01c12b8c-364f-4208-9bfd-90ef89bee491,Star Lamp,2598,nm,absorbance,857.3332146899138
865.543,14.662522999999998,01c12b8c-364f-4208-9bfd-90ef89bee491,Star Lamp,2599,nm,absorbance,857.5118805327462
865.723,18.448280000000004,01c12b8c-364f-4208-9bfd-90ef89bee491,Star Lamp,2600,nm,absorbance,857.6905463755786
865.904,15.807550999999998,01c12b8c-364f-4208-9bfd-90ef89bee491,Star Lamp,2601,nm,absorbance,857.8702048064268
866.084,13.290096000000002,01c12b8c-364f-4208-9bfd-90ef89bee491,Star Lamp,2602,nm,absorbance,858.0488706492592
866.264,6.131598,01c12b8c-364f-4208-9bfd-90ef89bee491,Star Lamp,2603,nm,absorbance,858.2275364920918
866.445,11.163677,01c12b8c-364f-4208-9bfd-90ef89bee491,Star Lamp,2604,nm,absorbance,858.40719492294
866.625,11.191557,01c12b8c-364f-4208-9bfd-90ef89bee491,Star Lamp,2605,nm,absorbance,858.5858607657724
866.805,16.71491,01c12b8c-364f-4208-9bfd-90ef89bee491,Star Lamp,2606,nm,absorbance,858.7645266086048
866.986,14.025314000000003,01c12b8c-364f-4208-9bfd-90ef89bee491,Star Lamp,2607,nm,absorbance,858.944185039453
867.166,15.273035000000002,01c12b8c-364f-4208-9bfd-90ef89bee491,Star Lamp,2608,nm,absorbance,859.1228508822855
867.346,16.235713,01c12b8c-364f-4208-9bfd-90ef89bee491,Star Lamp,2609,nm,absorbance,859.301516725118
867.526,15.943487,01c12b8c-364f-4208-9bfd-90ef89bee491,Star Lamp,2610,nm,absorbance,859.4801825679504
867.707,14.646890000000004,01c12b8c-364f-4208-9bfd-90ef89bee491,Star Lamp,2611,nm,absorbance,859.6598409987986
867.887,12.094450999999998,01c12b8c-364f-4208-9bfd-90ef89bee491,Star Lamp,2612,nm,absorbance,859.838506841631
868.067,14.305399,01c12b8c-364f-4208-9bfd-90ef89bee491,Star Lamp,2613,nm,absorbance,860.0171726844635
868.247,14.710891,01c12b8c-364f-4208-9bfd-90ef89bee491,Star Lamp,2614,nm,absorbance,860.1958385272959
868.427,18.766259,01c12b8c-364f-4208-9bfd-90ef89bee491,Star Lamp,2615,nm,absorbance,860.3745043701284
868.607,18.415973,01c12b8c-364f-4208-9bfd-90ef89bee491,Star Lamp,2616,nm,absorbance,860.5531702129608
868.788,17.956814,01c12b8c-364f-4208-9bfd-90ef89bee491,Star Lamp,2617,nm,absorbance,860.7328286438091
868.968,13.345989999999995,01c12b8c-364f-4208-9bfd-90ef89bee491,Star Lamp,2618,nm,absorbance,860.9114944866415
869.148,12.489749,01c12b8c-364f-4208-9bfd-90ef89bee491,Star Lamp,2619,nm,absorbance,861.090160329474
869.328,15.533644,01c12b8c-364f-4208-9bfd-90ef89bee491,Star Lamp,2620,nm,absorbance,861.2688261723064
869.508,16.162948,01c12b8c-364f-4208-9bfd-90ef89bee491,Star Lamp,2621,nm,absorbance,861.4474920151389
869.688,17.806959999999997,01c12b8c-364f-4208-9bfd-90ef89bee491,Star Lamp,2622,nm,absorbance,861.6261578579713
869.868,19.530812,01c12b8c-364f-4208-9bfd-90ef89bee491,Star Lamp,2623,nm,absorbance,861.8048237008038
870.048,20.697846,01c12b8c-364f-4208-9bfd-90ef89bee491,Star Lamp,2624,nm,absorbance,861.9834895436362
870.228,21.236136,01c12b8c-364f-4208-9bfd-90ef89bee491,Star Lamp,2625,nm,absorbance,862.1621553864686
870.408,22.975907,01c12b8c-364f-4208-9bfd-90ef89bee491,Star Lamp,2626,nm,absorbance,862.3408212293011
870.588,23.042613,01c12b8c-364f-4208-9bfd-90ef89bee491,Star Lamp,2627,nm,absorbance,862.5194870721335
870.768,24.095129,01c12b8c-364f-4208-9bfd-90ef89bee491,Star Lamp,2628,nm,absorbance,862.698152914966
870.948,21.07601,01c12b8c-364f-4208-9bfd-90ef89bee491,Star Lamp,2629,nm,absorbance,862.8768187577984
871.128,22.397711,01c12b8c-364f-4208-9bfd-90ef89bee491,Star Lamp,2630,nm,absorbance,863.055484600631
871.307,24.250462,01c12b8c-364f-4208-9bfd-90ef89bee491,Star Lamp,2631,nm,absorbance,863.2331578554476
871.487,21.374535,01c12b8c-364f-4208-9bfd-90ef89bee491,Star Lamp,2632,nm,absorbance,863.41182369828
871.667,27.369731,01c12b8c-364f-4208-9bfd-90ef89bee491,Star Lamp,2633,nm,absorbance,863.5904895411126
871.847,28.783113000000004,01c12b8c-364f-4208-9bfd-90ef89bee491,Star Lamp,2634,nm,absorbance,863.769155383945
872.027,31.290053,01c12b8c-364f-4208-9bfd-90ef89bee491,Star Lamp,2635,nm,absorbance,863.9478212267775
872.207,30.796413,01c12b8c-364f-4208-9bfd-90ef89bee491,Star Lamp,2636,nm,absorbance,864.1264870696099
872.387,30.77195,01c12b8c-364f-4208-9bfd-90ef89bee491,Star Lamp,2637,nm,absorbance,864.3051529124423
872.566,32.419765,01c12b8c-364f-4208-9bfd-90ef89bee491,Star Lamp,2638,nm,absorbance,864.4828261672591
872.746,31.262442000000004,01c12b8c-364f-4208-9bfd-90ef89bee491,Star Lamp,2639,nm,absorbance,864.6614920100915
872.926,27.940481,01c12b8c-364f-4208-9bfd-90ef89bee491,Star Lamp,2640,nm,absorbance,864.840157852924
873.106,32.006722,01c12b8c-364f-4208-9bfd-90ef89bee491,Star Lamp,2641,nm,absorbance,865.0188236957564
873.285,32.097985,01c12b8c-364f-4208-9bfd-90ef89bee491,Star Lamp,2642,nm,absorbance,865.1964969505731
873.465,34.50705700000001,01c12b8c-364f-4208-9bfd-90ef89bee491,Star Lamp,2643,nm,absorbance,865.3751627934056
873.645,31.731192,01c12b8c-364f-4208-9bfd-90ef89bee491,Star Lamp,2644,nm,absorbance,865.553828636238
873.824,31.879568,01c12b8c-364f-4208-9bfd-90ef89bee491,Star Lamp,2645,nm,absorbance,865.7315018910547
874.004,30.105373,01c12b8c-364f-4208-9bfd-90ef89bee491,Star Lamp,2646,nm,absorbance,865.9101677338872
874.184,28.359900000000003,01c12b8c-364f-4208-9bfd-90ef89bee491,Star Lamp,2647,nm,absorbance,866.0888335767196
874.363,25.758225,01c12b8c-364f-4208-9bfd-90ef89bee491,Star Lamp,2648,nm,absorbance,866.2665068315364
874.543,25.079739,01c12b8c-364f-4208-9bfd-90ef89bee491,Star Lamp,2649,nm,absorbance,866.4451726743688
874.723,29.576833,01c12b8c-364f-4208-9bfd-90ef89bee491,Star Lamp,2650,nm,absorbance,866.6238385172012
874.902,28.268506,01c12b8c-364f-4208-9bfd-90ef89bee491,Star Lamp,2651,nm,absorbance,866.801511772018
875.082,31.74892,01c12b8c-364f-4208-9bfd-90ef89bee491,Star Lamp,2652,nm,absorbance,866.9801776148504
875.261,29.593706,01c12b8c-364f-4208-9bfd-90ef89bee491,Star Lamp,2653,nm,absorbance,867.1578508696671
875.441,27.458975,01c12b8c-364f-4208-9bfd-90ef89bee491,Star Lamp,2654,nm,absorbance,867.3365167124996
875.62,24.287072,01c12b8c-364f-4208-9bfd-90ef89bee491,Star Lamp,2655,nm,absorbance,867.5141899673163
875.8,20.642818,01c12b8c-364f-4208-9bfd-90ef89bee491,Star Lamp,2656,nm,absorbance,867.6928558101487
875.979,22.978441,01c12b8c-364f-4208-9bfd-90ef89bee491,Star Lamp,2657,nm,absorbance,867.8705290649655
876.159,21.727725,01c12b8c-364f-4208-9bfd-90ef89bee491,Star Lamp,2658,nm,absorbance,868.0491949077979
876.338,24.600235,01c12b8c-364f-4208-9bfd-90ef89bee491,Star Lamp,2659,nm,absorbance,868.2268681626146
876.518,25.327696,01c12b8c-364f-4208-9bfd-90ef89bee491,Star Lamp,2660,nm,absorbance,868.4055340054471
876.697,24.385068,01c12b8c-364f-4208-9bfd-90ef89bee491,Star Lamp,2661,nm,absorbance,868.5832072602637
876.876,25.079265,01c12b8c-364f-4208-9bfd-90ef89bee491,Star Lamp,2662,nm,absorbance,868.7608805150804
877.056,25.966555,01c12b8c-364f-4208-9bfd-90ef89bee491,Star Lamp,2663,nm,absorbance,868.939546357913
877.235,26.202890000000004,01c12b8c-364f-4208-9bfd-90ef89bee491,Star Lamp,2664,nm,absorbance,869.1172196127296
877.415,19.433438,01c12b8c-364f-4208-9bfd-90ef89bee491,Star Lamp,2665,nm,absorbance,869.295885455562
877.594,16.5231,01c12b8c-364f-4208-9bfd-90ef89bee491,Star Lamp,2666,nm,absorbance,869.4735587103788
877.773,14.755532,01c12b8c-364f-4208-9bfd-90ef89bee491,Star Lamp,2667,nm,absorbance,869.6512319651955
877.953,20.583524,01c12b8c-364f-4208-9bfd-90ef89bee491,Star Lamp,2668,nm,absorbance,869.8298978080279
878.132,22.0631,01c12b8c-364f-4208-9bfd-90ef89bee491,Star Lamp,2669,nm,absorbance,870.0075710628446
878.311,21.663194,01c12b8c-364f-4208-9bfd-90ef89bee491,Star Lamp,2670,nm,absorbance,870.1852443176614
878.49,17.666126,01c12b8c-364f-4208-9bfd-90ef89bee491,Star Lamp,2671,nm,absorbance,870.3629175724781
878.67,13.005548,01c12b8c-364f-4208-9bfd-90ef89bee491,Star Lamp,2672,nm,absorbance,870.5415834153105
878.849,19.075091,01c12b8c-364f-4208-9bfd-90ef89bee491,Star Lamp,2673,nm,absorbance,870.7192566701273
879.028,22.367445,01c12b8c-364f-4208-9bfd-90ef89bee491,Star Lamp,2674,nm,absorbance,870.896929924944
879.207,27.728652,01c12b8c-364f-4208-9bfd-90ef89bee491,Star Lamp,2675,nm,absorbance,871.0746031797606
879.387,23.807711,01c12b8c-364f-4208-9bfd-90ef89bee491,Star Lamp,2676,nm,absorbance,871.253269022593
879.566,21.881820000000005,01c12b8c-364f-4208-9bfd-90ef89bee491,Star Lamp,2677,nm,absorbance,871.4309422774098
879.745,18.782455,01c12b8c-364f-4208-9bfd-90ef89bee491,Star Lamp,2678,nm,absorbance,871.6086155322265
879.924,16.875445,01c12b8c-364f-4208-9bfd-90ef89bee491,Star Lamp,2679,nm,absorbance,871.7862887870432
880.103,14.706863000000002,01c12b8c-364f-4208-9bfd-90ef89bee491,Star Lamp,2680,nm,absorbance,871.96396204186
880.282,16.683947999999997,01c12b8c-364f-4208-9bfd-90ef89bee491,Star Lamp,2681,nm,absorbance,872.1416352966768
880.461,21.045113,01c12b8c-364f-4208-9bfd-90ef89bee491,Star Lamp,2682,nm,absorbance,872.3193085514935
880.64,17.295971,01c12b8c-364f-4208-9bfd-90ef89bee491,Star Lamp,2683,nm,absorbance,872.4969818063101
880.819,15.673840000000002,01c12b8c-364f-4208-9bfd-90ef89bee491,Star Lamp,2684,nm,absorbance,872.6746550611268
880.998,12.657794,01c12b8c-364f-4208-9bfd-90ef89bee491,Star Lamp,2685,nm,absorbance,872.8523283159436
881.178,15.816183,01c12b8c-364f-4208-9bfd-90ef89bee491,Star Lamp,2686,nm,absorbance,873.030994158776
881.357,15.022643,01c12b8c-364f-4208-9bfd-90ef89bee491,Star Lamp,2687,nm,absorbance,873.2086674135927
881.536,10.976036,01c12b8c-364f-4208-9bfd-90ef89bee491,Star Lamp,2688,nm,absorbance,873.3863406684094
881.715,10.549984,01c12b8c-364f-4208-9bfd-90ef89bee491,Star Lamp,2689,nm,absorbance,873.5640139232262
881.893,12.722058,01c12b8c-364f-4208-9bfd-90ef89bee491,Star Lamp,2690,nm,absorbance,873.7406945900271
882.072,15.596022,01c12b8c-364f-4208-9bfd-90ef89bee491,Star Lamp,2691,nm,absorbance,873.9183678448438
882.251,17.226194,01c12b8c-364f-4208-9bfd-90ef89bee491,Star Lamp,2692,nm,absorbance,874.0960410996605
882.43,12.424512,01c12b8c-364f-4208-9bfd-90ef89bee491,Star Lamp,2693,nm,absorbance,874.2737143544772
882.609,12.921522,01c12b8c-364f-4208-9bfd-90ef89bee491,Star Lamp,2694,nm,absorbance,874.451387609294
882.788,8.053942999999999,01c12b8c-364f-4208-9bfd-90ef89bee491,Star Lamp,2695,nm,absorbance,874.6290608641107
882.967,8.523149,01c12b8c-364f-4208-9bfd-90ef89bee491,Star Lamp,2696,nm,absorbance,874.8067341189274
883.146,8.611375999999998,01c12b8c-364f-4208-9bfd-90ef89bee491,Star Lamp,2697,nm,absorbance,874.984407373744
883.325,13.781413999999998,01c12b8c-364f-4208-9bfd-90ef89bee491,Star Lamp,2698,nm,absorbance,875.1620806285608
883.503,13.44253,01c12b8c-364f-4208-9bfd-90ef89bee491,Star Lamp,2699,nm,absorbance,875.3387612953619
883.682,11.73068,01c12b8c-364f-4208-9bfd-90ef89bee491,Star Lamp,2700,nm,absorbance,875.5164345501786
883.861,12.750976,01c12b8c-364f-4208-9bfd-90ef89bee491,Star Lamp,2701,nm,absorbance,875.6941078049953
884.04,12.766739,01c12b8c-364f-4208-9bfd-90ef89bee491,Star Lamp,2702,nm,absorbance,875.871781059812
884.219,14.073850000000002,01c12b8c-364f-4208-9bfd-90ef89bee491,Star Lamp,2703,nm,absorbance,876.0494543146287
884.397,8.316477,01c12b8c-364f-4208-9bfd-90ef89bee491,Star Lamp,2704,nm,absorbance,876.2261349814297
884.576,11.841866000000003,01c12b8c-364f-4208-9bfd-90ef89bee491,Star Lamp,2705,nm,absorbance,876.4038082362464
884.755,11.282034,01c12b8c-364f-4208-9bfd-90ef89bee491,Star Lamp,2706,nm,absorbance,876.5814814910631
884.933,15.275410999999997,01c12b8c-364f-4208-9bfd-90ef89bee491,Star Lamp,2707,nm,absorbance,876.758162157864
885.112,13.77233,01c12b8c-364f-4208-9bfd-90ef89bee491,Star Lamp,2708,nm,absorbance,876.9358354126807
885.291,12.610372000000002,01c12b8c-364f-4208-9bfd-90ef89bee491,Star Lamp,2709,nm,absorbance,877.1135086674975
885.469,10.075925000000002,01c12b8c-364f-4208-9bfd-90ef89bee491,Star Lamp,2710,nm,absorbance,877.2901893342985
885.648,8.940425999999999,01c12b8c-364f-4208-9bfd-90ef89bee491,Star Lamp,2711,nm,absorbance,877.4678625891152
885.827,13.030528,01c12b8c-364f-4208-9bfd-90ef89bee491,Star Lamp,2712,nm,absorbance,877.6455358439318
886.005,13.54058,01c12b8c-364f-4208-9bfd-90ef89bee491,Star Lamp,2713,nm,absorbance,877.8222165107329
886.184,11.233152,01c12b8c-364f-4208-9bfd-90ef89bee491,Star Lamp,2714,nm,absorbance,877.9998897655496
886.363,11.699381,01c12b8c-364f-4208-9bfd-90ef89bee491,Star Lamp,2715,nm,absorbance,878.1775630203664
886.541,14.418729,01c12b8c-364f-4208-9bfd-90ef89bee491,Star Lamp,2716,nm,absorbance,878.3542436871674
886.72,19.297826,01c12b8c-364f-4208-9bfd-90ef89bee491,Star Lamp,2717,nm,absorbance,878.531916941984
886.898,17.393154000000003,01c12b8c-364f-4208-9bfd-90ef89bee491,Star Lamp,2718,nm,absorbance,878.708597608785
887.077,15.257248,01c12b8c-364f-4208-9bfd-90ef89bee491,Star Lamp,2719,nm,absorbance,878.8862708636017
887.255,13.351171,01c12b8c-364f-4208-9bfd-90ef89bee491,Star Lamp,2720,nm,absorbance,879.0629515304026
887.434,9.363533999999998,01c12b8c-364f-4208-9bfd-90ef89bee491,Star Lamp,2721,nm,absorbance,879.2406247852193
887.612,8.69319,01c12b8c-364f-4208-9bfd-90ef89bee491,Star Lamp,2722,nm,absorbance,879.4173054520203
887.791,11.058246999999998,01c12b8c-364f-4208-9bfd-90ef89bee491,Star Lamp,2723,nm,absorbance,879.5949787068371
887.969,17.807001999999997,01c12b8c-364f-4208-9bfd-90ef89bee491,Star Lamp,2724,nm,absorbance,879.771659373638
888.147,19.223911,01c12b8c-364f-4208-9bfd-90ef89bee491,Star Lamp,2725,nm,absorbance,879.9483400404391
888.326,15.423453,01c12b8c-364f-4208-9bfd-90ef89bee491,Star Lamp,2726,nm,absorbance,880.1260132952558
888.504,14.579989,01c12b8c-364f-4208-9bfd-90ef89bee491,Star Lamp,2727,nm,absorbance,880.3026939620568
888.682,15.95291,01c12b8c-364f-4208-9bfd-90ef89bee491,Star Lamp,2728,nm,absorbance,880.4793746288577
888.861,20.621475,01c12b8c-364f-4208-9bfd-90ef89bee491,Star Lamp,2729,nm,absorbance,880.6570478836744
889.039,17.756904000000002,01c12b8c-364f-4208-9bfd-90ef89bee491,Star Lamp,2730,nm,absorbance,880.8337285504754
889.218,19.964084,01c12b8c-364f-4208-9bfd-90ef89bee491,Star Lamp,2731,nm,absorbance,881.011401805292
889.396,19.281505000000003,01c12b8c-364f-4208-9bfd-90ef89bee491,Star Lamp,2732,nm,absorbance,881.188082472093
889.574,20.388368,01c12b8c-364f-4208-9bfd-90ef89bee491,Star Lamp,2733,nm,absorbance,881.364763138894
889.752,14.545689,01c12b8c-364f-4208-9bfd-90ef89bee491,Star Lamp,2734,nm,absorbance,881.5414438056949
889.931,9.790489,01c12b8c-364f-4208-9bfd-90ef89bee491,Star Lamp,2735,nm,absorbance,881.7191170605117
890.109,8.094182,01c12b8c-364f-4208-9bfd-90ef89bee491,Star Lamp,2736,nm,absorbance,881.8957977273128
890.287,13.904873,01c12b8c-364f-4208-9bfd-90ef89bee491,Star Lamp,2737,nm,absorbance,882.0724783941138
890.465,18.608242,01c12b8c-364f-4208-9bfd-90ef89bee491,Star Lamp,2738,nm,absorbance,882.2491590609147
890.643,21.832356,01c12b8c-364f-4208-9bfd-90ef89bee491,Star Lamp,2739,nm,absorbance,882.4258397277157
890.822,19.996107,01c12b8c-364f-4208-9bfd-90ef89bee491,Star Lamp,2740,nm,absorbance,882.6035129825324
891.0,21.919131,01c12b8c-364f-4208-9bfd-90ef89bee491,Star Lamp,2741,nm,absorbance,882.7801936493333
891.178,24.286542000000004,01c12b8c-364f-4208-9bfd-90ef89bee491,Star Lamp,2742,nm,absorbance,882.9568743161343
891.356,22.80805,01c12b8c-364f-4208-9bfd-90ef89bee491,Star Lamp,2743,nm,absorbance,883.1335549829353
891.534,22.839003,01c12b8c-364f-4208-9bfd-90ef89bee491,Star Lamp,2744,nm,absorbance,883.3102356497362
891.712,20.86609600000001,01c12b8c-364f-4208-9bfd-90ef89bee491,Star Lamp,2745,nm,absorbance,883.4869163165373
891.89,27.466814,01c12b8c-364f-4208-9bfd-90ef89bee491,Star Lamp,2746,nm,absorbance,883.6635969833383
892.068,24.815561,01c12b8c-364f-4208-9bfd-90ef89bee491,Star Lamp,2747,nm,absorbance,883.8402776501392
892.247,27.206311,01c12b8c-364f-4208-9bfd-90ef89bee491,Star Lamp,2748,nm,absorbance,884.0179509049559
892.425,23.789592,01c12b8c-364f-4208-9bfd-90ef89bee491,Star Lamp,2749,nm,absorbance,884.1946315717569
892.603,23.889853,01c12b8c-364f-4208-9bfd-90ef89bee491,Star Lamp,2750,nm,absorbance,884.3713122385578
892.781,21.68585,01c12b8c-364f-4208-9bfd-90ef89bee491,Star Lamp,2751,nm,absorbance,884.5479929053588
892.959,16.177972000000004,01c12b8c-364f-4208-9bfd-90ef89bee491,Star Lamp,2752,nm,absorbance,884.7246735721598
893.137,18.077617,01c12b8c-364f-4208-9bfd-90ef89bee491,Star Lamp,2753,nm,absorbance,884.9013542389607
893.314,17.070422999999998,01c12b8c-364f-4208-9bfd-90ef89bee491,Star Lamp,2754,nm,absorbance,885.0770423177461
893.492,23.469034,01c12b8c-364f-4208-9bfd-90ef89bee491,Star Lamp,2755,nm,absorbance,885.253722984547
893.67,23.749906000000003,01c12b8c-364f-4208-9bfd-90ef89bee491,Star Lamp,2756,nm,absorbance,885.430403651348
893.848,25.609050000000003,01c12b8c-364f-4208-9bfd-90ef89bee491,Star Lamp,2757,nm,absorbance,885.607084318149
894.026,21.641809,01c12b8c-364f-4208-9bfd-90ef89bee491,Star Lamp,2758,nm,absorbance,885.7837649849499
894.204,16.859443,01c12b8c-364f-4208-9bfd-90ef89bee491,Star Lamp,2759,nm,absorbance,885.9604456517509
894.382,18.988771,01c12b8c-364f-4208-9bfd-90ef89bee491,Star Lamp,2760,nm,absorbance,886.1371263185519
894.56,20.097201,01c12b8c-364f-4208-9bfd-90ef89bee491,Star Lamp,2761,nm,absorbance,886.3138069853529
894.738,20.405042,01c12b8c-364f-4208-9bfd-90ef89bee491,Star Lamp,2762,nm,absorbance,886.490487652154
894.915,16.745278000000003,01c12b8c-364f-4208-9bfd-90ef89bee491,Star Lamp,2763,nm,absorbance,886.6661757309391
895.093,18.065401,01c12b8c-364f-4208-9bfd-90ef89bee491,Star Lamp,2764,nm,absorbance,886.8428563977401
895.271,20.649015,01c12b8c-364f-4208-9bfd-90ef89bee491,Star Lamp,2765,nm,absorbance,887.019537064541
895.449,21.983651,01c12b8c-364f-4208-9bfd-90ef89bee491,Star Lamp,2766,nm,absorbance,887.196217731342
895.626,27.756406,01c12b8c-364f-4208-9bfd-90ef89bee491,Star Lamp,2767,nm,absorbance,887.3719058101273
895.804,29.250568000000005,01c12b8c-364f-4208-9bfd-90ef89bee491,Star Lamp,2768,nm,absorbance,887.5485864769282
895.982,28.794111000000004,01c12b8c-364f-4208-9bfd-90ef89bee491,Star Lamp,2769,nm,absorbance,887.7252671437293
896.16,26.115429,01c12b8c-364f-4208-9bfd-90ef89bee491,Star Lamp,2770,nm,absorbance,887.9019478105303
896.337,22.836007,01c12b8c-364f-4208-9bfd-90ef89bee491,Star Lamp,2771,nm,absorbance,888.0776358893155
896.515,21.938902,01c12b8c-364f-4208-9bfd-90ef89bee491,Star Lamp,2772,nm,absorbance,888.2543165561165
896.693,14.115186999999995,01c12b8c-364f-4208-9bfd-90ef89bee491,Star Lamp,2773,nm,absorbance,888.4309972229174
896.87,16.830516,01c12b8c-364f-4208-9bfd-90ef89bee491,Star Lamp,2774,nm,absorbance,888.6066853017027
897.048,14.629838,01c12b8c-364f-4208-9bfd-90ef89bee491,Star Lamp,2775,nm,absorbance,888.7833659685036
897.225,20.179109,01c12b8c-364f-4208-9bfd-90ef89bee491,Star Lamp,2776,nm,absorbance,888.959054047289
897.403,22.659487,01c12b8c-364f-4208-9bfd-90ef89bee491,Star Lamp,2777,nm,absorbance,889.13573471409
897.581,26.44712,01c12b8c-364f-4208-9bfd-90ef89bee491,Star Lamp,2778,nm,absorbance,889.3124153808909
897.758,28.842646,01c12b8c-364f-4208-9bfd-90ef89bee491,Star Lamp,2779,nm,absorbance,889.4881034596762
897.936,29.862726,01c12b8c-364f-4208-9bfd-90ef89bee491,Star Lamp,2780,nm,absorbance,889.6647841264771
898.113,26.840468000000005,01c12b8c-364f-4208-9bfd-90ef89bee491,Star Lamp,2781,nm,absorbance,889.8404722052624
898.291,28.410691,01c12b8c-364f-4208-9bfd-90ef89bee491,Star Lamp,2782,nm,absorbance,890.0171528720633
898.468,26.611564,01c12b8c-364f-4208-9bfd-90ef89bee491,Star Lamp,2783,nm,absorbance,890.1928409508486
898.646,30.523567,01c12b8c-364f-4208-9bfd-90ef89bee491,Star Lamp,2784,nm,absorbance,890.3695216176495
898.823,27.368946,01c12b8c-364f-4208-9bfd-90ef89bee491,Star Lamp,2785,nm,absorbance,890.5452096964348
899.001,28.402567,01c12b8c-364f-4208-9bfd-90ef89bee491,Star Lamp,2786,nm,absorbance,890.7218903632357
899.178,25.679472,01c12b8c-364f-4208-9bfd-90ef89bee491,Star Lamp,2787,nm,absorbance,890.897578442021
899.356,25.098214,01c12b8c-364f-4208-9bfd-90ef89bee491,Star Lamp,2788,nm,absorbance,891.0742591088219
899.533,26.010354,01c12b8c-364f-4208-9bfd-90ef89bee491,Star Lamp,2789,nm,absorbance,891.2499471876073
899.71,32.78231100000001,01c12b8c-364f-4208-9bfd-90ef89bee491,Star Lamp,2790,nm,absorbance,891.4256352663925
899.888,32.99612,01c12b8c-364f-4208-9bfd-90ef89bee491,Star Lamp,2791,nm,absorbance,891.6023159331935
900.065,32.900515,01c12b8c-364f-4208-9bfd-90ef89bee491,Star Lamp,2792,nm,absorbance,891.7780040119787
900.242,30.980086000000007,01c12b8c-364f-4208-9bfd-90ef89bee491,Star Lamp,2793,nm,absorbance,891.9536920907639
900.42,30.574891,01c12b8c-364f-4208-9bfd-90ef89bee491,Star Lamp,2794,nm,absorbance,892.1303727575648
900.597,27.515634,01c12b8c-364f-4208-9bfd-90ef89bee491,Star Lamp,2795,nm,absorbance,892.3060608363502
900.774,24.602912,01c12b8c-364f-4208-9bfd-90ef89bee491,Star Lamp,2796,nm,absorbance,892.4817489151354
900.952,26.530224999999994,01c12b8c-364f-4208-9bfd-90ef89bee491,Star Lamp,2797,nm,absorbance,892.6584295819364
901.129,28.530158,01c12b8c-364f-4208-9bfd-90ef89bee491,Star Lamp,2798,nm,absorbance,892.8341176607216
901.306,28.074908,01c12b8c-364f-4208-9bfd-90ef89bee491,Star Lamp,2799,nm,absorbance,893.0098057395069
901.483,24.240389,01c12b8c-364f-4208-9bfd-90ef89bee491,Star Lamp,2800,nm,absorbance,893.185493818292
901.661,22.314369,01c12b8c-364f-4208-9bfd-90ef89bee491,Star Lamp,2801,nm,absorbance,893.362174485093
901.838,25.180563,01c12b8c-364f-4208-9bfd-90ef89bee491,Star Lamp,2802,nm,absorbance,893.5378625638783
902.015,29.511311,01c12b8c-364f-4208-9bfd-90ef89bee491,Star Lamp,2803,nm,absorbance,893.7135506426636
902.192,28.855835000000003,01c12b8c-364f-4208-9bfd-90ef89bee491,Star Lamp,2804,nm,absorbance,893.8892387214488
902.369,23.01881,01c12b8c-364f-4208-9bfd-90ef89bee491,Star Lamp,2805,nm,absorbance,894.064926800234
902.546,18.621637,01c12b8c-364f-4208-9bfd-90ef89bee491,Star Lamp,2806,nm,absorbance,894.2406148790193
902.723,16.364002,01c12b8c-364f-4208-9bfd-90ef89bee491,Star Lamp,2807,nm,absorbance,894.4163029578045
902.901,17.817458000000002,01c12b8c-364f-4208-9bfd-90ef89bee491,Star Lamp,2808,nm,absorbance,894.5929836246055
903.078,15.771097,01c12b8c-364f-4208-9bfd-90ef89bee491,Star Lamp,2809,nm,absorbance,894.7686717033907
903.255,17.087702,01c12b8c-364f-4208-9bfd-90ef89bee491,Star Lamp,2810,nm,absorbance,894.944359782176
903.432,17.722645999999997,01c12b8c-364f-4208-9bfd-90ef89bee491,Star Lamp,2811,nm,absorbance,895.1200478609612
903.609,15.553126,01c12b8c-364f-4208-9bfd-90ef89bee491,Star Lamp,2812,nm,absorbance,895.2957359397465
903.786,16.467894,01c12b8c-364f-4208-9bfd-90ef89bee491,Star Lamp,2813,nm,absorbance,895.4714240185317
903.963,12.152888,01c12b8c-364f-4208-9bfd-90ef89bee491,Star Lamp,2814,nm,absorbance,895.647112097317
904.14,16.102592,01c12b8c-364f-4208-9bfd-90ef89bee491,Star Lamp,2815,nm,absorbance,895.8228001761022
904.317,12.584821,01c12b8c-364f-4208-9bfd-90ef89bee491,Star Lamp,2816,nm,absorbance,895.9984882548874
904.494,13.687639999999998,01c12b8c-364f-4208-9bfd-90ef89bee491,Star Lamp,2817,nm,absorbance,896.1741763336727
904.671,16.438680999999995,01c12b8c-364f-4208-9bfd-90ef89bee491,Star Lamp,2818,nm,absorbance,896.349864412458
904.848,17.142969,01c12b8c-364f-4208-9bfd-90ef89bee491,Star Lamp,2819,nm,absorbance,896.5255524912432
905.024,14.183754,01c12b8c-364f-4208-9bfd-90ef89bee491,Star Lamp,2820,nm,absorbance,896.7002479820127
905.201,7.907158,01c12b8c-364f-4208-9bfd-90ef89bee491,Star Lamp,2821,nm,absorbance,896.8759360607979
905.378,10.138728,01c12b8c-364f-4208-9bfd-90ef89bee491,Star Lamp,2822,nm,absorbance,897.0516241395832
905.555,11.970210999999995,01c12b8c-364f-4208-9bfd-90ef89bee491,Star Lamp,2823,nm,absorbance,897.2273122183684
905.732,12.90612,01c12b8c-364f-4208-9bfd-90ef89bee491,Star Lamp,2824,nm,absorbance,897.4030002971537
905.909,3.290419,01c12b8c-364f-4208-9bfd-90ef89bee491,Star Lamp,2825,nm,absorbance,897.5786883759389
906.086,2.558384,01c12b8c-364f-4208-9bfd-90ef89bee491,Star Lamp,2826,nm,absorbance,897.7543764547241
906.262,1.5372689999999998,01c12b8c-364f-4208-9bfd-90ef89bee491,Star Lamp,2827,nm,absorbance,897.9290719454935
906.439,11.313481,01c12b8c-364f-4208-9bfd-90ef89bee491,Star Lamp,2828,nm,absorbance,898.1047600242789
906.616,12.186185,01c12b8c-364f-4208-9bfd-90ef89bee491,Star Lamp,2829,nm,absorbance,898.2804481030641
906.793,10.932114,01c12b8c-364f-4208-9bfd-90ef89bee491,Star Lamp,2830,nm,absorbance,898.4561361818494
906.969,10.867019,01c12b8c-364f-4208-9bfd-90ef89bee491,Star Lamp,2831,nm,absorbance,898.6308316726189
907.146,9.407107,01c12b8c-364f-4208-9bfd-90ef89bee491,Star Lamp,2832,nm,absorbance,898.806519751404
907.323,8.474635000000001,01c12b8c-364f-4208-9bfd-90ef89bee491,Star Lamp,2833,nm,absorbance,898.9822078301894
907.5,0.5437960000000001,01c12b8c-364f-4208-9bfd-90ef89bee491,Star Lamp,2834,nm,absorbance,899.1578959089746
907.676,1.92221,01c12b8c-364f-4208-9bfd-90ef89bee491,Star Lamp,2835,nm,absorbance,899.3325913997442
907.853,1.045168,01c12b8c-364f-4208-9bfd-90ef89bee491,Star Lamp,2836,nm,absorbance,899.5082794785293
908.03,2.642807,01c12b8c-364f-4208-9bfd-90ef89bee491,Star Lamp,2837,nm,absorbance,899.6839675573145
908.206,4.73335,01c12b8c-364f-4208-9bfd-90ef89bee491,Star Lamp,2838,nm,absorbance,899.8586630480842
908.383,8.289878999999999,01c12b8c-364f-4208-9bfd-90ef89bee491,Star Lamp,2839,nm,absorbance,900.0343511268694
908.559,8.798304,01c12b8c-364f-4208-9bfd-90ef89bee491,Star Lamp,2840,nm,absorbance,900.2090466176388
908.736,3.0374410000000003,01c12b8c-364f-4208-9bfd-90ef89bee491,Star Lamp,2841,nm,absorbance,900.3847346964241
908.912,1.668357,01c12b8c-364f-4208-9bfd-90ef89bee491,Star Lamp,2842,nm,absorbance,900.5594301871936
909.089,2.016201,01c12b8c-364f-4208-9bfd-90ef89bee491,Star Lamp,2843,nm,absorbance,900.7351182659789
909.266,6.260817,01c12b8c-364f-4208-9bfd-90ef89bee491,Star Lamp,2844,nm,absorbance,900.9108063447641
909.442,3.519147,01c12b8c-364f-4208-9bfd-90ef89bee491,Star Lamp,2845,nm,absorbance,901.0855018355336
909.619,5.599475,01c12b8c-364f-4208-9bfd-90ef89bee491,Star Lamp,2846,nm,absorbance,901.2611899143188
909.795,2.994654,01c12b8c-364f-4208-9bfd-90ef89bee491,Star Lamp,2847,nm,absorbance,901.4358854050884
909.972,5.058059999999999,01c12b8c-364f-4208-9bfd-90ef89bee491,Star Lamp,2848,nm,absorbance,901.6115734838736
910.148,6.401561000000001,01c12b8c-364f-4208-9bfd-90ef89bee491,Star Lamp,2849,nm,absorbance,901.7862689746431
910.324,6.114813000000001,01c12b8c-364f-4208-9bfd-90ef89bee491,Star Lamp,2850,nm,absorbance,901.9609644654125
910.501,11.149733,01c12b8c-364f-4208-9bfd-90ef89bee491,Star Lamp,2851,nm,absorbance,902.1366525441978
910.677,11.617103,01c12b8c-364f-4208-9bfd-90ef89bee491,Star Lamp,2852,nm,absorbance,902.3113480349674
910.854,13.337661,01c12b8c-364f-4208-9bfd-90ef89bee491,Star Lamp,2853,nm,absorbance,902.4870361137527
911.03,7.279413,01c12b8c-364f-4208-9bfd-90ef89bee491,Star Lamp,2854,nm,absorbance,902.6617316045221
911.206,4.424485,01c12b8c-364f-4208-9bfd-90ef89bee491,Star Lamp,2855,nm,absorbance,902.8364270952916
911.383,0.523063,01c12b8c-364f-4208-9bfd-90ef89bee491,Star Lamp,2856,nm,absorbance,903.0121151740769
911.559,2.826919,01c12b8c-364f-4208-9bfd-90ef89bee491,Star Lamp,2857,nm,absorbance,903.1868106648463
911.735,-0.0989479999999999,01c12b8c-364f-4208-9bfd-90ef89bee491,Star Lamp,2858,nm,absorbance,903.3615061556159
911.912,4.763765000000001,01c12b8c-364f-4208-9bfd-90ef89bee491,Star Lamp,2859,nm,absorbance,903.5371942344011
912.088,3.750594,01c12b8c-364f-4208-9bfd-90ef89bee491,Star Lamp,2860,nm,absorbance,903.7118897251705
912.264,8.628176,01c12b8c-364f-4208-9bfd-90ef89bee491,Star Lamp,2861,nm,absorbance,903.8865852159402
912.44,8.3908,01c12b8c-364f-4208-9bfd-90ef89bee491,Star Lamp,2862,nm,absorbance,904.0612807067097
912.617,12.351077,01c12b8c-364f-4208-9bfd-90ef89bee491,Star Lamp,2863,nm,absorbance,904.2369687854948
912.793,8.741146,01c12b8c-364f-4208-9bfd-90ef89bee491,Star Lamp,2864,nm,absorbance,904.4116642762643
912.969,7.714212000000001,01c12b8c-364f-4208-9bfd-90ef89bee491,Star Lamp,2865,nm,absorbance,904.586359767034
913.145,4.079654,01c12b8c-364f-4208-9bfd-90ef89bee491,Star Lamp,2866,nm,absorbance,904.7610552578034
913.321,6.397542,01c12b8c-364f-4208-9bfd-90ef89bee491,Star Lamp,2867,nm,absorbance,904.9357507485729
913.498,5.637894,01c12b8c-364f-4208-9bfd-90ef89bee491,Star Lamp,2868,nm,absorbance,905.1114388273581
913.674,9.552855,01c12b8c-364f-4208-9bfd-90ef89bee491,Star Lamp,2869,nm,absorbance,905.2861343181277
913.85,5.944592,01c12b8c-364f-4208-9bfd-90ef89bee491,Star Lamp,2870,nm,absorbance,905.4608298088972
914.026,8.165863,01c12b8c-364f-4208-9bfd-90ef89bee491,Star Lamp,2871,nm,absorbance,905.6355252996666
914.202,7.604419,01c12b8c-364f-4208-9bfd-90ef89bee491,Star Lamp,2872,nm,absorbance,905.8102207904361
914.378,12.336037,01c12b8c-364f-4208-9bfd-90ef89bee491,Star Lamp,2873,nm,absorbance,905.9849162812058
914.554,12.916645,01c12b8c-364f-4208-9bfd-90ef89bee491,Star Lamp,2874,nm,absorbance,906.1596117719752
914.73,10.614829000000002,01c12b8c-364f-4208-9bfd-90ef89bee491,Star Lamp,2875,nm,absorbance,906.3343072627447
914.906,10.308601,01c12b8c-364f-4208-9bfd-90ef89bee491,Star Lamp,2876,nm,absorbance,906.5090027535141
915.082,12.421108,01c12b8c-364f-4208-9bfd-90ef89bee491,Star Lamp,2877,nm,absorbance,906.6836982442837
915.258,20.111728000000003,01c12b8c-364f-4208-9bfd-90ef89bee491,Star Lamp,2878,nm,absorbance,906.8583937350533
915.434,23.695641,01c12b8c-364f-4208-9bfd-90ef89bee491,Star Lamp,2879,nm,absorbance,907.0330892258227
915.61,25.219156,01c12b8c-364f-4208-9bfd-90ef89bee491,Star Lamp,2880,nm,absorbance,907.2077847165922
915.786,26.903803,01c12b8c-364f-4208-9bfd-90ef89bee491,Star Lamp,2881,nm,absorbance,907.3824802073617
915.962,31.068143000000003,01c12b8c-364f-4208-9bfd-90ef89bee491,Star Lamp,2882,nm,absorbance,907.5571756981312
916.138,32.025395,01c12b8c-364f-4208-9bfd-90ef89bee491,Star Lamp,2883,nm,absorbance,907.7318711889008
916.314,24.977358,01c12b8c-364f-4208-9bfd-90ef89bee491,Star Lamp,2884,nm,absorbance,907.9065666796702
916.49,21.014963,01c12b8c-364f-4208-9bfd-90ef89bee491,Star Lamp,2885,nm,absorbance,908.0812621704398
916.665,22.488622,01c12b8c-364f-4208-9bfd-90ef89bee491,Star Lamp,2886,nm,absorbance,908.2549650731935
916.841,25.299947000000003,01c12b8c-364f-4208-9bfd-90ef89bee491,Star Lamp,2887,nm,absorbance,908.429660563963
917.017,24.914143000000003,01c12b8c-364f-4208-9bfd-90ef89bee491,Star Lamp,2888,nm,absorbance,908.6043560547325
917.193,23.346777,01c12b8c-364f-4208-9bfd-90ef89bee491,Star Lamp,2889,nm,absorbance,908.779051545502
917.369,21.908308,01c12b8c-364f-4208-9bfd-90ef89bee491,Star Lamp,2890,nm,absorbance,908.9537470362716
917.545,26.311093,01c12b8c-364f-4208-9bfd-90ef89bee491,Star Lamp,2891,nm,absorbance,909.128442527041
917.72,26.24971,01c12b8c-364f-4208-9bfd-90ef89bee491,Star Lamp,2892,nm,absorbance,909.3021454297948
917.896,30.121392000000007,01c12b8c-364f-4208-9bfd-90ef89bee491,Star Lamp,2893,nm,absorbance,909.4768409205643
918.072,23.744722000000003,01c12b8c-364f-4208-9bfd-90ef89bee491,Star Lamp,2894,nm,absorbance,909.6515364113338
918.247,24.458483,01c12b8c-364f-4208-9bfd-90ef89bee491,Star Lamp,2895,nm,absorbance,909.8252393140875
918.423,22.583811,01c12b8c-364f-4208-9bfd-90ef89bee491,Star Lamp,2896,nm,absorbance,909.9999348048572
918.599,30.328035000000007,01c12b8c-364f-4208-9bfd-90ef89bee491,Star Lamp,2897,nm,absorbance,910.1746302956267
918.775,31.961198000000003,01c12b8c-364f-4208-9bfd-90ef89bee491,Star Lamp,2898,nm,absorbance,910.3493257863961
918.95,25.96058,01c12b8c-364f-4208-9bfd-90ef89bee491,Star Lamp,2899,nm,absorbance,910.5230286891499
919.126,17.342863,01c12b8c-364f-4208-9bfd-90ef89bee491,Star Lamp,2900,nm,absorbance,910.6977241799194
919.301,15.903754,01c12b8c-364f-4208-9bfd-90ef89bee491,Star Lamp,2901,nm,absorbance,910.8714270826732
919.477,20.865593,01c12b8c-364f-4208-9bfd-90ef89bee491,Star Lamp,2902,nm,absorbance,911.0461225734426
919.653,26.083323,01c12b8c-364f-4208-9bfd-90ef89bee491,Star Lamp,2903,nm,absorbance,911.2208180642122
919.828,24.842566,01c12b8c-364f-4208-9bfd-90ef89bee491,Star Lamp,2904,nm,absorbance,911.394520966966
920.004,24.46684800000001,01c12b8c-364f-4208-9bfd-90ef89bee491,Star Lamp,2905,nm,absorbance,911.5692164577355
920.179,26.913816000000004,01c12b8c-364f-4208-9bfd-90ef89bee491,Star Lamp,2906,nm,absorbance,911.7429193604892
920.355,28.245022,01c12b8c-364f-4208-9bfd-90ef89bee491,Star Lamp,2907,nm,absorbance,911.9176148512588
920.53,31.178308999999995,01c12b8c-364f-4208-9bfd-90ef89bee491,Star Lamp,2908,nm,absorbance,912.0913177540125
920.706,25.101045,01c12b8c-364f-4208-9bfd-90ef89bee491,Star Lamp,2909,nm,absorbance,912.266013244782
920.881,20.120777,01c12b8c-364f-4208-9bfd-90ef89bee491,Star Lamp,2910,nm,absorbance,912.4397161475357
921.057,16.965002999999996,01c12b8c-364f-4208-9bfd-90ef89bee491,Star Lamp,2911,nm,absorbance,912.6144116383053
921.232,22.92674,01c12b8c-364f-4208-9bfd-90ef89bee491,Star Lamp,2912,nm,absorbance,912.788114541059
921.408,28.568888999999995,01c12b8c-364f-4208-9bfd-90ef89bee491,Star Lamp,2913,nm,absorbance,912.9628100318286
921.583,29.31951800000001,01c12b8c-364f-4208-9bfd-90ef89bee491,Star Lamp,2914,nm,absorbance,913.1365129345824
921.759,21.334263,01c12b8c-364f-4208-9bfd-90ef89bee491,Star Lamp,2915,nm,absorbance,913.3112084253519
921.934,19.012651,01c12b8c-364f-4208-9bfd-90ef89bee491,Star Lamp,2916,nm,absorbance,913.4849113281056
922.109,18.506834,01c12b8c-364f-4208-9bfd-90ef89bee491,Star Lamp,2917,nm,absorbance,913.6586142308595
922.285,23.286414,01c12b8c-364f-4208-9bfd-90ef89bee491,Star Lamp,2918,nm,absorbance,913.8333097216289
922.46,22.076171,01c12b8c-364f-4208-9bfd-90ef89bee491,Star Lamp,2919,nm,absorbance,914.0070126243827
922.635,22.866441,01c12b8c-364f-4208-9bfd-90ef89bee491,Star Lamp,2920,nm,absorbance,914.1807155271364
922.811,17.377415000000003,01c12b8c-364f-4208-9bfd-90ef89bee491,Star Lamp,2921,nm,absorbance,914.355411017906
922.986,15.606957000000005,01c12b8c-364f-4208-9bfd-90ef89bee491,Star Lamp,2922,nm,absorbance,914.5291139206597
923.161,11.87877,01c12b8c-364f-4208-9bfd-90ef89bee491,Star Lamp,2923,nm,absorbance,914.7028168234134
923.336,9.805505,01c12b8c-364f-4208-9bfd-90ef89bee491,Star Lamp,2924,nm,absorbance,914.8765197261673
923.512,6.8463600000000016,01c12b8c-364f-4208-9bfd-90ef89bee491,Star Lamp,2925,nm,absorbance,915.0512152169367
923.687,5.513400000000001,01c12b8c-364f-4208-9bfd-90ef89bee491,Star Lamp,2926,nm,absorbance,915.2249181196905
923.862,3.571814,01c12b8c-364f-4208-9bfd-90ef89bee491,Star Lamp,2927,nm,absorbance,915.3986210224443
924.037,2.975514,01c12b8c-364f-4208-9bfd-90ef89bee491,Star Lamp,2928,nm,absorbance,915.5723239251981
924.212,3.2199340000000007,01c12b8c-364f-4208-9bfd-90ef89bee491,Star Lamp,2929,nm,absorbance,915.7460268279518
924.388,7.482992,01c12b8c-364f-4208-9bfd-90ef89bee491,Star Lamp,2930,nm,absorbance,915.9207223187213
924.563,9.020479000000002,01c12b8c-364f-4208-9bfd-90ef89bee491,Star Lamp,2931,nm,absorbance,916.0944252214751
924.738,8.30007,01c12b8c-364f-4208-9bfd-90ef89bee491,Star Lamp,2932,nm,absorbance,916.268128124229
924.913,6.11922,01c12b8c-364f-4208-9bfd-90ef89bee491,Star Lamp,2933,nm,absorbance,916.4418310269826
925.088,1.107671,01c12b8c-364f-4208-9bfd-90ef89bee491,Star Lamp,2934,nm,absorbance,916.6155339297364
925.263,4.129894,01c12b8c-364f-4208-9bfd-90ef89bee491,Star Lamp,2935,nm,absorbance,916.7892368324902
925.438,8.317543999999998,01c12b8c-364f-4208-9bfd-90ef89bee491,Star Lamp,2936,nm,absorbance,916.9629397352439
925.613,13.447671,01c12b8c-364f-4208-9bfd-90ef89bee491,Star Lamp,2937,nm,absorbance,917.1366426379979
925.788,9.675637,01c12b8c-364f-4208-9bfd-90ef89bee491,Star Lamp,2938,nm,absorbance,917.3103455407515
925.963,7.278085,01c12b8c-364f-4208-9bfd-90ef89bee491,Star Lamp,2939,nm,absorbance,917.4840484435052
926.138,3.780641,01c12b8c-364f-4208-9bfd-90ef89bee491,Star Lamp,2940,nm,absorbance,917.6577513462591
926.313,9.159965,01c12b8c-364f-4208-9bfd-90ef89bee491,Star Lamp,2941,nm,absorbance,917.8314542490128
926.488,10.651771,01c12b8c-364f-4208-9bfd-90ef89bee491,Star Lamp,2942,nm,absorbance,918.0051571517666
926.663,11.244876,01c12b8c-364f-4208-9bfd-90ef89bee491,Star Lamp,2943,nm,absorbance,918.1788600545204
926.838,6.276533,01c12b8c-364f-4208-9bfd-90ef89bee491,Star Lamp,2944,nm,absorbance,918.3525629572741
927.013,5.791653999999999,01c12b8c-364f-4208-9bfd-90ef89bee491,Star Lamp,2945,nm,absorbance,918.5262658600279
927.188,8.565938,01c12b8c-364f-4208-9bfd-90ef89bee491,Star Lamp,2946,nm,absorbance,918.6999687627816
927.363,13.002047999999998,01c12b8c-364f-4208-9bfd-90ef89bee491,Star Lamp,2947,nm,absorbance,918.8736716655355
927.538,9.973766,01c12b8c-364f-4208-9bfd-90ef89bee491,Star Lamp,2948,nm,absorbance,919.0473745682892
927.713,10.475386,01c12b8c-364f-4208-9bfd-90ef89bee491,Star Lamp,2949,nm,absorbance,919.2210774710429
927.888,12.298460000000002,01c12b8c-364f-4208-9bfd-90ef89bee491,Star Lamp,2950,nm,absorbance,919.3947803737968
928.062,12.989043999999998,01c12b8c-364f-4208-9bfd-90ef89bee491,Star Lamp,2951,nm,absorbance,919.5674906885348
928.237,13.155456999999998,01c12b8c-364f-4208-9bfd-90ef89bee491,Star Lamp,2952,nm,absorbance,919.7411935912885
928.412,9.027634,01c12b8c-364f-4208-9bfd-90ef89bee491,Star Lamp,2953,nm,absorbance,919.9148964940424
928.587,11.442964,01c12b8c-364f-4208-9bfd-90ef89bee491,Star Lamp,2954,nm,absorbance,920.0885993967961
928.761,8.997927,01c12b8c-364f-4208-9bfd-90ef89bee491,Star Lamp,2955,nm,absorbance,920.2613097115341
928.936,9.100064,01c12b8c-364f-4208-9bfd-90ef89bee491,Star Lamp,2956,nm,absorbance,920.435012614288
929.111,9.715376,01c12b8c-364f-4208-9bfd-90ef89bee491,Star Lamp,2957,nm,absorbance,920.6087155170417
929.286,12.917024,01c12b8c-364f-4208-9bfd-90ef89bee491,Star Lamp,2958,nm,absorbance,920.7824184197954
929.46,12.870384,01c12b8c-364f-4208-9bfd-90ef89bee491,Star Lamp,2959,nm,absorbance,920.9551287345336
929.635,11.059517,01c12b8c-364f-4208-9bfd-90ef89bee491,Star Lamp,2960,nm,absorbance,921.1288316372872
929.81,7.731097,01c12b8c-364f-4208-9bfd-90ef89bee491,Star Lamp,2961,nm,absorbance,921.3025345400409
929.984,4.641189,01c12b8c-364f-4208-9bfd-90ef89bee491,Star Lamp,2962,nm,absorbance,921.4752448547791
930.159,8.256499000000002,01c12b8c-364f-4208-9bfd-90ef89bee491,Star Lamp,2963,nm,absorbance,921.6489477575328
930.334,8.987018000000003,01c12b8c-364f-4208-9bfd-90ef89bee491,Star Lamp,2964,nm,absorbance,921.8226506602865
930.508,10.166903,01c12b8c-364f-4208-9bfd-90ef89bee491,Star Lamp,2965,nm,absorbance,921.9953609750247
930.683,7.024485999999999,01c12b8c-364f-4208-9bfd-90ef89bee491,Star Lamp,2966,nm,absorbance,922.1690638777784
930.857,12.604758,01c12b8c-364f-4208-9bfd-90ef89bee491,Star Lamp,2967,nm,absorbance,922.3417741925165
931.032,13.488554,01c12b8c-364f-4208-9bfd-90ef89bee491,Star Lamp,2968,nm,absorbance,922.5154770952703
931.206,13.696165,01c12b8c-364f-4208-9bfd-90ef89bee491,Star Lamp,2969,nm,absorbance,922.6881874100083
931.381,10.488713,01c12b8c-364f-4208-9bfd-90ef89bee491,Star Lamp,2970,nm,absorbance,922.8618903127621
931.556,12.273205,01c12b8c-364f-4208-9bfd-90ef89bee491,Star Lamp,2971,nm,absorbance,923.0355932155159
931.73,17.619136,01c12b8c-364f-4208-9bfd-90ef89bee491,Star Lamp,2972,nm,absorbance,923.2083035302538
931.904,15.277831,01c12b8c-364f-4208-9bfd-90ef89bee491,Star Lamp,2973,nm,absorbance,923.3810138449919
932.079,9.790564,01c12b8c-364f-4208-9bfd-90ef89bee491,Star Lamp,2974,nm,absorbance,923.5547167477456
932.253,3.766549,01c12b8c-364f-4208-9bfd-90ef89bee491,Star Lamp,2975,nm,absorbance,923.7274270624837
932.428,6.146213,01c12b8c-364f-4208-9bfd-90ef89bee491,Star Lamp,2976,nm,absorbance,923.9011299652375
932.602,9.45434,01c12b8c-364f-4208-9bfd-90ef89bee491,Star Lamp,2977,nm,absorbance,924.0738402799755
932.777,10.873698,01c12b8c-364f-4208-9bfd-90ef89bee491,Star Lamp,2978,nm,absorbance,924.2475431827293
932.951,8.510442999999999,01c12b8c-364f-4208-9bfd-90ef89bee491,Star Lamp,2979,nm,absorbance,924.4202534974673
933.125,8.232804,01c12b8c-364f-4208-9bfd-90ef89bee491,Star Lamp,2980,nm,absorbance,924.5929638122053
933.3,4.975572,01c12b8c-364f-4208-9bfd-90ef89bee491,Star Lamp,2981,nm,absorbance,924.766666714959
933.474,6.610481,01c12b8c-364f-4208-9bfd-90ef89bee491,Star Lamp,2982,nm,absorbance,924.9393770296972
933.648,7.242982,01c12b8c-364f-4208-9bfd-90ef89bee491,Star Lamp,2983,nm,absorbance,925.1120873444352
933.823,6.982212,01c12b8c-364f-4208-9bfd-90ef89bee491,Star Lamp,2984,nm,absorbance,925.285790247189
933.997,4.1645520000000005,01c12b8c-364f-4208-9bfd-90ef89bee491,Star Lamp,2985,nm,absorbance,925.4585005619269
934.171,1.4660689999999998,01c12b8c-364f-4208-9bfd-90ef89bee491,Star Lamp,2986,nm,absorbance,925.631210876665
934.345,0.6318320000000001,01c12b8c-364f-4208-9bfd-90ef89bee491,Star Lamp,2987,nm,absorbance,925.8039211914031
934.52,-1.124772,01c12b8c-364f-4208-9bfd-90ef89bee491,Star Lamp,2988,nm,absorbance,925.9776240941568
934.694,4.1269860000000005,01c12b8c-364f-4208-9bfd-90ef89bee491,Star Lamp,2989,nm,absorbance,926.1503344088948
934.868,7.654775000000001,01c12b8c-364f-4208-9bfd-90ef89bee491,Star Lamp,2990,nm,absorbance,926.323044723633
935.042,12.628829,01c12b8c-364f-4208-9bfd-90ef89bee491,Star Lamp,2991,nm,absorbance,926.4957550383709
935.217,8.43001,01c12b8c-364f-4208-9bfd-90ef89bee491,Star Lamp,2992,nm,absorbance,926.6694579411247
935.391,5.710402,01c12b8c-364f-4208-9bfd-90ef89bee491,Star Lamp,2993,nm,absorbance,926.8421682558627
935.565,1.378406,01c12b8c-364f-4208-9bfd-90ef89bee491,Star Lamp,2994,nm,absorbance,927.0148785706008
935.739,1.4495299999999998,01c12b8c-364f-4208-9bfd-90ef89bee491,Star Lamp,2995,nm,absorbance,927.1875888853389
935.913,2.237825,01c12b8c-364f-4208-9bfd-90ef89bee491,Star Lamp,2996,nm,absorbance,927.3602992000768
936.087,8.28728,01c12b8c-364f-4208-9bfd-90ef89bee491,Star Lamp,2997,nm,absorbance,927.5330095148148
936.261,9.914562,01c12b8c-364f-4208-9bfd-90ef89bee491,Star Lamp,2998,nm,absorbance,927.7057198295529
936.435,10.932054,01c12b8c-364f-4208-9bfd-90ef89bee491,Star Lamp,2999,nm,absorbance,927.8784301442909
936.609,8.455085,01c12b8c-364f-4208-9bfd-90ef89bee491,Star Lamp,3000,nm,absorbance,928.051140459029
936.783,9.576422,01c12b8c-364f-4208-9bfd-90ef89bee491,Star Lamp,3001,nm,absorbance,928.223850773767
936.957,11.499282,01c12b8c-364f-4208-9bfd-90ef89bee491,Star Lamp,3002,nm,absorbance,928.396561088505
937.131,9.670357,01c12b8c-364f-4208-9bfd-90ef89bee491,Star Lamp,3003,nm,absorbance,928.5692714032431
937.305,6.883214000000001,01c12b8c-364f-4208-9bfd-90ef89bee491,Star Lamp,3004,nm,absorbance,928.741981717981
937.479,6.968293,01c12b8c-364f-4208-9bfd-90ef89bee491,Star Lamp,3005,nm,absorbance,928.9146920327192
937.653,5.0224400000000005,01c12b8c-364f-4208-9bfd-90ef89bee491,Star Lamp,3006,nm,absorbance,929.0874023474572
937.827,4.1418610000000005,01c12b8c-364f-4208-9bfd-90ef89bee491,Star Lamp,3007,nm,absorbance,929.2601126621952
938.001,3.953278,01c12b8c-364f-4208-9bfd-90ef89bee491,Star Lamp,3008,nm,absorbance,929.4328229769333
938.175,5.097274,01c12b8c-364f-4208-9bfd-90ef89bee491,Star Lamp,3009,nm,absorbance,929.6055332916712
938.349,6.225386,01c12b8c-364f-4208-9bfd-90ef89bee491,Star Lamp,3010,nm,absorbance,929.7782436064093
938.523,1.6813760000000002,01c12b8c-364f-4208-9bfd-90ef89bee491,Star Lamp,3011,nm,absorbance,929.9509539211474
938.697,0.048542,01c12b8c-364f-4208-9bfd-90ef89bee491,Star Lamp,3012,nm,absorbance,930.1236642358854
938.87,-2.598335,01c12b8c-364f-4208-9bfd-90ef89bee491,Star Lamp,3013,nm,absorbance,930.2953819626077
939.044,-0.9296180000000002,01c12b8c-364f-4208-9bfd-90ef89bee491,Star Lamp,3014,nm,absorbance,930.4680922773457
939.218,-0.3819390000000001,01c12b8c-364f-4208-9bfd-90ef89bee491,Star Lamp,3015,nm,absorbance,930.6408025920837
939.392,4.886852,01c12b8c-364f-4208-9bfd-90ef89bee491,Star Lamp,3016,nm,absorbance,930.8135129068219
939.566,4.665133,01c12b8c-364f-4208-9bfd-90ef89bee491,Star Lamp,3017,nm,absorbance,930.9862232215598
939.739,3.4327499999999995,01c12b8c-364f-4208-9bfd-90ef89bee491,Star Lamp,3018,nm,absorbance,931.1579409482822
939.913,3.2430499999999998,01c12b8c-364f-4208-9bfd-90ef89bee491,Star Lamp,3019,nm,absorbance,931.3306512630202
940.087,1.290471,01c12b8c-364f-4208-9bfd-90ef89bee491,Star Lamp,3020,nm,absorbance,931.5033615777581
940.261,6.464032,01c12b8c-364f-4208-9bfd-90ef89bee491,Star Lamp,3021,nm,absorbance,931.6760718924962
940.434,5.048252,01c12b8c-364f-4208-9bfd-90ef89bee491,Star Lamp,3022,nm,absorbance,931.8477896192185
940.608,5.240970999999999,01c12b8c-364f-4208-9bfd-90ef89bee491,Star Lamp,3023,nm,absorbance,932.0204999339566
940.782,0.168772,01c12b8c-364f-4208-9bfd-90ef89bee491,Star Lamp,3024,nm,absorbance,932.1932102486946
940.955,-1.9072050000000005,01c12b8c-364f-4208-9bfd-90ef89bee491,Star Lamp,3025,nm,absorbance,932.3649279754169
941.129,0.2827479999999999,01c12b8c-364f-4208-9bfd-90ef89bee491,Star Lamp,3026,nm,absorbance,932.537638290155
941.302,0.2398560000000002,01c12b8c-364f-4208-9bfd-90ef89bee491,Star Lamp,3027,nm,absorbance,932.7093560168772
941.476,3.614439,01c12b8c-364f-4208-9bfd-90ef89bee491,Star Lamp,3028,nm,absorbance,932.8820663316153
941.65,0.8829890000000002,01c12b8c-364f-4208-9bfd-90ef89bee491,Star Lamp,3029,nm,absorbance,933.0547766463533
941.823,5.524669,01c12b8c-364f-4208-9bfd-90ef89bee491,Star Lamp,3030,nm,absorbance,933.2264943730756
941.997,5.474798,01c12b8c-364f-4208-9bfd-90ef89bee491,Star Lamp,3031,nm,absorbance,933.3992046878136
942.17,7.1406290000000014,01c12b8c-364f-4208-9bfd-90ef89bee491,Star Lamp,3032,nm,absorbance,933.5709224145359
942.344,9.620621,01c12b8c-364f-4208-9bfd-90ef89bee491,Star Lamp,3033,nm,absorbance,933.743632729274
942.517,11.987959,01c12b8c-364f-4208-9bfd-90ef89bee491,Star Lamp,3034,nm,absorbance,933.9153504559963
942.691,9.967325,01c12b8c-364f-4208-9bfd-90ef89bee491,Star Lamp,3035,nm,absorbance,934.0880607707344
942.864,7.666809000000001,01c12b8c-364f-4208-9bfd-90ef89bee491,Star Lamp,3036,nm,absorbance,934.2597784974566
943.038,3.167648,01c12b8c-364f-4208-9bfd-90ef89bee491,Star Lamp,3037,nm,absorbance,934.4324888121946
943.211,8.483981,01c12b8c-364f-4208-9bfd-90ef89bee491,Star Lamp,3038,nm,absorbance,934.604206538917
943.385,2.788112,01c12b8c-364f-4208-9bfd-90ef89bee491,Star Lamp,3039,nm,absorbance,934.7769168536549
943.558,-0.2345830000000001,01c12b8c-364f-4208-9bfd-90ef89bee491,Star Lamp,3040,nm,absorbance,934.9486345803773
943.731,-4.016069,01c12b8c-364f-4208-9bfd-90ef89bee491,Star Lamp,3041,nm,absorbance,935.1203523070996
943.905,2.103411,01c12b8c-364f-4208-9bfd-90ef89bee491,Star Lamp,3042,nm,absorbance,935.2930626218376
944.078,2.981763,01c12b8c-364f-4208-9bfd-90ef89bee491,Star Lamp,3043,nm,absorbance,935.4647803485599
944.251,5.678035,01c12b8c-364f-4208-9bfd-90ef89bee491,Star Lamp,3044,nm,absorbance,935.6364980752821
944.425,3.862315,01c12b8c-364f-4208-9bfd-90ef89bee491,Star Lamp,3045,nm,absorbance,935.8092083900202
944.598,6.975215,01c12b8c-364f-4208-9bfd-90ef89bee491,Star Lamp,3046,nm,absorbance,935.9809261167425
944.771,7.600575999999999,01c12b8c-364f-4208-9bfd-90ef89bee491,Star Lamp,3047,nm,absorbance,936.1526438434648
944.945,8.996147000000002,01c12b8c-364f-4208-9bfd-90ef89bee491,Star Lamp,3048,nm,absorbance,936.3253541582029
945.118,7.463872999999999,01c12b8c-364f-4208-9bfd-90ef89bee491,Star Lamp,3049,nm,absorbance,936.4970718849253
945.291,5.753033,01c12b8c-364f-4208-9bfd-90ef89bee491,Star Lamp,3050,nm,absorbance,936.6687896116475
945.464,2.656429,01c12b8c-364f-4208-9bfd-90ef89bee491,Star Lamp,3051,nm,absorbance,936.8405073383699
945.638,3.229735,01c12b8c-364f-4208-9bfd-90ef89bee491,Star Lamp,3052,nm,absorbance,937.0132176531079
945.811,1.7493449999999997,01c12b8c-364f-4208-9bfd-90ef89bee491,Star Lamp,3053,nm,absorbance,937.1849353798301
945.984,2.844252,01c12b8c-364f-4208-9bfd-90ef89bee491,Star Lamp,3054,nm,absorbance,937.3566531065525
946.157,4.745506999999999,01c12b8c-364f-4208-9bfd-90ef89bee491,Star Lamp,3055,nm,absorbance,937.5283708332747
946.33,3.6633900000000006,01c12b8c-364f-4208-9bfd-90ef89bee491,Star Lamp,3056,nm,absorbance,937.7000885599971
946.503,6.206732,01c12b8c-364f-4208-9bfd-90ef89bee491,Star Lamp,3057,nm,absorbance,937.8718062867193
946.677,5.897002999999999,01c12b8c-364f-4208-9bfd-90ef89bee491,Star Lamp,3058,nm,absorbance,938.0445166014574
946.85,13.172129000000002,01c12b8c-364f-4208-9bfd-90ef89bee491,Star Lamp,3059,nm,absorbance,938.2162343281797
947.023,9.631298,01c12b8c-364f-4208-9bfd-90ef89bee491,Star Lamp,3060,nm,absorbance,938.3879520549019
947.196,14.334967,01c12b8c-364f-4208-9bfd-90ef89bee491,Star Lamp,3061,nm,absorbance,938.5596697816243
947.369,11.326977,01c12b8c-364f-4208-9bfd-90ef89bee491,Star Lamp,3062,nm,absorbance,938.7313875083465
947.542,15.707163000000005,01c12b8c-364f-4208-9bfd-90ef89bee491,Star Lamp,3063,nm,absorbance,938.9031052350689
947.715,10.758304,01c12b8c-364f-4208-9bfd-90ef89bee491,Star Lamp,3064,nm,absorbance,939.0748229617911
947.888,10.023788,01c12b8c-364f-4208-9bfd-90ef89bee491,Star Lamp,3065,nm,absorbance,939.2465406885135
948.061,8.088168,01c12b8c-364f-4208-9bfd-90ef89bee491,Star Lamp,3066,nm,absorbance,939.4182584152358
948.234,8.195936999999999,01c12b8c-364f-4208-9bfd-90ef89bee491,Star Lamp,3067,nm,absorbance,939.5899761419581
948.407,7.362549999999997,01c12b8c-364f-4208-9bfd-90ef89bee491,Star Lamp,3068,nm,absorbance,939.7616938686804
948.58,7.221964,01c12b8c-364f-4208-9bfd-90ef89bee491,Star Lamp,3069,nm,absorbance,939.9334115954027
948.753,4.337262999999999,01c12b8c-364f-4208-9bfd-90ef89bee491,Star Lamp,3070,nm,absorbance,940.105129322125
948.926,7.825359999999999,01c12b8c-364f-4208-9bfd-90ef89bee491,Star Lamp,3071,nm,absorbance,940.2768470488472
949.099,6.160166000000001,01c12b8c-364f-4208-9bfd-90ef89bee491,Star Lamp,3072,nm,absorbance,940.4485647755696
949.271,9.129231,01c12b8c-364f-4208-9bfd-90ef89bee491,Star Lamp,3073,nm,absorbance,940.619289914276
949.444,6.687736000000001,01c12b8c-364f-4208-9bfd-90ef89bee491,Star Lamp,3074,nm,absorbance,940.7910076409984
949.617,6.681588,01c12b8c-364f-4208-9bfd-90ef89bee491,Star Lamp,3075,nm,absorbance,940.9627253677206
949.79,4.442834,01c12b8c-364f-4208-9bfd-90ef89bee491,Star Lamp,3076,nm,absorbance,941.134443094443
949.963,6.472452,01c12b8c-364f-4208-9bfd-90ef89bee491,Star Lamp,3077,nm,absorbance,941.3061608211652
950.136,8.278278,01c12b8c-364f-4208-9bfd-90ef89bee491,Star Lamp,3078,nm,absorbance,941.4778785478876
950.308,9.617308,01c12b8c-364f-4208-9bfd-90ef89bee491,Star Lamp,3079,nm,absorbance,941.6486036865941
950.481,3.721433,01c12b8c-364f-4208-9bfd-90ef89bee491,Star Lamp,3080,nm,absorbance,941.8203214133165
950.654,3.18712,01c12b8c-364f-4208-9bfd-90ef89bee491,Star Lamp,3081,nm,absorbance,941.9920391400387
950.827,4.91898,01c12b8c-364f-4208-9bfd-90ef89bee491,Star Lamp,3082,nm,absorbance,942.1637568667611
950.999,8.643888,01c12b8c-364f-4208-9bfd-90ef89bee491,Star Lamp,3083,nm,absorbance,942.3344820054676
951.172,10.579468000000002,01c12b8c-364f-4208-9bfd-90ef89bee491,Star Lamp,3084,nm,absorbance,942.5061997321899
951.345,9.033071,01c12b8c-364f-4208-9bfd-90ef89bee491,Star Lamp,3085,nm,absorbance,942.6779174589122
951.517,10.371587,01c12b8c-364f-4208-9bfd-90ef89bee491,Star Lamp,3086,nm,absorbance,942.8486425976188
951.69,10.570341000000004,01c12b8c-364f-4208-9bfd-90ef89bee491,Star Lamp,3087,nm,absorbance,943.0203603243411
951.863,11.02794,01c12b8c-364f-4208-9bfd-90ef89bee491,Star Lamp,3088,nm,absorbance,943.1920780510634
952.035,11.609728,01c12b8c-364f-4208-9bfd-90ef89bee491,Star Lamp,3089,nm,absorbance,943.3628031897699
952.208,10.730586,01c12b8c-364f-4208-9bfd-90ef89bee491,Star Lamp,3090,nm,absorbance,943.5345209164922
952.381,8.168107000000001,01c12b8c-364f-4208-9bfd-90ef89bee491,Star Lamp,3091,nm,absorbance,943.7062386432145
952.553,5.466074,01c12b8c-364f-4208-9bfd-90ef89bee491,Star Lamp,3092,nm,absorbance,943.8769637819211
952.726,2.2739710000000004,01c12b8c-364f-4208-9bfd-90ef89bee491,Star Lamp,3093,nm,absorbance,944.0486815086434
952.898,4.418926999999999,01c12b8c-364f-4208-9bfd-90ef89bee491,Star Lamp,3094,nm,absorbance,944.21940664735
953.071,2.036274,01c12b8c-364f-4208-9bfd-90ef89bee491,Star Lamp,3095,nm,absorbance,944.3911243740723
953.243,3.347509,01c12b8c-364f-4208-9bfd-90ef89bee491,Star Lamp,3096,nm,absorbance,944.5618495127788
953.416,-0.488212,01c12b8c-364f-4208-9bfd-90ef89bee491,Star Lamp,3097,nm,absorbance,944.7335672395012
953.588,2.5602720000000003,01c12b8c-364f-4208-9bfd-90ef89bee491,Star Lamp,3098,nm,absorbance,944.9042923782076
953.761,1.334082,01c12b8c-364f-4208-9bfd-90ef89bee491,Star Lamp,3099,nm,absorbance,945.07601010493
953.933,1.38856,01c12b8c-364f-4208-9bfd-90ef89bee491,Star Lamp,3100,nm,absorbance,945.2467352436365
954.106,-1.32416,01c12b8c-364f-4208-9bfd-90ef89bee491,Star Lamp,3101,nm,absorbance,945.4184529703589
954.278,1.07485,01c12b8c-364f-4208-9bfd-90ef89bee491,Star Lamp,3102,nm,absorbance,945.5891781090654
954.45,4.239831,01c12b8c-364f-4208-9bfd-90ef89bee491,Star Lamp,3103,nm,absorbance,945.7599032477721
954.623,3.512773,01c12b8c-364f-4208-9bfd-90ef89bee491,Star Lamp,3104,nm,absorbance,945.9316209744943
954.795,-1.5000209999999998,01c12b8c-364f-4208-9bfd-90ef89bee491,Star Lamp,3105,nm,absorbance,946.1023461132008
954.967,-3.726413,01c12b8c-364f-4208-9bfd-90ef89bee491,Star Lamp,3106,nm,absorbance,946.2730712519074
955.14,3.4283270000000003,01c12b8c-364f-4208-9bfd-90ef89bee491,Star Lamp,3107,nm,absorbance,946.4447889786297
955.312,7.577351,01c12b8c-364f-4208-9bfd-90ef89bee491,Star Lamp,3108,nm,absorbance,946.6155141173363
955.484,7.532052,01c12b8c-364f-4208-9bfd-90ef89bee491,Star Lamp,3109,nm,absorbance,946.7862392560429
955.657,4.151707,01c12b8c-364f-4208-9bfd-90ef89bee491,Star Lamp,3110,nm,absorbance,946.9579569827652
955.829,5.149084,01c12b8c-364f-4208-9bfd-90ef89bee491,Star Lamp,3111,nm,absorbance,947.1286821214717
956.001,4.859073,01c12b8c-364f-4208-9bfd-90ef89bee491,Star Lamp,3112,nm,absorbance,947.2994072601782
956.173,6.043329,01c12b8c-364f-4208-9bfd-90ef89bee491,Star Lamp,3113,nm,absorbance,947.4701323988849
956.346,6.615359,01c12b8c-364f-4208-9bfd-90ef89bee491,Star Lamp,3114,nm,absorbance,947.6418501256071
956.518,11.244653,01c12b8c-364f-4208-9bfd-90ef89bee491,Star Lamp,3115,nm,absorbance,947.8125752643138
956.69,8.64268,01c12b8c-364f-4208-9bfd-90ef89bee491,Star Lamp,3116,nm,absorbance,947.9833004030203
956.862,5.026473999999999,01c12b8c-364f-4208-9bfd-90ef89bee491,Star Lamp,3117,nm,absorbance,948.1540255417268
957.034,3.833145000000001,01c12b8c-364f-4208-9bfd-90ef89bee491,Star Lamp,3118,nm,absorbance,948.3247506804333
957.207,0.815463,01c12b8c-364f-4208-9bfd-90ef89bee491,Star Lamp,3119,nm,absorbance,948.4964684071557
957.379,2.755074,01c12b8c-364f-4208-9bfd-90ef89bee491,Star Lamp,3120,nm,absorbance,948.6671935458622
957.551,4.314981,01c12b8c-364f-4208-9bfd-90ef89bee491,Star Lamp,3121,nm,absorbance,948.8379186845689
957.723,7.427843,01c12b8c-364f-4208-9bfd-90ef89bee491,Star Lamp,3122,nm,absorbance,949.0086438232753
957.895,8.845331999999999,01c12b8c-364f-4208-9bfd-90ef89bee491,Star Lamp,3123,nm,absorbance,949.1793689619819
958.067,4.6250160000000005,01c12b8c-364f-4208-9bfd-90ef89bee491,Star Lamp,3124,nm,absorbance,949.3500941006885
958.239,6.192079,01c12b8c-364f-4208-9bfd-90ef89bee491,Star Lamp,3125,nm,absorbance,949.5208192393951
958.411,5.729028,01c12b8c-364f-4208-9bfd-90ef89bee491,Star Lamp,3126,nm,absorbance,949.6915443781015
958.583,5.843128,01c12b8c-364f-4208-9bfd-90ef89bee491,Star Lamp,3127,nm,absorbance,949.8622695168082
958.755,5.794783000000001,01c12b8c-364f-4208-9bfd-90ef89bee491,Star Lamp,3128,nm,absorbance,950.0329946555147
958.927,4.507415,01c12b8c-364f-4208-9bfd-90ef89bee491,Star Lamp,3129,nm,absorbance,950.2037197942213
959.099,6.707496000000001,01c12b8c-364f-4208-9bfd-90ef89bee491,Star Lamp,3130,nm,absorbance,950.3744449329279
959.271,0.7584299999999999,01c12b8c-364f-4208-9bfd-90ef89bee491,Star Lamp,3131,nm,absorbance,950.5451700716344
959.443,1.906774,01c12b8c-364f-4208-9bfd-90ef89bee491,Star Lamp,3132,nm,absorbance,950.7158952103409
959.615,0.863541,01c12b8c-364f-4208-9bfd-90ef89bee491,Star Lamp,3133,nm,absorbance,950.8866203490476
959.787,5.906223000000001,01c12b8c-364f-4208-9bfd-90ef89bee491,Star Lamp,3134,nm,absorbance,951.0573454877541
959.959,4.357343,01c12b8c-364f-4208-9bfd-90ef89bee491,Star Lamp,3135,nm,absorbance,951.2280706264606
960.13,5.625985,01c12b8c-364f-4208-9bfd-90ef89bee491,Star Lamp,3136,nm,absorbance,951.3978031771516
960.302,4.351438,01c12b8c-364f-4208-9bfd-90ef89bee491,Star Lamp,3137,nm,absorbance,951.5685283158581
960.474,5.273855,01c12b8c-364f-4208-9bfd-90ef89bee491,Star Lamp,3138,nm,absorbance,951.7392534545647
960.646,5.234537,01c12b8c-364f-4208-9bfd-90ef89bee491,Star Lamp,3139,nm,absorbance,951.9099785932711
960.818,11.012628000000005,01c12b8c-364f-4208-9bfd-90ef89bee491,Star Lamp,3140,nm,absorbance,952.0807037319778
960.99,10.491159,01c12b8c-364f-4208-9bfd-90ef89bee491,Star Lamp,3141,nm,absorbance,952.2514288706843
961.161,10.611731,01c12b8c-364f-4208-9bfd-90ef89bee491,Star Lamp,3142,nm,absorbance,952.4211614213751
961.333,8.807673,01c12b8c-364f-4208-9bfd-90ef89bee491,Star Lamp,3143,nm,absorbance,952.5918865600817
961.505,11.405172,01c12b8c-364f-4208-9bfd-90ef89bee491,Star Lamp,3144,nm,absorbance,952.7626116987883
961.677,5.349705,01c12b8c-364f-4208-9bfd-90ef89bee491,Star Lamp,3145,nm,absorbance,952.9333368374948
961.848,3.683809,01c12b8c-364f-4208-9bfd-90ef89bee491,Star Lamp,3146,nm,absorbance,953.1030693881856
962.02,2.178722,01c12b8c-364f-4208-9bfd-90ef89bee491,Star Lamp,3147,nm,absorbance,953.2737945268922
962.192,5.753553999999999,01c12b8c-364f-4208-9bfd-90ef89bee491,Star Lamp,3148,nm,absorbance,953.4445196655988
962.363,6.681389999999999,01c12b8c-364f-4208-9bfd-90ef89bee491,Star Lamp,3149,nm,absorbance,953.6142522162896
962.535,4.539283,01c12b8c-364f-4208-9bfd-90ef89bee491,Star Lamp,3150,nm,absorbance,953.7849773549962
962.707,6.430001,01c12b8c-364f-4208-9bfd-90ef89bee491,Star Lamp,3151,nm,absorbance,953.9557024937027
962.878,5.4009920000000005,01c12b8c-364f-4208-9bfd-90ef89bee491,Star Lamp,3152,nm,absorbance,954.1254350443936
963.05,9.619696,01c12b8c-364f-4208-9bfd-90ef89bee491,Star Lamp,3153,nm,absorbance,954.2961601831001
963.221,11.471057,01c12b8c-364f-4208-9bfd-90ef89bee491,Star Lamp,3154,nm,absorbance,954.465892733791
963.393,8.100339,01c12b8c-364f-4208-9bfd-90ef89bee491,Star Lamp,3155,nm,absorbance,954.6366178724976
963.564,4.579081,01c12b8c-364f-4208-9bfd-90ef89bee491,Star Lamp,3156,nm,absorbance,954.8063504231883
963.736,1.293231,01c12b8c-364f-4208-9bfd-90ef89bee491,Star Lamp,3157,nm,absorbance,954.9770755618949
963.907,0.4394860000000001,01c12b8c-364f-4208-9bfd-90ef89bee491,Star Lamp,3158,nm,absorbance,955.1468081125857
964.079,-0.5545000000000002,01c12b8c-364f-4208-9bfd-90ef89bee491,Star Lamp,3159,nm,absorbance,955.3175332512923
964.25,5.507937,01c12b8c-364f-4208-9bfd-90ef89bee491,Star Lamp,3160,nm,absorbance,955.4872658019831
964.422,10.929576,01c12b8c-364f-4208-9bfd-90ef89bee491,Star Lamp,3161,nm,absorbance,955.6579909406897
964.593,7.360359,01c12b8c-364f-4208-9bfd-90ef89bee491,Star Lamp,3162,nm,absorbance,955.8277234913805
964.765,3.439063,01c12b8c-364f-4208-9bfd-90ef89bee491,Star Lamp,3163,nm,absorbance,955.9984486300871
964.936,-1.379792,01c12b8c-364f-4208-9bfd-90ef89bee491,Star Lamp,3164,nm,absorbance,956.168181180778
965.108,3.473307,01c12b8c-364f-4208-9bfd-90ef89bee491,Star Lamp,3165,nm,absorbance,956.3389063194844
965.279,2.564643,01c12b8c-364f-4208-9bfd-90ef89bee491,Star Lamp,3166,nm,absorbance,956.5086388701753
965.45,7.183923,01c12b8c-364f-4208-9bfd-90ef89bee491,Star Lamp,3167,nm,absorbance,956.6783714208661
965.622,7.640782,01c12b8c-364f-4208-9bfd-90ef89bee491,Star Lamp,3168,nm,absorbance,956.8490965595727
965.793,8.044858,01c12b8c-364f-4208-9bfd-90ef89bee491,Star Lamp,3169,nm,absorbance,957.0188291102635
965.964,9.33083,01c12b8c-364f-4208-9bfd-90ef89bee491,Star Lamp,3170,nm,absorbance,957.1885616609544
966.136,6.240239,01c12b8c-364f-4208-9bfd-90ef89bee491,Star Lamp,3171,nm,absorbance,957.3592867996609
966.307,7.077259000000001,01c12b8c-364f-4208-9bfd-90ef89bee491,Star Lamp,3172,nm,absorbance,957.5290193503517
966.478,1.057916,01c12b8c-364f-4208-9bfd-90ef89bee491,Star Lamp,3173,nm,absorbance,957.6987519010426
966.65,6.29692,01c12b8c-364f-4208-9bfd-90ef89bee491,Star Lamp,3174,nm,absorbance,957.8694770397491
966.821,6.946408,01c12b8c-364f-4208-9bfd-90ef89bee491,Star Lamp,3175,nm,absorbance,958.03920959044
966.992,4.84088,01c12b8c-364f-4208-9bfd-90ef89bee491,Star Lamp,3176,nm,absorbance,958.2089421411307
967.163,1.4274079999999998,01c12b8c-364f-4208-9bfd-90ef89bee491,Star Lamp,3177,nm,absorbance,958.3786746918216
967.334,-1.023851,01c12b8c-364f-4208-9bfd-90ef89bee491,Star Lamp,3178,nm,absorbance,958.5484072425124
967.506,6.033347,01c12b8c-364f-4208-9bfd-90ef89bee491,Star Lamp,3179,nm,absorbance,958.719132381219
967.677,10.94208,01c12b8c-364f-4208-9bfd-90ef89bee491,Star Lamp,3180,nm,absorbance,958.8888649319099
967.848,7.382497000000001,01c12b8c-364f-4208-9bfd-90ef89bee491,Star Lamp,3181,nm,absorbance,959.0585974826006
968.019,7.699820000000001,01c12b8c-364f-4208-9bfd-90ef89bee491,Star Lamp,3182,nm,absorbance,959.2283300332915
968.19,3.883019,01c12b8c-364f-4208-9bfd-90ef89bee491,Star Lamp,3183,nm,absorbance,959.3980625839823
968.361,9.427491,01c12b8c-364f-4208-9bfd-90ef89bee491,Star Lamp,3184,nm,absorbance,959.5677951346731
968.532,10.631878,01c12b8c-364f-4208-9bfd-90ef89bee491,Star Lamp,3185,nm,absorbance,959.7375276853641
968.703,12.1895,01c12b8c-364f-4208-9bfd-90ef89bee491,Star Lamp,3186,nm,absorbance,959.9072602360548
968.874,10.9539,01c12b8c-364f-4208-9bfd-90ef89bee491,Star Lamp,3187,nm,absorbance,960.0769927867457
969.045,7.257664,01c12b8c-364f-4208-9bfd-90ef89bee491,Star Lamp,3188,nm,absorbance,960.2467253374364
969.216,7.561946000000001,01c12b8c-364f-4208-9bfd-90ef89bee491,Star Lamp,3189,nm,absorbance,960.4164578881273
969.387,8.924531,01c12b8c-364f-4208-9bfd-90ef89bee491,Star Lamp,3190,nm,absorbance,960.5861904388181
969.558,9.022019,01c12b8c-364f-4208-9bfd-90ef89bee491,Star Lamp,3191,nm,absorbance,960.7559229895089
969.729,6.873575,01c12b8c-364f-4208-9bfd-90ef89bee491,Star Lamp,3192,nm,absorbance,960.9256555401998
969.9,-0.9213839999999998,01c12b8c-364f-4208-9bfd-90ef89bee491,Star Lamp,3193,nm,absorbance,961.0953880908905
970.071,-3.06922,01c12b8c-364f-4208-9bfd-90ef89bee491,Star Lamp,3194,nm,absorbance,961.2651206415815
970.242,-4.145082,01c12b8c-364f-4208-9bfd-90ef89bee491,Star Lamp,3195,nm,absorbance,961.4348531922723
970.413,3.096116,01c12b8c-364f-4208-9bfd-90ef89bee491,Star Lamp,3196,nm,absorbance,961.6045857429631
970.584,8.076716000000001,01c12b8c-364f-4208-9bfd-90ef89bee491,Star Lamp,3197,nm,absorbance,961.7743182936539
970.755,9.438961,01c12b8c-364f-4208-9bfd-90ef89bee491,Star Lamp,3198,nm,absorbance,961.9440508443447
970.926,7.81837,01c12b8c-364f-4208-9bfd-90ef89bee491,Star Lamp,3199,nm,absorbance,962.1137833950356
971.097,1.113709,01c12b8c-364f-4208-9bfd-90ef89bee491,Star Lamp,3200,nm,absorbance,962.2835159457263
971.267,3.807385000000001,01c12b8c-364f-4208-9bfd-90ef89bee491,Star Lamp,3201,nm,absorbance,962.4522559084015
971.438,4.1237960000000005,01c12b8c-364f-4208-9bfd-90ef89bee491,Star Lamp,3202,nm,absorbance,962.6219884590923
971.609,5.378505,01c12b8c-364f-4208-9bfd-90ef89bee491,Star Lamp,3203,nm,absorbance,962.7917210097831
971.78,4.494815,01c12b8c-364f-4208-9bfd-90ef89bee491,Star Lamp,3204,nm,absorbance,962.961453560474
971.951,0.1311289999999998,01c12b8c-364f-4208-9bfd-90ef89bee491,Star Lamp,3205,nm,absorbance,963.1311861111648
972.121,5.262072999999999,01c12b8c-364f-4208-9bfd-90ef89bee491,Star Lamp,3206,nm,absorbance,963.2999260738399
972.292,5.870261,01c12b8c-364f-4208-9bfd-90ef89bee491,Star Lamp,3207,nm,absorbance,963.4696586245308
972.463,12.591442,01c12b8c-364f-4208-9bfd-90ef89bee491,Star Lamp,3208,nm,absorbance,963.6393911752215
972.633,12.255014,01c12b8c-364f-4208-9bfd-90ef89bee491,Star Lamp,3209,nm,absorbance,963.8081311378967
972.804,8.865668000000001,01c12b8c-364f-4208-9bfd-90ef89bee491,Star Lamp,3210,nm,absorbance,963.9778636885874
972.975,6.511777,01c12b8c-364f-4208-9bfd-90ef89bee491,Star Lamp,3211,nm,absorbance,964.1475962392783
973.145,2.248547,01c12b8c-364f-4208-9bfd-90ef89bee491,Star Lamp,3212,nm,absorbance,964.3163362019534
973.316,6.9656720000000005,01c12b8c-364f-4208-9bfd-90ef89bee491,Star Lamp,3213,nm,absorbance,964.4860687526442
973.487,3.872222,01c12b8c-364f-4208-9bfd-90ef89bee491,Star Lamp,3214,nm,absorbance,964.655801303335
973.657,10.517875999999998,01c12b8c-364f-4208-9bfd-90ef89bee491,Star Lamp,3215,nm,absorbance,964.8245412660102
973.828,4.94337,01c12b8c-364f-4208-9bfd-90ef89bee491,Star Lamp,3216,nm,absorbance,964.9942738167009
973.998,8.734304,01c12b8c-364f-4208-9bfd-90ef89bee491,Star Lamp,3217,nm,absorbance,965.1630137793761
974.169,1.6811089999999995,01c12b8c-364f-4208-9bfd-90ef89bee491,Star Lamp,3218,nm,absorbance,965.3327463300668
974.339,2.20921,01c12b8c-364f-4208-9bfd-90ef89bee491,Star Lamp,3219,nm,absorbance,965.501486292742
974.51,0.8562189999999997,01c12b8c-364f-4208-9bfd-90ef89bee491,Star Lamp,3220,nm,absorbance,965.6712188434328
974.68,-0.0696379999999997,01c12b8c-364f-4208-9bfd-90ef89bee491,Star Lamp,3221,nm,absorbance,965.8399588061078
974.851,6.898271000000001,01c12b8c-364f-4208-9bfd-90ef89bee491,Star Lamp,3222,nm,absorbance,966.0096913567987
975.021,11.933993,01c12b8c-364f-4208-9bfd-90ef89bee491,Star Lamp,3223,nm,absorbance,966.1784313194737
975.192,17.159062,01c12b8c-364f-4208-9bfd-90ef89bee491,Star Lamp,3224,nm,absorbance,966.3481638701646
975.362,10.826988,01c12b8c-364f-4208-9bfd-90ef89bee491,Star Lamp,3225,nm,absorbance,966.5169038328397
975.533,6.909080999999999,01c12b8c-364f-4208-9bfd-90ef89bee491,Star Lamp,3226,nm,absorbance,966.6866363835305
975.703,3.3369120000000003,01c12b8c-364f-4208-9bfd-90ef89bee491,Star Lamp,3227,nm,absorbance,966.8553763462056
975.874,6.196630000000001,01c12b8c-364f-4208-9bfd-90ef89bee491,Star Lamp,3228,nm,absorbance,967.0251088968965
976.044,6.4123,01c12b8c-364f-4208-9bfd-90ef89bee491,Star Lamp,3229,nm,absorbance,967.1938488595715
976.214,9.348789,01c12b8c-364f-4208-9bfd-90ef89bee491,Star Lamp,3230,nm,absorbance,967.3625888222467
976.385,8.444714999999999,01c12b8c-364f-4208-9bfd-90ef89bee491,Star Lamp,3231,nm,absorbance,967.5323213729374
976.555,8.787138,01c12b8c-364f-4208-9bfd-90ef89bee491,Star Lamp,3232,nm,absorbance,967.7010613356125
976.725,2.344276,01c12b8c-364f-4208-9bfd-90ef89bee491,Star Lamp,3233,nm,absorbance,967.8698012982877
976.896,1.1417349999999995,01c12b8c-364f-4208-9bfd-90ef89bee491,Star Lamp,3234,nm,absorbance,968.0395338489784
977.066,-2.688482,01c12b8c-364f-4208-9bfd-90ef89bee491,Star Lamp,3235,nm,absorbance,968.2082738116536
977.236,2.333412,01c12b8c-364f-4208-9bfd-90ef89bee491,Star Lamp,3236,nm,absorbance,968.3770137743287
977.406,1.1892239999999998,01c12b8c-364f-4208-9bfd-90ef89bee491,Star Lamp,3237,nm,absorbance,968.5457537370037
977.577,2.662506,01c12b8c-364f-4208-9bfd-90ef89bee491,Star Lamp,3238,nm,absorbance,968.7154862876946
977.747,-0.974735,01c12b8c-364f-4208-9bfd-90ef89bee491,Star Lamp,3239,nm,absorbance,968.8842262503697
977.917,2.927144,01c12b8c-364f-4208-9bfd-90ef89bee491,Star Lamp,3240,nm,absorbance,969.0529662130448
978.087,3.461627,01c12b8c-364f-4208-9bfd-90ef89bee491,Star Lamp,3241,nm,absorbance,969.2217061757199
978.257,10.434372,01c12b8c-364f-4208-9bfd-90ef89bee491,Star Lamp,3242,nm,absorbance,969.3904461383949
978.427,4.384413,01c12b8c-364f-4208-9bfd-90ef89bee491,Star Lamp,3243,nm,absorbance,969.55918610107
978.598,4.094219000000001,01c12b8c-364f-4208-9bfd-90ef89bee491,Star Lamp,3244,nm,absorbance,969.7289186517609
978.768,-0.2355530000000001,01c12b8c-364f-4208-9bfd-90ef89bee491,Star Lamp,3245,nm,absorbance,969.897658614436
978.938,0.2826770000000002,01c12b8c-364f-4208-9bfd-90ef89bee491,Star Lamp,3246,nm,absorbance,970.066398577111
979.108,0.553234,01c12b8c-364f-4208-9bfd-90ef89bee491,Star Lamp,3247,nm,absorbance,970.2351385397861
979.278,4.768987,01c12b8c-364f-4208-9bfd-90ef89bee491,Star Lamp,3248,nm,absorbance,970.4038785024612
979.448,5.182961000000001,01c12b8c-364f-4208-9bfd-90ef89bee491,Star Lamp,3249,nm,absorbance,970.5726184651363
979.618,6.219496,01c12b8c-364f-4208-9bfd-90ef89bee491,Star Lamp,3250,nm,absorbance,970.7413584278115
979.788,0.6481029999999999,01c12b8c-364f-4208-9bfd-90ef89bee491,Star Lamp,3251,nm,absorbance,970.9100983904865
979.958,-2.376679,01c12b8c-364f-4208-9bfd-90ef89bee491,Star Lamp,3252,nm,absorbance,971.0788383531616
980.128,-1.274696,01c12b8c-364f-4208-9bfd-90ef89bee491,Star Lamp,3253,nm,absorbance,971.2475783158368
980.298,0.3553469999999999,01c12b8c-364f-4208-9bfd-90ef89bee491,Star Lamp,3254,nm,absorbance,971.4163182785118
980.468,3.637624,01c12b8c-364f-4208-9bfd-90ef89bee491,Star Lamp,3255,nm,absorbance,971.5850582411869
980.638,3.8077650000000007,01c12b8c-364f-4208-9bfd-90ef89bee491,Star Lamp,3256,nm,absorbance,971.7537982038621
980.808,1.5911190000000002,01c12b8c-364f-4208-9bfd-90ef89bee491,Star Lamp,3257,nm,absorbance,971.922538166537
980.978,6.392966,01c12b8c-364f-4208-9bfd-90ef89bee491,Star Lamp,3258,nm,absorbance,972.0912781292121
981.148,4.387415,01c12b8c-364f-4208-9bfd-90ef89bee491,Star Lamp,3259,nm,absorbance,972.2600180918872
981.317,6.421515000000001,01c12b8c-364f-4208-9bfd-90ef89bee491,Star Lamp,3260,nm,absorbance,972.4277654665466
981.487,4.664524000000001,01c12b8c-364f-4208-9bfd-90ef89bee491,Star Lamp,3261,nm,absorbance,972.5965054292217
981.657,1.7179900000000004,01c12b8c-364f-4208-9bfd-90ef89bee491,Star Lamp,3262,nm,absorbance,972.7652453918969
981.827,-0.3458969999999999,01c12b8c-364f-4208-9bfd-90ef89bee491,Star Lamp,3263,nm,absorbance,972.9339853545719
981.997,-2.106313,01c12b8c-364f-4208-9bfd-90ef89bee491,Star Lamp,3264,nm,absorbance,973.102725317247
982.167,-0.6039010000000002,01c12b8c-364f-4208-9bfd-90ef89bee491,Star Lamp,3265,nm,absorbance,973.271465279922
982.336,-0.861308,01c12b8c-364f-4208-9bfd-90ef89bee491,Star Lamp,3266,nm,absorbance,973.4392126545814
982.506,0.6702840000000002,01c12b8c-364f-4208-9bfd-90ef89bee491,Star Lamp,3267,nm,absorbance,973.6079526172565
982.676,4.505599000000001,01c12b8c-364f-4208-9bfd-90ef89bee491,Star Lamp,3268,nm,absorbance,973.7766925799316
982.846,4.567919000000001,01c12b8c-364f-4208-9bfd-90ef89bee491,Star Lamp,3269,nm,absorbance,973.9454325426067
983.015,4.790452,01c12b8c-364f-4208-9bfd-90ef89bee491,Star Lamp,3270,nm,absorbance,974.113179917266
983.185,0.7079610000000001,01c12b8c-364f-4208-9bfd-90ef89bee491,Star Lamp,3271,nm,absorbance,974.2819198799411
983.355,3.298756,01c12b8c-364f-4208-9bfd-90ef89bee491,Star Lamp,3272,nm,absorbance,974.4506598426162
983.524,1.3747189999999996,01c12b8c-364f-4208-9bfd-90ef89bee491,Star Lamp,3273,nm,absorbance,974.6184072172756
983.694,0.6832300000000002,01c12b8c-364f-4208-9bfd-90ef89bee491,Star Lamp,3274,nm,absorbance,974.7871471799507
983.864,-0.617084,01c12b8c-364f-4208-9bfd-90ef89bee491,Star Lamp,3275,nm,absorbance,974.9558871426258
984.033,1.199171,01c12b8c-364f-4208-9bfd-90ef89bee491,Star Lamp,3276,nm,absorbance,975.1236345172852
984.203,2.760732,01c12b8c-364f-4208-9bfd-90ef89bee491,Star Lamp,3277,nm,absorbance,975.2923744799602
984.372,1.701329,01c12b8c-364f-4208-9bfd-90ef89bee491,Star Lamp,3278,nm,absorbance,975.4601218546195
984.542,-1.26859,01c12b8c-364f-4208-9bfd-90ef89bee491,Star Lamp,3279,nm,absorbance,975.6288618172947
984.712,-0.67866,01c12b8c-364f-4208-9bfd-90ef89bee491,Star Lamp,3280,nm,absorbance,975.7976017799698
984.881,0.899156,01c12b8c-364f-4208-9bfd-90ef89bee491,Star Lamp,3281,nm,absorbance,975.965349154629
985.051,-3.0284280000000003,01c12b8c-364f-4208-9bfd-90ef89bee491,Star Lamp,3282,nm,absorbance,976.1340891173043
985.22,-3.650945,01c12b8c-364f-4208-9bfd-90ef89bee491,Star Lamp,3283,nm,absorbance,976.3018364919636
985.39,-4.273649000000001,01c12b8c-364f-4208-9bfd-90ef89bee491,Star Lamp,3284,nm,absorbance,976.4705764546386
985.559,-2.538974,01c12b8c-364f-4208-9bfd-90ef89bee491,Star Lamp,3285,nm,absorbance,976.638323829298
985.728,0.757448,01c12b8c-364f-4208-9bfd-90ef89bee491,Star Lamp,3286,nm,absorbance,976.8060712039573
985.898,0.933564,01c12b8c-364f-4208-9bfd-90ef89bee491,Star Lamp,3287,nm,absorbance,976.9748111666324
986.067,0.460553,01c12b8c-364f-4208-9bfd-90ef89bee491,Star Lamp,3288,nm,absorbance,977.1425585412918
986.237,-4.726085,01c12b8c-364f-4208-9bfd-90ef89bee491,Star Lamp,3289,nm,absorbance,977.3112985039669
986.406,-5.231246,01c12b8c-364f-4208-9bfd-90ef89bee491,Star Lamp,3290,nm,absorbance,977.4790458786263
986.576,2.895371,01c12b8c-364f-4208-9bfd-90ef89bee491,Star Lamp,3291,nm,absorbance,977.6477858413014
986.745,5.636340000000001,01c12b8c-364f-4208-9bfd-90ef89bee491,Star Lamp,3292,nm,absorbance,977.8155332159607
986.914,3.918662,01c12b8c-364f-4208-9bfd-90ef89bee491,Star Lamp,3293,nm,absorbance,977.9832805906201
987.084,4.268464,01c12b8c-364f-4208-9bfd-90ef89bee491,Star Lamp,3294,nm,absorbance,978.1520205532951
987.253,6.312721999999999,01c12b8c-364f-4208-9bfd-90ef89bee491,Star Lamp,3295,nm,absorbance,978.3197679279546
987.422,8.291006999999999,01c12b8c-364f-4208-9bfd-90ef89bee491,Star Lamp,3296,nm,absorbance,978.4875153026139
987.591,3.0965870000000004,01c12b8c-364f-4208-9bfd-90ef89bee491,Star Lamp,3297,nm,absorbance,978.6552626772732
987.761,0.7750060000000001,01c12b8c-364f-4208-9bfd-90ef89bee491,Star Lamp,3298,nm,absorbance,978.8240026399483
987.93,-0.137191,01c12b8c-364f-4208-9bfd-90ef89bee491,Star Lamp,3299,nm,absorbance,978.9917500146076
988.099,3.879318,01c12b8c-364f-4208-9bfd-90ef89bee491,Star Lamp,3300,nm,absorbance,979.159497389267
988.268,5.756036999999999,01c12b8c-364f-4208-9bfd-90ef89bee491,Star Lamp,3301,nm,absorbance,979.3272447639264
988.438,6.479092999999999,01c12b8c-364f-4208-9bfd-90ef89bee491,Star Lamp,3302,nm,absorbance,979.4959847266015
988.607,2.944739,01c12b8c-364f-4208-9bfd-90ef89bee491,Star Lamp,3303,nm,absorbance,979.6637321012608
988.776,-2.813661,01c12b8c-364f-4208-9bfd-90ef89bee491,Star Lamp,3304,nm,absorbance,979.8314794759201
988.945,-0.782794,01c12b8c-364f-4208-9bfd-90ef89bee491,Star Lamp,3305,nm,absorbance,979.9992268505796
989.114,-1.4672,01c12b8c-364f-4208-9bfd-90ef89bee491,Star Lamp,3306,nm,absorbance,980.166974225239
989.283,6.245125,01c12b8c-364f-4208-9bfd-90ef89bee491,Star Lamp,3307,nm,absorbance,980.3347215998982
989.452,7.121672000000001,01c12b8c-364f-4208-9bfd-90ef89bee491,Star Lamp,3308,nm,absorbance,980.5024689745576
989.621,8.946935999999999,01c12b8c-364f-4208-9bfd-90ef89bee491,Star Lamp,3309,nm,absorbance,980.670216349217
989.791,2.740262,01c12b8c-364f-4208-9bfd-90ef89bee491,Star Lamp,3310,nm,absorbance,980.8389563118922
989.96,2.7012410000000004,01c12b8c-364f-4208-9bfd-90ef89bee491,Star Lamp,3311,nm,absorbance,981.0067036865514
990.129,4.377466999999999,01c12b8c-364f-4208-9bfd-90ef89bee491,Star Lamp,3312,nm,absorbance,981.1744510612108
990.298,8.748467000000002,01c12b8c-364f-4208-9bfd-90ef89bee491,Star Lamp,3313,nm,absorbance,981.3421984358702
990.467,7.109275999999999,01c12b8c-364f-4208-9bfd-90ef89bee491,Star Lamp,3314,nm,absorbance,981.5099458105294
990.636,6.8876990000000005,01c12b8c-364f-4208-9bfd-90ef89bee491,Star Lamp,3315,nm,absorbance,981.6776931851888
990.805,2.275746,01c12b8c-364f-4208-9bfd-90ef89bee491,Star Lamp,3316,nm,absorbance,981.8454405598482
990.974,8.226756,01c12b8c-364f-4208-9bfd-90ef89bee491,Star Lamp,3317,nm,absorbance,982.0131879345076
991.142,4.366978,01c12b8c-364f-4208-9bfd-90ef89bee491,Star Lamp,3318,nm,absorbance,982.1799427211512
991.311,3.552989,01c12b8c-364f-4208-9bfd-90ef89bee491,Star Lamp,3319,nm,absorbance,982.3476900958105
991.48,-1.218338,01c12b8c-364f-4208-9bfd-90ef89bee491,Star Lamp,3320,nm,absorbance,982.5154374704699
991.649,0.2711599999999999,01c12b8c-364f-4208-9bfd-90ef89bee491,Star Lamp,3321,nm,absorbance,982.6831848451293
991.818,5.391109999999999,01c12b8c-364f-4208-9bfd-90ef89bee491,Star Lamp,3322,nm,absorbance,982.8509322197885
991.987,5.075045,01c12b8c-364f-4208-9bfd-90ef89bee491,Star Lamp,3323,nm,absorbance,983.0186795944479
992.156,9.392022,01c12b8c-364f-4208-9bfd-90ef89bee491,Star Lamp,3324,nm,absorbance,983.1864269691073
992.325,5.965752,01c12b8c-364f-4208-9bfd-90ef89bee491,Star Lamp,3325,nm,absorbance,983.3541743437667
992.493,1.734258999999999,01c12b8c-364f-4208-9bfd-90ef89bee491,Star Lamp,3326,nm,absorbance,983.5209291304103
992.662,-1.556399,01c12b8c-364f-4208-9bfd-90ef89bee491,Star Lamp,3327,nm,absorbance,983.6886765050697
992.831,-3.719186000000001,01c12b8c-364f-4208-9bfd-90ef89bee491,Star Lamp,3328,nm,absorbance,983.856423879729
993.0,1.87195,01c12b8c-364f-4208-9bfd-90ef89bee491,Star Lamp,3329,nm,absorbance,984.0241712543883
993.168,1.210681,01c12b8c-364f-4208-9bfd-90ef89bee491,Star Lamp,3330,nm,absorbance,984.190926041032
993.337,5.241434,01c12b8c-364f-4208-9bfd-90ef89bee491,Star Lamp,3331,nm,absorbance,984.3586734156913
993.506,1.495691,01c12b8c-364f-4208-9bfd-90ef89bee491,Star Lamp,3332,nm,absorbance,984.5264207903507
993.675,2.581029,01c12b8c-364f-4208-9bfd-90ef89bee491,Star Lamp,3333,nm,absorbance,984.69416816501
993.843,5.026458,01c12b8c-364f-4208-9bfd-90ef89bee491,Star Lamp,3334,nm,absorbance,984.8609229516536
994.012,9.249699,01c12b8c-364f-4208-9bfd-90ef89bee491,Star Lamp,3335,nm,absorbance,985.028670326313
994.181,9.514014,01c12b8c-364f-4208-9bfd-90ef89bee491,Star Lamp,3336,nm,absorbance,985.1964177009725
994.349,10.084053,01c12b8c-364f-4208-9bfd-90ef89bee491,Star Lamp,3337,nm,absorbance,985.363172487616
994.518,9.78656,01c12b8c-364f-4208-9bfd-90ef89bee491,Star Lamp,3338,nm,absorbance,985.5309198622754
994.686,6.663526999999999,01c12b8c-364f-4208-9bfd-90ef89bee491,Star Lamp,3339,nm,absorbance,985.697674648919
994.855,2.383197,01c12b8c-364f-4208-9bfd-90ef89bee491,Star Lamp,3340,nm,absorbance,985.8654220235784
995.024,-2.3864390000000006,01c12b8c-364f-4208-9bfd-90ef89bee491,Star Lamp,3341,nm,absorbance,986.0331693982376
995.192,-1.659478,01c12b8c-364f-4208-9bfd-90ef89bee491,Star Lamp,3342,nm,absorbance,986.1999241848813
995.361,-1.2454300000000005,01c12b8c-364f-4208-9bfd-90ef89bee491,Star Lamp,3343,nm,absorbance,986.3676715595407
995.529,-4.498665000000001,01c12b8c-364f-4208-9bfd-90ef89bee491,Star Lamp,3344,nm,absorbance,986.5344263461843
995.698,-3.69012,01c12b8c-364f-4208-9bfd-90ef89bee491,Star Lamp,3345,nm,absorbance,986.7021737208436
995.866,-6.349896,01c12b8c-364f-4208-9bfd-90ef89bee491,Star Lamp,3346,nm,absorbance,986.8689285074872
996.035,0.2370469999999999,01c12b8c-364f-4208-9bfd-90ef89bee491,Star Lamp,3347,nm,absorbance,987.0366758821466
996.203,3.914345,01c12b8c-364f-4208-9bfd-90ef89bee491,Star Lamp,3348,nm,absorbance,987.2034306687902
996.371,8.278490999999999,01c12b8c-364f-4208-9bfd-90ef89bee491,Star Lamp,3349,nm,absorbance,987.3701854554338
996.54,7.040260000000001,01c12b8c-364f-4208-9bfd-90ef89bee491,Star Lamp,3350,nm,absorbance,987.5379328300932
996.708,1.964502,01c12b8c-364f-4208-9bfd-90ef89bee491,Star Lamp,3351,nm,absorbance,987.7046876167368
996.877,2.4540490000000004,01c12b8c-364f-4208-9bfd-90ef89bee491,Star Lamp,3352,nm,absorbance,987.8724349913962
997.045,-3.591164,01c12b8c-364f-4208-9bfd-90ef89bee491,Star Lamp,3353,nm,absorbance,988.0391897780397
997.213,-0.9868760000000002,01c12b8c-364f-4208-9bfd-90ef89bee491,Star Lamp,3354,nm,absorbance,988.2059445646834
997.382,-0.684006,01c12b8c-364f-4208-9bfd-90ef89bee491,Star Lamp,3355,nm,absorbance,988.3736919393427
997.55,7.951500000000001,01c12b8c-364f-4208-9bfd-90ef89bee491,Star Lamp,3356,nm,absorbance,988.5404467259864
997.718,3.949113000000001,01c12b8c-364f-4208-9bfd-90ef89bee491,Star Lamp,3357,nm,absorbance,988.7072015126299
997.887,7.9909789999999985,01c12b8c-364f-4208-9bfd-90ef89bee491,Star Lamp,3358,nm,absorbance,988.8749488872893
998.055,4.927962,01c12b8c-364f-4208-9bfd-90ef89bee491,Star Lamp,3359,nm,absorbance,989.041703673933
998.223,6.720434,01c12b8c-364f-4208-9bfd-90ef89bee491,Star Lamp,3360,nm,absorbance,989.2084584605766
998.391,3.532966,01c12b8c-364f-4208-9bfd-90ef89bee491,Star Lamp,3361,nm,absorbance,989.3752132472201
998.56,8.551976,01c12b8c-364f-4208-9bfd-90ef89bee491,Star Lamp,3362,nm,absorbance,989.5429606218795
998.728,9.709348,01c12b8c-364f-4208-9bfd-90ef89bee491,Star Lamp,3363,nm,absorbance,989.7097154085232
998.896,9.282764999999998,01c12b8c-364f-4208-9bfd-90ef89bee491,Star Lamp,3364,nm,absorbance,989.8764701951668
999.064,3.455762,01c12b8c-364f-4208-9bfd-90ef89bee491,Star Lamp,3365,nm,absorbance,990.0432249818105
999.232,6.336524,01c12b8c-364f-4208-9bfd-90ef89bee491,Star Lamp,3366,nm,absorbance,990.209979768454
999.401,3.952864,01c12b8c-364f-4208-9bfd-90ef89bee491,Star Lamp,3367,nm,absorbance,990.3777271431134
999.569,5.648285,01c12b8c-364f-4208-9bfd-90ef89bee491,Star Lamp,3368,nm,absorbance,990.544481929757
999.737,3.839350000000001,01c12b8c-364f-4208-9bfd-90ef89bee491,Star Lamp,3369,nm,absorbance,990.7112367164007
999.905,4.60885,01c12b8c-364f-4208-9bfd-90ef89bee491,Star Lamp,3370,nm,absorbance,990.8779915030442
1000.073,1.818179,01c12b8c-364f-4208-9bfd-90ef89bee491,Star Lamp,3371,nm,absorbance,991.0447462896879
1000.241,-1.464044,01c12b8c-364f-4208-9bfd-90ef89bee491,Star Lamp,3372,nm,absorbance,991.2115010763315
1000.409,-1.933758,01c12b8c-364f-4208-9bfd-90ef89bee491,Star Lamp,3373,nm,absorbance,991.3782558629752
1000.577,-0.4441519999999999,01c12b8c-364f-4208-9bfd-90ef89bee491,Star Lamp,3374,nm,absorbance,991.5450106496188
1000.745,5.5867130000000005,01c12b8c-364f-4208-9bfd-90ef89bee491,Star Lamp,3375,nm,absorbance,991.7117654362623
1000.913,6.0167530000000005,01c12b8c-364f-4208-9bfd-90ef89bee491,Star Lamp,3376,nm,absorbance,991.878520222906
1001.081,10.867415,01c12b8c-364f-4208-9bfd-90ef89bee491,Star Lamp,3377,nm,absorbance,992.0452750095496
1001.249,5.162854,01c12b8c-364f-4208-9bfd-90ef89bee491,Star Lamp,3378,nm,absorbance,992.2120297961933
1001.417,6.288198,01c12b8c-364f-4208-9bfd-90ef89bee491,Star Lamp,3379,nm,absorbance,992.3787845828368
1001.585,3.595175,01c12b8c-364f-4208-9bfd-90ef89bee491,Star Lamp,3380,nm,absorbance,992.5455393694805
1001.753,6.503018,01c12b8c-364f-4208-9bfd-90ef89bee491,Star Lamp,3381,nm,absorbance,992.7122941561241
1001.921,0.8272299999999999,01c12b8c-364f-4208-9bfd-90ef89bee491,Star Lamp,3382,nm,absorbance,992.8790489427678
1002.089,1.055022,01c12b8c-364f-4208-9bfd-90ef89bee491,Star Lamp,3383,nm,absorbance,993.0458037294114
1002.256,1.860085,01c12b8c-364f-4208-9bfd-90ef89bee491,Star Lamp,3384,nm,absorbance,993.2115659280391
1002.424,4.099943000000001,01c12b8c-364f-4208-9bfd-90ef89bee491,Star Lamp,3385,nm,absorbance,993.3783207146828
1002.592,4.165781,01c12b8c-364f-4208-9bfd-90ef89bee491,Star Lamp,3386,nm,absorbance,993.5450755013264
1002.76,-0.4435849999999999,01c12b8c-364f-4208-9bfd-90ef89bee491,Star Lamp,3387,nm,absorbance,993.7118302879701
1002.928,4.966063999999999,01c12b8c-364f-4208-9bfd-90ef89bee491,Star Lamp,3388,nm,absorbance,993.8785850746137
1003.096,5.239215,01c12b8c-364f-4208-9bfd-90ef89bee491,Star Lamp,3389,nm,absorbance,994.0453398612573
1003.263,1.876041,01c12b8c-364f-4208-9bfd-90ef89bee491,Star Lamp,3390,nm,absorbance,994.2111020598852
1003.431,0.7376129999999999,01c12b8c-364f-4208-9bfd-90ef89bee491,Star Lamp,3391,nm,absorbance,994.3778568465289
1003.599,-1.823837,01c12b8c-364f-4208-9bfd-90ef89bee491,Star Lamp,3392,nm,absorbance,994.5446116331725
1003.767,4.260926,01c12b8c-364f-4208-9bfd-90ef89bee491,Star Lamp,3393,nm,absorbance,994.7113664198162
1003.934,4.863913,01c12b8c-364f-4208-9bfd-90ef89bee491,Star Lamp,3394,nm,absorbance,994.8771286184439
1004.102,4.64219,01c12b8c-364f-4208-9bfd-90ef89bee491,Star Lamp,3395,nm,absorbance,995.0438834050875
1004.27,5.0656870000000005,01c12b8c-364f-4208-9bfd-90ef89bee491,Star Lamp,3396,nm,absorbance,995.2106381917312
1004.437,1.081321,01c12b8c-364f-4208-9bfd-90ef89bee491,Star Lamp,3397,nm,absorbance,995.3764003903591
1004.605,0.2015269999999999,01c12b8c-364f-4208-9bfd-90ef89bee491,Star Lamp,3398,nm,absorbance,995.5431551770027
1004.773,0.309443,01c12b8c-364f-4208-9bfd-90ef89bee491,Star Lamp,3399,nm,absorbance,995.7099099636463
1004.94,3.618714,01c12b8c-364f-4208-9bfd-90ef89bee491,Star Lamp,3400,nm,absorbance,995.8756721622742
1005.108,4.918766,01c12b8c-364f-4208-9bfd-90ef89bee491,Star Lamp,3401,nm,absorbance,996.0424269489178
1005.275,2.940196,01c12b8c-364f-4208-9bfd-90ef89bee491,Star Lamp,3402,nm,absorbance,996.2081891475457
1005.443,1.518166,01c12b8c-364f-4208-9bfd-90ef89bee491,Star Lamp,3403,nm,absorbance,996.3749439341893
1005.61,-3.445384,01c12b8c-364f-4208-9bfd-90ef89bee491,Star Lamp,3404,nm,absorbance,996.5407061328173
1005.778,-1.078747,01c12b8c-364f-4208-9bfd-90ef89bee491,Star Lamp,3405,nm,absorbance,996.7074609194608
1005.945,1.692762,01c12b8c-364f-4208-9bfd-90ef89bee491,Star Lamp,3406,nm,absorbance,996.8732231180887
1006.113,5.062777,01c12b8c-364f-4208-9bfd-90ef89bee491,Star Lamp,3407,nm,absorbance,997.0399779047324
1006.28,4.479243,01c12b8c-364f-4208-9bfd-90ef89bee491,Star Lamp,3408,nm,absorbance,997.2057401033602
1006.448,6.291783000000001,01c12b8c-364f-4208-9bfd-90ef89bee491,Star Lamp,3409,nm,absorbance,997.3724948900038
1006.615,5.643161000000001,01c12b8c-364f-4208-9bfd-90ef89bee491,Star Lamp,3410,nm,absorbance,997.5382570886317
1006.783,5.515534,01c12b8c-364f-4208-9bfd-90ef89bee491,Star Lamp,3411,nm,absorbance,997.7050118752753
1006.95,-1.4999920000000002,01c12b8c-364f-4208-9bfd-90ef89bee491,Star Lamp,3412,nm,absorbance,997.8707740739032
1007.118,1.886595,01c12b8c-364f-4208-9bfd-90ef89bee491,Star Lamp,3413,nm,absorbance,998.0375288605469
1007.285,-0.4173049999999998,01c12b8c-364f-4208-9bfd-90ef89bee491,Star Lamp,3414,nm,absorbance,998.2032910591747
1007.452,1.293825,01c12b8c-364f-4208-9bfd-90ef89bee491,Star Lamp,3415,nm,absorbance,998.3690532578026
1007.62,1.3294279999999998,01c12b8c-364f-4208-9bfd-90ef89bee491,Star Lamp,3416,nm,absorbance,998.5358080444462
1007.787,2.593853,01c12b8c-364f-4208-9bfd-90ef89bee491,Star Lamp,3417,nm,absorbance,998.7015702430741
1007.954,5.230303999999999,01c12b8c-364f-4208-9bfd-90ef89bee491,Star Lamp,3418,nm,absorbance,998.8673324417019
1008.122,3.427863,01c12b8c-364f-4208-9bfd-90ef89bee491,Star Lamp,3419,nm,absorbance,999.0340872283456
1008.289,7.757911,01c12b8c-364f-4208-9bfd-90ef89bee491,Star Lamp,3420,nm,absorbance,999.1998494269735
1008.456,7.077593,01c12b8c-364f-4208-9bfd-90ef89bee491,Star Lamp,3421,nm,absorbance,999.3656116256014
1008.623,7.742655000000001,01c12b8c-364f-4208-9bfd-90ef89bee491,Star Lamp,3422,nm,absorbance,999.5313738242293
1008.791,5.263537,01c12b8c-364f-4208-9bfd-90ef89bee491,Star Lamp,3423,nm,absorbance,999.6981286108729
1008.958,2.397793,01c12b8c-364f-4208-9bfd-90ef89bee491,Star Lamp,3424,nm,absorbance,999.8638908095007
1009.125,-0.27434,01c12b8c-364f-4208-9bfd-90ef89bee491,Star Lamp,3425,nm,absorbance,1000.0296530081287
1009.292,-1.1282299999999998,01c12b8c-364f-4208-9bfd-90ef89bee491,Star Lamp,3426,nm,absorbance,1000.1954152067566
1009.459,1.411558,01c12b8c-364f-4208-9bfd-90ef89bee491,Star Lamp,3427,nm,absorbance,1000.3611774053844
1009.627,3.1024380000000003,01c12b8c-364f-4208-9bfd-90ef89bee491,Star Lamp,3428,nm,absorbance,1000.527932192028
1009.794,3.29443,01c12b8c-364f-4208-9bfd-90ef89bee491,Star Lamp,3429,nm,absorbance,1000.6936943906559
1009.961,-0.174078,01c12b8c-364f-4208-9bfd-90ef89bee491,Star Lamp,3430,nm,absorbance,1000.8594565892838
1010.128,4.737606,01c12b8c-364f-4208-9bfd-90ef89bee491,Star Lamp,3431,nm,absorbance,1001.0252187879117
1010.295,7.930496,01c12b8c-364f-4208-9bfd-90ef89bee491,Star Lamp,3432,nm,absorbance,1001.1909809865396
1010.462,13.351024,01c12b8c-364f-4208-9bfd-90ef89bee491,Star Lamp,3433,nm,absorbance,1001.3567431851675
1010.629,7.559323999999999,01c12b8c-364f-4208-9bfd-90ef89bee491,Star Lamp,3434,nm,absorbance,1001.5225053837954
1010.796,0.90526,01c12b8c-364f-4208-9bfd-90ef89bee491,Star Lamp,3435,nm,absorbance,1001.6882675824232
1010.963,-1.359959,01c12b8c-364f-4208-9bfd-90ef89bee491,Star Lamp,3436,nm,absorbance,1001.854029781051
1011.13,1.990844,01c12b8c-364f-4208-9bfd-90ef89bee491,Star Lamp,3437,nm,absorbance,1002.019791979679
1011.297,5.185473,01c12b8c-364f-4208-9bfd-90ef89bee491,Star Lamp,3438,nm,absorbance,1002.1855541783069
1011.464,4.549552,01c12b8c-364f-4208-9bfd-90ef89bee491,Star Lamp,3439,nm,absorbance,1002.3513163769348
1011.631,4.526517,01c12b8c-364f-4208-9bfd-90ef89bee491,Star Lamp,3440,nm,absorbance,1002.5170785755627
1011.798,7.596650999999999,01c12b8c-364f-4208-9bfd-90ef89bee491,Star Lamp,3441,nm,absorbance,1002.6828407741906
1011.965,8.682296000000001,01c12b8c-364f-4208-9bfd-90ef89bee491,Star Lamp,3442,nm,absorbance,1002.8486029728184
1012.132,10.012053000000002,01c12b8c-364f-4208-9bfd-90ef89bee491,Star Lamp,3443,nm,absorbance,1003.0143651714462
1012.299,9.365881000000002,01c12b8c-364f-4208-9bfd-90ef89bee491,Star Lamp,3444,nm,absorbance,1003.1801273700742
1012.466,8.909652,01c12b8c-364f-4208-9bfd-90ef89bee491,Star Lamp,3445,nm,absorbance,1003.3458895687021
1012.633,7.723960000000001,01c12b8c-364f-4208-9bfd-90ef89bee491,Star Lamp,3446,nm,absorbance,1003.51165176733
1012.799,6.284390999999999,01c12b8c-364f-4208-9bfd-90ef89bee491,Star Lamp,3447,nm,absorbance,1003.6764213779421
1012.966,6.594504000000001,01c12b8c-364f-4208-9bfd-90ef89bee491,Star Lamp,3448,nm,absorbance,1003.84218357657
1013.133,3.263301,01c12b8c-364f-4208-9bfd-90ef89bee491,Star Lamp,3449,nm,absorbance,1004.0079457751979
1013.3,6.086274,01c12b8c-364f-4208-9bfd-90ef89bee491,Star Lamp,3450,nm,absorbance,1004.1737079738257
1013.467,4.729832,01c12b8c-364f-4208-9bfd-90ef89bee491,Star Lamp,3451,nm,absorbance,1004.3394701724536
1013.633,5.159877,01c12b8c-364f-4208-9bfd-90ef89bee491,Star Lamp,3452,nm,absorbance,1004.5042397830658
1013.8,3.1163490000000005,01c12b8c-364f-4208-9bfd-90ef89bee491,Star Lamp,3453,nm,absorbance,1004.6700019816936
1013.967,4.937719999999999,01c12b8c-364f-4208-9bfd-90ef89bee491,Star Lamp,3454,nm,absorbance,1004.8357641803216
1014.134,5.859903,01c12b8c-364f-4208-9bfd-90ef89bee491,Star Lamp,3455,nm,absorbance,1005.0015263789495
1014.3,5.615321,01c12b8c-364f-4208-9bfd-90ef89bee491,Star Lamp,3456,nm,absorbance,1005.1662959895616
1014.467,5.400815,01c12b8c-364f-4208-9bfd-90ef89bee491,Star Lamp,3457,nm,absorbance,1005.3320581881894
1014.634,2.659628,01c12b8c-364f-4208-9bfd-90ef89bee491,Star Lamp,3458,nm,absorbance,1005.4978203868174
1014.8,-0.899866,01c12b8c-364f-4208-9bfd-90ef89bee491,Star Lamp,3459,nm,absorbance,1005.6625899974294
1014.967,-5.72743,01c12b8c-364f-4208-9bfd-90ef89bee491,Star Lamp,3460,nm,absorbance,1005.8283521960574
1015.134,1.323,01c12b8c-364f-4208-9bfd-90ef89bee491,Star Lamp,3461,nm,absorbance,1005.9941143946853
1015.3,7.386334000000001,01c12b8c-364f-4208-9bfd-90ef89bee491,Star Lamp,3462,nm,absorbance,1006.1588840052974
1015.467,14.486514,01c12b8c-364f-4208-9bfd-90ef89bee491,Star Lamp,3463,nm,absorbance,1006.3246462039253
1015.633,14.633405000000002,01c12b8c-364f-4208-9bfd-90ef89bee491,Star Lamp,3464,nm,absorbance,1006.4894158145376
1015.8,12.309167999999998,01c12b8c-364f-4208-9bfd-90ef89bee491,Star Lamp,3465,nm,absorbance,1006.6551780131653
1015.966,6.864956000000001,01c12b8c-364f-4208-9bfd-90ef89bee491,Star Lamp,3466,nm,absorbance,1006.8199476237775
1016.133,2.6044460000000003,01c12b8c-364f-4208-9bfd-90ef89bee491,Star Lamp,3467,nm,absorbance,1006.9857098224054
1016.3,6.890319999999998,01c12b8c-364f-4208-9bfd-90ef89bee491,Star Lamp,3468,nm,absorbance,1007.1514720210332
1016.466,8.686113,01c12b8c-364f-4208-9bfd-90ef89bee491,Star Lamp,3469,nm,absorbance,1007.3162416316454
1016.632,9.804174,01c12b8c-364f-4208-9bfd-90ef89bee491,Star Lamp,3470,nm,absorbance,1007.4810112422575
1016.799,1.919037,01c12b8c-364f-4208-9bfd-90ef89bee491,Star Lamp,3471,nm,absorbance,1007.6467734408855
1016.965,1.817945,01c12b8c-364f-4208-9bfd-90ef89bee491,Star Lamp,3472,nm,absorbance,1007.8115430514977
1017.132,3.2778900000000006,01c12b8c-364f-4208-9bfd-90ef89bee491,Star Lamp,3473,nm,absorbance,1007.9773052501254
1017.298,5.840123999999999,01c12b8c-364f-4208-9bfd-90ef89bee491,Star Lamp,3474,nm,absorbance,1008.1420748607376
1017.465,4.226927999999999,01c12b8c-364f-4208-9bfd-90ef89bee491,Star Lamp,3475,nm,absorbance,1008.3078370593655
1017.631,0.7199089999999999,01c12b8c-364f-4208-9bfd-90ef89bee491,Star Lamp,3476,nm,absorbance,1008.4726066699776
1017.797,3.099319,01c12b8c-364f-4208-9bfd-90ef89bee491,Star Lamp,3477,nm,absorbance,1008.6373762805898
1017.964,6.325660999999999,01c12b8c-364f-4208-9bfd-90ef89bee491,Star Lamp,3478,nm,absorbance,1008.8031384792178
1018.13,7.195912,01c12b8c-364f-4208-9bfd-90ef89bee491,Star Lamp,3479,nm,absorbance,1008.9679080898298
1018.296,4.698963999999999,01c12b8c-364f-4208-9bfd-90ef89bee491,Star Lamp,3480,nm,absorbance,1009.1326777004421
1018.463,4.627751999999999,01c12b8c-364f-4208-9bfd-90ef89bee491,Star Lamp,3481,nm,absorbance,1009.2984398990699
1018.629,11.418861,01c12b8c-364f-4208-9bfd-90ef89bee491,Star Lamp,3482,nm,absorbance,1009.4632095096821
1018.795,9.270947,01c12b8c-364f-4208-9bfd-90ef89bee491,Star Lamp,3483,nm,absorbance,1009.6279791202941
1018.961,2.938034,01c12b8c-364f-4208-9bfd-90ef89bee491,Star Lamp,3484,nm,absorbance,1009.7927487309063
1019.128,-3.66746,01c12b8c-364f-4208-9bfd-90ef89bee491,Star Lamp,3485,nm,absorbance,1009.9585109295342
1019.294,-2.187811,01c12b8c-364f-4208-9bfd-90ef89bee491,Star Lamp,3486,nm,absorbance,1010.1232805401463
1019.46,4.993185,01c12b8c-364f-4208-9bfd-90ef89bee491,Star Lamp,3487,nm,absorbance,1010.2880501507585
1019.626,5.544221,01c12b8c-364f-4208-9bfd-90ef89bee491,Star Lamp,3488,nm,absorbance,1010.4528197613706
1019.792,7.291320999999999,01c12b8c-364f-4208-9bfd-90ef89bee491,Star Lamp,3489,nm,absorbance,1010.6175893719828
1019.959,7.957563,01c12b8c-364f-4208-9bfd-90ef89bee491,Star Lamp,3490,nm,absorbance,1010.7833515706106
1020.125,6.005492999999999,01c12b8c-364f-4208-9bfd-90ef89bee491,Star Lamp,3491,nm,absorbance,1010.9481211812229
1020.291,7.988798,01c12b8c-364f-4208-9bfd-90ef89bee491,Star Lamp,3492,nm,absorbance,1011.1128907918351
1020.457,6.369784999999999,01c12b8c-364f-4208-9bfd-90ef89bee491,Star Lamp,3493,nm,absorbance,1011.2776604024472
1020.623,8.849872999999999,01c12b8c-364f-4208-9bfd-90ef89bee491,Star Lamp,3494,nm,absorbance,1011.4424300130593
1020.789,7.307524000000001,01c12b8c-364f-4208-9bfd-90ef89bee491,Star Lamp,3495,nm,absorbance,1011.6071996236714
1020.955,1.5126179999999998,01c12b8c-364f-4208-9bfd-90ef89bee491,Star Lamp,3496,nm,absorbance,1011.7719692342836
1021.121,0.935686,01c12b8c-364f-4208-9bfd-90ef89bee491,Star Lamp,3497,nm,absorbance,1011.9367388448957
1021.287,-3.4396490000000006,01c12b8c-364f-4208-9bfd-90ef89bee491,Star Lamp,3498,nm,absorbance,1012.1015084555079
1021.453,0.2143049999999999,01c12b8c-364f-4208-9bfd-90ef89bee491,Star Lamp,3499,nm,absorbance,1012.26627806612
1021.619,4.981271999999999,01c12b8c-364f-4208-9bfd-90ef89bee491,Star Lamp,3500,nm,absorbance,1012.4310476767322
1021.785,4.671856,01c12b8c-364f-4208-9bfd-90ef89bee491,Star Lamp,3501,nm,absorbance,1012.5958172873443
1021.951,5.536058000000001,01c12b8c-364f-4208-9bfd-90ef89bee491,Star Lamp,3502,nm,absorbance,1012.7605868979565
1022.117,-0.1629919999999999,01c12b8c-364f-4208-9bfd-90ef89bee491,Star Lamp,3503,nm,absorbance,1012.9253565085686
1022.283,-0.0747889999999999,01c12b8c-364f-4208-9bfd-90ef89bee491,Star Lamp,3504,nm,absorbance,1013.0901261191808
1022.449,2.451476,01c12b8c-364f-4208-9bfd-90ef89bee491,Star Lamp,3505,nm,absorbance,1013.2548957297929
1022.615,1.812937,01c12b8c-364f-4208-9bfd-90ef89bee491,Star Lamp,3506,nm,absorbance,1013.419665340405
1022.781,2.898145,01c12b8c-364f-4208-9bfd-90ef89bee491,Star Lamp,3507,nm,absorbance,1013.5844349510171
1022.946,-3.934335,01c12b8c-364f-4208-9bfd-90ef89bee491,Star Lamp,3508,nm,absorbance,1013.7482119736136
1023.112,-3.937622,01c12b8c-364f-4208-9bfd-90ef89bee491,Star Lamp,3509,nm,absorbance,1013.9129815842257
1023.278,-3.230138,01c12b8c-364f-4208-9bfd-90ef89bee491,Star Lamp,3510,nm,absorbance,1014.0777511948379
1023.444,-0.9358160000000002,01c12b8c-364f-4208-9bfd-90ef89bee491,Star Lamp,3511,nm,absorbance,1014.24252080545
1023.61,4.746589999999999,01c12b8c-364f-4208-9bfd-90ef89bee491,Star Lamp,3512,nm,absorbance,1014.4072904160622
1023.775,4.130356,01c12b8c-364f-4208-9bfd-90ef89bee491,Star Lamp,3513,nm,absorbance,1014.5710674386586
1023.941,3.87294,01c12b8c-364f-4208-9bfd-90ef89bee491,Star Lamp,3514,nm,absorbance,1014.7358370492708
1024.107,-1.5295849999999998,01c12b8c-364f-4208-9bfd-90ef89bee491,Star Lamp,3515,nm,absorbance,1014.9006066598829
1024.273,2.814149,01c12b8c-364f-4208-9bfd-90ef89bee491,Star Lamp,3516,nm,absorbance,1015.065376270495
1024.438,4.013769999999999,01c12b8c-364f-4208-9bfd-90ef89bee491,Star Lamp,3517,nm,absorbance,1015.2291532930916
1024.604,2.8102119999999995,01c12b8c-364f-4208-9bfd-90ef89bee491,Star Lamp,3518,nm,absorbance,1015.3939229037037
1024.77,-5.694681,01c12b8c-364f-4208-9bfd-90ef89bee491,Star Lamp,3519,nm,absorbance,1015.5586925143158
1024.935,-5.368387,01c12b8c-364f-4208-9bfd-90ef89bee491,Star Lamp,3520,nm,absorbance,1015.7224695369122
1025.101,1.1551780000000005,01c12b8c-364f-4208-9bfd-90ef89bee491,Star Lamp,3521,nm,absorbance,1015.8872391475244
1025.267,5.124094000000001,01c12b8c-364f-4208-9bfd-90ef89bee491,Star Lamp,3522,nm,absorbance,1016.0520087581365
1025.432,8.515246999999999,01c12b8c-364f-4208-9bfd-90ef89bee491,Star Lamp,3523,nm,absorbance,1016.2157857807329
1025.598,2.5207500000000005,01c12b8c-364f-4208-9bfd-90ef89bee491,Star Lamp,3524,nm,absorbance,1016.380555391345
1025.763,4.140783,01c12b8c-364f-4208-9bfd-90ef89bee491,Star Lamp,3525,nm,absorbance,1016.5443324139413
1025.929,1.9916130000000003,01c12b8c-364f-4208-9bfd-90ef89bee491,Star Lamp,3526,nm,absorbance,1016.7091020245537
1026.095,3.281924,01c12b8c-364f-4208-9bfd-90ef89bee491,Star Lamp,3527,nm,absorbance,1016.8738716351658
1026.26,3.624316999999999,01c12b8c-364f-4208-9bfd-90ef89bee491,Star Lamp,3528,nm,absorbance,1017.0376486577621
1026.426,1.9941499999999996,01c12b8c-364f-4208-9bfd-90ef89bee491,Star Lamp,3529,nm,absorbance,1017.2024182683742
1026.591,2.395408,01c12b8c-364f-4208-9bfd-90ef89bee491,Star Lamp,3530,nm,absorbance,1017.3661952909706
1026.757,1.25748,01c12b8c-364f-4208-9bfd-90ef89bee491,Star Lamp,3531,nm,absorbance,1017.5309649015829
1026.922,2.3528,01c12b8c-364f-4208-9bfd-90ef89bee491,Star Lamp,3532,nm,absorbance,1017.6947419241793
1027.087,2.254911,01c12b8c-364f-4208-9bfd-90ef89bee491,Star Lamp,3533,nm,absorbance,1017.8585189467757
1027.253,0.3708019999999999,01c12b8c-364f-4208-9bfd-90ef89bee491,Star Lamp,3534,nm,absorbance,1018.0232885573878
1027.418,4.056099000000001,01c12b8c-364f-4208-9bfd-90ef89bee491,Star Lamp,3535,nm,absorbance,1018.1870655799842
1027.584,2.7326320000000006,01c12b8c-364f-4208-9bfd-90ef89bee491,Star Lamp,3536,nm,absorbance,1018.3518351905965
1027.749,8.746145,01c12b8c-364f-4208-9bfd-90ef89bee491,Star Lamp,3537,nm,absorbance,1018.5156122131929
1027.914,10.180941,01c12b8c-364f-4208-9bfd-90ef89bee491,Star Lamp,3538,nm,absorbance,1018.6793892357892
1028.08,13.565017,01c12b8c-364f-4208-9bfd-90ef89bee491,Star Lamp,3539,nm,absorbance,1018.8441588464013
1028.245,5.7592490000000005,01c12b8c-364f-4208-9bfd-90ef89bee491,Star Lamp,3540,nm,absorbance,1019.0079358689977
1028.41,3.580104,01c12b8c-364f-4208-9bfd-90ef89bee491,Star Lamp,3541,nm,absorbance,1019.1717128915943
1028.576,1.050062,01c12b8c-364f-4208-9bfd-90ef89bee491,Star Lamp,3542,nm,absorbance,1019.3364825022064
1028.741,6.646321,01c12b8c-364f-4208-9bfd-90ef89bee491,Star Lamp,3543,nm,absorbance,1019.5002595248028
1028.906,2.936195000000001,01c12b8c-364f-4208-9bfd-90ef89bee491,Star Lamp,3544,nm,absorbance,1019.6640365473992
1029.072,3.040693,01c12b8c-364f-4208-9bfd-90ef89bee491,Star Lamp,3545,nm,absorbance,1019.8288061580112
1029.237,0.2112959999999999,01c12b8c-364f-4208-9bfd-90ef89bee491,Star Lamp,3546,nm,absorbance,1019.9925831806078
1029.402,-1.662376,01c12b8c-364f-4208-9bfd-90ef89bee491,Star Lamp,3547,nm,absorbance,1020.1563602032041
1029.567,-0.316172,01c12b8c-364f-4208-9bfd-90ef89bee491,Star Lamp,3548,nm,absorbance,1020.3201372258005
1029.732,2.996099,01c12b8c-364f-4208-9bfd-90ef89bee491,Star Lamp,3549,nm,absorbance,1020.4839142483969
1029.898,7.933883999999999,01c12b8c-364f-4208-9bfd-90ef89bee491,Star Lamp,3550,nm,absorbance,1020.648683859009
1030.063,5.436722,01c12b8c-364f-4208-9bfd-90ef89bee491,Star Lamp,3551,nm,absorbance,1020.8124608816056
1030.228,0.951696,01c12b8c-364f-4208-9bfd-90ef89bee491,Star Lamp,3552,nm,absorbance,1020.976237904202
1030.393,-4.032336,01c12b8c-364f-4208-9bfd-90ef89bee491,Star Lamp,3553,nm,absorbance,1021.1400149267984
1030.558,-0.328749,01c12b8c-364f-4208-9bfd-90ef89bee491,Star Lamp,3554,nm,absorbance,1021.3037919493947
1030.723,2.2816090000000004,01c12b8c-364f-4208-9bfd-90ef89bee491,Star Lamp,3555,nm,absorbance,1021.4675689719911
1030.888,3.689433,01c12b8c-364f-4208-9bfd-90ef89bee491,Star Lamp,3556,nm,absorbance,1021.6313459945875
1031.053,1.7170069999999995,01c12b8c-364f-4208-9bfd-90ef89bee491,Star Lamp,3557,nm,absorbance,1021.7951230171841
1031.218,-1.5747310000000003,01c12b8c-364f-4208-9bfd-90ef89bee491,Star Lamp,3558,nm,absorbance,1021.9589000397805
1031.383,0.1106339999999999,01c12b8c-364f-4208-9bfd-90ef89bee491,Star Lamp,3559,nm,absorbance,1022.1226770623769
1031.548,2.6083880000000006,01c12b8c-364f-4208-9bfd-90ef89bee491,Star Lamp,3560,nm,absorbance,1022.2864540849732
1031.713,4.772383,01c12b8c-364f-4208-9bfd-90ef89bee491,Star Lamp,3561,nm,absorbance,1022.4502311075697
1031.878,3.3089509999999995,01c12b8c-364f-4208-9bfd-90ef89bee491,Star Lamp,3562,nm,absorbance,1022.6140081301661
1032.043,-0.078902,01c12b8c-364f-4208-9bfd-90ef89bee491,Star Lamp,3563,nm,absorbance,1022.7777851527625
1032.208,5.754654,01c12b8c-364f-4208-9bfd-90ef89bee491,Star Lamp,3564,nm,absorbance,1022.9415621753591
1032.373,8.045686,01c12b8c-364f-4208-9bfd-90ef89bee491,Star Lamp,3565,nm,absorbance,1023.1053391979555
1032.538,12.059167,01c12b8c-364f-4208-9bfd-90ef89bee491,Star Lamp,3566,nm,absorbance,1023.2691162205518
1032.703,4.915699999999999,01c12b8c-364f-4208-9bfd-90ef89bee491,Star Lamp,3567,nm,absorbance,1023.4328932431482
1032.868,7.17788,01c12b8c-364f-4208-9bfd-90ef89bee491,Star Lamp,3568,nm,absorbance,1023.5966702657446
1033.033,-2.171198,01c12b8c-364f-4208-9bfd-90ef89bee491,Star Lamp,3569,nm,absorbance,1023.760447288341
1033.198,-1.5005440000000003,01c12b8c-364f-4208-9bfd-90ef89bee491,Star Lamp,3570,nm,absorbance,1023.9242243109376
1033.362,-4.153538,01c12b8c-364f-4208-9bfd-90ef89bee491,Star Lamp,3571,nm,absorbance,1024.0870087455182
1033.527,-0.0136379999999999,01c12b8c-364f-4208-9bfd-90ef89bee491,Star Lamp,3572,nm,absorbance,1024.2507857681146
1033.692,0.987448,01c12b8c-364f-4208-9bfd-90ef89bee491,Star Lamp,3573,nm,absorbance,1024.414562790711
1033.857,-2.333938,01c12b8c-364f-4208-9bfd-90ef89bee491,Star Lamp,3574,nm,absorbance,1024.5783398133074
1034.021,-0.786061,01c12b8c-364f-4208-9bfd-90ef89bee491,Star Lamp,3575,nm,absorbance,1024.7411242478881
1034.186,1.104695,01c12b8c-364f-4208-9bfd-90ef89bee491,Star Lamp,3576,nm,absorbance,1024.9049012704845
1034.351,3.519771,01c12b8c-364f-4208-9bfd-90ef89bee491,Star Lamp,3577,nm,absorbance,1025.0686782930811
1034.516,5.465458,01c12b8c-364f-4208-9bfd-90ef89bee491,Star Lamp,3578,nm,absorbance,1025.2324553156775
1034.68,1.517754,01c12b8c-364f-4208-9bfd-90ef89bee491,Star Lamp,3579,nm,absorbance,1025.395239750258
1034.845,-0.783225,01c12b8c-364f-4208-9bfd-90ef89bee491,Star Lamp,3580,nm,absorbance,1025.5590167728544
1035.01,2.282166,01c12b8c-364f-4208-9bfd-90ef89bee491,Star Lamp,3581,nm,absorbance,1025.7227937954508
1035.174,5.760206,01c12b8c-364f-4208-9bfd-90ef89bee491,Star Lamp,3582,nm,absorbance,1025.8855782300316
1035.339,5.170232,01c12b8c-364f-4208-9bfd-90ef89bee491,Star Lamp,3583,nm,absorbance,1026.049355252628
1035.504,3.59399,01c12b8c-364f-4208-9bfd-90ef89bee491,Star Lamp,3584,nm,absorbance,1026.2131322752243
1035.668,6.933533,01c12b8c-364f-4208-9bfd-90ef89bee491,Star Lamp,3585,nm,absorbance,1026.3759167098049
1035.833,9.084843,01c12b8c-364f-4208-9bfd-90ef89bee491,Star Lamp,3586,nm,absorbance,1026.5396937324015
1035.997,4.183031,01c12b8c-364f-4208-9bfd-90ef89bee491,Star Lamp,3587,nm,absorbance,1026.7024781669822
1036.162,4.518927,01c12b8c-364f-4208-9bfd-90ef89bee491,Star Lamp,3588,nm,absorbance,1026.8662551895786
1036.326,0.8350139999999999,01c12b8c-364f-4208-9bfd-90ef89bee491,Star Lamp,3589,nm,absorbance,1027.0290396241592
1036.491,1.1743849999999998,01c12b8c-364f-4208-9bfd-90ef89bee491,Star Lamp,3590,nm,absorbance,1027.1928166467555
1036.655,-2.162465,01c12b8c-364f-4208-9bfd-90ef89bee491,Star Lamp,3591,nm,absorbance,1027.3556010813363
1036.82,5.568974000000001,01c12b8c-364f-4208-9bfd-90ef89bee491,Star Lamp,3592,nm,absorbance,1027.5193781039327
1036.984,9.551507,01c12b8c-364f-4208-9bfd-90ef89bee491,Star Lamp,3593,nm,absorbance,1027.6821625385132
1037.149,6.360697,01c12b8c-364f-4208-9bfd-90ef89bee491,Star Lamp,3594,nm,absorbance,1027.8459395611096
1037.313,1.569885,01c12b8c-364f-4208-9bfd-90ef89bee491,Star Lamp,3595,nm,absorbance,1028.0087239956906
1037.478,-2.947338,01c12b8c-364f-4208-9bfd-90ef89bee491,Star Lamp,3596,nm,absorbance,1028.172501018287
1037.642,0.3000149999999998,01c12b8c-364f-4208-9bfd-90ef89bee491,Star Lamp,3597,nm,absorbance,1028.3352854528675
1037.807,-1.075275,01c12b8c-364f-4208-9bfd-90ef89bee491,Star Lamp,3598,nm,absorbance,1028.499062475464
1037.971,1.075525,01c12b8c-364f-4208-9bfd-90ef89bee491,Star Lamp,3599,nm,absorbance,1028.6618469100447
1038.135,-0.4767660000000001,01c12b8c-364f-4208-9bfd-90ef89bee491,Star Lamp,3600,nm,absorbance,1028.8246313446252
1038.3,1.4784590000000004,01c12b8c-364f-4208-9bfd-90ef89bee491,Star Lamp,3601,nm,absorbance,1028.9884083672216
1038.464,3.5135980000000004,01c12b8c-364f-4208-9bfd-90ef89bee491,Star Lamp,3602,nm,absorbance,1029.1511928018024
1038.628,4.790544,01c12b8c-364f-4208-9bfd-90ef89bee491,Star Lamp,3603,nm,absorbance,1029.313977236383
1038.792,9.24449,01c12b8c-364f-4208-9bfd-90ef89bee491,Star Lamp,3604,nm,absorbance,1029.4767616709637
1038.957,8.923541,01c12b8c-364f-4208-9bfd-90ef89bee491,Star Lamp,3605,nm,absorbance,1029.6405386935603
1039.121,6.554693,01c12b8c-364f-4208-9bfd-90ef89bee491,Star Lamp,3606,nm,absorbance,1029.8033231281408
1039.285,1.6836650000000002,01c12b8c-364f-4208-9bfd-90ef89bee491,Star Lamp,3607,nm,absorbance,1029.9661075627216
1039.449,1.237872,01c12b8c-364f-4208-9bfd-90ef89bee491,Star Lamp,3608,nm,absorbance,1030.1288919973022
1039.614,1.7560140000000004,01c12b8c-364f-4208-9bfd-90ef89bee491,Star Lamp,3609,nm,absorbance,1030.2926690198985
1039.778,-2.270786,01c12b8c-364f-4208-9bfd-90ef89bee491,Star Lamp,3610,nm,absorbance,1030.4554534544793
1039.942,-5.197601000000001,01c12b8c-364f-4208-9bfd-90ef89bee491,Star Lamp,3611,nm,absorbance,1030.6182378890599
1040.106,-6.442833,01c12b8c-364f-4208-9bfd-90ef89bee491,Star Lamp,3612,nm,absorbance,1030.7810223236406
1040.27,-2.34084,01c12b8c-364f-4208-9bfd-90ef89bee491,Star Lamp,3613,nm,absorbance,1030.9438067582212
1040.434,-0.1441909999999999,01c12b8c-364f-4208-9bfd-90ef89bee491,Star Lamp,3614,nm,absorbance,1031.106591192802
1040.599,8.997196,01c12b8c-364f-4208-9bfd-90ef89bee491,Star Lamp,3615,nm,absorbance,1031.2703682153983
1040.763,14.889017,01c12b8c-364f-4208-9bfd-90ef89bee491,Star Lamp,3616,nm,absorbance,1031.433152649979
1040.927,17.435227000000005,01c12b8c-364f-4208-9bfd-90ef89bee491,Star Lamp,3617,nm,absorbance,1031.5959370845596
1041.091,10.347695,01c12b8c-364f-4208-9bfd-90ef89bee491,Star Lamp,3618,nm,absorbance,1031.7587215191404
1041.255,5.743064000000001,01c12b8c-364f-4208-9bfd-90ef89bee491,Star Lamp,3619,nm,absorbance,1031.9215059537212
1041.419,3.131603,01c12b8c-364f-4208-9bfd-90ef89bee491,Star Lamp,3620,nm,absorbance,1032.084290388302
1041.583,1.948218,01c12b8c-364f-4208-9bfd-90ef89bee491,Star Lamp,3621,nm,absorbance,1032.2470748228825
1041.747,1.491994,01c12b8c-364f-4208-9bfd-90ef89bee491,Star Lamp,3622,nm,absorbance,1032.4098592574633
1041.911,0.191696,01c12b8c-364f-4208-9bfd-90ef89bee491,Star Lamp,3623,nm,absorbance,1032.5726436920438
1042.075,-0.851722,01c12b8c-364f-4208-9bfd-90ef89bee491,Star Lamp,3624,nm,absorbance,1032.7354281266246
1042.239,-1.177677,01c12b8c-364f-4208-9bfd-90ef89bee491,Star Lamp,3625,nm,absorbance,1032.8982125612051
1042.403,0.0901179999999999,01c12b8c-364f-4208-9bfd-90ef89bee491,Star Lamp,3626,nm,absorbance,1033.060996995786
1042.567,7.058339999999999,01c12b8c-364f-4208-9bfd-90ef89bee491,Star Lamp,3627,nm,absorbance,1033.2237814303664
1042.731,6.070808999999999,01c12b8c-364f-4208-9bfd-90ef89bee491,Star Lamp,3628,nm,absorbance,1033.3865658649472
1042.894,1.9320410000000003,01c12b8c-364f-4208-9bfd-90ef89bee491,Star Lamp,3629,nm,absorbance,1033.5483577115122
1043.058,-1.234558,01c12b8c-364f-4208-9bfd-90ef89bee491,Star Lamp,3630,nm,absorbance,1033.7111421460927
1043.222,-4.313744,01c12b8c-364f-4208-9bfd-90ef89bee491,Star Lamp,3631,nm,absorbance,1033.8739265806735
1043.386,-4.210317999999999,01c12b8c-364f-4208-9bfd-90ef89bee491,Star Lamp,3632,nm,absorbance,1034.036711015254
1043.55,-9.882162,01c12b8c-364f-4208-9bfd-90ef89bee491,Star Lamp,3633,nm,absorbance,1034.1994954498348
1043.714,-1.703959,01c12b8c-364f-4208-9bfd-90ef89bee491,Star Lamp,3634,nm,absorbance,1034.3622798844156
1043.877,1.956518,01c12b8c-364f-4208-9bfd-90ef89bee491,Star Lamp,3635,nm,absorbance,1034.5240717309805
1044.041,3.487968,01c12b8c-364f-4208-9bfd-90ef89bee491,Star Lamp,3636,nm,absorbance,1034.686856165561
1044.205,3.621016,01c12b8c-364f-4208-9bfd-90ef89bee491,Star Lamp,3637,nm,absorbance,1034.8496406001418
1044.369,5.956003999999999,01c12b8c-364f-4208-9bfd-90ef89bee491,Star Lamp,3638,nm,absorbance,1035.0124250347224
1044.532,7.035015,01c12b8c-364f-4208-9bfd-90ef89bee491,Star Lamp,3639,nm,absorbance,1035.1742168812873
1044.696,3.772309000000001,01c12b8c-364f-4208-9bfd-90ef89bee491,Star Lamp,3640,nm,absorbance,1035.337001315868
1044.86,0.850487,01c12b8c-364f-4208-9bfd-90ef89bee491,Star Lamp,3641,nm,absorbance,1035.4997857504486
1045.023,0.723651,01c12b8c-364f-4208-9bfd-90ef89bee491,Star Lamp,3642,nm,absorbance,1035.6615775970135
1045.187,-2.484297,01c12b8c-364f-4208-9bfd-90ef89bee491,Star Lamp,3643,nm,absorbance,1035.8243620315943
1045.351,-1.179798,01c12b8c-364f-4208-9bfd-90ef89bee491,Star Lamp,3644,nm,absorbance,1035.987146466175
1045.514,3.053719,01c12b8c-364f-4208-9bfd-90ef89bee491,Star Lamp,3645,nm,absorbance,1036.1489383127398
1045.678,6.486348,01c12b8c-364f-4208-9bfd-90ef89bee491,Star Lamp,3646,nm,absorbance,1036.3117227473208
1045.841,7.742336,01c12b8c-364f-4208-9bfd-90ef89bee491,Star Lamp,3647,nm,absorbance,1036.4735145938855
