cm-1,A_sample_norm,A_NIST_norm
4000.0,0.06450175620622989,
3999.0,0.06452967526725831,
3998.0,0.06686508147486529,
3997.0,0.06686508147486529,
3996.0,0.06686508147486529,
3995.0,0.0645575999479817,
3994.0,0.06452967526725831,
3993.0,0.06452967526725831,
3992.0,0.06222266096012109,
3991.0,0.06222266096012109,
3990.0,0.0621949754380232,
3989.0,0.0621949754380232,
3988.0,0.0621949754380232,
3987.0,0.0621949754380232,
3986.0,0.05991588019191295,
3985.0,0.06222266096012109,
3984.0,0.06450175620622989,
3983.0,0.06450175620622989,
3982.0,0.06450175620622989,
3981.0,0.06452967526725831,
3980.0,0.06452967526725831,
3979.0,0.06225035205462779,
3978.0,0.0645575999479817,
3977.0,0.0645575999479817,
3976.0,0.0645575999479817,
3975.0,0.06225035205462779,
3974.0,0.06452967526725831,
3973.0,0.06222266096012109,
3972.0,0.06452967526725831,
3971.0,0.06452967526725831,
3970.0,0.0645575999479817,
3969.0,0.062278048723225635,
3968.0,0.062278048723225635,
3967.0,0.06458553025010846,
3966.0,0.06458553025010846,
3965.0,0.06686508147486529,
3964.0,0.06914440468749398,
3963.0,0.06911601840672242,
3962.0,0.06908763783856238,
3961.0,0.06908763783856238,
3960.0,0.06908763783856238,
3959.0,0.0667806235314249,
3958.0,0.0667806235314249,
3957.0,0.06450175620622989,
3956.0,0.06450175620622989,
3955.0,0.06452967526725831,
3954.0,0.06452967526725831,
3953.0,0.0645575999479817,
3952.0,0.0645575999479817,
3951.0,0.0645575999479817,
3950.0,0.0645575999479817,
3949.0,0.06452967526725831,
3948.0,0.06450175620622989,
3947.0,0.06447384276321652,
3946.0,0.06447384276321652,
3945.0,0.06216729548666491,
3944.0,0.06216729548666491,
3943.0,0.06447384276321652,
3942.0,0.0667806235314249,
3941.0,0.0667806235314249,
3940.0,0.06450175620622989,
3939.0,0.06450175620622989,
3938.0,0.06450175620622989,
3937.0,0.06452967526725831,
3936.0,0.06222266096012109,
3935.0,0.05763655697928335,
3934.0,0.05763655697928335,
3933.0,0.05991588019191295,
3932.0,0.06222266096012109,
3931.0,0.06222266096012109,
3930.0,0.06452967526725831,
3929.0,0.06680877051336828,
3928.0,0.06680877051336828,
3927.0,0.06450175620622989,
3926.0,0.06450175620622989,
3925.0,0.06450175620622989,
3924.0,0.06680877051336828,
3923.0,0.06680877051336828,
3922.0,0.06450175620622989,
3921.0,0.06450175620622989,
3920.0,0.06450175620622989,
3919.0,0.06222266096012109,
3918.0,0.06222266096012109,
3917.0,0.06450175620622989,
3916.0,0.06680877051336828,
3915.0,0.06450175620622989,
3914.0,0.0621949754380232,
3913.0,0.0621949754380232,
3912.0,0.0621949754380232,
3911.0,0.05988842816147072,
3910.0,0.05988842816147072,
3909.0,0.05758211432930411,
3908.0,0.05758211432930411,
3907.0,0.05758211432930411,
3906.0,0.05527603389427978,
3905.0,0.057554901219473244,
3904.0,0.059860981654499254,
3903.0,0.06216729548666491,
3902.0,0.06216729548666491,
3901.0,0.06216729548666491,
3900.0,0.06447384276321652,
3899.0,0.0621949754380232,
3898.0,0.0621949754380232,
3897.0,0.05988842816147072,
3896.0,0.059860981654499254,
3895.0,0.059860981654499254,
3894.0,0.057554901219473244,
3893.0,0.052943440351914506,
3892.0,0.048332912506290335,
3891.0,0.050638059824961015,
3890.0,0.05524905413435257,
3889.0,0.059860981654499254,
3888.0,0.057554901219473244,
3887.0,0.052943440351914506,
3886.0,0.05524905413435257,
3885.0,0.059860981654499254,
3884.0,0.05988842816147072,
3883.0,0.05758211432930411,
3882.0,0.05299693864816789,
3881.0,0.05069109156304745,
3880.0,0.05299693864816789,
3879.0,0.05758211432930411,
3878.0,0.05758211432930411,
3877.0,0.05758211432930411,
3876.0,0.05527603389427978,
3875.0,0.05527603389427978,
3874.0,0.05758211432930411,
3873.0,0.059860981654499254,
3872.0,0.050638059824961015,
3871.0,0.04141886932831437,
3870.0,0.04602799834873311,
3869.0,0.057554901219473244,
3868.0,0.059860981654499254,
3867.0,0.057554901219473244,
3866.0,0.05524905413435257,
3865.0,0.06216729548666491,
3864.0,0.05988842816147072,
3863.0,0.057554901219473244,
3862.0,0.05524905413435257,
3861.0,0.05524905413435257,
3860.0,0.057554901219473244,
3859.0,0.05758211432930411,
3858.0,0.06458553025010846,
3857.0,0.07858208249964131,
3856.0,0.09022750894138049,
3855.0,0.09019695633549756,
3854.0,0.08317306329397563,
3853.0,0.08083318357726552,
3852.0,0.07852336311010694,
3851.0,0.07615554908393596,
3850.0,0.07378892832995658,
3849.0,0.06917279668259917,
3848.0,0.06452967526725831,
3847.0,0.057609332915361605,
3846.0,0.0529701868091582,
3845.0,0.04835919249976737,
3844.0,0.048332912506290335,
3843.0,0.048332912506290335,
3842.0,0.050638059824961015,
3841.0,0.048332912506290335,
3840.0,0.04141886932831437,
3839.0,0.03681067238657145,
3838.0,0.039114654371167575,
3837.0,0.04602799834873311,
3836.0,0.052943440351914506,
3835.0,0.05524905413435257,
3834.0,0.05524905413435257,
3833.0,0.05524905413435257,
3832.0,0.057554901219473244,
3831.0,0.05758211432930411,
3830.0,0.057609332915361605,
3829.0,0.057609332915361605,
3828.0,0.05527603389427978,
3827.0,0.0529701868091582,
3826.0,0.057554901219473244,
3825.0,0.059860981654499254,
3824.0,0.057554901219473244,
3823.0,0.048332912506290335,
3822.0,0.04372331730512654,
3821.0,0.050638059824961015,
3820.0,0.057554901219473244,
3819.0,0.057554901219473244,
3818.0,0.052943440351914506,
3817.0,0.052943440351914506,
3816.0,0.06216729548666491,
3815.0,0.0668369231606113,
3814.0,0.06452967526725831,
3813.0,0.05758211432930411,
3812.0,0.05524905413435257,
3811.0,0.05758211432930411,
3810.0,0.05988842816147072,
3809.0,0.057554901219473244,
3808.0,0.050638059824961015,
3807.0,0.050638059824961015,
3806.0,0.057554901219473244,
3805.0,0.057554901219473244,
3804.0,0.052943440351914506,
3803.0,0.050638059824961015,
3802.0,0.052943440351914506,
3801.0,0.0621949754380232,
3800.0,0.0645575999479817,
3799.0,0.06225035205462779,
3798.0,0.057609332915361605,
3797.0,0.059860981654499254,-6.940012105937732e-05
3796.0,0.057554901219473244,-0.0004985834251344526
3795.0,0.057554901219473244,-0.0004985834251344526
3794.0,0.05524905413435257,-0.0004985834251344526
3793.0,0.05524905413435257,-0.0004985834251344526
3792.0,0.05524905413435257,-0.0004985834251344526
3791.0,0.05524905413435257,-0.0004985834251344526
3790.0,0.052943440351914506,-0.0004985834251344526
3789.0,0.0529701868091582,-0.0004985834251344526
3788.0,0.05299693864816789,-0.0004985834251344526
3787.0,0.053023695870564845,-0.0004985834251344526
3786.0,0.05533000970273114,-0.0004985834251344526
3785.0,0.055303019083196174,-0.0004985834251344526
3784.0,0.05527603389427978,-0.0004985834251344526
3783.0,0.0529701868091582,-0.0004985834251344526
3782.0,0.05066457302671922,-0.0004985834251344526
3781.0,0.043774949934985985,-0.0004985834251344526
3780.0,0.04608009725365639,-0.0004985834251344526
3779.0,0.05066457302671922,-0.0004985834251344526
3778.0,0.05524905413435257,-0.0004985834251344526
3777.0,0.05524905413435257,-0.0004985834251344526
3776.0,0.052943440351914506,-0.0004985834251344526
3775.0,0.052943440351914506,-0.0004985834251344526
3774.0,0.0529701868091582,-0.0004985834251344526
3773.0,0.05527603389427978,-0.0004985834251344526
3772.0,0.0529701868091582,-0.0004985834251344526
3771.0,0.05066457302671922,-0.0004985834251344526
3770.0,0.05066457302671922,-0.0004985834251344526
3769.0,0.052943440351914506,-0.0004985834251344526
3768.0,0.050638059824961015,-0.0004985834251344526
3767.0,0.048332912506290335,-0.0004985834251344526
3766.0,0.048332912506290335,-0.0004985834251344526
3765.0,0.050638059824961015,-0.0004985834251344526
3764.0,0.052943440351914506,-0.0004985834251344526
3763.0,0.05066457302671922,-0.0004985834251344526
3762.0,0.050638059824961015,-0.0004985834251344526
3761.0,0.050638059824961015,-0.0004985834251344526
3760.0,0.052943440351914506,-0.0004985834251344526
3759.0,0.052943440351914506,-0.0004985834251344526
3758.0,0.050638059824961015,-0.0004985834251344526
3757.0,0.052943440351914506,-0.0004985834251344526
3756.0,0.057554901219473244,-0.0004985834251344526
3755.0,0.05988842816147072,-0.0004985834251344526
3754.0,0.06452967526725831,-0.0004985834251344526
3753.0,0.07612644404415604,-0.0004985834251344526
3752.0,0.0923857991855481,-0.0004985834251344526
3751.0,0.1063532020432718,-0.0004985834251344526
3750.0,0.11795560412814361,-0.0004985834251344526
3749.0,0.12027035183690207,-0.0004985834251344526
3748.0,0.11564109152656482,-0.0004985834251344526
3747.0,0.1086989638874144,-0.00033535183013846227
3746.0,0.11098011247526432,-0.00011415545705023588
3745.0,0.11564109152656482,6.369670561790357e-05
3744.0,0.12490055276703865,0.00019172483693208564
3743.0,0.12486648328845086,0.0012473131834185402
3742.0,0.12013599599748087,0.002758646351432462
3741.0,0.12697601820079712,0.005596329780155342
3740.0,0.14317925283086227,0.00906617243907252
3739.0,0.1617113541261449,0.012609709948359978
3738.0,0.1663467353055258,0.01719139994314585
3737.0,0.16630847807593685,0.02263012011262421
3736.0,0.1616357901096346,0.029424784239517075
3735.0,0.15001722251435903,0.037529994049151943
3734.0,0.13840689773996204,0.0496153508843647
3733.0,0.13840689773996204,0.06079792165786076
3732.0,0.15229608983955392,0.07244547469374191
3731.0,0.1662319867659717,0.08498338560899532
3730.0,0.17322365397452993,0.09831498280037662
3729.0,0.17786044996148354,0.11615571301456154
3728.0,0.17554193403138812,0.12561055103058044
3727.0,0.17318470498902258,0.13188959337509767
3726.0,0.16851085409116534,0.13679320697416475
3725.0,0.16387688685623095,0.14118429225618087
3724.0,0.15692770241632428,0.14620107307357894
3723.0,0.14998063652259333,0.15084438618168133
3722.0,0.14075682055850505,0.1562909268799912
3721.0,0.12918660766750578,0.16209301052090455
3720.0,0.11531010233708547,0.16951003551345908
3719.0,0.10144204198456337,0.17410676533462086
3718.0,0.0921706359623324,0.1763416553755547
3717.0,0.08755216537512821,0.17755108476133274
3716.0,0.08755216537512821,0.17766450922903512
3715.0,0.09448022232211484,0.1721424326926753
3714.0,0.10375279935603801,0.1631043666302573
3713.0,0.12224729873728407,0.15078449424534893
3712.0,0.1384423079569272,0.13500643099509896
3711.0,0.14535043559245778,0.11506154280162594
3710.0,0.14535043559245778,0.09242270096059249
3709.0,0.14303568788369847,0.07681449951078081
3708.0,0.14072117528212147,0.0659370747957678
3707.0,0.14072117528212147,0.06278211855984067
3706.0,0.14072117528212147,0.06606721294380387
3705.0,0.13612803041476684,0.07408712706133236
3704.0,0.1338139878842944,0.08279843499850867
3703.0,0.12687326988578496,0.09192967196788601
3702.0,0.12224729873728407,0.10145479715701655
3701.0,0.12224729873728407,0.11406866009858224
3700.0,0.12456016692493523,0.1204224910327219
3699.0,0.12456016692493523,0.12265010969322726
3698.0,0.12228107167882447,0.12609995713896885
3697.0,0.12000174846619764,0.13135111091695506
3696.0,0.11996820349117195,0.13387671569826973
3695.0,0.11534317124488166,0.13328496719672817
3694.0,0.11299817276585923,0.13076263699659182
3693.0,0.11068647772971026,0.12705799207613355
3692.0,0.10603166668123302,0.12255541115691201
3691.0,0.09448022232211484,0.1188692715455006
3690.0,0.08524328105284674,0.11550795102916853
3689.0,0.08755216537512821,0.11239891870588387
3688.0,0.09454213483997383,0.10999406605269132
3687.0,0.09460407230106505,0.10593447815637039
3686.0,0.09229354922691972,0.10148017616986547
3685.0,0.08764293653818189,0.09747212911936269
3684.0,0.08299420280382468,0.09402598594874934
3683.0,0.08065576332303798,0.08854867897942507
3682.0,0.07373121514133793,0.07940086018627232
3681.0,0.06908763783856238,0.07153652656445274
3680.0,0.06908763783856238,0.06404375979471388
3679.0,0.07370236725879861,0.06005284931340913
3678.0,0.07370236725879861,0.05828718727760083
3677.0,0.06908763783856238,0.0567638529098483
3676.0,0.0667806235314249,0.05533119857920733
3675.0,0.06908763783856238,0.05366728242217749
3674.0,0.06908763783856238,0.051789536357175404
3673.0,0.059860981654499254,0.04749444134960398
3672.0,0.052943440351914506,0.04362859783787321
3671.0,0.05524905413435257,0.0385372009400374
3670.0,0.059860981654499254,0.03382901422353573
3669.0,0.0621949754380232,0.029643573408471607
3668.0,0.057609332915361605,0.026355168461074916
3667.0,0.05299693864816789,0.025151270695050187
3666.0,0.05069109156304745,0.02414407566489328
3665.0,0.05069109156304745,0.023347771521763074
3664.0,0.0529701868091582,0.02265878999402095
3663.0,0.05066457302671922,0.02205687099943572
3662.0,0.04605404518109583,0.019607593545110113
3661.0,0.048332912506290335,0.016920456760935076
3660.0,0.050638059824961015,0.01579479861882423
3659.0,0.050638059824961015,0.014510913458131915
3658.0,0.048332912506290335,0.012561159232073358
3657.0,0.04602799834873311,0.01066165438918951
3656.0,0.048332912506290335,0.008978287343568899
3655.0,0.048332912506290335,0.007374084725181395
3654.0,0.04602799834873311,0.006260945227312893
3653.0,0.04141886932831437,0.005745619862599834
3652.0,0.039114654371167575,0.00561796983871437
3651.0,0.04141886932831437,0.005429476094918128
3650.0,0.04602799834873311,0.005115397266408847
3649.0,0.05524905413435257,0.005041515030092571
3648.0,0.06447384276321652,0.005041515030092571
3647.0,0.06911601840672242,0.005041515030092571
3646.0,0.07142349993360378,0.005041515030092571
3645.0,0.07142349993360378,0.005329942037744576
3644.0,0.07142349993360378,0.005760741986494267
3643.0,0.071452119895227,0.007355983876030825
3642.0,0.07376006883113756,0.009023559341372092
3641.0,0.07606825154258527,0.010936150292503739
3640.0,0.08068531848154348,0.014031585530998479
3639.0,0.0853033210911766,0.017656672877957778
3638.0,0.09223208021796829,0.021182041172795416
3637.0,0.09913151891041709,0.024466052954001043
3636.0,0.10144204198456337,0.030084197479517745
3635.0,0.10603166668123302,0.036637469530155675
3634.0,0.11296534505490513,0.04647791780486046
3633.0,0.12452616606247699,0.058137692223863356
3632.0,0.13840689773996204,0.06737328275324254
3631.0,0.14766541845615813,0.07804788455573596
3630.0,0.15229608983955392,0.08280976459936935
3629.0,0.15461177845485258,0.08705687947115212
3628.0,0.15229608983955392,0.09053367668923441
3627.0,0.14307156826726272,0.09423173426402005
3626.0,0.1315001803177768,0.09951376984682542
3625.0,0.12456016692493523,0.10379261656683994
3624.0,0.11758896966227853,0.10814627174831148
3623.0,0.10141038623561133,0.11257739801823956
3622.0,0.07601008246653185,0.11806415628713426
3621.0,0.052943440351914506,0.12072614415061117
3620.0,0.04602799834873311,0.12152314148142074
3619.0,0.05524905413435257,0.12150888383585931
3618.0,0.07370236725879861,0.12114998407135344
3617.0,0.08296441372765391,0.11504786132254727
3616.0,0.08068531848154348,0.10835060376073125
3615.0,0.07376006883113756,0.10130395911110451
3614.0,0.07142349993360378,0.09438611890341615
3613.0,0.07601008246653185,0.08805132339422246
3612.0,0.08065576332303798,0.07785522483203615
3611.0,0.08992225975081057,0.0648130672921888
3610.0,0.10150537261362046,0.0538544938238192
3609.0,0.10847213265358864,0.047969689202670994
3608.0,0.11306384803225229,0.041548989838735804
3607.0,0.11303100709097422,0.03433046587571557
3606.0,0.11068647772971026,0.031249287532278208
3605.0,0.10837501718106861,0.03077197515055482
3604.0,0.10840738248360136,0.03953611263029625
3603.0,0.11075168387834397,0.06145768759091906
3602.0,0.11309669559168513,0.0749662447915981
3601.0,0.11540932905378679,0.08616032503647733
3600.0,0.11540932905378679,0.09187645708884074
3599.0,0.11306384803225229,0.09478833271510878
3598.0,0.11303100709097422,0.09768874723308367
3597.0,0.11303100709097422,0.09933756389686345
3596.0,0.11303100709097422,0.10020733544961521
3595.0,0.11071907751974916,0.1008582563586695
3594.0,0.11071907751974916,0.10188962297724768
3593.0,0.10840738248360136,0.10259630569304648
3592.0,0.10609592193495831,0.10285597746914368
3591.0,0.10378469582625165,0.1028793659537794
3590.0,0.10147370410993,0.10273158034005082
3589.0,0.09688362352582365,0.10103954998013683
3588.0,0.09454213483997383,0.09861982205804436
3587.0,0.09220135499692046,0.09625595464438137
3586.0,0.08986128366248035,0.09367995963314091
3585.0,0.08296441372765391,0.08744581512966644
3584.0,0.08065576332303798,0.07736586193710823
3583.0,0.07376006883113756,0.07151592386865024
3582.0,0.06917279668259917,0.06634984715551921
3581.0,0.06686508147486529,0.06064374814301889
3580.0,0.0645575999479817,0.0535519170526232
3579.0,0.06225035205462779,0.04677969004479949
3578.0,0.06452967526725831,0.042574697280810515
3577.0,0.06452967526725831,0.04051728532448447
3576.0,0.06225035205462779,0.03880492076016016
3575.0,0.06452967526725831,0.03603850178966344
3574.0,0.06222266096012109,0.0342093706403243
3573.0,0.05991588019191295,0.032643004887478726
3572.0,0.05991588019191295,0.031170183843060573
3571.0,0.06222266096012109,0.029749945440430206
3570.0,0.06452967526725831,0.028384821405015796
3569.0,0.0668369231606113,0.027669253936382386
3568.0,0.06917279668259917,0.027299915139760416
3567.0,0.07378892832995658,0.027048990101256973
3566.0,0.0692011943937523,0.026314761832113787
3565.0,0.0668932454578416,0.02553219503848984
3564.0,0.0645575999479817,0.025162340730924368
3563.0,0.06225035205462779,0.024581269020396864
3562.0,0.05991588019191295,0.02341076956551091
3561.0,0.057609332915361605,0.021426475735487963
3560.0,0.055303019083196174,0.019672311168534764
3559.0,0.05299693864816789,0.01830980938261867
3558.0,0.05071761543554084,0.0175043296565302
3557.0,0.05071761543554084,0.016639482909749048
3556.0,0.05071761543554084,0.015456706693384644
3555.0,0.05071761543554084,0.014609483337197932
3554.0,0.05071761543554084,0.01378952235788507
3553.0,0.05299693864816789,0.01285706504692635
3552.0,0.05299693864816789,0.011685770436802566
3551.0,0.055303019083196174,0.010702427986696733
3550.0,0.055303019083196174,0.009922153582959324
3549.0,0.05763655697928335,0.009144316228228045
3548.0,0.05994333774749231,0.008455767592569734
3547.0,0.05994333774749231,0.007858146185954644
3546.0,0.05763655697928335,0.007446339012667415
3545.0,0.05533000970273114,0.006932556360390823
3544.0,0.055303019083196174,0.006317286238750489
3543.0,0.05299693864816789,0.005422925152267464
3542.0,0.0529701868091582,0.004627354716177922
3541.0,0.05066457302671922,0.004389907628772369
3540.0,0.052943440351914506,0.004211760170167619
3539.0,0.050638059824961015,0.004059953418529925
3538.0,0.050638059824961015,0.0037384453325376974
3537.0,0.050638059824961015,0.003344803243853192
3536.0,0.050638059824961015,0.003157298710410926
3535.0,0.050638059824961015,0.0030475106793145775
3534.0,0.048332912506290335,0.003012645661028671
3533.0,0.04605404518109583,0.0029634811951545796
3532.0,0.04605404518109583,0.0027142621032993602
3531.0,0.04835919249976737,0.002486864718489526
3530.0,0.048385477780609656,0.0023590654054617467
3529.0,0.05069109156304745,0.0022578674273191013
3528.0,0.05299693864816789,0.002240492531602065
3527.0,0.055303019083196174,0.0021279094308596664
3526.0,0.055303019083196174,0.0018918905785690996
3525.0,0.055303019083196174,0.0017529447573524433
3524.0,0.05071761543554084,0.0017413997126076877
3523.0,0.048411768350419486,0.0016478986119604839
3522.0,0.048385477780609656,0.0015383033437068407
3521.0,0.04608009725365639,0.0015017673909529371
3520.0,0.04835919249976737,0.0014857952681584217
3519.0,0.04608009725365639,0.0012394368126692487
3518.0,0.04608009725365639,0.001008443651996339
3517.0,0.04608009725365639,0.001000171375116284
3516.0,0.048385477780609656,0.0009760367536791005
3515.0,0.048385477780609656,0.0008786038601957237
3514.0,0.048385477780609656,0.0007497517082908076
3513.0,0.05069109156304745,0.0007497517082908076
3512.0,0.05069109156304745,0.0007497517082908076
3511.0,0.05069109156304745,0.0007497517082908076
3510.0,0.05069109156304745,0.0007497517082908076
3509.0,0.05069109156304745,0.0007497517082908076
3508.0,0.05069109156304745,0.0007497517082908076
3507.0,0.05069109156304745,0.0007497517082908076
3506.0,0.048411768350419486,0.0005952708958507474
3505.0,0.048411768350419486,0.00027024336884866134
3504.0,0.046132217125660874,0.00024966652484401835
3503.0,0.046132217125660874,0.00024966652484401835
3502.0,0.048411768350419486,0.00024966652484401835
3501.0,0.046106154567980825,0.00024966652484401835
3500.0,0.046106154567980825,0.00024966652484401835
3499.0,0.0438266033432229,0.00021574282472567729
3498.0,0.0438266033432229,9.089527587141283e-05
3497.0,0.046106154567980825,0.0
3496.0,0.04608009725365639,0.0
3495.0,0.043774949934985985,0.0
3494.0,0.04605404518109583,0.0
3493.0,0.043774949934985985,-0.00013441597460023762
3492.0,0.04608009725365639,-0.0003736951890208
3491.0,0.04608009725365639,-0.0004958394258356095
3490.0,0.04608009725365639,-0.0004985834251344526
3489.0,0.04608009725365639,-0.0004985834251344526
3488.0,0.048385477780609656,-0.0004985834251344526
3487.0,0.04608009725365639,-0.0004985834251344526
3486.0,0.04835919249976737,-0.0004985834251344526
3485.0,0.04835919249976737,-0.0004985834251344526
3484.0,0.04835919249976737,-0.0004985834251344526
3483.0,0.04608009725365639,-0.0004985834251344526
3482.0,0.04835919249976737,-0.0004985834251344526
3481.0,0.04835919249976737,-0.0004985834251344526
3480.0,0.04605404518109583,-0.0004985834251344526
3479.0,0.048332912506290335,-0.0004985834251344526
3478.0,0.04605404518109583,-0.0004985834251344526
3477.0,0.04835919249976737,-0.0004985834251344526
3476.0,0.05066457302671922,-0.0004985834251344526
3475.0,0.048385477780609656,-0.0004985834251344526
3474.0,0.04608009725365639,-0.0004985834251344526
3473.0,0.04608009725365639,-0.0004985834251344526
3472.0,0.04608009725365639,-0.0004985834251344526
3471.0,0.0438007740410267,-0.0004985834251344526
3470.0,0.0438007740410267,-0.0004985834251344526
3469.0,0.0438007740410267,-0.0004985834251344526
3468.0,0.04608009725365639,-0.0004985834251344526
3467.0,0.04608009725365639,-0.0004985834251344526
3466.0,0.04608009725365639,-0.0004985834251344526
3465.0,0.04605404518109583,-0.0004985834251344526
3464.0,0.04605404518109583,-0.0004985834251344526
3463.0,0.04605404518109583,-0.0004985834251344526
3462.0,0.04605404518109583,-0.0004985834251344526
3461.0,0.048332912506290335,-0.0004985834251344526
3460.0,0.048332912506290335,-0.0004985834251344526
3459.0,0.04602799834873311,-0.0004985834251344526
3458.0,0.04602799834873311,-0.0004985834251344526
3457.0,0.04602799834873311,-0.0004985834251344526
3456.0,0.04602799834873311,-0.0004985834251344526
3455.0,0.04602799834873311,-0.0004985834251344526
3454.0,0.04374913102354024,-0.0004985834251344526
3453.0,0.04605404518109583,-0.0004985834251344526
3452.0,0.04605404518109583,-0.0004985834251344526
3451.0,0.043774949934985985,-0.0004985834251344526
3450.0,0.043774949934985985,-0.0004985834251344526
3449.0,0.043774949934985985,-0.0004985834251344526
3448.0,0.043774949934985985,-0.0004985834251344526
3447.0,0.043774949934985985,-0.0004985834251344526
3446.0,0.04608009725365639,-0.0004985834251344526
3445.0,0.0438007740410267,-0.0004985834251344526
3444.0,0.0438007740410267,-0.0004985834251344526
3443.0,0.04149562672235802,-0.0004985834251344526
3442.0,0.043774949934985985,-0.0004985834251344526
3441.0,0.04605404518109583,-0.0004985834251344526
3440.0,0.04605404518109583,-0.0004985834251344526
3439.0,0.04605404518109583,-0.0004985834251344526
3438.0,0.04605404518109583,-0.0004985834251344526
3437.0,0.04605404518109583,-0.0004985834251344526
3436.0,0.043774949934985985,-0.0004985834251344526
3435.0,0.04608009725365639,-0.0004985834251344526
3434.0,0.04608009725365639,-0.0004985834251344526
3433.0,0.04608009725365639,-0.0004985834251344526
3432.0,0.04608009725365639,-0.0004985834251344526
3431.0,0.043774949934985985,-0.0004985834251344526
3430.0,0.043774949934985985,-0.0004985834251344526
3429.0,0.04374913102354024,-0.0004985834251344526
3428.0,0.04602799834873311,-0.0004985834251344526
3427.0,0.04372331730512654,-0.0004985834251344526
3426.0,0.04372331730512654,-0.0004985834251344526
3425.0,0.04372331730512654,-0.0004985834251344526
3424.0,0.04602799834873311,-0.0004985834251344526
3423.0,0.048332912506290335,-0.0004985834251344526
3422.0,0.04605404518109583,-0.0004985834251344526
3421.0,0.04605404518109583,-0.0004985834251344526
3420.0,0.043774949934985985,-0.0004985834251344526
3419.0,0.041470035777428985,-0.0004985834251344526
3418.0,0.04374913102354024,-0.0004985834251344526
3417.0,0.04374913102354024,-0.0004985834251344526
3416.0,0.04602799834873311,-0.0004985834251344526
3415.0,0.04602799834873311,-0.0004985834251344526
3414.0,0.04602799834873311,-0.0004985834251344526
3413.0,0.04374913102354024,-0.0004985834251344526
3412.0,0.04374913102354024,-0.0004985834251344526
3411.0,0.04374913102354024,-0.0004985834251344526
3410.0,0.04374913102354024,-0.0004985834251344526
3409.0,0.04374913102354024,-0.0004985834251344526
3408.0,0.041470035777428985,-0.0004985834251344526
3407.0,0.041470035777428985,-0.0004985834251344526
3406.0,0.041470035777428985,-0.0004985834251344526
3405.0,0.041470035777428985,-0.0004985834251344526
3404.0,0.041470035777428985,-0.0004985834251344526
3403.0,0.041470035777428985,-0.0004985834251344526
3402.0,0.043774949934985985,-0.0004985834251344526
3401.0,0.043774949934985985,-0.0004985834251344526
3400.0,0.043774949934985985,-0.0004985834251344526
3399.0,0.04605404518109583,-0.0004985834251344526
3398.0,0.04605404518109583,-0.0004985834251344526
3397.0,0.04605404518109583,-0.0004985834251344526
3396.0,0.04605404518109583,-0.0004985834251344526
3395.0,0.04605404518109583,-0.0004985834251344526
3394.0,0.048332912506290335,-0.0004985834251344526
3393.0,0.04602799834873311,-0.0004985834251344526
3392.0,0.04602799834873311,-0.0004985834251344526
3391.0,0.04602799834873311,-0.0004985834251344526
3390.0,0.04372331730512654,-0.0004985834251344526
3389.0,0.04372331730512654,-0.0004985834251344526
3388.0,0.04141886932831437,-0.0004985834251344526
3387.0,0.04141886932831437,-0.0004985834251344526
3386.0,0.04141886932831437,-0.0004985834251344526
3385.0,0.04141886932831437,-0.0004985834251344526
3384.0,0.04144444997993276,-0.0004985834251344526
3383.0,0.04144444997993276,-0.0004985834251344526
3382.0,0.04144444997993276,-0.0004985834251344526
3381.0,0.04144444997993276,-0.0004985834251344526
3380.0,0.039140002003119685,-0.0004985834251344526
3379.0,0.039140002003119685,-0.0004985834251344526
3378.0,0.039140002003119685,-0.0004985834251344526
3377.0,0.04144444997993276,-0.0004985834251344526
3376.0,0.04144444997993276,-0.0004985834251344526
3375.0,0.041470035777428985,-0.0004985834251344526
3374.0,0.03919071256480016,-0.0004985834251344526
3373.0,0.03919071256480016,-0.0004985834251344526
3372.0,0.03919071256480016,-0.0004985834251344526
3371.0,0.03919071256480016,-0.0004985834251344526
3370.0,0.04149562672235802,-0.0004985834251344526
3369.0,0.03921607549759895,-0.0004985834251344526
3368.0,0.03921607549759895,-0.0004985834251344526
3367.0,0.03691116134004187,-0.0004985834251344526
3366.0,0.03919071256480016,-0.0004985834251344526
3365.0,0.03919071256480016,-0.0004985834251344526
3364.0,0.03919071256480016,-0.0004985834251344526
3363.0,0.03919071256480016,-0.0004985834251344526
3362.0,0.04149562672235802,-0.0004985834251344526
3361.0,0.04149562672235802,-0.0004985834251344526
3360.0,0.043774949934985985,-0.0004985834251344526
3359.0,0.04374913102354024,-0.0004985834251344526
3358.0,0.04605404518109583,-0.0004985834251344526
3357.0,0.043774949934985985,-0.0004985834251344526
3356.0,0.043774949934985985,-0.0004985834251344526
3355.0,0.043774949934985985,-0.0004985834251344526
3354.0,0.04374913102354024,-0.0004985834251344526
3353.0,0.04374913102354024,-0.0004985834251344526
3352.0,0.04374913102354024,-0.0004985834251344526
3351.0,0.03916535473382269,-0.0004985834251344526
3350.0,0.03688603152119295,-0.0004985834251344526
3349.0,0.03916535473382269,-0.0004985834251344526
3348.0,0.0368609067570108,-0.0004985834251344526
3347.0,0.039140002003119685,-0.0004985834251344526
3346.0,0.04141886932831437,-0.0004985834251344526
3345.0,0.04372331730512654,-0.0004985834251344526
3344.0,0.04144444997993276,-0.0004985834251344526
3343.0,0.039140002003119685,-0.0004985834251344526
3342.0,0.0368609067570108,-0.0004985834251344526
3341.0,0.03916535473382269,-0.0004985834251344526
3340.0,0.041470035777428985,-0.0004985834251344526
3339.0,0.041470035777428985,-0.0004985834251344526
3338.0,0.043774949934985985,-0.0004985834251344526
3337.0,0.04605404518109583,-0.0004985834251344526
3336.0,0.04374913102354024,-0.0004985834251344526
3335.0,0.04374913102354024,-0.0004985834251344526
3334.0,0.04144444997993276,-0.0004985834251344526
3333.0,0.04144444997993276,-0.0004985834251344526
3332.0,0.03916535473382269,-0.0004985834251344526
3331.0,0.03916535473382269,-0.0004985834251344526
3330.0,0.03916535473382269,-0.0004985834251344526
3329.0,0.03916535473382269,-0.0004985834251344526
3328.0,0.03916535473382269,-0.0004985834251344526
3327.0,0.04144444997993276,-0.0004985834251344526
3326.0,0.039140002003119685,-0.0004985834251344526
3325.0,0.039140002003119685,-0.0004985834251344526
3324.0,0.039140002003119685,-0.0004985834251344526
3323.0,0.039140002003119685,-0.0004985834251344526
3322.0,0.04144444997993276,-0.0004985834251344526
3321.0,0.04372331730512654,-0.0004985834251344526
3320.0,0.04141886932831437,-0.0004985834251344526
3319.0,0.04141886932831437,-0.0004985834251344526
3318.0,0.03683578704597457,-0.0004985834251344526
3317.0,0.0368609067570108,-0.0004985834251344526
3316.0,0.03458158354438019,-0.0004985834251344526
3315.0,0.03458158354438019,-0.0004985834251344526
3314.0,0.03458158354438019,-0.0004985834251344526
3313.0,0.03455669179986427,-0.0004985834251344526
3312.0,0.03683578704597457,-0.0004985834251344526
3311.0,0.03683578704597457,-0.0004985834251344526
3310.0,0.039140002003119685,-0.0004985834251344526
3309.0,0.03916535473382269,-0.0004985834251344526
3308.0,0.03688603152119295,-0.0004985834251344526
3307.0,0.03688603152119295,-0.0004985834251344526
3306.0,0.03916535473382269,-0.0004985834251344526
3305.0,0.039140002003119685,-0.0004985834251344526
3304.0,0.03683578704597457,-0.0004985834251344526
3303.0,0.03683578704597457,-0.0004985834251344526
3302.0,0.03683578704597457,-0.0004985834251344526
3301.0,0.03455669179986427,-0.0004985834251344526
3300.0,0.0368609067570108,-0.0004985834251344526
3299.0,0.03455669179986427,-0.0004985834251344526
3298.0,0.03455669179986427,-0.0004985834251344526
3297.0,0.03455669179986427,-0.0004985834251344526
3296.0,0.0368609067570108,-0.0004985834251344526
3295.0,0.0368609067570108,-0.0004985834251344526
3294.0,0.0368609067570108,-0.0004985834251344526
3293.0,0.039140002003119685,-0.0004985834251344526
3292.0,0.039140002003119685,-0.0004985834251344526
3291.0,0.04141886932831437,-0.0004985834251344526
3290.0,0.039114654371167575,-0.0004985834251344526
3289.0,0.03681067238657145,-0.0004985834251344526
3288.0,0.03681067238657145,-0.0004985834251344526
3287.0,0.03681067238657145,-0.0004985834251344526
3286.0,0.034531805061377485,-0.0004985834251344526
3285.0,0.034531805061377485,-0.0004985834251344526
3284.0,0.034531805061377485,-0.0004985834251344526
3283.0,0.034531805061377485,-0.0004985834251344526
3282.0,0.034531805061377485,-0.0004985834251344526
3281.0,0.034531805061377485,-0.0004985834251344526
3280.0,0.03683578704597457,-0.0004985834251344526
3279.0,0.03683578704597457,-0.0004985834251344526
3278.0,0.03455669179986427,-0.0004985834251344526
3277.0,0.03455669179986427,-0.0004985834251344526
3276.0,0.03455669179986427,-0.0004985834251344526
3275.0,0.03455669179986427,-0.0004985834251344526
3274.0,0.034531805061377485,-0.0004985834251344526
3273.0,0.032228056002217745,-0.0004985834251344526
3272.0,0.034531805061377485,-0.0004985834251344526
3271.0,0.03681067238657145,-0.0004985834251344526
3270.0,0.03681067238657145,-0.0004985834251344526
3269.0,0.03681067238657145,-0.0004985834251344526
3268.0,0.03681067238657145,-0.0004985834251344526
3267.0,0.03450692332741257,-0.0004985834251344526
3266.0,0.03450692332741257,-0.0004985834251344526
3265.0,0.03220340714659968,-0.0004985834251344526
3264.0,0.03220340714659968,-0.0004985834251344526
3263.0,0.03450692332741257,-0.0004985834251344526
3262.0,0.032228056002217745,-0.0004985834251344526
3261.0,0.032228056002217745,-0.0004985834251344526
3260.0,0.02994896075610713,-0.0004985834251344526
3259.0,0.029924539821406533,-0.0004985834251344526
3258.0,0.029924539821406533,-0.0004985834251344526
3257.0,0.032228056002217745,-0.0004985834251344526
3256.0,0.032228056002217745,-0.0004985834251344526
3255.0,0.03225270981526833,-0.0004985834251344526
3254.0,0.03455669179986427,-0.0004985834251344526
3253.0,0.03455669179986427,-0.00045708443912844657
3252.0,0.03455669179986427,-0.0002626986709391753
3251.0,0.03455669179986427,-6.856226763016697e-05
3250.0,0.029973386602638593,0.0
3249.0,0.03225270981526833,0.0
3248.0,0.03225270981526833,0.0
3247.0,0.03225270981526833,0.0
3246.0,0.0322773685872354,0.0
3245.0,0.0322773685872354,0.0
3244.0,0.03458158354438019,0.0
3243.0,0.0322773685872354,0.0
3242.0,0.0322773685872354,0.0
3241.0,0.029973386602638593,0.0
3240.0,0.02994896075610713,0.0
3239.0,0.027645444575294553,0.0
3238.0,0.029924539821406533,0.0
3237.0,0.029924539821406533,0.0
3236.0,0.032228056002217745,0.0
3235.0,0.032228056002217745,0.0
3234.0,0.02994896075610713,0.0
3233.0,0.02994896075610713,0.0
3232.0,0.02994896075610713,0.0
3231.0,0.027645444575294553,0.0
3230.0,0.027645444575294553,0.0
3229.0,0.027621256471869436,0.0
3228.0,0.029900123797063444,0.0
3227.0,0.029900123797063444,0.0
3226.0,0.029900123797063444,0.0
3225.0,0.029900123797063444,0.0
3224.0,0.029924539821406533,0.0
3223.0,0.032228056002217745,0.0
3222.0,0.03225270981526833,0.0
3221.0,0.0322773685872354,0.0
3220.0,0.0322773685872354,0.0
3219.0,0.0322773685872354,0.0
3218.0,0.029973386602638593,0.0
3217.0,0.02994896075610713,0.0
3216.0,0.029924539821406533,0.0
3215.0,0.029924539821406533,0.0
3214.0,0.029924539821406533,0.0
3213.0,0.029924539821406533,0.0
3212.0,0.029924539821406533,0.0
3211.0,0.029924539821406533,0.0
3210.0,0.029924539821406533,0.0
3209.0,0.029924539821406533,0.0
3208.0,0.029924539821406533,0.0
3207.0,0.029924539821406533,0.0
3206.0,0.029924539821406533,0.0
3205.0,0.029924539821406533,0.0
3204.0,0.029924539821406533,0.0
3203.0,0.029924539821406533,0.0
3202.0,0.029924539821406533,0.0
3201.0,0.029924539821406533,0.0
3200.0,0.029924539821406533,0.0
3199.0,0.029924539821406533,0.0
3198.0,0.029924539821406533,0.0
3197.0,0.027621256471869436,0.0
3196.0,0.027621256471869436,0.0
3195.0,0.027621256471869436,0.0
3194.0,0.027621256471869436,0.0
3193.0,0.027645444575294553,0.0
3192.0,0.029924539821406533,0.0
3191.0,0.029924539821406533,0.0
3190.0,0.027645444575294553,0.0
3189.0,0.027645444575294553,0.0
3188.0,0.02994896075610713,0.0
3187.0,0.02536612136266568,0.0
3186.0,0.02536612136266568,0.0
3185.0,0.02534216122575859,0.0
3184.0,0.02303911066042624,0.0
3183.0,0.0253182059065359,0.0
3182.0,0.0253182059065359,0.0
3181.0,0.027621256471869436,0.0
3180.0,0.027621256471869436,0.0
3179.0,0.027621256471869436,0.0
3178.0,0.0253182059065359,0.0
3177.0,0.027597073231730863,0.0
3176.0,0.027597073231730863,0.0
3175.0,0.027597073231730863,0.0
3174.0,0.027597073231730863,0.0
3173.0,0.025294255403563646,0.0
3172.0,0.022991670265517274,0.0
3171.0,0.022991670265517274,0.0
3170.0,0.022991670265517274,0.0
3169.0,0.025294255403563646,0.0
3168.0,0.025294255403563646,0.0
3167.0,0.0253182059065359,0.0
3166.0,0.0253182059065359,0.0
3165.0,0.0253182059065359,0.0
3164.0,0.0253182059065359,0.0
3163.0,0.0253182059065359,0.0
3162.0,0.0253182059065359,0.0
3161.0,0.0253182059065359,0.0
3160.0,0.0253182059065359,0.0
3159.0,0.02301538807837032,0.0
3158.0,0.02301538807837032,0.0
3157.0,0.02301538807837032,0.0
3156.0,0.0253182059065359,0.0
3155.0,0.02303911066042624,0.0
3154.0,0.02303911066042624,0.0
3153.0,0.02303911066042624,0.0
3152.0,0.02301538807837032,0.0
3151.0,0.02301538807837032,3.5655520411318114e-05
3150.0,0.02301538807837032,0.00016322072656689942
3149.0,0.02301538807837032,0.00023984060446101223
3148.0,0.02303911066042624,0.00024966652484401835
3147.0,0.02303911066042624,0.00024966652484401835
3146.0,0.02303911066042624,0.00024966652484401835
3145.0,0.02303911066042624,0.00024966652484401835
3144.0,0.02303911066042624,0.00024966652484401835
3143.0,0.0253182059065359,0.00024966652484401835
3142.0,0.02301538807837032,0.00024966652484401835
3141.0,0.02301538807837032,0.00024966652484401835
3140.0,0.02301538807837032,0.00024966652484401835
3139.0,0.02301538807837032,0.00024966652484401835
3138.0,0.02301538807837032,0.00031825109261308926
3137.0,0.02301538807837032,0.0005139861101034128
3136.0,0.02301538807837032,0.0007177047474517467
3135.0,0.027597073231730863,0.0007497517082908076
3134.0,0.027597073231730863,0.0007497517082908076
3133.0,0.027597073231730863,0.0007497517082908076
3132.0,0.025294255403563646,0.0007497517082908076
3131.0,0.02301538807837032,0.0007497517082908076
3130.0,0.020712802940323127,0.0007497517082908076
3129.0,0.020736292832259248,0.0007497517082908076
3128.0,0.020736292832259248,0.0007497517082908076
3127.0,0.020736292832259248,0.000762212260588448
3126.0,0.02301538807837032,0.0008797882428646184
3125.0,0.02301538807837032,0.0009720498579652513
3124.0,0.02301538807837032,0.001000171375116284
3123.0,0.02301538807837032,0.001000171375116284
3122.0,0.02301538807837032,0.001000171375116284
3121.0,0.02301538807837032,0.001000171375116284
3120.0,0.0253182059065359,0.001000171375116284
3119.0,0.02301538807837032,0.001000171375116284
3118.0,0.0253182059065359,0.001000171375116284
3117.0,0.0253182059065359,0.001000171375116284
3116.0,0.0253182059065359,0.001000171375116284
3115.0,0.0253182059065359,0.001000171375116284
3114.0,0.0253182059065359,0.001000171375116284
3113.0,0.02303911066042624,0.001000171375116284
3112.0,0.02303911066042624,0.001000171375116284
3111.0,0.020736292832259248,0.001000171375116284
3110.0,0.020736292832259248,0.001000171375116284
3109.0,0.020736292832259248,0.001000171375116284
3108.0,0.020736292832259248,0.001000171375116284
3107.0,0.02301538807837032,0.001000171375116284
3106.0,0.02301538807837032,0.001000171375116284
3105.0,0.020736292832259248,0.001000171375116284
3104.0,0.018433707694213194,0.001000171375116284
3103.0,0.020712802940323127,0.001000171375116284
3102.0,0.022991670265517274,0.001000171375116284
3101.0,0.022991670265517274,0.001000171375116284
3100.0,0.025294255403563646,0.001000171375116284
3099.0,0.025294255403563646,0.001000171375116284
3098.0,0.0253182059065359,0.001000171375116284
3097.0,0.0253182059065359,0.001000171375116284
3096.0,0.02303911066042624,0.001000171375116284
3095.0,0.0253182059065359,0.001000171375116284
3094.0,0.02301538807837032,0.001000171375116284
3093.0,0.02301538807837032,0.001000171375116284
3092.0,0.02301538807837032,0.001000171375116284
3091.0,0.02301538807837032,0.001000171375116284
3090.0,0.02301538807837032,0.001000171375116284
3089.0,0.02301538807837032,0.001000171375116284
3088.0,0.022991670265517274,0.001000171375116284
3087.0,0.022991670265517274,0.001000171375116284
3086.0,0.022991670265517274,0.001000171375116284
3085.0,0.020689317770579578,0.001000171375116284
3084.0,0.022991670265517274,0.001000171375116284
3083.0,0.022991670265517274,0.001000171375116284
3082.0,0.020712802940323127,0.001000171375116284
3081.0,0.020712802940323127,0.001000171375116284
3080.0,0.020712802940323127,0.001000171375116284
3079.0,0.02301538807837032,0.001000171375116284
3078.0,0.02303911066042624,0.0010357333882477296
3077.0,0.02303911066042624,0.0012282030249615619
3076.0,0.020736292832259248,0.0014434708025369573
3075.0,0.018433707694213194,0.0015017673909529371
3074.0,0.018410450445384433,0.0015017673909529371
3073.0,0.020689317770579578,0.0015017673909529371
3072.0,0.020689317770579578,0.0015017673909529371
3071.0,0.020689317770579578,0.0015017673909529371
3070.0,0.020712802940323127,0.0015017673909529371
3069.0,0.020736292832259248,0.0015017673909529371
3068.0,0.020736292832259248,0.0015017673909529371
3067.0,0.018456969619630375,0.0015017673909529371
3066.0,0.01615438448158341,0.0015017673909529371
3065.0,0.01615438448158341,0.0015017673909529371
3064.0,0.013852031986645036,0.0015017673909529371
3063.0,0.016131355199275683,0.0015017673909529371
3062.0,0.018410450445384433,0.0015885128505488484
3061.0,0.018410450445384433,0.0017529447573524433
3060.0,0.022991670265517274,0.0017529447573524433
3059.0,0.022991670265517274,0.0017529447573524433
3058.0,0.022991670265517274,0.0017529447573524433
3057.0,0.022991670265517274,0.0017529447573524433
3056.0,0.020712802940323127,0.0017529447573524433
3055.0,0.020712802940323127,0.0017529447573524433
3054.0,0.018410450445384433,0.0017529447573524433
3053.0,0.018387197871742138,0.0017529447573524433
3052.0,0.018387197871742138,0.0017529447573524433
3051.0,0.018387197871742138,0.0017529447573524433
3050.0,0.016108330546548675,0.0017529447573524433
3049.0,0.018410450445384433,0.0017529447573524433
3048.0,0.020712802940323127,0.0017529447573524433
3047.0,0.020689317770579578,0.0017529447573524433
3046.0,0.020689317770579578,0.0017529447573524433
3045.0,0.020689317770579578,0.0017529447573524433
3044.0,0.018387197871742138,0.0017529447573524433
3043.0,0.018387197871742138,0.0017529447573524433
3042.0,0.018387197871742138,0.0017529447573524433
3041.0,0.016108330546548675,0.0017529447573524433
3040.0,0.013829235300438468,0.0017529447573524433
3039.0,0.016131355199275683,0.0017529447573524433
3038.0,0.013829235300438468,0.0016920256681066139
3037.0,0.013829235300438468,0.0015452836951996922
3036.0,0.013829235300438468,0.0015017673909529371
3035.0,0.013829235300438468,0.0015017673909529371
3034.0,0.016108330546548675,0.0015017673909529371
3033.0,0.016108330546548675,0.0015017673909529371
3032.0,0.016108330546548675,0.0015017673909529371
3031.0,0.018410450445384433,0.0015017673909529371
3030.0,0.018410450445384433,0.0015017673909529371
3029.0,0.018410450445384433,0.0015017673909529371
3028.0,0.016131355199275683,0.0015017673909529371
3027.0,0.016131355199275683,0.0015017673909529371
3026.0,0.016131355199275683,0.0015017673909529371
3025.0,0.016131355199275683,0.0015017673909529371
3024.0,0.016131355199275683,0.0015017673909529371
3023.0,0.018410450445384433,0.0015017673909529371
3022.0,0.018410450445384433,0.0015017673909529371
3021.0,0.018410450445384433,0.0015017673909529371
3020.0,0.016131355199275683,0.0015017673909529371
3019.0,0.018433707694213194,0.0015017673909529371
3018.0,0.018433707694213194,0.0015017673909529371
3017.0,0.020736292832259248,0.0015017673909529371
3016.0,0.020736292832259248,0.0015017673909529371
3015.0,0.018433707694213194,0.0015017673909529371
3014.0,0.018433707694213194,0.0015017673909529371
3013.0,0.01615438448158341,0.0015017673909529371
3012.0,0.01615438448158341,0.0015017673909529371
3011.0,0.01615438448158341,0.0015017673909529371
3010.0,0.013852031986645036,0.0015017673909529371
3009.0,0.016131355199275683,0.0015017673909529371
3008.0,0.016108330546548675,0.0015017673909529371
3007.0,0.01380644319681916,0.0015017673909529371
3006.0,0.016085310522013486,0.0015017673909529371
3005.0,0.016085310522013486,0.0015017673909529371
3004.0,0.018387197871742138,0.0015017673909529371
3003.0,0.018410450445384433,0.0015017673909529371
3002.0,0.018410450445384433,0.0015017673909529371
3001.0,0.020689317770579578,0.0015017673909529371
3000.0,0.018387197871742138,0.0015017673909529371
2999.0,0.018387197871742138,0.0015017673909529371
2998.0,0.018387197871742138,0.0015017673909529371
2997.0,0.016108330546548675,0.0015017673909529371
2996.0,0.018410450445384433,0.0015017673909529371
2995.0,0.020712802940323127,0.0015017673909529371
2994.0,0.020712802940323127,0.0015017673909529371
2993.0,0.018410450445384433,0.0015017673909529371
2992.0,0.020689317770579578,0.0015017673909529371
2991.0,0.018387197871742138,0.0015017673909529371
2990.0,0.018387197871742138,0.0015017673909529371
2989.0,0.018387197871742138,0.0015017673909529371
2988.0,0.018387197871742138,0.0015017673909529371
2987.0,0.018387197871742138,0.0015017673909529371
2986.0,0.016108330546548675,0.0015017673909529371
2985.0,0.016108330546548675,0.0015017673909529371
2984.0,0.016108330546548675,0.0015017673909529371
2983.0,0.018410450445384433,0.0015017673909529371
2982.0,0.016108330546548675,0.0015017673909529371
2981.0,0.016108330546548675,0.0015017673909529371
2980.0,0.016108330546548675,0.0015017673909529371
2979.0,0.016108330546548675,0.0015017673909529371
2978.0,0.018410450445384433,0.0015017673909529371
2977.0,0.016108330546548675,0.0015017673909529371
2976.0,0.018387197871742138,0.0015017673909529371
2975.0,0.016085310522013486,0.0015017673909529371
2974.0,0.018387197871742138,0.0015017673909529371
2973.0,0.018387197871742138,0.0015017673909529371
2972.0,0.020689317770579578,0.001581199082628871
2971.0,0.018387197871742138,0.0017243419790887921
2970.0,0.018387197871742138,0.0019371529546978227
2969.0,0.016085310522013486,0.002159470850615595
2968.0,0.016085310522013486,0.002256060762148213
2967.0,0.016085310522013486,0.002256060762148213
2966.0,0.013783655674413874,0.002256060762148213
2965.0,0.016085310522013486,0.002256060762148213
2964.0,0.016108330546548675,0.002256060762148213
2963.0,0.016108330546548675,0.0022979571341159737
2962.0,0.018410450445384433,0.0024181358488622683
2961.0,0.018410450445384433,0.002499443416599303
2960.0,0.016131355199275683,0.002508000427209865
2959.0,0.013829235300438468,0.002508000427209865
2958.0,0.013829235300438468,0.002508000427209865
2957.0,0.016108330546548675,0.002508000427209865
2956.0,0.016108330546548675,0.002508000427209865
2955.0,0.016108330546548675,0.002508000427209865
2954.0,0.016108330546548675,0.0025400589173902016
2953.0,0.016108330546548675,0.0027453406243397012
2952.0,0.016108330546548675,0.002943106867066169
2951.0,0.016108330546548675,0.003012645661028671
2950.0,0.018387197871742138,0.003012645661028671
2949.0,0.018387197871742138,0.003012645661028671
2948.0,0.016108330546548675,0.003012645661028671
2947.0,0.013829235300438468,0.003012645661028671
2946.0,0.013829235300438468,0.003056502221452783
2945.0,0.01154991208780955,0.00315090629231618
2944.0,0.01154991208780955,0.003315319581182189
2943.0,0.013829235300438468,0.003436854469115309
2942.0,0.013829235300438468,0.003518315555924071
2941.0,0.01154991208780955,0.003518315555924071
2940.0,0.013829235300438468,0.003518315555924071
2939.0,0.013829235300438468,0.003518315555924071
2938.0,0.016108330546548675,0.003518315555924071
2937.0,0.018387197871742138,0.0035050981029857375
2936.0,0.018387197871742138,0.0034269405365514615
2935.0,0.018387197871742138,0.003268375668013401
2934.0,0.018387197871742138,0.003132735050074932
2933.0,0.020689317770579578,0.0029635199589410624
2932.0,0.020689317770579578,0.0026154331517781767
2931.0,0.018387197871742138,0.0022374562163593845
2930.0,0.018387197871742138,0.0017278810261772358
2929.0,0.016085310522013486,0.0012657288597415447
2928.0,0.016085310522013486,0.0006482955424231092
2927.0,0.016085310522013486,0.00010869919845149856
2926.0,0.018387197871742138,-0.00027796088783434484
2925.0,0.018410450445384433,-0.0004985834251344526
2924.0,0.018410450445384433,-0.0004985834251344526
2923.0,0.016108330546548675,-0.0004985834251344526
2922.0,0.016085310522013486,-0.0004985834251344526
2921.0,0.016085310522013486,-0.0004985834251344526
2920.0,0.013783655674413874,-0.0004985834251344526
2919.0,0.013783655674413874,-0.0004985834251344526
2918.0,0.01380644319681916,-0.0004985834251344526
2917.0,0.01380644319681916,-0.0004985834251344526
2916.0,0.01380644319681916,-0.0004985834251344526
2915.0,0.016108330546548675,-0.0004985834251344526
2914.0,0.01380644319681916,-0.0004985834251344526
2913.0,0.01380644319681916,-0.0004985834251344526
2912.0,0.013783655674413874,-0.0004985834251344526
2911.0,0.013783655674413874,-0.0004985834251344526
2910.0,0.013783655674413874,-0.0004985834251344526
2909.0,0.016085310522013486,-0.0004985834251344526
2908.0,0.016085310522013486,-0.0004985834251344526
2907.0,0.016085310522013486,-0.0004985834251344526
2906.0,0.016085310522013486,-0.0004985834251344526
2905.0,0.016085310522013486,-0.0004985834251344526
2904.0,0.016085310522013486,-0.0004985834251344526
2903.0,0.016085310522013486,-0.0004985834251344526
2902.0,0.016085310522013486,-0.0004985834251344526
2901.0,0.016085310522013486,-0.0004985834251344526
2900.0,0.016085310522013486,-0.0004985834251344526
2899.0,0.01380644319681916,-0.0004985834251344526
2898.0,0.01380644319681916,-0.0004985834251344526
2897.0,0.01380644319681916,-0.0003824569293504372
2896.0,0.011504788349218635,-0.00013317368646432133
2895.0,0.011504788349218635,0.0
2894.0,0.011504788349218635,0.0
2893.0,0.01380644319681916,0.0
2892.0,0.01380644319681916,0.0
2891.0,0.013829235300438468,0.0
2890.0,0.013829235300438468,0.0
2889.0,0.011527347950710138,0.0
2888.0,0.01380644319681916,1.5005565570967117e-05
2887.0,0.011504788349218635,0.0001398150649323698
2886.0,0.011504788349218635,0.00024966652484401835
2885.0,0.013783655674413874,0.00024966652484401835
2884.0,0.013783655674413874,0.00024966652484401835
2883.0,0.013783655674413874,0.00024966652484401835
2882.0,0.013783655674413874,0.0003502759874968723
2881.0,0.011504788349218635,0.0005864755593916538
2880.0,0.011504788349218635,0.0007359192653852035
2879.0,0.011504788349218635,0.0007497517082908076
2878.0,0.011504788349218635,0.0008272995078088763
2877.0,0.00920336595679433,0.0009468679791227295
2876.0,0.00920336595679433,0.0009945196510663295
2875.0,0.01148223328198793,0.001000171375116284
2874.0,0.01148223328198793,0.0012261522503477216
2873.0,0.01148223328198793,0.0014566581194766716
2872.0,0.01148223328198793,0.0015017673909529371
2871.0,0.01148223328198793,0.0015119621066684514
2870.0,0.01148223328198793,0.001621154220079952
2869.0,0.01148223328198793,0.0017385856654422703
2868.0,0.01148223328198793,0.0017529447573524433
2867.0,0.01148223328198793,0.0017529447573524433
2866.0,0.013783655674413874,0.0017529447573524433
2865.0,0.011504788349218635,0.0017529447573524433
2864.0,0.011504788349218635,0.0017529447573524433
2863.0,0.00920336595679433,0.0017529447573524433
2862.0,0.01148223328198793,0.0017529447573524433
2861.0,0.01148223328198793,0.001676998300484662
2860.0,0.01148223328198793,0.0015247958045614882
2859.0,0.01148223328198793,0.0015017673909529371
2858.0,0.013783655674413874,0.0014789240175147632
2857.0,0.013783655674413874,0.0011946552587066206
2856.0,0.013783655674413874,0.0008037281540268565
2855.0,0.013783655674413874,0.00033122278011789015
2854.0,0.013783655674413874,-2.857258223033042e-05
2853.0,0.013783655674413874,-0.0003515383018615257
2852.0,0.013783655674413874,-0.0004985834251344526
2851.0,0.01148223328198793,-0.0004985834251344526
2850.0,0.01148223328198793,-0.0004985834251344526
2849.0,0.006902175972584731,-0.0004985834251344526
2848.0,0.006902175972584731,-0.0004985834251344526
2847.0,0.006924270710685079,-0.0004985834251344526
2846.0,0.006924270710685079,-0.0004985834251344526
2845.0,0.004623080726474069,-0.0004985834251344526
2844.0,0.004623080726474069,-0.0004985834251344526
2843.0,0.00460121834966037,-0.0004985834251344526
2842.0,0.00460121834966037,-0.0004985834251344526
2841.0,0.00918104329777924,-0.0004985834251344526
2840.0,0.01148223328198793,-0.0004985834251344526
2839.0,0.01148223328198793,-0.0004985834251344526
2838.0,0.01148223328198793,-0.00036212131057201415
2837.0,0.01148223328198793,-0.0001496798628694632
2836.0,0.00918104329777924,-0.0003287044520612351
2835.0,0.00918104329777924,-0.0003631559755250993
2834.0,0.00918104329777924,-0.0001700527434256295
2833.0,0.00918104329777924,-2.8122174507699343e-05
2832.0,0.006880085674853196,0.0
2831.0,0.006880085674853196,0.0
2830.0,0.006880085674853196,0.0
2829.0,0.00918104329777924,0.0
2828.0,0.00918104329777924,0.0
2827.0,0.00920336595679433,0.0
2826.0,0.011504788349218635,0.0
2825.0,0.00920336595679433,0.0
2824.0,0.01148223328198793,0.0
2823.0,0.00918104329777924,0.0
2822.0,0.00918104329777924,0.0
2821.0,0.006902175972584731,0.0
2820.0,0.006902175972584731,0.0
2819.0,0.006902175972584731,0.0
2818.0,0.006902175972584731,0.0
2817.0,0.00918104329777924,0.0
2816.0,0.00918104329777924,0.0
2815.0,0.00918104329777924,0.0
2814.0,0.006902175972584731,0.0
2813.0,0.006902175972584731,0.0
2812.0,0.006902175972584731,0.0
2811.0,0.006902175972584731,0.0
2810.0,0.006880085674853196,0.0
2809.0,0.006880085674853196,0.0
2808.0,0.00460121834966037,0.0
2807.0,0.00460121834966037,0.0
2806.0,0.00460121834966037,0.0
2805.0,0.004623080726474069,0.0
2804.0,0.006902175972584731,0.0
2803.0,0.00920336595679433,0.0
2802.0,0.00920336595679433,0.0
2801.0,0.006902175972584731,0.0
2800.0,0.006902175972584731,0.0
2799.0,0.006880085674853196,0.0
2798.0,0.004579360366297119,0.0
2797.0,0.004579360366297119,0.0
2796.0,0.006880085674853196,0.0
2795.0,0.006880085674853196,0.0
2794.0,0.00918104329777924,0.0
2793.0,0.00918104329777924,0.0
2792.0,0.00918104329777924,0.0
2791.0,0.00918104329777924,0.0
2790.0,0.006902175972584731,0.0
2789.0,0.006902175972584731,0.0
2788.0,0.00460121834966037,0.0
2787.0,0.00460121834966037,0.0
2786.0,0.00460121834966037,0.0
2785.0,0.00460121834966037,0.0
2784.0,0.006880085674853196,0.0
2783.0,0.006880085674853196,0.0
2782.0,0.006880085674853196,0.0
2781.0,0.006880085674853196,0.0
2780.0,0.006880085674853196,0.0
2779.0,0.004579360366297119,0.0
2778.0,0.004579360366297119,0.0
2777.0,0.004579360366297119,0.0
2776.0,0.006880085674853196,0.0
2775.0,0.006880085674853196,0.0
2774.0,0.006880085674853196,0.0
2773.0,0.006880085674853196,0.0
2772.0,0.006880085674853196,0.0
2771.0,0.006880085674853196,0.0
2770.0,0.006880085674853196,0.0
2769.0,0.006880085674853196,0.0
2768.0,0.006880085674853196,0.0
2767.0,0.006880085674853196,0.0
2766.0,0.006880085674853196,0.0
2765.0,0.006880085674853196,0.0
2764.0,0.006880085674853196,0.0
2763.0,0.006880085674853196,0.0
2762.0,0.00460121834966037,0.0
2761.0,0.00460121834966037,0.0
2760.0,0.00460121834966037,0.0
2759.0,0.00460121834966037,0.0
2758.0,0.00460121834966037,0.0
2757.0,0.00460121834966037,0.0
2756.0,0.00460121834966037,0.0
2755.0,0.00460121834966037,0.0
2754.0,0.00460121834966037,0.0
2753.0,0.00460121834966037,0.0
2752.0,0.00460121834966037,0.0
2751.0,0.002300493041103383,0.0
2750.0,0.002300493041103383,0.0
2749.0,0.002300493041103383,0.0
2748.0,0.002300493041103383,0.0
2747.0,0.004579360366297119,0.0
2746.0,0.004579360366297119,0.0
2745.0,0.004579360366297119,0.0
2744.0,0.002278867325194692,0.0
2743.0,0.002278867325194692,0.0
2742.0,0.002278867325194692,0.0
2741.0,0.002278867325194692,0.0
2740.0,0.004579360366297119,0.0
2739.0,0.004579360366297119,0.0
2738.0,0.004579360366297119,0.0
2737.0,0.00460121834966037,0.0
2736.0,0.00460121834966037,0.0
2735.0,0.00460121834966037,0.0
2734.0,0.00460121834966037,0.0
2733.0,0.00460121834966037,0.0
2732.0,0.002300493041103383,0.0
2731.0,0.002300493041103383,0.0
2730.0,0.002300493041103383,0.0
2729.0,0.002300493041103383,0.0
2728.0,0.004579360366297119,0.0
2727.0,0.002278867325194692,0.0
2726.0,0.002278867325194692,0.0
2725.0,0.0,0.0
2724.0,0.0,0.0
2723.0,2.139779499244878e-05,0.0
2722.0,0.0,0.0
2721.0,0.0,0.0
2720.0,-2.139349533586047e-05,0.0
2719.0,-2.139349533586047e-05,0.0
2718.0,-2.139349533586047e-05,0.0
2717.0,-2.139349533586047e-05,0.0
2716.0,0.002278867325194692,0.0
2715.0,0.0,0.0
2714.0,0.002300493041103383,0.0
2713.0,0.002300493041103383,0.0
2712.0,0.00460121834966037,0.0
2711.0,0.002300493041103383,0.0
2710.0,0.002300493041103383,0.0
2709.0,0.0,0.0
2708.0,0.0,0.0
2707.0,0.0,0.0
2706.0,0.002278867325194692,0.0
2705.0,0.002278867325194692,0.0
2704.0,0.002278867325194692,0.0
2703.0,-2.139349533586047e-05,0.0
2702.0,-2.139349533586047e-05,0.0
2701.0,-2.139349533586047e-05,0.0
2700.0,-2.139349533586047e-05,0.0
2699.0,-2.139349533586047e-05,0.0
2698.0,-2.139349533586047e-05,0.0
2697.0,-2.139349533586047e-05,0.0
2696.0,-2.139349533586047e-05,0.0
2695.0,-2.139349533586047e-05,0.0
2694.0,-2.139349533586047e-05,0.0
2693.0,-2.139349533586047e-05,0.0
2692.0,-2.139349533586047e-05,0.0
2691.0,-0.0023214221421824564,0.0
2690.0,-0.0023214221421824564,0.0
2689.0,-2.139349533586047e-05,0.0
2688.0,-0.002300260820528868,0.0
2687.0,-0.002279095246109705,1.3853652440725935e-05
2686.0,-0.002279095246109705,9.797236070157599e-05
2685.0,-0.002279095246109705,0.00020895590770595097
2684.0,-0.002300260820528868,0.00024966652484401835
2683.0,-0.002300260820528868,0.00024966652484401835
2682.0,-0.002300260820528868,0.00024966652484401835
2681.0,-0.002279095246109705,0.00024966652484401835
2680.0,2.139779499244878e-05,0.00024966652484401835
2679.0,2.139779499244878e-05,0.00024966652484401835
2678.0,0.002300493041103383,0.00024966652484401835
2677.0,0.002300493041103383,0.00024966652484401835
2676.0,0.002278867325194692,0.00024966652484401835
2675.0,0.002278867325194692,0.00024966652484401835
2674.0,-2.139349533586047e-05,0.00024966652484401835
2673.0,-2.139349533586047e-05,0.00024966652484401835
2672.0,-2.139349533586047e-05,0.00024135968529826807
2671.0,-2.139349533586047e-05,0.00017895338031545847
2670.0,-2.139349533586047e-05,6.24227862369e-05
2669.0,0.002278867325194692,0.0
2668.0,0.002278867325194692,0.0
2667.0,0.002278867325194692,0.0
2666.0,0.002278867325194692,0.0
2665.0,0.002278867325194692,0.0
2664.0,-2.139349533586047e-05,0.0
2663.0,-2.139349533586047e-05,0.0
2662.0,-2.139349533586047e-05,0.0
2661.0,-2.139349533586047e-05,0.0
2660.0,-2.139349533586047e-05,0.0
2659.0,-2.139349533586047e-05,-1.4725582716715977e-05
2658.0,-2.139349533586047e-05,-0.00013658473145334319
2657.0,-2.139349533586047e-05,-0.0003711684089081449
2656.0,-0.0023214221421824564,-0.0004985834251344526
2655.0,-0.0023214221421824564,-0.0004985834251344526
2654.0,-0.0023214221421824564,-0.0004985834251344526
2653.0,-2.139349533586047e-05,-0.00045129138556665097
2652.0,-2.139349533586047e-05,-0.00029247024310876584
2651.0,0.002278867325194692,-9.173648940546267e-05
2650.0,0.002278867325194692,0.0
2649.0,0.002278867325194692,0.0
2648.0,0.002278867325194692,0.0
2647.0,-0.002300260820528868,0.0
2646.0,-0.002300260820528868,0.0
2645.0,-0.002300260820528868,0.0
2644.0,0.0,0.0
2643.0,-0.002279095246109705,0.0
2642.0,-0.002279095246109705,0.0
2641.0,-0.002279095246109705,0.0
2640.0,0.0,0.0
2639.0,-0.002300260820528868,0.0
2638.0,-0.002300260820528868,0.0
2637.0,-0.0023214221421824564,0.0
2636.0,-0.0023214221421824564,0.0
2635.0,-2.139349533586047e-05,0.0
2634.0,-2.139349533586047e-05,0.0
2633.0,-2.139349533586047e-05,0.0
2632.0,-0.0023214221421824564,0.0
2631.0,-0.004600289467376329,0.0
2630.0,-0.004600289467376329,0.0
2629.0,-0.006879384713486353,0.0
2628.0,-0.00457935606664003,0.0
2627.0,-0.00457935606664003,0.0
2626.0,-2.139349533586047e-05,0.0
2625.0,-2.139349533586047e-05,0.0
2624.0,-0.0023214221421824564,0.0
2623.0,-0.0023214221421824564,0.0
2622.0,-0.0023214221421824564,0.0
2621.0,-0.0023214221421824564,0.0
2620.0,-0.0023214221421824564,0.0
2619.0,-0.0023214221421824564,0.0
2618.0,-0.0023214221421824564,0.0
2617.0,-0.004600289467376329,0.0
2616.0,-0.004600289467376329,0.0
2615.0,-0.004600289467376329,0.0
2614.0,-0.002300260820528868,0.0
2613.0,-0.002300260820528868,0.0
2612.0,-0.002300260820528868,0.0
2611.0,-0.004600289467376329,0.0
2610.0,-0.006879384713486353,0.0
2609.0,-0.006879384713486353,0.0
2608.0,-0.00457935606664003,0.0
2607.0,-0.006879384713486353,0.0
2606.0,-0.004600289467376329,0.0
2605.0,-0.004600289467376329,0.0
2604.0,-0.004600289467376329,0.0
2603.0,-0.004600289467376329,0.0
2602.0,-0.004600289467376329,0.0
2601.0,-0.0023214221421824564,0.0
2600.0,-0.0023214221421824564,0.0
2599.0,-0.00462121866220093,0.0
2598.0,-0.00462121866220093,0.0
2597.0,-0.00462121866220093,0.0
2596.0,-0.006900085987395758,0.0
2595.0,-0.004600289467376329,0.0
2594.0,-0.004600289467376329,0.0
2593.0,-0.004600289467376329,0.0
2592.0,-0.004600289467376329,0.0
2591.0,-0.004600289467376329,0.0
2590.0,-0.004600289467376329,9.070495285816642e-05
2589.0,-0.004600289467376329,0.00024966652484401835
2588.0,-0.004600289467376329,0.00024966652484401835
2587.0,-0.004600289467376329,0.00024966652484401835
2586.0,-0.004600289467376329,0.00024966652484401835
2585.0,-0.006900085987395758,0.00024966652484401835
2584.0,-0.006900085987395758,0.00024966652484401835
2583.0,-0.006920783102243247,0.00024966652484401835
2582.0,-0.006920783102243247,0.00024966652484401835
2581.0,-0.006920783102243247,0.00024966652484401835
2580.0,-0.006920783102243247,0.00024966652484401835
2579.0,-0.006920783102243247,0.00024966652484401835
2578.0,-0.006920783102243247,0.00024966652484401835
2577.0,-0.00462121866220093,0.00024966652484401835
2576.0,-0.00462121866220093,0.00024966652484401835
2575.0,-0.00462121866220093,0.00024966652484401835
2574.0,-0.00462121866220093,0.00024966652484401835
2573.0,-0.00462121866220093,0.00024966652484401835
2572.0,-0.00462121866220093,0.00024966652484401835
2571.0,-0.006900085987395758,0.00024966652484401835
2570.0,-0.006900085987395758,0.00024966652484401835
2569.0,-0.006900085987395758,0.00024966652484401835
2568.0,-0.006900085987395758,0.00024966652484401835
2567.0,-0.006900085987395758,0.00024966652484401835
2566.0,-0.00462121866220093,0.00024966652484401835
2565.0,-0.00462121866220093,0.00024966652484401835
2564.0,-0.00462121866220093,0.00024966652484401835
2563.0,-0.006900085987395758,0.00024966652484401835
2562.0,-0.006900085987395758,0.00024966652484401835
2561.0,-0.00462121866220093,0.00024966652484401835
2560.0,-0.00462121866220093,0.00024966652484401835
2559.0,-0.006900085987395758,0.0002525365401865856
2558.0,-0.006900085987395758,0.00042868565749022957
2557.0,-0.00462121866220093,0.0006765055251796179
2556.0,-0.00462121866220093,0.0007497517082908076
2555.0,-0.00462121866220093,0.0007497517082908076
2554.0,-0.00462121866220093,0.0007497517082908076
2553.0,-0.0023214221421824564,0.0007497517082908076
2552.0,-0.00462121866220093,0.0007497517082908076
2551.0,-0.00462121866220093,0.0007497517082908076
2550.0,-0.00462121866220093,0.0007497517082908076
2549.0,-0.006900085987395758,0.0007497517082908076
2548.0,-0.004600289467376329,0.0007497517082908076
2547.0,-0.004600289467376329,0.0007497517082908076
2546.0,-0.004600289467376329,0.0007497517082908076
2545.0,-0.004600289467376329,0.0007497517082908076
2544.0,-0.006900085987395758,0.0007497517082908076
2543.0,-0.006900085987395758,0.0007497517082908076
2542.0,-0.009199650427436415,0.0007497517082908076
2541.0,-0.006920783102243247,0.0007497517082908076
2540.0,-0.00462121866220093,0.0007497517082908076
2539.0,-0.00462121866220093,0.0007497517082908076
2538.0,-0.00462121866220093,0.0007497517082908076
2537.0,-0.00462121866220093,0.0007497517082908076
2536.0,-0.00462121866220093,0.0007497517082908076
2535.0,-0.00462121866220093,0.0007497517082908076
2534.0,-0.00462121866220093,0.0007497517082908076
2533.0,-0.006920783102243247,0.0007497517082908076
2532.0,-0.006920783102243247,0.0007497517082908076
2531.0,-0.006920783102243247,0.0007497517082908076
2530.0,-0.006920783102243247,0.0007497517082908076
2529.0,-0.006920783102243247,0.0007497517082908076
2528.0,-0.006920783102243247,0.0007497517082908076
2527.0,-0.00462121866220093,0.000772734021794625
2526.0,-0.00462121866220093,0.0008631704358074376
2525.0,-0.00462121866220093,0.0009654003949592702
2524.0,-0.006920783102243247,0.001000171375116284
2523.0,-0.006920783102243247,0.001000171375116284
2522.0,-0.006920783102243247,0.001000171375116284
2521.0,-0.006920783102243247,0.001000171375116284
2520.0,-0.006920783102243247,0.001000171375116284
2519.0,-0.006920783102243247,0.001000171375116284
2518.0,-0.006920783102243247,0.001000171375116284
2517.0,-0.006920783102243247,0.001000171375116284
2516.0,-0.006920783102243247,0.001000171375116284
2515.0,-0.009199650427436415,0.001000171375116284
2514.0,-0.006900085987395758,0.001000171375116284
2513.0,-0.006900085987395758,0.001000171375116284
2512.0,-0.009199650427436415,0.001000171375116284
2511.0,-0.006920783102243247,0.001000171375116284
2510.0,-0.009220115509144578,0.001000171375116284
2509.0,-0.009220115509144578,0.001000171375116284
2508.0,-0.011519215929728446,0.001000171375116284
2507.0,-0.011519215929728446,0.001000171375116284
2506.0,-0.011519215929728446,0.001000171375116284
2505.0,-0.009220115509144578,0.001000171375116284
2504.0,-0.009220115509144578,0.001000171375116284
2503.0,-0.009220115509144578,0.001000171375116284
2502.0,-0.009220115509144578,0.001000171375116284
2501.0,-0.009220115509144578,0.001000171375116284
2500.0,-0.009220115509144578,0.001000171375116284
2499.0,-0.009220115509144578,0.001000171375116284
2498.0,-0.006920783102243247,0.001000171375116284
2497.0,-0.006920783102243247,0.001000171375116284
2496.0,-0.006920783102243247,0.001000171375116284
2495.0,-0.009220115509144578,0.001000171375116284
2494.0,-0.011519215929728446,0.001000171375116284
2493.0,-0.011519215929728446,0.001000171375116284
2492.0,-0.011519215929728446,0.001000171375116284
2491.0,-0.009220115509144578,0.001000171375116284
2490.0,-0.009220115509144578,0.001000171375116284
2489.0,-0.006920783102243247,0.001000171375116284
2488.0,-0.006920783102243247,0.001000171375116284
2487.0,-0.009220115509144578,0.001000171375116284
2486.0,-0.011519215929728446,0.001000171375116284
2485.0,-0.011519215929728446,0.001000171375116284
2484.0,-0.011519215929728446,0.001000171375116284
2483.0,-0.011519215929728446,0.001000171375116284
2482.0,-0.011519215929728446,0.001000171375116284
2481.0,-0.011519215929728446,0.001000171375116284
2480.0,-0.011519215929728446,0.001000171375116284
2479.0,-0.011519215929728446,0.001000171375116284
2478.0,-0.011519215929728446,0.001000171375116284
2477.0,-0.009220115509144578,0.001000171375116284
2476.0,-0.011519215929728446,0.001000171375116284
2475.0,-0.011519215929728446,0.001000171375116284
2474.0,-0.013818084410793999,0.001000171375116284
2473.0,-0.013798083254923387,0.001000171375116284
2472.0,-0.013798083254923387,0.001000171375116284
2471.0,-0.011519215929728446,0.001000171375116284
2470.0,-0.011519215929728446,0.001000171375116284
2469.0,-0.011519215929728446,0.001000171375116284
2468.0,-0.011519215929728446,0.001000171375116284
2467.0,-0.013818084410793999,0.001000171375116284
2466.0,-0.013818084410793999,0.001000171375116284
2465.0,-0.016116720999144143,0.001000171375116284
2464.0,-0.016116720999144143,0.001000171375116284
2463.0,-0.016116720999144143,0.001000171375116284
2462.0,-0.016096951735987304,0.001000171375116284
2461.0,-0.016096951735987304,0.001000171375116284
2460.0,-0.011519215929728446,0.001000171375116284
2459.0,-0.011519215929728446,0.001000171375116284
2458.0,-0.011498982834338633,0.001000171375116284
2457.0,-0.011498982834338633,0.001000171375116284
2456.0,-0.011498982834338633,0.001000171375116284
2455.0,-0.013798083254923387,0.001000171375116284
2454.0,-0.011519215929728446,0.001000171375116284
2453.0,-0.011519215929728446,0.001000171375116284
2452.0,-0.011519215929728446,0.001000171375116284
2451.0,-0.011519215929728446,0.001000171375116284
2450.0,-0.011519215929728446,0.001000171375116284
2449.0,-0.011519215929728446,0.001000171375116284
2448.0,-0.009220115509144578,0.001000171375116284
2447.0,-0.009220115509144578,0.001000171375116284
2446.0,-0.006920783102243247,0.001000171375116284
2445.0,-0.009199650427436415,0.001000171375116284
2444.0,-0.009199650427436415,0.0010487044291199786
2443.0,-0.009220115509144578,0.0012994250538428992
2442.0,-0.011519215929728446,0.0015017673909529371
2441.0,-0.013818084410793999,0.0015017673909529371
2440.0,-0.013818084410793999,0.0015017673909529371
2439.0,-0.013818084410793999,0.0015017673909529371
2438.0,-0.013818084410793999,0.0015017673909529371
2437.0,-0.013818084410793999,0.0015017673909529371
2436.0,-0.013818084410793999,0.0015017673909529371
2435.0,-0.013818084410793999,0.0015017673909529371
2434.0,-0.013818084410793999,0.0015017673909529371
2433.0,-0.013818084410793999,0.0015017673909529371
2432.0,-0.013818084410793999,0.0015017673909529371
2431.0,-0.013818084410793999,0.0015017673909529371
2430.0,-0.013818084410793999,0.0015017673909529371
2429.0,-0.013818084410793999,0.0015017673909529371
2428.0,-0.013818084410793999,0.0015017673909529371
2427.0,-0.016116720999144143,0.0015017673909529371
2426.0,-0.016116720999144143,0.0015017673909529371
2425.0,-0.016116720999144143,0.0014009930710816246
2424.0,-0.016116720999144143,0.0011751539688180232
2423.0,-0.016116720999144143,0.0010251299828357957
2422.0,-0.016116720999144143,0.001000171375116284
2421.0,-0.016096951735987304,0.001000171375116284
2420.0,-0.016096951735987304,0.001000171375116284
2419.0,-0.016096951735987304,0.001000171375116284
2418.0,-0.013798083254923387,0.001000171375116284
2417.0,-0.013798083254923387,0.001000171375116284
2416.0,-0.013798083254923387,0.0010314803298244024
2415.0,-0.016096951735987304,0.0012398602422118501
2414.0,-0.016096951735987304,0.0014594013756844874
2413.0,-0.013818084410793999,0.0015017673909529371
2412.0,-0.016116720999144143,0.00152507342659373
2411.0,-0.016116720999144143,0.0016629053380610678
2410.0,-0.016116720999144143,0.00173995877188762
2409.0,-0.016116720999144143,0.0017529447573524433
2408.0,-0.016116720999144143,0.0017529447573524433
2407.0,-0.016116720999144143,0.0017529447573524433
2406.0,-0.016116720999144143,0.0018955404754801763
2405.0,-0.013818084410793999,0.0021328028812277267
2404.0,-0.016096951735987304,0.0023029573496713587
2403.0,-0.016116720999144143,0.0024336966834997225
2402.0,-0.016116720999144143,0.002719187623138588
2401.0,-0.013818084410793999,0.0029715964920373475
2400.0,-0.013818084410793999,0.0032242614414400624
2399.0,-0.016116720999144143,0.00347370305946958
2398.0,-0.016116720999144143,0.003721955155430507
2397.0,-0.016116720999144143,0.008670850940283545
2396.0,-0.016116720999144143,0.021893760325596492
2395.0,-0.0184151257415497,0.036418661889451094
2394.0,-0.0184151257415497,0.04709800298328869
2393.0,-0.016096951735987304,0.058997484985699226
2392.0,-0.016077178501031342,0.0708805790373017
2391.0,-0.011478745673546687,0.08115714664893536
2390.0,-0.002279095246109705,0.09079510410793254
2389.0,0.011527347950710138,0.1002594601871045
2388.0,0.032228056002217745,0.11368349530785096
2387.0,0.059860981654499254,0.13080737368047735
2386.0,0.09679004278927282,0.1555454714907546
2385.0,0.14075682055850505,0.19953724043296897
2384.0,0.18713687337445112,0.2685663570160717
2383.0,0.23357571927981347,0.352907680913183
2382.0,0.26618774234077697,0.433041028112033
2381.0,0.2824886716133706,0.559715943842463
2380.0,0.27550113116941494,0.7201558156442678
2379.0,0.24989846550776768,0.8215984572330968
2378.0,0.21503203273642169,0.8405575921774254
2377.0,0.18949717835646301,0.8466961135605219
2376.0,0.1779393151960039,0.8487047044870377
2375.0,0.18721762713170595,0.8490465225308075
2374.0,0.22200105276094925,0.8536265842214672
2373.0,0.26385998976719227,0.8610301932048567
2372.0,0.3034641580540767,0.8646167383856657
2371.0,0.3291819898527167,0.8646167383856657
2370.0,0.35020262417203396,0.8646167383856657
2369.0,0.36188913850544313,0.8646167383856657
2368.0,0.3665654229050388,0.8646167383856657
2367.0,0.36422716075130324,0.8653050696311668
2366.0,0.3619473814688017,0.8679692443085972
2365.0,0.3642856436225363,0.8718772860943189
2364.0,0.3713018700235064,0.8727827925134267
2363.0,0.38300038344808807,0.8727827925134267
2362.0,0.4111013432923468,0.8727827925134267
2361.0,0.46036156215448587,0.8753037104484399
2360.0,0.5074484910603936,0.8852584101386763
2359.0,0.5569226081715946,0.8921172157238184
2358.0,0.5971344193827128,0.8966439489149716
2357.0,0.6397058493447211,0.9012544904145298
2356.0,0.6609322791111656,0.9063745433918383
2355.0,0.63488532123893,0.9163337317413823
2354.0,0.5922451354008487,0.9255671396751036
2353.0,0.5709980160999942,0.9325979459591853
2352.0,0.6017776490400661,0.9370444531190013
2351.0,0.6396189178075267,0.9389541300350148
2350.0,0.6443534978784251,0.9413586252938143
2349.0,0.6396189178075267,0.9504748134440195
2348.0,0.6561056175483747,0.9594490204342456
2347.0,0.6869172026046219,0.9616099543417496
2346.0,0.7058989061588824,0.9616099543417496
2345.0,0.7037124883143604,0.9616099543417496
2344.0,0.7014320245847322,0.9616099543417496
2343.0,0.710929798526235,0.9616099543417496
2342.0,0.7418249317345976,0.9616099543417496
2341.0,0.7750424728901241,0.9616099543417496
2340.0,0.7916155379544184,0.9616099543417496
2339.0,0.7820859889188251,0.9620730336970058
2338.0,0.763038838045567,0.965147847656968
2337.0,0.751142448425725,0.9716840631424705
2336.0,0.763038838045567,0.9737607708820137
2335.0,0.8036371023445599,0.9737607708820137
2334.0,0.8681065132489552,0.9737607708820137
2333.0,0.9255661792455845,0.9737607708820137
2332.0,0.9759625148604827,0.9738702227820442
2331.0,1.0,0.9768281243052601
2330.0,0.9783651226753756,0.9896439351306927
2329.0,0.9279634791056954,1.0
2328.0,0.8776730683009885,1.0
2327.0,0.8681065132489552,1.0
2326.0,0.8944242096796087,1.0
2325.0,0.9279634791056954,1.0
2324.0,0.9327588355626316,0.9989795572135776
2323.0,0.908677089739022,0.9906240894235202
2322.0,0.8703867487838776,0.9772248610407672
2321.0,0.8344406473118015,0.9737607708820137
2320.0,0.7938955453403116,0.9728938968023534
2319.0,0.7414347606850503,0.968247982836932
2318.0,0.6797120561313431,0.9532981994522671
2317.0,0.6252502151315036,0.9016670276586537
2316.0,0.5874403401511495,0.8589453506440056
2315.0,0.5590454948838275,0.8230534540023424
2314.0,0.5236283102454787,0.7862649897324957
2313.0,0.4859940592483465,0.7141078520923375
2312.0,0.4507683082249582,0.6646477013681252
2311.0,0.42737964232698833,0.615996010136498
2310.0,0.4133176031277314,0.5758544273484779
2309.0,0.40388518542404317,0.5340805712004014
2308.0,0.3945201246534751,0.454348973028121
2307.0,0.3874988539772929,0.38088571431752666
2306.0,0.3734627994532856,0.3601570001592392
2305.0,0.3524249147776599,0.3611676686305162
2304.0,0.33374086429010236,0.420203457533099
2303.0,0.31046027962546097,0.4945244170479396
2302.0,0.29413933590891334,0.49181267828331665
2301.0,0.28015925338499226,0.488204319625634
2300.0,0.26385998976719227,0.33768273914299507
2299.0,0.2498516994212527,0.22566671001043787
2298.0,0.2312515279575647,0.17035423965616528
2297.0,0.21494562162358183,0.14394351863333715
2296.0,0.19637576520281624,0.16073320856244994
2295.0,0.1778210292774973,0.1822596282240607
2294.0,0.161598019531038,0.2058448858691061
2293.0,0.140792473021153,0.19977331175247637
2292.0,0.12687326988578496,0.17987168519286276
2291.0,0.11068647772971026,0.1488477665474035
2290.0,0.09451117546407932,0.10412043654598033
2289.0,0.07834734678869594,0.08848289595883368
2288.0,0.06450175620622989,0.0750607118511488
2287.0,0.05066457302671922,0.07794156913803042
2286.0,0.03683578704597457,0.08253834130427608
2285.0,0.027621256471869436,0.08904224175121055
2284.0,0.022991670265517274,0.09394751228794698
2283.0,0.020689317770579578,0.09871199598753282
2282.0,0.022991670265517274,0.10219263136882493
2281.0,0.025294255403563646,0.10260530277640377
2280.0,0.027597073231730863,0.10197793284867379
2279.0,0.029900123797063444,0.10090679149117038
2278.0,0.03220340714659968,0.09969125850014007
2277.0,0.03220340714659968,0.09840462940441264
2276.0,0.03220340714659968,0.0968841896239935
2275.0,0.03220340714659968,0.09576528451942239
2274.0,0.03220340714659968,0.0945266667696312
2273.0,0.03220340714659968,0.09325447427067926
2272.0,0.03220340714659968,0.09184776927829452
2271.0,0.03220340714659968,0.08989292884663942
2270.0,0.03220340714659968,0.08815940644353251
2269.0,0.03220340714659968,0.08458123600013881
2268.0,0.027621256471869436,0.07632256511494653
2267.0,0.02534216122575859,0.06869890751562313
2266.0,0.027621256471869436,0.06671774470381839
2265.0,0.0253182059065359,0.06853543949961823
2264.0,0.02301538807837032,0.07281336046621381
2263.0,0.02301538807837032,0.07697005709109944
2262.0,0.020712802940323127,0.08157670547490001
2261.0,0.018410450445384433,0.07957087928761951
2260.0,0.01380644319681916,0.07544167428370771
2259.0,0.011504788349218635,0.05962634840586813
2258.0,0.00918104329777924,0.04047112032580775
2257.0,0.006880085674853196,0.03403606028364935
2256.0,0.006880085674853196,0.03493218522511505
2255.0,0.004579360366297119,0.03986604229240859
2254.0,0.004579360366297119,0.045076921447372645
2253.0,-2.139349533586047e-05,0.04650619650207055
2252.0,-0.0023214221421824564,0.045095282020776624
2251.0,-0.00462121866220093,0.04213252971438628
2250.0,-0.006920783102243247,0.0368183710272118
2249.0,-0.006920783102243247,0.029394705602551037
2248.0,-0.009220115509144578,0.02207077167806524
2247.0,-0.011519215929728446,0.01885059258087154
2246.0,-0.011519215929728446,0.016628049970096887
2245.0,-0.013818084410793999,0.014870714951385037
2244.0,-0.016116720999144143,0.013694203422528386
2243.0,-0.016116720999144143,0.012664010910960064
2242.0,-0.0184151257415497,0.012068447996114482
2241.0,-0.0184151257415497,0.011375967110428462
2240.0,-0.020713298684775026,0.010018361588798591
2239.0,-0.020713298684775026,0.008321931491987629
2238.0,-0.020713298684775026,0.007049133294366876
2237.0,-0.022992166009968465,0.006376755430461478
2236.0,-0.0206939930667448,0.006014789637077412
2235.0,-0.022992166009968465,0.005714448253087266
2234.0,-0.022992166009968465,0.005266210692916229
2233.0,-0.02301123987557799,0.004987398968263335
2232.0,-0.025308949360686957,0.004849006946423932
2231.0,-0.025308949360686957,0.004675405290185005
2230.0,-0.025308949360686957,0.004427931613196393
2229.0,-0.025308949360686957,0.003984619218151372
2228.0,-0.02301123987557799,0.0036348722693397826
2227.0,-0.025290107200772318,0.0034120873979592713
2226.0,-0.025290107200772318,0.00328562757051344
2225.0,-0.025290107200772318,0.003144512774595495
2224.0,-0.025290107200772318,0.0030345334488105923
2223.0,-0.02301123987557799,0.003012645661028671
2222.0,-0.02301123987557799,0.002941088504528609
2221.0,-0.025308949360686957,0.0027433828802205904
2220.0,-0.027606427186826408,0.002485431663799097
2219.0,-0.027606427186826408,0.0023449889069996326
2218.0,-0.027606427186826408,0.0022640813182159374
2217.0,-0.027606427186826408,0.002256060762148213
2216.0,-0.025308949360686957,0.002256060762148213
2215.0,-0.025308949360686957,0.002256060762148213
2214.0,-0.025308949360686957,0.002256060762148213
2213.0,-0.025308949360686957,0.0022338118047931315
2212.0,-0.025308949360686957,0.0020997731522103386
2211.0,-0.025308949360686957,0.0018542524137601549
2210.0,-0.025308949360686957,0.0017529447573524433
2209.0,-0.027606427186826408,0.0017529447573524433
2208.0,-0.029885294512020006,0.0017529447573524433
2207.0,-0.029885294512020006,0.0017529447573524433
2206.0,-0.029885294512020006,0.0017529447573524433
2205.0,-0.027606427186826408,0.0017089654533747173
2204.0,-0.027606427186826408,0.0015927795653762713
2203.0,-0.027606427186826408,0.0015111749317471893
2202.0,-0.027606427186826408,0.0015017673909529371
2201.0,-0.027606427186826408,0.0015017673909529371
2200.0,-0.027606427186826408,0.0014865411057208542
2199.0,-0.027606427186826408,0.0013757424954896032
2198.0,-0.027606427186826408,0.0011401407187571755
2197.0,-0.029903673400704184,0.001000171375116284
2196.0,-0.029903673400704184,0.001000171375116284
2195.0,-0.029903673400704184,0.001000171375116284
2194.0,-0.029903673400704184,0.001000171375116284
2193.0,-0.027606427186826408,0.001000171375116284
2192.0,-0.027606427186826408,0.001000171375116284
2191.0,-0.025308949360686957,0.001000171375116284
2190.0,-0.027587816685882192,0.001000171375116284
2189.0,-0.027606427186826408,0.001000171375116284
2188.0,-0.027606427186826408,0.001000171375116284
2187.0,-0.027606427186826408,0.001000171375116284
2186.0,-0.027606427186826408,0.001000171375116284
2185.0,-0.027606427186826408,0.001000171375116284
2184.0,-0.027606427186826408,0.001000171375116284
2183.0,-0.027606427186826408,0.001000171375116284
2182.0,-0.027606427186826408,0.001000171375116284
2181.0,-0.029903673400704184,0.001000171375116284
2180.0,-0.029903673400704184,0.001000171375116284
2179.0,-0.029903673400704184,0.0010257571615995512
2178.0,-0.027606427186826408,0.0012405130996236123
2177.0,-0.027606427186826408,0.0014691718527209024
2176.0,-0.027606427186826408,0.0015017673909529371
2175.0,-0.027606427186826408,0.0015017673909529371
2174.0,-0.029903673400704184,0.0015017673909529371
2173.0,-0.029903673400704184,0.0015017673909529371
2172.0,-0.032200688049013916,0.0015017673909529371
2171.0,-0.032200688049013916,0.0015017673909529371
2170.0,-0.032200688049013916,0.0015017673909529371
2169.0,-0.032200688049013916,0.0015017673909529371
2168.0,-0.032200688049013916,0.0015017673909529371
2167.0,-0.029903673400704184,0.0015017673909529371
2166.0,-0.027606427186826408,0.0015141150654735208
2165.0,-0.027606427186826408,0.001588630782104669
2164.0,-0.029903673400704184,0.00172589739800879
2163.0,-0.029903673400704184,0.0017529447573524433
2162.0,-0.029903673400704184,0.0017529447573524433
2161.0,-0.032200688049013916,0.0017529447573524433
2160.0,-0.032200688049013916,0.0017529447573524433
2159.0,-0.029903673400704184,0.0017529447573524433
2158.0,-0.029885294512020006,0.0017529447573524433
2157.0,-0.029885294512020006,0.0017529447573524433
2156.0,-0.029885294512020006,0.0017529447573524433
2155.0,-0.027606427186826408,0.0017529447573524433
2154.0,-0.029903673400704184,0.0017529447573524433
2153.0,-0.029903673400704184,0.0017529447573524433
2152.0,-0.032200688049013916,0.0017529447573524433
2151.0,-0.032200688049013916,0.0017529447573524433
2150.0,-0.032200688049013916,0.0017529447573524433
2149.0,-0.032200688049013916,0.0017529447573524433
2148.0,-0.029903673400704184,0.0017529447573524433
2147.0,-0.029903673400704184,0.0017529447573524433
2146.0,-0.029903673400704184,0.0017529447573524433
2145.0,-0.029903673400704184,0.0017529447573524433
2144.0,-0.029903673400704184,0.0017529447573524433
2143.0,-0.029903673400704184,0.0017529447573524433
2142.0,-0.029903673400704184,0.0017529447573524433
2141.0,-0.029903673400704184,0.0017957364352841109
2140.0,-0.03218254072589867,0.00209356122684813
2139.0,-0.029885294512020006,0.0022423211690111968
2138.0,-0.029885294512020006,0.002256060762148213
2137.0,-0.029885294512020006,0.002256060762148213
2136.0,-0.029903673400704184,0.002256060762148213
2135.0,-0.029903673400704184,0.002256060762148213
2134.0,-0.03218254072589867,0.002256060762148213
2133.0,-0.03218254072589867,0.002256060762148213
2132.0,-0.03218254072589867,0.002256060762148213
2131.0,-0.03218254072589867,0.002256060762148213
2130.0,-0.03218254072589867,0.002256060762148213
2129.0,-0.029903673400704184,0.002256060762148213
2128.0,-0.032200688049013916,0.002256060762148213
2127.0,-0.032200688049013916,0.002256060762148213
2126.0,-0.03449747117843512,0.002256060762148213
2125.0,-0.032200688049013916,0.002256060762148213
2124.0,-0.032200688049013916,0.002256060762148213
2123.0,-0.032200688049013916,0.002256060762148213
2122.0,-0.029903673400704184,0.0021257051120680114
2121.0,-0.032200688049013916,0.0018628880139923154
2120.0,-0.032200688049013916,0.0017648730032012068
2119.0,-0.032200688049013916,0.0017529447573524433
2118.0,-0.032200688049013916,0.0019063417726083746
2117.0,-0.032200688049013916,0.0022102247350208374
2116.0,-0.032200688049013916,0.002256060762148213
2115.0,-0.03218254072589867,0.002256060762148213
2114.0,-0.03218254072589867,0.002256060762148213
2113.0,-0.034479555374206716,0.002256060762148213
2112.0,-0.034479555374206716,0.002256060762148213
2111.0,-0.032200688049013916,0.0021826051382183233
2110.0,-0.03449747117843512,0.0019750079907832688
2109.0,-0.03449747117843512,0.001796914070270733
2108.0,-0.03449747117843512,0.0017529447573524433
2107.0,-0.03449747117843512,0.0017529447573524433
2106.0,-0.032200688049013916,0.0017529447573524433
2105.0,-0.032200688049013916,0.0017529447573524433
2104.0,-0.032200688049013916,0.0017529447573524433
2103.0,-0.032200688049013916,0.0017529447573524433
2102.0,-0.03449747117843512,0.0017529447573524433
2101.0,-0.03449747117843512,0.0017529447573524433
2100.0,-0.03449747117843512,0.0017654476058357278
2099.0,-0.03449747117843512,0.0019554857639812167
2098.0,-0.032200688049013916,0.0022106007852227033
2097.0,-0.032200688049013916,0.002256060762148213
2096.0,-0.032200688049013916,0.0022861421351564886
2095.0,-0.03218254072589867,0.0023817718148005772
2094.0,-0.03218254072589867,0.002487416907245262
2093.0,-0.029903673400704184,0.002508000427209865
2092.0,-0.029903673400704184,0.002508000427209865
2091.0,-0.029903673400704184,0.002508000427209865
2090.0,-0.029903673400704184,0.002508000427209865
2089.0,-0.03218254072589867,0.0025159148149310807
2088.0,-0.03218254072589867,0.0026724879945269086
2087.0,-0.03218254072589867,0.0029248495040154966
2086.0,-0.034479555374206716,0.0031774669978534885
2085.0,-0.034479555374206716,0.003440715457616829
2084.0,-0.03677633850362886,0.003865133929364674
2083.0,-0.03677633850362886,0.004139615334890083
2082.0,-0.03677633850362886,0.004154471062435469
2081.0,-0.03449747117843512,0.003950713340032584
2080.0,-0.03449747117843512,0.0034608343033071505
2079.0,-0.032200688049013916,0.0030793969972870605
2078.0,-0.029903673400704184,0.003012645661028671
2077.0,-0.029903673400704184,0.0029234462060669744
2076.0,-0.029903673400704184,0.0027081250930401706
2075.0,-0.032200688049013916,0.002508000427209865
2074.0,-0.032200688049013916,0.0025063077660044623
2073.0,-0.03449747117843512,0.0024533619457117652
2072.0,-0.03679402283563583,0.002329078837750221
2071.0,-0.03449747117843512,0.002256060762148213
2070.0,-0.03677633850362886,0.0023196575351093554
2069.0,-0.03449747117843512,0.00256882237893761
2068.0,-0.03449747117843512,0.0028835126572980484
2067.0,-0.03449747117843512,0.003012645661028671
2066.0,-0.03449747117843512,0.003012645661028671
2065.0,-0.03449747117843512,0.003012645661028671
2064.0,-0.03449747117843512,0.003012645661028671
2063.0,-0.03449747117843512,0.003012645661028671
2062.0,-0.03449747117843512,0.003047391601496158
2061.0,-0.03679402283563583,0.00319063903308941
2060.0,-0.03679402283563583,0.003265352265841406
2059.0,-0.03679402283563583,0.003265352265841406
2058.0,-0.03679402283563583,0.003265352265841406
2057.0,-0.03679402283563583,0.003265352265841406
2056.0,-0.03907289016083045,0.003265352265841406
2055.0,-0.03907289016083045,0.0032480636056331515
2054.0,-0.03679402283563583,0.003171584126367385
2053.0,-0.03679402283563583,0.003062517459996757
2052.0,-0.03679402283563583,0.003012645661028671
2051.0,-0.03679402283563583,0.003012645661028671
2050.0,-0.03679402283563583,0.003012645661028671
2049.0,-0.03679402283563583,0.003012645661028671
2048.0,-0.03449747117843512,0.003012645661028671
2047.0,-0.03449747117843512,0.003012645661028671
2046.0,-0.032200688049013916,0.003012645661028671
2045.0,-0.034479555374206716,0.003012645661028671
2044.0,-0.034479555374206716,0.003012645661028671
2043.0,-0.03675865062031706,0.0029371785210978844
2042.0,-0.03675865062031706,0.002627462787513742
2041.0,-0.03675865062031706,0.002508000427209865
2040.0,-0.03675865062031706,0.002508000427209865
2039.0,-0.034479555374206716,0.002508000427209865
2038.0,-0.034479555374206716,0.002508000427209865
2037.0,-0.03449747117843512,0.002508000427209865
2036.0,-0.03679402283563583,0.002508000427209865
2035.0,-0.03679402283563583,0.002508000427209865
2034.0,-0.03907289016083045,0.0024916097336568693
2033.0,-0.03907289016083045,0.002361042673714265
2032.0,-0.03907289016083045,0.0022583404264256103
2031.0,-0.03907289016083045,0.002256060762148213
2030.0,-0.03677633850362886,0.002256060762148213
2029.0,-0.03677633850362886,0.002256060762148213
2028.0,-0.03679402283563583,0.002256060762148213
2027.0,-0.03679402283563583,0.002256060762148213
2026.0,-0.03679402283563583,0.002256060762148213
2025.0,-0.03679402283563583,0.002256060762148213
2024.0,-0.03907289016083045,0.002256060762148213
2023.0,-0.03679402283563583,0.002256060762148213
2022.0,-0.03679402283563583,0.002256060762148213
2021.0,-0.03679402283563583,0.002256060762148213
2020.0,-0.03679402283563583,0.002256060762148213
2019.0,-0.03679402283563583,0.002256060762148213
2018.0,-0.03449747117843512,0.002256060762148213
2017.0,-0.03449747117843512,0.002256060762148213
2016.0,-0.03449747117843512,0.002256060762148213
2015.0,-0.03449747117843512,0.002256060762148213
2014.0,-0.03449747117843512,0.002256060762148213
2013.0,-0.03449747117843512,0.002256060762148213
2012.0,-0.03449747117843512,0.002256060762148213
2011.0,-0.03679402283563583,0.002256060762148213
2010.0,-0.03679402283563583,0.002256060762148213
2009.0,-0.03679402283563583,0.002256060762148213
2008.0,-0.03679402283563583,0.002256060762148213
2007.0,-0.03679402283563583,0.002256060762148213
2006.0,-0.03677633850362886,0.002256060762148213
2005.0,-0.03677633850362886,0.002256060762148213
2004.0,-0.03907289016083045,0.002256060762148213
2003.0,-0.03679402283563583,0.002256060762148213
2002.0,-0.03679402283563583,0.002256060762148213
2001.0,-0.03679402283563583,0.002256060762148213
2000.0,-0.03907289016083045,0.002256060762148213
1999.0,-0.03907289016083045,0.002256060762148213
1998.0,-0.03677633850362886,0.002256060762148213
1997.0,-0.03677633850362886,0.002256060762148213
1996.0,-0.03677633850362886,0.002256060762148213
1995.0,-0.03679402283563583,0.002256060762148213
1994.0,-0.03679402283563583,0.002256060762148213
1993.0,-0.03909034306725971,0.002256060762148213
1992.0,-0.03679402283563583,0.002256060762148213
1991.0,-0.03679402283563583,0.002256060762148213
1990.0,-0.03449747117843512,0.002256060762148213
1989.0,-0.03449747117843512,0.002256060762148213
1988.0,-0.03449747117843512,0.002256060762148213
1987.0,-0.03907289016083045,0.002256060762148213
1986.0,-0.03679402283563583,0.002256060762148213
1985.0,-0.03679402283563583,0.002256060762148213
1984.0,-0.03909034306725971,0.002256060762148213
1983.0,-0.03909034306725971,0.002256060762148213
1982.0,-0.03909034306725971,0.002256060762148213
1981.0,-0.03909034306725971,0.002256060762148213
1980.0,-0.03909034306725971,0.002256060762148213
1979.0,-0.03909034306725971,0.002256060762148213
1978.0,-0.03909034306725971,0.002256060762148213
1977.0,-0.03679402283563583,0.0018258949032673264
1976.0,-0.03679402283563583,0.0017529447573524433
1975.0,-0.03679402283563583,0.0022069717335603373
1974.0,-0.03909034306725971,0.002256060762148213
1973.0,-0.03909034306725971,0.002256060762148213
1972.0,-0.03909034306725971,0.002256060762148213
1971.0,-0.03909034306725971,0.002313885450193858
1970.0,-0.03909034306725971,0.00245017573916422
1969.0,-0.03909034306725971,0.002256060762148213
1968.0,-0.03909034306725971,0.002256060762148213
1967.0,-0.03679402283563583,0.002256060762148213
1966.0,-0.03907289016083045,0.002256060762148213
1965.0,-0.03907289016083045,0.00239629214329918
1964.0,-0.03907289016083045,0.002508000427209865
1963.0,-0.03907289016083045,0.0029254236113114684
1962.0,-0.03679402283563583,0.002566693191129167
1961.0,-0.03679402283563583,0.002508000427209865
1960.0,-0.03909034306725971,0.002953952897109369
1959.0,-0.04138643191995419,0.0034595036187982557
1958.0,-0.04138643191995419,0.004840647923583672
1957.0,-0.04138643191995419,0.005041515030092571
1956.0,-0.03909034306725971,0.004987867717235317
1955.0,-0.03907289016083045,0.004626386846277626
1954.0,-0.03907289016083045,0.0038662959386751173
1953.0,-0.03679402283563583,0.003382253938124019
1952.0,-0.03909034306725971,0.003265352265841406
1951.0,-0.03909034306725971,0.003265352265841406
1950.0,-0.04138643191995419,0.003265352265841406
1949.0,-0.04138643191995419,0.003265352265841406
1948.0,-0.03909034306725971,0.0034841551402680173
1947.0,-0.03909034306725971,0.003518315555924071
1946.0,-0.03909034306725971,0.003518315555924071
1945.0,-0.04138643191995419,0.003518315555924071
1944.0,-0.04138643191995419,0.003518315555924071
1943.0,-0.04138643191995419,0.0034697347149535646
1942.0,-0.04138643191995419,0.003216820720506934
1941.0,-0.04138643191995419,0.003012645661028671
1940.0,-0.04138643191995419,0.003012645661028671
1939.0,-0.04138643191995419,0.003012645661028671
1938.0,-0.04138643191995419,0.003012645661028671
1937.0,-0.043682289440334754,0.002750666152924967
1936.0,-0.04138643191995419,0.002508000427209865
1935.0,-0.04138643191995419,0.002508000427209865
1934.0,-0.04138643191995419,0.002508000427209865
1933.0,-0.04138643191995419,0.002508000427209865
1932.0,-0.04138643191995419,0.002508000427209865
1931.0,-0.03909034306725971,0.002508000427209865
1930.0,-0.03909034306725971,0.002508000427209865
1929.0,-0.04138643191995419,0.002508000427209865
1928.0,-0.043682289440334754,0.002508000427209865
1927.0,-0.043682289440334754,0.002508000427209865
1926.0,-0.043682289440334754,0.002508000427209865
1925.0,-0.04138643191995419,0.002508000427209865
1924.0,-0.04136921039245269,0.002508000427209865
1923.0,-0.03907289016083045,0.002508000427209865
1922.0,-0.03909034306725971,0.002508000427209865
1921.0,-0.04138643191995419,0.002508000427209865
1920.0,-0.04597791567501039,0.002508000427209865
1919.0,-0.048273310670583776,0.0029255883024520723
1918.0,-0.04597791567501039,0.003012645661028671
1917.0,-0.043682289440334754,0.003012645661028671
1916.0,-0.04136921039245269,0.003012645661028671
1915.0,-0.03907289016083045,0.003012645661028671
1914.0,-0.03907289016083045,0.003012645661028671
1913.0,-0.03907289016083045,0.003012645661028671
1912.0,-0.04136921039245269,0.003012645661028671
1911.0,-0.03907289016083045,0.003012645661028671
1910.0,-0.03677633850362886,0.003012645661028671
1909.0,-0.03449747117843512,0.003012645661028671
1908.0,-0.03679402283563583,0.003012645661028671
1907.0,-0.03909034306725971,0.0026514246595495073
1906.0,-0.03909034306725971,0.002508000427209865
1905.0,-0.043682289440334754,0.002508000427209865
1904.0,-0.043682289440334754,0.002916133773996538
1903.0,-0.04138643191995419,0.003012645661028671
1902.0,-0.04136921039245269,0.003012645661028671
1901.0,-0.04366529924514806,0.003012645661028671
1900.0,-0.043682289440334754,0.003012645661028671
1899.0,-0.043682289440334754,0.003012645661028671
1898.0,-0.043682289440334754,0.003012645661028671
1897.0,-0.043682289440334754,0.003012645661028671
1896.0,-0.043682289440334754,0.003012645661028671
1895.0,-0.04138643191995419,0.003012645661028671
1894.0,-0.04138643191995419,0.003012645661028671
1893.0,-0.043682289440334754,0.003012645661028671
1892.0,-0.04597791567501039,0.003012645661028671
1891.0,-0.04597791567501039,0.003012645661028671
1890.0,-0.04597791567501039,0.003012645661028671
1889.0,-0.04597791567501039,0.003012645661028671
1888.0,-0.04597791567501039,0.003012645661028671
1887.0,-0.04596115676552949,0.003012645661028671
1886.0,-0.04136921039245269,0.003012645661028671
1885.0,-0.04366529924514806,0.003012645661028671
1884.0,-0.04138643191995419,0.003012645661028671
1883.0,-0.03909034306725971,0.003012645661028671
1882.0,-0.03909034306725971,0.003012645661028671
1881.0,-0.03909034306725971,0.003012645661028671
1880.0,-0.04138643191995419,0.003012645661028671
1879.0,-0.04366529924514806,0.003012645661028671
1878.0,-0.04366529924514806,0.003012645661028671
1877.0,-0.04366529924514806,0.003012645661028671
1876.0,-0.043682289440334754,0.003012645661028671
1875.0,-0.043682289440334754,0.003012645661028671
1874.0,-0.04138643191995419,0.003012645661028671
1873.0,-0.043682289440334754,0.003012645661028671
1872.0,-0.04597791567501039,0.003012645661028671
1871.0,-0.048273310670583776,0.003012645661028671
1870.0,-0.048273310670583776,0.003012645661028671
1869.0,-0.04825678300020351,0.003012645661028671
1868.0,-0.048240252011639194,0.003012645661028671
1867.0,-0.04364830563856468,0.003012645661028671
1866.0,-0.03905543374973804,0.003012645661028671
1865.0,-0.03907289016083045,0.0026935761973253206
1864.0,-0.04138643191995419,0.002508000427209865
1863.0,-0.04138643191995419,0.002508000427209865
1862.0,-0.03909034306725971,0.002508000427209865
1861.0,-0.04138643191995419,0.002508000427209865
1860.0,-0.043682289440334754,0.002508000427209865
1859.0,-0.043682289440334754,0.002508000427209865
1858.0,-0.04138643191995419,0.002508000427209865
1857.0,-0.043682289440334754,0.002508000427209865
1856.0,-0.04597791567501039,0.002508000427209865
1855.0,-0.04597791567501039,0.002508000427209865
1854.0,-0.043682289440334754,0.002508000427209865
1853.0,-0.043682289440334754,0.002508000427209865
1852.0,-0.043682289440334754,0.002508000427209865
1851.0,-0.04366529924514806,0.002508000427209865
1850.0,-0.04136921039245269,0.002508000427209865
1849.0,-0.04136921039245269,0.002508000427209865
1848.0,-0.04366529924514806,0.002508000427209865
1847.0,-0.04136921039245269,0.002508000427209865
1846.0,-0.04136921039245269,0.002508000427209865
1845.0,-0.04366529924514806,0.002508000427209865
1844.0,-0.04366529924514806,0.002508000427209865
1843.0,-0.03909034306725971,0.002508000427209865
1842.0,-0.03909034306725971,0.002508000427209865
1841.0,-0.04138643191995419,0.002508000427209865
1840.0,-0.043682289440334754,0.002508000427209865
1839.0,-0.04366529924514806,0.002508000427209865
1838.0,-0.04136921039245269,0.002508000427209865
1837.0,-0.03909034306725971,0.002508000427209865
1836.0,-0.03909034306725971,0.002508000427209865
1835.0,-0.04138643191995419,0.002508000427209865
1834.0,-0.043682289440334754,0.002508000427209865
1833.0,-0.04597791567501039,0.002508000427209865
1832.0,-0.05056847447363064,0.002508000427209865
1831.0,-0.05056847447363064,0.002508000427209865
1830.0,-0.05056847447363064,0.002508000427209865
1829.0,-0.048273310670583776,0.002508000427209865
1828.0,-0.048273310670583776,0.002508000427209865
1827.0,-0.048273310670583776,0.002508000427209865
1826.0,-0.04597791567501039,0.002508000427209865
1825.0,-0.04825678300020351,0.002508000427209865
1824.0,-0.04825678300020351,0.002508000427209865
1823.0,-0.043682289440334754,0.002508000427209865
1822.0,-0.04138643191995419,0.002508000427209865
1821.0,-0.04138643191995419,0.002508000427209865
1820.0,-0.043682289440334754,0.002508000427209865
1819.0,-0.048273310670583776,0.002508000427209865
1818.0,-0.048273310670583776,0.002508000427209865
1817.0,-0.048273310670583776,0.002508000427209865
1816.0,-0.05056847447363064,0.002508000427209865
1815.0,-0.048273310670583776,0.002508000427209865
1814.0,-0.043682289440334754,0.002508000427209865
1813.0,-0.03909034306725971,0.002508000427209865
1812.0,-0.03909034306725971,0.002508000427209865
1811.0,-0.03909034306725971,0.002508000427209865
1810.0,-0.03677633850362886,0.002508000427209865
1809.0,-0.03907289016083045,0.002508000427209865
1808.0,-0.04366529924514806,0.002508000427209865
1807.0,-0.043682289440334754,0.002508000427209865
1806.0,-0.043682289440334754,0.002508000427209865
1805.0,-0.04597791567501039,0.0028499505608717
1804.0,-0.05056847447363064,0.003012645661028671
1803.0,-0.05056847447363064,0.003012645661028671
1802.0,-0.048273310670583776,0.003012645661028671
1801.0,-0.043682289440334754,0.003012645661028671
1800.0,-0.043682289440334754,0.003012645661028671
1799.0,-0.04138643191995419,0.003012645661028671
1798.0,-0.03909034306725971,0.003012645661028671
1797.0,-0.03907289016083045,0.003012645661028671
1796.0,-0.03907289016083045,0.003012645661028671
1795.0,-0.03907289016083045,0.003012645661028671
1794.0,-0.03679402283563583,0.003012645661028671
1793.0,-0.03909034306725971,0.003012645661028671
1792.0,-0.043682289440334754,0.003012645661028671
1791.0,-0.04597791567501039,0.003012645661028671
1790.0,-0.043682289440334754,0.003012645661028671
1789.0,-0.043682289440334754,0.003012645661028671
1788.0,-0.04597791567501039,0.003012645661028671
1787.0,-0.048273310670583776,0.003012645661028671
1786.0,-0.04597791567501039,0.003012645661028671
1785.0,-0.04597791567501039,0.003012645661028671
1784.0,-0.04597791567501039,0.003012645661028671
1783.0,-0.04138643191995419,0.003012645661028671
1782.0,-0.03907289016083045,0.003091754452838875
1781.0,-0.03905543374973804,0.0031477903977067847
1780.0,-0.03677633850362886,0.003012645661028671
1779.0,-0.03907289016083045,0.003012645661028671
1778.0,-0.04136921039245269,0.003012645661028671
1777.0,-0.04136921039245269,0.003012645661028671
1776.0,-0.04136921039245269,0.003012645661028671
1775.0,-0.041351985406941044,0.003012645661028671
1774.0,-0.041351985406941044,0.003012645661028671
1773.0,-0.03905543374973804,0.003012645661028671
1772.0,-0.041351985406941044,0.003012645661028671
1771.0,-0.04596115676552949,0.003012645661028671
1770.0,-0.05056847447363064,0.003012645661028671
1769.0,-0.05056847447363064,0.003012645661028671
1768.0,-0.05056847447363064,0.003012645661028671
1767.0,-0.048273310670583776,0.003012645661028671
1766.0,-0.04597791567501039,0.003169677039846095
1765.0,-0.04138643191995419,0.003265352265841406
1764.0,-0.043682289440334754,0.003265352265841406
1763.0,-0.048273310670583776,0.003265352265841406
1762.0,-0.05056847447363064,0.003265352265841406
1761.0,-0.04597791567501039,0.003265352265841406
1760.0,-0.043682289440334754,0.003265352265841406
1759.0,-0.04597791567501039,0.003265352265841406
1758.0,-0.05056847447363064,0.003265352265841406
1757.0,-0.048273310670583776,0.003265352265841406
1756.0,-0.04597791567501039,0.003265352265841406
1755.0,-0.04138643191995419,0.003265352265841406
1754.0,-0.03449747117843512,0.003265352265841406
1753.0,-0.027587816685882192,0.003265352265841406
1752.0,-0.022992166009968465,0.003265352265841406
1751.0,-0.025290107200772318,0.003265352265841406
1750.0,-0.027569202446882185,0.003265352265841406
1749.0,-0.02755058446870773,0.003265352265841406
1748.0,-0.02755058446870773,0.003265352265841406
1747.0,-0.03214623514462086,0.003265352265841406
1746.0,-0.034461635972007604,0.003265352265841406
1745.0,-0.034461635972007604,0.003265352265841406
1744.0,-0.034461635972007604,0.0035005451377590276
1743.0,-0.03677633850362886,0.003265352265841406
1742.0,-0.03449747117843512,0.003265352265841406
1741.0,-0.03449747117843512,0.003200447354167933
1740.0,-0.03677633850362886,0.003012645661028671
1739.0,-0.03907289016083045,0.003012645661028671
1738.0,-0.03677633850362886,0.003012645661028671
1737.0,-0.029848525659511262,0.003012645661028671
1736.0,-0.020636052938419257,0.003012645661028671
1735.0,-0.018336952517835504,0.003012645661028671
1734.0,-0.01835650171366126,0.0032319350018604996
1733.0,-0.020636052938419257,0.003265352265841406
1732.0,-0.025252411525481765,0.0034958058705193596
1731.0,-0.0321643897581301,0.003518315555924071
1730.0,-0.03677633850362886,0.003518315555924071
1729.0,-0.03909034306725971,0.003518315555924071
1728.0,-0.04138643191995419,0.003518315555924071
1727.0,-0.04138643191995419,0.003518315555924071
1726.0,-0.04136921039245269,0.003518315555924071
1725.0,-0.041351985406941044,0.003518315555924071
1724.0,-0.041351985406941044,0.003518315555924071
1723.0,-0.041351985406941044,0.003518315555924071
1722.0,-0.03907289016083045,0.003375342728075663
1721.0,-0.04136921039245269,0.003265352265841406
1720.0,-0.048273310670583776,0.003265352265841406
1719.0,-0.05286340713071268,0.003265352265841406
1718.0,-0.048273310670583776,0.003265352265841406
1717.0,-0.04597791567501039,0.003039867216499092
1716.0,-0.04597791567501039,0.003012645661028671
1715.0,-0.043682289440334754,0.003012645661028671
1714.0,-0.03679402283563583,0.003012645661028671
1713.0,-0.03909034306725971,0.0029019426453762913
1712.0,-0.04138643191995419,0.002508000427209865
1711.0,-0.03909034306725971,0.0026725137895104037
1710.0,-0.03905543374973804,0.003012645661028671
1709.0,-0.03905543374973804,0.003150738701468228
1708.0,-0.041351985406941044,0.003265352265841406
1707.0,-0.045927628851192136,0.003265352265841406
1706.0,-0.04364830563856468,0.003265352265841406
1705.0,-0.04825678300020351,0.003265352265841406
1704.0,-0.048273310670583776,0.003265352265841406
1703.0,-0.034479555374206716,0.003265352265841406
1702.0,-0.022973088312854394,0.003265352265841406
1701.0,-0.025290107200772318,0.003265352265841406
1700.0,-0.032200688049013916,0.003265352265841406
1699.0,-0.03449747117843512,0.003265352265841406
1698.0,-0.03679402283563583,0.003265352265841406
1697.0,-0.043682289440334754,0.0031900061815935774
1696.0,-0.048273310670583776,0.003012645661028671
1695.0,-0.04825678300020351,0.003012645661028671
1694.0,-0.03909034306725971,0.003012645661028671
1693.0,-0.04138643191995419,0.003012645661028671
1692.0,-0.04138643191995419,0.003012645661028671
1691.0,-0.03909034306725971,0.003012645661028671
1690.0,-0.03907289016083045,0.0025812703733532854
1689.0,-0.03907289016083045,0.0022926401340581963
1688.0,-0.04136921039245269,0.002256060762148213
1687.0,-0.048273310670583776,0.0017529447573524433
1686.0,-0.06662815161403803,0.0017072563479364885
1685.0,-0.08038458656200338,0.0015017673909529371
1684.0,-0.07121455271621642,0.0015017673909529371
1683.0,-0.05286340713071268,0.0015017673909529371
1682.0,-0.043682289440334754,0.0016296129027897745
1681.0,-0.03679402283563583,0.002394113621810011
1680.0,-0.034479555374206716,0.003012645661028671
1679.0,-0.034479555374206716,0.0027557888066934368
1678.0,-0.03677633850362886,0.002508000427209865
1677.0,-0.03677633850362886,0.002297360223683096
1676.0,-0.03905543374973804,0.002256060762148213
1675.0,-0.041351985406941044,0.002466700965674982
1674.0,-0.0459443944912589,0.002508000427209865
1673.0,-0.048240252011639194,0.002508000427209865
1672.0,-0.04364830563856468,0.002508000427209865
1671.0,-0.03675865062031706,0.002508000427209865
1670.0,-0.034461635972007604,0.002508000427209865
1669.0,-0.03677633850362886,0.002508000427209865
1668.0,-0.03449747117843512,0.002384487006413375
1667.0,-0.03909034306725971,0.002256060762148213
1666.0,-0.043682289440334754,0.002256060762148213
1665.0,-0.043682289440334754,0.002256060762148213
1664.0,-0.04136921039245269,0.002256060762148213
1663.0,-0.03677633850362886,0.002256060762148213
1662.0,-0.03907289016083045,0.002256060762148213
1661.0,-0.03909034306725971,0.002256060762148213
1660.0,-0.03679402283563583,0.002256060762148213
1659.0,-0.03909034306725971,0.002256060762148213
1658.0,-0.04597791567501039,0.002256060762148213
1657.0,-0.048273310670583776,0.0021833977300395454
1656.0,-0.04366529924514806,0.0017166682150328114
1655.0,-0.05055217799577779,0.0015017673909529371
1654.0,-0.06662815161403803,0.0015017673909529371
1653.0,-0.05974681869166528,0.0015017673909529371
1652.0,-0.04133475696236887,0.0012652573455457408
1651.0,-0.03675865062031706,0.000882094745913081
1650.0,-0.04138643191995419,0.0007497517082908076
1649.0,-0.04138643191995419,0.0007497517082908076
1648.0,-0.03677633850362886,0.0003503821805346727
1647.0,-0.032200688049013916,0.00024966652484401835
1646.0,-0.032200688049013916,5.028208910402142e-05
1645.0,-0.032200688049013916,0.0
1644.0,-0.034479555374206716,3.138083517415969e-05
1643.0,-0.03677633850362886,0.00024966652484401835
1642.0,-0.034479555374206716,0.00024966652484401835
1641.0,-0.03675865062031706,0.0003430757771572347
1640.0,-0.03675865062031706,0.000863136474616371
1639.0,-0.034461635972007604,0.001000171375116284
1638.0,-0.034425786369377036,0.001000171375116284
1637.0,-0.029830135693465383,0.001000171375116284
1636.0,-0.032128076884268185,0.0013376778283441756
1635.0,-0.03444371297076093,0.0015017673909529371
1634.0,-0.034461635972007604,0.0016976523301548126
1633.0,-0.03449747117843512,0.0017529447573524433
1632.0,-0.03449747117843512,0.0017529447573524433
1631.0,-0.032200688049013916,0.0017260800821291915
1630.0,-0.029885294512020006,0.001528632066176189
1629.0,-0.034461635972007604,0.0017529447573524433
1628.0,-0.03218254072589867,0.0017529447573524433
1627.0,-0.034479555374206716,0.0017529447573524433
1626.0,-0.032200688049013916,0.0019713192405380613
1625.0,-0.034479555374206716,0.002365413662130254
1624.0,-0.0321643897581301,0.002508000427209865
1623.0,-0.029866911931990897,0.002727038663077558
1622.0,-0.034461635972007604,0.003012645661028671
1621.0,-0.03677633850362886,0.0026285440249216507
1620.0,-0.034479555374206716,0.002316241086062137
1619.0,-0.027569202446882185,0.002256060762148213
1618.0,-0.025252411525481765,0.002256060762148213
1617.0,-0.02755058446870773,0.002256060762148213
1616.0,-0.029830135693465383,0.002256060762148213
1615.0,-0.03214623514462086,0.002278286879399975
1614.0,-0.03677633850362886,0.002508000427209865
1613.0,-0.04136921039245269,0.002508000427209865
1612.0,-0.03675865062031706,0.0024033678687924165
1611.0,-0.03214623514462086,0.002256060762148213
1610.0,-0.03214623514462086,0.002256060762148213
1609.0,-0.03444371297076093,0.002256060762148213
1608.0,-0.03214623514462086,0.002256060762148213
1607.0,-0.03214623514462086,0.002256060762148213
1606.0,-0.034461635972007604,0.002256060762148213
1605.0,-0.034479555374206716,0.002256060762148213
1604.0,-0.03218254072589867,0.002443099761731348
1603.0,-0.03218254072589867,0.0024904943995830596
1602.0,-0.032200688049013916,0.002256060762148213
1601.0,-0.03449747117843512,0.002256060762148213
1600.0,-0.032200688049013916,0.002256060762148213
1599.0,-0.029903673400704184,0.002256060762148213
1598.0,-0.032200688049013916,0.002256060762148213
1597.0,-0.032200688049013916,0.002256060762148213
1596.0,-0.029903673400704184,0.002256060762148213
1595.0,-0.029903673400704184,0.002256060762148213
1594.0,-0.032200688049013916,0.002256060762148213
1593.0,-0.03679402283563583,0.0018919753310017052
1592.0,-0.03449747117843512,0.002117030188498951
1591.0,-0.032200688049013916,0.002256060762148213
1590.0,-0.03449747117843512,0.002256060762148213
1589.0,-0.03679402283563583,0.0022305281280208342
1588.0,-0.03679402283563583,0.001778477391479822
1587.0,-0.03677633850362886,0.002256060762148213
1586.0,-0.03679402283563583,0.0022688464482104255
1585.0,-0.03909034306725971,0.002508000427209865
1584.0,-0.03679402283563583,0.002508000427209865
1583.0,-0.03449747117843512,0.002698674068420261
1582.0,-0.03909034306725971,0.003012645661028671
1581.0,-0.043682289440334754,0.003012645661028671
1580.0,-0.03909034306725971,0.003012645661028671
1579.0,-0.03905543374973804,0.003012645661028671
1578.0,-0.03902051040939404,0.003012645661028671
1577.0,-0.0367232641955164,0.003012645661028671
1576.0,-0.029848525659511262,0.0026569086195789475
1575.0,-0.027569202446882185,0.003012645661028671
1574.0,-0.03449747117843512,0.002996489948513251
1573.0,-0.04138643191995419,0.002508000427209865
1572.0,-0.03679402283563583,0.002508000427209865
1571.0,-0.03677633850362886,0.0024960143184211137
1570.0,-0.03907289016083045,0.002256060762148213
1569.0,-0.03907289016083045,0.002256060762148213
1568.0,-0.034461635972007604,0.002256060762148213
1567.0,-0.0321643897581301,0.002256060762148213
1566.0,-0.03675865062031706,0.0023905093046068747
1565.0,-0.03905543374973804,0.002508000427209865
1564.0,-0.03675865062031706,0.002508000427209865
1563.0,-0.03677633850362886,0.002335121948441236
1562.0,-0.04138643191995419,0.0024289392409168418
1561.0,-0.06662815161403803,0.002508000427209865
1560.0,-0.08955093173759746,0.002508000427209865
1559.0,-0.08267651855280009,0.002508000427209865
1558.0,-0.06433460485559371,0.002508000427209865
1557.0,-0.048273310670583776,0.002508000427209865
1556.0,-0.03909034306725971,0.002422248731171515
1555.0,-0.03679402283563583,0.0020848171800599445
1554.0,-0.03679402283563583,0.0017529447573524433
1553.0,-0.03449747117843512,0.0017529447573524433
1552.0,-0.032200688049013916,0.0017529447573524433
1551.0,-0.032200688049013916,0.002088751547217352
1550.0,-0.03449747117843512,0.0024242188993522495
1549.0,-0.03679402283563583,0.002508000427209865
1548.0,-0.03449747117843512,0.002508000427209865
1547.0,-0.032200688049013916,0.002508000427209865
1546.0,-0.03449747117843512,0.0030098918119877325
1545.0,-0.029903673400704184,0.003012645661028671
1544.0,-0.02527126125607947,0.003012645661028671
1543.0,-0.01835650171366126,0.003012645661028671
1542.0,-0.020674683570449087,0.0026703099784082538
1541.0,-0.027606427186826408,0.003012645661028671
1540.0,-0.03679402283563583,0.003012645661028671
1539.0,-0.032200688049013916,0.002850336109830282
1538.0,-0.025308949360686957,0.002508000427209865
1537.0,-0.032200688049013916,0.002508000427209865
1536.0,-0.03679402283563583,0.002508000427209865
1535.0,-0.03679402283563583,0.002344562379630728
1534.0,-0.03677633850362886,0.002256060762148213
1533.0,-0.03677633850362886,0.002256060762148213
1532.0,-0.03449747117843512,0.002256060762148213
1531.0,-0.03449747117843512,0.002256060762148213
1530.0,-0.032200688049013916,0.0025019052508930364
1529.0,-0.032200688049013916,0.002508000427209865
1528.0,-0.03449747117843512,0.002508000427209865
1527.0,-0.03449747117843512,0.00266085494530743
1526.0,-0.03449747117843512,0.003012645661028671
1525.0,-0.032200688049013916,0.003012645661028671
1524.0,-0.029903673400704184,0.003012645661028671
1523.0,-0.029885294512020006,0.003012645661028671
1522.0,-0.0367232641955164,0.0031718467787549974
1521.0,-0.041317525057703634,0.00310615114811508
1520.0,-0.04363130861957019,0.003012645661028671
1519.0,-0.04136921039245269,0.0025401939541456475
1518.0,-0.03449747117843512,0.002508000427209865
1517.0,-0.032200688049013916,0.002508000427209865
1516.0,-0.03449747117843512,0.002508000427209865
1515.0,-0.03679402283563583,0.002508000427209865
1514.0,-0.03449747117843512,0.002436409251985964
1513.0,-0.032200688049013916,0.002256060762148213
1512.0,-0.03449747117843512,0.002256060762148213
1511.0,-0.03679402283563583,0.0021130953182254826
1510.0,-0.029903673400704184,0.001965402617998012
1509.0,-0.020713298684775026,0.002256060762148213
1508.0,-0.020713298684775026,0.002256060762148213
1507.0,-0.032200688049013916,0.0024100583785378006
1506.0,-0.03679402283563583,0.002508000427209865
1505.0,-0.02301123987557799,0.002508000427209865
1504.0,-0.02301123987557799,0.002508000427209865
1503.0,-0.027606427186826408,0.002508000427209865
1502.0,-0.029903673400704184,0.002508000427209865
1501.0,-0.03218254072589867,0.002508000427209865
1500.0,-0.034479555374206716,0.002441129593550556
1499.0,-0.03449747117843512,0.002256060762148213
1498.0,-0.027606427186826408,0.002256060762148213
1497.0,-0.020713298684775026,0.0023229315958075217
1496.0,-0.018395588324338335,0.002508000427209865
1495.0,-0.022973088312854394,0.002508000427209865
1494.0,-0.022954006783078167,0.002508000427209865
1493.0,-0.025252411525481765,0.002508000427209865
1492.0,-0.025290107200772318,0.002508000427209865
1491.0,-0.02301123987557799,0.0022861623164841106
1490.0,-0.020713298684775026,0.0024877447300785875
1489.0,-0.020713298684775026,0.002508000427209865
1488.0,-0.025308949360686957,0.0029720726888749016
1487.0,-0.025308949360686957,0.003012645661028671
1486.0,-0.025290107200772318,0.003012645661028671
1485.0,-0.027587816685882192,0.003012645661028671
1484.0,-0.025308949360686957,0.003012645661028671
1483.0,-0.025290107200772318,0.003012645661028671
1482.0,-0.022973088312854394,0.003012645661028671
1481.0,-0.022973088312854394,0.0027230918327037857
1480.0,-0.027569202446882185,0.0023634432420097692
1479.0,-0.029866911931990897,0.002256060762148213
1478.0,-0.029866911931990897,0.0019673843702644788
1477.0,-0.029903673400704184,0.0015387714393545087
1476.0,-0.029903673400704184,0.001728044289134445
1475.0,-0.025308949360686957,0.0017529447573524433
1474.0,-0.0184151257415497,0.0017529447573524433
1473.0,-0.013818084410793999,0.0017529447573524433
1472.0,-0.016116720999144143,0.0017529447573524433
1471.0,-0.0184151257415497,0.0017529447573524433
1470.0,-0.020713298684775026,0.0017529447573524433
1469.0,-0.02301123987557799,0.0017529447573524433
1468.0,-0.025308949360686957,0.0017529447573524433
1467.0,-0.02301123987557799,0.0020321952708862757
1466.0,-0.022992166009968465,0.002256060762148213
1465.0,-0.022992166009968465,0.002256060762148213
1464.0,-0.02301123987557799,0.002256060762148213
1463.0,-0.025308949360686957,0.002256060762148213
1462.0,-0.027606427186826408,0.0024783042988890383
1461.0,-0.02301123987557799,0.002508000427209865
1460.0,-0.022973088312854394,0.0029531631273184288
1459.0,-0.018336952517835504,0.003012645661028671
1458.0,-0.011418009786528458,0.002907064794499586
1457.0,-0.0045165306163396516,0.002508000427209865
1456.0,-0.002215572993411969,0.002508000427209865
1455.0,-0.011438259150873745,0.002455290114365005
1454.0,-0.020674683570449087,0.002256060762148213
1453.0,-0.022992166009968465,0.001986236630080229
1452.0,-0.02301123987557799,0.0017529447573524433
1451.0,-0.025308949360686957,0.0017529447573524433
1450.0,-0.027606427186826408,0.0016182368286881978
1449.0,-0.027606427186826408,0.0015017673909529371
1448.0,-0.029903673400704184,0.0015017673909529371
1447.0,-0.032200688049013916,0.0015017673909529371
1446.0,-0.032200688049013916,0.0015017673909529371
1445.0,-0.03218254072589867,0.0015017673909529371
1444.0,-0.027606427186826408,0.0015017673909529371
1443.0,-0.029903673400704184,0.0015017673909529371
1442.0,-0.032200688049013916,0.0015017673909529371
1441.0,-0.027606427186826408,0.0015017673909529371
1440.0,-0.02301123987557799,0.0015017673909529371
1439.0,-0.025290107200772318,0.0015017673909529371
1438.0,-0.020713298684775026,0.0016317695116577183
1437.0,-0.0184151257415497,0.0017529447573524433
1436.0,-0.018395588324338335,0.0016229426366476622
1435.0,-0.02301123987557799,0.0015017673909529371
1434.0,-0.027606427186826408,0.0015017673909529371
1433.0,-0.027606427186826408,0.0010780898018123192
1432.0,-0.02301123987557799,0.001000171375116284
1431.0,-0.027606427186826408,0.000366250698790093
1430.0,-0.029885294512020006,0.000335554654845502
1429.0,-0.029885294512020006,0.0007497517082908076
1428.0,-0.029885294512020006,0.0007497517082908076
1427.0,-0.029903673400704184,0.0007497517082908076
1426.0,-0.029903673400704184,0.0007497517082908076
1425.0,-0.020713298684775026,0.0007497517082908076
1424.0,-0.016116720999144143,0.0007497517082908076
1423.0,-0.020713298684775026,0.0007497517082908076
1422.0,-0.022992166009968465,0.0007497517082908076
1421.0,-0.018376046982099194,0.0007497517082908076
1420.0,-0.01835650171366126,0.0007497517082908076
1419.0,-0.018376046982099194,0.0003367198533228338
1418.0,-0.0206939930667448,0.00024966652484401835
1417.0,-0.020713298684775026,4.346119964524658e-05
1416.0,-0.020713298684775026,3.8201974299430355e-05
1415.0,-0.027587816685882192,0.00024966652484401835
1414.0,-0.027587816685882192,0.00024966652484401835
1413.0,-0.025290107200772318,0.0003261855589335733
1412.0,-0.020713298684775026,0.0007497517082908076
1411.0,-0.025308949360686957,0.0007497517082908076
1410.0,-0.029903673400704184,0.0007497517082908076
1409.0,-0.029903673400704184,0.0007497517082908076
1408.0,-0.027606427186826408,0.0007497517082908076
1407.0,-0.029903673400704184,0.0007497517082908076
1406.0,-0.03218254072589867,0.0009518874583163293
1405.0,-0.029885294512020006,0.0007980356250907622
1404.0,-0.027587816685882192,0.0007497517082908076
1403.0,-0.029885294512020006,0.0007497517082908076
1402.0,-0.029903673400704184,0.0007497517082908076
1401.0,-0.029903673400704184,0.0007497517082908076
1400.0,-0.027606427186826408,0.0007497517082908076
1399.0,-0.029885294512020006,0.0007497517082908076
1398.0,-0.029885294512020006,0.0007997216169603777
1397.0,-0.029885294512020006,0.001231589719366747
1396.0,-0.029903673400704184,0.0015017673909529371
1395.0,-0.03679402283563583,0.0016176515854244796
1394.0,-0.03909034306725971,0.0017529447573524433
1393.0,-0.032200688049013916,0.0020978932162668586
1392.0,-0.025308949360686957,0.002256060762148213
1391.0,-0.025308949360686957,0.0030518396761095115
1390.0,-0.029903673400704184,0.004465100468310862
1389.0,-0.03449747117843512,0.005994124360755161
1388.0,-0.03449747117843512,0.007433149561887519
1387.0,-0.032200688049013916,0.008205652006918262
1386.0,-0.029903673400704184,0.00892067340482151
1385.0,-0.027606427186826408,0.009149523022224992
1384.0,-0.027587816685882192,0.009238516421930729
1383.0,-0.027587816685882192,0.009438407573511644
1382.0,-0.027587816685882192,0.009034994844772277
1381.0,-0.029885294512020006,0.00854790539655234
1380.0,-0.029885294512020006,0.007320238643298466
1379.0,-0.029885294512020006,0.005478353091489689
1378.0,-0.03218254072589867,0.00484561095476134
1377.0,-0.034461635972007604,0.004787000610726419
1376.0,-0.03444371297076093,0.004787000610726419
1375.0,-0.0321643897581301,0.004787000610726419
1374.0,-0.03218254072589867,0.004278750765601333
1373.0,-0.03449747117843512,0.004254187805250825
1372.0,-0.032200688049013916,0.004025014281426623
1371.0,-0.029903673400704184,0.004025014281426623
1370.0,-0.029903673400704184,0.00395212069337614
1369.0,-0.029903673400704184,0.0034110861880010833
1368.0,-0.029903673400704184,0.003158231705007545
1367.0,-0.032200688049013916,0.003012645661028671
1366.0,-0.03449747117843512,0.003119766221862532
1365.0,-0.03679402283563583,0.003265352265841406
1364.0,-0.03909034306725971,0.003265352265841406
1363.0,-0.04138643191995419,0.003265352265841406
1362.0,-0.043682289440334754,0.0034553231433542713
1361.0,-0.043682289440334754,0.003518315555924071
1360.0,-0.04138643191995419,0.003518315555924071
1359.0,-0.03679402283563583,0.003498566711867311
1358.0,-0.032200688049013916,0.003265352265841406
1357.0,-0.032200688049013916,0.0032456234612036694
1356.0,-0.03218254072589867,0.003012645661028671
1355.0,-0.03218254072589867,0.0028081846073850967
1354.0,-0.03218254072589867,0.002405925056392809
1353.0,-0.03218254072589867,0.002052219287877154
1352.0,-0.029885294512020006,0.001651178237936745
1351.0,-0.029866911931990897,0.0011997581555932436
1350.0,-0.029866911931990897,0.001000171375116284
1349.0,-0.029866911931990897,0.0008168025757619883
1348.0,-0.0321643897581301,0.0007497517082908076
1347.0,-0.03218254072589867,0.00038356633305261403
1346.0,-0.03449747117843512,0.0002793385791186678
1345.0,-0.03679402283563583,0.0007497517082908076
1344.0,-0.03679402283563583,0.0007497517082908076
1343.0,-0.03679402283563583,0.0007497517082908076
1342.0,-0.03449747117843512,0.0007497517082908076
1341.0,-0.03218254072589867,0.0007497517082908076
1340.0,-0.029866911931990897,0.0007497517082908076
1339.0,-0.029866911931990897,0.0007497517082908076
1338.0,-0.034461635972007604,0.0007497517082908076
1337.0,-0.034479555374206716,0.0007497517082908076
1336.0,-0.034461635972007604,0.0007497517082908076
1335.0,-0.034461635972007604,0.0007497517082908076
1334.0,-0.034461635972007604,0.0007497517082908076
1333.0,-0.034461635972007604,0.0007497517082908076
1332.0,-0.034479555374206716,0.0007497517082908076
1331.0,-0.034479555374206716,0.0007497517082908076
1330.0,-0.03677633850362886,0.0007497517082908076
1329.0,-0.034479555374206716,0.0007497517082908076
1328.0,-0.034479555374206716,0.0007497517082908076
1327.0,-0.03218254072589867,0.0007497517082908076
1326.0,-0.034479555374206716,0.0007497517082908076
1325.0,-0.034479555374206716,0.0007497517082908076
1324.0,-0.034461635972007604,0.0008418277643268497
1323.0,-0.034461635972007604,0.001000171375116284
1322.0,-0.0321643897581301,0.001000171375116284
1321.0,-0.03214623514462086,0.001000171375116284
1320.0,-0.029848525659511262,0.001000171375116284
1319.0,-0.029848525659511262,0.001000171375116284
1318.0,-0.029866911931990897,0.0010111377688104902
1317.0,-0.029885294512020006,0.001490800997258731
1316.0,-0.025308949360686957,0.001000171375116284
1315.0,-0.025308949360686957,0.001000171375116284
1314.0,-0.02301123987557799,0.000992035194884736
1313.0,-0.02301123987557799,0.0007497517082908076
1312.0,-0.025290107200772318,0.0007497517082908076
1311.0,-0.025290107200772318,0.0007497517082908076
1310.0,-0.027587816685882192,0.0007497517082908076
1309.0,-0.025308949360686957,0.0007497517082908076
1308.0,-0.02301123987557799,0.0007497517082908076
1307.0,-0.02301123987557799,0.0007497517082908076
1306.0,-0.025290107200772318,0.0007497517082908076
1305.0,-0.022992166009968465,0.0007497517082908076
1304.0,-0.02527126125607947,0.001000171375116284
1303.0,-0.022992166009968465,0.001000171375116284
1302.0,-0.022992166009968465,0.001000171375116284
1301.0,-0.025290107200772318,0.001000171375116284
1300.0,-0.025290107200772318,0.001000171375116284
1299.0,-0.029866911931990897,0.001000171375116284
1298.0,-0.029866911931990897,0.001000171375116284
1297.0,-0.027569202446882185,0.001000171375116284
1296.0,-0.027569202446882185,0.001000171375116284
1295.0,-0.02527126125607947,0.001000171375116284
1294.0,-0.02527126125607947,0.001000171375116284
1293.0,-0.02527126125607947,0.001000171375116284
1292.0,-0.02527126125607947,0.001000171375116284
1291.0,-0.022992166009968465,0.001000171375116284
1290.0,-0.0184151257415497,0.0007555601203265483
1289.0,-0.0184151257415497,0.0007497517082908076
1288.0,-0.0184151257415497,0.0002574718543872204
1287.0,-0.020713298684775026,0.00024966652484401835
1286.0,-0.02301123987557799,0.00024966652484401835
1285.0,-0.02301123987557799,0.00024966652484401835
1284.0,-0.022992166009968465,0.00024966652484401835
1283.0,-0.0206939930667448,0.00024966652484401835
1282.0,-0.022992166009968465,0.00024966652484401835
1281.0,-0.02301123987557799,0.00024966652484401835
1280.0,-0.025308949360686957,9.023722174090806e-05
1279.0,-0.027606427186826408,0.0
1278.0,-0.027606427186826408,0.0
1277.0,-0.029866911931990897,0.0
1276.0,-0.029848525659511262,0.0
1275.0,-0.02755058446870773,0.0
1274.0,-0.02755058446870773,0.0
1273.0,-0.022973088312854394,0.0
1272.0,-0.020674683570449087,0.0
1271.0,-0.022973088312854394,-0.0004985834251344526
1270.0,-0.022973088312854394,-0.0004985834251344526
1269.0,-0.022973088312854394,-0.0004985834251344526
1268.0,-0.025252411525481765,-0.0004985834251344526
1267.0,-0.02527126125607947,-0.0004985834251344526
1266.0,-0.027569202446882185,-0.0004985834251344526
1265.0,-0.025290107200772318,-0.0004985834251344526
1264.0,-0.025290107200772318,-0.0004985834251344526
1263.0,-0.022992166009968465,-0.0004985834251344526
1262.0,-0.022992166009968465,-0.0004985834251344526
1261.0,-0.02527126125607947,-0.0004985834251344526
1260.0,-0.02527126125607947,-0.0004985834251344526
1259.0,-0.02527126125607947,-0.0004985834251344526
1258.0,-0.02527126125607947,-0.0004985834251344526
1257.0,-0.022973088312854394,-0.0004985834251344526
1256.0,-0.0206939930667448,-0.0004985834251344526
1255.0,-0.0206939930667448,-0.0004985834251344526
1254.0,-0.0184151257415497,-0.0004985834251344526
1253.0,-0.020713298684775026,-0.0004985834251344526
1252.0,-0.020713298684775026,-0.0004985834251344526
1251.0,-0.020713298684775026,-0.0004985834251344526
1250.0,-0.022992166009968465,-0.0004985834251344526
1249.0,-0.0206939930667448,-0.0004985834251344526
1248.0,-0.020674683570449087,-0.0004985834251344526
1247.0,-0.020674683570449087,-0.0004985834251344526
1246.0,-0.020674683570449087,-0.0004985834251344526
1245.0,-0.020655370194727428,-0.0004985834251344526
1244.0,-0.01835650171366126,-0.0004985834251344526
1243.0,-0.020636052938419257,-0.0004985834251344526
1242.0,-0.020655370194727428,-0.0004985834251344526
1241.0,-0.018376046982099194,-0.0004985834251344526
1240.0,-0.016096951735987304,-0.0004985834251344526
1239.0,-0.013818084410793999,-0.0004985834251344526
1238.0,-0.016096951735987304,-0.0004985834251344526
1237.0,-0.016096951735987304,-0.0004985834251344526
1236.0,-0.016077178501031342,-0.0004985834251344526
1235.0,-0.016077178501031342,-0.0004985834251344526
1234.0,-0.018376046982099194,-0.0004985834251344526
1233.0,-0.018376046982099194,-0.0004985834251344526
1232.0,-0.018376046982099194,-0.0004985834251344526
1231.0,-0.020655370194727428,-0.0004985834251344526
1230.0,-0.020655370194727428,-0.0004985834251344526
1229.0,-0.020655370194727428,-0.0004985834251344526
1228.0,-0.020636052938419257,-0.0004985834251344526
1227.0,-0.018336952517835504,-0.0004985834251344526
1226.0,-0.020636052938419257,-0.0004985834251344526
1225.0,-0.01835650171366126,-0.0004985834251344526
1224.0,-0.016077178501031342,-0.0004985834251344526
1223.0,-0.016096951735987304,-0.0004985834251344526
1222.0,-0.016096951735987304,-0.0004985834251344526
1221.0,-0.018376046982099194,-0.0004985834251344526
1220.0,-0.018376046982099194,-0.0004985834251344526
1219.0,-0.013798083254923387,-0.0004985834251344526
1218.0,-0.018376046982099194,-0.0004985834251344526
1217.0,-0.018376046982099194,-0.0004985834251344526
1216.0,-0.018376046982099194,-0.0004985834251344526
1215.0,-0.018376046982099194,-0.0004985834251344526
1214.0,-0.01835650171366126,-0.0004985834251344526
1213.0,-0.01603762011093433,-0.0004985834251344526
1212.0,-0.015998045819267222,-0.0004985834251344526
1211.0,-0.015998045819267222,-0.0004985834251344526
1210.0,-0.020597406779327376,-0.0004985834251344526
1209.0,-0.020616731800336015,-0.0004985834251344526
1208.0,-0.018336952517835504,-0.0004985834251344526
1207.0,-0.016057401293076777,-0.0004985834251344526
1206.0,-0.01835650171366126,-0.0004985834251344526
1205.0,-0.016057401293076777,-0.0004985834251344526
1204.0,-0.016057401293076777,-0.0004985834251344526
1203.0,-0.01603762011093433,-0.0004985834251344526
1202.0,-0.0182978423392854,-0.0004985834251344526
1201.0,-0.018278281354190747,-0.0004985834251344526
1200.0,-0.01825871643697038,-0.0004985834251344526
1199.0,-0.020558745083817817,-0.0004985834251344526
1198.0,-0.018278281354190747,-0.0004985834251344526
1197.0,-0.013698017172420968,-0.0004985834251344526
1196.0,-0.013698017172420968,-0.0004985834251344526
1195.0,-0.011418009786528458,-0.0004985834251344526
1194.0,-0.013738055670892127,-0.0004985834251344526
1193.0,-0.011478745673546687,-0.0004985834251344526
1192.0,-0.0091791812335046,-0.0004985834251344526
1191.0,-0.0091791812335046,-0.0004985834251344526
1190.0,-0.006879384713486353,-0.0004985834251344526
1189.0,-0.006879384713486353,-0.0004985834251344526
1188.0,-0.00457935606664003,-0.0004985834251344526
1187.0,-0.0091791812335046,-0.0004985834251344526
1186.0,-0.011478745673546687,-0.0004985834251344526
1185.0,-0.013778078080447724,-0.0004985834251344526
1184.0,-0.016057401293076777,-0.0004985834251344526
1183.0,-0.016057401293076777,-0.0004985834251344526
1182.0,-0.013758068886177404,-0.0004985834251344526
1181.0,-0.013738055670892127,-0.0004985834251344526
1180.0,-0.011438259150873745,-0.0004985834251344526
1179.0,-0.011438259150873745,-0.0004985834251344526
1178.0,-0.011438259150873745,-0.0004985834251344526
1177.0,-0.016017834953394254,-0.0004985834251344526
1176.0,-0.016017834953394254,-0.0004985834251344526
1175.0,-0.01603762011093433,-0.0004985834251344526
1174.0,-0.013778078080447724,-0.0004985834251344526
1173.0,-0.013778078080447724,-0.0004985834251344526
1172.0,-0.013758068886177404,-0.0004985834251344526
1171.0,-0.013738055670892127,-0.0004985834251344526
1170.0,-0.013738055670892127,-0.0004985834251344526
1169.0,-0.009138230504027286,-0.0004985834251344526
1168.0,-0.002236751333838548,-0.0004985834251344526
1167.0,8.561699079580905e-05,-0.0004985834251344526
1166.0,0.002408686844928653,-0.0004985834251344526
1165.0,0.00010703199732935728,-0.0004985834251344526
1164.0,-0.0021943903950962236,-0.0004985834251344526
1163.0,-0.006775815914228527,-0.0004985834251344526
1162.0,-0.009076773537152636,-0.0004985834251344526
1161.0,-0.009076773537152636,-0.0004985834251344526
1160.0,-0.0045165306163396516,-0.0004985834251344526
1159.0,0.00234375751384679,-0.0004985834251344526
1158.0,0.004644947498053567,-0.0004985834251344526
1157.0,0.004666818665721766,-0.0004985834251344526
1156.0,0.0023870393832207985,-0.0004985834251344526
1155.0,0.00012845131000758663,-0.0004985834251344526
1154.0,0.00012845131000758663,-0.0004985834251344526
1153.0,0.00012845131000758663,-0.0004985834251344526
1152.0,0.00010703199732935728,-0.0004985834251344526
1151.0,-0.004495580379304639,-0.0004985834251344526
1150.0,-0.0045165306163396516,-0.0004985834251344526
1149.0,-0.0045165306163396516,-0.0004985834251344526
1148.0,-0.0045165306163396516,-0.0004985834251344526
1147.0,-0.002215572993411969,-0.0004985834251344526
1146.0,8.561699079580905e-05,-0.0004985834251344526
1145.0,0.0023870393832207985,-0.0004985834251344526
1144.0,0.002408686844928653,-0.0004985834251344526
1143.0,0.00012845131000758663,-0.0004985834251344526
1142.0,0.00010703199732935728,-0.0004985834251344526
1141.0,0.0023870393832207985,-0.0004985834251344526
1140.0,0.0023870393832207985,-0.0004985834251344526
1139.0,0.0023870393832207985,-0.0004985834251344526
1138.0,8.561699079580905e-05,-0.0004985834251344526
1137.0,8.561699079580905e-05,-0.0004985834251344526
1136.0,6.420628908735993e-05,-0.0004985834251344526
1135.0,-0.002236751333838548,-0.0004985834251344526
1134.0,-0.006796538002230365,-0.0004985834251344526
1133.0,-0.006755089659647455,-0.0004985834251344526
1132.0,-0.006713624645693286,-0.0004985834251344526
1131.0,-0.004432704389623386,-0.0004985834251344526
1130.0,-0.0021732035375926647,-0.0004985834251344526
1129.0,6.420628908735993e-05,-0.0004985834251344526
1128.0,0.002322123103548298,-0.0004985834251344526
1127.0,0.004579360366297119,-0.0004985834251344526
1126.0,0.004579360366297119,-0.0004985834251344526
1125.0,2.139779499244878e-05,-0.0004985834251344526
1124.0,6.420628908735993e-05,-0.0004985834251344526
1123.0,-0.0021943903950962236,-0.0004985834251344526
1122.0,0.00012845131000758663,-0.0004985834251344526
1121.0,0.006990581580549744,-0.0004985834251344526
1120.0,0.01154991208780955,-0.0004985834251344526
1119.0,0.016108330546548675,-0.0004985834251344526
1118.0,0.018387197871742138,-0.0004985834251344526
1117.0,0.018387197871742138,-0.0004985834251344526
1116.0,0.018410450445384433,-0.0004985834251344526
1115.0,0.016131355199275683,-0.0004985834251344526
1114.0,0.01157248076188961,-0.0004985834251344526
1113.0,0.009315046588433984,-0.0004985834251344526
1112.0,0.009359750290096298,-0.0004985834251344526
1111.0,0.00940447197889254,-0.0004985834251344526
1110.0,0.011730588631014626,-0.0004985834251344526
1109.0,0.014057408607416333,-0.0004985834251344526
1108.0,0.014080251195666629,-0.0004985834251344526
1107.0,0.014057408607416333,-0.0004985834251344526
1106.0,0.014011737218864177,-0.0004985834251344526
1105.0,0.016292657474933168,-0.0004985834251344526
1104.0,0.01859663945953116,-0.0004985834251344526
1103.0,0.020924382137419085,-0.0004985834251344526
1102.0,0.02553397733858283,-0.0004985834251344526
1101.0,0.030144505184206867,-0.0004985834251344526
1100.0,0.032474817463917005,-0.0004985834251344526
1099.0,0.027887593413453392,-0.0004985834251344526
1098.0,0.023300374242454593,-0.0004985834251344526
1097.0,0.02101854038491468,-0.0004985834251344526
1096.0,0.018713159857963096,-0.0004985834251344526
1095.0,0.016384932239272607,-0.0004985834251344526
1094.0,0.014034570615612573,-0.0004985834251344526
1093.0,0.013966084204964247,-0.0004985834251344526
1092.0,0.02080679085540683,-0.0004985834251344526
1091.0,0.02539008631872192,-0.0004985834251344526
1090.0,0.029997817362476698,-0.0004985834251344526
1089.0,0.03235137467164905,-0.0004985834251344526
1088.0,0.032400736883327175,-0.0004985834251344526
1087.0,0.03468120061295411,-0.0004985834251344526
1086.0,0.03463138205753976,-0.0004985834251344526
1085.0,0.03230203231962336,-0.0004985834251344526
1084.0,0.03460648029643539,-0.0004985834251344526
1083.0,0.03235137467164905,-0.0004985834251344526
1082.0,0.034656288829205954,-0.0004985834251344526
1081.0,0.04154682406072093,-0.0004985834251344526
1080.0,0.04615828492828035,-0.0004985834251344526
1079.0,0.048490671809581075,-0.0004985834251344526
1078.0,0.048490671809581075,-0.0004985834251344526
1077.0,0.053077226472023405,-0.0004985834251344526
1076.0,0.05763655697928335,-0.0004985834251344526
1075.0,0.0621949754380232,-0.0004985834251344526
1074.0,0.06450175620622989,-0.0004985834251344526
1073.0,0.0645575999479817,-0.0004985834251344526
1072.0,0.060025743581713094,-0.0004985834251344526
1071.0,0.050903432091090474,-0.0004985834251344526
1070.0,0.04408518249953307,-0.0004985834251344526
1069.0,0.03959713275686808,-0.0004985834251344526
1068.0,0.03967348245806358,-0.0004985834251344526
1067.0,0.03741482155242891,-0.0004985834251344526
1066.0,0.0419828347579169,-0.0004985834251344526
1065.0,0.04883313807096995,-0.0004985834251344526
1064.0,0.055654321323208,-0.0004985834251344526
1063.0,0.057909099265666474,-0.0004985834251344526
1062.0,0.05788182033194893,-0.0004985834251344526
1061.0,0.05785454689267698,-0.0004985834251344526
1060.0,0.05782727894618235,-0.0004985834251344526
1059.0,0.05782727894618235,-0.0004985834251344526
1058.0,0.05326475339299313,-0.0004985834251344526
1057.0,0.048727668308960956,-0.0004985834251344526
1056.0,0.04875402778079981,-0.0004985834251344526
1055.0,0.04870131414689053,-0.0004985834251344526
1054.0,0.05326475339299313,-0.0004985834251344526
1053.0,0.062472081619571886,-0.0004985834251344526
1052.0,0.0717386366903796,-0.0004985834251344526
1051.0,0.07872898453926211,-0.0004985834251344526
1050.0,0.08335214012405469,-0.0004985834251344526
1049.0,0.09028863263337605,-0.0004985834251344526
1048.0,0.09263207191085829,-0.0004985834251344526
1047.0,0.09031920372320436,-0.0004985834251344526
1046.0,0.08797623384918642,-0.0004985834251344526
1045.0,0.09713344884481982,-0.0004985834251344526
1044.0,0.11088217503812278,-0.0004985834251344526
1043.0,0.11312954977128518,-0.0004985834251344526
1042.0,0.10384850804621293,-0.0004985834251344526
1041.0,0.09001376994441862,-0.0004985834251344526
1040.0,0.07390442445047377,-0.0004985834251344526
1039.0,0.060080708460808756,-0.0004985834251344526
1038.0,0.055465044317162995,-0.0004985834251344526
1037.0,0.062305750967606856,-0.0004985834251344526
1036.0,0.07376006883113756,-0.0004985834251344526
1035.0,0.07834734678869594,-0.0004985834251344526
1034.0,0.07612644404415604,-0.0004985834251344526
1033.0,0.07396220741047642,-0.0004985834251344526
1032.0,0.06948548626861169,-0.0004985834251344526
1031.0,0.06266638830747095,-0.0004985834251344526
1030.0,0.05353310810533997,-0.0004985834251344526
1029.0,0.05130249394822213,-0.0004985834251344526
1028.0,0.06052122568115184,-0.0004985834251344526
1027.0,0.07196826613809817,-0.0004985834251344526
1026.0,0.07653444865999197,-0.0004985834251344526
1025.0,0.08115901159808928,-0.0004985834251344526
1024.0,0.08121833072595099,-0.0004985834251344526
1023.0,0.08581463931961594,-0.0004985834251344526
1022.0,0.09266288393893282,-0.0004985834251344526
1021.0,0.10188589287021606,-0.0004985834251344526
1020.0,0.11352431702843387,-0.0004985834251344526
1019.0,0.12057304915675916,-0.0004985834251344526
1018.0,0.11828961473436013,-0.0004985834251344526
1017.0,0.11355725745256569,-0.0004985834251344526
1016.0,0.10413598153350959,-0.0004985834251344526
1015.0,0.09703971714941749,-0.0004985834251344526
1014.0,0.09694604210636197,-0.0004985834251344526
1013.0,0.0992572682150705,-0.0004985834251344526
1012.0,0.10622451013910172,-0.0004985834251344526
1011.0,0.10632101933849145,-0.0004985834251344526
1010.0,0.10638539123714505,-0.0004985834251344526
1009.0,0.10648199777296206,-0.0004985834251344526
1008.0,0.1088936456450389,-0.0004985834251344526
1007.0,0.10439195189297477,-0.0004985834251344526
1006.0,0.10442397725043616,-0.0004985834251344526
1005.0,0.11584000564373334,-0.0004985834251344526
1004.0,0.13174331358095753,-0.0004985834251344526
1003.0,0.14303568788369847,-0.0004985834251344526
1002.0,0.14535043559245778,-0.0004985834251344526
1001.0,0.16387688685623095,-0.0004985834251344526
1000.0,0.17345751300411985,-0.0004985834251344526
999.0,0.16463831576948765,-0.0004985834251344526
998.0,0.14879570969606834,-0.0004985834251344526
997.0,0.13282418560871023,-0.0004985834251344526
996.0,0.12360354602190583,-0.0004985834251344526
995.0,0.12121388638202395,-0.0004985834251344526
994.0,0.13500616068059082,-0.0004985834251344526
993.0,0.15572673754105837,-0.0004985834251344526
992.0,0.1648291540710196,-0.0004985834251344526
991.0,0.15303392900383136,-0.0004985834251344526
990.0,0.12970449940889206,-0.0004985834251344526
989.0,0.11345845611688701,-0.0004985834251344526
988.0,0.10194940247100223,-0.0004985834251344526
987.0,0.08365108333006027,-0.0004985834251344526
986.0,0.07231340576223144,-0.0004985834251344526
985.0,0.0840406125418576,-0.0004985834251344526
984.0,0.1164381956693279,-0.0004985834251344526
983.0,0.1533299000834157,-0.0004985834251344526
982.0,0.17168151731593972,-0.0004985834251344526
981.0,0.16235488134709083,-0.0004985834251344526
980.0,0.13226547104055264,-0.0004985834251344526
979.0,0.10217188800642166,-0.0004985834251344526
978.0,0.10439195189297477,-0.0004985834251344526
977.0,0.1436466397216681,-0.0004985834251344526
976.0,0.18301752660950543,-0.0004985834251344526
975.0,0.18550084065352113,-0.0004985834251344526
974.0,0.15808726285202543,-0.0004985834251344526
973.0,0.13993600988711452,-0.0004985834251344526
972.0,0.156286757663668,-0.0004985834251344526
971.0,0.19308764937781936,-0.0004985834251344526
970.0,0.22498796262186652,-0.0004985834251344526
969.0,0.24547812123201213,-0.0004985834251344526
968.0,0.24994524104724072,-0.0004985834251344526
967.0,0.23827039269369463,-0.0004985834251344526
966.0,0.23348553623596852,-0.0004985834251344526
965.0,0.245107678477629,-0.0004985834251344526
964.0,0.2614845210528467,-0.0004985834251344526
963.0,0.2524129015217896,-0.0004985834251344526
962.0,0.2180075570536466,-0.0004985834251344526
961.0,0.1884328574508443,-0.0004985834251344526
960.0,0.18675315546860696,-0.0004985834251344526
959.0,0.21495612921926832,-0.0004985834251344526
958.0,0.2682795082664786,-0.0004985834251344526
957.0,0.3351834983594182,-0.0004985834251344526
956.0,0.3740575308974578,-0.0004985834251344526
955.0,0.3570983220539376,-0.0004985834251344526
954.0,0.3079698805475693,-0.0004985834251344526
953.0,0.27787970216023494,-0.0004985834251344526
952.0,0.2713825695567806,-0.0004985834251344526
951.0,0.2534029765440314,-0.0004985834251344526
950.0,0.2050250693239783,-0.0004985834251344526
949.0,0.15621199002855457,-0.0004985834251344526
948.0,0.13936548554215844,-0.0004985834251344526
947.0,0.15229608983955392,-0.0004985834251344526
946.0,0.15229608983955392,-0.0004985834251344526
945.0,0.2265150950500569,-0.0004985834251344526
944.0,0.33363020693127676,-0.0004985834251344526
943.0,0.39032818690358956,-0.0004985834251344526
942.0,0.30437736979942837,-0.0004985834251344526
941.0,0.23154156882386948,-0.0004985834251344526
940.0,0.19245456445333922,-0.0004985834251344526
939.0,0.15442426454778732,-0.0004985834251344526
938.0,0.11134720473745195,-0.0004985834251344526
937.0,0.12668168566961374,-0.0004985834251344526
936.0,0.24677940304592175,-0.0004985834251344526
935.0,0.41420804956631924,-0.0004985834251344526
934.0,0.5252040461338301,-0.0004985834251344526
933.0,0.5064717147560636,-0.0004985834251344526
932.0,0.3713608489757059,-0.0004985834251344526
931.0,0.19920392860375022,-0.0004985834251344526
930.0,0.10657866278133767,-0.0004985834251344526
929.0,0.07831803140244269,-0.0004985834251344526
928.0,0.14535043559245778,-0.0004985834251344526
927.0,0.2218693185203544,-0.0004985834251344526
926.0,0.26138864233375,-0.0004985834251344526
925.0,0.27907381461059594,-0.0004985834251344526
924.0,0.38163485499914834,-0.0004985834251344526
923.0,0.5365591530654845,-0.0004985834251344526
922.0,0.7351685861549307,-0.0004985834251344526
921.0,0.97127969660865,-0.0004985834251344526
920.0,0.9991279576089355,-0.0004985834251344526
919.0,0.8529997762501287,-0.0004985834251344526
918.0,0.6746089027882497,-0.0004985834251344526
917.0,0.6461955153174159,-0.0004985834251344526
916.0,0.5441469240109568,-0.0004985834251344526
915.0,0.4476174188230402,-0.0004985834251344526
914.0,0.3251285505540294,-0.0004985834251344526
913.0,0.26443904991157763,-0.0004985834251344526
912.0,0.13146547499270106,-0.0004985834251344526
911.0,0.11065388450626185,-0.00025999380578775464
910.0,0.23580949052886915,0.0
909.0,0.46001989260467224,0.0
908.0,0.6154542727171495,0.00011947417046622366
907.0,0.5352496196107225,0.00024966652484401835
906.0,0.3430809745957882,0.00024966652484401835
905.0,0.04725577712608652,0.0006525466505879554
904.0,0.038601692701978524,0.0007497517082908076
903.0,0.2274383396237033,0.0007497517082908076
902.0,0.29644837437327476,0.0007497517082908076
901.0,0.16528795404635657,0.0007497517082908076
900.0,0.06571991359717452,0.0007497517082908076
899.0,0.08986128366248035,0.0006833849035104147
898.0,-0.2129370574336043,0.00034829280105902596
897.0,-0.2129370574336043,0.0007497517082908076
896.0,-0.09871359120936511,0.0007497517082908076
895.0,0.004579360366297119,0.0007497517082908076
894.0,-0.0184151257415497,0.0007497517082908076
893.0,0.2497581955956625,0.0009208630623728202
892.0,0.8243632235662837,0.001000171375116284
891.0,1.0063388222224272,0.001000171375116284
890.0,0.5918353508273096,0.0008031191443273244
889.0,0.020689317770579578,0.0007497517082908076
888.0,-0.2129370574336043,0.0007497517082908076
887.0,-0.2129370574336043,0.0007497517082908076
886.0,-0.2129370574336043,0.0006927539994222865
885.0,-0.2129370574336043,0.00024966652484401835
884.0,-0.2129370574336043,0.00033436958983397447
883.0,1.4379120194828678,0.0007497517082908076
882.0,3.8471220705763307,0.0007497517082908076
881.0,4.002874152022105,0.0007497517082908076
880.0,3.8117482573482806,0.0007497517082908076
879.0,2.622517559254157,0.0007497517082908076
878.0,1.9236535541543491,0.0007497517082908076
877.0,0.9050357428612209,0.0007497517082908076
876.0,-0.2129370574336043,0.0007497517082908076
875.0,1.3887905168524128,0.0007497517082908076
874.0,3.778227934878399,0.0007497517082908076
873.0,3.3437776449824583,0.0007497517082908076
872.0,-0.2129370574336043,0.0007497517082908076
871.0,-0.2129370574336043,0.0007497517082908076
870.0,-0.2129370574336043,0.0007497517082908076
869.0,-0.2129370574336043,0.0007497517082908076
868.0,-0.2129370574336043,0.0007497517082908076
867.0,-0.2129370574336043,0.0008555109453418757
866.0,-0.2129370574336043,0.001000171375116284
865.0,-0.2129370574336043,0.001000171375116284
864.0,-0.2129370574336043,0.001000171375116284
863.0,-0.2129370574336043,0.001000171375116284
862.0,-0.2129370574336043,0.001000171375116284
861.0,-0.2129370574336043,0.001000171375116284
860.0,-0.2129370574336043,0.0009810130185058015
859.0,-0.2129370574336043,0.00076891006490129
858.0,-0.2129370574336043,0.001000171375116284
857.0,-0.2129370574336043,0.001000171375116284
856.0,-0.2129370574336043,0.001000171375116284
855.0,-0.2129370574336043,0.001000171375116284
854.0,-0.2129370574336043,0.001000171375116284
853.0,-0.2129370574336043,0.001000171375116284
852.0,-0.2129370574336043,0.0008991037505231893
851.0,-0.2129370574336043,0.0007497517082908076
850.0,-0.20837909486230016,0.0009327286008665145
849.0,0.7315421836201323,0.001000171375116284
848.0,-0.2129370574336043,0.001000171375116284
847.0,12.130105754427401,0.001000171375116284
846.0,3.7270268152891117,0.001000171375116284
845.0,-0.2129370574336043,0.001000171375116284
844.0,-0.2129370574336043,0.001000171375116284
843.0,-0.2129370574336043,0.001000171375116284
842.0,-0.2129370574336043,0.001000171375116284
841.0,-0.2129370574336043,0.0011932146145791508
840.0,-0.2129370574336043,0.0015017673909529371
839.0,-0.2129370574336043,0.0015017673909529371
838.0,-0.2129370574336043,0.0015017673909529371
837.0,-0.2129370574336043,0.0015017673909529371
836.0,-0.2129370574336043,0.0015017673909529371
835.0,-0.2129370574336043,0.0015017673909529371
834.0,-0.2129370574336043,0.0015017673909529371
833.0,-0.2129370574336043,0.0016805921122516028
832.0,-0.2129370574336043,0.0017529447573524433
831.0,-0.2129370574336043,0.0017431403000324013
830.0,-0.2129370574336043,0.0015017673909529371
829.0,-0.2129370574336043,0.0015017673909529371
828.0,-0.2129370574336043,0.0015017673909529371
827.0,8.682331679157171,0.0015937289506938617
826.0,-0.2129370574336043,0.0017529447573524433
825.0,-0.2129370574336043,0.0017529447573524433
824.0,0.7120982288252456,0.0017529447573524433
823.0,-0.2129370574336043,0.0017529447573524433
822.0,-0.2129370574336043,0.0017529447573524433
821.0,-0.2129370574336043,0.0017529447573524433
820.0,-0.2129370574336043,0.0017529447573524433
819.0,-0.2129370574336043,0.0017529447573524433
818.0,-0.2129370574336043,0.0017529447573524433
817.0,-0.2129370574336043,0.0017529447573524433
816.0,-0.2129370574336043,0.0017529447573524433
815.0,4.0913590744097394,0.0017631570060178004
814.0,28.319634344432735,0.002256060762148213
813.0,0.8054973116355969,0.002256060762148213
812.0,-0.2129370574336043,0.002256060762148213
811.0,-0.2129370574336043,0.002256060762148213
810.0,-0.2129370574336043,0.002256060762148213
809.0,-0.2129370574336043,0.002386123184020284
808.0,-0.2129370574336043,0.002508000427209865
807.0,-0.2129370574336043,0.002508000427209865
806.0,-0.2129370574336043,0.002508000427209865
805.0,-0.2129370574336043,0.002508000427209865
804.0,-0.2129370574336043,0.003012645661028671
803.0,-0.2129370574336043,0.003012645661028671
802.0,-0.2129370574336043,0.003012645661028671
801.0,-0.2129370574336043,0.0030118569005281957
800.0,-0.2129370574336043,0.002508000427209865
799.0,-0.2129370574336043,0.0024252002043476787
798.0,29.847693976845655,0.002256060762148213
797.0,14.685877471342529,0.002256060762148213
796.0,-0.2129370574336043,0.002256060762148213
795.0,-0.2129370574336043,0.002256060762148213
794.0,-0.2129370574336043,0.002256060762148213
793.0,-0.2129370574336043,0.002256060762148213
792.0,-0.2129370574336043,0.002256060762148213
791.0,-0.2129370574336043,0.002256060762148213
790.0,-0.2129370574336043,0.002256060762148213
789.0,-0.2129370574336043,0.002256060762148213
788.0,-0.2129370574336043,0.002256060762148213
787.0,-0.2129370574336043,0.002256060762148213
786.0,-0.2129370574336043,0.002256060762148213
785.0,-0.2129370574336043,0.002256060762148213
784.0,-0.2129370574336043,0.0021001370624059053
783.0,-0.2129370574336043,0.0017529447573524433
782.0,-0.2129370574336043,0.001675100872667363
781.0,-0.2129370574336043,0.0015017673909529371
780.0,-0.2129370574336043,0.0016617683780589
779.0,3.242697638522466,0.0017529447573524433
778.0,-0.2129370574336043,0.0017529447573524433
777.0,-0.2129370574336043,0.0017529447573524433
776.0,-0.2129370574336043,0.0017529447573524433
775.0,-0.2129370574336043,0.0017529447573524433
774.0,-0.2129370574336043,0.0017529447573524433
773.0,-0.2129370574336043,0.0017529447573524433
772.0,-0.2129370574336043,0.0017529447573524433
771.0,-0.2129370574336043,0.002256060762148213
770.0,-0.2129370574336043,0.002256060762148213
769.0,-0.2129370574336043,0.002256060762148213
768.0,-0.2129370574336043,0.002256060762148213
767.0,-0.2129370574336043,0.002256060762148213
766.0,-0.2129370574336043,0.002256060762148213
765.0,-0.2129370574336043,0.002256060762148213
764.0,-0.2129370574336043,0.002411826994986536
763.0,-0.2129370574336043,0.002820006426632522
762.0,-0.2129370574336043,0.003012645661028671
761.0,-0.2129370574336043,0.00325154361883461
760.0,-0.2129370574336043,0.0035044928828640697
759.0,-0.2129370574336043,0.003518315555924071
758.0,10.221861330642872,0.003997326742968959
757.0,6.082817586310705,0.004094143517857588
756.0,-0.2129370574336043,0.00441722089465641
755.0,-0.2129370574336043,0.0048563417917106165
754.0,-0.2129370574336043,0.005180410349195605
753.0,-0.2129370574336043,0.005861733950794622
752.0,-0.2129370574336043,0.006933077811485524
751.0,-0.2129370574336043,0.007498091242920961
750.0,-0.2129370574336043,0.00806452161208046
749.0,-0.2129370574336043,0.008683862207629013
748.0,-0.2129370574336043,0.00958308726309739
747.0,-0.2129370574336043,0.010149089388617296
746.0,-0.2129370574336043,0.01309607801728204
745.0,-0.2129370574336043,0.015532407787385277
744.0,-0.2129370574336043,0.019181089140993753
743.0,-0.2129370574336043,0.019859356968261847
742.0,-0.2129370574336043,0.01938777571294887
741.0,-0.2129370574336043,0.019049906990223135
740.0,-0.2129370574336043,0.01864805157912769
739.0,-0.2129370574336043,0.01864805157912769
738.0,-0.2129370574336043,0.01849193387093983
737.0,-0.2129370574336043,0.01837925248376757
736.0,-0.2129370574336043,0.018067521667861706
735.0,-0.2129370574336043,0.01784252309999685
734.0,-0.2129370574336043,0.01761126839962946
733.0,-0.2129370574336043,0.01708887268488738
732.0,-0.2129370574336043,0.01679712299658196
731.0,-0.2129370574336043,0.01604667224466029
730.0,-0.2129370574336043,0.015249500420796914
729.0,-0.2129370574336043,0.013931589986298995
728.0,-0.2129370574336043,0.012772333569464486
727.0,-0.2129370574336043,0.010784767118472625
726.0,-0.2129370574336043,0.010199419006360691
725.0,-0.2129370574336043,0.1021153474007743
724.0,-0.2129370574336043,0.2732675109095305
723.0,-0.2129370574336043,0.1958562659382023
722.0,-0.2129370574336043,0.10706091054260605
721.0,-0.2129370574336043,0.06552244213896605
720.0,-0.2129370574336043,0.022994806113729966
719.0,-0.2129370574336043,0.019727956941907755
718.0,-0.2129370574336043,0.02243817198307689
717.0,-0.2129370574336043,0.02788248156966879
716.0,-0.2129370574336043,0.031781583970357984
715.0,-0.2129370574336043,0.035281691545709544
714.0,-0.2129370574336043,0.03866593267021375
713.0,1.806159385217554,0.041293245698922544
712.0,-0.2129370574336043,0.04658120075883038
711.0,-0.2129370574336043,0.054911992010328335
710.0,-0.2129370574336043,0.06429360852720795
709.0,-0.2129370574336043,0.06913014290695596
708.0,-0.2129370574336043,0.07286112990855767
707.0,-0.2129370574336043,0.07968787671572096
706.0,-0.2129370574336043,0.08830971964968737
705.0,-0.2129370574336043,0.09475081861933246
704.0,-0.2129370574336043,0.1010358483041652
703.0,-0.2129370574336043,0.1125763404526546
702.0,-0.2129370574336043,0.12115474561149797
701.0,-0.2129370574336043,0.13720971975585064
700.0,-0.2129370574336043,0.15002925633116496
699.0,-0.2129370574336043,0.15729249476149476
698.0,-0.2129370574336043,0.16866108420036782
697.0,-0.2129370574336043,0.17702906958086023
696.0,-0.2129370574336043,0.18753115781552382
695.0,-0.2129370574336043,0.19670749034154977
694.0,-0.2129370574336043,0.20593015372299261
693.0,-0.2129370574336043,0.21586548301320613
692.0,-0.2129370574336043,0.22869874570098672
691.0,-0.2129370574336043,0.23910593649667436
690.0,-0.2129370574336043,0.24786374469318503
689.0,-0.2129370574336043,0.2567893414950608
688.0,-0.2129370574336043,0.2648168933562169
687.0,-0.2129370574336043,0.27307271502487895
686.0,-0.2129370574336043,0.2790540826855753
685.0,-0.2129370574336043,0.2820614598725336
684.0,-0.2129370574336043,0.28848134285063104
683.0,-0.2129370574336043,0.29594099532640145
682.0,-0.2129370574336043,0.3040234153113423
681.0,-0.2129370574336043,0.3117562035275111
680.0,-0.2129370574336043,0.3160850373162862
679.0,-0.2129370574336043,0.3165237642583487
678.0,5.232669939342376,0.31585632859141627
677.0,-0.2129370574336043,0.311977292831219
676.0,-0.2129370574336043,0.3083623827956251
675.0,-0.2129370574336043,0.3049428746683884
674.0,-0.2129370574336043,0.30087474810647574
673.0,-0.2129370574336043,0.3072956054190134
672.0,-0.2129370574336043,0.33895985459569294
671.0,-0.2129370574336043,0.46500714319649217
670.0,0.048332912506290335,0.6382650422606347
669.0,-0.2129370574336043,0.4764023303154802
668.0,-0.2129370574336043,0.29893570162736255
667.0,-0.2129370574336043,0.19048753280567404
666.0,0.7362930506860766,0.2022708102826025
665.0,-0.2129370574336043,0.2261014408791576
664.0,-0.2129370574336043,0.24052331064813598
663.0,-0.2129370574336043,0.24340073880484234
662.0,-0.2129370574336043,0.24759028217225976
661.0,-0.2129370574336043,0.2517954709917491
660.0,-0.2129370574336043,0.2559451224470339
659.0,-0.2129370574336043,0.26176511320164636
658.0,-0.2129370574336043,0.26288800864558365
657.0,-0.2129370574336043,0.2660856435494232
656.0,-0.2129370574336043,0.2664027045909406
655.0,-0.2129370574336043,0.2639321636244693
654.0,-0.2129370574336043,0.25967577944570663
653.0,-0.2129370574336043,0.255528605544255
652.0,-0.2129370574336043,0.27374865389602066
651.0,-0.2129370574336043,0.29682507336619823
650.0,-0.2129370574336043,0.2708540609043672
649.0,-0.2129370574336043,0.23371325989626934
648.0,-0.2129370574336043,0.2060046613142083
647.0,-0.2129370574336043,0.17877962859123842
646.0,-0.2129370574336043,0.16919417905750972
645.0,-0.2129370574336043,0.16234578928304028
644.0,-0.2129370574336043,0.15539378492798858
643.0,-0.2129370574336043,0.15142279138429054
642.0,-0.2129370574336043,0.13960140800770413
641.0,-0.2129370574336043,0.12955465238110103
640.0,-0.2129370574336043,0.1178321126933678
639.0,-0.2129370574336043,0.10900111208688557
638.0,-0.2129370574336043,0.10026379376496124
637.0,-0.2129370574336043,0.09198213914793431
636.0,-0.2129370574336043,0.0826898540162888
635.0,-0.2129370574336043,0.07470507931294493
634.0,-0.2129370574336043,0.0682359735619668
633.0,-0.2129370574336043,0.06306854144924567
632.0,-0.2129370574336043,0.055147545220356066
631.0,-0.2129370574336043,0.042966935088357534
630.0,-0.2129370574336043,0.03768565464233215
629.0,-0.2129370574336043,0.032717767989327795
628.0,-0.2129370574336043,0.02940569999676009
627.0,-0.2129370574336043,0.024442422920404917
626.0,-0.2129370574336043,0.02046959052091594
625.0,-0.2129370574336043,0.01622620486254194
624.0,-0.2129370574336043,0.013063312386337633
623.0,-0.2129370574336043,0.013369718495956162
622.0,2.5289362210816444,0.09291584271014733
621.0,-0.2129370574336043,0.17741125834999993
620.0,-0.2129370574336043,0.18773729028511493
619.0,-0.2129370574336043,0.05880727995850876
618.0,-0.2129370574336043,0.015031895051548755
617.0,-0.2129370574336043,0.01365720921734576
616.0,-0.2129370574336043,0.014449292341682775
615.0,-0.2129370574336043,0.015243902741204787
614.0,-0.2129370574336043,0.015973027603908566
613.0,-0.2129370574336043,0.015973027603908566
612.0,-0.2129370574336043,0.016192599393849236
611.0,-0.2129370574336043,0.01661570096342518
610.0,-0.2129370574336043,0.016882602347149542
609.0,-0.2129370574336043,0.016929511512351142
608.0,-0.2129370574336043,0.016609109589811304
607.0,-0.2129370574336043,0.016505738689751692
606.0,-0.2129370574336043,0.016111923496164766
605.0,-0.2129370574336043,0.015383879796198928
604.0,-0.2129370574336043,0.014980127047146172
603.0,-0.2129370574336043,0.014611340440890037
602.0,-0.2129370574336043,0.018220361324072558
601.0,-0.2129370574336043,0.023536716816754514
600.0,1.1437805834175807,0.02315887859267881
599.0,1.2504458300004304,0.017371251184939502
598.0,-0.2129370574336043,0.012136499716805431
597.0,-0.2129370574336043,0.010502892525440463
596.0,-0.2129370574336043,0.010084974562867888
595.0,-0.2129370574336043,0.009825256002180389
594.0,-0.2129370574336043,0.009364779047552632
593.0,-0.2129370574336043,0.008963089005863194
592.0,-0.2129370574336043,0.00851848976912957
591.0,-0.2129370574336043,0.007817104486068175
590.0,-0.2129370574336043,0.007415789235851336
589.0,-0.2129370574336043,0.007319474063913766
588.0,-0.2129370574336043,0.006818229335255505
587.0,-0.2129370574336043,0.006561893601684399
586.0,-0.2129370574336043,0.00631800340991535
585.0,-0.2129370574336043,0.00631800340991535
584.0,-0.2129370574336043,0.00631800340991535
583.0,-0.2129370574336043,0.006126385463279368
582.0,-0.2129370574336043,0.005806622660060102
581.0,-0.2129370574336043,0.005710961034847497
580.0,-0.2129370574336043,0.005551325520661532
579.0,-0.2129370574336043,0.005193542557622225
578.0,-0.2129370574336043,0.005041515030092571
577.0,-0.2129370574336043,0.005041515030092571
576.0,-0.2129370574336043,0.005041515030092571
575.0,-0.2129370574336043,0.005551325520661532
574.0,-0.2129370574336043,0.005551325520661532
573.0,-0.2129370574336043,0.005558699523235907
572.0,-0.2129370574336043,0.005806622660060102
571.0,-0.2129370574336043,0.005806622660060102
570.0,-0.2129370574336043,0.005806622660060102
569.0,-0.2129370574336043,0.0059886598883475495
568.0,-0.2129370574336043,0.00631800340991535
567.0,-0.2129370574336043,0.00631800340991535
566.0,-0.2129370574336043,0.00631800340991535
565.0,-0.2129370574336043,0.006492924617278543
564.0,-0.2129370574336043,0.006574088098468632
563.0,-0.2129370574336043,0.006749189358573191
562.0,-0.2129370574336043,0.006830436384277449
561.0,-0.2129370574336043,0.007343925922221134
560.0,-0.2129370574336043,0.007346535402724218
559.0,-0.2129370574336043,0.007606295323846258
558.0,-0.2129370574336043,0.008116150843820112
557.0,-0.2129370574336043,0.00812004078586012
556.0,-0.2129370574336043,0.008374092179850575
555.0,-0.2129370574336043,0.008548337142326178
554.0,-0.2129370574336043,0.008890777713054692
553.0,-0.2129370574336043,0.008978035946138038
552.0,-0.2129370574336043,0.009149523022224992
551.0,-0.2129370574336043,0.009149523022224992
550.0,-0.2129370574336043,0.009149523022224992
549.0,-0.2129370574336043,0.009149523022224992
548.0,-0.2129370574336043,0.009149523022224992
547.0,-0.2129370574336043,0.00889407955039725
546.0,-0.2129370574336043,0.008890777713054692
545.0,-0.2129370574336043,0.008890777713054692
544.0,-0.2129370574336043,0.008378528958524216
543.0,-0.2129370574336043,0.008374092179850575
542.0,-0.2129370574336043,0.008291937606383545
541.0,-0.2129370574336043,0.008116150843820112
540.0,-0.2129370574336043,0.008116150843820112
539.0,-0.2129370574336043,0.008198305417287142
538.0,-0.2129370574336043,0.008374092179850575
537.0,-0.2129370574336043,0.008374092179850575
536.0,-0.2129370574336043,0.008374092179850575
535.0,-0.2129370574336043,0.008374092179850575
534.0,-0.2129370574336043,0.008374092179850575
533.0,-0.2129370574336043,0.008374092179850575
532.0,-0.2129370574336043,0.008374092179850575
531.0,-0.2129370574336043,0.008374092179850575
530.0,-0.2129370574336043,0.008374092179850575
529.0,-0.2129370574336043,0.008374092179850575
528.0,-0.2129370574336043,0.008374092179850575
527.0,-0.2129370574336043,0.008296770137314073
526.0,18.340342746339175,0.008116150843820112
525.0,-0.2129370574336043,0.008116150843820112
524.0,-0.2129370574336043,0.008116150843820112
523.0,-0.2129370574336043,0.008116150843820112
522.0,-0.2129370574336043,0.008116150843820112
521.0,-0.2129370574336043,0.008277842402076147
520.0,-0.2129370574336043,0.008374092179850575
519.0,-0.2129370574336043,0.008855412758516323
518.0,-0.2129370574336043,0.008890777713054692
517.0,-0.2129370574336043,0.009137605730775222
516.0,-0.2129370574336043,0.009149523022224992
515.0,-0.2129370574336043,0.009149523022224992
514.0,8.655928613171191,0.009076807827988866
513.0,-0.2129370574336043,0.008890777713054692
512.0,-0.2129370574336043,0.008890777713054692
511.0,-0.2129370574336043,0.008745573577658346
510.0,-0.2129370574336043,0.008266367464487143
509.0,-0.2129370574336043,0.008116150843820112
508.0,-0.2129370574336043,0.008116150843820112
507.0,1.7814415169015396,0.00780291985666704
506.0,29.522486695628647,0.007444695378125139
505.0,19.506043059165325,0.007343925922221134
504.0,-0.2129370574336043,0.007343925922221134
503.0,-0.2129370574336043,0.007343925922221134
502.0,-0.2129370574336043,0.006863707425398975
501.0,-0.2129370574336043,0.006830436384277449
500.0,-0.2129370574336043,0.006696027777267145
499.0,-0.2129370574336043,0.00631800340991535
498.0,-0.2129370574336043,0.00631800340991535
497.0,-0.2129370574336043,0.00631800340991535
496.0,-0.2129370574336043,0.00631800340991535
495.0,-0.2129370574336043,0.00631800340991535
494.0,-0.2129370574336043,0.006016604289423416
493.0,-0.2129370574336043,0.005806622660060102
492.0,-0.2129370574336043,0.005806622660060102
491.0,-0.2129370574336043,0.005806622660060102
490.0,-0.2129370574336043,0.005806622660060102
489.0,-0.2129370574336043,0.005806622660060102
488.0,-0.2129370574336043,0.005806622660060102
487.0,-0.2129370574336043,0.005806622660060102
486.0,-0.2129370574336043,0.005806622660060102
485.0,-0.2129370574336043,0.005806622660060102
484.0,-0.2129370574336043,0.005806622660060102
483.0,-0.2129370574336043,0.005744442744085324
482.0,-0.2129370574336043,0.005551325520661532
481.0,-0.2129370574336043,0.005260403693649822
480.0,-0.2129370574336043,0.005041515030092571
479.0,-0.2129370574336043,0.004896277140224532
478.0,-0.2129370574336043,0.004787000610726419
477.0,5.954662097676919,0.004787000610726419
476.0,1.41893096352351,0.004787000610726419
475.0,36.42071417927768,0.004787000610726419
474.0,20.04332980233883,0.005015487112996094
473.0,-0.2129370574336043,0.005041515030092571
472.0,-0.2129370574336043,0.005156132663824253
471.0,-0.2129370574336043,0.005551325520661532
470.0,-0.2129370574336043,0.005608722444729679
469.0,-0.2129370574336043,0.005806622660060102
468.0,-0.2129370574336043,0.0059774780849974835
467.0,-0.2129370574336043,0.00631800340991535
466.0,-0.2129370574336043,0.00631800340991535
465.0,-0.2129370574336043,0.00631800340991535
464.0,-0.2129370574336043,0.006459339622544173
463.0,-0.2129370574336043,0.006574088098468632
462.0,0.9844664326011575,0.006574088098468632
461.0,-0.2129370574336043,0.006574088098468632
460.0,-0.2129370574336043,0.006348989657230292
459.0,-0.2129370574336043,0.00631800340991535
458.0,-0.2129370574336043,
457.0,-0.2129370574336043,
456.0,-0.2129370574336043,
455.0,9.691356544204579,
454.0,-0.2129370574336043,
453.0,-0.2129370574336043,
452.0,-0.2129370574336043,
451.0,-0.2129370574336043,
450.0,-0.2129370574336043,
