cm-1,T_ref,A_ref,A_ref_norm
458.879,0.973,0.0118871597316481,0.00631800340991535
459.879,0.973,0.0118871597316481,0.00631800340991535
460.879,0.972,0.012333735073725434,0.006574088098468632
461.879,0.972,0.012333735073725434,0.006574088098468632
462.879,0.972,0.012333735073725434,0.006574088098468632
463.551912,0.972,0.012333735073725434,0.006574088098468632
464.551912,0.973,0.0118871597316481,0.00631800340991535
465.551912,0.973,0.0118871597316481,0.00631800340991535
466.551912,0.973,0.0118871597316481,0.00631800340991535
467.551912,0.973,0.0118871597316481,0.00631800340991535
468.224824,0.975,0.010995384301463193,0.005806622660060102
469.224824,0.975,0.010995384301463193,0.005806622660060102
470.224824,0.976,0.010550182333308194,0.005551325520661532
471.224824,0.976,0.010550182333308194,0.005551325520661532
472.224824,0.978,0.009661145212398569,0.005041515030092571
472.897735,0.978,0.009661145212398569,0.005041515030092571
473.897735,0.978,0.009661145212398569,0.005041515030092571
474.897735,0.979,0.009217308196862183,0.004787000610726419
475.897735,0.979,0.009217308196862183,0.004787000610726419
476.897735,0.979,0.009217308196862183,0.004787000610726419
477.570647,0.979,0.009217308196862183,0.004787000610726419
478.570647,0.979,0.009217308196862183,0.004787000610726419
479.570647,0.978,0.009661145212398569,0.005041515030092571
480.570647,0.978,0.009661145212398569,0.005041515030092571
481.570647,0.976,0.010550182333308194,0.005551325520661532
482.243559,0.976,0.010550182333308194,0.005551325520661532
483.243559,0.975,0.010995384301463193,0.005806622660060102
484.243559,0.975,0.010995384301463193,0.005806622660060102
485.243559,0.975,0.010995384301463193,0.005806622660060102
486.243559,0.975,0.010995384301463193,0.005806622660060102
486.916471,0.975,0.010995384301463193,0.005806622660060102
487.916471,0.975,0.010995384301463193,0.005806622660060102
488.916471,0.975,0.010995384301463193,0.005806622660060102
489.916471,0.975,0.010995384301463193,0.005806622660060102
490.916471,0.975,0.010995384301463193,0.005806622660060102
491.589383,0.975,0.010995384301463193,0.005806622660060102
492.589383,0.975,0.010995384301463193,0.005806622660060102
493.589383,0.975,0.010995384301463193,0.005806622660060102
494.589383,0.973,0.0118871597316481,0.00631800340991535
495.589383,0.973,0.0118871597316481,0.00631800340991535
496.262295,0.973,0.0118871597316481,0.00631800340991535
497.262295,0.973,0.0118871597316481,0.00631800340991535
498.262295,0.973,0.0118871597316481,0.00631800340991535
499.262295,0.973,0.0118871597316481,0.00631800340991535
500.262295,0.971,0.01278077009199515,0.006830436384277449
500.935206,0.971,0.01278077009199515,0.006830436384277449
501.935206,0.971,0.01278077009199515,0.006830436384277449
502.935206,0.969,0.013676222949234687,0.007343925922221134
503.935206,0.969,0.013676222949234687,0.007343925922221134
504.935206,0.969,0.013676222949234687,0.007343925922221134
505.608118,0.969,0.013676222949234687,0.007343925922221134
506.608118,0.968,0.014124642691606348,0.007601068265844987
507.608118,0.966,0.015022873584506673,0.008116150843820112
508.608118,0.966,0.015022873584506673,0.008116150843820112
509.608118,0.966,0.015022873584506673,0.008116150843820112
510.28103,0.965,0.01547268665620745,0.008374092179850575
511.28103,0.963,0.0163737128754655,0.008890777713054692
512.28103,0.963,0.0163737128754655,0.008890777713054692
513.28103,0.963,0.0163737128754655,0.008890777713054692
514.28103,0.962,0.016824927962187056,0.009149523022224992
514.953942,0.962,0.016824927962187056,0.009149523022224992
515.953942,0.962,0.016824927962187056,0.009149523022224992
516.953942,0.962,0.016824927962187056,0.009149523022224992
517.953942,0.963,0.0163737128754655,0.008890777713054692
518.953942,0.963,0.0163737128754655,0.008890777713054692
519.626854,0.965,0.01547268665620745,0.008374092179850575
520.626854,0.965,0.01547268665620745,0.008374092179850575
521.626854,0.966,0.015022873584506673,0.008116150843820112
522.626854,0.966,0.015022873584506673,0.008116150843820112
523.626854,0.966,0.015022873584506673,0.008116150843820112
524.299766,0.966,0.015022873584506673,0.008116150843820112
525.299766,0.966,0.015022873584506673,0.008116150843820112
526.299766,0.966,0.015022873584506673,0.008116150843820112
527.299766,0.965,0.01547268665620745,0.008374092179850575
528.299766,0.965,0.01547268665620745,0.008374092179850575
528.972677,0.965,0.01547268665620745,0.008374092179850575
529.972677,0.965,0.01547268665620745,0.008374092179850575
530.972677,0.965,0.01547268665620745,0.008374092179850575
531.972677,0.965,0.01547268665620745,0.008374092179850575
532.972677,0.965,0.01547268665620745,0.008374092179850575
533.645589,0.965,0.01547268665620745,0.008374092179850575
534.645589,0.965,0.01547268665620745,0.008374092179850575
535.645589,0.965,0.01547268665620745,0.008374092179850575
536.645589,0.965,0.01547268665620745,0.008374092179850575
537.645589,0.965,0.01547268665620745,0.008374092179850575
538.318501,0.965,0.01547268665620745,0.008374092179850575
539.318501,0.966,0.015022873584506673,0.008116150843820112
540.318501,0.966,0.015022873584506673,0.008116150843820112
541.318501,0.966,0.015022873584506673,0.008116150843820112
542.318501,0.965,0.01547268665620745,0.008374092179850575
542.991413,0.965,0.01547268665620745,0.008374092179850575
543.991413,0.965,0.01547268665620745,0.008374092179850575
544.991413,0.963,0.0163737128754655,0.008890777713054692
545.991413,0.963,0.0163737128754655,0.008890777713054692
546.991413,0.963,0.0163737128754655,0.008890777713054692
547.664325,0.962,0.016824927962187056,0.009149523022224992
548.664325,0.962,0.016824927962187056,0.009149523022224992
549.664325,0.962,0.016824927962187056,0.009149523022224992
550.664325,0.962,0.016824927962187056,0.009149523022224992
551.664325,0.962,0.016824927962187056,0.009149523022224992
552.337236,0.962,0.016824927962187056,0.009149523022224992
553.337236,0.963,0.0163737128754655,0.008890777713054692
554.337236,0.963,0.0163737128754655,0.008890777713054692
555.337236,0.965,0.01547268665620745,0.008374092179850575
556.337236,0.965,0.01547268665620745,0.008374092179850575
557.010148,0.966,0.015022873584506673,0.008116150843820112
558.010148,0.966,0.015022873584506673,0.008116150843820112
559.010148,0.968,0.014124642691606348,0.007601068265844987
560.010148,0.969,0.013676222949234687,0.007343925922221134
561.010148,0.969,0.013676222949234687,0.007343925922221134
561.68306,0.971,0.01278077009199515,0.006830436384277449
562.68306,0.971,0.01278077009199515,0.006830436384277449
563.68306,0.972,0.012333735073725434,0.006574088098468632
564.68306,0.972,0.012333735073725434,0.006574088098468632
565.68306,0.973,0.0118871597316481,0.00631800340991535
566.355972,0.973,0.0118871597316481,0.00631800340991535
567.355972,0.973,0.0118871597316481,0.00631800340991535
568.355972,0.973,0.0118871597316481,0.00631800340991535
569.355972,0.975,0.010995384301463193,0.005806622660060102
570.355972,0.975,0.010995384301463193,0.005806622660060102
571.028884,0.975,0.010995384301463193,0.005806622660060102
572.028884,0.975,0.010995384301463193,0.005806622660060102
573.028884,0.976,0.010550182333308194,0.005551325520661532
574.028884,0.976,0.010550182333308194,0.005551325520661532
575.028884,0.976,0.010550182333308194,0.005551325520661532
575.701796,0.978,0.009661145212398569,0.005041515030092571
576.701796,0.978,0.009661145212398569,0.005041515030092571
577.701796,0.978,0.009661145212398569,0.005041515030092571
578.701796,0.978,0.009661145212398569,0.005041515030092571
579.701796,0.976,0.010550182333308194,0.005551325520661532
580.374707,0.976,0.010550182333308194,0.005551325520661532
581.374707,0.975,0.010995384301463193,0.005806622660060102
582.374707,0.975,0.010995384301463193,0.005806622660060102
583.374707,0.973,0.0118871597316481,0.00631800340991535
584.374707,0.973,0.0118871597316481,0.00631800340991535
585.047619,0.973,0.0118871597316481,0.00631800340991535
586.047619,0.973,0.0118871597316481,0.00631800340991535
587.047619,0.972,0.012333735073725434,0.006574088098468632
588.047619,0.971,0.01278077009199515,0.006830436384277449
589.047619,0.969,0.013676222949234687,0.007343925922221134
589.720531,0.969,0.013676222949234687,0.007343925922221134
590.720531,0.968,0.014124642691606348,0.007601068265844987
591.720531,0.965,0.01547268665620745,0.008374092179850575
592.720531,0.963,0.0163737128754655,0.008890777713054692
593.720531,0.962,0.016824927962187056,0.009149523022224992
594.393443,0.96,0.017728766960431606,0.009667821518714042
595.393443,0.959,0.01818139282933642,0.009927375828476125
596.393443,0.958,0.018634490921455603,0.010187200930472763
597.393443,0.956,0.019542107723899943,0.01070766577543824
598.393443,0.947,0.023650020996726605,0.013063312386337633
599.066355,0.929,0.03198428600635821,0.01784252309999685
600.066355,0.908,0.04191415147891488,0.023536716816754514
601.066355,0.908,0.04191415147891488,0.023536716816754514
602.066355,0.929,0.03198428600635821,0.01784252309999685
603.066355,0.942,0.025949097207122657,0.014381697348124386
603.739266,0.94,0.026872146400301365,0.01491101176135411
604.739266,0.939,0.027334407733889104,0.015176091443298442
605.739266,0.936,0.028724151261894745,0.015973027603908566
606.739266,0.934,0.029653123769906618,0.016505738689751692
607.739266,0.934,0.029653123769906618,0.016505738689751692
608.412178,0.933,0.030118356253500032,0.01677252215144416
609.412178,0.932,0.030584087646018616,0.017039591708056523
610.412178,0.933,0.030118356253500032,0.01677252215144416
611.412178,0.934,0.029653123769906618,0.016505738689751692
612.412178,0.936,0.028724151261894745,0.015973027603908566
613.08509,0.936,0.028724151261894745,0.015973027603908566
614.08509,0.936,0.028724151261894745,0.015973027603908566
615.08509,0.939,0.027334407733889104,0.015176091443298442
616.08509,0.942,0.025949097207122657,0.014381697348124386
617.08509,0.945,0.024568191490737076,0.013589829152587496
617.758002,0.943,0.02548830726267165,0.014117461421294405
618.758002,0.9288,0.032077793269482596,0.017896144014764085
619.758002,0.4711,0.3268868957617663,0.1869518219284257
620.758002,0.465,0.33254704711004607,0.19019758576403317
621.758002,0.5749,0.24040769135402518,0.13736108540438147
622.430914,0.9443,0.02489001031383891,0.013774373316403745
623.430914,0.947,0.023650020996726605,0.013063312386337633
624.430914,0.947,0.023650020996726605,0.013063312386337633
625.430914,0.9261,0.03334211579824218,0.01862115861029056
626.430914,0.9141,0.03900629105766396,0.021869229922228436
627.103826,0.903,0.04431224968649419,0.024911885068882922
628.103826,0.885,0.05305672930217457,0.029926329727930495
629.103826,0.874,0.05848856736559697,0.03304116932537182
630.103826,0.856,0.06752623532284678,0.03822374025128628
631.103826,0.838,0.07675598136972352,0.04351645666246468
631.776737,0.8061,0.09361107884716909,0.05318186355208061
632.776737,0.7781,0.10896458468468917,0.06198619596844911
633.776737,0.7631,0.11741854644554875,0.06683404572768678
634.776737,0.7441,0.12836869546244642,0.0731133120381824
635.776737,0.7231,0.14080163846612262,0.08024287347363167
636.449649,0.702,0.15366288787019475,0.08761804343426408
637.449649,0.68,0.16749108729376366,0.09554770234952072
638.449649,0.657,0.1824346304402192,0.10411694527892523
639.449649,0.634,0.1979107421182673,0.11299158493245641
640.449649,0.612,0.2132485778544388,0.12178693146750691
641.122561,0.5891,0.22981097726400673,0.13128449323337749
642.122561,0.5671,0.2463403527140013,0.14076311770109184
643.122561,0.5401,0.2675258227188065,0.15291173849775
644.122561,0.534,0.27245874297144357,0.15574047807991884
645.122561,0.5181,0.2855864077128788,0.16326842156444776
645.795473,0.508,0.29413628771608075,0.1681712747932065
646.795473,0.4979,0.3028578737245405,0.1731725913152466
647.795473,0.446,0.35066514128785814,0.200587246964585
648.795473,0.401,0.39685562737981767,0.22707477354847724
649.795473,0.352,0.45345733652186904,0.2595325241036245
650.468385,0.3031,0.5184140636323777,0.2967813859735092
651.468385,0.303,0.518557371497695,0.2968635646040765
652.468385,0.3608,0.44273347113009587,0.2533830181408345
653.468385,0.355,0.4497716469449059,0.25741899794467854
654.468385,0.349,0.45717457304082015,0.2616641405780281
655.141297,0.345,0.4621809049267259,0.2645349774133824
656.141297,0.342,0.4659738939438649,0.2667100334892995
657.141297,0.343,0.46470587995722945,0.265982902059834
658.141297,0.348,0.45842075605341914,0.2623787532281071
659.141297,0.349,0.45717457304082015,0.2616641405780281
659.814208,0.356,0.44855000202712486,0.25671845644850594
660.814208,0.362,0.4412914294668343,0.252556092076132
661.814208,0.368,0.43415218132648237,0.2484621532392447
662.814208,0.375,0.42596873227228116,0.2437694266041636
663.814208,0.378,0.4225082001627747,0.24178501500774782
664.48712,0.385,0.4145392704914993,0.23721530261951174
665.48712,0.42,0.37675070960209955,0.21554578588976164
666.48712,0.466,0.3316140833099998,0.18966258590699908
667.48712,0.463,0.33441900898204685,0.19127104577807025
668.48712,0.1993,0.7004927012995124,0.40119277376374574
669.160032,0.1341,0.8725712221484011,0.49986968282305966
670.160032,0.0692,1.1598939055432422,0.6646323397785333
671.160032,0.1797,0.7454519228910261,0.42697424258668626
672.160032,0.2737,0.5627252025898763,0.32219121752978713
673.160032,0.2939,0.5318004139273874,0.3044576704056422
673.832944,0.299,0.5243288116755703,0.3001731460368085
674.832944,0.294,0.5316526695878427,0.3043729477180845
675.832944,0.29,0.5376020021010439,0.3077845399404764
676.832944,0.286,0.543633966870957,0.31124351690118834
677.832944,0.281,0.5512936800949201,0.3156359118467793
678.505856,0.28,0.5528419686577808,0.3165237642583487
679.505856,0.28,0.5528419686577808,0.3165237642583487
680.505856,0.281,0.5512936800949201,0.3156359118467793
681.505856,0.29,0.5376020021010439,0.3077845399404764
682.505856,0.299,0.5243288116755703,0.3001731460368085
683.178767,0.306,0.51427857351842,0.29440992566644947
684.178767,0.315,0.5016894462103995,0.2871908017201171
685.178767,0.323,0.4907974776688971,0.28094489848975074
686.178767,0.326,0.48678239993206096,0.27864248759762217
687.178767,0.335,0.47495519296315475,0.2718602801452388
687.851679,0.343,0.46470587995722945,0.265982902059834
688.851679,0.354,0.45099673797421225,0.2581215155830909
689.851679,0.367,0.4353339357479107,0.2491398198823473
690.851679,0.3799,0.42033070644527964,0.24053635045345884
691.851679,0.3949,0.40351286626345584,0.23089230843119374
692.524591,0.411,0.38615817812393083,0.2209404156856691
693.524591,0.429,0.36754270781527576,0.21026553853260124
694.524591,0.445,0.3516399890190684,0.20114626479228814
695.524591,0.462,0.33535802444387447,0.19180951590714243
696.524591,0.479,0.3196644865854368,0.1828101951294153
697.197503,0.495,0.3053948010664313,0.17462736990917513
698.197503,0.51,0.2924298239020636,0.16719271817987622
699.197503,0.5359,0.2709162429563881,0.15485594506000008
700.197503,0.549,0.26042765554990804,0.14884135718137245
701.197503,0.5819,0.23515164280658923,0.13434705075340878
701.870415,0.611,0.21395878975744576,0.1221941962151357
702.870415,0.631,0.19997064075586568,0.11417281562604306
703.870415,0.663,0.17848647159522685,0.10185290843471527
704.870415,0.68,0.16749108729376366,0.09554770234952072
705.870415,0.697,0.1567672219019906,0.08939819638673079
706.543327,0.713,0.14691047014813446,0.08374592908667876
707.543327,0.7389,0.13141433344123435,0.07485980625708823
708.543327,0.752,0.12378215940835775,0.07048320341757187
709.543327,0.761,0.11861534322942717,0.06752033828077629
710.543327,0.7829,0.1062937069352865,0.06045460469554532
711.216238,0.809,0.09205147838772768,0.052287524433252935
712.216238,0.833,0.07935499859321243,0.045006840151006054
713.216238,0.849,0.07109230975604734,0.040268674161734574
714.216238,0.856,0.06752623532284678,0.03822374025128628
715.216238,0.869,0.060980223551333534,0.034469987574355467
715.88915,0.877,0.057000406633959486,0.03218779668794436
716.88915,0.89,0.05060999335508721,0.028523270593345584
717.88915,0.9109,0.040529297924892876,0.022742584768567636
718.88915,0.921,0.03574036980315106,0.019996416203022577
719.88915,0.93,0.03151705144606486,0.017574591565090628
720.562062,0.8149,0.08889568219596405,0.05047786095934472
721.562062,0.7099,0.14880282382583934,0.08483108260172391
722.562062,0.579,0.23732143627256386,0.13559129966642386
723.562062,0.3332,0.47729500726525004,0.2732020260061664
724.562062,0.333,0.47755576649368014,0.27335155608431466
725.234974,0.9578,0.01872516729341111,0.010239198495683935
726.234974,0.958,0.018634490921455603,0.010187200930472763
727.234974,0.955,0.019996628416253676,0.010968306654983872
728.234974,0.946,0.02410886359820726,0.01332643162652802
729.234974,0.943,0.02548830726267165,0.014117461421294405
729.907886,0.939,0.027334407733889104,0.015176091443298442
730.907886,0.936,0.028724151261894745,0.015973027603908566
731.907886,0.933,0.030118356253500032,0.01677252215144416
732.907886,0.932,0.030584087646018616,0.017039591708056523
733.907886,0.93,0.03151705144606486,0.017574591565090628
734.580797,0.929,0.03198428600635821,0.01784252309999685
735.580797,0.929,0.03198428600635821,0.01784252309999685
736.580797,0.927,0.0329202658555029,0.01837925248376757
737.580797,0.927,0.0329202658555029,0.01837925248376757
738.580797,0.926,0.03338901331806565,0.01864805157912769
739.253709,0.926,0.03338901331806565,0.01864805157912769
740.253709,0.926,0.03338901331806565,0.01864805157912769
741.253709,0.924,0.03432802877989328,0.01918652170819989
742.253709,0.923,0.03479829897408793,0.019456194000575074
743.253709,0.921,0.03574036980315106,0.019996416203022577
743.926621,0.923,0.03479829897408793,0.019456194000575074
744.926621,0.937,0.02826040911222171,0.01570709876104943
745.926621,0.946,0.02410886359820726,0.01332643162652802
746.926621,0.958,0.018634490921455603,0.010187200930472763
747.926621,0.96,0.017728766960431606,0.009667821518714042
748.599533,0.963,0.0163737128754655,0.008890777713054692
749.599533,0.965,0.01547268665620745,0.008374092179850575
750.599533,0.968,0.014124642691606348,0.007601068265844987
751.599533,0.969,0.013676222949234687,0.007343925922221134
752.599533,0.973,0.0118871597316481,0.00631800340991535
753.272445,0.976,0.010550182333308194,0.005551325520661532
754.272445,0.978,0.009661145212398569,0.005041515030092571
755.272445,0.979,0.009217308196862183,0.004787000610726419
756.272445,0.981,0.008330992620051497,0.004278750765601333
757.272445,0.982,0.007888512213050338,0.004025014281426623
757.945357,0.982,0.007888512213050338,0.004025014281426623
758.945357,0.984,0.007004901568658488,0.003518315555924071
759.945357,0.984,0.007004901568658488,0.003518315555924071
760.945357,0.985,0.006563769502388273,0.003265352265841406
761.945357,0.986,0.0061230850587887945,0.003012645661028671
762.618268,0.986,0.0061230850587887945,0.003012645661028671
763.618268,0.988,0.005243055412371883,0.002508000427209865
764.618268,0.989,0.004803708402820599,0.002256060762148213
765.618268,0.989,0.004803708402820599,0.002256060762148213
766.618268,0.989,0.004803708402820599,0.002256060762148213
767.29118,0.989,0.004803708402820599,0.002256060762148213
768.29118,0.989,0.004803708402820599,0.002256060762148213
769.29118,0.989,0.004803708402820599,0.002256060762148213
770.29118,0.989,0.004803708402820599,0.002256060762148213
771.29118,0.989,0.004803708402820599,0.002256060762148213
771.964092,0.991,0.0039263455147246756,0.0017529447573524433
772.964092,0.991,0.0039263455147246756,0.0017529447573524433
773.964092,0.991,0.0039263455147246756,0.0017529447573524433
774.964092,0.991,0.0039263455147246756,0.0017529447573524433
775.964092,0.991,0.0039263455147246756,0.0017529447573524433
776.637004,0.991,0.0039263455147246756,0.0017529447573524433
777.637004,0.991,0.0039263455147246756,0.0017529447573524433
778.637004,0.991,0.0039263455147246756,0.0017529447573524433
779.637004,0.991,0.0039263455147246756,0.0017529447573524433
780.637004,0.992,0.0034883278458213473,0.0015017673909529371
781.309916,0.992,0.0034883278458213473,0.0015017673909529371
782.309916,0.991,0.0039263455147246756,0.0017529447573524433
783.309916,0.991,0.0039263455147246756,0.0017529447573524433
784.309916,0.989,0.004803708402820599,0.002256060762148213
785.309916,0.989,0.004803708402820599,0.002256060762148213
785.982828,0.989,0.004803708402820599,0.002256060762148213
786.982828,0.989,0.004803708402820599,0.002256060762148213
787.982828,0.989,0.004803708402820599,0.002256060762148213
788.982828,0.989,0.004803708402820599,0.002256060762148213
789.982828,0.989,0.004803708402820599,0.002256060762148213
790.655739,0.989,0.004803708402820599,0.002256060762148213
791.655739,0.989,0.004803708402820599,0.002256060762148213
792.655739,0.989,0.004803708402820599,0.002256060762148213
793.655739,0.989,0.004803708402820599,0.002256060762148213
794.655739,0.989,0.004803708402820599,0.002256060762148213
795.328651,0.989,0.004803708402820599,0.002256060762148213
796.328651,0.989,0.004803708402820599,0.002256060762148213
797.328651,0.989,0.004803708402820599,0.002256060762148213
798.328651,0.989,0.004803708402820599,0.002256060762148213
799.328651,0.988,0.005243055412371883,0.002508000427209865
800.001563,0.988,0.005243055412371883,0.002508000427209865
801.001563,0.986,0.0061230850587887945,0.003012645661028671
802.001563,0.986,0.0061230850587887945,0.003012645661028671
803.001563,0.986,0.0061230850587887945,0.003012645661028671
804.001563,0.986,0.0061230850587887945,0.003012645661028671
804.674475,0.988,0.005243055412371883,0.002508000427209865
805.674475,0.988,0.005243055412371883,0.002508000427209865
806.674475,0.988,0.005243055412371883,0.002508000427209865
807.674475,0.988,0.005243055412371883,0.002508000427209865
808.674475,0.988,0.005243055412371883,0.002508000427209865
809.347387,0.989,0.004803708402820599,0.002256060762148213
810.347387,0.989,0.004803708402820599,0.002256060762148213
811.347387,0.989,0.004803708402820599,0.002256060762148213
812.347387,0.989,0.004803708402820599,0.002256060762148213
813.347387,0.989,0.004803708402820599,0.002256060762148213
814.020298,0.989,0.004803708402820599,0.002256060762148213
815.020298,0.991,0.0039263455147246756,0.0017529447573524433
816.020298,0.991,0.0039263455147246756,0.0017529447573524433
817.020298,0.991,0.0039263455147246756,0.0017529447573524433
818.020298,0.991,0.0039263455147246756,0.0017529447573524433
818.69321,0.991,0.0039263455147246756,0.0017529447573524433
819.69321,0.991,0.0039263455147246756,0.0017529447573524433
820.69321,0.991,0.0039263455147246756,0.0017529447573524433
821.69321,0.991,0.0039263455147246756,0.0017529447573524433
822.69321,0.991,0.0039263455147246756,0.0017529447573524433
823.366122,0.991,0.0039263455147246756,0.0017529447573524433
824.366122,0.991,0.0039263455147246756,0.0017529447573524433
825.366122,0.991,0.0039263455147246756,0.0017529447573524433
826.366122,0.991,0.0039263455147246756,0.0017529447573524433
827.366122,0.992,0.0034883278458213473,0.0015017673909529371
828.039034,0.992,0.0034883278458213473,0.0015017673909529371
829.039034,0.992,0.0034883278458213473,0.0015017673909529371
830.039034,0.992,0.0034883278458213473,0.0015017673909529371
831.039034,0.991,0.0039263455147246756,0.0017529447573524433
832.039034,0.991,0.0039263455147246756,0.0017529447573524433
832.711946,0.991,0.0039263455147246756,0.0017529447573524433
833.711946,0.992,0.0034883278458213473,0.0015017673909529371
834.711946,0.992,0.0034883278458213473,0.0015017673909529371
835.711946,0.992,0.0034883278458213473,0.0015017673909529371
836.711946,0.992,0.0034883278458213473,0.0015017673909529371
837.384858,0.992,0.0034883278458213473,0.0015017673909529371
838.384858,0.992,0.0034883278458213473,0.0015017673909529371
839.384858,0.992,0.0034883278458213473,0.0015017673909529371
840.384858,0.992,0.0034883278458213473,0.0015017673909529371
841.384858,0.994,0.00261361560268669,0.001000171375116284
842.057769,0.994,0.00261361560268669,0.001000171375116284
843.057769,0.994,0.00261361560268669,0.001000171375116284
844.057769,0.994,0.00261361560268669,0.001000171375116284
845.057769,0.994,0.00261361560268669,0.001000171375116284
846.057769,0.994,0.00261361560268669,0.001000171375116284
846.730681,0.994,0.00261361560268669,0.001000171375116284
847.730681,0.994,0.00261361560268669,0.001000171375116284
848.730681,0.994,0.00261361560268669,0.001000171375116284
849.730681,0.994,0.00261361560268669,0.001000171375116284
850.730681,0.995,0.002176919254274547,0.0007497517082908076
851.403593,0.995,0.002176919254274547,0.0007497517082908076
852.403593,0.994,0.00261361560268669,0.001000171375116284
853.403593,0.994,0.00261361560268669,0.001000171375116284
854.403593,0.994,0.00261361560268669,0.001000171375116284
855.403593,0.994,0.00261361560268669,0.001000171375116284
856.076505,0.994,0.00261361560268669,0.001000171375116284
857.076505,0.994,0.00261361560268669,0.001000171375116284
858.076505,0.994,0.00261361560268669,0.001000171375116284
859.076505,0.995,0.002176919254274547,0.0007497517082908076
860.076505,0.994,0.00261361560268669,0.001000171375116284
860.749417,0.994,0.00261361560268669,0.001000171375116284
861.749417,0.994,0.00261361560268669,0.001000171375116284
862.749417,0.994,0.00261361560268669,0.001000171375116284
863.749417,0.994,0.00261361560268669,0.001000171375116284
864.749417,0.994,0.00261361560268669,0.001000171375116284
865.422328,0.994,0.00261361560268669,0.001000171375116284
866.422328,0.994,0.00261361560268669,0.001000171375116284
867.422328,0.995,0.002176919254274547,0.0007497517082908076
868.422328,0.995,0.002176919254274547,0.0007497517082908076
869.422328,0.995,0.002176919254274547,0.0007497517082908076
870.09524,0.995,0.002176919254274547,0.0007497517082908076
871.09524,0.995,0.002176919254274547,0.0007497517082908076
872.09524,0.995,0.002176919254274547,0.0007497517082908076
873.09524,0.995,0.002176919254274547,0.0007497517082908076
874.09524,0.995,0.002176919254274547,0.0007497517082908076
874.768152,0.995,0.002176919254274547,0.0007497517082908076
875.768152,0.995,0.002176919254274547,0.0007497517082908076
876.768152,0.995,0.002176919254274547,0.0007497517082908076
877.768152,0.995,0.002176919254274547,0.0007497517082908076
878.768152,0.995,0.002176919254274547,0.0007497517082908076
879.441064,0.995,0.002176919254274547,0.0007497517082908076
880.441064,0.995,0.002176919254274547,0.0007497517082908076
881.441064,0.995,0.002176919254274547,0.0007497517082908076
882.441064,0.995,0.002176919254274547,0.0007497517082908076
883.441064,0.995,0.002176919254274547,0.0007497517082908076
884.113976,0.997,0.0013048416883442813,0.00024966652484401835
885.113976,0.997,0.0013048416883442813,0.00024966652484401835
886.113976,0.995,0.002176919254274547,0.0007497517082908076
887.113976,0.995,0.002176919254274547,0.0007497517082908076
888.113976,0.995,0.002176919254274547,0.0007497517082908076
888.786888,0.995,0.002176919254274547,0.0007497517082908076
889.786888,0.995,0.002176919254274547,0.0007497517082908076
890.786888,0.994,0.00261361560268669,0.001000171375116284
891.786888,0.994,0.00261361560268669,0.001000171375116284
892.786888,0.994,0.00261361560268669,0.001000171375116284
893.459799,0.995,0.002176919254274547,0.0007497517082908076
894.459799,0.995,0.002176919254274547,0.0007497517082908076
895.459799,0.995,0.002176919254274547,0.0007497517082908076
896.459799,0.995,0.002176919254274547,0.0007497517082908076
897.459799,0.995,0.002176919254274547,0.0007497517082908076
898.132711,0.997,0.0013048416883442813,0.00024966652484401835
899.132711,0.995,0.002176919254274547,0.0007497517082908076
900.132711,0.995,0.002176919254274547,0.0007497517082908076
901.132711,0.995,0.002176919254274547,0.0007497517082908076
902.132711,0.995,0.002176919254274547,0.0007497517082908076
902.805623,0.995,0.002176919254274547,0.0007497517082908076
903.805623,0.995,0.002176919254274547,0.0007497517082908076
904.805623,0.995,0.002176919254274547,0.0007497517082908076
905.805623,0.997,0.0013048416883442813,0.00024966652484401835
906.805623,0.997,0.0013048416883442813,0.00024966652484401835
907.478535,0.997,0.0013048416883442813,0.00024966652484401835
908.478535,0.998,0.0008694587126288914,0.0
909.478535,0.998,0.0008694587126288914,0.0
910.478535,0.998,0.0008694587126288914,0.0
911.478535,1.0,-0.0,-0.0004985834251344526
912.151447,1.0,-0.0,-0.0004985834251344526
913.151447,1.0,-0.0,-0.0004985834251344526
914.151447,1.0,-0.0,-0.0004985834251344526
915.151447,1.0,-0.0,-0.0004985834251344526
916.151447,1.0,-0.0,-0.0004985834251344526
916.824359,1.0,-0.0,-0.0004985834251344526
917.824359,1.0,-0.0,-0.0004985834251344526
918.824359,1.0,-0.0,-0.0004985834251344526
919.824359,1.0,-0.0,-0.0004985834251344526
920.824359,1.0,-0.0,-0.0004985834251344526
921.49727,1.0,-0.0,-0.0004985834251344526
922.49727,1.0,-0.0,-0.0004985834251344526
923.49727,1.0,-0.0,-0.0004985834251344526
924.49727,1.0,-0.0,-0.0004985834251344526
925.49727,1.0,-0.0,-0.0004985834251344526
926.170182,1.0,-0.0,-0.0004985834251344526
927.170182,1.0,-0.0,-0.0004985834251344526
928.170182,1.0,-0.0,-0.0004985834251344526
929.170182,1.0,-0.0,-0.0004985834251344526
930.170182,1.0,-0.0,-0.0004985834251344526
930.843094,1.0,-0.0,-0.0004985834251344526
931.843094,1.0,-0.0,-0.0004985834251344526
932.843094,1.0,-0.0,-0.0004985834251344526
933.843094,1.0,-0.0,-0.0004985834251344526
934.843094,1.0,-0.0,-0.0004985834251344526
935.516006,1.0,-0.0,-0.0004985834251344526
936.516006,1.0,-0.0,-0.0004985834251344526
937.516006,1.0,-0.0,-0.0004985834251344526
938.516006,1.0,-0.0,-0.0004985834251344526
939.516006,1.0,-0.0,-0.0004985834251344526
940.188918,1.0,-0.0,-0.0004985834251344526
941.188918,1.0,-0.0,-0.0004985834251344526
942.188918,1.0,-0.0,-0.0004985834251344526
943.188918,1.0,-0.0,-0.0004985834251344526
944.188918,1.0,-0.0,-0.0004985834251344526
944.861829,1.0,-0.0,-0.0004985834251344526
945.861829,1.0,-0.0,-0.0004985834251344526
946.861829,1.0,-0.0,-0.0004985834251344526
947.861829,1.0,-0.0,-0.0004985834251344526
948.861829,1.0,-0.0,-0.0004985834251344526
949.534741,1.0,-0.0,-0.0004985834251344526
950.534741,1.0,-0.0,-0.0004985834251344526
951.534741,1.0,-0.0,-0.0004985834251344526
952.534741,1.0,-0.0,-0.0004985834251344526
953.534741,1.0,-0.0,-0.0004985834251344526
954.207653,1.0,-0.0,-0.0004985834251344526
955.207653,1.0,-0.0,-0.0004985834251344526
956.207653,1.0,-0.0,-0.0004985834251344526
957.207653,1.0,-0.0,-0.0004985834251344526
958.207653,1.0,-0.0,-0.0004985834251344526
958.880565,1.0,-0.0,-0.0004985834251344526
959.880565,1.0,-0.0,-0.0004985834251344526
960.880565,1.0,-0.0,-0.0004985834251344526
961.880565,1.0,-0.0,-0.0004985834251344526
962.880565,1.0,-0.0,-0.0004985834251344526
963.553477,1.0,-0.0,-0.0004985834251344526
964.553477,1.0,-0.0,-0.0004985834251344526
965.553477,1.0,-0.0,-0.0004985834251344526
966.553477,1.0,-0.0,-0.0004985834251344526
967.553477,1.0,-0.0,-0.0004985834251344526
968.226389,1.0,-0.0,-0.0004985834251344526
969.226389,1.0,-0.0,-0.0004985834251344526
970.226389,1.0,-0.0,-0.0004985834251344526
971.226389,1.0,-0.0,-0.0004985834251344526
972.226389,1.0,-0.0,-0.0004985834251344526
972.8993,1.0,-0.0,-0.0004985834251344526
973.8993,1.0,-0.0,-0.0004985834251344526
974.8993,1.0,-0.0,-0.0004985834251344526
975.8993,1.0,-0.0,-0.0004985834251344526
976.8993,1.0,-0.0,-0.0004985834251344526
977.572212,1.0,-0.0,-0.0004985834251344526
978.572212,1.0,-0.0,-0.0004985834251344526
979.572212,1.0,-0.0,-0.0004985834251344526
980.572212,1.0,-0.0,-0.0004985834251344526
981.572212,1.0,-0.0,-0.0004985834251344526
982.245124,1.0,-0.0,-0.0004985834251344526
983.245124,1.0,-0.0,-0.0004985834251344526
984.245124,1.0,-0.0,-0.0004985834251344526
985.245124,1.0,-0.0,-0.0004985834251344526
986.245124,1.0,-0.0,-0.0004985834251344526
986.918036,1.0,-0.0,-0.0004985834251344526
987.918036,1.0,-0.0,-0.0004985834251344526
988.918036,1.0,-0.0,-0.0004985834251344526
989.918036,1.0,-0.0,-0.0004985834251344526
990.918036,1.0,-0.0,-0.0004985834251344526
991.590948,1.0,-0.0,-0.0004985834251344526
992.590948,1.0,-0.0,-0.0004985834251344526
993.590948,1.0,-0.0,-0.0004985834251344526
994.590948,1.0,-0.0,-0.0004985834251344526
995.590948,1.0,-0.0,-0.0004985834251344526
996.26386,1.0,-0.0,-0.0004985834251344526
997.26386,1.0,-0.0,-0.0004985834251344526
998.26386,1.0,-0.0,-0.0004985834251344526
999.26386,1.0,-0.0,-0.0004985834251344526
1000.26386,1.0,-0.0,-0.0004985834251344526
1000.936771,1.0,-0.0,-0.0004985834251344526
1001.936771,1.0,-0.0,-0.0004985834251344526
1002.936771,1.0,-0.0,-0.0004985834251344526
1003.936771,1.0,-0.0,-0.0004985834251344526
1004.936771,1.0,-0.0,-0.0004985834251344526
1005.609683,1.0,-0.0,-0.0004985834251344526
1006.609683,1.0,-0.0,-0.0004985834251344526
1007.609683,1.0,-0.0,-0.0004985834251344526
1008.609683,1.0,-0.0,-0.0004985834251344526
1009.609683,1.0,-0.0,-0.0004985834251344526
1010.282595,1.0,-0.0,-0.0004985834251344526
1011.282595,1.0,-0.0,-0.0004985834251344526
1012.282595,1.0,-0.0,-0.0004985834251344526
1013.282595,1.0,-0.0,-0.0004985834251344526
1014.282595,1.0,-0.0,-0.0004985834251344526
1014.955507,1.0,-0.0,-0.0004985834251344526
1015.955507,1.0,-0.0,-0.0004985834251344526
1016.955507,1.0,-0.0,-0.0004985834251344526
1017.955507,1.0,-0.0,-0.0004985834251344526
1018.955507,1.0,-0.0,-0.0004985834251344526
1019.628419,1.0,-0.0,-0.0004985834251344526
1020.628419,1.0,-0.0,-0.0004985834251344526
1021.628419,1.0,-0.0,-0.0004985834251344526
1022.628419,1.0,-0.0,-0.0004985834251344526
1023.628419,1.0,-0.0,-0.0004985834251344526
1024.30133,1.0,-0.0,-0.0004985834251344526
1025.30133,1.0,-0.0,-0.0004985834251344526
1026.30133,1.0,-0.0,-0.0004985834251344526
1027.30133,1.0,-0.0,-0.0004985834251344526
1028.30133,1.0,-0.0,-0.0004985834251344526
1028.974242,1.0,-0.0,-0.0004985834251344526
1029.974242,1.0,-0.0,-0.0004985834251344526
1030.974242,1.0,-0.0,-0.0004985834251344526
1031.974242,1.0,-0.0,-0.0004985834251344526
1032.974242,1.0,-0.0,-0.0004985834251344526
1033.647154,1.0,-0.0,-0.0004985834251344526
1034.647154,1.0,-0.0,-0.0004985834251344526
1035.647154,1.0,-0.0,-0.0004985834251344526
1036.647154,1.0,-0.0,-0.0004985834251344526
1037.647154,1.0,-0.0,-0.0004985834251344526
1038.320066,1.0,-0.0,-0.0004985834251344526
1039.320066,1.0,-0.0,-0.0004985834251344526
1040.320066,1.0,-0.0,-0.0004985834251344526
1041.320066,1.0,-0.0,-0.0004985834251344526
1042.320066,1.0,-0.0,-0.0004985834251344526
1042.992978,1.0,-0.0,-0.0004985834251344526
1043.992978,1.0,-0.0,-0.0004985834251344526
1044.992978,1.0,-0.0,-0.0004985834251344526
1045.992978,1.0,-0.0,-0.0004985834251344526
1046.992978,1.0,-0.0,-0.0004985834251344526
1047.66589,1.0,-0.0,-0.0004985834251344526
1048.66589,1.0,-0.0,-0.0004985834251344526
1049.66589,1.0,-0.0,-0.0004985834251344526
1050.66589,1.0,-0.0,-0.0004985834251344526
1051.66589,1.0,-0.0,-0.0004985834251344526
1052.338801,1.0,-0.0,-0.0004985834251344526
1053.338801,1.0,-0.0,-0.0004985834251344526
1054.338801,1.0,-0.0,-0.0004985834251344526
1055.338801,1.0,-0.0,-0.0004985834251344526
1056.338801,1.0,-0.0,-0.0004985834251344526
1057.011713,1.0,-0.0,-0.0004985834251344526
1058.011713,1.0,-0.0,-0.0004985834251344526
1059.011713,1.0,-0.0,-0.0004985834251344526
1060.011713,1.0,-0.0,-0.0004985834251344526
1061.011713,1.0,-0.0,-0.0004985834251344526
1061.684625,1.0,-0.0,-0.0004985834251344526
1062.684625,1.0,-0.0,-0.0004985834251344526
1063.684625,1.0,-0.0,-0.0004985834251344526
1064.684625,1.0,-0.0,-0.0004985834251344526
1065.684625,1.0,-0.0,-0.0004985834251344526
1066.357537,1.0,-0.0,-0.0004985834251344526
1067.357537,1.0,-0.0,-0.0004985834251344526
1068.357537,1.0,-0.0,-0.0004985834251344526
1069.357537,1.0,-0.0,-0.0004985834251344526
1070.357537,1.0,-0.0,-0.0004985834251344526
1071.030449,1.0,-0.0,-0.0004985834251344526
1072.030449,1.0,-0.0,-0.0004985834251344526
1073.030449,1.0,-0.0,-0.0004985834251344526
1074.030449,1.0,-0.0,-0.0004985834251344526
1075.030449,1.0,-0.0,-0.0004985834251344526
1075.70336,1.0,-0.0,-0.0004985834251344526
1076.70336,1.0,-0.0,-0.0004985834251344526
1077.70336,1.0,-0.0,-0.0004985834251344526
1078.70336,1.0,-0.0,-0.0004985834251344526
1079.70336,1.0,-0.0,-0.0004985834251344526
1080.376272,1.0,-0.0,-0.0004985834251344526
1081.376272,1.0,-0.0,-0.0004985834251344526
1082.376272,1.0,-0.0,-0.0004985834251344526
1083.376272,1.0,-0.0,-0.0004985834251344526
1084.376272,1.0,-0.0,-0.0004985834251344526
1085.049184,1.0,-0.0,-0.0004985834251344526
1086.049184,1.0,-0.0,-0.0004985834251344526
1087.049184,1.0,-0.0,-0.0004985834251344526
1088.049184,1.0,-0.0,-0.0004985834251344526
1089.049184,1.0,-0.0,-0.0004985834251344526
1089.722096,1.0,-0.0,-0.0004985834251344526
1090.722096,1.0,-0.0,-0.0004985834251344526
1091.722096,1.0,-0.0,-0.0004985834251344526
1092.722096,1.0,-0.0,-0.0004985834251344526
1093.722096,1.0,-0.0,-0.0004985834251344526
1094.395008,1.0,-0.0,-0.0004985834251344526
1095.395008,1.0,-0.0,-0.0004985834251344526
1096.395008,1.0,-0.0,-0.0004985834251344526
1097.395008,1.0,-0.0,-0.0004985834251344526
1098.395008,1.0,-0.0,-0.0004985834251344526
1099.06792,1.0,-0.0,-0.0004985834251344526
1100.06792,1.0,-0.0,-0.0004985834251344526
1101.06792,1.0,-0.0,-0.0004985834251344526
1102.06792,1.0,-0.0,-0.0004985834251344526
1103.06792,1.0,-0.0,-0.0004985834251344526
1103.740831,1.0,-0.0,-0.0004985834251344526
1104.740831,1.0,-0.0,-0.0004985834251344526
1105.740831,1.0,-0.0,-0.0004985834251344526
1106.740831,1.0,-0.0,-0.0004985834251344526
1107.740831,1.0,-0.0,-0.0004985834251344526
1108.413743,1.0,-0.0,-0.0004985834251344526
1109.413743,1.0,-0.0,-0.0004985834251344526
1110.413743,1.0,-0.0,-0.0004985834251344526
1111.413743,1.0,-0.0,-0.0004985834251344526
1112.413743,1.0,-0.0,-0.0004985834251344526
1113.086655,1.0,-0.0,-0.0004985834251344526
1114.086655,1.0,-0.0,-0.0004985834251344526
1115.086655,1.0,-0.0,-0.0004985834251344526
1116.086655,1.0,-0.0,-0.0004985834251344526
1117.086655,1.0,-0.0,-0.0004985834251344526
1117.759567,1.0,-0.0,-0.0004985834251344526
1118.759567,1.0,-0.0,-0.0004985834251344526
1119.759567,1.0,-0.0,-0.0004985834251344526
1120.759567,1.0,-0.0,-0.0004985834251344526
1121.759567,1.0,-0.0,-0.0004985834251344526
1122.432479,1.0,-0.0,-0.0004985834251344526
1123.432479,1.0,-0.0,-0.0004985834251344526
1124.432479,1.0,-0.0,-0.0004985834251344526
1125.432479,1.0,-0.0,-0.0004985834251344526
1126.432479,1.0,-0.0,-0.0004985834251344526
1127.105391,1.0,-0.0,-0.0004985834251344526
1128.105391,1.0,-0.0,-0.0004985834251344526
1129.105391,1.0,-0.0,-0.0004985834251344526
1130.105391,1.0,-0.0,-0.0004985834251344526
1131.105391,1.0,-0.0,-0.0004985834251344526
1131.778302,1.0,-0.0,-0.0004985834251344526
1132.778302,1.0,-0.0,-0.0004985834251344526
1133.778302,1.0,-0.0,-0.0004985834251344526
1134.778302,1.0,-0.0,-0.0004985834251344526
1135.778302,1.0,-0.0,-0.0004985834251344526
1136.451214,1.0,-0.0,-0.0004985834251344526
1137.451214,1.0,-0.0,-0.0004985834251344526
1138.451214,1.0,-0.0,-0.0004985834251344526
1139.451214,1.0,-0.0,-0.0004985834251344526
1140.451214,1.0,-0.0,-0.0004985834251344526
1141.124126,1.0,-0.0,-0.0004985834251344526
1142.124126,1.0,-0.0,-0.0004985834251344526
1143.124126,1.0,-0.0,-0.0004985834251344526
1144.124126,1.0,-0.0,-0.0004985834251344526
1145.124126,1.0,-0.0,-0.0004985834251344526
1145.797038,1.0,-0.0,-0.0004985834251344526
1146.797038,1.0,-0.0,-0.0004985834251344526
1147.797038,1.0,-0.0,-0.0004985834251344526
1148.797038,1.0,-0.0,-0.0004985834251344526
1149.797038,1.0,-0.0,-0.0004985834251344526
1150.46995,1.0,-0.0,-0.0004985834251344526
1151.46995,1.0,-0.0,-0.0004985834251344526
1152.46995,1.0,-0.0,-0.0004985834251344526
1153.46995,1.0,-0.0,-0.0004985834251344526
1154.46995,1.0,-0.0,-0.0004985834251344526
1155.142861,1.0,-0.0,-0.0004985834251344526
1156.142861,1.0,-0.0,-0.0004985834251344526
1157.142861,1.0,-0.0,-0.0004985834251344526
1158.142861,1.0,-0.0,-0.0004985834251344526
1159.142861,1.0,-0.0,-0.0004985834251344526
1159.815773,1.0,-0.0,-0.0004985834251344526
1160.815773,1.0,-0.0,-0.0004985834251344526
1161.815773,1.0,-0.0,-0.0004985834251344526
1162.815773,1.0,-0.0,-0.0004985834251344526
1163.815773,1.0,-0.0,-0.0004985834251344526
1164.488685,1.0,-0.0,-0.0004985834251344526
1165.488685,1.0,-0.0,-0.0004985834251344526
1166.488685,1.0,-0.0,-0.0004985834251344526
1167.488685,1.0,-0.0,-0.0004985834251344526
1168.488685,1.0,-0.0,-0.0004985834251344526
1169.161597,1.0,-0.0,-0.0004985834251344526
1170.161597,1.0,-0.0,-0.0004985834251344526
1171.161597,1.0,-0.0,-0.0004985834251344526
1172.161597,1.0,-0.0,-0.0004985834251344526
1173.161597,1.0,-0.0,-0.0004985834251344526
1173.834509,1.0,-0.0,-0.0004985834251344526
1174.834509,1.0,-0.0,-0.0004985834251344526
1175.834509,1.0,-0.0,-0.0004985834251344526
1176.834509,1.0,-0.0,-0.0004985834251344526
1177.834509,1.0,-0.0,-0.0004985834251344526
1178.507421,1.0,-0.0,-0.0004985834251344526
1179.507421,1.0,-0.0,-0.0004985834251344526
1180.507421,1.0,-0.0,-0.0004985834251344526
1181.507421,1.0,-0.0,-0.0004985834251344526
1182.507421,1.0,-0.0,-0.0004985834251344526
1183.180332,1.0,-0.0,-0.0004985834251344526
1184.180332,1.0,-0.0,-0.0004985834251344526
1185.180332,1.0,-0.0,-0.0004985834251344526
1186.180332,1.0,-0.0,-0.0004985834251344526
1187.180332,1.0,-0.0,-0.0004985834251344526
1187.853244,1.0,-0.0,-0.0004985834251344526
1188.853244,1.0,-0.0,-0.0004985834251344526
1189.853244,1.0,-0.0,-0.0004985834251344526
1190.853244,1.0,-0.0,-0.0004985834251344526
1191.853244,1.0,-0.0,-0.0004985834251344526
1192.526156,1.0,-0.0,-0.0004985834251344526
1193.526156,1.0,-0.0,-0.0004985834251344526
1194.526156,1.0,-0.0,-0.0004985834251344526
1195.526156,1.0,-0.0,-0.0004985834251344526
1196.526156,1.0,-0.0,-0.0004985834251344526
1197.199068,1.0,-0.0,-0.0004985834251344526
1198.199068,1.0,-0.0,-0.0004985834251344526
1199.199068,1.0,-0.0,-0.0004985834251344526
1200.199068,1.0,-0.0,-0.0004985834251344526
1201.199068,1.0,-0.0,-0.0004985834251344526
1201.87198,1.0,-0.0,-0.0004985834251344526
1202.87198,1.0,-0.0,-0.0004985834251344526
1203.87198,1.0,-0.0,-0.0004985834251344526
1204.87198,1.0,-0.0,-0.0004985834251344526
1205.87198,1.0,-0.0,-0.0004985834251344526
1206.544891,1.0,-0.0,-0.0004985834251344526
1207.544891,1.0,-0.0,-0.0004985834251344526
1208.544891,1.0,-0.0,-0.0004985834251344526
1209.544891,1.0,-0.0,-0.0004985834251344526
1210.544891,1.0,-0.0,-0.0004985834251344526
1211.217803,1.0,-0.0,-0.0004985834251344526
1212.217803,1.0,-0.0,-0.0004985834251344526
1213.217803,1.0,-0.0,-0.0004985834251344526
1214.217803,1.0,-0.0,-0.0004985834251344526
1215.217803,1.0,-0.0,-0.0004985834251344526
1215.890715,1.0,-0.0,-0.0004985834251344526
1216.890715,1.0,-0.0,-0.0004985834251344526
1217.890715,1.0,-0.0,-0.0004985834251344526
1218.890715,1.0,-0.0,-0.0004985834251344526
1219.890715,1.0,-0.0,-0.0004985834251344526
1220.563627,1.0,-0.0,-0.0004985834251344526
1221.563627,1.0,-0.0,-0.0004985834251344526
1222.563627,1.0,-0.0,-0.0004985834251344526
1223.563627,1.0,-0.0,-0.0004985834251344526
1224.563627,1.0,-0.0,-0.0004985834251344526
1225.236539,1.0,-0.0,-0.0004985834251344526
1226.236539,1.0,-0.0,-0.0004985834251344526
1227.236539,1.0,-0.0,-0.0004985834251344526
1228.236539,1.0,-0.0,-0.0004985834251344526
1229.236539,1.0,-0.0,-0.0004985834251344526
1229.909451,1.0,-0.0,-0.0004985834251344526
1230.909451,1.0,-0.0,-0.0004985834251344526
1231.909451,1.0,-0.0,-0.0004985834251344526
1232.909451,1.0,-0.0,-0.0004985834251344526
1233.909451,1.0,-0.0,-0.0004985834251344526
1234.582362,1.0,-0.0,-0.0004985834251344526
1235.582362,1.0,-0.0,-0.0004985834251344526
1236.582362,1.0,-0.0,-0.0004985834251344526
1237.582362,1.0,-0.0,-0.0004985834251344526
1238.582362,1.0,-0.0,-0.0004985834251344526
1239.255274,1.0,-0.0,-0.0004985834251344526
1240.255274,1.0,-0.0,-0.0004985834251344526
1241.255274,1.0,-0.0,-0.0004985834251344526
1242.255274,1.0,-0.0,-0.0004985834251344526
1243.255274,1.0,-0.0,-0.0004985834251344526
1243.928186,1.0,-0.0,-0.0004985834251344526
1244.928186,1.0,-0.0,-0.0004985834251344526
1245.928186,1.0,-0.0,-0.0004985834251344526
1246.928186,1.0,-0.0,-0.0004985834251344526
1247.928186,1.0,-0.0,-0.0004985834251344526
1248.601098,1.0,-0.0,-0.0004985834251344526
1249.601098,1.0,-0.0,-0.0004985834251344526
1250.601098,1.0,-0.0,-0.0004985834251344526
1251.601098,1.0,-0.0,-0.0004985834251344526
1252.601098,1.0,-0.0,-0.0004985834251344526
1253.27401,1.0,-0.0,-0.0004985834251344526
1254.27401,1.0,-0.0,-0.0004985834251344526
1255.27401,1.0,-0.0,-0.0004985834251344526
1256.27401,1.0,-0.0,-0.0004985834251344526
1257.27401,1.0,-0.0,-0.0004985834251344526
1257.946922,1.0,-0.0,-0.0004985834251344526
1258.946922,1.0,-0.0,-0.0004985834251344526
1259.946922,1.0,-0.0,-0.0004985834251344526
1260.946922,1.0,-0.0,-0.0004985834251344526
1261.946922,1.0,-0.0,-0.0004985834251344526
1262.619833,1.0,-0.0,-0.0004985834251344526
1263.619833,1.0,-0.0,-0.0004985834251344526
1264.619833,1.0,-0.0,-0.0004985834251344526
1265.619833,1.0,-0.0,-0.0004985834251344526
1266.619833,1.0,-0.0,-0.0004985834251344526
1267.292745,1.0,-0.0,-0.0004985834251344526
1268.292745,1.0,-0.0,-0.0004985834251344526
1269.292745,1.0,-0.0,-0.0004985834251344526
1270.292745,1.0,-0.0,-0.0004985834251344526
1271.292745,1.0,-0.0,-0.0004985834251344526
1271.965657,0.998,0.0008694587126288914,0.0
1272.965657,0.998,0.0008694587126288914,0.0
1273.965657,0.998,0.0008694587126288914,0.0
1274.965657,0.998,0.0008694587126288914,0.0
1275.965657,0.998,0.0008694587126288914,0.0
1276.638569,0.998,0.0008694587126288914,0.0
1277.638569,0.998,0.0008694587126288914,0.0
1278.638569,0.998,0.0008694587126288914,0.0
1279.638569,0.998,0.0008694587126288914,0.0
1280.638569,0.997,0.0013048416883442813,0.00024966652484401835
1281.311481,0.997,0.0013048416883442813,0.00024966652484401835
1282.311481,0.997,0.0013048416883442813,0.00024966652484401835
1283.311481,0.997,0.0013048416883442813,0.00024966652484401835
1284.311481,0.997,0.0013048416883442813,0.00024966652484401835
1285.311481,0.997,0.0013048416883442813,0.00024966652484401835
1285.984392,0.997,0.0013048416883442813,0.00024966652484401835
1286.984392,0.997,0.0013048416883442813,0.00024966652484401835
1287.984392,0.997,0.0013048416883442813,0.00024966652484401835
1288.984392,0.995,0.002176919254274547,0.0007497517082908076
1289.984392,0.995,0.002176919254274547,0.0007497517082908076
1290.657304,0.994,0.00261361560268669,0.001000171375116284
1291.657304,0.994,0.00261361560268669,0.001000171375116284
1292.657304,0.994,0.00261361560268669,0.001000171375116284
1293.657304,0.994,0.00261361560268669,0.001000171375116284
1294.657304,0.994,0.00261361560268669,0.001000171375116284
1295.330216,0.994,0.00261361560268669,0.001000171375116284
1296.330216,0.994,0.00261361560268669,0.001000171375116284
1297.330216,0.994,0.00261361560268669,0.001000171375116284
1298.330216,0.994,0.00261361560268669,0.001000171375116284
1299.330216,0.994,0.00261361560268669,0.001000171375116284
1300.003128,0.994,0.00261361560268669,0.001000171375116284
1301.003128,0.994,0.00261361560268669,0.001000171375116284
1302.003128,0.994,0.00261361560268669,0.001000171375116284
1303.003128,0.994,0.00261361560268669,0.001000171375116284
1304.003128,0.994,0.00261361560268669,0.001000171375116284
1304.67604,0.995,0.002176919254274547,0.0007497517082908076
1305.67604,0.995,0.002176919254274547,0.0007497517082908076
1306.67604,0.995,0.002176919254274547,0.0007497517082908076
1307.67604,0.995,0.002176919254274547,0.0007497517082908076
1308.67604,0.995,0.002176919254274547,0.0007497517082908076
1309.348952,0.995,0.002176919254274547,0.0007497517082908076
1310.348952,0.995,0.002176919254274547,0.0007497517082908076
1311.348952,0.995,0.002176919254274547,0.0007497517082908076
1312.348952,0.995,0.002176919254274547,0.0007497517082908076
1313.348952,0.995,0.002176919254274547,0.0007497517082908076
1314.021863,0.994,0.00261361560268669,0.001000171375116284
1315.021863,0.994,0.00261361560268669,0.001000171375116284
1316.021863,0.994,0.00261361560268669,0.001000171375116284
1317.021863,0.992,0.0034883278458213473,0.0015017673909529371
1318.021863,0.994,0.00261361560268669,0.001000171375116284
1318.694775,0.994,0.00261361560268669,0.001000171375116284
1319.694775,0.994,0.00261361560268669,0.001000171375116284
1320.694775,0.994,0.00261361560268669,0.001000171375116284
1321.694775,0.994,0.00261361560268669,0.001000171375116284
1322.694775,0.994,0.00261361560268669,0.001000171375116284
1323.367687,0.994,0.00261361560268669,0.001000171375116284
1324.367687,0.995,0.002176919254274547,0.0007497517082908076
1325.367687,0.995,0.002176919254274547,0.0007497517082908076
1326.367687,0.995,0.002176919254274547,0.0007497517082908076
1327.367687,0.995,0.002176919254274547,0.0007497517082908076
1328.040599,0.995,0.002176919254274547,0.0007497517082908076
1329.040599,0.995,0.002176919254274547,0.0007497517082908076
1330.040599,0.995,0.002176919254274547,0.0007497517082908076
1331.040599,0.995,0.002176919254274547,0.0007497517082908076
1332.040599,0.995,0.002176919254274547,0.0007497517082908076
1332.713511,0.995,0.002176919254274547,0.0007497517082908076
1333.713511,0.995,0.002176919254274547,0.0007497517082908076
1334.713511,0.995,0.002176919254274547,0.0007497517082908076
1335.713511,0.995,0.002176919254274547,0.0007497517082908076
1336.713511,0.995,0.002176919254274547,0.0007497517082908076
1337.386422,0.995,0.002176919254274547,0.0007497517082908076
1338.386422,0.995,0.002176919254274547,0.0007497517082908076
1339.386422,0.995,0.002176919254274547,0.0007497517082908076
1340.386422,0.995,0.002176919254274547,0.0007497517082908076
1341.386422,0.995,0.002176919254274547,0.0007497517082908076
1342.059334,0.995,0.002176919254274547,0.0007497517082908076
1343.059334,0.995,0.002176919254274547,0.0007497517082908076
1344.059334,0.995,0.002176919254274547,0.0007497517082908076
1345.059334,0.995,0.002176919254274547,0.0007497517082908076
1346.059334,0.997,0.0013048416883442813,0.00024966652484401835
1346.732246,0.997,0.0013048416883442813,0.00024966652484401835
1347.732246,0.995,0.002176919254274547,0.0007497517082908076
1348.732246,0.995,0.002176919254274547,0.0007497517082908076
1349.732246,0.994,0.00261361560268669,0.001000171375116284
1350.732246,0.994,0.00261361560268669,0.001000171375116284
1351.405158,0.992,0.0034883278458213473,0.0015017673909529371
1352.405158,0.991,0.0039263455147246756,0.0017529447573524433
1353.405158,0.989,0.004803708402820599,0.002256060762148213
1354.405158,0.988,0.005243055412371883,0.002508000427209865
1355.405158,0.986,0.0061230850587887945,0.003012645661028671
1356.07807,0.986,0.0061230850587887945,0.003012645661028671
1357.07807,0.985,0.006563769502388273,0.003265352265841406
1358.07807,0.985,0.006563769502388273,0.003265352265841406
1359.07807,0.984,0.007004901568658488,0.003518315555924071
1360.07807,0.984,0.007004901568658488,0.003518315555924071
1360.750982,0.984,0.007004901568658488,0.003518315555924071
1361.750982,0.984,0.007004901568658488,0.003518315555924071
1362.750982,0.985,0.006563769502388273,0.003265352265841406
1363.750982,0.985,0.006563769502388273,0.003265352265841406
1364.750982,0.985,0.006563769502388273,0.003265352265841406
1365.423893,0.985,0.006563769502388273,0.003265352265841406
1366.423893,0.986,0.0061230850587887945,0.003012645661028671
1367.423893,0.986,0.0061230850587887945,0.003012645661028671
1368.423893,0.985,0.006563769502388273,0.003265352265841406
1369.423893,0.984,0.007004901568658488,0.003518315555924071
1370.096805,0.982,0.007888512213050338,0.004025014281426623
1371.096805,0.982,0.007888512213050338,0.004025014281426623
1372.096805,0.982,0.007888512213050338,0.004025014281426623
1373.096805,0.981,0.008330992620051497,0.004278750765601333
1374.096805,0.981,0.008330992620051497,0.004278750765601333
1374.769717,0.979,0.009217308196862183,0.004787000610726419
1375.769717,0.979,0.009217308196862183,0.004787000610726419
1376.769717,0.979,0.009217308196862183,0.004787000610726419
1377.769717,0.979,0.009217308196862183,0.004787000610726419
1378.769717,0.978,0.009661145212398569,0.005041515030092571
1379.442629,0.973,0.0118871597316481,0.00631800340991535
1380.442629,0.966,0.015022873584506673,0.008116150843820112
1381.442629,0.963,0.0163737128754655,0.008890777713054692
1382.442629,0.962,0.016824927962187056,0.009149523022224992
1383.442629,0.96,0.017728766960431606,0.009667821518714042
1384.115541,0.962,0.016824927962187056,0.009149523022224992
1385.115541,0.962,0.016824927962187056,0.009149523022224992
1386.115541,0.963,0.0163737128754655,0.008890777713054692
1387.115541,0.966,0.015022873584506673,0.008116150843820112
1388.115541,0.969,0.013676222949234687,0.007343925922221134
1388.788453,0.973,0.0118871597316481,0.00631800340991535
1389.788453,0.979,0.009217308196862183,0.004787000610726419
1390.788453,0.985,0.006563769502388273,0.003265352265841406
1391.788453,0.989,0.004803708402820599,0.002256060762148213
1392.788453,0.989,0.004803708402820599,0.002256060762148213
1393.461364,0.991,0.0039263455147246756,0.0017529447573524433
1394.461364,0.991,0.0039263455147246756,0.0017529447573524433
1395.461364,0.992,0.0034883278458213473,0.0015017673909529371
1396.461364,0.992,0.0034883278458213473,0.0015017673909529371
1397.461364,0.994,0.00261361560268669,0.001000171375116284
1398.134276,0.995,0.002176919254274547,0.0007497517082908076
1399.134276,0.995,0.002176919254274547,0.0007497517082908076
1400.134276,0.995,0.002176919254274547,0.0007497517082908076
1401.134276,0.995,0.002176919254274547,0.0007497517082908076
1402.134276,0.995,0.002176919254274547,0.0007497517082908076
1402.807188,0.995,0.002176919254274547,0.0007497517082908076
1403.807188,0.995,0.002176919254274547,0.0007497517082908076
1404.807188,0.995,0.002176919254274547,0.0007497517082908076
1405.807188,0.994,0.00261361560268669,0.001000171375116284
1406.807188,0.995,0.002176919254274547,0.0007497517082908076
1407.4801,0.995,0.002176919254274547,0.0007497517082908076
1408.4801,0.995,0.002176919254274547,0.0007497517082908076
1409.4801,0.995,0.002176919254274547,0.0007497517082908076
1410.4801,0.995,0.002176919254274547,0.0007497517082908076
1411.4801,0.995,0.002176919254274547,0.0007497517082908076
1412.153012,0.995,0.002176919254274547,0.0007497517082908076
1413.153012,0.997,0.0013048416883442813,0.00024966652484401835
1414.153012,0.997,0.0013048416883442813,0.00024966652484401835
1415.153012,0.997,0.0013048416883442813,0.00024966652484401835
1416.153012,0.998,0.0008694587126288914,0.0
1416.825923,0.998,0.0008694587126288914,0.0
1417.825923,0.997,0.0013048416883442813,0.00024966652484401835
1418.825923,0.997,0.0013048416883442813,0.00024966652484401835
1419.825923,0.995,0.002176919254274547,0.0007497517082908076
1420.825923,0.995,0.002176919254274547,0.0007497517082908076
1421.498835,0.995,0.002176919254274547,0.0007497517082908076
1422.498835,0.995,0.002176919254274547,0.0007497517082908076
1423.498835,0.995,0.002176919254274547,0.0007497517082908076
1424.498835,0.995,0.002176919254274547,0.0007497517082908076
1425.498835,0.995,0.002176919254274547,0.0007497517082908076
1426.171747,0.995,0.002176919254274547,0.0007497517082908076
1427.171747,0.995,0.002176919254274547,0.0007497517082908076
1428.171747,0.995,0.002176919254274547,0.0007497517082908076
1429.171747,0.995,0.002176919254274547,0.0007497517082908076
1430.171747,0.997,0.0013048416883442813,0.00024966652484401835
1430.844659,0.997,0.0013048416883442813,0.00024966652484401835
1431.844659,0.994,0.00261361560268669,0.001000171375116284
1432.844659,0.994,0.00261361560268669,0.001000171375116284
1433.844659,0.992,0.0034883278458213473,0.0015017673909529371
1434.844659,0.992,0.0034883278458213473,0.0015017673909529371
1435.517571,0.992,0.0034883278458213473,0.0015017673909529371
1436.517571,0.991,0.0039263455147246756,0.0017529447573524433
1437.517571,0.991,0.0039263455147246756,0.0017529447573524433
1438.517571,0.992,0.0034883278458213473,0.0015017673909529371
1439.517571,0.992,0.0034883278458213473,0.0015017673909529371
1440.190483,0.992,0.0034883278458213473,0.0015017673909529371
1441.190483,0.992,0.0034883278458213473,0.0015017673909529371
1442.190483,0.992,0.0034883278458213473,0.0015017673909529371
1443.190483,0.992,0.0034883278458213473,0.0015017673909529371
1444.190483,0.992,0.0034883278458213473,0.0015017673909529371
1444.863394,0.992,0.0034883278458213473,0.0015017673909529371
1445.863394,0.992,0.0034883278458213473,0.0015017673909529371
1446.863394,0.992,0.0034883278458213473,0.0015017673909529371
1447.863394,0.992,0.0034883278458213473,0.0015017673909529371
1448.863394,0.992,0.0034883278458213473,0.0015017673909529371
1449.536306,0.992,0.0034883278458213473,0.0015017673909529371
1450.536306,0.991,0.0039263455147246756,0.0017529447573524433
1451.536306,0.991,0.0039263455147246756,0.0017529447573524433
1452.536306,0.991,0.0039263455147246756,0.0017529447573524433
1453.536306,0.989,0.004803708402820599,0.002256060762148213
1454.209218,0.989,0.004803708402820599,0.002256060762148213
1455.209218,0.988,0.005243055412371883,0.002508000427209865
1456.209218,0.988,0.005243055412371883,0.002508000427209865
1457.209218,0.988,0.005243055412371883,0.002508000427209865
1458.209218,0.986,0.0061230850587887945,0.003012645661028671
1458.88213,0.986,0.0061230850587887945,0.003012645661028671
1459.88213,0.986,0.0061230850587887945,0.003012645661028671
1460.88213,0.988,0.005243055412371883,0.002508000427209865
1461.88213,0.988,0.005243055412371883,0.002508000427209865
1462.88213,0.989,0.004803708402820599,0.002256060762148213
1463.555042,0.989,0.004803708402820599,0.002256060762148213
1464.555042,0.989,0.004803708402820599,0.002256060762148213
1465.555042,0.989,0.004803708402820599,0.002256060762148213
1466.555042,0.989,0.004803708402820599,0.002256060762148213
1467.555042,0.991,0.0039263455147246756,0.0017529447573524433
1468.227954,0.991,0.0039263455147246756,0.0017529447573524433
1469.227954,0.991,0.0039263455147246756,0.0017529447573524433
1470.227954,0.991,0.0039263455147246756,0.0017529447573524433
1471.227954,0.991,0.0039263455147246756,0.0017529447573524433
1472.227954,0.991,0.0039263455147246756,0.0017529447573524433
1472.900865,0.991,0.0039263455147246756,0.0017529447573524433
1473.900865,0.991,0.0039263455147246756,0.0017529447573524433
1474.900865,0.991,0.0039263455147246756,0.0017529447573524433
1475.900865,0.991,0.0039263455147246756,0.0017529447573524433
1476.900865,0.992,0.0034883278458213473,0.0015017673909529371
1477.573777,0.991,0.0039263455147246756,0.0017529447573524433
1478.573777,0.989,0.004803708402820599,0.002256060762148213
1479.573777,0.989,0.004803708402820599,0.002256060762148213
1480.573777,0.988,0.005243055412371883,0.002508000427209865
1481.573777,0.986,0.0061230850587887945,0.003012645661028671
1482.246689,0.986,0.0061230850587887945,0.003012645661028671
1483.246689,0.986,0.0061230850587887945,0.003012645661028671
1484.246689,0.986,0.0061230850587887945,0.003012645661028671
1485.246689,0.986,0.0061230850587887945,0.003012645661028671
1486.246689,0.986,0.0061230850587887945,0.003012645661028671
1486.919601,0.986,0.0061230850587887945,0.003012645661028671
1487.919601,0.986,0.0061230850587887945,0.003012645661028671
1488.919601,0.988,0.005243055412371883,0.002508000427209865
1489.919601,0.988,0.005243055412371883,0.002508000427209865
1490.919601,0.989,0.004803708402820599,0.002256060762148213
1491.592513,0.988,0.005243055412371883,0.002508000427209865
1492.592513,0.988,0.005243055412371883,0.002508000427209865
1493.592513,0.988,0.005243055412371883,0.002508000427209865
1494.592513,0.988,0.005243055412371883,0.002508000427209865
1495.592513,0.988,0.005243055412371883,0.002508000427209865
1496.265424,0.988,0.005243055412371883,0.002508000427209865
1497.265424,0.989,0.004803708402820599,0.002256060762148213
1498.265424,0.989,0.004803708402820599,0.002256060762148213
1499.265424,0.989,0.004803708402820599,0.002256060762148213
1500.265424,0.988,0.005243055412371883,0.002508000427209865
1500.938336,0.988,0.005243055412371883,0.002508000427209865
1501.938336,0.988,0.005243055412371883,0.002508000427209865
1502.938336,0.988,0.005243055412371883,0.002508000427209865
1503.938336,0.988,0.005243055412371883,0.002508000427209865
1504.938336,0.988,0.005243055412371883,0.002508000427209865
1505.611248,0.988,0.005243055412371883,0.002508000427209865
1506.611248,0.988,0.005243055412371883,0.002508000427209865
1507.611248,0.989,0.004803708402820599,0.002256060762148213
1508.611248,0.989,0.004803708402820599,0.002256060762148213
1509.611248,0.989,0.004803708402820599,0.002256060762148213
1510.28416,0.991,0.0039263455147246756,0.0017529447573524433
1511.28416,0.989,0.004803708402820599,0.002256060762148213
1512.28416,0.989,0.004803708402820599,0.002256060762148213
1513.28416,0.989,0.004803708402820599,0.002256060762148213
1514.28416,0.988,0.005243055412371883,0.002508000427209865
1514.957072,0.988,0.005243055412371883,0.002508000427209865
1515.957072,0.988,0.005243055412371883,0.002508000427209865
1516.957072,0.988,0.005243055412371883,0.002508000427209865
1517.957072,0.988,0.005243055412371883,0.002508000427209865
1518.957072,0.988,0.005243055412371883,0.002508000427209865
1519.629984,0.986,0.0061230850587887945,0.003012645661028671
1520.629984,0.986,0.0061230850587887945,0.003012645661028671
1521.629984,0.985,0.006563769502388273,0.003265352265841406
1522.629984,0.986,0.0061230850587887945,0.003012645661028671
1523.629984,0.986,0.0061230850587887945,0.003012645661028671
1524.302895,0.986,0.0061230850587887945,0.003012645661028671
1525.302895,0.986,0.0061230850587887945,0.003012645661028671
1526.302895,0.986,0.0061230850587887945,0.003012645661028671
1527.302895,0.988,0.005243055412371883,0.002508000427209865
1528.302895,0.988,0.005243055412371883,0.002508000427209865
1528.975807,0.988,0.005243055412371883,0.002508000427209865
1529.975807,0.988,0.005243055412371883,0.002508000427209865
1530.975807,0.989,0.004803708402820599,0.002256060762148213
1531.975807,0.989,0.004803708402820599,0.002256060762148213
1532.975807,0.989,0.004803708402820599,0.002256060762148213
1533.648719,0.989,0.004803708402820599,0.002256060762148213
1534.648719,0.989,0.004803708402820599,0.002256060762148213
1535.648719,0.988,0.005243055412371883,0.002508000427209865
1536.648719,0.988,0.005243055412371883,0.002508000427209865
1537.648719,0.988,0.005243055412371883,0.002508000427209865
1538.321631,0.988,0.005243055412371883,0.002508000427209865
1539.321631,0.986,0.0061230850587887945,0.003012645661028671
1540.321631,0.986,0.0061230850587887945,0.003012645661028671
1541.321631,0.986,0.0061230850587887945,0.003012645661028671
1542.321631,0.988,0.005243055412371883,0.002508000427209865
1542.994543,0.986,0.0061230850587887945,0.003012645661028671
1543.994543,0.986,0.0061230850587887945,0.003012645661028671
1544.994543,0.986,0.0061230850587887945,0.003012645661028671
1545.994543,0.986,0.0061230850587887945,0.003012645661028671
1546.994543,0.988,0.005243055412371883,0.002508000427209865
1547.667454,0.988,0.005243055412371883,0.002508000427209865
1548.667454,0.988,0.005243055412371883,0.002508000427209865
1549.667454,0.988,0.005243055412371883,0.002508000427209865
1550.667454,0.989,0.004803708402820599,0.002256060762148213
1551.667454,0.991,0.0039263455147246756,0.0017529447573524433
1552.340366,0.991,0.0039263455147246756,0.0017529447573524433
1553.340366,0.991,0.0039263455147246756,0.0017529447573524433
1554.340366,0.991,0.0039263455147246756,0.0017529447573524433
1555.340366,0.989,0.004803708402820599,0.002256060762148213
1556.340366,0.988,0.005243055412371883,0.002508000427209865
1557.013278,0.988,0.005243055412371883,0.002508000427209865
1558.013278,0.988,0.005243055412371883,0.002508000427209865
1559.013278,0.988,0.005243055412371883,0.002508000427209865
1560.013278,0.988,0.005243055412371883,0.002508000427209865
1561.013278,0.988,0.005243055412371883,0.002508000427209865
1561.68619,0.988,0.005243055412371883,0.002508000427209865
1562.68619,0.989,0.004803708402820599,0.002256060762148213
1563.68619,0.988,0.005243055412371883,0.002508000427209865
1564.68619,0.988,0.005243055412371883,0.002508000427209865
1565.68619,0.988,0.005243055412371883,0.002508000427209865
1566.359102,0.989,0.004803708402820599,0.002256060762148213
1567.359102,0.989,0.004803708402820599,0.002256060762148213
1568.359102,0.989,0.004803708402820599,0.002256060762148213
1569.359102,0.989,0.004803708402820599,0.002256060762148213
1570.359102,0.989,0.004803708402820599,0.002256060762148213
1571.032014,0.988,0.005243055412371883,0.002508000427209865
1572.032014,0.988,0.005243055412371883,0.002508000427209865
1573.032014,0.988,0.005243055412371883,0.002508000427209865
1574.032014,0.986,0.0061230850587887945,0.003012645661028671
1575.032014,0.986,0.0061230850587887945,0.003012645661028671
1575.704925,0.988,0.005243055412371883,0.002508000427209865
1576.704925,0.986,0.0061230850587887945,0.003012645661028671
1577.704925,0.986,0.0061230850587887945,0.003012645661028671
1578.704925,0.986,0.0061230850587887945,0.003012645661028671
1579.704925,0.986,0.0061230850587887945,0.003012645661028671
1580.377837,0.986,0.0061230850587887945,0.003012645661028671
1581.377837,0.986,0.0061230850587887945,0.003012645661028671
1582.377837,0.986,0.0061230850587887945,0.003012645661028671
1583.377837,0.988,0.005243055412371883,0.002508000427209865
1584.377837,0.988,0.005243055412371883,0.002508000427209865
1585.050749,0.988,0.005243055412371883,0.002508000427209865
1586.050749,0.989,0.004803708402820599,0.002256060762148213
1587.050749,0.989,0.004803708402820599,0.002256060762148213
1588.050749,0.991,0.0039263455147246756,0.0017529447573524433
1589.050749,0.989,0.004803708402820599,0.002256060762148213
1589.723661,0.989,0.004803708402820599,0.002256060762148213
1590.723661,0.989,0.004803708402820599,0.002256060762148213
1591.723661,0.989,0.004803708402820599,0.002256060762148213
1592.723661,0.991,0.0039263455147246756,0.0017529447573524433
1593.723661,0.989,0.004803708402820599,0.002256060762148213
1594.396573,0.989,0.004803708402820599,0.002256060762148213
1595.396573,0.989,0.004803708402820599,0.002256060762148213
1596.396573,0.989,0.004803708402820599,0.002256060762148213
1597.396573,0.989,0.004803708402820599,0.002256060762148213
1598.396573,0.989,0.004803708402820599,0.002256060762148213
1599.069485,0.989,0.004803708402820599,0.002256060762148213
1600.069485,0.989,0.004803708402820599,0.002256060762148213
1601.069485,0.989,0.004803708402820599,0.002256060762148213
1602.069485,0.989,0.004803708402820599,0.002256060762148213
1603.069485,0.988,0.005243055412371883,0.002508000427209865
1603.742396,0.988,0.005243055412371883,0.002508000427209865
1604.742396,0.989,0.004803708402820599,0.002256060762148213
1605.742396,0.989,0.004803708402820599,0.002256060762148213
1606.742396,0.989,0.004803708402820599,0.002256060762148213
1607.742396,0.989,0.004803708402820599,0.002256060762148213
1608.415308,0.989,0.004803708402820599,0.002256060762148213
1609.415308,0.989,0.004803708402820599,0.002256060762148213
1610.415308,0.989,0.004803708402820599,0.002256060762148213
1611.415308,0.989,0.004803708402820599,0.002256060762148213
1612.415308,0.988,0.005243055412371883,0.002508000427209865
1613.08822,0.988,0.005243055412371883,0.002508000427209865
1614.08822,0.988,0.005243055412371883,0.002508000427209865
1615.08822,0.989,0.004803708402820599,0.002256060762148213
1616.08822,0.989,0.004803708402820599,0.002256060762148213
1617.08822,0.989,0.004803708402820599,0.002256060762148213
1617.761132,0.989,0.004803708402820599,0.002256060762148213
1618.761132,0.989,0.004803708402820599,0.002256060762148213
1619.761132,0.989,0.004803708402820599,0.002256060762148213
1620.761132,0.988,0.005243055412371883,0.002508000427209865
1621.761132,0.986,0.0061230850587887945,0.003012645661028671
1622.434044,0.986,0.0061230850587887945,0.003012645661028671
1623.434044,0.988,0.005243055412371883,0.002508000427209865
1624.434044,0.988,0.005243055412371883,0.002508000427209865
1625.434044,0.989,0.004803708402820599,0.002256060762148213
1626.434044,0.991,0.0039263455147246756,0.0017529447573524433
1627.106955,0.991,0.0039263455147246756,0.0017529447573524433
1628.106955,0.991,0.0039263455147246756,0.0017529447573524433
1629.106955,0.991,0.0039263455147246756,0.0017529447573524433
1630.106955,0.992,0.0034883278458213473,0.0015017673909529371
1631.106955,0.991,0.0039263455147246756,0.0017529447573524433
1631.779867,0.991,0.0039263455147246756,0.0017529447573524433
1632.779867,0.991,0.0039263455147246756,0.0017529447573524433
1633.779867,0.991,0.0039263455147246756,0.0017529447573524433
1634.779867,0.992,0.0034883278458213473,0.0015017673909529371
1635.779867,0.992,0.0034883278458213473,0.0015017673909529371
1636.452779,0.994,0.00261361560268669,0.001000171375116284
1637.452779,0.994,0.00261361560268669,0.001000171375116284
1638.452779,0.994,0.00261361560268669,0.001000171375116284
1639.452779,0.994,0.00261361560268669,0.001000171375116284
1640.452779,0.995,0.002176919254274547,0.0007497517082908076
1641.125691,0.997,0.0013048416883442813,0.00024966652484401835
1642.125691,0.997,0.0013048416883442813,0.00024966652484401835
1643.125691,0.997,0.0013048416883442813,0.00024966652484401835
1644.125691,0.998,0.0008694587126288914,0.0
1645.125691,0.998,0.0008694587126288914,0.0
1645.798603,0.998,0.0008694587126288914,0.0
1646.798603,0.997,0.0013048416883442813,0.00024966652484401835
1647.798603,0.997,0.0013048416883442813,0.00024966652484401835
1648.798603,0.995,0.002176919254274547,0.0007497517082908076
1649.798603,0.995,0.002176919254274547,0.0007497517082908076
1650.471515,0.995,0.002176919254274547,0.0007497517082908076
1651.471515,0.994,0.00261361560268669,0.001000171375116284
1652.471515,0.992,0.0034883278458213473,0.0015017673909529371
1653.471515,0.992,0.0034883278458213473,0.0015017673909529371
1654.471515,0.992,0.0034883278458213473,0.0015017673909529371
1655.144426,0.992,0.0034883278458213473,0.0015017673909529371
1656.144426,0.991,0.0039263455147246756,0.0017529447573524433
1657.144426,0.989,0.004803708402820599,0.002256060762148213
1658.144426,0.989,0.004803708402820599,0.002256060762148213
1659.144426,0.989,0.004803708402820599,0.002256060762148213
1659.817338,0.989,0.004803708402820599,0.002256060762148213
1660.817338,0.989,0.004803708402820599,0.002256060762148213
1661.817338,0.989,0.004803708402820599,0.002256060762148213
1662.817338,0.989,0.004803708402820599,0.002256060762148213
1663.817338,0.989,0.004803708402820599,0.002256060762148213
1664.49025,0.989,0.004803708402820599,0.002256060762148213
1665.49025,0.989,0.004803708402820599,0.002256060762148213
1666.49025,0.989,0.004803708402820599,0.002256060762148213
1667.49025,0.989,0.004803708402820599,0.002256060762148213
1668.49025,0.988,0.005243055412371883,0.002508000427209865
1669.163162,0.988,0.005243055412371883,0.002508000427209865
1670.163162,0.988,0.005243055412371883,0.002508000427209865
1671.163162,0.988,0.005243055412371883,0.002508000427209865
1672.163162,0.988,0.005243055412371883,0.002508000427209865
1673.163162,0.988,0.005243055412371883,0.002508000427209865
1673.836074,0.988,0.005243055412371883,0.002508000427209865
1674.836074,0.988,0.005243055412371883,0.002508000427209865
1675.836074,0.989,0.004803708402820599,0.002256060762148213
1676.836074,0.989,0.004803708402820599,0.002256060762148213
1677.836074,0.988,0.005243055412371883,0.002508000427209865
1678.508985,0.988,0.005243055412371883,0.002508000427209865
1679.508985,0.986,0.0061230850587887945,0.003012645661028671
1680.508985,0.986,0.0061230850587887945,0.003012645661028671
1681.508985,0.991,0.0039263455147246756,0.0017529447573524433
1682.508985,0.992,0.0034883278458213473,0.0015017673909529371
1683.181897,0.992,0.0034883278458213473,0.0015017673909529371
1684.181897,0.992,0.0034883278458213473,0.0015017673909529371
1685.181897,0.992,0.0034883278458213473,0.0015017673909529371
1686.181897,0.991,0.0039263455147246756,0.0017529447573524433
1687.181897,0.991,0.0039263455147246756,0.0017529447573524433
1687.854809,0.989,0.004803708402820599,0.002256060762148213
1688.854809,0.989,0.004803708402820599,0.002256060762148213
1689.854809,0.988,0.005243055412371883,0.002508000427209865
1690.854809,0.986,0.0061230850587887945,0.003012645661028671
1691.854809,0.986,0.0061230850587887945,0.003012645661028671
1692.527721,0.986,0.0061230850587887945,0.003012645661028671
1693.527721,0.986,0.0061230850587887945,0.003012645661028671
1694.527721,0.986,0.0061230850587887945,0.003012645661028671
1695.527721,0.986,0.0061230850587887945,0.003012645661028671
1696.527721,0.986,0.0061230850587887945,0.003012645661028671
1697.200633,0.985,0.006563769502388273,0.003265352265841406
1698.200633,0.985,0.006563769502388273,0.003265352265841406
1699.200633,0.985,0.006563769502388273,0.003265352265841406
1700.200633,0.985,0.006563769502388273,0.003265352265841406
1701.200633,0.985,0.006563769502388273,0.003265352265841406
1701.873545,0.985,0.006563769502388273,0.003265352265841406
1702.873545,0.985,0.006563769502388273,0.003265352265841406
1703.873545,0.985,0.006563769502388273,0.003265352265841406
1704.873545,0.985,0.006563769502388273,0.003265352265841406
1705.873545,0.985,0.006563769502388273,0.003265352265841406
1706.546456,0.985,0.006563769502388273,0.003265352265841406
1707.546456,0.985,0.006563769502388273,0.003265352265841406
1708.546456,0.985,0.006563769502388273,0.003265352265841406
1709.546456,0.986,0.0061230850587887945,0.003012645661028671
1710.546456,0.986,0.0061230850587887945,0.003012645661028671
1711.219368,0.988,0.005243055412371883,0.002508000427209865
1712.219368,0.988,0.005243055412371883,0.002508000427209865
1713.219368,0.986,0.0061230850587887945,0.003012645661028671
1714.219368,0.986,0.0061230850587887945,0.003012645661028671
1715.219368,0.986,0.0061230850587887945,0.003012645661028671
1715.89228,0.986,0.0061230850587887945,0.003012645661028671
1716.89228,0.986,0.0061230850587887945,0.003012645661028671
1717.89228,0.985,0.006563769502388273,0.003265352265841406
1718.89228,0.985,0.006563769502388273,0.003265352265841406
1719.89228,0.985,0.006563769502388273,0.003265352265841406
1720.565192,0.985,0.006563769502388273,0.003265352265841406
1721.565192,0.985,0.006563769502388273,0.003265352265841406
1722.565192,0.984,0.007004901568658488,0.003518315555924071
1723.565192,0.984,0.007004901568658488,0.003518315555924071
1724.565192,0.984,0.007004901568658488,0.003518315555924071
1725.238104,0.984,0.007004901568658488,0.003518315555924071
1726.238104,0.984,0.007004901568658488,0.003518315555924071
1727.238104,0.984,0.007004901568658488,0.003518315555924071
1728.238104,0.984,0.007004901568658488,0.003518315555924071
1729.238104,0.984,0.007004901568658488,0.003518315555924071
1729.911016,0.984,0.007004901568658488,0.003518315555924071
1730.911016,0.984,0.007004901568658488,0.003518315555924071
1731.911016,0.984,0.007004901568658488,0.003518315555924071
1732.911016,0.985,0.006563769502388273,0.003265352265841406
1733.911016,0.985,0.006563769502388273,0.003265352265841406
1734.583927,0.986,0.0061230850587887945,0.003012645661028671
1735.583927,0.986,0.0061230850587887945,0.003012645661028671
1736.583927,0.986,0.0061230850587887945,0.003012645661028671
1737.583927,0.986,0.0061230850587887945,0.003012645661028671
1738.583927,0.986,0.0061230850587887945,0.003012645661028671
1739.256839,0.986,0.0061230850587887945,0.003012645661028671
1740.256839,0.986,0.0061230850587887945,0.003012645661028671
1741.256839,0.985,0.006563769502388273,0.003265352265841406
1742.256839,0.985,0.006563769502388273,0.003265352265841406
1743.256839,0.985,0.006563769502388273,0.003265352265841406
1743.929751,0.984,0.007004901568658488,0.003518315555924071
1744.929751,0.985,0.006563769502388273,0.003265352265841406
1745.929751,0.985,0.006563769502388273,0.003265352265841406
1746.929751,0.985,0.006563769502388273,0.003265352265841406
1747.929751,0.985,0.006563769502388273,0.003265352265841406
1748.602663,0.985,0.006563769502388273,0.003265352265841406
1749.602663,0.985,0.006563769502388273,0.003265352265841406
1750.602663,0.985,0.006563769502388273,0.003265352265841406
1751.602663,0.985,0.006563769502388273,0.003265352265841406
1752.602663,0.985,0.006563769502388273,0.003265352265841406
1753.275575,0.985,0.006563769502388273,0.003265352265841406
1754.275575,0.985,0.006563769502388273,0.003265352265841406
1755.275575,0.985,0.006563769502388273,0.003265352265841406
1756.275575,0.985,0.006563769502388273,0.003265352265841406
1757.275575,0.985,0.006563769502388273,0.003265352265841406
1757.948486,0.985,0.006563769502388273,0.003265352265841406
1758.948486,0.985,0.006563769502388273,0.003265352265841406
1759.948486,0.985,0.006563769502388273,0.003265352265841406
1760.948486,0.985,0.006563769502388273,0.003265352265841406
1761.948486,0.985,0.006563769502388273,0.003265352265841406
1762.621398,0.985,0.006563769502388273,0.003265352265841406
1763.621398,0.985,0.006563769502388273,0.003265352265841406
1764.621398,0.985,0.006563769502388273,0.003265352265841406
1765.621398,0.985,0.006563769502388273,0.003265352265841406
1766.621398,0.986,0.0061230850587887945,0.003012645661028671
1767.29431,0.986,0.0061230850587887945,0.003012645661028671
1768.29431,0.986,0.0061230850587887945,0.003012645661028671
1769.29431,0.986,0.0061230850587887945,0.003012645661028671
1770.29431,0.986,0.0061230850587887945,0.003012645661028671
1771.29431,0.986,0.0061230850587887945,0.003012645661028671
1771.967222,0.986,0.0061230850587887945,0.003012645661028671
1772.967222,0.986,0.0061230850587887945,0.003012645661028671
1773.967222,0.986,0.0061230850587887945,0.003012645661028671
1774.967222,0.986,0.0061230850587887945,0.003012645661028671
1775.967222,0.986,0.0061230850587887945,0.003012645661028671
1776.640134,0.986,0.0061230850587887945,0.003012645661028671
1777.640134,0.986,0.0061230850587887945,0.003012645661028671
1778.640134,0.986,0.0061230850587887945,0.003012645661028671
1779.640134,0.986,0.0061230850587887945,0.003012645661028671
1780.640134,0.986,0.0061230850587887945,0.003012645661028671
1781.313046,0.985,0.006563769502388273,0.003265352265841406
1782.313046,0.986,0.0061230850587887945,0.003012645661028671
1783.313046,0.986,0.0061230850587887945,0.003012645661028671
1784.313046,0.986,0.0061230850587887945,0.003012645661028671
1785.313046,0.986,0.0061230850587887945,0.003012645661028671
1785.985957,0.986,0.0061230850587887945,0.003012645661028671
1786.985957,0.986,0.0061230850587887945,0.003012645661028671
1787.985957,0.986,0.0061230850587887945,0.003012645661028671
1788.985957,0.986,0.0061230850587887945,0.003012645661028671
1789.985957,0.986,0.0061230850587887945,0.003012645661028671
1790.658869,0.986,0.0061230850587887945,0.003012645661028671
1791.658869,0.986,0.0061230850587887945,0.003012645661028671
1792.658869,0.986,0.0061230850587887945,0.003012645661028671
1793.658869,0.986,0.0061230850587887945,0.003012645661028671
1794.658869,0.986,0.0061230850587887945,0.003012645661028671
1795.331781,0.986,0.0061230850587887945,0.003012645661028671
1796.331781,0.986,0.0061230850587887945,0.003012645661028671
1797.331781,0.986,0.0061230850587887945,0.003012645661028671
1798.331781,0.986,0.0061230850587887945,0.003012645661028671
1799.331781,0.986,0.0061230850587887945,0.003012645661028671
1800.004693,0.986,0.0061230850587887945,0.003012645661028671
1801.004693,0.986,0.0061230850587887945,0.003012645661028671
1802.004693,0.986,0.0061230850587887945,0.003012645661028671
1803.004693,0.986,0.0061230850587887945,0.003012645661028671
1804.004693,0.986,0.0061230850587887945,0.003012645661028671
1804.677605,0.986,0.0061230850587887945,0.003012645661028671
1805.677605,0.988,0.005243055412371883,0.002508000427209865
1806.677605,0.988,0.005243055412371883,0.002508000427209865
1807.677605,0.988,0.005243055412371883,0.002508000427209865
1808.677605,0.988,0.005243055412371883,0.002508000427209865
1809.350516,0.988,0.005243055412371883,0.002508000427209865
1810.350516,0.988,0.005243055412371883,0.002508000427209865
1811.350516,0.988,0.005243055412371883,0.002508000427209865
1812.350516,0.988,0.005243055412371883,0.002508000427209865
1813.350516,0.988,0.005243055412371883,0.002508000427209865
1814.023428,0.988,0.005243055412371883,0.002508000427209865
1815.023428,0.988,0.005243055412371883,0.002508000427209865
1816.023428,0.988,0.005243055412371883,0.002508000427209865
1817.023428,0.988,0.005243055412371883,0.002508000427209865
1818.023428,0.988,0.005243055412371883,0.002508000427209865
1818.69634,0.988,0.005243055412371883,0.002508000427209865
1819.69634,0.988,0.005243055412371883,0.002508000427209865
1820.69634,0.988,0.005243055412371883,0.002508000427209865
1821.69634,0.988,0.005243055412371883,0.002508000427209865
1822.69634,0.988,0.005243055412371883,0.002508000427209865
1823.369252,0.988,0.005243055412371883,0.002508000427209865
1824.369252,0.988,0.005243055412371883,0.002508000427209865
1825.369252,0.988,0.005243055412371883,0.002508000427209865
1826.369252,0.988,0.005243055412371883,0.002508000427209865
1827.369252,0.988,0.005243055412371883,0.002508000427209865
1828.042164,0.988,0.005243055412371883,0.002508000427209865
1829.042164,0.988,0.005243055412371883,0.002508000427209865
1830.042164,0.988,0.005243055412371883,0.002508000427209865
1831.042164,0.988,0.005243055412371883,0.002508000427209865
1832.042164,0.988,0.005243055412371883,0.002508000427209865
1832.715076,0.988,0.005243055412371883,0.002508000427209865
1833.715076,0.988,0.005243055412371883,0.002508000427209865
1834.715076,0.988,0.005243055412371883,0.002508000427209865
1835.715076,0.988,0.005243055412371883,0.002508000427209865
1836.715076,0.988,0.005243055412371883,0.002508000427209865
1837.387987,0.988,0.005243055412371883,0.002508000427209865
1838.387987,0.988,0.005243055412371883,0.002508000427209865
1839.387987,0.988,0.005243055412371883,0.002508000427209865
1840.387987,0.988,0.005243055412371883,0.002508000427209865
1841.387987,0.988,0.005243055412371883,0.002508000427209865
1842.060899,0.988,0.005243055412371883,0.002508000427209865
1843.060899,0.988,0.005243055412371883,0.002508000427209865
1844.060899,0.988,0.005243055412371883,0.002508000427209865
1845.060899,0.988,0.005243055412371883,0.002508000427209865
1846.060899,0.988,0.005243055412371883,0.002508000427209865
1846.733811,0.988,0.005243055412371883,0.002508000427209865
1847.733811,0.988,0.005243055412371883,0.002508000427209865
1848.733811,0.988,0.005243055412371883,0.002508000427209865
1849.733811,0.988,0.005243055412371883,0.002508000427209865
1850.733811,0.988,0.005243055412371883,0.002508000427209865
1851.406723,0.988,0.005243055412371883,0.002508000427209865
1852.406723,0.988,0.005243055412371883,0.002508000427209865
1853.406723,0.988,0.005243055412371883,0.002508000427209865
1854.406723,0.988,0.005243055412371883,0.002508000427209865
1855.406723,0.988,0.005243055412371883,0.002508000427209865
1856.079635,0.988,0.005243055412371883,0.002508000427209865
1857.079635,0.988,0.005243055412371883,0.002508000427209865
1858.079635,0.988,0.005243055412371883,0.002508000427209865
1859.079635,0.988,0.005243055412371883,0.002508000427209865
1860.079635,0.988,0.005243055412371883,0.002508000427209865
1860.752547,0.988,0.005243055412371883,0.002508000427209865
1861.752547,0.988,0.005243055412371883,0.002508000427209865
1862.752547,0.988,0.005243055412371883,0.002508000427209865
1863.752547,0.988,0.005243055412371883,0.002508000427209865
1864.752547,0.988,0.005243055412371883,0.002508000427209865
1865.425458,0.986,0.0061230850587887945,0.003012645661028671
1866.425458,0.986,0.0061230850587887945,0.003012645661028671
1867.425458,0.986,0.0061230850587887945,0.003012645661028671
1868.425458,0.986,0.0061230850587887945,0.003012645661028671
1869.425458,0.986,0.0061230850587887945,0.003012645661028671
1870.09837,0.986,0.0061230850587887945,0.003012645661028671
1871.09837,0.986,0.0061230850587887945,0.003012645661028671
1872.09837,0.986,0.0061230850587887945,0.003012645661028671
1873.09837,0.986,0.0061230850587887945,0.003012645661028671
1874.09837,0.986,0.0061230850587887945,0.003012645661028671
1874.771282,0.986,0.0061230850587887945,0.003012645661028671
1875.771282,0.986,0.0061230850587887945,0.003012645661028671
1876.771282,0.986,0.0061230850587887945,0.003012645661028671
1877.771282,0.986,0.0061230850587887945,0.003012645661028671
1878.771282,0.986,0.0061230850587887945,0.003012645661028671
1879.444194,0.986,0.0061230850587887945,0.003012645661028671
1880.444194,0.986,0.0061230850587887945,0.003012645661028671
1881.444194,0.986,0.0061230850587887945,0.003012645661028671
1882.444194,0.986,0.0061230850587887945,0.003012645661028671
1883.444194,0.986,0.0061230850587887945,0.003012645661028671
1884.117106,0.986,0.0061230850587887945,0.003012645661028671
1885.117106,0.986,0.0061230850587887945,0.003012645661028671
1886.117106,0.986,0.0061230850587887945,0.003012645661028671
1887.117106,0.986,0.0061230850587887945,0.003012645661028671
1888.117106,0.986,0.0061230850587887945,0.003012645661028671
1888.790017,0.986,0.0061230850587887945,0.003012645661028671
1889.790017,0.986,0.0061230850587887945,0.003012645661028671
1890.790017,0.986,0.0061230850587887945,0.003012645661028671
1891.790017,0.986,0.0061230850587887945,0.003012645661028671
1892.790017,0.986,0.0061230850587887945,0.003012645661028671
1893.462929,0.986,0.0061230850587887945,0.003012645661028671
1894.462929,0.986,0.0061230850587887945,0.003012645661028671
1895.462929,0.986,0.0061230850587887945,0.003012645661028671
1896.462929,0.986,0.0061230850587887945,0.003012645661028671
1897.462929,0.986,0.0061230850587887945,0.003012645661028671
1898.135841,0.986,0.0061230850587887945,0.003012645661028671
1899.135841,0.986,0.0061230850587887945,0.003012645661028671
1900.135841,0.986,0.0061230850587887945,0.003012645661028671
1901.135841,0.986,0.0061230850587887945,0.003012645661028671
1902.135841,0.986,0.0061230850587887945,0.003012645661028671
1902.808753,0.986,0.0061230850587887945,0.003012645661028671
1903.808753,0.986,0.0061230850587887945,0.003012645661028671
1904.808753,0.988,0.005243055412371883,0.002508000427209865
1905.808753,0.988,0.005243055412371883,0.002508000427209865
1906.808753,0.988,0.005243055412371883,0.002508000427209865
1907.481665,0.986,0.0061230850587887945,0.003012645661028671
1908.481665,0.986,0.0061230850587887945,0.003012645661028671
1909.481665,0.986,0.0061230850587887945,0.003012645661028671
1910.481665,0.986,0.0061230850587887945,0.003012645661028671
1911.481665,0.986,0.0061230850587887945,0.003012645661028671
1912.154577,0.986,0.0061230850587887945,0.003012645661028671
1913.154577,0.986,0.0061230850587887945,0.003012645661028671
1914.154577,0.986,0.0061230850587887945,0.003012645661028671
1915.154577,0.986,0.0061230850587887945,0.003012645661028671
1916.154577,0.986,0.0061230850587887945,0.003012645661028671
1916.827488,0.986,0.0061230850587887945,0.003012645661028671
1917.827488,0.986,0.0061230850587887945,0.003012645661028671
1918.827488,0.986,0.0061230850587887945,0.003012645661028671
1919.827488,0.988,0.005243055412371883,0.002508000427209865
1920.827488,0.988,0.005243055412371883,0.002508000427209865
1921.5004,0.988,0.005243055412371883,0.002508000427209865
1922.5004,0.988,0.005243055412371883,0.002508000427209865
1923.5004,0.988,0.005243055412371883,0.002508000427209865
1924.5004,0.988,0.005243055412371883,0.002508000427209865
1925.5004,0.988,0.005243055412371883,0.002508000427209865
1926.173312,0.988,0.005243055412371883,0.002508000427209865
1927.173312,0.988,0.005243055412371883,0.002508000427209865
1928.173312,0.988,0.005243055412371883,0.002508000427209865
1929.173312,0.988,0.005243055412371883,0.002508000427209865
1930.173312,0.988,0.005243055412371883,0.002508000427209865
1930.846224,0.988,0.005243055412371883,0.002508000427209865
1931.846224,0.988,0.005243055412371883,0.002508000427209865
1932.846224,0.988,0.005243055412371883,0.002508000427209865
1933.846224,0.988,0.005243055412371883,0.002508000427209865
1934.846224,0.988,0.005243055412371883,0.002508000427209865
1935.519136,0.988,0.005243055412371883,0.002508000427209865
1936.519136,0.988,0.005243055412371883,0.002508000427209865
1937.519136,0.986,0.0061230850587887945,0.003012645661028671
1938.519136,0.986,0.0061230850587887945,0.003012645661028671
1939.519136,0.986,0.0061230850587887945,0.003012645661028671
1940.192047,0.986,0.0061230850587887945,0.003012645661028671
1941.192047,0.986,0.0061230850587887945,0.003012645661028671
1942.192047,0.985,0.006563769502388273,0.003265352265841406
1943.192047,0.984,0.007004901568658488,0.003518315555924071
1944.192047,0.984,0.007004901568658488,0.003518315555924071
1944.864959,0.984,0.007004901568658488,0.003518315555924071
1945.864959,0.984,0.007004901568658488,0.003518315555924071
1946.864959,0.984,0.007004901568658488,0.003518315555924071
1947.864959,0.984,0.007004901568658488,0.003518315555924071
1948.864959,0.985,0.006563769502388273,0.003265352265841406
1949.537871,0.985,0.006563769502388273,0.003265352265841406
1950.537871,0.985,0.006563769502388273,0.003265352265841406
1951.537871,0.985,0.006563769502388273,0.003265352265841406
1952.537871,0.985,0.006563769502388273,0.003265352265841406
1953.537871,0.984,0.007004901568658488,0.003518315555924071
1954.210783,0.982,0.007888512213050338,0.004025014281426623
1955.210783,0.979,0.009217308196862183,0.004787000610726419
1956.210783,0.978,0.009661145212398569,0.005041515030092571
1957.210783,0.978,0.009661145212398569,0.005041515030092571
1958.210783,0.979,0.009217308196862183,0.004787000610726419
1958.883695,0.984,0.007004901568658488,0.003518315555924071
1959.883695,0.986,0.0061230850587887945,0.003012645661028671
1960.883695,0.988,0.005243055412371883,0.002508000427209865
1961.883695,0.988,0.005243055412371883,0.002508000427209865
1962.883695,0.986,0.0061230850587887945,0.003012645661028671
1963.556607,0.988,0.005243055412371883,0.002508000427209865
1964.556607,0.988,0.005243055412371883,0.002508000427209865
1965.556607,0.989,0.004803708402820599,0.002256060762148213
1966.556607,0.989,0.004803708402820599,0.002256060762148213
1967.556607,0.989,0.004803708402820599,0.002256060762148213
1968.229518,0.989,0.004803708402820599,0.002256060762148213
1969.229518,0.989,0.004803708402820599,0.002256060762148213
1970.229518,0.988,0.005243055412371883,0.002508000427209865
1971.229518,0.989,0.004803708402820599,0.002256060762148213
1972.229518,0.989,0.004803708402820599,0.002256060762148213
1972.90243,0.989,0.004803708402820599,0.002256060762148213
1973.90243,0.989,0.004803708402820599,0.002256060762148213
1974.90243,0.989,0.004803708402820599,0.002256060762148213
1975.90243,0.991,0.0039263455147246756,0.0017529447573524433
1976.90243,0.991,0.0039263455147246756,0.0017529447573524433
1977.575342,0.989,0.004803708402820599,0.002256060762148213
1978.575342,0.989,0.004803708402820599,0.002256060762148213
1979.575342,0.989,0.004803708402820599,0.002256060762148213
1980.575342,0.989,0.004803708402820599,0.002256060762148213
1981.575342,0.989,0.004803708402820599,0.002256060762148213
1982.248254,0.989,0.004803708402820599,0.002256060762148213
1983.248254,0.989,0.004803708402820599,0.002256060762148213
1984.248254,0.989,0.004803708402820599,0.002256060762148213
1985.248254,0.989,0.004803708402820599,0.002256060762148213
1986.248254,0.989,0.004803708402820599,0.002256060762148213
1986.921166,0.989,0.004803708402820599,0.002256060762148213
1987.921166,0.989,0.004803708402820599,0.002256060762148213
1988.921166,0.989,0.004803708402820599,0.002256060762148213
1989.921166,0.989,0.004803708402820599,0.002256060762148213
1990.921166,0.989,0.004803708402820599,0.002256060762148213
1991.594078,0.989,0.004803708402820599,0.002256060762148213
1992.594078,0.989,0.004803708402820599,0.002256060762148213
1993.594078,0.989,0.004803708402820599,0.002256060762148213
1994.594078,0.989,0.004803708402820599,0.002256060762148213
1995.594078,0.989,0.004803708402820599,0.002256060762148213
1996.266989,0.989,0.004803708402820599,0.002256060762148213
1997.266989,0.989,0.004803708402820599,0.002256060762148213
1998.266989,0.989,0.004803708402820599,0.002256060762148213
1999.266989,0.989,0.004803708402820599,0.002256060762148213
2000.266989,0.989,0.004803708402820599,0.002256060762148213
2000.939901,0.989,0.004803708402820599,0.002256060762148213
2001.939901,0.989,0.004803708402820599,0.002256060762148213
2002.939901,0.989,0.004803708402820599,0.002256060762148213
2003.939901,0.989,0.004803708402820599,0.002256060762148213
2004.939901,0.989,0.004803708402820599,0.002256060762148213
2005.612813,0.989,0.004803708402820599,0.002256060762148213
2006.612813,0.989,0.004803708402820599,0.002256060762148213
2007.612813,0.989,0.004803708402820599,0.002256060762148213
2008.612813,0.989,0.004803708402820599,0.002256060762148213
2009.612813,0.989,0.004803708402820599,0.002256060762148213
2010.285725,0.989,0.004803708402820599,0.002256060762148213
2011.285725,0.989,0.004803708402820599,0.002256060762148213
2012.285725,0.989,0.004803708402820599,0.002256060762148213
2013.285725,0.989,0.004803708402820599,0.002256060762148213
2014.285725,0.989,0.004803708402820599,0.002256060762148213
2014.958637,0.989,0.004803708402820599,0.002256060762148213
2015.958637,0.989,0.004803708402820599,0.002256060762148213
2016.958637,0.989,0.004803708402820599,0.002256060762148213
2017.958637,0.989,0.004803708402820599,0.002256060762148213
2018.958637,0.989,0.004803708402820599,0.002256060762148213
2019.631548,0.989,0.004803708402820599,0.002256060762148213
2020.631548,0.989,0.004803708402820599,0.002256060762148213
2021.631548,0.989,0.004803708402820599,0.002256060762148213
2022.631548,0.989,0.004803708402820599,0.002256060762148213
2023.631548,0.989,0.004803708402820599,0.002256060762148213
2024.30446,0.989,0.004803708402820599,0.002256060762148213
2025.30446,0.989,0.004803708402820599,0.002256060762148213
2026.30446,0.989,0.004803708402820599,0.002256060762148213
2027.30446,0.989,0.004803708402820599,0.002256060762148213
2028.30446,0.989,0.004803708402820599,0.002256060762148213
2028.977372,0.989,0.004803708402820599,0.002256060762148213
2029.977372,0.989,0.004803708402820599,0.002256060762148213
2030.977372,0.989,0.004803708402820599,0.002256060762148213
2031.977372,0.989,0.004803708402820599,0.002256060762148213
2032.977372,0.9886,0.004979393875242006,0.0023568060457527453
2033.650284,0.9881,0.005199100705396131,0.0024827949884277415
2034.650284,0.988,0.005243055412371883,0.002508000427209865
2035.650284,0.988,0.005243055412371883,0.002508000427209865
2036.650284,0.988,0.005243055412371883,0.002508000427209865
2037.650284,0.988,0.005243055412371883,0.002508000427209865
2038.323196,0.988,0.005243055412371883,0.002508000427209865
2039.323196,0.988,0.005243055412371883,0.002508000427209865
2040.323196,0.988,0.005243055412371883,0.002508000427209865
2041.323196,0.988,0.005243055412371883,0.002508000427209865
2042.323196,0.9873,0.005550862985964013,0.0026845099636545167
2042.996108,0.9863,0.005990966876386762,0.0029368836553718717
2043.996108,0.986,0.0061230850587887945,0.003012645661028671
2044.996108,0.986,0.0061230850587887945,0.003012645661028671
2045.996108,0.986,0.0061230850587887945,0.003012645661028671
2046.996108,0.986,0.0061230850587887945,0.003012645661028671
2047.669019,0.986,0.0061230850587887945,0.003012645661028671
2048.669019,0.986,0.0061230850587887945,0.003012645661028671
2049.669019,0.986,0.0061230850587887945,0.003012645661028671
2050.669019,0.986,0.0061230850587887945,0.003012645661028671
2051.669019,0.986,0.0061230850587887945,0.003012645661028671
2052.341931,0.986,0.0061230850587887945,0.003012645661028671
2053.341931,0.9857,0.006255243445537667,0.0030884307215133327
2054.341931,0.9852,0.006475596832934416,0.0032147904267327606
2055.341931,0.985,0.006563769502388273,0.003265352265841406
2056.341931,0.985,0.006563769502388273,0.003265352265841406
2057.014843,0.985,0.006563769502388273,0.003265352265841406
2058.014843,0.985,0.006563769502388273,0.003265352265841406
2059.014843,0.985,0.006563769502388273,0.003265352265841406
2060.014843,0.985,0.006563769502388273,0.003265352265841406
2061.014843,0.9853,0.00643151721027255,0.003189513356152909
2061.687755,0.9858,0.006211186181294638,0.0030631664721714334
2062.687755,0.986,0.0061230850587887945,0.003012645661028671
2063.687755,0.986,0.0061230850587887945,0.003012645661028671
2064.687755,0.986,0.0061230850587887945,0.003012645661028671
2065.687755,0.986,0.0061230850587887945,0.003012645661028671
2066.360667,0.986,0.0061230850587887945,0.003012645661028671
2067.360667,0.986,0.0061230850587887945,0.003012645661028671
2068.360667,0.9868,0.005770859182301572,0.00281066484081353
2069.360667,0.9883,0.005111204635089385,0.0024323917626588127
2070.360667,0.989,0.004803708402820599,0.002256060762148213
2071.033579,0.989,0.004803708402820599,0.002256060762148213
2072.033579,0.9887,0.004935465843858455,0.0023316159038535376
2073.033579,0.9882,0.005155150446602036,0.00245759210041613
2074.033579,0.988,0.005243055412371883,0.002508000427209865
2075.033579,0.988,0.005243055412371883,0.002508000427209865
2075.70649,0.9875,0.005462895701502138,0.0026340659007568477
2076.70649,0.9865,0.005902910411789988,0.002886388452912926
2077.70649,0.986,0.0061230850587887945,0.003012645661028671
2078.70649,0.986,0.0061230850587887945,0.003012645661028671
2079.70649,0.9851,0.006519680930003503,0.0032400700631219433
2080.379402,0.9831,0.007402303897961764,0.003746202414290636
2081.379402,0.9818,0.007976972236149375,0.004075740900946986
2082.379402,0.9813,0.008198201155355956,0.00420260267215554
2083.379402,0.9817,0.008021209005416367,0.004101108085860611
2084.379402,0.9832,0.007358130121602345,0.0037208713521039
2085.052314,0.9844,0.006828394969235067,0.003417099404287292
2086.052314,0.9854,0.00638744206110967,0.0031642388508615693
2087.052314,0.9864,0.005946936412324747,0.0029116347743572434
2088.052314,0.9874,0.005506877116487644,0.0026592866550114464
2089.052314,0.988,0.005243055412371883,0.002508000427209865
2089.725226,0.988,0.005243055412371883,0.002508000427209865
2090.725226,0.988,0.005243055412371883,0.002508000427209865
2091.725226,0.988,0.005243055412371883,0.002508000427209865
2092.725226,0.988,0.005243055412371883,0.002508000427209865
2093.725226,0.988,0.005243055412371883,0.002508000427209865
2094.398138,0.9882,0.005155150446602036,0.00245759210041613
2095.398138,0.9887,0.004935465843858455,0.0023316159038535376
2096.398138,0.989,0.004803708402820599,0.002256060762148213
2097.398138,0.989,0.004803708402820599,0.002256060762148213
2098.398138,0.9893,0.004671990922590423,0.0021805285356153686
2099.071049,0.9903,0.004233220950026049,0.0019289197673210776
2100.071049,0.991,0.0039263455147246756,0.0017529447573524433
2101.071049,0.991,0.0039263455147246756,0.0017529447573524433
2102.071049,0.991,0.0039263455147246756,0.0017529447573524433
2103.071049,0.991,0.0039263455147246756,0.0017529447573524433
2103.743961,0.991,0.0039263455147246756,0.0017529447573524433
2104.743961,0.991,0.0039263455147246756,0.0017529447573524433
2105.743961,0.991,0.0039263455147246756,0.0017529447573524433
2106.743961,0.991,0.0039263455147246756,0.0017529447573524433
2107.743961,0.991,0.0039263455147246756,0.0017529447573524433
2108.416873,0.991,0.0039263455147246756,0.0017529447573524433
2109.416873,0.9907,0.0040578370074493605,0.0018283473933447725
2110.416873,0.9897,0.0044964297349936715,0.0020798545220466285
2111.416873,0.989,0.004803708402820599,0.002256060762148213
2112.416873,0.989,0.004803708402820599,0.002256060762148213
2113.089785,0.989,0.004803708402820599,0.002256060762148213
2114.089785,0.989,0.004803708402820599,0.002256060762148213
2115.089785,0.989,0.004803708402820599,0.002256060762148213
2116.089785,0.989,0.004803708402820599,0.002256060762148213
2117.089785,0.9892,0.004715892310740337,0.0022057033991873943
2117.762697,0.9902,0.004277078004534736,0.0019540692081578192
2118.762697,0.991,0.0039263455147246756,0.0017529447573524433
2119.762697,0.991,0.0039263455147246756,0.0017529447573524433
2120.762697,0.9908,0.004014002086200619,0.0018032106446306043
2121.762697,0.9898,0.0044525505248625636,0.0020546923762637496
2122.435609,0.989,0.004803708402820599,0.002256060762148213
2123.435609,0.989,0.004803708402820599,0.002256060762148213
2124.435609,0.989,0.004803708402820599,0.002256060762148213
2125.435609,0.989,0.004803708402820599,0.002256060762148213
2126.435609,0.989,0.004803708402820599,0.002256060762148213
2127.10852,0.989,0.004803708402820599,0.002256060762148213
2128.10852,0.989,0.004803708402820599,0.002256060762148213
2129.10852,0.989,0.004803708402820599,0.002256060762148213
2130.10852,0.989,0.004803708402820599,0.002256060762148213
2131.10852,0.989,0.004803708402820599,0.002256060762148213
2131.781432,0.989,0.004803708402820599,0.002256060762148213
2132.781432,0.989,0.004803708402820599,0.002256060762148213
2133.781432,0.989,0.004803708402820599,0.002256060762148213
2134.781432,0.989,0.004803708402820599,0.002256060762148213
2135.781432,0.989,0.004803708402820599,0.002256060762148213
2136.454344,0.989,0.004803708402820599,0.002256060762148213
2137.454344,0.989,0.004803708402820599,0.002256060762148213
2138.454344,0.989,0.004803708402820599,0.002256060762148213
2139.454344,0.9891,0.0047597981371845675,0.002230880807860124
2140.454344,0.9901,0.004320939488377827,0.001979221188957282
2141.127256,0.991,0.0039263455147246756,0.0017529447573524433
2142.127256,0.991,0.0039263455147246756,0.0017529447573524433
2143.127256,0.991,0.0039263455147246756,0.0017529447573524433
2144.127256,0.991,0.0039263455147246756,0.0017529447573524433
2145.127256,0.991,0.0039263455147246756,0.0017529447573524433
2145.800168,0.991,0.0039263455147246756,0.0017529447573524433
2146.800168,0.991,0.0039263455147246756,0.0017529447573524433
2147.800168,0.991,0.0039263455147246756,0.0017529447573524433
2148.800168,0.991,0.0039263455147246756,0.0017529447573524433
2149.800168,0.991,0.0039263455147246756,0.0017529447573524433
2150.473079,0.991,0.0039263455147246756,0.0017529447573524433
2151.473079,0.991,0.0039263455147246756,0.0017529447573524433
2152.473079,0.991,0.0039263455147246756,0.0017529447573524433
2153.473079,0.991,0.0039263455147246756,0.0017529447573524433
2154.473079,0.991,0.0039263455147246756,0.0017529447573524433
2155.145991,0.991,0.0039263455147246756,0.0017529447573524433
2156.145991,0.991,0.0039263455147246756,0.0017529447573524433
2157.145991,0.991,0.0039263455147246756,0.0017529447573524433
2158.145991,0.991,0.0039263455147246756,0.0017529447573524433
2159.145991,0.991,0.0039263455147246756,0.0017529447573524433
2159.818903,0.991,0.0039263455147246756,0.0017529447573524433
2160.818903,0.991,0.0039263455147246756,0.0017529447573524433
2161.818903,0.991,0.0039263455147246756,0.0017529447573524433
2162.818903,0.991,0.0039263455147246756,0.0017529447573524433
2163.818903,0.991,0.0039263455147246756,0.0017529447573524433
2164.491815,0.9914,0.003751085430867906,0.0016524434090659302
2165.491815,0.9919,0.0035321097382827633,0.0015268737307770322
2166.491815,0.992,0.0034883278458213473,0.0015017673909529371
2167.491815,0.992,0.0034883278458213473,0.0015017673909529371
2168.491815,0.992,0.0034883278458213473,0.0015017673909529371
2169.164727,0.992,0.0034883278458213473,0.0015017673909529371
2170.164727,0.992,0.0034883278458213473,0.0015017673909529371
2171.164727,0.992,0.0034883278458213473,0.0015017673909529371
2172.164727,0.992,0.0034883278458213473,0.0015017673909529371
2173.164727,0.992,0.0034883278458213473,0.0015017673909529371
2173.837639,0.992,0.0034883278458213473,0.0015017673909529371
2174.837639,0.992,0.0034883278458213473,0.0015017673909529371
2175.837639,0.992,0.0034883278458213473,0.0015017673909529371
2176.837639,0.992,0.0034883278458213473,0.0015017673909529371
2177.837639,0.9928,0.0031382315093265774,0.001301007736651687
2178.51055,0.9938,0.0027010075904860013,0.0010502855392202288
2179.51055,0.994,0.00261361560268669,0.001000171375116284
2180.51055,0.994,0.00261361560268669,0.001000171375116284
2181.51055,0.994,0.00261361560268669,0.001000171375116284
2182.51055,0.994,0.00261361560268669,0.001000171375116284
2183.183462,0.994,0.00261361560268669,0.001000171375116284
2184.183462,0.994,0.00261361560268669,0.001000171375116284
2185.183462,0.994,0.00261361560268669,0.001000171375116284
2186.183462,0.994,0.00261361560268669,0.001000171375116284
2187.183462,0.994,0.00261361560268669,0.001000171375116284
2187.856374,0.994,0.00261361560268669,0.001000171375116284
2188.856374,0.994,0.00261361560268669,0.001000171375116284
2189.856374,0.994,0.00261361560268669,0.001000171375116284
2190.856374,0.994,0.00261361560268669,0.001000171375116284
2191.856374,0.994,0.00261361560268669,0.001000171375116284
2192.529286,0.994,0.00261361560268669,0.001000171375116284
2193.529286,0.994,0.00261361560268669,0.001000171375116284
2194.529286,0.994,0.00261361560268669,0.001000171375116284
2195.529286,0.994,0.00261361560268669,0.001000171375116284
2196.529286,0.994,0.00261361560268669,0.001000171375116284
2197.202198,0.994,0.00261361560268669,0.001000171375116284
2198.202198,0.9933,0.002919564528269182,0.0011756150862637657
2199.202198,0.9923,0.003357008644527543,0.001426463553961046
2200.202198,0.992,0.0034883278458213473,0.0015017673909529371
2201.202198,0.992,0.0034883278458213473,0.0015017673909529371
2201.87511,0.992,0.0034883278458213473,0.0015017673909529371
2202.87511,0.992,0.0034883278458213473,0.0015017673909529371
2203.87511,0.9917,0.003619686766589859,0.0015770940047270452
2204.87511,0.9912,0.0038387066319929687,0.0017026890135285486
2205.87511,0.991,0.0039263455147246756,0.0017529447573524433
2206.548021,0.991,0.0039263455147246756,0.0017529447573524433
2207.548021,0.991,0.0039263455147246756,0.0017529447573524433
2208.548021,0.991,0.0039263455147246756,0.0017529447573524433
2209.548021,0.991,0.0039263455147246756,0.0017529447573524433
2210.548021,0.991,0.0039263455147246756,0.0017529447573524433
2211.220933,0.9904,0.004189368323957265,0.0019037728659341143
2212.220933,0.9894,0.00462809397183761,0.0021553562166295474
2213.220933,0.989,0.004803708402820599,0.002256060762148213
2214.220933,0.989,0.004803708402820599,0.002256060762148213
2215.220933,0.989,0.004803708402820599,0.002256060762148213
2215.893845,0.989,0.004803708402820599,0.002256060762148213
2216.893845,0.989,0.004803708402820599,0.002256060762148213
2217.893845,0.989,0.004803708402820599,0.002256060762148213
2218.893845,0.9887,0.004935465843858455,0.0023316159038535376
2219.893845,0.9882,0.005155150446602036,0.00245759210041613
2220.566757,0.9875,0.005462895701502138,0.0026340659007568477
2221.566757,0.9865,0.005902910411789988,0.002886388452912926
2222.566757,0.986,0.0061230850587887945,0.003012645661028671
2223.566757,0.986,0.0061230850587887945,0.003012645661028671
2224.566757,0.9858,0.006211186181294638,0.0030631664721714334
2225.239669,0.9853,0.00643151721027255,0.003189513356152909
2226.239669,0.9848,0.006651960076740102,0.0033159243723557695
2227.239669,0.9843,0.0068725148942898944,0.0034423995859186886
2228.239669,0.9833,0.007313960837872108,0.0036955428661757167
2229.239669,0.9818,0.007976972236149375,0.004075740900946986
2229.91258,0.9805,0.008552401996197136,0.004405716018248923
2230.91258,0.9795,0.00899555966924482,0.004659840874660633
2231.91258,0.9788,0.009306039320248418,0.004837882690313813
2232.91258,0.9783,0.009527946474380608,0.004965133389354528
2233.91258,0.9773,0.009972101229705311,0.005219830013797999
2234.585492,0.9759,0.01059468199848399,0.005576843460913809
2235.585492,0.9746,0.011173592954724193,0.005908814839448144
2236.585492,0.9736,0.011619434777991416,0.006164478898113618
2237.585492,0.9716,0.012512493866907051,0.0066765957507387555
2238.585492,0.9681,0.014079779876432606,0.00757534208043146
2239.258404,0.9634,0.016193358021584753,0.00878735481386308
2240.258404,0.957,0.019088062223156455,0.010447297390327582
2241.258404,0.9522,0.021271822861508152,0.01169955565507156
2242.258404,0.9503,0.022139270735302762,0.012196985982423648
2243.258404,0.9479,0.023237476732539383,0.012826742519050752
2243.931316,0.9449,0.024614151010532676,0.013616184233587191
2244.931316,0.9406,0.02659502558993932,0.014752099278450144
2245.931316,0.9341,0.029606627920399843,0.016479076055212635
2246.931316,0.926,0.03338901331806565,0.01864805157912769
2247.931316,0.9151,0.038531444649213646,0.021596933440176845
2248.604228,0.8982,0.04662694927330402,0.02623922911798619
2249.604228,0.8699,0.06053066915646987,0.03421219457427423
2250.604228,0.8472,0.07201405290057143,0.04079723963289016
2251.604228,0.8358,0.07789763319239289,0.04417112682424433
2252.604228,0.828,0.08196966321511988,0.04650619650207055
2253.27714,0.828,0.08196966321511988,0.04650619650207055
2254.27714,0.8346,0.07852161962430995,0.04452894633648082
2255.27714,0.8565,0.06727263269847068,0.0380783140645704
2256.27714,0.8716,0.05968277842578197,0.03372597911803029
2257.27714,0.8701,0.060430831344098414,0.034154943461913084
2257.950051,0.8516,0.06976434723371504,0.0395071657735643
2258.950051,0.7881,0.10341867249426727,0.0588059415696693
2259.950051,0.7378,0.13206134910921535,0.07523083168149537
2260.950051,0.7254,0.13942244875558446,0.07945198930650295
2261.950051,0.7185,0.14357322752975551,0.08183221676082822
2262.622963,0.7285,0.13757044389399103,0.07838997346394846
2263.622963,0.7396,0.13100309751286454,0.0746239866434288
2264.622963,0.754,0.12262865413022594,0.06982173599637288
2265.622963,0.7644,0.11667932161702475,0.06641014377398097
2266.622963,0.7619,0.11810202642698872,0.06722598129082216
2267.295875,0.7539,0.12268625668776158,0.06985476767460609
2268.295875,0.7266,0.13870460647330413,0.07904034898522364
2269.295875,0.704,0.1524273408578878,0.08690952990468194
2270.295875,0.699,0.15552282425431863,0.08868460753841204
2271.295875,0.6942,0.1585153906646068,0.0904006683347579
2271.968787,0.6903,0.16096212661169415,0.09180372746934282
2272.968787,0.6864,0.16342272515935097,0.09321473598987648
2273.968787,0.6829,0.16564288728159496,0.0944878683642882
2274.968787,0.6795,0.1678105389314869,0.0957308890717738
2275.968787,0.6765,0.16973219906635822,0.09683284811602967
2276.641699,0.6735,0.1716623999409956,0.09793970477212599
2277.641699,0.67,0.17392519729917355,0.09923728594629623
2278.641699,0.6666,0.1761346906754888,0.10050430042251476
2279.641699,0.6636,0.17809362264767695,0.10162763267292818
2280.641699,0.661,0.17979854051435976,0.10260530277640377
2281.31461,0.661,0.17979854051435976,0.10260530277640377
2282.31461,0.6626,0.17874856845405884,0.10200320556521192
2283.31461,0.6755,0.17037464664195062,0.0972012540081734
2284.31461,0.6885,0.16209605540705752,0.09245396892927532
2285.31461,0.7024,0.15341549710195385,0.08747617938162465
2285.987522,0.7163,0.14490504884137817,0.08259593793766035
2286.987522,0.7297,0.13685565374733255,0.07798008336290413
2287.987522,0.7388,0.1314731132317962,0.07489351300921036
2288.987522,0.7001,0.15483992234805422,0.08829300346738413
2289.987522,0.6586,0.18137827362411107,0.10351118678586597
2290.660434,0.5772,0.23867367757854338,0.13636673050879822
2291.660434,0.498,0.30277065724028246,0.17312257779209944
2292.660434,0.4598,0.33743103306673977,0.192998264406075
2293.660434,0.4244,0.37222462477069695,0.21295034248927322
2294.660434,0.4616,0.335734199852325,0.19202523037508942
2295.333346,0.4989,0.30198649606081834,0.1726729074845439
2296.333346,0.5361,0.2707541927746933,0.1547630188135211
2297.333346,0.5722,0.24245214653075614,0.1385334601816338
2298.333346,0.4724,0.3256901110585228,0.18626553630286963
2299.333346,0.3726,0.42875714943977616,0.24536841981899926
2300.006258,0.2563,0.5912513938157561,0.3385493101233225
2301.006258,0.14,0.8538719643217619,0.4891467584572912
2302.006258,0.1385,0.8585502265995326,0.49182946667131977
2303.006258,0.137,0.8632794328435932,0.4945413882531987
2304.006258,0.185,0.7328282715969863,0.41973532116527107
2304.67917,0.2336,0.6315271615596382,0.3616450936723172
2305.67917,0.235,0.6289321377282637,0.3601570001592392
2306.67917,0.235,0.6289321377282637,0.3601570001592392
2307.67917,0.1813,0.7416021959044914,0.42476665062297414
2308.67917,0.1252,0.9023956711255892,0.5169722498659884
2309.352081,0.1084,0.9649707177976319,0.5528553581085437
2310.352081,0.094,1.0268721464003014,0.5883521860143995
2311.352081,0.0792,1.1012748184105066,0.6310177416194958
2312.352081,0.0643,1.191789027075778,0.6829223157230941
2313.352081,0.053,1.275724130399211,0.7310541599339343
2314.024993,0.0421,1.3757179041643317,0.7883947069797985
2315.024993,0.0365,1.4377071355435254,0.8239418846129271
2316.024993,0.0316,1.5003129173815961,0.8598426176651803
2317.024993,0.0266,1.575118363368933,0.9027391404526814
2318.024993,0.0216,1.665546248849069,0.9545942132876307
2318.697905,0.0206,1.6861327796308467,0.9663993776729297
2319.697905,0.0201,1.6968039425795112,0.9725186618848575
2320.697905,0.02,1.6989700043360187,0.9737607708820137
2321.697905,0.02,1.6989700043360187,0.9737607708820137
2322.697905,0.0191,1.7189666327522726,0.9852276609621322
2323.370817,0.0182,1.739928612014925,0.9972481229651756
2324.370817,0.018,1.744727494896694,1.0
2325.370817,0.018,1.744727494896694,1.0
2326.370817,0.018,1.744727494896694,1.0
2327.370817,0.018,1.744727494896694,1.0
2328.043729,0.018,1.744727494896694,1.0
2329.043729,0.018,1.744727494896694,1.0
2330.043729,0.0188,1.7258421507363202,0.9891703660685024
2331.043729,0.0198,1.7033348097384688,0.9762637300173808
2332.043729,0.02,1.6989700043360187,0.9737607708820137
2332.716641,0.02,1.6989700043360187,0.9737607708820137
2333.716641,0.02,1.6989700043360187,0.9737607708820137
2334.716641,0.02,1.6989700043360187,0.9737607708820137
2335.716641,0.02,1.6989700043360187,0.9737607708820137
2336.716641,0.02,1.6989700043360187,0.9737607708820137
2337.389552,0.0204,1.6903698325741012,0.9688290782880818
2338.389552,0.0209,1.679853713888946,0.962798702840682
2339.389552,0.021,1.6777807052660807,0.9616099543417496
2340.389552,0.021,1.6777807052660807,0.9616099543417496
2341.389552,0.021,1.6777807052660807,0.9616099543417496
2342.062464,0.021,1.6777807052660807,0.9616099543417496
2343.062464,0.021,1.6777807052660807,0.9616099543417496
2344.062464,0.021,1.6777807052660807,0.9616099543417496
2345.062464,0.021,1.6777807052660807,0.9616099543417496
2346.062464,0.021,1.6777807052660807,0.9616099543417496
2346.735376,0.021,1.6777807052660807,0.9616099543417496
2347.735376,0.021,1.6777807052660807,0.9616099543417496
2348.735376,0.0217,1.6635402661514704,0.9534439002139884
2349.735376,0.0227,1.6439741428068773,0.9422238794676849
2350.735376,0.023,1.6382721639824072,0.9389541300350148
2351.408288,0.023,1.6382721639824072,0.9389541300350148
2352.408288,0.0233,1.6326440789739811,0.935726754358987
2353.408288,0.0238,1.623423042943488,0.9304390326298314
2354.408288,0.0246,1.609064892896621,0.9222054782068545
2355.408288,0.0256,1.5917600346881504,0.9122821599955068
2356.0812,0.0263,1.5800442515102422,0.905563847532673
2357.0812,0.0268,1.5718652059712113,0.9008736460545019
2358.0812,0.0273,1.563837352959244,0.8962701445965886
2359.0812,0.0278,1.5559552040819238,0.8917501958887408
2360.0812,0.0286,1.543633966870957,0.8846846911542338
2360.754111,0.0296,1.5287082889410615,0.8761256928755916
2361.754111,0.03,1.5228787452803376,0.8727827925134267
2362.754111,0.03,1.5228787452803376,0.8727827925134267
2363.754111,0.03,1.5228787452803376,0.8727827925134267
2364.754111,0.03,1.5228787452803376,0.8727827925134267
2365.427023,0.0303,1.518557371497695,0.8703047388571218
2366.427023,0.0308,1.5114492834995557,0.8662286685287748
2367.427023,0.031,1.5086383061657274,0.8646167383856657
2368.427023,0.031,1.5086383061657274,0.8646167383856657
2369.427023,0.031,1.5086383061657274,0.8646167383856657
2370.099935,0.031,1.5086383061657274,0.8646167383856657
2371.099935,0.031,1.5086383061657274,0.8646167383856657
2372.099935,0.031,1.5086383061657274,0.8646167383856657
2373.099935,0.0315,1.5016894462103996,0.8606319759731625
2374.099935,0.0325,1.4881166390211256,0.852848769480635
2374.772847,0.033,1.4814860601221125,0.8490465225308075
2375.772847,0.033,1.4814860601221125,0.8490465225308075
2376.772847,0.0332,1.4788619162959638,0.8475417304137319
2377.772847,0.0337,1.4723700991286615,0.843819055154278
2378.772847,0.0357,1.4473317838878068,0.8294610542612444
2379.445759,0.0392,1.4067139329795428,0.8061691061407744
2380.445759,0.0731,1.1360826230421395,0.65097796998063
2381.445759,0.1416,0.8489367466462497,0.4863167014382511
2382.445759,0.2083,0.6813107300522541,0.3901930416472298
2383.445759,0.2729,0.5639964643301035,0.32292021135488597
2384.118671,0.3557,0.44891613481421966,0.2569284120638701
2385.118671,0.462,0.33535802444387447,0.19180951590714243
2386.118671,0.545,0.26360349772335756,0.15066251584655768
2387.118671,0.5966,0.2243167509739561,0.1281338776579989
2388.118671,0.6372,0.19572423287090612,0.11173775050213447
2388.791582,0.662,0.17914201056030005,0.10222882146861548
2389.791582,0.6876,0.16266413198498522,0.09277972742918784
2390.791582,0.7144,0.14605855411950996,0.08325740535885932
2391.791582,0.7439,0.12848544129161807,0.07318025890355175
2392.791582,0.7776,0.10924374808178186,0.062146279754686416
2393.464494,0.81,0.09151498112135023,0.051979874810837906
2394.464494,0.8402,0.07561732279802685,0.04286350295403765
2395.464494,0.8818,0.05462990550969621,0.030828453739678657
2396.464494,0.9429,0.025534364262757576,0.014143872401506252
2397.464494,0.9824,0.007711646202907517,0.003923592028884873
2398.137406,0.9834,0.007269796045857265,0.003670216955982084
2399.137406,0.9843,0.0068725148942898944,0.0034423995859186886
2400.137406,0.9853,0.00643151721027255,0.003189513356152909
2401.137406,0.9863,0.005990966876386762,0.0029368836553718717
2402.137406,0.9873,0.005550862985964013,0.0026845099636545167
2402.810318,0.9882,0.005155150446602036,0.00245759210041613
2403.810318,0.9887,0.004935465843858455,0.0023316159038535376
2404.810318,0.9893,0.004671990922590423,0.0021805285356153686
2405.810318,0.9903,0.004233220950026049,0.0019289197673210776
2406.810318,0.991,0.0039263455147246756,0.0017529447573524433
2407.48323,0.991,0.0039263455147246756,0.0017529447573524433
2408.48323,0.991,0.0039263455147246756,0.0017529447573524433
2409.48323,0.991,0.0039263455147246756,0.0017529447573524433
2410.48323,0.9911,0.0038825238627119936,0.0017278156177645827
2411.48323,0.9916,0.003663481904216162,0.0016022079398740462
2412.156141,0.992,0.0034883278458213473,0.0015017673909529371
2413.156141,0.992,0.0034883278458213473,0.0015017673909529371
2414.156141,0.9922,0.0034007772998332414,0.0014515623030550225
2415.156141,0.9932,0.002963289117473315,0.0012006885660407157
2416.156141,0.994,0.00261361560268669,0.001000171375116284
2416.829053,0.994,0.00261361560268669,0.001000171375116284
2417.829053,0.994,0.00261361560268669,0.001000171375116284
2418.829053,0.994,0.00261361560268669,0.001000171375116284
2419.829053,0.994,0.00261361560268669,0.001000171375116284
2420.829053,0.994,0.00261361560268669,0.001000171375116284
2421.501965,0.994,0.00261361560268669,0.001000171375116284
2422.501965,0.994,0.00261361560268669,0.001000171375116284
2423.501965,0.9938,0.0027010075904860013,0.0010502855392202288
2424.501965,0.9928,0.0031382315093265774,0.001301007736651687
2425.501965,0.992,0.0034883278458213473,0.0015017673909529371
2426.174877,0.992,0.0034883278458213473,0.0015017673909529371
2427.174877,0.992,0.0034883278458213473,0.0015017673909529371
2428.174877,0.992,0.0034883278458213473,0.0015017673909529371
2429.174877,0.992,0.0034883278458213473,0.0015017673909529371
2430.174877,0.992,0.0034883278458213473,0.0015017673909529371
2430.847789,0.992,0.0034883278458213473,0.0015017673909529371
2431.847789,0.992,0.0034883278458213473,0.0015017673909529371
2432.847789,0.992,0.0034883278458213473,0.0015017673909529371
2433.847789,0.992,0.0034883278458213473,0.0015017673909529371
2434.847789,0.992,0.0034883278458213473,0.0015017673909529371
2435.520701,0.992,0.0034883278458213473,0.0015017673909529371
2436.520701,0.992,0.0034883278458213473,0.0015017673909529371
2437.520701,0.992,0.0034883278458213473,0.0015017673909529371
2438.520701,0.992,0.0034883278458213473,0.0015017673909529371
2439.520701,0.992,0.0034883278458213473,0.0015017673909529371
2440.193612,0.992,0.0034883278458213473,0.0015017673909529371
2441.193612,0.992,0.0034883278458213473,0.0015017673909529371
2442.193612,0.992,0.0034883278458213473,0.0015017673909529371
2443.193612,0.993,0.0030507515046188267,0.0012508431000284126
2444.193612,0.994,0.00261361560268669,0.001000171375116284
2444.866524,0.994,0.00261361560268669,0.001000171375116284
2445.866524,0.994,0.00261361560268669,0.001000171375116284
2446.866524,0.994,0.00261361560268669,0.001000171375116284
2447.866524,0.994,0.00261361560268669,0.001000171375116284
2448.866524,0.994,0.00261361560268669,0.001000171375116284
2449.539436,0.994,0.00261361560268669,0.001000171375116284
2450.539436,0.994,0.00261361560268669,0.001000171375116284
2451.539436,0.994,0.00261361560268669,0.001000171375116284
2452.539436,0.994,0.00261361560268669,0.001000171375116284
2453.539436,0.994,0.00261361560268669,0.001000171375116284
2454.212348,0.994,0.00261361560268669,0.001000171375116284
2455.212348,0.994,0.00261361560268669,0.001000171375116284
2456.212348,0.994,0.00261361560268669,0.001000171375116284
2457.212348,0.994,0.00261361560268669,0.001000171375116284
2458.212348,0.994,0.00261361560268669,0.001000171375116284
2458.88526,0.994,0.00261361560268669,0.001000171375116284
2459.88526,0.994,0.00261361560268669,0.001000171375116284
2460.88526,0.994,0.00261361560268669,0.001000171375116284
2461.88526,0.994,0.00261361560268669,0.001000171375116284
2462.88526,0.994,0.00261361560268669,0.001000171375116284
2463.558172,0.994,0.00261361560268669,0.001000171375116284
2464.558172,0.994,0.00261361560268669,0.001000171375116284
2465.558172,0.994,0.00261361560268669,0.001000171375116284
2466.558172,0.994,0.00261361560268669,0.001000171375116284
2467.558172,0.994,0.00261361560268669,0.001000171375116284
2468.231083,0.994,0.00261361560268669,0.001000171375116284
2469.231083,0.994,0.00261361560268669,0.001000171375116284
2470.231083,0.994,0.00261361560268669,0.001000171375116284
2471.231083,0.994,0.00261361560268669,0.001000171375116284
2472.231083,0.994,0.00261361560268669,0.001000171375116284
2472.903995,0.994,0.00261361560268669,0.001000171375116284
2473.903995,0.994,0.00261361560268669,0.001000171375116284
2474.903995,0.994,0.00261361560268669,0.001000171375116284
2475.903995,0.994,0.00261361560268669,0.001000171375116284
2476.903995,0.994,0.00261361560268669,0.001000171375116284
2477.576907,0.994,0.00261361560268669,0.001000171375116284
2478.576907,0.994,0.00261361560268669,0.001000171375116284
2479.576907,0.994,0.00261361560268669,0.001000171375116284
2480.576907,0.994,0.00261361560268669,0.001000171375116284
2481.576907,0.994,0.00261361560268669,0.001000171375116284
2482.249819,0.994,0.00261361560268669,0.001000171375116284
2483.249819,0.994,0.00261361560268669,0.001000171375116284
2484.249819,0.994,0.00261361560268669,0.001000171375116284
2485.249819,0.994,0.00261361560268669,0.001000171375116284
2486.249819,0.994,0.00261361560268669,0.001000171375116284
2486.922731,0.994,0.00261361560268669,0.001000171375116284
2487.922731,0.994,0.00261361560268669,0.001000171375116284
2488.922731,0.994,0.00261361560268669,0.001000171375116284
2489.922731,0.994,0.00261361560268669,0.001000171375116284
2490.922731,0.994,0.00261361560268669,0.001000171375116284
2491.595642,0.994,0.00261361560268669,0.001000171375116284
2492.595642,0.994,0.00261361560268669,0.001000171375116284
2493.595642,0.994,0.00261361560268669,0.001000171375116284
2494.595642,0.994,0.00261361560268669,0.001000171375116284
2495.595642,0.994,0.00261361560268669,0.001000171375116284
2496.268554,0.994,0.00261361560268669,0.001000171375116284
2497.268554,0.994,0.00261361560268669,0.001000171375116284
2498.268554,0.994,0.00261361560268669,0.001000171375116284
2499.268554,0.994,0.00261361560268669,0.001000171375116284
2500.268554,0.994,0.00261361560268669,0.001000171375116284
2500.941466,0.994,0.00261361560268669,0.001000171375116284
2501.941466,0.994,0.00261361560268669,0.001000171375116284
2502.941466,0.994,0.00261361560268669,0.001000171375116284
2503.941466,0.994,0.00261361560268669,0.001000171375116284
2504.941466,0.994,0.00261361560268669,0.001000171375116284
2505.614378,0.994,0.00261361560268669,0.001000171375116284
2506.614378,0.994,0.00261361560268669,0.001000171375116284
2507.614378,0.994,0.00261361560268669,0.001000171375116284
2508.614378,0.994,0.00261361560268669,0.001000171375116284
2509.614378,0.994,0.00261361560268669,0.001000171375116284
2510.28729,0.994,0.00261361560268669,0.001000171375116284
2511.28729,0.994,0.00261361560268669,0.001000171375116284
2512.28729,0.994,0.00261361560268669,0.001000171375116284
2513.28729,0.994,0.00261361560268669,0.001000171375116284
2514.28729,0.994,0.00261361560268669,0.001000171375116284
2514.960202,0.994,0.00261361560268669,0.001000171375116284
2515.960202,0.994,0.00261361560268669,0.001000171375116284
2516.960202,0.994,0.00261361560268669,0.001000171375116284
2517.960202,0.994,0.00261361560268669,0.001000171375116284
2518.960202,0.994,0.00261361560268669,0.001000171375116284
2519.633113,0.994,0.00261361560268669,0.001000171375116284
2520.633113,0.994,0.00261361560268669,0.001000171375116284
2521.633113,0.994,0.00261361560268669,0.001000171375116284
2522.633113,0.994,0.00261361560268669,0.001000171375116284
2523.633113,0.994,0.00261361560268669,0.001000171375116284
2524.306025,0.994,0.00261361560268669,0.001000171375116284
2525.306025,0.9942,0.002526241197019637,0.0009500672933309072
2526.306025,0.9947,0.002307882058273408,0.0008248511723993859
2527.306025,0.995,0.002176919254274547,0.0007497517082908076
2528.306025,0.995,0.002176919254274547,0.0007497517082908076
2528.978937,0.995,0.002176919254274547,0.0007497517082908076
2529.978937,0.995,0.002176919254274547,0.0007497517082908076
2530.978937,0.995,0.002176919254274547,0.0007497517082908076
2531.978937,0.995,0.002176919254274547,0.0007497517082908076
2532.978937,0.995,0.002176919254274547,0.0007497517082908076
2533.651849,0.995,0.002176919254274547,0.0007497517082908076
2534.651849,0.995,0.002176919254274547,0.0007497517082908076
2535.651849,0.995,0.002176919254274547,0.0007497517082908076
2536.651849,0.995,0.002176919254274547,0.0007497517082908076
2537.651849,0.995,0.002176919254274547,0.0007497517082908076
2538.324761,0.995,0.002176919254274547,0.0007497517082908076
2539.324761,0.995,0.002176919254274547,0.0007497517082908076
2540.324761,0.995,0.002176919254274547,0.0007497517082908076
2541.324761,0.995,0.002176919254274547,0.0007497517082908076
2542.324761,0.995,0.002176919254274547,0.0007497517082908076
2542.997673,0.995,0.002176919254274547,0.0007497517082908076
2543.997673,0.995,0.002176919254274547,0.0007497517082908076
2544.997673,0.995,0.002176919254274547,0.0007497517082908076
2545.997673,0.995,0.002176919254274547,0.0007497517082908076
2546.997673,0.995,0.002176919254274547,0.0007497517082908076
2547.670584,0.995,0.002176919254274547,0.0007497517082908076
2548.670584,0.995,0.002176919254274547,0.0007497517082908076
2549.670584,0.995,0.002176919254274547,0.0007497517082908076
2550.670584,0.995,0.002176919254274547,0.0007497517082908076
2551.670584,0.995,0.002176919254274547,0.0007497517082908076
2552.343496,0.995,0.002176919254274547,0.0007497517082908076
2553.343496,0.995,0.002176919254274547,0.0007497517082908076
2554.343496,0.995,0.002176919254274547,0.0007497517082908076
2555.343496,0.995,0.002176919254274547,0.0007497517082908076
2556.343496,0.995,0.002176919254274547,0.0007497517082908076
2557.016408,0.9953,0.0020459959305970396,0.0006746748838240662
2558.016408,0.9963,0.0016098696819523348,0.000424582135678671
2559.016408,0.997,0.0013048416883442813,0.00024966652484401835
2560.016408,0.997,0.0013048416883442813,0.00024966652484401835
2561.016408,0.997,0.0013048416883442813,0.00024966652484401835
2561.68932,0.997,0.0013048416883442813,0.00024966652484401835
2562.68932,0.997,0.0013048416883442813,0.00024966652484401835
2563.68932,0.997,0.0013048416883442813,0.00024966652484401835
2564.68932,0.997,0.0013048416883442813,0.00024966652484401835
2565.68932,0.997,0.0013048416883442813,0.00024966652484401835
2566.362232,0.997,0.0013048416883442813,0.00024966652484401835
2567.362232,0.997,0.0013048416883442813,0.00024966652484401835
2568.362232,0.997,0.0013048416883442813,0.00024966652484401835
2569.362232,0.997,0.0013048416883442813,0.00024966652484401835
2570.362232,0.997,0.0013048416883442813,0.00024966652484401835
2571.035143,0.997,0.0013048416883442813,0.00024966652484401835
2572.035143,0.997,0.0013048416883442813,0.00024966652484401835
2573.035143,0.997,0.0013048416883442813,0.00024966652484401835
2574.035143,0.997,0.0013048416883442813,0.00024966652484401835
2575.035143,0.997,0.0013048416883442813,0.00024966652484401835
2575.708055,0.997,0.0013048416883442813,0.00024966652484401835
2576.708055,0.997,0.0013048416883442813,0.00024966652484401835
2577.708055,0.997,0.0013048416883442813,0.00024966652484401835
2578.708055,0.997,0.0013048416883442813,0.00024966652484401835
2579.708055,0.997,0.0013048416883442813,0.00024966652484401835
2580.380967,0.997,0.0013048416883442813,0.00024966652484401835
2581.380967,0.997,0.0013048416883442813,0.00024966652484401835
2582.380967,0.997,0.0013048416883442813,0.00024966652484401835
2583.380967,0.997,0.0013048416883442813,0.00024966652484401835
2584.380967,0.997,0.0013048416883442813,0.00024966652484401835
2585.053879,0.997,0.0013048416883442813,0.00024966652484401835
2586.053879,0.997,0.0013048416883442813,0.00024966652484401835
2587.053879,0.997,0.0013048416883442813,0.00024966652484401835
2588.053879,0.997,0.0013048416883442813,0.00024966652484401835
2589.053879,0.997,0.0013048416883442813,0.00024966652484401835
2589.726791,0.9975,0.0010870956412141377,0.00012480197588874984
2590.726791,0.998,0.0008694587126288914,0.0
2591.726791,0.998,0.0008694587126288914,0.0
2592.726791,0.998,0.0008694587126288914,0.0
2593.726791,0.998,0.0008694587126288914,0.0
2594.399703,0.998,0.0008694587126288914,0.0
2595.399703,0.998,0.0008694587126288914,0.0
2596.399703,0.998,0.0008694587126288914,0.0
2597.399703,0.998,0.0008694587126288914,0.0
2598.399703,0.998,0.0008694587126288914,0.0
2599.072614,0.998,0.0008694587126288914,0.0
2600.072614,0.998,0.0008694587126288914,0.0
2601.072614,0.998,0.0008694587126288914,0.0
2602.072614,0.998,0.0008694587126288914,0.0
2603.072614,0.998,0.0008694587126288914,0.0
2603.745526,0.998,0.0008694587126288914,0.0
2604.745526,0.998,0.0008694587126288914,0.0
2605.745526,0.998,0.0008694587126288914,0.0
2606.745526,0.998,0.0008694587126288914,0.0
2607.745526,0.998,0.0008694587126288914,0.0
2608.418438,0.998,0.0008694587126288914,0.0
2609.418438,0.998,0.0008694587126288914,0.0
2610.418438,0.998,0.0008694587126288914,0.0
2611.418438,0.998,0.0008694587126288914,0.0
2612.418438,0.998,0.0008694587126288914,0.0
2613.09135,0.998,0.0008694587126288914,0.0
2614.09135,0.998,0.0008694587126288914,0.0
2615.09135,0.998,0.0008694587126288914,0.0
2616.09135,0.998,0.0008694587126288914,0.0
2617.09135,0.998,0.0008694587126288914,0.0
2617.764262,0.998,0.0008694587126288914,0.0
2618.764262,0.998,0.0008694587126288914,0.0
2619.764262,0.998,0.0008694587126288914,0.0
2620.764262,0.998,0.0008694587126288914,0.0
2621.764262,0.998,0.0008694587126288914,0.0
2622.437173,0.998,0.0008694587126288914,0.0
2623.437173,0.998,0.0008694587126288914,0.0
2624.437173,0.998,0.0008694587126288914,0.0
2625.437173,0.998,0.0008694587126288914,0.0
2626.437173,0.998,0.0008694587126288914,0.0
2627.110085,0.998,0.0008694587126288914,0.0
2628.110085,0.998,0.0008694587126288914,0.0
2629.110085,0.998,0.0008694587126288914,0.0
2630.110085,0.998,0.0008694587126288914,0.0
2631.110085,0.998,0.0008694587126288914,0.0
2631.782997,0.998,0.0008694587126288914,0.0
2632.782997,0.998,0.0008694587126288914,0.0
2633.782997,0.998,0.0008694587126288914,0.0
2634.782997,0.998,0.0008694587126288914,0.0
2635.782997,0.998,0.0008694587126288914,0.0
2636.455909,0.998,0.0008694587126288914,0.0
2637.455909,0.998,0.0008694587126288914,0.0
2638.455909,0.998,0.0008694587126288914,0.0
2639.455909,0.998,0.0008694587126288914,0.0
2640.455909,0.998,0.0008694587126288914,0.0
2641.128821,0.998,0.0008694587126288914,0.0
2642.128821,0.998,0.0008694587126288914,0.0
2643.128821,0.998,0.0008694587126288914,0.0
2644.128821,0.998,0.0008694587126288914,0.0
2645.128821,0.998,0.0008694587126288914,0.0
2645.801733,0.998,0.0008694587126288914,0.0
2646.801733,0.998,0.0008694587126288914,0.0
2647.801733,0.998,0.0008694587126288914,0.0
2648.801733,0.998,0.0008694587126288914,0.0
2649.801733,0.998,0.0008694587126288914,0.0
2650.474644,0.998,0.0008694587126288914,0.0
2651.474644,0.9987,0.0005649501236701673,-0.0001746177628226287
2652.474644,0.9996,0.00017375254558756316,-0.0003989465613632646
2653.474644,1.0,-0.0,-0.0004985834251344526
2654.474644,1.0,-0.0,-0.0004985834251344526
2655.147556,1.0,-0.0,-0.0004985834251344526
2656.147556,1.0,-0.0,-0.0004985834251344526
2657.147556,0.9994,0.0002606548934319938,-0.00034911317697000773
2658.147556,0.9984,0.0006954276616512517,-9.979657022910932e-05
2659.147556,0.998,0.0008694587126288914,0.0
2659.820468,0.998,0.0008694587126288914,0.0
2660.820468,0.998,0.0008694587126288914,0.0
2661.820468,0.998,0.0008694587126288914,0.0
2662.820468,0.998,0.0008694587126288914,0.0
2663.820468,0.998,0.0008694587126288914,0.0
2664.49338,0.998,0.0008694587126288914,0.0
2665.49338,0.998,0.0008694587126288914,0.0
2666.49338,0.998,0.0008694587126288914,0.0
2667.49338,0.998,0.0008694587126288914,0.0
2668.49338,0.998,0.0008694587126288914,0.0
2669.166292,0.998,0.0008694587126288914,0.0
2670.166292,0.9977,0.0010000277816796898,7.487368027761684e-05
2671.166292,0.9972,0.0012177301682641918,0.00019971319247832412
2672.166292,0.997,0.0013048416883442813,0.00024966652484401835
2673.166292,0.997,0.0013048416883442813,0.00024966652484401835
2673.839204,0.997,0.0013048416883442813,0.00024966652484401835
2674.839204,0.997,0.0013048416883442813,0.00024966652484401835
2675.839204,0.997,0.0013048416883442813,0.00024966652484401835
2676.839204,0.997,0.0013048416883442813,0.00024966652484401835
2677.839204,0.997,0.0013048416883442813,0.00024966652484401835
2678.512115,0.997,0.0013048416883442813,0.00024966652484401835
2679.512115,0.997,0.0013048416883442813,0.00024966652484401835
2680.512115,0.997,0.0013048416883442813,0.00024966652484401835
2681.512115,0.997,0.0013048416883442813,0.00024966652484401835
2682.512115,0.997,0.0013048416883442813,0.00024966652484401835
2683.185027,0.997,0.0013048416883442813,0.00024966652484401835
2684.185027,0.997,0.0013048416883442813,0.00024966652484401835
2685.185027,0.9972,0.0012177301682641918,0.00019971319247832412
2686.185027,0.9977,0.0010000277816796898,7.487368027761684e-05
2687.185027,0.998,0.0008694587126288914,0.0
2687.857939,0.998,0.0008694587126288914,0.0
2688.857939,0.998,0.0008694587126288914,0.0
2689.857939,0.998,0.0008694587126288914,0.0
2690.857939,0.998,0.0008694587126288914,0.0
2691.857939,0.998,0.0008694587126288914,0.0
2692.530851,0.998,0.0008694587126288914,0.0
2693.530851,0.998,0.0008694587126288914,0.0
2694.530851,0.998,0.0008694587126288914,0.0
2695.530851,0.998,0.0008694587126288914,0.0
2696.530851,0.998,0.0008694587126288914,0.0
2697.203763,0.998,0.0008694587126288914,0.0
2698.203763,0.998,0.0008694587126288914,0.0
2699.203763,0.998,0.0008694587126288914,0.0
2700.203763,0.998,0.0008694587126288914,0.0
2701.203763,0.998,0.0008694587126288914,0.0
2701.876674,0.998,0.0008694587126288914,0.0
2702.876674,0.998,0.0008694587126288914,0.0
2703.876674,0.998,0.0008694587126288914,0.0
2704.876674,0.998,0.0008694587126288914,0.0
2705.876674,0.998,0.0008694587126288914,0.0
2706.549586,0.998,0.0008694587126288914,0.0
2707.549586,0.998,0.0008694587126288914,0.0
2708.549586,0.998,0.0008694587126288914,0.0
2709.549586,0.998,0.0008694587126288914,0.0
2710.549586,0.998,0.0008694587126288914,0.0
2711.222498,0.998,0.0008694587126288914,0.0
2712.222498,0.998,0.0008694587126288914,0.0
2713.222498,0.998,0.0008694587126288914,0.0
2714.222498,0.998,0.0008694587126288914,0.0
2715.222498,0.998,0.0008694587126288914,0.0
2715.89541,0.998,0.0008694587126288914,0.0
2716.89541,0.998,0.0008694587126288914,0.0
2717.89541,0.998,0.0008694587126288914,0.0
2718.89541,0.998,0.0008694587126288914,0.0
2719.89541,0.998,0.0008694587126288914,0.0
2720.568322,0.998,0.0008694587126288914,0.0
2721.568322,0.998,0.0008694587126288914,0.0
2722.568322,0.998,0.0008694587126288914,0.0
2723.568322,0.998,0.0008694587126288914,0.0
2724.568322,0.998,0.0008694587126288914,0.0
2725.241234,0.998,0.0008694587126288914,0.0
2726.241234,0.998,0.0008694587126288914,0.0
2727.241234,0.998,0.0008694587126288914,0.0
2728.241234,0.998,0.0008694587126288914,0.0
2729.241234,0.998,0.0008694587126288914,0.0
2729.914145,0.998,0.0008694587126288914,0.0
2730.914145,0.998,0.0008694587126288914,0.0
2731.914145,0.998,0.0008694587126288914,0.0
2732.914145,0.998,0.0008694587126288914,0.0
2733.914145,0.998,0.0008694587126288914,0.0
2734.587057,0.998,0.0008694587126288914,0.0
2735.587057,0.998,0.0008694587126288914,0.0
2736.587057,0.998,0.0008694587126288914,0.0
2737.587057,0.998,0.0008694587126288914,0.0
2738.587057,0.998,0.0008694587126288914,0.0
2739.259969,0.998,0.0008694587126288914,0.0
2740.259969,0.998,0.0008694587126288914,0.0
2741.259969,0.998,0.0008694587126288914,0.0
2742.259969,0.998,0.0008694587126288914,0.0
2743.259969,0.998,0.0008694587126288914,0.0
2743.932881,0.998,0.0008694587126288914,0.0
2744.932881,0.998,0.0008694587126288914,0.0
2745.932881,0.998,0.0008694587126288914,0.0
2746.932881,0.998,0.0008694587126288914,0.0
2747.932881,0.998,0.0008694587126288914,0.0
2748.605793,0.998,0.0008694587126288914,0.0
2749.605793,0.998,0.0008694587126288914,0.0
2750.605793,0.998,0.0008694587126288914,0.0
2751.605793,0.998,0.0008694587126288914,0.0
2752.605793,0.998,0.0008694587126288914,0.0
2753.278704,0.998,0.0008694587126288914,0.0
2754.278704,0.998,0.0008694587126288914,0.0
2755.278704,0.998,0.0008694587126288914,0.0
2756.278704,0.998,0.0008694587126288914,0.0
2757.278704,0.998,0.0008694587126288914,0.0
2757.951616,0.998,0.0008694587126288914,0.0
2758.951616,0.998,0.0008694587126288914,0.0
2759.951616,0.998,0.0008694587126288914,0.0
2760.951616,0.998,0.0008694587126288914,0.0
2761.951616,0.998,0.0008694587126288914,0.0
2762.624528,0.998,0.0008694587126288914,0.0
2763.624528,0.998,0.0008694587126288914,0.0
2764.624528,0.998,0.0008694587126288914,0.0
2765.624528,0.998,0.0008694587126288914,0.0
2766.624528,0.998,0.0008694587126288914,0.0
2767.29744,0.998,0.0008694587126288914,0.0
2768.29744,0.998,0.0008694587126288914,0.0
2769.29744,0.998,0.0008694587126288914,0.0
2770.29744,0.998,0.0008694587126288914,0.0
2771.29744,0.998,0.0008694587126288914,0.0
2771.970352,0.998,0.0008694587126288914,0.0
2772.970352,0.998,0.0008694587126288914,0.0
2773.970352,0.998,0.0008694587126288914,0.0
2774.970352,0.998,0.0008694587126288914,0.0
2775.970352,0.998,0.0008694587126288914,0.0
2776.643264,0.998,0.0008694587126288914,0.0
2777.643264,0.998,0.0008694587126288914,0.0
2778.643264,0.998,0.0008694587126288914,0.0
2779.643264,0.998,0.0008694587126288914,0.0
2780.643264,0.998,0.0008694587126288914,0.0
2781.316175,0.998,0.0008694587126288914,0.0
2782.316175,0.998,0.0008694587126288914,0.0
2783.316175,0.998,0.0008694587126288914,0.0
2784.316175,0.998,0.0008694587126288914,0.0
2785.316175,0.998,0.0008694587126288914,0.0
2785.989087,0.998,0.0008694587126288914,0.0
2786.989087,0.998,0.0008694587126288914,0.0
2787.989087,0.998,0.0008694587126288914,0.0
2788.989087,0.998,0.0008694587126288914,0.0
2789.989087,0.998,0.0008694587126288914,0.0
2790.661999,0.998,0.0008694587126288914,0.0
2791.661999,0.998,0.0008694587126288914,0.0
2792.661999,0.998,0.0008694587126288914,0.0
2793.661999,0.998,0.0008694587126288914,0.0
2794.661999,0.998,0.0008694587126288914,0.0
2795.334911,0.998,0.0008694587126288914,0.0
2796.334911,0.998,0.0008694587126288914,0.0
2797.334911,0.998,0.0008694587126288914,0.0
2798.334911,0.998,0.0008694587126288914,0.0
2799.334911,0.998,0.0008694587126288914,0.0
2800.007823,0.998,0.0008694587126288914,0.0
2801.007823,0.998,0.0008694587126288914,0.0
2802.007823,0.998,0.0008694587126288914,0.0
2803.007823,0.998,0.0008694587126288914,0.0
2804.007823,0.998,0.0008694587126288914,0.0
2804.680735,0.998,0.0008694587126288914,0.0
2805.680735,0.998,0.0008694587126288914,0.0
2806.680735,0.998,0.0008694587126288914,0.0
2807.680735,0.998,0.0008694587126288914,0.0
2808.680735,0.998,0.0008694587126288914,0.0
2809.353646,0.998,0.0008694587126288914,0.0
2810.353646,0.998,0.0008694587126288914,0.0
2811.353646,0.998,0.0008694587126288914,0.0
2812.353646,0.998,0.0008694587126288914,0.0
2813.353646,0.998,0.0008694587126288914,0.0
2814.026558,0.998,0.0008694587126288914,0.0
2815.026558,0.998,0.0008694587126288914,0.0
2816.026558,0.998,0.0008694587126288914,0.0
2817.026558,0.998,0.0008694587126288914,0.0
2818.026558,0.998,0.0008694587126288914,0.0
2818.69947,0.998,0.0008694587126288914,0.0
2819.69947,0.998,0.0008694587126288914,0.0
2820.69947,0.998,0.0008694587126288914,0.0
2821.69947,0.998,0.0008694587126288914,0.0
2822.69947,0.998,0.0008694587126288914,0.0
2823.372382,0.998,0.0008694587126288914,0.0
2824.372382,0.998,0.0008694587126288914,0.0
2825.372382,0.998,0.0008694587126288914,0.0
2826.372382,0.998,0.0008694587126288914,0.0
2827.372382,0.998,0.0008694587126288914,0.0
2828.045294,0.998,0.0008694587126288914,0.0
2829.045294,0.998,0.0008694587126288914,0.0
2830.045294,0.998,0.0008694587126288914,0.0
2831.045294,0.998,0.0008694587126288914,0.0
2832.045294,0.998,0.0008694587126288914,0.0
2832.718205,0.998,0.0008694587126288914,0.0
2833.718205,0.9984,0.0006954276616512517,-9.979657022910932e-05
2834.718205,0.9994,0.0002606548934319938,-0.00034911317697000773
2835.718205,0.9996,0.00017375254558756316,-0.0003989465613632646
2836.718205,0.9986,0.0006084382809090492,-0.0001496798628694632
2837.391117,0.9986,0.0006084382809090492,-0.0001496798628694632
2838.391117,1.0,-0.0,-0.0004985834251344526
2839.391117,1.0,-0.0,-0.0004985834251344526
2840.391117,1.0,-0.0,-0.0004985834251344526
2841.391117,1.0,-0.0,-0.0004985834251344526
2842.064029,1.0,-0.0,-0.0004985834251344526
2843.064029,1.0,-0.0,-0.0004985834251344526
2844.064029,1.0,-0.0,-0.0004985834251344526
2845.064029,1.0,-0.0,-0.0004985834251344526
2846.064029,1.0,-0.0,-0.0004985834251344526
2846.736941,1.0,-0.0,-0.0004985834251344526
2847.736941,1.0,-0.0,-0.0004985834251344526
2848.736941,1.0,-0.0,-0.0004985834251344526
2849.736941,1.0,-0.0,-0.0004985834251344526
2850.736941,1.0,-0.0,-0.0004985834251344526
2851.409853,1.0,-0.0,-0.0004985834251344526
2852.409853,1.0,-0.0,-0.0004985834251344526
2853.409853,0.999,0.0004345117740176917,-0.0002494164832149736
2854.409853,0.9975,0.0010870956412141377,0.00012480197588874984
2855.409853,0.9961,0.0016970599014588432,0.000474580597535864
2856.082765,0.9946,0.002351545103793844,0.0008498893604940891
2857.082765,0.9931,0.0030070181092943012,0.001225764570459444
2858.082765,0.992,0.0034883278458213473,0.0015017673909529371
2859.082765,0.992,0.0034883278458213473,0.0015017673909529371
2860.082765,0.9919,0.0035321097382827633,0.0015268737307770322
2860.755676,0.9914,0.003751085430867906,0.0016524434090659302
2861.755676,0.991,0.0039263455147246756,0.0017529447573524433
2862.755676,0.991,0.0039263455147246756,0.0017529447573524433
2863.755676,0.991,0.0039263455147246756,0.0017529447573524433
2864.755676,0.991,0.0039263455147246756,0.0017529447573524433
2865.428588,0.991,0.0039263455147246756,0.0017529447573524433
2866.428588,0.991,0.0039263455147246756,0.0017529447573524433
2867.428588,0.991,0.0039263455147246756,0.0017529447573524433
2868.428588,0.991,0.0039263455147246756,0.0017529447573524433
2869.428588,0.9911,0.0038825238627119936,0.0017278156177645827
2870.1015,0.9916,0.003663481904216162,0.0016022079398740462
2871.1015,0.992,0.0034883278458213473,0.0015017673909529371
2872.1015,0.992,0.0034883278458213473,0.0015017673909529371
2873.1015,0.9922,0.0034007772998332414,0.0014515623030550225
2874.1015,0.9932,0.002963289117473315,0.0012006885660407157
2874.774412,0.994,0.00261361560268669,0.001000171375116284
2875.774412,0.994,0.00261361560268669,0.001000171375116284
2876.774412,0.9941,0.0025699262025288046,0.000975118074187335
2877.774412,0.9946,0.002351545103793844,0.0008498893604940891
2878.774412,0.995,0.002176919254274547,0.0007497517082908076
2879.447324,0.995,0.002176919254274547,0.0007497517082908076
2880.447324,0.9951,0.002133273760855249,0.0007247235852935917
2881.447324,0.9961,0.0016970599014588432,0.000474580597535864
2882.447324,0.997,0.0013048416883442813,0.00024966652484401835
2883.447324,0.997,0.0013048416883442813,0.00024966652484401835
2884.120235,0.997,0.0013048416883442813,0.00024966652484401835
2885.120235,0.997,0.0013048416883442813,0.00024966652484401835
2886.120235,0.997,0.0013048416883442813,0.00024966652484401835
2887.120235,0.9975,0.0010870956412141377,0.00012480197588874984
2888.120235,0.998,0.0008694587126288914,0.0
2888.793147,0.998,0.0008694587126288914,0.0
2889.793147,0.998,0.0008694587126288914,0.0
2890.793147,0.998,0.0008694587126288914,0.0
2891.793147,0.998,0.0008694587126288914,0.0
2892.793147,0.998,0.0008694587126288914,0.0
2893.466059,0.998,0.0008694587126288914,0.0
2894.466059,0.998,0.0008694587126288914,0.0
2895.466059,0.998,0.0008694587126288914,0.0
2896.466059,0.999,0.0004345117740176917,-0.0002494164832149736
2897.466059,1.0,-0.0,-0.0004985834251344526
2898.138971,1.0,-0.0,-0.0004985834251344526
2899.138971,1.0,-0.0,-0.0004985834251344526
2900.138971,1.0,-0.0,-0.0004985834251344526
2901.138971,1.0,-0.0,-0.0004985834251344526
2902.138971,1.0,-0.0,-0.0004985834251344526
2902.811883,1.0,-0.0,-0.0004985834251344526
2903.811883,1.0,-0.0,-0.0004985834251344526
2904.811883,1.0,-0.0,-0.0004985834251344526
2905.811883,1.0,-0.0,-0.0004985834251344526
2906.811883,1.0,-0.0,-0.0004985834251344526
2907.484795,1.0,-0.0,-0.0004985834251344526
2908.484795,1.0,-0.0,-0.0004985834251344526
2909.484795,1.0,-0.0,-0.0004985834251344526
2910.484795,1.0,-0.0,-0.0004985834251344526
2911.484795,1.0,-0.0,-0.0004985834251344526
2912.157706,1.0,-0.0,-0.0004985834251344526
2913.157706,1.0,-0.0,-0.0004985834251344526
2914.157706,1.0,-0.0,-0.0004985834251344526
2915.157706,1.0,-0.0,-0.0004985834251344526
2916.157706,1.0,-0.0,-0.0004985834251344526
2916.830618,1.0,-0.0,-0.0004985834251344526
2917.830618,1.0,-0.0,-0.0004985834251344526
2918.830618,1.0,-0.0,-0.0004985834251344526
2919.830618,1.0,-0.0,-0.0004985834251344526
2920.830618,1.0,-0.0,-0.0004985834251344526
2921.50353,1.0,-0.0,-0.0004985834251344526
2922.50353,1.0,-0.0,-0.0004985834251344526
2923.50353,1.0,-0.0,-0.0004985834251344526
2924.50353,1.0,-0.0,-0.0004985834251344526
2925.50353,1.0,-0.0,-0.0004985834251344526
2926.176442,0.9988,0.0005214663206898395,-0.0001995531658646559
2927.176442,0.9973,0.0011741809597139673,0.00017474028318949258
2928.176442,0.995,0.002176919254274547,0.0007497517082908076
2929.176442,0.9925,0.003269484564847303,0.001376273642933792
2930.176442,0.9908,0.004014002086200619,0.0018032106446306043
2930.849354,0.9893,0.004671990922590423,0.0021805285356153686
2931.849354,0.9878,0.005330978174470584,0.0025584189591513155
2932.849354,0.9863,0.005990966876386762,0.0029368836553718717
2933.849354,0.9856,0.006299305179649748,0.0031136975340621898
2934.849354,0.9851,0.006519680930003503,0.0032400700631219433
2935.522266,0.9846,0.006740168563263142,0.0033665067504466254
2936.522266,0.9841,0.0069607681930904846,0.0034930076612146037
2937.522266,0.984,0.007004901568658488,0.003518315555924071
2938.522266,0.984,0.007004901568658488,0.003518315555924071
2939.522266,0.984,0.007004901568658488,0.003518315555924071
2940.195177,0.984,0.007004901568658488,0.003518315555924071
2941.195177,0.984,0.007004901568658488,0.003518315555924071
2942.195177,0.984,0.007004901568658488,0.003518315555924071
2943.195177,0.9844,0.006828394969235067,0.003417099404287292
2944.195177,0.9849,0.006607862550997468,0.0032906370354122594
2944.868089,0.9854,0.00638744206110967,0.0031642388508615693
2945.868089,0.9858,0.006211186181294638,0.0030631664721714334
2946.868089,0.986,0.0061230850587887945,0.003012645661028671
2947.868089,0.986,0.0061230850587887945,0.003012645661028671
2948.868089,0.986,0.0061230850587887945,0.003012645661028671
2949.541001,0.986,0.0061230850587887945,0.003012645661028671
2950.541001,0.986,0.0061230850587887945,0.003012645661028671
2951.541001,0.986,0.0061230850587887945,0.003012645661028671
2952.541001,0.9866,0.005858888873877561,0.0028611446905199987
2953.541001,0.9876,0.005418918740105317,0.002608847700373374
2954.213913,0.988,0.005243055412371883,0.002508000427209865
2955.213913,0.988,0.005243055412371883,0.002508000427209865
2956.213913,0.988,0.005243055412371883,0.002508000427209865
2957.213913,0.988,0.005243055412371883,0.002508000427209865
2958.213913,0.988,0.005243055412371883,0.002508000427209865
2958.886825,0.988,0.005243055412371883,0.002508000427209865
2959.886825,0.988,0.005243055412371883,0.002508000427209865
2960.886825,0.988,0.005243055412371883,0.002508000427209865
2961.886825,0.9883,0.005111204635089385,0.0024323917626588127
2962.886825,0.9888,0.004891542255259376,0.0023064283096298735
2963.559736,0.989,0.004803708402820599,0.002256060762148213
2964.559736,0.989,0.004803708402820599,0.002256060762148213
2965.559736,0.989,0.004803708402820599,0.002256060762148213
2966.559736,0.989,0.004803708402820599,0.002256060762148213
2967.559736,0.989,0.004803708402820599,0.002256060762148213
2968.232648,0.989,0.004803708402820599,0.002256060762148213
2969.232648,0.9895,0.004584201457584909,0.00213018644171556
2970.232648,0.9905,0.004145520125434108,0.0018786285034841147
2971.232648,0.9913,0.0037948938216755385,0.0016775649441327955
2972.232648,0.9918,0.0035758960449088746,0.0015519826018649133
2972.90556,0.992,0.0034883278458213473,0.0015017673909529371
2973.90556,0.992,0.0034883278458213473,0.0015017673909529371
2974.90556,0.992,0.0034883278458213473,0.0015017673909529371
2975.90556,0.992,0.0034883278458213473,0.0015017673909529371
2976.90556,0.992,0.0034883278458213473,0.0015017673909529371
2977.578472,0.992,0.0034883278458213473,0.0015017673909529371
2978.578472,0.992,0.0034883278458213473,0.0015017673909529371
2979.578472,0.992,0.0034883278458213473,0.0015017673909529371
2980.578472,0.992,0.0034883278458213473,0.0015017673909529371
2981.578472,0.992,0.0034883278458213473,0.0015017673909529371
2982.251384,0.992,0.0034883278458213473,0.0015017673909529371
2983.251384,0.992,0.0034883278458213473,0.0015017673909529371
2984.251384,0.992,0.0034883278458213473,0.0015017673909529371
2985.251384,0.992,0.0034883278458213473,0.0015017673909529371
2986.251384,0.992,0.0034883278458213473,0.0015017673909529371
2986.924296,0.992,0.0034883278458213473,0.0015017673909529371
2987.924296,0.992,0.0034883278458213473,0.0015017673909529371
2988.924296,0.992,0.0034883278458213473,0.0015017673909529371
2989.924296,0.992,0.0034883278458213473,0.0015017673909529371
2990.924296,0.992,0.0034883278458213473,0.0015017673909529371
2991.597207,0.992,0.0034883278458213473,0.0015017673909529371
2992.597207,0.992,0.0034883278458213473,0.0015017673909529371
2993.597207,0.992,0.0034883278458213473,0.0015017673909529371
2994.597207,0.992,0.0034883278458213473,0.0015017673909529371
2995.597207,0.992,0.0034883278458213473,0.0015017673909529371
2996.270119,0.992,0.0034883278458213473,0.0015017673909529371
2997.270119,0.992,0.0034883278458213473,0.0015017673909529371
2998.270119,0.992,0.0034883278458213473,0.0015017673909529371
2999.270119,0.992,0.0034883278458213473,0.0015017673909529371
3000.270119,0.992,0.0034883278458213473,0.0015017673909529371
3000.943031,0.992,0.0034883278458213473,0.0015017673909529371
3001.943031,0.992,0.0034883278458213473,0.0015017673909529371
3002.943031,0.992,0.0034883278458213473,0.0015017673909529371
3003.943031,0.992,0.0034883278458213473,0.0015017673909529371
3004.943031,0.992,0.0034883278458213473,0.0015017673909529371
3005.615943,0.992,0.0034883278458213473,0.0015017673909529371
3006.615943,0.992,0.0034883278458213473,0.0015017673909529371
3007.615943,0.992,0.0034883278458213473,0.0015017673909529371
3008.615943,0.992,0.0034883278458213473,0.0015017673909529371
3009.615943,0.992,0.0034883278458213473,0.0015017673909529371
3010.288855,0.992,0.0034883278458213473,0.0015017673909529371
3011.288855,0.992,0.0034883278458213473,0.0015017673909529371
3012.288855,0.992,0.0034883278458213473,0.0015017673909529371
3013.288855,0.992,0.0034883278458213473,0.0015017673909529371
3014.288855,0.992,0.0034883278458213473,0.0015017673909529371
3014.961767,0.992,0.0034883278458213473,0.0015017673909529371
3015.961767,0.992,0.0034883278458213473,0.0015017673909529371
3016.961767,0.992,0.0034883278458213473,0.0015017673909529371
3017.961767,0.992,0.0034883278458213473,0.0015017673909529371
3018.961767,0.992,0.0034883278458213473,0.0015017673909529371
3019.634678,0.992,0.0034883278458213473,0.0015017673909529371
3020.634678,0.992,0.0034883278458213473,0.0015017673909529371
3021.634678,0.992,0.0034883278458213473,0.0015017673909529371
3022.634678,0.992,0.0034883278458213473,0.0015017673909529371
3023.634678,0.992,0.0034883278458213473,0.0015017673909529371
3024.30759,0.992,0.0034883278458213473,0.0015017673909529371
3025.30759,0.992,0.0034883278458213473,0.0015017673909529371
3026.30759,0.992,0.0034883278458213473,0.0015017673909529371
3027.30759,0.992,0.0034883278458213473,0.0015017673909529371
3028.30759,0.992,0.0034883278458213473,0.0015017673909529371
3028.980502,0.992,0.0034883278458213473,0.0015017673909529371
3029.980502,0.992,0.0034883278458213473,0.0015017673909529371
3030.980502,0.992,0.0034883278458213473,0.0015017673909529371
3031.980502,0.992,0.0034883278458213473,0.0015017673909529371
3032.980502,0.992,0.0034883278458213473,0.0015017673909529371
3033.653414,0.992,0.0034883278458213473,0.0015017673909529371
3034.653414,0.992,0.0034883278458213473,0.0015017673909529371
3035.653414,0.992,0.0034883278458213473,0.0015017673909529371
3036.653414,0.992,0.0034883278458213473,0.0015017673909529371
3037.653414,0.9915,0.0037072814586785003,0.0016273244078166898
3038.326326,0.991,0.0039263455147246756,0.0017529447573524433
3039.326326,0.991,0.0039263455147246756,0.0017529447573524433
3040.326326,0.991,0.0039263455147246756,0.0017529447573524433
3041.326326,0.991,0.0039263455147246756,0.0017529447573524433
3042.326326,0.991,0.0039263455147246756,0.0017529447573524433
3042.999237,0.991,0.0039263455147246756,0.0017529447573524433
3043.999237,0.991,0.0039263455147246756,0.0017529447573524433
3044.999237,0.991,0.0039263455147246756,0.0017529447573524433
3045.999237,0.991,0.0039263455147246756,0.0017529447573524433
3046.999237,0.991,0.0039263455147246756,0.0017529447573524433
3047.672149,0.991,0.0039263455147246756,0.0017529447573524433
3048.672149,0.991,0.0039263455147246756,0.0017529447573524433
3049.672149,0.991,0.0039263455147246756,0.0017529447573524433
3050.672149,0.991,0.0039263455147246756,0.0017529447573524433
3051.672149,0.991,0.0039263455147246756,0.0017529447573524433
3052.345061,0.991,0.0039263455147246756,0.0017529447573524433
3053.345061,0.991,0.0039263455147246756,0.0017529447573524433
3054.345061,0.991,0.0039263455147246756,0.0017529447573524433
3055.345061,0.991,0.0039263455147246756,0.0017529447573524433
3056.345061,0.991,0.0039263455147246756,0.0017529447573524433
3057.017973,0.991,0.0039263455147246756,0.0017529447573524433
3058.017973,0.991,0.0039263455147246756,0.0017529447573524433
3059.017973,0.991,0.0039263455147246756,0.0017529447573524433
3060.017973,0.991,0.0039263455147246756,0.0017529447573524433
3061.017973,0.991,0.0039263455147246756,0.0017529447573524433
3061.690885,0.9915,0.0037072814586785003,0.0016273244078166898
3062.690885,0.992,0.0034883278458213473,0.0015017673909529371
3063.690885,0.992,0.0034883278458213473,0.0015017673909529371
3064.690885,0.992,0.0034883278458213473,0.0015017673909529371
3065.690885,0.992,0.0034883278458213473,0.0015017673909529371
3066.363797,0.992,0.0034883278458213473,0.0015017673909529371
3067.363797,0.992,0.0034883278458213473,0.0015017673909529371
3068.363797,0.992,0.0034883278458213473,0.0015017673909529371
3069.363797,0.992,0.0034883278458213473,0.0015017673909529371
3070.363797,0.992,0.0034883278458213473,0.0015017673909529371
3071.036708,0.992,0.0034883278458213473,0.0015017673909529371
3072.036708,0.992,0.0034883278458213473,0.0015017673909529371
3073.036708,0.992,0.0034883278458213473,0.0015017673909529371
3074.036708,0.992,0.0034883278458213473,0.0015017673909529371
3075.036708,0.992,0.0034883278458213473,0.0015017673909529371
3075.70962,0.992,0.0034883278458213473,0.0015017673909529371
3076.70962,0.9928,0.0031382315093265774,0.001301007736651687
3077.70962,0.9938,0.0027010075904860013,0.0010502855392202288
3078.70962,0.994,0.00261361560268669,0.001000171375116284
3079.70962,0.994,0.00261361560268669,0.001000171375116284
3080.382532,0.994,0.00261361560268669,0.001000171375116284
3081.382532,0.994,0.00261361560268669,0.001000171375116284
3082.382532,0.994,0.00261361560268669,0.001000171375116284
3083.382532,0.994,0.00261361560268669,0.001000171375116284
3084.382532,0.994,0.00261361560268669,0.001000171375116284
3085.055444,0.994,0.00261361560268669,0.001000171375116284
3086.055444,0.994,0.00261361560268669,0.001000171375116284
3087.055444,0.994,0.00261361560268669,0.001000171375116284
3088.055444,0.994,0.00261361560268669,0.001000171375116284
3089.055444,0.994,0.00261361560268669,0.001000171375116284
3089.728356,0.994,0.00261361560268669,0.001000171375116284
3090.728356,0.994,0.00261361560268669,0.001000171375116284
3091.728356,0.994,0.00261361560268669,0.001000171375116284
3092.728356,0.994,0.00261361560268669,0.001000171375116284
3093.728356,0.994,0.00261361560268669,0.001000171375116284
3094.401267,0.994,0.00261361560268669,0.001000171375116284
3095.401267,0.994,0.00261361560268669,0.001000171375116284
3096.401267,0.994,0.00261361560268669,0.001000171375116284
3097.401267,0.994,0.00261361560268669,0.001000171375116284
3098.401267,0.994,0.00261361560268669,0.001000171375116284
3099.074179,0.994,0.00261361560268669,0.001000171375116284
3100.074179,0.994,0.00261361560268669,0.001000171375116284
3101.074179,0.994,0.00261361560268669,0.001000171375116284
3102.074179,0.994,0.00261361560268669,0.001000171375116284
3103.074179,0.994,0.00261361560268669,0.001000171375116284
3103.747091,0.994,0.00261361560268669,0.001000171375116284
3104.747091,0.994,0.00261361560268669,0.001000171375116284
3105.747091,0.994,0.00261361560268669,0.001000171375116284
3106.747091,0.994,0.00261361560268669,0.001000171375116284
3107.747091,0.994,0.00261361560268669,0.001000171375116284
3108.420003,0.994,0.00261361560268669,0.001000171375116284
3109.420003,0.994,0.00261361560268669,0.001000171375116284
3110.420003,0.994,0.00261361560268669,0.001000171375116284
3111.420003,0.994,0.00261361560268669,0.001000171375116284
3112.420003,0.994,0.00261361560268669,0.001000171375116284
3113.092915,0.994,0.00261361560268669,0.001000171375116284
3114.092915,0.994,0.00261361560268669,0.001000171375116284
3115.092915,0.994,0.00261361560268669,0.001000171375116284
3116.092915,0.994,0.00261361560268669,0.001000171375116284
3117.092915,0.994,0.00261361560268669,0.001000171375116284
3117.765827,0.994,0.00261361560268669,0.001000171375116284
3118.765827,0.994,0.00261361560268669,0.001000171375116284
3119.765827,0.994,0.00261361560268669,0.001000171375116284
3120.765827,0.994,0.00261361560268669,0.001000171375116284
3121.765827,0.994,0.00261361560268669,0.001000171375116284
3122.438738,0.994,0.00261361560268669,0.001000171375116284
3123.438738,0.994,0.00261361560268669,0.001000171375116284
3124.438738,0.994,0.00261361560268669,0.001000171375116284
3125.438738,0.9942,0.002526241197019637,0.0009500672933309072
3126.438738,0.9947,0.002307882058273408,0.0008248511723993859
3127.11165,0.995,0.002176919254274547,0.0007497517082908076
3128.11165,0.995,0.002176919254274547,0.0007497517082908076
3129.11165,0.995,0.002176919254274547,0.0007497517082908076
3130.11165,0.995,0.002176919254274547,0.0007497517082908076
3131.11165,0.995,0.002176919254274547,0.0007497517082908076
3131.784562,0.995,0.002176919254274547,0.0007497517082908076
3132.784562,0.995,0.002176919254274547,0.0007497517082908076
3133.784562,0.995,0.002176919254274547,0.0007497517082908076
3134.784562,0.995,0.002176919254274547,0.0007497517082908076
3135.784562,0.995,0.002176919254274547,0.0007497517082908076
3136.457474,0.9954,0.0020023635919956925,0.0006496543043411033
3137.457474,0.9964,0.0015662811355311203,0.00039958666843490634
3138.457474,0.997,0.0013048416883442813,0.00024966652484401835
3139.457474,0.997,0.0013048416883442813,0.00024966652484401835
3140.457474,0.997,0.0013048416883442813,0.00024966652484401835
3141.130386,0.997,0.0013048416883442813,0.00024966652484401835
3142.130386,0.997,0.0013048416883442813,0.00024966652484401835
3143.130386,0.997,0.0013048416883442813,0.00024966652484401835
3144.130386,0.997,0.0013048416883442813,0.00024966652484401835
3145.130386,0.997,0.0013048416883442813,0.00024966652484401835
3145.803298,0.997,0.0013048416883442813,0.00024966652484401835
3146.803298,0.997,0.0013048416883442813,0.00024966652484401835
3147.803298,0.997,0.0013048416883442813,0.00024966652484401835
3148.803298,0.997,0.0013048416883442813,0.00024966652484401835
3149.803298,0.9972,0.0012177301682641918,0.00019971319247832412
3150.476209,0.9977,0.0010000277816796898,7.487368027761684e-05
3151.476209,0.998,0.0008694587126288914,0.0
3152.476209,0.998,0.0008694587126288914,0.0
3153.476209,0.998,0.0008694587126288914,0.0
3154.476209,0.998,0.0008694587126288914,0.0
3155.149121,0.998,0.0008694587126288914,0.0
3156.149121,0.998,0.0008694587126288914,0.0
3157.149121,0.998,0.0008694587126288914,0.0
3158.149121,0.998,0.0008694587126288914,0.0
3159.149121,0.998,0.0008694587126288914,0.0
3159.822033,0.998,0.0008694587126288914,0.0
3160.822033,0.998,0.0008694587126288914,0.0
3161.822033,0.998,0.0008694587126288914,0.0
3162.822033,0.998,0.0008694587126288914,0.0
3163.822033,0.998,0.0008694587126288914,0.0
3164.494945,0.998,0.0008694587126288914,0.0
3165.494945,0.998,0.0008694587126288914,0.0
3166.494945,0.998,0.0008694587126288914,0.0
3167.494945,0.998,0.0008694587126288914,0.0
3168.494945,0.998,0.0008694587126288914,0.0
3169.167857,0.998,0.0008694587126288914,0.0
3170.167857,0.998,0.0008694587126288914,0.0
3171.167857,0.998,0.0008694587126288914,0.0
3172.167857,0.998,0.0008694587126288914,0.0
3173.167857,0.998,0.0008694587126288914,0.0
3173.840768,0.998,0.0008694587126288914,0.0
3174.840768,0.998,0.0008694587126288914,0.0
3175.840768,0.998,0.0008694587126288914,0.0
3176.840768,0.998,0.0008694587126288914,0.0
3177.840768,0.998,0.0008694587126288914,0.0
3178.51368,0.998,0.0008694587126288914,0.0
3179.51368,0.998,0.0008694587126288914,0.0
3180.51368,0.998,0.0008694587126288914,0.0
3181.51368,0.998,0.0008694587126288914,0.0
3182.51368,0.998,0.0008694587126288914,0.0
3183.186592,0.998,0.0008694587126288914,0.0
3184.186592,0.998,0.0008694587126288914,0.0
3185.186592,0.998,0.0008694587126288914,0.0
3186.186592,0.998,0.0008694587126288914,0.0
3187.186592,0.998,0.0008694587126288914,0.0
3187.859504,0.998,0.0008694587126288914,0.0
3188.859504,0.998,0.0008694587126288914,0.0
3189.859504,0.998,0.0008694587126288914,0.0
3190.859504,0.998,0.0008694587126288914,0.0
3191.859504,0.998,0.0008694587126288914,0.0
3192.532416,0.998,0.0008694587126288914,0.0
3193.532416,0.998,0.0008694587126288914,0.0
3194.532416,0.998,0.0008694587126288914,0.0
3195.532416,0.998,0.0008694587126288914,0.0
3196.532416,0.998,0.0008694587126288914,0.0
3197.205328,0.998,0.0008694587126288914,0.0
3198.205328,0.998,0.0008694587126288914,0.0
3199.205328,0.998,0.0008694587126288914,0.0
3200.205328,0.998,0.0008694587126288914,0.0
3201.205328,0.998,0.0008694587126288914,0.0
3201.878239,0.998,0.0008694587126288914,0.0
3202.878239,0.998,0.0008694587126288914,0.0
3203.878239,0.998,0.0008694587126288914,0.0
3204.878239,0.998,0.0008694587126288914,0.0
3205.878239,0.998,0.0008694587126288914,0.0
3206.551151,0.998,0.0008694587126288914,0.0
3207.551151,0.998,0.0008694587126288914,0.0
3208.551151,0.998,0.0008694587126288914,0.0
3209.551151,0.998,0.0008694587126288914,0.0
3210.551151,0.998,0.0008694587126288914,0.0
3211.224063,0.998,0.0008694587126288914,0.0
3212.224063,0.998,0.0008694587126288914,0.0
3213.224063,0.998,0.0008694587126288914,0.0
3214.224063,0.998,0.0008694587126288914,0.0
3215.224063,0.998,0.0008694587126288914,0.0
3215.896975,0.998,0.0008694587126288914,0.0
3216.896975,0.998,0.0008694587126288914,0.0
3217.896975,0.998,0.0008694587126288914,0.0
3218.896975,0.998,0.0008694587126288914,0.0
3219.896975,0.998,0.0008694587126288914,0.0
3220.569887,0.998,0.0008694587126288914,0.0
3221.569887,0.998,0.0008694587126288914,0.0
3222.569887,0.998,0.0008694587126288914,0.0
3223.569887,0.998,0.0008694587126288914,0.0
3224.569887,0.998,0.0008694587126288914,0.0
3225.242798,0.998,0.0008694587126288914,0.0
3226.242798,0.998,0.0008694587126288914,0.0
3227.242798,0.998,0.0008694587126288914,0.0
3228.242798,0.998,0.0008694587126288914,0.0
3229.242798,0.998,0.0008694587126288914,0.0
3229.91571,0.998,0.0008694587126288914,0.0
3230.91571,0.998,0.0008694587126288914,0.0
3231.91571,0.998,0.0008694587126288914,0.0
3232.91571,0.998,0.0008694587126288914,0.0
3233.91571,0.998,0.0008694587126288914,0.0
3234.588622,0.998,0.0008694587126288914,0.0
3235.588622,0.998,0.0008694587126288914,0.0
3236.588622,0.998,0.0008694587126288914,0.0
3237.588622,0.998,0.0008694587126288914,0.0
3238.588622,0.998,0.0008694587126288914,0.0
3239.261534,0.998,0.0008694587126288914,0.0
3240.261534,0.998,0.0008694587126288914,0.0
3241.261534,0.998,0.0008694587126288914,0.0
3242.261534,0.998,0.0008694587126288914,0.0
3243.261534,0.998,0.0008694587126288914,0.0
3243.934446,0.998,0.0008694587126288914,0.0
3244.934446,0.998,0.0008694587126288914,0.0
3245.934446,0.998,0.0008694587126288914,0.0
3246.934446,0.998,0.0008694587126288914,0.0
3247.934446,0.998,0.0008694587126288914,0.0
3248.607358,0.998,0.0008694587126288914,0.0
3249.607358,0.998,0.0008694587126288914,0.0
3250.607358,0.998,0.0008694587126288914,0.0
3251.607358,0.9987,0.0005649501236701673,-0.0001746177628226287
3252.607358,0.9996,0.00017375254558756316,-0.0003989465613632646
3253.280269,1.0,-0.0,-0.0004985834251344526
3254.280269,1.0,-0.0,-0.0004985834251344526
3255.280269,1.0,-0.0,-0.0004985834251344526
3256.280269,1.0,-0.0,-0.0004985834251344526
3257.280269,1.0,-0.0,-0.0004985834251344526
3257.953181,1.0,-0.0,-0.0004985834251344526
3258.953181,1.0,-0.0,-0.0004985834251344526
3259.953181,1.0,-0.0,-0.0004985834251344526
3260.953181,1.0,-0.0,-0.0004985834251344526
3261.953181,1.0,-0.0,-0.0004985834251344526
3262.626093,1.0,-0.0,-0.0004985834251344526
3263.626093,1.0,-0.0,-0.0004985834251344526
3264.626093,1.0,-0.0,-0.0004985834251344526
3265.626093,1.0,-0.0,-0.0004985834251344526
3266.626093,1.0,-0.0,-0.0004985834251344526
3267.299005,1.0,-0.0,-0.0004985834251344526
3268.299005,1.0,-0.0,-0.0004985834251344526
3269.299005,1.0,-0.0,-0.0004985834251344526
3270.299005,1.0,-0.0,-0.0004985834251344526
3271.299005,1.0,-0.0,-0.0004985834251344526
3271.971917,1.0,-0.0,-0.0004985834251344526
3272.971917,1.0,-0.0,-0.0004985834251344526
3273.971917,1.0,-0.0,-0.0004985834251344526
3274.971917,1.0,-0.0,-0.0004985834251344526
3275.971917,1.0,-0.0,-0.0004985834251344526
3276.644829,1.0,-0.0,-0.0004985834251344526
3277.644829,1.0,-0.0,-0.0004985834251344526
3278.644829,1.0,-0.0,-0.0004985834251344526
3279.644829,1.0,-0.0,-0.0004985834251344526
3280.644829,1.0,-0.0,-0.0004985834251344526
3281.31774,1.0,-0.0,-0.0004985834251344526
3282.31774,1.0,-0.0,-0.0004985834251344526
3283.31774,1.0,-0.0,-0.0004985834251344526
3284.31774,1.0,-0.0,-0.0004985834251344526
3285.31774,1.0,-0.0,-0.0004985834251344526
3285.990652,1.0,-0.0,-0.0004985834251344526
3286.990652,1.0,-0.0,-0.0004985834251344526
3287.990652,1.0,-0.0,-0.0004985834251344526
3288.990652,1.0,-0.0,-0.0004985834251344526
3289.990652,1.0,-0.0,-0.0004985834251344526
3290.663564,1.0,-0.0,-0.0004985834251344526
3291.663564,1.0,-0.0,-0.0004985834251344526
3292.663564,1.0,-0.0,-0.0004985834251344526
3293.663564,1.0,-0.0,-0.0004985834251344526
3294.663564,1.0,-0.0,-0.0004985834251344526
3295.336476,1.0,-0.0,-0.0004985834251344526
3296.336476,1.0,-0.0,-0.0004985834251344526
3297.336476,1.0,-0.0,-0.0004985834251344526
3298.336476,1.0,-0.0,-0.0004985834251344526
3299.336476,1.0,-0.0,-0.0004985834251344526
3300.009388,1.0,-0.0,-0.0004985834251344526
3301.009388,1.0,-0.0,-0.0004985834251344526
3302.009388,1.0,-0.0,-0.0004985834251344526
3303.009388,1.0,-0.0,-0.0004985834251344526
3304.009388,1.0,-0.0,-0.0004985834251344526
3304.682299,1.0,-0.0,-0.0004985834251344526
3305.682299,1.0,-0.0,-0.0004985834251344526
3306.682299,1.0,-0.0,-0.0004985834251344526
3307.682299,1.0,-0.0,-0.0004985834251344526
3308.682299,1.0,-0.0,-0.0004985834251344526
3309.355211,1.0,-0.0,-0.0004985834251344526
3310.355211,1.0,-0.0,-0.0004985834251344526
3311.355211,1.0,-0.0,-0.0004985834251344526
3312.355211,1.0,-0.0,-0.0004985834251344526
3313.355211,1.0,-0.0,-0.0004985834251344526
3314.028123,1.0,-0.0,-0.0004985834251344526
3315.028123,1.0,-0.0,-0.0004985834251344526
3316.028123,1.0,-0.0,-0.0004985834251344526
3317.028123,1.0,-0.0,-0.0004985834251344526
3318.028123,1.0,-0.0,-0.0004985834251344526
3318.701035,1.0,-0.0,-0.0004985834251344526
3319.701035,1.0,-0.0,-0.0004985834251344526
3320.701035,1.0,-0.0,-0.0004985834251344526
3321.701035,1.0,-0.0,-0.0004985834251344526
3322.701035,1.0,-0.0,-0.0004985834251344526
3323.373947,1.0,-0.0,-0.0004985834251344526
3324.373947,1.0,-0.0,-0.0004985834251344526
3325.373947,1.0,-0.0,-0.0004985834251344526
3326.373947,1.0,-0.0,-0.0004985834251344526
3327.373947,1.0,-0.0,-0.0004985834251344526
3328.046859,1.0,-0.0,-0.0004985834251344526
3329.046859,1.0,-0.0,-0.0004985834251344526
3330.046859,1.0,-0.0,-0.0004985834251344526
3331.046859,1.0,-0.0,-0.0004985834251344526
3332.046859,1.0,-0.0,-0.0004985834251344526
3332.71977,1.0,-0.0,-0.0004985834251344526
3333.71977,1.0,-0.0,-0.0004985834251344526
3334.71977,1.0,-0.0,-0.0004985834251344526
3335.71977,1.0,-0.0,-0.0004985834251344526
3336.71977,1.0,-0.0,-0.0004985834251344526
3337.392682,1.0,-0.0,-0.0004985834251344526
3338.392682,1.0,-0.0,-0.0004985834251344526
3339.392682,1.0,-0.0,-0.0004985834251344526
3340.392682,1.0,-0.0,-0.0004985834251344526
3341.392682,1.0,-0.0,-0.0004985834251344526
3342.065594,1.0,-0.0,-0.0004985834251344526
3343.065594,1.0,-0.0,-0.0004985834251344526
3344.065594,1.0,-0.0,-0.0004985834251344526
3345.065594,1.0,-0.0,-0.0004985834251344526
3346.065594,1.0,-0.0,-0.0004985834251344526
3346.738506,1.0,-0.0,-0.0004985834251344526
3347.738506,1.0,-0.0,-0.0004985834251344526
3348.738506,1.0,-0.0,-0.0004985834251344526
3349.738506,1.0,-0.0,-0.0004985834251344526
3350.738506,1.0,-0.0,-0.0004985834251344526
3351.411418,1.0,-0.0,-0.0004985834251344526
3352.411418,1.0,-0.0,-0.0004985834251344526
3353.411418,1.0,-0.0,-0.0004985834251344526
3354.411418,1.0,-0.0,-0.0004985834251344526
3355.411418,1.0,-0.0,-0.0004985834251344526
3356.084329,1.0,-0.0,-0.0004985834251344526
3357.084329,1.0,-0.0,-0.0004985834251344526
3358.084329,1.0,-0.0,-0.0004985834251344526
3359.084329,1.0,-0.0,-0.0004985834251344526
3360.084329,1.0,-0.0,-0.0004985834251344526
3360.757241,1.0,-0.0,-0.0004985834251344526
3361.757241,1.0,-0.0,-0.0004985834251344526
3362.757241,1.0,-0.0,-0.0004985834251344526
3363.757241,1.0,-0.0,-0.0004985834251344526
3364.757241,1.0,-0.0,-0.0004985834251344526
3365.430153,1.0,-0.0,-0.0004985834251344526
3366.430153,1.0,-0.0,-0.0004985834251344526
3367.430153,1.0,-0.0,-0.0004985834251344526
3368.430153,1.0,-0.0,-0.0004985834251344526
3369.430153,1.0,-0.0,-0.0004985834251344526
3370.103065,1.0,-0.0,-0.0004985834251344526
3371.103065,1.0,-0.0,-0.0004985834251344526
3372.103065,1.0,-0.0,-0.0004985834251344526
3373.103065,1.0,-0.0,-0.0004985834251344526
3374.103065,1.0,-0.0,-0.0004985834251344526
3374.775977,1.0,-0.0,-0.0004985834251344526
3375.775977,1.0,-0.0,-0.0004985834251344526
3376.775977,1.0,-0.0,-0.0004985834251344526
3377.775977,1.0,-0.0,-0.0004985834251344526
3378.775977,1.0,-0.0,-0.0004985834251344526
3379.448889,1.0,-0.0,-0.0004985834251344526
3380.448889,1.0,-0.0,-0.0004985834251344526
3381.448889,1.0,-0.0,-0.0004985834251344526
3382.448889,1.0,-0.0,-0.0004985834251344526
3383.448889,1.0,-0.0,-0.0004985834251344526
3384.1218,1.0,-0.0,-0.0004985834251344526
3385.1218,1.0,-0.0,-0.0004985834251344526
3386.1218,1.0,-0.0,-0.0004985834251344526
3387.1218,1.0,-0.0,-0.0004985834251344526
3388.1218,1.0,-0.0,-0.0004985834251344526
3388.794712,1.0,-0.0,-0.0004985834251344526
3389.794712,1.0,-0.0,-0.0004985834251344526
3390.794712,1.0,-0.0,-0.0004985834251344526
3391.794712,1.0,-0.0,-0.0004985834251344526
3392.794712,1.0,-0.0,-0.0004985834251344526
3393.467624,1.0,-0.0,-0.0004985834251344526
3394.467624,1.0,-0.0,-0.0004985834251344526
3395.467624,1.0,-0.0,-0.0004985834251344526
3396.467624,1.0,-0.0,-0.0004985834251344526
3397.467624,1.0,-0.0,-0.0004985834251344526
3398.140536,1.0,-0.0,-0.0004985834251344526
3399.140536,1.0,-0.0,-0.0004985834251344526
3400.140536,1.0,-0.0,-0.0004985834251344526
3401.140536,1.0,-0.0,-0.0004985834251344526
3402.140536,1.0,-0.0,-0.0004985834251344526
3402.813448,1.0,-0.0,-0.0004985834251344526
3403.813448,1.0,-0.0,-0.0004985834251344526
3404.813448,1.0,-0.0,-0.0004985834251344526
3405.813448,1.0,-0.0,-0.0004985834251344526
3406.813448,1.0,-0.0,-0.0004985834251344526
3407.48636,1.0,-0.0,-0.0004985834251344526
3408.48636,1.0,-0.0,-0.0004985834251344526
3409.48636,1.0,-0.0,-0.0004985834251344526
3410.48636,1.0,-0.0,-0.0004985834251344526
3411.48636,1.0,-0.0,-0.0004985834251344526
3412.159271,1.0,-0.0,-0.0004985834251344526
3413.159271,1.0,-0.0,-0.0004985834251344526
3414.159271,1.0,-0.0,-0.0004985834251344526
3415.159271,1.0,-0.0,-0.0004985834251344526
3416.159271,1.0,-0.0,-0.0004985834251344526
3416.832183,1.0,-0.0,-0.0004985834251344526
3417.832183,1.0,-0.0,-0.0004985834251344526
3418.832183,1.0,-0.0,-0.0004985834251344526
3419.832183,1.0,-0.0,-0.0004985834251344526
3420.832183,1.0,-0.0,-0.0004985834251344526
3421.505095,1.0,-0.0,-0.0004985834251344526
3422.505095,1.0,-0.0,-0.0004985834251344526
3423.505095,1.0,-0.0,-0.0004985834251344526
3424.505095,1.0,-0.0,-0.0004985834251344526
3425.505095,1.0,-0.0,-0.0004985834251344526
3426.178007,1.0,-0.0,-0.0004985834251344526
3427.178007,1.0,-0.0,-0.0004985834251344526
3428.178007,1.0,-0.0,-0.0004985834251344526
3429.178007,1.0,-0.0,-0.0004985834251344526
3430.178007,1.0,-0.0,-0.0004985834251344526
3430.850919,1.0,-0.0,-0.0004985834251344526
3431.850919,1.0,-0.0,-0.0004985834251344526
3432.850919,1.0,-0.0,-0.0004985834251344526
3433.850919,1.0,-0.0,-0.0004985834251344526
3434.850919,1.0,-0.0,-0.0004985834251344526
3435.52383,1.0,-0.0,-0.0004985834251344526
3436.52383,1.0,-0.0,-0.0004985834251344526
3437.52383,1.0,-0.0,-0.0004985834251344526
3438.52383,1.0,-0.0,-0.0004985834251344526
3439.52383,1.0,-0.0,-0.0004985834251344526
3440.196742,1.0,-0.0,-0.0004985834251344526
3441.196742,1.0,-0.0,-0.0004985834251344526
3442.196742,1.0,-0.0,-0.0004985834251344526
3443.196742,1.0,-0.0,-0.0004985834251344526
3444.196742,1.0,-0.0,-0.0004985834251344526
3444.869654,1.0,-0.0,-0.0004985834251344526
3445.869654,1.0,-0.0,-0.0004985834251344526
3446.869654,1.0,-0.0,-0.0004985834251344526
3447.869654,1.0,-0.0,-0.0004985834251344526
3448.869654,1.0,-0.0,-0.0004985834251344526
3449.542566,1.0,-0.0,-0.0004985834251344526
3450.542566,1.0,-0.0,-0.0004985834251344526
3451.542566,1.0,-0.0,-0.0004985834251344526
3452.542566,1.0,-0.0,-0.0004985834251344526
3453.542566,1.0,-0.0,-0.0004985834251344526
3454.215478,1.0,-0.0,-0.0004985834251344526
3455.215478,1.0,-0.0,-0.0004985834251344526
3456.215478,1.0,-0.0,-0.0004985834251344526
3457.215478,1.0,-0.0,-0.0004985834251344526
3458.215478,1.0,-0.0,-0.0004985834251344526
3458.88839,1.0,-0.0,-0.0004985834251344526
3459.88839,1.0,-0.0,-0.0004985834251344526
3460.88839,1.0,-0.0,-0.0004985834251344526
3461.88839,1.0,-0.0,-0.0004985834251344526
3462.88839,1.0,-0.0,-0.0004985834251344526
3463.561301,1.0,-0.0,-0.0004985834251344526
3464.561301,1.0,-0.0,-0.0004985834251344526
3465.561301,1.0,-0.0,-0.0004985834251344526
3466.561301,1.0,-0.0,-0.0004985834251344526
3467.561301,1.0,-0.0,-0.0004985834251344526
3468.234213,1.0,-0.0,-0.0004985834251344526
3469.234213,1.0,-0.0,-0.0004985834251344526
3470.234213,1.0,-0.0,-0.0004985834251344526
3471.234213,1.0,-0.0,-0.0004985834251344526
3472.234213,1.0,-0.0,-0.0004985834251344526
3472.907125,1.0,-0.0,-0.0004985834251344526
3473.907125,1.0,-0.0,-0.0004985834251344526
3474.907125,1.0,-0.0,-0.0004985834251344526
3475.907125,1.0,-0.0,-0.0004985834251344526
3476.907125,1.0,-0.0,-0.0004985834251344526
3477.580037,1.0,-0.0,-0.0004985834251344526
3478.580037,1.0,-0.0,-0.0004985834251344526
3479.580037,1.0,-0.0,-0.0004985834251344526
3480.580037,1.0,-0.0,-0.0004985834251344526
3481.580037,1.0,-0.0,-0.0004985834251344526
3482.252949,1.0,-0.0,-0.0004985834251344526
3483.252949,1.0,-0.0,-0.0004985834251344526
3484.252949,1.0,-0.0,-0.0004985834251344526
3485.252949,1.0,-0.0,-0.0004985834251344526
3486.252949,1.0,-0.0,-0.0004985834251344526
3486.925861,1.0,-0.0,-0.0004985834251344526
3487.925861,1.0,-0.0,-0.0004985834251344526
3488.925861,1.0,-0.0,-0.0004985834251344526
3489.925861,1.0,-0.0,-0.0004985834251344526
3490.925861,1.0,-0.0,-0.0004985834251344526
3491.598772,0.9999,4.3431619807505604e-05,-0.0004736779460723248
3492.598772,0.9989,0.00047798687109621183,-0.00022448607249550188
3493.598772,0.998,0.0008694587126288914,0.0
3494.598772,0.998,0.0008694587126288914,0.0
3495.598772,0.998,0.0008694587126288914,0.0
3496.271684,0.998,0.0008694587126288914,0.0
3497.271684,0.998,0.0008694587126288914,0.0
3498.271684,0.9975,0.0010870956412141377,0.00012480197588874984
3499.271684,0.997,0.0013048416883442813,0.00024966652484401835
3500.271684,0.997,0.0013048416883442813,0.00024966652484401835
3500.944596,0.997,0.0013048416883442813,0.00024966652484401835
3501.944596,0.997,0.0013048416883442813,0.00024966652484401835
3502.944596,0.997,0.0013048416883442813,0.00024966652484401835
3503.944596,0.997,0.0013048416883442813,0.00024966652484401835
3504.944596,0.997,0.0013048416883442813,0.00024966652484401835
3505.617508,0.996,0.0017406615763012698,0.0004995835931569045
3506.617508,0.995,0.002176919254274547,0.0007497517082908076
3507.617508,0.995,0.002176919254274547,0.0007497517082908076
3508.617508,0.995,0.002176919254274547,0.0007497517082908076
3509.617508,0.995,0.002176919254274547,0.0007497517082908076
3510.29042,0.995,0.002176919254274547,0.0007497517082908076
3511.29042,0.995,0.002176919254274547,0.0007497517082908076
3512.29042,0.995,0.002176919254274547,0.0007497517082908076
3513.29042,0.995,0.002176919254274547,0.0007497517082908076
3514.29042,0.995,0.002176919254274547,0.0007497517082908076
3514.963331,0.9945,0.0023952125395456008,0.0008749300661281957
3515.963331,0.9941,0.0025699262025288046,0.000975118074187335
3516.963331,0.994,0.00261361560268669,0.001000171375116284
3517.963331,0.994,0.00261361560268669,0.001000171375116284
3518.963331,0.9931,0.0030070181092943012,0.001225764570459444
3519.636243,0.9921,0.0034445503666347193,0.001476663581882319
3520.636243,0.992,0.0034883278458213473,0.0015017673909529371
3521.636243,0.992,0.0034883278458213473,0.0015017673909529371
3522.636243,0.9916,0.003663481904216162,0.0016022079398740462
3523.636243,0.9911,0.0038825238627119936,0.0017278156177645827
3524.309155,0.991,0.0039263455147246756,0.0017529447573524433
3525.309155,0.991,0.0039263455147246756,0.0017529447573524433
3526.309155,0.9902,0.004277078004534736,0.0019540692081578192
3527.309155,0.9892,0.004715892310740337,0.0022057033991873943
3528.309155,0.989,0.004803708402820599,0.002256060762148213
3528.982067,0.989,0.004803708402820599,0.002256060762148213
3529.982067,0.9886,0.004979393875242006,0.0023568060457527453
3530.982067,0.9881,0.005199100705396131,0.0024827949884277415
3531.982067,0.9872,0.005594853310833552,0.002709735827203478
3532.982067,0.9862,0.006035001804881086,0.002962135096475806
3533.654979,0.986,0.0061230850587887945,0.003012645661028671
3534.654979,0.986,0.0061230850587887945,0.003012645661028671
3535.654979,0.9856,0.006299305179649748,0.0031136975340621898
3536.654979,0.9851,0.006519680930003503,0.0032400700631219433
3537.654979,0.9839,0.007049039429553557,0.0035436260227047563
3538.327891,0.9824,0.007711646202907517,0.003923592028884873
3539.327891,0.9816,0.00806545028105216,0.0041264778549116535
3540.327891,0.9811,0.008286724286910553,0.004253365480662765
3541.327891,0.9803,0.008640997362049757,0.004456520248876828
3542.327891,0.9793,0.009084245493915564,0.004710696978099425
3543.000802,0.9765,0.010327752376126794,0.005423775024826376
3544.000802,0.973,0.0118871597316481,0.00631800340991535
3545.000802,0.9706,0.012959713020733251,0.006933049627457305
3546.000802,0.9686,0.013855535289479432,0.007446751001169143
3547.000802,0.967,0.014573525916998342,0.007858476389716268
3547.673714,0.9655,0.015247721884586476,0.008245088117046674
3548.673714,0.963,0.0163737128754655,0.008890777713054692
3549.673714,0.96,0.017728766960431606,0.009667821518714042
3550.673714,0.957,0.019088062223156455,0.010447297390327582
3551.673714,0.954,0.020451625295904906,0.011229220599932544
3552.346626,0.9504,0.02209357236288166,0.012170780654081038
3553.346626,0.9464,0.023925268380126038,0.01322115056908428
3554.346626,0.9431,0.02544225514642006,0.014091053241674256
3555.346626,0.9401,0.026825947317027792,0.014884519304792298
3556.346626,0.9368,0.0283531179356933,0.0157602618176446
3557.019538,0.9334,0.029932203450862886,0.01666577446970942
3558.019538,0.9302,0.03142366482450232,0.017521039831162277
3559.019538,0.9272,0.03282657704446041,0.01832552746194899
3560.019538,0.9221,0.03522197797762395,0.019699148985869133
3561.019538,0.9156,0.03829421599749472,0.021460896763568677
3561.69245,0.91,0.040958607678906384,0.022988768658027427
3562.69245,0.905,0.043351420794796675,0.024360906220971645
3563.69245,0.9024,0.044600913360732936,0.025077416705202586
3564.69245,0.9014,0.04508244626504129,0.025353547499290648
3565.69245,0.8993,0.04609540658654032,0.025934420655522795
3566.365361,0.8963,0.04754660357696677,0.026766596761785423
3567.365361,0.8947,0.04832256265669936,0.027211563647639592
3568.365361,0.8942,0.04856533446798701,0.02735077900017992
3569.365361,0.8924,0.04944043838819989,0.02785259961978024
3570.365361,0.8894,0.05090287488708419,0.028691220922970963
3571.038273,0.8854,0.05286048235717089,0.029813793649344014
3572.038273,0.8804,0.05531996611868967,0.03122416290560564
3573.038273,0.8752,0.05789269101064446,0.032699469288678236
3574.038273,0.8697,0.060630529925340106,0.03426945885083699
3575.038273,0.8633,0.06383825908884239,0.03610890282904147
3575.711185,0.8558,0.06762771785208603,0.0382819345120194
3576.711185,0.8496,0.07078549626260615,0.04009273467177898
3577.711185,0.8446,0.0733489229111111,0.0415627090592092
3578.711185,0.8328,0.07945928349752027,0.0450666414089892
3579.711185,0.8132,0.08980263003399899,0.05099794219257373
3580.384097,0.794,0.10017949757290372,0.05694846529915157
3581.384097,0.7751,0.11064226311106849,0.06294824585529107
3582.384097,0.7581,0.1202735033604228,0.06847119557339401
3583.384097,0.7432,0.12889429901441468,0.07341471475621465
3584.384097,0.7243,0.1400815147992842,0.07982992491251245
3585.057009,0.7005,0.1545918603782066,0.08815075452010719
3586.057009,0.6842,0.16481693015095625,0.09401423053741206
3587.057009,0.6777,0.16896251435997459,0.09639147921419643
3588.057009,0.6713,0.17308335281507958,0.09875453765679894
3589.057009,0.6648,0.17730898922394547,0.10117769156106542
3589.729921,0.6608,0.17992996568767416,0.10268066738211559
3590.729921,0.6603,0.18025870272698963,0.10286917873596112
3591.729921,0.6602,0.18032448000570728,0.10290689813590814
3592.729921,0.6607,0.17999569319168213,0.10271835823919465
3593.729921,0.6619,0.17920761891179626,0.10226644399873827
3594.402832,0.6644,0.17757037622064314,0.10132758162738621
3595.402832,0.6665,0.17619984625012203,0.10054166331174158
3596.402832,0.668,0.17522353752445433,0.09998180768966121
3597.402832,0.6709,0.17334220812413068,0.09890297594918283
3598.402832,0.6764,0.16979640107429586,0.09686966419085083
3599.075744,0.6828,0.16570648755730402,0.09452433938107363
3600.075744,0.6907,0.1607105439938531,0.09165945963754639
3601.075744,0.7074,0.15033494452126722,0.08570966369240746
3602.075744,0.7412,0.13006458935314008,0.07408580742227035
3603.075744,0.783,0.10623823794205658,0.06042279649093292
3603.748656,0.8415,0.07494587968815734,0.042478469828669964
3604.748656,0.882,0.054531414868180264,0.03077197515055482
3605.748656,0.882,0.054531414868180264,0.03077197515055482
3606.748656,0.8753,0.05784307153250957,0.03267101543687074
3607.748656,0.8524,0.06935655895783562,0.039273323185797376
3608.421568,0.8318,0.07998108397108519,0.04536586328527607
3609.421568,0.8169,0.08783110394037302,0.04986738795437434
3610.421568,0.7946,0.09985143928065597,0.056760343166821575
3611.421568,0.7514,0.1241288092726342,0.07068198672279721
3612.421568,0.7149,0.14575470293388146,0.08308316457817434
3613.09448,0.6985,0.15583358954979928,0.08886281315436956
3614.09448,0.6816,0.1664704182413563,0.0949624086895845
3615.09448,0.6627,0.17868302940890268,0.10196562277819815
3616.09448,0.6442,0.19097927951632743,0.10901679887870894
3617.09448,0.6272,0.202593950323618,0.1156771293450042
3617.767392,0.6138,0.2119731159041962,0.12105552906904472
3618.767392,0.6128,0.21268124337545247,0.12146159851768275
3619.767392,0.6123,0.2130357405642671,0.12166488180190602
3620.767392,0.6138,0.2119731159041962,0.12105552906904472
3621.767392,0.6173,0.20950372303289047,0.11963947752123105
3622.440303,0.6287,0.20155653964981252,0.11508223535003455
3623.440303,0.6401,0.1937521728042096,0.11060689006179046
3624.440303,0.6515,0.18608557995139652,0.10621055005375334
3625.440303,0.6629,0.17855198098246972,0.10189047421466042
3626.440303,0.6743,0.17114684032335992,0.09764406165959152
3627.113215,0.6855,0.16399254087446855,0.09354149178266134
3628.113215,0.6949,0.15807768832054916,0.09014967178860818
3629.113215,0.7047,0.15199572850273174,0.08666202560891913
3630.113215,0.7171,0.14442027749828218,0.08231795008943116
3631.113215,0.7311,0.13602321609561327,0.07750272933840976
3631.786127,0.7559,0.12153565465853108,0.06919496509586623
3632.786127,0.7822,0.10668218838388811,0.06067737595360695
3633.786127,0.8204,0.08597434830367132,0.04880264782176315
3634.786127,0.857,0.06701917807680184,0.037932972748700756
3635.786127,0.8781,0.05645602284654562,0.03187562460964543
3636.459039,0.8982,0.04662694927330402,0.02623922911798619
3637.459039,0.9101,0.040910885632607814,0.02296140287176022
3638.459039,0.9222,0.035174882116611225,0.019672142280027536
3639.459039,0.9361,0.028677754757187066,0.015946421937767758
3640.459039,0.9495,0.02250503092696365,0.012406727936224687
3641.131951,0.9565,0.019315025636685332,0.010577447556694061
3642.131951,0.9634,0.016193358021584753,0.00878735481386308
3643.131951,0.9698,0.013317820220494431,0.007138403040596826
3644.131951,0.976,0.010550182333308194,0.005551325520661532
3645.131951,0.977,0.010105436281226938,0.005296289822311651
3645.804862,0.978,0.009661145212398569,0.005041515030092571
3646.804862,0.978,0.009661145212398569,0.005041515030092571
3647.804862,0.978,0.009661145212398569,0.005041515030092571
3648.804862,0.978,0.009661145212398569,0.005041515030092571
3649.804862,0.978,0.009661145212398569,0.005041515030092571
3650.477774,0.977,0.010105436281226938,0.005296289822311651
3651.477774,0.976,0.010550182333308194,0.005551325520661532
3652.477774,0.9755,0.010772726269463111,0.005678941376733103
3653.477774,0.975,0.010995384301463193,0.005806622660060102
3654.477774,0.9716,0.012512493866907051,0.0066765957507387555
3655.150686,0.9681,0.014079779876432606,0.00757534208043146
3656.150686,0.9617,0.016960383953898005,0.009227199065171329
3657.150686,0.9552,0.01990568621470611,0.010916156652139278
3658.150686,0.9478,0.02328329563661767,0.012853016965208394
3659.150686,0.9404,0.02668737954709824,0.01480505884009027
3659.823598,0.9372,0.028167720075074832,0.01565394705074754
3660.823598,0.9342,0.029560137048236065,0.01645241627488699
3661.823598,0.9243,0.03418704696339692,0.019105676929799892
3662.823598,0.9138,0.039148846280313815,0.02195097695650067
3663.823598,0.9116,0.040195683491662054,0.02255127651622799
3664.49651,0.9101,0.040910885632607814,0.02296140287176022
3665.49651,0.9073,0.04224908912272081,0.023728783852520138
3666.49651,0.9043,0.043687469158805475,0.024553610189434666
3667.49651,0.9,0.045757490560675115,0.025740645692851727
3668.49651,0.8956,0.04788591509300737,0.026961171955981324
3669.169422,0.8828,0.05413767551038256,0.030546188790869663
3670.169422,0.8689,0.06103020277710976,0.03449864772027284
3671.169422,0.8521,0.06950943469373042,0.03936098842730369
3672.169422,0.8347,0.0784695864987576,0.044499108399864026
3673.169422,0.8227,0.0847585026938056,0.048105431887531344
3673.842333,0.8116,0.09065796163869164,0.051488424552344425
3674.842333,0.8054,0.09398837472858725,0.05339822054536188
3675.842333,0.7999,0.0969643032115027,0.055104740469098
3676.842333,0.7953,0.09946901754724415,0.05654104679895401
3677.842333,0.7908,0.10193333935836535,0.05795419039206075
3678.515245,0.7863,0.1044117243337371,0.05937539838258903
3679.515245,0.7819,0.10684878687013409,0.060772910385188623
3680.515245,0.761,0.11861534322942717,0.06752033828077629
3681.515245,0.7361,0.13306318226836064,0.07580532406468128
3682.515245,0.7145,0.14599776687301097,0.08322254744884733
3683.188157,0.6936,0.15889091553184612,0.09061600975558884
3684.188157,0.682,0.16621562534352105,0.09481629995105852
3685.188157,0.6731,0.17192040944325407,0.09808765804406952
3686.188157,0.6619,0.17920761891179626,0.10226644399873827
3687.188157,0.65,0.18708664335714442,0.10678460102864716
3687.861069,0.6425,0.1921268679966679,0.10967487336443464
3688.861069,0.6366,0.19613336571501566,0.11197236412068613
3689.861069,0.6288,0.2014874669686485,0.11504262623063904
3690.861069,0.6204,0.2073282108584327,0.1183919492653082
3691.861069,0.6119,0.21331954680335125,0.12182762798490678
3692.533981,0.6033,0.21946667468359565,0.12535264421483774
3693.533981,0.5945,0.2258481410452896,0.12901203977874384
3694.533981,0.5856,0.23239893194966454,0.1327685330072348
3695.533981,0.583,0.23433144524098592,0.13387671569826973
3696.533981,0.583,0.23433144524098592,0.13387671569826973
3697.206892,0.5916,0.22797183467514515,0.1302298531476019
3698.206892,0.6041,0.2188911642705336,0.1250226228477766
3699.206892,0.6114,0.21367456560992992,0.12203121038623316
3700.206892,0.6164,0.2101373699536183,0.12000283675551505
3701.206892,0.6352,0.19708951058096016,0.11252065695536936
3701.879804,0.661,0.17979854051435976,0.10260530277640377
3702.879804,0.6869,0.1631064836235663,0.09303339007224853
3703.879804,0.7127,0.14709324120304634,0.08385073753502689
3704.879804,0.7382,0.13182595914036166,0.07509584938134853
3705.879804,0.7635,0.11719095860756003,0.06670353749062481
3706.552716,0.7745,0.11097857790477521,0.06314110260551292
3707.552716,0.777,0.10957898119908573,0.06233851622712165
3708.552716,0.7523,0.12360893818081242,0.07038387123344272
3709.552716,0.7101,0.14868048735125486,0.0847609298300842
3710.552716,0.6629,0.17855198098246972,0.10189047421466042
3711.225628,0.6122,0.21310667473868417,0.12170555837817841
3712.225628,0.5714,0.24305976395327578,0.13888189302990006
3713.225628,0.5372,0.2698639960033222,0.1542525433316298
3714.225628,0.5131,0.2897979853446152,0.16568351358704855
3715.225628,0.4962,0.3043432400638097,0.17402436153303308
3715.89854,0.489,0.3106911408763798,0.17766450922903512
3716.89854,0.489,0.3106911408763798,0.17766450922903512
3717.89854,0.4912,0.30874164186688874,0.17654658622782743
3718.89854,0.4952,0.3052193639879385,0.17452676706487666
3719.89854,0.5035,0.29800052511036323,0.1703871876221764
3720.571452,0.5154,0.2878555857851141,0.16456966170277965
3721.571452,0.5275,0.2777775360302698,0.1587904930171811
3722.571452,0.54,0.2676062401770315,0.15295785317942498
3723.571452,0.5508,0.259006068415114,0.14802616058549312
3724.571452,0.5603,0.25157937753243165,0.1437673902449134
3725.244363,0.5695,0.24450627158488084,0.13971138006473366
3726.244363,0.5784,0.23777171571352557,0.13584950843779095
3727.244363,0.5907,0.22863302914221934,0.13060900927921057
3728.244363,0.6066,0.21709759402535528,0.12399411582027622
3729.244363,0.6324,0.1990081387398286,0.11362087733974584
3729.917275,0.6695,0.17424941865197224,0.09942320781956303
3730.917275,0.7065,0.1508878338154226,0.08602671317847985
3731.917275,0.7432,0.12889429901441468,0.07341471475621465
3732.917275,0.779,0.10846254232743553,0.06169830420958082
3733.917275,0.8138,0.08948231448273357,0.05081426006672458
3734.590187,0.8463,0.07247565912497125,0.04106194364825251
3735.590187,0.8761,0.057446319665790085,0.03244350158053203
3736.590187,0.9024,0.044600913360732936,0.025077416705202586
3737.590187,0.9243,0.03418704696339692,0.019105676929799892
3738.590187,0.9418,0.026041313893296336,0.014434578192929546
3739.263099,0.9532,0.020815966325581477,0.011438148747818842
3740.263099,0.9656,0.015202742910707195,0.008219295321448643
3741.263099,0.9795,0.00899555966924482,0.004659840874660633
3742.263099,0.9897,0.0044964297349936715,0.0020798545220466285
3743.263099,0.9942,0.002526241197019637,0.0009500672933309072
3743.936011,0.9972,0.0012177301682641918,0.00019971319247832412
3744.936011,0.9977,0.0010000277816796898,7.487368027761684e-05
3745.936011,0.9984,0.0006954276616512517,-9.979657022910932e-05
3746.936011,0.9993,0.0003041125891607762,-0.0003241927449009632
3747.936011,1.0,-0.0,-0.0004985834251344526
3748.608923,1.0,-0.0,-0.0004985834251344526
3749.608923,1.0,-0.0,-0.0004985834251344526
3750.608923,1.0,-0.0,-0.0004985834251344526
3751.608923,1.0,-0.0,-0.0004985834251344526
3752.608923,1.0,-0.0,-0.0004985834251344526
3753.281834,1.0,-0.0,-0.0004985834251344526
3754.281834,1.0,-0.0,-0.0004985834251344526
3755.281834,1.0,-0.0,-0.0004985834251344526
3756.281834,1.0,-0.0,-0.0004985834251344526
3757.281834,1.0,-0.0,-0.0004985834251344526
3757.954746,1.0,-0.0,-0.0004985834251344526
3758.954746,1.0,-0.0,-0.0004985834251344526
3759.954746,1.0,-0.0,-0.0004985834251344526
3760.954746,1.0,-0.0,-0.0004985834251344526
3761.954746,1.0,-0.0,-0.0004985834251344526
3762.627658,1.0,-0.0,-0.0004985834251344526
3763.627658,1.0,-0.0,-0.0004985834251344526
3764.627658,1.0,-0.0,-0.0004985834251344526
3765.627658,1.0,-0.0,-0.0004985834251344526
3766.627658,1.0,-0.0,-0.0004985834251344526
3767.30057,1.0,-0.0,-0.0004985834251344526
3768.30057,1.0,-0.0,-0.0004985834251344526
3769.30057,1.0,-0.0,-0.0004985834251344526
3770.30057,1.0,-0.0,-0.0004985834251344526
3771.30057,1.0,-0.0,-0.0004985834251344526
3771.973482,1.0,-0.0,-0.0004985834251344526
3772.973482,1.0,-0.0,-0.0004985834251344526
3773.973482,1.0,-0.0,-0.0004985834251344526
3774.973482,1.0,-0.0,-0.0004985834251344526
3775.973482,1.0,-0.0,-0.0004985834251344526
3776.646393,1.0,-0.0,-0.0004985834251344526
3777.646393,1.0,-0.0,-0.0004985834251344526
3778.646393,1.0,-0.0,-0.0004985834251344526
3779.646393,1.0,-0.0,-0.0004985834251344526
3780.646393,1.0,-0.0,-0.0004985834251344526
3781.319305,1.0,-0.0,-0.0004985834251344526
3782.319305,1.0,-0.0,-0.0004985834251344526
3783.319305,1.0,-0.0,-0.0004985834251344526
3784.319305,1.0,-0.0,-0.0004985834251344526
3785.319305,1.0,-0.0,-0.0004985834251344526
3785.992217,1.0,-0.0,-0.0004985834251344526
3786.992217,1.0,-0.0,-0.0004985834251344526
3787.992217,1.0,-0.0,-0.0004985834251344526
3788.992217,1.0,-0.0,-0.0004985834251344526
3789.992217,1.0,-0.0,-0.0004985834251344526
3790.665129,1.0,-0.0,-0.0004985834251344526
3791.665129,1.0,-0.0,-0.0004985834251344526
3792.665129,1.0,-0.0,-0.0004985834251344526
3793.665129,1.0,-0.0,-0.0004985834251344526
3794.665129,1.0,-0.0,-0.0004985834251344526
3795.338041,1.0,-0.0,-0.0004985834251344526
3796.338041,1.0,-0.0,-0.0004985834251344526
3797.338041,0.9974,0.001130636117655809,0.00014976987782699895
