cm-1,T_ref,A_ref,A_ref_norm
388.677,0.438,0.3585258894959005,0.11666395055027338
389.677,0.438,0.3585258894959005,0.11666395055027338
390.677,0.437,0.3595185630295782,0.11699591076678477
391.677,0.437,0.3595185630295782,0.11699591076678477
392.677,0.435,0.3615107430453627,0.11766211620788218
393.031927,0.435,0.3615107430453627,0.11766211620788218
394.031927,0.434,0.3625102704874893,0.11799636844171393
395.031927,0.433,0.36351210364663455,0.11833139173097805
396.031927,0.433,0.36351210364663455,0.11833139173097805
397.031927,0.433,0.36351210364663455,0.11833139173097805
397.386854,0.433,0.36351210364663455,0.11833139173097805
398.386854,0.433,0.36351210364663455,0.11833139173097805
399.386854,0.433,0.36351210364663455,0.11833139173097805
400.386854,0.43,0.36653154442041347,0.11934112371133362
401.386854,0.43,0.36653154442041347,0.11934112371133362
401.741781,0.43,0.36653154442041347,0.11934112371133362
402.741781,0.43,0.36653154442041347,0.11934112371133362
403.741781,0.43,0.36653154442041347,0.11934112371133362
404.741781,0.43,0.36653154442041347,0.11934112371133362
405.741781,0.43,0.36653154442041347,0.11934112371133362
406.096708,0.43,0.36653154442041347,0.11934112371133362
407.096708,0.43,0.36653154442041347,0.11934112371133362
408.096708,0.43,0.36653154442041347,0.11934112371133362
409.096708,0.43,0.36653154442041347,0.11934112371133362
410.096708,0.43,0.36653154442041347,0.11934112371133362
410.451635,0.429,0.36754270781527576,0.11967926712716873
411.451635,0.429,0.36754270781527576,0.11967926712716873
412.451635,0.429,0.36754270781527576,0.11967926712716873
413.451635,0.429,0.36754270781527576,0.11967926712716873
414.451635,0.429,0.36754270781527576,0.11967926712716873
414.806562,0.429,0.36754270781527576,0.11967926712716873
415.806562,0.427,0.36957212497497616,0.12035792505132045
416.806562,0.427,0.36957212497497616,0.12035792505132045
417.806562,0.426,0.3705904008972811,0.12069844696932137
418.806562,0.426,0.3705904008972811,0.12069844696932137
419.161489,0.426,0.3705904008972811,0.12069844696932137
420.161489,0.426,0.3705904008972811,0.12069844696932137
421.161489,0.425,0.37161106994968846,0.12103976917458692
422.161489,0.425,0.37161106994968846,0.12103976917458692
423.161489,0.425,0.37161106994968846,0.12103976917458692
423.516416,0.423,0.37365963262495766,0.12172482955561678
424.516416,0.423,0.37365963262495766,0.12172482955561678
425.516416,0.423,0.37365963262495766,0.12172482955561678
426.516416,0.422,0.37468754903832613,0.12206857535276039
427.516416,0.422,0.37468754903832613,0.12206857535276039
427.871343,0.42,0.37675070960209955,0.1227585174175101
428.871343,0.42,0.37675070960209955,0.1227585174175101
429.871343,0.42,0.37675070960209955,0.1227585174175101
430.871343,0.419,0.3777859770337047,0.12310472147058844
431.871343,0.418,0.37882371822496486,0.12345175277428123
432.22627,0.418,0.37882371822496486,0.12345175277428123
433.22627,0.418,0.37882371822496486,0.12345175277428123
434.22627,0.416,0.3809066693732573,0.12414831301358575
435.22627,0.416,0.3809066693732573,0.12414831301358575
436.22627,0.416,0.3809066693732573,0.12414831301358575
436.581197,0.415,0.3819519032879073,0.1244978499608707
437.581197,0.415,0.3819519032879073,0.1244978499608707
438.581197,0.414,0.3829996588791011,0.12484823018266941
439.581197,0.414,0.3829996588791011,0.12484823018266941
440.581197,0.412,0.3851027839668654,0.125551536794359
440.936124,0.412,0.3851027839668654,0.125551536794359
441.936124,0.411,0.38615817812393083,0.1259044714309724
442.936124,0.411,0.38615817812393083,0.1259044714309724
443.936124,0.411,0.38615817812393083,0.1259044714309724
444.936124,0.41,0.38721614328026455,0.1262582658361248
445.291051,0.41,0.38721614328026455,0.1262582658361248
446.291051,0.41,0.38721614328026455,0.1262582658361248
447.291051,0.408,0.3893398369101201,0.12696845077936475
448.291051,0.408,0.3893398369101201,0.12696845077936475
449.291051,0.408,0.3893398369101201,0.12696845077936475
449.645978,0.408,0.3893398369101201,0.12696845077936475
450.645978,0.407,0.39040559077478,0.12732484980850942
451.645978,0.405,0.3925449767853314,0.1280402824448898
452.645978,0.405,0.3925449767853314,0.1280402824448898
453.645978,0.405,0.3925449767853314,0.1280402824448898
454.000905,0.405,0.3925449767853314,0.1280402824448898
455.000905,0.404,0.393618634889395,0.12839932473280466
456.000905,0.403,0.39469495385889053,0.12875925684142583
457.000905,0.403,0.39469495385889053,0.12875925684142583
458.000905,0.401,0.39685562737981767,0.12948180823972902
458.355832,0.401,0.39685562737981767,0.12948180823972902
459.355832,0.401,0.39685562737981767,0.12948180823972902
460.355832,0.4,0.3979400086720376,0.12984443647180505
461.355832,0.4,0.3979400086720376,0.12984443647180505
462.355832,0.4,0.3979400086720376,0.12984443647180505
462.710759,0.399,0.3990271043132517,0.1302079724100395
463.710759,0.399,0.3990271043132517,0.1302079724100395
464.710759,0.397,0.40120949323688493,0.1309377856618518
465.710759,0.396,0.4023048140744877,0.13130407219016585
466.710759,0.396,0.4023048140744877,0.13130407219016585
467.065686,0.395,0.40340290437353976,0.13167128485480886
468.065686,0.393,0.4056074496245733,0.1324085074098728
469.065686,0.393,0.4056074496245733,0.1324085074098728
470.065686,0.392,0.4067139329795427,0.1327785267985444
471.065686,0.389,0.41005039867429227,0.13389427516579308
471.420614,0.389,0.41005039867429227,0.13389427516579308
472.420614,0.388,0.41116827440579273,0.1342681042820856
473.420614,0.388,0.41116827440579273,0.1342681042820856
474.420614,0.386,0.41341269532824504,0.1350186616708775
475.420614,0.385,0.4145392704914993,0.13539539996642236
475.775541,0.385,0.4145392704914993,0.13539539996642236
476.775541,0.384,0.4156687756324692,0.13577311807658285
477.775541,0.384,0.4156687756324692,0.13577311807658285
478.775541,0.382,0.41793663708829126,0.13653151422028115
479.775541,0.382,0.41793663708829126,0.13653151422028115
480.130468,0.381,0.4190750243243807,0.136912202594198
481.130468,0.381,0.4190750243243807,0.136912202594198
482.130468,0.38,0.42021640338318983,0.1372938914643345
483.130468,0.38,0.42021640338318983,0.1372938914643345
484.130468,0.378,0.4225082001627747,0.13806029182592416
484.485395,0.377,0.42365864979420714,0.1384450139886284
485.485395,0.376,0.42481215507233894,0.13883075799094607
486.485395,0.376,0.42481215507233894,0.13883075799094607
487.485395,0.374,0.42712839779951983,0.13960533332827701
488.485395,0.374,0.42712839779951983,0.13960533332827701
488.840322,0.373,0.4282911681913124,0.13999417567968175
489.840322,0.373,0.4282911681913124,0.13999417567968175
490.840322,0.371,0.43062609038495414,0.1407749976222865
491.840322,0.371,0.43062609038495414,0.1407749976222865
492.840322,0.37,0.431798275933005,0.14116698849856268
493.195249,0.369,0.4329736338409397,0.14156004024453886
494.195249,0.367,0.4353339357479107,0.1423493494237284
495.195249,0.366,0.43651891460558934,0.14274561851402948
496.195249,0.365,0.4377071355435253,0.14314297178923893
497.195249,0.363,0.4400933749638875,0.14394095473907814
497.550176,0.362,0.4412914294668343,0.1443415964593396
498.550176,0.362,0.4412914294668343,0.1443415964593396
499.550176,0.361,0.4424927980943421,0.14474334645686393
500.550176,0.359,0.44490555142168087,0.1455501959292827
501.550176,0.358,0.44611697335612566,0.14595530785581415
501.905103,0.356,0.44855000202712486,0.14676893761121923
502.905103,0.355,0.4497716469449059,0.14717746820828692
503.905103,0.355,0.4497716469449059,0.14717746820828692
504.905103,0.354,0.45099673797421225,0.14758715122041277
505.905103,0.354,0.45099673797421225,0.14758715122041277
506.26003,0.354,0.45099673797421225,0.14758715122041277
507.26003,0.352,0.45345733652186904,0.14841000062549517
508.26003,0.352,0.45345733652186904,0.14841000062549517
509.26003,0.351,0.4546928835341759,0.14882318022563606
510.26003,0.35,0.45593195564972444,0.14923753865647565
510.614957,0.348,0.45842075605341914,0.15006981905162556
511.614957,0.348,0.45842075605341914,0.15006981905162556
512.614957,0.347,0.4596705252091263,0.1504877546824676
513.614957,0.347,0.4596705252091263,0.1504877546824676
514.614957,0.346,0.46092390120722343,0.1509068964784184
514.969884,0.346,0.46092390120722343,0.1509068964784184
515.969884,0.344,0.46344155742846993,0.15174882655507702
516.969884,0.343,0.46470587995722945,0.15217162898321498
517.969884,0.343,0.46470587995722945,0.15217162898321498
518.969884,0.341,0.4672456210075022,0.15302094445333522
519.324811,0.341,0.4672456210075022,0.15302094445333522
520.324811,0.34,0.46852108295774486,0.15344747201833028
521.324811,0.339,0.4698003017969178,0.15387525592553694
522.324811,0.337,0.47237009912866135,0.15473462252461959
523.324811,0.337,0.47237009912866135,0.15473462252461959
523.679738,0.337,0.47237009912866135,0.15473462252461959
524.679738,0.337,0.47237009912866135,0.15473462252461959
525.679738,0.337,0.47237009912866135,0.15473462252461959
526.679738,0.336,0.4736607226101559,0.15516622026125343
527.679738,0.336,0.4736607226101559,0.15516622026125343
528.034665,0.336,0.4736607226101559,0.15516622026125343
529.034665,0.335,0.47495519296315475,0.15559910443119504
530.034665,0.333,0.47755576649368014,0.15646876290697673
531.034665,0.332,0.4788619162959637,0.15690555280461405
532.034665,0.332,0.4788619162959637,0.15690555280461405
532.389592,0.332,0.4788619162959637,0.15690555280461405
533.389592,0.332,0.4788619162959637,0.15690555280461405
534.389592,0.331,0.48017200622428124,0.15734366032083083
535.389592,0.331,0.48017200622428124,0.15734366032083083
536.389592,0.331,0.48017200622428124,0.15734366032083083
536.744519,0.331,0.48017200622428124,0.15734366032083083
537.744519,0.329,0.48280410205002566,0.15822386017561665
538.744519,0.328,0.4841261562883209,0.15866596867986812
539.744519,0.326,0.48678239993206096,0.15955424381279742
540.744519,0.325,0.4881166390211256,0.16000042705618756
541.099446,0.325,0.4881166390211256,0.16000042705618756
542.099446,0.325,0.4881166390211256,0.16000042705618756
543.099446,0.324,0.48945498979338786,0.1604479852886332
544.099446,0.324,0.48945498979338786,0.1604479852886332
545.099446,0.324,0.48945498979338786,0.1604479852886332
545.454373,0.322,0.4921441283041691,0.16134726080266928
546.454373,0.322,0.4921441283041691,0.16134726080266928
547.454373,0.321,0.4934949675951279,0.16179899532392464
548.454373,0.321,0.4934949675951279,0.16179899532392464
549.454373,0.32,0.494850021680094,0.1622521393155484
549.8093,0.318,0.4975728800155673,0.16316269108499554
550.8093,0.317,0.4989407377822485,0.16362011675917665
551.8093,0.317,0.4989407377822485,0.16362011675917665
552.8093,0.316,0.5003129173815962,0.16407898769855223
553.8093,0.316,0.5003129173815962,0.16407898769855223
554.164227,0.314,0.5030703519267851,0.16500110210735047
555.164227,0.314,0.5030703519267851,0.16500110210735047
556.164227,0.314,0.5030703519267851,0.16500110210735047
557.164227,0.313,0.5044556624535516,0.1654643641636049
558.164227,0.311,0.5072396109731625,0.1663953451175372
558.519154,0.311,0.5072396109731625,0.1663953451175372
559.519154,0.31,0.5086383061657274,0.16686308314338852
560.519154,0.309,0.5100415205751654,0.1673323324417386
561.519154,0.307,0.5128616245228135,0.16827540414183473
562.519154,0.307,0.5128616245228135,0.16827540414183473
562.874081,0.307,0.5128616245228135,0.16827540414183473
563.874081,0.306,0.51427857351842,0.16874924642674433
564.874081,0.306,0.51427857351842,0.16874924642674433
565.874081,0.306,0.51427857351842,0.16874924642674433
566.874081,0.305,0.5157001606532141,0.169224639752995
567.229008,0.305,0.5157001606532141,0.169224639752995
568.229008,0.303,0.518557371497695,0.17018012038018426
569.229008,0.303,0.518557371497695,0.17018012038018426
570.229008,0.302,0.5199930570428494,0.17066022835953779
571.229008,0.301,0.5214335044061567,0.17114192873974757
571.583935,0.301,0.5214335044061567,0.17114192873974757
572.583935,0.301,0.5214335044061567,0.17114192873974757
573.583935,0.301,0.5214335044061567,0.17114192873974757
574.583935,0.299,0.5243288116755703,0.17211014920238119
575.583935,0.299,0.5243288116755703,0.17211014920238119
575.938862,0.299,0.5243288116755703,0.17211014920238119
576.938862,0.298,0.5257837359237448,0.17259669080145285
577.938862,0.298,0.5257837359237448,0.17259669080145285
578.938862,0.298,0.5257837359237448,0.17259669080145285
579.938862,0.297,0.5272435506827877,0.17308486783754548
580.293789,0.297,0.5272435506827877,0.17308486783754548
581.293789,0.297,0.5272435506827877,0.17308486783754548
582.293789,0.295,0.530177984021837,0.1740661724593783
583.293789,0.295,0.530177984021837,0.1740661724593783
584.293789,0.295,0.530177984021837,0.1740661724593783
584.648716,0.294,0.5316526695878427,0.17455932244592404
585.648716,0.294,0.5316526695878427,0.17455932244592404
586.648716,0.294,0.5316526695878427,0.17455932244592404
587.648716,0.292,0.5346171485515817,0.1755506746329823
588.648716,0.292,0.5346171485515817,0.1755506746329823
589.003643,0.291,0.5361070110140927,0.17604889992946524
590.003643,0.29,0.5376020021010439,0.1765488402905911
591.003643,0.29,0.5376020021010439,0.1765488402905911
592.003643,0.29,0.5376020021010439,0.1765488402905911
593.003643,0.288,0.5406075122407692,0.1775539137239625
593.35857,0.288,0.5406075122407692,0.1775539137239625
594.35857,0.288,0.5406075122407692,0.1775539137239625
595.35857,0.288,0.5406075122407692,0.1775539137239625
596.35857,0.288,0.5406075122407692,0.1775539137239625
597.35857,0.287,0.5421181032660077,0.17805907086453873
597.713497,0.287,0.5421181032660077,0.17805907086453873
598.713497,0.287,0.5421181032660077,0.17805907086453873
599.713497,0.287,0.5421181032660077,0.17805907086453873
600.713497,0.287,0.5421181032660077,0.17805907086453873
601.713497,0.286,0.543633966870957,0.17856599120987765
602.068424,0.286,0.543633966870957,0.17856599120987765
603.068424,0.286,0.543633966870957,0.17856599120987765
604.068424,0.286,0.543633966870957,0.17856599120987765
605.068424,0.284,0.5466816599529624,0.17958517105203028
606.068424,0.284,0.5466816599529624,0.17958517105203028
606.423351,0.284,0.5466816599529624,0.17958517105203028
607.423351,0.284,0.5466816599529624,0.17958517105203028
608.423351,0.284,0.5466816599529624,0.17958517105203028
609.423351,0.284,0.5466816599529624,0.17958517105203028
610.423351,0.284,0.5466816599529624,0.17958517105203028
610.778278,0.284,0.5466816599529624,0.17958517105203028
611.778278,0.283,0.5482135644757098,0.18009745564489335
612.778278,0.283,0.5482135644757098,0.18009745564489335
613.778278,0.283,0.5482135644757098,0.18009745564489335
614.778278,0.283,0.5482135644757098,0.18009745564489335
615.133205,0.283,0.5482135644757098,0.18009745564489335
616.133205,0.283,0.5482135644757098,0.18009745564489335
617.133205,0.282,0.549750891680639,0.1806115536383257
618.133205,0.282,0.549750891680639,0.1806115536383257
619.133205,0.282,0.549750891680639,0.1806115536383257
619.488132,0.282,0.549750891680639,0.1806115536383257
620.488132,0.282,0.549750891680639,0.1806115536383257
621.488132,0.282,0.549750891680639,0.1806115536383257
622.488132,0.282,0.549750891680639,0.1806115536383257
623.488132,0.28,0.5528419686577808,0.18164524150021902
623.843059,0.28,0.5528419686577808,0.18164524150021902
624.843059,0.28,0.5528419686577808,0.18164524150021902
625.843059,0.28,0.5528419686577808,0.18164524150021902
626.843059,0.28,0.5528419686577808,0.18164524150021902
627.843059,0.28,0.5528419686577808,0.18164524150021902
628.197986,0.279,0.5543957967264024,0.18216485755180256
629.197986,0.279,0.5543957967264024,0.18216485755180256
630.197986,0.279,0.5543957967264024,0.18216485755180256
631.197986,0.279,0.5543957967264024,0.18216485755180256
632.197986,0.279,0.5543957967264024,0.18216485755180256
632.552914,0.279,0.5543957967264024,0.18216485755180256
633.552914,0.277,0.5575202309355514,0.18320970041439208
634.552914,0.277,0.5575202309355514,0.18320970041439208
635.552914,0.277,0.5575202309355514,0.18320970041439208
636.552914,0.277,0.5575202309355514,0.18320970041439208
636.907841,0.277,0.5575202309355514,0.18320970041439208
637.907841,0.277,0.5575202309355514,0.18320970041439208
638.907841,0.277,0.5575202309355514,0.18320970041439208
639.907841,0.277,0.5575202309355514,0.18320970041439208
640.907841,0.277,0.5575202309355514,0.18320970041439208
641.262768,0.276,0.5590909179347823,0.1837349542653783
642.262768,0.276,0.5590909179347823,0.1837349542653783
643.262768,0.276,0.5590909179347823,0.1837349542653783
644.262768,0.276,0.5590909179347823,0.1837349542653783
645.262768,0.276,0.5590909179347823,0.1837349542653783
645.617695,0.276,0.5590909179347823,0.1837349542653783
646.617695,0.276,0.5590909179347823,0.1837349542653783
647.617695,0.276,0.5590909179347823,0.1837349542653783
648.617695,0.276,0.5590909179347823,0.1837349542653783
649.617695,0.275,0.5606673061697374,0.18426211466809697
649.972622,0.275,0.5606673061697374,0.18426211466809697
650.972622,0.275,0.5606673061697374,0.18426211466809697
651.972622,0.275,0.5606673061697374,0.18426211466809697
652.972622,0.275,0.5606673061697374,0.18426211466809697
653.972622,0.275,0.5606673061697374,0.18426211466809697
654.327549,0.275,0.5606673061697374,0.18426211466809697
655.327549,0.275,0.5606673061697374,0.18426211466809697
656.327549,0.275,0.5606673061697374,0.18426211466809697
657.327549,0.273,0.563837352959244,0.18532221084563594
658.327549,0.273,0.563837352959244,0.18532221084563594
658.682476,0.273,0.563837352959244,0.18532221084563594
659.682476,0.273,0.563837352959244,0.18532221084563594
660.682476,0.273,0.563837352959244,0.18532221084563594
661.682476,0.273,0.563837352959244,0.18532221084563594
662.682476,0.273,0.563837352959244,0.18532221084563594
663.037403,0.273,0.563837352959244,0.18532221084563594
664.037403,0.273,0.563837352959244,0.18532221084563594
665.037403,0.273,0.563837352959244,0.18532221084563594
666.037403,0.273,0.563837352959244,0.18532221084563594
667.037403,0.273,0.563837352959244,0.18532221084563594
667.39233,0.273,0.563837352959244,0.18532221084563594
668.39233,0.273,0.563837352959244,0.18532221084563594
669.39233,0.273,0.563837352959244,0.18532221084563594
670.39233,0.273,0.563837352959244,0.18532221084563594
671.39233,0.273,0.563837352959244,0.18532221084563594
671.747257,0.273,0.563837352959244,0.18532221084563594
672.747257,0.273,0.563837352959244,0.18532221084563594
673.747257,0.273,0.563837352959244,0.18532221084563594
674.747257,0.273,0.563837352959244,0.18532221084563594
675.747257,0.273,0.563837352959244,0.18532221084563594
676.102184,0.273,0.563837352959244,0.18532221084563594
677.102184,0.273,0.563837352959244,0.18532221084563594
678.102184,0.273,0.563837352959244,0.18532221084563594
679.102184,0.273,0.563837352959244,0.18532221084563594
680.102184,0.273,0.563837352959244,0.18532221084563594
680.457111,0.273,0.563837352959244,0.18532221084563594
681.457111,0.272,0.5654310959658013,0.18585517486207365
682.457111,0.272,0.5654310959658013,0.18585517486207365
683.457111,0.272,0.5654310959658013,0.18585517486207365
684.457111,0.272,0.5654310959658013,0.18585517486207365
684.812038,0.272,0.5654310959658013,0.18585517486207365
685.812038,0.272,0.5654310959658013,0.18585517486207365
686.812038,0.272,0.5654310959658013,0.18585517486207365
687.812038,0.272,0.5654310959658013,0.18585517486207365
688.812038,0.272,0.5654310959658013,0.18585517486207365
689.166965,0.272,0.5654310959658013,0.18585517486207365
690.166965,0.272,0.5654310959658013,0.18585517486207365
691.166965,0.272,0.5654310959658013,0.18585517486207365
692.166965,0.272,0.5654310959658013,0.18585517486207365
693.166965,0.272,0.5654310959658013,0.18585517486207365
693.521892,0.272,0.5654310959658013,0.18585517486207365
694.521892,0.272,0.5654310959658013,0.18585517486207365
695.521892,0.273,0.563837352959244,0.18532221084563594
696.521892,0.273,0.563837352959244,0.18532221084563594
697.521892,0.273,0.563837352959244,0.18532221084563594
697.876819,0.273,0.563837352959244,0.18532221084563594
698.876819,0.273,0.563837352959244,0.18532221084563594
699.876819,0.273,0.563837352959244,0.18532221084563594
700.876819,0.273,0.563837352959244,0.18532221084563594
701.876819,0.275,0.5606673061697374,0.18426211466809697
702.231746,0.275,0.5606673061697374,0.18426211466809697
703.231746,0.275,0.5606673061697374,0.18426211466809697
704.231746,0.275,0.5606673061697374,0.18426211466809697
705.231746,0.275,0.5606673061697374,0.18426211466809697
706.231746,0.275,0.5606673061697374,0.18426211466809697
706.586673,0.275,0.5606673061697374,0.18426211466809697
707.586673,0.276,0.5590909179347823,0.1837349542653783
708.586673,0.276,0.5590909179347823,0.1837349542653783
709.586673,0.276,0.5590909179347823,0.1837349542653783
710.586673,0.276,0.5590909179347823,0.1837349542653783
710.9416,0.276,0.5590909179347823,0.1837349542653783
711.9416,0.276,0.5590909179347823,0.1837349542653783
712.9416,0.276,0.5590909179347823,0.1837349542653783
713.9416,0.276,0.5590909179347823,0.1837349542653783
714.9416,0.276,0.5590909179347823,0.1837349542653783
715.296527,0.276,0.5590909179347823,0.1837349542653783
716.296527,0.276,0.5590909179347823,0.1837349542653783
717.296527,0.276,0.5590909179347823,0.1837349542653783
718.296527,0.276,0.5590909179347823,0.1837349542653783
719.296527,0.277,0.5575202309355514,0.18320970041439208
719.651454,0.277,0.5575202309355514,0.18320970041439208
720.651454,0.277,0.5575202309355514,0.18320970041439208
721.651454,0.279,0.5543957967264024,0.18216485755180256
722.651454,0.279,0.5543957967264024,0.18216485755180256
723.651454,0.28,0.5528419686577808,0.18164524150021902
724.006381,0.282,0.549750891680639,0.1806115536383257
725.006381,0.282,0.549750891680639,0.1806115536383257
726.006381,0.282,0.549750891680639,0.1806115536383257
727.006381,0.282,0.549750891680639,0.1806115536383257
728.006381,0.282,0.549750891680639,0.1806115536383257
728.361308,0.282,0.549750891680639,0.1806115536383257
729.361308,0.283,0.5482135644757098,0.18009745564489335
730.361308,0.283,0.5482135644757098,0.18009745564489335
731.361308,0.284,0.5466816599529624,0.17958517105203028
732.361308,0.284,0.5466816599529624,0.17958517105203028
732.716235,0.284,0.5466816599529624,0.17958517105203028
733.716235,0.286,0.543633966870957,0.17856599120987765
734.716235,0.286,0.543633966870957,0.17856599120987765
735.716235,0.287,0.5421181032660077,0.17805907086453873
736.716235,0.287,0.5421181032660077,0.17805907086453873
737.071162,0.287,0.5421181032660077,0.17805907086453873
738.071162,0.288,0.5406075122407692,0.1775539137239625
739.071162,0.288,0.5406075122407692,0.1775539137239625
740.071162,0.288,0.5406075122407692,0.1775539137239625
741.071162,0.29,0.5376020021010439,0.1765488402905911
741.426089,0.291,0.5361070110140927,0.17604889992946524
742.426089,0.291,0.5361070110140927,0.17604889992946524
743.426089,0.292,0.5346171485515817,0.1755506746329823
744.426089,0.292,0.5346171485515817,0.1755506746329823
745.426089,0.294,0.5316526695878427,0.17455932244592404
745.781016,0.294,0.5316526695878427,0.17455932244592404
746.781016,0.295,0.530177984021837,0.1740661724593783
747.781016,0.297,0.5272435506827877,0.17308486783754548
748.781016,0.297,0.5272435506827877,0.17308486783754548
749.781016,0.298,0.5257837359237448,0.17259669080145285
750.135943,0.299,0.5243288116755703,0.17211014920238119
751.135943,0.299,0.5243288116755703,0.17211014920238119
752.135943,0.299,0.5243288116755703,0.17211014920238119
753.135943,0.301,0.5214335044061567,0.17114192873974757
754.135943,0.301,0.5214335044061567,0.17114192873974757
754.49087,0.301,0.5214335044061567,0.17114192873974757
755.49087,0.301,0.5214335044061567,0.17114192873974757
756.49087,0.302,0.5199930570428494,0.17066022835953779
757.49087,0.303,0.518557371497695,0.17018012038018426
758.49087,0.305,0.5157001606532141,0.169224639752995
758.845797,0.305,0.5157001606532141,0.169224639752995
759.845797,0.306,0.51427857351842,0.16874924642674433
760.845797,0.306,0.51427857351842,0.16874924642674433
761.845797,0.306,0.51427857351842,0.16874924642674433
762.845797,0.307,0.5128616245228135,0.16827540414183473
763.200724,0.309,0.5100415205751654,0.1673323324417386
764.200724,0.31,0.5086383061657274,0.16686308314338852
765.200724,0.31,0.5086383061657274,0.16686308314338852
766.200724,0.311,0.5072396109731625,0.1663953451175372
767.200724,0.313,0.5044556624535516,0.1654643641636049
767.555651,0.313,0.5044556624535516,0.1654643641636049
768.555651,0.314,0.5030703519267851,0.16500110210735047
769.555651,0.314,0.5030703519267851,0.16500110210735047
770.555651,0.316,0.5003129173815962,0.16407898769855223
771.555651,0.316,0.5003129173815962,0.16407898769855223
771.910578,0.316,0.5003129173815962,0.16407898769855223
772.910578,0.317,0.4989407377822485,0.16362011675917665
773.910578,0.317,0.4989407377822485,0.16362011675917665
774.910578,0.318,0.4975728800155673,0.16316269108499554
775.910578,0.32,0.494850021680094,0.1622521393155484
776.265505,0.32,0.494850021680094,0.1622521393155484
777.265505,0.322,0.4921441283041691,0.16134726080266928
778.265505,0.322,0.4921441283041691,0.16134726080266928
779.265505,0.322,0.4921441283041691,0.16134726080266928
780.265505,0.322,0.4921441283041691,0.16134726080266928
780.620432,0.324,0.48945498979338786,0.1604479852886332
781.620432,0.324,0.48945498979338786,0.1604479852886332
782.620432,0.324,0.48945498979338786,0.1604479852886332
783.620432,0.325,0.4881166390211256,0.16000042705618756
784.620432,0.326,0.48678239993206096,0.15955424381279742
784.975359,0.329,0.48280410205002566,0.15822386017561665
785.975359,0.329,0.48280410205002566,0.15822386017561665
786.975359,0.331,0.48017200622428124,0.15734366032083083
787.975359,0.332,0.4788619162959637,0.15690555280461405
788.975359,0.332,0.4788619162959637,0.15690555280461405
789.330286,0.333,0.47755576649368014,0.15646876290697673
790.330286,0.335,0.47495519296315475,0.15559910443119504
791.330286,0.336,0.4736607226101559,0.15516622026125343
792.330286,0.336,0.4736607226101559,0.15516622026125343
793.330286,0.337,0.47237009912866135,0.15473462252461959
793.685214,0.339,0.4698003017969178,0.15387525592553694
794.685214,0.339,0.4698003017969178,0.15387525592553694
795.685214,0.339,0.4698003017969178,0.15387525592553694
796.685214,0.34,0.46852108295774486,0.15344747201833028
797.685214,0.341,0.4672456210075022,0.15302094445333522
798.040141,0.343,0.46470587995722945,0.15217162898321498
799.040141,0.344,0.46344155742846993,0.15174882655507702
800.040141,0.346,0.46092390120722343,0.1509068964784184
801.040141,0.347,0.4596705252091263,0.1504877546824676
802.040141,0.347,0.4596705252091263,0.1504877546824676
802.395068,0.348,0.45842075605341914,0.15006981905162556
803.395068,0.348,0.45842075605341914,0.15006981905162556
804.395068,0.351,0.4546928835341759,0.14882318022563606
805.395068,0.351,0.4546928835341759,0.14882318022563606
806.395068,0.354,0.45099673797421225,0.14758715122041277
806.749995,0.354,0.45099673797421225,0.14758715122041277
807.749995,0.355,0.4497716469449059,0.14717746820828692
808.749995,0.355,0.4497716469449059,0.14717746820828692
809.749995,0.356,0.44855000202712486,0.14676893761121923
810.749995,0.358,0.44611697335612566,0.14595530785581415
811.104922,0.362,0.4412914294668343,0.1443415964593396
812.104922,0.362,0.4412914294668343,0.1443415964593396
813.104922,0.363,0.4400933749638875,0.14394095473907814
814.104922,0.365,0.4377071355435253,0.14314297178923893
815.104922,0.366,0.43651891460558934,0.14274561851402948
815.459849,0.367,0.4353339357479107,0.1423493494237284
816.459849,0.369,0.4329736338409397,0.14156004024453886
817.459849,0.37,0.431798275933005,0.14116698849856268
818.459849,0.371,0.43062609038495414,0.1407749976222865
819.459849,0.373,0.4282911681913124,0.13999417567968175
819.814776,0.374,0.42712839779951983,0.13960533332827701
820.814776,0.378,0.4225082001627747,0.13806029182592416
821.814776,0.381,0.4190750243243807,0.136912202594198
822.814776,0.381,0.4190750243243807,0.136912202594198
823.814776,0.382,0.41793663708829126,0.13653151422028115
824.169703,0.384,0.4156687756324692,0.13577311807658285
825.169703,0.386,0.41341269532824504,0.1350186616708775
826.169703,0.388,0.41116827440579273,0.1342681042820856
827.169703,0.388,0.41116827440579273,0.1342681042820856
828.169703,0.389,0.41005039867429227,0.13389427516579308
828.52463,0.389,0.41005039867429227,0.13389427516579308
829.52463,0.392,0.4067139329795427,0.1327785267985444
830.52463,0.397,0.40120949323688493,0.1309377856618518
831.52463,0.399,0.3990271043132517,0.1302079724100395
832.52463,0.4,0.3979400086720376,0.12984443647180505
832.879557,0.401,0.39685562737981767,0.12948180823972902
833.879557,0.403,0.39469495385889053,0.12875925684142583
834.879557,0.405,0.3925449767853314,0.1280402824448898
835.879557,0.408,0.3893398369101201,0.12696845077936475
836.879557,0.411,0.38615817812393083,0.1259044714309724
837.234484,0.414,0.3829996588791011,0.12484823018266941
838.234484,0.415,0.3819519032879073,0.1244978499608707
839.234484,0.415,0.3819519032879073,0.1244978499608707
840.234484,0.418,0.37882371822496486,0.12345175277428123
841.234484,0.419,0.3777859770337047,0.12310472147058844
841.589411,0.423,0.37365963262495766,0.12172482955561678
842.589411,0.425,0.37161106994968846,0.12103976917458692
843.589411,0.426,0.3705904008972811,0.12069844696932137
844.589411,0.427,0.36957212497497616,0.12035792505132045
845.589411,0.429,0.36754270781527576,0.11967926712716873
845.944338,0.43,0.36653154442041347,0.11934112371133362
846.944338,0.431,0.3655227298392684,0.11900376576290919
847.944338,0.434,0.3625102704874893,0.11799636844171393
848.944338,0.435,0.3615107430453627,0.11766211620788218
849.944338,0.437,0.3595185630295782,0.11699591076678477
850.299265,0.44,0.3565473235138126,0.11600229778175179
851.299265,0.444,0.3526170298853802,0.11468796725959712
852.299265,0.446,0.35066514128785814,0.11403523568223858
853.299265,0.448,0.348721986001856,0.11338542461387384
854.299265,0.449,0.3477536589966768,0.11306160612633726
854.654192,0.455,0.3419886033428876,0.11113371235451297
855.654192,0.456,0.341035157335565,0.11081487022536893
856.654192,0.457,0.34008379993014975,0.11049672654613603
857.654192,0.459,0.33818731446273875,0.10986252234403543
858.654192,0.461,0.33629907461035186,0.10923107556021566
859.009119,0.465,0.33254704711004607,0.1079763590606796
860.009119,0.467,0.33068311943388784,0.10735304251808309
861.009119,0.468,0.32975414692587596,0.10704238457825643
862.009119,0.47,0.3279021420642826,0.10642305514720274
863.009119,0.471,0.3269790928711038,0.10611437802464155
863.364046,0.474,0.324221658325915,0.10519226361584333
864.364046,0.474,0.324221658325915,0.10519226361584333
865.364046,0.478,0.3205721033878811,0.1039718149927079
866.364046,0.479,0.3196644865854368,0.10366829861997602
867.364046,0.48,0.31875876262441283,0.10336541523283953
867.718973,0.483,0.31605286924848786,0.10246053671996036
868.718973,0.485,0.3142582613977364,0.10186040143834228
869.718973,0.489,0.3106911408763798,0.10066751973008853
870.718973,0.49,0.3098039199714864,0.10037082395480107
871.718973,0.493,0.30715308072277,0.09948435610702779
872.0739,0.495,0.3053948010664313,0.0988963693464225
873.0739,0.495,0.3053948010664313,0.0988963693464225
874.0739,0.5,0.3010299956639812,0.0974367336280617
875.0739,0.501,0.30016227413275426,0.09714655864343155
876.0739,0.502,0.29929628285498067,0.09685696227331211
876.428827,0.504,0.2975694635544747,0.09627949617854455
877.428827,0.508,0.29413628771608075,0.09513140694681839
878.428827,0.512,0.2907300390241692,0.09399232242920325
879.428827,0.513,0.2898826348881837,0.09370894179003963
880.428827,0.519,0.28483264215154214,0.09202017239570948
880.783754,0.523,0.2814983111327257,0.09090513788599897
881.783754,0.525,0.2798406965940431,0.09035081457376672
882.783754,0.528,0.27736607746618774,0.08952327654278625
883.783754,0.529,0.2765443279648142,0.08924847507670561
884.783754,0.535,0.27164621797877153,0.08761049683280167
885.138681,0.536,0.27083521030722996,0.08733928754484986
886.138681,0.539,0.2684112348132613,0.08652868526474779
887.138681,0.542,0.266000713461613,0.08572258218790452
888.138681,0.547,0.2620126736665692,0.08438894075504186
889.138681,0.55,0.2596373105057561,0.08359459493800842
889.493608,0.551,0.25884840114821495,0.08333077555303199
890.493608,0.555,0.2557070168773237,0.08228026441585375
891.493608,0.561,0.25103713874383854,0.08071860924556808
892.493608,0.561,0.25103713874383854,0.08071860924556808
893.493608,0.562,0.2502636844309389,0.08045995818611998
893.848535,0.564,0.24872089601665776,0.07994403390823719
894.848535,0.566,0.24718356881172862,0.07942993591480482
895.848535,0.57,0.24412514432750865,0.07840716738162559
896.848535,0.574,0.2410881076020265,0.0773915511344502
897.848535,0.576,0.239577516576788,0.07688639399387397
898.203462,0.577,0.2388241868442686,0.07663447280062415
899.203462,0.58,0.23657200643706275,0.07588132056050258
900.203462,0.583,0.23433144524098592,0.0751320539038193
901.203462,0.587,0.23136189875238555,0.07413900708444428
902.203462,0.588,0.23062267392386154,0.07389180271583552
902.558389,0.588,0.23062267392386154,0.07389180271583552
903.558389,0.589,0.2298847052128984,0.07364501840582943
904.558389,0.591,0.22841251911874466,0.07315270426832066
905.558389,0.595,0.22548303427145044,0.07217305447291233
906.558389,0.596,0.22475374025976358,0.0719291710713643
906.913316,0.6,0.22184874961635637,0.07095771238909615
907.913316,0.602,0.22040350874217546,0.07047440900965905
908.913316,0.602,0.22040350874217546,0.07047440900965905
909.913316,0.604,0.21896306137886817,0.06999270862944927
910.913316,0.607,0.21681130892474243,0.06927314052743275
911.268243,0.611,0.21395878975744576,0.06831922884524004
912.268243,0.613,0.21253952548158497,0.06784461230685393
913.268243,0.615,0.21112488422458325,0.06737154175341586
914.268243,0.615,0.21112488422458325,0.06737154175341586
915.268243,0.617,0.20971483596675833,0.06690000714603603
915.62317,0.617,0.20971483596675833,0.06690000714603603
916.62317,0.619,0.208309350979882,0.06642999854328986
917.62317,0.623,0.2055119533408304,0.06549452006580128
918.62317,0.625,0.2041199826559248,0.06502903078431835
919.62317,0.63,0.2006594505464183,0.06387179333480117
919.978097,0.63,0.2006594505464183,0.06387179333480117
920.978097,0.632,0.19928292171761497,0.06341146796846368
921.978097,0.632,0.19928292171761497,0.06341146796846368
922.978097,0.633,0.1985962899826449,0.06318185127005148
923.978097,0.636,0.19654288435158612,0.06249517135490701
924.333024,0.637,0.19586056766464954,0.06226699765283837
925.333024,0.638,0.19517932127883766,0.062039181870449295
926.333024,0.641,0.19314197048118256,0.061357870856350256
927.333024,0.645,0.19044028536473223,0.06045439962862472
928.333024,0.647,0.1890957193312996,0.060004762949062485
928.687951,0.648,0.18842499412940666,0.05978046555854465
929.687951,0.651,0.18641901143180803,0.05910964435900501
930.687951,0.652,0.18575240426807976,0.05888672408270889
931.687951,0.653,0.18508681872492605,0.058664145446816814
932.687951,0.655,0.18375870000821692,0.05822000891874984
933.042878,0.658,0.1817741063860445,0.05755634044552813
934.042878,0.66,0.1804560644581313,0.057115573699042875
935.042878,0.662,0.17914201056030005,0.056676140590742316
936.042878,0.662,0.17914201056030005,0.056676140590742316
937.042878,0.662,0.17914201056030005,0.056676140590742316
937.397805,0.664,0.1778319206319825,0.056238033074525524
938.397805,0.664,0.1778319206319825,0.056238033074525524
939.397805,0.668,0.17522353752445433,0.05536576299605195
940.397805,0.671,0.1732774798310079,0.054714981332853234
941.397805,0.674,0.17134010346468015,0.05406710279453107
941.752732,0.675,0.17069622716897506,0.053851783953766844
942.752732,0.675,0.17069622716897506,0.053851783953766844
943.752732,0.677,0.16941133131485567,0.05342210159450437
944.752732,0.677,0.16941133131485567,0.05342210159450437
945.752732,0.679,0.1681302257194983,0.05299368673666767
946.107659,0.681,0.16685288808721482,0.05256653192434985
947.107659,0.683,0.1655792963184674,0.052140629767238676
948.107659,0.685,0.1643094285075744,0.05171597293984939
949.107659,0.685,0.1643094285075744,0.05171597293984939
950.107659,0.686,0.16367588429324828,0.051504109253126464
950.462586,0.689,0.16178077809237423,0.0508703662919099
951.462586,0.69,0.16115090926274472,0.05065973169154644
952.462586,0.692,0.15989390554324223,0.050239376748329886
953.462586,0.692,0.15989390554324223,0.050239376748329886
954.462586,0.694,0.15864052954514513,0.0498202349523791
954.817514,0.696,0.15739076038943792,0.04940229932153703
955.817514,0.697,0.1567672219019906,0.04919378165256148
956.817514,0.698,0.15614457737683896,0.048985562933751475
957.817514,0.7,0.15490195998574322,0.04857001892638713
958.817514,0.7,0.15490195998574322,0.04857001892638713
959.172441,0.701,0.15428198203334137,0.04836269193686912
960.172441,0.702,0.15366288787019475,0.048155660495547536
961.172441,0.707,0.15058058620310064,0.04712490718738673
962.172441,0.707,0.15058058620310064,0.04712490718738673
963.172441,0.708,0.14996674231023102,0.04691963149032423
963.527368,0.709,0.1493537648169335,0.046714645526169656
964.527368,0.711,0.14813039927023372,0.046305539533134404
965.527368,0.711,0.14813039927023372,0.046305539533134404
966.527368,0.713,0.14691047014813446,0.04589758271575027
967.527368,0.713,0.14691047014813446,0.04589758271575027
967.882295,0.715,0.14569395819891942,0.045490768636045766
968.882295,0.719,0.14327110961711742,0.04468054320693663
969.882295,0.72,0.14266750356873156,0.0444786911501306
970.882295,0.722,0.1414628024303609,0.04407582672677541
971.882295,0.723,0.1408617027054692,0.0438748128102658
972.237222,0.724,0.1402614338028531,0.04367407672925108
973.237222,0.724,0.1402614338028531,0.04367407672925108
974.237222,0.724,0.1402614338028531,0.04367407672925108
975.237222,0.726,0.1390633792999063,0.04327343500898962
976.237222,0.726,0.1390633792999063,0.04327343500898962
976.592149,0.726,0.1390633792999063,0.04327343500898962
977.592149,0.727,0.1384655891409622,0.043073527845295764
978.592149,0.728,0.13786862068696285,0.042873895468167805
979.592149,0.731,0.13608262304213956,0.04227663952777033
980.592149,0.732,0.13548891894160817,0.04207809878394096
980.947076,0.734,0.13430394008392949,0.04168182969363988
981.947076,0.735,0.1337126609158051,0.04148409987209215
982.947076,0.735,0.1337126609158051,0.04148409987209215
983.947076,0.735,0.1337126609158051,0.04148409987209215
984.947076,0.737,0.13253251214094855,0.04108944601105326
985.302003,0.737,0.13253251214094855,0.04108944601105326
986.302003,0.737,0.13253251214094855,0.04108944601105326
987.302003,0.738,0.13194363817695845,0.040892520514450324
988.302003,0.741,0.13018179202067184,0.04030334107966291
989.302003,0.741,0.13018179202067184,0.04030334107966291
989.65693,0.741,0.13018179202067184,0.04030334107966291
990.65693,0.742,0.12959609472097294,0.040107477892197985
991.65693,0.743,0.12901118623942473,0.039911878493617534
992.65693,0.743,0.12901118623942473,0.039911878493617534
993.65693,0.743,0.12901118623942473,0.039911878493617534
994.011857,0.746,0.12726117252733118,0.039326655949593226
995.011857,0.747,0.12667939818460122,0.03913210463919623
996.011857,0.747,0.12667939818460122,0.03913210463919623
997.011857,0.749,0.12551818230053352,0.0387437821311271
998.011857,0.749,0.12551818230053352,0.0387437821311271
998.366784,0.752,0.12378215940835775,0.03816323826085757
999.366784,0.757,0.12090412049992724,0.03720079251534524
1000.366784,0.758,0.12033079436794646,0.037009066373318605
1001.366784,0.758,0.12033079436794646,0.037009066373318605
1002.366784,0.758,0.12033079436794646,0.037009066373318605
1002.721711,0.76,0.11918640771920865,0.036626371734245974
1003.721711,0.76,0.11918640771920865,0.036626371734245974
1004.721711,0.76,0.11918640771920865,0.036626371734245974
1005.721711,0.76,0.11918640771920865,0.036626371734245974
1006.721711,0.761,0.11861534322942717,0.03643540190857983
1007.076638,0.761,0.11861534322942717,0.03643540190857983
1008.076638,0.761,0.11861534322942717,0.03643540190857983
1009.076638,0.761,0.11861534322942717,0.03643540190857983
1010.076638,0.762,0.1180450286603995,0.03624468286410947
1011.076638,0.762,0.1180450286603995,0.03624468286410947
1011.431565,0.762,0.1180450286603995,0.03624468286410947
1012.431565,0.762,0.1180450286603995,0.03624468286410947
1013.431565,0.762,0.1180450286603995,0.03624468286410947
1014.431565,0.762,0.1180450286603995,0.03624468286410947
1015.431565,0.764,0.11690664142431006,0.03586399449019263
1015.786492,0.764,0.11690664142431006,0.03586399449019263
1016.786492,0.765,0.11633856484638239,0.035674023852912455
1017.786492,0.768,0.114638779968488,0.03510559834649435
1018.786492,0.768,0.114638779968488,0.03510559834649435
1019.786492,0.769,0.11407366019856895,0.03491661649615512
1020.141419,0.771,0.112945621949043,0.03453938892954676
1021.141419,0.771,0.112945621949043,0.03453938892954676
1022.141419,0.771,0.112945621949043,0.03453938892954676
1023.141419,0.772,0.11238269966426384,0.03435114194078898
1024.141419,0.772,0.11238269966426384,0.03435114194078898
1024.496346,0.772,0.11238269966426384,0.03435114194078898
1025.496346,0.772,0.11238269966426384,0.03435114194078898
1026.496346,0.772,0.11238269966426384,0.03435114194078898
1027.496346,0.772,0.11238269966426384,0.03435114194078898
1028.496346,0.772,0.11238269966426384,0.03435114194078898
1028.851273,0.773,0.11182050608167507,0.034163138637521635
1029.851273,0.775,0.1106982974936897,0.033787860569556634
1030.851273,0.776,0.11013827874181155,0.0336005845519971
1031.851273,0.776,0.11013827874181155,0.0336005845519971
1032.851273,0.776,0.11013827874181155,0.0336005845519971
1033.2062,0.776,0.11013827874181155,0.0336005845519971
1034.2062,0.776,0.11013827874181155,0.0336005845519971
1035.2062,0.776,0.11013827874181155,0.0336005845519971
1036.2062,0.776,0.11013827874181155,0.0336005845519971
1037.2062,0.776,0.11013827874181155,0.0336005845519971
1037.561127,0.777,0.10957898119908573,0.03341354971417918
1038.561127,0.777,0.10957898119908573,0.03341354971417918
1039.561127,0.777,0.10957898119908573,0.03341354971417918
1040.561127,0.779,0.10846254232743553,0.03304020109856569
1041.561127,0.78,0.10790539730951958,0.032853886087133466
1041.916054,0.78,0.10790539730951958,0.032853886087133466
1042.916054,0.78,0.10790539730951958,0.032853886087133466
1043.916054,0.782,0.10679324694015199,0.032481971590692035
1044.916054,0.782,0.10679324694015199,0.032481971590692035
1045.916054,0.783,0.10623823794205658,0.032296370886207716
1046.270981,0.783,0.10623823794205658,0.032296370886207716
1047.270981,0.783,0.10623823794205658,0.032296370886207716
1048.270981,0.783,0.10623823794205658,0.032296370886207716
1049.270981,0.783,0.10623823794205658,0.032296370886207716
1050.270981,0.783,0.10623823794205658,0.032296370886207716
1050.625908,0.784,0.10568393731556154,0.03211100706845589
1051.625908,0.784,0.10568393731556154,0.03211100706845589
1052.625908,0.784,0.10568393731556154,0.03211100706845589
1053.625908,0.784,0.10568393731556154,0.03211100706845589
1054.625908,0.784,0.10568393731556154,0.03211100706845589
1054.980835,0.784,0.10568393731556154,0.03211100706845589
1055.980835,0.784,0.10568393731556154,0.03211100706845589
1056.980835,0.784,0.10568393731556154,0.03211100706845589
1057.980835,0.786,0.10457745396059209,0.03174098767978429
1058.980835,0.786,0.10457745396059209,0.03174098767978429
1059.335762,0.786,0.10457745396059209,0.03174098767978429
1060.335762,0.786,0.10457745396059209,0.03174098767978429
1061.335762,0.786,0.10457745396059209,0.03174098767978429
1062.335762,0.787,0.10402526764093543,0.03155633090793631
1063.335762,0.787,0.10402526764093543,0.03155633090793631
1063.690689,0.788,0.10347378251044467,0.03137190862094104
1064.690689,0.788,0.10347378251044467,0.03137190862094104
1065.690689,0.788,0.10347378251044467,0.03137190862094104
1066.690689,0.788,0.10347378251044467,0.03137190862094104
1067.690689,0.788,0.10347378251044467,0.03137190862094104
1068.045616,0.788,0.10347378251044467,0.03137190862094104
1069.045616,0.788,0.10347378251044467,0.03137190862094104
1070.045616,0.79,0.10237290870955856,0.031003765124720337
1071.045616,0.79,0.10237290870955856,0.031003765124720337
1072.045616,0.788,0.10347378251044467,0.03137190862094104
1072.400543,0.788,0.10347378251044467,0.03137190862094104
1073.400543,0.788,0.10347378251044467,0.03137190862094104
1074.400543,0.788,0.10347378251044467,0.03137190862094104
1075.400543,0.788,0.10347378251044467,0.03137190862094104
1076.400543,0.79,0.10237290870955856,0.031003765124720337
1076.75547,0.79,0.10237290870955856,0.031003765124720337
1077.75547,0.794,0.10017949757290372,0.03027026593176328
1078.75547,0.794,0.10017949757290372,0.03027026593176328
1079.75547,0.795,0.0996328713435297,0.030087468511163652
1080.75547,0.795,0.0996328713435297,0.030087468511163652
1081.110397,0.795,0.0996328713435297,0.030087468511163652
1082.110397,0.794,0.10017949757290372,0.03027026593176328
1083.110397,0.794,0.10017949757290372,0.03027026593176328
1084.110397,0.795,0.0996328713435297,0.030087468511163652
1085.110397,0.795,0.0996328713435297,0.030087468511163652
1085.465324,0.795,0.0996328713435297,0.030087468511163652
1086.465324,0.795,0.0996328713435297,0.030087468511163652
1087.465324,0.795,0.0996328713435297,0.030087468511163652
1088.465324,0.795,0.0996328713435297,0.030087468511163652
1089.465324,0.795,0.0996328713435297,0.030087468511163652
1089.820251,0.797,0.09854167860388764,0.029722562461170342
1090.820251,0.797,0.09854167860388764,0.029722562461170342
1091.820251,0.795,0.0996328713435297,0.030087468511163652
1092.820251,0.795,0.0996328713435297,0.030087468511163652
1093.820251,0.795,0.0996328713435297,0.030087468511163652
1094.175178,0.795,0.0996328713435297,0.030087468511163652
1095.175178,0.797,0.09854167860388764,0.029722562461170342
1096.175178,0.797,0.09854167860388764,0.029722562461170342
1097.175178,0.797,0.09854167860388764,0.029722562461170342
1098.175178,0.798,0.09799710864927055,0.029540452679950993
1098.530105,0.798,0.09799710864927055,0.029540452679950993
1099.530105,0.798,0.09799710864927055,0.029540452679950993
1100.530105,0.798,0.09799710864927055,0.029540452679950993
1101.530105,0.798,0.09799710864927055,0.029540452679950993
1102.530105,0.798,0.09799710864927055,0.029540452679950993
1102.885032,0.798,0.09799710864927055,0.029540452679950993
1103.885032,0.797,0.09854167860388764,0.029722562461170342
1104.885032,0.798,0.09799710864927055,0.029540452679950993
1105.885032,0.798,0.09799710864927055,0.029540452679950993
1106.885032,0.798,0.09799710864927055,0.029540452679950993
1107.239959,0.798,0.09799710864927055,0.029540452679950993
1108.239959,0.799,0.09745322068600859,0.029358570963639415
1109.239959,0.799,0.09745322068600859,0.029358570963639415
1110.239959,0.799,0.09745322068600859,0.029358570963639415
1111.239959,0.799,0.09745322068600859,0.029358570963639415
1111.594886,0.799,0.09745322068600859,0.029358570963639415
1112.594886,0.799,0.09745322068600859,0.029358570963639415
1113.594886,0.799,0.09745322068600859,0.029358570963639415
1114.594886,0.799,0.09745322068600859,0.029358570963639415
1115.594886,0.799,0.09745322068600859,0.029358570963639415
1115.949814,0.799,0.09745322068600859,0.029358570963639415
1116.949814,0.799,0.09745322068600859,0.029358570963639415
1117.949814,0.799,0.09745322068600859,0.029358570963639415
1118.949814,0.799,0.09745322068600859,0.029358570963639415
1119.949814,0.799,0.09745322068600859,0.029358570963639415
1120.304741,0.799,0.09745322068600859,0.029358570963639415
1121.304741,0.799,0.09745322068600859,0.029358570963639415
1122.304741,0.799,0.09745322068600859,0.029358570963639415
1123.304741,0.799,0.09745322068600859,0.029358570963639415
1124.304741,0.799,0.09745322068600859,0.029358570963639415
1124.659668,0.799,0.09745322068600859,0.029358570963639415
1125.659668,0.799,0.09745322068600859,0.029358570963639415
1126.659668,0.799,0.09745322068600859,0.029358570963639415
1127.659668,0.799,0.09745322068600859,0.029358570963639415
1128.659668,0.799,0.09745322068600859,0.029358570963639415
1129.014595,0.799,0.09745322068600859,0.029358570963639415
1130.014595,0.799,0.09745322068600859,0.029358570963639415
1131.014595,0.798,0.09799710864927055,0.029540452679950993
1132.014595,0.798,0.09799710864927055,0.029540452679950993
1133.014595,0.798,0.09799710864927055,0.029540452679950993
1133.369522,0.799,0.09745322068600859,0.029358570963639415
1134.369522,0.799,0.09745322068600859,0.029358570963639415
1135.369522,0.799,0.09745322068600859,0.029358570963639415
1136.369522,0.801,0.09636748391576232,0.028995489445801402
1137.369522,0.801,0.09636748391576232,0.028995489445801402
1137.724449,0.801,0.09636748391576232,0.028995489445801402
1138.724449,0.801,0.09636748391576232,0.028995489445801402
1139.724449,0.801,0.09636748391576232,0.028995489445801402
1140.724449,0.799,0.09745322068600859,0.029358570963639415
1141.724449,0.801,0.09636748391576232,0.028995489445801402
1142.079376,0.801,0.09636748391576232,0.028995489445801402
1143.079376,0.801,0.09636748391576232,0.028995489445801402
1144.079376,0.801,0.09636748391576232,0.028995489445801402
1145.079376,0.801,0.09636748391576232,0.028995489445801402
1146.079376,0.801,0.09636748391576232,0.028995489445801402
1146.434303,0.801,0.09636748391576232,0.028995489445801402
1147.434303,0.801,0.09636748391576232,0.028995489445801402
1148.434303,0.801,0.09636748391576232,0.028995489445801402
1149.434303,0.801,0.09636748391576232,0.028995489445801402
1150.434303,0.802,0.09582563171583648,0.0288142885096405
1150.78923,0.802,0.09582563171583648,0.0288142885096405
1151.78923,0.802,0.09582563171583648,0.0288142885096405
1152.78923,0.802,0.09582563171583648,0.0288142885096405
1153.78923,0.802,0.09582563171583648,0.0288142885096405
1154.78923,0.801,0.09636748391576232,0.028995489445801402
1155.144157,0.801,0.09636748391576232,0.028995489445801402
1156.144157,0.801,0.09636748391576232,0.028995489445801402
1157.144157,0.801,0.09636748391576232,0.028995489445801402
1158.144157,0.801,0.09636748391576232,0.028995489445801402
1159.144157,0.801,0.09636748391576232,0.028995489445801402
1159.499084,0.801,0.09636748391576232,0.028995489445801402
1160.499084,0.798,0.09799710864927055,0.029540452679950993
1161.499084,0.798,0.09799710864927055,0.029540452679950993
1162.499084,0.798,0.09799710864927055,0.029540452679950993
1163.499084,0.798,0.09799710864927055,0.029540452679950993
1163.854011,0.799,0.09745322068600859,0.029358570963639415
1164.854011,0.799,0.09745322068600859,0.029358570963639415
1165.854011,0.799,0.09745322068600859,0.029358570963639415
1166.854011,0.799,0.09745322068600859,0.029358570963639415
1167.854011,0.798,0.09799710864927055,0.029540452679950993
1168.208938,0.798,0.09799710864927055,0.029540452679950993
1169.208938,0.798,0.09799710864927055,0.029540452679950993
1170.208938,0.797,0.09854167860388764,0.029722562461170342
1171.208938,0.798,0.09799710864927055,0.029540452679950993
1172.208938,0.798,0.09799710864927055,0.029540452679950993
1172.563865,0.798,0.09799710864927055,0.029540452679950993
1173.563865,0.799,0.09745322068600859,0.029358570963639415
1174.563865,0.799,0.09745322068600859,0.029358570963639415
1175.563865,0.799,0.09745322068600859,0.029358570963639415
1176.563865,0.799,0.09745322068600859,0.029358570963639415
1176.918792,0.798,0.09799710864927055,0.029540452679950993
1177.918792,0.798,0.09799710864927055,0.029540452679950993
1178.918792,0.798,0.09799710864927055,0.029540452679950993
1179.918792,0.798,0.09799710864927055,0.029540452679950993
1180.918792,0.799,0.09745322068600859,0.029358570963639415
1181.273719,0.798,0.09799710864927055,0.029540452679950993
1182.273719,0.798,0.09799710864927055,0.029540452679950993
1183.273719,0.798,0.09799710864927055,0.029540452679950993
1184.273719,0.797,0.09854167860388764,0.029722562461170342
1185.273719,0.798,0.09799710864927055,0.029540452679950993
1185.628646,0.798,0.09799710864927055,0.029540452679950993
1186.628646,0.798,0.09799710864927055,0.029540452679950993
1187.628646,0.797,0.09854167860388764,0.029722562461170342
1188.628646,0.797,0.09854167860388764,0.029722562461170342
1189.628646,0.797,0.09854167860388764,0.029722562461170342
1189.983573,0.797,0.09854167860388764,0.029722562461170342
1190.983573,0.797,0.09854167860388764,0.029722562461170342
1191.983573,0.797,0.09854167860388764,0.029722562461170342
1192.983573,0.797,0.09854167860388764,0.029722562461170342
1193.983573,0.797,0.09854167860388764,0.029722562461170342
1194.3385,0.797,0.09854167860388764,0.029722562461170342
1195.3385,0.797,0.09854167860388764,0.029722562461170342
1196.3385,0.797,0.09854167860388764,0.029722562461170342
1197.3385,0.797,0.09854167860388764,0.029722562461170342
1198.3385,0.797,0.09854167860388764,0.029722562461170342
1198.693427,0.797,0.09854167860388764,0.029722562461170342
1199.693427,0.797,0.09854167860388764,0.029722562461170342
1200.693427,0.797,0.09854167860388764,0.029722562461170342
1201.693427,0.795,0.0996328713435297,0.030087468511163652
1202.693427,0.795,0.0996328713435297,0.030087468511163652
1203.048354,0.795,0.0996328713435297,0.030087468511163652
1204.048354,0.795,0.0996328713435297,0.030087468511163652
1205.048354,0.795,0.0996328713435297,0.030087468511163652
1206.048354,0.795,0.0996328713435297,0.030087468511163652
1207.048354,0.794,0.10017949757290372,0.03027026593176328
1207.403281,0.794,0.10017949757290372,0.03027026593176328
1208.403281,0.794,0.10017949757290372,0.03027026593176328
1209.403281,0.795,0.0996328713435297,0.030087468511163652
1210.403281,0.794,0.10017949757290372,0.03027026593176328
1211.403281,0.794,0.10017949757290372,0.03027026593176328
1211.758208,0.794,0.10017949757290372,0.03027026593176328
1212.758208,0.794,0.10017949757290372,0.03027026593176328
1213.758208,0.794,0.10017949757290372,0.03027026593176328
1214.758208,0.794,0.10017949757290372,0.03027026593176328
1215.758208,0.794,0.10017949757290372,0.03027026593176328
1216.113135,0.794,0.10017949757290372,0.03027026593176328
1217.113135,0.794,0.10017949757290372,0.03027026593176328
1218.113135,0.794,0.10017949757290372,0.03027026593176328
1219.113135,0.792,0.10127481841050648,0.030636552460077328
1220.113135,0.792,0.10127481841050648,0.030636552460077328
1220.468062,0.792,0.10127481841050648,0.030636552460077328
1221.468062,0.792,0.10127481841050648,0.030636552460077328
1222.468062,0.792,0.10127481841050648,0.030636552460077328
1223.468062,0.792,0.10127481841050648,0.030636552460077328
1224.468062,0.792,0.10127481841050648,0.030636552460077328
1224.822989,0.791,0.10182351650232344,0.030820042732739396
1225.822989,0.791,0.10182351650232344,0.030820042732739396
1226.822989,0.791,0.10182351650232344,0.030820042732739396
1227.822989,0.791,0.10182351650232344,0.030820042732739396
1228.822989,0.791,0.10182351650232344,0.030820042732739396
1229.177916,0.79,0.10237290870955856,0.031003765124720337
1230.177916,0.79,0.10237290870955856,0.031003765124720337
1231.177916,0.79,0.10237290870955856,0.031003765124720337
1232.177916,0.79,0.10237290870955856,0.031003765124720337
1233.177916,0.79,0.10237290870955856,0.031003765124720337
1233.532843,0.788,0.10347378251044467,0.03137190862094104
1234.532843,0.788,0.10347378251044467,0.03137190862094104
1235.532843,0.788,0.10347378251044467,0.03137190862094104
1236.532843,0.788,0.10347378251044467,0.03137190862094104
1237.532843,0.788,0.10347378251044467,0.03137190862094104
1237.88777,0.787,0.10402526764093543,0.03155633090793631
1238.88777,0.787,0.10402526764093543,0.03155633090793631
1239.88777,0.787,0.10402526764093543,0.03155633090793631
1240.88777,0.787,0.10402526764093543,0.03155633090793631
1241.88777,0.787,0.10402526764093543,0.03155633090793631
1242.242697,0.787,0.10402526764093543,0.03155633090793631
1243.242697,0.787,0.10402526764093543,0.03155633090793631
1244.242697,0.787,0.10402526764093543,0.03155633090793631
1245.242697,0.786,0.10457745396059209,0.03174098767978429
1246.242697,0.786,0.10457745396059209,0.03174098767978429
1246.597624,0.786,0.10457745396059209,0.03174098767978429
1247.597624,0.786,0.10457745396059209,0.03174098767978429
1248.597624,0.786,0.10457745396059209,0.03174098767978429
1249.597624,0.786,0.10457745396059209,0.03174098767978429
1250.597624,0.786,0.10457745396059209,0.03174098767978429
1250.952551,0.786,0.10457745396059209,0.03174098767978429
1251.952551,0.786,0.10457745396059209,0.03174098767978429
1252.952551,0.786,0.10457745396059209,0.03174098767978429
1253.952551,0.786,0.10457745396059209,0.03174098767978429
1254.952551,0.786,0.10457745396059209,0.03174098767978429
1255.307478,0.786,0.10457745396059209,0.03174098767978429
1256.307478,0.786,0.10457745396059209,0.03174098767978429
1257.307478,0.786,0.10457745396059209,0.03174098767978429
1258.307478,0.786,0.10457745396059209,0.03174098767978429
1259.307478,0.786,0.10457745396059209,0.03174098767978429
1259.662405,0.786,0.10457745396059209,0.03174098767978429
1260.662405,0.786,0.10457745396059209,0.03174098767978429
1261.662405,0.786,0.10457745396059209,0.03174098767978429
1262.662405,0.786,0.10457745396059209,0.03174098767978429
1263.662405,0.786,0.10457745396059209,0.03174098767978429
1264.017332,0.786,0.10457745396059209,0.03174098767978429
1265.017332,0.786,0.10457745396059209,0.03174098767978429
1266.017332,0.786,0.10457745396059209,0.03174098767978429
1267.017332,0.786,0.10457745396059209,0.03174098767978429
1268.017332,0.786,0.10457745396059209,0.03174098767978429
1268.372259,0.786,0.10457745396059209,0.03174098767978429
1269.372259,0.784,0.10568393731556154,0.03211100706845589
1270.372259,0.784,0.10568393731556154,0.03211100706845589
1271.372259,0.784,0.10568393731556154,0.03211100706845589
1272.372259,0.784,0.10568393731556154,0.03211100706845589
1272.727186,0.784,0.10568393731556154,0.03211100706845589
1273.727186,0.784,0.10568393731556154,0.03211100706845589
1274.727186,0.784,0.10568393731556154,0.03211100706845589
1275.727186,0.784,0.10568393731556154,0.03211100706845589
1276.727186,0.784,0.10568393731556154,0.03211100706845589
1277.082114,0.784,0.10568393731556154,0.03211100706845589
1278.082114,0.784,0.10568393731556154,0.03211100706845589
1279.082114,0.784,0.10568393731556154,0.03211100706845589
1280.082114,0.784,0.10568393731556154,0.03211100706845589
1281.082114,0.783,0.10623823794205658,0.032296370886207716
1281.437041,0.783,0.10623823794205658,0.032296370886207716
1282.437041,0.783,0.10623823794205658,0.032296370886207716
1283.437041,0.783,0.10623823794205658,0.032296370886207716
1284.437041,0.783,0.10623823794205658,0.032296370886207716
1285.437041,0.783,0.10623823794205658,0.032296370886207716
1285.791968,0.783,0.10623823794205658,0.032296370886207716
1286.791968,0.783,0.10623823794205658,0.032296370886207716
1287.791968,0.783,0.10623823794205658,0.032296370886207716
1288.791968,0.783,0.10623823794205658,0.032296370886207716
1289.791968,0.784,0.10568393731556154,0.03211100706845589
1290.146895,0.783,0.10623823794205658,0.032296370886207716
1291.146895,0.784,0.10568393731556154,0.03211100706845589
1292.146895,0.783,0.10623823794205658,0.032296370886207716
1293.146895,0.783,0.10623823794205658,0.032296370886207716
1294.146895,0.783,0.10623823794205658,0.032296370886207716
1294.501822,0.783,0.10623823794205658,0.032296370886207716
1295.501822,0.783,0.10623823794205658,0.032296370886207716
1296.501822,0.783,0.10623823794205658,0.032296370886207716
1297.501822,0.782,0.10679324694015199,0.032481971590692035
1298.501822,0.782,0.10679324694015199,0.032481971590692035
1298.856749,0.782,0.10679324694015199,0.032481971590692035
1299.856749,0.782,0.10679324694015199,0.032481971590692035
1300.856749,0.782,0.10679324694015199,0.032481971590692035
1301.856749,0.78,0.10790539730951958,0.032853886087133466
1302.856749,0.779,0.10846254232743553,0.03304020109856569
1303.211676,0.779,0.10846254232743553,0.03304020109856569
1304.211676,0.779,0.10846254232743553,0.03304020109856569
1305.211676,0.779,0.10846254232743553,0.03304020109856569
1306.211676,0.779,0.10846254232743553,0.03304020109856569
1307.211676,0.779,0.10846254232743553,0.03304020109856569
1307.566603,0.779,0.10846254232743553,0.03304020109856569
1308.566603,0.779,0.10846254232743553,0.03304020109856569
1309.566603,0.779,0.10846254232743553,0.03304020109856569
1310.566603,0.779,0.10846254232743553,0.03304020109856569
1311.566603,0.779,0.10846254232743553,0.03304020109856569
1311.92153,0.779,0.10846254232743553,0.03304020109856569
1312.92153,0.779,0.10846254232743553,0.03304020109856569
1313.92153,0.779,0.10846254232743553,0.03304020109856569
1314.92153,0.779,0.10846254232743553,0.03304020109856569
1315.92153,0.779,0.10846254232743553,0.03304020109856569
1316.276457,0.779,0.10846254232743553,0.03304020109856569
1317.276457,0.779,0.10846254232743553,0.03304020109856569
1318.276457,0.779,0.10846254232743553,0.03304020109856569
1319.276457,0.779,0.10846254232743553,0.03304020109856569
1320.276457,0.782,0.10679324694015199,0.032481971590692035
1320.631384,0.782,0.10679324694015199,0.032481971590692035
1321.631384,0.78,0.10790539730951958,0.032853886087133466
1322.631384,0.78,0.10790539730951958,0.032853886087133466
1323.631384,0.78,0.10790539730951958,0.032853886087133466
1324.631384,0.78,0.10790539730951958,0.032853886087133466
1324.986311,0.78,0.10790539730951958,0.032853886087133466
1325.986311,0.78,0.10790539730951958,0.032853886087133466
1326.986311,0.78,0.10790539730951958,0.032853886087133466
1327.986311,0.78,0.10790539730951958,0.032853886087133466
1328.986311,0.78,0.10790539730951958,0.032853886087133466
1329.341238,0.78,0.10790539730951958,0.032853886087133466
1330.341238,0.78,0.10790539730951958,0.032853886087133466
1331.341238,0.779,0.10846254232743553,0.03304020109856569
1332.341238,0.777,0.10957898119908573,0.03341354971417918
1333.341238,0.777,0.10957898119908573,0.03341354971417918
1333.696165,0.777,0.10957898119908573,0.03341354971417918
1334.696165,0.777,0.10957898119908573,0.03341354971417918
1335.696165,0.777,0.10957898119908573,0.03341354971417918
1336.696165,0.777,0.10957898119908573,0.03341354971417918
1337.696165,0.777,0.10957898119908573,0.03341354971417918
1338.051092,0.777,0.10957898119908573,0.03341354971417918
1339.051092,0.777,0.10957898119908573,0.03341354971417918
1340.051092,0.777,0.10957898119908573,0.03341354971417918
1341.051092,0.776,0.11013827874181155,0.0336005845519971
1342.051092,0.776,0.11013827874181155,0.0336005845519971
1342.406019,0.777,0.10957898119908573,0.03341354971417918
1343.406019,0.777,0.10957898119908573,0.03341354971417918
1344.406019,0.776,0.11013827874181155,0.0336005845519971
1345.406019,0.776,0.11013827874181155,0.0336005845519971
1346.406019,0.776,0.11013827874181155,0.0336005845519971
1346.760946,0.776,0.11013827874181155,0.0336005845519971
1347.760946,0.776,0.11013827874181155,0.0336005845519971
1348.760946,0.775,0.1106982974936897,0.033787860569556634
1349.760946,0.776,0.11013827874181155,0.0336005845519971
1350.760946,0.775,0.1106982974936897,0.033787860569556634
1351.115873,0.773,0.11182050608167507,0.034163138637521635
1352.115873,0.773,0.11182050608167507,0.034163138637521635
1353.115873,0.773,0.11182050608167507,0.034163138637521635
1354.115873,0.773,0.11182050608167507,0.034163138637521635
1355.115873,0.773,0.11182050608167507,0.034163138637521635
1355.4708,0.773,0.11182050608167507,0.034163138637521635
1356.4708,0.772,0.11238269966426384,0.03435114194078898
1357.4708,0.772,0.11238269966426384,0.03435114194078898
1358.4708,0.772,0.11238269966426384,0.03435114194078898
1359.4708,0.772,0.11238269966426384,0.03435114194078898
1359.825727,0.772,0.11238269966426384,0.03435114194078898
1360.825727,0.772,0.11238269966426384,0.03435114194078898
1361.825727,0.772,0.11238269966426384,0.03435114194078898
1362.825727,0.772,0.11238269966426384,0.03435114194078898
1363.825727,0.772,0.11238269966426384,0.03435114194078898
1364.180654,0.772,0.11238269966426384,0.03435114194078898
1365.180654,0.773,0.11182050608167507,0.034163138637521635
1366.180654,0.773,0.11182050608167507,0.034163138637521635
1367.180654,0.773,0.11182050608167507,0.034163138637521635
1368.180654,0.773,0.11182050608167507,0.034163138637521635
1368.535581,0.773,0.11182050608167507,0.034163138637521635
1369.535581,0.773,0.11182050608167507,0.034163138637521635
1370.535581,0.773,0.11182050608167507,0.034163138637521635
1371.535581,0.775,0.1106982974936897,0.033787860569556634
1372.535581,0.776,0.11013827874181155,0.0336005845519971
1372.890508,0.776,0.11013827874181155,0.0336005845519971
1373.890508,0.776,0.11013827874181155,0.0336005845519971
1374.890508,0.776,0.11013827874181155,0.0336005845519971
1375.890508,0.776,0.11013827874181155,0.0336005845519971
1376.890508,0.776,0.11013827874181155,0.0336005845519971
1377.245435,0.776,0.11013827874181155,0.0336005845519971
1378.245435,0.776,0.11013827874181155,0.0336005845519971
1379.245435,0.776,0.11013827874181155,0.0336005845519971
1380.245435,0.776,0.11013827874181155,0.0336005845519971
1381.245435,0.776,0.11013827874181155,0.0336005845519971
1381.600362,0.776,0.11013827874181155,0.0336005845519971
1382.600362,0.776,0.11013827874181155,0.0336005845519971
1383.600362,0.775,0.1106982974936897,0.033787860569556634
1384.600362,0.773,0.11182050608167507,0.034163138637521635
1385.600362,0.772,0.11238269966426384,0.03435114194078898
1385.955289,0.772,0.11238269966426384,0.03435114194078898
1386.955289,0.772,0.11238269966426384,0.03435114194078898
1387.955289,0.771,0.112945621949043,0.03453938892954676
1388.955289,0.771,0.112945621949043,0.03453938892954676
1389.955289,0.771,0.112945621949043,0.03453938892954676
1390.310216,0.771,0.112945621949043,0.03453938892954676
1391.310216,0.771,0.112945621949043,0.03453938892954676
1392.310216,0.771,0.112945621949043,0.03453938892954676
1393.310216,0.769,0.11407366019856895,0.03491661649615512
1394.310216,0.769,0.11407366019856895,0.03491661649615512
1394.665143,0.769,0.11407366019856895,0.03491661649615512
1395.665143,0.769,0.11407366019856895,0.03491661649615512
1396.665143,0.769,0.11407366019856895,0.03491661649615512
1397.665143,0.769,0.11407366019856895,0.03491661649615512
1398.665143,0.769,0.11407366019856895,0.03491661649615512
1399.02007,0.769,0.11407366019856895,0.03491661649615512
1400.02007,0.769,0.11407366019856895,0.03491661649615512
1401.02007,0.769,0.11407366019856895,0.03491661649615512
1402.02007,0.769,0.11407366019856895,0.03491661649615512
1403.02007,0.769,0.11407366019856895,0.03491661649615512
1403.374997,0.769,0.11407366019856895,0.03491661649615512
1404.374997,0.769,0.11407366019856895,0.03491661649615512
1405.374997,0.769,0.11407366019856895,0.03491661649615512
1406.374997,0.769,0.11407366019856895,0.03491661649615512
1407.374997,0.768,0.114638779968488,0.03510559834649435
1407.729924,0.768,0.114638779968488,0.03510559834649435
1408.729924,0.768,0.114638779968488,0.03510559834649435
1409.729924,0.768,0.114638779968488,0.03510559834649435
1410.729924,0.768,0.114638779968488,0.03510559834649435
1411.729924,0.768,0.114638779968488,0.03510559834649435
1412.084851,0.768,0.114638779968488,0.03510559834649435
1413.084851,0.768,0.114638779968488,0.03510559834649435
1414.084851,0.768,0.114638779968488,0.03510559834649435
1415.084851,0.768,0.114638779968488,0.03510559834649435
1416.084851,0.768,0.114638779968488,0.03510559834649435
1416.439778,0.768,0.114638779968488,0.03510559834649435
1417.439778,0.768,0.114638779968488,0.03510559834649435
1418.439778,0.768,0.114638779968488,0.03510559834649435
1419.439778,0.768,0.114638779968488,0.03510559834649435
1420.439778,0.768,0.114638779968488,0.03510559834649435
1420.794705,0.768,0.114638779968488,0.03510559834649435
1421.794705,0.768,0.114638779968488,0.03510559834649435
1422.794705,0.768,0.114638779968488,0.03510559834649435
1423.794705,0.768,0.114638779968488,0.03510559834649435
1424.794705,0.768,0.114638779968488,0.03510559834649435
1425.149632,0.767,0.11520463605101904,0.03529482642732709
1426.149632,0.767,0.11520463605101904,0.03529482642732709
1427.149632,0.767,0.11520463605101904,0.03529482642732709
1428.149632,0.767,0.11520463605101904,0.03529482642732709
1429.149632,0.767,0.11520463605101904,0.03529482642732709
1429.504559,0.765,0.11633856484638239,0.035674023852912455
1430.504559,0.765,0.11633856484638239,0.035674023852912455
1431.504559,0.765,0.11633856484638239,0.035674023852912455
1432.504559,0.765,0.11633856484638239,0.035674023852912455
1433.504559,0.765,0.11633856484638239,0.035674023852912455
1433.859486,0.765,0.11633856484638239,0.035674023852912455
1434.859486,0.765,0.11633856484638239,0.035674023852912455
1435.859486,0.765,0.11633856484638239,0.035674023852912455
1436.859486,0.765,0.11633856484638239,0.035674023852912455
1437.859486,0.765,0.11633856484638239,0.035674023852912455
1438.214414,0.764,0.11690664142431006,0.03586399449019263
1439.214414,0.764,0.11690664142431006,0.03586399449019263
1440.214414,0.764,0.11690664142431006,0.03586399449019263
1441.214414,0.764,0.11690664142431006,0.03586399449019263
1442.214414,0.761,0.11861534322942717,0.03643540190857983
1442.569341,0.761,0.11861534322942717,0.03643540190857983
1443.569341,0.761,0.11861534322942717,0.03643540190857983
1444.569341,0.761,0.11861534322942717,0.03643540190857983
1445.569341,0.761,0.11861534322942717,0.03643540190857983
1446.569341,0.761,0.11861534322942717,0.03643540190857983
1446.924268,0.761,0.11861534322942717,0.03643540190857983
1447.924268,0.761,0.11861534322942717,0.03643540190857983
1448.924268,0.76,0.11918640771920865,0.036626371734245974
1449.924268,0.76,0.11918640771920865,0.036626371734245974
1450.924268,0.76,0.11918640771920865,0.036626371734245974
1451.279195,0.758,0.12033079436794646,0.037009066373318605
1452.279195,0.758,0.12033079436794646,0.037009066373318605
1453.279195,0.758,0.12033079436794646,0.037009066373318605
1454.279195,0.758,0.12033079436794646,0.037009066373318605
1455.279195,0.758,0.12033079436794646,0.037009066373318605
1455.634122,0.757,0.12090412049992724,0.03720079251534524
1456.634122,0.757,0.12090412049992724,0.03720079251534524
1457.634122,0.758,0.12033079436794646,0.037009066373318605
1458.634122,0.758,0.12033079436794646,0.037009066373318605
1459.634122,0.757,0.12090412049992724,0.03720079251534524
1459.989049,0.757,0.12090412049992724,0.03720079251534524
1460.989049,0.757,0.12090412049992724,0.03720079251534524
1461.989049,0.756,0.12147820449879346,0.03739277209583563
1462.989049,0.754,0.12262865413022594,0.03777749425853989
1463.989049,0.754,0.12262865413022594,0.03777749425853989
1464.343976,0.754,0.12262865413022594,0.03777749425853989
1465.343976,0.753,0.12320502379929942,0.03797023819060321
1466.343976,0.753,0.12320502379929942,0.03797023819060321
1467.343976,0.753,0.12320502379929942,0.03797023819060321
1468.343976,0.753,0.12320502379929942,0.03797023819060321
1468.698903,0.752,0.12378215940835775,0.03816323826085757
1469.698903,0.752,0.12378215940835775,0.03816323826085757
1470.698903,0.75,0.12493873660829995,0.038550009545352794
1471.698903,0.75,0.12493873660829995,0.038550009545352794
1472.698903,0.75,0.12493873660829995,0.038550009545352794
1473.05383,0.749,0.12551818230053352,0.0387437821311271
1474.05383,0.749,0.12551818230053352,0.0387437821311271
1475.05383,0.749,0.12551818230053352,0.0387437821311271
1476.05383,0.749,0.12551818230053352,0.0387437821311271
1477.05383,0.747,0.12667939818460122,0.03913210463919623
1477.408757,0.747,0.12667939818460122,0.03913210463919623
1478.408757,0.746,0.12726117252733118,0.039326655949593226
1479.408757,0.746,0.12726117252733118,0.039326655949593226
1480.408757,0.745,0.12784372725170715,0.03952146822762094
1481.408757,0.745,0.12784372725170715,0.03952146822762094
1481.763684,0.745,0.12784372725170715,0.03952146822762094
1482.763684,0.745,0.12784372725170715,0.03952146822762094
1483.763684,0.745,0.12784372725170715,0.03952146822762094
1484.763684,0.745,0.12784372725170715,0.03952146822762094
1485.763684,0.743,0.12901118623942473,0.039911878493617534
1486.118611,0.743,0.12901118623942473,0.039911878493617534
1487.118611,0.743,0.12901118623942473,0.039911878493617534
1488.118611,0.742,0.12959609472097294,0.040107477892197985
1489.118611,0.741,0.13018179202067184,0.04030334107966291
1490.118611,0.741,0.13018179202067184,0.04030334107966291
1490.473538,0.739,0.13135556160517428,0.04069586167398392
1491.473538,0.738,0.13194363817695845,0.040892520514450324
1492.473538,0.738,0.13194363817695845,0.040892520514450324
1493.473538,0.737,0.13253251214094855,0.04108944601105326
1494.473538,0.737,0.13253251214094855,0.04108944601105326
1494.828465,0.737,0.13253251214094855,0.04108944601105326
1495.828465,0.735,0.1337126609158051,0.04148409987209215
1496.828465,0.735,0.1337126609158051,0.04148409987209215
1497.828465,0.735,0.1337126609158051,0.04148409987209215
1498.828465,0.734,0.13430394008392949,0.04168182969363988
1499.183392,0.734,0.13430394008392949,0.04168182969363988
1500.183392,0.732,0.13548891894160817,0.04207809878394096
1501.183392,0.731,0.13608262304213956,0.04227663952777033
1502.183392,0.73,0.1366771398795441,0.04247545205915042
1503.183392,0.728,0.13786862068696285,0.042873895468167805
1503.538319,0.727,0.1384655891409622,0.043073527845295764
1504.538319,0.727,0.1384655891409622,0.043073527845295764
1505.538319,0.727,0.1384655891409622,0.043073527845295764
1506.538319,0.726,0.1390633792999063,0.04327343500898962
1507.538319,0.726,0.1390633792999063,0.04327343500898962
1507.893246,0.724,0.1402614338028531,0.04367407672925108
1508.893246,0.724,0.1402614338028531,0.04367407672925108
1509.893246,0.724,0.1402614338028531,0.04367407672925108
1510.893246,0.724,0.1402614338028531,0.04367407672925108
1511.893246,0.723,0.1408617027054692,0.0438748128102658
1512.248173,0.722,0.1414628024303609,0.04407582672677541
1513.248173,0.722,0.1414628024303609,0.04407582672677541
1514.248173,0.722,0.1414628024303609,0.04407582672677541
1515.248173,0.72,0.14266750356873156,0.0444786911501306
1516.248173,0.719,0.14327110961711742,0.04468054320693663
1516.6031,0.717,0.1444808443321999,0.045085090909999
1517.6031,0.716,0.14508697769214446,0.04528778812572561
1518.6031,0.716,0.14508697769214446,0.04528778812572561
1519.6031,0.715,0.14569395819891942,0.045490768636045766
1520.6031,0.713,0.14691047014813446,0.04589758271575027
1520.958027,0.713,0.14691047014813446,0.04589758271575027
1521.958027,0.711,0.14813039927023372,0.046305539533134404
1522.958027,0.711,0.14813039927023372,0.046305539533134404
1523.958027,0.711,0.14813039927023372,0.046305539533134404
1524.958027,0.709,0.1493537648169335,0.046714645526169656
1525.312954,0.708,0.14996674231023102,0.04691963149032423
1526.312954,0.707,0.15058058620310064,0.04712490718738673
1527.312954,0.707,0.15058058620310064,0.04712490718738673
1528.312954,0.705,0.15181088300860132,0.04753633106449382
1529.312954,0.702,0.15366288787019475,0.048155660495547536
1529.667881,0.701,0.15428198203334137,0.04836269193686912
1530.667881,0.7,0.15490195998574322,0.04857001892638713
1531.667881,0.7,0.15490195998574322,0.04857001892638713
1532.667881,0.698,0.15614457737683896,0.048985562933751475
1533.667881,0.697,0.1567672219019906,0.04919378165256148
1534.022808,0.696,0.15739076038943792,0.04940229932153703
1535.022808,0.694,0.15864052954514513,0.0498202349523791
1536.022808,0.693,0.1592667653881933,0.05002965464474792
1537.022808,0.692,0.15989390554324223,0.050239376748329886
1538.022808,0.692,0.15989390554324223,0.050239376748329886
1538.377735,0.692,0.15989390554324223,0.050239376748329886
1539.377735,0.69,0.16115090926274472,0.05065973169154644
1540.377735,0.689,0.16178077809237423,0.0508703662919099
1541.377735,0.686,0.16367588429324828,0.051504109253126464
1542.377735,0.686,0.16367588429324828,0.051504109253126464
1542.732662,0.683,0.1655792963184674,0.052140629767238676
1543.732662,0.681,0.16685288808721482,0.05256653192434985
1544.732662,0.678,0.16877030613293661,0.05320773619544842
1545.732662,0.677,0.16941133131485567,0.05342210159450437
1546.732662,0.675,0.17069622716897506,0.053851783953766844
1547.087589,0.673,0.17198493577602314,0.054282741336735274
1548.087589,0.671,0.1732774798310079,0.054714981332853234
1549.087589,0.671,0.1732774798310079,0.054714981332853234
1550.087589,0.664,0.1778319206319825,0.056238033074525524
1551.087589,0.663,0.17848647159522685,0.05645692163365868
1551.442516,0.662,0.17914201056030005,0.056676140590742316
1552.442516,0.66,0.1804560644581313,0.057115573699042875
1553.442516,0.66,0.1804560644581313,0.057115573699042875
1554.442516,0.659,0.18111458540599013,0.05733578986177123
1555.442516,0.656,0.1830961606243397,0.0579984489497796
1555.797443,0.655,0.18375870000821692,0.05822000891874984
1556.797443,0.653,0.18508681872492605,0.058664145446816814
1557.797443,0.652,0.18575240426807976,0.05888672408270889
1558.797443,0.651,0.18641901143180803,0.05910964435900501
1559.797443,0.649,0.18775530319963074,0.059556514039236494
1560.15237,0.647,0.1890957193312996,0.060004762949062485
1561.15237,0.645,0.19044028536473223,0.06045439962862472
1562.15237,0.641,0.19314197048118256,0.061357870856350256
1563.15237,0.638,0.19517932127883766,0.062039181870449295
1564.15237,0.637,0.19586056766464954,0.06226699765283837
1564.507297,0.634,0.1979107421182673,0.06295259702908812
1565.507297,0.633,0.1985962899826449,0.06318185127005148
1566.507297,0.63,0.2006594505464183,0.06387179333480117
1567.507297,0.63,0.2006594505464183,0.06387179333480117
1568.507297,0.625,0.2041199826559248,0.06502903078431835
1568.862224,0.625,0.2041199826559248,0.06502903078431835
1569.862224,0.621,0.2069083998234198,0.06596150609996049
1570.862224,0.617,0.20971483596675833,0.06690000714603603
1571.862224,0.615,0.21112488422458325,0.06737154175341586
1572.862224,0.613,0.21253952548158497,0.06784461230685393
1573.217151,0.608,0.21609642072726507,0.06903407457798932
1574.217151,0.606,0.2175273758337138,0.06951260065009575
1575.217151,0.603,0.2196826878598487,0.07023335910952058
1576.217151,0.602,0.22040350874217546,0.07047440900965905
1577.217151,0.596,0.22475374025976358,0.0719291710713643
1577.572078,0.592,0.22767829327708022,0.0729071716122175
1578.572078,0.591,0.22841251911874466,0.07315270426832066
1579.572078,0.588,0.23062267392386154,0.07389180271583552
1580.572078,0.584,0.23358715288760054,0.07488315490289378
1581.572078,0.58,0.23657200643706275,0.07588132056050258
1581.927005,0.577,0.2388241868442686,0.07663447280062415
1582.927005,0.574,0.2410881076020265,0.0773915511344502
1583.927005,0.568,0.24565166428898116,0.07891765132194177
1584.927005,0.565,0.24795155218056153,0.079686757434414
1585.927005,0.562,0.2502636844309389,0.08045995818611998
1586.281932,0.553,0.2572748686953017,0.08280457015313426
1587.281932,0.551,0.25884840114821495,0.08333077555303199
1588.281932,0.549,0.26042765554990804,0.08385889443132055
1589.281932,0.543,0.265200170411153,0.08545487237663069
1590.281932,0.54,0.2676062401770315,0.08625948679751021
1590.636859,0.529,0.2765443279648142,0.08924847507670561
1591.636859,0.525,0.2798406965940431,0.09035081457376672
1592.636859,0.519,0.28483264215154214,0.09202017239570948
1593.636859,0.513,0.2898826348881837,0.09370894179003963
1594.636859,0.508,0.29413628771608075,0.09513140694681839
1594.991786,0.504,0.2975694635544747,0.09627949617854455
1595.991786,0.501,0.30016227413275426,0.09714655864343155
1596.991786,0.493,0.30715308072277,0.09948435610702779
1597.991786,0.49,0.3098039199714864,0.10037082395480107
1598.991786,0.487,0.3124710387853657,0.10126273585622629
1599.346714,0.48,0.31875876262441283,0.10336541523283953
1600.346714,0.474,0.324221658325915,0.10519226361584333
1601.346714,0.467,0.33068311943388784,0.10735304251808309
1602.346714,0.46,0.3372421683184259,0.10954645577425533
1603.346714,0.456,0.341035157335565,0.11081487022536893
1603.701641,0.448,0.348721986001856,0.11338542461387384
1604.701641,0.445,0.3516399890190684,0.11436123476747587
1605.701641,0.437,0.3595185630295782,0.11699591076678477
1606.701641,0.43,0.36653154442041347,0.11934112371133362
1607.701641,0.426,0.3705904008972811,0.12069844696932137
1608.056568,0.418,0.37882371822496486,0.12345175277428123
1609.056568,0.41,0.38721614328026455,0.1262582658361248
1610.056568,0.407,0.39040559077478,0.12732484980850942
1611.056568,0.399,0.3990271043132517,0.1302079724100395
1612.056568,0.391,0.40782324260413316,0.13314949132078055
1612.411495,0.388,0.41116827440579273,0.1342681042820856
1613.411495,0.3711,0.43050904565121695,0.14073585666220775
1614.411495,0.369,0.4329736338409397,0.14156004024453886
1615.411495,0.362,0.4412914294668343,0.1443415964593396
1616.411495,0.355,0.4497716469449059,0.14717746820828692
1616.766422,0.35,0.45593195564972444,0.14923753865647565
1617.766422,0.346,0.46092390120722343,0.1509068964784184
1618.766422,0.341,0.4672456210075022,0.15302094445333522
1619.766422,0.34,0.46852108295774486,0.15344747201833028
1620.766422,0.332,0.4788619162959637,0.15690555280461405
1621.121349,0.329,0.48280410205002566,0.15822386017561665
1622.121349,0.324,0.48945498979338786,0.1604479852886332
1623.121349,0.317,0.4989407377822485,0.16362011675917665
1624.121349,0.309,0.5100415205751654,0.1673323324417386
1625.121349,0.301,0.5214335044061567,0.17114192873974757
1625.476276,0.294,0.5316526695878427,0.17455932244592404
1626.476276,0.287,0.5421181032660077,0.17805907086453873
1627.476276,0.282,0.549750891680639,0.1806115536383257
1628.476276,0.279,0.5543957967264024,0.18216485755180256
1629.476276,0.276,0.5590909179347823,0.1837349542653783
1629.831203,0.273,0.563837352959244,0.18532221084563594
1630.831203,0.269,0.570247719997592,0.18746590336666408
1631.831203,0.267,0.5734887386354247,0.1885497332585988
1632.831203,0.267,0.5734887386354247,0.1885497332585988
1633.831203,0.265,0.5767541260631921,0.18964171232396107
1634.18613,0.265,0.5767541260631921,0.18964171232396107
1635.18613,0.264,0.5783960731301689,0.19019079627287477
1636.18613,0.264,0.5783960731301689,0.19019079627287477
1637.18613,0.264,0.5783960731301689,0.19019079627287477
1638.18613,0.264,0.5783960731301689,0.19019079627287477
1638.541057,0.264,0.5783960731301689,0.19019079627287477
1639.541057,0.264,0.5783960731301689,0.19019079627287477
1640.541057,0.264,0.5783960731301689,0.19019079627287477
1641.541057,0.265,0.5767541260631921,0.18964171232396107
1642.541057,0.265,0.5767541260631921,0.18964171232396107
1642.895984,0.267,0.5734887386354247,0.1885497332585988
1643.895984,0.267,0.5734887386354247,0.1885497332585988
1644.895984,0.267,0.5734887386354247,0.1885497332585988
1645.895984,0.268,0.5718652059712112,0.18800680727493838
1646.895984,0.268,0.5718652059712112,0.18800680727493838
1647.250911,0.271,0.5670307091255943,0.18639010191799307
1648.250911,0.271,0.5670307091255943,0.18639010191799307
1649.250911,0.273,0.563837352959244,0.18532221084563594
1650.250911,0.273,0.563837352959244,0.18532221084563594
1651.250911,0.276,0.5590909179347823,0.1837349542653783
1651.605838,0.283,0.5482135644757098,0.18009745564489335
1652.605838,0.286,0.543633966870957,0.17856599120987765
1653.605838,0.291,0.5361070110140927,0.17604889992946524
1654.605838,0.294,0.5316526695878427,0.17455932244592404
1655.605838,0.299,0.5243288116755703,0.17211014920238119
1655.960765,0.301,0.5214335044061567,0.17114192873974757
1656.960765,0.305,0.5157001606532141,0.169224639752995
1657.960765,0.307,0.5128616245228135,0.16827540414183473
1658.960765,0.314,0.5030703519267851,0.16500110210735047
1659.960765,0.316,0.5003129173815962,0.16407898769855223
1660.315692,0.321,0.4934949675951279,0.16179899532392464
1661.315692,0.324,0.48945498979338786,0.1604479852886332
1662.315692,0.329,0.48280410205002566,0.15822386017561665
1663.315692,0.329,0.48280410205002566,0.15822386017561665
1664.315692,0.332,0.4788619162959637,0.15690555280461405
1664.670619,0.336,0.4736607226101559,0.15516622026125343
1665.670619,0.337,0.47237009912866135,0.15473462252461959
1666.670619,0.341,0.4672456210075022,0.15302094445333522
1667.670619,0.346,0.46092390120722343,0.1509068964784184
1668.670619,0.352,0.45345733652186904,0.14841000062549517
1669.025546,0.355,0.4497716469449059,0.14717746820828692
1670.025546,0.358,0.44611697335612566,0.14595530785581415
1671.025546,0.369,0.4329736338409397,0.14156004024453886
1672.025546,0.373,0.4282911681913124,0.13999417567968175
1673.025546,0.377,0.42365864979420714,0.1384450139886284
1673.380473,0.38,0.42021640338318983,0.1372938914643345
1674.380473,0.386,0.41341269532824504,0.1350186616708775
1675.380473,0.396,0.4023048140744877,0.13130407219016585
1676.380473,0.399,0.3990271043132517,0.1302079724100395
1677.380473,0.407,0.39040559077478,0.12732484980850942
1677.7354,0.414,0.3829996588791011,0.12484823018266941
1678.7354,0.416,0.3809066693732573,0.12414831301358575
1679.7354,0.42,0.37675070960209955,0.1227585174175101
1680.7354,0.427,0.36957212497497616,0.12035792505132045
1681.7354,0.434,0.3625102704874893,0.11799636844171393
1682.090327,0.441,0.35556141053216145,0.11567259836321511
1683.090327,0.446,0.35066514128785814,0.11403523568223858
1684.090327,0.455,0.3419886033428876,0.11113371235451297
1685.090327,0.459,0.33818731446273875,0.10986252234403543
1686.090327,0.465,0.33254704711004607,0.1079763590606796
1686.445254,0.47,0.3279021420642826,0.10642305514720274
1687.445254,0.476,0.32239304727950685,0.1045807573166557
1688.445254,0.482,0.31695296176115045,0.10276153689297471
1689.445254,0.49,0.3098039199714864,0.10037082395480107
1690.445254,0.495,0.3053948010664313,0.0988963693464225
1690.800181,0.509,0.29328221766324125,0.09484579715665292
1691.800181,0.514,0.28903688100472424,0.09342611301225567
1692.800181,0.524,0.28066871301627333,0.0906277117624932
1693.800181,0.534,0.27245874297144357,0.0878822135285103
1694.800181,0.54,0.2676062401770315,0.08625948679751021
1695.155108,0.559,0.25258819211357664,0.08123729740937093
1696.155108,0.565,0.24795155218056153,0.079686757434414
1697.155108,0.573,0.24184537803261008,0.07764479013757226
1698.155108,0.579,0.23732143627256386,0.07613193758816861
1699.155108,0.584,0.23358715288760054,0.07488315490289378
1699.510035,0.594,0.22621355501880647,0.07241734810745695
1700.510035,0.603,0.2196826878598487,0.07023335910952058
1701.510035,0.61,0.21467016498923297,0.06855712002290651
1702.510035,0.615,0.21112488422458325,0.06737154175341586
1703.510035,0.619,0.208309350979882,0.06642999854328986
1703.864962,0.629,0.20134935455473107,0.06410250431499936
1704.864962,0.634,0.1979107421182673,0.06295259702908812
1705.864962,0.638,0.19517932127883766,0.062039181870449295
1706.864962,0.645,0.19044028536473223,0.06045439962862472
1707.864962,0.649,0.18775530319963074,0.059556514039236494
1708.219889,0.659,0.18111458540599013,0.05733578986177123
1709.219889,0.66,0.1804560644581313,0.057115573699042875
1710.219889,0.67,0.17392519729917355,0.05493158470110651
1711.219889,0.675,0.17069622716897506,0.053851783953766844
1712.219889,0.681,0.16685288808721482,0.05256653192434985
1712.574816,0.685,0.1643094285075744,0.05171597293984939
1713.574816,0.693,0.1592667653881933,0.05002965464474792
1714.574816,0.697,0.1567672219019906,0.04919378165256148
1715.574816,0.705,0.15181088300860132,0.04753633106449382
1716.574816,0.709,0.1493537648169335,0.046714645526169656
1716.929743,0.715,0.14569395819891942,0.045490768636045766
1717.929743,0.723,0.1408617027054692,0.0438748128102658
1718.929743,0.724,0.1402614338028531,0.04367407672925108
1719.929743,0.728,0.13786862068696285,0.042873895468167805
1720.929743,0.734,0.13430394008392949,0.04168182969363988
1721.28467,0.741,0.13018179202067184,0.04030334107966291
1722.28467,0.747,0.12667939818460122,0.03913210463919623
1723.28467,0.754,0.12262865413022594,0.03777749425853989
1724.28467,0.757,0.12090412049992724,0.03720079251534524
1725.28467,0.761,0.11861534322942717,0.03643540190857983
1725.639597,0.767,0.11520463605101904,0.03529482642732709
1726.639597,0.768,0.114638779968488,0.03510559834649435
1727.639597,0.771,0.112945621949043,0.03453938892954676
1728.639597,0.775,0.1106982974936897,0.033787860569556634
1729.639597,0.777,0.10957898119908573,0.03341354971417918
1729.994524,0.782,0.10679324694015199,0.032481971590692035
1730.994524,0.786,0.10457745396059209,0.03174098767978429
1731.994524,0.79,0.10237290870955856,0.031003765124720337
1732.994524,0.794,0.10017949757290372,0.03027026593176328
1733.994524,0.797,0.09854167860388764,0.029722562461170342
1734.349451,0.801,0.09636748391576232,0.028995489445801402
1735.349451,0.803,0.09528445472131904,0.028633313369097142
1736.349451,0.805,0.09420411963213146,0.02827203822883739
1737.349451,0.81,0.09151498112135023,0.027372762714801296
1738.349451,0.811,0.09097914578884395,0.027193573880850787
1738.704378,0.814,0.0893755951107988,0.026657330078420898
1739.704378,0.816,0.08830984124613889,0.026300931049276218
1740.704378,0.816,0.08830984124613889,0.026300931049276218
1741.704378,0.82,0.08618614761628333,0.025590746106036268
1742.704378,0.822,0.08512818245994962,0.02523695170088386
1743.059305,0.824,0.08407278830288423,0.02488401706427046
1744.059305,0.826,0.0830199526796178,0.024531938027615195
1745.059305,0.828,0.08196966321511988,0.024180710452580887
1746.059305,0.831,0.08039897621588903,0.023655456601594686
1747.059305,0.831,0.08039897621588903,0.023655456601594686
1747.414232,0.832,0.07987667370927608,0.02348079328349723
1748.414232,0.835,0.07831352451639793,0.0229580601523086
1749.414232,0.837,0.07727454200674003,0.022610613739005147
1750.414232,0.839,0.07623803917129975,0.02226399655420657
1751.414232,0.841,0.07520400420208784,0.021918204649200086
1751.769159,0.841,0.07520400420208784,0.021918204649200086
1752.769159,0.843,0.07417242537525769,0.02157323410341108
1753.769159,0.843,0.07417242537525769,0.02157323410341108
1754.769159,0.846,0.07262963696097648,0.021057309825528267
1755.769159,0.85,0.07058107428570727,0.020372249444498402
1756.124086,0.85,0.07058107428570727,0.020372249444498402
1757.124086,0.851,0.07007043991541213,0.020201488070924433
1758.124086,0.852,0.0695604052332999,0.02003092723923285
1759.124086,0.852,0.0695604052332999,0.02003092723923285
1760.124086,0.852,0.0695604052332999,0.02003092723923285
1760.479014,0.854,0.06854212931099495,0.019690405321231928
1761.479014,0.856,0.06752623532284678,0.019350679946456527
1762.479014,0.859,0.0660068361687577,0.018842577277203346
1763.479014,0.861,0.06499684854634524,0.01850482705174129
1764.479014,0.862,0.06449273417528721,0.018336246032820663
1764.833941,0.863,0.06398920428479041,0.01816786047019767
1765.833941,0.865,0.06298389253518578,0.017831673904586523
1766.833941,0.866,0.06248210798265336,0.017663872000889536
1767.833941,0.87,0.060480747381381476,0.016994596477793663
1768.833941,0.871,0.0599818449923368,0.01682775839914384
1769.188868,0.873,0.05898575629443028,0.016494656116667804
1770.188868,0.874,0.05848856736559697,0.016328391036696248
1771.188868,0.876,0.05749589383191927,0.015996430820184863
1772.188868,0.876,0.05749589383191927,0.015996430820184863
1773.188868,0.877,0.057000406633959486,0.015830734816480636
1773.543795,0.877,0.057000406633959486,0.015830734816480636
1774.543795,0.877,0.057000406633959486,0.015830734816480636
1775.543795,0.878,0.05650548409389743,0.015665227640171947
1776.543795,0.878,0.05650548409389743,0.015665227640171947
1777.543795,0.878,0.05650548409389743,0.015665227640171947
1777.898722,0.88,0.05551732784983137,0.015334778051663275
1778.898722,0.881,0.05502409158795209,0.015169834784083548
1779.898722,0.882,0.054531414868180264,0.015005078633126596
1780.898722,0.884,0.05354773498692691,0.01467612598627908
1781.898722,0.885,0.05305672930217457,0.01451192864658086
1782.253649,0.886,0.05256627811294924,0.014347916735877129
1783.253649,0.888,0.05158703422139898,0.014020447529508602
1784.253649,0.891,0.0501222959631252,0.013530624024748032
1785.253649,0.889,0.0510982390297863,0.013856989401400444
1786.253649,0.891,0.0501222959631252,0.013530624024748032
1786.608576,0.891,0.0501222959631252,0.013530624024748032
1787.608576,0.891,0.0501222959631252,0.013530624024748032
1788.608576,0.892,0.04963514562387693,0.013367715952150059
1789.608576,0.892,0.04963514562387693,0.013367715952150059
1790.608576,0.893,0.049148541111453566,0.013204990409643631
1790.963503,0.893,0.049148541111453566,0.013204990409643631
1791.963503,0.895,0.04817696468408802,0.012880085281982253
1792.963503,0.895,0.04817696468408802,0.012880085281982253
1793.963503,0.895,0.04817696468408802,0.012880085281982253
1794.963503,0.893,0.049148541111453566,0.013204990409643631
1795.31843,0.896,0.047691990337874794,0.012717904883785316
1796.31843,0.896,0.047691990337874794,0.012717904883785316
1797.31843,0.897,0.047207556955907906,0.012555905389583748
1798.31843,0.897,0.047207556955907906,0.012555905389583748
1799.31843,0.899,0.046240308266771224,0.012232447501997498
1799.673357,0.899,0.046240308266771224,0.012232447501997498
1800.673357,0.9,0.045757490560675115,0.01207098830638724
1801.673357,0.9,0.045757490560675115,0.01207098830638724
1802.673357,0.9,0.045757490560675115,0.01207098830638724
1803.673357,0.9,0.045757490560675115,0.01207098830638724
1804.028284,0.9,0.045757490560675115,0.01207098830638724
1805.028284,0.901,0.04527520902093702,0.011909708410309259
1806.028284,0.901,0.04527520902093702,0.011909708410309259
1807.028284,0.901,0.04527520902093702,0.011909708410309259
1808.028284,0.901,0.04527520902093702,0.011909708410309259
1808.383211,0.901,0.04527520902093702,0.011909708410309259
1809.383211,0.901,0.04527520902093702,0.011909708410309259
1810.383211,0.903,0.04431224968649419,0.011587684926950137
1811.383211,0.904,0.04383156952463668,0.011426940548068818
1812.383211,0.905,0.043351420794796675,0.011266373885507724
1812.738138,0.905,0.043351420794796675,0.011266373885507724
1813.738138,0.905,0.043351420794796675,0.011266373885507724
1814.738138,0.905,0.043351420794796675,0.011266373885507724
1815.738138,0.907,0.04239271293990473,0.010945772140539246
1816.738138,0.907,0.04239271293990473,0.010945772140539246
1817.093065,0.907,0.04239271293990473,0.010945772140539246
1818.093065,0.907,0.04239271293990473,0.010945772140539246
1819.093065,0.908,0.04191415147891488,0.010785736276970251
1820.093065,0.908,0.04191415147891488,0.010785736276970251
1821.093065,0.91,0.040958607678906384,0.010466192624424438
1821.447992,0.911,0.040481623027001735,0.010306684061994805
1822.447992,0.91,0.040958607678906384,0.010466192624424438
1823.447992,0.911,0.040481623027001735,0.010306684061994805
1824.447992,0.911,0.040481623027001735,0.010306684061994805
1825.447992,0.911,0.040481623027001735,0.010306684061994805
1825.802919,0.912,0.04000516167158381,0.010147350495280415
1826.802919,0.912,0.04000516167158381,0.010147350495280415
1827.802919,0.912,0.04000516167158381,0.010147350495280415
1828.802919,0.912,0.04000516167158381,0.010147350495280415
1829.802919,0.912,0.04000516167158381,0.010147350495280415
1830.157846,0.914,0.03905380426616857,0.009829206816047513
1831.157846,0.914,0.03905380426616857,0.009829206816047513
1832.157846,0.912,0.04000516167158381,0.010147350495280415
1833.157846,0.912,0.04000516167158381,0.010147350495280415
1834.157846,0.914,0.03905380426616857,0.009829206816047513
1834.512773,0.914,0.03905380426616857,0.009829206816047513
1835.512773,0.914,0.03905380426616857,0.009829206816047513
1836.512773,0.914,0.03905380426616857,0.009829206816047513
1837.512773,0.914,0.03905380426616857,0.009829206816047513
1838.512773,0.914,0.03905380426616857,0.009829206816047513
1838.8677,0.915,0.038578905933551705,0.009670395940197592
1839.8677,0.915,0.038578905933551705,0.009670395940197592
1840.8677,0.914,0.03905380426616857,0.009829206816047513
1841.8677,0.915,0.038578905933551705,0.009670395940197592
1842.8677,0.915,0.038578905933551705,0.009670395940197592
1843.222627,0.915,0.038578905933551705,0.009670395940197592
1844.222627,0.915,0.038578905933551705,0.009670395940197592
1845.222627,0.916,0.0381045263321496,0.009511758533389125
1846.222627,0.916,0.0381045263321496,0.009511758533389125
1847.222627,0.918,0.03715731879875755,0.009195002613946901
1847.577554,0.918,0.03715731879875755,0.009195002613946901
1848.577554,0.918,0.03715731879875755,0.009195002613946901
1849.577554,0.918,0.03715731879875755,0.009195002613946901
1850.577554,0.918,0.03715731879875755,0.009195002613946901
1851.577554,0.918,0.03715731879875755,0.009195002613946901
1851.932481,0.916,0.0381045263321496,0.009511758533389125
1852.932481,0.916,0.0381045263321496,0.009511758533389125
1853.932481,0.918,0.03715731879875755,0.009195002613946901
1854.932481,0.918,0.03715731879875755,0.009195002613946901
1855.932481,0.918,0.03715731879875755,0.009195002613946901
1856.287408,0.918,0.03715731879875755,0.009195002613946901
1857.287408,0.918,0.03715731879875755,0.009195002613946901
1858.287408,0.918,0.03715731879875755,0.009195002613946901
1859.287408,0.918,0.03715731879875755,0.009195002613946901
1860.287408,0.918,0.03715731879875755,0.009195002613946901
1860.642335,0.918,0.03715731879875755,0.009195002613946901
1861.642335,0.918,0.03715731879875755,0.009195002613946901
1862.642335,0.918,0.03715731879875755,0.009195002613946901
1863.642335,0.919,0.03668448861388872,0.009036883347927328
1864.642335,0.919,0.03668448861388872,0.009036883347927328
1864.997262,0.919,0.03668448861388872,0.009036883347927328
1865.997262,0.919,0.03668448861388872,0.009036883347927328
1866.997262,0.919,0.03668448861388872,0.009036883347927328
1867.997262,0.919,0.03668448861388872,0.009036883347927328
1868.997262,0.919,0.03668448861388872,0.009036883347927328
1869.352189,0.919,0.03668448861388872,0.009036883347927328
1870.352189,0.919,0.03668448861388872,0.009036883347927328
1871.352189,0.918,0.03715731879875755,0.009195002613946901
1872.352189,0.918,0.03715731879875755,0.009195002613946901
1873.352189,0.918,0.03715731879875755,0.009195002613946901
1873.707116,0.918,0.03715731879875755,0.009195002613946901
1874.707116,0.918,0.03715731879875755,0.009195002613946901
1875.707116,0.918,0.03715731879875755,0.009195002613946901
1876.707116,0.918,0.03715731879875755,0.009195002613946901
1877.707116,0.918,0.03715731879875755,0.009195002613946901
1878.062043,0.918,0.03715731879875755,0.009195002613946901
1879.062043,0.919,0.03668448861388872,0.009036883347927328
1880.062043,0.919,0.03668448861388872,0.009036883347927328
1881.062043,0.919,0.03668448861388872,0.009036883347927328
1882.062043,0.918,0.03715731879875755,0.009195002613946901
1882.41697,0.918,0.03715731879875755,0.009195002613946901
1883.41697,0.918,0.03715731879875755,0.009195002613946901
1884.41697,0.918,0.03715731879875755,0.009195002613946901
1885.41697,0.918,0.03715731879875755,0.009195002613946901
1886.41697,0.918,0.03715731879875755,0.009195002613946901
1886.771897,0.918,0.03715731879875755,0.009195002613946901
1887.771897,0.918,0.03715731879875755,0.009195002613946901
1888.771897,0.918,0.03715731879875755,0.009195002613946901
1889.771897,0.918,0.03715731879875755,0.009195002613946901
1890.771897,0.918,0.03715731879875755,0.009195002613946901
1891.126824,0.918,0.03715731879875755,0.009195002613946901
1892.126824,0.918,0.03715731879875755,0.009195002613946901
1893.126824,0.916,0.0381045263321496,0.009511758533389125
1894.126824,0.916,0.0381045263321496,0.009511758533389125
1895.126824,0.916,0.0381045263321496,0.009511758533389125
1895.481751,0.916,0.0381045263321496,0.009511758533389125
1896.481751,0.916,0.0381045263321496,0.009511758533389125
1897.481751,0.915,0.038578905933551705,0.009670395940197592
1898.481751,0.915,0.038578905933551705,0.009670395940197592
1899.481751,0.915,0.038578905933551705,0.009670395940197592
1899.836678,0.915,0.038578905933551705,0.009670395940197592
1900.836678,0.915,0.038578905933551705,0.009670395940197592
1901.836678,0.915,0.038578905933551705,0.009670395940197592
1902.836678,0.915,0.038578905933551705,0.009670395940197592
1903.836678,0.915,0.038578905933551705,0.009670395940197592
1904.191605,0.915,0.038578905933551705,0.009670395940197592
1905.191605,0.915,0.038578905933551705,0.009670395940197592
1906.191605,0.915,0.038578905933551705,0.009670395940197592
1907.191605,0.915,0.038578905933551705,0.009670395940197592
1908.191605,0.915,0.038578905933551705,0.009670395940197592
1908.546532,0.915,0.038578905933551705,0.009670395940197592
1909.546532,0.915,0.038578905933551705,0.009670395940197592
1910.546532,0.915,0.038578905933551705,0.009670395940197592
1911.546532,0.915,0.038578905933551705,0.009670395940197592
1912.546532,0.914,0.03905380426616857,0.009829206816047513
1912.901459,0.914,0.03905380426616857,0.009829206816047513
1913.901459,0.914,0.03905380426616857,0.009829206816047513
1914.901459,0.914,0.03905380426616857,0.009829206816047513
1915.901459,0.914,0.03905380426616857,0.009829206816047513
1916.901459,0.914,0.03905380426616857,0.009829206816047513
1917.256386,0.914,0.03905380426616857,0.009829206816047513
1918.256386,0.914,0.03905380426616857,0.009829206816047513
1919.256386,0.914,0.03905380426616857,0.009829206816047513
1920.256386,0.914,0.03905380426616857,0.009829206816047513
1921.256386,0.912,0.04000516167158381,0.010147350495280415
1921.611314,0.912,0.04000516167158381,0.010147350495280415
1922.611314,0.912,0.04000516167158381,0.010147350495280415
1923.611314,0.912,0.04000516167158381,0.010147350495280415
1924.611314,0.911,0.040481623027001735,0.010306684061994805
1925.611314,0.911,0.040481623027001735,0.010306684061994805
1925.966241,0.91,0.040958607678906384,0.010466192624424438
1926.966241,0.91,0.040958607678906384,0.010466192624424438
1927.966241,0.91,0.040958607678906384,0.010466192624424438
1928.966241,0.908,0.04191415147891488,0.010785736276970251
1929.966241,0.908,0.04191415147891488,0.010785736276970251
1930.321168,0.908,0.04191415147891488,0.010785736276970251
1931.321168,0.907,0.04239271293990473,0.010945772140539246
1932.321168,0.907,0.04239271293990473,0.010945772140539246
1933.321168,0.907,0.04239271293990473,0.010945772140539246
1934.321168,0.907,0.04239271293990473,0.010945772140539246
1934.676095,0.905,0.043351420794796675,0.011266373885507724
1935.676095,0.905,0.043351420794796675,0.011266373885507724
1936.676095,0.904,0.04383156952463668,0.011426940548068818
1937.676095,0.904,0.04383156952463668,0.011426940548068818
1938.676095,0.903,0.04431224968649419,0.011587684926950137
1939.031022,0.903,0.04431224968649419,0.011587684926950137
1940.031022,0.903,0.04431224968649419,0.011587684926950137
1941.031022,0.903,0.04431224968649419,0.011587684926950137
1942.031022,0.903,0.04431224968649419,0.011587684926950137
1943.031022,0.903,0.04431224968649419,0.011587684926950137
1943.385949,0.903,0.04431224968649419,0.011587684926950137
1944.385949,0.901,0.04527520902093702,0.011909708410309259
1945.385949,0.901,0.04527520902093702,0.011909708410309259
1946.385949,0.901,0.04527520902093702,0.011909708410309259
1947.385949,0.901,0.04527520902093702,0.011909708410309259
1947.740876,0.901,0.04527520902093702,0.011909708410309259
1948.740876,0.9,0.045757490560675115,0.01207098830638724
1949.740876,0.9,0.045757490560675115,0.01207098830638724
1950.740876,0.899,0.046240308266771224,0.012232447501997498
1951.740876,0.897,0.047207556955907906,0.012555905389583748
1952.095803,0.897,0.047207556955907906,0.012555905389583748
1953.095803,0.899,0.046240308266771224,0.012232447501997498
1954.095803,0.897,0.047207556955907906,0.012555905389583748
1955.095803,0.897,0.047207556955907906,0.012555905389583748
1956.095803,0.897,0.047207556955907906,0.012555905389583748
1956.45073,0.897,0.047207556955907906,0.012555905389583748
1957.45073,0.896,0.047691990337874794,0.012717904883785316
1958.45073,0.896,0.047691990337874794,0.012717904883785316
1959.45073,0.896,0.047691990337874794,0.012717904883785316
1960.45073,0.895,0.04817696468408802,0.012880085281982253
1960.805657,0.893,0.049148541111453566,0.013204990409643631
1961.805657,0.892,0.04963514562387693,0.013367715952150059
1962.805657,0.892,0.04963514562387693,0.013367715952150059
1963.805657,0.892,0.04963514562387693,0.013367715952150059
1964.805657,0.891,0.0501222959631252,0.013530624024748032
1965.160584,0.891,0.0501222959631252,0.013530624024748032
1966.160584,0.889,0.0510982390297863,0.013856989401400444
1967.160584,0.889,0.0510982390297863,0.013856989401400444
1968.160584,0.889,0.0510982390297863,0.013856989401400444
1969.160584,0.889,0.0510982390297863,0.013856989401400444
1969.515511,0.889,0.0510982390297863,0.013856989401400444
1970.515511,0.889,0.0510982390297863,0.013856989401400444
1971.515511,0.888,0.05158703422139898,0.014020447529508602
1972.515511,0.886,0.05256627811294924,0.014347916735877129
1973.515511,0.886,0.05256627811294924,0.014347916735877129
1973.870438,0.885,0.05305672930217457,0.01451192864658086
1974.870438,0.885,0.05305672930217457,0.01451192864658086
1975.870438,0.885,0.05305672930217457,0.01451192864658086
1976.870438,0.885,0.05305672930217457,0.01451192864658086
1977.870438,0.884,0.05354773498692691,0.01467612598627908
1978.225365,0.884,0.05354773498692691,0.01467612598627908
1979.225365,0.884,0.05354773498692691,0.01467612598627908
1980.225365,0.884,0.05354773498692691,0.01467612598627908
1981.225365,0.882,0.054531414868180264,0.015005078633126596
1982.225365,0.881,0.05502409158795209,0.015169834784083548
1982.580292,0.881,0.05502409158795209,0.015169834784083548
1983.580292,0.88,0.05551732784983137,0.015334778051663275
1984.580292,0.88,0.05551732784983137,0.015334778051663275
1985.580292,0.878,0.05650548409389743,0.015665227640171947
1986.580292,0.878,0.05650548409389743,0.015665227640171947
1986.935219,0.878,0.05650548409389743,0.015665227640171947
1987.935219,0.877,0.057000406633959486,0.015830734816480636
1988.935219,0.877,0.057000406633959486,0.015830734816480636
1989.935219,0.876,0.05749589383191927,0.015996430820184863
1990.935219,0.876,0.05749589383191927,0.015996430820184863
1991.290146,0.874,0.05848856736559697,0.016328391036696248
1992.290146,0.874,0.05848856736559697,0.016328391036696248
1993.290146,0.874,0.05848856736559697,0.016328391036696248
1994.290146,0.873,0.05898575629443028,0.016494656116667804
1995.290146,0.873,0.05898575629443028,0.016494656116667804
1995.645073,0.873,0.05898575629443028,0.016494656116667804
1996.645073,0.873,0.05898575629443028,0.016494656116667804
1997.645073,0.873,0.05898575629443028,0.016494656116667804
1998.645073,0.873,0.05898575629443028,0.016494656116667804
1999.645073,0.873,0.05898575629443028,0.016494656116667804
2000.0,0.871,0.0599818449923368,0.01682775839914384
2001.0,0.871,0.0599818449923368,0.01682775839914384
2002.0,0.871,0.0599818449923368,0.01682775839914384
2003.0,0.871,0.0599818449923368,0.01682775839914384
2004.0,0.871,0.0599818449923368,0.01682775839914384
2004.354927,0.872,0.05948351506743278,0.016661111758377298
2005.354927,0.873,0.05898575629443028,0.016494656116667804
2006.354927,0.8735,0.05873709068105023,0.016411499783738535
2007.354927,0.874,0.05848856736559697,0.016328391036696248
2008.354927,0.874,0.05848856736559697,0.016328391036696248
2008.709854,0.874,0.05848856736559697,0.016328391036696248
2009.709854,0.875,0.057991946977686754,0.016162316082643763
2010.709854,0.876,0.05749589383191927,0.015996430820184863
2011.709854,0.876,0.05749589383191927,0.015996430820184863
2012.709854,0.876,0.05749589383191927,0.015996430820184863
2013.064781,0.8745,0.058240186185304646,0.016245329821110377
2014.064781,0.873,0.05898575629443028,0.016494656116667804
2015.064781,0.873,0.05898575629443028,0.016494656116667804
2016.064781,0.873,0.05898575629443028,0.016494656116667804
2017.064781,0.872,0.05948351506743278,0.016661111758377298
2017.419708,0.871,0.0599818449923368,0.01682775839914384
2018.419708,0.871,0.0599818449923368,0.01682775839914384
2019.419708,0.871,0.0599818449923368,0.01682775839914384
2020.419708,0.8705,0.06023122454664997,0.01691115348124763
2021.419708,0.87,0.060480747381381476,0.016994596477793663
2021.774635,0.8685,0.061230177216882536,0.017245213505459676
2022.774635,0.867,0.06198090252378971,0.017496263752058067
2023.774635,0.8665,0.06223143295006417,0.017580043697556
2024.774635,0.866,0.06248210798265336,0.017663872000889536
2025.774635,0.866,0.06248210798265336,0.017663872000889536
2026.129562,0.866,0.06248210798265336,0.017663872000889536
2027.129562,0.8655,0.0627329277885873,0.017747748717915224
2028.129562,0.865,0.06298389253518578,0.017831673904586523
2029.129562,0.865,0.06298389253518578,0.017831673904586523
2030.129562,0.865,0.06298389253518578,0.017831673904586523
2030.484489,0.865,0.06298389253518578,0.017831673904586523
2031.484489,0.865,0.06298389253518578,0.017831673904586523
2032.484489,0.864,0.06348625752110672,0.017999669911165053
2033.484489,0.863,0.06398920428479041,0.01816786047019767
2034.484489,0.863,0.06398920428479041,0.01816786047019767
2034.839416,0.863,0.06398920428479041,0.01816786047019767
2035.839416,0.8625,0.06424089625468825,0.018252028847803064
2036.839416,0.862,0.06449273417528721,0.018336246032820663
2037.839416,0.8615,0.06474471821595268,0.01842051208188799
2038.839416,0.861,0.06499684854634524,0.01850482705174129
2039.194343,0.86,0.06550154875643228,0.018673603981245117
2040.194343,0.859,0.0660068361687577,0.018842577277203346
2041.194343,0.8585,0.06625970050306468,0.018927137705497997
2042.194343,0.858,0.06651271215129456,0.019011747397080208
2043.194343,0.858,0.06651271215129456,0.019011747397080208
2043.54927,0.858,0.06651271215129456,0.019011747397080208
2044.54927,0.858,0.06651271215129456,0.019011747397080208
2045.54927,0.858,0.06651271215129456,0.019011747397080208
2046.54927,0.858,0.06651271215129456,0.019011747397080208
2047.54927,0.858,0.06651271215129456,0.019011747397080208
2047.904197,0.857,0.06701917807680184,0.019181114799940394
2048.904197,0.856,0.06752623532284678,0.019350679946456527
2049.904197,0.8555,0.0677799861228809,0.019435536817987275
2050.904197,0.855,0.06803388527182737,0.019520443298916675
2051.904197,0.8545,0.06828793294324434,0.019605399447284354
2052.259124,0.854,0.06854212931099495,0.019690405321231928
2053.259124,0.854,0.06854212931099495,0.019690405321231928
2054.259124,0.854,0.06854212931099495,0.019690405321231928
2055.259124,0.854,0.06854212931099495,0.019690405321231928
2056.259124,0.854,0.06854212931099495,0.019690405321231928
2056.614051,0.853,0.06905096883247698,0.019860566478943995
2057.614051,0.852,0.0695604052332999,0.02003092723923285
2058.614051,0.852,0.0695604052332999,0.02003092723923285
2059.614051,0.852,0.0695604052332999,0.02003092723923285
2060.614051,0.852,0.0695604052332999,0.02003092723923285
2060.968978,0.852,0.0695604052332999,0.02003092723923285
2061.968978,0.852,0.0695604052332999,0.02003092723923285
2062.968978,0.852,0.0695604052332999,0.02003092723923285
2063.968978,0.852,0.0695604052332999,0.02003092723923285
2064.968978,0.852,0.0695604052332999,0.02003092723923285
2065.323905,0.852,0.0695604052332999,0.02003092723923285
2066.323905,0.852,0.0695604052332999,0.02003092723923285
2067.323905,0.8515,0.06981534770138015,0.020116182616787163
2068.323905,0.851,0.07007043991541213,0.020201488070924433
2069.323905,0.851,0.07007043991541213,0.020201488070924433
2069.678832,0.851,0.07007043991541213,0.020201488070924433
2070.678832,0.8505,0.07032568205141217,0.020286843660506326
2071.678832,0.85,0.07058107428570727,0.020372249444498402
2072.678832,0.85,0.07058107428570727,0.020372249444498402
2073.678832,0.85,0.07058107428570727,0.020372249444498402
2074.033759,0.85,0.07058107428570727,0.020372249444498402
2075.033759,0.85,0.07058107428570727,0.020372249444498402
2076.033759,0.85,0.07058107428570727,0.020372249444498402
2077.033759,0.85,0.07058107428570727,0.020372249444498402
2078.033759,0.85,0.07058107428570727,0.020372249444498402
2078.388686,0.85,0.07058107428570727,0.020372249444498402
2079.388686,0.849,0.07109230975604734,0.020543211832095905
2080.388686,0.848,0.07160414774328619,0.02071437570752741
2081.388686,0.848,0.07160414774328619,0.02071437570752741
2082.388686,0.848,0.07160414774328619,0.02071437570752741
2082.743614,0.848,0.07160414774328619,0.02071437570752741
2083.743614,0.848,0.07160414774328619,0.02071437570752741
2084.743614,0.8475,0.07186029312488021,0.020800033351705067
2085.743614,0.847,0.0721165896692931,0.020885741546280593
2086.743614,0.8465,0.07237303755504594,0.020971500350953267
2087.098541,0.846,0.07262963696097648,0.021057309825528267
2088.098541,0.846,0.07262963696097648,0.021057309825528267
2089.098541,0.846,0.07262963696097648,0.021057309825528267
2090.098541,0.846,0.07262963696097648,0.021057309825528267
2091.098541,0.846,0.07262963696097648,0.021057309825528267
2091.453468,0.845,0.07314329105030767,0.021229081024136353
2092.453468,0.844,0.07365755337434496,0.02140105562267188
2093.453468,0.844,0.07365755337434496,0.02140105562267188
2094.453468,0.844,0.07365755337434496,0.02140105562267188
2095.453468,0.844,0.07365755337434496,0.02140105562267188
2095.808395,0.844,0.07365755337434496,0.02140105562267188
2096.808395,0.844,0.07365755337434496,0.02140105562267188
2097.808395,0.844,0.07365755337434496,0.02140105562267188
2098.808395,0.844,0.07365755337434496,0.02140105562267188
2099.808395,0.844,0.07365755337434496,0.02140105562267188
2100.163322,0.844,0.07365755337434496,0.02140105562267188
2101.163322,0.844,0.07365755337434496,0.02140105562267188
2102.163322,0.8435,0.07391491307485597,0.02148711934755676
2103.163322,0.843,0.07417242537525769,0.02157323410341108
2104.163322,0.843,0.07417242537525769,0.02157323410341108
2104.518249,0.843,0.07417242537525769,0.02157323410341108
2105.518249,0.843,0.07417242537525769,0.02157323410341108
2106.518249,0.843,0.07417242537525769,0.02157323410341108
2107.518249,0.843,0.07417242537525769,0.02157323410341108
2108.518249,0.843,0.07417242537525769,0.02157323410341108
2108.873176,0.843,0.07417242537525769,0.02157323410341108
2109.873176,0.843,0.07417242537525769,0.02157323410341108
2110.873176,0.843,0.07417242537525769,0.02157323410341108
2111.873176,0.843,0.07417242537525769,0.02157323410341108
2112.873176,0.843,0.07417242537525769,0.02157323410341108
2113.228103,0.843,0.07417242537525769,0.02157323410341108
2114.228103,0.843,0.07417242537525769,0.02157323410341108
2115.228103,0.843,0.07417242537525769,0.02157323410341108
2116.228103,0.843,0.07417242537525769,0.02157323410341108
2117.228103,0.843,0.07417242537525769,0.02157323410341108
2117.58303,0.843,0.07417242537525769,0.02157323410341108
2118.58303,0.843,0.07417242537525769,0.02157323410341108
2119.58303,0.843,0.07417242537525769,0.02157323410341108
2120.58303,0.843,0.07417242537525769,0.02157323410341108
2121.58303,0.843,0.07417242537525769,0.02157323410341108
2121.937957,0.843,0.07417242537525769,0.02157323410341108
2122.937957,0.843,0.07417242537525769,0.02157323410341108
2123.937957,0.843,0.07417242537525769,0.02157323410341108
2124.937957,0.843,0.07417242537525769,0.02157323410341108
2125.937957,0.843,0.07417242537525769,0.02157323410341108
2126.292884,0.843,0.07417242537525769,0.02157323410341108
2127.292884,0.843,0.07417242537525769,0.02157323410341108
2128.292884,0.843,0.07417242537525769,0.02157323410341108
2129.292884,0.843,0.07417242537525769,0.02157323410341108
2130.292884,0.843,0.07417242537525769,0.02157323410341108
2130.647811,0.843,0.07417242537525769,0.02157323410341108
2131.647811,0.843,0.07417242537525769,0.02157323410341108
2132.647811,0.843,0.07417242537525769,0.02157323410341108
2133.647811,0.843,0.07417242537525769,0.02157323410341108
2134.647811,0.843,0.07417242537525769,0.02157323410341108
2135.002738,0.843,0.07417242537525769,0.02157323410341108
2136.002738,0.843,0.07417242537525769,0.02157323410341108
2137.002738,0.843,0.07417242537525769,0.02157323410341108
2138.002738,0.843,0.07417242537525769,0.02157323410341108
2139.002738,0.8421,0.07463633264589845,0.02172836945534554
2139.357665,0.841,0.07520400420208784,0.021918204649200086
2140.357665,0.841,0.07520400420208784,0.021918204649200086
2141.357665,0.841,0.07520400420208784,0.021918204649200086
2142.357665,0.8419,0.07473949048056475,0.021762866493867158
2143.357665,0.8429,0.07422394616325372,0.021590463183625033
2143.712592,0.843,0.07417242537525769,0.02157323410341108
2144.712592,0.843,0.07417242537525769,0.02157323410341108
2145.712592,0.843,0.07417242537525769,0.02157323410341108
2146.712592,0.843,0.07417242537525769,0.02157323410341108
2147.712592,0.843,0.07417242537525769,0.02157323410341108
2148.067519,0.843,0.07417242537525769,0.02157323410341108
2149.067519,0.843,0.07417242537525769,0.02157323410341108
2150.067519,0.843,0.07417242537525769,0.02157323410341108
2151.067519,0.843,0.07417242537525769,0.02157323410341108
2152.067519,0.843,0.07417242537525769,0.02157323410341108
2152.422446,0.843,0.07417242537525769,0.02157323410341108
2153.422446,0.843,0.07417242537525769,0.02157323410341108
2154.422446,0.843,0.07417242537525769,0.02157323410341108
2155.422446,0.843,0.07417242537525769,0.02157323410341108
2156.422446,0.843,0.07417242537525769,0.02157323410341108
2156.777373,0.843,0.07417242537525769,0.02157323410341108
2157.777373,0.843,0.07417242537525769,0.02157323410341108
2158.777373,0.843,0.07417242537525769,0.02157323410341108
2159.777373,0.843,0.07417242537525769,0.02157323410341108
2160.777373,0.843,0.07417242537525769,0.02157323410341108
2161.1323,0.8435,0.07391491307485597,0.02148711934755676
2162.1323,0.844,0.07365755337434496,0.02140105562267188
2163.1323,0.8449,0.07319468988839396,0.021246269323049034
2164.1323,0.8459,0.07268097504034393,0.02107447780610186
2165.1323,0.846,0.07262963696097648,0.021057309825528267
2165.487227,0.846,0.07262963696097648,0.021057309825528267
2166.487227,0.8465,0.07237303755504594,0.020971500350953267
2167.487227,0.847,0.0721165896692931,0.020885741546280593
2168.487227,0.8484,0.07139934015547575,0.020645885948421164
2169.487227,0.8499,0.07063217075990037,0.02038933662982233
2169.842154,0.85,0.07058107428570727,0.020372249444498402
2170.842154,0.85,0.07058107428570727,0.020372249444498402
2171.842154,0.8505,0.07032568205141217,0.020286843660506326
2172.842154,0.851,0.07007043991541213,0.020201488070924433
2173.842154,0.8524,0.06935655895783562,0.019962758952840182
2174.197081,0.8539,0.06859298644342653,0.019707412468214672
2175.197081,0.8545,0.06828793294324434,0.019605399447284354
2176.197081,0.855,0.06803388527182737,0.019520443298916675
2177.197081,0.8555,0.0677799861228809,0.019435536817987275
2178.197081,0.856,0.06752623532284678,0.019350679946456527
2178.552008,0.856,0.06752623532284678,0.019350679946456527
2179.552008,0.856,0.06752623532284678,0.019350679946456527
2180.552008,0.8551,0.0679830935657987,0.019503458031194472
2181.552008,0.8541,0.06849127813338247,0.019673400165601804
2182.552008,0.854,0.06854212931099495,0.019690405321231928
2182.906935,0.854,0.06854212931099495,0.019690405321231928
2183.906935,0.8531,0.06900005804384787,0.019843541388778176
2184.906935,0.8521,0.06950943469373042,0.020013882167739402
2185.906935,0.852,0.0695604052332999,0.02003092723923285
2186.906935,0.852,0.0695604052332999,0.02003092723923285
2187.261862,0.852,0.0695604052332999,0.02003092723923285
2188.261862,0.852,0.0695604052332999,0.02003092723923285
2189.261862,0.8529,0.06910188558989543,0.01987759356513422
2190.261862,0.8539,0.06859298644342653,0.019707412468214672
2191.261862,0.854,0.06854212931099495,0.019690405321231928
2191.616789,0.854,0.06854212931099495,0.019690405321231928
2192.616789,0.8545,0.06828793294324434,0.019605399447284354
2193.616789,0.855,0.06803388527182737,0.019520443298916675
2194.616789,0.855,0.06803388527182737,0.019520443298916675
2195.616789,0.855,0.06803388527182737,0.019520443298916675
2195.971716,0.855,0.06803388527182737,0.019520443298916675
2196.971716,0.855,0.06803388527182737,0.019520443298916675
2197.971716,0.8555,0.0677799861228809,0.019435536817987275
2198.971716,0.856,0.06752623532284678,0.019350679946456527
2199.971716,0.856,0.06752623532284678,0.019350679946456527
2200.326643,0.856,0.06752623532284678,0.019350679946456527
2201.326643,0.8569,0.0670698571692105,0.01919806240851242
2202.326643,0.8579,0.06656333217371951,0.019028675252043502
2203.326643,0.8585,0.06625970050306468,0.018927137705497997
2204.326643,0.859,0.0660068361687577,0.018842577277203346
2204.68157,0.859,0.0660068361687577,0.018842577277203346
2205.68157,0.859,0.0660068361687577,0.018842577277203346
2206.68157,0.859,0.0660068361687577,0.018842577277203346
2207.68157,0.859,0.0660068361687577,0.018842577277203346
2208.68157,0.8599,0.06555205105102994,0.01869049246681484
2209.036497,0.8609,0.06504729218214192,0.018521695921206005
2210.036497,0.8615,0.06474471821595268,0.01842051208188799
2211.036497,0.862,0.06449273417528721,0.018336246032820663
2212.036497,0.8625,0.06424089625468825,0.018252028847803064
2213.036497,0.863,0.06398920428479041,0.01816786047019767
2213.391424,0.8639,0.06353652599525314,0.018016480204776406
2214.391424,0.8649,0.06303410289212977,0.01784846476320898
2215.391424,0.865,0.06298389253518578,0.017831673904586523
2216.391424,0.865,0.06298389253518578,0.017831673904586523
2217.391424,0.8655,0.0627329277885873,0.017747748717915224
2217.746351,0.866,0.06248210798265336,0.017663872000889536
2218.746351,0.866,0.06248210798265336,0.017663872000889536
2219.746351,0.866,0.06248210798265336,0.017663872000889536
2220.746351,0.8678,0.06158035420680689,0.01736231628441856
2221.746351,0.8698,0.060580596670682836,0.01702798710479284
2222.101278,0.87,0.060480747381381476,0.016994596477793663
2223.101278,0.87,0.060480747381381476,0.016994596477793663
2224.101278,0.87,0.060480747381381476,0.016994596477793663
2225.101278,0.87,0.060480747381381476,0.016994596477793663
2226.101278,0.87,0.060480747381381476,0.016994596477793663
2226.456205,0.87,0.060480747381381476,0.016994596477793663
2227.456205,0.8705,0.06023122454664997,0.01691115348124763
2228.456205,0.871,0.0599818449923368,0.01682775839914384
2229.456205,0.8719,0.05953332233647105,0.016677767820267586
2230.456205,0.8729,0.059035506507200554,0.016511293098356562
2230.811132,0.8735,0.05873709068105023,0.016411499783738535
2231.811132,0.874,0.05848856736559697,0.016328391036696248
2232.811132,0.8749,0.05804158346918638,0.016178915034772604
2233.811132,0.8759,0.05754547365752289,0.016013010822656572
2234.811132,0.876,0.05749589383191927,0.015996430820184863
2235.166059,0.876,0.05749589383191927,0.015996430820184863
2236.166059,0.8765,0.057248079570186294,0.015913559187982977
2237.166059,0.877,0.057000406633959486,0.015830734816480636
2238.166059,0.877,0.057000406633959486,0.015830734816480636
2239.166059,0.877,0.057000406633959486,0.015830734816480636
2239.520986,0.877,0.057000406633959486,0.015830734816480636
2240.520986,0.877,0.057000406633959486,0.015830734816480636
2241.520986,0.8775,0.056752874862138335,0.015747957651804183
2242.520986,0.8779,0.05655495097496956,0.015681769872833283
2243.520986,0.8794,0.055813538716312575,0.015433834005140574
2243.875914,0.8809,0.055073390013784376,0.015186320683583988
2244.875914,0.881,0.05502409158795209,0.015169834784083548
2245.875914,0.881,0.05502409158795209,0.015169834784083548
2246.875914,0.881,0.05502409158795209,0.015169834784083548
2247.875914,0.881,0.05502409158795209,0.015169834784083548
2248.230841,0.8815,0.0547776833646592,0.01508743334556484
2249.230841,0.882,0.054531414868180264,0.015005078633126596
2250.230841,0.882,0.054531414868180264,0.015005078633126596
2251.230841,0.882,0.054531414868180264,0.015005078633126596
2252.230841,0.8834,0.053842605077627684,0.014774733570576317
2252.585768,0.8849,0.05310580489767322,0.01452834002933104
2253.585768,0.8855,0.05281143447390647,0.014429899538784138
2254.585768,0.886,0.05256627811294924,0.014347916735877129
2255.585768,0.886,0.05256627811294924,0.014347916735877129
2256.585768,0.886,0.05256627811294924,0.014347916735877129
2256.940695,0.8869,0.052125345102301816,0.014200464212247079
2257.940695,0.8879,0.05163594401163066,0.014036803465276007
2258.940695,0.8884,0.05139145012356367,0.013955042200101813
2259.940695,0.8889,0.05114709380028646,0.013873326938005012
2260.940695,0.889,0.0510982390297863,0.013856989401400444
2261.295622,0.889,0.0510982390297863,0.013856989401400444
2262.295622,0.8899,0.05065879322950265,0.013710034216177842
2263.295622,0.8909,0.05017104106468636,0.013546924886933973
2264.295622,0.891,0.0501222959631252,0.013530624024748032
2265.295622,0.891,0.0501222959631252,0.013530624024748032
2265.650549,0.891,0.0501222959631252,0.013530624024748032
2266.650549,0.891,0.0501222959631252,0.013530624024748032
2267.650549,0.8915,0.049878652488626614,0.013449147146598082
2268.650549,0.8919,0.049683836075399786,0.013383998538802372
2269.650549,0.892,0.04963514562387693,0.013367715952150059
2270.005476,0.892,0.04963514562387693,0.013367715952150059
2271.005476,0.892,0.04963514562387693,0.013367715952150059
2272.005476,0.892,0.04963514562387693,0.013367715952150059
2273.005476,0.8933,0.04900266601119503,0.013156208279141938
2274.005476,0.8948,0.04827402457540791,0.012912543105671529
2274.360403,0.8954,0.04798290995257374,0.012815191388367623
2275.360403,0.8959,0.04774046340917945,0.0127341147762619
2276.360403,0.896,0.047691990337874794,0.012717904883785316
2277.360403,0.896,0.047691990337874794,0.012717904883785316
2278.360403,0.8964,0.04749815213697641,0.012653083400230688
2278.71533,0.897,0.047207556955907906,0.012555905389583748
2279.71533,0.897,0.047207556955907906,0.012555905389583748
2280.71533,0.897,0.047207556955907906,0.012555905389583748
2281.71533,0.8979,0.046772028440146156,0.012410260184504578
2282.71533,0.8989,0.04628861957244463,0.012248603298386947
2283.070257,0.899,0.046240308266771224,0.012232447501997498
2284.070257,0.899,0.046240308266771224,0.012232447501997498
2285.070257,0.8994,0.046047116768076914,0.012167842282296391
2286.070257,0.8999,0.04580574818413754,0.012087126150894448
2287.070257,0.9,0.045757490560675115,0.01207098830638724
2287.425184,0.9,0.045757490560675115,0.01207098830638724
2288.425184,0.9004,0.045564513671517634,0.012006454854317578
2289.425184,0.9009,0.04532341308135647,0.01192582834278523
2290.425184,0.9019,0.04484161307420639,0.011764709476146185
2291.425184,0.9029,0.04436034697674804,0.011603769154387052
2291.780111,0.9034,0.04411991377462461,0.01152336582426328
2292.780111,0.9039,0.04387961360698041,0.011443006982234567
2293.780111,0.9044,0.0436394463266779,0.011362692579096608
2294.780111,0.9049,0.04339941178682332,0.011282422565726627
2295.780111,0.905,0.043351420794796675,0.011266373885507724
2296.135038,0.905,0.043351420794796675,0.011266373885507724
2297.135038,0.9059,0.042919740342100124,0.01112201551220651
2298.135038,0.9069,0.042440598102520447,0.010961785430317108
2299.135038,0.907,0.04239271293990473,0.010945772140539246
2300.135038,0.907,0.04239271293990473,0.010945772140539246
2300.489965,0.9074,0.042201225070002145,0.01088173663178879
2301.489965,0.9079,0.04196198390166307,0.010801731929995197
2302.489965,0.9093,0.04129280891271529,0.010577952946594565
2303.489965,0.9108,0.040576978056894794,0.010338571762527603
2304.489965,0.9114,0.04029097575357003,0.01024292965733044
2304.844892,0.9119,0.040052784291501387,0.0101632759880858
2305.844892,0.912,0.04000516167158381,0.010147350495280415
2306.844892,0.912,0.04000516167158381,0.010147350495280415
2307.844892,0.912,0.04000516167158381,0.010147350495280415
2308.844892,0.912,0.04000516167158381,0.010147350495280415
2309.199819,0.9129,0.039576792922170444,0.010004099589541912
2310.199819,0.9139,0.03910132267333925,0.009845097459040898
2311.199819,0.9158,0.03819936080832148,0.009543472155415622
2312.199819,0.9177,0.03729926829565891,0.009242471982401282
2313.199819,0.9189,0.036731748473764855,0.009052687530052197
2313.554746,0.9199,0.036259381142115875,0.008894723046899157
2314.554746,0.92,0.036212172654444715,0.008878936044166815
2315.554746,0.92,0.036212172654444715,0.008878936044166815
2316.554746,0.92,0.036212172654444715,0.008878936044166815
2317.554746,0.92,0.036212172654444715,0.008878936044166815
2317.909673,0.9213,0.03559892883726866,0.008673861018574234
2318.909673,0.9228,0.03489241415094416,0.008437595257189581
2319.909673,0.9248,0.03395217892354619,0.008123170948421821
2320.909673,0.9268,0.033013974882062064,0.007809425889067748
2321.909673,0.9296,0.031703884953744495,0.007371318372850954
2322.2646,0.9326,0.030304588881526748,0.006903379406677458
2323.2646,0.9352,0.02909550184621629,0.006499048294377364
2324.2646,0.9377,0.027936083991977764,0.006111327065934551
2325.2646,0.9389,0.02738066094037653,0.005925587897708852
2326.2646,0.9399,0.02691835039863243,0.005770986508303122
2326.619527,0.94,0.026872146400301365,0.005755535417114212
2327.619527,0.94,0.026872146400301365,0.005755535417114212
2328.619527,0.9404,0.02668737954709824,0.005693747485319357
2329.619527,0.9409,0.026456531467510317,0.005616549518534311
2330.619527,0.941,0.026410376572743116,0.00560111484808106
2330.974454,0.941,0.026410376572743116,0.00560111484808106
2331.974454,0.9414,0.026225806029419686,0.005539392564324513
2332.974454,0.9419,0.025995203102585376,0.005462276579136041
2333.974454,0.942,0.025949097207122657,0.005446858294553041
2334.974454,0.942,0.025949097207122657,0.005446858294553041
2335.329381,0.9429,0.025534364262757576,0.005308167341953779
2336.329381,0.9439,0.025074013910237572,0.005154221459940115
2337.329381,0.944,0.025028005701931054,0.005138835842944617
2338.329381,0.944,0.025028005701931054,0.005138835842944617
2339.329381,0.944,0.025028005701931054,0.005138835842944617
2339.684308,0.944,0.025028005701931054,0.005138835842944617
2340.684308,0.944,0.025028005701931054,0.005138835842944617
2341.684308,0.944,0.025028005701931054,0.005138835842944617
2342.684308,0.944,0.025028005701931054,0.005138835842944617
2343.684308,0.944,0.025028005701931054,0.005138835842944617
2344.039235,0.944,0.025028005701931054,0.005138835842944617
2345.039235,0.944,0.025028005701931054,0.005138835842944617
2346.039235,0.944,0.025028005701931054,0.005138835842944617
2347.039235,0.944,0.025028005701931054,0.005138835842944617
2348.039235,0.944,0.025028005701931054,0.005138835842944617
2348.394162,0.944,0.025028005701931054,0.005138835842944617
2349.394162,0.944,0.025028005701931054,0.005138835842944617
2350.394162,0.944,0.025028005701931054,0.005138835842944617
2351.394162,0.944,0.025028005701931054,0.005138835842944617
2352.394162,0.944,0.025028005701931054,0.005138835842944617
2352.749089,0.9444,0.024844021593310606,0.005077309668970759
2353.749089,0.9449,0.024614151010532676,0.0050004385871500814
2354.749089,0.945,0.024568191490737076,0.004985069252092278
2355.749089,0.945,0.024568191490737076,0.004985069252092278
2356.749089,0.945,0.024568191490737076,0.004985069252092278
2357.104016,0.945,0.024568191490737076,0.004985069252092278
2358.104016,0.9454,0.024384402033104904,0.0049236081714064146
2359.104016,0.9459,0.024154774532432925,0.004846818378736483
2360.104016,0.9469,0.02369588344799719,0.004693360490945259
2361.104016,0.9479,0.023237476732539383,0.004540064581110864
2361.458943,0.948,0.023191662661933767,0.004524743885754795
2362.458943,0.948,0.023191662661933767,0.004524743885754795
2363.458943,0.948,0.023191662661933767,0.004524743885754795
2364.458943,0.948,0.023191662661933767,0.004524743885754795
2365.458943,0.948,0.023191662661933767,0.004524743885754795
2365.81387,0.948,0.023191662661933767,0.004524743885754795
2366.81387,0.948,0.023191662661933767,0.004524743885754795
2367.81387,0.948,0.023191662661933767,0.004524743885754795
2368.81387,0.9471,0.023604163388120172,0.004662688361688011
2369.81387,0.9461,0.024062957516889354,0.004816113826509378
2370.168797,0.946,0.02410886359820726,0.004831465291191853
2371.168797,0.946,0.02410886359820726,0.004831465291191853
2372.168797,0.946,0.02410886359820726,0.004831465291191853
2373.168797,0.946,0.02410886359820726,0.004831465291191853
2374.168797,0.9456,0.02429253646281986,0.004892887381975489
2374.523724,0.9451,0.024522236834125372,0.004969701543333075
2375.523724,0.945,0.024568191490737076,0.004985069252092278
2376.523724,0.945,0.024568191490737076,0.004985069252092278
2377.523724,0.945,0.024568191490737076,0.004985069252092278
2378.523724,0.945,0.024568191490737076,0.004985069252092278
2378.878651,0.945,0.024568191490737076,0.004985069252092278
2379.878651,0.945,0.024568191490737076,0.004985069252092278
2380.878651,0.9446,0.02475205875931887,0.005046556353558193
2381.878651,0.9441,0.024982002367117243,0.005123451855695092
2382.878651,0.944,0.025028005701931054,0.005138835842944617
2383.233578,0.944,0.025028005701931054,0.005138835842944617
2384.233578,0.944,0.025028005701931054,0.005138835842944617
2385.233578,0.944,0.025028005701931054,0.005138835842944617
2386.233578,0.944,0.025028005701931054,0.005138835842944617
2387.233578,0.944,0.025028005701931054,0.005138835842944617
2387.588505,0.944,0.025028005701931054,0.005138835842944617
2388.588505,0.944,0.025028005701931054,0.005138835842944617
2389.588505,0.944,0.025028005701931054,0.005138835842944617
2390.588505,0.944,0.025028005701931054,0.005138835842944617
2391.588505,0.9444,0.024844021593310606,0.005077309668970759
2391.943432,0.9449,0.024614151010532676,0.0050004385871500814
2392.943432,0.9454,0.024384402033104904,0.0049236081714064146
2393.943432,0.9459,0.024154774532432925,0.004846818378736483
2394.943432,0.946,0.02410886359820726,0.004831465291191853
2395.943432,0.946,0.02410886359820726,0.004831465291191853
2396.298359,0.946,0.02410886359820726,0.004831465291191853
2397.298359,0.946,0.02410886359820726,0.004831465291191853
2398.298359,0.946,0.02410886359820726,0.004831465291191853
2399.298359,0.946,0.02410886359820726,0.004831465291191853
2400.298359,0.9469,0.02369588344799719,0.004693360490945259
2400.653286,0.9479,0.023237476732539383,0.004540064581110864
2401.653286,0.948,0.023191662661933767,0.004524743885754795
2402.653286,0.948,0.023191662661933767,0.004524743885754795
2403.653286,0.948,0.023191662661933767,0.004524743885754795
2404.653286,0.948,0.023191662661933767,0.004524743885754795
2405.008214,0.948,0.023191662661933767,0.004524743885754795
2406.008214,0.948,0.023191662661933767,0.004524743885754795
2407.008214,0.9484,0.023008454693849448,0.004463477261141
2408.008214,0.9489,0.022779553364614735,0.004386930307651687
2409.008214,0.949,0.022733787572707352,0.004371625757187745
2409.363141,0.949,0.022733787572707352,0.004371625757187745
2410.363141,0.949,0.022733787572707352,0.004371625757187745
2411.363141,0.949,0.022733787572707352,0.004371625757187745
2412.363141,0.9494,0.022550772617658758,0.004310423678113802
2413.363141,0.9499,0.022322112326006116,0.00423395733006547
2413.718068,0.9508,0.02191082694385735,0.004096419277650343
2414.718068,0.9518,0.021454299537261332,0.003943751827984863
2415.718068,0.952,0.021363051615525677,0.003913237586567183
2416.718068,0.952,0.021363051615525677,0.003913237586567183
2417.718068,0.952,0.021363051615525677,0.003913237586567183
2418.072995,0.952,0.021363051615525677,0.003913237586567183
2419.072995,0.952,0.021363051615525677,0.003913237586567183
2420.072995,0.952,0.021363051615525677,0.003913237586567183
2421.072995,0.9524,0.021180613267157738,0.0038522283306844088
2422.072995,0.9529,0.0209526730520353,0.0037760027836172263
2422.427922,0.953,0.020907099361673613,0.0037607624738815178
2423.427922,0.953,0.020907099361673613,0.0037607624738815178
2424.427922,0.9538,0.020542681902151715,0.0036388975357530317
2425.427922,0.9548,0.020087589665283068,0.0034867100215721443
2426.427922,0.955,0.019996628416253676,0.0034562916464492845
2426.782849,0.955,0.019996628416253676,0.0034562916464492845
2427.782849,0.955,0.019996628416253676,0.0034562916464492845
2428.782849,0.955,0.019996628416253676,0.0034562916464492845
2429.782849,0.955,0.019996628416253676,0.0034562916464492845
2430.782849,0.955,0.019996628416253676,0.0034562916464492845
2431.137776,0.955,0.019996628416253676,0.0034562916464492845
2432.137776,0.955,0.019996628416253676,0.0034562916464492845
2433.137776,0.9558,0.019632973815224875,0.0033346818160293703
2434.137776,0.9568,0.019178833355664386,0.003182812585947502
2435.137776,0.957,0.019088062223156455,0.0031524577877404007
2435.492703,0.957,0.019088062223156455,0.0031524577877404007
2436.492703,0.957,0.019088062223156455,0.0031524577877404007
2437.492703,0.957,0.019088062223156455,0.0031524577877404007
2438.492703,0.957,0.019088062223156455,0.0031524577877404007
2439.492703,0.957,0.019088062223156455,0.0031524577877404007
2439.84763,0.957,0.019088062223156455,0.0031524577877404007
2440.84763,0.957,0.019088062223156455,0.0031524577877404007
2441.84763,0.9578,0.01872516729341111,0.0030311019991934463
2442.84763,0.9588,0.018271974638383787,0.0028795497246738716
2443.84763,0.959,0.01818139282933642,0.002849258238174827
2444.202557,0.959,0.01818139282933642,0.002849258238174827
2445.202557,0.959,0.01818139282933642,0.002849258238174827
2446.202557,0.959,0.01818139282933642,0.002849258238174827
2447.202557,0.959,0.01818139282933642,0.002849258238174827
2448.202557,0.959,0.01818139282933642,0.002849258238174827
2448.557484,0.959,0.01818139282933642,0.002849258238174827
2449.557484,0.959,0.01818139282933642,0.002849258238174827
2450.557484,0.959,0.01818139282933642,0.002849258238174827
2451.557484,0.959,0.01818139282933642,0.002849258238174827
2452.557484,0.9594,0.018000285870121653,0.0027886942124876342
2452.912411,0.9599,0.017774008325325188,0.002713024679439836
2453.912411,0.96,0.017728766960431606,0.002697895502750997
2454.912411,0.96,0.017728766960431606,0.002697895502750997
2455.912411,0.96,0.017728766960431606,0.002697895502750997
2456.912411,0.96,0.017728766960431606,0.002697895502750997
2457.267338,0.9604,0.017547848615010273,0.0026373945514518897
2458.267338,0.9609,0.01732180661651581,0.0025618037875046653
2459.267338,0.961,0.01727661233145466,0.0025466903547949264
2460.267338,0.961,0.01727661233145466,0.0025466903547949264
2461.267338,0.961,0.01727661233145466,0.0025466903547949264
2461.622265,0.961,0.01727661233145466,0.0025466903547949264
2462.622265,0.9618,0.01691522726221155,0.0024258394790941593
2463.622265,0.9628,0.016463918397007626,0.002274917163223044
2464.622265,0.963,0.0163737128754655,0.002244751511127228
2465.622265,0.963,0.0163737128754655,0.002244751511127228
2465.977192,0.963,0.0163737128754655,0.002244751511127228
2466.977192,0.963,0.0163737128754655,0.002244751511127228
2467.977192,0.9634,0.016193358021584753,0.0021844389971818613
2468.977192,0.9639,0.0159680197288195,0.0021090835596519375
2469.977192,0.964,0.01592296609716924,0.0020940171628861903
2470.332119,0.964,0.01592296609716924,0.0020940171628861903
2471.332119,0.964,0.01592296609716924,0.0020940171628861903
2472.332119,0.964,0.01592296609716924,0.0020940171628861903
2473.332119,0.9644,0.015742798294583926,0.002033767200813543
2474.332119,0.9649,0.015517693597737258,0.001958489880155963
2474.687046,0.965,0.01547268665620745,0.0019434390970456308
2475.687046,0.965,0.01547268665620745,0.0019434390970456308
2476.687046,0.9658,0.015112798935672397,0.0018230889501186815
2477.687046,0.9668,0.014663358264387246,0.0016727913774654732
2478.687046,0.967,0.014573525916998342,0.0016427505186360197
2479.041973,0.967,0.014573525916998342,0.0016427505186360197
2480.041973,0.967,0.014573525916998342,0.0016427505186360197
2481.041973,0.967,0.014573525916998342,0.0016427505186360197
2482.041973,0.9674,0.01439391694756355,0.0015826874361036724
2483.041973,0.9679,0.014169510141607843,0.0015076434973218095
2483.3969,0.968,0.014124642691606348,0.001492639361610012
2484.3969,0.968,0.014124642691606348,0.001492639361610012
2485.3969,0.968,0.014124642691606348,0.001492639361610012
2486.3969,0.968,0.014124642691606348,0.001492639361610012
2487.3969,0.968,0.014124642691606348,0.001492639361610012
2487.751827,0.968,0.014124642691606348,0.001492639361610012
2488.751827,0.968,0.014124642691606348,0.001492639361610012
2489.751827,0.968,0.014124642691606348,0.001492639361610012
2490.751827,0.9688,0.013765869865004172,0.0013726620466552961
2491.751827,0.9698,0.013317820220494431,0.0012228296476305492
2492.106754,0.97,0.01322826573375516,0.0011928817082537484
2493.106754,0.97,0.01322826573375516,0.0011928817082537484
2494.106754,0.9704,0.013049212141483423,0.001133004349544026
2495.106754,0.9709,0.012825498912458313,0.001058192350005265
2496.106754,0.971,0.01278077009199515,0.0010432345734337062
2496.461681,0.971,0.01278077009199515,0.0010432345734337062
2497.461681,0.971,0.01278077009199515,0.0010432345734337062
2498.461681,0.971,0.01278077009199515,0.0010432345734337062
2499.461681,0.971,0.01278077009199515,0.0010432345734337062
2500.461681,0.971,0.01278077009199515,0.0010432345734337062
2500.816608,0.9714,0.012601900862982612,0.0009834188676898022
2501.816608,0.9719,0.012378417874516247,0.0009086838629566217
2502.816608,0.9728,0.011976438071340282,0.0007742576916441679
2503.816608,0.9738,0.011530229790124493,0.0006250410634010513
2504.816608,0.974,0.011441043121384482,0.0005952161261377638
2505.171535,0.974,0.011441043121384482,0.0005952161261377638
2506.171535,0.974,0.011441043121384482,0.0005952161261377638
2507.171535,0.974,0.011441043121384482,0.0005952161261377638
2508.171535,0.974,0.011441043121384482,0.0005952161261377638
2509.171535,0.974,0.011441043121384482,0.0005952161261377638
2509.526462,0.974,0.011441043121384482,0.0005952161261377638
2510.526462,0.974,0.011441043121384482,0.0005952161261377638
2511.526462,0.974,0.011441043121384482,0.0005952161261377638
2512.526462,0.974,0.011441043121384482,0.0005952161261377638
2513.526462,0.974,0.011441043121384482,0.0005952161261377638
2513.881389,0.974,0.011441043121384482,0.0005952161261377638
2514.881389,0.9744,0.011262724711199844,0.0005355846198624311
2515.881389,0.9749,0.011039929609661969,0.0004610796515772567
2516.881389,0.975,0.010995384301463193,0.0004461832433901185
2517.881389,0.975,0.010995384301463193,0.0004461832433901185
2518.236316,0.975,0.010995384301463193,0.0004461832433901185
2519.236316,0.975,0.010995384301463193,0.0004461832433901185
2520.236316,0.9754,0.010817248744452456,0.00038661288509258374
2521.236316,0.9759,0.01059468199848399,0.00031218428125321225
2522.236316,0.9768,0.010194349063173938,0.00017830883945533398
2522.591243,0.9778,0.009749967072183214,2.9702941404931336e-05
2523.591243,0.978,0.009661145212398569,0.0
2524.591243,0.978,0.009661145212398569,0.0
2525.591243,0.9772,0.010016541698600901,0.00011884823207688813
2526.591243,0.9762,0.010461196679497598,0.0002675454207532796
2526.94617,0.976,0.010550182333308194,0.0002973031365613485
2527.94617,0.976,0.010550182333308194,0.0002973031365613485
2528.94617,0.976,0.010550182333308194,0.0002973031365613485
2529.94617,0.976,0.010550182333308194,0.0002973031365613485
2530.94617,0.976,0.010550182333308194,0.0002973031365613485
2531.301097,0.976,0.010550182333308194,0.0002973031365613485
2532.301097,0.9768,0.010194349063173938,0.00017830883945533398
2533.301097,0.9778,0.009749967072183214,2.9702941404931336e-05
2534.301097,0.978,0.009661145212398569,0.0
2535.301097,0.978,0.009661145212398569,0.0
2535.656024,0.9784,0.009483555971770929,-5.938766449270972e-05
2536.656024,0.9789,0.009261671492462657,-0.00013358811135946868
2537.656024,0.979,0.009217308196862183,-0.00014842365266591514
2538.656024,0.979,0.009217308196862183,-0.00014842365266591514
2539.656024,0.979,0.009217308196862183,-0.00014842365266591514
2540.010951,0.979,0.009217308196862183,-0.00014842365266591514
2541.010951,0.979,0.009217308196862183,-0.00014842365266591514
2542.010951,0.979,0.009217308196862183,-0.00014842365266591514
2543.010951,0.9794,0.009039900317800689,-0.00020775066798976735
2544.010951,0.9799,0.008818242332126823,-0.00028187537306089533
2544.365878,0.98,0.00877392430750515,-0.0002966957752874585
2545.365878,0.98,0.00877392430750515,-0.0002966957752874585
2546.365878,0.98,0.00877392430750515,-0.0002966957752874585
2547.365878,0.98,0.00877392430750515,-0.0002966957752874585
2548.365878,0.9808,0.00841954282566018,-0.0004152045794912356
2548.720805,0.9818,0.007976972236149375,-0.0005632047262980896
2549.720805,0.982,0.007888512213050338,-0.0005927866658021729
2550.720805,0.982,0.007888512213050338,-0.0005927866658021729
2551.720805,0.982,0.007888512213050338,-0.0005927866658021729
2552.720805,0.982,0.007888512213050338,-0.0005927866658021729
2553.075732,0.982,0.007888512213050338,-0.0005927866658021729
2554.075732,0.982,0.007888512213050338,-0.0005927866658021729
2555.075732,0.982,0.007888512213050338,-0.0005927866658021729
2556.075732,0.982,0.007888512213050338,-0.0005927866658021729
2557.075732,0.9812,0.008242460465651913,-0.00047442273790320073
2557.430659,0.9802,0.008685301823389197,-0.00032633204342277946
2558.430659,0.9808,0.00841954282566018,-0.0004152045794912356
2559.430659,0.9818,0.007976972236149375,-0.0005632047262980896
2560.430659,0.9824,0.007711646202907517,-0.0006519324745989434
2561.430659,0.9829,0.007490664932224502,-0.0007258308792326588
2561.785586,0.983,0.007446482167864384,-0.0007406060490397127
2562.785586,0.983,0.007446482167864384,-0.0007406060490397127
2563.785586,0.983,0.007446482167864384,-0.0007406060490397127
2564.785586,0.983,0.007446482167864384,-0.0007406060490397127
2565.785586,0.983,0.007446482167864384,-0.0007406060490397127
2566.140514,0.983,0.007446482167864384,-0.0007406060490397127
2567.140514,0.983,0.007446482167864384,-0.0007406060490397127
2568.140514,0.983,0.007446482167864384,-0.0007406060490397127
2569.140514,0.983,0.007446482167864384,-0.0007406060490397127
2570.140514,0.983,0.007446482167864384,-0.0007406060490397127
2570.495441,0.9838,0.007093181776687479,-0.0008587533254298995
2571.495441,0.9848,0.006651960076740102,-0.0010063023897243924
2572.495441,0.985,0.006563769502388273,-0.0010357942228023174
2573.495441,0.985,0.006563769502388273,-0.0010357942228023174
2574.495441,0.9842,0.0069166393019380315,-0.0009177909406709945
2574.850368,0.9832,0.007358130121602345,-0.0007701518799814418
2575.850368,0.9838,0.007093181776687479,-0.0008587533254298995
2576.850368,0.9848,0.006651960076740102,-0.0010063023897243924
2577.850368,0.985,0.006563769502388273,-0.0010357942228023174
2578.850368,0.985,0.006563769502388273,-0.0010357942228023174
2579.205295,0.985,0.006563769502388273,-0.0010357942228023174
2580.205295,0.985,0.006563769502388273,-0.0010357942228023174
2581.205295,0.985,0.006563769502388273,-0.0010357942228023174
2582.205295,0.985,0.006563769502388273,-0.0010357942228023174
2583.205295,0.9854,0.00638744206110967,-0.0010947599286440812
2583.560222,0.9859,0.006167133386013857,-0.0011684334104112375
2584.560222,0.986,0.0061230850587887945,-0.0011831636230607305
2585.560222,0.986,0.0061230850587887945,-0.0011831636230607305
2586.560222,0.986,0.0061230850587887945,-0.0011831636230607305
2587.560222,0.986,0.0061230850587887945,-0.0011831636230607305
2587.915149,0.986,0.0061230850587887945,-0.0011831636230607305
2588.915149,0.986,0.0061230850587887945,-0.0011831636230607305
2589.915149,0.9864,0.005946936412324747,-0.0012420695380817085
2590.915149,0.9869,0.005726851026829634,-0.0013156683495149852
2591.915149,0.987,0.005682847330363272,-0.0013303836371807664
2592.270076,0.987,0.005682847330363272,-0.0013303836371807664
2593.270076,0.9866,0.005858888873877561,-0.0012715135384852815
2594.270076,0.9861,0.006079041198713197,-0.0011978923418496002
2595.270076,0.986,0.0061230850587887945,-0.0011831636230607305
2596.270076,0.986,0.0061230850587887945,-0.0011831636230607305
2596.625003,0.986,0.0061230850587887945,-0.0011831636230607305
2597.625003,0.986,0.0061230850587887945,-0.0011831636230607305
2598.625003,0.986,0.0061230850587887945,-0.0011831636230607305
2599.625003,0.986,0.0061230850587887945,-0.0011831636230607305
2600.625003,0.986,0.0061230850587887945,-0.0011831636230607305
2600.97993,0.986,0.0061230850587887945,-0.0011831636230607305
2601.97993,0.9864,0.005946936412324747,-0.0012420695380817085
2602.97993,0.9869,0.005726851026829634,-0.0013156683495149852
2603.97993,0.987,0.005682847330363272,-0.0013303836371807664
2604.97993,0.987,0.005682847330363272,-0.0013303836371807664
2605.334857,0.987,0.005682847330363272,-0.0013303836371807664
2606.334857,0.987,0.005682847330363272,-0.0013303836371807664
2607.334857,0.987,0.005682847330363272,-0.0013303836371807664
2608.334857,0.987,0.005682847330363272,-0.0013303836371807664
2609.334857,0.987,0.005682847330363272,-0.0013303836371807664
2609.689784,0.987,0.005682847330363272,-0.0013303836371807664
2610.689784,0.987,0.005682847330363272,-0.0013303836371807664
2611.689784,0.987,0.005682847330363272,-0.0013303836371807664
2612.689784,0.987,0.005682847330363272,-0.0013303836371807664
2613.689784,0.987,0.005682847330363272,-0.0013303836371807664
2614.044711,0.987,0.005682847330363272,-0.0013303836371807664
2615.044711,0.987,0.005682847330363272,-0.0013303836371807664
2616.044711,0.987,0.005682847330363272,-0.0013303836371807664
2617.044711,0.987,0.005682847330363272,-0.0013303836371807664
2618.044711,0.987,0.005682847330363272,-0.0013303836371807664
2618.399638,0.987,0.005682847330363272,-0.0013303836371807664
2619.399638,0.987,0.005682847330363272,-0.0013303836371807664
2620.399638,0.987,0.005682847330363272,-0.0013303836371807664
2621.399638,0.987,0.005682847330363272,-0.0013303836371807664
2622.399638,0.987,0.005682847330363272,-0.0013303836371807664
2622.754565,0.987,0.005682847330363272,-0.0013303836371807664
2623.754565,0.987,0.005682847330363272,-0.0013303836371807664
2624.754565,0.987,0.005682847330363272,-0.0013303836371807664
2625.754565,0.987,0.005682847330363272,-0.0013303836371807664
2626.754565,0.987,0.005682847330363272,-0.0013303836371807664
2627.109492,0.987,0.005682847330363272,-0.0013303836371807664
2628.109492,0.987,0.005682847330363272,-0.0013303836371807664
2629.109492,0.987,0.005682847330363272,-0.0013303836371807664
2630.109492,0.987,0.005682847330363272,-0.0013303836371807664
2631.109492,0.987,0.005682847330363272,-0.0013303836371807664
2631.464419,0.987,0.005682847330363272,-0.0013303836371807664
2632.464419,0.987,0.005682847330363272,-0.0013303836371807664
2633.464419,0.987,0.005682847330363272,-0.0013303836371807664
2634.464419,0.987,0.005682847330363272,-0.0013303836371807664
2635.464419,0.987,0.005682847330363272,-0.0013303836371807664
2635.819346,0.987,0.005682847330363272,-0.0013303836371807664
2636.819346,0.987,0.005682847330363272,-0.0013303836371807664
2637.819346,0.987,0.005682847330363272,-0.0013303836371807664
2638.819346,0.987,0.005682847330363272,-0.0013303836371807664
2639.819346,0.987,0.005682847330363272,-0.0013303836371807664
2640.174273,0.987,0.005682847330363272,-0.0013303836371807664
2641.174273,0.987,0.005682847330363272,-0.0013303836371807664
2642.174273,0.987,0.005682847330363272,-0.0013303836371807664
2643.174273,0.987,0.005682847330363272,-0.0013303836371807664
2644.174273,0.987,0.005682847330363272,-0.0013303836371807664
2644.5292,0.987,0.005682847330363272,-0.0013303836371807664
2645.5292,0.987,0.005682847330363272,-0.0013303836371807664
2646.5292,0.987,0.005682847330363272,-0.0013303836371807664
2647.5292,0.987,0.005682847330363272,-0.0013303836371807664
2648.5292,0.987,0.005682847330363272,-0.0013303836371807664
2648.884127,0.987,0.005682847330363272,-0.0013303836371807664
2649.884127,0.987,0.005682847330363272,-0.0013303836371807664
2650.884127,0.987,0.005682847330363272,-0.0013303836371807664
2651.884127,0.987,0.005682847330363272,-0.0013303836371807664
2652.884127,0.987,0.005682847330363272,-0.0013303836371807664
2653.239054,0.987,0.005682847330363272,-0.0013303836371807664
2654.239054,0.9866,0.005858888873877561,-0.0012715135384852815
2655.239054,0.9861,0.006079041198713197,-0.0011978923418496002
2656.239054,0.986,0.0061230850587887945,-0.0011831636230607305
2657.239054,0.986,0.0061230850587887945,-0.0011831636230607305
2657.593981,0.9856,0.006299305179649748,-0.0011242338062679542
2658.593981,0.9851,0.006519680930003503,-0.0010505378938462137
2659.593981,0.985,0.006563769502388273,-0.0010357942228023174
2660.593981,0.985,0.006563769502388273,-0.0010357942228023174
2661.593981,0.985,0.006563769502388273,-0.0010357942228023174
2661.948908,0.985,0.006563769502388273,-0.0010357942228023174
2662.948908,0.985,0.006563769502388273,-0.0010357942228023174
2663.948908,0.985,0.006563769502388273,-0.0010357942228023174
2664.948908,0.985,0.006563769502388273,-0.0010357942228023174
2665.948908,0.985,0.006563769502388273,-0.0010357942228023174
2666.303835,0.985,0.006563769502388273,-0.0010357942228023174
2667.303835,0.985,0.006563769502388273,-0.0010357942228023174
2668.303835,0.9842,0.0069166393019380315,-0.0009177909406709945
2669.303835,0.9832,0.007358130121602345,-0.0007701518799814418
2670.303835,0.983,0.007446482167864384,-0.0007406060490397127
2670.658762,0.983,0.007446482167864384,-0.0007406060490397127
2671.658762,0.983,0.007446482167864384,-0.0007406060490397127
2672.658762,0.983,0.007446482167864384,-0.0007406060490397127
2673.658762,0.9826,0.007623240201197007,-0.0006814963487963342
2674.658762,0.9821,0.00784428895738327,-0.0006075753763177944
2675.013689,0.982,0.007888512213050338,-0.0005927866658021729
2676.013689,0.982,0.007888512213050338,-0.0005927866658021729
2677.013689,0.982,0.007888512213050338,-0.0005927866658021729
2678.013689,0.982,0.007888512213050338,-0.0005927866658021729
2679.013689,0.982,0.007888512213050338,-0.0005927866658021729
2679.368616,0.982,0.007888512213050338,-0.0005927866658021729
2680.368616,0.982,0.007888512213050338,-0.0005927866658021729
2681.368616,0.982,0.007888512213050338,-0.0005927866658021729
2682.368616,0.982,0.007888512213050338,-0.0005927866658021729
2683.368616,0.982,0.007888512213050338,-0.0005927866658021729
2683.723543,0.9812,0.008242460465651913,-0.00047442273790320073
2684.723543,0.9802,0.008685301823389197,-0.00032633204342277946
2685.723543,0.98,0.00877392430750515,-0.0002966957752874585
2686.723543,0.98,0.00877392430750515,-0.0002966957752874585
2687.723543,0.98,0.00877392430750515,-0.0002966957752874585
2688.07847,0.98,0.00877392430750515,-0.0002966957752874585
2689.07847,0.98,0.00877392430750515,-0.0002966957752874585
2690.07847,0.98,0.00877392430750515,-0.0002966957752874585
2691.07847,0.9796,0.00895122354732349,-0.00023740509004137705
2692.07847,0.9791,0.009172949432521161,-0.00016325767867270127
2692.433397,0.9786,0.009394788576080554,-8.907239254560444e-05
2693.433397,0.9781,0.009616741093766439,-1.484919294715974e-05
2694.433397,0.978,0.009661145212398569,0.0
2695.433397,0.978,0.009661145212398569,0.0
2696.433397,0.978,0.009661145212398569,0.0
2696.788324,0.978,0.009661145212398569,0.0
2697.788324,0.978,0.009661145212398569,0.0
2698.788324,0.978,0.009661145212398569,0.0
2699.788324,0.978,0.009661145212398569,0.0
2700.788324,0.978,0.009661145212398569,0.0
2701.143251,0.9772,0.010016541698600901,0.00011884823207688813
2702.143251,0.9762,0.010461196679497598,0.0002675454207532796
2703.143251,0.976,0.010550182333308194,0.0002973031365613485
2704.143251,0.976,0.010550182333308194,0.0002973031365613485
2705.143251,0.976,0.010550182333308194,0.0002973031365613485
2705.498178,0.976,0.010550182333308194,0.0002973031365613485
2706.498178,0.976,0.010550182333308194,0.0002973031365613485
2707.498178,0.976,0.010550182333308194,0.0002973031365613485
2708.498178,0.9756,0.010728208358306995,0.00035683686623007066
2709.498178,0.9751,0.010950843561779703,0.0004312883629613738
2709.853105,0.975,0.010995384301463193,0.0004461832433901185
2710.853105,0.975,0.010995384301463193,0.0004461832433901185
2711.853105,0.9746,0.011173592954724193,0.0005057780458238573
2712.853105,0.9741,0.01139645665433611,0.0005803059540089473
2713.853105,0.974,0.011441043121384482,0.0005952161261377638
2714.208032,0.974,0.011441043121384482,0.0005952161261377638
2715.208032,0.974,0.011441043121384482,0.0005952161261377638
2716.208032,0.974,0.011441043121384482,0.0005952161261377638
2717.208032,0.9733,0.011753276624621601,0.0006996302137710854
2718.208032,0.9723,0.012199714248127573,0.0008489235364295576
2718.562959,0.972,0.012333735073725434,0.0008937414758357526
2719.562959,0.972,0.012333735073725434,0.0008937414758357526
2720.562959,0.9716,0.012512493866907051,0.0009535202507045004
2721.562959,0.9711,0.012736045877764468,0.0010282783372335589
2722.562959,0.971,0.01278077009199515,0.0010432345734337062
2722.917886,0.971,0.01278077009199515,0.0010432345734337062
2723.917886,0.971,0.01278077009199515,0.0010432345734337062
2724.917886,0.971,0.01278077009199515,0.0010432345734337062
2725.917886,0.9706,0.012959713020733251,0.0011030749251221478
2726.917886,0.9701,0.013183495414463597,0.0011779100540481105
2727.272814,0.97,0.01322826573375516,0.0011928817082537484
2728.272814,0.97,0.01322826573375516,0.0011928817082537484
2729.272814,0.9693,0.01354178726269352,0.0012977265248993281
2730.272814,0.9683,0.013990068146738793,0.0014476362527977452
2731.272814,0.9676,0.01430414031015792,0.0015526652072643237
2731.627741,0.9671,0.014528616710412312,0.0016277324190938458
2732.627741,0.967,0.014573525916998342,0.0016427505186360197
2733.627741,0.967,0.014573525916998342,0.0016427505186360197
2734.627741,0.9663,0.014888020460646152,0.0017479207213855496
2735.627741,0.9653,0.015337693809893391,0.0018982961039370296
2735.982668,0.965,0.01547268665620745,0.0019434390970456308
2736.982668,0.965,0.01547268665620745,0.0019434390970456308
2737.982668,0.9646,0.015652742414136153,0.0020036515902353003
2738.982668,0.9641,0.015877917138889835,0.002078952328943615
2739.982668,0.964,0.01592296609716924,0.0020940171628861903
2740.337595,0.964,0.01592296609716924,0.0020940171628861903
2741.337595,0.9636,0.016103208673694226,0.0021542921301315955
2742.337595,0.9631,0.016328617139803447,0.002229671034347864
2743.337595,0.963,0.0163737128754655,0.002244751511127228
2744.337595,0.963,0.0163737128754655,0.002244751511127228
2744.692522,0.9623,0.016689514205884437,0.0023503587167833127
2745.692522,0.9613,0.01714105768792476,0.002501359490932166
2746.692522,0.9606,0.01745741769705663,0.0026071535244830365
2747.692522,0.9601,0.017683530307934767,0.002682767901935988
2748.692522,0.9596,0.01790976070420698,0.0027584216680334368
2749.047449,0.9591,0.018136109008649627,0.0028341148638330554
2750.047449,0.959,0.01818139282933642,0.002849258238174827
2751.047449,0.959,0.01818139282933642,0.002849258238174827
2752.047449,0.9583,0.01849851185175316,0.0029553060935571776
2753.047449,0.9573,0.01895194108682712,0.0031069374828721404
2753.402376,0.9566,0.019269623464054655,0.003213173729884388
2754.402376,0.9561,0.01949668180660491,0.003289104369713626
2755.402376,0.956,0.019542107723899943,0.0033042952626193937
2756.402376,0.956,0.019542107723899943,0.0033042952626193937
2757.402376,0.9556,0.019723858922159724,0.003365074728454442
2757.757303,0.9551,0.01995115493504327,0.0034410848476821142
2758.757303,0.9543,0.020315076172974192,0.0035627838442183345
2759.757303,0.9533,0.02077040697784463,0.003715051137987214
2760.757303,0.953,0.020907099361673613,0.0037607624738815178
2761.757303,0.953,0.020907099361673613,0.0037607624738815178
2762.11223,0.9519,0.021408673179925338,0.003928493905872475
2763.11223,0.9504,0.02209357236288166,0.004157531221111778
2764.11223,0.9496,0.022459294053465195,0.004279832307491338
2765.11223,0.9491,0.022688026603073983,0.00435632281934172
2766.11223,0.9486,0.022916879684147323,0.004432853638150746
2766.467157,0.9481,0.0231458534237811,0.0045094248064205845
2767.467157,0.9473,0.02351246269481005,0.0046320227088094724
2768.467157,0.9463,0.023971159908874103,0.004785415764358902
2769.467157,0.9456,0.02429253646281986,0.004892887381975489
2770.467157,0.9451,0.024522236834125372,0.004969701543333075
2770.822084,0.9446,0.02475205875931887,0.005046556353558193
2771.822084,0.9441,0.024982002367117243,0.005123451855695092
2772.822084,0.9433,0.025350165561277893,0.005246569405925634
2773.822084,0.9423,0.02581080888183278,0.005400613259456608
2774.822084,0.942,0.025949097207122657,0.005446858294553041
2775.177011,0.942,0.025949097207122657,0.005446858294553041
2776.177011,0.9416,0.02613355016462174,0.005508541256403257
2777.177011,0.9411,0.026364226582592503,0.005585681817781926
2778.177011,0.9406,0.02659502558993932,0.005662863374305965
2779.177011,0.9401,0.026825947317027792,0.005740085969570966
2779.531938,0.9393,0.027195677663422298,0.005863727591590678
2780.531938,0.9383,0.02765828367425192,0.006018427788890719
2781.531938,0.9376,0.027982401325984573,0.006126816057736483
2782.531938,0.9371,0.028214062120885564,0.006204285804862332
2783.531938,0.9363,0.028584976615004865,0.006328323418032978
2783.886865,0.9353,0.02904906565457588,0.006483519555363033
2784.886865,0.935,0.029188389127482204,0.006530110754445124
2785.886865,0.935,0.029188389127482204,0.006530110754445124
2786.886865,0.9346,0.0293742233117055,0.006592255612686114
2787.886865,0.9341,0.029606627920399843,0.0066699740987775005
2788.241792,0.9336,0.02983915696268625,0.006747734196739015
2789.241792,0.9331,0.030071810571883944,0.006825535951153973
2790.241792,0.9319,0.03063068826647254,0.0070124303874463095
2791.241792,0.9304,0.031330298279608,0.007246387155260556
2792.241792,0.9296,0.031703884953744495,0.007371318372850954
2792.596719,0.9291,0.03193753992355078,0.007449454992529422
2793.596719,0.9283,0.032311649546687374,0.007574561089631975
2794.596719,0.9273,0.03277974021703262,0.007731095413357804
2795.596719,0.9266,0.0331077041328636,0.00784076991238854
2796.596719,0.9261,0.03334211579824218,0.00791915957883162
2796.951646,0.926,0.03338901331806565,0.007934842590724533
2797.951646,0.926,0.03338901331806565,0.007934842590724533
2798.951646,0.926,0.03338901331806565,0.007934842590724533
2799.951646,0.926,0.03338901331806565,0.007934842590724533
2800.951646,0.9249,0.03390522055382928,0.008107467587700099
2801.306573,0.9234,0.03461012978487766,0.008343196468365179
2802.306573,0.9219,0.035316185023959334,0.008579308585876967
2803.306573,0.9204,0.03602339000339422,0.008815805188361543
2804.306573,0.9196,0.03640103740275858,0.008942094354139441
2805.306573,0.9191,0.03663723389626381,0.009021080885424039
2805.6615,0.9179,0.03720463014276677,0.009210824012894208
2806.6615,0.9164,0.0379149194826401,0.00944835205716121
2807.6615,0.9156,0.03829421599749472,0.00957519270408233
2808.6615,0.9151,0.038531444649213646,0.009654524399665632
2809.6615,0.9146,0.03876880295533691,0.00973389945301226
2810.016427,0.9141,0.03900629105766396,0.009813317911541409
2811.016427,0.9133,0.039386542352091186,0.009940477846549589
2812.016427,0.9123,0.039862325136205405,0.010099584492056495
2813.016427,0.9116,0.040195683491662054,0.010211062947055979
2814.016427,0.9111,0.040433953362072346,0.010290742836854693
2814.371354,0.9099,0.04100633496967404,0.010482153120236225
2815.371354,0.9084,0.041722874452302425,0.010721771276379695
2816.371354,0.9076,0.04210551278710165,0.010849729462184161
2817.371354,0.9072,0.04229695845116864,0.010913750856870078
2818.371354,0.907,0.04239271293990473,0.010945772140539246
2818.726281,0.907,0.04239271293990473,0.010945772140539246
2819.726281,0.9059,0.042919740342100124,0.01112201551220651
2820.726281,0.9044,0.0436394463266779,0.011362692579096608
2821.726281,0.9029,0.04436034697674804,0.011603769154387052
2822.726281,0.9014,0.04508244626504129,0.01184524656659977
2823.081208,0.9003,0.04561274985548495,0.01202258552923761
2824.081208,0.8993,0.04609540658654032,0.012183990893142314
2825.081208,0.8979,0.046772028440146156,0.012410260184504578
2826.081208,0.8964,0.04749815213697641,0.012653083400230688
2827.081208,0.8956,0.04788591509300737,0.012782755311964081
2827.436135,0.8951,0.048128442871635646,0.01286385908996569
2828.436135,0.8943,0.0485167692477068,0.012993719415142362
2829.436135,0.8933,0.04900266601119503,0.013156208279141938
2830.436135,0.8923,0.049489107014003414,0.013318879142355175
2831.436135,0.8913,0.049976093476673526,0.013481732412943703
2831.791062,0.8889,0.05114709380028646,0.013873326938005012
2832.791062,0.8859,0.05261529831525911,0.01436430959457653
2833.791062,0.884,0.05354773498692691,0.01467612598627908
2834.791062,0.8825,0.05428528594013985,0.014922770593806452
2835.791062,0.8813,0.054876229877880586,0.01512038831087374
2836.145989,0.8803,0.055369298143721775,0.015285275398854348
2837.145989,0.8793,0.05586292684190207,0.015450349901160326
2838.145989,0.8783,0.056357117247871,0.01561561224431509
2839.145989,0.8776,0.05670338543334526,0.015731407878953576
2840.145989,0.8771,0.056950888991593174,0.01581417560872161
2840.500916,0.8759,0.05754547365752289,0.016013010822656572
2841.500916,0.8744,0.058289851058353645,0.01626193826432058
2842.500916,0.8737,0.058637664288238855,0.016378250577665388
2843.500916,0.8731,0.05893601178009799,0.01647802104059519
2844.500916,0.8723,0.05933412752417117,0.016611155030890567
2844.855843,0.8713,0.05983228596592509,0.01677774432593195
2845.855843,0.8707,0.06013145554049027,0.016877789701754894
2846.855843,0.8702,0.060380921043301866,0.016961213525918565
2847.855843,0.8697,0.060630529925340106,0.01704468529756699
2848.855843,0.8692,0.06088028235151308,0.017128205071847123
2849.21077,0.8683,0.06133019897732084,0.017278661808576953
2850.21077,0.8673,0.06183065360967973,0.017446018973320224
2851.21077,0.8663,0.06233168560099491,0.017613569212823355
2852.21077,0.8653,0.06283329628496735,0.017781312973089637
2853.21077,0.864,0.06348625752110672,0.017999669911165053
2853.565697,0.8624,0.06429125215733648,0.01826886837840262
2854.565697,0.862,0.06449273417528721,0.018336246032820663
2855.565697,0.862,0.06449273417528721,0.018336246032820663
2856.565697,0.8617,0.06464390705442685,0.018386799794946188
2857.565697,0.8612,0.06489597884855043,0.018471095189670435
2857.920624,0.8603,0.06535007709928911,0.01862295030468914
2858.920624,0.8593,0.06585518820752302,0.01879186464274993
2859.920624,0.858,0.06651271215129456,0.019011747397080208
2860.920624,0.8565,0.06727263269847068,0.0192658726263864
2861.920624,0.8553,0.0678815279708776,0.01946949345398327
2862.275551,0.8543,0.068389593637038,0.019639395826534452
2863.275551,0.8533,0.06889825436736127,0.01980949719464827
2864.275551,0.8523,0.06940751155740173,0.0199797980250124
2865.275551,0.852,0.0695604052332999,0.02003092723923285
2866.275551,0.852,0.0695604052332999,0.02003092723923285
2866.630478,0.8517,0.06971335275448035,0.020082074459868256
2867.630478,0.8512,0.06996838504902705,0.020167359876314753
2868.630478,0.85,0.07058107428570727,0.020372249444498402
2869.630478,0.8485,0.07134815334630538,0.02062876855415382
2870.630478,0.8466,0.07232173586200853,0.02095434453834184
2870.985405,0.8446,0.0733489229111111,0.02129784642859017
2871.985405,0.843,0.07417242537525769,0.02157323410341108
2872.985405,0.8415,0.07494587968815734,0.02183188516285919
2873.985405,0.8403,0.07556563645676934,0.022039138186248076
2874.985405,0.8393,0.07608277688689447,0.022212075252994602
2875.340332,0.8383,0.0766005338412835,0.022385218491781766
2876.340332,0.8373,0.07711890879170649,0.022558568394784588
2877.340332,0.8367,0.0774302310142877,0.022662677740814978
2878.340332,0.8362,0.07768983678560405,0.022749492574826422
2879.340332,0.8357,0.07794959783282619,0.022836359334694207
2879.695259,0.8352,0.07820951434181303,0.02292327808257146
2880.695259,0.834,0.0788339493622613,0.02313209556138278
2881.695259,0.8325,0.07961575782164251,0.023393540333144853
2882.695259,0.83,0.08092190762392612,0.023830330230782182
2883.695259,0.827,0.08249449044745336,0.024356218064868106
2884.050186,0.8257,0.08317771540408798,0.02458469550164447
2885.050186,0.8252,0.08344078069888602,0.024672667235809933
2886.050186,0.824,0.08407278830288423,0.02488401706427046
2887.050186,0.8225,0.08486409337798809,0.025148637601784783
2888.050186,0.8213,0.08549817717268592,0.025360681729721203
2888.405114,0.8203,0.0860272884490289,0.02553762197028821
2889.405114,0.819,0.08671609823958155,0.025767967032838512
2890.405114,0.8175,0.08751223866767632,0.026034204562013552
2891.405114,0.8156,0.08852278289389762,0.02637214092150117
2892.405114,0.8136,0.08958906008531183,0.026728714956482883
2892.760041,0.8109,0.09103269958161218,0.02721148281872333
2893.760041,0.8079,0.09264239186882715,0.02774978043828501
2894.760041,0.8067,0.09328794305703597,0.027965659380290286
2895.760041,0.8062,0.09355720618296763,0.02805570373278919
2896.760041,0.8057,0.09382663635595138,0.028145803947536557
2897.114968,0.8052,0.09409623378338308,0.028235960093887683
2898.114968,0.8036,0.09496007192378847,0.028524836432775622
2899.114968,0.8016,0.09604229147682952,0.028886741757086408
2900.114968,0.7996,0.09712721455392069,0.029249551167583206
2901.114968,0.7977,0.09816040794877054,0.029595061641486755
2901.469895,0.796,0.09908693226233094,0.029904900879965366
2902.469895,0.7945,0.09990609845660166,0.03017883846164084
2903.469895,0.7927,0.10089114180660062,0.03050824706642885
2904.469895,0.7907,0.10198826120249839,0.030875135051093617
2905.469895,0.788,0.10347378251044467,0.03137190862094104
2905.824822,0.785,0.10513034325474745,0.03192587953351858
2906.824822,0.7833,0.10607187345739313,0.03224073689529826
2907.824822,0.7823,0.10662666975397508,0.032426266470213724
2908.824822,0.781,0.10734896612269966,0.032667809788145125
2909.824822,0.7795,0.10818388047513952,0.032947013715520494
2910.179749,0.7763,0.10997041383658311,0.03354444880505334
2911.179749,0.7723,0.11221396516162846,0.034294715391548505
2912.179749,0.77,0.11350927482751812,0.03472788023633385
2913.179749,0.7685,0.11435612816423608,0.03501107668257008
2914.179749,0.7656,0.11599807523121287,0.03556016063148376
2914.534676,0.7621,0.11798803837334138,0.036225624727280976
2915.534676,0.76,0.11918640771920865,0.036626371734245974
2916.534676,0.7585,0.12004441487725073,0.036913298132793884
2917.534676,0.758,0.12033079436794646,0.037009066373318605
2918.534676,0.758,0.12033079436794646,0.037009066373318605
2918.889603,0.7577,0.12050271275057144,0.03706655764470069
2919.889603,0.7572,0.12078939470824086,0.037162427033285345
2920.889603,0.7533,0.12303203256741514,0.0379123881474192
2921.889603,0.7479,0.1261564667765641,0.03895723101000873
2922.889603,0.7447,0.1280186461566306,0.039579962904451094
2923.24453,0.7426,0.1292450551098599,0.039990086643861354
2924.24453,0.7417,0.12977172098820555,0.0401662091182433
2925.24453,0.7412,0.13006458935314008,0.04026414730490253
2926.24453,0.7396,0.13100309751286454,0.04057799406451704
2927.24453,0.7377,0.1321202165416204,0.040951570131646464
2927.599457,0.736,0.13312218566250117,0.04128663888791018
2928.599457,0.7345,0.1340081998737247,0.0415829311324513
2929.599457,0.7327,0.13507380846099445,0.041939281579345865
2930.599457,0.7307,0.1362608926547829,0.04233625471564709
2931.599457,0.728,0.13786862068696285,0.042873895468167805
2931.954384,0.725,0.13966199342900631,0.043473617716759214
2932.954384,0.7223,0.1412823851397083,0.0440154933333328
2933.954384,0.7198,0.1427881576831076,0.044519039124134574
2934.954384,0.718,0.14387555575769967,0.044882676199194185
2935.954384,0.7165,0.1447838052666367,0.04518640415547008
2936.309311,0.7143,0.1461193498754577,0.04563302397806401
2937.309311,0.7119,0.1475810070629986,0.04612181714115346
2938.309311,0.7103,0.14855818532794493,0.04644859558078811
2939.309311,0.7093,0.14917004015146906,0.04665320611264958
2940.309311,0.7067,0.15076490868527748,0.04718654651695025
2940.664238,0.7032,0.1529211379342845,0.04790761170511608
2941.664238,0.7007,0.15446788250642454,0.04842485896278512
2942.664238,0.6987,0.1557092567456569,0.048839987247409074
2943.664238,0.6963,0.15720360482441983,0.04933971257999821
2944.664238,0.6938,0.158765704493959,0.049862094739812034
2945.019165,0.6927,0.15945481236316125,0.05009253948292166
2946.019165,0.6922,0.15976840504189108,0.050197408092787645
2947.019165,0.6913,0.16033344311756664,0.050386362623733506
2948.019165,0.6903,0.16096212661169415,0.05059660083574114
2949.019165,0.6883,0.1622222304462667,0.05101799248925061
2949.374092,0.6858,0.16380251922107467,0.05154645727252354
2950.374092,0.6827,0.16577009714832264,0.05220443552274687
2951.374092,0.6792,0.16800232276410373,0.052950914675839254
2952.374092,0.677,0.16941133131485567,0.05342210159450437
2953.374092,0.6755,0.17037464664195062,0.05374424412545957
2953.729019,0.6734,0.17172688794793023,0.054196447494925415
2954.729019,0.6709,0.17334220812413068,0.05473662713831743
2955.729019,0.669,0.17457388223217687,0.055148511599529666
2956.729019,0.6675,0.1755487299633872,0.05547451068476696
2957.729019,0.6657,0.17672144304832926,0.05586667797479315
2958.083946,0.6637,0.17802818235795723,0.05630366500973598
2959.083946,0.6617,0.17933886535640453,0.056741970854690266
2960.083946,0.6597,0.1806535159195472,0.05718160349399396
2961.083946,0.6567,0.1826329837124059,0.057843557837291726
2962.083946,0.6532,0.18495382393536947,0.05861967062439204
2962.438873,0.6503,0.1868862459921014,0.05926589239074406
2963.438873,0.6479,0.1884920200546733,0.05980287971577614
2964.438873,0.646,0.1897674820049159,0.060229407280771176
2965.438873,0.6445,0.1907770783105782,0.06056702664589628
2966.438873,0.6417,0.19266796070880954,0.061199357124164314
2966.7938,0.6382,0.19504320014250837,0.06199366156558105
2967.7938,0.636,0.19654288435158612,0.06249517135490701
2968.7938,0.6345,0.19756837356927645,0.06283810547290788
2969.7938,0.6333,0.1983905119726812,0.06311303699181868
2970.7938,0.6324,0.1990081387398286,0.06331957772085967
2971.148727,0.6297,0.2008663066979371,0.06394096815463393
2972.148727,0.6262,0.20328693671910358,0.0647504516742996
2973.148727,0.6231,0.20544224874523848,0.06547121013372442
2974.148727,0.6201,0.2075382686530493,0.06617214070032394
2975.148727,0.6184,0.20873051908973156,0.06657084148126502
2975.503654,0.6173,0.20950372303289047,0.06682940881450251
2976.503654,0.6163,0.21020783226932466,0.06706487016875903
2977.503654,0.6153,0.2109130849119713,0.06730071388978667
2978.503654,0.6137,0.2120438767160681,0.0676788622733006
2979.503654,0.6117,0.21346151950219755,0.06815293656888077
2979.858581,0.6084,0.21581079461903915,0.06893855827629375
2980.858581,0.6044,0.2186755443330122,0.06989655997880533
2981.858581,0.6027,0.21989880853208837,0.07030563208015521
2982.858581,0.6022,0.22025924882325953,0.07042616701237338
2983.858581,0.5997,0.2220659511622206,0.0710303468149628
2984.213508,0.5962,0.22460802830338805,0.07188044349785128
2985.213508,0.5937,0.2264329510739413,0.0724907163997438
2986.213508,0.5917,0.2278984307229881,0.07298078783318707
2987.213508,0.59,0.22914798835785583,0.07339865272928978
2988.213508,0.5885,0.2302535328205465,0.07376835814274842
2988.568435,0.5864,0.23180603836692842,0.07428753192932325
2989.568435,0.5839,0.2336615247487127,0.07490802561645626
2990.568435,0.5808,0.23597339230796271,0.07568113785273298
2991.568435,0.5773,0.23859844250136897,0.0765589815757624
2992.568435,0.5741,0.24101245313238068,0.0773662515034319
2992.923362,0.571,0.243363891754152,0.07815259670909533
2993.923362,0.568,0.24565166428898116,0.07891765132194177
2994.923362,0.565,0.24795155218056153,0.079686757434414
2995.923362,0.562,0.2502636844309389,0.08045995818611998
2996.923362,0.559,0.25258819211357664,0.08123729740937093
2997.278289,0.5564,0.2546128786799912,0.08191437337458236
2998.278289,0.5539,0.25656863485331644,0.08256839830897869
2999.278289,0.5517,0.25829701604226013,0.083146386715268
3000.278289,0.5497,0.25987426303426947,0.08367383429515819
3001.278289,0.5471,0.26193328522253073,0.08436239244466848
3001.633216,0.5441,0.26432127409409545,0.08516096042894274
3002.633216,0.5385,0.26881429236599963,0.0866634718465738
3003.633216,0.5315,0.27449673114068446,0.08856373768620837
3004.633216,0.5261,0.2789316982028409,0.09004683618357631
3005.633216,0.5216,0.2826624172761363,0.09129442692645229
3005.988143,0.519,0.28483264215154214,0.09202017239570948
3006.988143,0.5175,0.2860896458710447,0.09244052733892605
3007.988143,0.5157,0.2876028685932851,0.0929465645459863
3008.988143,0.5137,0.28929043427566276,0.0935109038280298
3009.988143,0.5127,0.2901366825596007,0.09379389793840731
3010.34307,0.5122,0.2905604258675891,0.09393560204906688
3011.34307,0.5094,0.2929410593724037,0.09473171032321888
3012.34307,0.5054,0.2963647624161041,0.09587663175518936
3013.34307,0.503,0.2984320149440726,0.09656794221475777
3014.34307,0.5015,0.29972906264356314,0.097001688275815
3014.697997,0.4984,0.3024219663488868,0.09790222290954465
3015.697997,0.4944,0.3059215379192406,0.09907251555539343
3016.697997,0.4917,0.30829979170983846,0.09986782802869063
3017.697997,0.4897,0.31006989598178186,0.10045976906209875
3018.697997,0.4877,0.31184724440843364,0.1010541326151811
3019.052924,0.4857,0.3136318965269638,0.10165093859777832
3020.052924,0.4821,0.3168628685169931,0.10273140878758856
3021.052924,0.4776,0.3209356818786873,0.10409339937108833
3022.052924,0.4735,0.3246800166607078,0.10534554334668686
3023.052924,0.4695,0.3283644033978703,0.106577640080896
3023.407851,0.4655,0.33208031468263854,0.10782027894733048
3024.407851,0.4615,0.3358282946380691,0.10907364190632424
3025.407851,0.4587,0.33847125986801746,0.10995747660141802
3026.407851,0.4567,0.3403689883929994,0.11059209649472665
3027.407851,0.4538,0.34313550845108287,0.11151724919227268
3027.762778,0.4503,0.3464980530370672,0.11264171860837274
3028.762778,0.448,0.348721986001856,0.11338542461387384
3029.762778,0.4465,0.35017853677543476,0.11387251013973215
3030.762778,0.4434,0.3532043112215306,0.11488436016510688
3031.762778,0.4394,0.3571399474155085,0.11620047729600554
3032.117705,0.4367,0.3598168080786599,0.11709564697179854
3033.117705,0.4347,0.361810359809163,0.11776231112837443
3034.117705,0.4315,0.36501919994877163,0.1188353802002862
3035.117705,0.4275,0.36906388093580855,0.1201879630290052
3036.117705,0.4241,0.3725317275402904,0.12134764652070372
3036.472632,0.4211,0.375614758579735,0.12237864373846336
3037.472632,0.4187,0.3780970391087695,0.12320874382061972
3038.472632,0.4167,0.380176499542722,0.12390413672922711
3039.472632,0.4147,0.38226596463598206,0.12460287529857512
3040.472632,0.4127,0.38436553112258404,0.1253049918775175
3040.827559,0.4098,0.38742804593482383,0.12632912825836165
3041.827559,0.4063,0.39115317767358837,0.12757485053923312
3042.827559,0.4025,0.39523411529611263,0.1289395579589259
3043.827559,0.3985,0.3995716742678688,0.13039008219125886
3044.827559,0.3942,0.4042833800565756,0.13196572495868744
3045.182486,0.3896,0.4093810517934221,0.13367043869996964
3046.182486,0.3861,0.4133001983759509,0.1349810415355828
3047.182486,0.3831,0.41668784801692227,0.13611390633969944
3048.182486,0.3814,0.4186193112900132,0.13675980747896282
3049.182486,0.3804,0.4197594917346237,0.1371410955202111
3049.537414,0.3781,0.42239332263746443,0.13802187560258333
3050.537414,0.3751,0.42585293584927725,0.13917880576328198
3051.537414,0.3727,0.4286406072461604,0.14011103168557837
3052.537414,0.3707,0.4309774139704364,0.14089248383456635
3053.537414,0.3678,0.4343882750979413,0.1420331107979769
3053.892341,0.3643,0.4385408287580841,0.14342176735557552
3054.892341,0.3614,0.44201185177508695,0.14458251307221753
3055.892341,0.3589,0.44502654166676014,0.14559065630884324
3056.892341,0.3571,0.44721014980721807,0.14632087727927337
3057.892341,0.3556,0.4490382477018239,0.14693221197523232
3058.247268,0.3541,0.4508740732418889,0.14754613087513418
3059.247268,0.3526,0.45271769203669676,0.1481626559193967
3060.247268,0.3505,0.45531197769732257,0.14903021166695765
3061.247268,0.348,0.45842075605341914,0.15006981905162556
3062.247268,0.3448,0.46243274284732483,0.15141146860665256
3062.602195,0.3413,0.4668637117213612,0.15289323006888358
3063.602195,0.3384,0.4705696456330141,0.15413253239936014
3064.602195,0.3359,0.4737899961583357,0.15520945066237432
3065.602195,0.3337,0.47664379334520723,0.15616378972742792
3066.602195,0.3317,0.4792545284805177,0.1570368463481285
3066.957122,0.3288,0.48306819113198723,0.15831217427471575
3067.957122,0.3253,0.48771593671814645,0.15986642809405066
3068.957122,0.3215,0.4928190227397591,0.1615729524277202
3069.957122,0.3175,0.49825627037200554,0.16339122383316354
3070.957122,0.3117,0.5062631977231602,0.16606882250675045
3071.312049,0.3047,0.5161275457773263,0.1693675617243388
3072.312049,0.2995,0.5236031732746699,0.1718674882745941
3073.312049,0.2955,0.5294425147827259,0.17382022399840918
3074.312049,0.2909,0.5362562787529408,0.17609881659312665
3075.312049,0.2859,0.5437858446420112,0.178616780695093
3075.666976,0.2828,0.5485205948751383,0.18020012976121863
3076.666976,0.2808,0.5516028965422324,0.18123088306937943
3077.666976,0.2791,0.554240163511369,0.18211281220758202
3078.666976,0.2776,0.5565805382171827,0.18289545752621095
3079.666976,0.2755,0.5598783968121961,0.1839982952831205
3080.021903,0.2729,0.5639964643301035,0.18537541932085766
3081.021903,0.2695,0.5694412304772425,0.1871962049948363
3082.021903,0.2655,0.5759354745825122,0.18936794686779235
3083.021903,0.2615,0.582528306796707,0.1915726576160875
3084.021903,0.2575,0.5892227666227902,0.19381135368070412
3084.37683,0.2551,0.59328954139021,0.19517132489631028
3085.37683,0.2536,0.5958507507903049,0.19602781960292
3086.37683,0.2518,0.5989442742281562,0.1970623255863802
3087.37683,0.2498,0.6024075659618833,0.19822048588255609
3088.37683,0.2484,0.6048484084954574,0.19903672867379235
3088.731757,0.2474,0.6066003047068982,0.19962258074491665
3089.731757,0.2455,0.6099485035410127,0.20074225279437485
3090.731757,0.243,0.6143937264016879,0.20222878093601282
3091.731757,0.2399,0.6199697520321694,0.2040934611282105
3092.731757,0.2364,0.6263525277907822,0.20622792684215252
3093.086684,0.2329,0.6328305114653193,0.2083942310602065
3094.086684,0.2294,0.6394065864347511,0.2105933380138895
3095.086684,0.2274,0.6432095396482841,0.21186508459453013
3096.086684,0.2264,0.6451235774837663,0.21250515848863671
3097.086684,0.2251,0.64762450499948,0.21334149431449462
3097.441611,0.2236,0.6505282007856144,0.21431251998320286
3098.441611,0.2199,0.6577747706392096,0.2167358473067914
3099.441611,0.2149,0.6677635845085567,0.22007620917024867
3100.441611,0.2105,0.676747899828313,0.22308065641052455
3101.441611,0.2065,0.6850799440075802,0.22586697748779225
3101.796538,0.2035,0.6914355864387612,0.22799236953859794
3102.796538,0.201,0.6968039425795112,0.22978760292231803
3103.796538,0.1988,0.7015836199387055,0.23138597608044423
3104.796538,0.1968,0.7059749059046773,0.2328544671709911
3105.796538,0.1948,0.7104110474574032,0.23433795843005814
3106.151465,0.1928,0.714892970433188,0.23583675946680657
3107.151465,0.1911,0.7187393129449872,0.23712301587404988
3108.151465,0.1896,0.7221616669979526,0.2382674861896752
3109.151465,0.1878,0.7263044120699079,0.23965286265472788
3110.151465,0.1858,0.7309542903423771,0.24120782966625057
3110.506392,0.1838,0.7356544929499076,0.24277962565184774
3111.506392,0.1818,0.7404061211140514,0.24436861887130723
3112.506392,0.1792,0.7466619946738936,0.24646064718770572
3113.506392,0.1762,0.7539940959239709,0.24891257708800396
3114.506392,0.1747,0.7577070950170691,0.25015424208765896
3114.861319,0.1742,0.7589518493283556,0.25057050070306425
3115.861319,0.1737,0.7602001815529014,0.2509879558093801
3116.861319,0.1732,0.7614521123186722,0.25140661430480993
3117.861319,0.1712,0.7664962396588656,0.25309342225037695
3118.861319,0.1682,0.7741740085381067,0.2556609469531205
3119.216246,0.1667,0.7780644001719947,0.25696193383882393
3120.216246,0.1662,0.7793689805519078,0.2573981989055151
3121.216246,0.1636,0.7862167006646958,0.2596881467827681
3122.216246,0.1596,0.7969671129852894,0.2632831949838714
3123.216246,0.1559,0.8071538848111584,0.2666897560194409
3123.571173,0.1524,0.8170150329964183,0.26998742516802987
3124.571173,0.1498,0.8244881866365523,0.2724865244350475
3125.571173,0.1478,0.8303255659411931,0.2744386039779043
3126.571173,0.1461,0.8353497840657031,0.27611875407743774
3127.571173,0.1446,0.839831707041488,0.27761755511418623
3127.9261,0.1431,0.8443603662402236,0.2791319852234981
3128.9261,0.1416,0.8489367466462497,0.2806623737942446
3129.9261,0.1401,0.8535618647142253,0.2822090607392946
3130.9261,0.1386,0.858236769724212,0.2837723969486683
3131.9261,0.1368,0.8639139026159026,0.28567088844658045
3132.281027,0.1348,0.870310107800699,0.2878098450984515
3133.281027,0.1322,0.8787685448503786,0.29063843324863303
3134.281027,0.1292,0.8887374863409347,0.2939721495846916
3135.281027,0.1265,0.8979094744881633,0.29703935654437913
3136.281027,0.124,0.906578314837765,0.2999383057172204
3136.635954,0.1224,0.9122185821904576,0.3018244690005762
3137.635954,0.1214,0.9157813132607613,0.30301588283135317
3138.635954,0.1192,0.9237237445957824,0.3056719133752847
3139.635954,0.1162,0.9347938719456881,0.3093738775631165
3140.635954,0.1135,0.9450041384708585,0.31278829546723586
3140.990881,0.111,0.9546770212133425,0.3160230067197742
3141.990881,0.1088,0.9633711046378389,0.3189303974359055
3142.990881,0.1068,0.9714287473074623,0.32162495583243067
3143.990881,0.1042,0.9821322810364943,0.3252043273514461
3144.990881,0.1012,0.9948194874962197,0.32944705938812247
3145.345808,0.0997,1.0013048416883443,0.3316158283828942
3146.345808,0.0992,1.0034883278458213,0.33234600856096375
3147.345808,0.0987,1.0056828473303634,0.3330798783968282
3148.345808,0.0982,1.0078885122130503,0.3338174753682067
3149.345808,0.0974,1.0114410431213845,0.33500547816014675
3149.700735,0.0964,1.0159229660971691,0.33650427919689513
3150.700735,0.0957,1.0190880622231564,0.33756271982174935
3151.700735,0.0952,1.0213630516155257,0.3383234996205761
3152.700735,0.092,1.0362121726544449,0.3432891980781758
3153.700735,0.087,1.0604807473813815,0.35140485851180264
3154.055662,0.0838,1.0767559813697236,0.35684746377450893
3155.055662,0.0818,1.087246696328677,0.36035566651285666
3156.055662,0.0804,1.0947439512515487,0.3628628254961499
3157.055662,0.0794,1.1001794975729038,0.36468052796577227
3158.055662,0.0784,1.1056839373155616,0.36652126910246485
3158.410589,0.0774,1.1112590393171073,0.3683856404236681
3159.410589,0.0758,1.1203307943679464,0.37141932840732755
3160.410589,0.0738,1.1319436381769583,0.3753027825484592
3161.410589,0.0718,1.1438755557576996,0.37929293823320315
3162.410589,0.0698,1.1561445773768388,0.3833958249677604
3162.765516,0.0678,1.1687703061329366,0.3876179982294574
3163.765516,0.0658,1.1817741063860445,0.39196660247953713
3164.765516,0.0647,1.1890957193312996,0.39441502498307146
3165.765516,0.0642,1.1924649719311469,0.39554173762784517
3166.765516,0.0631,1.1999706407558657,0.39805171030625985
3167.120443,0.0616,1.2104192878355746,0.4015458451140862
3168.120443,0.061,1.214670164989233,0.4029673820569155
3169.120443,0.061,1.214670164989233,0.4029673820569155
3170.120443,0.0598,1.2232988160115892,0.4058528915063016
3171.120443,0.0578,1.238072161579471,0.41079324986877597
3171.47537,0.0558,1.2533658010624213,0.41590759985572306
3172.47537,0.0538,1.269217724333611,0.4212086456705845
3173.47537,0.0524,1.2806687130162733,0.42503797379650216
3174.47537,0.0514,1.2890368810047244,0.42783637504626465
3175.47537,0.0504,1.2975694635544748,0.4306897582125535
3175.830297,0.0494,1.3062730510763532,0.4336003271963808
3176.830297,0.0475,1.3233063903751334,0.4392964506546001
3177.830297,0.045,1.3467874862246563,0.4471487700704847
3178.830297,0.0434,1.3625102704874892,0.4524066304757229
3179.830297,0.0424,1.3726341434072673,0.4557921574716249
3180.185224,0.0414,1.3829996588791011,0.4592584922166784
3181.185224,0.0404,1.393618634889395,0.46280958676681366
3182.185224,0.0397,1.401209493236885,0.4653480476958608
3183.185224,0.0392,1.4067139329795428,0.46718878883255344
3184.185224,0.0387,1.4122890349810886,0.46905316015375664
3184.540151,0.0382,1.4179366370882913,0.4709417762542901
3185.540151,0.0371,1.4306260903849541,0.4751852596562955
3186.540151,0.0356,1.448550002027125,0.4811791996452282
3187.540151,0.035,1.4559319556497243,0.4836478006904846
3188.540151,0.035,1.4559319556497243,0.4836478006904846
3188.895078,0.0347,1.4596705252091262,0.48489801671647653
3189.895078,0.0342,1.465973893943865,0.4870059279067575
3190.895078,0.0334,1.4762535331884354,0.4904435447601494
3191.895078,0.0324,1.489454989793388,0.49485824732264216
3192.895078,0.0317,1.4989407377822486,0.4980303787931856
3193.250005,0.0312,1.5058454059815571,0.5003393706949743
3194.250005,0.0304,1.5171264163912463,0.5041118563420869
3195.250005,0.0294,1.5316526695878427,0.508969584479933
3196.250005,0.0287,1.5421181032660076,0.5124693328985477
3197.250005,0.0282,1.5497508916806388,0.5150218156723346
3197.604932,0.0277,1.5575202309355514,0.517619962448401
3198.604932,0.0272,1.5654310959658013,0.5202654368960826
3199.604932,0.027,1.5686362358410126,0.5213372685616077
3200.604932,0.027,1.5686362358410126,0.5213372685616077
3201.604932,0.0264,1.578396073130169,0.5246010583068837
3201.959859,0.0254,1.595166283380062,0.5302091887109158
3202.959859,0.0247,1.6073030467403342,0.5342678469264692
3203.959859,0.0242,1.6161846340195687,0.537237940855796
3204.959859,0.024,1.619788758288394,0.538443196996937
3205.959859,0.024,1.619788758288394,0.538443196996937
3206.314786,0.0237,1.6252516539898962,0.5402700453799408
3207.314786,0.0232,1.6345120151091004,0.5433668051683435
3208.314786,0.0224,1.6497519816658373,0.5484632063779713
3209.314786,0.0214,1.6695862266508092,0.5550959814406425
3210.314786,0.0207,1.6840296545430822,0.5599260119467668
3210.669714,0.0202,1.6946486305533763,0.5634771064969022
3211.669714,0.0197,1.705533773838407,0.5671172101151271
3212.669714,0.0192,1.7166987712964505,0.5708508998406804
3213.669714,0.0184,1.7351821769904636,0.5770319403820963
3214.669714,0.0174,1.7594507517174003,0.585147600815723
3215.024641,0.017,1.7695510786217261,0.5885252537824278
3216.024641,0.017,1.7695510786217261,0.5885252537824278
3217.024641,0.017,1.7695510786217261,0.5885252537824278
3218.024641,0.017,1.7695510786217261,0.5885252537824278
3219.024641,0.0167,1.7772835288524167,0.591111064490238
3219.379568,0.0162,1.790484985457369,0.5955257670527306
3220.379568,0.016,1.7958800173440752,0.5973299210796459
3221.379568,0.016,1.7958800173440752,0.5973299210796459
3222.379568,0.016,1.7958800173440752,0.5973299210796459
3223.379568,0.016,1.7958800173440752,0.5973299210796459
3223.734495,0.0154,1.812479279163537,0.6028808845742633
3224.734495,0.0144,1.8416375079047504,0.61263169548806
3225.734495,0.014,1.853871964321762,0.6167230232643165
3226.734495,0.014,1.853871964321762,0.6167230232643165
3227.734495,0.0137,1.8632794328435933,0.6198689772777788
3228.089422,0.0132,1.8794260687941502,0.6252685780369722
3229.089422,0.013,1.8860566476931633,0.6274859116640285
3230.089422,0.013,1.8860566476931633,0.6274859116640285
3231.089422,0.013,1.8860566476931633,0.6274859116640285
3232.089422,0.013,1.8860566476931633,0.6274859116640285
3232.444349,0.0127,1.8961962790440432,0.6308767084410044
3233.444349,0.0122,1.9136401693252518,0.6367101243608358
3234.444349,0.012,1.9208187539523751,0.6391107167270255
3235.444349,0.012,1.9208187539523751,0.6391107167270255
3236.444349,0.0114,1.9430951486635275,0.6465601717195549
3236.799276,0.0104,1.9829666607012197,0.6598936145077717
3237.799276,0.01,2.0,0.6655897379659911
3238.799276,0.01,2.0,0.6655897379659911
3239.799276,0.0097,2.0132282657337552,0.6700134057762717
3240.799276,0.0092,2.036212172654445,0.6776994601121847
3241.154203,0.009,2.0457574905606752,0.6808915123744052
3242.154203,0.009,2.0457574905606752,0.6808915123744052
3243.154203,0.009,2.0457574905606752,0.6808915123744052
3244.154203,0.009,2.0457574905606752,0.6808915123744052
3245.154203,0.009,2.0457574905606752,0.6808915123744052
3245.50913,0.009,2.0457574905606752,0.6808915123744052
3246.50913,0.009,2.0457574905606752,0.6808915123744052
3247.50913,0.009,2.0457574905606752,0.6808915123744052
3248.50913,0.009,2.0457574905606752,0.6808915123744052
3249.50913,0.009,2.0457574905606752,0.6808915123744052
3249.864057,0.009,2.0457574905606752,0.6808915123744052
3250.864057,0.009,2.0457574905606752,0.6808915123744052
3251.864057,0.0087,2.0604807473813813,0.6858151205458115
3252.864057,0.0082,2.0861861476162833,0.6944112701740541
3253.864057,0.008,2.0969100130080562,0.6979974408097344
3254.218984,0.008,2.0969100130080562,0.6979974408097344
3255.218984,0.008,2.0969100130080562,0.6979974408097344
3256.218984,0.008,2.0969100130080562,0.6979974408097344
3257.218984,0.008,2.0969100130080562,0.6979974408097344
3258.218984,0.008,2.0969100130080562,0.6979974408097344
3258.573911,0.008,2.0969100130080562,0.6979974408097344
3259.573911,0.008,2.0969100130080562,0.6979974408097344
3260.573911,0.008,2.0969100130080562,0.6979974408097344
3261.573911,0.008,2.0969100130080562,0.6979974408097344
3262.573911,0.0074,2.1307682802690238,0.709319992836492
3262.928838,0.0064,2.193820026016113,0.7304051436534779
3263.928838,0.006,2.2218487496163566,0.7397782364571142
3264.928838,0.006,2.2218487496163566,0.7397782364571142
3265.928838,0.006,2.2218487496163566,0.7397782364571142
3266.928838,0.006,2.2218487496163566,0.7397782364571142
3267.283765,0.006,2.2218487496163566,0.7397782364571142
3268.283765,0.006,2.2218487496163566,0.7397782364571142
3269.283765,0.006,2.2218487496163566,0.7397782364571142
3270.283765,0.006,2.2218487496163566,0.7397782364571142
3271.283765,0.006,2.2218487496163566,0.7397782364571142
3271.638692,0.006,2.2218487496163566,0.7397782364571142
3272.638692,0.006,2.2218487496163566,0.7397782364571142
3273.638692,0.006,2.2218487496163566,0.7397782364571142
3274.638692,0.006,2.2218487496163566,0.7397782364571142
3275.638692,0.006,2.2218487496163566,0.7397782364571142
3275.993619,0.006,2.2218487496163566,0.7397782364571142
3276.993619,0.006,2.2218487496163566,0.7397782364571142
3277.993619,0.006,2.2218487496163566,0.7397782364571142
3278.993619,0.006,2.2218487496163566,0.7397782364571142
3279.993619,0.006,2.2218487496163566,0.7397782364571142
3280.348546,0.006,2.2218487496163566,0.7397782364571142
3281.348546,0.0057,2.2441251443275085,0.7472276914496434
3282.348546,0.0052,2.283996656365201,0.7605611342378603
3283.348546,0.005,2.3010299956639813,0.7662572576960797
3284.348546,0.005,2.3010299956639813,0.7662572576960797
3284.703473,0.005,2.3010299956639813,0.7662572576960797
3285.703473,0.005,2.3010299956639813,0.7662572576960797
3286.703473,0.005,2.3010299956639813,0.7662572576960797
3287.703473,0.005,2.3010299956639813,0.7662572576960797
3288.703473,0.0047,2.3279021420642825,0.7752435792152206
3289.0584,0.0042,2.3767507096020997,0.791579041485528
3290.0584,0.004,2.3979400086720375,0.7986649605398229
3291.0584,0.004,2.3979400086720375,0.7986649605398229
3292.0584,0.004,2.3979400086720375,0.7986649605398229
3293.0584,0.004,2.3979400086720375,0.7986649605398229
3293.413327,0.004,2.3979400086720375,0.7986649605398229
3294.413327,0.004,2.3979400086720375,0.7986649605398229
3295.413327,0.0035,2.4559319556497243,0.8180580627244936
3296.413327,0.0025,2.6020599913279625,0.8669247774261681
3297.413327,0.002,2.6989700043360187,0.8993324802699114
3297.768254,0.002,2.6989700043360187,0.8993324802699114
3298.768254,0.002,2.6989700043360187,0.8993324802699114
3299.768254,0.002,2.6989700043360187,0.8993324802699114
3300.768254,0.0017,2.7695510786217263,0.9229355158164367
3301.768254,0.0012,2.9208187539523753,0.9735209787610345
3302.123181,0.001,3.0,1.0
3303.123181,0.001,3.0,1.0
3304.123181,0.001,3.0,1.0
3305.123181,0.001,3.0,1.0
3306.123181,0.001,3.0,1.0
3306.478108,0.001,3.0,1.0
3307.478108,0.001,3.0,1.0
3308.478108,0.001,3.0,1.0
3309.478108,0.001,3.0,1.0
3310.478108,0.001,3.0,1.0
3310.833035,0.001,3.0,1.0
3311.833035,0.001,3.0,1.0
3312.833035,0.001,3.0,1.0
3313.833035,0.001,3.0,1.0
3314.833035,0.001,3.0,1.0
3315.187962,0.001,3.0,1.0
3316.187962,0.001,3.0,1.0
3317.187962,0.001,3.0,1.0
3318.187962,0.001,3.0,1.0
3319.187962,0.001,3.0,1.0
3319.542889,0.001,3.0,1.0
3320.542889,0.001,3.0,1.0
3321.542889,0.001,3.0,1.0
3322.542889,0.001,3.0,1.0
3323.542889,0.001,3.0,1.0
3323.897816,0.001,3.0,1.0
3324.897816,0.001,3.0,1.0
3325.897816,0.001,3.0,1.0
3326.897816,0.001,3.0,1.0
3327.897816,0.001,3.0,1.0
3328.252743,0.001,3.0,1.0
3329.252743,0.001,3.0,1.0
3330.252743,0.001,3.0,1.0
3331.252743,0.001,3.0,1.0
3332.252743,0.001,3.0,1.0
3332.60767,0.001,3.0,1.0
3333.60767,0.001,3.0,1.0
3334.60767,0.001,3.0,1.0
3335.60767,0.001,3.0,1.0
3336.60767,0.001,3.0,1.0
3336.962597,0.001,3.0,1.0
3337.962597,0.001,3.0,1.0
3338.962597,0.001,3.0,1.0
3339.962597,0.001,3.0,1.0
3340.962597,0.001,3.0,1.0
3341.317524,0.001,3.0,1.0
3342.317524,0.001,3.0,1.0
3343.317524,0.001,3.0,1.0
3344.317524,0.001,3.0,1.0
3345.317524,0.001,3.0,1.0
3345.672451,0.001,3.0,1.0
3346.672451,0.001,3.0,1.0
3347.672451,0.001,3.0,1.0
3348.672451,0.001,3.0,1.0
3349.672451,0.001,3.0,1.0
3350.027378,0.001,3.0,1.0
3351.027378,0.001,3.0,1.0
3352.027378,0.001,3.0,1.0
3353.027378,0.001,3.0,1.0
3354.027378,0.001,3.0,1.0
3354.382305,0.001,3.0,1.0
3355.382305,0.001,3.0,1.0
3356.382305,0.001,3.0,1.0
3357.382305,0.001,3.0,1.0
3358.382305,0.001,3.0,1.0
3358.737232,0.001,3.0,1.0
3359.737232,0.001,3.0,1.0
3360.737232,0.001,3.0,1.0
3361.737232,0.001,3.0,1.0
3362.737232,0.001,3.0,1.0
3363.092159,0.001,3.0,1.0
3364.092159,0.001,3.0,1.0
3365.092159,0.001,3.0,1.0
3366.092159,0.001,3.0,1.0
3367.092159,0.001,3.0,1.0
3367.447086,0.001,3.0,1.0
3368.447086,0.001,3.0,1.0
3369.447086,0.001,3.0,1.0
3370.447086,0.001,3.0,1.0
3371.447086,0.001,3.0,1.0
3371.802014,0.001,3.0,1.0
3372.802014,0.001,3.0,1.0
3373.802014,0.001,3.0,1.0
3374.802014,0.001,3.0,1.0
3375.802014,0.001,3.0,1.0
3376.156941,0.001,3.0,1.0
3377.156941,0.001,3.0,1.0
3378.156941,0.001,3.0,1.0
3379.156941,0.001,3.0,1.0
3380.156941,0.001,3.0,1.0
3380.511868,0.001,3.0,1.0
3381.511868,0.001,3.0,1.0
3382.511868,0.001,3.0,1.0
3383.511868,0.001,3.0,1.0
3384.511868,0.001,3.0,1.0
3384.866795,0.001,3.0,1.0
3385.866795,0.001,3.0,1.0
3386.866795,0.001,3.0,1.0
3387.866795,0.001,3.0,1.0
3388.866795,0.001,3.0,1.0
3389.221722,0.001,3.0,1.0
3390.221722,0.001,3.0,1.0
3391.221722,0.001,3.0,1.0
3392.221722,0.001,3.0,1.0
3393.221722,0.001,3.0,1.0
3393.576649,0.001,3.0,1.0
3394.576649,0.001,3.0,1.0
3395.576649,0.001,3.0,1.0
3396.576649,0.001,3.0,1.0
3397.576649,0.001,3.0,1.0
3397.931576,0.001,3.0,1.0
3398.931576,0.001,3.0,1.0
3399.931576,0.001,3.0,1.0
3400.931576,0.001,3.0,1.0
3401.931576,0.001,3.0,1.0
3402.286503,0.001,3.0,1.0
3403.286503,0.001,3.0,1.0
3404.286503,0.001,3.0,1.0
3405.286503,0.001,3.0,1.0
3406.286503,0.001,3.0,1.0
3406.64143,0.001,3.0,1.0
3407.64143,0.001,3.0,1.0
3408.64143,0.001,3.0,1.0
3409.64143,0.001,3.0,1.0
3410.64143,0.001,3.0,1.0
3410.996357,0.001,3.0,1.0
3411.996357,0.001,3.0,1.0
3412.996357,0.001,3.0,1.0
3413.996357,0.001,3.0,1.0
3414.996357,0.001,3.0,1.0
3415.351284,0.001,3.0,1.0
3416.351284,0.001,3.0,1.0
3417.351284,0.001,3.0,1.0
3418.351284,0.001,3.0,1.0
3419.351284,0.001,3.0,1.0
3419.706211,0.001,3.0,1.0
3420.706211,0.001,3.0,1.0
3421.706211,0.001,3.0,1.0
3422.706211,0.001,3.0,1.0
3423.706211,0.001,3.0,1.0
3424.061138,0.001,3.0,1.0
3425.061138,0.001,3.0,1.0
3426.061138,0.001,3.0,1.0
3427.061138,0.001,3.0,1.0
3428.061138,0.001,3.0,1.0
3428.416065,0.001,3.0,1.0
3429.416065,0.001,3.0,1.0
3430.416065,0.001,3.0,1.0
3431.416065,0.001,3.0,1.0
3432.416065,0.001,3.0,1.0
3432.770992,0.001,3.0,1.0
3433.770992,0.001,3.0,1.0
3434.770992,0.001,3.0,1.0
3435.770992,0.001,3.0,1.0
3436.770992,0.001,3.0,1.0
3437.125919,0.001,3.0,1.0
3438.125919,0.001,3.0,1.0
3439.125919,0.001,3.0,1.0
3440.125919,0.001,3.0,1.0
3441.125919,0.001,3.0,1.0
3441.480846,0.001,3.0,1.0
3442.480846,0.001,3.0,1.0
3443.480846,0.001,3.0,1.0
3444.480846,0.001,3.0,1.0
3445.480846,0.001,3.0,1.0
3445.835773,0.001,3.0,1.0
3446.835773,0.0012,2.9208187539523753,0.9735209787610345
3447.835773,0.0017,2.7695510786217263,0.9229355158164367
3448.835773,0.002,2.6989700043360187,0.8993324802699114
3449.835773,0.002,2.6989700043360187,0.8993324802699114
3450.1907,0.002,2.6989700043360187,0.8993324802699114
3451.1907,0.002,2.6989700043360187,0.8993324802699114
3452.1907,0.002,2.6989700043360187,0.8993324802699114
3453.1907,0.002,2.6989700043360187,0.8993324802699114
3454.1907,0.002,2.6989700043360187,0.8993324802699114
3454.545627,0.002,2.6989700043360187,0.8993324802699114
3455.545627,0.002,2.6989700043360187,0.8993324802699114
3456.545627,0.002,2.6989700043360187,0.8993324802699114
3457.545627,0.002,2.6989700043360187,0.8993324802699114
3458.545627,0.002,2.6989700043360187,0.8993324802699114
3458.900554,0.0025,2.6020599913279625,0.8669247774261681
3459.900554,0.0035,2.4559319556497243,0.8180580627244936
3460.900554,0.004,2.3979400086720375,0.7986649605398229
3461.900554,0.004,2.3979400086720375,0.7986649605398229
3462.900554,0.004,2.3979400086720375,0.7986649605398229
3463.255481,0.004,2.3979400086720375,0.7986649605398229
3464.255481,0.004,2.3979400086720375,0.7986649605398229
3465.255481,0.004,2.3979400086720375,0.7986649605398229
3466.255481,0.004,2.3979400086720375,0.7986649605398229
3467.255481,0.004,2.3979400086720375,0.7986649605398229
3467.610408,0.004,2.3979400086720375,0.7986649605398229
3468.610408,0.004,2.3979400086720375,0.7986649605398229
3469.610408,0.004,2.3979400086720375,0.7986649605398229
3470.610408,0.004,2.3979400086720375,0.7986649605398229
3471.610408,0.0042,2.3767507096020997,0.791579041485528
3471.965335,0.0047,2.3279021420642825,0.7752435792152206
3472.965335,0.005,2.3010299956639813,0.7662572576960797
3473.965335,0.005,2.3010299956639813,0.7662572576960797
3474.965335,0.005,2.3010299956639813,0.7662572576960797
3475.965335,0.005,2.3010299956639813,0.7662572576960797
3476.320262,0.005,2.3010299956639813,0.7662572576960797
3477.320262,0.005,2.3010299956639813,0.7662572576960797
3478.320262,0.005,2.3010299956639813,0.7662572576960797
3479.320262,0.005,2.3010299956639813,0.7662572576960797
3480.320262,0.005,2.3010299956639813,0.7662572576960797
3480.675189,0.005,2.3010299956639813,0.7662572576960797
3481.675189,0.005,2.3010299956639813,0.7662572576960797
3482.675189,0.005,2.3010299956639813,0.7662572576960797
3483.675189,0.005,2.3010299956639813,0.7662572576960797
3484.675189,0.005,2.3010299956639813,0.7662572576960797
3485.030116,0.0052,2.283996656365201,0.7605611342378603
3486.030116,0.0057,2.2441251443275085,0.7472276914496434
3487.030116,0.006,2.2218487496163566,0.7397782364571142
3488.030116,0.006,2.2218487496163566,0.7397782364571142
3489.030116,0.006,2.2218487496163566,0.7397782364571142
3489.385043,0.006,2.2218487496163566,0.7397782364571142
3490.385043,0.006,2.2218487496163566,0.7397782364571142
3491.385043,0.006,2.2218487496163566,0.7397782364571142
3492.385043,0.0065,2.1870866433571443,0.7281534313941169
3493.385043,0.0075,2.1249387366083,0.7073705336133707
3493.73997,0.008,2.0969100130080562,0.6979974408097344
3494.73997,0.008,2.0969100130080562,0.6979974408097344
3495.73997,0.008,2.0969100130080562,0.6979974408097344
3496.73997,0.008,2.0969100130080562,0.6979974408097344
3497.73997,0.008,2.0969100130080562,0.6979974408097344
3498.094897,0.008,2.0969100130080562,0.6979974408097344
3499.094897,0.0082,2.0861861476162833,0.6944112701740541
3500.094897,0.0087,2.0604807473813813,0.6858151205458115
3501.094897,0.009,2.0457574905606752,0.6808915123744052
3502.094897,0.009,2.0457574905606752,0.6808915123744052
3502.449824,0.009,2.0457574905606752,0.6808915123744052
3503.449824,0.009,2.0457574905606752,0.6808915123744052
3504.449824,0.009,2.0457574905606752,0.6808915123744052
3505.449824,0.009,2.0457574905606752,0.6808915123744052
3506.449824,0.0092,2.036212172654445,0.6776994601121847
3506.804751,0.0097,2.0132282657337552,0.6700134057762717
3507.804751,0.01,2.0,0.6655897379659911
3508.804751,0.01,2.0,0.6655897379659911
3509.804751,0.01,2.0,0.6655897379659911
3510.804751,0.01,2.0,0.6655897379659911
3511.159678,0.01,2.0,0.6655897379659911
3512.159678,0.01,2.0,0.6655897379659911
3513.159678,0.0105,1.978810700930062,0.6585038189116961
3514.159678,0.0115,1.9393021596463884,0.6452917572684413
3515.159678,0.012,1.9208187539523751,0.6391107167270255
3515.514605,0.012,1.9208187539523751,0.6391107167270255
3516.514605,0.012,1.9208187539523751,0.6391107167270255
3517.514605,0.012,1.9208187539523751,0.6391107167270255
3518.514605,0.012,1.9208187539523751,0.6391107167270255
3519.514605,0.012,1.9208187539523751,0.6391107167270255
3519.869532,0.012,1.9208187539523751,0.6391107167270255
3520.869532,0.012,1.9208187539523751,0.6391107167270255
3521.869532,0.012,1.9208187539523751,0.6391107167270255
3522.869532,0.012,1.9208187539523751,0.6391107167270255
3523.869532,0.012,1.9208187539523751,0.6391107167270255
3524.224459,0.012,1.9208187539523751,0.6391107167270255
3525.224459,0.0122,1.9136401693252518,0.6367101243608358
3526.224459,0.0127,1.8961962790440432,0.6308767084410044
3527.224459,0.0132,1.8794260687941502,0.6252685780369722
3528.224459,0.0137,1.8632794328435933,0.6198689772777788
3528.579386,0.014,1.853871964321762,0.6167230232643165
3529.579386,0.014,1.853871964321762,0.6167230232643165
3530.579386,0.0145,1.8386319977650252,0.6116266220546887
3531.579386,0.0155,1.8096683018297086,0.601940864907486
3532.579386,0.016,1.7958800173440752,0.5973299210796459
3532.934314,0.016,1.7958800173440752,0.5973299210796459
3533.934314,0.016,1.7958800173440752,0.5973299210796459
3534.934314,0.016,1.7958800173440752,0.5973299210796459
3535.934314,0.0162,1.790484985457369,0.5955257670527306
3536.934314,0.0167,1.7772835288524167,0.591111064490238
3537.289241,0.017,1.7695510786217261,0.5885252537824278
3538.289241,0.017,1.7695510786217261,0.5885252537824278
3539.289241,0.0175,1.7569619513137056,0.5843153204205731
3540.289241,0.0185,1.7328282715969863,0.5762447702626602
3541.289241,0.019,1.7212463990471711,0.572371673228432
3541.644168,0.019,1.7212463990471711,0.572371673228432
3542.644168,0.019,1.7212463990471711,0.572371673228432
3543.644168,0.019,1.7212463990471711,0.572371673228432
3544.644168,0.0192,1.7166987712964505,0.5708508998406804
3545.644168,0.0197,1.705533773838407,0.5671172101151271
3545.999095,0.02,1.6989700043360187,0.5649222182359025
3546.999095,0.02,1.6989700043360187,0.5649222182359025
3547.999095,0.02,1.6989700043360187,0.5649222182359025
3548.999095,0.02,1.6989700043360187,0.5649222182359025
3549.999095,0.0207,1.6840296545430822,0.5599260119467668
3550.354022,0.0222,1.6536470255493614,0.5497657490236946
3551.354022,0.0232,1.6345120151091004,0.5433668051683435
3552.354022,0.0237,1.6252516539898962,0.5402700453799408
3553.354022,0.0242,1.6161846340195687,0.537237940855796
3554.354022,0.0247,1.6073030467403342,0.5342678469264692
3554.708949,0.0255,1.593459819566045,0.5296385296997189
3555.708949,0.0265,1.576754126063192,0.52405197435797
3556.708949,0.0275,1.5606673061697374,0.518672376702106
3557.708949,0.0285,1.5451551399914898,0.5134849491457231
3558.708949,0.0295,1.530177984021837,0.5084764344933873
3559.063876,0.0304,1.5171264163912463,0.5041118563420869
3560.063876,0.031,1.5086383061657274,0.5012733451773975
3561.063876,0.031,1.5086383061657274,0.5012733451773975
3562.063876,0.0312,1.5058454059815571,0.5003393706949743
3563.063876,0.0317,1.4989407377822486,0.4980303787931856
3563.418803,0.032,1.494850021680094,0.49666240134955736
3564.418803,0.032,1.494850021680094,0.49666240134955736
3565.418803,0.0324,1.489454989793388,0.49485824732264216
3566.418803,0.0334,1.4762535331884354,0.4904435447601494
3567.418803,0.034,1.4685210829577449,0.48785773405233923
3567.77373,0.034,1.4685210829577449,0.48785773405233923
3568.77373,0.0345,1.4621809049267258,0.48573751345564387
3569.77373,0.0355,1.449771646944906,0.4815877302422959
3570.77373,0.036,1.4436974992327127,0.4795564729142281
3571.77373,0.036,1.4436974992327127,0.4795564729142281
3572.128657,0.0364,1.438898616350944,0.4779516772322653
3573.128657,0.0374,1.4271283977995197,0.47401559536228594
3574.128657,0.0382,1.4179366370882913,0.4709417762542901
3575.128657,0.0387,1.4122890349810886,0.46905316015375664
3576.128657,0.0392,1.4067139329795428,0.46718878883255344
3576.483584,0.0397,1.401209493236885,0.4653480476958608
3577.483584,0.0404,1.393618634889395,0.46280958676681366
3578.483584,0.0414,1.3829996588791011,0.4592584922166784
3579.483584,0.0422,1.3746875490383261,0.45647883738676936
3580.483584,0.0427,1.3695721249749762,0.4547681870853294
3580.838511,0.0443,1.3535962737769305,0.4494256984999746
3581.838511,0.0473,1.3251388592621884,0.43990924705528933
3582.838511,0.0492,1.3080348972326397,0.4341895066311682
3583.838511,0.0497,1.3036436112666678,0.43272101554062126
3584.838511,0.0507,1.294992040666664,0.42982784154926823
3585.193438,0.0522,1.282329496997738,0.4255933570029256
3586.193438,0.053,1.275724130399211,0.42338445462788155
3587.193438,0.053,1.275724130399211,0.42338445462788155
3588.193438,0.0532,1.274088367704952,0.4228374387966689
3589.193438,0.0537,1.2700257143004445,0.42147884580711426
3589.548365,0.0549,1.260427655549908,0.41826915646532953
3590.548365,0.0569,1.2448877336049289,0.413072447095721
3591.548365,0.0587,1.2313618987523856,0.40854926911845324
3592.548365,0.0602,1.2204035087421754,0.404884671043668
3593.548365,0.0612,1.2132485778544388,0.4024919887306648
3593.903292,0.0617,1.2097148359667584,0.40131026918004503
3594.903292,0.0624,1.204815410317576,0.39967185096488583
3595.903292,0.0634,1.1979107421182673,0.3973628590630971
3596.903292,0.0642,1.1924649719311469,0.39554173762784517
3597.903292,0.0647,1.1890957193312996,0.39441502498307146
3598.258219,0.0652,1.1857524042680798,0.3932969861167179
3599.258219,0.0657,1.1824346304402193,0.3921874885015735
3600.258219,0.0669,1.174573882232177,0.38955877363353864
3601.258219,0.0689,1.1617807780923741,0.3852806283259188
3602.258219,0.0706,1.1511952989481964,0.3817407354715588
3602.613146,0.0722,1.1414628024303608,0.3784860887607843
3603.613146,0.0739,1.1313555616051743,0.37510612370799284
3604.613146,0.0759,1.1197582241045196,0.3712278550355021
3605.613146,0.0774,1.1112590393171073,0.3683856404236681
3606.613146,0.0784,1.1056839373155616,0.36652126910246485
3606.968073,0.0792,1.1012748184105066,0.3650468144940863
3607.968073,0.0797,1.0985416786038877,0.3641328244951793
3608.968073,0.0807,1.0931264652779296,0.36232192158787563
3609.968073,0.0822,1.0851281824599497,0.35964721373489283
3610.968073,0.0839,1.0762380391712998,0.35667425858821555
3611.323,0.0859,1.0660068361687576,0.35325283931121226
3612.323,0.0896,1.0476919903378747,0.34712816691779425
3613.323,0.0956,1.0195421077239,0.33771455729662836
3614.323,0.0996,1.0017406615763014,0.3317615710258256
3615.323,0.1011,0.995248844408999,0.3295906407458311
3615.677927,0.1022,0.9905491042013062,0.32801899939148477
3616.677927,0.1027,0.9884295564027218,0.3273102008567666
3617.677927,0.1038,0.983802646487561,0.3257629146996299
3618.677927,0.1058,0.9755143323008331,0.32299121738062603
3619.677927,0.1078,0.9673812391492801,0.32027142756866817
3620.032854,0.1099,0.9590023075765095,0.31746942686585294
3621.032854,0.1127,0.9480760839538935,0.3138155855611718
3622.032854,0.1167,0.9329291439546299,0.3087502933870046
3623.032854,0.1205,0.9190129530891128,0.30409657635315174
3624.032854,0.124,0.906578314837765,0.2999383057172204
3624.387781,0.1266,0.8975662943186637,0.2969245935739719
3625.387781,0.1281,0.8924508702553138,0.295213943272532
3626.387781,0.1299,0.8863908489269722,0.29318740995218956
3627.387781,0.1319,0.8797552044536348,0.29096838234509625
3628.387781,0.1339,0.873219422987991,0.28878274995257336
3628.742708,0.1359,0.8667805432675058,0.2866295224980404
3629.742708,0.1385,0.8585502265995326,0.28387722014448064
3630.742708,0.142,0.8477116556169436,0.28025269078211884
3631.742708,0.1451,0.8383325875622641,0.27711623417631864
3632.742708,0.1476,0.8309136425129772,0.2746352628183707
3633.097635,0.1505,0.8224635000701379,0.2718094484698361
3634.097635,0.154,0.8124792791635369,0.2684706225402542
3635.097635,0.1577,0.8021683066710972,0.26502252752723204
3636.097635,0.1617,0.7912899800935989,0.26138470348595927
3637.097635,0.1655,0.7812020018882624,0.25801118005091933
3637.452562,0.169,0.7721132953863264,0.25497182332805673
3638.452562,0.1725,0.7632109005907071,0.2519947711517235
3639.452562,0.176,0.7544873321858502,0.24907752035558367
3640.452562,0.1791,0.7469044141509684,0.24654171474855646
3641.452562,0.1816,0.7408841558149337,0.24452847858089066
3641.807489,0.1858,0.7309542903423771,0.24120782966625057
3642.807489,0.1923,0.7160207157615202,0.23621388907756177
3643.807489,0.1983,0.7026772857946973,0.2317517091659241
3644.807489,0.2038,0.6907958203295924,0.22777842518639033
3645.807489,0.2089,0.6800615600196914,0.22418877838341508
3646.162416,0.2134,0.6708055849115488,0.22109348532212086
3647.162416,0.2177,0.6621415709589057,0.21819615014595115
3648.162416,0.2217,0.6542343068855119,0.21555187989519542
3649.162416,0.2246,0.648590248074561,0.21366444870928997
3650.162416,0.2261,0.6456994376546403,0.21269773203927367
3650.517343,0.2307,0.6369524054789065,0.20977263471736662
3651.517343,0.2397,0.6203319659663462,0.20421458918485091
3652.517343,0.2489,0.6039751033914068,0.19874468648511118
3653.517343,0.2584,0.5877074906769535,0.19330462985460306
3654.517343,0.2685,0.5710557099644256,0.18773610350319372
3654.87227,0.2796,0.5534628329263562,0.18185286488296087
3655.87227,0.2879,0.5407583351219181,0.17760435044316822
3656.87227,0.2924,0.5340226317141772,0.17535186210160222
3657.87227,0.298,0.5257837359237448,0.17259669080145285
3658.87227,0.3049,0.5158425756346193,0.1692722647842443
3659.227197,0.31,0.5086383061657274,0.16686308314338852
3660.227197,0.3125,0.5051499783199059,0.16569655051440685
3661.227197,0.3192,0.4959371173213082,0.16261567525378287
3662.227197,0.3317,0.4792545284805177,0.1570368463481285
3663.227197,0.3436,0.4639468448407953,0.1519177998510352
3663.582124,0.3545,0.45038376048091466,0.14738216525625816
3664.582124,0.3631,0.4399737510871077,0.14390095128709868
3665.582124,0.3681,0.43403418255333337,0.14191469861735026
3666.582124,0.3747,0.42631630690620204,0.13933376179984716
3667.582124,0.3837,0.41600820080168366,0.1358866253363608
3667.937051,0.3918,0.40693556834128247,0.1328526439379398
3668.937051,0.3988,0.39924485036038193,0.1302807889227172
3669.937051,0.4056,0.3919020536747204,0.12782528235900267
3670.937051,0.4121,0.38499738547541174,0.12551629045721396
3671.937051,0.4199,0.37685412536206037,0.12279310070889704
3672.291978,0.4294,0.3671379598997701,0.11954391527068677
3673.291978,0.4409,0.3556599011736774,0.11570553464445237
3674.291978,0.4548,0.34217954398430284,0.11119756486444157
3675.291978,0.4653,0.33226694746673263,0.10788269086556351
3676.291978,0.4708,0.32716354582860296,0.10617606098649178
3676.646905,0.4781,0.3204812563042106,0.10394143479565263
3677.646905,0.4881,0.3114911923434788,0.10093506515084179
3678.646905,0.4956,0.3048687022959742,0.09872043651873816
3679.646905,0.4996,0.30137757029790213,0.09755296615246757
3680.646905,0.5067,0.2952490957093289,0.09550354135943404
3681.001832,0.5182,0.285502591350194,0.09224421028278013
3682.001832,0.5353,0.2714027566165684,0.08752908085487215
3683.001832,0.5608,0.2511919950413978,0.08077039478061249
3684.001832,0.5774,0.2385232204552983,0.07653382655162516
3685.001832,0.5809,0.23589862352377128,0.07565613440401955
3685.356759,0.5856,0.23239893194966454,0.07448580162768431
3686.356759,0.5921,0.22760493891799982,0.07288264116177609
3687.356759,0.5988,0.22271820832898526,0.07124846830501413
3688.356759,0.6058,0.21767073100316306,0.06956054008987521
3689.356759,0.6136,0.21211464905907543,0.06770252927107044
3689.711686,0.6227,0.2057211342786,0.06556447231801334
3690.711686,0.6301,0.20059052038487318,0.06384874238141683
3691.711686,0.6351,0.1971578872609256,0.0627008346389709
3692.711686,0.6423,0.19226207798589923,0.0610636257764408
3693.711686,0.6528,0.18521985425419524,0.05870863389301955
3694.066614,0.6614,0.17953580942231595,0.056807830971377746
3695.066614,0.6674,0.17561379768122606,0.05549626999733942
3696.066614,0.6726,0.17224313702138325,0.05436908648285366
3697.066614,0.6766,0.16966800654803824,0.05350793642649059
3698.066614,0.681,0.16685288808721482,0.05256653192434985
3698.421541,0.686,0.16367588429324828,0.051504109253126464
3699.421541,0.6906,0.16077342598656458,0.05053349741024558
3700.421541,0.6946,0.1582652210252565,0.049694727931899545
3701.421541,0.7006,0.1545298670183264,0.04844558721965227
3702.421541,0.7096,0.14898639317633003,0.046591792679571586
3702.776468,0.7182,0.14375459920994574,0.044842227088365064
3703.776468,0.7261,0.13900356324280422,0.04325343190566027
3704.776468,0.7322,0.13537027545448777,0.0420384231843244
3705.776468,0.7352,0.13359450162194517,0.0414445861916707
3706.776468,0.7378,0.13206134910921535,0.04093188425815062
3707.131395,0.7398,0.13088567302062473,0.040538726109297915
3708.131395,0.7428,0.12912810493225718,0.03995097730432431
3709.131395,0.7473,0.12650501774383108,0.039073790030304686
3710.131395,0.752,0.12378215940835775,0.03816323826085757
3711.131395,0.757,0.12090412049992724,0.03720079251534524
3711.486322,0.7616,0.11827306462358203,0.03632094043031052
3712.486322,0.7656,0.11599807523121287,0.03556016063148376
3713.486322,0.7696,0.11373494097024348,0.03480334531025484
3714.486322,0.7736,0.11148353892505476,0.034050453362379385
3715.486322,0.7774,0.1093554637047524,0.033338803170329986
3715.841249,0.7809,0.10740457717110181,0.03268640669341327
3716.841249,0.784,0.10568393731556154,0.03211100706845589
3717.841249,0.7865,0.10430127304069436,0.0316486299459925
3718.841249,0.7886,0.10314322726279565,0.03126136755395801
3719.841249,0.7901,0.10231793820358007,0.030985382423411926
3720.196176,0.7924,0.10105553313349055,0.030563221213130234
3721.196176,0.7959,0.09914149529800836,0.029923147319023624
3722.196176,0.7995,0.0971815319177465,0.029267715451453194
3723.196176,0.8035,0.09501411890063667,0.028542910296465576
3724.196176,0.8066,0.09334178232840018,0.027983663785134914
3724.551103,0.8081,0.09253489323414378,0.027713831791692244
3725.551103,0.8098,0.09162222756760542,0.02740862702699571
3726.551103,0.8118,0.09055095301873342,0.02705038182439706
3727.551103,0.8132,0.08980263003399899,0.026800134938985948
3728.551103,0.8137,0.08953568400438638,0.026710865447274256
3728.90603,0.8146,0.08905559425002112,0.026550318506717126
3729.90603,0.8161,0.08825662214406828,0.026283134035407572
3730.90603,0.8176,0.0874591172093625,0.0260164402012192
3731.90603,0.8191,0.08666307406737679,0.02575023520551738
3732.90603,0.8208,0.08576265223225896,0.025449124903694484
3733.260957,0.8228,0.0847057169773136,0.025095674908135225
3734.260957,0.825,0.08354605145007493,0.024707870855299532
3735.260957,0.8275,0.08223199755224364,0.02426843774699896
3736.260957,0.8294,0.08123596897200089,0.02393535556848662
3737.260957,0.8304,0.08071265949561736,0.023760355509364325
3737.615884,0.831,0.08039897621588903,0.023655456601594686
3738.615884,0.831,0.08039897621588903,0.023655456601594686
3739.615884,0.8314,0.08018997982980403,0.023585566065359838
3740.615884,0.8324,0.07966792846041065,0.023410986730125788
3741.615884,0.8336,0.07904229404455074,0.02320176816118058
3741.970811,0.8351,0.07826151631540132,0.022940668076185406
3742.970811,0.8368,0.07737832847680098,0.022645320999653815
3743.970811,0.8388,0.07634157820669377,0.02229862107016343
3744.970811,0.8406,0.07541061433058176,0.021987297196408618
3745.970811,0.8421,0.07463633264589845,0.02172836945534554
3746.325738,0.8432,0.07406940213152864,0.021538782073480058
3747.325738,0.8437,0.07381195089279399,0.021452687737273823
3748.325738,0.8448,0.07324609481026297,0.021263459656441084
3749.325738,0.8468,0.07221915065262562,0.020920038991591283
3750.325738,0.8486,0.07129697256940291,0.02061165317713876
3750.680665,0.8501,0.07052998382251052,0.020355164269313337
3751.680665,0.8516,0.06976434723371504,0.020099127537031417
3752.680665,0.8531,0.06900005804384787,0.019843541388778176
3753.680665,0.854,0.06854212931099495,0.019690405321231928
3754.680665,0.854,0.06854212931099495,0.019690405321231928
3755.035592,0.8542,0.06844043290919477,0.019656397000858014
3756.035592,0.8547,0.06818629604086068,0.01957141102412591
3757.035592,0.855,0.06803388527182737,0.019520443298916675
3758.035592,0.855,0.06803388527182737,0.019520443298916675
3759.035592,0.8561,0.06747550294945773,0.019333714520177885
3759.390519,0.8591,0.06595628096447465,0.018825671098091867
3760.390519,0.8614,0.06479513257341869,0.018437371160378475
3761.390519,0.8624,0.06429125215733648,0.01826886837840262
3762.390519,0.8634,0.06378795567975121,0.018100560871452533
3763.390519,0.8644,0.06328524178879631,0.01793244818745017
3763.745446,0.8652,0.06288348923294615,0.017798098009975484
3764.745446,0.8657,0.06263258248271039,0.017714192217883045
3765.745446,0.866,0.06248210798265336,0.017663872000889536
3766.745446,0.866,0.06248210798265336,0.017663872000889536
3767.745446,0.8666,0.06218131530164398,0.017563283841615276
3768.100373,0.8681,0.06143024377893884,0.01731211781690117
3769.100373,0.8692,0.06088028235151308,0.017128205071847123
3770.100373,0.8697,0.060630529925340106,0.01704468529756699
3771.100373,0.8702,0.060380921043301866,0.016961213525918565
3772.100373,0.8707,0.06013145554049027,0.016877789701754894
3772.4553,0.8716,0.05968277842578197,0.016727747470256626
3773.4553,0.8731,0.05893601178009799,0.01647802104059519
3774.4553,0.874,0.05848856736559697,0.016328391036696248
3775.4553,0.874,0.05848856736559697,0.016328391036696248
3776.4553,0.8746,0.058190526991161784,0.016228723276984665
3776.810227,0.8761,0.057446319665790085,0.01597985271029949
3777.810227,0.877,0.057000406633959486,0.015830734816480636
3778.810227,0.877,0.057000406633959486,0.015830734816480636
3779.810227,0.8772,0.05690137699451473,0.01579761828880478
3780.810227,0.8777,0.05665390164340929,0.015714859991794655
3781.165154,0.8784,0.056307672893983335,0.015599077544975413
3782.165154,0.8794,0.055813538716312575,0.015433834005140574
3783.165154,0.8804,0.05531996611868967,0.015268778263436691
3784.165154,0.8814,0.054826953826099895,0.015103909893485758
3785.165154,0.8824,0.05433450056786584,0.014939228470360206
3785.520081,0.8834,0.053842605077627684,0.014774733570576317
3786.520081,0.8842,0.053449489430144805,0.0146432716638919
3787.520081,0.8847,0.05320397272853948,0.014561168359374337
3788.520081,0.8852,0.05295859474477967,0.014479111443527842
3789.520081,0.8857,0.052713355322201574,0.014397100863962432
3789.875008,0.886,0.05256627811294924,0.014347916735877129
3790.875008,0.886,0.05256627811294924,0.014347916735877129
3791.875008,0.886,0.05256627811294924,0.014347916735877129
3792.875008,0.886,0.05256627811294924,0.014347916735877129
3793.875008,0.886,0.05256627811294924,0.014347916735877129
3794.229935,0.886,0.05256627811294924,0.014347916735877129
3795.229935,0.886,0.05256627811294924,0.014347916735877129
3796.229935,0.886,0.05256627811294924,0.014347916735877129
3797.229935,0.8858,0.05266432405126006,0.014380704303799018
3798.229935,0.8853,0.05290953578037809,0.014462705622387191
3798.584862,0.885,0.05305672930217457,0.01451192864658086
3799.584862,0.885,0.05305672930217457,0.01451192864658086
