cm-1,A_sample_norm,A_NIST_norm
4000.0,0.031175483958356974,
3999.0,0.032495852989496775,
3998.0,0.03513700085680116,
3997.0,0.03645777974950511,
3996.0,0.037752567760672144,
3995.0,0.03511114662405691,
3994.0,0.032444696189652365,
3993.0,0.02980464083439935,
3992.0,0.02980464083439935,
3991.0,0.02980464083439935,
3990.0,0.031099166224399382,
3989.0,0.029754050905665543,
3988.0,0.029754050905665543,
3987.0,0.031073737399179773,
3986.0,0.03241912564826575,
3985.0,0.03505945404678848,
3984.0,0.03637982307792731,
3983.0,0.03508529768792865,
3982.0,0.032444696189652365,
3981.0,0.031099166224399382,
3980.0,0.028434500835008664,
3979.0,0.02711508715900206,
3978.0,0.028434500835008664,
3977.0,0.03368782321910365,
3976.0,0.0350336156990143,
3975.0,0.037674217197290645,
3974.0,0.03505945404678848,
3973.0,0.03241912564826575,
3972.0,0.029779343279817308,
3971.0,0.028459656786302464,
3970.0,0.028459656786302464,
3969.0,0.027140106715644822,
3968.0,0.025820693039639034,
3967.0,0.02318227475882209,
3966.0,0.02188774936882354,
3965.0,0.02584558132564693,
3964.0,0.032444696189652365,
3963.0,0.03637982307792731,
3962.0,0.0350336156990143,
3961.0,0.029728763710351436,
3960.0,0.025795809849456352,
3959.0,0.02450141573009409,
3958.0,0.02716513139630381,
3957.0,0.031099166224399382,
3956.0,0.031099166224399382,
3955.0,0.029779343279817308,
3954.0,0.02716513139630381,
3953.0,0.02716513139630381,
3952.0,0.02716513139630381,
3951.0,0.02848481788981799,
3950.0,0.031073737399179773,
3949.0,0.028359063878604807,
3948.0,0.01905636109903148,
3947.0,0.007179522655354414,
3946.0,0.0019600066260345318,
3945.0,0.00602299503632598,
3944.0,0.015341699504504976,
3943.0,0.019298304670391758,
3942.0,0.013975765067695033,
3941.0,0.00602299503632598,
3940.0,0.0047286009169621125,
3939.0,0.011316136593511838,
3938.0,0.01785894745239857,
3937.0,0.01912889218567521,
3936.0,0.020398448375232484,
3935.0,0.025671470281112864,
3934.0,0.036224053374331155,
3933.0,0.045491629367944944,
3932.0,0.0468665063354977,
3931.0,0.03637982307792731,
3930.0,0.019298304670391758,
3929.0,0.004774025164251381,
3928.0,-0.0005168146558742335,
3927.0,0.004796744260323276,
3926.0,0.015413152426992045,
3925.0,0.01932252627994869,
3924.0,0.008634493101642769,
3923.0,-0.015096286359456354,
3922.0,-0.030861625041747755,
3921.0,-0.024334507970560346,
3920.0,0.001892802677417629,
3919.0,0.029501411738033802,
3918.0,0.04406395017228618,
3917.0,0.044117457689094565,
3916.0,0.03224027840112935,
3915.0,0.013810232694966732,
3914.0,0.0033438076947306865,
3913.0,0.003411501643528889,
3912.0,0.00997510846811633,
3911.0,0.00602299503632598,
3910.0,-0.004509995842631643,
3909.0,-0.01371923851779474,
3908.0,-0.020293203537768617,
3907.0,-0.036019904772081654,
3906.0,-0.0583393652274709,
3905.0,-0.07808370069135774,
3904.0,-0.07437832749990933,
3903.0,-0.060162892778251244,
3902.0,-0.04313490679595106,
3901.0,-0.0246295548552637,
3900.0,-0.008713458035031823,
3899.0,0.0005326880258466439,
3898.0,-0.004727296635850164,
3897.0,-0.0165133542207695,
3896.0,-0.020433984846830122,
3895.0,-0.017806699132677472,
3894.0,-0.02435420588139459,
3893.0,-0.04788423247199997,
3892.0,-0.07143939469944986,
3891.0,-0.07154341894908278,
3890.0,-0.054705335801988594,
3889.0,-0.033861771195841085,
3888.0,-0.020714944542099725,
3887.0,-0.010154308085435026,
3886.0,-0.00229520242228154,
3885.0,-0.004944153949984606,
3884.0,-0.010090892943211834,
3883.0,-0.0045752327268202666,
3882.0,0.019346752850582006,
3881.0,0.04042093660322465,
3880.0,0.02696507733539046,
3879.0,-0.01401006625765435,
3878.0,-0.04548891722261442,
3877.0,-0.04536626564369674,
3876.0,-0.01766402379682776,
3875.0,0.0033889323779583208,
3874.0,-0.006020379511608618,
3873.0,-0.044214127184743476,
3872.0,-0.08995148633578286,
3871.0,-0.10557318192641692,
3870.0,-0.08349065327931869,
3869.0,-0.06274369901372087,
3868.0,-0.06924317347480168,
3867.0,-0.08603454232801662,
3866.0,-0.07552575773920653,
3865.0,-0.045506424588748005,
3864.0,-0.033749587040951816,
3863.0,-0.045453891779820385,
3862.0,-0.054605923397966126,
3861.0,-0.04683359520073662,
3860.0,-0.028505269959318943,
3859.0,0.007041956257018127,
3858.0,0.06916914788718481,
3857.0,0.1342151326190815,
3856.0,0.16201238683205446,
3855.0,0.13916857270913252,
3854.0,0.1190792789220136,
3853.0,0.1294787953311775,
3852.0,0.12546527874162475,
3851.0,0.09252210875421595,
3850.0,0.05825391683300379,
3849.0,0.034466507984275876,
3848.0,0.014700592769769035,
3847.0,-0.0009592808619932136,
3846.0,-0.003456181355630118,
3845.0,-0.007313593392169232,
3844.0,-0.024373899769969128,
3843.0,-0.04277970685123101,
3842.0,-0.046781476344487136,
3841.0,-0.054605923397966126,
3840.0,-0.07941944094590961,
3839.0,-0.10945243058023583,
3838.0,-0.12119503032972047,
3837.0,-0.1094633972982197,
3836.0,-0.09641559119724807,
3835.0,-0.0925240419664812,
3834.0,-0.09384211642706594,
3833.0,-0.08600782755768982,
3832.0,-0.06641640960715255,
3831.0,-0.04157621438769455,
3830.0,-0.015364444970093087,
3829.0,0.004479099433736621,
3828.0,0.019104710209915866,
3827.0,0.02042276148860681,
3826.0,0.008334515378889854,
3825.0,-0.020755016171048,
3824.0,-0.06263361096120089,
3823.0,-0.09519704470055078,
3822.0,-0.09385467387398325,
3821.0,-0.06129460804133525,
3820.0,-0.03657354662284465,
3819.0,-0.03522734430465508,
3818.0,-0.03900991913419704,
3817.0,-0.01798983938435566,
3816.0,0.027882370221776344,
3815.0,0.05154621047728422,
3814.0,0.030642242746064485,
3813.0,-0.007313593392169232,
3812.0,-0.024413275485251934,
3811.0,-0.02327858190987304,
3810.0,-0.02863990599445788,
3809.0,-0.05215502841000028,
3808.0,-0.07042949630514975,
3807.0,-0.061373959711652104,
3806.0,-0.03668386931233515,
3805.0,-0.024884533083809616,
3804.0,-0.028601458160157137,
3803.0,-0.03240101522692233,
3802.0,-0.016697672799544785,
3801.0,0.008196332692415122,
3800.0,0.02008282997706599,
3799.0,0.013692140322425954,0.01451192864658086
3798.0,0.009835714376431652,0.014443850649197633
3797.0,0.011059164323579795,0.014373165294368904
3796.0,0.005680938878574978,0.014347916735877129
3795.0,-0.008756035478745755,0.014347916735877129
3794.0,-0.020454080034567737,0.014347916735877129
3793.0,-0.0177659555706116,0.014347916735877129
3792.0,-0.008564299935022153,0.014347916735877129
3791.0,-0.0033250947048325953,0.014347916735877129
3790.0,-0.0033250947048325953,0.014347916735877129
3789.0,-0.001965621774823008,0.0144397530081934
3788.0,0.01778679501622488,0.014521787686378212
3787.0,0.042877117821102734,0.014603868728091145
3786.0,0.057439849327418746,0.014711642503782254
3785.0,0.0468665063354977,0.014966426266115052
3784.0,0.01908053318154104,0.015131138564256602
3783.0,-0.002031618735023384,0.015296037879402022
3782.0,-0.0006497444892735337,0.015461124636718424
3781.0,0.0218387958377689,0.01565295322707897
3780.0,0.03899472282068386,0.015781912998506273
3779.0,0.03226581231812243,0.015824450193674004
3778.0,0.005817635492593631,0.015830734816480636
3777.0,-0.020433984846830122,0.015951554160235793
3776.0,-0.029586917301803604,0.016274102007981357
3775.0,-0.02439358963750968,0.016328391036696248
3774.0,-0.01401006625765435,0.01639651757747145
3773.0,-0.01138332119289874,0.01659172148402006
3772.0,-0.009985114688623474,0.016886163201257694
3771.0,-0.009985114688623474,0.01696959183805425
3770.0,-0.01665674237409858,0.017053068427870827
3769.0,-0.03243870975126121,0.017146664945806474
3768.0,-0.045471406286670624,0.017383147317048132
3767.0,-0.040157548338075735,0.017638266882593626
3766.0,-0.024432957314421574,0.017663872000889536
3765.0,-0.015343842645796864,0.017701383005366476
3764.0,-0.02067485656558932,0.01777673945497518
3763.0,-0.031127697826199403,0.017998099384694096
3762.0,-0.028428248743925442,0.018166288150759182
3761.0,-0.01396857033533598,0.018334671916317054
3760.0,-0.00612820889259425,0.01858900966375439
3759.0,-0.017949170623786124,0.01934036057087079
3758.0,-0.032419864411010656,0.019520443298916675
3757.0,-0.027290715478187542,0.01952225734219233
3756.0,-0.0011578017705709794,0.019574435845009775
3755.0,0.03818368953561409,0.019659807347601862
3754.0,0.08013331341683759,0.019690405321231928
3753.0,0.11137279520065894,0.019794639682648274
3752.0,0.1267772439915268,0.020017509934378935
3751.0,0.1267070118246566,0.020273402779410057
3750.0,0.1254214820791592,0.020712106155566897
3749.0,0.13066934853105075,0.021031904152118128
3748.0,0.13877950480683643,0.02132509843303538
3747.0,0.14208568919815615,0.02148073193416097
3746.0,0.14931416079959747,0.021712777894012512
3745.0,0.1706616062543595,0.021979739354574764
3744.0,0.18493499797394136,0.022289533837612445
3743.0,0.1528815133309749,0.022635201175411967
3742.0,0.09468926807366612,0.022932047190368565
3741.0,0.05769142258390395,0.023330622530296795
3740.0,0.04286579671831032,0.023518507349427044
3739.0,0.008542903428345504,0.023628610528378287
3738.0,-0.05016762219844254,0.023655456601594686
3737.0,-0.08782766903026282,0.023806022999792696
3736.0,-0.08778829081931387,0.024022275694544654
3735.0,-0.07993697432009507,0.024383110892641734
3734.0,-0.07855006565991224,0.02480907103751536
3733.0,-0.06285363040728574,0.02535554595342392
3732.0,-0.03148758387505865,0.025721939870455113
3731.0,-0.005290206599267828,0.025991424917773127
3730.0,-0.003891978925366498,0.026258072815808917
3729.0,-0.01167709728443912,0.026525211181948196
3728.0,-0.015590793344607072,0.026760062131965027
3727.0,-0.01167709728443912,0.026938046748276614
3726.0,-0.0077202756167982925,0.027247811830284706
3725.0,-0.004987472314768413,0.0275768262884342
3724.0,-0.0035434832389024604,0.028093374528741676
3723.0,0.00046595920407977776,0.02868509967255037
3722.0,0.0017585183259528302,0.02939629545350564
3721.0,0.0017361535995434592,0.030048714455273833
3720.0,0.0004214960364939278,0.03079655904763767
3719.0,-0.006106651824789961,0.031217554638498707
3718.0,-0.019261935328715316,0.03158715165399465
3717.0,-0.02856299464720691,0.032037604237887735
3716.0,-0.0326081450347385,0.0325950614275517
3715.0,-0.024845349612106847,0.033684894315027976
3714.0,-0.010533985084083246,0.03441660128025422
3713.0,0.006402203311013545,0.03517140125090568
3712.0,0.0130095780357738,0.03593014458480894
3711.0,0.004026894437689829,0.03732725307407672
3710.0,-0.0063435377104140486,0.03828288021060396
3709.0,-0.011530314122706314,0.039189048052174394
3708.0,-0.008862403059572357,0.04002820455855375
3707.0,-0.004900817900304359,0.040684274390968445
3706.0,0.0003548353276839992,0.0413299809030671
3705.0,-0.0009151155580115575,0.04190568161368255
3704.0,-0.0034343447383493163,0.04298183857616265
3703.0,-0.0033250947048325953,0.04448708052358473
3702.0,-0.0019876252585743948,0.04737324308379204
3701.0,-0.004683871999030053,0.048972151244633895
3700.0,-0.007356476376791221,0.05004830365657115
3699.0,-0.0020755942325774556,0.050942650097105587
3698.0,0.0150325766631767,0.05262924264385531
3697.0,0.032087184581302615,0.05356530107634503
3696.0,0.032010708109244376,0.05444417268548744
3695.0,0.017546606420509665,0.055583638320063807
3694.0,0.013597753304051219,0.05716457962412434
3693.0,0.021447887961824053,0.060384648646564315
3692.0,0.022715534451110624,0.06222880440297956
3691.0,-0.00229520242228154,0.06351778450856138
3690.0,-0.027271351074423123,0.06506980335707362
3689.0,-0.014279377347444536,0.06836539135277601
3688.0,0.026366875344727904,0.0701627236719796
3687.0,0.058028643157454624,0.07183147417921931
3686.0,0.06344841494108665,0.0734545830864327
3685.0,0.05561440739490621,0.0756577423360339
3684.0,0.04767206377432437,0.07654158794462033
3683.0,0.04893636298590533,0.08078277669350001
3682.0,0.04904525108133268,0.08753771897198372
3681.0,0.0491269756353841,0.09226103372684659
3680.0,0.043690010133206614,0.09682932450517152
3679.0,0.02098534194200957,0.09830820856975991
3678.0,-0.019866191089249023,0.1001530908539893
3677.0,-0.0434356915434936,0.10287990070591832
3676.0,-0.017268949840705997,0.10667435936532373
3675.0,0.019381770343700734,0.10885056114600859
3674.0,0.008910773439297116,0.11251379286487047
3673.0,-0.03810144380298807,0.1168262573429398
3672.0,-0.06807381966198095,0.12221683298581569
3671.0,-0.043294275340710925,0.12534486838574685
3670.0,0.011743622005235595,0.12767993362777671
3669.0,0.05264421141945896,0.13012621724003764
3668.0,0.062071318654621135,0.13269074823658625
3667.0,0.06482621725931612,0.1378932862030314
3666.0,0.07545400695228421,0.14083618706379938
3665.0,0.09397269894236486,0.14307094396647493
3664.0,0.10725006590735565,0.14592744948768174
3663.0,0.11132745625635937,0.15308083185803614
3662.0,0.11010217733552355,0.15830433953900735
3661.0,0.10605746341552169,0.16331564087037134
3660.0,0.09658826556536079,0.16596158322811377
3659.0,0.07926823590783373,0.16840525615715587
3658.0,0.062071318654621135,0.1721720618662743
3657.0,0.058113077598411486,0.1749999440714337
3656.0,0.06591494697255026,0.17731664010729964
3655.0,0.0697566240763053,0.1813102021335655
3654.0,0.055307749558268275,0.1906169416314108
3653.0,0.03031328675261653,0.19611900507199992
3652.0,-0.007955003845459387,0.20157450235750254
3651.0,-0.051353443506584155,0.2070900051347791
3650.0,-0.057939032666841105,0.21285474229395115
3649.0,0.004977333647355793,0.21397099773278022
3648.0,0.10529670135442822,0.21598135169224247
3647.0,0.17574305630718895,0.21866672373592427
3646.0,0.1918432347055726,0.22250990367812953
3645.0,0.18805472371817583,0.22708737869070206
3644.0,0.19622348795214553,0.2309868082937393
3643.0,0.21371163046775643,0.23535487036059163
3642.0,0.22454328122409126,0.24024644116958052
3641.0,0.22467986067006399,0.2454395927674017
3640.0,0.22744839478330006,0.24768932400568378
3639.0,0.23409790051397994,0.25039775721038615
3638.0,0.23132685764713326,0.253342071838749
3637.0,0.22186781116668508,0.25834055401149975
3636.0,0.2151370614196054,0.26173988243622925
3635.0,0.21509254361164162,0.26535918228382877
3634.0,0.22150625296675966,0.2687966088098892
3633.0,0.2250610000874698,0.27258678686313814
3632.0,0.22064993405896874,0.27647790009369005
3631.0,0.20306315406457948,0.2794457055891
3630.0,0.19092075532364514,0.28294465773578065
3629.0,0.20683974762349747,0.28592137712088894
3628.0,0.24163152001601276,0.28963029666737805
3627.0,0.26474209395257864,0.2918288790896023
3626.0,0.2705488061438062,0.2939732610696851
3625.0,0.2693589917802993,0.2958773009570745
3624.0,0.26265802695784596,0.3000749215406935
3623.0,0.24267089649710677,0.30424946957258214
3622.0,0.2055656048603408,0.3089167084960949
3621.0,0.1698079182162831,0.31393562886339593
3620.0,0.16052508745394234,0.31772879549965777
3619.0,0.18576229038733982,0.3221152465165198
3618.0,0.230957298763838,0.3248702258290069
3617.0,0.27363421107051505,0.3268118617622794
3616.0,0.3031314548130187,0.3277907145210126
3615.0,0.3138931100797299,0.33029185122626903
3614.0,0.30431464603358455,0.3336843855912941
3613.0,0.28514486730793037,0.3407551532042637
3612.0,0.27009696245151643,0.34910643610086745
3611.0,0.2780314973072287,0.3563664892349206
3610.0,0.31290765997932685,0.3595522961959249
3609.0,0.35074937818381147,0.3622365261902535
3608.0,0.3659433586850466,0.36407500779805785
3607.0,0.3542121032221065,0.36501763353539124
3606.0,0.334323717691818,0.3676644009205756
3605.0,0.33179733352236784,0.37012833294405606
3604.0,0.35351162516296486,0.37360579995896565
3603.0,0.3901718632048864,0.37717853576025223
3602.0,0.4215156279263101,0.38265480306451816
3601.0,0.43504464837554113,0.38638532672910636
3600.0,0.42539291270187524,0.39023755775804725
3599.0,0.4023115524638499,0.39247398186625826
3598.0,0.3793336816179479,0.3941103896561242
3597.0,0.368444014429018,0.39543277550139433
3596.0,0.36432570404519216,0.3971867420513367
3595.0,0.36162132530686786,0.3994485529760476
3594.0,0.36014977201695725,0.4011518210312934
3593.0,0.35850021176061164,0.403804051967235
3592.0,0.358202504841302,0.406894208366948
3591.0,0.37017635478863065,0.41102962160995815
3590.0,0.39039307654594546,0.4159221406291869
3589.0,0.4079929816264798,0.4217416493178274
3588.0,0.40676754159836337,0.4229432524450269
3587.0,0.3907077097132562,0.42338445462788155
3586.0,0.3787159731230158,0.42381174028550483
3585.0,0.3841904576385803,0.4279011843073427
3584.0,0.397859922692431,0.4322537997659314
3583.0,0.41161481453899956,0.43395236147344673
3582.0,0.42260886414837645,0.438985571893938
3581.0,0.4281111127967195,0.4478888962726231
3580.0,0.43368446215259837,0.45559543020070103
3579.0,0.4379696843467573,0.4578230339880363
3578.0,0.4448452486818217,0.46097574472361125
3577.0,0.45294929278358376,0.4640371458567262
3576.0,0.4569675685485355,0.46742865325362587
3575.0,0.4542421137293521,0.46929614383540336
3574.0,0.4459313591396326,0.4713372445992682
3573.0,0.43354925010216494,0.47452199984743265
3572.0,0.42512613008421,0.4785333974114977
3571.0,0.42350184221848913,0.4795564729142281
3570.0,0.43681407008287615,0.4811281176466738
3569.0,0.4638012576612923,0.48479854200795913
3568.0,0.49370417066399247,0.48737799173792473
3567.0,0.5061368687920613,0.4889406793342023
3566.0,0.4995340779505625,0.4922924354374292
3565.0,0.48474296847091697,0.49561383244157636
3564.0,0.47814074575903714,0.49666240134955736
3563.0,0.4823786114468449,0.49817786795990465
3562.0,0.4905689662977177,0.5003990292490137
3561.0,0.4920083478121028,0.5012733451773975
3560.0,0.49208217447887076,0.5014546579165536
3559.0,0.49215601652045143,0.5048973468626529
3558.0,0.4949626223137177,0.5120272159476453
3557.0,0.4989882532607454,0.5171625707243924
3556.0,0.5098516990878561,0.5224862370806324
3555.0,0.5290936153222595,0.5280125571809468
3554.0,0.5524858998211308,0.5353193255195173
3553.0,0.5634721663171961,0.5383113725636428
3552.0,0.55644313012811,0.5413663664737507
3551.0,0.5385298590882172,0.5456321720699024
3550.0,0.5315217100083045,0.5599001051041087
3549.0,0.5409554369084479,0.5649176966692114
3548.0,0.5586222797718814,0.5649222182359025
3547.0,0.5737243351574258,0.5649222182359025
3546.0,0.5779291730360184,0.5649222182359025
3545.0,0.5739720336860663,0.5695223335582565
3544.0,0.567266770595588,0.5718305333923213
3543.0,0.5591891057431208,0.572371673228432
3542.0,0.5552315801064299,0.572371673228432
3541.0,0.5566046417543032,0.573491931687709
3540.0,0.5647644637212005,0.5785791042608847
3539.0,0.5717180759044347,0.5855330057560891
3538.0,0.5813450410949041,0.5885252537824278
3537.0,0.5868494256550347,0.5906325109788031
3536.0,0.5867654043777623,0.5952357829002112
3535.0,0.581261613154348,0.5972114134182341
3534.0,0.582637338498909,0.5973299210796459
3533.0,0.5949406488306994,0.5973299210796459
3532.0,0.6128540407448474,0.6000014373802823
3531.0,0.632262458615422,0.607552656997974
3530.0,0.646171954116105,0.6145794055659295
3529.0,0.6529966679452778,0.6167230232643165
3528.0,0.6514313332220444,0.6210809662645868
3527.0,0.6429561705192196,0.6265273733793311
3526.0,0.6400134967629986,0.632186071144954
3525.0,0.6442478140920045,0.6372489589227585
3524.0,0.6540150125340015,0.6391107167270255
3523.0,0.655489446428012,0.6391107167270255
3522.0,0.6486657243720646,0.6391107167270255
3521.0,0.6432263984810549,0.6391107167270255
3520.0,0.6473736885799678,0.6391107167270255
3519.0,0.6516133390252388,0.6391107167270255
3518.0,0.6543801467952882,0.6391107167270255
3517.0,0.6570559421925931,0.6391107167270255
3516.0,0.6598236498350808,0.6391107167270255
3515.0,0.664161081573144,0.6400976929185975
3514.0,0.6724723141600838,0.6474014328475127
3513.0,0.6821755967232329,0.6596352842944477
3512.0,0.6946620939282879,0.6655897379659911
3511.0,0.7057714659064203,0.6655897379659911
3510.0,0.7084531148869947,0.6655897379659911
3509.0,0.7027034752287137,0.6655897379659911
3508.0,0.6969587499843622,0.6655897379659911
3507.0,0.6997342811101362,0.6691496890599827
3506.0,0.7151083791910454,0.6791353218289852
3505.0,0.7359713654706542,0.6808915123744052
3504.0,0.7444272024970766,0.6808915123744052
3503.0,0.7374637701072955,0.6808915123744052
3502.0,0.7221575772264023,0.6808915123744052
3501.0,0.7123292222897666,0.6813587480190468
3500.0,0.7151083791910454,0.6866308693570824
3499.0,0.724939156578694,0.6947515870088681
3498.0,0.7402486872334615,0.6979974408097344
3497.0,0.750000684780645,0.6979974408097344
3496.0,0.7513944356797921,0.6979974408097344
3495.0,0.7486070860460176,0.6979974408097344
3494.0,0.7445283091453404,0.6979974408097344
3493.0,0.7458203449374381,0.7153728429235672
3492.0,0.7513944356797921,0.7326294812099912
3491.0,0.7597601383913399,0.7397782364571142
3490.0,0.769527059475603,0.7397782364571142
3489.0,0.7765080099351596,0.7397782364571142
3488.0,0.7779046582868065,0.7397782364571142
3487.0,0.7737151715918558,0.7400025842436685
3486.0,0.7724231357997591,0.7476292414126521
3485.0,0.780803484670953,0.7610444574397223
3484.0,0.7947829708969635,0.7662572576960797
3483.0,0.8046854269083257,0.7662572576960797
3482.0,0.8073776118764604,0.7662572576960797
3481.0,0.8016710907756878,0.7662572576960797
3480.0,0.7959682739447063,0.7662572576960797
3479.0,0.7932778843820122,0.7662572576960797
3478.0,0.7988727420640203,0.7662572576960797
3477.0,0.8073776118764604,0.7662572576960797
3476.0,0.8157809483202778,0.7662572576960797
3475.0,0.8186925254247517,0.7662572576960797
3474.0,0.8186925254247517,0.7662572576960797
3473.0,0.8186925254247517,0.7662572576960797
3472.0,0.8200940810228813,0.7749320683797584
3471.0,0.8255918379803057,0.7959043431636221
3470.0,0.8310908502226177,0.7986649605398229
3469.0,0.8365911186902418,0.7986649605398229
3468.0,0.8408008700384014,0.7986649605398229
3467.0,0.8436081424484707,0.7986649605398229
3466.0,0.8451241273585127,0.7986649605398229
3465.0,0.8480450849256843,0.7986649605398229
3464.0,0.8537776654210013,0.7986649605398229
3463.0,0.8581079504654189,0.7986649605398229
3462.0,0.8608062805411263,0.7986649605398229
3461.0,0.8592865366404758,0.7986649605398229
3460.0,0.8564752454503556,0.8161294962846335
3459.0,0.8578808136505459,0.8620651781159371
3458.0,0.863504634689702,0.8993324802699114
3457.0,0.8677241270747089,0.8993324802699114
3456.0,0.8718299328764686,0.8993324802699114
3455.0,0.8746443232741871,0.8993324802699114
3454.0,0.8774593343335942,0.8993324802699114
3453.0,0.8788670726969888,0.8993324802699114
3452.0,0.881683015262378,0.8993324802699114
3451.0,0.8887255906670383,0.8993324802699114
3450.0,0.9015303730908187,0.8993324802699114
3449.0,0.9171749638742333,0.8993324802699114
3448.0,0.9270651268771759,0.9190592600977325
3447.0,0.9241177138169864,0.9652134799380214
3446.0,0.9141110831514032,0.9956514297789828
3445.0,0.9083463969216801,1.0
3444.0,0.911168565316359,1.0
3443.0,0.916814774673993,1.0
3442.0,0.9182267173331552,1.0
3441.0,0.9166947624633611,1.0
3440.0,0.9152831320945274,1.0
3439.0,0.9181065489600877,1.0
3438.0,0.9237552569169196,1.0
3437.0,0.9251678245714535,1.0
3436.0,0.9267016546349478,1.0
3435.0,0.9322330085660409,1.0
3434.0,0.9364739967872826,1.0
3433.0,0.9393021052727945,1.0
3432.0,0.9435454432022206,1.0
3431.0,0.9463751190278517,1.0
3430.0,0.9464984179206498,1.0
3429.0,0.9464984179206498,1.0
3428.0,0.9479136479899699,1.0
3427.0,0.9493290349845057,1.0
3426.0,0.9493290349845057,1.0
3425.0,0.9521602798884609,1.0
3424.0,0.9591164286172477,1.0
3423.0,0.9677433619601639,1.0
3422.0,0.9734146572204642,1.0
3421.0,0.9748328748317384,1.0
3420.0,0.9704527238535933,1.0
3419.0,0.9649086589511472,1.0
3418.0,0.9620745853166904,1.0
3417.0,0.9634915434795676,1.0
3416.0,0.966325931766363,1.0
3415.0,0.9705786946233416,1.0
3414.0,0.9732883714487603,1.0
3413.0,0.9747064315065584,1.0
3412.0,0.9761246491178325,1.0
3411.0,0.9762512500315039,1.0
3410.0,0.9776697828547833,1.0
3409.0,0.9790884733366167,1.0
3408.0,0.9803802476227107,1.0
3407.0,0.981799095798144,1.0
3406.0,0.9832181017022373,1.0
3405.0,0.9846372653700682,1.0
3404.0,0.9873482304094985,1.0
3403.0,0.9887677097100621,1.0
3402.0,0.9887677097100621,1.0
3401.0,0.9886397432954249,1.0
3400.0,0.9914788597655704,1.0
3399.0,0.9930270949663611,1.0
3398.0,0.9944472059537689,1.0
3397.0,0.9930270949663611,1.0
3396.0,0.9943186078522869,1.0
3395.0,0.9957387188396957,1.0
3394.0,0.9985794148783798,1.0
3393.0,1.0,1.0
3392.0,0.9971589878366693,1.0
3391.0,0.9901873468796436,1.0
3390.0,0.9887677097100621,1.0
3389.0,0.9901873468796436,1.0
3388.0,0.9930270949663611,1.0
3387.0,0.9971589878366693,1.0
3386.0,0.9985794148783798,1.0
3385.0,0.9985794148783798,1.0
3384.0,0.9957387188396957,1.0
3383.0,0.9916071419533669,1.0
3382.0,0.9901873468796436,1.0
3381.0,0.9888957033068608,1.0
3380.0,0.9888957033068608,1.0
3379.0,0.9888957033068608,1.0
3378.0,0.9888957033068608,1.0
3377.0,0.9874760661372785,1.0
3376.0,0.9874760661372785,1.0
3375.0,0.986056586836714,1.0
3374.0,0.986056586836714,1.0
3373.0,0.9846372653700682,1.0
3372.0,0.9859289089428521,1.0
3371.0,0.9859289089428521,1.0
3370.0,0.9859289089428521,1.0
3369.0,0.9873482304094985,1.0
3368.0,0.9888957033068608,1.0
3367.0,0.9890237240944885,1.0
3366.0,0.9890237240944885,1.0
3365.0,0.9847648125506205,1.0
3364.0,0.9832181017022373,1.0
3363.0,0.9789615571408774,1.0
3362.0,0.9788346678903826,1.0
3361.0,0.9759980750793431,1.0
3360.0,0.9745800150215441,1.0
3359.0,0.9731621124822192,1.0
3358.0,0.9731621124822192,1.0
3357.0,0.9717443674263774,1.0
3356.0,0.9703267798190419,1.0
3355.0,0.9674920768100238,1.0
3354.0,0.9647833177656608,1.0
3353.0,0.9646580031755688,1.0
3352.0,0.9632412022864807,1.0
3351.0,0.961824558636267,1.0
3350.0,0.9604080721900319,1.0
3349.0,0.9589917429128896,1.0
3348.0,0.9562839271971832,1.0
3347.0,0.9548679121536149,1.0
3346.0,0.953452054174555,1.0
3345.0,0.9519124528433829,1.0
3344.0,0.9517885787347744,1.0
3343.0,0.9490818357795289,1.0
3342.0,0.9476667626006355,1.0
3341.0,0.9462518462773819,1.0
3340.0,0.9462518462773819,1.0
3339.0,0.9462518462773819,1.0
3338.0,0.9448370867750043,1.0
3337.0,0.9434224840587399,1.0
3336.0,0.9391796162792256,1.0
3335.0,0.9363518210534053,1.0
3334.0,0.933524652138825,1.0
3333.0,0.9306981092581121,1.0
3332.0,0.9306981092581121,1.0
3331.0,0.9294064656853278,1.0
3330.0,0.9279934289210419,1.0
3329.0,0.9292850724938253,1.0
3328.0,0.9278721921340732,1.0
3327.0,0.926459468144237,1.0
3326.0,0.9250469004897038,1.0
3325.0,0.9236344891358828,1.0
3324.0,0.9208101351920336,1.0
3323.0,0.9179864060361448,1.0
3322.0,0.9151633013918496,1.0
3321.0,0.912340820982972,1.0
3320.0,0.910929814780557,1.0
3319.0,0.9095189645335114,1.0
3318.0,0.9082273209607278,1.0
3317.0,0.906816626634583,1.0
3316.0,0.9066977317676564,1.0
3315.0,0.9081082702073662,1.0
3314.0,0.9066977317676564,1.0
3313.0,0.9065788620658659,1.0
3312.0,0.9037585643086692,1.0
3311.0,0.9037585643086692,1.0
3310.0,0.9037585643086692,1.0
3309.0,0.9022302717718496,1.0
3308.0,0.8980019271418498,1.0
3307.0,0.8937749827032634,1.0
3306.0,0.8909577971704984,1.0
3305.0,0.8896664149449913,1.0
3304.0,0.888258055303562,1.0
3303.0,0.888258055303562,1.0
3302.0,0.8841502892132402,0.9908101882493119
3301.0,0.8827423955817298,0.9346584945119919
3300.0,0.8827423955817298,0.9048023893456748
3299.0,0.8827423955817298,0.8993324802699114
3298.0,0.8826261701042601,0.8993324802699114
3297.0,0.8811025412703613,0.8859375016766088
3296.0,0.8795794024641699,0.8467268448386589
3295.0,0.8781724399279254,0.8100423699778062
3294.0,0.8795794024641699,0.7986649605398229
3293.0,0.8795794024641699,0.7986649605398229
3292.0,0.8767656324545072,0.7986649605398229
3291.0,0.8726612309679237,0.7986649605398229
3290.0,0.8685573186887018,0.7982511428670529
3289.0,0.8671512860169993,0.7888911901905165
3288.0,0.8630481723273837,0.7689219446571857
3287.0,0.8616426041271945,0.7662572576960797
3286.0,0.8575402883869049,0.7662572576960797
3285.0,0.8561351843514564,0.7662572576960797
3284.0,0.8560218785422546,0.7662572576960797
3283.0,0.8546170837796895,0.7642718966492101
3282.0,0.8545039564884472,0.7559138160877962
3281.0,0.8530994708626524,0.744631213709816
3280.0,0.8543908530881589,0.7397782364571142
3279.0,0.8557953387139545,0.7397782364571142
3278.0,0.8571999788911215,0.7397782364571142
3277.0,0.8598960252452144,0.7397782364571142
3276.0,0.8598960252452144,0.7397782364571142
3275.0,0.8584912304826489,0.7397782364571142
3274.0,0.8542777735712627,0.7397782364571142
3273.0,0.8473707420399942,0.7397782364571142
3272.0,0.8417574316605506,0.7397782364571142
3271.0,0.8362576859932856,0.7397782364571142
3270.0,0.8334528809727401,0.7397782364571142
3269.0,0.8320507095430708,0.7397782364571142
3268.0,0.8320507095430708,0.7397782364571142
3267.0,0.8320507095430708,0.7397782364571142
3266.0,0.8306486921220194,0.7397782364571142
3265.0,0.8305382109012576,0.7397782364571142
3264.0,0.8277349457978337,0.7397782364571142
3263.0,0.8262235477794313,0.731072151683572
3262.0,0.8248224537000758,0.702821855680264
3261.0,0.8234215133927769,0.6979974408097344
3260.0,0.8234215133927769,0.6979974408097344
3259.0,0.8207294752322555,0.6979974408097344
3258.0,0.8193288423678295,0.6979974408097344
3257.0,0.8207294752322555,0.6979974408097344
3256.0,0.8194380930067495,0.6979974408097344
3255.0,0.818146580120824,0.6979974408097344
3254.0,0.8139451425063466,0.6979974408097344
3253.0,0.8096368888637077,0.6948987849687812
3252.0,0.8054386755066257,0.6869837069147257
3251.0,0.8012418424597286,0.6815608424400518
3250.0,0.7998432046895101,0.6808915123744052
3249.0,0.7984447201526789,0.6808915123744052
3248.0,0.8011345869150162,0.6808915123744052
3247.0,0.8039320157224311,0.6808915123744052
3246.0,0.8053309600601937,0.6808915123744052
3245.0,0.8024258385065427,0.6808915123744052
3244.0,0.7954349474850171,0.6808915123744052
3243.0,0.7885537384592235,0.6808915123744052
3242.0,0.78436287628298,0.6808915123744052
3241.0,0.7829662279313319,0.6795046806174762
3240.0,0.7815697323774939,0.671556181346792
3239.0,0.7788820073625232,0.666477674263541
3238.0,0.777485817304018,0.6655897379659911
3237.0,0.7760897799430672,0.6610369631927983
3236.0,0.7732981631802414,0.6432500138430803
3235.0,0.7705071568070028,0.6391107167270255
3234.0,0.7691118824330794,0.6380440159097017
3233.0,0.7676131733694105,0.6341180518302754
3232.0,0.7648236918029907,0.6274859116640285
3231.0,0.7620348196928919,0.6274859116640285
3230.0,0.7592465567728612,0.6274859116640285
3229.0,0.7564589027768175,0.6272876332564298
3228.0,0.7536718574388578,0.6239081768866263
3227.0,0.7494924300845835,0.6175582897846603
3226.0,0.7453143707170269,0.6167230232643165
3225.0,0.7425297573558242,0.6137179634692943
3224.0,0.7424289300324901,0.6054697736259294
3223.0,0.7410370029173083,0.5973299210796459
3222.0,0.7424289300324901,0.5973299210796459
3221.0,0.7410370029173083,0.5973299210796459
3220.0,0.7382536039535641,0.596645121943958
3219.0,0.7326886261663937,0.5910473475285869
3218.0,0.7258348218788638,0.5885252537824278
3217.0,0.7257358139692478,0.5885252537824278
3216.0,0.7271260734703923,0.5885252537824278
3215.0,0.7257358139692478,0.5882907583882975
3214.0,0.7215659437528824,0.5797124294040762
3213.0,0.7160082349039447,0.5728924109969418
3212.0,0.7132302876465957,0.5683503955598207
3211.0,0.7104529448164147,0.5646793817605508
3210.0,0.7076762061504422,0.5584055859638664
3209.0,0.7021245402601043,0.553008076709765
3208.0,0.6951883516434465,0.5468589306267978
3207.0,0.689642113191149,0.5423919885415917
3206.0,0.6841927636431558,0.5386498071475936
3205.0,0.6827127022413529,0.538443196996937
3204.0,0.6799419907919779,0.5372863210425575
3203.0,0.6771718806254772,0.5343870694668862
3202.0,0.673111119889403,0.5303721073103461
3201.0,0.673111119889403,0.5226266874486938
3200.0,0.6757870509417588,0.5213372685616077
3199.0,0.6757870509417588,0.520688883288518
3198.0,0.6730178422103975,0.5186651047474972
3197.0,0.6660974475723904,0.5143836822164743
3196.0,0.6577979234847189,0.5115943782951523
3195.0,0.650885773211769,0.5077551281568314
3194.0,0.6467402789624567,0.5031687160678809
3193.0,0.6425961305800326,0.4987129530924628
3192.0,0.6398341122641287,0.49519107370079446
3191.0,0.6356922050522499,0.4909067441824112
3190.0,0.6329316800421078,0.48736660954224903
3189.0,0.6314628728862135,0.48511918297438317
3188.0,0.6300831325619896,0.4836478006904846
3187.0,0.628792011578018,0.48231438336728794
3186.0,0.6260329782597739,0.47794156696626533
3185.0,0.6218955461246449,0.47289313785321824
3184.0,0.6163810552311689,0.4687078338401584
3183.0,0.6095776940442607,0.46684783939625096
3182.0,0.6068225315908407,0.4648778638087394
3181.0,0.6082000384822803,0.46215183882986
3180.0,0.6095776940442607,0.4574495332284429
3179.0,0.6095776940442607,0.4529811645635085
3178.0,0.6040679636912548,0.44804104475483497
3177.0,0.5970990763423716,0.4406290128164342
3176.0,0.5888442791606482,0.43456697643561115
3175.0,0.5847188815711245,0.42933334545679447
3174.0,0.580678105446157,0.42650609904416475
3173.0,0.5779291730360184,0.42321762608528424
3172.0,0.5738068840942834,0.41868868752157323
3171.0,0.570977177587983,0.4101982182865255
3170.0,0.5668575494750445,0.4055053520916898
3169.0,0.5640303714727681,0.4029673820569155
3168.0,0.5586222797718814,0.4027961678829106
3167.0,0.5558783701316637,0.4003601250120413
3166.0,0.5517636112939658,0.39613028606137074
3165.0,0.5490211754477424,0.39467922107086867
3164.0,0.5461997470978049,0.39254071838185606
3163.0,0.5420885223275567,0.3886376763484334
3162.0,0.5393484412615126,0.381711224806305
3161.0,0.5352394222023255,0.3776546242007595
3160.0,0.5325008108214815,0.3737082789961058
3159.0,0.5283939951078472,0.3701737294918046
3158.0,0.5229973792837218,0.3664188097693139
3157.0,0.5202611161227317,0.36457935101090777
3156.0,0.5175254393876256,0.3627232720128213
3155.0,0.5147903488270977,0.360160392932034
3154.0,0.512055844190002,0.3559939184141006
3153.0,0.5106130462093266,0.345717931197846
3152.0,0.5065132653495599,0.3398095593694902
3151.0,0.5024148008426392,0.33779039458824534
3150.0,0.4970265308595552,0.33682103343049224
3149.0,0.49429582861421834,0.3345946572906715
3148.0,0.4915657104138549,0.33356240843472823
3147.0,0.4888361760086832,0.3328261003366276
3146.0,0.48610722514908616,0.33209350641394586
3145.0,0.48337885758560556,0.32950278071803807
3144.0,0.4805785203592764,0.3252430168248878
3143.0,0.4765604889617873,0.32165759612131195
3142.0,0.4738341609725337,0.31895496911392296
3141.0,0.46974576049009087,0.31604951921571406
3140.0,0.46831200845759835,0.31061688274344
3139.0,0.4642257892698003,0.30701959863000866
3138.0,0.460140877741905,0.30398280012674966
3137.0,0.45741832945449395,0.3022581984400154
3136.0,0.45741832945449395,0.29912362272802434
3135.0,0.4587795310123973,0.296177388574119
3134.0,0.4587795310123973,0.2930352852839181
3133.0,0.45469636172968037,0.28984352360655197
3132.0,0.4465339394561393,0.2861162445242332
3131.0,0.4397359057452995,0.28391269547036374
3130.0,0.4370177056504558,0.28232459128516707
3129.0,0.4356588226346258,0.2807766739594836
3128.0,0.4356588226346258,0.27924508093887607
3127.0,0.4343000842654528,0.2767614804296238
3126.0,0.4315830413439249,0.27515909770463726
3125.0,0.4302247367300167,0.2733236288491725
3124.0,0.4288665766396634,0.2710591064094077
3123.0,0.4275085610421121,0.2659531008217433
3122.0,0.4234353808989031,0.2625057801905758
3121.0,0.4206544904876401,0.25919295471410375
3120.0,0.4180064950766576,0.2573038583299034
3119.0,0.4166496343156517,0.2561692829272678
3118.0,0.4152929177711256,0.2534494891436779
3117.0,0.41387090761174905,0.25164054251750895
3116.0,0.40973749558511946,0.25104601578818475
3115.0,0.4029603955601709,0.2506283937946632
3114.0,0.3962504451627689,0.24952547286515395
3113.0,0.3908336542488273,0.2476709394019327
3112.0,0.38683513014252485,0.24540126078450852
3111.0,0.3841281706164977,0.24356396541691905
3110.0,0.3814217850244341,0.2409723065878504
3109.0,0.3787159731230158,0.2394430266084488
3108.0,0.3759493208117931,0.2380941389933191
3107.0,0.37324494207347,0.23692819304732687
3106.0,0.37054113617538087,0.23519714653504578
3105.0,0.37054113617538087,0.23315630126954331
3104.0,0.37189296753456286,0.231684758214709
3103.0,0.37459705982242947,0.2301128111218166
3102.0,0.37324494207347,0.2283576313133163
3101.0,0.36783790287490414,0.22463650745053845
3100.0,0.3623731829955254,0.2217538594602985
3099.0,0.35697129226863183,0.2186010686273648
3098.0,0.35562117670365856,0.21566567930409367
3097.0,0.35562117670365856,0.21326899737976604
3096.0,0.3529213739023192,0.21244967432320006
3095.0,0.3461743640739277,0.21175484451393403
3094.0,0.3407793227437643,0.2104027106267167
3093.0,0.3353865606875725,0.2078651534897833
3092.0,0.3326910337855401,0.20466601661471542
3091.0,0.33134348376083606,0.20272896834480847
3090.0,0.32999607598029257,0.20114100356267223
3089.0,0.32730168703157525,0.19992292493447944
3088.0,0.324607866699294,0.19872914390277066
3087.0,0.32062375489538697,0.19778405633814794
3086.0,0.3179310710762793,0.19667249269663273
3085.0,0.31658494214308774,0.19570506670262813
3084.0,0.31658494214308774,0.1937623195208012
3083.0,0.31664008067344646,0.19152436783656795
3082.0,0.3179310710762793,0.18932037920554934
3081.0,0.31658494214308774,0.18715632432621945
3080.0,0.3151839699278394,0.18529043523173977
3079.0,0.30985642604340585,0.18326272896736803
3078.0,0.3031314548130187,0.1823734518821731
3077.0,0.2977540276256894,0.18152458663870022
3076.0,0.29243145296115586,0.1805433953509156
3075.0,0.29108787445381873,0.17783105251503822
3074.0,0.28840114163035646,0.1753877840525374
3073.0,0.2870059645996354,0.1732108747685282
3072.0,0.28432036231808183,0.1710873886945132
3071.0,0.2829777730349972,0.16646733639882486
3070.0,0.2842686328831075,0.16350603390909013
3069.0,0.2856112221661916,0.16165091626904318
3068.0,0.28829682444774557,0.1599396004444301
3067.0,0.2896398375056565,0.1583788175699815
3066.0,0.28829682444774557,0.15651109601642577
3065.0,0.28292618479887566,0.15558909151414801
3064.0,0.2762669440085781,0.15456093586897857
3063.0,0.2695596412442191,0.15338623073245888
3062.0,0.2642459602475155,0.15107972160448005
3061.0,0.2641963354522308,0.14981275741283342
3060.0,0.26285586103806535,0.14881569289236968
3059.0,0.2641963354522308,0.14801020900475195
3058.0,0.26548719530034137,0.14711843025348229
3057.0,0.2641467208861751,0.1463866929613055
3056.0,0.2601261420517973,0.14566927116829861
3055.0,0.25476733945539976,0.1446910487649292
3054.0,0.2507497133621741,0.14354673207868324
3053.0,0.2481199257741111,0.1414201218990627
3052.0,0.2481199257741111,0.1404725205093702
3051.0,0.2481199257741111,0.13961004042377348
3050.0,0.24807199831204982,0.13855705529790038
3049.0,0.2467333514022006,0.1370715157907158
3048.0,0.2414273929321074,0.1366419395636631
3047.0,0.23741355685360144,0.13590717437305525
3046.0,0.23478490151927084,0.1347418748665229
3045.0,0.23340098252481495,0.1327939587708811
3044.0,0.232063738000295,0.13066178760571726
3043.0,0.22938966915273357,0.12918968780807386
3042.0,0.22805284477101936,0.12781018205139258
3041.0,0.22537961594509157,0.12654394185419762
3040.0,0.22404321144226055,0.12497314911457882
3039.0,0.2227069468404478,0.12427262909106705
3038.0,0.22137082211036982,0.1235754717880462
3037.0,0.2239978066885578,0.12281641195859001
3036.0,0.2239978066885578,0.12121114597531321
3035.0,0.22528853600834495,0.12002875726715068
3034.0,0.22662480061015688,0.1187090746051767
3033.0,0.22796120511298848,0.11768384142382458
3032.0,0.22533407129037,0.11679878044237355
3031.0,0.22132569707085606,0.11519657210313318
3030.0,0.2146478692454479,0.1141125432264518
3029.0,0.20930812116626293,0.1135009720164891
3028.0,0.20663908454448482,0.11281814203440987
3027.0,0.20663908454448482,0.1111399247394259
3026.0,0.20534822469637512,0.11033326613662087
3025.0,0.20267974604190878,0.10959700373718938
3024.0,0.20001182512151727,0.10856245657013576
3023.0,0.1960109889824658,0.10651243259333462
3022.0,0.19463532122590407,0.10527927487892219
3021.0,0.1932600798599049,0.10402131738144708
3020.0,0.19188526467827635,0.10267422598326297
3019.0,0.1918432347055726,0.101561947453619
3018.0,0.19180121336812964,0.10063926863822015
3017.0,0.19180121336812964,0.10004659599660286
3016.0,0.19180121336812964,0.09931270230826643
3015.0,0.1918432347055726,0.09825565479946867
3014.0,0.19055276636325755,0.09685288301464814
3013.0,0.18926216754540232,0.0963307743353937
3012.0,0.18663907899501603,0.09548384355952336
3011.0,0.18264283551949181,0.09445858945760563
3010.0,0.17997936809258464,0.09379863182915128
3009.0,0.17598520870756407,0.09351425928919654
3008.0,0.17332312994981391,0.09295325591685347
3007.0,0.17332312994981391,0.09244652742209014
3006.0,0.17332312994981391,0.09202515654427118
3005.0,0.17199229873376679,0.09050443250661111
3004.0,0.1706616062543595,0.08910771448546671
3003.0,0.16800063738978455,0.08736045895229799
3002.0,0.16534022312480876,0.08571205757674687
3001.0,0.1639710925480896,0.08417077428579951
3000.0,0.16131178678906474,0.0835270514355982
2999.0,0.16131178678906474,0.08298553889967024
2998.0,0.15998234163896718,0.08238639036401056
2997.0,0.15998234163896718,0.08138349577642076
2996.0,0.15869161231918047,0.08051953190951149
2995.0,0.15869161231918047,0.07974601399362324
2994.0,0.15736230561689415,0.07897659407618941
2993.0,0.15470410744045313,0.07821122896451466
2992.0,0.1533752159086554,0.07690737102209698
2991.0,0.15071784781388264,0.07605998447906205
2990.0,0.15200857713366983,0.07524167379870492
2989.0,0.15068010051310612,0.07455531528741072
2988.0,0.14935176213872073,0.07368942307933175
2987.0,0.14802356198174105,0.07330943523105275
2986.0,0.1453675762049626,0.07287615366157556
2985.0,0.14403979052766772,0.07236041825300664
2984.0,0.1440027417706478,0.07136906385479772
2983.0,0.14267523226946216,0.0705116095158758
2982.0,0.14134786081325182,0.07032267800973457
2981.0,0.14002062737330803,0.06995441054630615
2980.0,0.14002062737330803,0.06907403791906128
2979.0,0.14002062737330803,0.06791416715361459
2978.0,0.13740293310308177,0.06748840632735024
2977.0,0.13740293310308177,0.06718193025631619
2976.0,0.13607597560958834,0.06694627911584229
2975.0,0.13603975486415515,0.06651154391021809
2974.0,0.13471307320239392,0.06606789339994545
2973.0,0.1333865294134984,0.06536401389032971
2972.0,0.13206012346881954,0.06463005961887046
2971.0,0.13073385533970713,0.06368058352612202
2970.0,0.12940772499752998,0.06315562569014695
2969.0,0.12940772499752998,0.06289479635210732
2968.0,0.12679113359580418,0.06256588437003882
2967.0,0.12546527874162475,0.062097072884140105
2966.0,0.1241395615885231,0.06092184435017535
2965.0,0.12281398210790687,0.06041885462226571
2964.0,0.12148854027117624,0.06004221584873909
2963.0,0.1201632360497581,0.05956721047747731
2962.0,0.12012866823292845,0.05855451906036596
2961.0,0.11880363915641202,0.05778798941798912
2960.0,0.11747874760951384,0.057144698092454885
2959.0,0.11615399356368163,0.05670517683222965
2958.0,0.11615399356368163,0.05620031047870463
2957.0,0.1148633947458261,0.0555807805691856
2956.0,0.11353877817252608,0.05523685115764639
2955.0,0.11092356972344215,0.05484824000150123
2954.0,0.11092356972344215,0.05434282591487149
2953.0,0.1108899573294157,0.05362373318176947
2952.0,0.10956575300257171,0.05324583433772709
2951.0,0.10953228485205763,0.0526716627965006
2950.0,0.10688456287675809,0.05195829112316431
2949.0,0.10817503121907417,0.05100991651821103
2948.0,0.10556090781287368,0.050592571620407985
2947.0,0.10556090781287368,0.0503827413101479
2946.0,0.10423738999353678,0.050195398285879544
2945.0,0.10423738999353678,0.050080096153725155
2944.0,0.10291400939029541,0.0495151086587417
2943.0,0.10159076597469491,0.049007776024529943
2942.0,0.10026765971830111,0.04856424326588709
2941.0,0.09894469059267831,0.048081283678845635
2940.0,0.09891232691172142,0.04702157846315561
2939.0,0.09758963196238396,0.04658991782442898
2938.0,0.09494465317191196,0.04634751941484628
2937.0,0.09362236927399305,0.04597062803908511
2936.0,0.09097821233089841,0.045243804719043434
2935.0,0.08965633922899408,0.04489653105364763
2934.0,0.08833460300237597,0.04453562679295045
2933.0,0.08701300362270542,0.04403846307812596
2932.0,0.08437021529087615,0.04349833591488477
2931.0,0.08175855793975614,0.0425516029555841
2930.0,0.08043750566461778,0.042098286390279446
2929.0,0.08040705843715616,0.041725664809501864
2928.0,0.07908627954445256,0.041405316672415475
2927.0,0.07647516895822419,0.040860219575951325
2926.0,0.07383429430369316,0.04050124911638852
2925.0,0.07251406183655658,0.04024019848011875
2924.0,0.07116447482361836,0.04012314188958269
2923.0,0.06852496538552297,0.03970752837695575
2922.0,0.06720541531486614,0.03902597874295943
2921.0,0.06588600163885969,0.03802773566492042
2920.0,0.06456672432931408,0.03724522049040232
2919.0,0.06456672432931408,0.03707714133759226
2918.0,0.0632475833580429,0.037009066373318605
2917.0,0.06453792125119712,0.036957861393547786
2916.0,0.06585706222246855,0.036759885473723816
2915.0,0.06846654700237276,0.03641210192754987
2914.0,0.06978596067837925,0.03546146334075053
2913.0,0.06981530327867652,0.03496017240455559
2912.0,0.07116447482361836,0.034650019288648574
2911.0,0.06987400648130376,0.03415985572289266
2910.0,0.07119396590517074,0.03324188416525861
2909.0,0.06987400648130376,0.03271672017373488
2908.0,0.07116447482361836,0.0324685795455623
2907.0,0.06984465187903853,0.03227323759517279
2906.0,0.06987400648130376,0.03198103561644041
2905.0,0.06987400648130376,0.031138477204337496
2904.0,0.06990336708731364,0.0307027362215395
2903.0,0.06858340766344752,0.03035345961008193
2902.0,0.06858340766344752,0.030050116561699394
2901.0,0.06855418353672255,0.02955533899332306
2900.0,0.06723449704320705,0.02920783969527726
2899.0,0.06723449704320705,0.028845134225761095
2898.0,0.06723449704320705,0.028491624897846395
2897.0,0.06723449704320705,0.0282067567032364
2896.0,0.06723449704320705,0.028077324090219756
2895.0,0.06723449704320705,0.02798726633307157
2894.0,0.06591494697255026,0.027801582533329653
2893.0,0.06459553329654387,0.02734065217721573
2892.0,0.06327625598699836,0.026584261822875252
2891.0,0.061957115015727184,0.026235238171163657
2890.0,0.061957115015727184,0.025926348011619298
2889.0,0.061957115015727184,0.025674651023168477
2888.0,0.06192857869686976,0.025350040083116598
2887.0,0.06192857869686976,0.025135357355489104
2886.0,0.06060971031762551,0.02487341026177935
2885.0,0.06060971031762551,0.02466825228635911
2884.0,0.06060971031762551,0.024552389228405046
2883.0,0.0593192419753099,0.023990589815229318
2882.0,0.059290978192155716,0.023526648123340717
2881.0,0.05797238229230443,0.023211768502574306
2880.0,0.056653922589936005,0.022986913329881883
2879.0,0.056653922589936005,0.022806795796574866
2878.0,0.056653922589936005,0.022719946708737622
2877.0,0.056625936950067846,0.02262724599886174
2876.0,0.055335599056914805,0.022499571875595793
2875.0,0.055335599056914805,0.022219195098963248
2874.0,0.055335599056914805,0.022041662202737258
2873.0,0.05401741166511392,0.021834910020735572
2872.0,0.05401741166511392,0.021577009115623748
2871.0,0.05269936038642394,0.02130186571170421
2870.0,0.05269936038642394,0.02074907604298293
2869.0,0.051381445192732494,0.02046703889893648
2868.0,0.051381445192732494,0.020243071079329104
2867.0,0.050063666055946004,0.020113589297524395
2866.0,0.050063666055946004,0.02003092723923285
2865.0,0.050063666055946004,0.02001683853312518
2864.0,0.050063666055946004,0.0199328714609047
2863.0,0.04874602294797389,0.01976262559256311
2862.0,0.047428515840735624,0.019507490480762394
2861.0,0.04740148259931265,0.01928203523319776
2860.0,0.046084247409336775,0.01903191884128165
2859.0,0.04347681024274848,0.01880931805625768
2858.0,0.04215984685781496,0.018636358049187077
2857.0,0.04084301933334615,0.01842340953776111
2856.0,0.039526327641306605,0.018358201683373064
2855.0,0.036893351642460846,0.018336246032820663
2854.0,0.03426091863722561,0.01829813069584934
2853.0,0.03291936629483851,0.017953646819326867
2852.0,0.031603624645771704,0.01774595762073829
2851.0,0.03289383211613081,0.01757825464884326
2850.0,0.03289383211613081,0.01741074510370726
2849.0,0.03420957376519736,0.017189314516315335
2848.0,0.035525451050745914,0.017056725257667906
2847.0,0.03684146400073841,0.016973246566104102
2846.0,0.03815761264315268,0.016889815829974873
2845.0,0.03818368953561409,0.016792166567174475
2844.0,0.03950010964683719,0.016544466085007772
2843.0,0.04081666553446025,0.016428044419386247
2842.0,0.04081666553446025,0.016319987878913964
2841.0,0.04081666553446025,0.016137246525952022
2840.0,0.04081666553446025,0.015802092430620498
2839.0,0.04081666553446025,0.015714502990048326
2838.0,0.04081666553446025,0.015591485760100252
2837.0,0.03950010964683719,0.015426250839643161
2836.0,0.03950010964683719,0.015217453843753732
2835.0,0.03947389700597365,0.0149640604443751
2834.0,0.03684146400073841,0.014727659417286687
2833.0,0.03813154107467081,0.014429459887826145
2832.0,0.036815528124679385,0.013975911872303858
2831.0,0.035525451050745914,0.013410706401775588
2830.0,0.03423524358038722,0.013247932685427682
2829.0,0.03423524358038722,0.013085341198441496
2828.0,0.03423524358038722,0.012937082782221445
2827.0,0.032944905687233114,0.012772224915356028
2826.0,0.032944905687233114,0.012633364212527988
2825.0,0.032944905687233114,0.012391885307891617
2824.0,0.032944905687233114,0.01217088348635033
2823.0,0.032944905687233114,0.011982010023632484
2822.0,0.03291936629483851,0.011669866110180456
2821.0,0.03291936629483851,0.011428679818208484
2820.0,0.031603624645771704,0.011187893398278553
2819.0,0.03157822607557842,0.010994013299988604
2818.0,0.03157822607557842,0.01093388090876357
2817.0,0.03157822607557842,0.010889976255867892
2816.0,0.03157822607557842,0.010802211678052944
2815.0,0.03157822607557842,0.01063278811562322
2814.0,0.030288018605219163,0.010289433935304968
2813.0,0.030288018605219163,0.0102092316904757
2812.0,0.02897254814523624,0.010096970847190748
2811.0,0.027657213237881093,0.009938388990297206
2810.0,0.028947420708240704,0.009809642206344959
2809.0,0.027632221325575978,0.009681392855223453
2808.0,0.02631715743968287,0.009602046483037266
2807.0,0.02631715743968287,0.00949128761614399
2806.0,0.02631715743968287,0.00929122725587855
2805.0,0.02631715743968287,0.008996865747568538
2804.0,0.02631715743968287,0.008903377505719434
2803.0,0.027632221325575978,0.008743301715448076
2802.0,0.027632221325575978,0.008506922985675062
2801.0,0.02634201385521621,0.008139582457224502
2800.0,0.02634201385521621,0.007943189699828292
2799.0,0.02631715743968287,0.007934842590724533
2798.0,0.02500222902263959,0.007934842590724533
2797.0,0.02500222902263959,0.007934842590724533
2796.0,0.02500222902263959,0.007872382975461363
2795.0,0.02371202155228089,0.007775325055001405
2794.0,0.02371202155228089,0.007637688408238432
2793.0,0.023687436046543234,0.007499907904475021
2792.0,0.023687436046543234,0.007341111003887361
2791.0,0.02237277848349378,0.00718981828045726
2790.0,0.022348333379533427,0.006967240807906349
2789.0,0.022348333379533427,0.006806724109350486
2788.0,0.021058256305601132,0.00669476057228581
2787.0,0.021058256305601132,0.006601048293610067
2786.0,0.021058256305601132,0.006537141512982222
2785.0,0.019743869484983922,0.006530110754445124
2784.0,0.019743869484983922,0.006488790650671188
2783.0,0.0197680488352433,0.0062623430981582
2782.0,0.0197680488352433,0.006163076702515696
2781.0,0.0197680488352433,0.006069160218783196
2780.0,0.01845366201462446,0.005936136875339317
2779.0,0.01845366201462446,0.005726416720760496
2778.0,0.018429617993770766,0.005649201389804071
2777.0,0.018429617993770766,0.005572027089871709
2776.0,0.018429617993770766,0.005497622693643175
2775.0,0.017115501804093092,0.005446858294553041
2774.0,0.017115501804093092,0.00540884099112083
2773.0,0.01709159796203206,0.0052739762721704655
2772.0,0.01709159796203206,0.005145356437761921
2771.0,0.01580152088809982,0.005060237293716388
2770.0,0.017115501804093092,0.004933817270155746
2769.0,0.01580152088809982,0.004842681263504572
2768.0,0.01709159796203206,0.0047137571247075905
2767.0,0.01577775229187419,0.004574750240523182
2766.0,0.01577775229187419,0.004424264584355795
2765.0,0.01577775229187419,0.004347738289196737
2764.0,0.014464041839715315,0.0042661064565669374
2763.0,0.014464041839715315,0.0041318263632224295
2762.0,0.014464041839715315,0.00387545624288161
2761.0,0.015753988543569006,0.0037607624738815178
2760.0,0.01315046657772118,0.00372614514207476
2759.0,0.01315046657772118,0.003599738659614181
2758.0,0.01315046657772118,0.0034706208290444817
2757.0,0.01186038950378858,0.0033406185301095986
2756.0,0.013173964765782305,0.0033042952626193937
2755.0,0.013173964765782305,0.0032981828118955427
2754.0,0.01186038950378858,0.003258551702581696
2753.0,0.01315046657772118,0.003099742725080513
2752.0,0.01315046657772118,0.0029502742288671255
2751.0,0.01186038950378858,0.002849258238174827
2750.0,0.01054694940414417,0.0028485397002056823
2749.0,0.010523721512965569,0.002823995694405247
2748.0,0.010523721512965569,0.0027060297706281125
2747.0,0.010523721512965569,0.0026304032820335284
2746.0,0.010523721512965569,0.002533888828780339
2745.0,0.010523721512965569,0.00239678813281708
2744.0,0.009233644439032228,0.002244751511127228
2743.0,0.009233644439032228,0.0022396604175688993
2742.0,0.009256741933784913,0.0022042234931789755
2741.0,0.009256741933784913,0.0021339436025643852
2740.0,0.007943436968674196,0.0020940171628861903
2739.0,0.007943436968674196,0.0020792134326455066
2738.0,0.00792047458065011,0.002004956702638585
2737.0,0.00792047458065011,0.001944482699977588
2736.0,0.0066074398012038295,0.0019434390970456308
2735.0,0.0066074398012038295,0.0018038993109188131
2734.0,0.007897516875134977,0.0016819010731413794
2733.0,0.006584617146834405,0.0016427505186360197
2732.0,0.007874563850688633,0.001633323041811319
2731.0,0.007874563850688633,0.0015240118380804863
2730.0,0.007874563850688633,0.0014067387802908775
2729.0,0.006561799145759775,0.0012691233910909886
2728.0,0.005271852441904501,0.0011928817082537484
2727.0,0.005271852441904501,0.0011813738056074125
2726.0,0.006584617146834405,0.0011092199368987609
2725.0,0.005271852441904501,0.00104814830407224
2724.0,0.005271852441904501,0.0010432345734337062
2723.0,0.005271852441904501,0.0010432345734337062
2722.0,0.005271852441904501,0.0010348148256587096
2721.0,0.005271852441904501,0.0009861925995992568
2720.0,0.005271852441904501,0.0009198672513831731
2719.0,0.003959222732571222,0.0008937414758357526
2718.0,0.003959222732571222,0.0008178657479302699
2717.0,0.003959222732571222,0.00067790874229255
2716.0,0.003959222732571222,0.0005952161261377638
2715.0,0.003959222732571222,0.0005952161261377638
2714.0,0.002646727991079129,0.0005952161261377638
2713.0,0.003936674694933612,0.0005824961837438077
2712.0,0.003936674694933612,0.0005167258228966956
2711.0,0.002624314893525411,0.00045493742189361416
2710.0,0.002624314893525411,0.0004461832433901185
2709.0,0.002624314893525411,0.0003941982652227797
2708.0,0.002624314893525411,0.0003271784718511764
2707.0,2.214330060520519e-05,0.0002973031365613485
2706.0,2.214330060520519e-05,0.0002973031365613485
2705.0,2.214330060520519e-05,0.0002973031365613485
2704.0,2.214330060520519e-05,0.0002973031365613485
2703.0,0.0,0.0002930403140141279
2702.0,0.0,0.0002462443997782032
2701.0,0.0,7.088026093564317e-05
2700.0,0.0,0.0
2699.0,0.0,0.0
2698.0,-0.001289946703854738,0.0
2697.0,-0.001289946703854738,0.0
2696.0,-0.001289946703854738,0.0
2695.0,-0.002601901851433974,0.0
2694.0,-0.0013119551475796185,-6.435595675717015e-06
2693.0,-0.0013119551475796185,-4.701730498351101e-05
2692.0,-2.2138787450508053e-05,-0.00016907602604279568
2691.0,-0.0013339591058705916,-0.0002420576301126326
2690.0,-0.0013339591058705916,-0.0002966957752874585
2689.0,-0.0013339591058705916,-0.0002966957752874585
2688.0,-0.0013119551475796185,-0.0002966957752874585
2687.0,-0.002601901851433974,-0.0002966957752874585
2686.0,-0.002601901851433974,-0.0002966957752874585
2685.0,-0.002623775465999804,-0.0003181388896428949
2684.0,-0.002623775465999804,-0.00043348202877923627
2683.0,-0.003935460982966051,-0.0005927866658021729
2682.0,-0.0026456446228367873,-0.0005927866658021729
2681.0,-0.0026456446228367873,-0.0005927866658021729
2680.0,-0.003935460982966051,-0.0005927866658021729
2679.0,-0.003935460982966051,-0.0005927866658021729
2678.0,-0.0026456446228367873,-0.0005927866658021729
2677.0,-0.0026456446228367873,-0.0005927866658021729
2676.0,-0.0039571953660560676,-0.0005927866658021729
2675.0,-0.0039571953660560676,-0.0005933570441003772
2674.0,-0.0039571953660560676,-0.000656271703989704
2673.0,-0.0039571953660560676,-0.0007204355731480641
2672.0,-0.0039571953660560676,-0.0007406060490397127
2671.0,-0.005268611363218426,-0.0007406060490397127
2670.0,-0.005268611363218426,-0.0007495831065838978
2669.0,-0.005268611363218426,-0.0008150097939860761
2668.0,-0.005268611363218426,-0.0009536444678973842
2667.0,-0.005268611363218426,-0.0010357942228023174
2666.0,-0.005268611363218426,-0.0010357942228023174
2665.0,-0.005268611363218426,-0.0010357942228023174
2664.0,-0.005268611363218426,-0.0010357942228023174
2663.0,-0.006558427723347944,-0.0010357942228023174
2662.0,-0.006558427723347944,-0.0010357942228023174
2661.0,-0.006579892642006592,-0.0010357942228023174
2660.0,-0.006579892642006592,-0.0010357942228023174
2659.0,-0.006579892642006592,-0.0010445516832726417
2658.0,-0.006579892642006592,-0.0010943118656023905
2657.0,-0.006579892642006592,-0.0011831636230607305
2656.0,-0.007891039230099164,-0.0011866845822020868
2655.0,-0.007891039230099164,-0.0012154917833901554
2654.0,-0.007891039230099164,-0.0012855866710588392
2653.0,-0.007891039230099164,-0.0013303836371807664
2652.0,-0.007891039230099164,-0.0013303836371807664
2651.0,-0.007891039230099164,-0.0013303836371807664
2650.0,-0.009202051155161815,-0.0013303836371807664
2649.0,-0.009202051155161815,-0.0013303836371807664
2648.0,-0.009202051155161815,-0.0013303836371807664
2647.0,-0.010491867515290186,-0.0013303836371807664
2646.0,-0.010491867515290186,-0.0013303836371807664
2645.0,-0.010491867515290186,-0.0013303836371807664
2644.0,-0.009202051155161815,-0.0013303836371807664
2643.0,-0.010512928444851856,-0.0013303836371807664
2642.0,-0.010512928444851856,-0.0013303836371807664
2641.0,-0.010512928444851856,-0.0013303836371807664
2640.0,-0.010512928444851856,-0.0013303836371807664
2639.0,-0.010512928444851856,-0.0013303836371807664
2638.0,-0.010512928444851856,-0.0013303836371807664
2637.0,-0.010512928444851856,-0.0013303836371807664
2636.0,-0.010512928444851856,-0.0013303836371807664
2635.0,-0.010512928444851856,-0.0013303836371807664
2634.0,-0.01182367112682219,-0.0013303836371807664
2633.0,-0.010533985084083246,-0.0013303836371807664
2632.0,-0.01184459318597441,-0.0013303836371807664
2631.0,-0.013134279228713047,-0.0013303836371807664
2630.0,-0.013134279228713047,-0.0013303836371807664
2629.0,-0.013134279228713047,-0.0013303836371807664
2628.0,-0.01184459318597441,-0.0013303836371807664
2627.0,-0.01184459318597441,-0.0013303836371807664
2626.0,-0.010555037434294635,-0.0013303836371807664
2625.0,-0.010555037434294635,-0.0013303836371807664
2624.0,-0.011865510983736713,-0.0013303836371807664
2623.0,-0.01184459318597441,-0.0013303836371807664
2622.0,-0.01184459318597441,-0.0013303836371807664
2621.0,-0.013134279228713047,-0.0013303836371807664
2620.0,-0.013134279228713047,-0.0013303836371807664
2619.0,-0.013134279228713047,-0.0013303836371807664
2618.0,-0.013134279228713047,-0.0013303836371807664
2617.0,-0.01444475277815459,-0.0013303836371807664
2616.0,-0.01444475277815459,-0.0013303836371807664
2615.0,-0.01444475277815459,-0.0013303836371807664
2614.0,-0.01444475277815459,-0.0013303836371807664
2613.0,-0.013155066735416283,-0.0013303836371807664
2612.0,-0.013155066735416283,-0.0013303836371807664
2611.0,-0.013155066735416283,-0.0013303836371807664
2610.0,-0.013175850008359864,-0.0013303836371807664
2609.0,-0.013175850008359864,-0.0013303836371807664
2608.0,-0.01448605453577725,-0.0013303836371807664
2607.0,-0.01446540576004066,-0.0013303836371807664
2606.0,-0.01446540576004066,-0.0013303836371807664
2605.0,-0.01446540576004066,-0.0013303836371807664
2604.0,-0.01446540576004066,-0.0013303836371807664
2603.0,-0.01446540576004066,-0.001315963685338438
2602.0,-0.01448605453577725,-0.0012435466662271768
2601.0,-0.01448605453577725,-0.0011843458647752033
2600.0,-0.01448605453577725,-0.0011831636230607305
2599.0,-0.015796124593593613,-0.0011831636230607305
2598.0,-0.015796124593593613,-0.0011831636230607305
2597.0,-0.015796124593593613,-0.0011831636230607305
2596.0,-0.015796124593593613,-0.0011831636230607305
2595.0,-0.015796124593593613,-0.0011871414965163502
2594.0,-0.015775610287456415,-0.001217775660152163
2593.0,-0.015775610287456415,-0.0012874129392605508
2592.0,-0.015775610287456415,-0.0013303836371807664
2591.0,-0.01706529633019408,-0.0013169169563887154
2590.0,-0.01706529633019408,-0.0012483144708306387
2589.0,-0.015775610287456415,-0.0011881618488561797
2588.0,-0.017085680345272573,-0.0011831636230607305
2587.0,-0.015796124593593613,-0.0011831636230607305
2586.0,-0.015796124593593613,-0.0011831636230607305
2585.0,-0.015796124593593613,-0.0011831636230607305
2584.0,-0.017085680345272573,-0.0011749114338698052
2583.0,-0.017085680345272573,-0.001082654564063284
2582.0,-0.017085680345272573,-0.0010357942228023174
2581.0,-0.017085680345272573,-0.0010357942228023174
2580.0,-0.017085680345272573,-0.0010357942228023174
2579.0,-0.017085680345272573,-0.0010357942228023174
2578.0,-0.017085680345272573,-0.0010357942228023174
2577.0,-0.017085680345272573,-0.0010107153116915117
2576.0,-0.01839561596109253,-0.0008808313870184293
2575.0,-0.017106060209413774,-0.0007834094914667952
2574.0,-0.018415861410822517,-0.0009762546047734226
2573.0,-0.018415861410822517,-0.0010357942228023174
2572.0,-0.01970541716250252,-0.0010211827595303564
2571.0,-0.01839561596109253,-0.0009332005337612604
2570.0,-0.01839561596109253,-0.0007406060490397127
2569.0,-0.01839561596109253,-0.0007406060490397127
2568.0,-0.01839561596109253,-0.0007406060490397127
2567.0,-0.017106060209413774,-0.0007406060490397127
2566.0,-0.017106060209413774,-0.0007406060490397127
2565.0,-0.017106060209413774,-0.0007406060490397127
2564.0,-0.01839561596109253,-0.0007406060490397127
2563.0,-0.01839561596109253,-0.0007406060490397127
2562.0,-0.017106060209413774,-0.0007406060490397127
2561.0,-0.018415861410822517,-0.0006940058661914997
2560.0,-0.018415861410822517,-0.0006137210712434366
2559.0,-0.018415861410822517,-0.0004994671310743811
2558.0,-0.019725528225407737,-0.000376930821980521
2557.0,-0.019725528225407737,-0.00048338667489082073
2556.0,-0.019725528225407737,-0.0005927866658021729
2555.0,-0.02103506068073869,-0.0005927866658021729
2554.0,-0.02103506068073869,-0.0005927866658021729
2553.0,-0.019725528225407737,-0.0005927866658021729
2552.0,-0.019725528225407737,-0.0005927866658021729
2551.0,-0.019725528225407737,-0.0005927866658021729
2550.0,-0.019725528225407737,-0.0005927866658021729
2549.0,-0.01974563519379509,-0.0005714638558979343
2548.0,-0.02105503331743792,-0.00037184481522675825
2547.0,-0.02105503331743792,-0.0002966957752874585
2546.0,-0.02105503331743792,-0.0002966957752874585
2545.0,-0.022344458804381954,-0.0002966957752874585
2544.0,-0.022344458804381954,-0.00028106363341564623
2543.0,-0.022344458804381954,-0.0002071009778449437
2542.0,-0.02103506068073869,-0.00014842365266591514
2541.0,-0.02105503331743792,-0.00014842365266591514
2540.0,-0.02105503331743792,-0.00014842365266591514
2539.0,-0.02105503331743792,-0.00014842365266591514
2538.0,-0.02105503331743792,-0.00014842365266591514
2537.0,-0.02105503331743792,-0.00013869118151589656
2536.0,-0.022344458804381954,-8.491083740415828e-05
2535.0,-0.022344458804381954,0.0
2534.0,-0.02105503331743792,8.943466548201414e-06
2533.0,-0.022364297136951056,7.444773149021744e-05
2532.0,-0.022364297136951056,0.00021413766533106686
2531.0,-0.022364297136951056,0.0002973031365613485
2530.0,-0.021075001888427466,0.0002973031365613485
2529.0,-0.021075001888427466,0.0002973031365613485
2528.0,-0.021075001888427466,0.0002973031365613485
2527.0,-0.021075001888427466,0.0002973031365613485
2526.0,-0.021075001888427466,0.00017962924882870628
2525.0,-0.022364297136951056,4.858004679907046e-05
2524.0,-0.022364297136951056,0.0
2523.0,-0.022364297136951056,1.7561656185071344e-05
2522.0,-0.022364297136951056,0.00020994574835923977
2521.0,-0.021075001888427466,0.00032977295119811624
2520.0,-0.021075001888427466,0.00040069031388402325
2519.0,-0.021075001888427466,0.0004461832433901185
2518.0,-0.022364297136951056,0.0004461832433901185
2517.0,-0.022364297136951056,0.0004461832433901185
2516.0,-0.023653722623894098,0.00045931277370577395
2515.0,-0.022344458804381954,0.0005267475110691677
2514.0,-0.023653722623894098,0.0005881431735469479
2513.0,-0.022364297136951056,0.0005952161261377638
2512.0,-0.022364297136951056,0.0005952161261377638
2511.0,-0.023673426679881322,0.0005952161261377638
2510.0,-0.023673426679881322,0.0005952161261377638
2509.0,-0.023673426679881322,0.0005952161261377638
2508.0,-0.023673426679881322,0.0005952161261377638
2507.0,-0.023673426679881322,0.0005952161261377638
2506.0,-0.022384131431357503,0.0005952161261377638
2505.0,-0.022384131431357503,0.0005952161261377638
2504.0,-0.022384131431357503,0.0006195714085064652
2503.0,-0.022384131431357503,0.0007468925557574193
2502.0,-0.023693126725242875,0.0008840311785473
2501.0,-0.023693126725242875,0.0009697130657017813
2500.0,-0.023693126725242875,0.0010432345734337062
2499.0,-0.023693126725242875,0.0010432345734337062
2498.0,-0.023693126725242875,0.0010432345734337062
2497.0,-0.02500198779761766,0.0010432345734337062
2496.0,-0.02371282276121171,0.001044831375913825
2495.0,-0.02371282276121171,0.0010661788302040191
2494.0,-0.02371282276121171,0.0011393964970957183
2493.0,-0.02371282276121171,0.0011928817082537484
2492.0,-0.02500198779761766,0.0012018893698862237
2491.0,-0.02500198779761766,0.0013354776906921348
2490.0,-0.02500198779761766,0.001462864231425761
2489.0,-0.02371282276121171,0.001492639361610012
2488.0,-0.02371282276121171,0.001492639361610012
2487.0,-0.02371282276121171,0.001492639361610012
2486.0,-0.025021549639596703,0.001492639361610012
2485.0,-0.025021549639596703,0.001492639361610012
2484.0,-0.025021549639596703,0.001492639361610012
2483.0,-0.02371282276121171,0.001510793316564291
2482.0,-0.02371282276121171,0.0015852084638667949
2481.0,-0.02371282276121171,0.0016427505186360197
2480.0,-0.02371282276121171,0.0016427505186360197
2479.0,-0.02500198779761766,0.0016427505186360197
2478.0,-0.02500198779761766,0.0016633899705313607
2477.0,-0.02371282276121171,0.0017760527235665708
2476.0,-0.025021549639596703,0.0019057750371642554
2475.0,-0.026310714676003107,0.0019434390970456308
2474.0,-0.02500198779761766,0.001983490908615449
2473.0,-0.026291283046141832,0.0020537773579671573
2472.0,-0.02498242197376687,0.0020940171628861903
2471.0,-0.026291283046141832,0.0020940171628861903
2470.0,-0.026291283046141832,0.0020940171628861903
2469.0,-0.026310714676003107,0.0021087399252745016
2468.0,-0.026330142351503775,0.002182720290362666
2467.0,-0.026330142351503775,0.002243375903309152
2466.0,-0.026330142351503775,0.002244751511127228
2465.0,-0.025021549639596703,0.002244751511127228
2464.0,-0.025021549639596703,0.00226352254062863
2463.0,-0.025021549639596703,0.0023688308381085792
2462.0,-0.025021549639596703,0.0025010407492620937
2461.0,-0.026330142351503775,0.0025466903547949264
2460.0,-0.026330142351503775,0.0025466903547949264
2459.0,-0.026330142351503775,0.002550730749668684
2458.0,-0.025021549639596703,0.0025820120711567964
2457.0,-0.025021549639596703,0.0026829650583966784
2456.0,-0.027619307387910665,0.002697895502750997
2455.0,-0.026330142351503775,0.002697895502750997
2454.0,-0.027638600924445946,0.002697895502750997
2453.0,-0.026349566073854327,0.0027116995299828342
2452.0,-0.026349566073854327,0.002822457687783829
2451.0,-0.026349566073854327,0.002849258238174827
2450.0,-0.026330142351503775,0.002849258238174827
2449.0,-0.025021549639596703,0.002849258238174827
2448.0,-0.026310714676003107,0.002849258238174827
2447.0,-0.026310714676003107,0.002849258238174827
2446.0,-0.025021549639596703,0.002849258238174827
2445.0,-0.026330142351503775,0.002849258238174827
2444.0,-0.027638600924445946,0.002849258238174827
2443.0,-0.027638600924445946,0.0028749342108760185
2442.0,-0.027638600924445946,0.0030080099791249303
2441.0,-0.026349566073854327,0.0031339668062395267
2440.0,-0.026349566073854327,0.0031524577877404007
2439.0,-0.027638600924445946,0.0031524577877404007
2438.0,-0.026330142351503775,0.0031524577877404007
2437.0,-0.026330142351503775,0.0031524577877404007
2436.0,-0.026330142351503775,0.0031524577877404007
2435.0,-0.027638600924445946,0.003156639950418183
2434.0,-0.027638600924445946,0.003203736520991266
2433.0,-0.02894692538591337,0.003351436732025308
2432.0,-0.02894692538591337,0.0034562916464492845
2431.0,-0.02894692538591337,0.0034562916464492845
2430.0,-0.027638600924445946,0.0034562916464492845
2429.0,-0.026349566073854327,0.0034562916464492845
2428.0,-0.026349566073854327,0.0034562916464492845
2427.0,-0.026349566073854327,0.0034562916464492845
2426.0,-0.026349566073854327,0.0034693083383686043
2425.0,-0.026349566073854327,0.0035518344070154355
2424.0,-0.026349566073854327,0.003691046223806832
2423.0,-0.027638600924445946,0.0037607624738815178
2422.0,-0.027638600924445946,0.0037815668674253946
2421.0,-0.027638600924445946,0.0038566817013175715
2420.0,-0.027638600924445946,0.003913237586567183
2419.0,-0.02894692538591337,0.003913237586567183
2418.0,-0.027657890535320476,0.003913237586567183
2417.0,-0.027657890535320476,0.003913237586567183
2416.0,-0.027657890535320476,0.003913237586567183
2415.0,-0.027677176221738688,0.003935148886873498
2414.0,-0.027677176221738688,0.0040533774382312746
2413.0,-0.027677176221738688,0.0042617253961620746
2412.0,-0.028966080912807973,0.0043326486623107814
2411.0,-0.027657890535320476,0.004371625757187745
2410.0,-0.027657890535320476,0.004371625757187745
2409.0,-0.027657890535320476,0.004371751468765255
2408.0,-0.02894692538591337,0.004387559064327645
2407.0,-0.02894692538591337,0.004463980505195575
2406.0,-0.02894692538591337,0.004524743885754795
2405.0,-0.02894692538591337,0.004524743885754795
2404.0,-0.02894692538591337,0.004524743885754795
2403.0,-0.027657890535320476,0.004524743885754795
2402.0,-0.027657890535320476,0.004524743885754795
2401.0,-0.026368985844252416,0.004534752681541183
2400.0,-0.026368985844252416,0.004734565301042017
2399.0,-0.026368985844252416,0.004831465291191853
2398.0,-0.026368985844252416,0.004831465291191853
2397.0,-0.027677176221738688,0.004831465291191853
2396.0,-0.028966080912807973,0.004831465291191853
2395.0,-0.028966080912807973,0.004831465291191853
2394.0,-0.027657890535320476,0.004845949885280259
2393.0,-0.027657890535320476,0.004919264326414664
2392.0,-0.027657890535320476,0.004996092444192296
2391.0,-0.028966080912807973,0.005113518129985255
2390.0,-0.027677176221738688,0.005138835842944617
2389.0,-0.026388401663914273,0.005138835842944617
2388.0,-0.02769645798489774,0.005138835842944617
2387.0,-0.026407813534037445,0.005138835842944617
2386.0,-0.026427221455832428,0.005138835842944617
2385.0,-0.02513883714011147,0.005138835842944617
2384.0,-0.0238505828525833,0.005138835842944617
2383.0,-0.021254536275047874,0.005138835842944617
2382.0,-0.019946479954065174,0.005125318687163835
2381.0,-0.018638289576578544,0.005055887545847004
2380.0,-0.017329965115110355,0.004992530650368065
2379.0,-0.01990634368822129,0.004985069252092278
2378.0,-0.019886269430999845,0.004985069252092278
2377.0,-0.02248324237410013,0.004985069252092278
2376.0,-0.025060661382784635,0.004985069252092278
2375.0,-0.027657890535320476,0.004977020814190071
2374.0,-0.027657890535320476,0.0048825195173174945
2373.0,-0.026368985844252416,0.004831465291191853
2372.0,-0.025060661382784635,0.004831465291191853
2371.0,-0.023771886824960783,0.004831465291191853
2370.0,-0.02248324237410013,0.0048241644062662035
2369.0,-0.01990634368822129,0.00469124544345522
2368.0,-0.017309630827751585,0.0045504194910602515
2367.0,-0.017309630827751585,0.004524743885754795
2366.0,-0.01600103811584278,0.004524743885754795
2365.0,-0.015980565524987334,0.004524743885754795
2364.0,-0.017268949840705997,0.004524743885754795
2363.0,-0.017268949840705997,0.004524743885754795
2362.0,-0.018618089400692584,0.004524743885754795
2361.0,-0.01867867760478889,0.004556009808468164
2360.0,-0.01741126091955154,0.004709322566601716
2359.0,-0.013528519133817913,0.004854805745810821
2358.0,-0.01222046281283567,0.004930001107175021
2357.0,-0.012178767467661767,0.004985069252092278
2356.0,-0.014733512232297285,0.004985069252092278
2355.0,-0.018597885115279704,0.004985069252092278
2354.0,-0.018557464210863853,0.004996582251921391
2353.0,-0.01851702685328948,0.005058021868960045
2352.0,-0.01722825229546415,0.005138835842944617
2351.0,-0.014692311237457508,0.005138835842944617
2350.0,-0.012137055160002052,0.005138835842944617
2349.0,-0.009540593844495843,0.005138835842944617
2348.0,-0.008231732772120422,0.005138835842944617
2347.0,-0.008231732772120422,0.005138835842944617
2346.0,-0.008252989304425978,0.005138835842944617
2345.0,-0.008274241513592415,0.005138835842944617
2344.0,-0.008295489400939215,0.005138835842944617
2343.0,-0.005721189181030504,0.005138835842944617
2342.0,-0.0031691706045886645,0.005138835842944617
2341.0,-0.0031909287597556304,0.005138835842944617
2340.0,-0.004477495066055758,0.005138835842944617
2339.0,-0.0044558665985354835,0.005138835842944617
2338.0,-0.005721189181030504,0.005138835842944617
2337.0,-0.005678169810645088,0.005143903572856211
2336.0,-0.0056351329381667155,0.005204928308503659
2335.0,-0.004326003395235634,0.005436875962763458
2334.0,-0.003016739575723109,0.005446858294553041
2333.0,-0.001707341452079486,0.005461882703638086
2332.0,-0.001707341452079486,0.0055374225593669
2331.0,0.0008674780417013016,0.005599538090620225
2330.0,-0.00044192008194260184,0.005610677043162949
2329.0,-0.00044192008194260184,0.005664375743302737
2328.0,-0.0017730984382868559,0.005732026777340418
2327.0,-0.0018169141430431242,0.005755535417114212
2326.0,-0.0018388153136844041,0.005811894035939874
2325.0,-0.0031474080255931075,0.005974734481621367
2324.0,-0.005764191060003112,0.006213918102980509
2323.0,-0.009688360050425844,0.006606034306691958
2322.0,-0.01230380265708628,0.007252230439282875
2321.0,-0.013590628364829457,0.0077698529514504825
2320.0,-0.014898148734436569,0.008094831298445581
2319.0,-0.01618510418213145,0.00840919425265155
2318.0,-0.01616466902633291,0.008652519841145668
2317.0,-0.017451884032431777,0.008878936044166815
2316.0,-0.017451884032431777,0.008878936044166815
2315.0,-0.01875940440203958,0.008878936044166815
2314.0,-0.01875940440203958,0.008887693820784567
2313.0,-0.01875940440203958,0.009090610069536126
2312.0,-0.02004674922660125,0.009302617535972814
2311.0,-0.02004674922660125,0.009603742621960702
2310.0,-0.01873922885699526,0.00987686910575547
2309.0,-0.0200267035262131,0.010084747871396389
2308.0,-0.0200267035262131,0.010147350495280415
2307.0,-0.0200267035262131,0.010147350495280415
2306.0,-0.021314308066283042,0.010147350495280415
2305.0,-0.02260204250340347,0.010160805816747744
2304.0,-0.02260204250340347,0.010289790941403388
2303.0,-0.02390956287301053,0.010455860164379022
2302.0,-0.022621828435890282,0.010687596816196503
2301.0,-0.02260204250340347,0.01084093143370951
2300.0,-0.02260204250340347,0.010945772140539246
2299.0,-0.023889906863790635,0.010947934543164268
2298.0,-0.02258225254751631,0.010983422580115273
2297.0,-0.02256245856700148,0.011141509378220345
2296.0,-0.0238505828525833,0.011266373885507724
2295.0,-0.0238505828525833,0.011278893637481973
2294.0,-0.0238505828525833,0.0113450420861267
2293.0,-0.02513883714011147,0.011425346728442967
2292.0,-0.02513883714011147,0.011505695798848432
2291.0,-0.02513883714011147,0.011672198404153915
2290.0,-0.026427221455832428,0.011833214640339268
2289.0,-0.026427221455832428,0.011960109445464613
2288.0,-0.026427221455832428,0.012033893445602377
2287.0,-0.026427221455832428,0.012072122102928781
2286.0,-0.026446625430498246,0.012092797024138343
2285.0,-0.02773500974621711,0.012172381251216922
2284.0,-0.026427221455832428,0.012232447501997498
2283.0,-0.027715735825989064,0.0122356455054938
2282.0,-0.027715735825989064,0.012364241318733472
2281.0,-0.026407813534037445,0.01251444456905386
2280.0,-0.027715735825989064,0.012555905389583748
2279.0,-0.027715735825989064,0.012555905389583748
2278.0,-0.027715735825989064,0.012676445257368236
2277.0,-0.026407813534037445,0.012717904883785316
2276.0,-0.026407813534037445,0.012723746977663557
2275.0,-0.026407813534037445,0.012763335030494649
2274.0,-0.026407813534037445,0.012913877416161408
2273.0,-0.026407813534037445,0.013157366495159292
2272.0,-0.026407813534037445,0.013367715952150059
2271.0,-0.026407813534037445,0.013367715952150059
2270.0,-0.02511929916387938,0.013367715952150059
2269.0,-0.02511929916387938,0.013378308572614133
2268.0,-0.026427221455832428,0.01342638090045526
2267.0,-0.02513883714011147,0.01350215184820165
2266.0,-0.02513883714011147,0.013530624024748032
2265.0,-0.02513883714011147,0.013530624024748032
2264.0,-0.02773500974621711,0.013535442918229165
2263.0,-0.026427221455832428,0.013595143593063718
2262.0,-0.026427221455832428,0.013753477401943732
2261.0,-0.026427221455832428,0.013856989401400444
2260.0,-0.027715735825989064,0.013872358040396675
2259.0,-0.027715735825989064,0.013950196076483144
2258.0,-0.027715735825989064,0.014031954613444834
2257.0,-0.026407813534037445,0.014190758311647922
2256.0,-0.026407813534037445,0.014347916735877129
2255.0,-0.026407813534037445,0.014347916735877129
2254.0,-0.026407813534037445,0.014395939638370355
2253.0,-0.027715735825989064,0.014487562828050807
2252.0,-0.02773500974621711,0.014827906655160499
2251.0,-0.02773500974621711,0.015005078633126596
2250.0,-0.026446625430498246,0.015005078633126596
2249.0,-0.029042664062492812,0.015024089477300558
2248.0,-0.02773500974621711,0.01514102642377278
2247.0,-0.02773500974621711,0.015169834784083548
2246.0,-0.02773500974621711,0.015169834784083548
2245.0,-0.02773500974621711,0.015169834784083548
2244.0,-0.02773500974621711,0.01518427501425858
2243.0,-0.02773500974621711,0.015563005121106326
2242.0,-0.02773500974621711,0.015716252779048215
2241.0,-0.02773500974621711,0.015791083395720308
2240.0,-0.02773500974621711,0.015830734816480636
2239.0,-0.02773500974621711,0.015830734816480636
2238.0,-0.02775427974677321,0.015830734816480636
2237.0,-0.02775427974677321,0.015844488548787953
2236.0,-0.029061800116380144,0.0159273207683548
2235.0,-0.029061800116380144,0.015996430820184863
2234.0,-0.02775427974677321,0.016009879390749743
2233.0,-0.02775427974677321,0.016147581038038643
2232.0,-0.02775427974677321,0.016300159803164904
2231.0,-0.026446625430498246,0.016395803200902136
2230.0,-0.026446625430498246,0.016587239698865972
2229.0,-0.026446625430498246,0.01674619427230382
2228.0,-0.02775427974677321,0.016865803652574996
2227.0,-0.02775427974677321,0.01694922059348691
2226.0,-0.026446625430498246,0.016994596477793663
2225.0,-0.026446625430498246,0.016994596477793663
2224.0,-0.02773500974621711,0.016994596477793663
2223.0,-0.026446625430498246,0.016994596477793663
2222.0,-0.026446625430498246,0.01700412445374709
2221.0,-0.026446625430498246,0.017277514022335603
2220.0,-0.026446625430498246,0.017587382694962322
2219.0,-0.026446625430498246,0.017663872000889536
2218.0,-0.026446625430498246,0.017663872000889536
2217.0,-0.02515837114296954,0.017780599050182845
2216.0,-0.026466025459243894,0.017831673904586523
2215.0,-0.026466025459243894,0.01783824624963196
2214.0,-0.026446625430498246,0.017914230039409052
2213.0,-0.02513883714011147,0.01817093236347514
2212.0,-0.026427221455832428,0.018255102522404656
2211.0,-0.026427221455832428,0.01833932149081348
2210.0,-0.026427221455832428,0.018424204988471585
2209.0,-0.026427221455832428,0.01853905320178792
2208.0,-0.026427221455832428,0.018794148911031365
2207.0,-0.02773500974621711,0.018842577277203346
2206.0,-0.026446625430498246,0.018842577277203346
2205.0,-0.026446625430498246,0.018842577277203346
2204.0,-0.026446625430498246,0.018870198349182785
2203.0,-0.026446625430498246,0.01896030423431425
2202.0,-0.0238505828525833,0.019084004380993957
2201.0,-0.023830914848159142,0.01924791385895908
2200.0,-0.02511929916387938,0.019350679946456527
2199.0,-0.026427221455832428,0.019350679946456527
2198.0,-0.026427221455832428,0.0194331367262329
2197.0,-0.026427221455832428,0.01951804180401007
2196.0,-0.02773500974621711,0.019520443298916675
2195.0,-0.026446625430498246,0.019520443298916675
2194.0,-0.02515837114296954,0.019520443298916675
2193.0,-0.02515837114296954,0.01957284331671224
2192.0,-0.02515837114296954,0.01965783013527062
2191.0,-0.02515837114296954,0.01969485884675512
2190.0,-0.02515837114296954,0.01975197643061619
2189.0,-0.02515837114296954,0.01991774582770101
2188.0,-0.02515837114296954,0.02003092723923285
2187.0,-0.023870246857386698,0.02003092723923285
2186.0,-0.023870246857386698,0.02003092723923285
2185.0,-0.023870246857386698,0.02001546846731794
2184.0,-0.02515837114296954,0.019859394153372206
2183.0,-0.02515837114296954,0.019704656929358123
2182.0,-0.0238505828525833,0.019681018339282853
2181.0,-0.02513883714011147,0.019579590747871863
2180.0,-0.02513883714011147,0.01941912330619443
2179.0,-0.02513883714011147,0.019350679946456527
2178.0,-0.02513883714011147,0.01936740362355466
2177.0,-0.02511929916387938,0.019452270272155306
2176.0,-0.026427221455832428,0.01953718654159311
2175.0,-0.02513883714011147,0.0196255042754623
2174.0,-0.02513883714011147,0.019849199203336117
2173.0,-0.02513883714011147,0.02016380563455129
2172.0,-0.02513883714011147,0.020273370622113176
2171.0,-0.02513883714011147,0.020358768483118385
2170.0,-0.02513883714011147,0.020372249444498402
2169.0,-0.0238505828525833,0.020514334384675304
2168.0,-0.02515837114296954,0.020762750071799438
2167.0,-0.02515837114296954,0.02092752555140485
2166.0,-0.023870246857386698,0.021013309043822027
2165.0,-0.023870246857386698,0.02105958114935816
2164.0,-0.026466025459243894,0.02109720582379401
2163.0,-0.026466025459243894,0.02126674755048917
2162.0,-0.026466025459243894,0.02141244185347417
2161.0,-0.026466025459243894,0.021519218855905055
2160.0,-0.026446625430498246,0.02157323410341108
2159.0,-0.026446625430498246,0.02157323410341108
2158.0,-0.02513883714011147,0.02157323410341108
2157.0,-0.02513883714011147,0.02157323410341108
2156.0,-0.02513883714011147,0.02157323410341108
2155.0,-0.02515837114296954,0.02157323410341108
2154.0,-0.02515837114296954,0.02157323410341108
2153.0,-0.02515837114296954,0.02157323410341108
2152.0,-0.02515837114296954,0.02157323410341108
2151.0,-0.02515837114296954,0.02157323410341108
2150.0,-0.02515837114296954,0.02157323410341108
2149.0,-0.02515837114296954,0.02157323410341108
2148.0,-0.0238505828525833,0.02157323410341108
2147.0,-0.0238505828525833,0.02157323410341108
2146.0,-0.0238505828525833,0.02157323410341108
2145.0,-0.02515837114296954,0.02157323410341108
2144.0,-0.02515837114296954,0.02157323410341108
2143.0,-0.026466025459243894,0.021652125813582782
2142.0,-0.025177901173661536,0.02181842551519431
2141.0,-0.025177901173661536,0.021918204649200086
2140.0,-0.02515837114296954,0.021918204649200086
2139.0,-0.02515837114296954,0.02172794469475192
2138.0,-0.02515837114296954,0.02157323410341108
2137.0,-0.02515837114296954,0.02157323410341108
2136.0,-0.02515837114296954,0.02157323410341108
2135.0,-0.02515837114296954,0.02157323410341108
2134.0,-0.02515837114296954,0.02157323410341108
2133.0,-0.026466025459243894,0.02157323410341108
2132.0,-0.026466025459243894,0.02157323410341108
2131.0,-0.026466025459243894,0.02157323410341108
2130.0,-0.026466025459243894,0.02157323410341108
2129.0,-0.026466025459243894,0.02157323410341108
2128.0,-0.026466025459243894,0.02157323410341108
2127.0,-0.026466025459243894,0.02157323410341108
2126.0,-0.025177901173661536,0.02157323410341108
2125.0,-0.026466025459243894,0.02157323410341108
2124.0,-0.02775427974677321,0.02157323410341108
2123.0,-0.02775427974677321,0.02157323410341108
2122.0,-0.026466025459243894,0.02157323410341108
2121.0,-0.026466025459243894,0.02157323410341108
2120.0,-0.027773545828851692,0.02157323410341108
2119.0,-0.026485421543269796,0.02157323410341108
2118.0,-0.026485421543269796,0.02157323410341108
2117.0,-0.026485421543269796,0.02157323410341108
2116.0,-0.027773545828851692,0.02157323410341108
2115.0,-0.027773545828851692,0.02157323410341108
2114.0,-0.027773545828851692,0.02157323410341108
2113.0,-0.027773545828851692,0.02157323410341108
2112.0,-0.029080932279235448,0.02157323410341108
2111.0,-0.027792807993652555,0.02157323410341108
2110.0,-0.026485421543269796,0.02157323410341108
2109.0,-0.026485421543269796,0.02157323410341108
2108.0,-0.026485421543269796,0.02157323410341108
2107.0,-0.026485421543269796,0.02157323410341108
2106.0,-0.026485421543269796,0.02157323410341108
2105.0,-0.026485421543269796,0.02157323410341108
2104.0,-0.026485421543269796,0.02157323410341108
2103.0,-0.027792807993652555,0.02155916966925545
2102.0,-0.026504813683782037,0.021473063247881122
2101.0,-0.027792807993652555,0.02140105562267188
2100.0,-0.027792807993652555,0.02140105562267188
2099.0,-0.026485421543269796,0.02140105562267188
2098.0,-0.026485421543269796,0.02140105562267188
2097.0,-0.027773545828851692,0.02140105562267188
2096.0,-0.029080932279235448,0.02140105562267188
2095.0,-0.029100060552236795,0.02140105562267188
2094.0,-0.027812066242367196,0.02140105562267188
2093.0,-0.027812066242367196,0.02140105562267188
2092.0,-0.026504813683782037,0.021323070645423145
2091.0,-0.026504813683782037,0.021057309825528267
2090.0,-0.026504813683782037,0.021057309825528267
2089.0,-0.026504813683782037,0.021057309825528267
2088.0,-0.029100060552236795,0.021057309825528267
2087.0,-0.027812066242367196,0.021033485908401407
2086.0,-0.027812066242367196,0.020907728903175403
2085.0,-0.029119184936573807,0.02082200773287951
2084.0,-0.030407179246445343,0.020736337128287544
2083.0,-0.030407179246445343,0.02071437570752741
2082.0,-0.029119184936573807,0.02071437570752741
2081.0,-0.029119184936573807,0.02071437570752741
2080.0,-0.030426169793821987,0.020647846705441477
2079.0,-0.030426169793821987,0.020476761145510218
2078.0,-0.029119184936573807,0.020372249444498402
2077.0,-0.029119184936573807,0.020372249444498402
2076.0,-0.030407179246445343,0.020372249444498402
2075.0,-0.030407179246445343,0.020372249444498402
2074.0,-0.029119184936573807,0.020372249444498402
2073.0,-0.03171416410369258,0.020372249444498402
2072.0,-0.03171416410369258,0.020372249444498402
2071.0,-0.03173302084151198,0.020314273265339487
2070.0,-0.03173302084151198,0.020228901554919264
2069.0,-0.03173302084151198,0.020201488070924433
2068.0,-0.030426169793821987,0.020173857207802084
2067.0,-0.030407179246445343,0.020088567973720415
2066.0,-0.029100060552236795,0.02003092723923285
2065.0,-0.029100060552236795,0.02003092723923285
2064.0,-0.03171416410369258,0.02003092723923285
2063.0,-0.03173302084151198,0.02003092723923285
2062.0,-0.030426169793821987,0.02003092723923285
2061.0,-0.030426169793821987,0.02003092723923285
2060.0,-0.030426169793821987,0.02003092723923285
2059.0,-0.03173302084151198,0.02003092723923285
2058.0,-0.03175187374664839,0.02003092723923285
2057.0,-0.03175187374664839,0.019926317044016716
2056.0,-0.03303973810703561,0.019690405321231928
2055.0,-0.03303973810703561,0.019690405321231928
2054.0,-0.03303973810703561,0.019690405321231928
2053.0,-0.03303973810703561,0.019690405321231928
2052.0,-0.03303973810703561,0.019628344497229288
2051.0,-0.03434632161778778,0.019528582352798758
2050.0,-0.03303973810703561,0.019443671113579766
2049.0,-0.03303973810703561,0.0193588094893198
2048.0,-0.03432773241690727,0.01919735964967207
2047.0,-0.03434632161778778,0.019011747397080208
2046.0,-0.03175187374664839,0.019011747397080208
2045.0,-0.03175187374664839,0.019011747397080208
2044.0,-0.03175187374664839,0.019011747397080208
2043.0,-0.030445156481123947,0.019011747397080208
2042.0,-0.029138305433434566,0.018995304095789055
2041.0,-0.030445156481123947,0.01891070397818194
2040.0,-0.03434632161778778,0.018809738499946955
2039.0,-0.03565277140114495,0.018581188879518405
2038.0,-0.03436490704075648,0.01843405171700691
2037.0,-0.03436490704075648,0.01834977781204409
2036.0,-0.03695908748447799,0.018265552780241927
2035.0,-0.03695908748447799,0.018181376564947054
2034.0,-0.03567122312408891,0.01816786047019767
2033.0,-0.038265269895149445,0.018086373994442528
2032.0,-0.038265269895149445,0.017918277693933837
2031.0,-0.038265269895149445,0.017831673904586523
2030.0,-0.038265269895149445,0.017831673904586523
2029.0,-0.03695908748447799,0.017831673904586523
2028.0,-0.03695908748447799,0.01782080038955101
2027.0,-0.038247081794348325,0.017736881482703935
2026.0,-0.03695908748447799,0.017663872000889536
2025.0,-0.038265269895149445,0.017663872000889536
2024.0,-0.03957131866051192,0.017598935663136764
2023.0,-0.03957131866051192,0.01751514481947521
2022.0,-0.03828345430012302,0.017301791444284325
2021.0,-0.03697740553476116,0.016959574784599328
2020.0,-0.03434632161778778,0.016876151898128022
2019.0,-0.030426169793821987,0.01682775839914384
2018.0,-0.027812066242367196,0.01682775839914384
2017.0,-0.029119184936573807,0.016650328595451708
2016.0,-0.03434632161778778,0.016494656116667804
2015.0,-0.03828345430012302,0.016494656116667804
2014.0,-0.03830163501040587,0.01647850450991529
2013.0,-0.039589369447527396,0.016199900969039498
2012.0,-0.039589369447527396,0.015996430820184863
2011.0,-0.040877233807915477,0.015996430820184863
2010.0,-0.03828345430012302,0.016114185137282355
2009.0,-0.03828345430012302,0.01628020505307773
2008.0,-0.040877233807915477,0.016328391036696248
2007.0,-0.04220079899778585,0.01635788857495773
2006.0,-0.04091306456066604,0.016441014211516128
2005.0,-0.04093097447810191,0.016553735718212843
2004.0,-0.04221857901817261,0.01682775839914384
2003.0,-0.04221857901817261,0.01682775839914384
2002.0,-0.04091306456066604,0.01682775839914384
2001.0,-0.039589369447527396,0.01682775839914384
2000.0,-0.03828345430012302,0.01682775839914384
1999.0,-0.03828345430012302,0.016494656116667804
1998.0,-0.039589369447527396,0.016494656116667804
1997.0,-0.039607416567183015,0.016494656116667804
1996.0,-0.04220079899778585,0.016494656116667804
1995.0,-0.040877233807915477,0.016494656116667804
1994.0,-0.036940765711014775,0.01644641496877437
1993.0,-0.03430913943696419,0.016328391036696248
1992.0,-0.03692244021324157,0.016328391036696248
1991.0,-0.038265269895149445,0.01605701994072467
1990.0,-0.03828345430012302,0.015996430820184863
1989.0,-0.035689671097640804,0.015841468769296606
1988.0,-0.03828345430012302,0.015830734816480636
1987.0,-0.04220079899778585,0.015675949360560406
1986.0,-0.043523959967017745,0.015665227640171947
1985.0,-0.04482920743450093,0.01547347038755704
1984.0,-0.043523959967017745,0.015334778051663275
1983.0,-0.04611694187162036,0.015239062793032884
1982.0,-0.04611694187162036,0.015132704514123133
1981.0,-0.04611694187162036,0.014930944219869803
1980.0,-0.044811694404137306,0.01467612598627908
1979.0,-0.04611694187162036,0.01467612598627908
1978.0,-0.04611694187162036,0.01467612598627908
1977.0,-0.04611694187162036,0.014533202382306853
1976.0,-0.044811694404137306,0.01451192864658086
1975.0,-0.04611694187162036,0.01451192864658086
1974.0,-0.047422055885041184,0.01451192864658086
1973.0,-0.0461343214479219,0.014347916735877129
1972.0,-0.0461343214479219,0.014179102757832863
1971.0,-0.04611694187162036,0.013936183066429427
1970.0,-0.04348866335817374,0.013856989401400444
1969.0,-0.035634315927658526,0.013856989401400444
1968.0,-0.026485421543269796,0.013856989401400444
1967.0,-0.026504813683782037,0.013856989401400444
1966.0,-0.03436490704075648,0.013804580343756102
1965.0,-0.04221857901817261,0.013530624024748032
1964.0,-0.04354160289443088,0.013399375995702949
1963.0,-0.04484671690785214,0.013367715952150059
1962.0,-0.04482920743450093,0.013367715952150059
1961.0,-0.04482920743450093,0.01323661497975094
1960.0,-0.0461343214479219,0.012806985711102944
1959.0,-0.048744149221712545,0.012717904883785316
1958.0,-0.048744149221712545,0.012717904883785316
1957.0,-0.0461343214479219,0.01264488685176384
1956.0,-0.043523959967017745,0.012555905389583748
1955.0,-0.043523959967017745,0.012555905389583748
1954.0,-0.04872703647168677,0.012524917153579344
1953.0,-0.050031883658833,0.012263435738001902
1952.0,-0.048744149221712545,0.012555905389583748
1951.0,-0.047456544681641996,0.012316263203660374
1950.0,-0.047456544681641996,0.012112826258990541
1949.0,-0.043523959967017745,0.01207098830638724
1948.0,-0.03438348868696843,0.011951499902100558
1947.0,-0.026543586139065704,0.011909708410309259
1946.0,-0.02260204250340347,0.011909708410309259
1945.0,-0.021234604239647913,0.011909708410309259
1944.0,-0.018597885115279704,0.011785423768930294
1943.0,-0.01990634368822129,0.011587684926950137
1942.0,-0.029100060552236795,0.011587684926950137
1941.0,-0.04221857901817261,0.011587684926950137
1940.0,-0.05008281144953819,0.011587684926950137
1939.0,-0.051403961085293624,0.011587684926950137
1938.0,-0.05138712531131228,0.011479006456110366
1937.0,-0.05137028611875677,0.011426940548068818
1936.0,-0.05137028611875677,0.01131838223034457
1935.0,-0.05006583896651422,0.011266373885507724
1934.0,-0.051353443506584155,0.010945772140539246
1933.0,-0.051353443506584155,0.010945772140539246
1932.0,-0.05394562509594642,0.010945772140539246
1931.0,-0.05265789065882635,0.010894373742308528
1930.0,-0.05265789065882635,0.010785736276970251
1929.0,-0.053962204520600236,0.010785736276970251
1928.0,-0.05526638511914407,0.010476980098590707
1927.0,-0.05267459998053094,0.010466192624424438
1926.0,-0.04615169749449533,0.010466192624424438
1925.0,-0.038265269895149445,0.010306684061994805
1924.0,-0.026485421543269796,0.010209281221992366
1923.0,-0.019986599896742778,0.010147350495280415
1922.0,-0.029176534769458303,0.010147350495280415
1921.0,-0.04615169749449533,0.010065782909936602
1920.0,-0.05916208107256974,0.009829206816047513
1919.0,-0.05916208107256974,0.009829206816047513
1918.0,-0.056554119556263834,0.009829206816047513
1917.0,-0.05657043248168639,0.009829206816047513
1916.0,-0.05660304839835038,0.009829206816047513
1915.0,-0.05402848856769055,0.009829206816047513
1914.0,-0.05013370822792812,0.009829206816047513
1913.0,-0.047491019472733376,0.009829206816047513
1912.0,-0.039607416567183015,0.009742411590447492
1911.0,-0.025216949323393623,0.009670395940197592
1910.0,-0.01606243090631895,0.009670395940197592
1909.0,-0.021274464257130175,0.009670395940197592
1908.0,-0.03303973810703561,0.009670395940197592
1907.0,-0.04091306456066604,0.009670395940197592
1906.0,-0.040966783400650124,0.009670395940197592
1905.0,-0.047456544681641996,0.009670395940197592
1904.0,-0.05264117794370433,0.009670395940197592
1903.0,-0.05137028611875677,0.009670395940197592
1902.0,-0.05138712531131228,0.009670395940197592
1901.0,-0.05528282794161627,0.009670395940197592
1900.0,-0.06046586204475968,0.009670395940197592
1899.0,-0.05528282794161627,0.009670395940197592
1898.0,-0.046169070012423694,0.009670395940197592
1897.0,-0.03830163501040587,0.009593972210830201
1896.0,-0.03434632161778778,0.009511758533389125
1895.0,-0.03307717260363585,0.009511758533389125
1894.0,-0.039661535933166354,0.009511758533389125
1893.0,-0.05267459998053094,0.009471586280661803
1892.0,-0.05912997822652282,0.009195002613946901
1891.0,-0.05387927371505597,0.009195002613946901
1890.0,-0.04737029641113364,0.009195002613946901
1889.0,-0.05259101942752798,0.009195002613946901
1888.0,-0.057825797627979396,0.009195002613946901
1887.0,-0.05137028611875677,0.009195002613946901
1886.0,-0.04098468240797269,0.009195002613946901
1885.0,-0.04094888075772943,0.009195002613946901
1884.0,-0.047439302034566186,0.009195002613946901
1883.0,-0.05138712531131228,0.009195002613946901
1882.0,-0.052724707595499666,0.009185192420325264
1881.0,-0.057922866082270125,0.009036883347927328
1880.0,-0.06310431568458698,0.009036883347927328
1879.0,-0.05922624767294005,0.009046693541548965
1878.0,-0.05404505117170703,0.009195002613946901
1877.0,-0.05533213638551687,0.009195002613946901
1876.0,-0.05921021090683251,0.009195002613946901
1875.0,-0.057922866082270125,0.009195002613946901
1874.0,-0.05404505117170703,0.009195002613946901
1873.0,-0.057939032666841105,0.009195002613946901
1872.0,-0.06437640614391028,0.009195002613946901
1871.0,-0.06169056051681082,0.009139314747766742
1870.0,-0.03946293686123134,0.009036883347927328
1869.0,-0.011949139586946341,0.009036883347927328
1868.0,0.0037789670508289364,0.009036883347927328
1867.0,0.004954710645193845,0.009036883347927328
1866.0,-0.010912272435347996,0.009036883347927328
1865.0,-0.03706893997822243,0.009036883347927328
1864.0,-0.05790669621617757,0.009036883347927328
1863.0,-0.060529496190805936,0.00913844888666601
1862.0,-0.05534856586236205,0.009195002613946901
1861.0,-0.05661935139161482,0.009195002613946901
1860.0,-0.06046586204475968,0.009195002613946901
1859.0,-0.05657043248168639,0.009195002613946901
1858.0,-0.05269130590985634,0.009195002613946901
1857.0,-0.05529926742616151,0.009195002613946901
1856.0,-0.06178529011612058,0.009195002613946901
1855.0,-0.059194170885396656,0.009195002613946901
1854.0,-0.055315703573788726,0.009195002613946901
1853.0,-0.05661935139161482,0.009490371490464323
1852.0,-0.06051359249750205,0.009511758533389125
1851.0,-0.057939032666841105,0.009195002613946901
1850.0,-0.05143762238168939,0.009195002613946901
1849.0,-0.04622116640506722,0.009195002613946901
1848.0,-0.03574499253333274,0.009195002613946901
1847.0,-0.01741126091955154,0.009265521034024598
1846.0,-0.00033160870251306866,0.009511758533389125
1845.0,0.004954710645193845,0.00954707550335469
1844.0,-0.0029295386282030835,0.009670395940197592
1843.0,-0.017451884032431777,0.009670395940197592
1842.0,-0.038446947818568736,0.009670395940197592
1841.0,-0.05150490399734799,0.00980819613717257
1840.0,-0.051454447906185335,0.009691406619072534
1839.0,-0.03837432092706835,0.009670395940197592
1838.0,-0.027927533563687223,0.009829206816047513
1837.0,-0.030521064653118667,0.009829206816047513
1836.0,-0.04355924223863259,0.009829206816047513
1835.0,-0.05533213638551687,0.009829206816047513
1834.0,-0.06577189407012654,0.009879424523239729
1833.0,-0.06961856313249758,0.010147350495280415
1832.0,-0.061706356799634876,0.010097132788088199
1831.0,-0.04463636822624202,0.009829206816047513
1830.0,-0.026310714676003107,0.009970694240763594
1829.0,-0.02246342825201853,0.010147350495280415
1828.0,-0.035634315927658526,0.010147350495280415
1827.0,-0.047439302034566186,0.010147350495280415
1826.0,-0.047473783827344004,0.010147350495280415
1825.0,-0.047473783827344004,0.010306684061994805
1824.0,-0.05399535327239886,0.010306684061994805
1823.0,-0.060529496190805936,0.0103781426218948
1822.0,-0.05925831144312623,0.010394734064524444
1821.0,-0.057955195970898724,0.010495930954448621
1820.0,-0.06311995648759788,0.010785736276970251
1819.0,-0.0657257884037933,0.010800630014613304
1818.0,-0.060561293896884645,0.010945772140539246
1817.0,-0.057955195970898724,0.010945772140539246
1816.0,-0.0657257884037933,0.010945772140539246
1815.0,-0.0670132630730115,0.011182420471366767
1814.0,-0.048812565480651555,0.011266373885507724
1813.0,-0.024007783004053287,0.011266373885507724
1812.0,-0.012157913434788798,0.011327904796834435
1811.0,-0.009519467209240696,0.01148853956224432
1810.0,-0.009625057429249436,0.011711087868031694
1809.0,-0.024027415055769007,0.011909708410309259
1808.0,-0.04355924223863259,0.011909708410309259
1807.0,-0.05138712531131228,0.011909708410309259
1806.0,-0.04884675278023306,0.011909708410309259
1805.0,-0.05665194745303166,0.011914270050889925
1804.0,-0.07482756854947005,0.01207098830638724
1803.0,-0.07873292810177474,0.01207098830638724
1802.0,-0.057955195970898724,0.01207098830638724
1801.0,-0.033189384859212405,0.01207098830638724
1800.0,-0.022700931956364415,0.01217970798596576
1799.0,-0.01618510418213145,0.012335446197141598
1798.0,-0.004499119137243304,0.012555905389583748
1797.0,0.0007122909194462842,0.012607490888522359
1796.0,-0.008401664056478362,0.012717904883785316
1795.0,-0.025431430656169974,0.013154903601828862
1794.0,-0.04641191535646113,0.012891943344426528
1793.0,-0.07244367230793818,0.012880085281982253
1792.0,-0.08797185107752223,0.012880085281982253
1791.0,-0.0827462027181877,0.013193132347199356
1790.0,-0.06718075326656281,0.013304021269400036
1789.0,-0.05808438442441197,0.013367715952150059
1788.0,-0.05803596331833234,0.013466857895339456
1787.0,-0.05541425044120185,0.013530624024748032
1786.0,-0.04764598294297233,0.013613406276170538
1785.0,-0.045004142281213036,0.013774207149977938
1784.0,-0.03710552773304704,0.013654867266907043
1783.0,-0.013549226419673262,0.01410350976623477
1782.0,0.021787469373547516,0.014465128041689534
1781.0,0.04013335090302761,0.014659496408109108
1780.0,0.025672666526147397,0.014971762966959143
1779.0,-0.005785685443542768,0.015153148610626915
1778.0,-0.02541195215356057,0.01531807292740932
1777.0,-0.02541195215356057,0.015665227640171947
1776.0,-0.02016693790638459,0.015665227640171947
1775.0,-0.022760217411083222,0.015755229615112738
1774.0,-0.031902559151468994,0.015830734816480636
1773.0,-0.02802364885774053,0.01586202948930824
1772.0,-0.02016693790638459,0.015996430820184863
1771.0,-0.02796599139618758,0.01605912748235692
1770.0,-0.04107412294938407,0.01635979318982031
1769.0,-0.045091476654722774,0.016671910486965622
1768.0,-0.045108932902703146,0.016966891513291168
1767.0,-0.050269281569794204,0.01755273277679982
1766.0,-0.05546347890874951,0.01780380888826052
1765.0,-0.06068835579148884,0.01811203366529888
1764.0,-0.07885924297238404,0.01841699870101791
1763.0,-0.10348526879310621,0.018666614138240775
1762.0,-0.10996546538739246,0.019085965569212993
1761.0,-0.09313042996857944,0.019513413157129192
1760.0,-0.07884521936470215,0.02003092723923285
1759.0,-0.0775304676271199,0.02003092723923285
1758.0,-0.08143224592347664,0.020052091450594136
1757.0,-0.07370025049329541,0.02022267716672574
1756.0,-0.05946640919787256,0.020372249444498402
1755.0,-0.04646386397383284,0.020899169802110915
1754.0,-0.025703714938975615,0.021454137627180302
1753.0,0.004053552359217518,0.02157323410341108
1752.0,0.024785904839880423,0.021838571303439587
1751.0,0.03932334424152204,0.02206144272159476
1750.0,0.06587405345629184,0.022407576483900085
1749.0,0.09897279776491918,0.02275453716168069
1748.0,0.11090342813666204,0.02317459294270717
1747.0,0.08994094658899021,0.023655456601594686
1746.0,0.06370518565594156,0.02368660678122742
1745.0,0.05576120978866705,0.024201540003918293
1744.0,0.04519970856974483,0.024552818074884034
1743.0,0.015090565842826897,0.02494298915888245
1742.0,-0.0111008973752469,0.02548615669639627
1741.0,-0.017715532216224676,0.02609098475598567
1740.0,-0.013818038557960556,0.026300931049276218
1739.0,-0.012491069809453713,0.026551970684627058
1738.0,-0.0033865533065569513,0.027256191598063636
1737.0,0.03046579885951742,0.027687015442456765
1736.0,0.06552878887381164,0.028398286187876317
1735.0,0.0665808661268849,0.02875987616127754
1734.0,0.06660968805537008,0.029711344797165657
1733.0,0.08393529276409428,0.030267266707558287
1732.0,0.08818753024214507,0.03099974848313967
1731.0,0.07784886311091986,0.031736950649072726
1730.0,0.05433658959500182,0.032477913962795875
1729.0,0.022927766018112153,0.03365295781434607
1728.0,-0.005850142386356082,0.034268535854021315
1727.0,-0.02149340489419329,0.03490153477399824
1726.0,-0.01628721768976714,0.03522662805931075
1725.0,-0.004499119137243304,0.036653285652607746
1724.0,-0.0018607120316468495,0.037364962200580464
1723.0,-0.004520738813433126,0.03816311119560134
1722.0,0.0006015781103128658,0.039465520516703885
1721.0,0.017662791060024986,0.04140896097823567
1720.0,0.02837090188754571,0.0427901445030467
1719.0,0.01659074128675743,0.043617858394391085
1718.0,-0.008528931298212025,0.04386070969542193
1717.0,-0.03598432968750361,0.04537723642759381
1716.0,-0.04241392111803473,0.047186963520567046
1715.0,-0.015083045117034613,0.048489060181724615
1714.0,0.02001739681982984,0.04967425482243817
1713.0,0.02925644735061702,0.05099897738186506
1712.0,0.025549116801973012,0.05284914470784628
1711.0,0.03475372905920827,0.05408922026029858
1710.0,0.055622248819250784,0.05541181985787367
1709.0,0.06747707623740097,0.05716399681084904
1708.0,0.06902515308086608,0.058711601841865094
1707.0,0.07171623799187934,0.06033315095440501
1706.0,0.05581683381534859,0.061825176046077956
1705.0,0.019068844963737237,0.06282925127289594
1704.0,0.020427810737041828,0.0639472231349246
1703.0,0.11746633990963895,0.06691021853446649
1702.0,0.24792289398059864,0.06797622816609554
1701.0,0.29832783425340326,0.06941206062544775
1700.0,0.2655312869224565,0.07134726993808309
1699.0,0.21797505318929528,0.0750768510876413
1698.0,0.18759841729387647,0.0763665931214014
1697.0,0.17345046445564952,0.07796151560105065
1696.0,0.15932538625147877,0.07992725858884951
1695.0,0.14466232780140398,0.08343206352075565
1694.0,0.11113794394136506,0.0875579618958487
1693.0,0.07399305048617864,0.09007910905087715
1692.0,0.06613355572070803,0.09286693927292956
1691.0,0.08592741615863547,0.09456211729060371
1690.0,0.09910180849040268,0.09955287615862146
1689.0,0.09505251923027488,0.10143529845337458
1688.0,0.09244975429480155,0.10357155206350033
1687.0,0.09800882609050278,0.10540104779489805
1686.0,0.08123948062157223,0.10814673053157507
1685.0,0.043237376432999484,0.1099773451241117
1684.0,0.04836615837068468,0.11139579825213612
1683.0,0.07836068185902345,0.11418313374112297
1682.0,0.08611296633555406,0.11626398526779094
1681.0,0.09257609680420023,0.11973305717241862
1680.0,0.10164073491053961,0.12212332067741638
1679.0,0.10421140606959468,0.12378057309886417
1678.0,0.10691375681642111,0.1246630320997299
1677.0,0.1266017173277288,0.1284218001140812
1676.0,0.14883992299243862,0.13062500878168345
1675.0,0.15027420467716152,0.13271737319366042
1674.0,0.13602652478336563,0.13588432517608331
1673.0,0.13745708392016648,0.13848458887318818
1672.0,0.17172545220996774,0.1400341772558557
1671.0,0.2101754766209694,0.14167232175093683
1670.0,0.2224145061352056,0.1459865291641785
1669.0,0.21323103860130538,0.14726618017759355
1668.0,0.18515075990382227,0.15008446642548667
1667.0,0.1387431317371974,0.1523246172173091
1666.0,0.10447383670613093,0.15417016952782184
1665.0,0.10190109305192267,0.15502406016716322
1664.0,0.1255964686389635,0.15732173189518048
1663.0,0.145393665065267,0.15822386017561665
1662.0,0.14285798742649047,0.15892599868079485
1661.0,0.13091815866957116,0.16087448834869428
1660.0,0.12802765406856925,0.16382694854453334
1659.0,0.11871746099803734,0.1649649229485213
1658.0,0.10041999588220363,0.16814693690151186
1657.0,0.10971784606312134,0.16918739649379116
1656.0,0.15337307351083246,0.1710667039063524
1655.0,0.17079696323059956,0.17359395142190256
1654.0,0.1511393494157842,0.1754617650893976
1653.0,0.205769189164018,0.1775738494766076
1652.0,0.2791667269183896,0.17949381056025862
1651.0,0.2415372641707268,0.18413321440118746
1650.0,0.18531558675271442,0.18532221084563594
1649.0,0.17590325110390292,0.18559015646249225
1648.0,0.17976139458110413,0.18639010191799307
1647.0,0.16112686926820685,0.18753301062264655
1646.0,0.15564032730067381,0.18800680727493838
1645.0,0.16358102279603404,0.18849326026948238
1644.0,0.1689170324815551,0.1885497332585988
1643.0,0.17289129464758474,0.1885497332585988
1642.0,0.18212854514185378,0.18964171232396107
1641.0,0.19406619950331036,0.18993879803810843
1640.0,0.21540489963240841,0.19019079627287477
1639.0,0.24882949008915362,0.19019079627287477
1638.0,0.2809225110351726,0.19019079627287477
1637.0,0.28750501337700124,0.19019079627287477
1636.0,0.2714673177099815,0.19019079627287477
1635.0,0.2528785577619669,0.19008859527746344
1634.0,0.21828724578791966,0.18964171232396107
1633.0,0.1678287000352184,0.18873405604889482
1632.0,0.14127821405261234,0.1885497332585988
1631.0,0.14913910172866543,0.18764885060093303
1630.0,0.17301098195546488,0.18568405971210802
1629.0,0.18780564086121795,0.18298715488302314
1628.0,0.18788858970380617,0.1814250561771073
1627.0,0.16927259924988416,0.17939586735275728
1626.0,0.14410748766509907,0.17639222468671426
1625.0,0.13620702039725346,0.17067963803858044
1624.0,0.1533351839426288,0.16688185878087536
1623.0,0.16786808599663397,0.16323518177735763
1622.0,0.14550488584906968,0.16017808993029373
1621.0,0.11249170603358864,0.1577731328960246
1620.0,0.10843166866295408,0.15425520361222914
1619.0,0.12945461211616557,0.15312057190891168
1618.0,0.13752957830105625,0.1514006915763037
1617.0,0.13763837545424934,0.14962746391780954
1616.0,0.14285798742649047,0.14601052116295368
1615.0,0.12688264603913083,0.14319699998473
1614.0,0.08868596928664613,0.14122089282132747
1613.0,0.07294401066721974,0.138074408896549
1612.0,0.09784802980516964,0.13298309547903783
1611.0,0.13470478855674675,0.13004487993071623
1610.0,0.1494387698946497,0.1272645152863596
1609.0,0.1482644461754769,0.1260995070052425
1608.0,0.1415714211201921,0.12301293295281104
1607.0,0.1255964686389635,0.11974609332126344
1606.0,0.10064697172294625,0.11769562615570717
1605.0,0.0901603888281316,0.11514731406395338
1604.0,0.10190109305192267,0.11367656635549228
1603.0,0.10582594797753163,0.1103750931773655
1602.0,0.08881083335100323,0.10878596869055478
1601.0,0.06513549463987969,0.10660387022177188
1600.0,0.0545025823241365,0.10455886970557851
1599.0,0.05313338320251636,0.10131139758029259
1598.0,0.05064249431614727,0.10037815011915933
1597.0,0.061217061736449946,0.09949163755392935
1596.0,0.07958733120207234,0.09716576131179742
1595.0,0.08746169258636485,0.09628661822963108
1594.0,0.07171623799187934,0.09422549720953749
1593.0,0.05069709196647363,0.09263343380233599
1592.0,0.04533334742821126,0.0909570268425849
1591.0,0.045279875555810534,0.08964877974400792
1590.0,0.03354399314585814,0.08603264024460272
1589.0,0.01916504150666647,0.08500491512255336
1588.0,0.015185109114047805,0.08371000081972685
1587.0,0.016424264507049105,0.08318242141222798
1586.0,0.007325091872378031,0.08094215579445112
1585.0,-0.0004860132244777254,0.07974319722328477
1584.0,0.007233773885414601,0.07897379222262167
1583.0,0.012401046905547414,0.07750294881763614
1582.0,-0.0031691706045886645,0.07668973573360177
1581.0,-0.01618510418213145,0.07531029194742914
1580.0,-0.0031474080255931075,0.07431602412642595
1579.0,0.02837090188754571,0.07346898075417817
1578.0,0.04828489993620265,0.0730122404374825
1577.0,0.04705055233013346,0.07161326803490287
1576.0,0.04946423720753653,0.07042206478279407
1575.0,0.03882031612358019,0.07007684568929798
1574.0,-0.003103869590736937,0.06940868823501174
1573.0,-0.030558995609244376,0.06830633923624489
1572.0,-0.016246384735923013,0.06743671952198636
1571.0,0.012564565562009128,0.0669649732981024
1570.0,0.024533487736662474,0.06609080902008461
1569.0,0.03364616072767574,0.0651575035034063
1568.0,0.043860502378923284,0.06444196769789051
1567.0,0.046378295680104535,0.06387179333480117
1566.0,0.0412622243175119,0.06352178779517977
1565.0,0.032130223223820566,0.06306555128137346
1564.0,0.018900689257363792,0.06223228536207574
1563.0,0.011068710797813443,0.06193537051123101
1562.0,0.009967669796449079,0.0612202089453817
1561.0,-0.02014691663480747,0.06038588848775982
1560.0,-0.07117293759512179,0.059812329895532666
1559.0,-0.04385856391434668,0.05920016094082369
1558.0,0.02817100601672545,0.05893187814511462
1557.0,0.017662791060024986,0.05870923030756722
1556.0,-0.04396396069320377,0.05830997188146553
1555.0,-0.09083908115050932,0.057705211700790446
1554.0,-0.09471500889101064,0.05723834068630532
1553.0,-0.0687679167222424,0.057115573699042875
1552.0,-0.04016506434490846,0.05692111751769011
1551.0,-0.0218704250402434,0.05643774940365277
1550.0,-0.019182145493921113,0.05610463049552422
1549.0,-0.02704619741984015,0.054714981332853234
1548.0,-0.038917588827526495,0.054677121863833264
1547.0,-0.0571878788394652,0.0541763895342046
1546.0,-0.0727218112729943,0.05353697201706493
1545.0,-0.06745402403717601,0.053265044212501264
1544.0,-0.03882727346205408,0.05273795019177687
1543.0,-0.018018878338511922,0.05225448959811651
1542.0,-0.03761620047984795,0.051504109253126464
1541.0,-0.07789767082088177,0.051264722355671304
1540.0,-0.05315769880721482,0.0507908022311416
1539.0,0.031750164468807796,0.05050094891707052
1538.0,0.059393976420503855,0.050239376748329886
1537.0,0.012261073156688744,0.0502345934065914
1536.0,-0.03084298731726553,0.05002487820040438
1535.0,-0.037361226542368994,0.04981070267651087
1534.0,-0.029481810966903704,0.049388899746430084
1533.0,-0.020326961766483187,0.04905471632642392
1532.0,-0.02293785717283469,0.04870802898656894
1531.0,-0.0203669271345092,0.04857001892638713
1530.0,-0.009962225933220912,0.04843154916930084
1529.0,-0.015144602177897834,0.047961838872781555
1528.0,-0.04382340315720524,0.04740757431645765
1527.0,-0.07770018620730261,0.04712490718738673
1526.0,-0.09074959986441931,0.047060665336888234
1525.0,-0.0881809978641719,0.04673888678105722
1524.0,-0.09203409471804487,0.04632271093898011
1523.0,-0.12309148279707302,0.046305539533134404
1522.0,-0.16314447308296462,0.046305539533134404
1521.0,-0.16700145078179182,0.045914705887246374
1520.0,-0.1282058273204984,0.04565223314428047
1519.0,-0.07890129674927732,0.04536835109027167
1518.0,-0.030767340712401815,0.04528778812572561
1517.0,-0.011226455854461104,0.04516554143492089
1516.0,-0.03082408142040974,0.044630448976442916
1515.0,-0.06473243510374385,0.044378711077593294
1514.0,-0.08301820430089792,0.04407582672677541
1513.0,-0.085652827103688,0.04407582672677541
1512.0,-0.08689689066555002,0.04393527324196882
1511.0,-0.07256091382901132,0.04369550610884371
1510.0,-0.025781368520916344,0.04367407672925108
1509.0,0.021035663932531777,0.04367407672925108
1508.0,0.011795723862169937,0.04367407672925108
1507.0,-0.01298877979530417,0.04327343500898962
1506.0,0.017019651742383835,0.04316582118453711
1505.0,0.047179330291408646,0.043073527845295764
1504.0,0.019872883059783766,0.043073527845295764
1503.0,-0.013941866548285801,0.04280082413450132
1502.0,-0.016511502711396477,0.04243899143139558
1501.0,-0.00602183561079343,0.04224022874367799
1500.0,-0.011142767203149792,0.0420054262029325
1499.0,-0.029367448603365976,0.04168182969363988
1498.0,-0.03864636800805486,0.041518017457031334
1497.0,-0.04012919274485301,0.04148409987209215
1496.0,-0.04011125149433414,0.04148409987209215
1495.0,-0.03875495527623163,0.04115714296110654
1494.0,-0.03618635327598446,0.04108944601105326
1493.0,-0.03361826804508288,0.04099619430524291
1492.0,-0.03877304031825882,0.040892520514450324
1491.0,-0.04523102758653009,0.04079939508045355
1490.0,-0.04264421854969963,0.04030334107966291
1489.0,-0.04128841035745997,0.04028010955113449
1488.0,-0.04766318364380744,0.04008427765193294
1487.0,-0.04375303884461664,0.039911878493617534
1486.0,-0.03859202481345732,0.039911878493617534
1485.0,-0.042484846546186276,0.039613728420040184
1484.0,-0.03984169590083717,0.03952146822762094
1483.0,-0.022878679986333743,0.03952146822762094
1482.0,-0.004650364650675246,0.03952146822762094
1481.0,-0.008571319249821074,0.03952146822762094
1480.0,-0.02683387787798786,0.03944183734529118
1479.0,-0.037288243841265924,0.039326655949593226
1478.0,-0.03084298731726553,0.039247131739609295
1477.0,-0.03605784495170053,0.03911120123858684
1476.0,-0.060831054319317554,0.0387437821311271
1475.0,-0.09213531548492059,0.0387437821311271
1474.0,-0.11170159391835498,0.0387437821311271
1473.0,-0.10656406234997735,0.03871439361379187
1472.0,-0.07668550673196847,0.038550009545352794
1471.0,-0.04668861004421044,0.038550009545352794
1470.0,-0.037488803927301466,0.038279693934305234
1469.0,-0.04523102758653009,0.03816323826085757
1468.0,-0.05554545983265822,0.03797023819060321
1467.0,-0.058132776086565446,0.03797023819060321
1466.0,-0.05427657518201374,0.03797023819060321
1465.0,-0.05043843922311332,0.037903938903827775
1464.0,-0.04915381509913439,0.03777749425853989
1463.0,-0.04913678546201612,0.03777749425853989
1462.0,-0.04262652490515264,0.0373969851882394
1461.0,-0.019162055802980017,0.037202894883731186
1460.0,0.007051360531065329,0.03720079251534524
1459.0,0.018900689257363792,0.03707921475071104
1458.0,0.020041499574235972,0.037009066373318605
1457.0,0.04723304687743311,0.037130644137952806
1456.0,0.07859155350261149,0.03720079251534524
1455.0,0.05383982594055195,0.037009066373318605
1454.0,0.005585007009313125,0.037009066373318605
1453.0,-0.02179117311611486,0.037009066373318605
1452.0,-0.03218443542708973,0.037009066373318605
1451.0,-0.04385856391434668,0.03670802861131153
1450.0,-0.05167286939080409,0.036626371734245974
1449.0,-0.05170642162512718,0.036626371734245974
1448.0,-0.05427657518201374,0.03644986443541718
1447.0,-0.05940243753148398,0.03643540190857983
1446.0,-0.05935442472875849,0.03643540190857983
1445.0,-0.05030314054140951,0.03643540190857983
1444.0,-0.045126385610964215,0.03643540190857983
1443.0,-0.052858178849262666,0.03643540190857983
1442.0,-0.059338413969648326,0.036312884158373734
1441.0,-0.05033698578420535,0.03586399449019263
1440.0,-0.03475433026104525,0.03586399449019263
1439.0,-0.011226455854461104,0.03586399449019263
1438.0,0.013592982975853214,0.035749232160306565
1437.0,0.0382738745493965,0.035674023852912455
1436.0,0.03824791169020064,0.035674023852912455
1435.0,0.005698149189338839,0.035674023852912455
1434.0,-0.025567669494886168,0.035674023852912455
1433.0,-0.02953893995472265,0.035674023852912455
1432.0,-0.02299699833583112,0.035674023852912455
1431.0,-0.029367448603365976,0.035674023852912455
1430.0,-0.034532006031357296,0.035674023852912455
1429.0,-0.03462470692573491,0.03529482642732709
1428.0,-0.03730649506795906,0.03529482642732709
1427.0,-0.03857390306551458,0.03529482642732709
1426.0,-0.022878679986333743,0.03529482642732709
1425.0,0.013592982975853214,0.03521505065317866
1424.0,0.02918130400589268,0.03510559834649435
1423.0,0.008359416852048822,0.03510559834649435
1422.0,-0.008507730864008854,0.03510559834649435
1421.0,0.004525747100735598,0.03510559834649435
1420.0,0.020186219002861595,0.03510559834649435
1419.0,0.013733790588699868,0.03510559834649435
1418.0,-0.0007062101800737293,0.03510559834649435
1417.0,-0.012657242424306894,0.03510559834649435
1416.0,-0.025761961028881723,0.03510559834649435
1415.0,-0.03996759053246552,0.03510559834649435
1414.0,-0.046359935125940686,0.03510559834649435
1413.0,-0.03209057198092004,0.03510559834649435
1412.0,-0.02171185687014423,0.03510559834649435
1411.0,-0.030748419466698557,0.03510559834649435
1410.0,-0.043735438843820605,0.03510559834649435
1409.0,-0.04639459212695234,0.03510559834649435
1408.0,-0.04253800286437786,0.03510559834649435
1407.0,-0.04637726538380408,0.03503473071956271
1406.0,-0.0489150857618845,0.03491661649615512
1405.0,-0.04114561005459959,0.03491661649615512
1404.0,-0.0386101428857854,0.03491661649615512
1403.0,-0.049017481317161465,0.03491661649615512
1402.0,-0.06068835579148884,0.03491661649615512
1401.0,-0.05943442984766303,0.03491661649615512
1400.0,-0.055594608518281574,0.03491661649615512
1399.0,-0.05819725254751416,0.03491661649615512
1398.0,-0.06727195424163732,0.03491661649615512
1397.0,-0.0776860587424386,0.03491661649615512
1396.0,-0.09714907109587498,0.03491661649615512
1395.0,-0.1191377117333596,0.03491661649615512
1394.0,-0.11910793578232677,0.03491661649615512
1393.0,-0.08671211322703364,0.03479959446935211
1392.0,-0.05427657518201374,0.03453938892954676
1391.0,-0.05163930355273016,0.03453938892954676
1390.0,-0.07238498026644442,0.03453938892954676
1389.0,-0.0957654816832142,0.03453938892954676
1388.0,-0.10357736734753349,0.03453938892954676
1387.0,-0.09320581413380401,0.034359558651903335
1386.0,-0.07241433223329193,0.03435114194078898
1385.0,-0.054210492522476464,0.03423827190163281
1384.0,-0.04252028768497725,0.033937835946082066
1383.0,-0.041181331855532015,0.03367542716510257
1382.0,-0.039859691794596246,0.0336005845519971
1381.0,-0.03725173027829093,0.0336005845519971
1380.0,-0.033376101726417716,0.0336005845519971
1379.0,-0.03207178786464393,0.0336005845519971
1378.0,-0.02942464719371279,0.0336005845519971
1377.0,-0.018981065022149985,0.0336005845519971
1376.0,-0.008528931298212025,0.0336005845519971
1375.0,-0.013735402728678209,0.0336005845519971
1374.0,-0.03330146045789433,0.0336005845519971
1373.0,-0.04896629911603607,0.0336005845519971
1372.0,-0.049017481317161465,0.03370088602875767
1371.0,-0.03859202481345732,0.03398885237247543
1370.0,-0.02942464719371279,0.034163138637521635
1369.0,-0.025489842437321913,0.034163138637521635
1368.0,-0.02683387787798786,0.034163138637521635
1367.0,-0.03598432968750361,0.034163138637521635
1366.0,-0.050269281569794204,0.034163138637521635
1365.0,-0.05805210696023289,0.0341971021862701
1364.0,-0.06324496873530372,0.03435114194078898
1363.0,-0.07364205304496572,0.03435114194078898
1362.0,-0.08535955761973374,0.03435114194078898
1361.0,-0.0892840793040682,0.03435114194078898
1360.0,-0.07761537848927352,0.03435114194078898
1359.0,-0.060720089071910816,0.03435114194078898
1358.0,-0.04768038085603299,0.03435114194078898
1357.0,-0.038537648538294854,0.03435114194078898
1356.0,-0.03332012645578341,0.03426262998561071
1355.0,-0.0320154126408633,0.034163138637521635
1354.0,-0.03591075474276594,0.034163138637521635
1353.0,-0.04112774371786815,0.034163138637521635
1352.0,-0.04112774371786815,0.034163138637521635
1351.0,-0.03460617427281372,0.03404062162537741
1350.0,-0.030672696070849312,0.03364535363309876
1349.0,-0.03197781008427041,0.033743091488454974
1348.0,-0.03460617427281372,0.03364535363309876
1347.0,-0.039823696355325115,0.0336005845519971
1346.0,-0.04371783527179732,0.0336005845519971
1345.0,-0.04762877875246952,0.0336005845519971
1344.0,-0.046359935125940686,0.0335246448541811
1343.0,-0.04246712058461241,0.03341354971417918
1342.0,-0.03855577764083353,0.0336005845519971
1341.0,-0.037269988911752656,0.03359102856806332
1340.0,-0.041217039167109656,0.03341354971417918
1339.0,-0.05163930355273016,0.03341354971417918
1338.0,-0.06203733923619904,0.03341354971417918
1337.0,-0.06332299846044749,0.03341354971417918
1336.0,-0.05681472951960567,0.03341354971417918
1335.0,-0.05158892927048962,0.03341354971417918
1334.0,-0.04894923146083834,0.03341354971417918
1333.0,-0.04764598294297233,0.03341354971417918
1332.0,-0.045056553535271354,0.033286148979284474
1331.0,-0.045039086661648305,0.032976623336694585
1330.0,-0.04632526406181465,0.032853886087133466
1329.0,-0.04632526406181465,0.032853886087133466
1328.0,-0.04632526406181465,0.032853886087133466
1327.0,-0.047611571071229396,0.032853886087133466
1326.0,-0.05020152240667809,0.032853886087133466
1325.0,-0.05150490399734799,0.032853886087133466
1324.0,-0.048932160343139006,0.032853886087133466
1323.0,-0.04632526406181465,0.032853886087133466
1322.0,-0.04110987375549225,0.032853886087133466
1321.0,-0.02938651867068205,0.03261906522471228
1320.0,-0.02026698328215353,0.032636298045750224
1319.0,-0.01896093451679151,0.03304020109856569
1318.0,-0.029405584867071205,0.03304020109856569
1317.0,-0.039859691794596246,0.03304020109856569
1316.0,-0.043805817430474625,0.03304020109856569
1315.0,-0.043805817430474625,0.03304020109856569
1314.0,-0.043788228136856504,0.03304020109856569
1313.0,-0.043788228136856504,0.03304020109856569
1312.0,-0.043788228136856504,0.03304020109856569
1311.0,-0.045056553535271354,0.03304020109856569
1310.0,-0.04632526406181465,0.03304020109856569
1309.0,-0.04502161624398751,0.03304020109856569
1308.0,-0.04244939102678968,0.03304020109856569
1307.0,-0.04377063527526741,0.03304020109856569
1306.0,-0.04766318364380744,0.03304020109856569
1305.0,-0.04768038085603299,0.03304020109856569
1304.0,-0.04639459212695234,0.03304020109856569
1303.0,-0.04637726538380408,0.03304020109856569
1302.0,-0.04894923146083834,0.03288057589883614
1301.0,-0.04764598294297233,0.032535248714221754
1300.0,-0.04764598294297233,0.032481971590692035
1299.0,-0.04634260135230231,0.032481971590692035
1298.0,-0.048932160343139006,0.032481971590692035
1297.0,-0.04894923146083834,0.03238883307396632
1296.0,-0.046359935125940686,0.032296370886207716
1295.0,-0.04764598294297233,0.032296370886207716
1294.0,-0.05021846735255421,0.032296370886207716
1293.0,-0.05021846735255421,0.032296370886207716
1292.0,-0.04894923146083834,0.03226914186819905
1291.0,-0.04894923146083834,0.03213823608646456
1290.0,-0.05025234693306771,0.03221965365137164
1289.0,-0.04896629911603607,0.03225780928047317
1288.0,-0.04637726538380408,0.032296370886207716
1287.0,-0.046359935125940686,0.032296370886207716
1286.0,-0.04764598294297233,0.032296370886207716
1285.0,-0.04764598294297233,0.032296370886207716
1284.0,-0.046359935125940686,0.032296370886207716
1283.0,-0.04764598294297233,0.032296370886207716
1282.0,-0.05153852433323469,0.032296370886207716
1281.0,-0.05153852433323469,0.032281149921676834
1280.0,-0.04894923146083834,0.03211100706845589
1279.0,-0.04764598294297233,0.03211100706845589
1278.0,-0.048932160343139006,0.03211100706845589
1277.0,-0.04894923146083834,0.03211100706845589
1276.0,-0.04766318364380744,0.03211100706845589
1275.0,-0.046359935125940686,0.03211100706845589
1274.0,-0.04632526406181465,0.03211100706845589
1273.0,-0.04241392111803473,0.03211100706845589
1272.0,-0.038501379295174255,0.03211100706845589
1271.0,-0.03980569315694826,0.03211100706845589
1270.0,-0.045004142281213036,0.03211100706845589
1269.0,-0.0489150857618845,0.031973264020848394
1268.0,-0.048932160343139006,0.03174098767978429
1267.0,-0.05021846735255421,0.03174098767978429
1266.0,-0.05150490399734799,0.03174098767978429
1265.0,-0.05020152240667809,0.03174098767978429
1264.0,-0.047594359898196666,0.03174098767978429
1263.0,-0.04496918371600136,0.03174098767978429
1262.0,-0.04364738524963061,0.03174098767978429
1261.0,-0.03975166163348876,0.03174098767978429
1260.0,-0.037178658682395935,0.03174098767978429
1259.0,-0.041092000166363295,0.03174098767978429
1258.0,-0.046290578926005986,0.03174098767978429
1257.0,-0.047611571071229396,0.03174098767978429
1256.0,-0.04762877875246952,0.03174098767978429
1255.0,-0.0489150857618845,0.03174098767978429
1254.0,-0.051521715870421377,0.03174098767978429
1253.0,-0.05153852433323469,0.03174098767978429
1252.0,-0.05025234693306771,0.03174098767978429
1251.0,-0.05284150678699298,0.03174098767978429
1250.0,-0.054127813796407444,0.03174098767978429
1249.0,-0.0554306632588447,0.03174098767978429
1248.0,-0.05025234693306771,0.03174098767978429
1247.0,-0.05021846735255421,0.03174098767978429
1246.0,-0.05148808871297753,0.03174098767978429
1245.0,-0.05148808871297753,0.031696172035227115
1244.0,-0.05020152240667809,0.03155633090793631
1243.0,-0.05150490399734799,0.03155633090793631
1242.0,-0.05539783429374204,0.03155633090793631
1241.0,-0.05671709990363786,0.03155633090793631
1240.0,-0.054127813796407444,0.03155633090793631
1239.0,-0.05541425044120185,0.03155633090793631
1238.0,-0.057987512741448366,0.03155633090793631
1237.0,-0.0579713559954327,0.03137190862094104
1236.0,-0.0540781662975935,0.03137190862094104
1235.0,-0.055364992005337496,0.03137190862094104
1234.0,-0.05665194745303166,0.03137190862094104
1233.0,-0.057955195970898724,0.031003765124720337
1232.0,-0.05666824052320415,0.031003765124720337
1231.0,-0.0579713559954327,0.031003765124720337
1230.0,-0.0579713559954327,0.031003765124720337
1229.0,-0.0566845302876898,0.03091166969920554
1228.0,-0.05411126798744313,0.030820042732739396
1227.0,-0.05411126798744313,0.030820042732739396
1226.0,-0.05671709990363786,0.030820042732739396
1225.0,-0.0554306632588447,0.030820042732739396
1224.0,-0.052858178849262666,0.030636552460077328
1223.0,-0.05414435624942998,0.030636552460077328
1222.0,-0.05671709990363786,0.030636552460077328
1221.0,-0.05671709990363786,0.030636552460077328
1220.0,-0.052824831342648954,0.030636552460077328
1219.0,-0.05411126798744313,0.0305951126336965
1218.0,-0.0566845302876898,0.03027026593176328
1217.0,-0.057987512741448366,0.03027026593176328
1216.0,-0.05539783429374204,0.03027026593176328
1215.0,-0.05538141481546072,0.03027026593176328
1214.0,-0.057955195970898724,0.03027026593176328
1213.0,-0.05666824052320415,0.03027026593176328
1212.0,-0.05409471882151346,0.03027026593176328
1211.0,-0.05409471882151346,0.03027026593176328
1210.0,-0.057987512741448366,0.03019654720518642
1209.0,-0.0567008167475001,0.03016118723774051
1208.0,-0.05541425044120185,0.03027026593176328
1207.0,-0.0567008167475001,0.030261426945287603
1206.0,-0.0566845302876898,0.030087468511163652
1205.0,-0.0579713559954327,0.030087468511163652
1204.0,-0.05538141481546072,0.030087468511163652
1203.0,-0.055364992005337496,0.030087468511163652
1202.0,-0.057955195970898724,0.030087468511163652
1201.0,-0.05665194745303166,0.02983443280363497
1200.0,-0.05406161041466827,0.029722562461170342
1199.0,-0.05534856586236205,0.029722562461170342
1198.0,-0.057922866082270125,0.029722562461170342
1197.0,-0.057922866082270125,0.029722562461170342
1196.0,-0.05663565107617238,0.029722562461170342
1195.0,-0.05922624767294005,0.029722562461170342
1194.0,-0.060529496190805936,0.029722562461170342
1193.0,-0.05925831144312623,0.029722562461170342
1192.0,-0.05666824052320415,0.029722562461170342
1191.0,-0.05666824052320415,0.029722562461170342
1190.0,-0.057939032666841105,0.029722562461170342
1189.0,-0.057922866082270125,0.029722562461170342
1188.0,-0.055315703573788726,0.029722562461170342
1187.0,-0.05529926742616151,0.029608079875645944
1186.0,-0.05789052306756939,0.029540452679950993
1185.0,-0.0604976855760517,0.029590299587156577
1184.0,-0.057922866082270125,0.02967271555396476
1183.0,-0.05921021090683251,0.029540452679950993
1182.0,-0.06051359249750205,0.029540452679950993
1181.0,-0.05922624767294005,0.02940018586027517
1180.0,-0.05663565107617238,0.02952568242953275
1179.0,-0.05661935139161482,0.029540452679950993
1178.0,-0.05789052306756939,0.029540452679950993
1177.0,-0.05789052306756939,0.029540452679950993
1176.0,-0.05660304839835038,0.029358570963639415
1175.0,-0.05789052306756939,0.029358570963639415
1174.0,-0.061769509862586516,0.029358570963639415
1173.0,-0.06307302455324111,0.029461127697607458
1172.0,-0.0604976855760517,0.029540452679950993
1171.0,-0.06308867170678989,0.0295785023334194
1170.0,-0.06308867170678989,0.029684512807701936
1169.0,-0.06310431568458698,0.029540452679950993
1168.0,-0.06051359249750205,0.029540452679950993
1167.0,-0.06180106716671992,0.029385123693522044
1166.0,-0.06178529011612058,0.029358570963639415
1165.0,-0.06178529011612058,0.029358570963639415
1164.0,-0.0604976855760517,0.029358570963639415
1163.0,-0.0604976855760517,0.029540452679950993
1162.0,-0.06308867170678989,0.029540452679950993
1161.0,-0.06308867170678989,0.029540452679950993
1160.0,-0.0604976855760517,0.029268470249198656
1159.0,-0.06048177542546583,0.028995489445801402
1158.0,-0.061769509862586516,0.028995489445801402
1157.0,-0.061769509862586516,0.028995489445801402
1156.0,-0.061769509862586516,0.028995489445801402
1155.0,-0.06305737422297511,0.028995489445801402
1154.0,-0.06305737422297511,0.028852480230955116
1153.0,-0.059178127607638874,0.0288142885096405
1152.0,-0.055315703573788726,0.0288142885096405
1151.0,-0.05661935139161482,0.0288142885096405
1150.0,-0.05921021090683251,0.02889298461981799
1149.0,-0.06051359249750205,0.028995489445801402
1148.0,-0.05922624767294005,0.028995489445801402
1147.0,-0.05921021090683251,0.028995489445801402
1146.0,-0.061769509862586516,0.028995489445801402
1145.0,-0.06304172071501775,0.028995489445801402
1144.0,-0.061722149874647726,0.028995489445801402
1143.0,-0.06299474111535366,0.028995489445801402
1142.0,-0.06558730284805395,0.028995489445801402
1141.0,-0.06432984500060131,0.029258523488317652
1140.0,-0.06048177542546583,0.029095536921123166
1139.0,-0.0604976855760517,0.028995489445801402
1138.0,-0.06178529011612058,0.028995489445801402
1137.0,-0.06048177542546583,0.028995489445801402
1136.0,-0.057874346635448805,0.029129656054435925
1135.0,-0.060449945432957085,0.029358570963639415
1134.0,-0.06563349281842737,0.029358570963639415
1133.0,-0.06564888322350002,0.029540452679950993
1132.0,-0.06437640614391028,0.029540452679950993
1131.0,-0.06437640614391028,0.029537798116301407
1130.0,-0.06436088891362889,0.029358570963639415
1129.0,-0.06434536853284573,0.029358570963639415
1128.0,-0.06302606402841067,0.029358570963639415
1127.0,-0.06429878847789641,0.029358570963639415
1126.0,-0.06817986145267763,0.029358570963639415
1125.0,-0.06819499797400737,0.029358570963639415
1124.0,-0.06561809928812876,0.029358570963639415
1123.0,-0.06561809928812876,0.029358570963639415
1122.0,-0.06949864579183479,0.029358570963639415
1121.0,-0.07080216048248857,0.029358570963639415
1120.0,-0.0695136461123309,0.029358570963639415
1119.0,-0.06949864579183479,0.029358570963639415
1118.0,-0.07207606480051916,0.029358570963639415
1117.0,-0.07077241698269301,0.029358570963639415
1116.0,-0.06689121700181684,0.029358570963639415
1115.0,-0.06817986145267763,0.029358570963639415
1114.0,-0.07075754070157081,0.029358570963639415
1113.0,-0.06945362654780941,0.029358570963639415
1112.0,-0.06686067449419779,0.029358570963639415
1111.0,-0.06684539858672245,0.029358570963639415
1110.0,-0.06684539858672245,0.029358570963639415
1109.0,-0.06426771933782946,0.029358570963639415
1108.0,-0.06169056051681082,0.029402215118403824
1107.0,-0.06297907488696833,0.029540452679950993
1106.0,-0.06814957918526669,0.029540452679950993
1105.0,-0.06943861403585957,0.029540452679950993
1104.0,-0.06684539858672245,0.0297016256638431
1103.0,-0.06681483745970551,0.029561389477278235
1102.0,-0.06937853347690077,0.029540452679950993
1101.0,-0.06808897772522125,0.029540452679950993
1100.0,-0.06551025698975324,0.029540452679950993
1099.0,-0.06810413270822994,0.029540452679950993
1098.0,-0.07198756109909543,0.02957235430720543
1097.0,-0.07068311394685202,0.029722562461170342
1096.0,-0.06808897772522125,0.029722562461170342
1095.0,-0.07066821951963992,0.029786485973196056
1094.0,-0.07455256305357545,0.030087468511163652
1093.0,-0.07195803587976872,0.030087468511163652
1092.0,-0.06805865851757317,0.030087468511163652
1091.0,-0.06672307951400848,0.029788153958750552
1090.0,-0.06928832100260836,0.029722562461170342
1089.0,-0.06669246865194794,0.030087468511163652
1088.0,-0.06412775186130863,0.030087468511163652
1087.0,-0.06544856391750761,0.030087468511163652
1086.0,-0.07194326876870269,0.030087468511163652
1085.0,-0.07195803587976872,0.030087468511163652
1084.0,-0.06546399188818935,0.030107648798005576
1083.0,-0.06672307951400848,0.03027026593176328
1082.0,-0.07057878934492447,0.030250085644921355
1081.0,-0.06796762689393604,0.030087468511163652
1080.0,-0.06408103910168843,0.030087468511163652
1079.0,-0.06666184533715874,0.03022556647850406
1078.0,-0.07186938816277984,0.03027026593176328
1077.0,-0.07189894941893708,0.030824402567066592
1076.0,-0.07062351806884486,0.031151222425127054
1075.0,-0.0719137255392039,0.03137190862094104
1074.0,-0.07707585991231679,0.03137190862094104
1073.0,-0.07836671976042667,0.03137190862094104
1072.0,-0.07575635827952222,0.03135511538721739
1071.0,-0.07832434030900777,0.031003765124720337
1070.0,-0.08350425994207013,0.03102055835844398
1069.0,-0.08354506332540203,0.03137190862094104
1068.0,-0.07840907336338535,0.03137190862094104
1067.0,-0.07842318549101983,0.03137190862094104
1066.0,-0.08230869980343376,0.03137190862094104
1065.0,-0.07971365383333558,0.03137190862094104
1064.0,-0.07582826712791438,0.03137190862094104
1063.0,-0.07969967218124001,0.03155633090793631
1062.0,-0.08616795320589318,0.03161833163496552
1061.0,-0.08745920479741973,0.03174098767978429
1060.0,-0.08354506332540203,0.03174098767978429
1059.0,-0.08350425994207013,0.03174098767978429
1058.0,-0.08607459409727967,0.03174098767978429
1057.0,-0.08349065327931869,0.032103915646872025
1056.0,-0.07829607296945171,0.03211100706845589
1055.0,-0.07826779412414918,0.03211100706845589
1054.0,-0.0834361989309272,0.03211100706845589
1053.0,-0.0821576500895129,0.03211100706845589
1052.0,-0.07831020807700828,0.03211100706845589
1051.0,-0.07833846966632646,0.03211100706845589
1050.0,-0.08222635095084342,0.032296370886207716
1049.0,-0.0821988789932237,0.032296370886207716
1048.0,-0.07825365038465062,0.032296370886207716
1047.0,-0.08208887928032788,0.032296370886207716
1046.0,-0.08855429379182214,0.032296370886207716
1045.0,-0.08988668327671688,0.0324663911539534
1044.0,-0.08865905808609523,0.032481971590692035
1043.0,-0.09261284232364199,0.03282266535281521
1042.0,-0.09914642089659544,0.032853886087133466
1041.0,-0.100462075400519,0.032958432470553384
1040.0,-0.09525908888395479,0.03324969708719902
1039.0,-0.0952342787817471,0.03341354971417918
1038.0,-0.0991344117686963,0.03341354971417918
1037.0,-0.09528388889847543,0.0336005845519971
1036.0,-0.08881588509984459,0.0336005845519971
1035.0,-0.08878977383448214,0.0336005845519971
1034.0,-0.09262551776772973,0.0336005845519971
1033.0,-0.08997738909841951,0.0336005845519971
1032.0,-0.08342257841525189,0.0336005845519971
1031.0,-0.08726094887991537,0.0336005845519971
1030.0,-0.09504788084791253,0.03376000756929305
1029.0,-0.09511007673974133,0.0341073246563074
1028.0,-0.09128250311184,0.03435114194078898
1027.0,-0.09260016430081972,0.03435114194078898
1026.0,-0.09776961566119517,0.03435114194078898
1025.0,-0.09646476847404874,0.03435114194078898
1024.0,-0.08737997504612484,0.03435114194078898
1023.0,-0.08737997504612484,0.03437776364169213
1022.0,-0.09258748369848385,0.03453938892954676
1021.0,-0.09391742279359334,0.03453938892954676
1020.0,-0.08872444919676427,0.0346896934858138
1019.0,-0.08997738909841951,0.035065249209592114
1018.0,-0.09775745849461331,0.03510559834649435
1017.0,-0.10170686418706802,0.035552660459888114
1016.0,-0.09915842758269221,0.03582343423936821
1015.0,-0.10173036171455613,0.03602828626828204
1014.0,-0.1081592166996757,0.03624468286410947
1013.0,-0.1029411614007888,0.03624468286410947
1012.0,-0.09517220935217723,0.03624468286410947
1011.0,-0.09908635082419467,0.03624468286410947
1010.0,-0.10948532404126494,0.03625929919023959
1009.0,-0.11209275283128257,0.03643540190857983
1008.0,-0.10947436178500311,0.03643540190857983
1007.0,-0.11459525662558438,0.03643540190857983
1006.0,-0.12362925296721565,0.036573226932431174
1005.0,-0.12491542349317415,0.036626371734245974
1004.0,-0.11972344645580504,0.036626371734245974
1003.0,-0.11972344645580504,0.036626371734245974
1002.0,-0.12232413895379497,0.037009066373318605
1001.0,-0.11846838188263277,0.037009066373318605
1000.0,-0.11594108647731421,0.03707938845459571
999.0,-0.12377208263823615,0.03755380221566729
998.0,-0.13418377500088985,0.0387437821311271
997.0,-0.12901013318433774,0.03874838647110526
996.0,-0.11860899555646016,0.03913210463919623
995.0,-0.1211266085664598,0.0391344114340836
994.0,-0.13533591740602943,0.039346206402797616
993.0,-0.1417946844906281,0.039911878493617534
992.0,-0.13788783211610375,0.039911878493617534
991.0,-0.14441882236601014,0.040040373606526986
990.0,-0.14967604489784653,0.040236146295939315
989.0,-0.1380653829362742,0.04030334107966291
988.0,-0.11733649142895357,0.04048127503650702
987.0,-0.11338570472878307,0.0409519926052009
986.0,-0.12500000845534184,0.04108944601105326
985.0,-0.12627614455440292,0.04108944601105326
984.0,-0.1197631698937991,0.04146321321115055
983.0,-0.12231446800071043,0.04148409987209215
982.0,-0.13395510824157866,0.04148409987209215
981.0,-0.13519383041525396,0.0416713650405643
980.0,-0.1325110846616452,0.04219566448685877
979.0,-0.14679737964993964,0.04263030403562072
978.0,-0.16636979829046855,0.04299210758065174
977.0,-0.1690331741781208,0.04319190267236991
976.0,-0.15737537392491666,0.04327343500898962
975.0,-0.15608936995594316,0.043368476039153475
974.0,-0.16388062203739553,0.04367407672925108
973.0,-0.15867995439486887,0.04367407672925108
972.0,-0.1430993983055481,0.04380824238757088
971.0,-0.14441140132700844,0.04405216638373265
970.0,-0.15872172741272955,0.04443127199317958
969.0,-0.15742417543223386,0.04465678421059028
968.0,-0.14308428194598005,0.045395401051912476
967.0,-0.1377825409599741,0.04589758271575027
966.0,-0.13380196301260353,0.046112726086620516
965.0,-0.11166321206923822,0.046305539533134404
964.0,-0.09092264946543867,0.04652128894246943
963.0,-0.10532268350353108,0.046955029436801396
962.0,-0.13920871981046112,0.04712490718738673
961.0,-0.153571231411668,0.04730265131859934
960.0,-0.15098563973228538,0.04819136120432048
959.0,-0.16783346986160194,0.04846342158944409
958.0,-0.19772767493241475,0.04857001892638713
957.0,-0.2029390661493645,0.048909731970023566
956.0,-0.1925447850612733,0.049155784651440715
955.0,-0.2042419126354045,0.04936424776619635
954.0,-0.21724850393515016,0.050014124079200785
953.0,-0.21724850393515016,0.050239376748329886
952.0,-0.19384617340895144,0.050433827060092654
951.0,-0.19125120860021977,0.050757168308790165
950.0,-0.20815362104440632,0.05152691828577537
949.0,-0.20426836493059275,0.05171597293984939
948.0,-0.19129613635516773,0.0517616910692293
947.0,-0.21724850393515016,0.05218648196757111
946.0,-0.21724850393515016,0.05269609958175358
945.0,-0.21724850393515016,0.05331616830943682
944.0,-0.21724850393515016,0.05342210159450437
943.0,-0.21724850393515016,0.053745537256156745
942.0,-0.21724850393515016,0.053851783953766844
941.0,-0.21724850393515016,0.05432483211646828
940.0,-0.16623423956079228,0.05497386553238196
939.0,-0.14513524985569648,0.05571275639461908
938.0,-0.1435173669673906,0.056238033074525524
937.0,-0.09859240435467799,0.056676140590742316
936.0,-0.03724866459707025,0.056676140590742316
935.0,-0.03974106335826937,0.05669498260356001
934.0,-0.07482756854947005,0.057134472895598656
933.0,-0.04499357794231627,0.0576365168671438
932.0,-0.038574946143517676,0.05852555308737004
931.0,0.009410144766801905,0.0588172686419574
930.0,-0.050235408861005915,0.05904008230970708
929.0,-0.07311614470971489,0.059571136474049505
928.0,-0.05719195817122591,0.06015450275463703
927.0,-0.104772221543182,0.06075527723076681
926.0,-0.18172711794884308,0.06158476377550959
925.0,-0.16976182795375033,0.06211504999356364
924.0,-0.09986839114581092,0.06248109046335354
923.0,-0.12496068902040738,0.0631668109198701
922.0,-0.21724850393515016,0.06340643867391837
921.0,-0.21724850393515016,0.06341146796846368
920.0,-0.21724850393515016,0.0638617108283023
919.0,-0.21724850393515016,0.06459294899621675
918.0,-0.21724850393515016,0.06531910973986005
917.0,-0.21724850393515016,0.0660774821886178
916.0,-0.21724850393515016,0.06672289380426318
915.0,-0.20404139712098862,0.0670264930037234
914.0,-0.20796076659071808,0.06737154175341586
913.0,-0.07308816029244537,0.06749843961788174
912.0,0.09316983853774304,0.06797192487096022
911.0,0.06290020894239158,0.06904016619676985
910.0,-0.02874428134234929,0.06993033358809407
909.0,0.14708645717648566,0.07043265329390096
908.0,0.43258653702441374,0.07047440900965905
907.0,0.3587776268648406,0.07091581771895303
906.0,-0.033111275190148566,0.07206535288007132
905.0,-0.21724850393515016,0.07272008014252063
904.0,-0.21724850393515016,0.07342760706725006
903.0,-0.21724850393515016,0.07378282004990944
902.0,-0.21724850393515016,0.07394209941108139
901.0,-0.21724850393515016,0.07434105437640791
900.0,-0.21724850393515016,0.07528450119632135
899.0,-0.21724850393515016,0.07603455842158215
898.0,-0.21724850393515016,0.07677888669368098
897.0,-0.21724850393515016,0.07731503750815281
896.0,0.2562334175236032,0.07825333706674714
895.0,0.4535642210950562,0.0792750222789268
894.0,0.3156254075490425,0.07986616605566194
893.0,0.40813292056643874,0.08058763041827204
892.0,0.6245579312762407,0.08071860924556808
891.0,0.26659160729218,0.08148945473086244
890.0,-0.21724850393515016,0.08279880511725402
889.0,-0.21724850393515016,0.08370475561026045
888.0,-0.21724850393515016,0.08457389148259271
887.0,-0.21724850393515016,0.08583437336870424
886.0,-0.21724850393515016,0.08664110039955464
885.0,-0.21724850393515016,0.08744525743517224
884.0,0.06691630006610201,0.08889426883337442
883.0,-0.013312006420188661,0.08946385182495219
882.0,-0.21724850393515016,0.09017186278471935
881.0,-0.014058233814921038,0.09078526768702201
880.0,0.22297846448328784,0.09274436230877182
879.0,0.6877025122739674,0.09383046305939023
878.0,-0.21724850393515016,0.09448079262563855
877.0,-0.21724850393515016,0.09562373860779178
876.0,-0.21724850393515016,0.09687836344506394
875.0,-0.21724850393515016,0.09716800257479571
874.0,-0.21724850393515016,0.09754460070764853
873.0,-0.21724850393515016,0.0988963693464225
872.0,-0.21724850393515016,0.09901879514555506
871.0,-0.21724850393515016,0.10012170255494489
870.0,-0.21724850393515016,0.10058414020644682
869.0,-0.21724850393515016,0.10152516947051686
868.0,-0.21724850393515016,0.10229188250217308
867.0,-0.21724850393515016,0.10347567871839303
866.0,-0.21724850393515016,0.10377879254140358
865.0,-0.21724850393515016,0.10441611443216589
864.0,-0.21724850393515016,0.10519226361584333
863.0,0.34352345920191657,0.1061171928513222
862.0,2.266848278350449,0.10642870281228455
861.0,1.160677360145248,0.10704521746800973
860.0,3.210489217215059,0.10735872654163506
859.0,5.138994218417732,0.10800859599886502
858.0,0.5373126678938471,0.10964416299461627
857.0,-0.21724850393515016,0.110277413659416
856.0,0.45497275107471163,0.11070485359594075
855.0,-0.21724850393515016,0.11102345419551791
854.0,-0.21724850393515016,0.11315851366600989
853.0,0.8805226805644366,0.11357989032324801
852.0,-0.21724850393515016,0.11423057539773677
851.0,-0.21724850393515016,0.11508130038330973
850.0,-0.21724850393515016,0.11684008580567194
849.0,-0.21724850393515016,0.11762503388061983
848.0,4.777136889862535,0.1179777632938744
847.0,15.83873111235186,0.11894769201321684
846.0,12.642966464082312,0.11932234569320843
845.0,-0.21724850393515016,0.12007927557290095
844.0,-0.21724850393515016,0.1205586324155313
843.0,-0.21724850393515016,0.12089962603164917
842.0,-0.21724850393515016,0.12144355129883014
841.0,-0.21724850393515016,0.12318609475880353
840.0,-0.21724850393515016,0.12369704582698143
839.0,-0.0936615451877774,0.1244978499608707
838.0,3.9661043356520325,0.12458000851679893
837.0,5.381174290752963,0.12554604036016237
836.0,-0.21724850393515016,0.1268403019147063
835.0,-0.21724850393515016,0.12791118782359895
834.0,-0.21724850393515016,0.12867266140818384
833.0,-0.21724850393515016,0.12939478198166318
832.0,-0.21724850393515016,0.13003515833108098
831.0,-0.21724850393515016,0.1305908543363378
830.0,39.384281997938,0.13190349368439486
829.0,0.09278917595016198,0.13336388186445408
828.0,-0.21724850393515016,0.13395771508831528
827.0,-0.21724850393515016,0.1342681042820856
826.0,-0.21724850393515016,0.13439547612263578
825.0,-0.21724850393515016,0.13514669518629494
824.0,-0.21724850393515016,0.13613573377156818
823.0,-0.21724850393515016,0.13684168997082766
822.0,4.0191690466140235,0.136912202594198
821.0,1.5554569604770776,0.137847638146067
820.0,-0.21724850393515016,0.1393191545610453
819.0,-0.21724850393515016,0.1403532358691666
818.0,6.092279738522249,0.14095525423475122
817.0,-0.21724850393515016,0.14134773295089806
816.0,-0.21724850393515016,0.14192300328127996
815.0,-0.21724850393515016,0.142787309614371
814.0,-0.21724850393515016,0.14322669775630195
813.0,-0.21724850393515016,0.1439829908696514
812.0,-0.21724850393515016,0.1443415964593396
811.0,-0.21724850393515016,0.14481863491271424
810.0,-0.21724850393515016,0.1465655261042192
809.0,-0.21724850393515016,0.147075333516367
808.0,-0.21724850393515016,0.14717746820828692
807.0,-0.21724850393515016,0.14748472841896626
806.0,-0.21724850393515016,0.14807546672744837
805.0,-0.21724850393515016,0.14882318022563606
804.0,-0.21724850393515016,0.14931568733334213
803.0,-0.21724850393515016,0.15006981905162556
802.0,-0.21724850393515016,0.1504877546824676
801.0,1.0299126442463982,0.15050457945329884
800.0,-0.21724850393515016,0.1509406923936255
799.0,0.1875698513726954,0.15176579826734488
798.0,-0.21724850393515016,0.1522676835867984
797.0,-0.21724850393515016,0.15331320711225574
796.0,-0.21724850393515016,0.15374059554052297
795.0,-0.21724850393515016,0.15387525592553694
794.0,7.629636372460639,0.15387525592553694
793.0,-0.21724850393515016,0.15487717321466143
792.0,-0.21724850393515016,0.15516622026125343
791.0,-0.21724850393515016,0.15530919584220676
790.0,-0.21724850393515016,0.15588634045052707
789.0,-0.21724850393515016,0.15687522842842494
788.0,-0.21724850393515016,0.15690555280461405
787.0,-0.21724850393515016,0.15733286491352375
786.0,-0.21724850393515016,0.1582021711709949
785.0,-0.21724850393515016,0.15822386017561665
784.0,-0.21724850393515016,0.15983107017486048
783.0,-0.21724850393515016,0.1602781065054603
782.0,-0.21724850393515016,0.1604479852886332
781.0,-0.21724850393515016,0.1604479852886332
780.0,-0.21724850393515016,0.16134726080266928
779.0,-0.21724850393515016,0.16134726080266928
778.0,-0.21724850393515016,0.16134726080266928
777.0,-0.21724850393515016,0.16158751057223122
776.0,-0.21724850393515016,0.1622521393155484
775.0,-0.21724850393515016,0.16308126772466802
774.0,-0.21724850393515016,0.16357921284054003
773.0,-0.21724850393515016,0.16362011675917665
772.0,-0.21724850393515016,0.16403795454141137
771.0,-0.21724850393515016,0.16407898769855223
770.0,-0.21724850393515016,0.1645913614919154
769.0,-0.21724850393515016,0.16500110210735047
768.0,-0.21724850393515016,0.16525851413217033
767.0,-0.21724850393515016,0.16565123438460205
766.0,-0.21724850393515016,0.1664892313650382
765.0,-0.21724850393515016,0.16686308314338852
764.0,-0.21724850393515016,0.16695727273955055
763.0,-0.21724850393515016,0.16786567344969258
762.0,-0.21724850393515016,0.1686761785248844
761.0,-0.21724850393515016,0.16874924642674433
760.0,-0.21724850393515016,0.16874924642674433
759.0,-0.21724850393515016,0.16915133267590715
758.0,-0.21724850393515016,0.16969365652846338
757.0,-0.21724850393515016,0.17041579098400952
756.0,-0.21724850393515016,0.17089668062517135
755.0,1.5103921573617296,0.17114192873974757
754.0,12.05265120077914,0.17114192873974757
753.0,-0.21724850393515016,0.17127355153409937
752.0,-0.21724850393515016,0.17211014920238119
751.0,-0.21724850393515016,0.17211014920238119
750.0,11.945633957583148,0.17229650280355158
749.0,-0.21724850393515016,0.17297796487747377
748.0,-0.21724850393515016,0.17308486783754548
747.0,-0.21724850393515016,0.17385128244807088
746.0,3.409047238284453,0.1744513304892703
745.0,-0.21724850393515016,0.17498172670795556
744.0,-0.21724850393515016,0.1755506746329823
743.0,-0.21724850393515016,0.17576296295133545
742.0,-0.21724850393515016,0.17604889992946524
741.0,-0.21724850393515016,0.17662036332625664
740.0,-0.21724850393515016,0.1775539137239625
739.0,-0.21724850393515016,0.1775539137239625
738.0,-0.21724850393515016,0.17758986171640018
737.0,-0.21724850393515016,0.17805907086453873
736.0,-0.21724850393515016,0.17805907086453873
735.0,-0.21724850393515016,0.17842214495808253
734.0,-0.21724850393515016,0.17856599120987765
733.0,-0.21724850393515016,0.17929596348412183
732.0,-0.21724850393515016,0.17958517105203028
731.0,-0.21724850393515016,0.17977026357370846
730.0,6.151006541538088,0.18009745564489335
729.0,1.9597796111466748,0.18028320336270443
728.0,-0.21724850393515016,0.1806115536383257
727.0,-0.21724850393515016,0.1806115536383257
726.0,7.801789326129075,0.1806115536383257
725.0,-0.21724850393515016,0.1806115536383257
724.0,-0.21724850393515016,0.18063013763516667
723.0,-0.21724850393515016,0.1819837474554873
722.0,6.914358060386144,0.18216485755180256
721.0,-0.21724850393515016,0.18284552461400788
720.0,-0.21724850393515016,0.18320970041439208
719.0,-0.21724850393515016,0.18336545236306345
718.0,-0.21724850393515016,0.1837349542653783
717.0,-0.21724850393515016,0.1837349542653783
716.0,-0.21724850393515016,0.1837349542653783
715.0,-0.21724850393515016,0.1837349542653783
714.0,2.5626783982378094,0.1837349542653783
713.0,-0.21724850393515016,0.1837349542653783
712.0,-0.21724850393515016,0.1837349542653783
711.0,-0.21724850393515016,0.1837349542653783
710.0,3.2163186599880422,0.1837349542653783
709.0,-0.21724850393515016,0.1837349542653783
708.0,-0.21724850393515016,0.1837349542653783
707.0,-0.21724850393515016,0.18404422504032247
706.0,7.894808009025185,0.18426211466809697
705.0,-0.21724850393515016,0.18426211466809697
704.0,-0.21724850393515016,0.18426211466809697
703.0,-0.21724850393515016,0.18426211466809697
702.0,-0.21724850393515016,0.18426211466809697
701.0,-0.21724850393515016,0.18519162713839046
700.0,-0.21724850393515016,0.18532221084563594
699.0,-0.21724850393515016,0.18532221084563594
698.0,-0.21724850393515016,0.18532221084563594
697.0,-0.21724850393515016,0.18532221084563594
696.0,-0.21724850393515016,0.18532221084563594
695.0,-0.21724850393515016,0.18560036050210263
694.0,-0.21724850393515016,0.18585517486207365
693.0,-0.21724850393515016,0.18585517486207365
692.0,-0.21724850393515016,0.18585517486207365
691.0,-0.21724850393515016,0.18585517486207365
690.0,-0.21724850393515016,0.18585517486207365
689.0,-0.21724850393515016,0.18585517486207365
688.0,-0.21724850393515016,0.18585517486207365
687.0,-0.21724850393515016,0.18585517486207365
686.0,18.911030355065822,0.18585517486207365
685.0,-0.21724850393515016,0.18585517486207365
684.0,-0.21724850393515016,0.18585517486207365
683.0,-0.21724850393515016,0.18585517486207365
682.0,2.511361906410079,0.18585517486207365
681.0,-0.21724850393515016,0.18561155114755576
680.0,-0.21724850393515016,0.18532221084563594
679.0,-0.21724850393515016,0.18532221084563594
678.0,-0.21724850393515016,0.18532221084563594
677.0,-0.21724850393515016,0.18532221084563594
676.0,-0.21724850393515016,0.18532221084563594
675.0,-0.21724850393515016,0.18532221084563594
674.0,-0.21724850393515016,0.18532221084563594
673.0,-0.21724850393515016,0.18532221084563594
672.0,-0.21724850393515016,0.18532221084563594
671.0,-0.21724850393515016,0.18532221084563594
670.0,-0.0027112253606477914,0.18532221084563594
669.0,-0.21724850393515016,0.18532221084563594
668.0,-0.21724850393515016,0.18532221084563594
667.0,-0.21724850393515016,0.18532221084563594
666.0,-0.21724850393515016,0.18532221084563594
665.0,-0.21724850393515016,0.18532221084563594
664.0,-0.21724850393515016,0.18532221084563594
663.0,-0.21724850393515016,0.18532221084563594
662.0,-0.21724850393515016,0.18532221084563594
661.0,-0.21724850393515016,0.18532221084563594
660.0,-0.21724850393515016,0.18532221084563594
659.0,-0.21724850393515016,0.18532221084563594
658.0,-0.21724850393515016,0.18532221084563594
657.0,-0.21724850393515016,0.18497497740277924
656.0,-0.21724850393515016,0.18426211466809697
655.0,-0.21724850393515016,0.18426211466809697
654.0,-0.21724850393515016,0.18426211466809697
653.0,-0.21724850393515016,0.18426211466809697
652.0,-0.21724850393515016,0.18426211466809697
651.0,-0.21724850393515016,0.18426211466809697
650.0,-0.21724850393515016,0.18426211466809697
649.0,-0.21724850393515016,0.18393649032313966
648.0,-0.21724850393515016,0.1837349542653783
647.0,-0.21724850393515016,0.1837349542653783
646.0,-0.21724850393515016,0.1837349542653783
645.0,-0.21724850393515016,0.1837349542653783
644.0,-0.21724850393515016,0.1837349542653783
643.0,-0.21724850393515016,0.1837349542653783
642.0,-0.21724850393515016,0.1837349542653783
641.0,-0.21724850393515016,0.18334608583915
640.0,-0.21724850393515016,0.18320970041439208
639.0,-0.21724850393515016,0.18320970041439208
638.0,22.388420525624156,0.18320970041439208
637.0,-0.21724850393515016,0.18320970041439208
636.0,-0.21724850393515016,0.18320970041439208
635.0,-0.21724850393515016,0.18320970041439208
634.0,-0.21724850393515016,0.18320970041439208
633.0,-0.21724850393515016,0.18263199216786627
632.0,-0.21724850393515016,0.18216485755180256
631.0,0.48130861796351027,0.18216485755180256
630.0,4.536018784570093,0.18216485755180256
629.0,-0.21724850393515016,0.18216485755180256
628.0,-0.21724850393515016,0.18187500441696403
627.0,5.7515930941343605,0.18164524150021902
626.0,8.395101468147013,0.18164524150021902
625.0,8.51617673144801,0.18164524150021902
624.0,1.6162613317251646,0.18164524150021902
623.0,12.966413539117811,0.18114066537681736
622.0,5.665762380437406,0.1806115536383257
621.0,-0.21724850393515016,0.1806115536383257
620.0,-0.21724850393515016,0.1806115536383257
619.0,-0.21724850393515016,0.1806115536383257
618.0,17.95602120630305,0.1806115536383257
617.0,1.3467410243507583,0.18054307321511057
616.0,-0.21724850393515016,0.18009745564489335
615.0,-0.21724850393515016,0.18009745564489335
614.0,-0.21724850393515016,0.18009745564489335
613.0,-0.21724850393515016,0.18009745564489335
612.0,-0.21724850393515016,0.18009745564489335
611.0,-0.21724850393515016,0.17969875581652908
610.0,-0.21724850393515016,0.17958517105203028
609.0,-0.21724850393515016,0.17958517105203028
608.0,-0.21724850393515016,0.17958517105203028
607.0,2.485941845219548,0.17958517105203028
606.0,17.213936177436054,0.17958517105203028
605.0,-0.21724850393515016,0.1795154346905108
604.0,-0.21724850393515016,0.17856599120987765
603.0,-0.21724850393515016,0.17856599120987765
602.0,-0.21724850393515016,0.17856599120987765
601.0,-0.21724850393515016,0.1782043050642394
600.0,-0.21724850393515016,0.17805907086453873
599.0,-0.21724850393515016,0.17805907086453873
598.0,-0.09327242383524471,0.17805907086453873
597.0,-0.21724850393515016,0.17787793666864232
596.0,-0.21724850393515016,0.1775539137239625
595.0,-0.21724850393515016,0.1775539137239625
594.0,8.756146466866133,0.1775539137239625
593.0,-0.21724850393515016,0.17755025224144472
592.0,-0.21724850393515016,0.1765488402905911
591.0,-0.21724850393515016,0.1765488402905911
590.0,11.818446971782176,0.1765470190078555
589.0,-0.21724850393515016,0.17604378610393184
588.0,-0.21724850393515016,0.1755506746329823
587.0,-0.21724850393515016,0.17490756860760256
586.0,16.317837298142347,0.17455932244592404
585.0,7.397706476968943,0.17455932244592404
584.0,-0.21724850393515016,0.1740661724593783
583.0,-0.21724850393515016,0.1740661724593783
582.0,-0.21724850393515016,0.17377787595583472
581.0,-0.21724850393515016,0.17308486783754548
580.0,-0.21724850393515016,0.17308486783754548
579.0,17.160654791848515,0.1726265369690855
578.0,6.380897907311819,0.17259669080145285
577.0,-0.21724850393515016,0.17259669080145285
576.0,-0.21724850393515016,0.17213989538266525
575.0,-0.21724850393515016,0.17211014920238119
574.0,1.1716865402888201,0.17154477138653323
573.0,-0.21724850393515016,0.17114192873974757
572.0,-0.21724850393515016,0.17114192873974757
571.0,-0.21724850393515016,0.17103161549907647
570.0,176.13315145333493,0.17055027979140197
569.0,4.662503108989152,0.17018012038018426
568.0,-0.21724850393515016,0.1699613076727129
567.0,7.002879703986662,0.169224639752995
566.0,-0.21724850393515016,0.16880910747899247
565.0,-0.21724850393515016,0.16874924642674433
564.0,-0.21724850393515016,0.16874924642674433
563.0,-0.21724850393515016,0.16833506988850824
562.0,-0.21724850393515016,0.16827540414183473
561.0,-0.21724850393515016,0.16778580469644305
560.0,-0.21724850393515016,0.16708871979150297
559.0,-0.21724850393515016,0.16662025507631573
558.0,-0.21724850393515016,0.16624245290841577
557.0,-0.21724850393515016,0.16538828402589242
556.0,-0.21724850393515016,0.16500110210735047
555.0,-0.21724850393515016,0.16500110210735047
554.0,11.04285895934575,0.1645744338544035
553.0,2.9837691246102973,0.16407898769855223
552.0,-0.21724850393515016,0.16370762344731557
551.0,1.7426088399462862,0.16362011675917665
550.0,10.384091600606297,0.16324992216106188
549.0,-0.21724850393515016,0.16204624292064232
548.0,-0.21724850393515016,0.16179899532392464
547.0,-0.21724850393515016,0.16159373935429827
546.0,3.4868531619363266,0.16134726080266928
545.0,-0.21724850393515016,0.1604479852886332
544.0,-0.21724850393515016,0.1604479852886332
543.0,-0.21724850393515016,0.16040347741264943
542.0,-0.21724850393515016,0.16000042705618756
541.0,6.4802255311601,0.16000042705618756
540.0,-0.21724850393515016,0.159668235154002
539.0,-0.21724850393515016,0.15889290609910406
538.0,1.6294406681156242,0.15833681049839135
537.0,-0.21724850393515016,0.1575685346599314
536.0,-0.21724850393515016,0.15734366032083083
535.0,-0.21724850393515016,0.15734366032083083
534.0,2.679062235107575,0.1571729771373729
533.0,-0.21724850393515016,0.15690555280461405
532.0,-0.21724850393515016,0.15690555280461405
531.0,-0.21724850393515016,0.15689041148281244
530.0,5.763332193795416,0.15643861619591373
529.0,-0.21724850393515016,0.155584098501444
528.0,-0.21724850393515016,0.15516622026125343
527.0,-0.21724850393515016,0.15516622026125343
526.0,19.78109240345979,0.1548728468789494
525.0,-0.21724850393515016,0.15473462252461959
524.0,-0.21724850393515016,0.15473462252461959
523.0,-0.21724850393515016,0.15473462252461959
522.0,-0.21724850393515016,0.154455490800205
521.0,-0.21724850393515016,0.15373630700685326
520.0,-0.21724850393515016,0.15330893117341668
519.0,-0.21724850393515016,0.15302094445333522
518.0,39.83778729975918,0.15219720696791314
517.0,0.4525894826243455,0.15217162898321498
516.0,-0.21724850393515016,0.15176155967300284
515.0,-0.02343097142976443,0.15093225204460706
514.0,8.808820148692025,0.15064914229700588
513.0,-0.21724850393515016,0.1504877546824676
512.0,-0.21724850393515016,0.15023074224073188
511.0,-0.21724850393515016,0.15006981905162556
510.0,7.902116087120738,0.14912979303370444
509.0,-0.21724850393515016,0.14871574113421143
508.0,-0.21724850393515016,0.14841000062549517
507.0,-0.21724850393515016,0.14819603509469162
506.0,12.087126524750778,0.14758715122041277
505.0,-0.21724850393515016,0.14758715122041277
504.0,-0.21724850393515016,0.14721634589708862
503.0,4.268339123041225,0.14717746820828692
502.0,-0.21724850393515016,0.14680770593928916
501.0,10.792443573635397,0.14573242499652278
500.0,-0.21724850393515016,0.1451062867139452
499.0,4.31635920265373,0.144522313250226
498.0,23.250884963449643,0.1443415964593396
497.0,1.552848258535689,0.14378514936610498
496.0,-0.21724850393515016,0.14306538895960758
495.0,-0.21724850393515016,0.14266824737041728
494.0,-0.21724850393515016,0.14219523759580083
493.0,-0.21724850393515016,0.14134381842892577
492.0,-0.21724850393515016,0.14083758994142853
491.0,-0.21724850393515016,0.1407749976222865
490.0,3.951200627781228,0.140118855765833
489.0,-0.21724850393515016,0.13999417567968175
488.0,-0.21724850393515016,0.13960533332827701
487.0,-0.21724850393515016,0.1392293583324133
486.0,-0.21724850393515016,0.13883075799094607
485.0,-0.21724850393515016,0.1386435197809411
484.0,-0.21724850393515016,0.1379603011035483
483.0,0.11116276048574239,0.1372938914643345
482.0,-0.21724850393515016,0.1372440932808255
481.0,5.16774761915378,0.136912202594198
480.0,-0.21724850393515016,0.13677226494288328
479.0,-0.21724850393515016,0.13653151422028115
478.0,-0.21724850393515016,0.13594334691660123
477.0,-0.21724850393515016,0.13577311807658285
476.0,-0.21724850393515016,0.13548018219571087
475.0,4.079239604227386,0.13523693856498006
474.0,11.42367956354689,0.13470296672534818
473.0,-0.21724850393515016,0.1342681042820856
472.0,-0.21724850393515016,0.13411086652216533
471.0,-0.21724850393515016,0.13382098611854196
470.0,1.5707872342240583,0.1327542217049801
469.0,-0.21724850393515016,0.1324085074098728
468.0,-0.21724850393515016,0.13236008220912085
467.0,-0.203955435722959,0.13160332515861853
466.0,14.571073659234305,0.13130407219016585
465.0,-0.21724850393515016,0.13104373074358788
464.0,-0.21724850393515016,0.13041906432480696
463.0,-0.21724850393515016,0.1302079724100395
462.0,10.247826087984409,0.12984443647180505
461.0,-0.21724850393515016,0.12984443647180505
460.0,-0.21724850393515016,0.12971540174272897
459.0,-0.21724850393515016,0.12948180823972902
458.0,176.13315145333493,0.12948115433071355
457.0,5.851820948598843,0.12875925684142583
456.0,-0.21724850393515016,0.12875893110286754
455.0,3.5168242598882404,0.1283989997995341
454.0,4.019646274713633,0.1280402824448898
453.0,-0.21724850393515016,0.1280402824448898
452.0,-0.21724850393515016,0.1280402824448898
451.0,-0.21724850393515016,0.12757812870130605
450.0,2.391302966345576,0.1270946238764606
