wavelength_nm,intensity,spectrum_id,spectrum_name,point_index,x_unit,y_unit,wavelength_calibrated_nm
345.386,-6.458566,8205422b-9eff-4701-a582-6dd473d526e9,Air Lamp,0,nm,absorbance,341.21027603164254
345.605,-6.458566,8205422b-9eff-4701-a582-6dd473d526e9,Air Lamp,1,nm,absorbance,341.4276528070887
345.824,-1.7476409999999998,8205422b-9eff-4701-a582-6dd473d526e9,Air Lamp,2,nm,absorbance,341.6450295825348
346.044,-2.184876,8205422b-9eff-4701-a582-6dd473d526e9,Air Lamp,3,nm,absorbance,341.86339894599666
346.263,-0.99026,8205422b-9eff-4701-a582-6dd473d526e9,Air Lamp,4,nm,absorbance,342.0807757214428
346.482,-3.805803,8205422b-9eff-4701-a582-6dd473d526e9,Air Lamp,5,nm,absorbance,342.29815249688903
346.701,1.4776439999999995,8205422b-9eff-4701-a582-6dd473d526e9,Air Lamp,6,nm,absorbance,342.51552927233513
346.92,4.965625999999999,8205422b-9eff-4701-a582-6dd473d526e9,Air Lamp,7,nm,absorbance,342.7329060477813
347.139,3.8966369999999992,8205422b-9eff-4701-a582-6dd473d526e9,Air Lamp,8,nm,absorbance,342.95028282322744
347.358,-2.9991510000000003,8205422b-9eff-4701-a582-6dd473d526e9,Air Lamp,9,nm,absorbance,343.1676595986736
347.577,-1.071198,8205422b-9eff-4701-a582-6dd473d526e9,Air Lamp,10,nm,absorbance,343.3850363741197
347.796,0.3334959999999999,8205422b-9eff-4701-a582-6dd473d526e9,Air Lamp,11,nm,absorbance,343.60241314956585
348.015,6.224788,8205422b-9eff-4701-a582-6dd473d526e9,Air Lamp,12,nm,absorbance,343.819789925012
348.234,0.0555139999999999,8205422b-9eff-4701-a582-6dd473d526e9,Air Lamp,13,nm,absorbance,344.03716670045816
348.453,-2.796529,8205422b-9eff-4701-a582-6dd473d526e9,Air Lamp,14,nm,absorbance,344.25454347590426
348.672,-4.700405000000001,8205422b-9eff-4701-a582-6dd473d526e9,Air Lamp,15,nm,absorbance,344.47192025135047
348.891,-7.294825,8205422b-9eff-4701-a582-6dd473d526e9,Air Lamp,16,nm,absorbance,344.6892970267966
349.11,16.444709,8205422b-9eff-4701-a582-6dd473d526e9,Air Lamp,17,nm,absorbance,344.9066738022428
349.329,39.05396400000001,8205422b-9eff-4701-a582-6dd473d526e9,Air Lamp,18,nm,absorbance,345.12405057768893
349.548,69.6198,8205422b-9eff-4701-a582-6dd473d526e9,Air Lamp,19,nm,absorbance,345.34142735313503
349.767,84.53831799999999,8205422b-9eff-4701-a582-6dd473d526e9,Air Lamp,20,nm,absorbance,345.5588041285812
349.986,95.645902,8205422b-9eff-4701-a582-6dd473d526e9,Air Lamp,21,nm,absorbance,345.77618090402734
350.205,104.867387,8205422b-9eff-4701-a582-6dd473d526e9,Air Lamp,22,nm,absorbance,345.9935576794735
350.424,109.345852,8205422b-9eff-4701-a582-6dd473d526e9,Air Lamp,23,nm,absorbance,346.2109344549196
350.643,118.627542,8205422b-9eff-4701-a582-6dd473d526e9,Air Lamp,24,nm,absorbance,346.42831123036575
350.862,122.109037,8205422b-9eff-4701-a582-6dd473d526e9,Air Lamp,25,nm,absorbance,346.64568800581196
351.08,129.241605,8205422b-9eff-4701-a582-6dd473d526e9,Air Lamp,26,nm,absorbance,346.86207219324234
351.299,138.61606899999998,8205422b-9eff-4701-a582-6dd473d526e9,Air Lamp,27,nm,absorbance,347.0794489686885
351.518,157.996287,8205422b-9eff-4701-a582-6dd473d526e9,Air Lamp,28,nm,absorbance,347.2968257441346
351.737,173.208955,8205422b-9eff-4701-a582-6dd473d526e9,Air Lamp,29,nm,absorbance,347.5142025195808
351.956,189.80484,8205422b-9eff-4701-a582-6dd473d526e9,Air Lamp,30,nm,absorbance,347.73157929502696
352.174,210.549726,8205422b-9eff-4701-a582-6dd473d526e9,Air Lamp,31,nm,absorbance,347.94796348245734
352.393,233.277906,8205422b-9eff-4701-a582-6dd473d526e9,Air Lamp,32,nm,absorbance,348.16534025790344
352.612,259.19414,8205422b-9eff-4701-a582-6dd473d526e9,Air Lamp,33,nm,absorbance,348.38271703334965
352.831,286.496084,8205422b-9eff-4701-a582-6dd473d526e9,Air Lamp,34,nm,absorbance,348.6000938087958
353.049,314.35444500000006,8205422b-9eff-4701-a582-6dd473d526e9,Air Lamp,35,nm,absorbance,348.8164779962262
353.268,342.546499,8205422b-9eff-4701-a582-6dd473d526e9,Air Lamp,36,nm,absorbance,349.03385477167234
353.487,370.637006,8205422b-9eff-4701-a582-6dd473d526e9,Air Lamp,37,nm,absorbance,349.2512315471185
353.705,400.72638,8205422b-9eff-4701-a582-6dd473d526e9,Air Lamp,38,nm,absorbance,349.4676157345489
353.924,432.315405,8205422b-9eff-4701-a582-6dd473d526e9,Air Lamp,39,nm,absorbance,349.684992509995
354.143,462.3197659999999,8205422b-9eff-4701-a582-6dd473d526e9,Air Lamp,40,nm,absorbance,349.9023692854412
354.361,492.681508,8205422b-9eff-4701-a582-6dd473d526e9,Air Lamp,41,nm,absorbance,350.1187534728716
354.58,517.9208689999999,8205422b-9eff-4701-a582-6dd473d526e9,Air Lamp,42,nm,absorbance,350.3361302483177
354.798,544.581019,8205422b-9eff-4701-a582-6dd473d526e9,Air Lamp,43,nm,absorbance,350.55251443574815
355.017,565.826039,8205422b-9eff-4701-a582-6dd473d526e9,Air Lamp,44,nm,absorbance,350.7698912111943
355.236,594.795596,8205422b-9eff-4701-a582-6dd473d526e9,Air Lamp,45,nm,absorbance,350.98726798664046
355.454,626.7854930000001,8205422b-9eff-4701-a582-6dd473d526e9,Air Lamp,46,nm,absorbance,351.2036521740709
355.673,675.7245079999999,8205422b-9eff-4701-a582-6dd473d526e9,Air Lamp,47,nm,absorbance,351.42102894951705
355.891,724.488036,8205422b-9eff-4701-a582-6dd473d526e9,Air Lamp,48,nm,absorbance,351.63741313694743
356.11,774.7967639999999,8205422b-9eff-4701-a582-6dd473d526e9,Air Lamp,49,nm,absorbance,351.8547899123936
356.328,829.405031,8205422b-9eff-4701-a582-6dd473d526e9,Air Lamp,50,nm,absorbance,352.07117409982396
356.547,883.965408,8205422b-9eff-4701-a582-6dd473d526e9,Air Lamp,51,nm,absorbance,352.2885508752702
356.765,952.799402,8205422b-9eff-4701-a582-6dd473d526e9,Air Lamp,52,nm,absorbance,352.50493506270055
356.984,1021.067343,8205422b-9eff-4701-a582-6dd473d526e9,Air Lamp,53,nm,absorbance,352.7223118381467
357.202,1101.606306,8205422b-9eff-4701-a582-6dd473d526e9,Air Lamp,54,nm,absorbance,352.9386960255771
357.42,1174.470114,8205422b-9eff-4701-a582-6dd473d526e9,Air Lamp,55,nm,absorbance,353.1550802130075
357.639,1242.9537079999998,8205422b-9eff-4701-a582-6dd473d526e9,Air Lamp,56,nm,absorbance,353.3724569884537
357.857,1301.450835,8205422b-9eff-4701-a582-6dd473d526e9,Air Lamp,57,nm,absorbance,353.5888411758841
358.076,1351.7679999999998,8205422b-9eff-4701-a582-6dd473d526e9,Air Lamp,58,nm,absorbance,353.80621795133027
358.294,1402.813129,8205422b-9eff-4701-a582-6dd473d526e9,Air Lamp,59,nm,absorbance,354.02260213876065
358.512,1445.976774,8205422b-9eff-4701-a582-6dd473d526e9,Air Lamp,60,nm,absorbance,354.2389863261911
358.731,1479.140247,8205422b-9eff-4701-a582-6dd473d526e9,Air Lamp,61,nm,absorbance,354.4563631016372
358.949,1508.92869,8205422b-9eff-4701-a582-6dd473d526e9,Air Lamp,62,nm,absorbance,354.6727472890676
359.167,1538.263343,8205422b-9eff-4701-a582-6dd473d526e9,Air Lamp,63,nm,absorbance,354.889131476498
359.386,1570.7413840000004,8205422b-9eff-4701-a582-6dd473d526e9,Air Lamp,64,nm,absorbance,355.1065082519442
359.604,1597.790815,8205422b-9eff-4701-a582-6dd473d526e9,Air Lamp,65,nm,absorbance,355.3228924393746
359.822,1629.2681119999995,8205422b-9eff-4701-a582-6dd473d526e9,Air Lamp,66,nm,absorbance,355.539276626805
360.04,1654.2103,8205422b-9eff-4701-a582-6dd473d526e9,Air Lamp,67,nm,absorbance,355.75566081423545
360.259,1657.2388139999998,8205422b-9eff-4701-a582-6dd473d526e9,Air Lamp,68,nm,absorbance,355.97303758968155
360.477,1655.8434520000003,8205422b-9eff-4701-a582-6dd473d526e9,Air Lamp,69,nm,absorbance,356.18942177711193
360.695,1642.6482629999998,8205422b-9eff-4701-a582-6dd473d526e9,Air Lamp,70,nm,absorbance,356.40580596454237
360.913,1648.346551,8205422b-9eff-4701-a582-6dd473d526e9,Air Lamp,71,nm,absorbance,356.6221901519728
361.131,1636.980128,8205422b-9eff-4701-a582-6dd473d526e9,Air Lamp,72,nm,absorbance,356.8385743394032
361.35,1619.358976,8205422b-9eff-4701-a582-6dd473d526e9,Air Lamp,73,nm,absorbance,357.0559511148494
361.568,1585.522377,8205422b-9eff-4701-a582-6dd473d526e9,Air Lamp,74,nm,absorbance,357.27233530227977
361.786,1550.7298300000002,8205422b-9eff-4701-a582-6dd473d526e9,Air Lamp,75,nm,absorbance,357.48871948971015
362.004,1525.2347200000002,8205422b-9eff-4701-a582-6dd473d526e9,Air Lamp,76,nm,absorbance,357.7051036771406
362.222,1497.623472,8205422b-9eff-4701-a582-6dd473d526e9,Air Lamp,77,nm,absorbance,357.92148786457096
362.44,1465.017418,8205422b-9eff-4701-a582-6dd473d526e9,Air Lamp,78,nm,absorbance,358.1378720520014
362.658,1438.383777,8205422b-9eff-4701-a582-6dd473d526e9,Air Lamp,79,nm,absorbance,358.35425623943183
362.876,1413.228154,8205422b-9eff-4701-a582-6dd473d526e9,Air Lamp,80,nm,absorbance,358.5706404268622
363.094,1405.699377,8205422b-9eff-4701-a582-6dd473d526e9,Air Lamp,81,nm,absorbance,358.78702461429265
363.312,1402.328271,8205422b-9eff-4701-a582-6dd473d526e9,Air Lamp,82,nm,absorbance,359.0034088017231
363.53,1406.790562,8205422b-9eff-4701-a582-6dd473d526e9,Air Lamp,83,nm,absorbance,359.21979298915346
363.749,1406.56963,8205422b-9eff-4701-a582-6dd473d526e9,Air Lamp,84,nm,absorbance,359.4371697645996
363.967,1394.2005289999995,8205422b-9eff-4701-a582-6dd473d526e9,Air Lamp,85,nm,absorbance,359.65355395203
364.184,1365.861299,8205422b-9eff-4701-a582-6dd473d526e9,Air Lamp,86,nm,absorbance,359.8689455514447
364.402,1323.874483,8205422b-9eff-4701-a582-6dd473d526e9,Air Lamp,87,nm,absorbance,360.0853297388751
364.62,1261.7695170000002,8205422b-9eff-4701-a582-6dd473d526e9,Air Lamp,88,nm,absorbance,360.3017139263055
364.838,1184.423623,8205422b-9eff-4701-a582-6dd473d526e9,Air Lamp,89,nm,absorbance,360.51809811373596
365.056,1094.9078539999998,8205422b-9eff-4701-a582-6dd473d526e9,Air Lamp,90,nm,absorbance,360.73448230116634
365.274,998.7007660000002,8205422b-9eff-4701-a582-6dd473d526e9,Air Lamp,91,nm,absorbance,360.9508664885968
365.492,900.188133,8205422b-9eff-4701-a582-6dd473d526e9,Air Lamp,92,nm,absorbance,361.1672506760272
365.71,792.971868,8205422b-9eff-4701-a582-6dd473d526e9,Air Lamp,93,nm,absorbance,361.3836348634576
365.928,688.6017939999999,8205422b-9eff-4701-a582-6dd473d526e9,Air Lamp,94,nm,absorbance,361.60001905088797
366.146,575.610745,8205422b-9eff-4701-a582-6dd473d526e9,Air Lamp,95,nm,absorbance,361.8164032383184
366.364,462.4718959999999,8205422b-9eff-4701-a582-6dd473d526e9,Air Lamp,96,nm,absorbance,362.0327874257488
366.581,348.543298,8205422b-9eff-4701-a582-6dd473d526e9,Air Lamp,97,nm,absorbance,362.2481790251635
366.799,256.00244000000004,8205422b-9eff-4701-a582-6dd473d526e9,Air Lamp,98,nm,absorbance,362.4645632125939
367.017,191.020033,8205422b-9eff-4701-a582-6dd473d526e9,Air Lamp,99,nm,absorbance,362.6809474000243
367.235,159.87568700000003,8205422b-9eff-4701-a582-6dd473d526e9,Air Lamp,100,nm,absorbance,362.89733158745474
367.453,150.022166,8205422b-9eff-4701-a582-6dd473d526e9,Air Lamp,101,nm,absorbance,363.1137157748851
367.67,149.744047,8205422b-9eff-4701-a582-6dd473d526e9,Air Lamp,102,nm,absorbance,363.32910737429984
367.888,151.681888,8205422b-9eff-4701-a582-6dd473d526e9,Air Lamp,103,nm,absorbance,363.5454915617302
368.106,150.768583,8205422b-9eff-4701-a582-6dd473d526e9,Air Lamp,104,nm,absorbance,363.76187574916065
368.323,154.63794199999998,8205422b-9eff-4701-a582-6dd473d526e9,Air Lamp,105,nm,absorbance,363.9772673485753
368.541,156.43413400000003,8205422b-9eff-4701-a582-6dd473d526e9,Air Lamp,106,nm,absorbance,364.19365153600575
368.759,171.45628400000004,8205422b-9eff-4701-a582-6dd473d526e9,Air Lamp,107,nm,absorbance,364.4100357234362
368.977,183.953298,8205422b-9eff-4701-a582-6dd473d526e9,Air Lamp,108,nm,absorbance,364.6264199108665
369.194,202.595172,8205422b-9eff-4701-a582-6dd473d526e9,Air Lamp,109,nm,absorbance,364.8418115102812
369.412,212.30191800000003,8205422b-9eff-4701-a582-6dd473d526e9,Air Lamp,110,nm,absorbance,365.0581956977116
369.629,222.399705,8205422b-9eff-4701-a582-6dd473d526e9,Air Lamp,111,nm,absorbance,365.2735872971263
369.847,229.72043700000003,8205422b-9eff-4701-a582-6dd473d526e9,Air Lamp,112,nm,absorbance,365.4899714845567
370.065,248.60255400000003,8205422b-9eff-4701-a582-6dd473d526e9,Air Lamp,113,nm,absorbance,365.7063556719871
370.282,265.848685,8205422b-9eff-4701-a582-6dd473d526e9,Air Lamp,114,nm,absorbance,365.9217472714018
370.5,288.951009,8205422b-9eff-4701-a582-6dd473d526e9,Air Lamp,115,nm,absorbance,366.1381314588322
370.717,300.527587,8205422b-9eff-4701-a582-6dd473d526e9,Air Lamp,116,nm,absorbance,366.3535230582469
370.935,316.483782,8205422b-9eff-4701-a582-6dd473d526e9,Air Lamp,117,nm,absorbance,366.5699072456773
371.152,332.127901,8205422b-9eff-4701-a582-6dd473d526e9,Air Lamp,118,nm,absorbance,366.785298845092
371.37,350.472586,8205422b-9eff-4701-a582-6dd473d526e9,Air Lamp,119,nm,absorbance,367.0016830325224
371.588,366.125427,8205422b-9eff-4701-a582-6dd473d526e9,Air Lamp,120,nm,absorbance,367.21806721995284
371.805,383.824527,8205422b-9eff-4701-a582-6dd473d526e9,Air Lamp,121,nm,absorbance,367.4334588193675
372.022,393.857412,8205422b-9eff-4701-a582-6dd473d526e9,Air Lamp,122,nm,absorbance,367.64885041878216
372.24,410.177822,8205422b-9eff-4701-a582-6dd473d526e9,Air Lamp,123,nm,absorbance,367.8652346062126
372.457,413.007831,8205422b-9eff-4701-a582-6dd473d526e9,Air Lamp,124,nm,absorbance,368.08062620562725
372.675,433.250182,8205422b-9eff-4701-a582-6dd473d526e9,Air Lamp,125,nm,absorbance,368.2970103930577
372.892,440.8369740000001,8205422b-9eff-4701-a582-6dd473d526e9,Air Lamp,126,nm,absorbance,368.51240199247235
373.11,455.565761,8205422b-9eff-4701-a582-6dd473d526e9,Air Lamp,127,nm,absorbance,368.7287861799028
373.327,464.5760609999999,8205422b-9eff-4701-a582-6dd473d526e9,Air Lamp,128,nm,absorbance,368.94417777931744
373.544,489.0413750000001,8205422b-9eff-4701-a582-6dd473d526e9,Air Lamp,129,nm,absorbance,369.1595693787321
373.762,513.296655,8205422b-9eff-4701-a582-6dd473d526e9,Air Lamp,130,nm,absorbance,369.37595356616254
373.979,536.3088240000001,8205422b-9eff-4701-a582-6dd473d526e9,Air Lamp,131,nm,absorbance,369.5913451655772
374.196,554.876305,8205422b-9eff-4701-a582-6dd473d526e9,Air Lamp,132,nm,absorbance,369.8067367649919
374.414,581.7699399999999,8205422b-9eff-4701-a582-6dd473d526e9,Air Lamp,133,nm,absorbance,370.0231209524223
374.631,613.218743,8205422b-9eff-4701-a582-6dd473d526e9,Air Lamp,134,nm,absorbance,370.23851255183695
374.848,637.3596949999999,8205422b-9eff-4701-a582-6dd473d526e9,Air Lamp,135,nm,absorbance,370.45390415125166
375.066,665.8720969999999,8205422b-9eff-4701-a582-6dd473d526e9,Air Lamp,136,nm,absorbance,370.670288338682
375.283,684.556021,8205422b-9eff-4701-a582-6dd473d526e9,Air Lamp,137,nm,absorbance,370.88567993809676
375.5,715.8466430000001,8205422b-9eff-4701-a582-6dd473d526e9,Air Lamp,138,nm,absorbance,371.1010715375114
375.717,744.218038,8205422b-9eff-4701-a582-6dd473d526e9,Air Lamp,139,nm,absorbance,371.3164631369261
375.935,772.5921099999999,8205422b-9eff-4701-a582-6dd473d526e9,Air Lamp,140,nm,absorbance,371.53284732435645
376.152,795.282855,8205422b-9eff-4701-a582-6dd473d526e9,Air Lamp,141,nm,absorbance,371.74823892377117
376.369,810.6824530000001,8205422b-9eff-4701-a582-6dd473d526e9,Air Lamp,142,nm,absorbance,371.9636305231859
376.586,826.952037,8205422b-9eff-4701-a582-6dd473d526e9,Air Lamp,143,nm,absorbance,372.17902212260054
376.803,849.6204539999999,8205422b-9eff-4701-a582-6dd473d526e9,Air Lamp,144,nm,absorbance,372.3944137220152
377.02,869.5242349999999,8205422b-9eff-4701-a582-6dd473d526e9,Air Lamp,145,nm,absorbance,372.60980532142986
377.238,884.9383639999999,8205422b-9eff-4701-a582-6dd473d526e9,Air Lamp,146,nm,absorbance,372.8261895088603
377.455,898.1711859999999,8205422b-9eff-4701-a582-6dd473d526e9,Air Lamp,147,nm,absorbance,373.04158110827495
377.672,903.960396,8205422b-9eff-4701-a582-6dd473d526e9,Air Lamp,148,nm,absorbance,373.25697270768967
377.889,917.400259,8205422b-9eff-4701-a582-6dd473d526e9,Air Lamp,149,nm,absorbance,373.4723643071043
378.106,928.937123,8205422b-9eff-4701-a582-6dd473d526e9,Air Lamp,150,nm,absorbance,373.687755906519
378.323,951.047183,8205422b-9eff-4701-a582-6dd473d526e9,Air Lamp,151,nm,absorbance,373.90314750593365
378.54,965.5170460000002,8205422b-9eff-4701-a582-6dd473d526e9,Air Lamp,152,nm,absorbance,374.11853910534836
378.757,965.910847,8205422b-9eff-4701-a582-6dd473d526e9,Air Lamp,153,nm,absorbance,374.333930704763
378.974,970.746367,8205422b-9eff-4701-a582-6dd473d526e9,Air Lamp,154,nm,absorbance,374.5493223041777
379.191,984.0528849999998,8205422b-9eff-4701-a582-6dd473d526e9,Air Lamp,155,nm,absorbance,374.76471390359234
379.408,1006.068522,8205422b-9eff-4701-a582-6dd473d526e9,Air Lamp,156,nm,absorbance,374.98010550300705
379.625,1011.008817,8205422b-9eff-4701-a582-6dd473d526e9,Air Lamp,157,nm,absorbance,375.1954971024217
379.842,1028.655769,8205422b-9eff-4701-a582-6dd473d526e9,Air Lamp,158,nm,absorbance,375.41088870183637
380.059,1048.896367,8205422b-9eff-4701-a582-6dd473d526e9,Air Lamp,159,nm,absorbance,375.6262803012511
380.276,1075.080045,8205422b-9eff-4701-a582-6dd473d526e9,Air Lamp,160,nm,absorbance,375.84167190066574
380.493,1090.528088,8205422b-9eff-4701-a582-6dd473d526e9,Air Lamp,161,nm,absorbance,376.0570635000804
380.71,1107.904365,8205422b-9eff-4701-a582-6dd473d526e9,Air Lamp,162,nm,absorbance,376.27245509949506
380.927,1138.270457,8205422b-9eff-4701-a582-6dd473d526e9,Air Lamp,163,nm,absorbance,376.4878466989098
381.143,1184.404629,8205422b-9eff-4701-a582-6dd473d526e9,Air Lamp,164,nm,absorbance,376.70224571030866
381.36,1214.605893,8205422b-9eff-4701-a582-6dd473d526e9,Air Lamp,165,nm,absorbance,376.9176373097234
381.577,1241.168858,8205422b-9eff-4701-a582-6dd473d526e9,Air Lamp,166,nm,absorbance,377.13302890913803
381.794,1246.7443259999998,8205422b-9eff-4701-a582-6dd473d526e9,Air Lamp,167,nm,absorbance,377.3484205085527
382.011,1260.329826,8205422b-9eff-4701-a582-6dd473d526e9,Air Lamp,168,nm,absorbance,377.5638121079674
382.228,1262.403828,8205422b-9eff-4701-a582-6dd473d526e9,Air Lamp,169,nm,absorbance,377.77920370738207
382.444,1252.203591,8205422b-9eff-4701-a582-6dd473d526e9,Air Lamp,170,nm,absorbance,377.993602718781
382.661,1240.002026,8205422b-9eff-4701-a582-6dd473d526e9,Air Lamp,171,nm,absorbance,378.2089943181957
382.878,1217.2909450000002,8205422b-9eff-4701-a582-6dd473d526e9,Air Lamp,172,nm,absorbance,378.4243859176104
383.095,1199.619186,8205422b-9eff-4701-a582-6dd473d526e9,Air Lamp,173,nm,absorbance,378.6397775170251
383.311,1161.693216,8205422b-9eff-4701-a582-6dd473d526e9,Air Lamp,174,nm,absorbance,378.854176528424
383.528,1127.709731,8205422b-9eff-4701-a582-6dd473d526e9,Air Lamp,175,nm,absorbance,379.0695681278387
383.745,1088.122953,8205422b-9eff-4701-a582-6dd473d526e9,Air Lamp,176,nm,absorbance,379.28495972725335
383.962,1065.705797,8205422b-9eff-4701-a582-6dd473d526e9,Air Lamp,177,nm,absorbance,379.500351326668
384.178,1030.383561,8205422b-9eff-4701-a582-6dd473d526e9,Air Lamp,178,nm,absorbance,379.71475033806695
384.395,994.819461,8205422b-9eff-4701-a582-6dd473d526e9,Air Lamp,179,nm,absorbance,379.9301419374816
384.612,950.190981,8205422b-9eff-4701-a582-6dd473d526e9,Air Lamp,180,nm,absorbance,380.1455335368963
384.828,911.426703,8205422b-9eff-4701-a582-6dd473d526e9,Air Lamp,181,nm,absorbance,380.3599325482952
385.045,877.7995089999998,8205422b-9eff-4701-a582-6dd473d526e9,Air Lamp,182,nm,absorbance,380.5753241477099
385.261,857.9767330000001,8205422b-9eff-4701-a582-6dd473d526e9,Air Lamp,183,nm,absorbance,380.78972315910886
385.478,860.2783219999999,8205422b-9eff-4701-a582-6dd473d526e9,Air Lamp,184,nm,absorbance,381.0051147585235
385.695,864.4181620000002,8205422b-9eff-4701-a582-6dd473d526e9,Air Lamp,185,nm,absorbance,381.2205063579382
385.911,874.0859470000001,8205422b-9eff-4701-a582-6dd473d526e9,Air Lamp,186,nm,absorbance,381.4349053693372
386.128,883.5309790000001,8205422b-9eff-4701-a582-6dd473d526e9,Air Lamp,187,nm,absorbance,381.65029696875183
386.344,892.315353,8205422b-9eff-4701-a582-6dd473d526e9,Air Lamp,188,nm,absorbance,381.86469598015077
386.561,897.812665,8205422b-9eff-4701-a582-6dd473d526e9,Air Lamp,189,nm,absorbance,382.08008757956543
386.777,898.8858989999999,8205422b-9eff-4701-a582-6dd473d526e9,Air Lamp,190,nm,absorbance,382.29448659096437
386.994,899.691834,8205422b-9eff-4701-a582-6dd473d526e9,Air Lamp,191,nm,absorbance,382.5098781903791
387.21,889.3446210000002,8205422b-9eff-4701-a582-6dd473d526e9,Air Lamp,192,nm,absorbance,382.72427720177797
387.427,870.6552019999999,8205422b-9eff-4701-a582-6dd473d526e9,Air Lamp,193,nm,absorbance,382.9396688011927
387.643,845.3556409999999,8205422b-9eff-4701-a582-6dd473d526e9,Air Lamp,194,nm,absorbance,383.15406781259156
387.86,812.925329,8205422b-9eff-4701-a582-6dd473d526e9,Air Lamp,195,nm,absorbance,383.3694594120063
388.076,778.980829,8205422b-9eff-4701-a582-6dd473d526e9,Air Lamp,196,nm,absorbance,383.5838584234053
388.292,726.084149,8205422b-9eff-4701-a582-6dd473d526e9,Air Lamp,197,nm,absorbance,383.79825743480416
388.509,685.1512829999999,8205422b-9eff-4701-a582-6dd473d526e9,Air Lamp,198,nm,absorbance,384.0136490342189
388.725,632.213921,8205422b-9eff-4701-a582-6dd473d526e9,Air Lamp,199,nm,absorbance,384.2280480456178
388.942,594.696279,8205422b-9eff-4701-a582-6dd473d526e9,Air Lamp,200,nm,absorbance,384.44343964503247
389.158,547.112429,8205422b-9eff-4701-a582-6dd473d526e9,Air Lamp,201,nm,absorbance,384.6578386564314
389.374,501.193736,8205422b-9eff-4701-a582-6dd473d526e9,Air Lamp,202,nm,absorbance,384.87223766783035
389.591,458.9244259999999,8205422b-9eff-4701-a582-6dd473d526e9,Air Lamp,203,nm,absorbance,385.087629267245
389.807,422.43738300000007,8205422b-9eff-4701-a582-6dd473d526e9,Air Lamp,204,nm,absorbance,385.30202827864395
390.023,399.3477730000001,8205422b-9eff-4701-a582-6dd473d526e9,Air Lamp,205,nm,absorbance,385.51642729004294
390.239,379.821049,8205422b-9eff-4701-a582-6dd473d526e9,Air Lamp,206,nm,absorbance,385.7308263014418
390.456,367.403762,8205422b-9eff-4701-a582-6dd473d526e9,Air Lamp,207,nm,absorbance,385.94621790085654
390.672,368.028037,8205422b-9eff-4701-a582-6dd473d526e9,Air Lamp,208,nm,absorbance,386.1606169122555
390.888,380.137817,8205422b-9eff-4701-a582-6dd473d526e9,Air Lamp,209,nm,absorbance,386.37501592365436
391.104,398.999753,8205422b-9eff-4701-a582-6dd473d526e9,Air Lamp,210,nm,absorbance,386.5894149350533
391.321,417.4150019999999,8205422b-9eff-4701-a582-6dd473d526e9,Air Lamp,211,nm,absorbance,386.804806534468
391.537,428.149307,8205422b-9eff-4701-a582-6dd473d526e9,Air Lamp,212,nm,absorbance,387.01920554586695
391.753,439.4697990000001,8205422b-9eff-4701-a582-6dd473d526e9,Air Lamp,213,nm,absorbance,387.2336045572659
391.969,447.059246,8205422b-9eff-4701-a582-6dd473d526e9,Air Lamp,214,nm,absorbance,387.44800356866483
392.185,467.715875,8205422b-9eff-4701-a582-6dd473d526e9,Air Lamp,215,nm,absorbance,387.66240258006377
392.401,482.942412,8205422b-9eff-4701-a582-6dd473d526e9,Air Lamp,216,nm,absorbance,387.8768015914627
392.618,499.908252,8205422b-9eff-4701-a582-6dd473d526e9,Air Lamp,217,nm,absorbance,388.09219319087737
392.834,510.56792,8205422b-9eff-4701-a582-6dd473d526e9,Air Lamp,218,nm,absorbance,388.3065922022763
393.05,524.111859,8205422b-9eff-4701-a582-6dd473d526e9,Air Lamp,219,nm,absorbance,388.5209912136753
393.266,534.005962,8205422b-9eff-4701-a582-6dd473d526e9,Air Lamp,220,nm,absorbance,388.73539022507424
393.482,539.735916,8205422b-9eff-4701-a582-6dd473d526e9,Air Lamp,221,nm,absorbance,388.9497892364732
393.698,543.935188,8205422b-9eff-4701-a582-6dd473d526e9,Air Lamp,222,nm,absorbance,389.16418824787206
393.914,557.703818,8205422b-9eff-4701-a582-6dd473d526e9,Air Lamp,223,nm,absorbance,389.378587259271
394.13,573.9020260000001,8205422b-9eff-4701-a582-6dd473d526e9,Air Lamp,224,nm,absorbance,389.59298627066994
394.346,585.893456,8205422b-9eff-4701-a582-6dd473d526e9,Air Lamp,225,nm,absorbance,389.8073852820689
394.562,589.6633199999999,8205422b-9eff-4701-a582-6dd473d526e9,Air Lamp,226,nm,absorbance,390.0217842934679
394.778,593.746679,8205422b-9eff-4701-a582-6dd473d526e9,Air Lamp,227,nm,absorbance,390.2361833048668
394.994,605.400284,8205422b-9eff-4701-a582-6dd473d526e9,Air Lamp,228,nm,absorbance,390.45058231626575
395.21,613.173395,8205422b-9eff-4701-a582-6dd473d526e9,Air Lamp,229,nm,absorbance,390.66498132766463
395.426,620.24785,8205422b-9eff-4701-a582-6dd473d526e9,Air Lamp,230,nm,absorbance,390.8793803390636
395.642,630.1559570000001,8205422b-9eff-4701-a582-6dd473d526e9,Air Lamp,231,nm,absorbance,391.0937793504625
395.858,634.070802,8205422b-9eff-4701-a582-6dd473d526e9,Air Lamp,232,nm,absorbance,391.3081783618615
396.073,641.6157460000001,8205422b-9eff-4701-a582-6dd473d526e9,Air Lamp,233,nm,absorbance,391.52158478524467
396.289,640.609502,8205422b-9eff-4701-a582-6dd473d526e9,Air Lamp,234,nm,absorbance,391.7359837966436
396.505,645.4605819999999,8205422b-9eff-4701-a582-6dd473d526e9,Air Lamp,235,nm,absorbance,391.95038280804255
396.721,649.454975,8205422b-9eff-4701-a582-6dd473d526e9,Air Lamp,236,nm,absorbance,392.1647818194415
396.937,641.3251889999999,8205422b-9eff-4701-a582-6dd473d526e9,Air Lamp,237,nm,absorbance,392.3791808308405
397.153,634.4037480000001,8205422b-9eff-4701-a582-6dd473d526e9,Air Lamp,238,nm,absorbance,392.5935798422394
397.369,632.293874,8205422b-9eff-4701-a582-6dd473d526e9,Air Lamp,239,nm,absorbance,392.80797885363836
397.584,629.487168,8205422b-9eff-4701-a582-6dd473d526e9,Air Lamp,240,nm,absorbance,393.0213852770215
397.8,626.7903859999999,8205422b-9eff-4701-a582-6dd473d526e9,Air Lamp,241,nm,absorbance,393.23578428842046
398.016,618.2673410000001,8205422b-9eff-4701-a582-6dd473d526e9,Air Lamp,242,nm,absorbance,393.45018329981946
398.232,620.2413260000001,8205422b-9eff-4701-a582-6dd473d526e9,Air Lamp,243,nm,absorbance,393.6645823112184
398.447,623.5341169999999,8205422b-9eff-4701-a582-6dd473d526e9,Air Lamp,244,nm,absorbance,393.87798873460156
398.663,614.2385590000001,8205422b-9eff-4701-a582-6dd473d526e9,Air Lamp,245,nm,absorbance,394.0923877460005
398.879,610.12172,8205422b-9eff-4701-a582-6dd473d526e9,Air Lamp,246,nm,absorbance,394.30678675739944
399.094,603.9641399999998,8205422b-9eff-4701-a582-6dd473d526e9,Air Lamp,247,nm,absorbance,394.52019318078266
399.31,603.308615,8205422b-9eff-4701-a582-6dd473d526e9,Air Lamp,248,nm,absorbance,394.7345921921816
399.526,607.931178,8205422b-9eff-4701-a582-6dd473d526e9,Air Lamp,249,nm,absorbance,394.94899120358053
399.741,615.0210559999999,8205422b-9eff-4701-a582-6dd473d526e9,Air Lamp,250,nm,absorbance,395.1623976269637
399.957,628.516643,8205422b-9eff-4701-a582-6dd473d526e9,Air Lamp,251,nm,absorbance,395.37679663836263
400.173,634.6480869999999,8205422b-9eff-4701-a582-6dd473d526e9,Air Lamp,252,nm,absorbance,395.59119564976163
400.388,638.4055379999999,8205422b-9eff-4701-a582-6dd473d526e9,Air Lamp,253,nm,absorbance,395.8046020731448
400.604,639.941759,8205422b-9eff-4701-a582-6dd473d526e9,Air Lamp,254,nm,absorbance,396.01900108454373
400.82,646.800983,8205422b-9eff-4701-a582-6dd473d526e9,Air Lamp,255,nm,absorbance,396.23340009594267
401.035,655.265075,8205422b-9eff-4701-a582-6dd473d526e9,Air Lamp,256,nm,absorbance,396.4468065193259
401.251,650.0907500000001,8205422b-9eff-4701-a582-6dd473d526e9,Air Lamp,257,nm,absorbance,396.6612055307248
401.466,646.3209280000001,8205422b-9eff-4701-a582-6dd473d526e9,Air Lamp,258,nm,absorbance,396.87461195410805
401.682,639.6306139999999,8205422b-9eff-4701-a582-6dd473d526e9,Air Lamp,259,nm,absorbance,397.089010965507
401.897,635.673234,8205422b-9eff-4701-a582-6dd473d526e9,Air Lamp,260,nm,absorbance,397.30241738889015
402.113,619.3990689999999,8205422b-9eff-4701-a582-6dd473d526e9,Air Lamp,261,nm,absorbance,397.51681640028914
402.328,601.920925,8205422b-9eff-4701-a582-6dd473d526e9,Air Lamp,262,nm,absorbance,397.7302228236723
402.544,586.521519,8205422b-9eff-4701-a582-6dd473d526e9,Air Lamp,263,nm,absorbance,397.94462183507125
402.759,573.3081090000001,8205422b-9eff-4701-a582-6dd473d526e9,Air Lamp,264,nm,absorbance,398.15802825845446
402.974,556.2634310000001,8205422b-9eff-4701-a582-6dd473d526e9,Air Lamp,265,nm,absorbance,398.3714346818377
403.19,553.7012550000001,8205422b-9eff-4701-a582-6dd473d526e9,Air Lamp,266,nm,absorbance,398.5858336932366
403.405,546.3425209999999,8205422b-9eff-4701-a582-6dd473d526e9,Air Lamp,267,nm,absorbance,398.7992401166198
403.621,533.970133,8205422b-9eff-4701-a582-6dd473d526e9,Air Lamp,268,nm,absorbance,399.0136391280187
403.836,523.640381,8205422b-9eff-4701-a582-6dd473d526e9,Air Lamp,269,nm,absorbance,399.227045551402
404.051,521.193401,8205422b-9eff-4701-a582-6dd473d526e9,Air Lamp,270,nm,absorbance,399.44045197478516
404.267,525.7058709999999,8205422b-9eff-4701-a582-6dd473d526e9,Air Lamp,271,nm,absorbance,399.6548509861841
404.482,520.8499639999999,8205422b-9eff-4701-a582-6dd473d526e9,Air Lamp,272,nm,absorbance,399.8682574095673
404.697,519.845816,8205422b-9eff-4701-a582-6dd473d526e9,Air Lamp,273,nm,absorbance,400.08166383295054
404.913,538.691607,8205422b-9eff-4701-a582-6dd473d526e9,Air Lamp,274,nm,absorbance,400.2960628443495
405.128,556.866121,8205422b-9eff-4701-a582-6dd473d526e9,Air Lamp,275,nm,absorbance,400.50946926773264
405.343,574.139187,8205422b-9eff-4701-a582-6dd473d526e9,Air Lamp,276,nm,absorbance,400.72287569111586
405.559,581.4715319999999,8205422b-9eff-4701-a582-6dd473d526e9,Air Lamp,277,nm,absorbance,400.9372747025148
405.774,596.4036659999999,8205422b-9eff-4701-a582-6dd473d526e9,Air Lamp,278,nm,absorbance,401.150681125898
405.989,611.841917,8205422b-9eff-4701-a582-6dd473d526e9,Air Lamp,279,nm,absorbance,401.3640875492812
406.204,623.1044499999999,8205422b-9eff-4701-a582-6dd473d526e9,Air Lamp,280,nm,absorbance,401.5774939726644
406.42,627.706995,8205422b-9eff-4701-a582-6dd473d526e9,Air Lamp,281,nm,absorbance,401.7918929840634
406.635,627.6614519999999,8205422b-9eff-4701-a582-6dd473d526e9,Air Lamp,282,nm,absorbance,402.00529940744656
406.85,621.6908800000001,8205422b-9eff-4701-a582-6dd473d526e9,Air Lamp,283,nm,absorbance,402.2187058308298
407.065,614.812295,8205422b-9eff-4701-a582-6dd473d526e9,Air Lamp,284,nm,absorbance,402.43211225421294
407.28,606.742355,8205422b-9eff-4701-a582-6dd473d526e9,Air Lamp,285,nm,absorbance,402.64551867759616
407.495,592.714206,8205422b-9eff-4701-a582-6dd473d526e9,Air Lamp,286,nm,absorbance,402.8589251009794
407.71,574.3907529999999,8205422b-9eff-4701-a582-6dd473d526e9,Air Lamp,287,nm,absorbance,403.07233152436254
407.926,563.0470480000001,8205422b-9eff-4701-a582-6dd473d526e9,Air Lamp,288,nm,absorbance,403.2867305357615
408.141,551.3426609999999,8205422b-9eff-4701-a582-6dd473d526e9,Air Lamp,289,nm,absorbance,403.50013695914475
408.356,535.7349659999999,8205422b-9eff-4701-a582-6dd473d526e9,Air Lamp,290,nm,absorbance,403.7135433825279
408.571,504.2122920000001,8205422b-9eff-4701-a582-6dd473d526e9,Air Lamp,291,nm,absorbance,403.92694980591114
408.786,481.599325,8205422b-9eff-4701-a582-6dd473d526e9,Air Lamp,292,nm,absorbance,404.14035622929435
409.001,468.953632,8205422b-9eff-4701-a582-6dd473d526e9,Air Lamp,293,nm,absorbance,404.3537626526775
409.216,459.531761,8205422b-9eff-4701-a582-6dd473d526e9,Air Lamp,294,nm,absorbance,404.56716907606074
409.431,443.008894,8205422b-9eff-4701-a582-6dd473d526e9,Air Lamp,295,nm,absorbance,404.78057549944396
409.646,423.491133,8205422b-9eff-4701-a582-6dd473d526e9,Air Lamp,296,nm,absorbance,404.9939819228272
409.861,408.26869,8205422b-9eff-4701-a582-6dd473d526e9,Air Lamp,297,nm,absorbance,405.20738834621034
410.076,409.0769240000001,8205422b-9eff-4701-a582-6dd473d526e9,Air Lamp,298,nm,absorbance,405.42079476959356
410.291,412.161322,8205422b-9eff-4701-a582-6dd473d526e9,Air Lamp,299,nm,absorbance,405.6342011929768
410.506,417.727761,8205422b-9eff-4701-a582-6dd473d526e9,Air Lamp,300,nm,absorbance,405.84760761635994
410.721,419.252711,8205422b-9eff-4701-a582-6dd473d526e9,Air Lamp,301,nm,absorbance,406.06101403974316
410.936,424.1964179999999,8205422b-9eff-4701-a582-6dd473d526e9,Air Lamp,302,nm,absorbance,406.2744204631264
411.15,430.765886,8205422b-9eff-4701-a582-6dd473d526e9,Air Lamp,303,nm,absorbance,406.4868342984938
411.365,433.5515370000001,8205422b-9eff-4701-a582-6dd473d526e9,Air Lamp,304,nm,absorbance,406.70024072187704
411.58,440.579057,8205422b-9eff-4701-a582-6dd473d526e9,Air Lamp,305,nm,absorbance,406.91364714526026
411.795,450.788946,8205422b-9eff-4701-a582-6dd473d526e9,Air Lamp,306,nm,absorbance,407.1270535686435
412.01,458.672581,8205422b-9eff-4701-a582-6dd473d526e9,Air Lamp,307,nm,absorbance,407.34045999202664
412.225,460.2538699999999,8205422b-9eff-4701-a582-6dd473d526e9,Air Lamp,308,nm,absorbance,407.5538664154099
412.439,459.32657100000006,8205422b-9eff-4701-a582-6dd473d526e9,Air Lamp,309,nm,absorbance,407.76628025077736
412.654,457.30375,8205422b-9eff-4701-a582-6dd473d526e9,Air Lamp,310,nm,absorbance,407.9796866741605
412.869,455.8897040000001,8205422b-9eff-4701-a582-6dd473d526e9,Air Lamp,311,nm,absorbance,408.1930930975438
413.084,448.773562,8205422b-9eff-4701-a582-6dd473d526e9,Air Lamp,312,nm,absorbance,408.40649952092696
413.299,440.086085,8205422b-9eff-4701-a582-6dd473d526e9,Air Lamp,313,nm,absorbance,408.6199059443101
413.513,426.225777,8205422b-9eff-4701-a582-6dd473d526e9,Air Lamp,314,nm,absorbance,408.8323197796776
413.728,414.661228,8205422b-9eff-4701-a582-6dd473d526e9,Air Lamp,315,nm,absorbance,409.04572620306084
413.943,407.52712,8205422b-9eff-4701-a582-6dd473d526e9,Air Lamp,316,nm,absorbance,409.259132626444
414.157,396.721885,8205422b-9eff-4701-a582-6dd473d526e9,Air Lamp,317,nm,absorbance,409.4715464618115
414.372,387.022859,8205422b-9eff-4701-a582-6dd473d526e9,Air Lamp,318,nm,absorbance,409.6849528851947
414.587,377.832931,8205422b-9eff-4701-a582-6dd473d526e9,Air Lamp,319,nm,absorbance,409.8983593085779
414.801,367.299817,8205422b-9eff-4701-a582-6dd473d526e9,Air Lamp,320,nm,absorbance,410.1107731439454
415.016,353.01077999999995,8205422b-9eff-4701-a582-6dd473d526e9,Air Lamp,321,nm,absorbance,410.3241795673286
415.231,337.659088,8205422b-9eff-4701-a582-6dd473d526e9,Air Lamp,322,nm,absorbance,410.53758599071176
415.445,323.530403,8205422b-9eff-4701-a582-6dd473d526e9,Air Lamp,323,nm,absorbance,410.74999982607926
415.66,312.228944,8205422b-9eff-4701-a582-6dd473d526e9,Air Lamp,324,nm,absorbance,410.9634062494625
415.874,296.555831,8205422b-9eff-4701-a582-6dd473d526e9,Air Lamp,325,nm,absorbance,411.1758200848299
416.089,288.996595,8205422b-9eff-4701-a582-6dd473d526e9,Air Lamp,326,nm,absorbance,411.38922650821314
416.304,282.965677,8205422b-9eff-4701-a582-6dd473d526e9,Air Lamp,327,nm,absorbance,411.6026329315963
416.518,287.522736,8205422b-9eff-4701-a582-6dd473d526e9,Air Lamp,328,nm,absorbance,411.81504676696375
416.733,283.963906,8205422b-9eff-4701-a582-6dd473d526e9,Air Lamp,329,nm,absorbance,412.028453190347
416.947,281.192387,8205422b-9eff-4701-a582-6dd473d526e9,Air Lamp,330,nm,absorbance,412.24086702571446
417.162,272.500456,8205422b-9eff-4701-a582-6dd473d526e9,Air Lamp,331,nm,absorbance,412.4542734490976
417.376,271.435874,8205422b-9eff-4701-a582-6dd473d526e9,Air Lamp,332,nm,absorbance,412.6666872844651
417.59,273.737666,8205422b-9eff-4701-a582-6dd473d526e9,Air Lamp,333,nm,absorbance,412.87910111983257
417.805,274.54694399999994,8205422b-9eff-4701-a582-6dd473d526e9,Air Lamp,334,nm,absorbance,413.09250754321585
418.019,272.588937,8205422b-9eff-4701-a582-6dd473d526e9,Air Lamp,335,nm,absorbance,413.3049213785833
418.234,268.401851,8205422b-9eff-4701-a582-6dd473d526e9,Air Lamp,336,nm,absorbance,413.51832780196645
418.448,267.700166,8205422b-9eff-4701-a582-6dd473d526e9,Air Lamp,337,nm,absorbance,413.73074163733395
418.663,275.82239300000003,8205422b-9eff-4701-a582-6dd473d526e9,Air Lamp,338,nm,absorbance,413.94414806071717
418.877,279.26855800000004,8205422b-9eff-4701-a582-6dd473d526e9,Air Lamp,339,nm,absorbance,414.1565618960846
419.091,276.8855,8205422b-9eff-4701-a582-6dd473d526e9,Air Lamp,340,nm,absorbance,414.3689757314521
419.306,276.350364,8205422b-9eff-4701-a582-6dd473d526e9,Air Lamp,341,nm,absorbance,414.5823821548353
419.52,274.575673,8205422b-9eff-4701-a582-6dd473d526e9,Air Lamp,342,nm,absorbance,414.7947959902028
419.734,290.482867,8205422b-9eff-4701-a582-6dd473d526e9,Air Lamp,343,nm,absorbance,415.0072098255702
419.949,293.66095,8205422b-9eff-4701-a582-6dd473d526e9,Air Lamp,344,nm,absorbance,415.22061624895343
420.163,303.407561,8205422b-9eff-4701-a582-6dd473d526e9,Air Lamp,345,nm,absorbance,415.43303008432093
420.377,302.28789399999994,8205422b-9eff-4701-a582-6dd473d526e9,Air Lamp,346,nm,absorbance,415.6454439196884
420.591,308.53216000000003,8205422b-9eff-4701-a582-6dd473d526e9,Air Lamp,347,nm,absorbance,415.8578577550559
420.806,309.24197100000004,8205422b-9eff-4701-a582-6dd473d526e9,Air Lamp,348,nm,absorbance,416.07126417843904
421.02,316.1963609999999,8205422b-9eff-4701-a582-6dd473d526e9,Air Lamp,349,nm,absorbance,416.2836780138065
421.234,319.51292900000004,8205422b-9eff-4701-a582-6dd473d526e9,Air Lamp,350,nm,absorbance,416.496091849174
421.448,327.182181,8205422b-9eff-4701-a582-6dd473d526e9,Air Lamp,351,nm,absorbance,416.7085056845414
421.663,325.225206,8205422b-9eff-4701-a582-6dd473d526e9,Air Lamp,352,nm,absorbance,416.9219121079247
421.877,321.18809400000004,8205422b-9eff-4701-a582-6dd473d526e9,Air Lamp,353,nm,absorbance,417.13432594329214
422.091,311.161491,8205422b-9eff-4701-a582-6dd473d526e9,Air Lamp,354,nm,absorbance,417.3467397786596
422.305,304.535898,8205422b-9eff-4701-a582-6dd473d526e9,Air Lamp,355,nm,absorbance,417.5591536140271
422.519,300.82245,8205422b-9eff-4701-a582-6dd473d526e9,Air Lamp,356,nm,absorbance,417.7715674493945
422.733,297.060023,8205422b-9eff-4701-a582-6dd473d526e9,Air Lamp,357,nm,absorbance,417.983981284762
422.947,291.785117,8205422b-9eff-4701-a582-6dd473d526e9,Air Lamp,358,nm,absorbance,418.19639512012947
423.161,283.045786,8205422b-9eff-4701-a582-6dd473d526e9,Air Lamp,359,nm,absorbance,418.40880895549697
423.376,286.162175,8205422b-9eff-4701-a582-6dd473d526e9,Air Lamp,360,nm,absorbance,418.6222153788801
423.59,284.756481,8205422b-9eff-4701-a582-6dd473d526e9,Air Lamp,361,nm,absorbance,418.83462921424757
423.804,279.13525500000003,8205422b-9eff-4701-a582-6dd473d526e9,Air Lamp,362,nm,absorbance,419.04704304961507
424.018,267.727535,8205422b-9eff-4701-a582-6dd473d526e9,Air Lamp,363,nm,absorbance,419.2594568849825
424.232,266.39386900000005,8205422b-9eff-4701-a582-6dd473d526e9,Air Lamp,364,nm,absorbance,419.47187072035007
424.446,270.220994,8205422b-9eff-4701-a582-6dd473d526e9,Air Lamp,365,nm,absorbance,419.6842845557175
424.66,276.384445,8205422b-9eff-4701-a582-6dd473d526e9,Air Lamp,366,nm,absorbance,419.89669839108495
424.874,275.732843,8205422b-9eff-4701-a582-6dd473d526e9,Air Lamp,367,nm,absorbance,420.10911222645245
425.088,276.209482,8205422b-9eff-4701-a582-6dd473d526e9,Air Lamp,368,nm,absorbance,420.3215260618199
425.302,282.856171,8205422b-9eff-4701-a582-6dd473d526e9,Air Lamp,369,nm,absorbance,420.5339398971874
425.515,291.017076,8205422b-9eff-4701-a582-6dd473d526e9,Air Lamp,370,nm,absorbance,420.74536114453906
425.729,305.575166,8205422b-9eff-4701-a582-6dd473d526e9,Air Lamp,371,nm,absorbance,420.95777497990656
425.943,312.865187,8205422b-9eff-4701-a582-6dd473d526e9,Air Lamp,372,nm,absorbance,421.170188815274
426.157,320.595997,8205422b-9eff-4701-a582-6dd473d526e9,Air Lamp,373,nm,absorbance,421.3826026506415
426.371,331.625036,8205422b-9eff-4701-a582-6dd473d526e9,Air Lamp,374,nm,absorbance,421.59501648600894
426.585,341.202484,8205422b-9eff-4701-a582-6dd473d526e9,Air Lamp,375,nm,absorbance,421.8074303213764
426.799,360.234572,8205422b-9eff-4701-a582-6dd473d526e9,Air Lamp,376,nm,absorbance,422.0198441567439
427.013,372.124317,8205422b-9eff-4701-a582-6dd473d526e9,Air Lamp,377,nm,absorbance,422.23225799211133
427.226,377.265392,8205422b-9eff-4701-a582-6dd473d526e9,Air Lamp,378,nm,absorbance,422.4436792394631
427.44,374.963253,8205422b-9eff-4701-a582-6dd473d526e9,Air Lamp,379,nm,absorbance,422.65609307483055
427.654,369.566955,8205422b-9eff-4701-a582-6dd473d526e9,Air Lamp,380,nm,absorbance,422.86850691019805
427.868,371.141992,8205422b-9eff-4701-a582-6dd473d526e9,Air Lamp,381,nm,absorbance,423.0809207455655
428.081,366.04743500000006,8205422b-9eff-4701-a582-6dd473d526e9,Air Lamp,382,nm,absorbance,423.2923419929173
428.295,366.079657,8205422b-9eff-4701-a582-6dd473d526e9,Air Lamp,383,nm,absorbance,423.5047558282847
428.509,362.331791,8205422b-9eff-4701-a582-6dd473d526e9,Air Lamp,384,nm,absorbance,423.7171696636522
428.723,355.905565,8205422b-9eff-4701-a582-6dd473d526e9,Air Lamp,385,nm,absorbance,423.92958349901966
428.936,344.631131,8205422b-9eff-4701-a582-6dd473d526e9,Air Lamp,386,nm,absorbance,424.1410047463714
429.15,333.038433,8205422b-9eff-4701-a582-6dd473d526e9,Air Lamp,387,nm,absorbance,424.3534185817388
429.364,321.984335,8205422b-9eff-4701-a582-6dd473d526e9,Air Lamp,388,nm,absorbance,424.56583241710626
429.577,314.790895,8205422b-9eff-4701-a582-6dd473d526e9,Air Lamp,389,nm,absorbance,424.77725366445804
429.791,315.266984,8205422b-9eff-4701-a582-6dd473d526e9,Air Lamp,390,nm,absorbance,424.9896674998255
430.005,315.688931,8205422b-9eff-4701-a582-6dd473d526e9,Air Lamp,391,nm,absorbance,425.202081335193
430.218,310.266717,8205422b-9eff-4701-a582-6dd473d526e9,Air Lamp,392,nm,absorbance,425.4135025825447
430.432,297.852231,8205422b-9eff-4701-a582-6dd473d526e9,Air Lamp,393,nm,absorbance,425.6259164179122
430.645,288.667577,8205422b-9eff-4701-a582-6dd473d526e9,Air Lamp,394,nm,absorbance,425.8373376652639
430.859,290.192672,8205422b-9eff-4701-a582-6dd473d526e9,Air Lamp,395,nm,absorbance,426.0497515006314
431.073,293.073415,8205422b-9eff-4701-a582-6dd473d526e9,Air Lamp,396,nm,absorbance,426.2621653359988
431.286,306.808022,8205422b-9eff-4701-a582-6dd473d526e9,Air Lamp,397,nm,absorbance,426.4735865833506
431.5,308.686283,8205422b-9eff-4701-a582-6dd473d526e9,Air Lamp,398,nm,absorbance,426.68600041871804
431.713,310.14993100000004,8205422b-9eff-4701-a582-6dd473d526e9,Air Lamp,399,nm,absorbance,426.8974216660698
431.927,308.709267,8205422b-9eff-4701-a582-6dd473d526e9,Air Lamp,400,nm,absorbance,427.10983550143726
432.14,310.412962,8205422b-9eff-4701-a582-6dd473d526e9,Air Lamp,401,nm,absorbance,427.321256748789
432.354,312.343284,8205422b-9eff-4701-a582-6dd473d526e9,Air Lamp,402,nm,absorbance,427.5336705841564
432.567,314.939247,8205422b-9eff-4701-a582-6dd473d526e9,Air Lamp,403,nm,absorbance,427.7450918315082
432.781,317.074933,8205422b-9eff-4701-a582-6dd473d526e9,Air Lamp,404,nm,absorbance,427.95750566687565
432.994,322.075152,8205422b-9eff-4701-a582-6dd473d526e9,Air Lamp,405,nm,absorbance,428.1689269142274
433.207,328.294851,8205422b-9eff-4701-a582-6dd473d526e9,Air Lamp,406,nm,absorbance,428.3803481615791
433.421,331.89253500000007,8205422b-9eff-4701-a582-6dd473d526e9,Air Lamp,407,nm,absorbance,428.5927619969466
433.634,335.390211,8205422b-9eff-4701-a582-6dd473d526e9,Air Lamp,408,nm,absorbance,428.8041832442983
433.848,326.969532,8205422b-9eff-4701-a582-6dd473d526e9,Air Lamp,409,nm,absorbance,429.0165970796658
434.061,319.983283,8205422b-9eff-4701-a582-6dd473d526e9,Air Lamp,410,nm,absorbance,429.2280183270175
434.274,311.620058,8205422b-9eff-4701-a582-6dd473d526e9,Air Lamp,411,nm,absorbance,429.43943957436926
434.488,307.190072,8205422b-9eff-4701-a582-6dd473d526e9,Air Lamp,412,nm,absorbance,429.6518534097367
434.701,308.238346,8205422b-9eff-4701-a582-6dd473d526e9,Air Lamp,413,nm,absorbance,429.8632746570885
434.914,305.99587,8205422b-9eff-4701-a582-6dd473d526e9,Air Lamp,414,nm,absorbance,430.07469590444015
435.127,306.404852,8205422b-9eff-4701-a582-6dd473d526e9,Air Lamp,415,nm,absorbance,430.2861171517919
435.341,296.95155,8205422b-9eff-4701-a582-6dd473d526e9,Air Lamp,416,nm,absorbance,430.49853098715937
435.554,291.694716,8205422b-9eff-4701-a582-6dd473d526e9,Air Lamp,417,nm,absorbance,430.7099522345111
435.767,286.686799,8205422b-9eff-4701-a582-6dd473d526e9,Air Lamp,418,nm,absorbance,430.9213734818629
435.98,280.068633,8205422b-9eff-4701-a582-6dd473d526e9,Air Lamp,419,nm,absorbance,431.1327947292146
436.194,269.36025,8205422b-9eff-4701-a582-6dd473d526e9,Air Lamp,420,nm,absorbance,431.3452085645821
436.407,259.490995,8205422b-9eff-4701-a582-6dd473d526e9,Air Lamp,421,nm,absorbance,431.55662981193376
436.62,254.72641700000003,8205422b-9eff-4701-a582-6dd473d526e9,Air Lamp,422,nm,absorbance,431.76805105928554
436.833,247.816902,8205422b-9eff-4701-a582-6dd473d526e9,Air Lamp,423,nm,absorbance,431.97947230663726
437.046,235.074601,8205422b-9eff-4701-a582-6dd473d526e9,Air Lamp,424,nm,absorbance,432.190893553989
437.259,219.471171,8205422b-9eff-4701-a582-6dd473d526e9,Air Lamp,425,nm,absorbance,432.4023148013407
437.473,216.001824,8205422b-9eff-4701-a582-6dd473d526e9,Air Lamp,426,nm,absorbance,432.6147286367082
437.686,211.702046,8205422b-9eff-4701-a582-6dd473d526e9,Air Lamp,427,nm,absorbance,432.8261498840599
437.899,215.68219600000003,8205422b-9eff-4701-a582-6dd473d526e9,Air Lamp,428,nm,absorbance,433.03757113141165
438.112,212.26715600000003,8205422b-9eff-4701-a582-6dd473d526e9,Air Lamp,429,nm,absorbance,433.2489923787634
438.325,210.26213,8205422b-9eff-4701-a582-6dd473d526e9,Air Lamp,430,nm,absorbance,433.4604136261151
438.538,216.129487,8205422b-9eff-4701-a582-6dd473d526e9,Air Lamp,431,nm,absorbance,433.6718348734669
438.751,225.838364,8205422b-9eff-4701-a582-6dd473d526e9,Air Lamp,432,nm,absorbance,433.88325612081854
438.964,235.869309,8205422b-9eff-4701-a582-6dd473d526e9,Air Lamp,433,nm,absorbance,434.0946773681703
439.177,233.10415200000003,8205422b-9eff-4701-a582-6dd473d526e9,Air Lamp,434,nm,absorbance,434.30609861552205
439.39,235.007638,8205422b-9eff-4701-a582-6dd473d526e9,Air Lamp,435,nm,absorbance,434.51751986287377
439.603,239.342967,8205422b-9eff-4701-a582-6dd473d526e9,Air Lamp,436,nm,absorbance,434.7289411102255
439.816,247.460702,8205422b-9eff-4701-a582-6dd473d526e9,Air Lamp,437,nm,absorbance,434.9403623575772
440.029,249.882738,8205422b-9eff-4701-a582-6dd473d526e9,Air Lamp,438,nm,absorbance,435.151783604929
440.242,255.251247,8205422b-9eff-4701-a582-6dd473d526e9,Air Lamp,439,nm,absorbance,435.3632048522807
440.455,261.937541,8205422b-9eff-4701-a582-6dd473d526e9,Air Lamp,440,nm,absorbance,435.57462609963244
440.668,261.33946000000003,8205422b-9eff-4701-a582-6dd473d526e9,Air Lamp,441,nm,absorbance,435.78604734698416
440.881,258.629089,8205422b-9eff-4701-a582-6dd473d526e9,Air Lamp,442,nm,absorbance,435.9974685943359
441.094,260.508675,8205422b-9eff-4701-a582-6dd473d526e9,Air Lamp,443,nm,absorbance,436.2088898416876
441.306,273.33183599999995,8205422b-9eff-4701-a582-6dd473d526e9,Air Lamp,444,nm,absorbance,436.4193185010236
441.519,287.196338,8205422b-9eff-4701-a582-6dd473d526e9,Air Lamp,445,nm,absorbance,436.6307397483754
441.732,288.85469700000004,8205422b-9eff-4701-a582-6dd473d526e9,Air Lamp,446,nm,absorbance,436.8421609957271
441.945,282.05172600000003,8205422b-9eff-4701-a582-6dd473d526e9,Air Lamp,447,nm,absorbance,437.05358224307884
442.158,269.151387,8205422b-9eff-4701-a582-6dd473d526e9,Air Lamp,448,nm,absorbance,437.26500349043056
442.37,269.97294500000004,8205422b-9eff-4701-a582-6dd473d526e9,Air Lamp,449,nm,absorbance,437.47543214976656
442.583,277.759993,8205422b-9eff-4701-a582-6dd473d526e9,Air Lamp,450,nm,absorbance,437.68685339711834
442.796,278.206955,8205422b-9eff-4701-a582-6dd473d526e9,Air Lamp,451,nm,absorbance,437.89827464447
443.009,264.803824,8205422b-9eff-4701-a582-6dd473d526e9,Air Lamp,452,nm,absorbance,438.1096958918218
443.222,245.211722,8205422b-9eff-4701-a582-6dd473d526e9,Air Lamp,453,nm,absorbance,438.32111713917345
443.434,238.943553,8205422b-9eff-4701-a582-6dd473d526e9,Air Lamp,454,nm,absorbance,438.5315457985095
443.647,235.436475,8205422b-9eff-4701-a582-6dd473d526e9,Air Lamp,455,nm,absorbance,438.74296704586123
443.86,234.499906,8205422b-9eff-4701-a582-6dd473d526e9,Air Lamp,456,nm,absorbance,438.95438829321296
444.072,226.820744,8205422b-9eff-4701-a582-6dd473d526e9,Air Lamp,457,nm,absorbance,439.16481695254896
444.285,216.815139,8205422b-9eff-4701-a582-6dd473d526e9,Air Lamp,458,nm,absorbance,439.3762381999007
444.498,203.428024,8205422b-9eff-4701-a582-6dd473d526e9,Air Lamp,459,nm,absorbance,439.5876594472524
444.71,194.39493,8205422b-9eff-4701-a582-6dd473d526e9,Air Lamp,460,nm,absorbance,439.7980881065884
444.923,185.679503,8205422b-9eff-4701-a582-6dd473d526e9,Air Lamp,461,nm,absorbance,440.00950935394013
445.136,173.782919,8205422b-9eff-4701-a582-6dd473d526e9,Air Lamp,462,nm,absorbance,440.2209306012919
445.348,169.997024,8205422b-9eff-4701-a582-6dd473d526e9,Air Lamp,463,nm,absorbance,440.43135926062786
445.561,167.55575900000002,8205422b-9eff-4701-a582-6dd473d526e9,Air Lamp,464,nm,absorbance,440.6427805079796
445.773,166.32006800000002,8205422b-9eff-4701-a582-6dd473d526e9,Air Lamp,465,nm,absorbance,440.85320916731564
445.986,163.808494,8205422b-9eff-4701-a582-6dd473d526e9,Air Lamp,466,nm,absorbance,441.0646304146673
446.198,163.995793,8205422b-9eff-4701-a582-6dd473d526e9,Air Lamp,467,nm,absorbance,441.2750590740033
446.411,171.800375,8205422b-9eff-4701-a582-6dd473d526e9,Air Lamp,468,nm,absorbance,441.4864803213551
446.623,169.01013600000002,8205422b-9eff-4701-a582-6dd473d526e9,Air Lamp,469,nm,absorbance,441.69690898069103
446.836,170.535505,8205422b-9eff-4701-a582-6dd473d526e9,Air Lamp,470,nm,absorbance,441.9083302280428
447.048,164.752115,8205422b-9eff-4701-a582-6dd473d526e9,Air Lamp,471,nm,absorbance,442.11875888737876
447.261,164.57261899999995,8205422b-9eff-4701-a582-6dd473d526e9,Air Lamp,472,nm,absorbance,442.33018013473054
447.473,161.67029699999998,8205422b-9eff-4701-a582-6dd473d526e9,Air Lamp,473,nm,absorbance,442.54060879406654
447.686,166.65898700000002,8205422b-9eff-4701-a582-6dd473d526e9,Air Lamp,474,nm,absorbance,442.7520300414182
447.898,173.886416,8205422b-9eff-4701-a582-6dd473d526e9,Air Lamp,475,nm,absorbance,442.96245870075427
448.11,178.54962300000005,8205422b-9eff-4701-a582-6dd473d526e9,Air Lamp,476,nm,absorbance,443.1728873600903
448.323,183.857985,8205422b-9eff-4701-a582-6dd473d526e9,Air Lamp,477,nm,absorbance,443.38430860744194
448.535,178.55289,8205422b-9eff-4701-a582-6dd473d526e9,Air Lamp,478,nm,absorbance,443.594737266778
448.748,179.69155500000002,8205422b-9eff-4701-a582-6dd473d526e9,Air Lamp,479,nm,absorbance,443.8061585141297
448.96,173.68738500000003,8205422b-9eff-4701-a582-6dd473d526e9,Air Lamp,480,nm,absorbance,444.01658717346567
449.172,177.00008199999996,8205422b-9eff-4701-a582-6dd473d526e9,Air Lamp,481,nm,absorbance,444.2270158328017
449.385,178.422393,8205422b-9eff-4701-a582-6dd473d526e9,Air Lamp,482,nm,absorbance,444.4384370801534
449.597,179.094659,8205422b-9eff-4701-a582-6dd473d526e9,Air Lamp,483,nm,absorbance,444.6488657394894
449.809,180.345551,8205422b-9eff-4701-a582-6dd473d526e9,Air Lamp,484,nm,absorbance,444.85929439882545
450.021,177.49144799999996,8205422b-9eff-4701-a582-6dd473d526e9,Air Lamp,485,nm,absorbance,445.06972305816146
450.234,177.28079599999998,8205422b-9eff-4701-a582-6dd473d526e9,Air Lamp,486,nm,absorbance,445.2811443055131
450.446,171.97167699999997,8205422b-9eff-4701-a582-6dd473d526e9,Air Lamp,487,nm,absorbance,445.4915729648492
450.658,171.324639,8205422b-9eff-4701-a582-6dd473d526e9,Air Lamp,488,nm,absorbance,445.7020016241852
450.87,168.377998,8205422b-9eff-4701-a582-6dd473d526e9,Air Lamp,489,nm,absorbance,445.91243028352113
451.083,165.371246,8205422b-9eff-4701-a582-6dd473d526e9,Air Lamp,490,nm,absorbance,446.1238515308729
451.295,161.15291299999998,8205422b-9eff-4701-a582-6dd473d526e9,Air Lamp,491,nm,absorbance,446.33428019020886
451.507,154.591041,8205422b-9eff-4701-a582-6dd473d526e9,Air Lamp,492,nm,absorbance,446.54470884954486
451.719,155.66546799999998,8205422b-9eff-4701-a582-6dd473d526e9,Air Lamp,493,nm,absorbance,446.75513750888086
451.931,150.889065,8205422b-9eff-4701-a582-6dd473d526e9,Air Lamp,494,nm,absorbance,446.96556616821687
452.143,155.653983,8205422b-9eff-4701-a582-6dd473d526e9,Air Lamp,495,nm,absorbance,447.1759948275528
452.356,151.670188,8205422b-9eff-4701-a582-6dd473d526e9,Air Lamp,496,nm,absorbance,447.3874160749046
452.568,157.00723,8205422b-9eff-4701-a582-6dd473d526e9,Air Lamp,497,nm,absorbance,447.5978447342406
452.78,155.269219,8205422b-9eff-4701-a582-6dd473d526e9,Air Lamp,498,nm,absorbance,447.80827339357654
452.992,160.40891500000004,8205422b-9eff-4701-a582-6dd473d526e9,Air Lamp,499,nm,absorbance,448.0187020529126
453.204,154.17986599999998,8205422b-9eff-4701-a582-6dd473d526e9,Air Lamp,500,nm,absorbance,448.2291307122486
453.416,151.10071399999998,8205422b-9eff-4701-a582-6dd473d526e9,Air Lamp,501,nm,absorbance,448.43955937158455
453.628,151.590843,8205422b-9eff-4701-a582-6dd473d526e9,Air Lamp,502,nm,absorbance,448.64998803092055
453.84,155.45372400000002,8205422b-9eff-4701-a582-6dd473d526e9,Air Lamp,503,nm,absorbance,448.86041669025656
454.052,164.374483,8205422b-9eff-4701-a582-6dd473d526e9,Air Lamp,504,nm,absorbance,449.07084534959256
454.264,164.82125200000002,8205422b-9eff-4701-a582-6dd473d526e9,Air Lamp,505,nm,absorbance,449.28127400892856
454.476,170.707602,8205422b-9eff-4701-a582-6dd473d526e9,Air Lamp,506,nm,absorbance,449.49170266826457
454.688,172.514116,8205422b-9eff-4701-a582-6dd473d526e9,Air Lamp,507,nm,absorbance,449.7021313276005
454.9,173.613269,8205422b-9eff-4701-a582-6dd473d526e9,Air Lamp,508,nm,absorbance,449.9125599869365
455.112,165.980773,8205422b-9eff-4701-a582-6dd473d526e9,Air Lamp,509,nm,absorbance,450.1229886462726
455.324,165.521454,8205422b-9eff-4701-a582-6dd473d526e9,Air Lamp,510,nm,absorbance,450.3334173056086
455.536,168.94366999999997,8205422b-9eff-4701-a582-6dd473d526e9,Air Lamp,511,nm,absorbance,450.5438459649445
455.747,176.892236,8205422b-9eff-4701-a582-6dd473d526e9,Air Lamp,512,nm,absorbance,450.7532820362648
455.959,179.956586,8205422b-9eff-4701-a582-6dd473d526e9,Air Lamp,513,nm,absorbance,450.9637106956008
456.171,176.51391199999998,8205422b-9eff-4701-a582-6dd473d526e9,Air Lamp,514,nm,absorbance,451.17413935493676
456.383,172.917458,8205422b-9eff-4701-a582-6dd473d526e9,Air Lamp,515,nm,absorbance,451.38456801427276
456.595,167.457335,8205422b-9eff-4701-a582-6dd473d526e9,Air Lamp,516,nm,absorbance,451.5949966736088
456.807,166.20487799999998,8205422b-9eff-4701-a582-6dd473d526e9,Air Lamp,517,nm,absorbance,451.8054253329448
457.018,166.364161,8205422b-9eff-4701-a582-6dd473d526e9,Air Lamp,518,nm,absorbance,452.014861404265
457.23,163.280431,8205422b-9eff-4701-a582-6dd473d526e9,Air Lamp,519,nm,absorbance,452.22529006360105
457.442,162.49852700000002,8205422b-9eff-4701-a582-6dd473d526e9,Air Lamp,520,nm,absorbance,452.43571872293705
457.654,159.833729,8205422b-9eff-4701-a582-6dd473d526e9,Air Lamp,521,nm,absorbance,452.64614738227306
457.865,154.371049,8205422b-9eff-4701-a582-6dd473d526e9,Air Lamp,522,nm,absorbance,452.8555834535933
458.077,151.246559,8205422b-9eff-4701-a582-6dd473d526e9,Air Lamp,523,nm,absorbance,453.0660121129293
458.289,149.59796800000004,8205422b-9eff-4701-a582-6dd473d526e9,Air Lamp,524,nm,absorbance,453.2764407722653
458.501,156.034057,8205422b-9eff-4701-a582-6dd473d526e9,Air Lamp,525,nm,absorbance,453.48686943160124
458.712,160.25483300000002,8205422b-9eff-4701-a582-6dd473d526e9,Air Lamp,526,nm,absorbance,453.6963055029215
458.924,158.289166,8205422b-9eff-4701-a582-6dd473d526e9,Air Lamp,527,nm,absorbance,453.9067341622575
459.136,149.10245700000002,8205422b-9eff-4701-a582-6dd473d526e9,Air Lamp,528,nm,absorbance,454.1171628215936
459.347,137.772715,8205422b-9eff-4701-a582-6dd473d526e9,Air Lamp,529,nm,absorbance,454.32659889291375
459.559,137.776076,8205422b-9eff-4701-a582-6dd473d526e9,Air Lamp,530,nm,absorbance,454.5370275522498
459.77,136.725751,8205422b-9eff-4701-a582-6dd473d526e9,Air Lamp,531,nm,absorbance,454.74646362357004
459.982,137.519296,8205422b-9eff-4701-a582-6dd473d526e9,Air Lamp,532,nm,absorbance,454.9568922829061
460.194,130.87336299999998,8205422b-9eff-4701-a582-6dd473d526e9,Air Lamp,533,nm,absorbance,455.16732094224204
460.405,132.656494,8205422b-9eff-4701-a582-6dd473d526e9,Air Lamp,534,nm,absorbance,455.37675701356227
460.617,134.210575,8205422b-9eff-4701-a582-6dd473d526e9,Air Lamp,535,nm,absorbance,455.58718567289833
460.828,138.796377,8205422b-9eff-4701-a582-6dd473d526e9,Air Lamp,536,nm,absorbance,455.79662174421856
461.04,136.89670899999996,8205422b-9eff-4701-a582-6dd473d526e9,Air Lamp,537,nm,absorbance,456.00705040355456
461.251,145.180715,8205422b-9eff-4701-a582-6dd473d526e9,Air Lamp,538,nm,absorbance,456.2164864748748
461.463,147.592817,8205422b-9eff-4701-a582-6dd473d526e9,Air Lamp,539,nm,absorbance,456.42691513421084
461.674,150.44210800000002,8205422b-9eff-4701-a582-6dd473d526e9,Air Lamp,540,nm,absorbance,456.63635120553107
461.886,138.00778,8205422b-9eff-4701-a582-6dd473d526e9,Air Lamp,541,nm,absorbance,456.84677986486713
462.097,137.490339,8205422b-9eff-4701-a582-6dd473d526e9,Air Lamp,542,nm,absorbance,457.0562159361873
462.309,140.04182799999998,8205422b-9eff-4701-a582-6dd473d526e9,Air Lamp,543,nm,absorbance,457.26664459552336
462.52,149.14070699999996,8205422b-9eff-4701-a582-6dd473d526e9,Air Lamp,544,nm,absorbance,457.4760806668436
462.731,147.89459600000004,8205422b-9eff-4701-a582-6dd473d526e9,Air Lamp,545,nm,absorbance,457.68551673816387
462.943,145.94371800000005,8205422b-9eff-4701-a582-6dd473d526e9,Air Lamp,546,nm,absorbance,457.8959453974998
463.154,139.86669500000002,8205422b-9eff-4701-a582-6dd473d526e9,Air Lamp,547,nm,absorbance,458.1053814688201
463.366,142.959439,8205422b-9eff-4701-a582-6dd473d526e9,Air Lamp,548,nm,absorbance,458.3158101281561
463.577,143.551059,8205422b-9eff-4701-a582-6dd473d526e9,Air Lamp,549,nm,absorbance,458.5252461994764
463.788,152.79897,8205422b-9eff-4701-a582-6dd473d526e9,Air Lamp,550,nm,absorbance,458.73468227079667
464.0,153.113267,8205422b-9eff-4701-a582-6dd473d526e9,Air Lamp,551,nm,absorbance,458.9451109301326
464.211,158.143658,8205422b-9eff-4701-a582-6dd473d526e9,Air Lamp,552,nm,absorbance,459.1545470014529
464.422,159.098005,8205422b-9eff-4701-a582-6dd473d526e9,Air Lamp,553,nm,absorbance,459.3639830727732
464.634,162.908175,8205422b-9eff-4701-a582-6dd473d526e9,Air Lamp,554,nm,absorbance,459.5744117321092
464.845,162.937472,8205422b-9eff-4701-a582-6dd473d526e9,Air Lamp,555,nm,absorbance,459.7838478034294
465.056,164.157569,8205422b-9eff-4701-a582-6dd473d526e9,Air Lamp,556,nm,absorbance,459.99328387474964
465.267,161.397745,8205422b-9eff-4701-a582-6dd473d526e9,Air Lamp,557,nm,absorbance,460.2027199460699
465.478,164.56137099999998,8205422b-9eff-4701-a582-6dd473d526e9,Air Lamp,558,nm,absorbance,460.4121560173902
465.69,159.789111,8205422b-9eff-4701-a582-6dd473d526e9,Air Lamp,559,nm,absorbance,460.6225846767262
465.901,158.69376,8205422b-9eff-4701-a582-6dd473d526e9,Air Lamp,560,nm,absorbance,460.83202074804643
466.112,155.288124,8205422b-9eff-4701-a582-6dd473d526e9,Air Lamp,561,nm,absorbance,461.0414568193667
466.323,154.203181,8205422b-9eff-4701-a582-6dd473d526e9,Air Lamp,562,nm,absorbance,461.25089289068694
466.534,156.369974,8205422b-9eff-4701-a582-6dd473d526e9,Air Lamp,563,nm,absorbance,461.4603289620072
466.745,156.498653,8205422b-9eff-4701-a582-6dd473d526e9,Air Lamp,564,nm,absorbance,461.6697650333275
466.957,152.60551800000002,8205422b-9eff-4701-a582-6dd473d526e9,Air Lamp,565,nm,absorbance,461.8801936926635
467.168,150.790165,8205422b-9eff-4701-a582-6dd473d526e9,Air Lamp,566,nm,absorbance,462.08962976398374
467.379,152.27700499999997,8205422b-9eff-4701-a582-6dd473d526e9,Air Lamp,567,nm,absorbance,462.299065835304
467.59,154.647986,8205422b-9eff-4701-a582-6dd473d526e9,Air Lamp,568,nm,absorbance,462.50850190662425
467.801,153.63151,8205422b-9eff-4701-a582-6dd473d526e9,Air Lamp,569,nm,absorbance,462.71793797794453
468.012,147.469405,8205422b-9eff-4701-a582-6dd473d526e9,Air Lamp,570,nm,absorbance,462.9273740492648
468.223,145.690865,8205422b-9eff-4701-a582-6dd473d526e9,Air Lamp,571,nm,absorbance,463.13681012058504
468.434,141.55338,8205422b-9eff-4701-a582-6dd473d526e9,Air Lamp,572,nm,absorbance,463.3462461919053
468.645,144.114116,8205422b-9eff-4701-a582-6dd473d526e9,Air Lamp,573,nm,absorbance,463.55568226322555
468.856,146.759165,8205422b-9eff-4701-a582-6dd473d526e9,Air Lamp,574,nm,absorbance,463.76511833454583
469.067,149.27277700000002,8205422b-9eff-4701-a582-6dd473d526e9,Air Lamp,575,nm,absorbance,463.9745544058661
469.278,150.72447200000002,8205422b-9eff-4701-a582-6dd473d526e9,Air Lamp,576,nm,absorbance,464.1839904771864
469.489,150.55624,8205422b-9eff-4701-a582-6dd473d526e9,Air Lamp,577,nm,absorbance,464.39342654850657
469.7,149.146013,8205422b-9eff-4701-a582-6dd473d526e9,Air Lamp,578,nm,absorbance,464.60286261982685
469.911,150.401053,8205422b-9eff-4701-a582-6dd473d526e9,Air Lamp,579,nm,absorbance,464.81229869114713
470.122,159.94216,8205422b-9eff-4701-a582-6dd473d526e9,Air Lamp,580,nm,absorbance,465.0217347624674
470.333,172.93065,8205422b-9eff-4701-a582-6dd473d526e9,Air Lamp,581,nm,absorbance,465.2311708337877
470.543,172.95045199999998,8205422b-9eff-4701-a582-6dd473d526e9,Air Lamp,582,nm,absorbance,465.4396143170922
470.754,174.21379299999998,8205422b-9eff-4701-a582-6dd473d526e9,Air Lamp,583,nm,absorbance,465.6490503884125
470.965,173.03017600000004,8205422b-9eff-4701-a582-6dd473d526e9,Air Lamp,584,nm,absorbance,465.85848645973266
471.176,181.297581,8205422b-9eff-4701-a582-6dd473d526e9,Air Lamp,585,nm,absorbance,466.06792253105294
471.387,180.809021,8205422b-9eff-4701-a582-6dd473d526e9,Air Lamp,586,nm,absorbance,466.2773586023732
471.598,186.348703,8205422b-9eff-4701-a582-6dd473d526e9,Air Lamp,587,nm,absorbance,466.4867946736935
471.808,193.218211,8205422b-9eff-4701-a582-6dd473d526e9,Air Lamp,588,nm,absorbance,466.695238156998
472.019,197.778486,8205422b-9eff-4701-a582-6dd473d526e9,Air Lamp,589,nm,absorbance,466.9046742283183
472.23,196.229499,8205422b-9eff-4701-a582-6dd473d526e9,Air Lamp,590,nm,absorbance,467.1141102996386
472.441,193.515744,8205422b-9eff-4701-a582-6dd473d526e9,Air Lamp,591,nm,absorbance,467.32354637095875
472.651,195.15796100000003,8205422b-9eff-4701-a582-6dd473d526e9,Air Lamp,592,nm,absorbance,467.5319898542633
472.862,202.711363,8205422b-9eff-4701-a582-6dd473d526e9,Air Lamp,593,nm,absorbance,467.7414259255836
473.073,202.729593,8205422b-9eff-4701-a582-6dd473d526e9,Air Lamp,594,nm,absorbance,467.9508619969038
473.283,200.90427,8205422b-9eff-4701-a582-6dd473d526e9,Air Lamp,595,nm,absorbance,468.1593054802084
473.494,192.412719,8205422b-9eff-4701-a582-6dd473d526e9,Air Lamp,596,nm,absorbance,468.3687415515287
473.705,191.409644,8205422b-9eff-4701-a582-6dd473d526e9,Air Lamp,597,nm,absorbance,468.5781776228489
473.915,189.28843,8205422b-9eff-4701-a582-6dd473d526e9,Air Lamp,598,nm,absorbance,468.78662110615346
474.126,187.660516,8205422b-9eff-4701-a582-6dd473d526e9,Air Lamp,599,nm,absorbance,468.99605717747363
474.337,186.05505800000003,8205422b-9eff-4701-a582-6dd473d526e9,Air Lamp,600,nm,absorbance,469.2054932487939
474.547,184.90055,8205422b-9eff-4701-a582-6dd473d526e9,Air Lamp,601,nm,absorbance,469.4139367320985
474.758,187.061655,8205422b-9eff-4701-a582-6dd473d526e9,Air Lamp,602,nm,absorbance,469.6233728034187
474.968,182.824665,8205422b-9eff-4701-a582-6dd473d526e9,Air Lamp,603,nm,absorbance,469.83181628672327
475.179,178.85690300000005,8205422b-9eff-4701-a582-6dd473d526e9,Air Lamp,604,nm,absorbance,470.0412523580435
475.389,180.173191,8205422b-9eff-4701-a582-6dd473d526e9,Air Lamp,605,nm,absorbance,470.24969584134806
475.6,173.385592,8205422b-9eff-4701-a582-6dd473d526e9,Air Lamp,606,nm,absorbance,470.45913191266834
475.81,177.6607,8205422b-9eff-4701-a582-6dd473d526e9,Air Lamp,607,nm,absorbance,470.66757539597285
476.021,174.01331299999998,8205422b-9eff-4701-a582-6dd473d526e9,Air Lamp,608,nm,absorbance,470.8770114672931
476.231,176.43069299999996,8205422b-9eff-4701-a582-6dd473d526e9,Air Lamp,609,nm,absorbance,471.0854549505976
476.442,166.610093,8205422b-9eff-4701-a582-6dd473d526e9,Air Lamp,610,nm,absorbance,471.29489102191786
476.652,159.90034599999998,8205422b-9eff-4701-a582-6dd473d526e9,Air Lamp,611,nm,absorbance,471.50333450522237
476.863,156.043473,8205422b-9eff-4701-a582-6dd473d526e9,Air Lamp,612,nm,absorbance,471.71277057654265
477.073,155.690981,8205422b-9eff-4701-a582-6dd473d526e9,Air Lamp,613,nm,absorbance,471.92121405984716
477.284,156.11662700000002,8205422b-9eff-4701-a582-6dd473d526e9,Air Lamp,614,nm,absorbance,472.13065013116744
477.494,162.529731,8205422b-9eff-4701-a582-6dd473d526e9,Air Lamp,615,nm,absorbance,472.339093614472
477.704,163.46170999999998,8205422b-9eff-4701-a582-6dd473d526e9,Air Lamp,616,nm,absorbance,472.5475370977765
477.915,159.914903,8205422b-9eff-4701-a582-6dd473d526e9,Air Lamp,617,nm,absorbance,472.7569731690968
478.125,156.78188,8205422b-9eff-4701-a582-6dd473d526e9,Air Lamp,618,nm,absorbance,472.9654166524013
478.335,154.41321399999998,8205422b-9eff-4701-a582-6dd473d526e9,Air Lamp,619,nm,absorbance,473.17386013570575
478.546,155.46184799999995,8205422b-9eff-4701-a582-6dd473d526e9,Air Lamp,620,nm,absorbance,473.38329620702604
478.756,147.727664,8205422b-9eff-4701-a582-6dd473d526e9,Air Lamp,621,nm,absorbance,473.59173969033054
478.966,148.42729100000005,8205422b-9eff-4701-a582-6dd473d526e9,Air Lamp,622,nm,absorbance,473.8001831736351
479.177,151.63717200000002,8205422b-9eff-4701-a582-6dd473d526e9,Air Lamp,623,nm,absorbance,474.0096192449554
479.387,155.55114099999997,8205422b-9eff-4701-a582-6dd473d526e9,Air Lamp,624,nm,absorbance,474.2180627282599
479.597,155.422324,8205422b-9eff-4701-a582-6dd473d526e9,Air Lamp,625,nm,absorbance,474.4265062115644
479.807,150.96596799999998,8205422b-9eff-4701-a582-6dd473d526e9,Air Lamp,626,nm,absorbance,474.63494969486896
480.018,147.59139499999998,8205422b-9eff-4701-a582-6dd473d526e9,Air Lamp,627,nm,absorbance,474.8443857661892
480.228,145.290686,8205422b-9eff-4701-a582-6dd473d526e9,Air Lamp,628,nm,absorbance,475.05282924949375
480.438,143.15445800000003,8205422b-9eff-4701-a582-6dd473d526e9,Air Lamp,629,nm,absorbance,475.26127273279826
480.648,146.43381100000002,8205422b-9eff-4701-a582-6dd473d526e9,Air Lamp,630,nm,absorbance,475.4697162161028
480.858,144.597643,8205422b-9eff-4701-a582-6dd473d526e9,Air Lamp,631,nm,absorbance,475.67815969940733
481.068,142.42583899999997,8205422b-9eff-4701-a582-6dd473d526e9,Air Lamp,632,nm,absorbance,475.88660318271184
481.279,140.937712,8205422b-9eff-4701-a582-6dd473d526e9,Air Lamp,633,nm,absorbance,476.09603925403206
481.489,146.404933,8205422b-9eff-4701-a582-6dd473d526e9,Air Lamp,634,nm,absorbance,476.30448273733657
481.699,148.086387,8205422b-9eff-4701-a582-6dd473d526e9,Air Lamp,635,nm,absorbance,476.51292622064113
481.909,154.346247,8205422b-9eff-4701-a582-6dd473d526e9,Air Lamp,636,nm,absorbance,476.72136970394564
482.119,154.921987,8205422b-9eff-4701-a582-6dd473d526e9,Air Lamp,637,nm,absorbance,476.9298131872502
482.329,163.98136799999995,8205422b-9eff-4701-a582-6dd473d526e9,Air Lamp,638,nm,absorbance,477.1382566705547
482.539,166.173654,8205422b-9eff-4701-a582-6dd473d526e9,Air Lamp,639,nm,absorbance,477.3467001538592
482.749,167.29492599999998,8205422b-9eff-4701-a582-6dd473d526e9,Air Lamp,640,nm,absorbance,477.5551436371638
482.959,170.739173,8205422b-9eff-4701-a582-6dd473d526e9,Air Lamp,641,nm,absorbance,477.7635871204683
483.169,175.99930899999998,8205422b-9eff-4701-a582-6dd473d526e9,Air Lamp,642,nm,absorbance,477.9720306037728
483.379,183.169483,8205422b-9eff-4701-a582-6dd473d526e9,Air Lamp,643,nm,absorbance,478.18047408707736
483.589,184.765495,8205422b-9eff-4701-a582-6dd473d526e9,Air Lamp,644,nm,absorbance,478.38891757038186
483.799,187.158717,8205422b-9eff-4701-a582-6dd473d526e9,Air Lamp,645,nm,absorbance,478.59736105368637
484.009,193.991057,8205422b-9eff-4701-a582-6dd473d526e9,Air Lamp,646,nm,absorbance,478.80580453699093
484.219,199.3822940000001,8205422b-9eff-4701-a582-6dd473d526e9,Air Lamp,647,nm,absorbance,479.01424802029544
484.429,203.48803,8205422b-9eff-4701-a582-6dd473d526e9,Air Lamp,648,nm,absorbance,479.22269150359995
484.639,207.824258,8205422b-9eff-4701-a582-6dd473d526e9,Air Lamp,649,nm,absorbance,479.4311349869045
484.849,208.982142,8205422b-9eff-4701-a582-6dd473d526e9,Air Lamp,650,nm,absorbance,479.639578470209
485.059,207.21479400000004,8205422b-9eff-4701-a582-6dd473d526e9,Air Lamp,651,nm,absorbance,479.8480219535136
485.268,203.221115,8205422b-9eff-4701-a582-6dd473d526e9,Air Lamp,652,nm,absorbance,480.0554728488023
485.478,200.821936,8205422b-9eff-4701-a582-6dd473d526e9,Air Lamp,653,nm,absorbance,480.2639163321069
485.688,205.316118,8205422b-9eff-4701-a582-6dd473d526e9,Air Lamp,654,nm,absorbance,480.4723598154114
485.898,206.13157399999997,8205422b-9eff-4701-a582-6dd473d526e9,Air Lamp,655,nm,absorbance,480.68080329871594
486.108,213.680602,8205422b-9eff-4701-a582-6dd473d526e9,Air Lamp,656,nm,absorbance,480.88924678202045
486.317,219.912099,8205422b-9eff-4701-a582-6dd473d526e9,Air Lamp,657,nm,absorbance,481.09669767730924
486.527,229.900488,8205422b-9eff-4701-a582-6dd473d526e9,Air Lamp,658,nm,absorbance,481.30514116061374
486.737,236.247926,8205422b-9eff-4701-a582-6dd473d526e9,Air Lamp,659,nm,absorbance,481.5135846439183
486.947,234.048555,8205422b-9eff-4701-a582-6dd473d526e9,Air Lamp,660,nm,absorbance,481.7220281272228
487.156,234.407403,8205422b-9eff-4701-a582-6dd473d526e9,Air Lamp,661,nm,absorbance,481.9294790225116
487.366,230.08246699999995,8205422b-9eff-4701-a582-6dd473d526e9,Air Lamp,662,nm,absorbance,482.1379225058161
487.576,238.632028,8205422b-9eff-4701-a582-6dd473d526e9,Air Lamp,663,nm,absorbance,482.34636598912067
487.785,239.70308600000004,8205422b-9eff-4701-a582-6dd473d526e9,Air Lamp,664,nm,absorbance,482.55381688440946
487.995,242.944557,8205422b-9eff-4701-a582-6dd473d526e9,Air Lamp,665,nm,absorbance,482.76226036771396
488.205,237.538252,8205422b-9eff-4701-a582-6dd473d526e9,Air Lamp,666,nm,absorbance,482.97070385101847
488.414,238.700201,8205422b-9eff-4701-a582-6dd473d526e9,Air Lamp,667,nm,absorbance,483.17815474630726
488.624,245.110359,8205422b-9eff-4701-a582-6dd473d526e9,Air Lamp,668,nm,absorbance,483.3865982296118
488.834,247.85894700000003,8205422b-9eff-4701-a582-6dd473d526e9,Air Lamp,669,nm,absorbance,483.5950417129163
489.043,246.069897,8205422b-9eff-4701-a582-6dd473d526e9,Air Lamp,670,nm,absorbance,483.8024926082051
489.253,241.99067499999995,8205422b-9eff-4701-a582-6dd473d526e9,Air Lamp,671,nm,absorbance,484.0109360915096
489.462,241.663406,8205422b-9eff-4701-a582-6dd473d526e9,Air Lamp,672,nm,absorbance,484.2183869867984
489.672,239.928164,8205422b-9eff-4701-a582-6dd473d526e9,Air Lamp,673,nm,absorbance,484.42683047010297
489.882,237.154587,8205422b-9eff-4701-a582-6dd473d526e9,Air Lamp,674,nm,absorbance,484.6352739534075
490.091,235.827056,8205422b-9eff-4701-a582-6dd473d526e9,Air Lamp,675,nm,absorbance,484.84272484869626
490.301,237.564247,8205422b-9eff-4701-a582-6dd473d526e9,Air Lamp,676,nm,absorbance,485.05116833200077
490.51,235.476345,8205422b-9eff-4701-a582-6dd473d526e9,Air Lamp,677,nm,absorbance,485.25861922728956
490.72,234.257968,8205422b-9eff-4701-a582-6dd473d526e9,Air Lamp,678,nm,absorbance,485.4670627105941
490.929,233.25755199999995,8205422b-9eff-4701-a582-6dd473d526e9,Air Lamp,679,nm,absorbance,485.67451360588285
491.138,234.392101,8205422b-9eff-4701-a582-6dd473d526e9,Air Lamp,680,nm,absorbance,485.88196450117164
491.348,234.05664,8205422b-9eff-4701-a582-6dd473d526e9,Air Lamp,681,nm,absorbance,486.0904079844762
491.557,228.584498,8205422b-9eff-4701-a582-6dd473d526e9,Air Lamp,682,nm,absorbance,486.297858879765
491.767,225.223553,8205422b-9eff-4701-a582-6dd473d526e9,Air Lamp,683,nm,absorbance,486.5063023630695
491.976,219.027944,8205422b-9eff-4701-a582-6dd473d526e9,Air Lamp,684,nm,absorbance,486.7137532583583
492.185,213.389993,8205422b-9eff-4701-a582-6dd473d526e9,Air Lamp,685,nm,absorbance,486.92120415364707
492.395,213.486812,8205422b-9eff-4701-a582-6dd473d526e9,Air Lamp,686,nm,absorbance,487.1296476369516
492.604,218.81439600000004,8205422b-9eff-4701-a582-6dd473d526e9,Air Lamp,687,nm,absorbance,487.33709853224036
492.813,224.682045,8205422b-9eff-4701-a582-6dd473d526e9,Air Lamp,688,nm,absorbance,487.5445494275292
493.023,222.303599,8205422b-9eff-4701-a582-6dd473d526e9,Air Lamp,689,nm,absorbance,487.75299291083377
493.232,218.352762,8205422b-9eff-4701-a582-6dd473d526e9,Air Lamp,690,nm,absorbance,487.96044380612256
493.441,216.31428,8205422b-9eff-4701-a582-6dd473d526e9,Air Lamp,691,nm,absorbance,488.1678947014113
493.651,216.075876,8205422b-9eff-4701-a582-6dd473d526e9,Air Lamp,692,nm,absorbance,488.37633818471585
493.86,216.791608,8205422b-9eff-4701-a582-6dd473d526e9,Air Lamp,693,nm,absorbance,488.58378908000464
494.069,219.008066,8205422b-9eff-4701-a582-6dd473d526e9,Air Lamp,694,nm,absorbance,488.7912399752934
494.278,221.70226,8205422b-9eff-4701-a582-6dd473d526e9,Air Lamp,695,nm,absorbance,488.9986908705822
494.488,219.584644,8205422b-9eff-4701-a582-6dd473d526e9,Air Lamp,696,nm,absorbance,489.2071343538867
494.697,217.385801,8205422b-9eff-4701-a582-6dd473d526e9,Air Lamp,697,nm,absorbance,489.4145852491755
494.906,214.30021,8205422b-9eff-4701-a582-6dd473d526e9,Air Lamp,698,nm,absorbance,489.6220361444643
495.115,208.432816,8205422b-9eff-4701-a582-6dd473d526e9,Air Lamp,699,nm,absorbance,489.8294870397531
495.324,209.024886,8205422b-9eff-4701-a582-6dd473d526e9,Air Lamp,700,nm,absorbance,490.03693793504186
495.533,207.487564,8205422b-9eff-4701-a582-6dd473d526e9,Air Lamp,701,nm,absorbance,490.24438883033065
495.743,214.553509,8205422b-9eff-4701-a582-6dd473d526e9,Air Lamp,702,nm,absorbance,490.45283231363516
495.952,216.161978,8205422b-9eff-4701-a582-6dd473d526e9,Air Lamp,703,nm,absorbance,490.660283208924
496.161,215.986766,8205422b-9eff-4701-a582-6dd473d526e9,Air Lamp,704,nm,absorbance,490.8677341042128
496.37,211.789061,8205422b-9eff-4701-a582-6dd473d526e9,Air Lamp,705,nm,absorbance,491.0751849995016
496.579,209.15067,8205422b-9eff-4701-a582-6dd473d526e9,Air Lamp,706,nm,absorbance,491.28263589479036
496.788,211.238801,8205422b-9eff-4701-a582-6dd473d526e9,Air Lamp,707,nm,absorbance,491.49008679007915
496.997,212.54112300000003,8205422b-9eff-4701-a582-6dd473d526e9,Air Lamp,708,nm,absorbance,491.69753768536793
497.206,210.174463,8205422b-9eff-4701-a582-6dd473d526e9,Air Lamp,709,nm,absorbance,491.9049885806567
497.415,208.086612,8205422b-9eff-4701-a582-6dd473d526e9,Air Lamp,710,nm,absorbance,492.1124394759455
497.624,213.903256,8205422b-9eff-4701-a582-6dd473d526e9,Air Lamp,711,nm,absorbance,492.3198903712343
497.833,213.08327,8205422b-9eff-4701-a582-6dd473d526e9,Air Lamp,712,nm,absorbance,492.5273412665231
498.042,217.005241,8205422b-9eff-4701-a582-6dd473d526e9,Air Lamp,713,nm,absorbance,492.7347921618118
498.251,209.992072,8205422b-9eff-4701-a582-6dd473d526e9,Air Lamp,714,nm,absorbance,492.94224305710065
498.46,213.331095,8205422b-9eff-4701-a582-6dd473d526e9,Air Lamp,715,nm,absorbance,493.14969395238944
498.669,209.733065,8205422b-9eff-4701-a582-6dd473d526e9,Air Lamp,716,nm,absorbance,493.3571448476782
498.878,210.637666,8205422b-9eff-4701-a582-6dd473d526e9,Air Lamp,717,nm,absorbance,493.564595742967
499.087,211.264672,8205422b-9eff-4701-a582-6dd473d526e9,Air Lamp,718,nm,absorbance,493.7720466382558
499.296,212.447145,8205422b-9eff-4701-a582-6dd473d526e9,Air Lamp,719,nm,absorbance,493.9794975335446
499.504,209.557247,8205422b-9eff-4701-a582-6dd473d526e9,Air Lamp,720,nm,absorbance,494.18595584081766
499.713,204.96013900000003,8205422b-9eff-4701-a582-6dd473d526e9,Air Lamp,721,nm,absorbance,494.39340673610644
499.922,202.996696,8205422b-9eff-4701-a582-6dd473d526e9,Air Lamp,722,nm,absorbance,494.60085763139523
500.131,198.165972,8205422b-9eff-4701-a582-6dd473d526e9,Air Lamp,723,nm,absorbance,494.808308526684
500.34,192.771608,8205422b-9eff-4701-a582-6dd473d526e9,Air Lamp,724,nm,absorbance,495.0157594219728
500.549,185.537294,8205422b-9eff-4701-a582-6dd473d526e9,Air Lamp,725,nm,absorbance,495.2232103172616
500.757,185.836372,8205422b-9eff-4701-a582-6dd473d526e9,Air Lamp,726,nm,absorbance,495.42966862453466
500.966,184.613292,8205422b-9eff-4701-a582-6dd473d526e9,Air Lamp,727,nm,absorbance,495.63711951982344
501.175,184.94616900000003,8205422b-9eff-4701-a582-6dd473d526e9,Air Lamp,728,nm,absorbance,495.84457041511223
501.384,185.189893,8205422b-9eff-4701-a582-6dd473d526e9,Air Lamp,729,nm,absorbance,496.052021310401
501.592,187.551869,8205422b-9eff-4701-a582-6dd473d526e9,Air Lamp,730,nm,absorbance,496.2584796176741
501.801,187.042245,8205422b-9eff-4701-a582-6dd473d526e9,Air Lamp,731,nm,absorbance,496.46593051296287
502.01,182.648601,8205422b-9eff-4701-a582-6dd473d526e9,Air Lamp,732,nm,absorbance,496.67338140825166
502.218,183.493121,8205422b-9eff-4701-a582-6dd473d526e9,Air Lamp,733,nm,absorbance,496.8798397155247
502.427,184.717725,8205422b-9eff-4701-a582-6dd473d526e9,Air Lamp,734,nm,absorbance,497.0872906108135
502.636,188.751065,8205422b-9eff-4701-a582-6dd473d526e9,Air Lamp,735,nm,absorbance,497.2947415061023
502.844,185.228813,8205422b-9eff-4701-a582-6dd473d526e9,Air Lamp,736,nm,absorbance,497.5011998133753
503.053,184.331579,8205422b-9eff-4701-a582-6dd473d526e9,Air Lamp,737,nm,absorbance,497.7086507086641
503.262,179.51791,8205422b-9eff-4701-a582-6dd473d526e9,Air Lamp,738,nm,absorbance,497.91610160395294
503.47,182.112307,8205422b-9eff-4701-a582-6dd473d526e9,Air Lamp,739,nm,absorbance,498.122559911226
503.679,181.766194,8205422b-9eff-4701-a582-6dd473d526e9,Air Lamp,740,nm,absorbance,498.33001080651474
503.887,183.591211,8205422b-9eff-4701-a582-6dd473d526e9,Air Lamp,741,nm,absorbance,498.5364691137878
504.096,184.235047,8205422b-9eff-4701-a582-6dd473d526e9,Air Lamp,742,nm,absorbance,498.7439200090766
504.304,185.120433,8205422b-9eff-4701-a582-6dd473d526e9,Air Lamp,743,nm,absorbance,498.9503783163496
504.513,182.904397,8205422b-9eff-4701-a582-6dd473d526e9,Air Lamp,744,nm,absorbance,499.15782921163844
504.721,178.549769,8205422b-9eff-4701-a582-6dd473d526e9,Air Lamp,745,nm,absorbance,499.3642875189115
504.93,178.11315800000003,8205422b-9eff-4701-a582-6dd473d526e9,Air Lamp,746,nm,absorbance,499.5717384142003
505.138,181.615198,8205422b-9eff-4701-a582-6dd473d526e9,Air Lamp,747,nm,absorbance,499.7781967214733
505.347,185.408876,8205422b-9eff-4701-a582-6dd473d526e9,Air Lamp,748,nm,absorbance,499.9856476167621
505.555,185.089904,8205422b-9eff-4701-a582-6dd473d526e9,Air Lamp,749,nm,absorbance,500.19210592403516
505.764,183.969853,8205422b-9eff-4701-a582-6dd473d526e9,Air Lamp,750,nm,absorbance,500.399556819324
505.972,185.046861,8205422b-9eff-4701-a582-6dd473d526e9,Air Lamp,751,nm,absorbance,500.606015126597
506.18,184.96154,8205422b-9eff-4701-a582-6dd473d526e9,Air Lamp,752,nm,absorbance,500.8124734338701
506.389,184.872486,8205422b-9eff-4701-a582-6dd473d526e9,Air Lamp,753,nm,absorbance,501.01992432915887
506.597,184.56582799999995,8205422b-9eff-4701-a582-6dd473d526e9,Air Lamp,754,nm,absorbance,501.2263826364319
506.806,186.641981,8205422b-9eff-4701-a582-6dd473d526e9,Air Lamp,755,nm,absorbance,501.43383353172067
507.014,195.361213,8205422b-9eff-4701-a582-6dd473d526e9,Air Lamp,756,nm,absorbance,501.6402918389938
507.222,196.336475,8205422b-9eff-4701-a582-6dd473d526e9,Air Lamp,757,nm,absorbance,501.8467501462668
507.431,197.939251,8205422b-9eff-4701-a582-6dd473d526e9,Air Lamp,758,nm,absorbance,502.0542010415556
507.639,195.101328,8205422b-9eff-4701-a582-6dd473d526e9,Air Lamp,759,nm,absorbance,502.26065934882865
507.847,196.653315,8205422b-9eff-4701-a582-6dd473d526e9,Air Lamp,760,nm,absorbance,502.46711765610166
508.055,201.509287,8205422b-9eff-4701-a582-6dd473d526e9,Air Lamp,761,nm,absorbance,502.6735759633748
508.264,204.451765,8205422b-9eff-4701-a582-6dd473d526e9,Air Lamp,762,nm,absorbance,502.8810268586636
508.472,208.154129,8205422b-9eff-4701-a582-6dd473d526e9,Air Lamp,763,nm,absorbance,503.0874851659366
508.68,209.98613,8205422b-9eff-4701-a582-6dd473d526e9,Air Lamp,764,nm,absorbance,503.29394347320965
508.888,211.883255,8205422b-9eff-4701-a582-6dd473d526e9,Air Lamp,765,nm,absorbance,503.50040178048266
509.096,210.450433,8205422b-9eff-4701-a582-6dd473d526e9,Air Lamp,766,nm,absorbance,503.7068600877558
509.305,208.664623,8205422b-9eff-4701-a582-6dd473d526e9,Air Lamp,767,nm,absorbance,503.9143109830446
509.513,209.176393,8205422b-9eff-4701-a582-6dd473d526e9,Air Lamp,768,nm,absorbance,504.1207692903176
509.721,206.308734,8205422b-9eff-4701-a582-6dd473d526e9,Air Lamp,769,nm,absorbance,504.32722759759065
509.929,206.058128,8205422b-9eff-4701-a582-6dd473d526e9,Air Lamp,770,nm,absorbance,504.53368590486366
510.137,202.192868,8205422b-9eff-4701-a582-6dd473d526e9,Air Lamp,771,nm,absorbance,504.7401442121368
510.345,207.925491,8205422b-9eff-4701-a582-6dd473d526e9,Air Lamp,772,nm,absorbance,504.94660251940985
510.553,208.02723,8205422b-9eff-4701-a582-6dd473d526e9,Air Lamp,773,nm,absorbance,505.15306082668286
510.762,212.272914,8205422b-9eff-4701-a582-6dd473d526e9,Air Lamp,774,nm,absorbance,505.36051172197165
510.97,214.084156,8205422b-9eff-4701-a582-6dd473d526e9,Air Lamp,775,nm,absorbance,505.56697002924477
511.178,217.727703,8205422b-9eff-4701-a582-6dd473d526e9,Air Lamp,776,nm,absorbance,505.7734283365178
511.386,218.810539,8205422b-9eff-4701-a582-6dd473d526e9,Air Lamp,777,nm,absorbance,505.97988664379085
511.594,212.952713,8205422b-9eff-4701-a582-6dd473d526e9,Air Lamp,778,nm,absorbance,506.18634495106386
511.802,206.563541,8205422b-9eff-4701-a582-6dd473d526e9,Air Lamp,779,nm,absorbance,506.3928032583369
512.01,203.651069,8205422b-9eff-4701-a582-6dd473d526e9,Air Lamp,780,nm,absorbance,506.59926156561
512.218,207.665825,8205422b-9eff-4701-a582-6dd473d526e9,Air Lamp,781,nm,absorbance,506.805719872883
512.426,205.695713,8205422b-9eff-4701-a582-6dd473d526e9,Air Lamp,782,nm,absorbance,507.0121781801561
512.634,209.158063,8205422b-9eff-4701-a582-6dd473d526e9,Air Lamp,783,nm,absorbance,507.21863648742914
512.842,207.95549800000003,8205422b-9eff-4701-a582-6dd473d526e9,Air Lamp,784,nm,absorbance,507.4250947947022
513.049,211.980154,8205422b-9eff-4701-a582-6dd473d526e9,Air Lamp,785,nm,absorbance,507.6305605139595
513.257,210.68977,8205422b-9eff-4701-a582-6dd473d526e9,Air Lamp,786,nm,absorbance,507.8370188212325
513.465,206.2756660000001,8205422b-9eff-4701-a582-6dd473d526e9,Air Lamp,787,nm,absorbance,508.04347712850563
513.673,202.850761,8205422b-9eff-4701-a582-6dd473d526e9,Air Lamp,788,nm,absorbance,508.2499354357787
513.881,202.95573200000004,8205422b-9eff-4701-a582-6dd473d526e9,Air Lamp,789,nm,absorbance,508.4563937430517
514.089,203.51757,8205422b-9eff-4701-a582-6dd473d526e9,Air Lamp,790,nm,absorbance,508.66285205032483
514.297,204.940635,8205422b-9eff-4701-a582-6dd473d526e9,Air Lamp,791,nm,absorbance,508.86931035759784
514.504,204.49172700000005,8205422b-9eff-4701-a582-6dd473d526e9,Air Lamp,792,nm,absorbance,509.0747760768552
514.712,195.855291,8205422b-9eff-4701-a582-6dd473d526e9,Air Lamp,793,nm,absorbance,509.2812343841282
514.92,197.070219,8205422b-9eff-4701-a582-6dd473d526e9,Air Lamp,794,nm,absorbance,509.4876926914012
515.128,189.306189,8205422b-9eff-4701-a582-6dd473d526e9,Air Lamp,795,nm,absorbance,509.69415099867433
515.336,199.541365,8205422b-9eff-4701-a582-6dd473d526e9,Air Lamp,796,nm,absorbance,509.9006093059474
515.543,197.949382,8205422b-9eff-4701-a582-6dd473d526e9,Air Lamp,797,nm,absorbance,510.1060750252047
515.751,203.917287,8205422b-9eff-4701-a582-6dd473d526e9,Air Lamp,798,nm,absorbance,510.3125333324777
515.959,205.689107,8205422b-9eff-4701-a582-6dd473d526e9,Air Lamp,799,nm,absorbance,510.5189916397507
516.166,211.321773,8205422b-9eff-4701-a582-6dd473d526e9,Air Lamp,800,nm,absorbance,510.7244573590081
516.374,212.888245,8205422b-9eff-4701-a582-6dd473d526e9,Air Lamp,801,nm,absorbance,510.93091566628124
516.582,210.772711,8205422b-9eff-4701-a582-6dd473d526e9,Air Lamp,802,nm,absorbance,511.13737397355425
516.789,213.110925,8205422b-9eff-4701-a582-6dd473d526e9,Air Lamp,803,nm,absorbance,511.34283969281154
516.997,217.10935,8205422b-9eff-4701-a582-6dd473d526e9,Air Lamp,804,nm,absorbance,511.54929800008455
517.205,222.520095,8205422b-9eff-4701-a582-6dd473d526e9,Air Lamp,805,nm,absorbance,511.7557563073577
517.412,221.289242,8205422b-9eff-4701-a582-6dd473d526e9,Air Lamp,806,nm,absorbance,511.96122202661496
517.62,222.869618,8205422b-9eff-4701-a582-6dd473d526e9,Air Lamp,807,nm,absorbance,512.1676803338879
517.827,224.867148,8205422b-9eff-4701-a582-6dd473d526e9,Air Lamp,808,nm,absorbance,512.3731460531453
518.035,228.80769,8205422b-9eff-4701-a582-6dd473d526e9,Air Lamp,809,nm,absorbance,512.5796043604183
518.243,231.95632800000004,8205422b-9eff-4701-a582-6dd473d526e9,Air Lamp,810,nm,absorbance,512.7860626676915
518.45,237.982843,8205422b-9eff-4701-a582-6dd473d526e9,Air Lamp,811,nm,absorbance,512.9915283869487
518.658,244.271456,8205422b-9eff-4701-a582-6dd473d526e9,Air Lamp,812,nm,absorbance,513.1979866942218
518.865,251.080369,8205422b-9eff-4701-a582-6dd473d526e9,Air Lamp,813,nm,absorbance,513.403452413479
519.073,254.887322,8205422b-9eff-4701-a582-6dd473d526e9,Air Lamp,814,nm,absorbance,513.609910720752
519.28,263.22692700000005,8205422b-9eff-4701-a582-6dd473d526e9,Air Lamp,815,nm,absorbance,513.8153764400095
519.488,268.883075,8205422b-9eff-4701-a582-6dd473d526e9,Air Lamp,816,nm,absorbance,514.0218347472826
519.695,281.040804,8205422b-9eff-4701-a582-6dd473d526e9,Air Lamp,817,nm,absorbance,514.2273004665399
519.902,285.725048,8205422b-9eff-4701-a582-6dd473d526e9,Air Lamp,818,nm,absorbance,514.4327661857972
520.11,295.788269,8205422b-9eff-4701-a582-6dd473d526e9,Air Lamp,819,nm,absorbance,514.6392244930702
520.317,301.66473699999995,8205422b-9eff-4701-a582-6dd473d526e9,Air Lamp,820,nm,absorbance,514.8446902123275
520.525,305.878521,8205422b-9eff-4701-a582-6dd473d526e9,Air Lamp,821,nm,absorbance,515.0511485196005
520.732,311.08220700000004,8205422b-9eff-4701-a582-6dd473d526e9,Air Lamp,822,nm,absorbance,515.2566142388579
520.939,318.706744,8205422b-9eff-4701-a582-6dd473d526e9,Air Lamp,823,nm,absorbance,515.4620799581152
521.147,327.548485,8205422b-9eff-4701-a582-6dd473d526e9,Air Lamp,824,nm,absorbance,515.6685382653883
521.354,330.800558,8205422b-9eff-4701-a582-6dd473d526e9,Air Lamp,825,nm,absorbance,515.8740039846456
521.561,331.579774,8205422b-9eff-4701-a582-6dd473d526e9,Air Lamp,826,nm,absorbance,516.0794697039029
521.769,332.68658400000004,8205422b-9eff-4701-a582-6dd473d526e9,Air Lamp,827,nm,absorbance,516.2859280111759
521.976,334.43490699999995,8205422b-9eff-4701-a582-6dd473d526e9,Air Lamp,828,nm,absorbance,516.4913937304333
522.183,334.4485,8205422b-9eff-4701-a582-6dd473d526e9,Air Lamp,829,nm,absorbance,516.6968594496906
522.391,337.521562,8205422b-9eff-4701-a582-6dd473d526e9,Air Lamp,830,nm,absorbance,516.9033177569636
522.598,338.783924,8205422b-9eff-4701-a582-6dd473d526e9,Air Lamp,831,nm,absorbance,517.1087834762209
522.805,339.505585,8205422b-9eff-4701-a582-6dd473d526e9,Air Lamp,832,nm,absorbance,517.3142491954782
523.012,335.8841960000001,8205422b-9eff-4701-a582-6dd473d526e9,Air Lamp,833,nm,absorbance,517.5197149147355
523.219,337.774899,8205422b-9eff-4701-a582-6dd473d526e9,Air Lamp,834,nm,absorbance,517.725180633993
523.427,332.698432,8205422b-9eff-4701-a582-6dd473d526e9,Air Lamp,835,nm,absorbance,517.931638941266
523.634,336.0798249999999,8205422b-9eff-4701-a582-6dd473d526e9,Air Lamp,836,nm,absorbance,518.1371046605233
523.841,330.096137,8205422b-9eff-4701-a582-6dd473d526e9,Air Lamp,837,nm,absorbance,518.3425703797806
524.048,336.572229,8205422b-9eff-4701-a582-6dd473d526e9,Air Lamp,838,nm,absorbance,518.5480360990379
524.255,332.371734,8205422b-9eff-4701-a582-6dd473d526e9,Air Lamp,839,nm,absorbance,518.7535018182951
524.462,331.219011,8205422b-9eff-4701-a582-6dd473d526e9,Air Lamp,840,nm,absorbance,518.9589675375526
524.669,322.613929,8205422b-9eff-4701-a582-6dd473d526e9,Air Lamp,841,nm,absorbance,519.1644332568098
524.877,321.62277800000004,8205422b-9eff-4701-a582-6dd473d526e9,Air Lamp,842,nm,absorbance,519.3708915640829
525.084,319.19748500000003,8205422b-9eff-4701-a582-6dd473d526e9,Air Lamp,843,nm,absorbance,519.5763572833401
525.291,318.954473,8205422b-9eff-4701-a582-6dd473d526e9,Air Lamp,844,nm,absorbance,519.7818230025975
525.498,317.470143,8205422b-9eff-4701-a582-6dd473d526e9,Air Lamp,845,nm,absorbance,519.9872887218548
525.705,316.266031,8205422b-9eff-4701-a582-6dd473d526e9,Air Lamp,846,nm,absorbance,520.1927544411122
525.912,311.160547,8205422b-9eff-4701-a582-6dd473d526e9,Air Lamp,847,nm,absorbance,520.3982201603695
526.119,304.804633,8205422b-9eff-4701-a582-6dd473d526e9,Air Lamp,848,nm,absorbance,520.6036858796268
526.326,294.4887070000001,8205422b-9eff-4701-a582-6dd473d526e9,Air Lamp,849,nm,absorbance,520.8091515988841
526.533,292.871418,8205422b-9eff-4701-a582-6dd473d526e9,Air Lamp,850,nm,absorbance,521.0146173181414
526.74,289.260991,8205422b-9eff-4701-a582-6dd473d526e9,Air Lamp,851,nm,absorbance,521.2200830373988
526.947,285.83184300000005,8205422b-9eff-4701-a582-6dd473d526e9,Air Lamp,852,nm,absorbance,521.4255487566561
527.153,280.76491500000003,8205422b-9eff-4701-a582-6dd473d526e9,Air Lamp,853,nm,absorbance,521.6300218878977
527.36,267.5593190000001,8205422b-9eff-4701-a582-6dd473d526e9,Air Lamp,854,nm,absorbance,521.835487607155
527.567,268.397496,8205422b-9eff-4701-a582-6dd473d526e9,Air Lamp,855,nm,absorbance,522.0409533264123
527.774,255.49104799999995,8205422b-9eff-4701-a582-6dd473d526e9,Air Lamp,856,nm,absorbance,522.2464190456697
527.981,253.97078900000005,8205422b-9eff-4701-a582-6dd473d526e9,Air Lamp,857,nm,absorbance,522.451884764927
528.188,241.78931000000003,8205422b-9eff-4701-a582-6dd473d526e9,Air Lamp,858,nm,absorbance,522.6573504841842
528.395,241.62355,8205422b-9eff-4701-a582-6dd473d526e9,Air Lamp,859,nm,absorbance,522.8628162034415
528.602,232.475934,8205422b-9eff-4701-a582-6dd473d526e9,Air Lamp,860,nm,absorbance,523.0682819226988
528.808,230.743932,8205422b-9eff-4701-a582-6dd473d526e9,Air Lamp,861,nm,absorbance,523.2727550539405
529.015,225.638591,8205422b-9eff-4701-a582-6dd473d526e9,Air Lamp,862,nm,absorbance,523.4782207731978
529.222,216.917447,8205422b-9eff-4701-a582-6dd473d526e9,Air Lamp,863,nm,absorbance,523.6836864924551
529.429,207.526457,8205422b-9eff-4701-a582-6dd473d526e9,Air Lamp,864,nm,absorbance,523.8891522117124
529.635,197.861571,8205422b-9eff-4701-a582-6dd473d526e9,Air Lamp,865,nm,absorbance,524.0936253429539
529.842,197.509683,8205422b-9eff-4701-a582-6dd473d526e9,Air Lamp,866,nm,absorbance,524.2990910622112
530.049,191.364611,8205422b-9eff-4701-a582-6dd473d526e9,Air Lamp,867,nm,absorbance,524.5045567814686
530.256,186.46457400000003,8205422b-9eff-4701-a582-6dd473d526e9,Air Lamp,868,nm,absorbance,524.7100225007259
530.462,180.972728,8205422b-9eff-4701-a582-6dd473d526e9,Air Lamp,869,nm,absorbance,524.9144956319675
530.669,176.560464,8205422b-9eff-4701-a582-6dd473d526e9,Air Lamp,870,nm,absorbance,525.1199613512248
530.876,171.28445399999998,8205422b-9eff-4701-a582-6dd473d526e9,Air Lamp,871,nm,absorbance,525.3254270704821
531.082,168.226068,8205422b-9eff-4701-a582-6dd473d526e9,Air Lamp,872,nm,absorbance,525.5299002017238
531.289,168.245064,8205422b-9eff-4701-a582-6dd473d526e9,Air Lamp,873,nm,absorbance,525.735365920981
531.495,172.958839,8205422b-9eff-4701-a582-6dd473d526e9,Air Lamp,874,nm,absorbance,525.9398390522226
531.702,171.57236200000006,8205422b-9eff-4701-a582-6dd473d526e9,Air Lamp,875,nm,absorbance,526.1453047714799
531.909,168.08288299999998,8205422b-9eff-4701-a582-6dd473d526e9,Air Lamp,876,nm,absorbance,526.3507704907373
532.115,161.152935,8205422b-9eff-4701-a582-6dd473d526e9,Air Lamp,877,nm,absorbance,526.5552436219789
532.322,160.636639,8205422b-9eff-4701-a582-6dd473d526e9,Air Lamp,878,nm,absorbance,526.7607093412362
532.528,159.004058,8205422b-9eff-4701-a582-6dd473d526e9,Air Lamp,879,nm,absorbance,526.9651824724777
532.735,159.758618,8205422b-9eff-4701-a582-6dd473d526e9,Air Lamp,880,nm,absorbance,527.170648191735
532.941,158.137479,8205422b-9eff-4701-a582-6dd473d526e9,Air Lamp,881,nm,absorbance,527.3751213229767
533.148,159.33622400000002,8205422b-9eff-4701-a582-6dd473d526e9,Air Lamp,882,nm,absorbance,527.580587042234
533.354,158.14117100000004,8205422b-9eff-4701-a582-6dd473d526e9,Air Lamp,883,nm,absorbance,527.7850601734756
533.561,160.610684,8205422b-9eff-4701-a582-6dd473d526e9,Air Lamp,884,nm,absorbance,527.9905258927329
533.767,159.61366599999997,8205422b-9eff-4701-a582-6dd473d526e9,Air Lamp,885,nm,absorbance,528.1949990239744
533.974,162.223601,8205422b-9eff-4701-a582-6dd473d526e9,Air Lamp,886,nm,absorbance,528.4004647432319
534.18,159.46999499999998,8205422b-9eff-4701-a582-6dd473d526e9,Air Lamp,887,nm,absorbance,528.6049378744733
534.387,163.166729,8205422b-9eff-4701-a582-6dd473d526e9,Air Lamp,888,nm,absorbance,528.8104035937306
534.593,157.31324700000002,8205422b-9eff-4701-a582-6dd473d526e9,Air Lamp,889,nm,absorbance,529.0148767249722
534.799,162.22263600000002,8205422b-9eff-4701-a582-6dd473d526e9,Air Lamp,890,nm,absorbance,529.2193498562139
535.006,165.666093,8205422b-9eff-4701-a582-6dd473d526e9,Air Lamp,891,nm,absorbance,529.4248155754711
535.212,173.83897299999998,8205422b-9eff-4701-a582-6dd473d526e9,Air Lamp,892,nm,absorbance,529.6292887067127
535.418,176.451426,8205422b-9eff-4701-a582-6dd473d526e9,Air Lamp,893,nm,absorbance,529.8337618379543
535.625,176.650538,8205422b-9eff-4701-a582-6dd473d526e9,Air Lamp,894,nm,absorbance,530.0392275572116
535.831,180.128378,8205422b-9eff-4701-a582-6dd473d526e9,Air Lamp,895,nm,absorbance,530.2437006884533
536.037,178.809671,8205422b-9eff-4701-a582-6dd473d526e9,Air Lamp,896,nm,absorbance,530.4481738196948
536.244,176.82426999999998,8205422b-9eff-4701-a582-6dd473d526e9,Air Lamp,897,nm,absorbance,530.6536395389521
536.45,178.78376200000002,8205422b-9eff-4701-a582-6dd473d526e9,Air Lamp,898,nm,absorbance,530.8581126701937
536.656,183.248029,8205422b-9eff-4701-a582-6dd473d526e9,Air Lamp,899,nm,absorbance,531.0625858014353
536.862,190.951774,8205422b-9eff-4701-a582-6dd473d526e9,Air Lamp,900,nm,absorbance,531.2670589326768
537.068,191.265745,8205422b-9eff-4701-a582-6dd473d526e9,Air Lamp,901,nm,absorbance,531.4715320639184
537.275,195.892488,8205422b-9eff-4701-a582-6dd473d526e9,Air Lamp,902,nm,absorbance,531.6769977831757
537.481,197.968041,8205422b-9eff-4701-a582-6dd473d526e9,Air Lamp,903,nm,absorbance,531.8814709144174
537.687,205.308413,8205422b-9eff-4701-a582-6dd473d526e9,Air Lamp,904,nm,absorbance,532.085944045659
537.893,208.29984600000003,8205422b-9eff-4701-a582-6dd473d526e9,Air Lamp,905,nm,absorbance,532.2904171769005
538.099,215.627618,8205422b-9eff-4701-a582-6dd473d526e9,Air Lamp,906,nm,absorbance,532.4948903081421
538.305,220.50061600000004,8205422b-9eff-4701-a582-6dd473d526e9,Air Lamp,907,nm,absorbance,532.6993634393837
538.512,226.8508,8205422b-9eff-4701-a582-6dd473d526e9,Air Lamp,908,nm,absorbance,532.904829158641
538.718,226.547614,8205422b-9eff-4701-a582-6dd473d526e9,Air Lamp,909,nm,absorbance,533.1093022898825
538.924,230.551217,8205422b-9eff-4701-a582-6dd473d526e9,Air Lamp,910,nm,absorbance,533.3137754211241
539.13,233.848193,8205422b-9eff-4701-a582-6dd473d526e9,Air Lamp,911,nm,absorbance,533.5182485523657
539.336,237.900817,8205422b-9eff-4701-a582-6dd473d526e9,Air Lamp,912,nm,absorbance,533.7227216836073
539.542,236.17435400000005,8205422b-9eff-4701-a582-6dd473d526e9,Air Lamp,913,nm,absorbance,533.9271948148489
539.748,238.277854,8205422b-9eff-4701-a582-6dd473d526e9,Air Lamp,914,nm,absorbance,534.1316679460905
539.954,243.922272,8205422b-9eff-4701-a582-6dd473d526e9,Air Lamp,915,nm,absorbance,534.336141077332
540.16,250.460876,8205422b-9eff-4701-a582-6dd473d526e9,Air Lamp,916,nm,absorbance,534.5406142085736
540.366,248.924134,8205422b-9eff-4701-a582-6dd473d526e9,Air Lamp,917,nm,absorbance,534.7450873398152
540.572,250.583944,8205422b-9eff-4701-a582-6dd473d526e9,Air Lamp,918,nm,absorbance,534.9495604710568
540.778,253.20065,8205422b-9eff-4701-a582-6dd473d526e9,Air Lamp,919,nm,absorbance,535.1540336022983
540.984,263.345302,8205422b-9eff-4701-a582-6dd473d526e9,Air Lamp,920,nm,absorbance,535.35850673354
541.19,267.18739,8205422b-9eff-4701-a582-6dd473d526e9,Air Lamp,921,nm,absorbance,535.5629798647816
541.396,264.60522100000003,8205422b-9eff-4701-a582-6dd473d526e9,Air Lamp,922,nm,absorbance,535.767452996023
541.602,259.969172,8205422b-9eff-4701-a582-6dd473d526e9,Air Lamp,923,nm,absorbance,535.9719261272646
541.807,259.833706,8205422b-9eff-4701-a582-6dd473d526e9,Air Lamp,924,nm,absorbance,536.1754066704906
542.013,267.955781,8205422b-9eff-4701-a582-6dd473d526e9,Air Lamp,925,nm,absorbance,536.3798798017322
542.219,274.028186,8205422b-9eff-4701-a582-6dd473d526e9,Air Lamp,926,nm,absorbance,536.5843529329737
542.425,275.532993,8205422b-9eff-4701-a582-6dd473d526e9,Air Lamp,927,nm,absorbance,536.7888260642153
542.631,276.258722,8205422b-9eff-4701-a582-6dd473d526e9,Air Lamp,928,nm,absorbance,536.9932991954569
542.837,278.88028999999995,8205422b-9eff-4701-a582-6dd473d526e9,Air Lamp,929,nm,absorbance,537.1977723266984
543.042,284.357727,8205422b-9eff-4701-a582-6dd473d526e9,Air Lamp,930,nm,absorbance,537.4012528699243
543.248,287.70238,8205422b-9eff-4701-a582-6dd473d526e9,Air Lamp,931,nm,absorbance,537.605726001166
543.454,288.065334,8205422b-9eff-4701-a582-6dd473d526e9,Air Lamp,932,nm,absorbance,537.8101991324074
543.66,286.18163100000004,8205422b-9eff-4701-a582-6dd473d526e9,Air Lamp,933,nm,absorbance,538.014672263649
543.865,287.45846,8205422b-9eff-4701-a582-6dd473d526e9,Air Lamp,934,nm,absorbance,538.2181528068749
544.071,289.847794,8205422b-9eff-4701-a582-6dd473d526e9,Air Lamp,935,nm,absorbance,538.4226259381165
544.277,293.91917599999994,8205422b-9eff-4701-a582-6dd473d526e9,Air Lamp,936,nm,absorbance,538.6270990693581
544.483,294.639017,8205422b-9eff-4701-a582-6dd473d526e9,Air Lamp,937,nm,absorbance,538.8315722005996
544.688,295.248424,8205422b-9eff-4701-a582-6dd473d526e9,Air Lamp,938,nm,absorbance,539.0350527438254
544.894,295.80567800000006,8205422b-9eff-4701-a582-6dd473d526e9,Air Lamp,939,nm,absorbance,539.2395258750671
545.1,293.67914899999994,8205422b-9eff-4701-a582-6dd473d526e9,Air Lamp,940,nm,absorbance,539.4439990063087
545.305,293.258919,8205422b-9eff-4701-a582-6dd473d526e9,Air Lamp,941,nm,absorbance,539.6474795495344
545.511,290.804001,8205422b-9eff-4701-a582-6dd473d526e9,Air Lamp,942,nm,absorbance,539.8519526807761
545.716,292.017638,8205422b-9eff-4701-a582-6dd473d526e9,Air Lamp,943,nm,absorbance,540.055433224002
545.922,293.25880500000005,8205422b-9eff-4701-a582-6dd473d526e9,Air Lamp,944,nm,absorbance,540.2599063552435
546.128,296.457334,8205422b-9eff-4701-a582-6dd473d526e9,Air Lamp,945,nm,absorbance,540.4643794864851
546.333,295.835673,8205422b-9eff-4701-a582-6dd473d526e9,Air Lamp,946,nm,absorbance,540.6678600297109
546.539,295.06338800000003,8205422b-9eff-4701-a582-6dd473d526e9,Air Lamp,947,nm,absorbance,540.8723331609525
546.744,291.456901,8205422b-9eff-4701-a582-6dd473d526e9,Air Lamp,948,nm,absorbance,541.0758137041784
546.95,294.12065500000006,8205422b-9eff-4701-a582-6dd473d526e9,Air Lamp,949,nm,absorbance,541.2802868354199
547.155,293.87550500000003,8205422b-9eff-4701-a582-6dd473d526e9,Air Lamp,950,nm,absorbance,541.4837673786458
547.361,288.890819,8205422b-9eff-4701-a582-6dd473d526e9,Air Lamp,951,nm,absorbance,541.6882405098874
547.566,286.461266,8205422b-9eff-4701-a582-6dd473d526e9,Air Lamp,952,nm,absorbance,541.8917210531132
547.772,283.706949,8205422b-9eff-4701-a582-6dd473d526e9,Air Lamp,953,nm,absorbance,542.0961941843549
547.977,287.23137800000006,8205422b-9eff-4701-a582-6dd473d526e9,Air Lamp,954,nm,absorbance,542.2996747275806
548.182,287.91372,8205422b-9eff-4701-a582-6dd473d526e9,Air Lamp,955,nm,absorbance,542.5031552708065
548.388,289.91557300000005,8205422b-9eff-4701-a582-6dd473d526e9,Air Lamp,956,nm,absorbance,542.707628402048
548.593,288.17414599999995,8205422b-9eff-4701-a582-6dd473d526e9,Air Lamp,957,nm,absorbance,542.9111089452739
548.799,288.093486,8205422b-9eff-4701-a582-6dd473d526e9,Air Lamp,958,nm,absorbance,543.1155820765155
549.004,286.491488,8205422b-9eff-4701-a582-6dd473d526e9,Air Lamp,959,nm,absorbance,543.3190626197413
549.209,286.18481999999995,8205422b-9eff-4701-a582-6dd473d526e9,Air Lamp,960,nm,absorbance,543.5225431629672
549.415,282.35548,8205422b-9eff-4701-a582-6dd473d526e9,Air Lamp,961,nm,absorbance,543.7270162942087
549.62,285.78305600000004,8205422b-9eff-4701-a582-6dd473d526e9,Air Lamp,962,nm,absorbance,543.9304968374346
549.825,283.93018,8205422b-9eff-4701-a582-6dd473d526e9,Air Lamp,963,nm,absorbance,544.1339773806606
550.031,286.894837,8205422b-9eff-4701-a582-6dd473d526e9,Air Lamp,964,nm,absorbance,544.338450511902
550.236,282.321014,8205422b-9eff-4701-a582-6dd473d526e9,Air Lamp,965,nm,absorbance,544.5419310551279
550.441,286.909193,8205422b-9eff-4701-a582-6dd473d526e9,Air Lamp,966,nm,absorbance,544.7454115983537
550.646,282.174814,8205422b-9eff-4701-a582-6dd473d526e9,Air Lamp,967,nm,absorbance,544.9488921415796
550.852,281.492506,8205422b-9eff-4701-a582-6dd473d526e9,Air Lamp,968,nm,absorbance,545.1533652728211
551.057,277.23949600000003,8205422b-9eff-4701-a582-6dd473d526e9,Air Lamp,969,nm,absorbance,545.356845816047
551.262,275.65449900000004,8205422b-9eff-4701-a582-6dd473d526e9,Air Lamp,970,nm,absorbance,545.5603263592728
551.467,272.946528,8205422b-9eff-4701-a582-6dd473d526e9,Air Lamp,971,nm,absorbance,545.7638069024987
551.672,263.035458,8205422b-9eff-4701-a582-6dd473d526e9,Air Lamp,972,nm,absorbance,545.9672874457245
551.878,259.511838,8205422b-9eff-4701-a582-6dd473d526e9,Air Lamp,973,nm,absorbance,546.1717605769662
552.083,257.521312,8205422b-9eff-4701-a582-6dd473d526e9,Air Lamp,974,nm,absorbance,546.375241120192
552.288,258.825062,8205422b-9eff-4701-a582-6dd473d526e9,Air Lamp,975,nm,absorbance,546.5787216634178
552.493,256.318798,8205422b-9eff-4701-a582-6dd473d526e9,Air Lamp,976,nm,absorbance,546.7822022066437
552.698,257.303783,8205422b-9eff-4701-a582-6dd473d526e9,Air Lamp,977,nm,absorbance,546.9856827498695
552.903,261.948711,8205422b-9eff-4701-a582-6dd473d526e9,Air Lamp,978,nm,absorbance,547.1891632930954
553.108,261.169012,8205422b-9eff-4701-a582-6dd473d526e9,Air Lamp,979,nm,absorbance,547.3926438363211
553.313,261.54600700000003,8205422b-9eff-4701-a582-6dd473d526e9,Air Lamp,980,nm,absorbance,547.5961243795471
553.518,260.884451,8205422b-9eff-4701-a582-6dd473d526e9,Air Lamp,981,nm,absorbance,547.7996049227729
553.723,263.906488,8205422b-9eff-4701-a582-6dd473d526e9,Air Lamp,982,nm,absorbance,548.0030854659987
553.928,261.072141,8205422b-9eff-4701-a582-6dd473d526e9,Air Lamp,983,nm,absorbance,548.2065660092246
554.133,255.817758,8205422b-9eff-4701-a582-6dd473d526e9,Air Lamp,984,nm,absorbance,548.4100465524505
554.338,254.076175,8205422b-9eff-4701-a582-6dd473d526e9,Air Lamp,985,nm,absorbance,548.6135270956762
554.543,251.793923,8205422b-9eff-4701-a582-6dd473d526e9,Air Lamp,986,nm,absorbance,548.8170076389022
554.748,248.752637,8205422b-9eff-4701-a582-6dd473d526e9,Air Lamp,987,nm,absorbance,549.020488182128
554.953,250.333414,8205422b-9eff-4701-a582-6dd473d526e9,Air Lamp,988,nm,absorbance,549.2239687253538
555.158,251.662364,8205422b-9eff-4701-a582-6dd473d526e9,Air Lamp,989,nm,absorbance,549.4274492685797
555.363,252.6986,8205422b-9eff-4701-a582-6dd473d526e9,Air Lamp,990,nm,absorbance,549.6309298118056
555.568,244.800389,8205422b-9eff-4701-a582-6dd473d526e9,Air Lamp,991,nm,absorbance,549.8344103550313
555.773,237.889592,8205422b-9eff-4701-a582-6dd473d526e9,Air Lamp,992,nm,absorbance,550.0378908982573
555.978,233.656556,8205422b-9eff-4701-a582-6dd473d526e9,Air Lamp,993,nm,absorbance,550.241371441483
556.182,235.825041,8205422b-9eff-4701-a582-6dd473d526e9,Air Lamp,994,nm,absorbance,550.4438593966931
556.387,233.96289,8205422b-9eff-4701-a582-6dd473d526e9,Air Lamp,995,nm,absorbance,550.647339939919
556.592,231.494464,8205422b-9eff-4701-a582-6dd473d526e9,Air Lamp,996,nm,absorbance,550.8508204831448
556.797,225.44949,8205422b-9eff-4701-a582-6dd473d526e9,Air Lamp,997,nm,absorbance,551.0543010263707
557.002,220.970348,8205422b-9eff-4701-a582-6dd473d526e9,Air Lamp,998,nm,absorbance,551.2577815695964
557.206,226.490127,8205422b-9eff-4701-a582-6dd473d526e9,Air Lamp,999,nm,absorbance,551.4602695248067
557.411,227.056943,8205422b-9eff-4701-a582-6dd473d526e9,Air Lamp,1000,nm,absorbance,551.6637500680324
557.616,232.60134499999995,8205422b-9eff-4701-a582-6dd473d526e9,Air Lamp,1001,nm,absorbance,551.8672306112583
557.821,230.249227,8205422b-9eff-4701-a582-6dd473d526e9,Air Lamp,1002,nm,absorbance,552.0707111544842
558.025,226.02769300000008,8205422b-9eff-4701-a582-6dd473d526e9,Air Lamp,1003,nm,absorbance,552.2731991096942
558.23,221.505137,8205422b-9eff-4701-a582-6dd473d526e9,Air Lamp,1004,nm,absorbance,552.4766796529202
558.435,217.764805,8205422b-9eff-4701-a582-6dd473d526e9,Air Lamp,1005,nm,absorbance,552.680160196146
558.64,221.256716,8205422b-9eff-4701-a582-6dd473d526e9,Air Lamp,1006,nm,absorbance,552.8836407393718
558.844,216.22056300000003,8205422b-9eff-4701-a582-6dd473d526e9,Air Lamp,1007,nm,absorbance,553.086128694582
559.049,213.602961,8205422b-9eff-4701-a582-6dd473d526e9,Air Lamp,1008,nm,absorbance,553.2896092378078
559.253,210.576803,8205422b-9eff-4701-a582-6dd473d526e9,Air Lamp,1009,nm,absorbance,553.4920971930179
559.458,212.3057,8205422b-9eff-4701-a582-6dd473d526e9,Air Lamp,1010,nm,absorbance,553.6955777362438
559.663,214.19825,8205422b-9eff-4701-a582-6dd473d526e9,Air Lamp,1011,nm,absorbance,553.8990582794696
559.867,214.30506800000003,8205422b-9eff-4701-a582-6dd473d526e9,Air Lamp,1012,nm,absorbance,554.1015462346796
560.072,214.602073,8205422b-9eff-4701-a582-6dd473d526e9,Air Lamp,1013,nm,absorbance,554.3050267779056
560.276,212.978952,8205422b-9eff-4701-a582-6dd473d526e9,Air Lamp,1014,nm,absorbance,554.5075147331156
560.481,213.887707,8205422b-9eff-4701-a582-6dd473d526e9,Air Lamp,1015,nm,absorbance,554.7109952763415
560.685,219.04403,8205422b-9eff-4701-a582-6dd473d526e9,Air Lamp,1016,nm,absorbance,554.9134832315516
560.89,221.140973,8205422b-9eff-4701-a582-6dd473d526e9,Air Lamp,1017,nm,absorbance,555.1169637747774
561.094,221.942769,8205422b-9eff-4701-a582-6dd473d526e9,Air Lamp,1018,nm,absorbance,555.3194517299876
561.299,218.001175,8205422b-9eff-4701-a582-6dd473d526e9,Air Lamp,1019,nm,absorbance,555.5229322732134
561.503,218.489212,8205422b-9eff-4701-a582-6dd473d526e9,Air Lamp,1020,nm,absorbance,555.7254202284236
561.708,216.172412,8205422b-9eff-4701-a582-6dd473d526e9,Air Lamp,1021,nm,absorbance,555.9289007716493
561.912,217.72429999999997,8205422b-9eff-4701-a582-6dd473d526e9,Air Lamp,1022,nm,absorbance,556.1313887268595
562.117,218.84361600000005,8205422b-9eff-4701-a582-6dd473d526e9,Air Lamp,1023,nm,absorbance,556.3348692700853
562.321,222.978316,8205422b-9eff-4701-a582-6dd473d526e9,Air Lamp,1024,nm,absorbance,556.5373572252954
562.525,225.56285500000004,8205422b-9eff-4701-a582-6dd473d526e9,Air Lamp,1025,nm,absorbance,556.7398451805055
562.73,225.251916,8205422b-9eff-4701-a582-6dd473d526e9,Air Lamp,1026,nm,absorbance,556.9433257237314
562.934,221.628681,8205422b-9eff-4701-a582-6dd473d526e9,Air Lamp,1027,nm,absorbance,557.1458136789415
563.139,220.812409,8205422b-9eff-4701-a582-6dd473d526e9,Air Lamp,1028,nm,absorbance,557.3492942221674
563.343,222.43970600000003,8205422b-9eff-4701-a582-6dd473d526e9,Air Lamp,1029,nm,absorbance,557.5517821773774
563.547,222.588093,8205422b-9eff-4701-a582-6dd473d526e9,Air Lamp,1030,nm,absorbance,557.7542701325876
563.752,221.741442,8205422b-9eff-4701-a582-6dd473d526e9,Air Lamp,1031,nm,absorbance,557.9577506758134
563.956,219.457288,8205422b-9eff-4701-a582-6dd473d526e9,Air Lamp,1032,nm,absorbance,558.1602386310235
564.16,219.559686,8205422b-9eff-4701-a582-6dd473d526e9,Air Lamp,1033,nm,absorbance,558.3627265862336
564.364,214.705268,8205422b-9eff-4701-a582-6dd473d526e9,Air Lamp,1034,nm,absorbance,558.5652145414438
564.569,210.509779,8205422b-9eff-4701-a582-6dd473d526e9,Air Lamp,1035,nm,absorbance,558.7686950846695
564.773,207.690668,8205422b-9eff-4701-a582-6dd473d526e9,Air Lamp,1036,nm,absorbance,558.9711830398797
564.977,205.421157,8205422b-9eff-4701-a582-6dd473d526e9,Air Lamp,1037,nm,absorbance,559.1736709950898
565.181,206.834963,8205422b-9eff-4701-a582-6dd473d526e9,Air Lamp,1038,nm,absorbance,559.3761589503
565.385,209.297341,8205422b-9eff-4701-a582-6dd473d526e9,Air Lamp,1039,nm,absorbance,559.57864690551
565.59,208.774118,8205422b-9eff-4701-a582-6dd473d526e9,Air Lamp,1040,nm,absorbance,559.7821274487359
565.794,207.337695,8205422b-9eff-4701-a582-6dd473d526e9,Air Lamp,1041,nm,absorbance,559.984615403946
565.998,198.603858,8205422b-9eff-4701-a582-6dd473d526e9,Air Lamp,1042,nm,absorbance,560.1871033591561
566.202,198.91705500000003,8205422b-9eff-4701-a582-6dd473d526e9,Air Lamp,1043,nm,absorbance,560.3895913143662
566.406,198.24282400000004,8205422b-9eff-4701-a582-6dd473d526e9,Air Lamp,1044,nm,absorbance,560.5920792695763
566.61,195.353041,8205422b-9eff-4701-a582-6dd473d526e9,Air Lamp,1045,nm,absorbance,560.7945672247864
566.814,190.03823,8205422b-9eff-4701-a582-6dd473d526e9,Air Lamp,1046,nm,absorbance,560.9970551799966
567.018,190.220305,8205422b-9eff-4701-a582-6dd473d526e9,Air Lamp,1047,nm,absorbance,561.1995431352067
567.222,193.651274,8205422b-9eff-4701-a582-6dd473d526e9,Air Lamp,1048,nm,absorbance,561.4020310904167
567.426,194.36958,8205422b-9eff-4701-a582-6dd473d526e9,Air Lamp,1049,nm,absorbance,561.604519045627
567.63,188.831342,8205422b-9eff-4701-a582-6dd473d526e9,Air Lamp,1050,nm,absorbance,561.807007000837
567.834,187.76834,8205422b-9eff-4701-a582-6dd473d526e9,Air Lamp,1051,nm,absorbance,562.009494956047
568.038,191.205349,8205422b-9eff-4701-a582-6dd473d526e9,Air Lamp,1052,nm,absorbance,562.2119829112572
568.242,194.680783,8205422b-9eff-4701-a582-6dd473d526e9,Air Lamp,1053,nm,absorbance,562.4144708664672
568.446,195.235371,8205422b-9eff-4701-a582-6dd473d526e9,Air Lamp,1054,nm,absorbance,562.6169588216775
568.65,191.412524,8205422b-9eff-4701-a582-6dd473d526e9,Air Lamp,1055,nm,absorbance,562.8194467768875
568.854,186.63002,8205422b-9eff-4701-a582-6dd473d526e9,Air Lamp,1056,nm,absorbance,563.0219347320976
569.058,189.009884,8205422b-9eff-4701-a582-6dd473d526e9,Air Lamp,1057,nm,absorbance,563.2244226873078
569.262,186.877098,8205422b-9eff-4701-a582-6dd473d526e9,Air Lamp,1058,nm,absorbance,563.4269106425178
569.466,186.40295,8205422b-9eff-4701-a582-6dd473d526e9,Air Lamp,1059,nm,absorbance,563.6293985977279
569.67,177.33032,8205422b-9eff-4701-a582-6dd473d526e9,Air Lamp,1060,nm,absorbance,563.831886552938
569.874,179.676313,8205422b-9eff-4701-a582-6dd473d526e9,Air Lamp,1061,nm,absorbance,564.0343745081482
570.078,179.26503699999998,8205422b-9eff-4701-a582-6dd473d526e9,Air Lamp,1062,nm,absorbance,564.2368624633583
570.281,181.647698,8205422b-9eff-4701-a582-6dd473d526e9,Air Lamp,1063,nm,absorbance,564.4383578305526
570.485,177.272123,8205422b-9eff-4701-a582-6dd473d526e9,Air Lamp,1064,nm,absorbance,564.6408457857627
570.689,176.304616,8205422b-9eff-4701-a582-6dd473d526e9,Air Lamp,1065,nm,absorbance,564.8433337409729
570.893,178.285723,8205422b-9eff-4701-a582-6dd473d526e9,Air Lamp,1066,nm,absorbance,565.045821696183
571.097,179.61006999999998,8205422b-9eff-4701-a582-6dd473d526e9,Air Lamp,1067,nm,absorbance,565.2483096513931
571.3,180.12071199999997,8205422b-9eff-4701-a582-6dd473d526e9,Air Lamp,1068,nm,absorbance,565.4498050185874
571.504,175.411046,8205422b-9eff-4701-a582-6dd473d526e9,Air Lamp,1069,nm,absorbance,565.6522929737976
571.708,177.356607,8205422b-9eff-4701-a582-6dd473d526e9,Air Lamp,1070,nm,absorbance,565.8547809290077
571.912,177.87214899999998,8205422b-9eff-4701-a582-6dd473d526e9,Air Lamp,1071,nm,absorbance,566.0572688842178
572.115,182.74292800000003,8205422b-9eff-4701-a582-6dd473d526e9,Air Lamp,1072,nm,absorbance,566.2587642514122
572.319,182.76432900000003,8205422b-9eff-4701-a582-6dd473d526e9,Air Lamp,1073,nm,absorbance,566.4612522066222
572.523,181.643405,8205422b-9eff-4701-a582-6dd473d526e9,Air Lamp,1074,nm,absorbance,566.6637401618324
572.726,183.034035,8205422b-9eff-4701-a582-6dd473d526e9,Air Lamp,1075,nm,absorbance,566.8652355290268
572.93,179.804534,8205422b-9eff-4701-a582-6dd473d526e9,Air Lamp,1076,nm,absorbance,567.0677234842368
573.133,178.68250099999997,8205422b-9eff-4701-a582-6dd473d526e9,Air Lamp,1077,nm,absorbance,567.2692188514313
573.337,178.86564300000003,8205422b-9eff-4701-a582-6dd473d526e9,Air Lamp,1078,nm,absorbance,567.4717068066414
573.541,190.190193,8205422b-9eff-4701-a582-6dd473d526e9,Air Lamp,1079,nm,absorbance,567.6741947618515
573.744,196.237792,8205422b-9eff-4701-a582-6dd473d526e9,Air Lamp,1080,nm,absorbance,567.8756901290459
573.948,205.399334,8205422b-9eff-4701-a582-6dd473d526e9,Air Lamp,1081,nm,absorbance,568.0781780842559
574.151,207.64603900000003,8205422b-9eff-4701-a582-6dd473d526e9,Air Lamp,1082,nm,absorbance,568.2796734514503
574.355,214.324993,8205422b-9eff-4701-a582-6dd473d526e9,Air Lamp,1083,nm,absorbance,568.4821614066605
574.558,225.017264,8205422b-9eff-4701-a582-6dd473d526e9,Air Lamp,1084,nm,absorbance,568.6836567738549
574.762,231.629196,8205422b-9eff-4701-a582-6dd473d526e9,Air Lamp,1085,nm,absorbance,568.8861447290649
574.965,246.442873,8205422b-9eff-4701-a582-6dd473d526e9,Air Lamp,1086,nm,absorbance,569.0876400962593
575.169,251.648974,8205422b-9eff-4701-a582-6dd473d526e9,Air Lamp,1087,nm,absorbance,569.2901280514694
575.372,261.543309,8205422b-9eff-4701-a582-6dd473d526e9,Air Lamp,1088,nm,absorbance,569.4916234186637
575.576,269.538277,8205422b-9eff-4701-a582-6dd473d526e9,Air Lamp,1089,nm,absorbance,569.694111373874
575.779,277.07774299999994,8205422b-9eff-4701-a582-6dd473d526e9,Air Lamp,1090,nm,absorbance,569.8956067410683
575.983,289.27506,8205422b-9eff-4701-a582-6dd473d526e9,Air Lamp,1091,nm,absorbance,570.0980946962783
576.186,290.094662,8205422b-9eff-4701-a582-6dd473d526e9,Air Lamp,1092,nm,absorbance,570.2995900634728
576.389,301.112571,8205422b-9eff-4701-a582-6dd473d526e9,Air Lamp,1093,nm,absorbance,570.5010854306671
576.593,306.594133,8205422b-9eff-4701-a582-6dd473d526e9,Air Lamp,1094,nm,absorbance,570.7035733858772
576.796,322.49577600000003,8205422b-9eff-4701-a582-6dd473d526e9,Air Lamp,1095,nm,absorbance,570.9050687530716
577.0,333.15303600000004,8205422b-9eff-4701-a582-6dd473d526e9,Air Lamp,1096,nm,absorbance,571.1075567082818
577.203,340.26777200000004,8205422b-9eff-4701-a582-6dd473d526e9,Air Lamp,1097,nm,absorbance,571.3090520754761
577.406,345.233984,8205422b-9eff-4701-a582-6dd473d526e9,Air Lamp,1098,nm,absorbance,571.5105474426704
577.609,350.386323,8205422b-9eff-4701-a582-6dd473d526e9,Air Lamp,1099,nm,absorbance,571.7120428098649
577.813,364.625135,8205422b-9eff-4701-a582-6dd473d526e9,Air Lamp,1100,nm,absorbance,571.9145307650749
578.016,372.947164,8205422b-9eff-4701-a582-6dd473d526e9,Air Lamp,1101,nm,absorbance,572.1160261322693
578.219,379.112492,8205422b-9eff-4701-a582-6dd473d526e9,Air Lamp,1102,nm,absorbance,572.3175214994637
578.423,384.783427,8205422b-9eff-4701-a582-6dd473d526e9,Air Lamp,1103,nm,absorbance,572.5200094546739
578.626,389.3116739999999,8205422b-9eff-4701-a582-6dd473d526e9,Air Lamp,1104,nm,absorbance,572.7215048218682
578.829,396.123483,8205422b-9eff-4701-a582-6dd473d526e9,Air Lamp,1105,nm,absorbance,572.9230001890625
579.032,400.70811800000007,8205422b-9eff-4701-a582-6dd473d526e9,Air Lamp,1106,nm,absorbance,573.124495556257
579.235,414.936157,8205422b-9eff-4701-a582-6dd473d526e9,Air Lamp,1107,nm,absorbance,573.3259909234513
579.438,427.011293,8205422b-9eff-4701-a582-6dd473d526e9,Air Lamp,1108,nm,absorbance,573.5274862906457
579.642,435.3143580000001,8205422b-9eff-4701-a582-6dd473d526e9,Air Lamp,1109,nm,absorbance,573.7299742458558
579.845,441.326633,8205422b-9eff-4701-a582-6dd473d526e9,Air Lamp,1110,nm,absorbance,573.9314696130502
580.048,446.6059219999999,8205422b-9eff-4701-a582-6dd473d526e9,Air Lamp,1111,nm,absorbance,574.1329649802445
580.251,460.725166,8205422b-9eff-4701-a582-6dd473d526e9,Air Lamp,1112,nm,absorbance,574.334460347439
580.454,473.13474300000007,8205422b-9eff-4701-a582-6dd473d526e9,Air Lamp,1113,nm,absorbance,574.5359557146332
580.657,487.98575,8205422b-9eff-4701-a582-6dd473d526e9,Air Lamp,1114,nm,absorbance,574.7374510818277
580.86,492.287721,8205422b-9eff-4701-a582-6dd473d526e9,Air Lamp,1115,nm,absorbance,574.9389464490221
581.063,502.792736,8205422b-9eff-4701-a582-6dd473d526e9,Air Lamp,1116,nm,absorbance,575.1404418162164
581.266,508.241371,8205422b-9eff-4701-a582-6dd473d526e9,Air Lamp,1117,nm,absorbance,575.3419371834108
581.469,515.584423,8205422b-9eff-4701-a582-6dd473d526e9,Air Lamp,1118,nm,absorbance,575.5434325506052
581.672,523.599081,8205422b-9eff-4701-a582-6dd473d526e9,Air Lamp,1119,nm,absorbance,575.7449279177996
581.875,525.5370729999999,8205422b-9eff-4701-a582-6dd473d526e9,Air Lamp,1120,nm,absorbance,575.9464232849939
582.078,533.728459,8205422b-9eff-4701-a582-6dd473d526e9,Air Lamp,1121,nm,absorbance,576.1479186521883
582.281,536.954719,8205422b-9eff-4701-a582-6dd473d526e9,Air Lamp,1122,nm,absorbance,576.3494140193826
582.484,547.7891390000001,8205422b-9eff-4701-a582-6dd473d526e9,Air Lamp,1123,nm,absorbance,576.550909386577
582.687,550.584378,8205422b-9eff-4701-a582-6dd473d526e9,Air Lamp,1124,nm,absorbance,576.7524047537714
582.89,550.3311160000001,8205422b-9eff-4701-a582-6dd473d526e9,Air Lamp,1125,nm,absorbance,576.9539001209657
583.093,555.135335,8205422b-9eff-4701-a582-6dd473d526e9,Air Lamp,1126,nm,absorbance,577.1553954881601
583.296,564.910445,8205422b-9eff-4701-a582-6dd473d526e9,Air Lamp,1127,nm,absorbance,577.3568908553545
583.499,568.8921200000001,8205422b-9eff-4701-a582-6dd473d526e9,Air Lamp,1128,nm,absorbance,577.558386222549
583.702,561.529375,8205422b-9eff-4701-a582-6dd473d526e9,Air Lamp,1129,nm,absorbance,577.7598815897433
583.904,562.506153,8205422b-9eff-4701-a582-6dd473d526e9,Air Lamp,1130,nm,absorbance,577.960384368922
584.107,567.386953,8205422b-9eff-4701-a582-6dd473d526e9,Air Lamp,1131,nm,absorbance,578.1618797361162
584.31,572.862663,8205422b-9eff-4701-a582-6dd473d526e9,Air Lamp,1132,nm,absorbance,578.3633751033107
584.513,570.120281,8205422b-9eff-4701-a582-6dd473d526e9,Air Lamp,1133,nm,absorbance,578.5648704705051
584.716,569.2300220000001,8205422b-9eff-4701-a582-6dd473d526e9,Air Lamp,1134,nm,absorbance,578.7663658376994
584.918,578.522618,8205422b-9eff-4701-a582-6dd473d526e9,Air Lamp,1135,nm,absorbance,578.9668686168781
585.121,579.507755,8205422b-9eff-4701-a582-6dd473d526e9,Air Lamp,1136,nm,absorbance,579.1683639840724
585.324,583.731271,8205422b-9eff-4701-a582-6dd473d526e9,Air Lamp,1137,nm,absorbance,579.3698593512668
585.527,576.907978,8205422b-9eff-4701-a582-6dd473d526e9,Air Lamp,1138,nm,absorbance,579.5713547184612
585.729,582.750797,8205422b-9eff-4701-a582-6dd473d526e9,Air Lamp,1139,nm,absorbance,579.7718574976399
585.932,584.459475,8205422b-9eff-4701-a582-6dd473d526e9,Air Lamp,1140,nm,absorbance,579.9733528648342
586.135,593.0646889999999,8205422b-9eff-4701-a582-6dd473d526e9,Air Lamp,1141,nm,absorbance,580.1748482320286
586.337,598.781145,8205422b-9eff-4701-a582-6dd473d526e9,Air Lamp,1142,nm,absorbance,580.3753510112072
586.54,600.6678199999999,8205422b-9eff-4701-a582-6dd473d526e9,Air Lamp,1143,nm,absorbance,580.5768463784016
586.743,603.936738,8205422b-9eff-4701-a582-6dd473d526e9,Air Lamp,1144,nm,absorbance,580.778341745596
586.945,599.0552319999999,8205422b-9eff-4701-a582-6dd473d526e9,Air Lamp,1145,nm,absorbance,580.9788445247747
587.148,601.95837,8205422b-9eff-4701-a582-6dd473d526e9,Air Lamp,1146,nm,absorbance,581.180339891969
587.35,598.8792580000002,8205422b-9eff-4701-a582-6dd473d526e9,Air Lamp,1147,nm,absorbance,581.3808426711477
587.553,604.532336,8205422b-9eff-4701-a582-6dd473d526e9,Air Lamp,1148,nm,absorbance,581.582338038342
587.755,604.6962560000001,8205422b-9eff-4701-a582-6dd473d526e9,Air Lamp,1149,nm,absorbance,581.7828408175207
587.958,605.8664809999999,8205422b-9eff-4701-a582-6dd473d526e9,Air Lamp,1150,nm,absorbance,581.984336184715
588.161,602.1230419999999,8205422b-9eff-4701-a582-6dd473d526e9,Air Lamp,1151,nm,absorbance,582.1858315519094
588.363,596.0175810000001,8205422b-9eff-4701-a582-6dd473d526e9,Air Lamp,1152,nm,absorbance,582.386334331088
588.566,597.7882830000001,8205422b-9eff-4701-a582-6dd473d526e9,Air Lamp,1153,nm,absorbance,582.5878296982823
588.768,596.72767,8205422b-9eff-4701-a582-6dd473d526e9,Air Lamp,1154,nm,absorbance,582.788332477461
588.971,599.456071,8205422b-9eff-4701-a582-6dd473d526e9,Air Lamp,1155,nm,absorbance,582.9898278446553
589.173,591.228597,8205422b-9eff-4701-a582-6dd473d526e9,Air Lamp,1156,nm,absorbance,583.190330623834
589.375,587.098945,8205422b-9eff-4701-a582-6dd473d526e9,Air Lamp,1157,nm,absorbance,583.3908334030126
589.578,583.5445339999999,8205422b-9eff-4701-a582-6dd473d526e9,Air Lamp,1158,nm,absorbance,583.592328770207
589.78,584.730252,8205422b-9eff-4701-a582-6dd473d526e9,Air Lamp,1159,nm,absorbance,583.7928315493856
589.983,585.355415,8205422b-9eff-4701-a582-6dd473d526e9,Air Lamp,1160,nm,absorbance,583.99432691658
590.185,586.960704,8205422b-9eff-4701-a582-6dd473d526e9,Air Lamp,1161,nm,absorbance,584.1948296957586
590.387,586.014648,8205422b-9eff-4701-a582-6dd473d526e9,Air Lamp,1162,nm,absorbance,584.3953324749373
590.59,587.970466,8205422b-9eff-4701-a582-6dd473d526e9,Air Lamp,1163,nm,absorbance,584.5968278421317
590.792,586.122538,8205422b-9eff-4701-a582-6dd473d526e9,Air Lamp,1164,nm,absorbance,584.7973306213104
590.994,587.8762899999999,8205422b-9eff-4701-a582-6dd473d526e9,Air Lamp,1165,nm,absorbance,584.997833400489
591.197,586.984048,8205422b-9eff-4701-a582-6dd473d526e9,Air Lamp,1166,nm,absorbance,585.1993287676834
591.399,587.023102,8205422b-9eff-4701-a582-6dd473d526e9,Air Lamp,1167,nm,absorbance,585.399831546862
591.601,584.239515,8205422b-9eff-4701-a582-6dd473d526e9,Air Lamp,1168,nm,absorbance,585.6003343260406
591.803,581.7729069999999,8205422b-9eff-4701-a582-6dd473d526e9,Air Lamp,1169,nm,absorbance,585.8008371052192
592.006,582.893065,8205422b-9eff-4701-a582-6dd473d526e9,Air Lamp,1170,nm,absorbance,586.0023324724136
592.208,584.165792,8205422b-9eff-4701-a582-6dd473d526e9,Air Lamp,1171,nm,absorbance,586.2028352515922
592.41,587.392341,8205422b-9eff-4701-a582-6dd473d526e9,Air Lamp,1172,nm,absorbance,586.4033380307709
592.612,586.256983,8205422b-9eff-4701-a582-6dd473d526e9,Air Lamp,1173,nm,absorbance,586.6038408099495
592.815,584.883974,8205422b-9eff-4701-a582-6dd473d526e9,Air Lamp,1174,nm,absorbance,586.805336177144
593.017,579.599156,8205422b-9eff-4701-a582-6dd473d526e9,Air Lamp,1175,nm,absorbance,587.0058389563226
593.219,570.1773350000001,8205422b-9eff-4701-a582-6dd473d526e9,Air Lamp,1176,nm,absorbance,587.2063417355013
593.421,565.6195819999999,8205422b-9eff-4701-a582-6dd473d526e9,Air Lamp,1177,nm,absorbance,587.4068445146798
593.623,561.6607280000001,8205422b-9eff-4701-a582-6dd473d526e9,Air Lamp,1178,nm,absorbance,587.6073472938585
593.825,562.954255,8205422b-9eff-4701-a582-6dd473d526e9,Air Lamp,1179,nm,absorbance,587.8078500730371
594.027,562.221049,8205422b-9eff-4701-a582-6dd473d526e9,Air Lamp,1180,nm,absorbance,588.0083528522158
594.229,556.3517370000001,8205422b-9eff-4701-a582-6dd473d526e9,Air Lamp,1181,nm,absorbance,588.2088556313944
594.432,553.5316650000001,8205422b-9eff-4701-a582-6dd473d526e9,Air Lamp,1182,nm,absorbance,588.4103509985888
594.634,548.827065,8205422b-9eff-4701-a582-6dd473d526e9,Air Lamp,1183,nm,absorbance,588.6108537777674
594.836,549.5654049999999,8205422b-9eff-4701-a582-6dd473d526e9,Air Lamp,1184,nm,absorbance,588.8113565569461
595.038,554.267644,8205422b-9eff-4701-a582-6dd473d526e9,Air Lamp,1185,nm,absorbance,589.0118593361246
595.24,556.174755,8205422b-9eff-4701-a582-6dd473d526e9,Air Lamp,1186,nm,absorbance,589.2123621153033
595.442,551.674214,8205422b-9eff-4701-a582-6dd473d526e9,Air Lamp,1187,nm,absorbance,589.412864894482
595.644,543.7415410000001,8205422b-9eff-4701-a582-6dd473d526e9,Air Lamp,1188,nm,absorbance,589.6133676736606
595.846,536.24407,8205422b-9eff-4701-a582-6dd473d526e9,Air Lamp,1189,nm,absorbance,589.8138704528393
596.048,537.3055780000001,8205422b-9eff-4701-a582-6dd473d526e9,Air Lamp,1190,nm,absorbance,590.0143732320179
596.249,534.711883,8205422b-9eff-4701-a582-6dd473d526e9,Air Lamp,1191,nm,absorbance,590.2138834231808
596.451,533.7419329999999,8205422b-9eff-4701-a582-6dd473d526e9,Air Lamp,1192,nm,absorbance,590.4143862023594
596.653,530.7039649999999,8205422b-9eff-4701-a582-6dd473d526e9,Air Lamp,1193,nm,absorbance,590.6148889815381
596.855,530.5175149999999,8205422b-9eff-4701-a582-6dd473d526e9,Air Lamp,1194,nm,absorbance,590.8153917607167
597.057,534.1476,8205422b-9eff-4701-a582-6dd473d526e9,Air Lamp,1195,nm,absorbance,591.0158945398954
597.259,532.103323,8205422b-9eff-4701-a582-6dd473d526e9,Air Lamp,1196,nm,absorbance,591.216397319074
597.461,526.284186,8205422b-9eff-4701-a582-6dd473d526e9,Air Lamp,1197,nm,absorbance,591.4169000982527
597.663,520.746664,8205422b-9eff-4701-a582-6dd473d526e9,Air Lamp,1198,nm,absorbance,591.6174028774312
597.864,519.4133320000001,8205422b-9eff-4701-a582-6dd473d526e9,Air Lamp,1199,nm,absorbance,591.8169130685942
598.066,516.8741990000001,8205422b-9eff-4701-a582-6dd473d526e9,Air Lamp,1200,nm,absorbance,592.0174158477728
598.268,512.215403,8205422b-9eff-4701-a582-6dd473d526e9,Air Lamp,1201,nm,absorbance,592.2179186269515
598.47,509.6033960000001,8205422b-9eff-4701-a582-6dd473d526e9,Air Lamp,1202,nm,absorbance,592.41842140613
598.671,507.836745,8205422b-9eff-4701-a582-6dd473d526e9,Air Lamp,1203,nm,absorbance,592.617931597293
598.873,499.600628,8205422b-9eff-4701-a582-6dd473d526e9,Air Lamp,1204,nm,absorbance,592.8184343764716
599.075,492.740268,8205422b-9eff-4701-a582-6dd473d526e9,Air Lamp,1205,nm,absorbance,593.0189371556503
599.277,487.514715,8205422b-9eff-4701-a582-6dd473d526e9,Air Lamp,1206,nm,absorbance,593.219439934829
599.478,487.4881649999999,8205422b-9eff-4701-a582-6dd473d526e9,Air Lamp,1207,nm,absorbance,593.4189501259917
599.68,484.5273130000001,8205422b-9eff-4701-a582-6dd473d526e9,Air Lamp,1208,nm,absorbance,593.6194529051704
599.882,483.17176,8205422b-9eff-4701-a582-6dd473d526e9,Air Lamp,1209,nm,absorbance,593.819955684349
600.083,480.99279000000007,8205422b-9eff-4701-a582-6dd473d526e9,Air Lamp,1210,nm,absorbance,594.019465875512
600.285,478.4400159999999,8205422b-9eff-4701-a582-6dd473d526e9,Air Lamp,1211,nm,absorbance,594.2199686546905
600.487,471.95868600000006,8205422b-9eff-4701-a582-6dd473d526e9,Air Lamp,1212,nm,absorbance,594.4204714338692
600.688,469.4688010000001,8205422b-9eff-4701-a582-6dd473d526e9,Air Lamp,1213,nm,absorbance,594.6199816250321
600.89,470.909696,8205422b-9eff-4701-a582-6dd473d526e9,Air Lamp,1214,nm,absorbance,594.8204844042108
601.091,470.0640550000001,8205422b-9eff-4701-a582-6dd473d526e9,Air Lamp,1215,nm,absorbance,595.0199945953736
601.293,470.54177,8205422b-9eff-4701-a582-6dd473d526e9,Air Lamp,1216,nm,absorbance,595.2204973745523
601.494,468.3727859999999,8205422b-9eff-4701-a582-6dd473d526e9,Air Lamp,1217,nm,absorbance,595.4200075657153
601.696,472.443188,8205422b-9eff-4701-a582-6dd473d526e9,Air Lamp,1218,nm,absorbance,595.6205103448939
601.898,472.811634,8205422b-9eff-4701-a582-6dd473d526e9,Air Lamp,1219,nm,absorbance,595.8210131240726
602.099,471.645522,8205422b-9eff-4701-a582-6dd473d526e9,Air Lamp,1220,nm,absorbance,596.0205233152354
602.301,466.708907,8205422b-9eff-4701-a582-6dd473d526e9,Air Lamp,1221,nm,absorbance,596.2210260944141
602.502,462.4259110000001,8205422b-9eff-4701-a582-6dd473d526e9,Air Lamp,1222,nm,absorbance,596.4205362855769
602.703,460.022706,8205422b-9eff-4701-a582-6dd473d526e9,Air Lamp,1223,nm,absorbance,596.6200464767398
602.905,459.10468900000006,8205422b-9eff-4701-a582-6dd473d526e9,Air Lamp,1224,nm,absorbance,596.8205492559184
603.106,455.011964,8205422b-9eff-4701-a582-6dd473d526e9,Air Lamp,1225,nm,absorbance,597.0200594470814
603.308,451.6829919999999,8205422b-9eff-4701-a582-6dd473d526e9,Air Lamp,1226,nm,absorbance,597.22056222626
603.509,448.582916,8205422b-9eff-4701-a582-6dd473d526e9,Air Lamp,1227,nm,absorbance,597.420072417423
603.711,449.284221,8205422b-9eff-4701-a582-6dd473d526e9,Air Lamp,1228,nm,absorbance,597.6205751966016
603.912,446.4641960000001,8205422b-9eff-4701-a582-6dd473d526e9,Air Lamp,1229,nm,absorbance,597.8200853877645
604.113,447.606739,8205422b-9eff-4701-a582-6dd473d526e9,Air Lamp,1230,nm,absorbance,598.0195955789275
604.315,444.78524,8205422b-9eff-4701-a582-6dd473d526e9,Air Lamp,1231,nm,absorbance,598.220098358106
604.516,445.939176,8205422b-9eff-4701-a582-6dd473d526e9,Air Lamp,1232,nm,absorbance,598.4196085492689
604.717,440.377414,8205422b-9eff-4701-a582-6dd473d526e9,Air Lamp,1233,nm,absorbance,598.6191187404318
604.919,435.567547,8205422b-9eff-4701-a582-6dd473d526e9,Air Lamp,1234,nm,absorbance,598.8196215196105
605.12,435.435087,8205422b-9eff-4701-a582-6dd473d526e9,Air Lamp,1235,nm,absorbance,599.0191317107733
605.321,434.799708,8205422b-9eff-4701-a582-6dd473d526e9,Air Lamp,1236,nm,absorbance,599.2186419019363
605.522,432.71445000000006,8205422b-9eff-4701-a582-6dd473d526e9,Air Lamp,1237,nm,absorbance,599.4181520930993
605.724,428.228703,8205422b-9eff-4701-a582-6dd473d526e9,Air Lamp,1238,nm,absorbance,599.6186548722778
605.925,427.313943,8205422b-9eff-4701-a582-6dd473d526e9,Air Lamp,1239,nm,absorbance,599.8181650634407
606.126,430.729663,8205422b-9eff-4701-a582-6dd473d526e9,Air Lamp,1240,nm,absorbance,600.0176752546035
606.327,432.727834,8205422b-9eff-4701-a582-6dd473d526e9,Air Lamp,1241,nm,absorbance,600.2171854457665
606.528,431.369549,8205422b-9eff-4701-a582-6dd473d526e9,Air Lamp,1242,nm,absorbance,600.4166956369294
606.729,433.039314,8205422b-9eff-4701-a582-6dd473d526e9,Air Lamp,1243,nm,absorbance,600.6162058280923
606.931,436.2764219999999,8205422b-9eff-4701-a582-6dd473d526e9,Air Lamp,1244,nm,absorbance,600.816708607271
607.132,441.751562,8205422b-9eff-4701-a582-6dd473d526e9,Air Lamp,1245,nm,absorbance,601.0162187984338
607.333,443.307748,8205422b-9eff-4701-a582-6dd473d526e9,Air Lamp,1246,nm,absorbance,601.2157289895968
607.534,440.782321,8205422b-9eff-4701-a582-6dd473d526e9,Air Lamp,1247,nm,absorbance,601.4152391807596
607.735,438.287283,8205422b-9eff-4701-a582-6dd473d526e9,Air Lamp,1248,nm,absorbance,601.6147493719226
607.936,434.120452,8205422b-9eff-4701-a582-6dd473d526e9,Air Lamp,1249,nm,absorbance,601.8142595630854
608.137,436.457862,8205422b-9eff-4701-a582-6dd473d526e9,Air Lamp,1250,nm,absorbance,602.0137697542483
608.338,437.03960799999993,8205422b-9eff-4701-a582-6dd473d526e9,Air Lamp,1251,nm,absorbance,602.2132799454113
608.539,439.89656,8205422b-9eff-4701-a582-6dd473d526e9,Air Lamp,1252,nm,absorbance,602.4127901365741
608.74,435.63682499999993,8205422b-9eff-4701-a582-6dd473d526e9,Air Lamp,1253,nm,absorbance,602.6123003277371
608.941,434.125312,8205422b-9eff-4701-a582-6dd473d526e9,Air Lamp,1254,nm,absorbance,602.8118105189
609.142,433.484914,8205422b-9eff-4701-a582-6dd473d526e9,Air Lamp,1255,nm,absorbance,603.0113207100629
609.343,430.6362260000001,8205422b-9eff-4701-a582-6dd473d526e9,Air Lamp,1256,nm,absorbance,603.2108309012258
609.544,430.4136339999999,8205422b-9eff-4701-a582-6dd473d526e9,Air Lamp,1257,nm,absorbance,603.4103410923886
609.745,421.519948,8205422b-9eff-4701-a582-6dd473d526e9,Air Lamp,1258,nm,absorbance,603.6098512835516
609.946,413.895099,8205422b-9eff-4701-a582-6dd473d526e9,Air Lamp,1259,nm,absorbance,603.8093614747145
610.147,408.786717,8205422b-9eff-4701-a582-6dd473d526e9,Air Lamp,1260,nm,absorbance,604.0088716658775
610.348,407.152976,8205422b-9eff-4701-a582-6dd473d526e9,Air Lamp,1261,nm,absorbance,604.2083818570402
610.549,410.438399,8205422b-9eff-4701-a582-6dd473d526e9,Air Lamp,1262,nm,absorbance,604.4078920482032
610.75,410.639721,8205422b-9eff-4701-a582-6dd473d526e9,Air Lamp,1263,nm,absorbance,604.6074022393661
610.95,404.315552,8205422b-9eff-4701-a582-6dd473d526e9,Air Lamp,1264,nm,absorbance,604.8059198425133
611.151,397.827875,8205422b-9eff-4701-a582-6dd473d526e9,Air Lamp,1265,nm,absorbance,605.0054300336761
611.352,390.19158,8205422b-9eff-4701-a582-6dd473d526e9,Air Lamp,1266,nm,absorbance,605.204940224839
611.553,391.576294,8205422b-9eff-4701-a582-6dd473d526e9,Air Lamp,1267,nm,absorbance,605.404450416002
611.754,386.297653,8205422b-9eff-4701-a582-6dd473d526e9,Air Lamp,1268,nm,absorbance,605.6039606071649
611.954,379.81689100000006,8205422b-9eff-4701-a582-6dd473d526e9,Air Lamp,1269,nm,absorbance,605.802478210312
612.155,372.760763,8205422b-9eff-4701-a582-6dd473d526e9,Air Lamp,1270,nm,absorbance,606.0019884014749
612.356,367.908444,8205422b-9eff-4701-a582-6dd473d526e9,Air Lamp,1271,nm,absorbance,606.2014985926378
612.557,367.214255,8205422b-9eff-4701-a582-6dd473d526e9,Air Lamp,1272,nm,absorbance,606.4010087838008
612.757,364.474816,8205422b-9eff-4701-a582-6dd473d526e9,Air Lamp,1273,nm,absorbance,606.5995263869479
612.958,362.851895,8205422b-9eff-4701-a582-6dd473d526e9,Air Lamp,1274,nm,absorbance,606.7990365781108
613.159,355.113849,8205422b-9eff-4701-a582-6dd473d526e9,Air Lamp,1275,nm,absorbance,606.9985467692737
613.359,353.699877,8205422b-9eff-4701-a582-6dd473d526e9,Air Lamp,1276,nm,absorbance,607.1970643724209
613.56,343.42590099999995,8205422b-9eff-4701-a582-6dd473d526e9,Air Lamp,1277,nm,absorbance,607.3965745635837
613.761,340.899403,8205422b-9eff-4701-a582-6dd473d526e9,Air Lamp,1278,nm,absorbance,607.5960847547467
613.961,333.71682500000003,8205422b-9eff-4701-a582-6dd473d526e9,Air Lamp,1279,nm,absorbance,607.7946023578938
614.162,335.34657100000004,8205422b-9eff-4701-a582-6dd473d526e9,Air Lamp,1280,nm,absorbance,607.9941125490568
614.362,334.349376,8205422b-9eff-4701-a582-6dd473d526e9,Air Lamp,1281,nm,absorbance,608.192630152204
614.563,332.946184,8205422b-9eff-4701-a582-6dd473d526e9,Air Lamp,1282,nm,absorbance,608.3921403433668
614.764,328.287323,8205422b-9eff-4701-a582-6dd473d526e9,Air Lamp,1283,nm,absorbance,608.5916505345298
614.964,319.765506,8205422b-9eff-4701-a582-6dd473d526e9,Air Lamp,1284,nm,absorbance,608.7901681376769
615.165,311.301397,8205422b-9eff-4701-a582-6dd473d526e9,Air Lamp,1285,nm,absorbance,608.9896783288398
615.365,306.71240500000005,8205422b-9eff-4701-a582-6dd473d526e9,Air Lamp,1286,nm,absorbance,609.188195931987
615.566,303.37406300000004,8205422b-9eff-4701-a582-6dd473d526e9,Air Lamp,1287,nm,absorbance,609.3877061231499
615.766,301.61313600000005,8205422b-9eff-4701-a582-6dd473d526e9,Air Lamp,1288,nm,absorbance,609.586223726297
615.967,297.80745800000005,8205422b-9eff-4701-a582-6dd473d526e9,Air Lamp,1289,nm,absorbance,609.7857339174599
616.167,294.514073,8205422b-9eff-4701-a582-6dd473d526e9,Air Lamp,1290,nm,absorbance,609.9842515206071
616.368,289.849376,8205422b-9eff-4701-a582-6dd473d526e9,Air Lamp,1291,nm,absorbance,610.1837617117701
616.568,286.644658,8205422b-9eff-4701-a582-6dd473d526e9,Air Lamp,1292,nm,absorbance,610.3822793149171
616.768,283.36817499999995,8205422b-9eff-4701-a582-6dd473d526e9,Air Lamp,1293,nm,absorbance,610.5807969180644
616.969,279.833135,8205422b-9eff-4701-a582-6dd473d526e9,Air Lamp,1294,nm,absorbance,610.7803071092274
617.169,273.814633,8205422b-9eff-4701-a582-6dd473d526e9,Air Lamp,1295,nm,absorbance,610.9788247123744
617.37,269.967039,8205422b-9eff-4701-a582-6dd473d526e9,Air Lamp,1296,nm,absorbance,611.1783349035373
617.57,271.491559,8205422b-9eff-4701-a582-6dd473d526e9,Air Lamp,1297,nm,absorbance,611.3768525066845
617.77,271.914481,8205422b-9eff-4701-a582-6dd473d526e9,Air Lamp,1298,nm,absorbance,611.5753701098316
617.971,270.846557,8205422b-9eff-4701-a582-6dd473d526e9,Air Lamp,1299,nm,absorbance,611.7748803009946
618.171,262.88595999999995,8205422b-9eff-4701-a582-6dd473d526e9,Air Lamp,1300,nm,absorbance,611.9733979041417
618.371,263.009048,8205422b-9eff-4701-a582-6dd473d526e9,Air Lamp,1301,nm,absorbance,612.1719155072889
618.571,267.31442000000004,8205422b-9eff-4701-a582-6dd473d526e9,Air Lamp,1302,nm,absorbance,612.3704331104361
618.772,268.572661,8205422b-9eff-4701-a582-6dd473d526e9,Air Lamp,1303,nm,absorbance,612.569943301599
618.972,264.434856,8205422b-9eff-4701-a582-6dd473d526e9,Air Lamp,1304,nm,absorbance,612.7684609047461
619.172,256.81669800000003,8205422b-9eff-4701-a582-6dd473d526e9,Air Lamp,1305,nm,absorbance,612.9669785078933
619.372,257.68828399999995,8205422b-9eff-4701-a582-6dd473d526e9,Air Lamp,1306,nm,absorbance,613.1654961110404
619.573,259.07627,8205422b-9eff-4701-a582-6dd473d526e9,Air Lamp,1307,nm,absorbance,613.3650063022034
619.773,257.944466,8205422b-9eff-4701-a582-6dd473d526e9,Air Lamp,1308,nm,absorbance,613.5635239053505
619.973,252.820862,8205422b-9eff-4701-a582-6dd473d526e9,Air Lamp,1309,nm,absorbance,613.7620415084976
620.173,248.431149,8205422b-9eff-4701-a582-6dd473d526e9,Air Lamp,1310,nm,absorbance,613.9605591116449
620.373,243.88833200000005,8205422b-9eff-4701-a582-6dd473d526e9,Air Lamp,1311,nm,absorbance,614.159076714792
620.573,243.85020699999995,8205422b-9eff-4701-a582-6dd473d526e9,Air Lamp,1312,nm,absorbance,614.3575943179392
620.774,243.855834,8205422b-9eff-4701-a582-6dd473d526e9,Air Lamp,1313,nm,absorbance,614.5571045091021
620.974,244.569631,8205422b-9eff-4701-a582-6dd473d526e9,Air Lamp,1314,nm,absorbance,614.7556221122493
621.174,245.586248,8205422b-9eff-4701-a582-6dd473d526e9,Air Lamp,1315,nm,absorbance,614.9541397153964
621.374,246.350294,8205422b-9eff-4701-a582-6dd473d526e9,Air Lamp,1316,nm,absorbance,615.1526573185436
621.574,245.986807,8205422b-9eff-4701-a582-6dd473d526e9,Air Lamp,1317,nm,absorbance,615.3511749216907
621.774,249.6647010000001,8205422b-9eff-4701-a582-6dd473d526e9,Air Lamp,1318,nm,absorbance,615.549692524838
621.974,248.239427,8205422b-9eff-4701-a582-6dd473d526e9,Air Lamp,1319,nm,absorbance,615.7482101279851
622.174,250.71192,8205422b-9eff-4701-a582-6dd473d526e9,Air Lamp,1320,nm,absorbance,615.9467277311322
622.374,245.526374,8205422b-9eff-4701-a582-6dd473d526e9,Air Lamp,1321,nm,absorbance,616.1452453342795
622.574,248.431849,8205422b-9eff-4701-a582-6dd473d526e9,Air Lamp,1322,nm,absorbance,616.3437629374265
622.774,249.694721,8205422b-9eff-4701-a582-6dd473d526e9,Air Lamp,1323,nm,absorbance,616.5422805405738
622.974,253.338093,8205422b-9eff-4701-a582-6dd473d526e9,Air Lamp,1324,nm,absorbance,616.740798143721
623.174,257.115006,8205422b-9eff-4701-a582-6dd473d526e9,Air Lamp,1325,nm,absorbance,616.939315746868
623.374,261.64614900000004,8205422b-9eff-4701-a582-6dd473d526e9,Air Lamp,1326,nm,absorbance,617.1378333500153
623.574,266.453032,8205422b-9eff-4701-a582-6dd473d526e9,Air Lamp,1327,nm,absorbance,617.3363509531624
623.774,270.006789,8205422b-9eff-4701-a582-6dd473d526e9,Air Lamp,1328,nm,absorbance,617.5348685563096
623.973,274.902654,8205422b-9eff-4701-a582-6dd473d526e9,Air Lamp,1329,nm,absorbance,617.732393571441
624.173,274.354184,8205422b-9eff-4701-a582-6dd473d526e9,Air Lamp,1330,nm,absorbance,617.9309111745882
624.373,272.73925599999995,8205422b-9eff-4701-a582-6dd473d526e9,Air Lamp,1331,nm,absorbance,618.1294287777354
624.573,274.241191,8205422b-9eff-4701-a582-6dd473d526e9,Air Lamp,1332,nm,absorbance,618.3279463808825
624.773,281.91816200000005,8205422b-9eff-4701-a582-6dd473d526e9,Air Lamp,1333,nm,absorbance,618.5264639840298
624.973,287.974012,8205422b-9eff-4701-a582-6dd473d526e9,Air Lamp,1334,nm,absorbance,618.7249815871768
625.172,294.51938000000007,8205422b-9eff-4701-a582-6dd473d526e9,Air Lamp,1335,nm,absorbance,618.9225066023083
625.372,305.58894100000003,8205422b-9eff-4701-a582-6dd473d526e9,Air Lamp,1336,nm,absorbance,619.1210242054555
625.572,312.7685640000001,8205422b-9eff-4701-a582-6dd473d526e9,Air Lamp,1337,nm,absorbance,619.3195418086026
625.772,313.994173,8205422b-9eff-4701-a582-6dd473d526e9,Air Lamp,1338,nm,absorbance,619.5180594117498
625.971,314.485697,8205422b-9eff-4701-a582-6dd473d526e9,Air Lamp,1339,nm,absorbance,619.7155844268813
626.171,318.04547,8205422b-9eff-4701-a582-6dd473d526e9,Air Lamp,1340,nm,absorbance,619.9141020300284
626.371,325.65206,8205422b-9eff-4701-a582-6dd473d526e9,Air Lamp,1341,nm,absorbance,620.1126196331755
626.57,330.468201,8205422b-9eff-4701-a582-6dd473d526e9,Air Lamp,1342,nm,absorbance,620.3101446483071
626.77,335.631565,8205422b-9eff-4701-a582-6dd473d526e9,Air Lamp,1343,nm,absorbance,620.5086622514541
626.97,342.589918,8205422b-9eff-4701-a582-6dd473d526e9,Air Lamp,1344,nm,absorbance,620.7071798546013
627.169,344.420753,8205422b-9eff-4701-a582-6dd473d526e9,Air Lamp,1345,nm,absorbance,620.9047048697328
627.369,356.087379,8205422b-9eff-4701-a582-6dd473d526e9,Air Lamp,1346,nm,absorbance,621.1032224728799
627.569,363.969841,8205422b-9eff-4701-a582-6dd473d526e9,Air Lamp,1347,nm,absorbance,621.301740076027
627.768,376.978472,8205422b-9eff-4701-a582-6dd473d526e9,Air Lamp,1348,nm,absorbance,621.4992650911586
627.968,387.87321800000007,8205422b-9eff-4701-a582-6dd473d526e9,Air Lamp,1349,nm,absorbance,621.6977826943056
628.167,398.042427,8205422b-9eff-4701-a582-6dd473d526e9,Air Lamp,1350,nm,absorbance,621.8953077094371
628.367,406.7706189999999,8205422b-9eff-4701-a582-6dd473d526e9,Air Lamp,1351,nm,absorbance,622.0938253125843
628.566,411.470341,8205422b-9eff-4701-a582-6dd473d526e9,Air Lamp,1352,nm,absorbance,622.2913503277157
628.766,419.60232800000006,8205422b-9eff-4701-a582-6dd473d526e9,Air Lamp,1353,nm,absorbance,622.4898679308628
628.965,437.611434,8205422b-9eff-4701-a582-6dd473d526e9,Air Lamp,1354,nm,absorbance,622.6873929459944
629.165,450.502202,8205422b-9eff-4701-a582-6dd473d526e9,Air Lamp,1355,nm,absorbance,622.8859105491414
629.364,464.351562,8205422b-9eff-4701-a582-6dd473d526e9,Air Lamp,1356,nm,absorbance,623.0834355642729
629.564,473.072224,8205422b-9eff-4701-a582-6dd473d526e9,Air Lamp,1357,nm,absorbance,623.28195316742
629.763,483.161749,8205422b-9eff-4701-a582-6dd473d526e9,Air Lamp,1358,nm,absorbance,623.4794781825515
629.963,492.278258,8205422b-9eff-4701-a582-6dd473d526e9,Air Lamp,1359,nm,absorbance,623.6779957856986
630.162,499.71512999999993,8205422b-9eff-4701-a582-6dd473d526e9,Air Lamp,1360,nm,absorbance,623.8755208008301
630.362,509.450369,8205422b-9eff-4701-a582-6dd473d526e9,Air Lamp,1361,nm,absorbance,624.0740384039772
630.561,521.661157,8205422b-9eff-4701-a582-6dd473d526e9,Air Lamp,1362,nm,absorbance,624.2715634191087
630.76,526.5572829999999,8205422b-9eff-4701-a582-6dd473d526e9,Air Lamp,1363,nm,absorbance,624.4690884342401
630.96,537.5846210000001,8205422b-9eff-4701-a582-6dd473d526e9,Air Lamp,1364,nm,absorbance,624.6676060373874
631.159,549.168246,8205422b-9eff-4701-a582-6dd473d526e9,Air Lamp,1365,nm,absorbance,624.8651310525187
631.358,560.634805,8205422b-9eff-4701-a582-6dd473d526e9,Air Lamp,1366,nm,absorbance,625.0626560676501
631.558,570.9068319999999,8205422b-9eff-4701-a582-6dd473d526e9,Air Lamp,1367,nm,absorbance,625.2611736707973
631.757,580.540651,8205422b-9eff-4701-a582-6dd473d526e9,Air Lamp,1368,nm,absorbance,625.4586986859287
631.956,594.879504,8205422b-9eff-4701-a582-6dd473d526e9,Air Lamp,1369,nm,absorbance,625.6562237010602
632.155,609.440849,8205422b-9eff-4701-a582-6dd473d526e9,Air Lamp,1370,nm,absorbance,625.8537487161916
632.355,626.7603109999999,8205422b-9eff-4701-a582-6dd473d526e9,Air Lamp,1371,nm,absorbance,626.0522663193387
632.554,651.245262,8205422b-9eff-4701-a582-6dd473d526e9,Air Lamp,1372,nm,absorbance,626.2497913344702
632.753,674.445778,8205422b-9eff-4701-a582-6dd473d526e9,Air Lamp,1373,nm,absorbance,626.4473163496017
632.952,693.4618469999999,8205422b-9eff-4701-a582-6dd473d526e9,Air Lamp,1374,nm,absorbance,626.6448413647331
633.152,718.25592,8205422b-9eff-4701-a582-6dd473d526e9,Air Lamp,1375,nm,absorbance,626.8433589678802
633.351,744.219143,8205422b-9eff-4701-a582-6dd473d526e9,Air Lamp,1376,nm,absorbance,627.0408839830117
633.55,777.203716,8205422b-9eff-4701-a582-6dd473d526e9,Air Lamp,1377,nm,absorbance,627.2384089981431
633.749,795.9654190000001,8205422b-9eff-4701-a582-6dd473d526e9,Air Lamp,1378,nm,absorbance,627.4359340132745
633.948,809.9439610000001,8205422b-9eff-4701-a582-6dd473d526e9,Air Lamp,1379,nm,absorbance,627.6334590284059
634.147,824.231626,8205422b-9eff-4701-a582-6dd473d526e9,Air Lamp,1380,nm,absorbance,627.8309840435375
634.346,839.5908389999998,8205422b-9eff-4701-a582-6dd473d526e9,Air Lamp,1381,nm,absorbance,628.0285090586689
634.545,851.953166,8205422b-9eff-4701-a582-6dd473d526e9,Air Lamp,1382,nm,absorbance,628.2260340738002
634.744,857.464139,8205422b-9eff-4701-a582-6dd473d526e9,Air Lamp,1383,nm,absorbance,628.4235590889317
634.944,867.184286,8205422b-9eff-4701-a582-6dd473d526e9,Air Lamp,1384,nm,absorbance,628.6220766920788
635.143,873.852902,8205422b-9eff-4701-a582-6dd473d526e9,Air Lamp,1385,nm,absorbance,628.8196017072103
635.342,883.019388,8205422b-9eff-4701-a582-6dd473d526e9,Air Lamp,1386,nm,absorbance,629.0171267223417
635.541,879.616002,8205422b-9eff-4701-a582-6dd473d526e9,Air Lamp,1387,nm,absorbance,629.2146517374732
635.74,884.8113900000001,8205422b-9eff-4701-a582-6dd473d526e9,Air Lamp,1388,nm,absorbance,629.4121767526045
635.939,876.795847,8205422b-9eff-4701-a582-6dd473d526e9,Air Lamp,1389,nm,absorbance,629.6097017677359
636.138,873.2121040000002,8205422b-9eff-4701-a582-6dd473d526e9,Air Lamp,1390,nm,absorbance,629.8072267828675
636.336,863.9554260000001,8205422b-9eff-4701-a582-6dd473d526e9,Air Lamp,1391,nm,absorbance,630.0037592099832
636.535,861.4096160000001,8205422b-9eff-4701-a582-6dd473d526e9,Air Lamp,1392,nm,absorbance,630.2012842251145
636.734,856.9787859999999,8205422b-9eff-4701-a582-6dd473d526e9,Air Lamp,1393,nm,absorbance,630.398809240246
636.933,849.258007,8205422b-9eff-4701-a582-6dd473d526e9,Air Lamp,1394,nm,absorbance,630.5963342553774
637.132,841.803243,8205422b-9eff-4701-a582-6dd473d526e9,Air Lamp,1395,nm,absorbance,630.7938592705088
637.331,836.059784,8205422b-9eff-4701-a582-6dd473d526e9,Air Lamp,1396,nm,absorbance,630.9913842856403
637.53,832.507867,8205422b-9eff-4701-a582-6dd473d526e9,Air Lamp,1397,nm,absorbance,631.1889093007717
637.729,827.952184,8205422b-9eff-4701-a582-6dd473d526e9,Air Lamp,1398,nm,absorbance,631.3864343159032
637.928,821.398782,8205422b-9eff-4701-a582-6dd473d526e9,Air Lamp,1399,nm,absorbance,631.5839593310345
638.126,816.86963,8205422b-9eff-4701-a582-6dd473d526e9,Air Lamp,1400,nm,absorbance,631.7804917581502
638.325,811.8810540000001,8205422b-9eff-4701-a582-6dd473d526e9,Air Lamp,1401,nm,absorbance,631.9780167732818
638.524,807.0586559999999,8205422b-9eff-4701-a582-6dd473d526e9,Air Lamp,1402,nm,absorbance,632.1755417884132
638.723,805.549951,8205422b-9eff-4701-a582-6dd473d526e9,Air Lamp,1403,nm,absorbance,632.3730668035445
638.921,802.1793809999999,8205422b-9eff-4701-a582-6dd473d526e9,Air Lamp,1404,nm,absorbance,632.5695992306603
639.12,801.398683,8205422b-9eff-4701-a582-6dd473d526e9,Air Lamp,1405,nm,absorbance,632.7671242457917
639.319,793.780729,8205422b-9eff-4701-a582-6dd473d526e9,Air Lamp,1406,nm,absorbance,632.9646492609231
639.518,790.1390129999999,8205422b-9eff-4701-a582-6dd473d526e9,Air Lamp,1407,nm,absorbance,633.1621742760545
639.716,789.1450510000001,8205422b-9eff-4701-a582-6dd473d526e9,Air Lamp,1408,nm,absorbance,633.3587067031702
639.915,789.0348240000001,8205422b-9eff-4701-a582-6dd473d526e9,Air Lamp,1409,nm,absorbance,633.5562317183017
640.114,779.589139,8205422b-9eff-4701-a582-6dd473d526e9,Air Lamp,1410,nm,absorbance,633.7537567334332
640.312,766.517129,8205422b-9eff-4701-a582-6dd473d526e9,Air Lamp,1411,nm,absorbance,633.9502891605488
640.511,757.3295770000001,8205422b-9eff-4701-a582-6dd473d526e9,Air Lamp,1412,nm,absorbance,634.1478141756802
640.71,748.61093,8205422b-9eff-4701-a582-6dd473d526e9,Air Lamp,1413,nm,absorbance,634.3453391908117
640.908,740.1532880000001,8205422b-9eff-4701-a582-6dd473d526e9,Air Lamp,1414,nm,absorbance,634.5418716179274
641.107,725.1365940000001,8205422b-9eff-4701-a582-6dd473d526e9,Air Lamp,1415,nm,absorbance,634.7393966330587
641.305,714.093846,8205422b-9eff-4701-a582-6dd473d526e9,Air Lamp,1416,nm,absorbance,634.9359290601744
641.504,694.9942709999999,8205422b-9eff-4701-a582-6dd473d526e9,Air Lamp,1417,nm,absorbance,635.133454075306
641.702,680.3216209999998,8205422b-9eff-4701-a582-6dd473d526e9,Air Lamp,1418,nm,absorbance,635.3299865024217
641.901,660.265711,8205422b-9eff-4701-a582-6dd473d526e9,Air Lamp,1419,nm,absorbance,635.527511517553
642.099,649.7589270000001,8205422b-9eff-4701-a582-6dd473d526e9,Air Lamp,1420,nm,absorbance,635.7240439446688
642.298,641.3893390000001,8205422b-9eff-4701-a582-6dd473d526e9,Air Lamp,1421,nm,absorbance,635.9215689598002
642.496,628.987441,8205422b-9eff-4701-a582-6dd473d526e9,Air Lamp,1422,nm,absorbance,636.1181013869159
642.695,616.361986,8205422b-9eff-4701-a582-6dd473d526e9,Air Lamp,1423,nm,absorbance,636.3156264020473
642.893,605.8384330000001,8205422b-9eff-4701-a582-6dd473d526e9,Air Lamp,1424,nm,absorbance,636.512158829163
643.092,602.8785680000001,8205422b-9eff-4701-a582-6dd473d526e9,Air Lamp,1425,nm,absorbance,636.7096838442944
643.29,598.416153,8205422b-9eff-4701-a582-6dd473d526e9,Air Lamp,1426,nm,absorbance,636.9062162714101
643.489,585.4784080000001,8205422b-9eff-4701-a582-6dd473d526e9,Air Lamp,1427,nm,absorbance,637.1037412865415
643.687,574.513431,8205422b-9eff-4701-a582-6dd473d526e9,Air Lamp,1428,nm,absorbance,637.3002737136572
643.885,565.268126,8205422b-9eff-4701-a582-6dd473d526e9,Air Lamp,1429,nm,absorbance,637.496806140773
644.084,557.6238450000001,8205422b-9eff-4701-a582-6dd473d526e9,Air Lamp,1430,nm,absorbance,637.6943311559044
644.282,549.205147,8205422b-9eff-4701-a582-6dd473d526e9,Air Lamp,1431,nm,absorbance,637.8908635830201
644.48,541.991754,8205422b-9eff-4701-a582-6dd473d526e9,Air Lamp,1432,nm,absorbance,638.0873960101358
644.679,533.174813,8205422b-9eff-4701-a582-6dd473d526e9,Air Lamp,1433,nm,absorbance,638.2849210252672
644.877,524.2116560000001,8205422b-9eff-4701-a582-6dd473d526e9,Air Lamp,1434,nm,absorbance,638.4814534523829
645.075,518.2639380000002,8205422b-9eff-4701-a582-6dd473d526e9,Air Lamp,1435,nm,absorbance,638.6779858794986
645.274,520.932678,8205422b-9eff-4701-a582-6dd473d526e9,Air Lamp,1436,nm,absorbance,638.87551089463
645.472,519.555541,8205422b-9eff-4701-a582-6dd473d526e9,Air Lamp,1437,nm,absorbance,639.0720433217457
645.67,519.845594,8205422b-9eff-4701-a582-6dd473d526e9,Air Lamp,1438,nm,absorbance,639.2685757488614
645.868,520.264551,8205422b-9eff-4701-a582-6dd473d526e9,Air Lamp,1439,nm,absorbance,639.4651081759771
646.067,526.996391,8205422b-9eff-4701-a582-6dd473d526e9,Air Lamp,1440,nm,absorbance,639.6626331911085
646.265,530.1578669999999,8205422b-9eff-4701-a582-6dd473d526e9,Air Lamp,1441,nm,absorbance,639.8591656182242
646.463,530.900708,8205422b-9eff-4701-a582-6dd473d526e9,Air Lamp,1442,nm,absorbance,640.0556980453399
646.661,531.362629,8205422b-9eff-4701-a582-6dd473d526e9,Air Lamp,1443,nm,absorbance,640.2522304724555
646.859,536.0734209999999,8205422b-9eff-4701-a582-6dd473d526e9,Air Lamp,1444,nm,absorbance,640.4487628995713
647.057,536.745032,8205422b-9eff-4701-a582-6dd473d526e9,Air Lamp,1445,nm,absorbance,640.645295326687
647.256,550.667353,8205422b-9eff-4701-a582-6dd473d526e9,Air Lamp,1446,nm,absorbance,640.8428203418184
647.454,551.0962830000001,8205422b-9eff-4701-a582-6dd473d526e9,Air Lamp,1447,nm,absorbance,641.0393527689341
647.652,560.823213,8205422b-9eff-4701-a582-6dd473d526e9,Air Lamp,1448,nm,absorbance,641.2358851960498
647.85,558.7953650000001,8205422b-9eff-4701-a582-6dd473d526e9,Air Lamp,1449,nm,absorbance,641.4324176231655
648.048,565.9285550000001,8205422b-9eff-4701-a582-6dd473d526e9,Air Lamp,1450,nm,absorbance,641.6289500502812
648.246,566.863465,8205422b-9eff-4701-a582-6dd473d526e9,Air Lamp,1451,nm,absorbance,641.8254824773969
648.444,568.72981,8205422b-9eff-4701-a582-6dd473d526e9,Air Lamp,1452,nm,absorbance,642.0220149045125
648.642,568.79392,8205422b-9eff-4701-a582-6dd473d526e9,Air Lamp,1453,nm,absorbance,642.2185473316283
648.84,566.8064900000002,8205422b-9eff-4701-a582-6dd473d526e9,Air Lamp,1454,nm,absorbance,642.415079758744
649.038,565.5062459999999,8205422b-9eff-4701-a582-6dd473d526e9,Air Lamp,1455,nm,absorbance,642.6116121858597
649.236,565.0045560000001,8205422b-9eff-4701-a582-6dd473d526e9,Air Lamp,1456,nm,absorbance,642.8081446129754
649.434,565.550684,8205422b-9eff-4701-a582-6dd473d526e9,Air Lamp,1457,nm,absorbance,643.004677040091
649.632,569.200495,8205422b-9eff-4701-a582-6dd473d526e9,Air Lamp,1458,nm,absorbance,643.2012094672067
649.83,572.251635,8205422b-9eff-4701-a582-6dd473d526e9,Air Lamp,1459,nm,absorbance,643.3977418943225
650.028,568.2549590000001,8205422b-9eff-4701-a582-6dd473d526e9,Air Lamp,1460,nm,absorbance,643.5942743214382
650.226,562.827801,8205422b-9eff-4701-a582-6dd473d526e9,Air Lamp,1461,nm,absorbance,643.7908067485539
650.423,558.5604649999999,8205422b-9eff-4701-a582-6dd473d526e9,Air Lamp,1462,nm,absorbance,643.9863465876538
650.621,557.328201,8205422b-9eff-4701-a582-6dd473d526e9,Air Lamp,1463,nm,absorbance,644.1828790147695
650.819,552.7542570000002,8205422b-9eff-4701-a582-6dd473d526e9,Air Lamp,1464,nm,absorbance,644.3794114418852
651.017,553.874174,8205422b-9eff-4701-a582-6dd473d526e9,Air Lamp,1465,nm,absorbance,644.575943869001
651.215,555.113493,8205422b-9eff-4701-a582-6dd473d526e9,Air Lamp,1466,nm,absorbance,644.7724762961166
651.413,560.909215,8205422b-9eff-4701-a582-6dd473d526e9,Air Lamp,1467,nm,absorbance,644.9690087232323
651.61,559.654935,8205422b-9eff-4701-a582-6dd473d526e9,Air Lamp,1468,nm,absorbance,645.1645485623322
651.808,565.6746679999999,8205422b-9eff-4701-a582-6dd473d526e9,Air Lamp,1469,nm,absorbance,645.3610809894479
652.006,565.414721,8205422b-9eff-4701-a582-6dd473d526e9,Air Lamp,1470,nm,absorbance,645.5576134165636
652.204,565.31479,8205422b-9eff-4701-a582-6dd473d526e9,Air Lamp,1471,nm,absorbance,645.7541458436792
652.401,569.3429090000001,8205422b-9eff-4701-a582-6dd473d526e9,Air Lamp,1472,nm,absorbance,645.9496856827792
652.599,577.4163609999999,8205422b-9eff-4701-a582-6dd473d526e9,Air Lamp,1473,nm,absorbance,646.146218109895
652.797,585.499642,8205422b-9eff-4701-a582-6dd473d526e9,Air Lamp,1474,nm,absorbance,646.3427505370107
652.995,590.6215219999999,8205422b-9eff-4701-a582-6dd473d526e9,Air Lamp,1475,nm,absorbance,646.5392829641264
653.192,599.9470550000001,8205422b-9eff-4701-a582-6dd473d526e9,Air Lamp,1476,nm,absorbance,646.7348228032264
653.39,610.054443,8205422b-9eff-4701-a582-6dd473d526e9,Air Lamp,1477,nm,absorbance,646.931355230342
653.588,615.523634,8205422b-9eff-4701-a582-6dd473d526e9,Air Lamp,1478,nm,absorbance,647.1278876574577
653.785,619.383049,8205422b-9eff-4701-a582-6dd473d526e9,Air Lamp,1479,nm,absorbance,647.3234274965577
653.983,625.1257800000001,8205422b-9eff-4701-a582-6dd473d526e9,Air Lamp,1480,nm,absorbance,647.5199599236734
654.18,634.5955299999999,8205422b-9eff-4701-a582-6dd473d526e9,Air Lamp,1481,nm,absorbance,647.7154997627733
654.378,644.3057699999999,8205422b-9eff-4701-a582-6dd473d526e9,Air Lamp,1482,nm,absorbance,647.912032189889
654.576,657.6125519999999,8205422b-9eff-4701-a582-6dd473d526e9,Air Lamp,1483,nm,absorbance,648.1085646170047
654.773,670.471497,8205422b-9eff-4701-a582-6dd473d526e9,Air Lamp,1484,nm,absorbance,648.3041044561047
654.971,684.8217809999999,8205422b-9eff-4701-a582-6dd473d526e9,Air Lamp,1485,nm,absorbance,648.5006368832204
655.168,694.08303,8205422b-9eff-4701-a582-6dd473d526e9,Air Lamp,1486,nm,absorbance,648.6961767223204
655.366,700.840287,8205422b-9eff-4701-a582-6dd473d526e9,Air Lamp,1487,nm,absorbance,648.892709149436
655.563,705.213054,8205422b-9eff-4701-a582-6dd473d526e9,Air Lamp,1488,nm,absorbance,649.088248988536
655.761,709.214433,8205422b-9eff-4701-a582-6dd473d526e9,Air Lamp,1489,nm,absorbance,649.2847814156517
655.958,713.044811,8205422b-9eff-4701-a582-6dd473d526e9,Air Lamp,1490,nm,absorbance,649.4803212547516
656.156,718.8083399999999,8205422b-9eff-4701-a582-6dd473d526e9,Air Lamp,1491,nm,absorbance,649.6768536818673
656.353,720.624149,8205422b-9eff-4701-a582-6dd473d526e9,Air Lamp,1492,nm,absorbance,649.8723935209673
656.55,733.3753249999999,8205422b-9eff-4701-a582-6dd473d526e9,Air Lamp,1493,nm,absorbance,650.0679333600672
656.748,734.772264,8205422b-9eff-4701-a582-6dd473d526e9,Air Lamp,1494,nm,absorbance,650.264465787183
656.945,745.045487,8205422b-9eff-4701-a582-6dd473d526e9,Air Lamp,1495,nm,absorbance,650.460005626283
657.143,756.7448800000001,8205422b-9eff-4701-a582-6dd473d526e9,Air Lamp,1496,nm,absorbance,650.6565380533987
657.34,775.7830980000001,8205422b-9eff-4701-a582-6dd473d526e9,Air Lamp,1497,nm,absorbance,650.8520778924986
657.537,801.1619609999999,8205422b-9eff-4701-a582-6dd473d526e9,Air Lamp,1498,nm,absorbance,651.0476177315985
657.735,817.829713,8205422b-9eff-4701-a582-6dd473d526e9,Air Lamp,1499,nm,absorbance,651.2441501587142
657.932,842.3810380000001,8205422b-9eff-4701-a582-6dd473d526e9,Air Lamp,1500,nm,absorbance,651.4396899978142
658.129,864.0052079999999,8205422b-9eff-4701-a582-6dd473d526e9,Air Lamp,1501,nm,absorbance,651.6352298369142
658.326,897.1971470000001,8205422b-9eff-4701-a582-6dd473d526e9,Air Lamp,1502,nm,absorbance,651.8307696760141
658.524,925.5029419999998,8205422b-9eff-4701-a582-6dd473d526e9,Air Lamp,1503,nm,absorbance,652.0273021031298
658.721,951.75986,8205422b-9eff-4701-a582-6dd473d526e9,Air Lamp,1504,nm,absorbance,652.2228419422297
658.918,972.275059,8205422b-9eff-4701-a582-6dd473d526e9,Air Lamp,1505,nm,absorbance,652.4183817813297
659.115,993.240616,8205422b-9eff-4701-a582-6dd473d526e9,Air Lamp,1506,nm,absorbance,652.6139216204297
659.313,1007.788511,8205422b-9eff-4701-a582-6dd473d526e9,Air Lamp,1507,nm,absorbance,652.8104540475454
659.51,1025.447142,8205422b-9eff-4701-a582-6dd473d526e9,Air Lamp,1508,nm,absorbance,653.0059938866453
659.707,1032.3470019999995,8205422b-9eff-4701-a582-6dd473d526e9,Air Lamp,1509,nm,absorbance,653.2015337257453
659.904,1048.79673,8205422b-9eff-4701-a582-6dd473d526e9,Air Lamp,1510,nm,absorbance,653.3970735648452
660.101,1055.599719,8205422b-9eff-4701-a582-6dd473d526e9,Air Lamp,1511,nm,absorbance,653.5926134039452
660.298,1066.016491,8205422b-9eff-4701-a582-6dd473d526e9,Air Lamp,1512,nm,absorbance,653.7881532430451
660.496,1074.7793419999998,8205422b-9eff-4701-a582-6dd473d526e9,Air Lamp,1513,nm,absorbance,653.9846856701608
660.693,1080.356684,8205422b-9eff-4701-a582-6dd473d526e9,Air Lamp,1514,nm,absorbance,654.1802255092608
660.89,1096.485349,8205422b-9eff-4701-a582-6dd473d526e9,Air Lamp,1515,nm,absorbance,654.3757653483608
661.087,1104.329991,8205422b-9eff-4701-a582-6dd473d526e9,Air Lamp,1516,nm,absorbance,654.5713051874608
661.284,1114.733834,8205422b-9eff-4701-a582-6dd473d526e9,Air Lamp,1517,nm,absorbance,654.7668450265606
661.481,1118.558003,8205422b-9eff-4701-a582-6dd473d526e9,Air Lamp,1518,nm,absorbance,654.9623848656606
661.678,1127.438556,8205422b-9eff-4701-a582-6dd473d526e9,Air Lamp,1519,nm,absorbance,655.1579247047606
661.875,1135.839133,8205422b-9eff-4701-a582-6dd473d526e9,Air Lamp,1520,nm,absorbance,655.3534645438606
662.072,1143.932558,8205422b-9eff-4701-a582-6dd473d526e9,Air Lamp,1521,nm,absorbance,655.5490043829606
662.269,1151.135723,8205422b-9eff-4701-a582-6dd473d526e9,Air Lamp,1522,nm,absorbance,655.7445442220605
662.466,1153.471369,8205422b-9eff-4701-a582-6dd473d526e9,Air Lamp,1523,nm,absorbance,655.9400840611604
662.663,1155.516952,8205422b-9eff-4701-a582-6dd473d526e9,Air Lamp,1524,nm,absorbance,656.1356239002604
662.86,1154.2873329999998,8205422b-9eff-4701-a582-6dd473d526e9,Air Lamp,1525,nm,absorbance,656.3311637393604
663.057,1157.090092,8205422b-9eff-4701-a582-6dd473d526e9,Air Lamp,1526,nm,absorbance,656.5267035784603
663.254,1159.952167,8205422b-9eff-4701-a582-6dd473d526e9,Air Lamp,1527,nm,absorbance,656.7222434175603
663.45,1159.455606,8205422b-9eff-4701-a582-6dd473d526e9,Air Lamp,1528,nm,absorbance,656.9167906686446
663.647,1158.782054,8205422b-9eff-4701-a582-6dd473d526e9,Air Lamp,1529,nm,absorbance,657.1123305077446
663.844,1153.260599,8205422b-9eff-4701-a582-6dd473d526e9,Air Lamp,1530,nm,absorbance,657.3078703468444
664.041,1154.569341,8205422b-9eff-4701-a582-6dd473d526e9,Air Lamp,1531,nm,absorbance,657.5034101859444
664.238,1149.88346,8205422b-9eff-4701-a582-6dd473d526e9,Air Lamp,1532,nm,absorbance,657.6989500250444
664.435,1147.7670119999998,8205422b-9eff-4701-a582-6dd473d526e9,Air Lamp,1533,nm,absorbance,657.8944898641442
664.631,1144.85902,8205422b-9eff-4701-a582-6dd473d526e9,Air Lamp,1534,nm,absorbance,658.0890371152285
664.828,1149.23812,8205422b-9eff-4701-a582-6dd473d526e9,Air Lamp,1535,nm,absorbance,658.2845769543285
665.025,1148.57795,8205422b-9eff-4701-a582-6dd473d526e9,Air Lamp,1536,nm,absorbance,658.4801167934285
665.222,1140.74378,8205422b-9eff-4701-a582-6dd473d526e9,Air Lamp,1537,nm,absorbance,658.6756566325283
665.419,1124.8477019999998,8205422b-9eff-4701-a582-6dd473d526e9,Air Lamp,1538,nm,absorbance,658.8711964716283
665.615,1108.5005260000005,8205422b-9eff-4701-a582-6dd473d526e9,Air Lamp,1539,nm,absorbance,659.0657437227126
665.812,1092.121114,8205422b-9eff-4701-a582-6dd473d526e9,Air Lamp,1540,nm,absorbance,659.2612835618125
666.009,1076.6411,8205422b-9eff-4701-a582-6dd473d526e9,Air Lamp,1541,nm,absorbance,659.4568234009125
666.205,1059.077889,8205422b-9eff-4701-a582-6dd473d526e9,Air Lamp,1542,nm,absorbance,659.6513706519968
666.402,1038.983021,8205422b-9eff-4701-a582-6dd473d526e9,Air Lamp,1543,nm,absorbance,659.8469104910968
666.599,1020.184301,8205422b-9eff-4701-a582-6dd473d526e9,Air Lamp,1544,nm,absorbance,660.0424503301967
666.795,1002.565815,8205422b-9eff-4701-a582-6dd473d526e9,Air Lamp,1545,nm,absorbance,660.2369975812808
666.992,998.1535230000002,8205422b-9eff-4701-a582-6dd473d526e9,Air Lamp,1546,nm,absorbance,660.4325374203808
667.188,984.5392069999998,8205422b-9eff-4701-a582-6dd473d526e9,Air Lamp,1547,nm,absorbance,660.627084671465
667.385,977.035484,8205422b-9eff-4701-a582-6dd473d526e9,Air Lamp,1548,nm,absorbance,660.822624510565
667.582,957.500415,8205422b-9eff-4701-a582-6dd473d526e9,Air Lamp,1549,nm,absorbance,661.018164349665
667.778,952.657475,8205422b-9eff-4701-a582-6dd473d526e9,Air Lamp,1550,nm,absorbance,661.2127116007492
667.975,942.9874330000002,8205422b-9eff-4701-a582-6dd473d526e9,Air Lamp,1551,nm,absorbance,661.4082514398492
668.171,936.987538,8205422b-9eff-4701-a582-6dd473d526e9,Air Lamp,1552,nm,absorbance,661.6027986909335
668.368,926.068307,8205422b-9eff-4701-a582-6dd473d526e9,Air Lamp,1553,nm,absorbance,661.7983385300333
668.564,915.8089959999998,8205422b-9eff-4701-a582-6dd473d526e9,Air Lamp,1554,nm,absorbance,661.9928857811175
668.761,903.5227579999998,8205422b-9eff-4701-a582-6dd473d526e9,Air Lamp,1555,nm,absorbance,662.1884256202175
668.957,895.293396,8205422b-9eff-4701-a582-6dd473d526e9,Air Lamp,1556,nm,absorbance,662.3829728713017
669.154,888.9494500000001,8205422b-9eff-4701-a582-6dd473d526e9,Air Lamp,1557,nm,absorbance,662.5785127104017
669.35,877.7775079999999,8205422b-9eff-4701-a582-6dd473d526e9,Air Lamp,1558,nm,absorbance,662.773059961486
669.547,870.55388,8205422b-9eff-4701-a582-6dd473d526e9,Air Lamp,1559,nm,absorbance,662.9685998005859
669.743,868.345932,8205422b-9eff-4701-a582-6dd473d526e9,Air Lamp,1560,nm,absorbance,663.1631470516702
669.939,865.8106020000001,8205422b-9eff-4701-a582-6dd473d526e9,Air Lamp,1561,nm,absorbance,663.3576943027543
670.136,864.342731,8205422b-9eff-4701-a582-6dd473d526e9,Air Lamp,1562,nm,absorbance,663.5532341418542
670.332,852.293268,8205422b-9eff-4701-a582-6dd473d526e9,Air Lamp,1563,nm,absorbance,663.7477813929385
670.528,850.189104,8205422b-9eff-4701-a582-6dd473d526e9,Air Lamp,1564,nm,absorbance,663.9423286440227
670.725,842.6452320000001,8205422b-9eff-4701-a582-6dd473d526e9,Air Lamp,1565,nm,absorbance,664.1378684831227
670.921,841.4303759999999,8205422b-9eff-4701-a582-6dd473d526e9,Air Lamp,1566,nm,absorbance,664.332415734207
671.117,837.0222799999999,8205422b-9eff-4701-a582-6dd473d526e9,Air Lamp,1567,nm,absorbance,664.5269629852911
671.314,838.6093639999999,8205422b-9eff-4701-a582-6dd473d526e9,Air Lamp,1568,nm,absorbance,664.7225028243911
671.51,840.1889319999998,8205422b-9eff-4701-a582-6dd473d526e9,Air Lamp,1569,nm,absorbance,664.9170500754753
671.706,840.861966,8205422b-9eff-4701-a582-6dd473d526e9,Air Lamp,1570,nm,absorbance,665.1115973265596
671.902,841.817923,8205422b-9eff-4701-a582-6dd473d526e9,Air Lamp,1571,nm,absorbance,665.3061445776439
672.099,842.8469259999999,8205422b-9eff-4701-a582-6dd473d526e9,Air Lamp,1572,nm,absorbance,665.5016844167437
672.295,845.6093109999999,8205422b-9eff-4701-a582-6dd473d526e9,Air Lamp,1573,nm,absorbance,665.6962316678279
672.491,846.3987730000001,8205422b-9eff-4701-a582-6dd473d526e9,Air Lamp,1574,nm,absorbance,665.8907789189121
672.687,846.874517,8205422b-9eff-4701-a582-6dd473d526e9,Air Lamp,1575,nm,absorbance,666.0853261699964
672.883,853.2730960000001,8205422b-9eff-4701-a582-6dd473d526e9,Air Lamp,1576,nm,absorbance,666.2798734210807
673.08,863.024532,8205422b-9eff-4701-a582-6dd473d526e9,Air Lamp,1577,nm,absorbance,666.4754132601806
673.276,874.5790010000001,8205422b-9eff-4701-a582-6dd473d526e9,Air Lamp,1578,nm,absorbance,666.6699605112648
673.472,887.157272,8205422b-9eff-4701-a582-6dd473d526e9,Air Lamp,1579,nm,absorbance,666.864507762349
673.668,897.3843899999999,8205422b-9eff-4701-a582-6dd473d526e9,Air Lamp,1580,nm,absorbance,667.0590550134333
673.864,908.683787,8205422b-9eff-4701-a582-6dd473d526e9,Air Lamp,1581,nm,absorbance,667.2536022645176
674.06,924.816277,8205422b-9eff-4701-a582-6dd473d526e9,Air Lamp,1582,nm,absorbance,667.4481495156017
674.256,942.0872780000002,8205422b-9eff-4701-a582-6dd473d526e9,Air Lamp,1583,nm,absorbance,667.6426967666858
674.452,967.543382,8205422b-9eff-4701-a582-6dd473d526e9,Air Lamp,1584,nm,absorbance,667.8372440177701
674.648,995.097676,8205422b-9eff-4701-a582-6dd473d526e9,Air Lamp,1585,nm,absorbance,668.0317912688544
674.844,1031.770559,8205422b-9eff-4701-a582-6dd473d526e9,Air Lamp,1586,nm,absorbance,668.2263385199386
675.04,1078.394101,8205422b-9eff-4701-a582-6dd473d526e9,Air Lamp,1587,nm,absorbance,668.4208857710228
675.236,1124.755234,8205422b-9eff-4701-a582-6dd473d526e9,Air Lamp,1588,nm,absorbance,668.615433022107
675.432,1171.7514139999998,8205422b-9eff-4701-a582-6dd473d526e9,Air Lamp,1589,nm,absorbance,668.8099802731913
675.628,1221.484805,8205422b-9eff-4701-a582-6dd473d526e9,Air Lamp,1590,nm,absorbance,669.0045275242755
675.824,1274.8389490000002,8205422b-9eff-4701-a582-6dd473d526e9,Air Lamp,1591,nm,absorbance,669.1990747753597
676.02,1341.619278,8205422b-9eff-4701-a582-6dd473d526e9,Air Lamp,1592,nm,absorbance,669.393622026444
676.216,1398.076481,8205422b-9eff-4701-a582-6dd473d526e9,Air Lamp,1593,nm,absorbance,669.5881692775282
676.412,1451.3385460000002,8205422b-9eff-4701-a582-6dd473d526e9,Air Lamp,1594,nm,absorbance,669.7827165286125
676.608,1483.0361390000005,8205422b-9eff-4701-a582-6dd473d526e9,Air Lamp,1595,nm,absorbance,669.9772637796965
676.804,1522.246364,8205422b-9eff-4701-a582-6dd473d526e9,Air Lamp,1596,nm,absorbance,670.1718110307808
676.999,1557.961598,8205422b-9eff-4701-a582-6dd473d526e9,Air Lamp,1597,nm,absorbance,670.3653656938493
677.195,1591.935752,8205422b-9eff-4701-a582-6dd473d526e9,Air Lamp,1598,nm,absorbance,670.5599129449336
677.391,1605.5785140000005,8205422b-9eff-4701-a582-6dd473d526e9,Air Lamp,1599,nm,absorbance,670.7544601960177
677.587,1622.9092209999997,8205422b-9eff-4701-a582-6dd473d526e9,Air Lamp,1600,nm,absorbance,670.949007447102
677.783,1639.7333480000002,8205422b-9eff-4701-a582-6dd473d526e9,Air Lamp,1601,nm,absorbance,671.1435546981862
677.978,1654.5320639999998,8205422b-9eff-4701-a582-6dd473d526e9,Air Lamp,1602,nm,absorbance,671.3371093612546
678.174,1660.989845,8205422b-9eff-4701-a582-6dd473d526e9,Air Lamp,1603,nm,absorbance,671.5316566123389
678.37,1659.5610789999998,8205422b-9eff-4701-a582-6dd473d526e9,Air Lamp,1604,nm,absorbance,671.7262038634232
678.566,1649.8128619999995,8205422b-9eff-4701-a582-6dd473d526e9,Air Lamp,1605,nm,absorbance,671.9207511145074
678.761,1640.265426,8205422b-9eff-4701-a582-6dd473d526e9,Air Lamp,1606,nm,absorbance,672.1143057775759
678.957,1634.80369,8205422b-9eff-4701-a582-6dd473d526e9,Air Lamp,1607,nm,absorbance,672.3088530286601
679.153,1643.225532,8205422b-9eff-4701-a582-6dd473d526e9,Air Lamp,1608,nm,absorbance,672.5034002797444
679.348,1636.418959,8205422b-9eff-4701-a582-6dd473d526e9,Air Lamp,1609,nm,absorbance,672.6969549428128
679.544,1629.03979,8205422b-9eff-4701-a582-6dd473d526e9,Air Lamp,1610,nm,absorbance,672.8915021938969
679.74,1611.3163639999998,8205422b-9eff-4701-a582-6dd473d526e9,Air Lamp,1611,nm,absorbance,673.0860494449812
679.935,1608.755114,8205422b-9eff-4701-a582-6dd473d526e9,Air Lamp,1612,nm,absorbance,673.2796041080496
680.131,1595.085859,8205422b-9eff-4701-a582-6dd473d526e9,Air Lamp,1613,nm,absorbance,673.4741513591339
680.327,1586.709595,8205422b-9eff-4701-a582-6dd473d526e9,Air Lamp,1614,nm,absorbance,673.6686986102181
680.522,1566.93564,8205422b-9eff-4701-a582-6dd473d526e9,Air Lamp,1615,nm,absorbance,673.8622532732867
680.718,1542.2934920000002,8205422b-9eff-4701-a582-6dd473d526e9,Air Lamp,1616,nm,absorbance,674.0568005243708
680.913,1521.529731,8205422b-9eff-4701-a582-6dd473d526e9,Air Lamp,1617,nm,absorbance,674.2503551874394
681.109,1498.9195919999995,8205422b-9eff-4701-a582-6dd473d526e9,Air Lamp,1618,nm,absorbance,674.4449024385236
681.304,1480.616528,8205422b-9eff-4701-a582-6dd473d526e9,Air Lamp,1619,nm,absorbance,674.638457101592
681.5,1453.5709719999998,8205422b-9eff-4701-a582-6dd473d526e9,Air Lamp,1620,nm,absorbance,674.8330043526763
681.695,1433.9618159999998,8205422b-9eff-4701-a582-6dd473d526e9,Air Lamp,1621,nm,absorbance,675.0265590157449
681.891,1413.58369,8205422b-9eff-4701-a582-6dd473d526e9,Air Lamp,1622,nm,absorbance,675.221106266829
682.086,1395.882701,8205422b-9eff-4701-a582-6dd473d526e9,Air Lamp,1623,nm,absorbance,675.4146609298975
682.282,1369.2100710000002,8205422b-9eff-4701-a582-6dd473d526e9,Air Lamp,1624,nm,absorbance,675.6092081809818
682.477,1339.4470939999997,8205422b-9eff-4701-a582-6dd473d526e9,Air Lamp,1625,nm,absorbance,675.8027628440502
682.672,1307.422064,8205422b-9eff-4701-a582-6dd473d526e9,Air Lamp,1626,nm,absorbance,675.9963175071188
682.868,1280.62887,8205422b-9eff-4701-a582-6dd473d526e9,Air Lamp,1627,nm,absorbance,676.190864758203
683.063,1255.574047,8205422b-9eff-4701-a582-6dd473d526e9,Air Lamp,1628,nm,absorbance,676.3844194212714
683.259,1222.346081,8205422b-9eff-4701-a582-6dd473d526e9,Air Lamp,1629,nm,absorbance,676.5789666723556
683.454,1182.2252979999998,8205422b-9eff-4701-a582-6dd473d526e9,Air Lamp,1630,nm,absorbance,676.772521335424
683.649,1130.941406,8205422b-9eff-4701-a582-6dd473d526e9,Air Lamp,1631,nm,absorbance,676.9660759984926
683.845,1079.461913,8205422b-9eff-4701-a582-6dd473d526e9,Air Lamp,1632,nm,absorbance,677.1606232495768
684.04,1019.082291,8205422b-9eff-4701-a582-6dd473d526e9,Air Lamp,1633,nm,absorbance,677.3541779126452
684.235,975.79264,8205422b-9eff-4701-a582-6dd473d526e9,Air Lamp,1634,nm,absorbance,677.5477325757138
684.43,923.619508,8205422b-9eff-4701-a582-6dd473d526e9,Air Lamp,1635,nm,absorbance,677.7412872387822
684.626,885.3391319999998,8205422b-9eff-4701-a582-6dd473d526e9,Air Lamp,1636,nm,absorbance,677.9358344898665
684.821,839.322357,8205422b-9eff-4701-a582-6dd473d526e9,Air Lamp,1637,nm,absorbance,678.129389152935
685.016,808.0831150000001,8205422b-9eff-4701-a582-6dd473d526e9,Air Lamp,1638,nm,absorbance,678.3229438160034
685.211,774.9850550000001,8205422b-9eff-4701-a582-6dd473d526e9,Air Lamp,1639,nm,absorbance,678.516498479072
685.407,741.943493,8205422b-9eff-4701-a582-6dd473d526e9,Air Lamp,1640,nm,absorbance,678.7110457301562
685.602,712.6994780000001,8205422b-9eff-4701-a582-6dd473d526e9,Air Lamp,1641,nm,absorbance,678.9046003932247
685.797,677.029065,8205422b-9eff-4701-a582-6dd473d526e9,Air Lamp,1642,nm,absorbance,679.0981550562932
685.992,648.249081,8205422b-9eff-4701-a582-6dd473d526e9,Air Lamp,1643,nm,absorbance,679.2917097193616
686.187,611.892075,8205422b-9eff-4701-a582-6dd473d526e9,Air Lamp,1644,nm,absorbance,679.4852643824302
686.382,581.2610260000001,8205422b-9eff-4701-a582-6dd473d526e9,Air Lamp,1645,nm,absorbance,679.6788190454986
686.577,547.7575539999999,8205422b-9eff-4701-a582-6dd473d526e9,Air Lamp,1646,nm,absorbance,679.8723737085671
686.773,517.0534180000001,8205422b-9eff-4701-a582-6dd473d526e9,Air Lamp,1647,nm,absorbance,680.0669209596514
686.968,481.456703,8205422b-9eff-4701-a582-6dd473d526e9,Air Lamp,1648,nm,absorbance,680.2604756227198
687.163,455.41453500000006,8205422b-9eff-4701-a582-6dd473d526e9,Air Lamp,1649,nm,absorbance,680.4540302857883
687.358,428.490466,8205422b-9eff-4701-a582-6dd473d526e9,Air Lamp,1650,nm,absorbance,680.6475849488568
687.553,406.219446,8205422b-9eff-4701-a582-6dd473d526e9,Air Lamp,1651,nm,absorbance,680.8411396119253
687.748,381.109971,8205422b-9eff-4701-a582-6dd473d526e9,Air Lamp,1652,nm,absorbance,681.0346942749939
687.943,353.097794,8205422b-9eff-4701-a582-6dd473d526e9,Air Lamp,1653,nm,absorbance,681.2282489380623
688.138,327.84544900000003,8205422b-9eff-4701-a582-6dd473d526e9,Air Lamp,1654,nm,absorbance,681.4218036011308
688.333,301.269659,8205422b-9eff-4701-a582-6dd473d526e9,Air Lamp,1655,nm,absorbance,681.6153582641992
688.528,287.793931,8205422b-9eff-4701-a582-6dd473d526e9,Air Lamp,1656,nm,absorbance,681.8089129272678
688.723,278.013428,8205422b-9eff-4701-a582-6dd473d526e9,Air Lamp,1657,nm,absorbance,682.0024675903362
688.918,270.113521,8205422b-9eff-4701-a582-6dd473d526e9,Air Lamp,1658,nm,absorbance,682.1960222534047
689.112,265.82539699999995,8205422b-9eff-4701-a582-6dd473d526e9,Air Lamp,1659,nm,absorbance,682.3885843284575
689.307,260.229456,8205422b-9eff-4701-a582-6dd473d526e9,Air Lamp,1660,nm,absorbance,682.582138991526
689.502,255.03420400000005,8205422b-9eff-4701-a582-6dd473d526e9,Air Lamp,1661,nm,absorbance,682.7756936545944
689.697,248.006568,8205422b-9eff-4701-a582-6dd473d526e9,Air Lamp,1662,nm,absorbance,682.969248317663
689.892,241.362408,8205422b-9eff-4701-a582-6dd473d526e9,Air Lamp,1663,nm,absorbance,683.1628029807315
690.087,238.757963,8205422b-9eff-4701-a582-6dd473d526e9,Air Lamp,1664,nm,absorbance,683.3563576437999
690.282,227.28372400000003,8205422b-9eff-4701-a582-6dd473d526e9,Air Lamp,1665,nm,absorbance,683.5499123068685
690.476,223.73838300000003,8205422b-9eff-4701-a582-6dd473d526e9,Air Lamp,1666,nm,absorbance,683.7424743819212
690.671,215.630003,8205422b-9eff-4701-a582-6dd473d526e9,Air Lamp,1667,nm,absorbance,683.9360290449897
690.866,218.146344,8205422b-9eff-4701-a582-6dd473d526e9,Air Lamp,1668,nm,absorbance,684.1295837080581
691.061,216.920838,8205422b-9eff-4701-a582-6dd473d526e9,Air Lamp,1669,nm,absorbance,684.3231383711267
691.255,209.015177,8205422b-9eff-4701-a582-6dd473d526e9,Air Lamp,1670,nm,absorbance,684.5157004461794
691.45,200.622016,8205422b-9eff-4701-a582-6dd473d526e9,Air Lamp,1671,nm,absorbance,684.7092551092479
691.645,193.446882,8205422b-9eff-4701-a582-6dd473d526e9,Air Lamp,1672,nm,absorbance,684.9028097723163
691.84,195.57329,8205422b-9eff-4701-a582-6dd473d526e9,Air Lamp,1673,nm,absorbance,685.0963644353849
692.034,194.66001,8205422b-9eff-4701-a582-6dd473d526e9,Air Lamp,1674,nm,absorbance,685.2889265104376
692.229,187.00891400000003,8205422b-9eff-4701-a582-6dd473d526e9,Air Lamp,1675,nm,absorbance,685.4824811735061
692.424,178.325301,8205422b-9eff-4701-a582-6dd473d526e9,Air Lamp,1676,nm,absorbance,685.6760358365746
692.618,175.406583,8205422b-9eff-4701-a582-6dd473d526e9,Air Lamp,1677,nm,absorbance,685.8685979116274
692.813,170.939708,8205422b-9eff-4701-a582-6dd473d526e9,Air Lamp,1678,nm,absorbance,686.0621525746958
693.007,167.990797,8205422b-9eff-4701-a582-6dd473d526e9,Air Lamp,1679,nm,absorbance,686.2547146497485
693.202,163.512411,8205422b-9eff-4701-a582-6dd473d526e9,Air Lamp,1680,nm,absorbance,686.448269312817
693.397,165.79728099999997,8205422b-9eff-4701-a582-6dd473d526e9,Air Lamp,1681,nm,absorbance,686.6418239758856
693.591,166.21511500000005,8205422b-9eff-4701-a582-6dd473d526e9,Air Lamp,1682,nm,absorbance,686.8343860509383
693.786,160.52422199999998,8205422b-9eff-4701-a582-6dd473d526e9,Air Lamp,1683,nm,absorbance,687.0279407140067
693.98,153.15811399999998,8205422b-9eff-4701-a582-6dd473d526e9,Air Lamp,1684,nm,absorbance,687.2205027890595
694.175,152.146895,8205422b-9eff-4701-a582-6dd473d526e9,Air Lamp,1685,nm,absorbance,687.414057452128
694.369,153.80029100000002,8205422b-9eff-4701-a582-6dd473d526e9,Air Lamp,1686,nm,absorbance,687.6066195271808
694.564,154.92570700000002,8205422b-9eff-4701-a582-6dd473d526e9,Air Lamp,1687,nm,absorbance,687.8001741902492
694.758,150.255164,8205422b-9eff-4701-a582-6dd473d526e9,Air Lamp,1688,nm,absorbance,687.992736265302
694.953,147.545601,8205422b-9eff-4701-a582-6dd473d526e9,Air Lamp,1689,nm,absorbance,688.1862909283705
695.147,146.55725800000002,8205422b-9eff-4701-a582-6dd473d526e9,Air Lamp,1690,nm,absorbance,688.3788530034233
695.342,143.911427,8205422b-9eff-4701-a582-6dd473d526e9,Air Lamp,1691,nm,absorbance,688.5724076664917
695.536,141.720576,8205422b-9eff-4701-a582-6dd473d526e9,Air Lamp,1692,nm,absorbance,688.7649697415444
695.73,135.863048,8205422b-9eff-4701-a582-6dd473d526e9,Air Lamp,1693,nm,absorbance,688.9575318165972
695.925,136.949212,8205422b-9eff-4701-a582-6dd473d526e9,Air Lamp,1694,nm,absorbance,689.1510864796657
696.119,133.21134899999998,8205422b-9eff-4701-a582-6dd473d526e9,Air Lamp,1695,nm,absorbance,689.3436485547185
696.313,129.82371000000003,8205422b-9eff-4701-a582-6dd473d526e9,Air Lamp,1696,nm,absorbance,689.5362106297712
696.508,122.636498,8205422b-9eff-4701-a582-6dd473d526e9,Air Lamp,1697,nm,absorbance,689.7297652928397
696.702,120.80826299999998,8205422b-9eff-4701-a582-6dd473d526e9,Air Lamp,1698,nm,absorbance,689.9223273678924
696.896,117.219814,8205422b-9eff-4701-a582-6dd473d526e9,Air Lamp,1699,nm,absorbance,690.1148894429451
697.091,116.89661700000002,8205422b-9eff-4701-a582-6dd473d526e9,Air Lamp,1700,nm,absorbance,690.3084441060137
697.285,113.187264,8205422b-9eff-4701-a582-6dd473d526e9,Air Lamp,1701,nm,absorbance,690.5010061810664
697.479,111.992714,8205422b-9eff-4701-a582-6dd473d526e9,Air Lamp,1702,nm,absorbance,690.6935682561192
697.673,104.13701300000002,8205422b-9eff-4701-a582-6dd473d526e9,Air Lamp,1703,nm,absorbance,690.8861303311719
697.868,103.971783,8205422b-9eff-4701-a582-6dd473d526e9,Air Lamp,1704,nm,absorbance,691.0796849942404
698.062,103.237841,8205422b-9eff-4701-a582-6dd473d526e9,Air Lamp,1705,nm,absorbance,691.2722470692931
698.256,107.069067,8205422b-9eff-4701-a582-6dd473d526e9,Air Lamp,1706,nm,absorbance,691.4648091443458
698.45,101.503164,8205422b-9eff-4701-a582-6dd473d526e9,Air Lamp,1707,nm,absorbance,691.6573712193987
698.644,100.198717,8205422b-9eff-4701-a582-6dd473d526e9,Air Lamp,1708,nm,absorbance,691.8499332944514
698.839,96.324058,8205422b-9eff-4701-a582-6dd473d526e9,Air Lamp,1709,nm,absorbance,692.0434879575199
699.033,95.252492,8205422b-9eff-4701-a582-6dd473d526e9,Air Lamp,1710,nm,absorbance,692.2360500325726
699.227,92.064091,8205422b-9eff-4701-a582-6dd473d526e9,Air Lamp,1711,nm,absorbance,692.4286121076254
699.421,93.217464,8205422b-9eff-4701-a582-6dd473d526e9,Air Lamp,1712,nm,absorbance,692.6211741826783
699.615,89.495298,8205422b-9eff-4701-a582-6dd473d526e9,Air Lamp,1713,nm,absorbance,692.813736257731
699.809,90.585491,8205422b-9eff-4701-a582-6dd473d526e9,Air Lamp,1714,nm,absorbance,693.0062983327837
700.003,91.326626,8205422b-9eff-4701-a582-6dd473d526e9,Air Lamp,1715,nm,absorbance,693.1988604078365
700.197,94.308655,8205422b-9eff-4701-a582-6dd473d526e9,Air Lamp,1716,nm,absorbance,693.3914224828892
700.391,96.484528,8205422b-9eff-4701-a582-6dd473d526e9,Air Lamp,1717,nm,absorbance,693.5839845579419
700.585,94.82253,8205422b-9eff-4701-a582-6dd473d526e9,Air Lamp,1718,nm,absorbance,693.7765466329947
700.779,101.10455,8205422b-9eff-4701-a582-6dd473d526e9,Air Lamp,1719,nm,absorbance,693.9691087080474
700.973,103.12183799999998,8205422b-9eff-4701-a582-6dd473d526e9,Air Lamp,1720,nm,absorbance,694.1616707831001
701.167,105.724932,8205422b-9eff-4701-a582-6dd473d526e9,Air Lamp,1721,nm,absorbance,694.354232858153
701.361,108.021333,8205422b-9eff-4701-a582-6dd473d526e9,Air Lamp,1722,nm,absorbance,694.5467949332057
701.555,112.90711000000002,8205422b-9eff-4701-a582-6dd473d526e9,Air Lamp,1723,nm,absorbance,694.7393570082584
701.749,116.455973,8205422b-9eff-4701-a582-6dd473d526e9,Air Lamp,1724,nm,absorbance,694.9319190833112
701.943,118.675938,8205422b-9eff-4701-a582-6dd473d526e9,Air Lamp,1725,nm,absorbance,695.1244811583639
702.137,117.95239700000002,8205422b-9eff-4701-a582-6dd473d526e9,Air Lamp,1726,nm,absorbance,695.3170432334166
702.331,119.829372,8205422b-9eff-4701-a582-6dd473d526e9,Air Lamp,1727,nm,absorbance,695.5096053084694
702.525,122.24090199999998,8205422b-9eff-4701-a582-6dd473d526e9,Air Lamp,1728,nm,absorbance,695.7021673835221
702.718,126.85667399999996,8205422b-9eff-4701-a582-6dd473d526e9,Air Lamp,1729,nm,absorbance,695.8937368705592
702.912,130.94768800000003,8205422b-9eff-4701-a582-6dd473d526e9,Air Lamp,1730,nm,absorbance,696.086298945612
703.106,131.666135,8205422b-9eff-4701-a582-6dd473d526e9,Air Lamp,1731,nm,absorbance,696.2788610206647
703.3,134.88447900000003,8205422b-9eff-4701-a582-6dd473d526e9,Air Lamp,1732,nm,absorbance,696.4714230957175
703.494,134.89106900000002,8205422b-9eff-4701-a582-6dd473d526e9,Air Lamp,1733,nm,absorbance,696.6639851707703
703.687,141.044674,8205422b-9eff-4701-a582-6dd473d526e9,Air Lamp,1734,nm,absorbance,696.8555546578073
703.881,138.079608,8205422b-9eff-4701-a582-6dd473d526e9,Air Lamp,1735,nm,absorbance,697.04811673286
704.075,141.75544100000002,8205422b-9eff-4701-a582-6dd473d526e9,Air Lamp,1736,nm,absorbance,697.2406788079128
704.269,140.501105,8205422b-9eff-4701-a582-6dd473d526e9,Air Lamp,1737,nm,absorbance,697.4332408829655
704.462,147.336101,8205422b-9eff-4701-a582-6dd473d526e9,Air Lamp,1738,nm,absorbance,697.6248103700025
704.656,155.414134,8205422b-9eff-4701-a582-6dd473d526e9,Air Lamp,1739,nm,absorbance,697.8173724450552
704.85,162.05239799999998,8205422b-9eff-4701-a582-6dd473d526e9,Air Lamp,1740,nm,absorbance,698.009934520108
705.043,169.734105,8205422b-9eff-4701-a582-6dd473d526e9,Air Lamp,1741,nm,absorbance,698.201504007145
705.237,172.219385,8205422b-9eff-4701-a582-6dd473d526e9,Air Lamp,1742,nm,absorbance,698.3940660821977
705.431,177.51799799999998,8205422b-9eff-4701-a582-6dd473d526e9,Air Lamp,1743,nm,absorbance,698.5866281572505
705.624,176.72618100000005,8205422b-9eff-4701-a582-6dd473d526e9,Air Lamp,1744,nm,absorbance,698.7781976442876
705.818,175.439141,8205422b-9eff-4701-a582-6dd473d526e9,Air Lamp,1745,nm,absorbance,698.9707597193403
706.012,178.95172100000002,8205422b-9eff-4701-a582-6dd473d526e9,Air Lamp,1746,nm,absorbance,699.163321794393
706.205,185.319386,8205422b-9eff-4701-a582-6dd473d526e9,Air Lamp,1747,nm,absorbance,699.3548912814301
706.399,196.296645,8205422b-9eff-4701-a582-6dd473d526e9,Air Lamp,1748,nm,absorbance,699.5474533564828
706.592,198.82136800000004,8205422b-9eff-4701-a582-6dd473d526e9,Air Lamp,1749,nm,absorbance,699.7390228435198
706.786,205.87903,8205422b-9eff-4701-a582-6dd473d526e9,Air Lamp,1750,nm,absorbance,699.9315849185725
706.979,214.90796800000004,8205422b-9eff-4701-a582-6dd473d526e9,Air Lamp,1751,nm,absorbance,700.1231544056096
707.173,220.391405,8205422b-9eff-4701-a582-6dd473d526e9,Air Lamp,1752,nm,absorbance,700.3157164806623
707.366,227.41760000000005,8205422b-9eff-4701-a582-6dd473d526e9,Air Lamp,1753,nm,absorbance,700.5072859676993
707.56,230.974114,8205422b-9eff-4701-a582-6dd473d526e9,Air Lamp,1754,nm,absorbance,700.699848042752
707.753,242.698035,8205422b-9eff-4701-a582-6dd473d526e9,Air Lamp,1755,nm,absorbance,700.8914175297891
707.947,252.603726,8205422b-9eff-4701-a582-6dd473d526e9,Air Lamp,1756,nm,absorbance,701.0839796048418
708.14,263.385324,8205422b-9eff-4701-a582-6dd473d526e9,Air Lamp,1757,nm,absorbance,701.2755490918789
708.333,273.64404700000006,8205422b-9eff-4701-a582-6dd473d526e9,Air Lamp,1758,nm,absorbance,701.4671185789159
708.527,288.01893099999995,8205422b-9eff-4701-a582-6dd473d526e9,Air Lamp,1759,nm,absorbance,701.6596806539687
708.72,301.10510300000004,8205422b-9eff-4701-a582-6dd473d526e9,Air Lamp,1760,nm,absorbance,701.8512501410057
708.914,318.437634,8205422b-9eff-4701-a582-6dd473d526e9,Air Lamp,1761,nm,absorbance,702.0438122160584
709.107,326.560168,8205422b-9eff-4701-a582-6dd473d526e9,Air Lamp,1762,nm,absorbance,702.2353817030954
709.3,347.22844,8205422b-9eff-4701-a582-6dd473d526e9,Air Lamp,1763,nm,absorbance,702.4269511901324
709.494,354.719349,8205422b-9eff-4701-a582-6dd473d526e9,Air Lamp,1764,nm,absorbance,702.6195132651852
709.687,365.32310100000007,8205422b-9eff-4701-a582-6dd473d526e9,Air Lamp,1765,nm,absorbance,702.8110827522222
709.88,369.24741000000006,8205422b-9eff-4701-a582-6dd473d526e9,Air Lamp,1766,nm,absorbance,703.0026522392592
710.073,379.5683170000001,8205422b-9eff-4701-a582-6dd473d526e9,Air Lamp,1767,nm,absorbance,703.1942217262963
710.267,390.6484690000001,8205422b-9eff-4701-a582-6dd473d526e9,Air Lamp,1768,nm,absorbance,703.3867838013491
710.46,399.337547,8205422b-9eff-4701-a582-6dd473d526e9,Air Lamp,1769,nm,absorbance,703.5783532883861
710.653,403.310997,8205422b-9eff-4701-a582-6dd473d526e9,Air Lamp,1770,nm,absorbance,703.7699227754231
710.846,406.524591,8205422b-9eff-4701-a582-6dd473d526e9,Air Lamp,1771,nm,absorbance,703.9614922624601
711.04,411.837021,8205422b-9eff-4701-a582-6dd473d526e9,Air Lamp,1772,nm,absorbance,704.1540543375128
711.233,418.282021,8205422b-9eff-4701-a582-6dd473d526e9,Air Lamp,1773,nm,absorbance,704.3456238245498
711.426,421.714459,8205422b-9eff-4701-a582-6dd473d526e9,Air Lamp,1774,nm,absorbance,704.5371933115869
711.619,419.73729,8205422b-9eff-4701-a582-6dd473d526e9,Air Lamp,1775,nm,absorbance,704.7287627986238
711.812,421.46713100000005,8205422b-9eff-4701-a582-6dd473d526e9,Air Lamp,1776,nm,absorbance,704.9203322856608
712.005,421.639263,8205422b-9eff-4701-a582-6dd473d526e9,Air Lamp,1777,nm,absorbance,705.1119017726979
712.198,422.350012,8205422b-9eff-4701-a582-6dd473d526e9,Air Lamp,1778,nm,absorbance,705.3034712597349
712.391,420.376251,8205422b-9eff-4701-a582-6dd473d526e9,Air Lamp,1779,nm,absorbance,705.4950407467719
712.585,419.259564,8205422b-9eff-4701-a582-6dd473d526e9,Air Lamp,1780,nm,absorbance,705.6876028218247
712.778,412.517882,8205422b-9eff-4701-a582-6dd473d526e9,Air Lamp,1781,nm,absorbance,705.8791723088617
712.971,406.943609,8205422b-9eff-4701-a582-6dd473d526e9,Air Lamp,1782,nm,absorbance,706.0707417958987
713.164,406.063156,8205422b-9eff-4701-a582-6dd473d526e9,Air Lamp,1783,nm,absorbance,706.2623112829357
713.357,404.87059,8205422b-9eff-4701-a582-6dd473d526e9,Air Lamp,1784,nm,absorbance,706.4538807699727
713.55,409.106625,8205422b-9eff-4701-a582-6dd473d526e9,Air Lamp,1785,nm,absorbance,706.6454502570097
713.743,408.981465,8205422b-9eff-4701-a582-6dd473d526e9,Air Lamp,1786,nm,absorbance,706.8370197440469
713.936,413.63952200000006,8205422b-9eff-4701-a582-6dd473d526e9,Air Lamp,1787,nm,absorbance,707.0285892310839
714.129,415.60543400000006,8205422b-9eff-4701-a582-6dd473d526e9,Air Lamp,1788,nm,absorbance,707.2201587181208
714.322,420.409281,8205422b-9eff-4701-a582-6dd473d526e9,Air Lamp,1789,nm,absorbance,707.4117282051578
714.514,430.774767,8205422b-9eff-4701-a582-6dd473d526e9,Air Lamp,1790,nm,absorbance,707.6023051041791
714.707,438.9633110000001,8205422b-9eff-4701-a582-6dd473d526e9,Air Lamp,1791,nm,absorbance,707.7938745912161
714.9,450.078044,8205422b-9eff-4701-a582-6dd473d526e9,Air Lamp,1792,nm,absorbance,707.9854440782531
715.093,455.646908,8205422b-9eff-4701-a582-6dd473d526e9,Air Lamp,1793,nm,absorbance,708.17701356529
715.286,467.595287,8205422b-9eff-4701-a582-6dd473d526e9,Air Lamp,1794,nm,absorbance,708.3685830523272
715.479,480.376884,8205422b-9eff-4701-a582-6dd473d526e9,Air Lamp,1795,nm,absorbance,708.5601525393643
715.672,495.6717019999999,8205422b-9eff-4701-a582-6dd473d526e9,Air Lamp,1796,nm,absorbance,708.7517220264012
715.864,510.269884,8205422b-9eff-4701-a582-6dd473d526e9,Air Lamp,1797,nm,absorbance,708.9422989254225
716.057,529.448666,8205422b-9eff-4701-a582-6dd473d526e9,Air Lamp,1798,nm,absorbance,709.1338684124595
716.25,546.0776529999999,8205422b-9eff-4701-a582-6dd473d526e9,Air Lamp,1799,nm,absorbance,709.3254378994965
716.443,571.370521,8205422b-9eff-4701-a582-6dd473d526e9,Air Lamp,1800,nm,absorbance,709.5170073865335
716.636,599.045474,8205422b-9eff-4701-a582-6dd473d526e9,Air Lamp,1801,nm,absorbance,709.7085768735705
716.828,636.230274,8205422b-9eff-4701-a582-6dd473d526e9,Air Lamp,1802,nm,absorbance,709.8991537725918
717.021,660.887704,8205422b-9eff-4701-a582-6dd473d526e9,Air Lamp,1803,nm,absorbance,710.0907232596288
717.214,675.4382400000001,8205422b-9eff-4701-a582-6dd473d526e9,Air Lamp,1804,nm,absorbance,710.2822927466659
717.406,694.593081,8205422b-9eff-4701-a582-6dd473d526e9,Air Lamp,1805,nm,absorbance,710.4728696456871
717.599,719.4062570000001,8205422b-9eff-4701-a582-6dd473d526e9,Air Lamp,1806,nm,absorbance,710.6644391327242
717.792,742.9198819999999,8205422b-9eff-4701-a582-6dd473d526e9,Air Lamp,1807,nm,absorbance,710.8560086197612
717.984,757.7036760000001,8205422b-9eff-4701-a582-6dd473d526e9,Air Lamp,1808,nm,absorbance,711.0465855187824
718.177,772.036361,8205422b-9eff-4701-a582-6dd473d526e9,Air Lamp,1809,nm,absorbance,711.2381550058195
718.37,784.989674,8205422b-9eff-4701-a582-6dd473d526e9,Air Lamp,1810,nm,absorbance,711.4297244928565
718.562,790.7588410000001,8205422b-9eff-4701-a582-6dd473d526e9,Air Lamp,1811,nm,absorbance,711.6203013918778
718.755,795.019336,8205422b-9eff-4701-a582-6dd473d526e9,Air Lamp,1812,nm,absorbance,711.8118708789148
718.947,793.359146,8205422b-9eff-4701-a582-6dd473d526e9,Air Lamp,1813,nm,absorbance,712.002447777936
719.14,797.03335,8205422b-9eff-4701-a582-6dd473d526e9,Air Lamp,1814,nm,absorbance,712.194017264973
719.333,794.844642,8205422b-9eff-4701-a582-6dd473d526e9,Air Lamp,1815,nm,absorbance,712.38558675201
719.525,800.5106189999999,8205422b-9eff-4701-a582-6dd473d526e9,Air Lamp,1816,nm,absorbance,712.5761636510314
719.718,792.5407239999998,8205422b-9eff-4701-a582-6dd473d526e9,Air Lamp,1817,nm,absorbance,712.7677331380684
719.91,788.6918749999999,8205422b-9eff-4701-a582-6dd473d526e9,Air Lamp,1818,nm,absorbance,712.9583100370896
720.103,778.929669,8205422b-9eff-4701-a582-6dd473d526e9,Air Lamp,1819,nm,absorbance,713.1498795241266
720.295,776.068326,8205422b-9eff-4701-a582-6dd473d526e9,Air Lamp,1820,nm,absorbance,713.3404564231479
720.487,768.499438,8205422b-9eff-4701-a582-6dd473d526e9,Air Lamp,1821,nm,absorbance,713.5310333221692
720.68,765.788239,8205422b-9eff-4701-a582-6dd473d526e9,Air Lamp,1822,nm,absorbance,713.7226028092063
720.872,760.0539329999999,8205422b-9eff-4701-a582-6dd473d526e9,Air Lamp,1823,nm,absorbance,713.9131797082275
721.065,755.4338839999998,8205422b-9eff-4701-a582-6dd473d526e9,Air Lamp,1824,nm,absorbance,714.1047491952646
721.257,742.5840129999999,8205422b-9eff-4701-a582-6dd473d526e9,Air Lamp,1825,nm,absorbance,714.2953260942858
721.449,738.743809,8205422b-9eff-4701-a582-6dd473d526e9,Air Lamp,1826,nm,absorbance,714.485902993307
721.642,733.494655,8205422b-9eff-4701-a582-6dd473d526e9,Air Lamp,1827,nm,absorbance,714.6774724803441
721.834,727.3975419999999,8205422b-9eff-4701-a582-6dd473d526e9,Air Lamp,1828,nm,absorbance,714.8680493793653
722.026,716.2186879999999,8205422b-9eff-4701-a582-6dd473d526e9,Air Lamp,1829,nm,absorbance,715.0586262783867
722.219,703.6977370000001,8205422b-9eff-4701-a582-6dd473d526e9,Air Lamp,1830,nm,absorbance,715.2501957654238
722.411,692.156015,8205422b-9eff-4701-a582-6dd473d526e9,Air Lamp,1831,nm,absorbance,715.4407726644449
722.603,680.595316,8205422b-9eff-4701-a582-6dd473d526e9,Air Lamp,1832,nm,absorbance,715.6313495634662
722.796,670.396353,8205422b-9eff-4701-a582-6dd473d526e9,Air Lamp,1833,nm,absorbance,715.8229190505033
722.988,661.4732409999999,8205422b-9eff-4701-a582-6dd473d526e9,Air Lamp,1834,nm,absorbance,716.0134959495246
723.18,654.3098839999999,8205422b-9eff-4701-a582-6dd473d526e9,Air Lamp,1835,nm,absorbance,716.2040728485458
723.372,640.0409470000001,8205422b-9eff-4701-a582-6dd473d526e9,Air Lamp,1836,nm,absorbance,716.3946497475671
723.565,629.678322,8205422b-9eff-4701-a582-6dd473d526e9,Air Lamp,1837,nm,absorbance,716.5862192346042
723.757,627.502568,8205422b-9eff-4701-a582-6dd473d526e9,Air Lamp,1838,nm,absorbance,716.7767961336253
723.949,619.498595,8205422b-9eff-4701-a582-6dd473d526e9,Air Lamp,1839,nm,absorbance,716.9673730326466
724.141,612.1534559999999,8205422b-9eff-4701-a582-6dd473d526e9,Air Lamp,1840,nm,absorbance,717.1579499316679
724.333,587.5979110000001,8205422b-9eff-4701-a582-6dd473d526e9,Air Lamp,1841,nm,absorbance,717.3485268306893
724.525,574.347624,8205422b-9eff-4701-a582-6dd473d526e9,Air Lamp,1842,nm,absorbance,717.5391037297105
724.717,552.6260829999999,8205422b-9eff-4701-a582-6dd473d526e9,Air Lamp,1843,nm,absorbance,717.7296806287318
724.91,531.5955730000001,8205422b-9eff-4701-a582-6dd473d526e9,Air Lamp,1844,nm,absorbance,717.9212501157688
725.102,498.88727,8205422b-9eff-4701-a582-6dd473d526e9,Air Lamp,1845,nm,absorbance,718.11182701479
725.294,475.6691990000001,8205422b-9eff-4701-a582-6dd473d526e9,Air Lamp,1846,nm,absorbance,718.3024039138114
725.486,454.1496679999999,8205422b-9eff-4701-a582-6dd473d526e9,Air Lamp,1847,nm,absorbance,718.4929808128327
725.678,438.627021,8205422b-9eff-4701-a582-6dd473d526e9,Air Lamp,1848,nm,absorbance,718.683557711854
725.87,423.664777,8205422b-9eff-4701-a582-6dd473d526e9,Air Lamp,1849,nm,absorbance,718.8741346108752
726.062,413.334014,8205422b-9eff-4701-a582-6dd473d526e9,Air Lamp,1850,nm,absorbance,719.0647115098965
726.254,406.750118,8205422b-9eff-4701-a582-6dd473d526e9,Air Lamp,1851,nm,absorbance,719.2552884089177
726.446,399.753322,8205422b-9eff-4701-a582-6dd473d526e9,Air Lamp,1852,nm,absorbance,719.4458653079391
726.638,386.255765,8205422b-9eff-4701-a582-6dd473d526e9,Air Lamp,1853,nm,absorbance,719.6364422069604
726.83,378.60198700000007,8205422b-9eff-4701-a582-6dd473d526e9,Air Lamp,1854,nm,absorbance,719.8270191059817
727.022,364.176875,8205422b-9eff-4701-a582-6dd473d526e9,Air Lamp,1855,nm,absorbance,720.0175960050029
727.213,359.992137,8205422b-9eff-4701-a582-6dd473d526e9,Air Lamp,1856,nm,absorbance,720.2071803160084
727.405,349.34767400000004,8205422b-9eff-4701-a582-6dd473d526e9,Air Lamp,1857,nm,absorbance,720.3977572150297
727.597,340.184808,8205422b-9eff-4701-a582-6dd473d526e9,Air Lamp,1858,nm,absorbance,720.588334114051
727.789,332.000376,8205422b-9eff-4701-a582-6dd473d526e9,Air Lamp,1859,nm,absorbance,720.7789110130723
727.981,323.939622,8205422b-9eff-4701-a582-6dd473d526e9,Air Lamp,1860,nm,absorbance,720.9694879120935
728.173,322.066952,8205422b-9eff-4701-a582-6dd473d526e9,Air Lamp,1861,nm,absorbance,721.1600648111148
728.365,312.819356,8205422b-9eff-4701-a582-6dd473d526e9,Air Lamp,1862,nm,absorbance,721.3506417101362
728.556,302.76909400000005,8205422b-9eff-4701-a582-6dd473d526e9,Air Lamp,1863,nm,absorbance,721.5402260211417
728.748,297.662678,8205422b-9eff-4701-a582-6dd473d526e9,Air Lamp,1864,nm,absorbance,721.730802920163
728.94,295.111401,8205422b-9eff-4701-a582-6dd473d526e9,Air Lamp,1865,nm,absorbance,721.9213798191843
729.132,295.53417300000007,8205422b-9eff-4701-a582-6dd473d526e9,Air Lamp,1866,nm,absorbance,722.1119567182054
729.324,291.41276500000004,8205422b-9eff-4701-a582-6dd473d526e9,Air Lamp,1867,nm,absorbance,722.3025336172267
729.515,289.83478500000007,8205422b-9eff-4701-a582-6dd473d526e9,Air Lamp,1868,nm,absorbance,722.4921179282323
729.707,285.68134899999995,8205422b-9eff-4701-a582-6dd473d526e9,Air Lamp,1869,nm,absorbance,722.6826948272536
729.899,286.541185,8205422b-9eff-4701-a582-6dd473d526e9,Air Lamp,1870,nm,absorbance,722.8732717262749
730.09,282.904207,8205422b-9eff-4701-a582-6dd473d526e9,Air Lamp,1871,nm,absorbance,723.0628560372804
730.282,284.08595,8205422b-9eff-4701-a582-6dd473d526e9,Air Lamp,1872,nm,absorbance,723.2534329363018
730.474,279.142447,8205422b-9eff-4701-a582-6dd473d526e9,Air Lamp,1873,nm,absorbance,723.4440098353231
730.665,282.10810200000003,8205422b-9eff-4701-a582-6dd473d526e9,Air Lamp,1874,nm,absorbance,723.6335941463285
730.857,287.07523000000003,8205422b-9eff-4701-a582-6dd473d526e9,Air Lamp,1875,nm,absorbance,723.8241710453498
731.049,296.08036400000003,8205422b-9eff-4701-a582-6dd473d526e9,Air Lamp,1876,nm,absorbance,724.014747944371
731.24,296.59046199999995,8205422b-9eff-4701-a582-6dd473d526e9,Air Lamp,1877,nm,absorbance,724.2043322553767
731.432,296.598188,8205422b-9eff-4701-a582-6dd473d526e9,Air Lamp,1878,nm,absorbance,724.394909154398
731.623,292.142891,8205422b-9eff-4701-a582-6dd473d526e9,Air Lamp,1879,nm,absorbance,724.5844934654035
731.815,293.727974,8205422b-9eff-4701-a582-6dd473d526e9,Air Lamp,1880,nm,absorbance,724.7750703644248
732.006,288.55009099999995,8205422b-9eff-4701-a582-6dd473d526e9,Air Lamp,1881,nm,absorbance,724.9646546754302
732.198,286.572844,8205422b-9eff-4701-a582-6dd473d526e9,Air Lamp,1882,nm,absorbance,725.1552315744516
732.389,282.520865,8205422b-9eff-4701-a582-6dd473d526e9,Air Lamp,1883,nm,absorbance,725.3448158854571
732.581,286.82234500000004,8205422b-9eff-4701-a582-6dd473d526e9,Air Lamp,1884,nm,absorbance,725.5353927844784
732.772,288.55533699999995,8205422b-9eff-4701-a582-6dd473d526e9,Air Lamp,1885,nm,absorbance,725.724977095484
732.964,286.877814,8205422b-9eff-4701-a582-6dd473d526e9,Air Lamp,1886,nm,absorbance,725.9155539945053
733.155,286.184462,8205422b-9eff-4701-a582-6dd473d526e9,Air Lamp,1887,nm,absorbance,726.1051383055108
733.347,285.05728700000003,8205422b-9eff-4701-a582-6dd473d526e9,Air Lamp,1888,nm,absorbance,726.295715204532
733.538,290.703475,8205422b-9eff-4701-a582-6dd473d526e9,Air Lamp,1889,nm,absorbance,726.4852995155376
733.729,293.688073,8205422b-9eff-4701-a582-6dd473d526e9,Air Lamp,1890,nm,absorbance,726.6748838265431
733.921,294.211985,8205422b-9eff-4701-a582-6dd473d526e9,Air Lamp,1891,nm,absorbance,726.8654607255645
734.112,289.269483,8205422b-9eff-4701-a582-6dd473d526e9,Air Lamp,1892,nm,absorbance,727.0550450365699
734.304,284.03737600000005,8205422b-9eff-4701-a582-6dd473d526e9,Air Lamp,1893,nm,absorbance,727.2456219355912
734.495,282.07231900000005,8205422b-9eff-4701-a582-6dd473d526e9,Air Lamp,1894,nm,absorbance,727.4352062465967
734.686,284.38732400000004,8205422b-9eff-4701-a582-6dd473d526e9,Air Lamp,1895,nm,absorbance,727.6247905576024
734.877,284.43049,8205422b-9eff-4701-a582-6dd473d526e9,Air Lamp,1896,nm,absorbance,727.8143748686078
735.069,283.26343,8205422b-9eff-4701-a582-6dd473d526e9,Air Lamp,1897,nm,absorbance,728.0049517676291
735.26,284.70031299999994,8205422b-9eff-4701-a582-6dd473d526e9,Air Lamp,1898,nm,absorbance,728.1945360786347
735.451,285.51557,8205422b-9eff-4701-a582-6dd473d526e9,Air Lamp,1899,nm,absorbance,728.3841203896402
735.643,294.65510299999994,8205422b-9eff-4701-a582-6dd473d526e9,Air Lamp,1900,nm,absorbance,728.5746972886616
735.834,298.479687,8205422b-9eff-4701-a582-6dd473d526e9,Air Lamp,1901,nm,absorbance,728.764281599667
736.025,305.84784,8205422b-9eff-4701-a582-6dd473d526e9,Air Lamp,1902,nm,absorbance,728.9538659106726
736.216,309.17481,8205422b-9eff-4701-a582-6dd473d526e9,Air Lamp,1903,nm,absorbance,729.1434502216781
736.407,317.034265,8205422b-9eff-4701-a582-6dd473d526e9,Air Lamp,1904,nm,absorbance,729.3330345326838
736.599,326.019493,8205422b-9eff-4701-a582-6dd473d526e9,Air Lamp,1905,nm,absorbance,729.523611431705
736.79,328.263455,8205422b-9eff-4701-a582-6dd473d526e9,Air Lamp,1906,nm,absorbance,729.7131957427105
736.981,330.570901,8205422b-9eff-4701-a582-6dd473d526e9,Air Lamp,1907,nm,absorbance,729.902780053716
737.172,334.85368099999994,8205422b-9eff-4701-a582-6dd473d526e9,Air Lamp,1908,nm,absorbance,730.0923643647217
737.363,337.86169,8205422b-9eff-4701-a582-6dd473d526e9,Air Lamp,1909,nm,absorbance,730.2819486757272
737.554,342.58805099999995,8205422b-9eff-4701-a582-6dd473d526e9,Air Lamp,1910,nm,absorbance,730.4715329867327
737.745,348.6061430000001,8205422b-9eff-4701-a582-6dd473d526e9,Air Lamp,1911,nm,absorbance,730.6611172977382
737.936,357.27450300000004,8205422b-9eff-4701-a582-6dd473d526e9,Air Lamp,1912,nm,absorbance,730.8507016087439
738.127,363.0338330000001,8205422b-9eff-4701-a582-6dd473d526e9,Air Lamp,1913,nm,absorbance,731.0402859197493
738.318,361.494583,8205422b-9eff-4701-a582-6dd473d526e9,Air Lamp,1914,nm,absorbance,731.2298702307548
738.509,366.479093,8205422b-9eff-4701-a582-6dd473d526e9,Air Lamp,1915,nm,absorbance,731.4194545417604
738.7,373.0520450000001,8205422b-9eff-4701-a582-6dd473d526e9,Air Lamp,1916,nm,absorbance,731.609038852766
738.891,381.385081,8205422b-9eff-4701-a582-6dd473d526e9,Air Lamp,1917,nm,absorbance,731.7986231637715
739.082,387.99429900000007,8205422b-9eff-4701-a582-6dd473d526e9,Air Lamp,1918,nm,absorbance,731.988207474777
739.273,392.097407,8205422b-9eff-4701-a582-6dd473d526e9,Air Lamp,1919,nm,absorbance,732.1777917857826
739.464,399.931698,8205422b-9eff-4701-a582-6dd473d526e9,Air Lamp,1920,nm,absorbance,732.3673760967882
739.655,402.637385,8205422b-9eff-4701-a582-6dd473d526e9,Air Lamp,1921,nm,absorbance,732.5569604077937
739.846,405.68279,8205422b-9eff-4701-a582-6dd473d526e9,Air Lamp,1922,nm,absorbance,732.7465447187992
740.037,410.580476,8205422b-9eff-4701-a582-6dd473d526e9,Air Lamp,1923,nm,absorbance,732.9361290298048
740.228,417.636707,8205422b-9eff-4701-a582-6dd473d526e9,Air Lamp,1924,nm,absorbance,733.1257133408103
740.419,425.166493,8205422b-9eff-4701-a582-6dd473d526e9,Air Lamp,1925,nm,absorbance,733.3152976518159
740.609,427.346861,8205422b-9eff-4701-a582-6dd473d526e9,Air Lamp,1926,nm,absorbance,733.5038893748057
740.8,430.583817,8205422b-9eff-4701-a582-6dd473d526e9,Air Lamp,1927,nm,absorbance,733.6934736858111
740.991,427.719696,8205422b-9eff-4701-a582-6dd473d526e9,Air Lamp,1928,nm,absorbance,733.8830579968168
741.182,427.84955500000007,8205422b-9eff-4701-a582-6dd473d526e9,Air Lamp,1929,nm,absorbance,734.0726423078223
741.373,433.091632,8205422b-9eff-4701-a582-6dd473d526e9,Air Lamp,1930,nm,absorbance,734.2622266188279
741.563,437.498204,8205422b-9eff-4701-a582-6dd473d526e9,Air Lamp,1931,nm,absorbance,734.4508183418176
741.754,440.5705029999999,8205422b-9eff-4701-a582-6dd473d526e9,Air Lamp,1932,nm,absorbance,734.6404026528232
741.945,444.561464,8205422b-9eff-4701-a582-6dd473d526e9,Air Lamp,1933,nm,absorbance,734.8299869638288
742.136,451.23226,8205422b-9eff-4701-a582-6dd473d526e9,Air Lamp,1934,nm,absorbance,735.0195712748342
742.326,456.065888,8205422b-9eff-4701-a582-6dd473d526e9,Air Lamp,1935,nm,absorbance,735.2081629978242
742.517,457.66280499999993,8205422b-9eff-4701-a582-6dd473d526e9,Air Lamp,1936,nm,absorbance,735.3977473088297
742.708,455.826254,8205422b-9eff-4701-a582-6dd473d526e9,Air Lamp,1937,nm,absorbance,735.5873316198351
742.898,456.203767,8205422b-9eff-4701-a582-6dd473d526e9,Air Lamp,1938,nm,absorbance,735.775923342825
743.089,451.4253559999999,8205422b-9eff-4701-a582-6dd473d526e9,Air Lamp,1939,nm,absorbance,735.9655076538306
743.28,449.293327,8205422b-9eff-4701-a582-6dd473d526e9,Air Lamp,1940,nm,absorbance,736.1550919648361
743.47,449.126433,8205422b-9eff-4701-a582-6dd473d526e9,Air Lamp,1941,nm,absorbance,736.3436836878259
743.661,455.153298,8205422b-9eff-4701-a582-6dd473d526e9,Air Lamp,1942,nm,absorbance,736.5332679988313
743.851,464.561843,8205422b-9eff-4701-a582-6dd473d526e9,Air Lamp,1943,nm,absorbance,736.7218597218213
744.042,464.1801379999999,8205422b-9eff-4701-a582-6dd473d526e9,Air Lamp,1944,nm,absorbance,736.9114440328268
744.233,462.882932,8205422b-9eff-4701-a582-6dd473d526e9,Air Lamp,1945,nm,absorbance,737.1010283438322
744.423,458.6155379999999,8205422b-9eff-4701-a582-6dd473d526e9,Air Lamp,1946,nm,absorbance,737.2896200668222
744.614,457.700275,8205422b-9eff-4701-a582-6dd473d526e9,Air Lamp,1947,nm,absorbance,737.4792043778277
744.804,454.38614,8205422b-9eff-4701-a582-6dd473d526e9,Air Lamp,1948,nm,absorbance,737.6677961008174
744.995,448.033824,8205422b-9eff-4701-a582-6dd473d526e9,Air Lamp,1949,nm,absorbance,737.857380411823
745.185,451.702259,8205422b-9eff-4701-a582-6dd473d526e9,Air Lamp,1950,nm,absorbance,738.0459721348128
745.376,448.019415,8205422b-9eff-4701-a582-6dd473d526e9,Air Lamp,1951,nm,absorbance,738.2355564458184
745.566,453.553489,8205422b-9eff-4701-a582-6dd473d526e9,Air Lamp,1952,nm,absorbance,738.4241481688082
745.756,445.603636,8205422b-9eff-4701-a582-6dd473d526e9,Air Lamp,1953,nm,absorbance,738.612739891798
745.947,445.98982,8205422b-9eff-4701-a582-6dd473d526e9,Air Lamp,1954,nm,absorbance,738.8023242028036
746.137,443.786229,8205422b-9eff-4701-a582-6dd473d526e9,Air Lamp,1955,nm,absorbance,738.9909159257933
746.328,441.414881,8205422b-9eff-4701-a582-6dd473d526e9,Air Lamp,1956,nm,absorbance,739.1805002367988
746.518,440.955937,8205422b-9eff-4701-a582-6dd473d526e9,Air Lamp,1957,nm,absorbance,739.3690919597888
746.708,439.070657,8205422b-9eff-4701-a582-6dd473d526e9,Air Lamp,1958,nm,absorbance,739.5576836827785
746.899,439.2950239999999,8205422b-9eff-4701-a582-6dd473d526e9,Air Lamp,1959,nm,absorbance,739.747267993784
747.089,444.79124200000007,8205422b-9eff-4701-a582-6dd473d526e9,Air Lamp,1960,nm,absorbance,739.935859716774
747.279,444.0128140000001,8205422b-9eff-4701-a582-6dd473d526e9,Air Lamp,1961,nm,absorbance,740.1244514397637
747.47,455.269627,8205422b-9eff-4701-a582-6dd473d526e9,Air Lamp,1962,nm,absorbance,740.3140357507692
747.66,454.2636520000001,8205422b-9eff-4701-a582-6dd473d526e9,Air Lamp,1963,nm,absorbance,740.502627473759
747.85,459.263718,8205422b-9eff-4701-a582-6dd473d526e9,Air Lamp,1964,nm,absorbance,740.6912191967489
748.04,454.5864930000001,8205422b-9eff-4701-a582-6dd473d526e9,Air Lamp,1965,nm,absorbance,740.8798109197386
748.231,457.7266170000001,8205422b-9eff-4701-a582-6dd473d526e9,Air Lamp,1966,nm,absorbance,741.0693952307441
748.421,457.856854,8205422b-9eff-4701-a582-6dd473d526e9,Air Lamp,1967,nm,absorbance,741.2579869537341
748.611,465.9495819999999,8205422b-9eff-4701-a582-6dd473d526e9,Air Lamp,1968,nm,absorbance,741.4465786767238
748.801,466.9179009999999,8205422b-9eff-4701-a582-6dd473d526e9,Air Lamp,1969,nm,absorbance,741.6351703997136
748.991,473.288486,8205422b-9eff-4701-a582-6dd473d526e9,Air Lamp,1970,nm,absorbance,741.8237621227034
749.182,471.072789,8205422b-9eff-4701-a582-6dd473d526e9,Air Lamp,1971,nm,absorbance,742.013346433709
749.372,473.46591899999993,8205422b-9eff-4701-a582-6dd473d526e9,Air Lamp,1972,nm,absorbance,742.2019381566987
749.562,483.676263,8205422b-9eff-4701-a582-6dd473d526e9,Air Lamp,1973,nm,absorbance,742.3905298796886
749.752,495.9825220000001,8205422b-9eff-4701-a582-6dd473d526e9,Air Lamp,1974,nm,absorbance,742.5791216026784
749.942,506.144831,8205422b-9eff-4701-a582-6dd473d526e9,Air Lamp,1975,nm,absorbance,742.7677133256682
750.132,508.19341900000006,8205422b-9eff-4701-a582-6dd473d526e9,Air Lamp,1976,nm,absorbance,742.9563050486579
750.322,512.637117,8205422b-9eff-4701-a582-6dd473d526e9,Air Lamp,1977,nm,absorbance,743.1448967716478
750.512,518.581455,8205422b-9eff-4701-a582-6dd473d526e9,Air Lamp,1978,nm,absorbance,743.3334884946375
750.702,529.957626,8205422b-9eff-4701-a582-6dd473d526e9,Air Lamp,1979,nm,absorbance,743.5220802176274
750.892,542.9217060000001,8205422b-9eff-4701-a582-6dd473d526e9,Air Lamp,1980,nm,absorbance,743.7106719406173
751.082,556.323302,8205422b-9eff-4701-a582-6dd473d526e9,Air Lamp,1981,nm,absorbance,743.899263663607
751.272,568.7918400000001,8205422b-9eff-4701-a582-6dd473d526e9,Air Lamp,1982,nm,absorbance,744.0878553865969
751.462,578.751696,8205422b-9eff-4701-a582-6dd473d526e9,Air Lamp,1983,nm,absorbance,744.2764471095867
751.652,591.8682220000001,8205422b-9eff-4701-a582-6dd473d526e9,Air Lamp,1984,nm,absorbance,744.4650388325765
751.842,597.2224289999999,8205422b-9eff-4701-a582-6dd473d526e9,Air Lamp,1985,nm,absorbance,744.6536305555662
752.032,608.8108880000001,8205422b-9eff-4701-a582-6dd473d526e9,Air Lamp,1986,nm,absorbance,744.8422222785562
752.222,618.48861,8205422b-9eff-4701-a582-6dd473d526e9,Air Lamp,1987,nm,absorbance,745.0308140015459
752.412,629.6944599999999,8205422b-9eff-4701-a582-6dd473d526e9,Air Lamp,1988,nm,absorbance,745.2194057245357
752.602,637.362835,8205422b-9eff-4701-a582-6dd473d526e9,Air Lamp,1989,nm,absorbance,745.4079974475255
752.792,650.8499170000001,8205422b-9eff-4701-a582-6dd473d526e9,Air Lamp,1990,nm,absorbance,745.5965891705154
752.981,662.636272,8205422b-9eff-4701-a582-6dd473d526e9,Air Lamp,1991,nm,absorbance,745.7841883054894
753.171,674.3885980000001,8205422b-9eff-4701-a582-6dd473d526e9,Air Lamp,1992,nm,absorbance,745.9727800284793
753.361,679.9461990000001,8205422b-9eff-4701-a582-6dd473d526e9,Air Lamp,1993,nm,absorbance,746.161371751469
753.551,686.625222,8205422b-9eff-4701-a582-6dd473d526e9,Air Lamp,1994,nm,absorbance,746.3499634744588
753.741,688.889158,8205422b-9eff-4701-a582-6dd473d526e9,Air Lamp,1995,nm,absorbance,746.5385551974487
753.93,692.5079,8205422b-9eff-4701-a582-6dd473d526e9,Air Lamp,1996,nm,absorbance,746.7261543324227
754.12,692.827489,8205422b-9eff-4701-a582-6dd473d526e9,Air Lamp,1997,nm,absorbance,746.9147460554125
754.31,696.361377,8205422b-9eff-4701-a582-6dd473d526e9,Air Lamp,1998,nm,absorbance,747.1033377784023
754.5,695.6990179999999,8205422b-9eff-4701-a582-6dd473d526e9,Air Lamp,1999,nm,absorbance,747.2919295013921
754.689,695.318184,8205422b-9eff-4701-a582-6dd473d526e9,Air Lamp,2000,nm,absorbance,747.4795286363661
754.879,688.940887,8205422b-9eff-4701-a582-6dd473d526e9,Air Lamp,2001,nm,absorbance,747.6681203593561
755.069,682.7386859999999,8205422b-9eff-4701-a582-6dd473d526e9,Air Lamp,2002,nm,absorbance,747.8567120823458
755.258,674.890285,8205422b-9eff-4701-a582-6dd473d526e9,Air Lamp,2003,nm,absorbance,748.0443112173199
755.448,665.849181,8205422b-9eff-4701-a582-6dd473d526e9,Air Lamp,2004,nm,absorbance,748.2329029403097
755.638,658.721863,8205422b-9eff-4701-a582-6dd473d526e9,Air Lamp,2005,nm,absorbance,748.4214946632995
755.827,651.909906,8205422b-9eff-4701-a582-6dd473d526e9,Air Lamp,2006,nm,absorbance,748.6090937982735
756.017,646.240873,8205422b-9eff-4701-a582-6dd473d526e9,Air Lamp,2007,nm,absorbance,748.7976855212635
756.206,641.10114,8205422b-9eff-4701-a582-6dd473d526e9,Air Lamp,2008,nm,absorbance,748.9852846562375
756.396,633.2494709999999,8205422b-9eff-4701-a582-6dd473d526e9,Air Lamp,2009,nm,absorbance,749.1738763792272
756.586,625.5383119999999,8205422b-9eff-4701-a582-6dd473d526e9,Air Lamp,2010,nm,absorbance,749.3624681022171
756.775,612.44751,8205422b-9eff-4701-a582-6dd473d526e9,Air Lamp,2011,nm,absorbance,749.5500672371911
756.965,602.161178,8205422b-9eff-4701-a582-6dd473d526e9,Air Lamp,2012,nm,absorbance,749.7386589601809
757.154,590.388757,8205422b-9eff-4701-a582-6dd473d526e9,Air Lamp,2013,nm,absorbance,749.926258095155
757.344,579.0562320000001,8205422b-9eff-4701-a582-6dd473d526e9,Air Lamp,2014,nm,absorbance,750.1148498181449
757.533,575.0064290000001,8205422b-9eff-4701-a582-6dd473d526e9,Air Lamp,2015,nm,absorbance,750.3024489531189
757.723,565.387669,8205422b-9eff-4701-a582-6dd473d526e9,Air Lamp,2016,nm,absorbance,750.4910406761087
757.912,557.111162,8205422b-9eff-4701-a582-6dd473d526e9,Air Lamp,2017,nm,absorbance,750.6786398110828
758.101,547.935613,8205422b-9eff-4701-a582-6dd473d526e9,Air Lamp,2018,nm,absorbance,750.8662389460569
758.291,541.196272,8205422b-9eff-4701-a582-6dd473d526e9,Air Lamp,2019,nm,absorbance,751.0548306690467
758.48,538.778899,8205422b-9eff-4701-a582-6dd473d526e9,Air Lamp,2020,nm,absorbance,751.2424298040207
758.67,528.33871,8205422b-9eff-4701-a582-6dd473d526e9,Air Lamp,2021,nm,absorbance,751.4310215270106
758.859,526.491735,8205422b-9eff-4701-a582-6dd473d526e9,Air Lamp,2022,nm,absorbance,751.6186206619847
759.048,520.884139,8205422b-9eff-4701-a582-6dd473d526e9,Air Lamp,2023,nm,absorbance,751.8062197969587
759.238,517.9061549999999,8205422b-9eff-4701-a582-6dd473d526e9,Air Lamp,2024,nm,absorbance,751.9948115199486
759.427,504.940648,8205422b-9eff-4701-a582-6dd473d526e9,Air Lamp,2025,nm,absorbance,752.1824106549226
759.616,496.767169,8205422b-9eff-4701-a582-6dd473d526e9,Air Lamp,2026,nm,absorbance,752.3700097898966
759.806,493.31963800000005,8205422b-9eff-4701-a582-6dd473d526e9,Air Lamp,2027,nm,absorbance,752.5586015128865
759.995,499.39188700000005,8205422b-9eff-4701-a582-6dd473d526e9,Air Lamp,2028,nm,absorbance,752.7462006478605
760.184,496.9586450000001,8205422b-9eff-4701-a582-6dd473d526e9,Air Lamp,2029,nm,absorbance,752.9337997828345
760.373,492.1962660000001,8205422b-9eff-4701-a582-6dd473d526e9,Air Lamp,2030,nm,absorbance,753.1213989178087
760.563,486.091548,8205422b-9eff-4701-a582-6dd473d526e9,Air Lamp,2031,nm,absorbance,753.3099906407984
760.752,484.489599,8205422b-9eff-4701-a582-6dd473d526e9,Air Lamp,2032,nm,absorbance,753.4975897757726
760.941,482.7018790000001,8205422b-9eff-4701-a582-6dd473d526e9,Air Lamp,2033,nm,absorbance,753.6851889107467
761.13,478.25628,8205422b-9eff-4701-a582-6dd473d526e9,Air Lamp,2034,nm,absorbance,753.8727880457207
761.319,475.69794100000007,8205422b-9eff-4701-a582-6dd473d526e9,Air Lamp,2035,nm,absorbance,754.0603871806948
761.509,477.7407630000001,8205422b-9eff-4701-a582-6dd473d526e9,Air Lamp,2036,nm,absorbance,754.2489789036846
761.698,484.6380380000001,8205422b-9eff-4701-a582-6dd473d526e9,Air Lamp,2037,nm,absorbance,754.4365780386586
761.887,494.25792600000005,8205422b-9eff-4701-a582-6dd473d526e9,Air Lamp,2038,nm,absorbance,754.6241771736327
762.076,500.613267,8205422b-9eff-4701-a582-6dd473d526e9,Air Lamp,2039,nm,absorbance,754.8117763086068
762.265,512.199401,8205422b-9eff-4701-a582-6dd473d526e9,Air Lamp,2040,nm,absorbance,754.9993754435809
762.454,518.240345,8205422b-9eff-4701-a582-6dd473d526e9,Air Lamp,2041,nm,absorbance,755.1869745785549
762.643,527.610744,8205422b-9eff-4701-a582-6dd473d526e9,Air Lamp,2042,nm,absorbance,755.374573713529
762.832,534.4837030000001,8205422b-9eff-4701-a582-6dd473d526e9,Air Lamp,2043,nm,absorbance,755.5621728485031
763.021,544.589726,8205422b-9eff-4701-a582-6dd473d526e9,Air Lamp,2044,nm,absorbance,755.7497719834771
763.21,550.2094749999999,8205422b-9eff-4701-a582-6dd473d526e9,Air Lamp,2045,nm,absorbance,755.9373711184512
763.399,559.744946,8205422b-9eff-4701-a582-6dd473d526e9,Air Lamp,2046,nm,absorbance,756.1249702534253
763.588,568.8836589999999,8205422b-9eff-4701-a582-6dd473d526e9,Air Lamp,2047,nm,absorbance,756.3125693883993
763.777,577.378074,8205422b-9eff-4701-a582-6dd473d526e9,Air Lamp,2048,nm,absorbance,756.5001685233735
763.966,580.672783,8205422b-9eff-4701-a582-6dd473d526e9,Air Lamp,2049,nm,absorbance,756.6877676583475
764.155,582.836204,8205422b-9eff-4701-a582-6dd473d526e9,Air Lamp,2050,nm,absorbance,756.8753667933215
764.344,592.376844,8205422b-9eff-4701-a582-6dd473d526e9,Air Lamp,2051,nm,absorbance,757.0629659282957
764.533,594.991873,8205422b-9eff-4701-a582-6dd473d526e9,Air Lamp,2052,nm,absorbance,757.2505650632697
764.722,593.3455019999999,8205422b-9eff-4701-a582-6dd473d526e9,Air Lamp,2053,nm,absorbance,757.4381641982438
764.911,594.6043420000001,8205422b-9eff-4701-a582-6dd473d526e9,Air Lamp,2054,nm,absorbance,757.6257633332178
765.1,593.71531,8205422b-9eff-4701-a582-6dd473d526e9,Air Lamp,2055,nm,absorbance,757.8133624681919
765.288,604.43445,8205422b-9eff-4701-a582-6dd473d526e9,Air Lamp,2056,nm,absorbance,757.9999690151503
765.477,598.052754,8205422b-9eff-4701-a582-6dd473d526e9,Air Lamp,2057,nm,absorbance,758.1875681501243
765.666,607.459599,8205422b-9eff-4701-a582-6dd473d526e9,Air Lamp,2058,nm,absorbance,758.3751672850985
765.855,601.5816169999999,8205422b-9eff-4701-a582-6dd473d526e9,Air Lamp,2059,nm,absorbance,758.5627664200725
766.044,607.098917,8205422b-9eff-4701-a582-6dd473d526e9,Air Lamp,2060,nm,absorbance,758.7503655550465
766.232,600.6353750000001,8205422b-9eff-4701-a582-6dd473d526e9,Air Lamp,2061,nm,absorbance,758.9369721020049
766.421,599.6619540000002,8205422b-9eff-4701-a582-6dd473d526e9,Air Lamp,2062,nm,absorbance,759.124571236979
766.61,597.953319,8205422b-9eff-4701-a582-6dd473d526e9,Air Lamp,2063,nm,absorbance,759.3121703719531
766.799,597.0727039999999,8205422b-9eff-4701-a582-6dd473d526e9,Air Lamp,2064,nm,absorbance,759.4997695069271
766.987,594.0226110000001,8205422b-9eff-4701-a582-6dd473d526e9,Air Lamp,2065,nm,absorbance,759.6863760538854
767.176,586.061706,8205422b-9eff-4701-a582-6dd473d526e9,Air Lamp,2066,nm,absorbance,759.8739751888596
767.365,575.0198130000001,8205422b-9eff-4701-a582-6dd473d526e9,Air Lamp,2067,nm,absorbance,760.0615743238336
767.553,565.754645,8205422b-9eff-4701-a582-6dd473d526e9,Air Lamp,2068,nm,absorbance,760.248180870792
767.742,557.067434,8205422b-9eff-4701-a582-6dd473d526e9,Air Lamp,2069,nm,absorbance,760.435780005766
767.931,554.584911,8205422b-9eff-4701-a582-6dd473d526e9,Air Lamp,2070,nm,absorbance,760.6233791407401
768.119,543.8259949999999,8205422b-9eff-4701-a582-6dd473d526e9,Air Lamp,2071,nm,absorbance,760.8099856876985
768.308,538.0151119999999,8205422b-9eff-4701-a582-6dd473d526e9,Air Lamp,2072,nm,absorbance,760.9975848226725
768.497,525.2673759999999,8205422b-9eff-4701-a582-6dd473d526e9,Air Lamp,2073,nm,absorbance,761.1851839576466
768.685,517.4438509999999,8205422b-9eff-4701-a582-6dd473d526e9,Air Lamp,2074,nm,absorbance,761.3717905046049
768.874,503.096953,8205422b-9eff-4701-a582-6dd473d526e9,Air Lamp,2075,nm,absorbance,761.559389639579
769.062,487.91553700000014,8205422b-9eff-4701-a582-6dd473d526e9,Air Lamp,2076,nm,absorbance,761.7459961865374
769.251,477.572905,8205422b-9eff-4701-a582-6dd473d526e9,Air Lamp,2077,nm,absorbance,761.9335953215113
769.439,469.06335100000007,8205422b-9eff-4701-a582-6dd473d526e9,Air Lamp,2078,nm,absorbance,762.1202018684697
769.628,463.42111000000006,8205422b-9eff-4701-a582-6dd473d526e9,Air Lamp,2079,nm,absorbance,762.3078010034438
769.816,452.622159,8205422b-9eff-4701-a582-6dd473d526e9,Air Lamp,2080,nm,absorbance,762.4944075504022
770.005,440.191387,8205422b-9eff-4701-a582-6dd473d526e9,Air Lamp,2081,nm,absorbance,762.6820066853762
770.193,431.800807,8205422b-9eff-4701-a582-6dd473d526e9,Air Lamp,2082,nm,absorbance,762.8686132323345
770.382,420.23165,8205422b-9eff-4701-a582-6dd473d526e9,Air Lamp,2083,nm,absorbance,763.0562123673086
770.57,411.822821,8205422b-9eff-4701-a582-6dd473d526e9,Air Lamp,2084,nm,absorbance,763.242818914267
770.758,401.613514,8205422b-9eff-4701-a582-6dd473d526e9,Air Lamp,2085,nm,absorbance,763.4294254612254
770.947,391.081769,8205422b-9eff-4701-a582-6dd473d526e9,Air Lamp,2086,nm,absorbance,763.6170245961994
771.135,379.593979,8205422b-9eff-4701-a582-6dd473d526e9,Air Lamp,2087,nm,absorbance,763.8036311431576
771.323,367.510035,8205422b-9eff-4701-a582-6dd473d526e9,Air Lamp,2088,nm,absorbance,763.990237690116
771.512,365.354749,8205422b-9eff-4701-a582-6dd473d526e9,Air Lamp,2089,nm,absorbance,764.17783682509
771.7,356.95220200000006,8205422b-9eff-4701-a582-6dd473d526e9,Air Lamp,2090,nm,absorbance,764.3644433720485
771.888,350.30789,8205422b-9eff-4701-a582-6dd473d526e9,Air Lamp,2091,nm,absorbance,764.5510499190068
772.077,343.735768,8205422b-9eff-4701-a582-6dd473d526e9,Air Lamp,2092,nm,absorbance,764.7386490539809
772.265,345.05037000000004,8205422b-9eff-4701-a582-6dd473d526e9,Air Lamp,2093,nm,absorbance,764.9252556009392
772.453,342.145483,8205422b-9eff-4701-a582-6dd473d526e9,Air Lamp,2094,nm,absorbance,765.1118621478976
772.642,337.24105800000007,8205422b-9eff-4701-a582-6dd473d526e9,Air Lamp,2095,nm,absorbance,765.2994612828717
772.83,331.209161,8205422b-9eff-4701-a582-6dd473d526e9,Air Lamp,2096,nm,absorbance,765.48606782983
773.018,324.019207,8205422b-9eff-4701-a582-6dd473d526e9,Air Lamp,2097,nm,absorbance,765.6726743767883
773.206,325.508413,8205422b-9eff-4701-a582-6dd473d526e9,Air Lamp,2098,nm,absorbance,765.8592809237466
773.394,326.219728,8205422b-9eff-4701-a582-6dd473d526e9,Air Lamp,2099,nm,absorbance,766.045887470705
773.583,333.75315599999993,8205422b-9eff-4701-a582-6dd473d526e9,Air Lamp,2100,nm,absorbance,766.233486605679
773.771,329.636679,8205422b-9eff-4701-a582-6dd473d526e9,Air Lamp,2101,nm,absorbance,766.4200931526374
773.959,331.941307,8205422b-9eff-4701-a582-6dd473d526e9,Air Lamp,2102,nm,absorbance,766.6066996995957
774.147,330.204324,8205422b-9eff-4701-a582-6dd473d526e9,Air Lamp,2103,nm,absorbance,766.793306246554
774.335,330.779742,8205422b-9eff-4701-a582-6dd473d526e9,Air Lamp,2104,nm,absorbance,766.9799127935124
774.523,331.216277,8205422b-9eff-4701-a582-6dd473d526e9,Air Lamp,2105,nm,absorbance,767.1665193404707
774.711,337.415291,8205422b-9eff-4701-a582-6dd473d526e9,Air Lamp,2106,nm,absorbance,767.3531258874291
774.899,341.37413000000004,8205422b-9eff-4701-a582-6dd473d526e9,Air Lamp,2107,nm,absorbance,767.5397324343874
775.087,345.7654509999999,8205422b-9eff-4701-a582-6dd473d526e9,Air Lamp,2108,nm,absorbance,767.7263389813457
775.275,344.930014,8205422b-9eff-4701-a582-6dd473d526e9,Air Lamp,2109,nm,absorbance,767.912945528304
775.463,357.801688,8205422b-9eff-4701-a582-6dd473d526e9,Air Lamp,2110,nm,absorbance,768.0995520752624
775.651,361.683409,8205422b-9eff-4701-a582-6dd473d526e9,Air Lamp,2111,nm,absorbance,768.2861586222207
775.839,370.317767,8205422b-9eff-4701-a582-6dd473d526e9,Air Lamp,2112,nm,absorbance,768.4727651691791
776.027,369.575107,8205422b-9eff-4701-a582-6dd473d526e9,Air Lamp,2113,nm,absorbance,768.6593717161375
776.215,376.92113200000006,8205422b-9eff-4701-a582-6dd473d526e9,Air Lamp,2114,nm,absorbance,768.8459782630957
776.403,379.923442,8205422b-9eff-4701-a582-6dd473d526e9,Air Lamp,2115,nm,absorbance,769.0325848100541
776.591,385.83422600000006,8205422b-9eff-4701-a582-6dd473d526e9,Air Lamp,2116,nm,absorbance,769.2191913570124
776.779,384.8346130000001,8205422b-9eff-4701-a582-6dd473d526e9,Air Lamp,2117,nm,absorbance,769.4057979039708
776.967,390.91298000000006,8205422b-9eff-4701-a582-6dd473d526e9,Air Lamp,2118,nm,absorbance,769.592404450929
777.155,390.126122,8205422b-9eff-4701-a582-6dd473d526e9,Air Lamp,2119,nm,absorbance,769.7790109978874
777.343,403.639427,8205422b-9eff-4701-a582-6dd473d526e9,Air Lamp,2120,nm,absorbance,769.9656175448457
777.531,400.1749640000001,8205422b-9eff-4701-a582-6dd473d526e9,Air Lamp,2121,nm,absorbance,770.1522240918041
777.718,406.488581,8205422b-9eff-4701-a582-6dd473d526e9,Air Lamp,2122,nm,absorbance,770.3378380507467
777.906,400.3452270000001,8205422b-9eff-4701-a582-6dd473d526e9,Air Lamp,2123,nm,absorbance,770.5244445977049
778.094,410.436738,8205422b-9eff-4701-a582-6dd473d526e9,Air Lamp,2124,nm,absorbance,770.7110511446634
778.282,417.489406,8205422b-9eff-4701-a582-6dd473d526e9,Air Lamp,2125,nm,absorbance,770.8976576916217
778.47,431.7189880000001,8205422b-9eff-4701-a582-6dd473d526e9,Air Lamp,2126,nm,absorbance,771.0842642385801
778.657,446.4179830000001,8205422b-9eff-4701-a582-6dd473d526e9,Air Lamp,2127,nm,absorbance,771.2698781975226
778.845,461.07594200000005,8205422b-9eff-4701-a582-6dd473d526e9,Air Lamp,2128,nm,absorbance,771.456484744481
779.033,477.08681899999993,8205422b-9eff-4701-a582-6dd473d526e9,Air Lamp,2129,nm,absorbance,771.6430912914393
779.22,488.76064,8205422b-9eff-4701-a582-6dd473d526e9,Air Lamp,2130,nm,absorbance,771.828705250382
779.408,501.512428,8205422b-9eff-4701-a582-6dd473d526e9,Air Lamp,2131,nm,absorbance,772.0153117973402
779.596,514.8723469999999,8205422b-9eff-4701-a582-6dd473d526e9,Air Lamp,2132,nm,absorbance,772.2019183442986
779.783,529.612495,8205422b-9eff-4701-a582-6dd473d526e9,Air Lamp,2133,nm,absorbance,772.3875323032412
779.971,546.9796049999999,8205422b-9eff-4701-a582-6dd473d526e9,Air Lamp,2134,nm,absorbance,772.5741388501996
780.159,555.2881970000001,8205422b-9eff-4701-a582-6dd473d526e9,Air Lamp,2135,nm,absorbance,772.7607453971578
780.346,569.322203,8205422b-9eff-4701-a582-6dd473d526e9,Air Lamp,2136,nm,absorbance,772.9463593561005
780.534,574.284793,8205422b-9eff-4701-a582-6dd473d526e9,Air Lamp,2137,nm,absorbance,773.1329659030588
780.722,582.041753,8205422b-9eff-4701-a582-6dd473d526e9,Air Lamp,2138,nm,absorbance,773.3195724500172
780.909,582.155186,8205422b-9eff-4701-a582-6dd473d526e9,Air Lamp,2139,nm,absorbance,773.5051864089597
781.097,582.9613309999999,8205422b-9eff-4701-a582-6dd473d526e9,Air Lamp,2140,nm,absorbance,773.691792955918
781.284,582.1566209999999,8205422b-9eff-4701-a582-6dd473d526e9,Air Lamp,2141,nm,absorbance,773.8774069148607
781.472,580.823981,8205422b-9eff-4701-a582-6dd473d526e9,Air Lamp,2142,nm,absorbance,774.064013461819
781.659,582.62168,8205422b-9eff-4701-a582-6dd473d526e9,Air Lamp,2143,nm,absorbance,774.2496274207616
781.847,577.268006,8205422b-9eff-4701-a582-6dd473d526e9,Air Lamp,2144,nm,absorbance,774.4362339677199
782.034,570.423371,8205422b-9eff-4701-a582-6dd473d526e9,Air Lamp,2145,nm,absorbance,774.6218479266626
782.222,562.032387,8205422b-9eff-4701-a582-6dd473d526e9,Air Lamp,2146,nm,absorbance,774.8084544736208
782.409,556.510215,8205422b-9eff-4701-a582-6dd473d526e9,Air Lamp,2147,nm,absorbance,774.9940684325635
782.597,547.766388,8205422b-9eff-4701-a582-6dd473d526e9,Air Lamp,2148,nm,absorbance,775.1806749795218
782.784,539.5031120000001,8205422b-9eff-4701-a582-6dd473d526e9,Air Lamp,2149,nm,absorbance,775.3662889384644
782.971,537.3909349999999,8205422b-9eff-4701-a582-6dd473d526e9,Air Lamp,2150,nm,absorbance,775.551902897407
783.159,536.0000309999999,8205422b-9eff-4701-a582-6dd473d526e9,Air Lamp,2151,nm,absorbance,775.7385094443654
783.346,530.79285,8205422b-9eff-4701-a582-6dd473d526e9,Air Lamp,2152,nm,absorbance,775.9241234033079
783.533,518.1385619999999,8205422b-9eff-4701-a582-6dd473d526e9,Air Lamp,2153,nm,absorbance,776.1097373622506
783.721,505.22881000000007,8205422b-9eff-4701-a582-6dd473d526e9,Air Lamp,2154,nm,absorbance,776.2963439092089
783.908,488.982193,8205422b-9eff-4701-a582-6dd473d526e9,Air Lamp,2155,nm,absorbance,776.4819578681515
784.095,477.307945,8205422b-9eff-4701-a582-6dd473d526e9,Air Lamp,2156,nm,absorbance,776.6675718270941
784.283,468.334287,8205422b-9eff-4701-a582-6dd473d526e9,Air Lamp,2157,nm,absorbance,776.8541783740525
784.47,465.120217,8205422b-9eff-4701-a582-6dd473d526e9,Air Lamp,2158,nm,absorbance,777.039792332995
784.657,455.647361,8205422b-9eff-4701-a582-6dd473d526e9,Air Lamp,2159,nm,absorbance,777.2254062919377
784.844,446.854702,8205422b-9eff-4701-a582-6dd473d526e9,Air Lamp,2160,nm,absorbance,777.4110202508803
785.032,436.413383,8205422b-9eff-4701-a582-6dd473d526e9,Air Lamp,2161,nm,absorbance,777.5976267978386
785.219,425.897327,8205422b-9eff-4701-a582-6dd473d526e9,Air Lamp,2162,nm,absorbance,777.7832407567812
785.406,422.3491,8205422b-9eff-4701-a582-6dd473d526e9,Air Lamp,2163,nm,absorbance,777.9688547157238
785.593,415.102333,8205422b-9eff-4701-a582-6dd473d526e9,Air Lamp,2164,nm,absorbance,778.1544686746663
785.78,414.1156220000001,8205422b-9eff-4701-a582-6dd473d526e9,Air Lamp,2165,nm,absorbance,778.340082633609
785.968,402.012418,8205422b-9eff-4701-a582-6dd473d526e9,Air Lamp,2166,nm,absorbance,778.5266891805672
786.155,395.986357,8205422b-9eff-4701-a582-6dd473d526e9,Air Lamp,2167,nm,absorbance,778.7123031395099
786.342,386.354216,8205422b-9eff-4701-a582-6dd473d526e9,Air Lamp,2168,nm,absorbance,778.8979170984525
786.529,377.402547,8205422b-9eff-4701-a582-6dd473d526e9,Air Lamp,2169,nm,absorbance,779.0835310573951
786.716,365.61012299999993,8205422b-9eff-4701-a582-6dd473d526e9,Air Lamp,2170,nm,absorbance,779.2691450163377
786.903,352.13668100000007,8205422b-9eff-4701-a582-6dd473d526e9,Air Lamp,2171,nm,absorbance,779.4547589752804
787.09,338.784417,8205422b-9eff-4701-a582-6dd473d526e9,Air Lamp,2172,nm,absorbance,779.6403729342229
787.277,319.921021,8205422b-9eff-4701-a582-6dd473d526e9,Air Lamp,2173,nm,absorbance,779.8259868931656
787.464,303.77148,8205422b-9eff-4701-a582-6dd473d526e9,Air Lamp,2174,nm,absorbance,780.0116008521081
787.651,288.48052,8205422b-9eff-4701-a582-6dd473d526e9,Air Lamp,2175,nm,absorbance,780.1972148110507
787.838,275.566243,8205422b-9eff-4701-a582-6dd473d526e9,Air Lamp,2176,nm,absorbance,780.3828287699934
788.025,261.962532,8205422b-9eff-4701-a582-6dd473d526e9,Air Lamp,2177,nm,absorbance,780.5684427289359
788.212,250.453983,8205422b-9eff-4701-a582-6dd473d526e9,Air Lamp,2178,nm,absorbance,780.7540566878786
788.399,240.00970500000005,8205422b-9eff-4701-a582-6dd473d526e9,Air Lamp,2179,nm,absorbance,780.9396706468211
788.586,234.356001,8205422b-9eff-4701-a582-6dd473d526e9,Air Lamp,2180,nm,absorbance,781.1252846057638
788.773,227.427212,8205422b-9eff-4701-a582-6dd473d526e9,Air Lamp,2181,nm,absorbance,781.3108985647063
788.96,229.647577,8205422b-9eff-4701-a582-6dd473d526e9,Air Lamp,2182,nm,absorbance,781.496512523649
789.147,215.253988,8205422b-9eff-4701-a582-6dd473d526e9,Air Lamp,2183,nm,absorbance,781.6821264825916
789.334,207.287407,8205422b-9eff-4701-a582-6dd473d526e9,Air Lamp,2184,nm,absorbance,781.8677404415341
789.521,190.517538,8205422b-9eff-4701-a582-6dd473d526e9,Air Lamp,2185,nm,absorbance,782.0533544004767
789.707,190.653175,8205422b-9eff-4701-a582-6dd473d526e9,Air Lamp,2186,nm,absorbance,782.2379757714036
789.894,183.714474,8205422b-9eff-4701-a582-6dd473d526e9,Air Lamp,2187,nm,absorbance,782.4235897303462
790.081,178.32899500000002,8205422b-9eff-4701-a582-6dd473d526e9,Air Lamp,2188,nm,absorbance,782.6092036892888
790.268,170.22432099999995,8205422b-9eff-4701-a582-6dd473d526e9,Air Lamp,2189,nm,absorbance,782.7948176482314
790.455,164.24397000000002,8205422b-9eff-4701-a582-6dd473d526e9,Air Lamp,2190,nm,absorbance,782.9804316071741
790.641,157.00220399999998,8205422b-9eff-4701-a582-6dd473d526e9,Air Lamp,2191,nm,absorbance,783.1650529781008
790.828,150.987278,8205422b-9eff-4701-a582-6dd473d526e9,Air Lamp,2192,nm,absorbance,783.3506669370435
791.015,148.283119,8205422b-9eff-4701-a582-6dd473d526e9,Air Lamp,2193,nm,absorbance,783.536280895986
791.202,144.91971,8205422b-9eff-4701-a582-6dd473d526e9,Air Lamp,2194,nm,absorbance,783.7218948549287
791.388,147.36814,8205422b-9eff-4701-a582-6dd473d526e9,Air Lamp,2195,nm,absorbance,783.9065162258556
791.575,144.27367800000002,8205422b-9eff-4701-a582-6dd473d526e9,Air Lamp,2196,nm,absorbance,784.0921301847982
791.762,138.090559,8205422b-9eff-4701-a582-6dd473d526e9,Air Lamp,2197,nm,absorbance,784.2777441437407
791.948,127.962334,8205422b-9eff-4701-a582-6dd473d526e9,Air Lamp,2198,nm,absorbance,784.4623655146676
792.135,121.435953,8205422b-9eff-4701-a582-6dd473d526e9,Air Lamp,2199,nm,absorbance,784.6479794736102
792.322,121.76089,8205422b-9eff-4701-a582-6dd473d526e9,Air Lamp,2200,nm,absorbance,784.8335934325528
792.508,123.123764,8205422b-9eff-4701-a582-6dd473d526e9,Air Lamp,2201,nm,absorbance,785.0182148034797
792.695,121.791055,8205422b-9eff-4701-a582-6dd473d526e9,Air Lamp,2202,nm,absorbance,785.2038287624223
792.881,120.474895,8205422b-9eff-4701-a582-6dd473d526e9,Air Lamp,2203,nm,absorbance,785.3884501333491
793.068,116.98729299999998,8205422b-9eff-4701-a582-6dd473d526e9,Air Lamp,2204,nm,absorbance,785.5740640922917
793.254,118.75092,8205422b-9eff-4701-a582-6dd473d526e9,Air Lamp,2205,nm,absorbance,785.7586854632186
793.441,117.360992,8205422b-9eff-4701-a582-6dd473d526e9,Air Lamp,2206,nm,absorbance,785.9442994221612
793.627,118.26444,8205422b-9eff-4701-a582-6dd473d526e9,Air Lamp,2207,nm,absorbance,786.128920793088
793.814,117.35993,8205422b-9eff-4701-a582-6dd473d526e9,Air Lamp,2208,nm,absorbance,786.3145347520307
794.0,118.022025,8205422b-9eff-4701-a582-6dd473d526e9,Air Lamp,2209,nm,absorbance,786.4991561229575
794.187,115.909324,8205422b-9eff-4701-a582-6dd473d526e9,Air Lamp,2210,nm,absorbance,786.6847700819002
794.373,112.172949,8205422b-9eff-4701-a582-6dd473d526e9,Air Lamp,2211,nm,absorbance,786.869391452827
794.56,110.549832,8205422b-9eff-4701-a582-6dd473d526e9,Air Lamp,2212,nm,absorbance,787.0550054117696
794.746,105.487527,8205422b-9eff-4701-a582-6dd473d526e9,Air Lamp,2213,nm,absorbance,787.2396267826964
794.933,106.081695,8205422b-9eff-4701-a582-6dd473d526e9,Air Lamp,2214,nm,absorbance,787.4252407416391
795.119,104.34388199999998,8205422b-9eff-4701-a582-6dd473d526e9,Air Lamp,2215,nm,absorbance,787.6098621125659
795.305,111.288208,8205422b-9eff-4701-a582-6dd473d526e9,Air Lamp,2216,nm,absorbance,787.7944834834927
795.492,105.09875499999998,8205422b-9eff-4701-a582-6dd473d526e9,Air Lamp,2217,nm,absorbance,787.9800974424354
795.678,101.350856,8205422b-9eff-4701-a582-6dd473d526e9,Air Lamp,2218,nm,absorbance,788.1647188133622
795.864,97.09735100000002,8205422b-9eff-4701-a582-6dd473d526e9,Air Lamp,2219,nm,absorbance,788.3493401842892
796.051,102.061673,8205422b-9eff-4701-a582-6dd473d526e9,Air Lamp,2220,nm,absorbance,788.5349541432317
796.237,101.987106,8205422b-9eff-4701-a582-6dd473d526e9,Air Lamp,2221,nm,absorbance,788.7195755141586
796.423,96.983175,8205422b-9eff-4701-a582-6dd473d526e9,Air Lamp,2222,nm,absorbance,788.9041968850854
796.61,92.99169299999998,8205422b-9eff-4701-a582-6dd473d526e9,Air Lamp,2223,nm,absorbance,789.0898108440281
796.796,95.124146,8205422b-9eff-4701-a582-6dd473d526e9,Air Lamp,2224,nm,absorbance,789.274432214955
796.982,92.618199,8205422b-9eff-4701-a582-6dd473d526e9,Air Lamp,2225,nm,absorbance,789.4590535858817
797.168,86.59961700000001,8205422b-9eff-4701-a582-6dd473d526e9,Air Lamp,2226,nm,absorbance,789.6436749568087
797.355,83.209773,8205422b-9eff-4701-a582-6dd473d526e9,Air Lamp,2227,nm,absorbance,789.8292889157512
797.541,84.30827,8205422b-9eff-4701-a582-6dd473d526e9,Air Lamp,2228,nm,absorbance,790.0139102866782
797.727,88.02085199999999,8205422b-9eff-4701-a582-6dd473d526e9,Air Lamp,2229,nm,absorbance,790.1985316576049
797.913,85.693577,8205422b-9eff-4701-a582-6dd473d526e9,Air Lamp,2230,nm,absorbance,790.3831530285319
798.099,83.79799399999999,8205422b-9eff-4701-a582-6dd473d526e9,Air Lamp,2231,nm,absorbance,790.5677743994588
798.285,79.048794,8205422b-9eff-4701-a582-6dd473d526e9,Air Lamp,2232,nm,absorbance,790.7523957703855
798.471,73.111797,8205422b-9eff-4701-a582-6dd473d526e9,Air Lamp,2233,nm,absorbance,790.9370171413125
798.658,74.32218400000001,8205422b-9eff-4701-a582-6dd473d526e9,Air Lamp,2234,nm,absorbance,791.122631100255
798.844,71.00072499999999,8205422b-9eff-4701-a582-6dd473d526e9,Air Lamp,2235,nm,absorbance,791.307252471182
799.03,76.92424700000001,8205422b-9eff-4701-a582-6dd473d526e9,Air Lamp,2236,nm,absorbance,791.4918738421087
799.216,70.838087,8205422b-9eff-4701-a582-6dd473d526e9,Air Lamp,2237,nm,absorbance,791.6764952130357
799.402,72.02633699999998,8205422b-9eff-4701-a582-6dd473d526e9,Air Lamp,2238,nm,absorbance,791.8611165839626
799.588,72.613047,8205422b-9eff-4701-a582-6dd473d526e9,Air Lamp,2239,nm,absorbance,792.0457379548893
799.774,75.989246,8205422b-9eff-4701-a582-6dd473d526e9,Air Lamp,2240,nm,absorbance,792.2303593258163
799.96,80.94044099999999,8205422b-9eff-4701-a582-6dd473d526e9,Air Lamp,2241,nm,absorbance,792.4149806967431
800.146,77.937771,8205422b-9eff-4701-a582-6dd473d526e9,Air Lamp,2242,nm,absorbance,792.5996020676699
800.332,75.76520300000001,8205422b-9eff-4701-a582-6dd473d526e9,Air Lamp,2243,nm,absorbance,792.7842234385968
800.518,72.68696299999999,8205422b-9eff-4701-a582-6dd473d526e9,Air Lamp,2244,nm,absorbance,792.9688448095237
800.704,72.73112699999999,8205422b-9eff-4701-a582-6dd473d526e9,Air Lamp,2245,nm,absorbance,793.1534661804506
800.89,80.98219200000001,8205422b-9eff-4701-a582-6dd473d526e9,Air Lamp,2246,nm,absorbance,793.3380875513774
801.075,78.046997,8205422b-9eff-4701-a582-6dd473d526e9,Air Lamp,2247,nm,absorbance,793.5217163342886
801.261,81.36040999999999,8205422b-9eff-4701-a582-6dd473d526e9,Air Lamp,2248,nm,absorbance,793.7063377052153
801.447,74.771006,8205422b-9eff-4701-a582-6dd473d526e9,Air Lamp,2249,nm,absorbance,793.8909590761423
801.633,83.14886700000001,8205422b-9eff-4701-a582-6dd473d526e9,Air Lamp,2250,nm,absorbance,794.0755804470692
801.819,84.335903,8205422b-9eff-4701-a582-6dd473d526e9,Air Lamp,2251,nm,absorbance,794.260201817996
802.005,89.01412300000001,8205422b-9eff-4701-a582-6dd473d526e9,Air Lamp,2252,nm,absorbance,794.4448231889229
802.19,90.476163,8205422b-9eff-4701-a582-6dd473d526e9,Air Lamp,2253,nm,absorbance,794.628451971834
802.376,92.626387,8205422b-9eff-4701-a582-6dd473d526e9,Air Lamp,2254,nm,absorbance,794.8130733427608
802.562,97.334238,8205422b-9eff-4701-a582-6dd473d526e9,Air Lamp,2255,nm,absorbance,794.9976947136878
802.748,95.87039,8205422b-9eff-4701-a582-6dd473d526e9,Air Lamp,2256,nm,absorbance,795.1823160846146
802.934,96.648425,8205422b-9eff-4701-a582-6dd473d526e9,Air Lamp,2257,nm,absorbance,795.3669374555415
803.119,92.72028500000002,8205422b-9eff-4701-a582-6dd473d526e9,Air Lamp,2258,nm,absorbance,795.5505662384526
803.305,95.746574,8205422b-9eff-4701-a582-6dd473d526e9,Air Lamp,2259,nm,absorbance,795.7351876093794
803.491,98.667784,8205422b-9eff-4701-a582-6dd473d526e9,Air Lamp,2260,nm,absorbance,795.9198089803064
803.676,100.969059,8205422b-9eff-4701-a582-6dd473d526e9,Air Lamp,2261,nm,absorbance,796.1034377632175
803.862,100.232451,8205422b-9eff-4701-a582-6dd473d526e9,Air Lamp,2262,nm,absorbance,796.2880591341443
804.048,98.495071,8205422b-9eff-4701-a582-6dd473d526e9,Air Lamp,2263,nm,absorbance,796.4726805050711
804.233,93.79362899999998,8205422b-9eff-4701-a582-6dd473d526e9,Air Lamp,2264,nm,absorbance,796.6563092879823
804.419,96.728953,8205422b-9eff-4701-a582-6dd473d526e9,Air Lamp,2265,nm,absorbance,796.8409306589092
804.605,93.580233,8205422b-9eff-4701-a582-6dd473d526e9,Air Lamp,2266,nm,absorbance,797.025552029836
804.79,99.240746,8205422b-9eff-4701-a582-6dd473d526e9,Air Lamp,2267,nm,absorbance,797.2091808127471
804.976,96.492185,8205422b-9eff-4701-a582-6dd473d526e9,Air Lamp,2268,nm,absorbance,797.393802183674
805.161,102.604432,8205422b-9eff-4701-a582-6dd473d526e9,Air Lamp,2269,nm,absorbance,797.5774309665851
805.347,99.667767,8205422b-9eff-4701-a582-6dd473d526e9,Air Lamp,2270,nm,absorbance,797.762052337512
805.532,102.773577,8205422b-9eff-4701-a582-6dd473d526e9,Air Lamp,2271,nm,absorbance,797.9456811204232
805.718,98.712931,8205422b-9eff-4701-a582-6dd473d526e9,Air Lamp,2272,nm,absorbance,798.13030249135
805.903,103.85428399999998,8205422b-9eff-4701-a582-6dd473d526e9,Air Lamp,2273,nm,absorbance,798.3139312742612
806.089,99.880698,8205422b-9eff-4701-a582-6dd473d526e9,Air Lamp,2274,nm,absorbance,798.498552645188
806.274,102.44517899999998,8205422b-9eff-4701-a582-6dd473d526e9,Air Lamp,2275,nm,absorbance,798.6821814280992
806.46,98.265203,8205422b-9eff-4701-a582-6dd473d526e9,Air Lamp,2276,nm,absorbance,798.866802799026
806.645,98.184252,8205422b-9eff-4701-a582-6dd473d526e9,Air Lamp,2277,nm,absorbance,799.0504315819371
806.831,98.317491,8205422b-9eff-4701-a582-6dd473d526e9,Air Lamp,2278,nm,absorbance,799.2350529528641
807.016,97.877296,8205422b-9eff-4701-a582-6dd473d526e9,Air Lamp,2279,nm,absorbance,799.4186817357751
807.201,97.152849,8205422b-9eff-4701-a582-6dd473d526e9,Air Lamp,2280,nm,absorbance,799.6023105186863
807.387,93.78982,8205422b-9eff-4701-a582-6dd473d526e9,Air Lamp,2281,nm,absorbance,799.7869318896131
807.572,92.704337,8205422b-9eff-4701-a582-6dd473d526e9,Air Lamp,2282,nm,absorbance,799.9705606725242
807.757,90.015295,8205422b-9eff-4701-a582-6dd473d526e9,Air Lamp,2283,nm,absorbance,800.1541894554354
807.943,92.337718,8205422b-9eff-4701-a582-6dd473d526e9,Air Lamp,2284,nm,absorbance,800.3388108263622
808.128,93.680638,8205422b-9eff-4701-a582-6dd473d526e9,Air Lamp,2285,nm,absorbance,800.5224396092734
808.313,91.348491,8205422b-9eff-4701-a582-6dd473d526e9,Air Lamp,2286,nm,absorbance,800.7060683921845
808.499,87.59109000000001,8205422b-9eff-4701-a582-6dd473d526e9,Air Lamp,2287,nm,absorbance,800.8906897631114
808.684,85.72903099999999,8205422b-9eff-4701-a582-6dd473d526e9,Air Lamp,2288,nm,absorbance,801.0743185460225
808.869,85.24911600000001,8205422b-9eff-4701-a582-6dd473d526e9,Air Lamp,2289,nm,absorbance,801.2579473289337
809.054,84.653169,8205422b-9eff-4701-a582-6dd473d526e9,Air Lamp,2290,nm,absorbance,801.4415761118447
809.24,74.77017700000002,8205422b-9eff-4701-a582-6dd473d526e9,Air Lamp,2291,nm,absorbance,801.6261974827717
809.425,75.507954,8205422b-9eff-4701-a582-6dd473d526e9,Air Lamp,2292,nm,absorbance,801.8098262656828
809.61,69.35076,8205422b-9eff-4701-a582-6dd473d526e9,Air Lamp,2293,nm,absorbance,801.9934550485939
809.795,67.695277,8205422b-9eff-4701-a582-6dd473d526e9,Air Lamp,2294,nm,absorbance,802.177083831505
809.98,67.00889400000001,8205422b-9eff-4701-a582-6dd473d526e9,Air Lamp,2295,nm,absorbance,802.3607126144161
810.165,60.879749,8205422b-9eff-4701-a582-6dd473d526e9,Air Lamp,2296,nm,absorbance,802.5443413973272
810.35,64.575104,8205422b-9eff-4701-a582-6dd473d526e9,Air Lamp,2297,nm,absorbance,802.7279701802385
810.536,59.915955,8205422b-9eff-4701-a582-6dd473d526e9,Air Lamp,2298,nm,absorbance,802.9125915511652
810.721,61.98541600000001,8205422b-9eff-4701-a582-6dd473d526e9,Air Lamp,2299,nm,absorbance,803.0962203340764
810.906,55.540399000000015,8205422b-9eff-4701-a582-6dd473d526e9,Air Lamp,2300,nm,absorbance,803.2798491169875
811.091,53.80592800000001,8205422b-9eff-4701-a582-6dd473d526e9,Air Lamp,2301,nm,absorbance,803.4634778998986
811.276,55.25509400000001,8205422b-9eff-4701-a582-6dd473d526e9,Air Lamp,2302,nm,absorbance,803.6471066828097
811.461,53.40440900000001,8205422b-9eff-4701-a582-6dd473d526e9,Air Lamp,2303,nm,absorbance,803.830735465721
811.646,49.111549,8205422b-9eff-4701-a582-6dd473d526e9,Air Lamp,2304,nm,absorbance,804.014364248632
811.831,44.604789,8205422b-9eff-4701-a582-6dd473d526e9,Air Lamp,2305,nm,absorbance,804.1979930315432
812.016,53.99433799999999,8205422b-9eff-4701-a582-6dd473d526e9,Air Lamp,2306,nm,absorbance,804.3816218144543
812.201,55.709587,8205422b-9eff-4701-a582-6dd473d526e9,Air Lamp,2307,nm,absorbance,804.5652505973654
812.386,54.297571000000005,8205422b-9eff-4701-a582-6dd473d526e9,Air Lamp,2308,nm,absorbance,804.7488793802765
812.571,47.534525,8205422b-9eff-4701-a582-6dd473d526e9,Air Lamp,2309,nm,absorbance,804.9325081631878
812.756,52.11869,8205422b-9eff-4701-a582-6dd473d526e9,Air Lamp,2310,nm,absorbance,805.1161369460988
812.941,55.585171,8205422b-9eff-4701-a582-6dd473d526e9,Air Lamp,2311,nm,absorbance,805.29976572901
813.125,58.613128,8205422b-9eff-4701-a582-6dd473d526e9,Air Lamp,2312,nm,absorbance,805.4824019239054
813.31,56.700363,8205422b-9eff-4701-a582-6dd473d526e9,Air Lamp,2313,nm,absorbance,805.6660307068164
813.495,58.460719,8205422b-9eff-4701-a582-6dd473d526e9,Air Lamp,2314,nm,absorbance,805.8496594897276
813.68,60.51602200000001,8205422b-9eff-4701-a582-6dd473d526e9,Air Lamp,2315,nm,absorbance,806.0332882726386
813.865,59.028856000000005,8205422b-9eff-4701-a582-6dd473d526e9,Air Lamp,2316,nm,absorbance,806.2169170555499
814.05,60.03925400000001,8205422b-9eff-4701-a582-6dd473d526e9,Air Lamp,2317,nm,absorbance,806.400545838461
814.234,57.481999,8205422b-9eff-4701-a582-6dd473d526e9,Air Lamp,2318,nm,absorbance,806.5831820333564
814.419,56.590181,8205422b-9eff-4701-a582-6dd473d526e9,Air Lamp,2319,nm,absorbance,806.7668108162675
814.604,56.39374399999999,8205422b-9eff-4701-a582-6dd473d526e9,Air Lamp,2320,nm,absorbance,806.9504395991787
814.789,57.41902399999999,8205422b-9eff-4701-a582-6dd473d526e9,Air Lamp,2321,nm,absorbance,807.1340683820897
814.973,62.77295,8205422b-9eff-4701-a582-6dd473d526e9,Air Lamp,2322,nm,absorbance,807.3167045769851
815.158,64.134385,8205422b-9eff-4701-a582-6dd473d526e9,Air Lamp,2323,nm,absorbance,807.5003333598963
815.343,67.571923,8205422b-9eff-4701-a582-6dd473d526e9,Air Lamp,2324,nm,absorbance,807.6839621428073
815.528,69.157508,8205422b-9eff-4701-a582-6dd473d526e9,Air Lamp,2325,nm,absorbance,807.8675909257186
815.712,69.139002,8205422b-9eff-4701-a582-6dd473d526e9,Air Lamp,2326,nm,absorbance,808.050227120614
815.897,65.896119,8205422b-9eff-4701-a582-6dd473d526e9,Air Lamp,2327,nm,absorbance,808.2338559035251
816.081,66.126341,8205422b-9eff-4701-a582-6dd473d526e9,Air Lamp,2328,nm,absorbance,808.4164920984205
816.266,66.164584,8205422b-9eff-4701-a582-6dd473d526e9,Air Lamp,2329,nm,absorbance,808.6001208813316
816.451,69.591909,8205422b-9eff-4701-a582-6dd473d526e9,Air Lamp,2330,nm,absorbance,808.7837496642428
816.635,67.608689,8205422b-9eff-4701-a582-6dd473d526e9,Air Lamp,2331,nm,absorbance,808.9663858591381
816.82,70.80821699999998,8205422b-9eff-4701-a582-6dd473d526e9,Air Lamp,2332,nm,absorbance,809.1500146420493
817.004,71.31296999999999,8205422b-9eff-4701-a582-6dd473d526e9,Air Lamp,2333,nm,absorbance,809.3326508369447
817.189,73.816392,8205422b-9eff-4701-a582-6dd473d526e9,Air Lamp,2334,nm,absorbance,809.5162796198557
817.374,71.66605799999999,8205422b-9eff-4701-a582-6dd473d526e9,Air Lamp,2335,nm,absorbance,809.6999084027669
817.558,67.48816,8205422b-9eff-4701-a582-6dd473d526e9,Air Lamp,2336,nm,absorbance,809.8825445976623
817.743,64.516243,8205422b-9eff-4701-a582-6dd473d526e9,Air Lamp,2337,nm,absorbance,810.0661733805734
817.927,62.217651,8205422b-9eff-4701-a582-6dd473d526e9,Air Lamp,2338,nm,absorbance,810.2488095754688
818.111,65.564509,8205422b-9eff-4701-a582-6dd473d526e9,Air Lamp,2339,nm,absorbance,810.4314457703642
818.296,70.639151,8205422b-9eff-4701-a582-6dd473d526e9,Air Lamp,2340,nm,absorbance,810.6150745532753
818.48,72.338473,8205422b-9eff-4701-a582-6dd473d526e9,Air Lamp,2341,nm,absorbance,810.7977107481707
818.665,73.57904299999998,8205422b-9eff-4701-a582-6dd473d526e9,Air Lamp,2342,nm,absorbance,810.9813395310819
818.849,66.084893,8205422b-9eff-4701-a582-6dd473d526e9,Air Lamp,2343,nm,absorbance,811.1639757259773
819.034,63.934071,8205422b-9eff-4701-a582-6dd473d526e9,Air Lamp,2344,nm,absorbance,811.3476045088884
819.218,62.229629,8205422b-9eff-4701-a582-6dd473d526e9,Air Lamp,2345,nm,absorbance,811.5302407037838
819.402,67.932448,8205422b-9eff-4701-a582-6dd473d526e9,Air Lamp,2346,nm,absorbance,811.7128768986793
819.587,64.99169700000002,8205422b-9eff-4701-a582-6dd473d526e9,Air Lamp,2347,nm,absorbance,811.8965056815903
819.771,59.45646599999999,8205422b-9eff-4701-a582-6dd473d526e9,Air Lamp,2348,nm,absorbance,812.0791418764857
819.955,54.904502,8205422b-9eff-4701-a582-6dd473d526e9,Air Lamp,2349,nm,absorbance,812.2617780713812
820.14,61.8738,8205422b-9eff-4701-a582-6dd473d526e9,Air Lamp,2350,nm,absorbance,812.4454068542922
820.324,66.691329,8205422b-9eff-4701-a582-6dd473d526e9,Air Lamp,2351,nm,absorbance,812.6280430491876
820.508,67.522311,8205422b-9eff-4701-a582-6dd473d526e9,Air Lamp,2352,nm,absorbance,812.8106792440831
820.692,64.892774,8205422b-9eff-4701-a582-6dd473d526e9,Air Lamp,2353,nm,absorbance,812.9933154389784
820.877,60.18369,8205422b-9eff-4701-a582-6dd473d526e9,Air Lamp,2354,nm,absorbance,813.1769442218895
821.061,58.335809,8205422b-9eff-4701-a582-6dd473d526e9,Air Lamp,2355,nm,absorbance,813.359580416785
821.245,58.56269100000001,8205422b-9eff-4701-a582-6dd473d526e9,Air Lamp,2356,nm,absorbance,813.5422166116803
821.429,59.870158,8205422b-9eff-4701-a582-6dd473d526e9,Air Lamp,2357,nm,absorbance,813.7248528065757
821.613,60.624905,8205422b-9eff-4701-a582-6dd473d526e9,Air Lamp,2358,nm,absorbance,813.9074890014712
821.798,60.260492,8205422b-9eff-4701-a582-6dd473d526e9,Air Lamp,2359,nm,absorbance,814.0911177843823
821.982,60.266691,8205422b-9eff-4701-a582-6dd473d526e9,Air Lamp,2360,nm,absorbance,814.2737539792776
822.166,56.439074000000005,8205422b-9eff-4701-a582-6dd473d526e9,Air Lamp,2361,nm,absorbance,814.4563901741731
822.35,50.79052900000001,8205422b-9eff-4701-a582-6dd473d526e9,Air Lamp,2362,nm,absorbance,814.6390263690685
822.534,49.186768,8205422b-9eff-4701-a582-6dd473d526e9,Air Lamp,2363,nm,absorbance,814.8216625639637
822.718,52.17574599999999,8205422b-9eff-4701-a582-6dd473d526e9,Air Lamp,2364,nm,absorbance,815.0042987588591
822.902,50.503761,8205422b-9eff-4701-a582-6dd473d526e9,Air Lamp,2365,nm,absorbance,815.1869349537546
823.086,47.63574899999999,8205422b-9eff-4701-a582-6dd473d526e9,Air Lamp,2366,nm,absorbance,815.36957114865
823.27,44.564216,8205422b-9eff-4701-a582-6dd473d526e9,Air Lamp,2367,nm,absorbance,815.5522073435453
823.454,44.128126,8205422b-9eff-4701-a582-6dd473d526e9,Air Lamp,2368,nm,absorbance,815.7348435384407
823.638,44.360438,8205422b-9eff-4701-a582-6dd473d526e9,Air Lamp,2369,nm,absorbance,815.9174797333362
823.822,40.4194,8205422b-9eff-4701-a582-6dd473d526e9,Air Lamp,2370,nm,absorbance,816.1001159282315
824.006,43.07566100000001,8205422b-9eff-4701-a582-6dd473d526e9,Air Lamp,2371,nm,absorbance,816.2827521231269
824.19,43.150077,8205422b-9eff-4701-a582-6dd473d526e9,Air Lamp,2372,nm,absorbance,816.4653883180224
824.374,47.962688,8205422b-9eff-4701-a582-6dd473d526e9,Air Lamp,2373,nm,absorbance,816.6480245129178
824.558,43.664778,8205422b-9eff-4701-a582-6dd473d526e9,Air Lamp,2374,nm,absorbance,816.8306607078131
824.742,39.677936,8205422b-9eff-4701-a582-6dd473d526e9,Air Lamp,2375,nm,absorbance,817.0132969027085
824.926,37.590067000000005,8205422b-9eff-4701-a582-6dd473d526e9,Air Lamp,2376,nm,absorbance,817.195933097604
825.11,37.73292,8205422b-9eff-4701-a582-6dd473d526e9,Air Lamp,2377,nm,absorbance,817.3785692924993
825.294,40.862948,8205422b-9eff-4701-a582-6dd473d526e9,Air Lamp,2378,nm,absorbance,817.5612054873947
825.477,37.51639699999999,8205422b-9eff-4701-a582-6dd473d526e9,Air Lamp,2379,nm,absorbance,817.7428490942743
825.661,40.098607,8205422b-9eff-4701-a582-6dd473d526e9,Air Lamp,2380,nm,absorbance,817.9254852891697
825.845,39.885568000000006,8205422b-9eff-4701-a582-6dd473d526e9,Air Lamp,2381,nm,absorbance,818.1081214840651
826.029,38.224693,8205422b-9eff-4701-a582-6dd473d526e9,Air Lamp,2382,nm,absorbance,818.2907576789605
826.213,38.615432000000006,8205422b-9eff-4701-a582-6dd473d526e9,Air Lamp,2383,nm,absorbance,818.4733938738559
826.396,40.366879,8205422b-9eff-4701-a582-6dd473d526e9,Air Lamp,2384,nm,absorbance,818.6550374807356
826.58,40.265705,8205422b-9eff-4701-a582-6dd473d526e9,Air Lamp,2385,nm,absorbance,818.837673675631
826.764,36.163539,8205422b-9eff-4701-a582-6dd473d526e9,Air Lamp,2386,nm,absorbance,819.0203098705264
826.948,31.246531,8205422b-9eff-4701-a582-6dd473d526e9,Air Lamp,2387,nm,absorbance,819.2029460654218
827.131,33.78044,8205422b-9eff-4701-a582-6dd473d526e9,Air Lamp,2388,nm,absorbance,819.3845896723014
827.315,31.564626,8205422b-9eff-4701-a582-6dd473d526e9,Air Lamp,2389,nm,absorbance,819.5672258671968
827.499,33.438709,8205422b-9eff-4701-a582-6dd473d526e9,Air Lamp,2390,nm,absorbance,819.7498620620922
827.682,32.958353,8205422b-9eff-4701-a582-6dd473d526e9,Air Lamp,2391,nm,absorbance,819.9315056689719
827.866,37.721590000000006,8205422b-9eff-4701-a582-6dd473d526e9,Air Lamp,2392,nm,absorbance,820.1141418638673
828.05,38.384585,8205422b-9eff-4701-a582-6dd473d526e9,Air Lamp,2393,nm,absorbance,820.2967780587626
828.233,37.554681,8205422b-9eff-4701-a582-6dd473d526e9,Air Lamp,2394,nm,absorbance,820.4784216656423
828.417,36.919729,8205422b-9eff-4701-a582-6dd473d526e9,Air Lamp,2395,nm,absorbance,820.6610578605378
828.6,36.126479,8205422b-9eff-4701-a582-6dd473d526e9,Air Lamp,2396,nm,absorbance,820.8427014674174
828.784,36.56741900000001,8205422b-9eff-4701-a582-6dd473d526e9,Air Lamp,2397,nm,absorbance,821.0253376623127
828.967,34.52972799999999,8205422b-9eff-4701-a582-6dd473d526e9,Air Lamp,2398,nm,absorbance,821.2069812691924
829.151,37.707241,8205422b-9eff-4701-a582-6dd473d526e9,Air Lamp,2399,nm,absorbance,821.3896174640878
829.335,38.84673,8205422b-9eff-4701-a582-6dd473d526e9,Air Lamp,2400,nm,absorbance,821.5722536589832
829.518,39.695251000000006,8205422b-9eff-4701-a582-6dd473d526e9,Air Lamp,2401,nm,absorbance,821.7538972658629
829.701,38.552559,8205422b-9eff-4701-a582-6dd473d526e9,Air Lamp,2402,nm,absorbance,821.9355408727425
829.885,41.567734,8205422b-9eff-4701-a582-6dd473d526e9,Air Lamp,2403,nm,absorbance,822.1181770676379
830.068,41.246852,8205422b-9eff-4701-a582-6dd473d526e9,Air Lamp,2404,nm,absorbance,822.2998206745176
830.252,36.029303,8205422b-9eff-4701-a582-6dd473d526e9,Air Lamp,2405,nm,absorbance,822.4824568694129
830.435,31.911329,8205422b-9eff-4701-a582-6dd473d526e9,Air Lamp,2406,nm,absorbance,822.6641004762926
830.619,28.267368000000005,8205422b-9eff-4701-a582-6dd473d526e9,Air Lamp,2407,nm,absorbance,822.8467366711881
830.802,33.88938,8205422b-9eff-4701-a582-6dd473d526e9,Air Lamp,2408,nm,absorbance,823.0283802780677
830.985,31.659045000000003,8205422b-9eff-4701-a582-6dd473d526e9,Air Lamp,2409,nm,absorbance,823.2100238849473
831.169,30.88653799999999,8205422b-9eff-4701-a582-6dd473d526e9,Air Lamp,2410,nm,absorbance,823.3926600798427
831.352,29.822931,8205422b-9eff-4701-a582-6dd473d526e9,Air Lamp,2411,nm,absorbance,823.5743036867224
831.535,32.79388899999999,8205422b-9eff-4701-a582-6dd473d526e9,Air Lamp,2412,nm,absorbance,823.755947293602
831.719,38.842158,8205422b-9eff-4701-a582-6dd473d526e9,Air Lamp,2413,nm,absorbance,823.9385834884974
831.902,37.665247,8205422b-9eff-4701-a582-6dd473d526e9,Air Lamp,2414,nm,absorbance,824.1202270953771
832.085,36.708112,8205422b-9eff-4701-a582-6dd473d526e9,Air Lamp,2415,nm,absorbance,824.3018707022568
832.269,32.235309,8205422b-9eff-4701-a582-6dd473d526e9,Air Lamp,2416,nm,absorbance,824.4845068971522
832.452,29.874338,8205422b-9eff-4701-a582-6dd473d526e9,Air Lamp,2417,nm,absorbance,824.6661505040317
832.635,30.393177,8205422b-9eff-4701-a582-6dd473d526e9,Air Lamp,2418,nm,absorbance,824.8477941109114
832.818,35.72285,8205422b-9eff-4701-a582-6dd473d526e9,Air Lamp,2419,nm,absorbance,825.0294377177911
833.002,39.32849700000001,8205422b-9eff-4701-a582-6dd473d526e9,Air Lamp,2420,nm,absorbance,825.2120739126865
833.185,36.602223,8205422b-9eff-4701-a582-6dd473d526e9,Air Lamp,2421,nm,absorbance,825.393717519566
833.368,37.73390500000001,8205422b-9eff-4701-a582-6dd473d526e9,Air Lamp,2422,nm,absorbance,825.5753611264458
833.551,34.376536,8205422b-9eff-4701-a582-6dd473d526e9,Air Lamp,2423,nm,absorbance,825.7570047333255
833.734,35.069362,8205422b-9eff-4701-a582-6dd473d526e9,Air Lamp,2424,nm,absorbance,825.9386483402052
833.917,28.77491700000001,8205422b-9eff-4701-a582-6dd473d526e9,Air Lamp,2425,nm,absorbance,826.1202919470849
834.1,32.40653400000001,8205422b-9eff-4701-a582-6dd473d526e9,Air Lamp,2426,nm,absorbance,826.3019355539644
834.284,38.279705,8205422b-9eff-4701-a582-6dd473d526e9,Air Lamp,2427,nm,absorbance,826.4845717488598
834.467,39.054557,8205422b-9eff-4701-a582-6dd473d526e9,Air Lamp,2428,nm,absorbance,826.6662153557395
834.65,34.59862400000001,8205422b-9eff-4701-a582-6dd473d526e9,Air Lamp,2429,nm,absorbance,826.8478589626192
834.833,32.372821,8205422b-9eff-4701-a582-6dd473d526e9,Air Lamp,2430,nm,absorbance,827.0295025694987
835.016,35.504808000000004,8205422b-9eff-4701-a582-6dd473d526e9,Air Lamp,2431,nm,absorbance,827.2111461763784
835.199,36.432806,8205422b-9eff-4701-a582-6dd473d526e9,Air Lamp,2432,nm,absorbance,827.3927897832581
835.382,37.149602,8205422b-9eff-4701-a582-6dd473d526e9,Air Lamp,2433,nm,absorbance,827.5744333901378
835.565,35.307832000000005,8205422b-9eff-4701-a582-6dd473d526e9,Air Lamp,2434,nm,absorbance,827.7560769970175
835.748,35.788889,8205422b-9eff-4701-a582-6dd473d526e9,Air Lamp,2435,nm,absorbance,827.9377206038971
835.931,32.992407,8205422b-9eff-4701-a582-6dd473d526e9,Air Lamp,2436,nm,absorbance,828.1193642107768
836.114,37.716043000000006,8205422b-9eff-4701-a582-6dd473d526e9,Air Lamp,2437,nm,absorbance,828.3010078176565
836.297,35.714795,8205422b-9eff-4701-a582-6dd473d526e9,Air Lamp,2438,nm,absorbance,828.4826514245361
836.479,31.491567,8205422b-9eff-4701-a582-6dd473d526e9,Air Lamp,2439,nm,absorbance,828.6633024434001
836.662,32.225112,8205422b-9eff-4701-a582-6dd473d526e9,Air Lamp,2440,nm,absorbance,828.8449460502796
836.845,32.538795,8205422b-9eff-4701-a582-6dd473d526e9,Air Lamp,2441,nm,absorbance,829.0265896571593
837.028,36.975051,8205422b-9eff-4701-a582-6dd473d526e9,Air Lamp,2442,nm,absorbance,829.208233264039
837.211,30.260020000000004,8205422b-9eff-4701-a582-6dd473d526e9,Air Lamp,2443,nm,absorbance,829.3898768709187
837.394,32.133568,8205422b-9eff-4701-a582-6dd473d526e9,Air Lamp,2444,nm,absorbance,829.5715204777982
837.577,30.828785000000003,8205422b-9eff-4701-a582-6dd473d526e9,Air Lamp,2445,nm,absorbance,829.7531640846779
837.759,32.013458,8205422b-9eff-4701-a582-6dd473d526e9,Air Lamp,2446,nm,absorbance,829.9338151035419
837.942,31.649892,8205422b-9eff-4701-a582-6dd473d526e9,Air Lamp,2447,nm,absorbance,830.1154587104215
838.125,30.656552999999995,8205422b-9eff-4701-a582-6dd473d526e9,Air Lamp,2448,nm,absorbance,830.2971023173012
838.308,30.166226,8205422b-9eff-4701-a582-6dd473d526e9,Air Lamp,2449,nm,absorbance,830.4787459241808
838.49,53.954658,8205422b-9eff-4701-a582-6dd473d526e9,Air Lamp,2450,nm,absorbance,830.6593969430447
838.673,54.12995099999999,8205422b-9eff-4701-a582-6dd473d526e9,Air Lamp,2451,nm,absorbance,830.8410405499244
838.856,57.48473999999999,8205422b-9eff-4701-a582-6dd473d526e9,Air Lamp,2452,nm,absorbance,831.0226841568041
839.039,32.152823999999995,8205422b-9eff-4701-a582-6dd473d526e9,Air Lamp,2453,nm,absorbance,831.2043277636838
839.221,29.2814,8205422b-9eff-4701-a582-6dd473d526e9,Air Lamp,2454,nm,absorbance,831.3849787825477
839.404,24.865735000000004,8205422b-9eff-4701-a582-6dd473d526e9,Air Lamp,2455,nm,absorbance,831.5666223894273
839.587,25.827408,8205422b-9eff-4701-a582-6dd473d526e9,Air Lamp,2456,nm,absorbance,831.7482659963069
839.769,27.808706,8205422b-9eff-4701-a582-6dd473d526e9,Air Lamp,2457,nm,absorbance,831.9289170151709
839.952,25.617813,8205422b-9eff-4701-a582-6dd473d526e9,Air Lamp,2458,nm,absorbance,832.1105606220506
840.134,29.094823,8205422b-9eff-4701-a582-6dd473d526e9,Air Lamp,2459,nm,absorbance,832.2912116409145
840.317,29.179974,8205422b-9eff-4701-a582-6dd473d526e9,Air Lamp,2460,nm,absorbance,832.4728552477941
840.499,30.465071999999992,8205422b-9eff-4701-a582-6dd473d526e9,Air Lamp,2461,nm,absorbance,832.653506266658
840.682,25.228663,8205422b-9eff-4701-a582-6dd473d526e9,Air Lamp,2462,nm,absorbance,832.8351498735377
840.865,23.514212000000004,8205422b-9eff-4701-a582-6dd473d526e9,Air Lamp,2463,nm,absorbance,833.0167934804174
841.047,23.193867000000004,8205422b-9eff-4701-a582-6dd473d526e9,Air Lamp,2464,nm,absorbance,833.1974444992813
841.23,24.611361,8205422b-9eff-4701-a582-6dd473d526e9,Air Lamp,2465,nm,absorbance,833.3790881061609
841.412,24.665467,8205422b-9eff-4701-a582-6dd473d526e9,Air Lamp,2466,nm,absorbance,833.5597391250249
841.595,23.917454000000003,8205422b-9eff-4701-a582-6dd473d526e9,Air Lamp,2467,nm,absorbance,833.7413827319045
841.777,21.902568,8205422b-9eff-4701-a582-6dd473d526e9,Air Lamp,2468,nm,absorbance,833.9220337507685
841.959,24.864227,8205422b-9eff-4701-a582-6dd473d526e9,Air Lamp,2469,nm,absorbance,834.1026847696323
842.142,26.481342,8205422b-9eff-4701-a582-6dd473d526e9,Air Lamp,2470,nm,absorbance,834.2843283765121
842.324,28.4935,8205422b-9eff-4701-a582-6dd473d526e9,Air Lamp,2471,nm,absorbance,834.4649793953758
842.507,26.915407,8205422b-9eff-4701-a582-6dd473d526e9,Air Lamp,2472,nm,absorbance,834.6466230022555
842.689,26.695845,8205422b-9eff-4701-a582-6dd473d526e9,Air Lamp,2473,nm,absorbance,834.8272740211195
842.871,25.856058,8205422b-9eff-4701-a582-6dd473d526e9,Air Lamp,2474,nm,absorbance,835.0079250399834
843.054,25.904609,8205422b-9eff-4701-a582-6dd473d526e9,Air Lamp,2475,nm,absorbance,835.1895686468631
843.236,29.185218000000003,8205422b-9eff-4701-a582-6dd473d526e9,Air Lamp,2476,nm,absorbance,835.3702196657271
843.418,33.066012,8205422b-9eff-4701-a582-6dd473d526e9,Air Lamp,2477,nm,absorbance,835.5508706845909
843.601,34.2917,8205422b-9eff-4701-a582-6dd473d526e9,Air Lamp,2478,nm,absorbance,835.7325142914706
843.783,30.970451000000004,8205422b-9eff-4701-a582-6dd473d526e9,Air Lamp,2479,nm,absorbance,835.9131653103345
843.965,31.013429,8205422b-9eff-4701-a582-6dd473d526e9,Air Lamp,2480,nm,absorbance,836.0938163291985
844.147,35.22994899999999,8205422b-9eff-4701-a582-6dd473d526e9,Air Lamp,2481,nm,absorbance,836.2744673480624
844.33,38.650548,8205422b-9eff-4701-a582-6dd473d526e9,Air Lamp,2482,nm,absorbance,836.456110954942
844.512,39.403878000000006,8205422b-9eff-4701-a582-6dd473d526e9,Air Lamp,2483,nm,absorbance,836.6367619738058
844.694,38.878721,8205422b-9eff-4701-a582-6dd473d526e9,Air Lamp,2484,nm,absorbance,836.8174129926698
844.876,38.828231,8205422b-9eff-4701-a582-6dd473d526e9,Air Lamp,2485,nm,absorbance,836.9980640115338
845.059,44.267069,8205422b-9eff-4701-a582-6dd473d526e9,Air Lamp,2486,nm,absorbance,837.1797076184134
845.241,38.6995,8205422b-9eff-4701-a582-6dd473d526e9,Air Lamp,2487,nm,absorbance,837.3603586372774
845.423,35.557575,8205422b-9eff-4701-a582-6dd473d526e9,Air Lamp,2488,nm,absorbance,837.5410096561413
845.605,24.761248,8205422b-9eff-4701-a582-6dd473d526e9,Air Lamp,2489,nm,absorbance,837.7216606750052
845.787,35.743522000000006,8205422b-9eff-4701-a582-6dd473d526e9,Air Lamp,2490,nm,absorbance,837.9023116938691
845.969,43.49498,8205422b-9eff-4701-a582-6dd473d526e9,Air Lamp,2491,nm,absorbance,838.0829627127331
846.151,54.299651,8205422b-9eff-4701-a582-6dd473d526e9,Air Lamp,2492,nm,absorbance,838.2636137315969
846.333,60.344898,8205422b-9eff-4701-a582-6dd473d526e9,Air Lamp,2493,nm,absorbance,838.4442647504609
846.515,68.60056900000001,8205422b-9eff-4701-a582-6dd473d526e9,Air Lamp,2494,nm,absorbance,838.6249157693248
846.697,77.983192,8205422b-9eff-4701-a582-6dd473d526e9,Air Lamp,2495,nm,absorbance,838.8055667881887
846.879,83.81475800000001,8205422b-9eff-4701-a582-6dd473d526e9,Air Lamp,2496,nm,absorbance,838.9862178070526
847.061,92.271875,8205422b-9eff-4701-a582-6dd473d526e9,Air Lamp,2497,nm,absorbance,839.1668688259166
847.243,102.860006,8205422b-9eff-4701-a582-6dd473d526e9,Air Lamp,2498,nm,absorbance,839.3475198447805
847.425,110.781869,8205422b-9eff-4701-a582-6dd473d526e9,Air Lamp,2499,nm,absorbance,839.5281708636444
847.607,117.293848,8205422b-9eff-4701-a582-6dd473d526e9,Air Lamp,2500,nm,absorbance,839.7088218825083
847.789,121.251925,8205422b-9eff-4701-a582-6dd473d526e9,Air Lamp,2501,nm,absorbance,839.8894729013723
847.971,128.61654700000005,8205422b-9eff-4701-a582-6dd473d526e9,Air Lamp,2502,nm,absorbance,840.0701239202361
848.153,138.03647000000004,8205422b-9eff-4701-a582-6dd473d526e9,Air Lamp,2503,nm,absorbance,840.2507749391001
848.335,144.34574199999997,8205422b-9eff-4701-a582-6dd473d526e9,Air Lamp,2504,nm,absorbance,840.431425957964
848.517,148.79529499999998,8205422b-9eff-4701-a582-6dd473d526e9,Air Lamp,2505,nm,absorbance,840.612076976828
848.699,152.788072,8205422b-9eff-4701-a582-6dd473d526e9,Air Lamp,2506,nm,absorbance,840.7927279956918
848.881,160.25450200000003,8205422b-9eff-4701-a582-6dd473d526e9,Air Lamp,2507,nm,absorbance,840.9733790145558
849.062,161.295773,8205422b-9eff-4701-a582-6dd473d526e9,Air Lamp,2508,nm,absorbance,841.153037445404
849.244,158.978893,8205422b-9eff-4701-a582-6dd473d526e9,Air Lamp,2509,nm,absorbance,841.3336884642679
849.426,154.332155,8205422b-9eff-4701-a582-6dd473d526e9,Air Lamp,2510,nm,absorbance,841.5143394831318
849.608,159.029155,8205422b-9eff-4701-a582-6dd473d526e9,Air Lamp,2511,nm,absorbance,841.6949905019957
849.789,160.882545,8205422b-9eff-4701-a582-6dd473d526e9,Air Lamp,2512,nm,absorbance,841.8746489328439
849.971,165.15134799999998,8205422b-9eff-4701-a582-6dd473d526e9,Air Lamp,2513,nm,absorbance,842.0552999517079
850.153,162.572688,8205422b-9eff-4701-a582-6dd473d526e9,Air Lamp,2514,nm,absorbance,842.2359509705718
850.335,165.095853,8205422b-9eff-4701-a582-6dd473d526e9,Air Lamp,2515,nm,absorbance,842.4166019894358
850.516,165.383759,8205422b-9eff-4701-a582-6dd473d526e9,Air Lamp,2516,nm,absorbance,842.5962604202839
850.698,168.87115900000003,8205422b-9eff-4701-a582-6dd473d526e9,Air Lamp,2517,nm,absorbance,842.7769114391477
850.88,167.662468,8205422b-9eff-4701-a582-6dd473d526e9,Air Lamp,2518,nm,absorbance,842.9575624580117
851.061,168.82274700000002,8205422b-9eff-4701-a582-6dd473d526e9,Air Lamp,2519,nm,absorbance,843.1372208888599
851.243,166.671974,8205422b-9eff-4701-a582-6dd473d526e9,Air Lamp,2520,nm,absorbance,843.3178719077239
851.425,165.578925,8205422b-9eff-4701-a582-6dd473d526e9,Air Lamp,2521,nm,absorbance,843.4985229265877
851.606,167.015188,8205422b-9eff-4701-a582-6dd473d526e9,Air Lamp,2522,nm,absorbance,843.678181357436
851.788,168.25950199999997,8205422b-9eff-4701-a582-6dd473d526e9,Air Lamp,2523,nm,absorbance,843.8588323762999
851.969,168.531033,8205422b-9eff-4701-a582-6dd473d526e9,Air Lamp,2524,nm,absorbance,844.0384908071482
852.151,161.90628999999998,8205422b-9eff-4701-a582-6dd473d526e9,Air Lamp,2525,nm,absorbance,844.2191418260119
852.333,156.68720299999998,8205422b-9eff-4701-a582-6dd473d526e9,Air Lamp,2526,nm,absorbance,844.3997928448758
852.514,156.781494,8205422b-9eff-4701-a582-6dd473d526e9,Air Lamp,2527,nm,absorbance,844.5794512757241
852.696,158.51493299999998,8205422b-9eff-4701-a582-6dd473d526e9,Air Lamp,2528,nm,absorbance,844.760102294588
852.877,160.02628199999998,8205422b-9eff-4701-a582-6dd473d526e9,Air Lamp,2529,nm,absorbance,844.9397607254361
853.059,162.62107999999998,8205422b-9eff-4701-a582-6dd473d526e9,Air Lamp,2530,nm,absorbance,845.1204117443001
853.24,157.89897700000003,8205422b-9eff-4701-a582-6dd473d526e9,Air Lamp,2531,nm,absorbance,845.3000701751483
853.422,160.031944,8205422b-9eff-4701-a582-6dd473d526e9,Air Lamp,2532,nm,absorbance,845.4807211940123
853.603,157.141716,8205422b-9eff-4701-a582-6dd473d526e9,Air Lamp,2533,nm,absorbance,845.6603796248604
853.784,163.789564,8205422b-9eff-4701-a582-6dd473d526e9,Air Lamp,2534,nm,absorbance,845.8400380557085
853.966,161.420768,8205422b-9eff-4701-a582-6dd473d526e9,Air Lamp,2535,nm,absorbance,846.0206890745725
854.147,162.226627,8205422b-9eff-4701-a582-6dd473d526e9,Air Lamp,2536,nm,absorbance,846.2003475054207
854.329,157.157097,8205422b-9eff-4701-a582-6dd473d526e9,Air Lamp,2537,nm,absorbance,846.3809985242846
854.51,156.86145,8205422b-9eff-4701-a582-6dd473d526e9,Air Lamp,2538,nm,absorbance,846.5606569551328
854.691,146.32957600000003,8205422b-9eff-4701-a582-6dd473d526e9,Air Lamp,2539,nm,absorbance,846.740315385981
854.873,136.911746,8205422b-9eff-4701-a582-6dd473d526e9,Air Lamp,2540,nm,absorbance,846.920966404845
855.054,132.69239199999998,8205422b-9eff-4701-a582-6dd473d526e9,Air Lamp,2541,nm,absorbance,847.1006248356931
855.235,131.712466,8205422b-9eff-4701-a582-6dd473d526e9,Air Lamp,2542,nm,absorbance,847.2802832665413
855.416,129.133658,8205422b-9eff-4701-a582-6dd473d526e9,Air Lamp,2543,nm,absorbance,847.4599416973895
855.598,115.163844,8205422b-9eff-4701-a582-6dd473d526e9,Air Lamp,2544,nm,absorbance,847.6405927162533
855.779,105.251416,8205422b-9eff-4701-a582-6dd473d526e9,Air Lamp,2545,nm,absorbance,847.8202511471015
855.96,98.105076,8205422b-9eff-4701-a582-6dd473d526e9,Air Lamp,2546,nm,absorbance,847.9999095779498
856.141,102.419338,8205422b-9eff-4701-a582-6dd473d526e9,Air Lamp,2547,nm,absorbance,848.1795680087979
856.323,101.353536,8205422b-9eff-4701-a582-6dd473d526e9,Air Lamp,2548,nm,absorbance,848.3602190276619
856.504,102.503995,8205422b-9eff-4701-a582-6dd473d526e9,Air Lamp,2549,nm,absorbance,848.5398774585101
856.685,92.55348,8205422b-9eff-4701-a582-6dd473d526e9,Air Lamp,2550,nm,absorbance,848.7195358893582
856.866,87.211346,8205422b-9eff-4701-a582-6dd473d526e9,Air Lamp,2551,nm,absorbance,848.8991943202064
857.047,79.934832,8205422b-9eff-4701-a582-6dd473d526e9,Air Lamp,2552,nm,absorbance,849.0788527510547
857.228,72.75143399999999,8205422b-9eff-4701-a582-6dd473d526e9,Air Lamp,2553,nm,absorbance,849.2585111819028
857.409,69.72773600000001,8205422b-9eff-4701-a582-6dd473d526e9,Air Lamp,2554,nm,absorbance,849.4381696127509
857.591,70.94555199999999,8205422b-9eff-4701-a582-6dd473d526e9,Air Lamp,2555,nm,absorbance,849.6188206316149
857.772,73.758265,8205422b-9eff-4701-a582-6dd473d526e9,Air Lamp,2556,nm,absorbance,849.7984790624631
857.953,71.273802,8205422b-9eff-4701-a582-6dd473d526e9,Air Lamp,2557,nm,absorbance,849.9781374933112
858.134,65.249464,8205422b-9eff-4701-a582-6dd473d526e9,Air Lamp,2558,nm,absorbance,850.1577959241595
858.315,58.917241,8205422b-9eff-4701-a582-6dd473d526e9,Air Lamp,2559,nm,absorbance,850.3374543550077
858.496,61.263505,8205422b-9eff-4701-a582-6dd473d526e9,Air Lamp,2560,nm,absorbance,850.5171127858558
858.677,59.407810000000005,8205422b-9eff-4701-a582-6dd473d526e9,Air Lamp,2561,nm,absorbance,850.6967712167041
858.858,60.543259,8205422b-9eff-4701-a582-6dd473d526e9,Air Lamp,2562,nm,absorbance,850.8764296475522
859.039,55.485127,8205422b-9eff-4701-a582-6dd473d526e9,Air Lamp,2563,nm,absorbance,851.0560880784004
859.22,59.995869000000006,8205422b-9eff-4701-a582-6dd473d526e9,Air Lamp,2564,nm,absorbance,851.2357465092487
859.401,60.644384,8205422b-9eff-4701-a582-6dd473d526e9,Air Lamp,2565,nm,absorbance,851.4154049400967
859.582,61.678885000000015,8205422b-9eff-4701-a582-6dd473d526e9,Air Lamp,2566,nm,absorbance,851.5950633709449
859.762,58.466626,8205422b-9eff-4701-a582-6dd473d526e9,Air Lamp,2567,nm,absorbance,851.7737292137773
859.943,55.861436000000005,8205422b-9eff-4701-a582-6dd473d526e9,Air Lamp,2568,nm,absorbance,851.9533876446255
860.124,59.022703,8205422b-9eff-4701-a582-6dd473d526e9,Air Lamp,2569,nm,absorbance,852.1330460754738
860.305,55.522208,8205422b-9eff-4701-a582-6dd473d526e9,Air Lamp,2570,nm,absorbance,852.3127045063219
860.486,54.124859,8205422b-9eff-4701-a582-6dd473d526e9,Air Lamp,2571,nm,absorbance,852.4923629371701
860.667,48.952805000000005,8205422b-9eff-4701-a582-6dd473d526e9,Air Lamp,2572,nm,absorbance,852.6720213680184
860.848,46.606343,8205422b-9eff-4701-a582-6dd473d526e9,Air Lamp,2573,nm,absorbance,852.8516797988665
861.028,47.912822,8205422b-9eff-4701-a582-6dd473d526e9,Air Lamp,2574,nm,absorbance,853.030345641699
861.209,48.582573,8205422b-9eff-4701-a582-6dd473d526e9,Air Lamp,2575,nm,absorbance,853.2100040725471
861.39,49.839931,8205422b-9eff-4701-a582-6dd473d526e9,Air Lamp,2576,nm,absorbance,853.3896625033954
861.571,48.641928,8205422b-9eff-4701-a582-6dd473d526e9,Air Lamp,2577,nm,absorbance,853.5693209342436
861.751,46.764411,8205422b-9eff-4701-a582-6dd473d526e9,Air Lamp,2578,nm,absorbance,853.747986777076
861.932,45.779781,8205422b-9eff-4701-a582-6dd473d526e9,Air Lamp,2579,nm,absorbance,853.9276452079242
862.113,50.912988,8205422b-9eff-4701-a582-6dd473d526e9,Air Lamp,2580,nm,absorbance,854.1073036387724
862.293,51.152129,8205422b-9eff-4701-a582-6dd473d526e9,Air Lamp,2581,nm,absorbance,854.2859694816048
862.474,53.238478,8205422b-9eff-4701-a582-6dd473d526e9,Air Lamp,2582,nm,absorbance,854.465627912453
862.655,47.388569,8205422b-9eff-4701-a582-6dd473d526e9,Air Lamp,2583,nm,absorbance,854.6452863433011
862.835,50.586635,8205422b-9eff-4701-a582-6dd473d526e9,Air Lamp,2584,nm,absorbance,854.8239521861336
863.016,47.604241,8205422b-9eff-4701-a582-6dd473d526e9,Air Lamp,2585,nm,absorbance,855.0036106169817
863.197,45.624974,8205422b-9eff-4701-a582-6dd473d526e9,Air Lamp,2586,nm,absorbance,855.18326904783
863.377,40.49738000000001,8205422b-9eff-4701-a582-6dd473d526e9,Air Lamp,2587,nm,absorbance,855.3619348906624
863.558,37.007471,8205422b-9eff-4701-a582-6dd473d526e9,Air Lamp,2588,nm,absorbance,855.5415933215106
863.738,35.960347,8205422b-9eff-4701-a582-6dd473d526e9,Air Lamp,2589,nm,absorbance,855.7202591643431
863.919,40.764911,8205422b-9eff-4701-a582-6dd473d526e9,Air Lamp,2590,nm,absorbance,855.8999175951913
864.099,45.821389,8205422b-9eff-4701-a582-6dd473d526e9,Air Lamp,2591,nm,absorbance,856.0785834380238
864.28,50.40243399999999,8205422b-9eff-4701-a582-6dd473d526e9,Air Lamp,2592,nm,absorbance,856.2582418688719
864.46,44.211447,8205422b-9eff-4701-a582-6dd473d526e9,Air Lamp,2593,nm,absorbance,856.4369077117044
864.641,40.376926000000005,8205422b-9eff-4701-a582-6dd473d526e9,Air Lamp,2594,nm,absorbance,856.6165661425525
864.821,37.179998000000005,8205422b-9eff-4701-a582-6dd473d526e9,Air Lamp,2595,nm,absorbance,856.795231985385
865.002,39.071797,8205422b-9eff-4701-a582-6dd473d526e9,Air Lamp,2596,nm,absorbance,856.9748904162332
865.182,40.888294,8205422b-9eff-4701-a582-6dd473d526e9,Air Lamp,2597,nm,absorbance,857.1535562590657
865.363,41.527669,8205422b-9eff-4701-a582-6dd473d526e9,Air Lamp,2598,nm,absorbance,857.3332146899138
865.543,45.07385000000001,8205422b-9eff-4701-a582-6dd473d526e9,Air Lamp,2599,nm,absorbance,857.5118805327462
865.723,49.268409,8205422b-9eff-4701-a582-6dd473d526e9,Air Lamp,2600,nm,absorbance,857.6905463755786
865.904,47.24044000000001,8205422b-9eff-4701-a582-6dd473d526e9,Air Lamp,2601,nm,absorbance,857.8702048064268
866.084,44.304627,8205422b-9eff-4701-a582-6dd473d526e9,Air Lamp,2602,nm,absorbance,858.0488706492592
866.264,38.851543,8205422b-9eff-4701-a582-6dd473d526e9,Air Lamp,2603,nm,absorbance,858.2275364920918
866.445,45.280187,8205422b-9eff-4701-a582-6dd473d526e9,Air Lamp,2604,nm,absorbance,858.40719492294
866.625,45.857091,8205422b-9eff-4701-a582-6dd473d526e9,Air Lamp,2605,nm,absorbance,858.5858607657724
866.805,51.7712,8205422b-9eff-4701-a582-6dd473d526e9,Air Lamp,2606,nm,absorbance,858.7645266086048
866.986,48.646334,8205422b-9eff-4701-a582-6dd473d526e9,Air Lamp,2607,nm,absorbance,858.944185039453
867.166,52.133842,8205422b-9eff-4701-a582-6dd473d526e9,Air Lamp,2608,nm,absorbance,859.1228508822855
867.346,54.81948000000001,8205422b-9eff-4701-a582-6dd473d526e9,Air Lamp,2609,nm,absorbance,859.301516725118
867.526,57.82045199999999,8205422b-9eff-4701-a582-6dd473d526e9,Air Lamp,2610,nm,absorbance,859.4801825679504
867.707,57.40673400000001,8205422b-9eff-4701-a582-6dd473d526e9,Air Lamp,2611,nm,absorbance,859.6598409987986
867.887,59.952293,8205422b-9eff-4701-a582-6dd473d526e9,Air Lamp,2612,nm,absorbance,859.838506841631
868.067,64.735186,8205422b-9eff-4701-a582-6dd473d526e9,Air Lamp,2613,nm,absorbance,860.0171726844635
868.247,68.758522,8205422b-9eff-4701-a582-6dd473d526e9,Air Lamp,2614,nm,absorbance,860.1958385272959
868.427,70.24308900000001,8205422b-9eff-4701-a582-6dd473d526e9,Air Lamp,2615,nm,absorbance,860.3745043701284
868.607,70.97808,8205422b-9eff-4701-a582-6dd473d526e9,Air Lamp,2616,nm,absorbance,860.5531702129608
868.788,70.412134,8205422b-9eff-4701-a582-6dd473d526e9,Air Lamp,2617,nm,absorbance,860.7328286438091
868.968,69.25546400000002,8205422b-9eff-4701-a582-6dd473d526e9,Air Lamp,2618,nm,absorbance,860.9114944866415
869.148,71.498916,8205422b-9eff-4701-a582-6dd473d526e9,Air Lamp,2619,nm,absorbance,861.090160329474
869.328,78.303534,8205422b-9eff-4701-a582-6dd473d526e9,Air Lamp,2620,nm,absorbance,861.2688261723064
869.508,81.20990499999999,8205422b-9eff-4701-a582-6dd473d526e9,Air Lamp,2621,nm,absorbance,861.4474920151389
869.688,84.53307999999998,8205422b-9eff-4701-a582-6dd473d526e9,Air Lamp,2622,nm,absorbance,861.6261578579713
869.868,88.700603,8205422b-9eff-4701-a582-6dd473d526e9,Air Lamp,2623,nm,absorbance,861.8048237008038
870.048,92.273849,8205422b-9eff-4701-a582-6dd473d526e9,Air Lamp,2624,nm,absorbance,861.9834895436362
870.228,94.113426,8205422b-9eff-4701-a582-6dd473d526e9,Air Lamp,2625,nm,absorbance,862.1621553864686
870.408,96.419947,8205422b-9eff-4701-a582-6dd473d526e9,Air Lamp,2626,nm,absorbance,862.3408212293011
870.588,99.707972,8205422b-9eff-4701-a582-6dd473d526e9,Air Lamp,2627,nm,absorbance,862.5194870721335
870.768,103.526764,8205422b-9eff-4701-a582-6dd473d526e9,Air Lamp,2628,nm,absorbance,862.698152914966
870.948,104.036036,8205422b-9eff-4701-a582-6dd473d526e9,Air Lamp,2629,nm,absorbance,862.8768187577984
871.128,105.898521,8205422b-9eff-4701-a582-6dd473d526e9,Air Lamp,2630,nm,absorbance,863.055484600631
871.307,112.29121,8205422b-9eff-4701-a582-6dd473d526e9,Air Lamp,2631,nm,absorbance,863.2331578554476
871.487,111.158494,8205422b-9eff-4701-a582-6dd473d526e9,Air Lamp,2632,nm,absorbance,863.41182369828
871.667,118.581561,8205422b-9eff-4701-a582-6dd473d526e9,Air Lamp,2633,nm,absorbance,863.5904895411126
871.847,119.24646599999998,8205422b-9eff-4701-a582-6dd473d526e9,Air Lamp,2634,nm,absorbance,863.769155383945
872.027,121.47084100000002,8205422b-9eff-4701-a582-6dd473d526e9,Air Lamp,2635,nm,absorbance,863.9478212267775
872.207,122.75462799999998,8205422b-9eff-4701-a582-6dd473d526e9,Air Lamp,2636,nm,absorbance,864.1264870696099
872.387,124.039384,8205422b-9eff-4701-a582-6dd473d526e9,Air Lamp,2637,nm,absorbance,864.3051529124423
872.566,130.100714,8205422b-9eff-4701-a582-6dd473d526e9,Air Lamp,2638,nm,absorbance,864.4828261672591
872.746,131.080543,8205422b-9eff-4701-a582-6dd473d526e9,Air Lamp,2639,nm,absorbance,864.6614920100915
872.926,130.76021699999998,8205422b-9eff-4701-a582-6dd473d526e9,Air Lamp,2640,nm,absorbance,864.840157852924
873.106,133.615946,8205422b-9eff-4701-a582-6dd473d526e9,Air Lamp,2641,nm,absorbance,865.0188236957564
873.285,135.472149,8205422b-9eff-4701-a582-6dd473d526e9,Air Lamp,2642,nm,absorbance,865.1964969505731
873.465,139.56287,8205422b-9eff-4701-a582-6dd473d526e9,Air Lamp,2643,nm,absorbance,865.3751627934056
873.645,139.65053899999998,8205422b-9eff-4701-a582-6dd473d526e9,Air Lamp,2644,nm,absorbance,865.553828636238
873.824,141.50479,8205422b-9eff-4701-a582-6dd473d526e9,Air Lamp,2645,nm,absorbance,865.7315018910547
874.004,138.975526,8205422b-9eff-4701-a582-6dd473d526e9,Air Lamp,2646,nm,absorbance,865.9101677338872
874.184,136.03961900000002,8205422b-9eff-4701-a582-6dd473d526e9,Air Lamp,2647,nm,absorbance,866.0888335767196
874.363,133.947196,8205422b-9eff-4701-a582-6dd473d526e9,Air Lamp,2648,nm,absorbance,866.2665068315364
874.543,133.010993,8205422b-9eff-4701-a582-6dd473d526e9,Air Lamp,2649,nm,absorbance,866.4451726743688
874.723,139.636935,8205422b-9eff-4701-a582-6dd473d526e9,Air Lamp,2650,nm,absorbance,866.6238385172012
874.902,137.998001,8205422b-9eff-4701-a582-6dd473d526e9,Air Lamp,2651,nm,absorbance,866.801511772018
875.082,141.933335,8205422b-9eff-4701-a582-6dd473d526e9,Air Lamp,2652,nm,absorbance,866.9801776148504
875.261,136.59738299999998,8205422b-9eff-4701-a582-6dd473d526e9,Air Lamp,2653,nm,absorbance,867.1578508696671
875.441,133.55118699999997,8205422b-9eff-4701-a582-6dd473d526e9,Air Lamp,2654,nm,absorbance,867.3365167124996
875.62,129.278691,8205422b-9eff-4701-a582-6dd473d526e9,Air Lamp,2655,nm,absorbance,867.5141899673163
875.8,127.336465,8205422b-9eff-4701-a582-6dd473d526e9,Air Lamp,2656,nm,absorbance,867.6928558101487
875.979,128.71770099999998,8205422b-9eff-4701-a582-6dd473d526e9,Air Lamp,2657,nm,absorbance,867.8705290649655
876.159,128.597142,8205422b-9eff-4701-a582-6dd473d526e9,Air Lamp,2658,nm,absorbance,868.0491949077979
876.338,130.634431,8205422b-9eff-4701-a582-6dd473d526e9,Air Lamp,2659,nm,absorbance,868.2268681626146
876.518,129.602503,8205422b-9eff-4701-a582-6dd473d526e9,Air Lamp,2660,nm,absorbance,868.4055340054471
876.697,125.748453,8205422b-9eff-4701-a582-6dd473d526e9,Air Lamp,2661,nm,absorbance,868.5832072602637
876.876,124.478016,8205422b-9eff-4701-a582-6dd473d526e9,Air Lamp,2662,nm,absorbance,868.7608805150804
877.056,122.422872,8205422b-9eff-4701-a582-6dd473d526e9,Air Lamp,2663,nm,absorbance,868.939546357913
877.235,121.648377,8205422b-9eff-4701-a582-6dd473d526e9,Air Lamp,2664,nm,absorbance,869.1172196127296
877.415,114.315276,8205422b-9eff-4701-a582-6dd473d526e9,Air Lamp,2665,nm,absorbance,869.295885455562
877.594,111.814877,8205422b-9eff-4701-a582-6dd473d526e9,Air Lamp,2666,nm,absorbance,869.4735587103788
877.773,107.234692,8205422b-9eff-4701-a582-6dd473d526e9,Air Lamp,2667,nm,absorbance,869.6512319651955
877.953,108.75477700000002,8205422b-9eff-4701-a582-6dd473d526e9,Air Lamp,2668,nm,absorbance,869.8298978080279
878.132,106.727573,8205422b-9eff-4701-a582-6dd473d526e9,Air Lamp,2669,nm,absorbance,870.0075710628446
878.311,103.057722,8205422b-9eff-4701-a582-6dd473d526e9,Air Lamp,2670,nm,absorbance,870.1852443176614
878.49,97.035607,8205422b-9eff-4701-a582-6dd473d526e9,Air Lamp,2671,nm,absorbance,870.3629175724781
878.67,91.082331,8205422b-9eff-4701-a582-6dd473d526e9,Air Lamp,2672,nm,absorbance,870.5415834153105
878.849,94.33224199999998,8205422b-9eff-4701-a582-6dd473d526e9,Air Lamp,2673,nm,absorbance,870.7192566701273
879.028,95.890295,8205422b-9eff-4701-a582-6dd473d526e9,Air Lamp,2674,nm,absorbance,870.896929924944
879.207,98.20996,8205422b-9eff-4701-a582-6dd473d526e9,Air Lamp,2675,nm,absorbance,871.0746031797606
879.387,93.527341,8205422b-9eff-4701-a582-6dd473d526e9,Air Lamp,2676,nm,absorbance,871.253269022593
879.566,89.07190500000002,8205422b-9eff-4701-a582-6dd473d526e9,Air Lamp,2677,nm,absorbance,871.4309422774098
879.745,84.545252,8205422b-9eff-4701-a582-6dd473d526e9,Air Lamp,2678,nm,absorbance,871.6086155322265
879.924,80.234194,8205422b-9eff-4701-a582-6dd473d526e9,Air Lamp,2679,nm,absorbance,871.7862887870432
880.103,76.615278,8205422b-9eff-4701-a582-6dd473d526e9,Air Lamp,2680,nm,absorbance,871.96396204186
880.282,74.46991,8205422b-9eff-4701-a582-6dd473d526e9,Air Lamp,2681,nm,absorbance,872.1416352966768
880.461,77.971295,8205422b-9eff-4701-a582-6dd473d526e9,Air Lamp,2682,nm,absorbance,872.3193085514935
880.64,72.031144,8205422b-9eff-4701-a582-6dd473d526e9,Air Lamp,2683,nm,absorbance,872.4969818063101
880.819,68.793808,8205422b-9eff-4701-a582-6dd473d526e9,Air Lamp,2684,nm,absorbance,872.6746550611268
880.998,62.978728,8205422b-9eff-4701-a582-6dd473d526e9,Air Lamp,2685,nm,absorbance,872.8523283159436
881.178,65.128115,8205422b-9eff-4701-a582-6dd473d526e9,Air Lamp,2686,nm,absorbance,873.030994158776
881.357,64.25623299999998,8205422b-9eff-4701-a582-6dd473d526e9,Air Lamp,2687,nm,absorbance,873.2086674135927
881.536,58.231744000000006,8205422b-9eff-4701-a582-6dd473d526e9,Air Lamp,2688,nm,absorbance,873.3863406684094
881.715,55.330008,8205422b-9eff-4701-a582-6dd473d526e9,Air Lamp,2689,nm,absorbance,873.5640139232262
881.893,56.537652,8205422b-9eff-4701-a582-6dd473d526e9,Air Lamp,2690,nm,absorbance,873.7406945900271
882.072,60.535992,8205422b-9eff-4701-a582-6dd473d526e9,Air Lamp,2691,nm,absorbance,873.9183678448438
882.251,60.981005,8205422b-9eff-4701-a582-6dd473d526e9,Air Lamp,2692,nm,absorbance,874.0960410996605
882.43,56.212728000000006,8205422b-9eff-4701-a582-6dd473d526e9,Air Lamp,2693,nm,absorbance,874.2737143544772
882.609,55.329205,8205422b-9eff-4701-a582-6dd473d526e9,Air Lamp,2694,nm,absorbance,874.451387609294
882.788,50.055854,8205422b-9eff-4701-a582-6dd473d526e9,Air Lamp,2695,nm,absorbance,874.6290608641107
882.967,49.273857,8205422b-9eff-4701-a582-6dd473d526e9,Air Lamp,2696,nm,absorbance,874.8067341189274
883.146,47.96337799999999,8205422b-9eff-4701-a582-6dd473d526e9,Air Lamp,2697,nm,absorbance,874.984407373744
883.325,53.31287999999999,8205422b-9eff-4701-a582-6dd473d526e9,Air Lamp,2698,nm,absorbance,875.1620806285608
883.503,54.204662000000006,8205422b-9eff-4701-a582-6dd473d526e9,Air Lamp,2699,nm,absorbance,875.3387612953619
883.682,53.543813,8205422b-9eff-4701-a582-6dd473d526e9,Air Lamp,2700,nm,absorbance,875.5164345501786
883.861,54.40718599999999,8205422b-9eff-4701-a582-6dd473d526e9,Air Lamp,2701,nm,absorbance,875.6941078049953
884.04,53.111326,8205422b-9eff-4701-a582-6dd473d526e9,Air Lamp,2702,nm,absorbance,875.871781059812
884.219,54.522379,8205422b-9eff-4701-a582-6dd473d526e9,Air Lamp,2703,nm,absorbance,876.0494543146287
884.397,48.82723,8205422b-9eff-4701-a582-6dd473d526e9,Air Lamp,2704,nm,absorbance,876.2261349814297
884.576,52.062127,8205422b-9eff-4701-a582-6dd473d526e9,Air Lamp,2705,nm,absorbance,876.4038082362464
884.755,52.295067,8205422b-9eff-4701-a582-6dd473d526e9,Air Lamp,2706,nm,absorbance,876.5814814910631
884.933,58.728598,8205422b-9eff-4701-a582-6dd473d526e9,Air Lamp,2707,nm,absorbance,876.758162157864
885.112,60.363953000000016,8205422b-9eff-4701-a582-6dd473d526e9,Air Lamp,2708,nm,absorbance,876.9358354126807
885.291,60.207978,8205422b-9eff-4701-a582-6dd473d526e9,Air Lamp,2709,nm,absorbance,877.1135086674975
885.469,60.250212,8205422b-9eff-4701-a582-6dd473d526e9,Air Lamp,2710,nm,absorbance,877.2901893342985
885.648,60.792771,8205422b-9eff-4701-a582-6dd473d526e9,Air Lamp,2711,nm,absorbance,877.4678625891152
885.827,67.82305399999998,8205422b-9eff-4701-a582-6dd473d526e9,Air Lamp,2712,nm,absorbance,877.6455358439318
886.005,69.925034,8205422b-9eff-4701-a582-6dd473d526e9,Air Lamp,2713,nm,absorbance,877.8222165107329
886.184,70.77037099999998,8205422b-9eff-4701-a582-6dd473d526e9,Air Lamp,2714,nm,absorbance,877.9998897655496
886.363,72.913892,8205422b-9eff-4701-a582-6dd473d526e9,Air Lamp,2715,nm,absorbance,878.1775630203664
886.541,78.10770699999999,8205422b-9eff-4701-a582-6dd473d526e9,Air Lamp,2716,nm,absorbance,878.3542436871674
886.72,83.71382,8205422b-9eff-4701-a582-6dd473d526e9,Air Lamp,2717,nm,absorbance,878.531916941984
886.898,85.093561,8205422b-9eff-4701-a582-6dd473d526e9,Air Lamp,2718,nm,absorbance,878.708597608785
887.077,86.15994099999999,8205422b-9eff-4701-a582-6dd473d526e9,Air Lamp,2719,nm,absorbance,878.8862708636017
887.255,87.33011300000001,8205422b-9eff-4701-a582-6dd473d526e9,Air Lamp,2720,nm,absorbance,879.0629515304026
887.434,86.672711,8205422b-9eff-4701-a582-6dd473d526e9,Air Lamp,2721,nm,absorbance,879.2406247852193
887.612,87.43812100000001,8205422b-9eff-4701-a582-6dd473d526e9,Air Lamp,2722,nm,absorbance,879.4173054520203
887.791,92.994073,8205422b-9eff-4701-a582-6dd473d526e9,Air Lamp,2723,nm,absorbance,879.5949787068371
887.969,101.966942,8205422b-9eff-4701-a582-6dd473d526e9,Air Lamp,2724,nm,absorbance,879.771659373638
888.147,106.299719,8205422b-9eff-4701-a582-6dd473d526e9,Air Lamp,2725,nm,absorbance,879.9483400404391
888.326,105.933059,8205422b-9eff-4701-a582-6dd473d526e9,Air Lamp,2726,nm,absorbance,880.1260132952558
888.504,106.671922,8205422b-9eff-4701-a582-6dd473d526e9,Air Lamp,2727,nm,absorbance,880.3026939620568
888.682,110.999591,8205422b-9eff-4701-a582-6dd473d526e9,Air Lamp,2728,nm,absorbance,880.4793746288577
888.861,116.50376099999998,8205422b-9eff-4701-a582-6dd473d526e9,Air Lamp,2729,nm,absorbance,880.6570478836744
889.039,119.206196,8205422b-9eff-4701-a582-6dd473d526e9,Air Lamp,2730,nm,absorbance,880.8337285504754
889.218,125.752438,8205422b-9eff-4701-a582-6dd473d526e9,Air Lamp,2731,nm,absorbance,881.011401805292
889.396,130.516555,8205422b-9eff-4701-a582-6dd473d526e9,Air Lamp,2732,nm,absorbance,881.188082472093
889.574,131.478412,8205422b-9eff-4701-a582-6dd473d526e9,Air Lamp,2733,nm,absorbance,881.364763138894
889.752,127.55872200000002,8205422b-9eff-4701-a582-6dd473d526e9,Air Lamp,2734,nm,absorbance,881.5414438056949
889.931,122.58164700000002,8205422b-9eff-4701-a582-6dd473d526e9,Air Lamp,2735,nm,absorbance,881.7191170605117
890.109,125.957723,8205422b-9eff-4701-a582-6dd473d526e9,Air Lamp,2736,nm,absorbance,881.8957977273128
890.287,133.120308,8205422b-9eff-4701-a582-6dd473d526e9,Air Lamp,2737,nm,absorbance,882.0724783941138
890.465,139.901535,8205422b-9eff-4701-a582-6dd473d526e9,Air Lamp,2738,nm,absorbance,882.2491590609147
890.643,142.279998,8205422b-9eff-4701-a582-6dd473d526e9,Air Lamp,2739,nm,absorbance,882.4258397277157
890.822,141.57259399999998,8205422b-9eff-4701-a582-6dd473d526e9,Air Lamp,2740,nm,absorbance,882.6035129825324
891.0,145.087576,8205422b-9eff-4701-a582-6dd473d526e9,Air Lamp,2741,nm,absorbance,882.7801936493333
891.178,151.593682,8205422b-9eff-4701-a582-6dd473d526e9,Air Lamp,2742,nm,absorbance,882.9568743161343
891.356,152.81937499999998,8205422b-9eff-4701-a582-6dd473d526e9,Air Lamp,2743,nm,absorbance,883.1335549829353
891.534,155.32336,8205422b-9eff-4701-a582-6dd473d526e9,Air Lamp,2744,nm,absorbance,883.3102356497362
891.712,155.148889,8205422b-9eff-4701-a582-6dd473d526e9,Air Lamp,2745,nm,absorbance,883.4869163165373
891.89,162.65905899999998,8205422b-9eff-4701-a582-6dd473d526e9,Air Lamp,2746,nm,absorbance,883.6635969833383
892.068,162.42987599999998,8205422b-9eff-4701-a582-6dd473d526e9,Air Lamp,2747,nm,absorbance,883.8402776501392
892.247,165.06901399999998,8205422b-9eff-4701-a582-6dd473d526e9,Air Lamp,2748,nm,absorbance,884.0179509049559
892.425,162.79966899999997,8205422b-9eff-4701-a582-6dd473d526e9,Air Lamp,2749,nm,absorbance,884.1946315717569
892.603,162.71729500000004,8205422b-9eff-4701-a582-6dd473d526e9,Air Lamp,2750,nm,absorbance,884.3713122385578
892.781,160.714536,8205422b-9eff-4701-a582-6dd473d526e9,Air Lamp,2751,nm,absorbance,884.5479929053588
892.959,156.24555500000002,8205422b-9eff-4701-a582-6dd473d526e9,Air Lamp,2752,nm,absorbance,884.7246735721598
893.137,159.196491,8205422b-9eff-4701-a582-6dd473d526e9,Air Lamp,2753,nm,absorbance,884.9013542389607
893.314,158.71519,8205422b-9eff-4701-a582-6dd473d526e9,Air Lamp,2754,nm,absorbance,885.0770423177461
893.492,165.77331800000002,8205422b-9eff-4701-a582-6dd473d526e9,Air Lamp,2755,nm,absorbance,885.253722984547
893.67,167.283997,8205422b-9eff-4701-a582-6dd473d526e9,Air Lamp,2756,nm,absorbance,885.430403651348
893.848,169.237484,8205422b-9eff-4701-a582-6dd473d526e9,Air Lamp,2757,nm,absorbance,885.607084318149
894.026,163.94017,8205422b-9eff-4701-a582-6dd473d526e9,Air Lamp,2758,nm,absorbance,885.7837649849499
894.204,155.854859,8205422b-9eff-4701-a582-6dd473d526e9,Air Lamp,2759,nm,absorbance,885.9604456517509
894.382,154.694305,8205422b-9eff-4701-a582-6dd473d526e9,Air Lamp,2760,nm,absorbance,886.1371263185519
894.56,156.397391,8205422b-9eff-4701-a582-6dd473d526e9,Air Lamp,2761,nm,absorbance,886.3138069853529
894.738,156.84040799999997,8205422b-9eff-4701-a582-6dd473d526e9,Air Lamp,2762,nm,absorbance,886.490487652154
894.915,155.02097,8205422b-9eff-4701-a582-6dd473d526e9,Air Lamp,2763,nm,absorbance,886.6661757309391
895.093,152.826253,8205422b-9eff-4701-a582-6dd473d526e9,Air Lamp,2764,nm,absorbance,886.8428563977401
895.271,153.757351,8205422b-9eff-4701-a582-6dd473d526e9,Air Lamp,2765,nm,absorbance,887.019537064541
895.449,150.43544,8205422b-9eff-4701-a582-6dd473d526e9,Air Lamp,2766,nm,absorbance,887.196217731342
895.626,153.007211,8205422b-9eff-4701-a582-6dd473d526e9,Air Lamp,2767,nm,absorbance,887.3719058101273
895.804,149.635915,8205422b-9eff-4701-a582-6dd473d526e9,Air Lamp,2768,nm,absorbance,887.5485864769282
895.982,146.12941200000003,8205422b-9eff-4701-a582-6dd473d526e9,Air Lamp,2769,nm,absorbance,887.7252671437293
896.16,139.39868099999998,8205422b-9eff-4701-a582-6dd473d526e9,Air Lamp,2770,nm,absorbance,887.9019478105303
896.337,133.92217399999998,8205422b-9eff-4701-a582-6dd473d526e9,Air Lamp,2771,nm,absorbance,888.0776358893155
896.515,126.85457,8205422b-9eff-4701-a582-6dd473d526e9,Air Lamp,2772,nm,absorbance,888.2543165561165
896.693,114.564598,8205422b-9eff-4701-a582-6dd473d526e9,Air Lamp,2773,nm,absorbance,888.4309972229174
896.87,114.14973299999996,8205422b-9eff-4701-a582-6dd473d526e9,Air Lamp,2774,nm,absorbance,888.6066853017027
897.048,109.924315,8205422b-9eff-4701-a582-6dd473d526e9,Air Lamp,2775,nm,absorbance,888.7833659685036
897.225,111.640811,8205422b-9eff-4701-a582-6dd473d526e9,Air Lamp,2776,nm,absorbance,888.959054047289
897.403,107.905197,8205422b-9eff-4701-a582-6dd473d526e9,Air Lamp,2777,nm,absorbance,889.13573471409
897.581,108.525807,8205422b-9eff-4701-a582-6dd473d526e9,Air Lamp,2778,nm,absorbance,889.3124153808909
897.758,105.59323599999998,8205422b-9eff-4701-a582-6dd473d526e9,Air Lamp,2779,nm,absorbance,889.4881034596762
897.936,101.347098,8205422b-9eff-4701-a582-6dd473d526e9,Air Lamp,2780,nm,absorbance,889.6647841264771
898.113,94.22503199999998,8205422b-9eff-4701-a582-6dd473d526e9,Air Lamp,2781,nm,absorbance,889.8404722052624
898.291,95.136108,8205422b-9eff-4701-a582-6dd473d526e9,Air Lamp,2782,nm,absorbance,890.0171528720633
898.468,93.990266,8205422b-9eff-4701-a582-6dd473d526e9,Air Lamp,2783,nm,absorbance,890.1928409508486
898.646,93.42565599999998,8205422b-9eff-4701-a582-6dd473d526e9,Air Lamp,2784,nm,absorbance,890.3695216176495
898.823,85.648236,8205422b-9eff-4701-a582-6dd473d526e9,Air Lamp,2785,nm,absorbance,890.5452096964348
899.001,80.40363500000001,8205422b-9eff-4701-a582-6dd473d526e9,Air Lamp,2786,nm,absorbance,890.7218903632357
899.178,74.302206,8205422b-9eff-4701-a582-6dd473d526e9,Air Lamp,2787,nm,absorbance,890.897578442021
899.356,71.44616699999999,8205422b-9eff-4701-a582-6dd473d526e9,Air Lamp,2788,nm,absorbance,891.0742591088219
899.533,69.29791700000001,8205422b-9eff-4701-a582-6dd473d526e9,Air Lamp,2789,nm,absorbance,891.2499471876073
899.71,73.436985,8205422b-9eff-4701-a582-6dd473d526e9,Air Lamp,2790,nm,absorbance,891.4256352663925
899.888,69.182638,8205422b-9eff-4701-a582-6dd473d526e9,Air Lamp,2791,nm,absorbance,891.6023159331935
900.065,68.28655400000001,8205422b-9eff-4701-a582-6dd473d526e9,Air Lamp,2792,nm,absorbance,891.7780040119787
900.242,63.10680599999999,8205422b-9eff-4701-a582-6dd473d526e9,Air Lamp,2793,nm,absorbance,891.9536920907639
900.42,61.01875700000001,8205422b-9eff-4701-a582-6dd473d526e9,Air Lamp,2794,nm,absorbance,892.1303727575648
900.597,52.63792099999999,8205422b-9eff-4701-a582-6dd473d526e9,Air Lamp,2795,nm,absorbance,892.3060608363502
900.774,46.627929,8205422b-9eff-4701-a582-6dd473d526e9,Air Lamp,2796,nm,absorbance,892.4817489151354
900.952,45.970416,8205422b-9eff-4701-a582-6dd473d526e9,Air Lamp,2797,nm,absorbance,892.6584295819364
901.129,46.435478,8205422b-9eff-4701-a582-6dd473d526e9,Air Lamp,2798,nm,absorbance,892.8341176607216
901.306,43.215257,8205422b-9eff-4701-a582-6dd473d526e9,Air Lamp,2799,nm,absorbance,893.0098057395069
901.483,38.593092,8205422b-9eff-4701-a582-6dd473d526e9,Air Lamp,2800,nm,absorbance,893.185493818292
901.661,34.095126,8205422b-9eff-4701-a582-6dd473d526e9,Air Lamp,2801,nm,absorbance,893.362174485093
901.838,37.335968,8205422b-9eff-4701-a582-6dd473d526e9,Air Lamp,2802,nm,absorbance,893.5378625638783
902.015,38.070642,8205422b-9eff-4701-a582-6dd473d526e9,Air Lamp,2803,nm,absorbance,893.7135506426636
902.192,37.918418,8205422b-9eff-4701-a582-6dd473d526e9,Air Lamp,2804,nm,absorbance,893.8892387214488
902.369,31.417583,8205422b-9eff-4701-a582-6dd473d526e9,Air Lamp,2805,nm,absorbance,894.064926800234
902.546,25.669032999999995,8205422b-9eff-4701-a582-6dd473d526e9,Air Lamp,2806,nm,absorbance,894.2406148790193
902.723,21.820844,8205422b-9eff-4701-a582-6dd473d526e9,Air Lamp,2807,nm,absorbance,894.4163029578045
902.901,20.225533,8205422b-9eff-4701-a582-6dd473d526e9,Air Lamp,2808,nm,absorbance,894.5929836246055
903.078,18.270524,8205422b-9eff-4701-a582-6dd473d526e9,Air Lamp,2809,nm,absorbance,894.7686717033907
903.255,17.124467,8205422b-9eff-4701-a582-6dd473d526e9,Air Lamp,2810,nm,absorbance,894.944359782176
903.432,18.355215,8205422b-9eff-4701-a582-6dd473d526e9,Air Lamp,2811,nm,absorbance,895.1200478609612
903.609,16.967878,8205422b-9eff-4701-a582-6dd473d526e9,Air Lamp,2812,nm,absorbance,895.2957359397465
903.786,18.847092,8205422b-9eff-4701-a582-6dd473d526e9,Air Lamp,2813,nm,absorbance,895.4714240185317
903.963,14.12215,8205422b-9eff-4701-a582-6dd473d526e9,Air Lamp,2814,nm,absorbance,895.647112097317
904.14,15.520388000000002,8205422b-9eff-4701-a582-6dd473d526e9,Air Lamp,2815,nm,absorbance,895.8228001761022
904.317,11.409499,8205422b-9eff-4701-a582-6dd473d526e9,Air Lamp,2816,nm,absorbance,895.9984882548874
904.494,12.052689,8205422b-9eff-4701-a582-6dd473d526e9,Air Lamp,2817,nm,absorbance,896.1741763336727
904.671,14.640561,8205422b-9eff-4701-a582-6dd473d526e9,Air Lamp,2818,nm,absorbance,896.349864412458
904.848,15.263161999999998,8205422b-9eff-4701-a582-6dd473d526e9,Air Lamp,2819,nm,absorbance,896.5255524912432
905.024,14.849290000000002,8205422b-9eff-4701-a582-6dd473d526e9,Air Lamp,2820,nm,absorbance,896.7002479820127
905.201,10.417275000000002,8205422b-9eff-4701-a582-6dd473d526e9,Air Lamp,2821,nm,absorbance,896.8759360607979
905.378,11.665029,8205422b-9eff-4701-a582-6dd473d526e9,Air Lamp,2822,nm,absorbance,897.0516241395832
905.555,11.508625,8205422b-9eff-4701-a582-6dd473d526e9,Air Lamp,2823,nm,absorbance,897.2273122183684
905.732,11.290844000000002,8205422b-9eff-4701-a582-6dd473d526e9,Air Lamp,2824,nm,absorbance,897.4030002971537
905.909,3.910072,8205422b-9eff-4701-a582-6dd473d526e9,Air Lamp,2825,nm,absorbance,897.5786883759389
906.086,4.72936,8205422b-9eff-4701-a582-6dd473d526e9,Air Lamp,2826,nm,absorbance,897.7543764547241
906.262,6.624722,8205422b-9eff-4701-a582-6dd473d526e9,Air Lamp,2827,nm,absorbance,897.9290719454935
906.439,17.281538000000005,8205422b-9eff-4701-a582-6dd473d526e9,Air Lamp,2828,nm,absorbance,898.1047600242789
906.616,16.935049,8205422b-9eff-4701-a582-6dd473d526e9,Air Lamp,2829,nm,absorbance,898.2804481030641
906.793,15.819273999999998,8205422b-9eff-4701-a582-6dd473d526e9,Air Lamp,2830,nm,absorbance,898.4561361818494
906.969,13.583248,8205422b-9eff-4701-a582-6dd473d526e9,Air Lamp,2831,nm,absorbance,898.6308316726189
907.146,12.700401,8205422b-9eff-4701-a582-6dd473d526e9,Air Lamp,2832,nm,absorbance,898.806519751404
907.323,8.677107,8205422b-9eff-4701-a582-6dd473d526e9,Air Lamp,2833,nm,absorbance,898.9822078301894
907.5,2.5460810000000005,8205422b-9eff-4701-a582-6dd473d526e9,Air Lamp,2834,nm,absorbance,899.1578959089746
907.676,3.236846,8205422b-9eff-4701-a582-6dd473d526e9,Air Lamp,2835,nm,absorbance,899.3325913997442
907.853,2.523058,8205422b-9eff-4701-a582-6dd473d526e9,Air Lamp,2836,nm,absorbance,899.5082794785293
908.03,5.234405000000001,8205422b-9eff-4701-a582-6dd473d526e9,Air Lamp,2837,nm,absorbance,899.6839675573145
908.206,8.097194,8205422b-9eff-4701-a582-6dd473d526e9,Air Lamp,2838,nm,absorbance,899.8586630480842
908.383,13.563328000000002,8205422b-9eff-4701-a582-6dd473d526e9,Air Lamp,2839,nm,absorbance,900.0343511268694
908.559,13.515067000000002,8205422b-9eff-4701-a582-6dd473d526e9,Air Lamp,2840,nm,absorbance,900.2090466176388
908.736,8.191217,8205422b-9eff-4701-a582-6dd473d526e9,Air Lamp,2841,nm,absorbance,900.3847346964241
908.912,6.089142999999999,8205422b-9eff-4701-a582-6dd473d526e9,Air Lamp,2842,nm,absorbance,900.5594301871936
909.089,3.823262,8205422b-9eff-4701-a582-6dd473d526e9,Air Lamp,2843,nm,absorbance,900.7351182659789
909.266,6.043776000000001,8205422b-9eff-4701-a582-6dd473d526e9,Air Lamp,2844,nm,absorbance,900.9108063447641
909.442,4.469269000000001,8205422b-9eff-4701-a582-6dd473d526e9,Air Lamp,2845,nm,absorbance,901.0855018355336
909.619,7.550217000000001,8205422b-9eff-4701-a582-6dd473d526e9,Air Lamp,2846,nm,absorbance,901.2611899143188
909.795,6.516217999999999,8205422b-9eff-4701-a582-6dd473d526e9,Air Lamp,2847,nm,absorbance,901.4358854050884
909.972,5.5938170000000005,8205422b-9eff-4701-a582-6dd473d526e9,Air Lamp,2848,nm,absorbance,901.6115734838736
910.148,6.09916,8205422b-9eff-4701-a582-6dd473d526e9,Air Lamp,2849,nm,absorbance,901.7862689746431
910.324,5.98221,8205422b-9eff-4701-a582-6dd473d526e9,Air Lamp,2850,nm,absorbance,901.9609644654125
910.501,12.809603999999998,8205422b-9eff-4701-a582-6dd473d526e9,Air Lamp,2851,nm,absorbance,902.1366525441978
910.677,12.986734000000002,8205422b-9eff-4701-a582-6dd473d526e9,Air Lamp,2852,nm,absorbance,902.3113480349674
910.854,14.358157999999998,8205422b-9eff-4701-a582-6dd473d526e9,Air Lamp,2853,nm,absorbance,902.4870361137527
911.03,7.869845000000001,8205422b-9eff-4701-a582-6dd473d526e9,Air Lamp,2854,nm,absorbance,902.6617316045221
911.206,4.546574000000001,8205422b-9eff-4701-a582-6dd473d526e9,Air Lamp,2855,nm,absorbance,902.8364270952916
911.383,-0.104377,8205422b-9eff-4701-a582-6dd473d526e9,Air Lamp,2856,nm,absorbance,903.0121151740769
911.559,1.4107120000000002,8205422b-9eff-4701-a582-6dd473d526e9,Air Lamp,2857,nm,absorbance,903.1868106648463
911.735,-1.4701479999999998,8205422b-9eff-4701-a582-6dd473d526e9,Air Lamp,2858,nm,absorbance,903.3615061556159
911.912,2.499523,8205422b-9eff-4701-a582-6dd473d526e9,Air Lamp,2859,nm,absorbance,903.5371942344011
912.088,2.209643,8205422b-9eff-4701-a582-6dd473d526e9,Air Lamp,2860,nm,absorbance,903.7118897251705
912.264,7.967360000000001,8205422b-9eff-4701-a582-6dd473d526e9,Air Lamp,2861,nm,absorbance,903.8865852159402
912.44,9.450697,8205422b-9eff-4701-a582-6dd473d526e9,Air Lamp,2862,nm,absorbance,904.0612807067097
912.617,12.544166,8205422b-9eff-4701-a582-6dd473d526e9,Air Lamp,2863,nm,absorbance,904.2369687854948
912.793,10.739385,8205422b-9eff-4701-a582-6dd473d526e9,Air Lamp,2864,nm,absorbance,904.4116642762643
912.969,8.337361000000001,8205422b-9eff-4701-a582-6dd473d526e9,Air Lamp,2865,nm,absorbance,904.586359767034
913.145,5.136340000000001,8205422b-9eff-4701-a582-6dd473d526e9,Air Lamp,2866,nm,absorbance,904.7610552578034
913.321,8.513277999999998,8205422b-9eff-4701-a582-6dd473d526e9,Air Lamp,2867,nm,absorbance,904.9357507485729
913.498,8.493155,8205422b-9eff-4701-a582-6dd473d526e9,Air Lamp,2868,nm,absorbance,905.1114388273581
913.674,12.281251,8205422b-9eff-4701-a582-6dd473d526e9,Air Lamp,2869,nm,absorbance,905.2861343181277
913.85,5.886934,8205422b-9eff-4701-a582-6dd473d526e9,Air Lamp,2870,nm,absorbance,905.4608298088972
914.026,5.088407,8205422b-9eff-4701-a582-6dd473d526e9,Air Lamp,2871,nm,absorbance,905.6355252996666
914.202,1.981845,8205422b-9eff-4701-a582-6dd473d526e9,Air Lamp,2872,nm,absorbance,905.8102207904361
914.378,5.397318,8205422b-9eff-4701-a582-6dd473d526e9,Air Lamp,2873,nm,absorbance,905.9849162812058
914.554,6.000528,8205422b-9eff-4701-a582-6dd473d526e9,Air Lamp,2874,nm,absorbance,906.1596117719752
914.73,3.438627999999999,8205422b-9eff-4701-a582-6dd473d526e9,Air Lamp,2875,nm,absorbance,906.3343072627447
914.906,2.6172459999999997,8205422b-9eff-4701-a582-6dd473d526e9,Air Lamp,2876,nm,absorbance,906.5090027535141
915.082,3.807267,8205422b-9eff-4701-a582-6dd473d526e9,Air Lamp,2877,nm,absorbance,906.6836982442837
915.258,12.928169,8205422b-9eff-4701-a582-6dd473d526e9,Air Lamp,2878,nm,absorbance,906.8583937350533
915.434,14.547854,8205422b-9eff-4701-a582-6dd473d526e9,Air Lamp,2879,nm,absorbance,907.0330892258227
915.61,15.7122,8205422b-9eff-4701-a582-6dd473d526e9,Air Lamp,2880,nm,absorbance,907.2077847165922
915.786,15.40704,8205422b-9eff-4701-a582-6dd473d526e9,Air Lamp,2881,nm,absorbance,907.3824802073617
915.962,18.814967,8205422b-9eff-4701-a582-6dd473d526e9,Air Lamp,2882,nm,absorbance,907.5571756981312
916.138,19.482899,8205422b-9eff-4701-a582-6dd473d526e9,Air Lamp,2883,nm,absorbance,907.7318711889008
916.314,11.540652,8205422b-9eff-4701-a582-6dd473d526e9,Air Lamp,2884,nm,absorbance,907.9065666796702
916.49,9.667445,8205422b-9eff-4701-a582-6dd473d526e9,Air Lamp,2885,nm,absorbance,908.0812621704398
916.665,11.626828,8205422b-9eff-4701-a582-6dd473d526e9,Air Lamp,2886,nm,absorbance,908.2549650731935
916.841,14.719529,8205422b-9eff-4701-a582-6dd473d526e9,Air Lamp,2887,nm,absorbance,908.429660563963
917.017,12.561975,8205422b-9eff-4701-a582-6dd473d526e9,Air Lamp,2888,nm,absorbance,908.6043560547325
917.193,12.002354,8205422b-9eff-4701-a582-6dd473d526e9,Air Lamp,2889,nm,absorbance,908.779051545502
917.369,9.909879,8205422b-9eff-4701-a582-6dd473d526e9,Air Lamp,2890,nm,absorbance,908.9537470362716
917.545,14.416071,8205422b-9eff-4701-a582-6dd473d526e9,Air Lamp,2891,nm,absorbance,909.128442527041
917.72,12.360457,8205422b-9eff-4701-a582-6dd473d526e9,Air Lamp,2892,nm,absorbance,909.3021454297948
917.896,17.759833,8205422b-9eff-4701-a582-6dd473d526e9,Air Lamp,2893,nm,absorbance,909.4768409205643
918.072,11.986033,8205422b-9eff-4701-a582-6dd473d526e9,Air Lamp,2894,nm,absorbance,909.6515364113338
918.247,14.670975,8205422b-9eff-4701-a582-6dd473d526e9,Air Lamp,2895,nm,absorbance,909.8252393140875
918.423,12.049012,8205422b-9eff-4701-a582-6dd473d526e9,Air Lamp,2896,nm,absorbance,909.9999348048572
918.599,18.405847,8205422b-9eff-4701-a582-6dd473d526e9,Air Lamp,2897,nm,absorbance,910.1746302956267
918.775,17.100355,8205422b-9eff-4701-a582-6dd473d526e9,Air Lamp,2898,nm,absorbance,910.3493257863961
918.95,12.61562,8205422b-9eff-4701-a582-6dd473d526e9,Air Lamp,2899,nm,absorbance,910.5230286891499
919.126,5.577753,8205422b-9eff-4701-a582-6dd473d526e9,Air Lamp,2900,nm,absorbance,910.6977241799194
919.301,7.054901999999999,8205422b-9eff-4701-a582-6dd473d526e9,Air Lamp,2901,nm,absorbance,910.8714270826732
919.477,11.52687,8205422b-9eff-4701-a582-6dd473d526e9,Air Lamp,2902,nm,absorbance,911.0461225734426
919.653,17.607969,8205422b-9eff-4701-a582-6dd473d526e9,Air Lamp,2903,nm,absorbance,911.2208180642122
919.828,15.327683000000002,8205422b-9eff-4701-a582-6dd473d526e9,Air Lamp,2904,nm,absorbance,911.394520966966
920.004,15.523671000000002,8205422b-9eff-4701-a582-6dd473d526e9,Air Lamp,2905,nm,absorbance,911.5692164577355
920.179,18.189460999999994,8205422b-9eff-4701-a582-6dd473d526e9,Air Lamp,2906,nm,absorbance,911.7429193604892
920.355,21.377990000000004,8205422b-9eff-4701-a582-6dd473d526e9,Air Lamp,2907,nm,absorbance,911.9176148512588
920.53,23.068806,8205422b-9eff-4701-a582-6dd473d526e9,Air Lamp,2908,nm,absorbance,912.0913177540125
920.706,16.756308999999998,8205422b-9eff-4701-a582-6dd473d526e9,Air Lamp,2909,nm,absorbance,912.266013244782
920.881,11.8045,8205422b-9eff-4701-a582-6dd473d526e9,Air Lamp,2910,nm,absorbance,912.4397161475357
921.057,10.356166,8205422b-9eff-4701-a582-6dd473d526e9,Air Lamp,2911,nm,absorbance,912.6144116383053
921.232,16.210419,8205422b-9eff-4701-a582-6dd473d526e9,Air Lamp,2912,nm,absorbance,912.788114541059
921.408,21.641106,8205422b-9eff-4701-a582-6dd473d526e9,Air Lamp,2913,nm,absorbance,912.9628100318286
921.583,23.639277000000003,8205422b-9eff-4701-a582-6dd473d526e9,Air Lamp,2914,nm,absorbance,913.1365129345824
921.759,15.806585000000002,8205422b-9eff-4701-a582-6dd473d526e9,Air Lamp,2915,nm,absorbance,913.3112084253519
921.934,13.690108,8205422b-9eff-4701-a582-6dd473d526e9,Air Lamp,2916,nm,absorbance,913.4849113281056
922.109,11.278496,8205422b-9eff-4701-a582-6dd473d526e9,Air Lamp,2917,nm,absorbance,913.6586142308595
922.285,16.924791,8205422b-9eff-4701-a582-6dd473d526e9,Air Lamp,2918,nm,absorbance,913.8333097216289
922.46,16.509082,8205422b-9eff-4701-a582-6dd473d526e9,Air Lamp,2919,nm,absorbance,914.0070126243827
922.635,19.234565,8205422b-9eff-4701-a582-6dd473d526e9,Air Lamp,2920,nm,absorbance,914.1807155271364
922.811,16.114456,8205422b-9eff-4701-a582-6dd473d526e9,Air Lamp,2921,nm,absorbance,914.355411017906
922.986,18.06794,8205422b-9eff-4701-a582-6dd473d526e9,Air Lamp,2922,nm,absorbance,914.5291139206597
923.161,15.502676999999997,8205422b-9eff-4701-a582-6dd473d526e9,Air Lamp,2923,nm,absorbance,914.7028168234134
923.336,12.784086000000002,8205422b-9eff-4701-a582-6dd473d526e9,Air Lamp,2924,nm,absorbance,914.8765197261673
923.512,8.052557,8205422b-9eff-4701-a582-6dd473d526e9,Air Lamp,2925,nm,absorbance,915.0512152169367
923.687,6.758934000000001,8205422b-9eff-4701-a582-6dd473d526e9,Air Lamp,2926,nm,absorbance,915.2249181196905
923.862,6.407253,8205422b-9eff-4701-a582-6dd473d526e9,Air Lamp,2927,nm,absorbance,915.3986210224443
924.037,7.355366000000001,8205422b-9eff-4701-a582-6dd473d526e9,Air Lamp,2928,nm,absorbance,915.5723239251981
924.212,9.307104,8205422b-9eff-4701-a582-6dd473d526e9,Air Lamp,2929,nm,absorbance,915.7460268279518
924.388,12.674132000000002,8205422b-9eff-4701-a582-6dd473d526e9,Air Lamp,2930,nm,absorbance,915.9207223187213
924.563,11.908395000000002,8205422b-9eff-4701-a582-6dd473d526e9,Air Lamp,2931,nm,absorbance,916.0944252214751
924.738,10.204345,8205422b-9eff-4701-a582-6dd473d526e9,Air Lamp,2932,nm,absorbance,916.268128124229
924.913,8.835336999999999,8205422b-9eff-4701-a582-6dd473d526e9,Air Lamp,2933,nm,absorbance,916.4418310269826
925.088,5.765913,8205422b-9eff-4701-a582-6dd473d526e9,Air Lamp,2934,nm,absorbance,916.6155339297364
925.263,8.638235000000002,8205422b-9eff-4701-a582-6dd473d526e9,Air Lamp,2935,nm,absorbance,916.7892368324902
925.438,11.401283,8205422b-9eff-4701-a582-6dd473d526e9,Air Lamp,2936,nm,absorbance,916.9629397352439
925.613,14.781567,8205422b-9eff-4701-a582-6dd473d526e9,Air Lamp,2937,nm,absorbance,917.1366426379979
925.788,10.246710000000002,8205422b-9eff-4701-a582-6dd473d526e9,Air Lamp,2938,nm,absorbance,917.3103455407515
925.963,9.130359,8205422b-9eff-4701-a582-6dd473d526e9,Air Lamp,2939,nm,absorbance,917.4840484435052
926.138,5.665473,8205422b-9eff-4701-a582-6dd473d526e9,Air Lamp,2940,nm,absorbance,917.6577513462591
926.313,10.933866,8205422b-9eff-4701-a582-6dd473d526e9,Air Lamp,2941,nm,absorbance,917.8314542490128
926.488,11.144759,8205422b-9eff-4701-a582-6dd473d526e9,Air Lamp,2942,nm,absorbance,918.0051571517666
926.663,12.669288,8205422b-9eff-4701-a582-6dd473d526e9,Air Lamp,2943,nm,absorbance,918.1788600545204
926.838,8.848382,8205422b-9eff-4701-a582-6dd473d526e9,Air Lamp,2944,nm,absorbance,918.3525629572741
927.013,6.877367,8205422b-9eff-4701-a582-6dd473d526e9,Air Lamp,2945,nm,absorbance,918.5262658600279
927.188,9.290298000000002,8205422b-9eff-4701-a582-6dd473d526e9,Air Lamp,2946,nm,absorbance,918.6999687627816
927.363,12.370485,8205422b-9eff-4701-a582-6dd473d526e9,Air Lamp,2947,nm,absorbance,918.8736716655355
927.538,10.789107,8205422b-9eff-4701-a582-6dd473d526e9,Air Lamp,2948,nm,absorbance,919.0473745682892
927.713,9.99384,8205422b-9eff-4701-a582-6dd473d526e9,Air Lamp,2949,nm,absorbance,919.2210774710429
927.888,11.539896,8205422b-9eff-4701-a582-6dd473d526e9,Air Lamp,2950,nm,absorbance,919.3947803737968
928.062,14.015782000000002,8205422b-9eff-4701-a582-6dd473d526e9,Air Lamp,2951,nm,absorbance,919.5674906885348
928.237,14.55022,8205422b-9eff-4701-a582-6dd473d526e9,Air Lamp,2952,nm,absorbance,919.7411935912885
928.412,11.99613,8205422b-9eff-4701-a582-6dd473d526e9,Air Lamp,2953,nm,absorbance,919.9148964940424
928.587,12.375348999999998,8205422b-9eff-4701-a582-6dd473d526e9,Air Lamp,2954,nm,absorbance,920.0885993967961
928.761,8.330406,8205422b-9eff-4701-a582-6dd473d526e9,Air Lamp,2955,nm,absorbance,920.2613097115341
928.936,8.504805,8205422b-9eff-4701-a582-6dd473d526e9,Air Lamp,2956,nm,absorbance,920.435012614288
929.111,7.699630000000001,8205422b-9eff-4701-a582-6dd473d526e9,Air Lamp,2957,nm,absorbance,920.6087155170417
929.286,12.615264,8205422b-9eff-4701-a582-6dd473d526e9,Air Lamp,2958,nm,absorbance,920.7824184197954
929.46,10.841237,8205422b-9eff-4701-a582-6dd473d526e9,Air Lamp,2959,nm,absorbance,920.9551287345336
929.635,10.385758999999998,8205422b-9eff-4701-a582-6dd473d526e9,Air Lamp,2960,nm,absorbance,921.1288316372872
929.81,8.161973,8205422b-9eff-4701-a582-6dd473d526e9,Air Lamp,2961,nm,absorbance,921.3025345400409
929.984,7.043704,8205422b-9eff-4701-a582-6dd473d526e9,Air Lamp,2962,nm,absorbance,921.4752448547791
930.159,11.43462,8205422b-9eff-4701-a582-6dd473d526e9,Air Lamp,2963,nm,absorbance,921.6489477575328
930.334,11.272469,8205422b-9eff-4701-a582-6dd473d526e9,Air Lamp,2964,nm,absorbance,921.8226506602865
930.508,11.683387,8205422b-9eff-4701-a582-6dd473d526e9,Air Lamp,2965,nm,absorbance,921.9953609750247
930.683,9.185902,8205422b-9eff-4701-a582-6dd473d526e9,Air Lamp,2966,nm,absorbance,922.1690638777784
930.857,14.267803,8205422b-9eff-4701-a582-6dd473d526e9,Air Lamp,2967,nm,absorbance,922.3417741925165
931.032,15.347065,8205422b-9eff-4701-a582-6dd473d526e9,Air Lamp,2968,nm,absorbance,922.5154770952703
931.206,15.004165,8205422b-9eff-4701-a582-6dd473d526e9,Air Lamp,2969,nm,absorbance,922.6881874100083
931.381,11.425080000000005,8205422b-9eff-4701-a582-6dd473d526e9,Air Lamp,2970,nm,absorbance,922.8618903127621
931.556,11.892879,8205422b-9eff-4701-a582-6dd473d526e9,Air Lamp,2971,nm,absorbance,923.0355932155159
931.73,17.382273,8205422b-9eff-4701-a582-6dd473d526e9,Air Lamp,2972,nm,absorbance,923.2083035302538
931.904,17.073784999999994,8205422b-9eff-4701-a582-6dd473d526e9,Air Lamp,2973,nm,absorbance,923.3810138449919
932.079,13.068861000000002,8205422b-9eff-4701-a582-6dd473d526e9,Air Lamp,2974,nm,absorbance,923.5547167477456
932.253,6.051025000000001,8205422b-9eff-4701-a582-6dd473d526e9,Air Lamp,2975,nm,absorbance,923.7274270624837
932.428,8.046668999999998,8205422b-9eff-4701-a582-6dd473d526e9,Air Lamp,2976,nm,absorbance,923.9011299652375
932.602,11.280052,8205422b-9eff-4701-a582-6dd473d526e9,Air Lamp,2977,nm,absorbance,924.0738402799755
932.777,13.403284000000005,8205422b-9eff-4701-a582-6dd473d526e9,Air Lamp,2978,nm,absorbance,924.2475431827293
932.951,10.316398,8205422b-9eff-4701-a582-6dd473d526e9,Air Lamp,2979,nm,absorbance,924.4202534974673
933.125,10.485028000000002,8205422b-9eff-4701-a582-6dd473d526e9,Air Lamp,2980,nm,absorbance,924.5929638122053
933.3,8.208277,8205422b-9eff-4701-a582-6dd473d526e9,Air Lamp,2981,nm,absorbance,924.766666714959
933.474,12.30427,8205422b-9eff-4701-a582-6dd473d526e9,Air Lamp,2982,nm,absorbance,924.9393770296972
933.648,13.497392,8205422b-9eff-4701-a582-6dd473d526e9,Air Lamp,2983,nm,absorbance,925.1120873444352
933.823,12.718665,8205422b-9eff-4701-a582-6dd473d526e9,Air Lamp,2984,nm,absorbance,925.285790247189
933.997,6.312372000000001,8205422b-9eff-4701-a582-6dd473d526e9,Air Lamp,2985,nm,absorbance,925.4585005619269
934.171,3.268575,8205422b-9eff-4701-a582-6dd473d526e9,Air Lamp,2986,nm,absorbance,925.631210876665
934.345,2.633267,8205422b-9eff-4701-a582-6dd473d526e9,Air Lamp,2987,nm,absorbance,925.8039211914031
934.52,4.451727999999999,8205422b-9eff-4701-a582-6dd473d526e9,Air Lamp,2988,nm,absorbance,925.9776240941568
934.694,7.817017,8205422b-9eff-4701-a582-6dd473d526e9,Air Lamp,2989,nm,absorbance,926.1503344088948
934.868,10.256424999999998,8205422b-9eff-4701-a582-6dd473d526e9,Air Lamp,2990,nm,absorbance,926.323044723633
935.042,15.230721,8205422b-9eff-4701-a582-6dd473d526e9,Air Lamp,2991,nm,absorbance,926.4957550383709
935.217,13.668682,8205422b-9eff-4701-a582-6dd473d526e9,Air Lamp,2992,nm,absorbance,926.6694579411247
935.391,12.933649,8205422b-9eff-4701-a582-6dd473d526e9,Air Lamp,2993,nm,absorbance,926.8421682558627
935.565,6.721196000000001,8205422b-9eff-4701-a582-6dd473d526e9,Air Lamp,2994,nm,absorbance,927.0148785706008
935.739,4.50713,8205422b-9eff-4701-a582-6dd473d526e9,Air Lamp,2995,nm,absorbance,927.1875888853389
935.913,5.418643999999999,8205422b-9eff-4701-a582-6dd473d526e9,Air Lamp,2996,nm,absorbance,927.3602992000768
936.087,10.539318,8205422b-9eff-4701-a582-6dd473d526e9,Air Lamp,2997,nm,absorbance,927.5330095148148
936.261,14.063545999999995,8205422b-9eff-4701-a582-6dd473d526e9,Air Lamp,2998,nm,absorbance,927.7057198295529
936.435,16.212561,8205422b-9eff-4701-a582-6dd473d526e9,Air Lamp,2999,nm,absorbance,927.8784301442909
936.609,15.830818000000002,8205422b-9eff-4701-a582-6dd473d526e9,Air Lamp,3000,nm,absorbance,928.051140459029
936.783,17.929436000000003,8205422b-9eff-4701-a582-6dd473d526e9,Air Lamp,3001,nm,absorbance,928.223850773767
936.957,18.476401000000003,8205422b-9eff-4701-a582-6dd473d526e9,Air Lamp,3002,nm,absorbance,928.396561088505
937.131,17.474823999999998,8205422b-9eff-4701-a582-6dd473d526e9,Air Lamp,3003,nm,absorbance,928.5692714032431
937.305,13.221826000000002,8205422b-9eff-4701-a582-6dd473d526e9,Air Lamp,3004,nm,absorbance,928.741981717981
937.479,14.291181999999996,8205422b-9eff-4701-a582-6dd473d526e9,Air Lamp,3005,nm,absorbance,928.9146920327192
937.653,11.752774,8205422b-9eff-4701-a582-6dd473d526e9,Air Lamp,3006,nm,absorbance,929.0874023474572
937.827,10.878732,8205422b-9eff-4701-a582-6dd473d526e9,Air Lamp,3007,nm,absorbance,929.2601126621952
938.001,10.449156,8205422b-9eff-4701-a582-6dd473d526e9,Air Lamp,3008,nm,absorbance,929.4328229769333
938.175,11.465886,8205422b-9eff-4701-a582-6dd473d526e9,Air Lamp,3009,nm,absorbance,929.6055332916712
938.349,12.889781,8205422b-9eff-4701-a582-6dd473d526e9,Air Lamp,3010,nm,absorbance,929.7782436064093
938.523,7.364822999999999,8205422b-9eff-4701-a582-6dd473d526e9,Air Lamp,3011,nm,absorbance,929.9509539211474
938.697,7.162568,8205422b-9eff-4701-a582-6dd473d526e9,Air Lamp,3012,nm,absorbance,930.1236642358854
938.87,6.559605,8205422b-9eff-4701-a582-6dd473d526e9,Air Lamp,3013,nm,absorbance,930.2953819626077
939.044,9.688661,8205422b-9eff-4701-a582-6dd473d526e9,Air Lamp,3014,nm,absorbance,930.4680922773457
939.218,10.935529,8205422b-9eff-4701-a582-6dd473d526e9,Air Lamp,3015,nm,absorbance,930.6408025920837
939.392,14.643328000000002,8205422b-9eff-4701-a582-6dd473d526e9,Air Lamp,3016,nm,absorbance,930.8135129068219
939.566,13.952086,8205422b-9eff-4701-a582-6dd473d526e9,Air Lamp,3017,nm,absorbance,930.9862232215598
939.739,11.842169,8205422b-9eff-4701-a582-6dd473d526e9,Air Lamp,3018,nm,absorbance,931.1579409482822
939.913,13.043544,8205422b-9eff-4701-a582-6dd473d526e9,Air Lamp,3019,nm,absorbance,931.3306512630202
940.087,12.385558,8205422b-9eff-4701-a582-6dd473d526e9,Air Lamp,3020,nm,absorbance,931.5033615777581
940.261,17.626855,8205422b-9eff-4701-a582-6dd473d526e9,Air Lamp,3021,nm,absorbance,931.6760718924962
940.434,15.330678,8205422b-9eff-4701-a582-6dd473d526e9,Air Lamp,3022,nm,absorbance,931.8477896192185
940.608,15.035925,8205422b-9eff-4701-a582-6dd473d526e9,Air Lamp,3023,nm,absorbance,932.0204999339566
940.782,11.612631,8205422b-9eff-4701-a582-6dd473d526e9,Air Lamp,3024,nm,absorbance,932.1932102486946
940.955,9.653934,8205422b-9eff-4701-a582-6dd473d526e9,Air Lamp,3025,nm,absorbance,932.3649279754169
941.129,11.486,8205422b-9eff-4701-a582-6dd473d526e9,Air Lamp,3026,nm,absorbance,932.537638290155
941.302,10.945747,8205422b-9eff-4701-a582-6dd473d526e9,Air Lamp,3027,nm,absorbance,932.7093560168772
941.476,15.194482,8205422b-9eff-4701-a582-6dd473d526e9,Air Lamp,3028,nm,absorbance,932.8820663316153
941.65,13.994898999999998,8205422b-9eff-4701-a582-6dd473d526e9,Air Lamp,3029,nm,absorbance,933.0547766463533
941.823,18.321739,8205422b-9eff-4701-a582-6dd473d526e9,Air Lamp,3030,nm,absorbance,933.2264943730756
941.997,17.215377999999998,8205422b-9eff-4701-a582-6dd473d526e9,Air Lamp,3031,nm,absorbance,933.3992046878136
942.17,16.816309,8205422b-9eff-4701-a582-6dd473d526e9,Air Lamp,3032,nm,absorbance,933.5709224145359
942.344,20.454663,8205422b-9eff-4701-a582-6dd473d526e9,Air Lamp,3033,nm,absorbance,933.743632729274
942.517,24.529187,8205422b-9eff-4701-a582-6dd473d526e9,Air Lamp,3034,nm,absorbance,933.9153504559963
942.691,25.49828,8205422b-9eff-4701-a582-6dd473d526e9,Air Lamp,3035,nm,absorbance,934.0880607707344
942.864,21.834596,8205422b-9eff-4701-a582-6dd473d526e9,Air Lamp,3036,nm,absorbance,934.2597784974566
943.038,18.117111,8205422b-9eff-4701-a582-6dd473d526e9,Air Lamp,3037,nm,absorbance,934.4324888121946
943.211,22.639112,8205422b-9eff-4701-a582-6dd473d526e9,Air Lamp,3038,nm,absorbance,934.604206538917
943.385,15.879578999999998,8205422b-9eff-4701-a582-6dd473d526e9,Air Lamp,3039,nm,absorbance,934.7769168536549
943.558,13.622883000000002,8205422b-9eff-4701-a582-6dd473d526e9,Air Lamp,3040,nm,absorbance,934.9486345803773
943.731,11.456223,8205422b-9eff-4701-a582-6dd473d526e9,Air Lamp,3041,nm,absorbance,935.1203523070996
943.905,19.671147,8205422b-9eff-4701-a582-6dd473d526e9,Air Lamp,3042,nm,absorbance,935.2930626218376
944.078,18.415213,8205422b-9eff-4701-a582-6dd473d526e9,Air Lamp,3043,nm,absorbance,935.4647803485599
944.251,19.470801,8205422b-9eff-4701-a582-6dd473d526e9,Air Lamp,3044,nm,absorbance,935.6364980752821
944.425,17.996928,8205422b-9eff-4701-a582-6dd473d526e9,Air Lamp,3045,nm,absorbance,935.8092083900202
944.598,21.508713,8205422b-9eff-4701-a582-6dd473d526e9,Air Lamp,3046,nm,absorbance,935.9809261167425
944.771,22.117323,8205422b-9eff-4701-a582-6dd473d526e9,Air Lamp,3047,nm,absorbance,936.1526438434648
944.945,23.171735,8205422b-9eff-4701-a582-6dd473d526e9,Air Lamp,3048,nm,absorbance,936.3253541582029
945.118,22.390873,8205422b-9eff-4701-a582-6dd473d526e9,Air Lamp,3049,nm,absorbance,936.4970718849253
945.291,22.603625,8205422b-9eff-4701-a582-6dd473d526e9,Air Lamp,3050,nm,absorbance,936.6687896116475
945.464,19.703165,8205422b-9eff-4701-a582-6dd473d526e9,Air Lamp,3051,nm,absorbance,936.8405073383699
945.638,19.412701,8205422b-9eff-4701-a582-6dd473d526e9,Air Lamp,3052,nm,absorbance,937.0132176531079
945.811,17.001464999999996,8205422b-9eff-4701-a582-6dd473d526e9,Air Lamp,3053,nm,absorbance,937.1849353798301
945.984,19.053466,8205422b-9eff-4701-a582-6dd473d526e9,Air Lamp,3054,nm,absorbance,937.3566531065525
946.157,21.633324,8205422b-9eff-4701-a582-6dd473d526e9,Air Lamp,3055,nm,absorbance,937.5283708332747
946.33,20.650319000000003,8205422b-9eff-4701-a582-6dd473d526e9,Air Lamp,3056,nm,absorbance,937.7000885599971
946.503,22.669853,8205422b-9eff-4701-a582-6dd473d526e9,Air Lamp,3057,nm,absorbance,937.8718062867193
946.677,23.696145,8205422b-9eff-4701-a582-6dd473d526e9,Air Lamp,3058,nm,absorbance,938.0445166014574
946.85,29.953025000000004,8205422b-9eff-4701-a582-6dd473d526e9,Air Lamp,3059,nm,absorbance,938.2162343281797
947.023,26.552006,8205422b-9eff-4701-a582-6dd473d526e9,Air Lamp,3060,nm,absorbance,938.3879520549019
947.196,28.104114,8205422b-9eff-4701-a582-6dd473d526e9,Air Lamp,3061,nm,absorbance,938.5596697816243
947.369,24.690606,8205422b-9eff-4701-a582-6dd473d526e9,Air Lamp,3062,nm,absorbance,938.7313875083465
947.542,28.577036,8205422b-9eff-4701-a582-6dd473d526e9,Air Lamp,3063,nm,absorbance,938.9031052350689
947.715,25.107632,8205422b-9eff-4701-a582-6dd473d526e9,Air Lamp,3064,nm,absorbance,939.0748229617911
947.888,25.579550000000005,8205422b-9eff-4701-a582-6dd473d526e9,Air Lamp,3065,nm,absorbance,939.2465406885135
948.061,24.260185,8205422b-9eff-4701-a582-6dd473d526e9,Air Lamp,3066,nm,absorbance,939.4182584152358
948.234,24.273099,8205422b-9eff-4701-a582-6dd473d526e9,Air Lamp,3067,nm,absorbance,939.5899761419581
948.407,24.217996,8205422b-9eff-4701-a582-6dd473d526e9,Air Lamp,3068,nm,absorbance,939.7616938686804
948.58,21.223322000000003,8205422b-9eff-4701-a582-6dd473d526e9,Air Lamp,3069,nm,absorbance,939.9334115954027
948.753,19.798902,8205422b-9eff-4701-a582-6dd473d526e9,Air Lamp,3070,nm,absorbance,940.105129322125
948.926,21.203823,8205422b-9eff-4701-a582-6dd473d526e9,Air Lamp,3071,nm,absorbance,940.2768470488472
949.099,21.263293999999995,8205422b-9eff-4701-a582-6dd473d526e9,Air Lamp,3072,nm,absorbance,940.4485647755696
949.271,25.022662000000004,8205422b-9eff-4701-a582-6dd473d526e9,Air Lamp,3073,nm,absorbance,940.619289914276
949.444,24.416289000000003,8205422b-9eff-4701-a582-6dd473d526e9,Air Lamp,3074,nm,absorbance,940.7910076409984
949.617,25.629046,8205422b-9eff-4701-a582-6dd473d526e9,Air Lamp,3075,nm,absorbance,940.9627253677206
949.79,21.951581,8205422b-9eff-4701-a582-6dd473d526e9,Air Lamp,3076,nm,absorbance,941.134443094443
949.963,25.043774,8205422b-9eff-4701-a582-6dd473d526e9,Air Lamp,3077,nm,absorbance,941.3061608211652
950.136,25.503587,8205422b-9eff-4701-a582-6dd473d526e9,Air Lamp,3078,nm,absorbance,941.4778785478876
950.308,25.767063,8205422b-9eff-4701-a582-6dd473d526e9,Air Lamp,3079,nm,absorbance,941.6486036865941
950.481,18.605109,8205422b-9eff-4701-a582-6dd473d526e9,Air Lamp,3080,nm,absorbance,941.8203214133165
950.654,19.618502,8205422b-9eff-4701-a582-6dd473d526e9,Air Lamp,3081,nm,absorbance,941.9920391400387
950.827,22.637918000000003,8205422b-9eff-4701-a582-6dd473d526e9,Air Lamp,3082,nm,absorbance,942.1637568667611
950.999,25.544457,8205422b-9eff-4701-a582-6dd473d526e9,Air Lamp,3083,nm,absorbance,942.3344820054676
951.172,27.095080000000003,8205422b-9eff-4701-a582-6dd473d526e9,Air Lamp,3084,nm,absorbance,942.5061997321899
951.345,25.549598,8205422b-9eff-4701-a582-6dd473d526e9,Air Lamp,3085,nm,absorbance,942.6779174589122
951.517,26.167481,8205422b-9eff-4701-a582-6dd473d526e9,Air Lamp,3086,nm,absorbance,942.8486425976188
951.69,26.140446000000004,8205422b-9eff-4701-a582-6dd473d526e9,Air Lamp,3087,nm,absorbance,943.0203603243411
951.863,28.79247,8205422b-9eff-4701-a582-6dd473d526e9,Air Lamp,3088,nm,absorbance,943.1920780510634
952.035,30.668944,8205422b-9eff-4701-a582-6dd473d526e9,Air Lamp,3089,nm,absorbance,943.3628031897699
952.208,30.238519,8205422b-9eff-4701-a582-6dd473d526e9,Air Lamp,3090,nm,absorbance,943.5345209164922
952.381,27.035318,8205422b-9eff-4701-a582-6dd473d526e9,Air Lamp,3091,nm,absorbance,943.7062386432145
952.553,25.959062,8205422b-9eff-4701-a582-6dd473d526e9,Air Lamp,3092,nm,absorbance,943.8769637819211
952.726,24.487101,8205422b-9eff-4701-a582-6dd473d526e9,Air Lamp,3093,nm,absorbance,944.0486815086434
952.898,27.164975000000005,8205422b-9eff-4701-a582-6dd473d526e9,Air Lamp,3094,nm,absorbance,944.21940664735
953.071,23.595844,8205422b-9eff-4701-a582-6dd473d526e9,Air Lamp,3095,nm,absorbance,944.3911243740723
953.243,23.452089,8205422b-9eff-4701-a582-6dd473d526e9,Air Lamp,3096,nm,absorbance,944.5618495127788
953.416,20.056419,8205422b-9eff-4701-a582-6dd473d526e9,Air Lamp,3097,nm,absorbance,944.7335672395012
953.588,23.563745,8205422b-9eff-4701-a582-6dd473d526e9,Air Lamp,3098,nm,absorbance,944.9042923782076
953.761,22.150148,8205422b-9eff-4701-a582-6dd473d526e9,Air Lamp,3099,nm,absorbance,945.07601010493
953.933,21.883614,8205422b-9eff-4701-a582-6dd473d526e9,Air Lamp,3100,nm,absorbance,945.2467352436365
954.106,20.113329,8205422b-9eff-4701-a582-6dd473d526e9,Air Lamp,3101,nm,absorbance,945.4184529703589
954.278,21.950823,8205422b-9eff-4701-a582-6dd473d526e9,Air Lamp,3102,nm,absorbance,945.5891781090654
954.45,23.437228,8205422b-9eff-4701-a582-6dd473d526e9,Air Lamp,3103,nm,absorbance,945.7599032477721
954.623,22.187554,8205422b-9eff-4701-a582-6dd473d526e9,Air Lamp,3104,nm,absorbance,945.9316209744943
954.795,18.378169,8205422b-9eff-4701-a582-6dd473d526e9,Air Lamp,3105,nm,absorbance,946.1023461132008
954.967,15.657417,8205422b-9eff-4701-a582-6dd473d526e9,Air Lamp,3106,nm,absorbance,946.2730712519074
955.14,18.210523,8205422b-9eff-4701-a582-6dd473d526e9,Air Lamp,3107,nm,absorbance,946.4447889786297
955.312,19.703703000000004,8205422b-9eff-4701-a582-6dd473d526e9,Air Lamp,3108,nm,absorbance,946.6155141173363
955.484,19.706570000000003,8205422b-9eff-4701-a582-6dd473d526e9,Air Lamp,3109,nm,absorbance,946.7862392560429
955.657,18.652388,8205422b-9eff-4701-a582-6dd473d526e9,Air Lamp,3110,nm,absorbance,946.9579569827652
955.829,19.017356,8205422b-9eff-4701-a582-6dd473d526e9,Air Lamp,3111,nm,absorbance,947.1286821214717
956.001,18.15388,8205422b-9eff-4701-a582-6dd473d526e9,Air Lamp,3112,nm,absorbance,947.2994072601782
956.173,17.485098,8205422b-9eff-4701-a582-6dd473d526e9,Air Lamp,3113,nm,absorbance,947.4701323988849
956.346,17.367770999999998,8205422b-9eff-4701-a582-6dd473d526e9,Air Lamp,3114,nm,absorbance,947.6418501256071
956.518,20.912309,8205422b-9eff-4701-a582-6dd473d526e9,Air Lamp,3115,nm,absorbance,947.8125752643138
956.69,18.323813,8205422b-9eff-4701-a582-6dd473d526e9,Air Lamp,3116,nm,absorbance,947.9833004030203
956.862,15.57276,8205422b-9eff-4701-a582-6dd473d526e9,Air Lamp,3117,nm,absorbance,948.1540255417268
957.034,15.285156999999998,8205422b-9eff-4701-a582-6dd473d526e9,Air Lamp,3118,nm,absorbance,948.3247506804333
957.207,11.611497000000002,8205422b-9eff-4701-a582-6dd473d526e9,Air Lamp,3119,nm,absorbance,948.4964684071557
957.379,12.727555,8205422b-9eff-4701-a582-6dd473d526e9,Air Lamp,3120,nm,absorbance,948.6671935458622
957.551,11.865462,8205422b-9eff-4701-a582-6dd473d526e9,Air Lamp,3121,nm,absorbance,948.8379186845689
957.723,16.312582,8205422b-9eff-4701-a582-6dd473d526e9,Air Lamp,3122,nm,absorbance,949.0086438232753
957.895,17.681192000000003,8205422b-9eff-4701-a582-6dd473d526e9,Air Lamp,3123,nm,absorbance,949.1793689619819
958.067,11.522751,8205422b-9eff-4701-a582-6dd473d526e9,Air Lamp,3124,nm,absorbance,949.3500941006885
958.239,11.247396999999998,8205422b-9eff-4701-a582-6dd473d526e9,Air Lamp,3125,nm,absorbance,949.5208192393951
958.411,10.226862,8205422b-9eff-4701-a582-6dd473d526e9,Air Lamp,3126,nm,absorbance,949.6915443781015
958.583,11.099954,8205422b-9eff-4701-a582-6dd473d526e9,Air Lamp,3127,nm,absorbance,949.8622695168082
958.755,8.154385999999999,8205422b-9eff-4701-a582-6dd473d526e9,Air Lamp,3128,nm,absorbance,950.0329946555147
958.927,5.563521,8205422b-9eff-4701-a582-6dd473d526e9,Air Lamp,3129,nm,absorbance,950.2037197942213
959.099,6.734100000000001,8205422b-9eff-4701-a582-6dd473d526e9,Air Lamp,3130,nm,absorbance,950.3744449329279
959.271,2.421602,8205422b-9eff-4701-a582-6dd473d526e9,Air Lamp,3131,nm,absorbance,950.5451700716344
959.443,3.055327000000001,8205422b-9eff-4701-a582-6dd473d526e9,Air Lamp,3132,nm,absorbance,950.7158952103409
959.615,0.5778349999999998,8205422b-9eff-4701-a582-6dd473d526e9,Air Lamp,3133,nm,absorbance,950.8866203490476
959.787,5.616905999999999,8205422b-9eff-4701-a582-6dd473d526e9,Air Lamp,3134,nm,absorbance,951.0573454877541
959.959,4.899195000000001,8205422b-9eff-4701-a582-6dd473d526e9,Air Lamp,3135,nm,absorbance,951.2280706264606
960.13,7.064220999999999,8205422b-9eff-4701-a582-6dd473d526e9,Air Lamp,3136,nm,absorbance,951.3978031771516
960.302,5.108512000000001,8205422b-9eff-4701-a582-6dd473d526e9,Air Lamp,3137,nm,absorbance,951.5685283158581
960.474,3.634835,8205422b-9eff-4701-a582-6dd473d526e9,Air Lamp,3138,nm,absorbance,951.7392534545647
960.646,5.156617,8205422b-9eff-4701-a582-6dd473d526e9,Air Lamp,3139,nm,absorbance,951.9099785932711
960.818,11.818003,8205422b-9eff-4701-a582-6dd473d526e9,Air Lamp,3140,nm,absorbance,952.0807037319778
960.99,13.213983000000002,8205422b-9eff-4701-a582-6dd473d526e9,Air Lamp,3141,nm,absorbance,952.2514288706843
961.161,12.457906,8205422b-9eff-4701-a582-6dd473d526e9,Air Lamp,3142,nm,absorbance,952.4211614213751
961.333,11.080628999999998,8205422b-9eff-4701-a582-6dd473d526e9,Air Lamp,3143,nm,absorbance,952.5918865600817
961.505,13.540506000000002,8205422b-9eff-4701-a582-6dd473d526e9,Air Lamp,3144,nm,absorbance,952.7626116987883
961.677,8.570212999999999,8205422b-9eff-4701-a582-6dd473d526e9,Air Lamp,3145,nm,absorbance,952.9333368374948
961.848,4.759778,8205422b-9eff-4701-a582-6dd473d526e9,Air Lamp,3146,nm,absorbance,953.1030693881856
962.02,3.173505,8205422b-9eff-4701-a582-6dd473d526e9,Air Lamp,3147,nm,absorbance,953.2737945268922
962.192,4.822121999999999,8205422b-9eff-4701-a582-6dd473d526e9,Air Lamp,3148,nm,absorbance,953.4445196655988
962.363,7.665909000000001,8205422b-9eff-4701-a582-6dd473d526e9,Air Lamp,3149,nm,absorbance,953.6142522162896
962.535,4.601244,8205422b-9eff-4701-a582-6dd473d526e9,Air Lamp,3150,nm,absorbance,953.7849773549962
962.707,5.84009,8205422b-9eff-4701-a582-6dd473d526e9,Air Lamp,3151,nm,absorbance,953.9557024937027
962.878,4.847397,8205422b-9eff-4701-a582-6dd473d526e9,Air Lamp,3152,nm,absorbance,954.1254350443936
963.05,10.620738,8205422b-9eff-4701-a582-6dd473d526e9,Air Lamp,3153,nm,absorbance,954.2961601831001
963.221,15.564864,8205422b-9eff-4701-a582-6dd473d526e9,Air Lamp,3154,nm,absorbance,954.465892733791
963.393,10.669389,8205422b-9eff-4701-a582-6dd473d526e9,Air Lamp,3155,nm,absorbance,954.6366178724976
963.564,8.455254999999998,8205422b-9eff-4701-a582-6dd473d526e9,Air Lamp,3156,nm,absorbance,954.8063504231883
963.736,4.485397999999998,8205422b-9eff-4701-a582-6dd473d526e9,Air Lamp,3157,nm,absorbance,954.9770755618949
963.907,3.885563,8205422b-9eff-4701-a582-6dd473d526e9,Air Lamp,3158,nm,absorbance,955.1468081125857
964.079,-0.397102,8205422b-9eff-4701-a582-6dd473d526e9,Air Lamp,3159,nm,absorbance,955.3175332512923
964.25,3.918515,8205422b-9eff-4701-a582-6dd473d526e9,Air Lamp,3160,nm,absorbance,955.4872658019831
964.422,10.963299,8205422b-9eff-4701-a582-6dd473d526e9,Air Lamp,3161,nm,absorbance,955.6579909406897
964.593,10.138807,8205422b-9eff-4701-a582-6dd473d526e9,Air Lamp,3162,nm,absorbance,955.8277234913805
964.765,7.33506,8205422b-9eff-4701-a582-6dd473d526e9,Air Lamp,3163,nm,absorbance,955.9984486300871
964.936,3.233101,8205422b-9eff-4701-a582-6dd473d526e9,Air Lamp,3164,nm,absorbance,956.168181180778
965.108,5.817373999999999,8205422b-9eff-4701-a582-6dd473d526e9,Air Lamp,3165,nm,absorbance,956.3389063194844
965.279,6.785995999999999,8205422b-9eff-4701-a582-6dd473d526e9,Air Lamp,3166,nm,absorbance,956.5086388701753
965.45,9.984578000000004,8205422b-9eff-4701-a582-6dd473d526e9,Air Lamp,3167,nm,absorbance,956.6783714208661
965.622,12.05798,8205422b-9eff-4701-a582-6dd473d526e9,Air Lamp,3168,nm,absorbance,956.8490965595727
965.793,9.861481,8205422b-9eff-4701-a582-6dd473d526e9,Air Lamp,3169,nm,absorbance,957.0188291102635
965.964,11.417811000000002,8205422b-9eff-4701-a582-6dd473d526e9,Air Lamp,3170,nm,absorbance,957.1885616609544
966.136,7.356214,8205422b-9eff-4701-a582-6dd473d526e9,Air Lamp,3171,nm,absorbance,957.3592867996609
966.307,7.512329000000001,8205422b-9eff-4701-a582-6dd473d526e9,Air Lamp,3172,nm,absorbance,957.5290193503517
966.478,1.28101,8205422b-9eff-4701-a582-6dd473d526e9,Air Lamp,3173,nm,absorbance,957.6987519010426
966.65,8.357865,8205422b-9eff-4701-a582-6dd473d526e9,Air Lamp,3174,nm,absorbance,957.8694770397491
966.821,11.474359000000002,8205422b-9eff-4701-a582-6dd473d526e9,Air Lamp,3175,nm,absorbance,958.03920959044
966.992,10.186972,8205422b-9eff-4701-a582-6dd473d526e9,Air Lamp,3176,nm,absorbance,958.2089421411307
967.163,5.847983999999999,8205422b-9eff-4701-a582-6dd473d526e9,Air Lamp,3177,nm,absorbance,958.3786746918216
967.334,0.896539,8205422b-9eff-4701-a582-6dd473d526e9,Air Lamp,3178,nm,absorbance,958.5484072425124
967.506,9.018875,8205422b-9eff-4701-a582-6dd473d526e9,Air Lamp,3179,nm,absorbance,958.719132381219
967.677,12.255866,8205422b-9eff-4701-a582-6dd473d526e9,Air Lamp,3180,nm,absorbance,958.8888649319099
967.848,11.460658,8205422b-9eff-4701-a582-6dd473d526e9,Air Lamp,3181,nm,absorbance,959.0585974826006
968.019,10.937797,8205422b-9eff-4701-a582-6dd473d526e9,Air Lamp,3182,nm,absorbance,959.2283300332915
968.19,8.290954,8205422b-9eff-4701-a582-6dd473d526e9,Air Lamp,3183,nm,absorbance,959.3980625839823
968.361,12.73976,8205422b-9eff-4701-a582-6dd473d526e9,Air Lamp,3184,nm,absorbance,959.5677951346731
968.532,12.604615,8205422b-9eff-4701-a582-6dd473d526e9,Air Lamp,3185,nm,absorbance,959.7375276853641
968.703,14.787518999999998,8205422b-9eff-4701-a582-6dd473d526e9,Air Lamp,3186,nm,absorbance,959.9072602360548
968.874,14.640543000000005,8205422b-9eff-4701-a582-6dd473d526e9,Air Lamp,3187,nm,absorbance,960.0769927867457
969.045,10.507171,8205422b-9eff-4701-a582-6dd473d526e9,Air Lamp,3188,nm,absorbance,960.2467253374364
969.216,10.150283,8205422b-9eff-4701-a582-6dd473d526e9,Air Lamp,3189,nm,absorbance,960.4164578881273
969.387,9.971359,8205422b-9eff-4701-a582-6dd473d526e9,Air Lamp,3190,nm,absorbance,960.5861904388181
969.558,11.47378,8205422b-9eff-4701-a582-6dd473d526e9,Air Lamp,3191,nm,absorbance,960.7559229895089
969.729,10.289856,8205422b-9eff-4701-a582-6dd473d526e9,Air Lamp,3192,nm,absorbance,960.9256555401998
969.9,1.973569,8205422b-9eff-4701-a582-6dd473d526e9,Air Lamp,3193,nm,absorbance,961.0953880908905
970.071,-0.930389,8205422b-9eff-4701-a582-6dd473d526e9,Air Lamp,3194,nm,absorbance,961.2651206415815
970.242,-2.3582779999999994,8205422b-9eff-4701-a582-6dd473d526e9,Air Lamp,3195,nm,absorbance,961.4348531922723
970.413,5.710759999999999,8205422b-9eff-4701-a582-6dd473d526e9,Air Lamp,3196,nm,absorbance,961.6045857429631
970.584,9.752382,8205422b-9eff-4701-a582-6dd473d526e9,Air Lamp,3197,nm,absorbance,961.7743182936539
970.755,8.050858,8205422b-9eff-4701-a582-6dd473d526e9,Air Lamp,3198,nm,absorbance,961.9440508443447
970.926,6.100987999999999,8205422b-9eff-4701-a582-6dd473d526e9,Air Lamp,3199,nm,absorbance,962.1137833950356
971.097,1.9580250000000003,8205422b-9eff-4701-a582-6dd473d526e9,Air Lamp,3200,nm,absorbance,962.2835159457263
971.267,7.545962000000001,8205422b-9eff-4701-a582-6dd473d526e9,Air Lamp,3201,nm,absorbance,962.4522559084015
971.438,8.338366999999998,8205422b-9eff-4701-a582-6dd473d526e9,Air Lamp,3202,nm,absorbance,962.6219884590923
971.609,8.181954000000001,8205422b-9eff-4701-a582-6dd473d526e9,Air Lamp,3203,nm,absorbance,962.7917210097831
971.78,6.144804,8205422b-9eff-4701-a582-6dd473d526e9,Air Lamp,3204,nm,absorbance,962.961453560474
971.951,1.432507,8205422b-9eff-4701-a582-6dd473d526e9,Air Lamp,3205,nm,absorbance,963.1311861111648
972.121,6.371264,8205422b-9eff-4701-a582-6dd473d526e9,Air Lamp,3206,nm,absorbance,963.2999260738399
972.292,7.311636,8205422b-9eff-4701-a582-6dd473d526e9,Air Lamp,3207,nm,absorbance,963.4696586245308
972.463,13.419880999999998,8205422b-9eff-4701-a582-6dd473d526e9,Air Lamp,3208,nm,absorbance,963.6393911752215
972.633,12.826185,8205422b-9eff-4701-a582-6dd473d526e9,Air Lamp,3209,nm,absorbance,963.8081311378967
972.804,9.303256,8205422b-9eff-4701-a582-6dd473d526e9,Air Lamp,3210,nm,absorbance,963.9778636885874
972.975,9.25714,8205422b-9eff-4701-a582-6dd473d526e9,Air Lamp,3211,nm,absorbance,964.1475962392783
973.145,6.701949999999999,8205422b-9eff-4701-a582-6dd473d526e9,Air Lamp,3212,nm,absorbance,964.3163362019534
973.316,10.431499,8205422b-9eff-4701-a582-6dd473d526e9,Air Lamp,3213,nm,absorbance,964.4860687526442
973.487,6.236139,8205422b-9eff-4701-a582-6dd473d526e9,Air Lamp,3214,nm,absorbance,964.655801303335
973.657,12.888038,8205422b-9eff-4701-a582-6dd473d526e9,Air Lamp,3215,nm,absorbance,964.8245412660102
973.828,10.162713,8205422b-9eff-4701-a582-6dd473d526e9,Air Lamp,3216,nm,absorbance,964.9942738167009
973.998,12.539229,8205422b-9eff-4701-a582-6dd473d526e9,Air Lamp,3217,nm,absorbance,965.1630137793761
974.169,3.918542,8205422b-9eff-4701-a582-6dd473d526e9,Air Lamp,3218,nm,absorbance,965.3327463300668
974.339,2.1549950000000004,8205422b-9eff-4701-a582-6dd473d526e9,Air Lamp,3219,nm,absorbance,965.501486292742
974.51,1.563933,8205422b-9eff-4701-a582-6dd473d526e9,Air Lamp,3220,nm,absorbance,965.6712188434328
974.68,1.720348,8205422b-9eff-4701-a582-6dd473d526e9,Air Lamp,3221,nm,absorbance,965.8399588061078
974.851,8.378612,8205422b-9eff-4701-a582-6dd473d526e9,Air Lamp,3222,nm,absorbance,966.0096913567987
975.021,10.397287,8205422b-9eff-4701-a582-6dd473d526e9,Air Lamp,3223,nm,absorbance,966.1784313194737
975.192,15.520284999999998,8205422b-9eff-4701-a582-6dd473d526e9,Air Lamp,3224,nm,absorbance,966.3481638701646
975.362,9.272595,8205422b-9eff-4701-a582-6dd473d526e9,Air Lamp,3225,nm,absorbance,966.5169038328397
975.533,6.925281000000001,8205422b-9eff-4701-a582-6dd473d526e9,Air Lamp,3226,nm,absorbance,966.6866363835305
975.703,3.542454,8205422b-9eff-4701-a582-6dd473d526e9,Air Lamp,3227,nm,absorbance,966.8553763462056
975.874,7.279151999999999,8205422b-9eff-4701-a582-6dd473d526e9,Air Lamp,3228,nm,absorbance,967.0251088968965
976.044,8.707194,8205422b-9eff-4701-a582-6dd473d526e9,Air Lamp,3229,nm,absorbance,967.1938488595715
976.214,9.147393,8205422b-9eff-4701-a582-6dd473d526e9,Air Lamp,3230,nm,absorbance,967.3625888222467
976.385,7.829250999999999,8205422b-9eff-4701-a582-6dd473d526e9,Air Lamp,3231,nm,absorbance,967.5323213729374
976.555,7.796858999999999,8205422b-9eff-4701-a582-6dd473d526e9,Air Lamp,3232,nm,absorbance,967.7010613356125
976.725,1.0996590000000002,8205422b-9eff-4701-a582-6dd473d526e9,Air Lamp,3233,nm,absorbance,967.8698012982877
976.896,-1.716262,8205422b-9eff-4701-a582-6dd473d526e9,Air Lamp,3234,nm,absorbance,968.0395338489784
977.066,-5.194146999999999,8205422b-9eff-4701-a582-6dd473d526e9,Air Lamp,3235,nm,absorbance,968.2082738116536
977.236,1.18694,8205422b-9eff-4701-a582-6dd473d526e9,Air Lamp,3236,nm,absorbance,968.3770137743287
977.406,2.2852430000000004,8205422b-9eff-4701-a582-6dd473d526e9,Air Lamp,3237,nm,absorbance,968.5457537370037
977.577,4.999503000000001,8205422b-9eff-4701-a582-6dd473d526e9,Air Lamp,3238,nm,absorbance,968.7154862876946
977.747,1.323118,8205422b-9eff-4701-a582-6dd473d526e9,Air Lamp,3239,nm,absorbance,968.8842262503697
977.917,4.400703,8205422b-9eff-4701-a582-6dd473d526e9,Air Lamp,3240,nm,absorbance,969.0529662130448
978.087,3.113751,8205422b-9eff-4701-a582-6dd473d526e9,Air Lamp,3241,nm,absorbance,969.2217061757199
978.257,8.668877,8205422b-9eff-4701-a582-6dd473d526e9,Air Lamp,3242,nm,absorbance,969.3904461383949
978.427,3.557626,8205422b-9eff-4701-a582-6dd473d526e9,Air Lamp,3243,nm,absorbance,969.55918610107
978.598,5.402862000000001,8205422b-9eff-4701-a582-6dd473d526e9,Air Lamp,3244,nm,absorbance,969.7289186517609
978.768,2.204056,8205422b-9eff-4701-a582-6dd473d526e9,Air Lamp,3245,nm,absorbance,969.897658614436
978.938,-0.031866,8205422b-9eff-4701-a582-6dd473d526e9,Air Lamp,3246,nm,absorbance,970.066398577111
979.108,-0.2837800000000001,8205422b-9eff-4701-a582-6dd473d526e9,Air Lamp,3247,nm,absorbance,970.2351385397861
979.278,3.3192190000000004,8205422b-9eff-4701-a582-6dd473d526e9,Air Lamp,3248,nm,absorbance,970.4038785024612
979.448,6.229636,8205422b-9eff-4701-a582-6dd473d526e9,Air Lamp,3249,nm,absorbance,970.5726184651363
979.618,6.891837,8205422b-9eff-4701-a582-6dd473d526e9,Air Lamp,3250,nm,absorbance,970.7413584278115
979.788,2.6629940000000003,8205422b-9eff-4701-a582-6dd473d526e9,Air Lamp,3251,nm,absorbance,970.9100983904865
979.958,-0.958092,8205422b-9eff-4701-a582-6dd473d526e9,Air Lamp,3252,nm,absorbance,971.0788383531616
980.128,0.1669299999999999,8205422b-9eff-4701-a582-6dd473d526e9,Air Lamp,3253,nm,absorbance,971.2475783158368
980.298,0.516111,8205422b-9eff-4701-a582-6dd473d526e9,Air Lamp,3254,nm,absorbance,971.4163182785118
980.468,4.827710999999999,8205422b-9eff-4701-a582-6dd473d526e9,Air Lamp,3255,nm,absorbance,971.5850582411869
980.638,3.14604,8205422b-9eff-4701-a582-6dd473d526e9,Air Lamp,3256,nm,absorbance,971.7537982038621
980.808,1.6923480000000002,8205422b-9eff-4701-a582-6dd473d526e9,Air Lamp,3257,nm,absorbance,971.922538166537
980.978,5.142076,8205422b-9eff-4701-a582-6dd473d526e9,Air Lamp,3258,nm,absorbance,972.0912781292121
981.148,5.473674,8205422b-9eff-4701-a582-6dd473d526e9,Air Lamp,3259,nm,absorbance,972.2600180918872
981.317,7.3379470000000016,8205422b-9eff-4701-a582-6dd473d526e9,Air Lamp,3260,nm,absorbance,972.4277654665466
981.487,7.034714999999999,8205422b-9eff-4701-a582-6dd473d526e9,Air Lamp,3261,nm,absorbance,972.5965054292217
981.657,1.911011,8205422b-9eff-4701-a582-6dd473d526e9,Air Lamp,3262,nm,absorbance,972.7652453918969
981.827,0.78304,8205422b-9eff-4701-a582-6dd473d526e9,Air Lamp,3263,nm,absorbance,972.9339853545719
981.997,-2.4574110000000005,8205422b-9eff-4701-a582-6dd473d526e9,Air Lamp,3264,nm,absorbance,973.102725317247
982.167,1.519205,8205422b-9eff-4701-a582-6dd473d526e9,Air Lamp,3265,nm,absorbance,973.271465279922
982.336,1.4997820000000002,8205422b-9eff-4701-a582-6dd473d526e9,Air Lamp,3266,nm,absorbance,973.4392126545814
982.506,4.406648,8205422b-9eff-4701-a582-6dd473d526e9,Air Lamp,3267,nm,absorbance,973.6079526172565
982.676,5.022224,8205422b-9eff-4701-a582-6dd473d526e9,Air Lamp,3268,nm,absorbance,973.7766925799316
982.846,5.556723,8205422b-9eff-4701-a582-6dd473d526e9,Air Lamp,3269,nm,absorbance,973.9454325426067
983.015,4.808399,8205422b-9eff-4701-a582-6dd473d526e9,Air Lamp,3270,nm,absorbance,974.113179917266
983.185,2.3643,8205422b-9eff-4701-a582-6dd473d526e9,Air Lamp,3271,nm,absorbance,974.2819198799411
983.355,3.309218,8205422b-9eff-4701-a582-6dd473d526e9,Air Lamp,3272,nm,absorbance,974.4506598426162
983.524,-0.0295030000000001,8205422b-9eff-4701-a582-6dd473d526e9,Air Lamp,3273,nm,absorbance,974.6184072172756
983.694,0.2702979999999999,8205422b-9eff-4701-a582-6dd473d526e9,Air Lamp,3274,nm,absorbance,974.7871471799507
983.864,0.3456710000000002,8205422b-9eff-4701-a582-6dd473d526e9,Air Lamp,3275,nm,absorbance,974.9558871426258
984.033,3.9514139999999984,8205422b-9eff-4701-a582-6dd473d526e9,Air Lamp,3276,nm,absorbance,975.1236345172852
984.203,5.688917000000001,8205422b-9eff-4701-a582-6dd473d526e9,Air Lamp,3277,nm,absorbance,975.2923744799602
984.372,4.521827,8205422b-9eff-4701-a582-6dd473d526e9,Air Lamp,3278,nm,absorbance,975.4601218546195
984.542,1.483256,8205422b-9eff-4701-a582-6dd473d526e9,Air Lamp,3279,nm,absorbance,975.6288618172947
984.712,1.1734620000000002,8205422b-9eff-4701-a582-6dd473d526e9,Air Lamp,3280,nm,absorbance,975.7976017799698
984.881,3.826464,8205422b-9eff-4701-a582-6dd473d526e9,Air Lamp,3281,nm,absorbance,975.965349154629
985.051,0.218696,8205422b-9eff-4701-a582-6dd473d526e9,Air Lamp,3282,nm,absorbance,976.1340891173043
985.22,-0.117182,8205422b-9eff-4701-a582-6dd473d526e9,Air Lamp,3283,nm,absorbance,976.3018364919636
985.39,-3.702575,8205422b-9eff-4701-a582-6dd473d526e9,Air Lamp,3284,nm,absorbance,976.4705764546386
985.559,-1.743598,8205422b-9eff-4701-a582-6dd473d526e9,Air Lamp,3285,nm,absorbance,976.638323829298
985.728,3.420685,8205422b-9eff-4701-a582-6dd473d526e9,Air Lamp,3286,nm,absorbance,976.8060712039573
985.898,5.731877,8205422b-9eff-4701-a582-6dd473d526e9,Air Lamp,3287,nm,absorbance,976.9748111666324
986.067,6.0772390000000005,8205422b-9eff-4701-a582-6dd473d526e9,Air Lamp,3288,nm,absorbance,977.1425585412918
986.237,-0.0126289999999999,8205422b-9eff-4701-a582-6dd473d526e9,Air Lamp,3289,nm,absorbance,977.3112985039669
986.406,-1.8965389999999995,8205422b-9eff-4701-a582-6dd473d526e9,Air Lamp,3290,nm,absorbance,977.4790458786263
986.576,4.342943,8205422b-9eff-4701-a582-6dd473d526e9,Air Lamp,3291,nm,absorbance,977.6477858413014
986.745,7.3421249999999985,8205422b-9eff-4701-a582-6dd473d526e9,Air Lamp,3292,nm,absorbance,977.8155332159607
986.914,7.120491999999999,8205422b-9eff-4701-a582-6dd473d526e9,Air Lamp,3293,nm,absorbance,977.9832805906201
987.084,7.362508,8205422b-9eff-4701-a582-6dd473d526e9,Air Lamp,3294,nm,absorbance,978.1520205532951
987.253,8.803369,8205422b-9eff-4701-a582-6dd473d526e9,Air Lamp,3295,nm,absorbance,978.3197679279546
987.422,10.775132,8205422b-9eff-4701-a582-6dd473d526e9,Air Lamp,3296,nm,absorbance,978.4875153026139
987.591,6.754169999999999,8205422b-9eff-4701-a582-6dd473d526e9,Air Lamp,3297,nm,absorbance,978.6552626772732
987.761,5.390835,8205422b-9eff-4701-a582-6dd473d526e9,Air Lamp,3298,nm,absorbance,978.8240026399483
987.93,3.689599,8205422b-9eff-4701-a582-6dd473d526e9,Air Lamp,3299,nm,absorbance,978.9917500146076
988.099,8.514571999999998,8205422b-9eff-4701-a582-6dd473d526e9,Air Lamp,3300,nm,absorbance,979.159497389267
988.268,8.865668,8205422b-9eff-4701-a582-6dd473d526e9,Air Lamp,3301,nm,absorbance,979.3272447639264
988.438,11.082219,8205422b-9eff-4701-a582-6dd473d526e9,Air Lamp,3302,nm,absorbance,979.4959847266015
988.607,7.182864999999998,8205422b-9eff-4701-a582-6dd473d526e9,Air Lamp,3303,nm,absorbance,979.6637321012608
988.776,1.894147,8205422b-9eff-4701-a582-6dd473d526e9,Air Lamp,3304,nm,absorbance,979.8314794759201
988.945,2.148269,8205422b-9eff-4701-a582-6dd473d526e9,Air Lamp,3305,nm,absorbance,979.9992268505796
989.114,1.3011400000000002,8205422b-9eff-4701-a582-6dd473d526e9,Air Lamp,3306,nm,absorbance,980.166974225239
989.283,8.17531,8205422b-9eff-4701-a582-6dd473d526e9,Air Lamp,3307,nm,absorbance,980.3347215998982
989.452,8.605401,8205422b-9eff-4701-a582-6dd473d526e9,Air Lamp,3308,nm,absorbance,980.5024689745576
989.621,9.494993,8205422b-9eff-4701-a582-6dd473d526e9,Air Lamp,3309,nm,absorbance,980.670216349217
989.791,5.433402000000001,8205422b-9eff-4701-a582-6dd473d526e9,Air Lamp,3310,nm,absorbance,980.8389563118922
989.96,5.47905,8205422b-9eff-4701-a582-6dd473d526e9,Air Lamp,3311,nm,absorbance,981.0067036865514
990.129,7.145504,8205422b-9eff-4701-a582-6dd473d526e9,Air Lamp,3312,nm,absorbance,981.1744510612108
990.298,9.990884,8205422b-9eff-4701-a582-6dd473d526e9,Air Lamp,3313,nm,absorbance,981.3421984358702
990.467,8.267082,8205422b-9eff-4701-a582-6dd473d526e9,Air Lamp,3314,nm,absorbance,981.5099458105294
990.636,7.481547999999999,8205422b-9eff-4701-a582-6dd473d526e9,Air Lamp,3315,nm,absorbance,981.6776931851888
990.805,2.752445,8205422b-9eff-4701-a582-6dd473d526e9,Air Lamp,3316,nm,absorbance,981.8454405598482
990.974,9.322574,8205422b-9eff-4701-a582-6dd473d526e9,Air Lamp,3317,nm,absorbance,982.0131879345076
991.142,6.378612,8205422b-9eff-4701-a582-6dd473d526e9,Air Lamp,3318,nm,absorbance,982.1799427211512
991.311,5.922945,8205422b-9eff-4701-a582-6dd473d526e9,Air Lamp,3319,nm,absorbance,982.3476900958105
991.48,0.985202,8205422b-9eff-4701-a582-6dd473d526e9,Air Lamp,3320,nm,absorbance,982.5154374704699
991.649,4.0880920000000005,8205422b-9eff-4701-a582-6dd473d526e9,Air Lamp,3321,nm,absorbance,982.6831848451293
991.818,7.927362,8205422b-9eff-4701-a582-6dd473d526e9,Air Lamp,3322,nm,absorbance,982.8509322197885
991.987,7.621333,8205422b-9eff-4701-a582-6dd473d526e9,Air Lamp,3323,nm,absorbance,983.0186795944479
992.156,11.188555999999998,8205422b-9eff-4701-a582-6dd473d526e9,Air Lamp,3324,nm,absorbance,983.1864269691073
992.325,9.551763,8205422b-9eff-4701-a582-6dd473d526e9,Air Lamp,3325,nm,absorbance,983.3541743437667
992.493,15.318213,8205422b-9eff-4701-a582-6dd473d526e9,Air Lamp,3326,nm,absorbance,983.5209291304103
992.662,9.94511,8205422b-9eff-4701-a582-6dd473d526e9,Air Lamp,3327,nm,absorbance,983.6886765050697
992.831,6.185220999999999,8205422b-9eff-4701-a582-6dd473d526e9,Air Lamp,3328,nm,absorbance,983.856423879729
993.0,2.492031,8205422b-9eff-4701-a582-6dd473d526e9,Air Lamp,3329,nm,absorbance,984.0241712543883
993.168,3.264973,8205422b-9eff-4701-a582-6dd473d526e9,Air Lamp,3330,nm,absorbance,984.190926041032
993.337,8.351792,8205422b-9eff-4701-a582-6dd473d526e9,Air Lamp,3331,nm,absorbance,984.3586734156913
993.506,4.182551999999999,8205422b-9eff-4701-a582-6dd473d526e9,Air Lamp,3332,nm,absorbance,984.5264207903507
993.675,3.396822,8205422b-9eff-4701-a582-6dd473d526e9,Air Lamp,3333,nm,absorbance,984.69416816501
993.843,5.373126,8205422b-9eff-4701-a582-6dd473d526e9,Air Lamp,3334,nm,absorbance,984.8609229516536
994.012,9.084387,8205422b-9eff-4701-a582-6dd473d526e9,Air Lamp,3335,nm,absorbance,985.028670326313
994.181,11.251994,8205422b-9eff-4701-a582-6dd473d526e9,Air Lamp,3336,nm,absorbance,985.1964177009725
994.349,10.377963,8205422b-9eff-4701-a582-6dd473d526e9,Air Lamp,3337,nm,absorbance,985.363172487616
994.518,11.068205999999998,8205422b-9eff-4701-a582-6dd473d526e9,Air Lamp,3338,nm,absorbance,985.5309198622754
994.686,9.805965,8205422b-9eff-4701-a582-6dd473d526e9,Air Lamp,3339,nm,absorbance,985.697674648919
994.855,8.944322,8205422b-9eff-4701-a582-6dd473d526e9,Air Lamp,3340,nm,absorbance,985.8654220235784
995.024,6.390296,8205422b-9eff-4701-a582-6dd473d526e9,Air Lamp,3341,nm,absorbance,986.0331693982376
995.192,3.900566000000001,8205422b-9eff-4701-a582-6dd473d526e9,Air Lamp,3342,nm,absorbance,986.1999241848813
995.361,1.7430569999999996,8205422b-9eff-4701-a582-6dd473d526e9,Air Lamp,3343,nm,absorbance,986.3676715595407
995.529,-2.548833,8205422b-9eff-4701-a582-6dd473d526e9,Air Lamp,3344,nm,absorbance,986.5344263461843
995.698,-1.114275,8205422b-9eff-4701-a582-6dd473d526e9,Air Lamp,3345,nm,absorbance,986.7021737208436
995.866,-1.293468,8205422b-9eff-4701-a582-6dd473d526e9,Air Lamp,3346,nm,absorbance,986.8689285074872
996.035,3.015114,8205422b-9eff-4701-a582-6dd473d526e9,Air Lamp,3347,nm,absorbance,987.0366758821466
996.203,7.526628,8205422b-9eff-4701-a582-6dd473d526e9,Air Lamp,3348,nm,absorbance,987.2034306687902
996.371,10.466407999999998,8205422b-9eff-4701-a582-6dd473d526e9,Air Lamp,3349,nm,absorbance,987.3701854554338
996.54,10.042486,8205422b-9eff-4701-a582-6dd473d526e9,Air Lamp,3350,nm,absorbance,987.5379328300932
996.708,4.559334000000001,8205422b-9eff-4701-a582-6dd473d526e9,Air Lamp,3351,nm,absorbance,987.7046876167368
996.877,3.601867,8205422b-9eff-4701-a582-6dd473d526e9,Air Lamp,3352,nm,absorbance,987.8724349913962
997.045,-1.507516,8205422b-9eff-4701-a582-6dd473d526e9,Air Lamp,3353,nm,absorbance,988.0391897780397
997.213,1.540226,8205422b-9eff-4701-a582-6dd473d526e9,Air Lamp,3354,nm,absorbance,988.2059445646834
997.382,3.850384,8205422b-9eff-4701-a582-6dd473d526e9,Air Lamp,3355,nm,absorbance,988.3736919393427
997.55,10.337735000000002,8205422b-9eff-4701-a582-6dd473d526e9,Air Lamp,3356,nm,absorbance,988.5404467259864
997.718,5.970182999999999,8205422b-9eff-4701-a582-6dd473d526e9,Air Lamp,3357,nm,absorbance,988.7072015126299
997.887,7.871219999999999,8205422b-9eff-4701-a582-6dd473d526e9,Air Lamp,3358,nm,absorbance,988.8749488872893
998.055,5.274607999999999,8205422b-9eff-4701-a582-6dd473d526e9,Air Lamp,3359,nm,absorbance,989.041703673933
998.223,7.891684000000001,8205422b-9eff-4701-a582-6dd473d526e9,Air Lamp,3360,nm,absorbance,989.2084584605766
998.391,6.095881,8205422b-9eff-4701-a582-6dd473d526e9,Air Lamp,3361,nm,absorbance,989.3752132472201
998.56,11.072328000000002,8205422b-9eff-4701-a582-6dd473d526e9,Air Lamp,3362,nm,absorbance,989.5429606218795
998.728,10.21518,8205422b-9eff-4701-a582-6dd473d526e9,Air Lamp,3363,nm,absorbance,989.7097154085232
998.896,10.208944,8205422b-9eff-4701-a582-6dd473d526e9,Air Lamp,3364,nm,absorbance,989.8764701951668
999.064,6.903907000000001,8205422b-9eff-4701-a582-6dd473d526e9,Air Lamp,3365,nm,absorbance,990.0432249818105
999.232,10.508387999999998,8205422b-9eff-4701-a582-6dd473d526e9,Air Lamp,3366,nm,absorbance,990.209979768454
999.401,8.385464999999998,8205422b-9eff-4701-a582-6dd473d526e9,Air Lamp,3367,nm,absorbance,990.3777271431134
999.569,9.639149,8205422b-9eff-4701-a582-6dd473d526e9,Air Lamp,3368,nm,absorbance,990.544481929757
999.737,6.213978,8205422b-9eff-4701-a582-6dd473d526e9,Air Lamp,3369,nm,absorbance,990.7112367164007
999.905,5.826186999999999,8205422b-9eff-4701-a582-6dd473d526e9,Air Lamp,3370,nm,absorbance,990.8779915030442
1000.073,1.69211,8205422b-9eff-4701-a582-6dd473d526e9,Air Lamp,3371,nm,absorbance,991.0447462896879
1000.241,1.170458,8205422b-9eff-4701-a582-6dd473d526e9,Air Lamp,3372,nm,absorbance,991.2115010763315
1000.409,2.183161,8205422b-9eff-4701-a582-6dd473d526e9,Air Lamp,3373,nm,absorbance,991.3782558629752
1000.577,3.0206100000000005,8205422b-9eff-4701-a582-6dd473d526e9,Air Lamp,3374,nm,absorbance,991.5450106496188
1000.745,9.859487999999995,8205422b-9eff-4701-a582-6dd473d526e9,Air Lamp,3375,nm,absorbance,991.7117654362623
1000.913,7.868634,8205422b-9eff-4701-a582-6dd473d526e9,Air Lamp,3376,nm,absorbance,991.878520222906
1001.081,11.343835,8205422b-9eff-4701-a582-6dd473d526e9,Air Lamp,3377,nm,absorbance,992.0452750095496
1001.249,5.381566999999999,8205422b-9eff-4701-a582-6dd473d526e9,Air Lamp,3378,nm,absorbance,992.2120297961933
1001.417,7.520671999999999,8205422b-9eff-4701-a582-6dd473d526e9,Air Lamp,3379,nm,absorbance,992.3787845828368
1001.585,5.877451,8205422b-9eff-4701-a582-6dd473d526e9,Air Lamp,3380,nm,absorbance,992.5455393694805
1001.753,8.407742,8205422b-9eff-4701-a582-6dd473d526e9,Air Lamp,3381,nm,absorbance,992.7122941561241
1001.921,3.680673,8205422b-9eff-4701-a582-6dd473d526e9,Air Lamp,3382,nm,absorbance,992.8790489427678
1002.089,3.654482,8205422b-9eff-4701-a582-6dd473d526e9,Air Lamp,3383,nm,absorbance,993.0458037294114
1002.256,1.6952570000000002,8205422b-9eff-4701-a582-6dd473d526e9,Air Lamp,3384,nm,absorbance,993.2115659280391
1002.424,2.050803,8205422b-9eff-4701-a582-6dd473d526e9,Air Lamp,3385,nm,absorbance,993.3783207146828
1002.592,2.011915,8205422b-9eff-4701-a582-6dd473d526e9,Air Lamp,3386,nm,absorbance,993.5450755013264
1002.76,-0.987114,8205422b-9eff-4701-a582-6dd473d526e9,Air Lamp,3387,nm,absorbance,993.7118302879701
1002.928,5.168898,8205422b-9eff-4701-a582-6dd473d526e9,Air Lamp,3388,nm,absorbance,993.8785850746137
1003.096,4.797105,8205422b-9eff-4701-a582-6dd473d526e9,Air Lamp,3389,nm,absorbance,994.0453398612573
1003.263,2.02743,8205422b-9eff-4701-a582-6dd473d526e9,Air Lamp,3390,nm,absorbance,994.2111020598852
1003.431,2.2387179999999995,8205422b-9eff-4701-a582-6dd473d526e9,Air Lamp,3391,nm,absorbance,994.3778568465289
1003.599,-0.3917499999999999,8205422b-9eff-4701-a582-6dd473d526e9,Air Lamp,3392,nm,absorbance,994.5446116331725
1003.767,5.275546,8205422b-9eff-4701-a582-6dd473d526e9,Air Lamp,3393,nm,absorbance,994.7113664198162
1003.934,3.795416,8205422b-9eff-4701-a582-6dd473d526e9,Air Lamp,3394,nm,absorbance,994.8771286184439
1004.102,5.353478,8205422b-9eff-4701-a582-6dd473d526e9,Air Lamp,3395,nm,absorbance,995.0438834050875
1004.27,5.786594,8205422b-9eff-4701-a582-6dd473d526e9,Air Lamp,3396,nm,absorbance,995.2106381917312
1004.437,2.7996540000000003,8205422b-9eff-4701-a582-6dd473d526e9,Air Lamp,3397,nm,absorbance,995.3764003903591
1004.605,2.392347,8205422b-9eff-4701-a582-6dd473d526e9,Air Lamp,3398,nm,absorbance,995.5431551770027
1004.773,2.979378,8205422b-9eff-4701-a582-6dd473d526e9,Air Lamp,3399,nm,absorbance,995.7099099636463
1004.94,6.546598,8205422b-9eff-4701-a582-6dd473d526e9,Air Lamp,3400,nm,absorbance,995.8756721622742
1005.108,7.495244000000001,8205422b-9eff-4701-a582-6dd473d526e9,Air Lamp,3401,nm,absorbance,996.0424269489178
1005.275,4.858396,8205422b-9eff-4701-a582-6dd473d526e9,Air Lamp,3402,nm,absorbance,996.2081891475457
1005.443,2.145286,8205422b-9eff-4701-a582-6dd473d526e9,Air Lamp,3403,nm,absorbance,996.3749439341893
1005.61,-2.202798,8205422b-9eff-4701-a582-6dd473d526e9,Air Lamp,3404,nm,absorbance,996.5407061328173
1005.778,-0.9348029999999998,8205422b-9eff-4701-a582-6dd473d526e9,Air Lamp,3405,nm,absorbance,996.7074609194608
1005.945,0.062948,8205422b-9eff-4701-a582-6dd473d526e9,Air Lamp,3406,nm,absorbance,996.8732231180887
1006.113,3.589496,8205422b-9eff-4701-a582-6dd473d526e9,Air Lamp,3407,nm,absorbance,997.0399779047324
1006.28,4.326333,8205422b-9eff-4701-a582-6dd473d526e9,Air Lamp,3408,nm,absorbance,997.2057401033602
1006.448,8.707891,8205422b-9eff-4701-a582-6dd473d526e9,Air Lamp,3409,nm,absorbance,997.3724948900038
1006.615,6.951109000000001,8205422b-9eff-4701-a582-6dd473d526e9,Air Lamp,3410,nm,absorbance,997.5382570886317
1006.783,5.982685000000001,8205422b-9eff-4701-a582-6dd473d526e9,Air Lamp,3411,nm,absorbance,997.7050118752753
1006.95,-1.1895919999999998,8205422b-9eff-4701-a582-6dd473d526e9,Air Lamp,3412,nm,absorbance,997.8707740739032
1007.118,0.8667999999999999,8205422b-9eff-4701-a582-6dd473d526e9,Air Lamp,3413,nm,absorbance,998.0375288605469
1007.285,-1.3851950000000002,8205422b-9eff-4701-a582-6dd473d526e9,Air Lamp,3414,nm,absorbance,998.2032910591747
1007.452,-0.690741,8205422b-9eff-4701-a582-6dd473d526e9,Air Lamp,3415,nm,absorbance,998.3690532578026
1007.62,-0.3972219999999999,8205422b-9eff-4701-a582-6dd473d526e9,Air Lamp,3416,nm,absorbance,998.5358080444462
1007.787,0.8770469999999998,8205422b-9eff-4701-a582-6dd473d526e9,Air Lamp,3417,nm,absorbance,998.7015702430741
1007.954,3.98597,8205422b-9eff-4701-a582-6dd473d526e9,Air Lamp,3418,nm,absorbance,998.8673324417019
1008.122,1.5513420000000002,8205422b-9eff-4701-a582-6dd473d526e9,Air Lamp,3419,nm,absorbance,999.0340872283456
1008.289,4.75972,8205422b-9eff-4701-a582-6dd473d526e9,Air Lamp,3420,nm,absorbance,999.1998494269735
1008.456,5.135427999999999,8205422b-9eff-4701-a582-6dd473d526e9,Air Lamp,3421,nm,absorbance,999.3656116256014
1008.623,5.757916,8205422b-9eff-4701-a582-6dd473d526e9,Air Lamp,3422,nm,absorbance,999.5313738242293
1008.791,5.358352000000001,8205422b-9eff-4701-a582-6dd473d526e9,Air Lamp,3423,nm,absorbance,999.6981286108729
1008.958,0.361107,8205422b-9eff-4701-a582-6dd473d526e9,Air Lamp,3424,nm,absorbance,999.8638908095007
1009.125,-0.1306989999999998,8205422b-9eff-4701-a582-6dd473d526e9,Air Lamp,3425,nm,absorbance,1000.0296530081287
1009.292,-1.280706,8205422b-9eff-4701-a582-6dd473d526e9,Air Lamp,3426,nm,absorbance,1000.1954152067566
1009.459,2.530332,8205422b-9eff-4701-a582-6dd473d526e9,Air Lamp,3427,nm,absorbance,1000.3611774053844
1009.627,4.501658000000001,8205422b-9eff-4701-a582-6dd473d526e9,Air Lamp,3428,nm,absorbance,1000.527932192028
1009.794,3.452159000000001,8205422b-9eff-4701-a582-6dd473d526e9,Air Lamp,3429,nm,absorbance,1000.6936943906559
1009.961,-1.391703,8205422b-9eff-4701-a582-6dd473d526e9,Air Lamp,3430,nm,absorbance,1000.8594565892838
1010.128,1.66889,8205422b-9eff-4701-a582-6dd473d526e9,Air Lamp,3431,nm,absorbance,1001.0252187879117
1010.295,6.406371,8205422b-9eff-4701-a582-6dd473d526e9,Air Lamp,3432,nm,absorbance,1001.1909809865396
1010.462,12.465509,8205422b-9eff-4701-a582-6dd473d526e9,Air Lamp,3433,nm,absorbance,1001.3567431851675
1010.629,7.719978,8205422b-9eff-4701-a582-6dd473d526e9,Air Lamp,3434,nm,absorbance,1001.5225053837954
1010.796,1.744202,8205422b-9eff-4701-a582-6dd473d526e9,Air Lamp,3435,nm,absorbance,1001.6882675824232
1010.963,1.7766399999999998,8205422b-9eff-4701-a582-6dd473d526e9,Air Lamp,3436,nm,absorbance,1001.854029781051
1011.13,6.417674,8205422b-9eff-4701-a582-6dd473d526e9,Air Lamp,3437,nm,absorbance,1002.019791979679
1011.297,7.444391,8205422b-9eff-4701-a582-6dd473d526e9,Air Lamp,3438,nm,absorbance,1002.1855541783069
1011.464,5.759023999999999,8205422b-9eff-4701-a582-6dd473d526e9,Air Lamp,3439,nm,absorbance,1002.3513163769348
1011.631,3.790429000000001,8205422b-9eff-4701-a582-6dd473d526e9,Air Lamp,3440,nm,absorbance,1002.5170785755627
1011.798,8.711590000000001,8205422b-9eff-4701-a582-6dd473d526e9,Air Lamp,3441,nm,absorbance,1002.6828407741906
1011.965,10.269777,8205422b-9eff-4701-a582-6dd473d526e9,Air Lamp,3442,nm,absorbance,1002.8486029728184
1012.132,13.92654,8205422b-9eff-4701-a582-6dd473d526e9,Air Lamp,3443,nm,absorbance,1003.0143651714462
1012.299,13.335522,8205422b-9eff-4701-a582-6dd473d526e9,Air Lamp,3444,nm,absorbance,1003.1801273700742
1012.466,13.182522,8205422b-9eff-4701-a582-6dd473d526e9,Air Lamp,3445,nm,absorbance,1003.3458895687021
1012.633,13.00422,8205422b-9eff-4701-a582-6dd473d526e9,Air Lamp,3446,nm,absorbance,1003.51165176733
1012.799,13.103069,8205422b-9eff-4701-a582-6dd473d526e9,Air Lamp,3447,nm,absorbance,1003.6764213779421
1012.966,14.045887000000002,8205422b-9eff-4701-a582-6dd473d526e9,Air Lamp,3448,nm,absorbance,1003.84218357657
1013.133,10.909156,8205422b-9eff-4701-a582-6dd473d526e9,Air Lamp,3449,nm,absorbance,1004.0079457751979
1013.3,14.136117,8205422b-9eff-4701-a582-6dd473d526e9,Air Lamp,3450,nm,absorbance,1004.1737079738257
1013.467,14.835081,8205422b-9eff-4701-a582-6dd473d526e9,Air Lamp,3451,nm,absorbance,1004.3394701724536
1013.633,16.682632,8205422b-9eff-4701-a582-6dd473d526e9,Air Lamp,3452,nm,absorbance,1004.5042397830658
1013.8,17.050225,8205422b-9eff-4701-a582-6dd473d526e9,Air Lamp,3453,nm,absorbance,1004.6700019816936
1013.967,19.440434000000003,8205422b-9eff-4701-a582-6dd473d526e9,Air Lamp,3454,nm,absorbance,1004.8357641803216
1014.134,22.423857,8205422b-9eff-4701-a582-6dd473d526e9,Air Lamp,3455,nm,absorbance,1005.0015263789495
1014.3,21.504684,8205422b-9eff-4701-a582-6dd473d526e9,Air Lamp,3456,nm,absorbance,1005.1662959895616
1014.467,24.180336,8205422b-9eff-4701-a582-6dd473d526e9,Air Lamp,3457,nm,absorbance,1005.3320581881894
1014.634,23.480686,8205422b-9eff-4701-a582-6dd473d526e9,Air Lamp,3458,nm,absorbance,1005.4978203868174
1014.8,24.017529000000003,8205422b-9eff-4701-a582-6dd473d526e9,Air Lamp,3459,nm,absorbance,1005.6625899974294
1014.967,23.778367,8205422b-9eff-4701-a582-6dd473d526e9,Air Lamp,3460,nm,absorbance,1005.8283521960574
1015.134,31.353289,8205422b-9eff-4701-a582-6dd473d526e9,Air Lamp,3461,nm,absorbance,1005.9941143946853
1015.3,39.143213,8205422b-9eff-4701-a582-6dd473d526e9,Air Lamp,3462,nm,absorbance,1006.1588840052974
1015.467,44.224875,8205422b-9eff-4701-a582-6dd473d526e9,Air Lamp,3463,nm,absorbance,1006.3246462039253
1015.633,46.104579,8205422b-9eff-4701-a582-6dd473d526e9,Air Lamp,3464,nm,absorbance,1006.4894158145376
1015.8,43.538414,8205422b-9eff-4701-a582-6dd473d526e9,Air Lamp,3465,nm,absorbance,1006.6551780131653
1015.966,41.359978,8205422b-9eff-4701-a582-6dd473d526e9,Air Lamp,3466,nm,absorbance,1006.8199476237775
1016.133,38.391514,8205422b-9eff-4701-a582-6dd473d526e9,Air Lamp,3467,nm,absorbance,1006.9857098224054
1016.3,44.432342,8205422b-9eff-4701-a582-6dd473d526e9,Air Lamp,3468,nm,absorbance,1007.1514720210332
1016.466,45.35298100000001,8205422b-9eff-4701-a582-6dd473d526e9,Air Lamp,3469,nm,absorbance,1007.3162416316454
1016.632,47.71498600000001,8205422b-9eff-4701-a582-6dd473d526e9,Air Lamp,3470,nm,absorbance,1007.4810112422575
1016.799,41.876893,8205422b-9eff-4701-a582-6dd473d526e9,Air Lamp,3471,nm,absorbance,1007.6467734408855
1016.965,43.156837,8205422b-9eff-4701-a582-6dd473d526e9,Air Lamp,3472,nm,absorbance,1007.8115430514977
1017.132,45.591151,8205422b-9eff-4701-a582-6dd473d526e9,Air Lamp,3473,nm,absorbance,1007.9773052501254
1017.298,46.684243,8205422b-9eff-4701-a582-6dd473d526e9,Air Lamp,3474,nm,absorbance,1008.1420748607376
1017.465,43.085304,8205422b-9eff-4701-a582-6dd473d526e9,Air Lamp,3475,nm,absorbance,1008.3078370593655
1017.631,39.652744000000006,8205422b-9eff-4701-a582-6dd473d526e9,Air Lamp,3476,nm,absorbance,1008.4726066699776
1017.797,43.22719,8205422b-9eff-4701-a582-6dd473d526e9,Air Lamp,3477,nm,absorbance,1008.6373762805898
1017.964,46.97931299999999,8205422b-9eff-4701-a582-6dd473d526e9,Air Lamp,3478,nm,absorbance,1008.8031384792178
1018.13,47.334859,8205422b-9eff-4701-a582-6dd473d526e9,Air Lamp,3479,nm,absorbance,1008.9679080898298
1018.296,42.660428,8205422b-9eff-4701-a582-6dd473d526e9,Air Lamp,3480,nm,absorbance,1009.1326777004421
1018.463,43.101499,8205422b-9eff-4701-a582-6dd473d526e9,Air Lamp,3481,nm,absorbance,1009.2984398990699
1018.629,46.900656000000005,8205422b-9eff-4701-a582-6dd473d526e9,Air Lamp,3482,nm,absorbance,1009.4632095096821
1018.795,47.324253,8205422b-9eff-4701-a582-6dd473d526e9,Air Lamp,3483,nm,absorbance,1009.6279791202941
1018.961,41.974946,8205422b-9eff-4701-a582-6dd473d526e9,Air Lamp,3484,nm,absorbance,1009.7927487309063
1019.128,36.479364,8205422b-9eff-4701-a582-6dd473d526e9,Air Lamp,3485,nm,absorbance,1009.9585109295342
1019.294,37.570098,8205422b-9eff-4701-a582-6dd473d526e9,Air Lamp,3486,nm,absorbance,1010.1232805401463
1019.46,43.18706400000001,8205422b-9eff-4701-a582-6dd473d526e9,Air Lamp,3487,nm,absorbance,1010.2880501507585
1019.626,41.596002,8205422b-9eff-4701-a582-6dd473d526e9,Air Lamp,3488,nm,absorbance,1010.4528197613706
1019.792,41.33713100000001,8205422b-9eff-4701-a582-6dd473d526e9,Air Lamp,3489,nm,absorbance,1010.6175893719828
1019.959,40.182125,8205422b-9eff-4701-a582-6dd473d526e9,Air Lamp,3490,nm,absorbance,1010.7833515706106
1020.125,38.809515000000005,8205422b-9eff-4701-a582-6dd473d526e9,Air Lamp,3491,nm,absorbance,1010.9481211812229
1020.291,37.94297300000001,8205422b-9eff-4701-a582-6dd473d526e9,Air Lamp,3492,nm,absorbance,1011.1128907918351
1020.457,36.185944,8205422b-9eff-4701-a582-6dd473d526e9,Air Lamp,3493,nm,absorbance,1011.2776604024472
1020.623,37.303378,8205422b-9eff-4701-a582-6dd473d526e9,Air Lamp,3494,nm,absorbance,1011.4424300130593
1020.789,35.510486,8205422b-9eff-4701-a582-6dd473d526e9,Air Lamp,3495,nm,absorbance,1011.6071996236714
1020.955,28.710426000000005,8205422b-9eff-4701-a582-6dd473d526e9,Air Lamp,3496,nm,absorbance,1011.7719692342836
1021.121,27.309803,8205422b-9eff-4701-a582-6dd473d526e9,Air Lamp,3497,nm,absorbance,1011.9367388448957
1021.287,22.823786,8205422b-9eff-4701-a582-6dd473d526e9,Air Lamp,3498,nm,absorbance,1012.1015084555079
1021.453,26.076445,8205422b-9eff-4701-a582-6dd473d526e9,Air Lamp,3499,nm,absorbance,1012.26627806612
1021.619,29.083717,8205422b-9eff-4701-a582-6dd473d526e9,Air Lamp,3500,nm,absorbance,1012.4310476767322
1021.785,27.744541000000005,8205422b-9eff-4701-a582-6dd473d526e9,Air Lamp,3501,nm,absorbance,1012.5958172873443
1021.951,25.850391,8205422b-9eff-4701-a582-6dd473d526e9,Air Lamp,3502,nm,absorbance,1012.7605868979565
1022.117,18.378594,8205422b-9eff-4701-a582-6dd473d526e9,Air Lamp,3503,nm,absorbance,1012.9253565085686
1022.283,15.844086999999998,8205422b-9eff-4701-a582-6dd473d526e9,Air Lamp,3504,nm,absorbance,1013.0901261191808
1022.449,15.635596,8205422b-9eff-4701-a582-6dd473d526e9,Air Lamp,3505,nm,absorbance,1013.2548957297929
1022.615,13.872618,8205422b-9eff-4701-a582-6dd473d526e9,Air Lamp,3506,nm,absorbance,1013.419665340405
1022.781,14.240592,8205422b-9eff-4701-a582-6dd473d526e9,Air Lamp,3507,nm,absorbance,1013.5844349510171
1022.946,6.404984999999999,8205422b-9eff-4701-a582-6dd473d526e9,Air Lamp,3508,nm,absorbance,1013.7482119736136
1023.112,4.261361,8205422b-9eff-4701-a582-6dd473d526e9,Air Lamp,3509,nm,absorbance,1013.9129815842257
1023.278,2.927015,8205422b-9eff-4701-a582-6dd473d526e9,Air Lamp,3510,nm,absorbance,1014.0777511948379
1023.444,4.937911000000001,8205422b-9eff-4701-a582-6dd473d526e9,Air Lamp,3511,nm,absorbance,1014.24252080545
1023.61,8.714486,8205422b-9eff-4701-a582-6dd473d526e9,Air Lamp,3512,nm,absorbance,1014.4072904160622
1023.775,6.957308,8205422b-9eff-4701-a582-6dd473d526e9,Air Lamp,3513,nm,absorbance,1014.5710674386586
1023.941,6.263189,8205422b-9eff-4701-a582-6dd473d526e9,Air Lamp,3514,nm,absorbance,1014.7358370492708
1024.107,1.835379,8205422b-9eff-4701-a582-6dd473d526e9,Air Lamp,3515,nm,absorbance,1014.9006066598829
1024.273,5.240373,8205422b-9eff-4701-a582-6dd473d526e9,Air Lamp,3516,nm,absorbance,1015.065376270495
1024.438,5.562908,8205422b-9eff-4701-a582-6dd473d526e9,Air Lamp,3517,nm,absorbance,1015.2291532930916
1024.604,6.704916,8205422b-9eff-4701-a582-6dd473d526e9,Air Lamp,3518,nm,absorbance,1015.3939229037037
1024.77,-2.699171,8205422b-9eff-4701-a582-6dd473d526e9,Air Lamp,3519,nm,absorbance,1015.5586925143158
1024.935,-2.877962,8205422b-9eff-4701-a582-6dd473d526e9,Air Lamp,3520,nm,absorbance,1015.7224695369122
1025.101,0.8729909999999999,8205422b-9eff-4701-a582-6dd473d526e9,Air Lamp,3521,nm,absorbance,1015.8872391475244
1025.267,6.357156999999999,8205422b-9eff-4701-a582-6dd473d526e9,Air Lamp,3522,nm,absorbance,1016.0520087581365
1025.432,9.301533999999998,8205422b-9eff-4701-a582-6dd473d526e9,Air Lamp,3523,nm,absorbance,1016.2157857807329
1025.598,2.785493,8205422b-9eff-4701-a582-6dd473d526e9,Air Lamp,3524,nm,absorbance,1016.380555391345
1025.763,4.128278,8205422b-9eff-4701-a582-6dd473d526e9,Air Lamp,3525,nm,absorbance,1016.5443324139413
1025.929,2.494262,8205422b-9eff-4701-a582-6dd473d526e9,Air Lamp,3526,nm,absorbance,1016.7091020245537
1026.095,3.194955,8205422b-9eff-4701-a582-6dd473d526e9,Air Lamp,3527,nm,absorbance,1016.8738716351658
1026.26,2.230409,8205422b-9eff-4701-a582-6dd473d526e9,Air Lamp,3528,nm,absorbance,1017.0376486577621
1026.426,0.4373480000000002,8205422b-9eff-4701-a582-6dd473d526e9,Air Lamp,3529,nm,absorbance,1017.2024182683742
1026.591,0.2678260000000001,8205422b-9eff-4701-a582-6dd473d526e9,Air Lamp,3530,nm,absorbance,1017.3661952909706
1026.757,-0.758962,8205422b-9eff-4701-a582-6dd473d526e9,Air Lamp,3531,nm,absorbance,1017.5309649015829
1026.922,0.3983379999999999,8205422b-9eff-4701-a582-6dd473d526e9,Air Lamp,3532,nm,absorbance,1017.6947419241793
1027.087,1.3595330000000003,8205422b-9eff-4701-a582-6dd473d526e9,Air Lamp,3533,nm,absorbance,1017.8585189467757
1027.253,0.691181,8205422b-9eff-4701-a582-6dd473d526e9,Air Lamp,3534,nm,absorbance,1018.0232885573878
1027.418,1.952011,8205422b-9eff-4701-a582-6dd473d526e9,Air Lamp,3535,nm,absorbance,1018.1870655799842
1027.584,0.5110580000000002,8205422b-9eff-4701-a582-6dd473d526e9,Air Lamp,3536,nm,absorbance,1018.3518351905965
1027.749,6.094032,8205422b-9eff-4701-a582-6dd473d526e9,Air Lamp,3537,nm,absorbance,1018.5156122131929
1027.914,9.604319,8205422b-9eff-4701-a582-6dd473d526e9,Air Lamp,3538,nm,absorbance,1018.6793892357892
1028.08,13.047395,8205422b-9eff-4701-a582-6dd473d526e9,Air Lamp,3539,nm,absorbance,1018.8441588464013
1028.245,5.737029,8205422b-9eff-4701-a582-6dd473d526e9,Air Lamp,3540,nm,absorbance,1019.0079358689977
1028.41,3.815407,8205422b-9eff-4701-a582-6dd473d526e9,Air Lamp,3541,nm,absorbance,1019.1717128915943
1028.576,3.1531460000000004,8205422b-9eff-4701-a582-6dd473d526e9,Air Lamp,3542,nm,absorbance,1019.3364825022064
1028.741,8.856973,8205422b-9eff-4701-a582-6dd473d526e9,Air Lamp,3543,nm,absorbance,1019.5002595248028
1028.906,5.006601999999999,8205422b-9eff-4701-a582-6dd473d526e9,Air Lamp,3544,nm,absorbance,1019.6640365473992
1029.072,2.75768,8205422b-9eff-4701-a582-6dd473d526e9,Air Lamp,3545,nm,absorbance,1019.8288061580112
1029.237,-0.149609,8205422b-9eff-4701-a582-6dd473d526e9,Air Lamp,3546,nm,absorbance,1019.9925831806078
1029.402,-1.902736,8205422b-9eff-4701-a582-6dd473d526e9,Air Lamp,3547,nm,absorbance,1020.1563602032041
1029.567,-0.3705899999999998,8205422b-9eff-4701-a582-6dd473d526e9,Air Lamp,3548,nm,absorbance,1020.3201372258005
1029.732,1.3703150000000002,8205422b-9eff-4701-a582-6dd473d526e9,Air Lamp,3549,nm,absorbance,1020.4839142483969
1029.898,6.810134,8205422b-9eff-4701-a582-6dd473d526e9,Air Lamp,3550,nm,absorbance,1020.648683859009
1030.063,5.564755,8205422b-9eff-4701-a582-6dd473d526e9,Air Lamp,3551,nm,absorbance,1020.8124608816056
1030.228,1.8261880000000008,8205422b-9eff-4701-a582-6dd473d526e9,Air Lamp,3552,nm,absorbance,1020.976237904202
1030.393,-3.5064460000000004,8205422b-9eff-4701-a582-6dd473d526e9,Air Lamp,3553,nm,absorbance,1021.1400149267984
1030.558,-1.00923,8205422b-9eff-4701-a582-6dd473d526e9,Air Lamp,3554,nm,absorbance,1021.3037919493947
1030.723,1.0373150000000002,8205422b-9eff-4701-a582-6dd473d526e9,Air Lamp,3555,nm,absorbance,1021.4675689719911
1030.888,0.8251409999999998,8205422b-9eff-4701-a582-6dd473d526e9,Air Lamp,3556,nm,absorbance,1021.6313459945875
1031.053,-1.274447,8205422b-9eff-4701-a582-6dd473d526e9,Air Lamp,3557,nm,absorbance,1021.7951230171841
1031.218,-2.301101,8205422b-9eff-4701-a582-6dd473d526e9,Air Lamp,3558,nm,absorbance,1021.9589000397805
1031.383,2.2296880000000003,8205422b-9eff-4701-a582-6dd473d526e9,Air Lamp,3559,nm,absorbance,1022.1226770623769
1031.548,4.746865000000001,8205422b-9eff-4701-a582-6dd473d526e9,Air Lamp,3560,nm,absorbance,1022.2864540849732
1031.713,3.980746999999999,8205422b-9eff-4701-a582-6dd473d526e9,Air Lamp,3561,nm,absorbance,1022.4502311075697
1031.878,1.992962,8205422b-9eff-4701-a582-6dd473d526e9,Air Lamp,3562,nm,absorbance,1022.6140081301661
1032.043,0.4305580000000003,8205422b-9eff-4701-a582-6dd473d526e9,Air Lamp,3563,nm,absorbance,1022.7777851527625
1032.208,6.286638999999999,8205422b-9eff-4701-a582-6dd473d526e9,Air Lamp,3564,nm,absorbance,1022.9415621753591
1032.373,8.958057,8205422b-9eff-4701-a582-6dd473d526e9,Air Lamp,3565,nm,absorbance,1023.1053391979555
1032.538,12.798898999999995,8205422b-9eff-4701-a582-6dd473d526e9,Air Lamp,3566,nm,absorbance,1023.2691162205518
1032.703,7.347485000000001,8205422b-9eff-4701-a582-6dd473d526e9,Air Lamp,3567,nm,absorbance,1023.4328932431482
1032.868,7.664156,8205422b-9eff-4701-a582-6dd473d526e9,Air Lamp,3568,nm,absorbance,1023.5966702657446
1033.033,-2.229176,8205422b-9eff-4701-a582-6dd473d526e9,Air Lamp,3569,nm,absorbance,1023.760447288341
1033.198,-2.924373,8205422b-9eff-4701-a582-6dd473d526e9,Air Lamp,3570,nm,absorbance,1023.9242243109376
1033.362,-5.306583999999999,8205422b-9eff-4701-a582-6dd473d526e9,Air Lamp,3571,nm,absorbance,1024.0870087455182
1033.527,-2.750747,8205422b-9eff-4701-a582-6dd473d526e9,Air Lamp,3572,nm,absorbance,1024.2507857681146
1033.692,-0.1196819999999999,8205422b-9eff-4701-a582-6dd473d526e9,Air Lamp,3573,nm,absorbance,1024.414562790711
1033.857,-3.855051,8205422b-9eff-4701-a582-6dd473d526e9,Air Lamp,3574,nm,absorbance,1024.5783398133074
1034.021,-0.7819099999999999,8205422b-9eff-4701-a582-6dd473d526e9,Air Lamp,3575,nm,absorbance,1024.7411242478881
1034.186,0.085261,8205422b-9eff-4701-a582-6dd473d526e9,Air Lamp,3576,nm,absorbance,1024.9049012704845
1034.351,3.732391,8205422b-9eff-4701-a582-6dd473d526e9,Air Lamp,3577,nm,absorbance,1025.0686782930811
1034.516,4.371484000000001,8205422b-9eff-4701-a582-6dd473d526e9,Air Lamp,3578,nm,absorbance,1025.2324553156775
1034.68,0.8280379999999999,8205422b-9eff-4701-a582-6dd473d526e9,Air Lamp,3579,nm,absorbance,1025.395239750258
1034.845,-2.1540099999999995,8205422b-9eff-4701-a582-6dd473d526e9,Air Lamp,3580,nm,absorbance,1025.5590167728544
1035.01,0.591478,8205422b-9eff-4701-a582-6dd473d526e9,Air Lamp,3581,nm,absorbance,1025.7227937954508
1035.174,2.0028999999999995,8205422b-9eff-4701-a582-6dd473d526e9,Air Lamp,3582,nm,absorbance,1025.8855782300316
1035.339,1.2562840000000004,8205422b-9eff-4701-a582-6dd473d526e9,Air Lamp,3583,nm,absorbance,1026.049355252628
1035.504,0.2313259999999998,8205422b-9eff-4701-a582-6dd473d526e9,Air Lamp,3584,nm,absorbance,1026.2131322752243
1035.668,5.48734,8205422b-9eff-4701-a582-6dd473d526e9,Air Lamp,3585,nm,absorbance,1026.3759167098049
1035.833,7.361372,8205422b-9eff-4701-a582-6dd473d526e9,Air Lamp,3586,nm,absorbance,1026.5396937324015
1035.997,3.880394,8205422b-9eff-4701-a582-6dd473d526e9,Air Lamp,3587,nm,absorbance,1026.7024781669822
1036.162,2.9774520000000004,8205422b-9eff-4701-a582-6dd473d526e9,Air Lamp,3588,nm,absorbance,1026.8662551895786
1036.326,-0.657423,8205422b-9eff-4701-a582-6dd473d526e9,Air Lamp,3589,nm,absorbance,1027.0290396241592
1036.491,-0.868961,8205422b-9eff-4701-a582-6dd473d526e9,Air Lamp,3590,nm,absorbance,1027.1928166467555
1036.655,-2.220349000000001,8205422b-9eff-4701-a582-6dd473d526e9,Air Lamp,3591,nm,absorbance,1027.3556010813363
1036.82,5.26068,8205422b-9eff-4701-a582-6dd473d526e9,Air Lamp,3592,nm,absorbance,1027.5193781039327
1036.984,9.412439,8205422b-9eff-4701-a582-6dd473d526e9,Air Lamp,3593,nm,absorbance,1027.6821625385132
1037.149,6.384701,8205422b-9eff-4701-a582-6dd473d526e9,Air Lamp,3594,nm,absorbance,1027.8459395611096
1037.313,3.966155,8205422b-9eff-4701-a582-6dd473d526e9,Air Lamp,3595,nm,absorbance,1028.0087239956906
1037.478,-2.1541349999999992,8205422b-9eff-4701-a582-6dd473d526e9,Air Lamp,3596,nm,absorbance,1028.172501018287
1037.642,0.92679,8205422b-9eff-4701-a582-6dd473d526e9,Air Lamp,3597,nm,absorbance,1028.3352854528675
1037.807,-1.4132199999999997,8205422b-9eff-4701-a582-6dd473d526e9,Air Lamp,3598,nm,absorbance,1028.499062475464
1037.971,-0.2919989999999999,8205422b-9eff-4701-a582-6dd473d526e9,Air Lamp,3599,nm,absorbance,1028.6618469100447
1038.135,-1.700871,8205422b-9eff-4701-a582-6dd473d526e9,Air Lamp,3600,nm,absorbance,1028.8246313446252
1038.3,-1.169503,8205422b-9eff-4701-a582-6dd473d526e9,Air Lamp,3601,nm,absorbance,1028.9884083672216
1038.464,3.46899,8205422b-9eff-4701-a582-6dd473d526e9,Air Lamp,3602,nm,absorbance,1029.1511928018024
1038.628,3.605278,8205422b-9eff-4701-a582-6dd473d526e9,Air Lamp,3603,nm,absorbance,1029.313977236383
1038.792,8.720569000000001,8205422b-9eff-4701-a582-6dd473d526e9,Air Lamp,3604,nm,absorbance,1029.4767616709637
1038.957,8.00251,8205422b-9eff-4701-a582-6dd473d526e9,Air Lamp,3605,nm,absorbance,1029.6405386935603
1039.121,6.875202,8205422b-9eff-4701-a582-6dd473d526e9,Air Lamp,3606,nm,absorbance,1029.8033231281408
1039.285,1.4728739999999996,8205422b-9eff-4701-a582-6dd473d526e9,Air Lamp,3607,nm,absorbance,1029.9661075627216
1039.449,-0.3943629999999998,8205422b-9eff-4701-a582-6dd473d526e9,Air Lamp,3608,nm,absorbance,1030.1288919973022
1039.614,-0.9746290000000002,8205422b-9eff-4701-a582-6dd473d526e9,Air Lamp,3609,nm,absorbance,1030.2926690198985
1039.778,-3.593735,8205422b-9eff-4701-a582-6dd473d526e9,Air Lamp,3610,nm,absorbance,1030.4554534544793
1039.942,-6.276096999999999,8205422b-9eff-4701-a582-6dd473d526e9,Air Lamp,3611,nm,absorbance,1030.6182378890599
1040.106,-7.928497,8205422b-9eff-4701-a582-6dd473d526e9,Air Lamp,3612,nm,absorbance,1030.7810223236406
1040.27,-2.74122,8205422b-9eff-4701-a582-6dd473d526e9,Air Lamp,3613,nm,absorbance,1030.9438067582212
1040.434,1.408228,8205422b-9eff-4701-a582-6dd473d526e9,Air Lamp,3614,nm,absorbance,1031.106591192802
1040.599,9.19679,8205422b-9eff-4701-a582-6dd473d526e9,Air Lamp,3615,nm,absorbance,1031.2703682153983
1040.763,12.68345,8205422b-9eff-4701-a582-6dd473d526e9,Air Lamp,3616,nm,absorbance,1031.433152649979
1040.927,14.681670999999998,8205422b-9eff-4701-a582-6dd473d526e9,Air Lamp,3617,nm,absorbance,1031.5959370845596
1041.091,8.930397999999999,8205422b-9eff-4701-a582-6dd473d526e9,Air Lamp,3618,nm,absorbance,1031.7587215191404
1041.255,4.863762,8205422b-9eff-4701-a582-6dd473d526e9,Air Lamp,3619,nm,absorbance,1031.9215059537212
1041.419,1.743915,8205422b-9eff-4701-a582-6dd473d526e9,Air Lamp,3620,nm,absorbance,1032.084290388302
1041.583,1.9688019999999995,8205422b-9eff-4701-a582-6dd473d526e9,Air Lamp,3621,nm,absorbance,1032.2470748228825
1041.747,0.6587440000000002,8205422b-9eff-4701-a582-6dd473d526e9,Air Lamp,3622,nm,absorbance,1032.4098592574633
1041.911,-0.0941619999999999,8205422b-9eff-4701-a582-6dd473d526e9,Air Lamp,3623,nm,absorbance,1032.5726436920438
1042.075,-0.782132,8205422b-9eff-4701-a582-6dd473d526e9,Air Lamp,3624,nm,absorbance,1032.7354281266246
1042.239,-0.5540909999999999,8205422b-9eff-4701-a582-6dd473d526e9,Air Lamp,3625,nm,absorbance,1032.8982125612051
1042.403,0.195472,8205422b-9eff-4701-a582-6dd473d526e9,Air Lamp,3626,nm,absorbance,1033.060996995786
1042.567,5.077725,8205422b-9eff-4701-a582-6dd473d526e9,Air Lamp,3627,nm,absorbance,1033.2237814303664
1042.731,4.735621,8205422b-9eff-4701-a582-6dd473d526e9,Air Lamp,3628,nm,absorbance,1033.3865658649472
1042.894,1.799465,8205422b-9eff-4701-a582-6dd473d526e9,Air Lamp,3629,nm,absorbance,1033.5483577115122
1043.058,-2.101249,8205422b-9eff-4701-a582-6dd473d526e9,Air Lamp,3630,nm,absorbance,1033.7111421460927
1043.222,-5.825654999999999,8205422b-9eff-4701-a582-6dd473d526e9,Air Lamp,3631,nm,absorbance,1033.8739265806735
1043.386,-5.008127,8205422b-9eff-4701-a582-6dd473d526e9,Air Lamp,3632,nm,absorbance,1034.036711015254
1043.55,-7.035603999999999,8205422b-9eff-4701-a582-6dd473d526e9,Air Lamp,3633,nm,absorbance,1034.1994954498348
1043.714,-0.6115120000000001,8205422b-9eff-4701-a582-6dd473d526e9,Air Lamp,3634,nm,absorbance,1034.3622798844156
1043.877,2.781668,8205422b-9eff-4701-a582-6dd473d526e9,Air Lamp,3635,nm,absorbance,1034.5240717309805
1044.041,4.570801999999999,8205422b-9eff-4701-a582-6dd473d526e9,Air Lamp,3636,nm,absorbance,1034.686856165561
1044.205,6.46443,8205422b-9eff-4701-a582-6dd473d526e9,Air Lamp,3637,nm,absorbance,1034.8496406001418
1044.369,7.805193999999998,8205422b-9eff-4701-a582-6dd473d526e9,Air Lamp,3638,nm,absorbance,1035.0124250347224
1044.532,6.775634000000001,8205422b-9eff-4701-a582-6dd473d526e9,Air Lamp,3639,nm,absorbance,1035.1742168812873
1044.696,5.426000999999999,8205422b-9eff-4701-a582-6dd473d526e9,Air Lamp,3640,nm,absorbance,1035.337001315868
1044.86,1.686512,8205422b-9eff-4701-a582-6dd473d526e9,Air Lamp,3641,nm,absorbance,1035.4997857504486
1045.023,2.438979,8205422b-9eff-4701-a582-6dd473d526e9,Air Lamp,3642,nm,absorbance,1035.6615775970135
1045.187,-0.4332779999999999,8205422b-9eff-4701-a582-6dd473d526e9,Air Lamp,3643,nm,absorbance,1035.8243620315943
1045.351,3.351943,8205422b-9eff-4701-a582-6dd473d526e9,Air Lamp,3644,nm,absorbance,1035.987146466175
1045.514,7.500752,8205422b-9eff-4701-a582-6dd473d526e9,Air Lamp,3645,nm,absorbance,1036.1489383127398
1045.678,10.075981,8205422b-9eff-4701-a582-6dd473d526e9,Air Lamp,3646,nm,absorbance,1036.3117227473208
1045.841,10.261909,8205422b-9eff-4701-a582-6dd473d526e9,Air Lamp,3647,nm,absorbance,1036.4735145938855
