wavelength_nm,intensity,spectrum_id,spectrum_name,point_index,x_unit,y_unit,wavelength_calibrated_nm
345.386,-4.895693,7ab8b416-1f33-4997-becf-fc15c458fba0,H2O,0,nm,absorbance,341.21027603164254
345.605,-4.895693,7ab8b416-1f33-4997-becf-fc15c458fba0,H2O,1,nm,absorbance,341.4276528070887
345.824,-1.757021,7ab8b416-1f33-4997-becf-fc15c458fba0,H2O,2,nm,absorbance,341.6450295825348
346.044,-2.738575,7ab8b416-1f33-4997-becf-fc15c458fba0,H2O,3,nm,absorbance,341.86339894599666
346.263,-2.701434,7ab8b416-1f33-4997-becf-fc15c458fba0,H2O,4,nm,absorbance,342.0807757214428
346.482,-4.029799,7ab8b416-1f33-4997-becf-fc15c458fba0,H2O,5,nm,absorbance,342.29815249688903
346.701,0.1090539999999999,7ab8b416-1f33-4997-becf-fc15c458fba0,H2O,6,nm,absorbance,342.51552927233513
346.92,3.580706,7ab8b416-1f33-4997-becf-fc15c458fba0,H2O,7,nm,absorbance,342.7329060477813
347.139,3.2939920000000003,7ab8b416-1f33-4997-becf-fc15c458fba0,H2O,8,nm,absorbance,342.95028282322744
347.358,-1.512363,7ab8b416-1f33-4997-becf-fc15c458fba0,H2O,9,nm,absorbance,343.1676595986736
347.577,0.412167,7ab8b416-1f33-4997-becf-fc15c458fba0,H2O,10,nm,absorbance,343.3850363741197
347.796,0.972927,7ab8b416-1f33-4997-becf-fc15c458fba0,H2O,11,nm,absorbance,343.60241314956585
348.015,5.554087000000001,7ab8b416-1f33-4997-becf-fc15c458fba0,H2O,12,nm,absorbance,343.819789925012
348.234,1.135474,7ab8b416-1f33-4997-becf-fc15c458fba0,H2O,13,nm,absorbance,344.03716670045816
348.453,-2.600342,7ab8b416-1f33-4997-becf-fc15c458fba0,H2O,14,nm,absorbance,344.25454347590426
348.672,-4.149032,7ab8b416-1f33-4997-becf-fc15c458fba0,H2O,15,nm,absorbance,344.47192025135047
348.891,-7.32009,7ab8b416-1f33-4997-becf-fc15c458fba0,H2O,16,nm,absorbance,344.6892970267966
349.11,3.38072,7ab8b416-1f33-4997-becf-fc15c458fba0,H2O,17,nm,absorbance,344.9066738022428
349.329,5.776365,7ab8b416-1f33-4997-becf-fc15c458fba0,H2O,18,nm,absorbance,345.12405057768893
349.548,12.209671,7ab8b416-1f33-4997-becf-fc15c458fba0,H2O,19,nm,absorbance,345.34142735313503
349.767,14.885467,7ab8b416-1f33-4997-becf-fc15c458fba0,H2O,20,nm,absorbance,345.5588041285812
349.986,20.248459,7ab8b416-1f33-4997-becf-fc15c458fba0,H2O,21,nm,absorbance,345.77618090402734
350.205,23.719147,7ab8b416-1f33-4997-becf-fc15c458fba0,H2O,22,nm,absorbance,345.9935576794735
350.424,21.283586,7ab8b416-1f33-4997-becf-fc15c458fba0,H2O,23,nm,absorbance,346.2109344549196
350.643,21.66093,7ab8b416-1f33-4997-becf-fc15c458fba0,H2O,24,nm,absorbance,346.42831123036575
350.862,15.391146,7ab8b416-1f33-4997-becf-fc15c458fba0,H2O,25,nm,absorbance,346.64568800581196
351.08,12.21568,7ab8b416-1f33-4997-becf-fc15c458fba0,H2O,26,nm,absorbance,346.86207219324234
351.299,10.868045999999998,7ab8b416-1f33-4997-becf-fc15c458fba0,H2O,27,nm,absorbance,347.0794489686885
351.518,15.561567,7ab8b416-1f33-4997-becf-fc15c458fba0,H2O,28,nm,absorbance,347.2968257441346
351.737,16.939428,7ab8b416-1f33-4997-becf-fc15c458fba0,H2O,29,nm,absorbance,347.5142025195808
351.956,17.333432999999996,7ab8b416-1f33-4997-becf-fc15c458fba0,H2O,30,nm,absorbance,347.73157929502696
352.174,21.051125,7ab8b416-1f33-4997-becf-fc15c458fba0,H2O,31,nm,absorbance,347.94796348245734
352.393,21.900683999999995,7ab8b416-1f33-4997-becf-fc15c458fba0,H2O,32,nm,absorbance,348.16534025790344
352.612,23.045719,7ab8b416-1f33-4997-becf-fc15c458fba0,H2O,33,nm,absorbance,348.38271703334965
352.831,25.011269,7ab8b416-1f33-4997-becf-fc15c458fba0,H2O,34,nm,absorbance,348.6000938087958
353.049,29.128271,7ab8b416-1f33-4997-becf-fc15c458fba0,H2O,35,nm,absorbance,348.8164779962262
353.268,28.040898,7ab8b416-1f33-4997-becf-fc15c458fba0,H2O,36,nm,absorbance,349.03385477167234
353.487,29.884806000000005,7ab8b416-1f33-4997-becf-fc15c458fba0,H2O,37,nm,absorbance,349.2512315471185
353.705,26.517138,7ab8b416-1f33-4997-becf-fc15c458fba0,H2O,38,nm,absorbance,349.4676157345489
353.924,29.465035,7ab8b416-1f33-4997-becf-fc15c458fba0,H2O,39,nm,absorbance,349.684992509995
354.143,27.646845000000003,7ab8b416-1f33-4997-becf-fc15c458fba0,H2O,40,nm,absorbance,349.9023692854412
354.361,30.577685,7ab8b416-1f33-4997-becf-fc15c458fba0,H2O,41,nm,absorbance,350.1187534728716
354.58,30.825360999999997,7ab8b416-1f33-4997-becf-fc15c458fba0,H2O,42,nm,absorbance,350.3361302483177
354.798,32.311184000000004,7ab8b416-1f33-4997-becf-fc15c458fba0,H2O,43,nm,absorbance,350.55251443574815
355.017,34.787782,7ab8b416-1f33-4997-becf-fc15c458fba0,H2O,44,nm,absorbance,350.7698912111943
355.236,34.314336000000004,7ab8b416-1f33-4997-becf-fc15c458fba0,H2O,45,nm,absorbance,350.98726798664046
355.454,30.265509999999995,7ab8b416-1f33-4997-becf-fc15c458fba0,H2O,46,nm,absorbance,351.2036521740709
355.673,30.2452,7ab8b416-1f33-4997-becf-fc15c458fba0,H2O,47,nm,absorbance,351.42102894951705
355.891,30.719456,7ab8b416-1f33-4997-becf-fc15c458fba0,H2O,48,nm,absorbance,351.63741313694743
356.11,34.775395,7ab8b416-1f33-4997-becf-fc15c458fba0,H2O,49,nm,absorbance,351.8547899123936
356.328,35.406804,7ab8b416-1f33-4997-becf-fc15c458fba0,H2O,50,nm,absorbance,352.07117409982396
356.547,38.568108,7ab8b416-1f33-4997-becf-fc15c458fba0,H2O,51,nm,absorbance,352.2885508752702
356.765,40.450789,7ab8b416-1f33-4997-becf-fc15c458fba0,H2O,52,nm,absorbance,352.50493506270055
356.984,40.129131,7ab8b416-1f33-4997-becf-fc15c458fba0,H2O,53,nm,absorbance,352.7223118381467
357.202,39.09459499999999,7ab8b416-1f33-4997-becf-fc15c458fba0,H2O,54,nm,absorbance,352.9386960255771
357.42,39.092612,7ab8b416-1f33-4997-becf-fc15c458fba0,H2O,55,nm,absorbance,353.1550802130075
357.639,39.800557,7ab8b416-1f33-4997-becf-fc15c458fba0,H2O,56,nm,absorbance,353.3724569884537
357.857,42.39406,7ab8b416-1f33-4997-becf-fc15c458fba0,H2O,57,nm,absorbance,353.5888411758841
358.076,43.651808,7ab8b416-1f33-4997-becf-fc15c458fba0,H2O,58,nm,absorbance,353.80621795133027
358.294,50.364092,7ab8b416-1f33-4997-becf-fc15c458fba0,H2O,59,nm,absorbance,354.02260213876065
358.512,53.668000000000006,7ab8b416-1f33-4997-becf-fc15c458fba0,H2O,60,nm,absorbance,354.2389863261911
358.731,55.44336599999999,7ab8b416-1f33-4997-becf-fc15c458fba0,H2O,61,nm,absorbance,354.4563631016372
358.949,51.969214,7ab8b416-1f33-4997-becf-fc15c458fba0,H2O,62,nm,absorbance,354.6727472890676
359.167,49.35470099999999,7ab8b416-1f33-4997-becf-fc15c458fba0,H2O,63,nm,absorbance,354.889131476498
359.386,49.849767,7ab8b416-1f33-4997-becf-fc15c458fba0,H2O,64,nm,absorbance,355.1065082519442
359.604,47.707736,7ab8b416-1f33-4997-becf-fc15c458fba0,H2O,65,nm,absorbance,355.3228924393746
359.822,53.030330000000006,7ab8b416-1f33-4997-becf-fc15c458fba0,H2O,66,nm,absorbance,355.539276626805
360.04,53.89504999999999,7ab8b416-1f33-4997-becf-fc15c458fba0,H2O,67,nm,absorbance,355.75566081423545
360.259,55.48196,7ab8b416-1f33-4997-becf-fc15c458fba0,H2O,68,nm,absorbance,355.97303758968155
360.477,51.958017,7ab8b416-1f33-4997-becf-fc15c458fba0,H2O,69,nm,absorbance,356.18942177711193
360.695,50.216652,7ab8b416-1f33-4997-becf-fc15c458fba0,H2O,70,nm,absorbance,356.40580596454237
360.913,55.451874,7ab8b416-1f33-4997-becf-fc15c458fba0,H2O,71,nm,absorbance,356.6221901519728
361.131,55.75792299999999,7ab8b416-1f33-4997-becf-fc15c458fba0,H2O,72,nm,absorbance,356.8385743394032
361.35,53.649271,7ab8b416-1f33-4997-becf-fc15c458fba0,H2O,73,nm,absorbance,357.0559511148494
361.568,49.148479,7ab8b416-1f33-4997-becf-fc15c458fba0,H2O,74,nm,absorbance,357.27233530227977
361.786,47.722574,7ab8b416-1f33-4997-becf-fc15c458fba0,H2O,75,nm,absorbance,357.48871948971015
362.004,51.78928900000001,7ab8b416-1f33-4997-becf-fc15c458fba0,H2O,76,nm,absorbance,357.7051036771406
362.222,53.65832,7ab8b416-1f33-4997-becf-fc15c458fba0,H2O,77,nm,absorbance,357.92148786457096
362.44,53.597903,7ab8b416-1f33-4997-becf-fc15c458fba0,H2O,78,nm,absorbance,358.1378720520014
362.658,53.159631000000005,7ab8b416-1f33-4997-becf-fc15c458fba0,H2O,79,nm,absorbance,358.35425623943183
362.876,49.98625299999999,7ab8b416-1f33-4997-becf-fc15c458fba0,H2O,80,nm,absorbance,358.5706404268622
363.094,53.628719,7ab8b416-1f33-4997-becf-fc15c458fba0,H2O,81,nm,absorbance,358.78702461429265
363.312,55.563347,7ab8b416-1f33-4997-becf-fc15c458fba0,H2O,82,nm,absorbance,359.0034088017231
363.53,56.482512,7ab8b416-1f33-4997-becf-fc15c458fba0,H2O,83,nm,absorbance,359.21979298915346
363.749,52.64728,7ab8b416-1f33-4997-becf-fc15c458fba0,H2O,84,nm,absorbance,359.4371697645996
363.967,49.986436000000005,7ab8b416-1f33-4997-becf-fc15c458fba0,H2O,85,nm,absorbance,359.65355395203
364.184,47.514427,7ab8b416-1f33-4997-becf-fc15c458fba0,H2O,86,nm,absorbance,359.8689455514447
364.402,51.240213,7ab8b416-1f33-4997-becf-fc15c458fba0,H2O,87,nm,absorbance,360.0853297388751
364.62,50.687867,7ab8b416-1f33-4997-becf-fc15c458fba0,H2O,88,nm,absorbance,360.3017139263055
364.838,48.927863,7ab8b416-1f33-4997-becf-fc15c458fba0,H2O,89,nm,absorbance,360.51809811373596
365.056,40.08672899999999,7ab8b416-1f33-4997-becf-fc15c458fba0,H2O,90,nm,absorbance,360.73448230116634
365.274,35.648385,7ab8b416-1f33-4997-becf-fc15c458fba0,H2O,91,nm,absorbance,360.9508664885968
365.492,32.66596199999999,7ab8b416-1f33-4997-becf-fc15c458fba0,H2O,92,nm,absorbance,361.1672506760272
365.71,31.862747,7ab8b416-1f33-4997-becf-fc15c458fba0,H2O,93,nm,absorbance,361.3836348634576
365.928,31.566983,7ab8b416-1f33-4997-becf-fc15c458fba0,H2O,94,nm,absorbance,361.60001905088797
366.146,31.621483,7ab8b416-1f33-4997-becf-fc15c458fba0,H2O,95,nm,absorbance,361.8164032383184
366.364,31.373051,7ab8b416-1f33-4997-becf-fc15c458fba0,H2O,96,nm,absorbance,362.0327874257488
366.581,28.183897,7ab8b416-1f33-4997-becf-fc15c458fba0,H2O,97,nm,absorbance,362.2481790251635
366.799,28.699842,7ab8b416-1f33-4997-becf-fc15c458fba0,H2O,98,nm,absorbance,362.4645632125939
367.017,29.634548999999996,7ab8b416-1f33-4997-becf-fc15c458fba0,H2O,99,nm,absorbance,362.6809474000243
367.235,28.383509000000004,7ab8b416-1f33-4997-becf-fc15c458fba0,H2O,100,nm,absorbance,362.89733158745474
367.453,27.538959,7ab8b416-1f33-4997-becf-fc15c458fba0,H2O,101,nm,absorbance,363.1137157748851
367.67,24.553646,7ab8b416-1f33-4997-becf-fc15c458fba0,H2O,102,nm,absorbance,363.32910737429984
367.888,23.826337,7ab8b416-1f33-4997-becf-fc15c458fba0,H2O,103,nm,absorbance,363.5454915617302
368.106,22.422519,7ab8b416-1f33-4997-becf-fc15c458fba0,H2O,104,nm,absorbance,363.76187574916065
368.323,20.761226,7ab8b416-1f33-4997-becf-fc15c458fba0,H2O,105,nm,absorbance,363.9772673485753
368.541,14.339533,7ab8b416-1f33-4997-becf-fc15c458fba0,H2O,106,nm,absorbance,364.19365153600575
368.759,16.572474999999997,7ab8b416-1f33-4997-becf-fc15c458fba0,H2O,107,nm,absorbance,364.4100357234362
368.977,19.860841,7ab8b416-1f33-4997-becf-fc15c458fba0,H2O,108,nm,absorbance,364.6264199108665
369.194,30.292837,7ab8b416-1f33-4997-becf-fc15c458fba0,H2O,109,nm,absorbance,364.8418115102812
369.412,27.456050000000005,7ab8b416-1f33-4997-becf-fc15c458fba0,H2O,110,nm,absorbance,365.0581956977116
369.629,24.409073,7ab8b416-1f33-4997-becf-fc15c458fba0,H2O,111,nm,absorbance,365.2735872971263
369.847,20.125007,7ab8b416-1f33-4997-becf-fc15c458fba0,H2O,112,nm,absorbance,365.4899714845567
370.065,22.597893,7ab8b416-1f33-4997-becf-fc15c458fba0,H2O,113,nm,absorbance,365.7063556719871
370.282,24.470079,7ab8b416-1f33-4997-becf-fc15c458fba0,H2O,114,nm,absorbance,365.9217472714018
370.5,27.698373000000004,7ab8b416-1f33-4997-becf-fc15c458fba0,H2O,115,nm,absorbance,366.1381314588322
370.717,25.093008,7ab8b416-1f33-4997-becf-fc15c458fba0,H2O,116,nm,absorbance,366.3535230582469
370.935,24.646837,7ab8b416-1f33-4997-becf-fc15c458fba0,H2O,117,nm,absorbance,366.5699072456773
371.152,23.96879,7ab8b416-1f33-4997-becf-fc15c458fba0,H2O,118,nm,absorbance,366.785298845092
371.37,26.281038,7ab8b416-1f33-4997-becf-fc15c458fba0,H2O,119,nm,absorbance,367.0016830325224
371.588,27.320411,7ab8b416-1f33-4997-becf-fc15c458fba0,H2O,120,nm,absorbance,367.21806721995284
371.805,31.465874,7ab8b416-1f33-4997-becf-fc15c458fba0,H2O,121,nm,absorbance,367.4334588193675
372.022,27.468225,7ab8b416-1f33-4997-becf-fc15c458fba0,H2O,122,nm,absorbance,367.64885041878216
372.24,30.458978,7ab8b416-1f33-4997-becf-fc15c458fba0,H2O,123,nm,absorbance,367.8652346062126
372.457,25.700509,7ab8b416-1f33-4997-becf-fc15c458fba0,H2O,124,nm,absorbance,368.08062620562725
372.675,36.934022000000006,7ab8b416-1f33-4997-becf-fc15c458fba0,H2O,125,nm,absorbance,368.2970103930577
372.892,33.16630500000001,7ab8b416-1f33-4997-becf-fc15c458fba0,H2O,126,nm,absorbance,368.51240199247235
373.11,33.010505,7ab8b416-1f33-4997-becf-fc15c458fba0,H2O,127,nm,absorbance,368.7287861799028
373.327,28.707872,7ab8b416-1f33-4997-becf-fc15c458fba0,H2O,128,nm,absorbance,368.94417777931744
373.544,33.11025,7ab8b416-1f33-4997-becf-fc15c458fba0,H2O,129,nm,absorbance,369.1595693787321
373.762,35.555516,7ab8b416-1f33-4997-becf-fc15c458fba0,H2O,130,nm,absorbance,369.37595356616254
373.979,32.792061000000004,7ab8b416-1f33-4997-becf-fc15c458fba0,H2O,131,nm,absorbance,369.5913451655772
374.196,31.859822,7ab8b416-1f33-4997-becf-fc15c458fba0,H2O,132,nm,absorbance,369.8067367649919
374.414,33.398695999999994,7ab8b416-1f33-4997-becf-fc15c458fba0,H2O,133,nm,absorbance,370.0231209524223
374.631,37.908999,7ab8b416-1f33-4997-becf-fc15c458fba0,H2O,134,nm,absorbance,370.23851255183695
374.848,38.376119,7ab8b416-1f33-4997-becf-fc15c458fba0,H2O,135,nm,absorbance,370.45390415125166
375.066,41.492918,7ab8b416-1f33-4997-becf-fc15c458fba0,H2O,136,nm,absorbance,370.670288338682
375.283,39.260426,7ab8b416-1f33-4997-becf-fc15c458fba0,H2O,137,nm,absorbance,370.88567993809676
375.5,39.039931,7ab8b416-1f33-4997-becf-fc15c458fba0,H2O,138,nm,absorbance,371.1010715375114
375.717,39.35154999999999,7ab8b416-1f33-4997-becf-fc15c458fba0,H2O,139,nm,absorbance,371.3164631369261
375.935,39.112239,7ab8b416-1f33-4997-becf-fc15c458fba0,H2O,140,nm,absorbance,371.53284732435645
376.152,40.27321300000001,7ab8b416-1f33-4997-becf-fc15c458fba0,H2O,141,nm,absorbance,371.74823892377117
376.369,36.819409,7ab8b416-1f33-4997-becf-fc15c458fba0,H2O,142,nm,absorbance,371.9636305231859
376.586,38.074898,7ab8b416-1f33-4997-becf-fc15c458fba0,H2O,143,nm,absorbance,372.17902212260054
376.803,40.646689,7ab8b416-1f33-4997-becf-fc15c458fba0,H2O,144,nm,absorbance,372.3944137220152
377.02,44.785288,7ab8b416-1f33-4997-becf-fc15c458fba0,H2O,145,nm,absorbance,372.60980532142986
377.238,46.733147,7ab8b416-1f33-4997-becf-fc15c458fba0,H2O,146,nm,absorbance,372.8261895088603
377.455,44.377185,7ab8b416-1f33-4997-becf-fc15c458fba0,H2O,147,nm,absorbance,373.04158110827495
377.672,42.50995200000001,7ab8b416-1f33-4997-becf-fc15c458fba0,H2O,148,nm,absorbance,373.25697270768967
377.889,39.190194000000005,7ab8b416-1f33-4997-becf-fc15c458fba0,H2O,149,nm,absorbance,373.4723643071043
378.106,40.849218,7ab8b416-1f33-4997-becf-fc15c458fba0,H2O,150,nm,absorbance,373.687755906519
378.323,41.62263600000001,7ab8b416-1f33-4997-becf-fc15c458fba0,H2O,151,nm,absorbance,373.90314750593365
378.54,44.284987,7ab8b416-1f33-4997-becf-fc15c458fba0,H2O,152,nm,absorbance,374.11853910534836
378.757,42.472275,7ab8b416-1f33-4997-becf-fc15c458fba0,H2O,153,nm,absorbance,374.333930704763
378.974,42.240193,7ab8b416-1f33-4997-becf-fc15c458fba0,H2O,154,nm,absorbance,374.5493223041777
379.191,42.946798,7ab8b416-1f33-4997-becf-fc15c458fba0,H2O,155,nm,absorbance,374.76471390359234
379.408,42.876361,7ab8b416-1f33-4997-becf-fc15c458fba0,H2O,156,nm,absorbance,374.98010550300705
379.625,37.700551,7ab8b416-1f33-4997-becf-fc15c458fba0,H2O,157,nm,absorbance,375.1954971024217
379.842,38.697215,7ab8b416-1f33-4997-becf-fc15c458fba0,H2O,158,nm,absorbance,375.41088870183637
380.059,43.139603,7ab8b416-1f33-4997-becf-fc15c458fba0,H2O,159,nm,absorbance,375.6262803012511
380.276,49.3297,7ab8b416-1f33-4997-becf-fc15c458fba0,H2O,160,nm,absorbance,375.84167190066574
380.493,45.862509,7ab8b416-1f33-4997-becf-fc15c458fba0,H2O,161,nm,absorbance,376.0570635000804
380.71,43.205827,7ab8b416-1f33-4997-becf-fc15c458fba0,H2O,162,nm,absorbance,376.27245509949506
380.927,40.586387,7ab8b416-1f33-4997-becf-fc15c458fba0,H2O,163,nm,absorbance,376.4878466989098
381.143,46.957612,7ab8b416-1f33-4997-becf-fc15c458fba0,H2O,164,nm,absorbance,376.70224571030866
381.36,47.163785,7ab8b416-1f33-4997-becf-fc15c458fba0,H2O,165,nm,absorbance,376.9176373097234
381.577,55.55890000000001,7ab8b416-1f33-4997-becf-fc15c458fba0,H2O,166,nm,absorbance,377.13302890913803
381.794,52.112038,7ab8b416-1f33-4997-becf-fc15c458fba0,H2O,167,nm,absorbance,377.3484205085527
382.011,49.840676,7ab8b416-1f33-4997-becf-fc15c458fba0,H2O,168,nm,absorbance,377.5638121079674
382.228,43.824622,7ab8b416-1f33-4997-becf-fc15c458fba0,H2O,169,nm,absorbance,377.77920370738207
382.444,43.683304,7ab8b416-1f33-4997-becf-fc15c458fba0,H2O,170,nm,absorbance,377.993602718781
382.661,48.55519400000001,7ab8b416-1f33-4997-becf-fc15c458fba0,H2O,171,nm,absorbance,378.2089943181957
382.878,48.19940600000001,7ab8b416-1f33-4997-becf-fc15c458fba0,H2O,172,nm,absorbance,378.4243859176104
383.095,49.42059,7ab8b416-1f33-4997-becf-fc15c458fba0,H2O,173,nm,absorbance,378.6397775170251
383.311,49.124034,7ab8b416-1f33-4997-becf-fc15c458fba0,H2O,174,nm,absorbance,378.854176528424
383.528,51.34617000000001,7ab8b416-1f33-4997-becf-fc15c458fba0,H2O,175,nm,absorbance,379.0695681278387
383.745,51.21727,7ab8b416-1f33-4997-becf-fc15c458fba0,H2O,176,nm,absorbance,379.28495972725335
383.962,51.53332400000001,7ab8b416-1f33-4997-becf-fc15c458fba0,H2O,177,nm,absorbance,379.500351326668
384.178,47.317565,7ab8b416-1f33-4997-becf-fc15c458fba0,H2O,178,nm,absorbance,379.71475033806695
384.395,46.333364,7ab8b416-1f33-4997-becf-fc15c458fba0,H2O,179,nm,absorbance,379.9301419374816
384.612,44.64476,7ab8b416-1f33-4997-becf-fc15c458fba0,H2O,180,nm,absorbance,380.1455335368963
384.828,45.95201600000001,7ab8b416-1f33-4997-becf-fc15c458fba0,H2O,181,nm,absorbance,380.3599325482952
385.045,45.274031,7ab8b416-1f33-4997-becf-fc15c458fba0,H2O,182,nm,absorbance,380.5753241477099
385.261,43.27953900000001,7ab8b416-1f33-4997-becf-fc15c458fba0,H2O,183,nm,absorbance,380.78972315910886
385.478,45.050974,7ab8b416-1f33-4997-becf-fc15c458fba0,H2O,184,nm,absorbance,381.0051147585235
385.695,40.62709400000001,7ab8b416-1f33-4997-becf-fc15c458fba0,H2O,185,nm,absorbance,381.2205063579382
385.911,39.240954,7ab8b416-1f33-4997-becf-fc15c458fba0,H2O,186,nm,absorbance,381.4349053693372
386.128,39.836772,7ab8b416-1f33-4997-becf-fc15c458fba0,H2O,187,nm,absorbance,381.65029696875183
386.344,43.488119000000005,7ab8b416-1f33-4997-becf-fc15c458fba0,H2O,188,nm,absorbance,381.86469598015077
386.561,46.860662000000005,7ab8b416-1f33-4997-becf-fc15c458fba0,H2O,189,nm,absorbance,382.08008757956543
386.777,46.157524,7ab8b416-1f33-4997-becf-fc15c458fba0,H2O,190,nm,absorbance,382.29448659096437
386.994,51.497108,7ab8b416-1f33-4997-becf-fc15c458fba0,H2O,191,nm,absorbance,382.5098781903791
387.21,52.040265,7ab8b416-1f33-4997-becf-fc15c458fba0,H2O,192,nm,absorbance,382.72427720177797
387.427,52.086211000000006,7ab8b416-1f33-4997-becf-fc15c458fba0,H2O,193,nm,absorbance,382.9396688011927
387.643,50.742188,7ab8b416-1f33-4997-becf-fc15c458fba0,H2O,194,nm,absorbance,383.15406781259156
387.86,53.26115600000001,7ab8b416-1f33-4997-becf-fc15c458fba0,H2O,195,nm,absorbance,383.3694594120063
388.076,57.6419,7ab8b416-1f33-4997-becf-fc15c458fba0,H2O,196,nm,absorbance,383.5838584234053
388.292,51.748811,7ab8b416-1f33-4997-becf-fc15c458fba0,H2O,197,nm,absorbance,383.79825743480416
388.509,49.113868,7ab8b416-1f33-4997-becf-fc15c458fba0,H2O,198,nm,absorbance,384.0136490342189
388.725,40.55461700000001,7ab8b416-1f33-4997-becf-fc15c458fba0,H2O,199,nm,absorbance,384.2280480456178
388.942,42.887068000000006,7ab8b416-1f33-4997-becf-fc15c458fba0,H2O,200,nm,absorbance,384.44343964503247
389.158,37.081214,7ab8b416-1f33-4997-becf-fc15c458fba0,H2O,201,nm,absorbance,384.6578386564314
389.374,36.596657,7ab8b416-1f33-4997-becf-fc15c458fba0,H2O,202,nm,absorbance,384.87223766783035
389.591,36.928762,7ab8b416-1f33-4997-becf-fc15c458fba0,H2O,203,nm,absorbance,385.087629267245
389.807,42.36910999999999,7ab8b416-1f33-4997-becf-fc15c458fba0,H2O,204,nm,absorbance,385.30202827864395
390.023,50.436315,7ab8b416-1f33-4997-becf-fc15c458fba0,H2O,205,nm,absorbance,385.51642729004294
390.239,49.784796,7ab8b416-1f33-4997-becf-fc15c458fba0,H2O,206,nm,absorbance,385.7308263014418
390.456,44.63168399999999,7ab8b416-1f33-4997-becf-fc15c458fba0,H2O,207,nm,absorbance,385.94621790085654
390.672,39.307384,7ab8b416-1f33-4997-becf-fc15c458fba0,H2O,208,nm,absorbance,386.1606169122555
390.888,38.872965,7ab8b416-1f33-4997-becf-fc15c458fba0,H2O,209,nm,absorbance,386.37501592365436
391.104,42.81515,7ab8b416-1f33-4997-becf-fc15c458fba0,H2O,210,nm,absorbance,386.5894149350533
391.321,44.141611,7ab8b416-1f33-4997-becf-fc15c458fba0,H2O,211,nm,absorbance,386.804806534468
391.537,45.201851,7ab8b416-1f33-4997-becf-fc15c458fba0,H2O,212,nm,absorbance,387.01920554586695
391.753,43.37727700000001,7ab8b416-1f33-4997-becf-fc15c458fba0,H2O,213,nm,absorbance,387.2336045572659
391.969,40.170414,7ab8b416-1f33-4997-becf-fc15c458fba0,H2O,214,nm,absorbance,387.44800356866483
392.185,41.714398,7ab8b416-1f33-4997-becf-fc15c458fba0,H2O,215,nm,absorbance,387.66240258006377
392.401,46.056650000000005,7ab8b416-1f33-4997-becf-fc15c458fba0,H2O,216,nm,absorbance,387.8768015914627
392.618,51.877058,7ab8b416-1f33-4997-becf-fc15c458fba0,H2O,217,nm,absorbance,388.09219319087737
392.834,50.626622,7ab8b416-1f33-4997-becf-fc15c458fba0,H2O,218,nm,absorbance,388.3065922022763
393.05,49.377084,7ab8b416-1f33-4997-becf-fc15c458fba0,H2O,219,nm,absorbance,388.5209912136753
393.266,45.75358,7ab8b416-1f33-4997-becf-fc15c458fba0,H2O,220,nm,absorbance,388.73539022507424
393.482,44.80155,7ab8b416-1f33-4997-becf-fc15c458fba0,H2O,221,nm,absorbance,388.9497892364732
393.698,43.09833,7ab8b416-1f33-4997-becf-fc15c458fba0,H2O,222,nm,absorbance,389.16418824787206
393.914,46.069978000000006,7ab8b416-1f33-4997-becf-fc15c458fba0,H2O,223,nm,absorbance,389.378587259271
394.13,53.381275,7ab8b416-1f33-4997-becf-fc15c458fba0,H2O,224,nm,absorbance,389.59298627066994
394.346,53.512076,7ab8b416-1f33-4997-becf-fc15c458fba0,H2O,225,nm,absorbance,389.8073852820689
394.562,53.469575,7ab8b416-1f33-4997-becf-fc15c458fba0,H2O,226,nm,absorbance,390.0217842934679
394.778,47.539788,7ab8b416-1f33-4997-becf-fc15c458fba0,H2O,227,nm,absorbance,390.2361833048668
394.994,48.510302,7ab8b416-1f33-4997-becf-fc15c458fba0,H2O,228,nm,absorbance,390.45058231626575
395.21,45.517531000000005,7ab8b416-1f33-4997-becf-fc15c458fba0,H2O,229,nm,absorbance,390.66498132766463
395.426,46.160521,7ab8b416-1f33-4997-becf-fc15c458fba0,H2O,230,nm,absorbance,390.8793803390636
395.642,47.761776,7ab8b416-1f33-4997-becf-fc15c458fba0,H2O,231,nm,absorbance,391.0937793504625
395.858,48.965489,7ab8b416-1f33-4997-becf-fc15c458fba0,H2O,232,nm,absorbance,391.3081783618615
396.073,49.75989799999999,7ab8b416-1f33-4997-becf-fc15c458fba0,H2O,233,nm,absorbance,391.52158478524467
396.289,48.94050700000001,7ab8b416-1f33-4997-becf-fc15c458fba0,H2O,234,nm,absorbance,391.7359837966436
396.505,46.862579,7ab8b416-1f33-4997-becf-fc15c458fba0,H2O,235,nm,absorbance,391.95038280804255
396.721,48.029561,7ab8b416-1f33-4997-becf-fc15c458fba0,H2O,236,nm,absorbance,392.1647818194415
396.937,46.429894,7ab8b416-1f33-4997-becf-fc15c458fba0,H2O,237,nm,absorbance,392.3791808308405
397.153,45.668541000000005,7ab8b416-1f33-4997-becf-fc15c458fba0,H2O,238,nm,absorbance,392.5935798422394
397.369,45.96967,7ab8b416-1f33-4997-becf-fc15c458fba0,H2O,239,nm,absorbance,392.80797885363836
397.584,45.585420000000006,7ab8b416-1f33-4997-becf-fc15c458fba0,H2O,240,nm,absorbance,393.0213852770215
397.8,46.082583,7ab8b416-1f33-4997-becf-fc15c458fba0,H2O,241,nm,absorbance,393.23578428842046
398.016,43.005097,7ab8b416-1f33-4997-becf-fc15c458fba0,H2O,242,nm,absorbance,393.45018329981946
398.232,45.218013,7ab8b416-1f33-4997-becf-fc15c458fba0,H2O,243,nm,absorbance,393.6645823112184
398.447,47.19153300000001,7ab8b416-1f33-4997-becf-fc15c458fba0,H2O,244,nm,absorbance,393.87798873460156
398.663,44.148747,7ab8b416-1f33-4997-becf-fc15c458fba0,H2O,245,nm,absorbance,394.0923877460005
398.879,41.511846,7ab8b416-1f33-4997-becf-fc15c458fba0,H2O,246,nm,absorbance,394.30678675739944
399.094,40.53184899999999,7ab8b416-1f33-4997-becf-fc15c458fba0,H2O,247,nm,absorbance,394.52019318078266
399.31,43.24327,7ab8b416-1f33-4997-becf-fc15c458fba0,H2O,248,nm,absorbance,394.7345921921816
399.526,41.71861,7ab8b416-1f33-4997-becf-fc15c458fba0,H2O,249,nm,absorbance,394.94899120358053
399.741,40.042215,7ab8b416-1f33-4997-becf-fc15c458fba0,H2O,250,nm,absorbance,395.1623976269637
399.957,40.418387,7ab8b416-1f33-4997-becf-fc15c458fba0,H2O,251,nm,absorbance,395.37679663836263
400.173,41.172405000000005,7ab8b416-1f33-4997-becf-fc15c458fba0,H2O,252,nm,absorbance,395.59119564976163
400.388,42.885414,7ab8b416-1f33-4997-becf-fc15c458fba0,H2O,253,nm,absorbance,395.8046020731448
400.604,39.90966099999999,7ab8b416-1f33-4997-becf-fc15c458fba0,H2O,254,nm,absorbance,396.01900108454373
400.82,39.146355,7ab8b416-1f33-4997-becf-fc15c458fba0,H2O,255,nm,absorbance,396.23340009594267
401.035,41.46714,7ab8b416-1f33-4997-becf-fc15c458fba0,H2O,256,nm,absorbance,396.4468065193259
401.251,40.927312,7ab8b416-1f33-4997-becf-fc15c458fba0,H2O,257,nm,absorbance,396.6612055307248
401.466,45.343854,7ab8b416-1f33-4997-becf-fc15c458fba0,H2O,258,nm,absorbance,396.87461195410805
401.682,42.090869000000005,7ab8b416-1f33-4997-becf-fc15c458fba0,H2O,259,nm,absorbance,397.089010965507
401.897,43.710527000000006,7ab8b416-1f33-4997-becf-fc15c458fba0,H2O,260,nm,absorbance,397.30241738889015
402.113,40.612514,7ab8b416-1f33-4997-becf-fc15c458fba0,H2O,261,nm,absorbance,397.51681640028914
402.328,41.323325,7ab8b416-1f33-4997-becf-fc15c458fba0,H2O,262,nm,absorbance,397.7302228236723
402.544,40.498643,7ab8b416-1f33-4997-becf-fc15c458fba0,H2O,263,nm,absorbance,397.94462183507125
402.759,38.185655,7ab8b416-1f33-4997-becf-fc15c458fba0,H2O,264,nm,absorbance,398.15802825845446
402.974,36.35396,7ab8b416-1f33-4997-becf-fc15c458fba0,H2O,265,nm,absorbance,398.3714346818377
403.19,41.824051,7ab8b416-1f33-4997-becf-fc15c458fba0,H2O,266,nm,absorbance,398.5858336932366
403.405,41.425938,7ab8b416-1f33-4997-becf-fc15c458fba0,H2O,267,nm,absorbance,398.7992401166198
403.621,35.386142,7ab8b416-1f33-4997-becf-fc15c458fba0,H2O,268,nm,absorbance,399.0136391280187
403.836,31.200395,7ab8b416-1f33-4997-becf-fc15c458fba0,H2O,269,nm,absorbance,399.227045551402
404.051,34.59949999999999,7ab8b416-1f33-4997-becf-fc15c458fba0,H2O,270,nm,absorbance,399.44045197478516
404.267,43.174826,7ab8b416-1f33-4997-becf-fc15c458fba0,H2O,271,nm,absorbance,399.6548509861841
404.482,41.490069,7ab8b416-1f33-4997-becf-fc15c458fba0,H2O,272,nm,absorbance,399.8682574095673
404.697,40.110872,7ab8b416-1f33-4997-becf-fc15c458fba0,H2O,273,nm,absorbance,400.08166383295054
404.913,36.979145,7ab8b416-1f33-4997-becf-fc15c458fba0,H2O,274,nm,absorbance,400.2960628443495
405.128,38.29558100000001,7ab8b416-1f33-4997-becf-fc15c458fba0,H2O,275,nm,absorbance,400.50946926773264
405.343,40.194591,7ab8b416-1f33-4997-becf-fc15c458fba0,H2O,276,nm,absorbance,400.72287569111586
405.559,41.334588,7ab8b416-1f33-4997-becf-fc15c458fba0,H2O,277,nm,absorbance,400.9372747025148
405.774,41.518928,7ab8b416-1f33-4997-becf-fc15c458fba0,H2O,278,nm,absorbance,401.150681125898
405.989,41.76671700000001,7ab8b416-1f33-4997-becf-fc15c458fba0,H2O,279,nm,absorbance,401.3640875492812
406.204,43.845191,7ab8b416-1f33-4997-becf-fc15c458fba0,H2O,280,nm,absorbance,401.5774939726644
406.42,45.892925,7ab8b416-1f33-4997-becf-fc15c458fba0,H2O,281,nm,absorbance,401.7918929840634
406.635,50.505113,7ab8b416-1f33-4997-becf-fc15c458fba0,H2O,282,nm,absorbance,402.00529940744656
406.85,49.152365,7ab8b416-1f33-4997-becf-fc15c458fba0,H2O,283,nm,absorbance,402.2187058308298
407.065,44.85634,7ab8b416-1f33-4997-becf-fc15c458fba0,H2O,284,nm,absorbance,402.43211225421294
407.28,40.490004000000006,7ab8b416-1f33-4997-becf-fc15c458fba0,H2O,285,nm,absorbance,402.64551867759616
407.495,43.057918,7ab8b416-1f33-4997-becf-fc15c458fba0,H2O,286,nm,absorbance,402.8589251009794
407.71,44.314068000000006,7ab8b416-1f33-4997-becf-fc15c458fba0,H2O,287,nm,absorbance,403.07233152436254
407.926,42.803502,7ab8b416-1f33-4997-becf-fc15c458fba0,H2O,288,nm,absorbance,403.2867305357615
408.141,40.582826,7ab8b416-1f33-4997-becf-fc15c458fba0,H2O,289,nm,absorbance,403.50013695914475
408.356,42.357613,7ab8b416-1f33-4997-becf-fc15c458fba0,H2O,290,nm,absorbance,403.7135433825279
408.571,42.85715499999999,7ab8b416-1f33-4997-becf-fc15c458fba0,H2O,291,nm,absorbance,403.92694980591114
408.786,42.526253,7ab8b416-1f33-4997-becf-fc15c458fba0,H2O,292,nm,absorbance,404.14035622929435
409.001,43.963236,7ab8b416-1f33-4997-becf-fc15c458fba0,H2O,293,nm,absorbance,404.3537626526775
409.216,45.24468,7ab8b416-1f33-4997-becf-fc15c458fba0,H2O,294,nm,absorbance,404.56716907606074
409.431,43.542678,7ab8b416-1f33-4997-becf-fc15c458fba0,H2O,295,nm,absorbance,404.78057549944396
409.646,45.22707899999999,7ab8b416-1f33-4997-becf-fc15c458fba0,H2O,296,nm,absorbance,404.9939819228272
409.861,42.660975,7ab8b416-1f33-4997-becf-fc15c458fba0,H2O,297,nm,absorbance,405.20738834621034
410.076,47.94836600000001,7ab8b416-1f33-4997-becf-fc15c458fba0,H2O,298,nm,absorbance,405.42079476959356
410.291,43.366322,7ab8b416-1f33-4997-becf-fc15c458fba0,H2O,299,nm,absorbance,405.6342011929768
410.506,45.75456100000001,7ab8b416-1f33-4997-becf-fc15c458fba0,H2O,300,nm,absorbance,405.84760761635994
410.721,43.89083599999999,7ab8b416-1f33-4997-becf-fc15c458fba0,H2O,301,nm,absorbance,406.06101403974316
410.936,48.973829,7ab8b416-1f33-4997-becf-fc15c458fba0,H2O,302,nm,absorbance,406.2744204631264
411.15,47.710119,7ab8b416-1f33-4997-becf-fc15c458fba0,H2O,303,nm,absorbance,406.4868342984938
411.365,45.813584000000006,7ab8b416-1f33-4997-becf-fc15c458fba0,H2O,304,nm,absorbance,406.70024072187704
411.58,46.053346,7ab8b416-1f33-4997-becf-fc15c458fba0,H2O,305,nm,absorbance,406.91364714526026
411.795,53.33639,7ab8b416-1f33-4997-becf-fc15c458fba0,H2O,306,nm,absorbance,407.1270535686435
412.01,55.857746,7ab8b416-1f33-4997-becf-fc15c458fba0,H2O,307,nm,absorbance,407.34045999202664
412.225,60.123484,7ab8b416-1f33-4997-becf-fc15c458fba0,H2O,308,nm,absorbance,407.5538664154099
412.439,58.23669600000001,7ab8b416-1f33-4997-becf-fc15c458fba0,H2O,309,nm,absorbance,407.76628025077736
412.654,61.640364,7ab8b416-1f33-4997-becf-fc15c458fba0,H2O,310,nm,absorbance,407.9796866741605
412.869,57.017017,7ab8b416-1f33-4997-becf-fc15c458fba0,H2O,311,nm,absorbance,408.1930930975438
413.084,52.796657,7ab8b416-1f33-4997-becf-fc15c458fba0,H2O,312,nm,absorbance,408.40649952092696
413.299,51.111918,7ab8b416-1f33-4997-becf-fc15c458fba0,H2O,313,nm,absorbance,408.6199059443101
413.513,49.051932,7ab8b416-1f33-4997-becf-fc15c458fba0,H2O,314,nm,absorbance,408.8323197796776
413.728,48.885557000000006,7ab8b416-1f33-4997-becf-fc15c458fba0,H2O,315,nm,absorbance,409.04572620306084
413.943,45.718972,7ab8b416-1f33-4997-becf-fc15c458fba0,H2O,316,nm,absorbance,409.259132626444
414.157,44.60350900000001,7ab8b416-1f33-4997-becf-fc15c458fba0,H2O,317,nm,absorbance,409.4715464618115
414.372,43.731967,7ab8b416-1f33-4997-becf-fc15c458fba0,H2O,318,nm,absorbance,409.6849528851947
414.587,43.897256,7ab8b416-1f33-4997-becf-fc15c458fba0,H2O,319,nm,absorbance,409.8983593085779
414.801,43.692541,7ab8b416-1f33-4997-becf-fc15c458fba0,H2O,320,nm,absorbance,410.1107731439454
415.016,43.492632,7ab8b416-1f33-4997-becf-fc15c458fba0,H2O,321,nm,absorbance,410.3241795673286
415.231,46.247307,7ab8b416-1f33-4997-becf-fc15c458fba0,H2O,322,nm,absorbance,410.53758599071176
415.445,46.091266000000005,7ab8b416-1f33-4997-becf-fc15c458fba0,H2O,323,nm,absorbance,410.74999982607926
415.66,46.298984,7ab8b416-1f33-4997-becf-fc15c458fba0,H2O,324,nm,absorbance,410.9634062494625
415.874,43.257305,7ab8b416-1f33-4997-becf-fc15c458fba0,H2O,325,nm,absorbance,411.1758200848299
416.089,44.049434,7ab8b416-1f33-4997-becf-fc15c458fba0,H2O,326,nm,absorbance,411.38922650821314
416.304,45.259557,7ab8b416-1f33-4997-becf-fc15c458fba0,H2O,327,nm,absorbance,411.6026329315963
416.518,51.814893000000005,7ab8b416-1f33-4997-becf-fc15c458fba0,H2O,328,nm,absorbance,411.81504676696375
416.733,50.696442000000005,7ab8b416-1f33-4997-becf-fc15c458fba0,H2O,329,nm,absorbance,412.028453190347
416.947,50.306609,7ab8b416-1f33-4997-becf-fc15c458fba0,H2O,330,nm,absorbance,412.24086702571446
417.162,40.918482,7ab8b416-1f33-4997-becf-fc15c458fba0,H2O,331,nm,absorbance,412.4542734490976
417.376,39.280418,7ab8b416-1f33-4997-becf-fc15c458fba0,H2O,332,nm,absorbance,412.6666872844651
417.59,38.830767,7ab8b416-1f33-4997-becf-fc15c458fba0,H2O,333,nm,absorbance,412.87910111983257
417.805,41.863781,7ab8b416-1f33-4997-becf-fc15c458fba0,H2O,334,nm,absorbance,413.09250754321585
418.019,44.3595,7ab8b416-1f33-4997-becf-fc15c458fba0,H2O,335,nm,absorbance,413.3049213785833
418.234,48.32611300000001,7ab8b416-1f33-4997-becf-fc15c458fba0,H2O,336,nm,absorbance,413.51832780196645
418.448,48.372722,7ab8b416-1f33-4997-becf-fc15c458fba0,H2O,337,nm,absorbance,413.73074163733395
418.663,53.374758,7ab8b416-1f33-4997-becf-fc15c458fba0,H2O,338,nm,absorbance,413.94414806071717
418.877,52.823075,7ab8b416-1f33-4997-becf-fc15c458fba0,H2O,339,nm,absorbance,414.1565618960846
419.091,49.489944,7ab8b416-1f33-4997-becf-fc15c458fba0,H2O,340,nm,absorbance,414.3689757314521
419.306,47.937698000000005,7ab8b416-1f33-4997-becf-fc15c458fba0,H2O,341,nm,absorbance,414.5823821548353
419.52,44.715969,7ab8b416-1f33-4997-becf-fc15c458fba0,H2O,342,nm,absorbance,414.7947959902028
419.734,52.85274,7ab8b416-1f33-4997-becf-fc15c458fba0,H2O,343,nm,absorbance,415.0072098255702
419.949,48.208256,7ab8b416-1f33-4997-becf-fc15c458fba0,H2O,344,nm,absorbance,415.22061624895343
420.163,50.38559399999999,7ab8b416-1f33-4997-becf-fc15c458fba0,H2O,345,nm,absorbance,415.43303008432093
420.377,44.011339,7ab8b416-1f33-4997-becf-fc15c458fba0,H2O,346,nm,absorbance,415.6454439196884
420.591,44.10131,7ab8b416-1f33-4997-becf-fc15c458fba0,H2O,347,nm,absorbance,415.8578577550559
420.806,37.973722,7ab8b416-1f33-4997-becf-fc15c458fba0,H2O,348,nm,absorbance,416.07126417843904
421.02,39.733481,7ab8b416-1f33-4997-becf-fc15c458fba0,H2O,349,nm,absorbance,416.2836780138065
421.234,40.466076,7ab8b416-1f33-4997-becf-fc15c458fba0,H2O,350,nm,absorbance,416.496091849174
421.448,42.926731,7ab8b416-1f33-4997-becf-fc15c458fba0,H2O,351,nm,absorbance,416.7085056845414
421.663,43.976155000000006,7ab8b416-1f33-4997-becf-fc15c458fba0,H2O,352,nm,absorbance,416.9219121079247
421.877,44.564689,7ab8b416-1f33-4997-becf-fc15c458fba0,H2O,353,nm,absorbance,417.13432594329214
422.091,44.752046,7ab8b416-1f33-4997-becf-fc15c458fba0,H2O,354,nm,absorbance,417.3467397786596
422.305,41.609034,7ab8b416-1f33-4997-becf-fc15c458fba0,H2O,355,nm,absorbance,417.5591536140271
422.519,39.259699,7ab8b416-1f33-4997-becf-fc15c458fba0,H2O,356,nm,absorbance,417.7715674493945
422.733,39.38007399999999,7ab8b416-1f33-4997-becf-fc15c458fba0,H2O,357,nm,absorbance,417.983981284762
422.947,39.716778000000005,7ab8b416-1f33-4997-becf-fc15c458fba0,H2O,358,nm,absorbance,418.19639512012947
423.161,37.943046,7ab8b416-1f33-4997-becf-fc15c458fba0,H2O,359,nm,absorbance,418.40880895549697
423.376,42.97345,7ab8b416-1f33-4997-becf-fc15c458fba0,H2O,360,nm,absorbance,418.6222153788801
423.59,46.177829,7ab8b416-1f33-4997-becf-fc15c458fba0,H2O,361,nm,absorbance,418.83462921424757
423.804,44.526257,7ab8b416-1f33-4997-becf-fc15c458fba0,H2O,362,nm,absorbance,419.04704304961507
424.018,38.666206,7ab8b416-1f33-4997-becf-fc15c458fba0,H2O,363,nm,absorbance,419.2594568849825
424.232,37.489026,7ab8b416-1f33-4997-becf-fc15c458fba0,H2O,364,nm,absorbance,419.47187072035007
424.446,42.98279099999999,7ab8b416-1f33-4997-becf-fc15c458fba0,H2O,365,nm,absorbance,419.6842845557175
424.66,47.058034000000006,7ab8b416-1f33-4997-becf-fc15c458fba0,H2O,366,nm,absorbance,419.89669839108495
424.874,46.285002000000006,7ab8b416-1f33-4997-becf-fc15c458fba0,H2O,367,nm,absorbance,420.10911222645245
425.088,44.127116,7ab8b416-1f33-4997-becf-fc15c458fba0,H2O,368,nm,absorbance,420.3215260618199
425.302,42.338156000000005,7ab8b416-1f33-4997-becf-fc15c458fba0,H2O,369,nm,absorbance,420.5339398971874
425.515,42.498301,7ab8b416-1f33-4997-becf-fc15c458fba0,H2O,370,nm,absorbance,420.74536114453906
425.729,46.570267,7ab8b416-1f33-4997-becf-fc15c458fba0,H2O,371,nm,absorbance,420.95777497990656
425.943,46.27987,7ab8b416-1f33-4997-becf-fc15c458fba0,H2O,372,nm,absorbance,421.170188815274
426.157,44.512657,7ab8b416-1f33-4997-becf-fc15c458fba0,H2O,373,nm,absorbance,421.3826026506415
426.371,45.044122,7ab8b416-1f33-4997-becf-fc15c458fba0,H2O,374,nm,absorbance,421.59501648600894
426.585,43.869487,7ab8b416-1f33-4997-becf-fc15c458fba0,H2O,375,nm,absorbance,421.8074303213764
426.799,49.211862,7ab8b416-1f33-4997-becf-fc15c458fba0,H2O,376,nm,absorbance,422.0198441567439
427.013,48.401417,7ab8b416-1f33-4997-becf-fc15c458fba0,H2O,377,nm,absorbance,422.23225799211133
427.226,50.367469,7ab8b416-1f33-4997-becf-fc15c458fba0,H2O,378,nm,absorbance,422.4436792394631
427.44,48.652481,7ab8b416-1f33-4997-becf-fc15c458fba0,H2O,379,nm,absorbance,422.65609307483055
427.654,44.230597,7ab8b416-1f33-4997-becf-fc15c458fba0,H2O,380,nm,absorbance,422.86850691019805
427.868,41.82265099999999,7ab8b416-1f33-4997-becf-fc15c458fba0,H2O,381,nm,absorbance,423.0809207455655
428.081,36.42671,7ab8b416-1f33-4997-becf-fc15c458fba0,H2O,382,nm,absorbance,423.2923419929173
428.295,41.846500000000006,7ab8b416-1f33-4997-becf-fc15c458fba0,H2O,383,nm,absorbance,423.5047558282847
428.509,42.671073,7ab8b416-1f33-4997-becf-fc15c458fba0,H2O,384,nm,absorbance,423.7171696636522
428.723,42.163410000000006,7ab8b416-1f33-4997-becf-fc15c458fba0,H2O,385,nm,absorbance,423.92958349901966
428.936,39.811599,7ab8b416-1f33-4997-becf-fc15c458fba0,H2O,386,nm,absorbance,424.1410047463714
429.15,35.398634,7ab8b416-1f33-4997-becf-fc15c458fba0,H2O,387,nm,absorbance,424.3534185817388
429.364,36.622641,7ab8b416-1f33-4997-becf-fc15c458fba0,H2O,388,nm,absorbance,424.56583241710626
429.577,34.56696999999999,7ab8b416-1f33-4997-becf-fc15c458fba0,H2O,389,nm,absorbance,424.77725366445804
429.791,37.945494,7ab8b416-1f33-4997-becf-fc15c458fba0,H2O,390,nm,absorbance,424.9896674998255
430.005,39.943066,7ab8b416-1f33-4997-becf-fc15c458fba0,H2O,391,nm,absorbance,425.202081335193
430.218,41.72730299999999,7ab8b416-1f33-4997-becf-fc15c458fba0,H2O,392,nm,absorbance,425.4135025825447
430.432,42.187696,7ab8b416-1f33-4997-becf-fc15c458fba0,H2O,393,nm,absorbance,425.6259164179122
430.645,35.881476,7ab8b416-1f33-4997-becf-fc15c458fba0,H2O,394,nm,absorbance,425.8373376652639
430.859,32.759125,7ab8b416-1f33-4997-becf-fc15c458fba0,H2O,395,nm,absorbance,426.0497515006314
431.073,31.085999,7ab8b416-1f33-4997-becf-fc15c458fba0,H2O,396,nm,absorbance,426.2621653359988
431.286,39.693078,7ab8b416-1f33-4997-becf-fc15c458fba0,H2O,397,nm,absorbance,426.4735865833506
431.5,43.484613,7ab8b416-1f33-4997-becf-fc15c458fba0,H2O,398,nm,absorbance,426.68600041871804
431.713,45.087884,7ab8b416-1f33-4997-becf-fc15c458fba0,H2O,399,nm,absorbance,426.8974216660698
431.927,42.400186000000005,7ab8b416-1f33-4997-becf-fc15c458fba0,H2O,400,nm,absorbance,427.10983550143726
432.14,39.288681,7ab8b416-1f33-4997-becf-fc15c458fba0,H2O,401,nm,absorbance,427.321256748789
432.354,37.14797,7ab8b416-1f33-4997-becf-fc15c458fba0,H2O,402,nm,absorbance,427.5336705841564
432.567,35.514774,7ab8b416-1f33-4997-becf-fc15c458fba0,H2O,403,nm,absorbance,427.7450918315082
432.781,33.672207,7ab8b416-1f33-4997-becf-fc15c458fba0,H2O,404,nm,absorbance,427.95750566687565
432.994,34.477585000000005,7ab8b416-1f33-4997-becf-fc15c458fba0,H2O,405,nm,absorbance,428.1689269142274
433.207,39.119711,7ab8b416-1f33-4997-becf-fc15c458fba0,H2O,406,nm,absorbance,428.3803481615791
433.421,40.811744,7ab8b416-1f33-4997-becf-fc15c458fba0,H2O,407,nm,absorbance,428.5927619969466
433.634,42.733077,7ab8b416-1f33-4997-becf-fc15c458fba0,H2O,408,nm,absorbance,428.8041832442983
433.848,37.926078,7ab8b416-1f33-4997-becf-fc15c458fba0,H2O,409,nm,absorbance,429.0165970796658
434.061,37.620403,7ab8b416-1f33-4997-becf-fc15c458fba0,H2O,410,nm,absorbance,429.2280183270175
434.274,35.82298,7ab8b416-1f33-4997-becf-fc15c458fba0,H2O,411,nm,absorbance,429.43943957436926
434.488,37.053021,7ab8b416-1f33-4997-becf-fc15c458fba0,H2O,412,nm,absorbance,429.6518534097367
434.701,39.90314500000001,7ab8b416-1f33-4997-becf-fc15c458fba0,H2O,413,nm,absorbance,429.8632746570885
434.914,39.391268,7ab8b416-1f33-4997-becf-fc15c458fba0,H2O,414,nm,absorbance,430.07469590444015
435.127,39.375083,7ab8b416-1f33-4997-becf-fc15c458fba0,H2O,415,nm,absorbance,430.2861171517919
435.341,35.596354,7ab8b416-1f33-4997-becf-fc15c458fba0,H2O,416,nm,absorbance,430.49853098715937
435.554,36.857491,7ab8b416-1f33-4997-becf-fc15c458fba0,H2O,417,nm,absorbance,430.7099522345111
435.767,40.39778,7ab8b416-1f33-4997-becf-fc15c458fba0,H2O,418,nm,absorbance,430.9213734818629
435.98,43.83809699999999,7ab8b416-1f33-4997-becf-fc15c458fba0,H2O,419,nm,absorbance,431.1327947292146
436.194,47.532777,7ab8b416-1f33-4997-becf-fc15c458fba0,H2O,420,nm,absorbance,431.3452085645821
436.407,48.333502,7ab8b416-1f33-4997-becf-fc15c458fba0,H2O,421,nm,absorbance,431.55662981193376
436.62,50.40616299999999,7ab8b416-1f33-4997-becf-fc15c458fba0,H2O,422,nm,absorbance,431.76805105928554
436.833,50.30593999999999,7ab8b416-1f33-4997-becf-fc15c458fba0,H2O,423,nm,absorbance,431.97947230663726
437.046,49.643539,7ab8b416-1f33-4997-becf-fc15c458fba0,H2O,424,nm,absorbance,432.190893553989
437.259,44.541685,7ab8b416-1f33-4997-becf-fc15c458fba0,H2O,425,nm,absorbance,432.4023148013407
437.473,44.279008,7ab8b416-1f33-4997-becf-fc15c458fba0,H2O,426,nm,absorbance,432.6147286367082
437.686,44.81945399999999,7ab8b416-1f33-4997-becf-fc15c458fba0,H2O,427,nm,absorbance,432.8261498840599
437.899,48.73547599999999,7ab8b416-1f33-4997-becf-fc15c458fba0,H2O,428,nm,absorbance,433.03757113141165
438.112,48.637922,7ab8b416-1f33-4997-becf-fc15c458fba0,H2O,429,nm,absorbance,433.2489923787634
438.325,45.30033999999999,7ab8b416-1f33-4997-becf-fc15c458fba0,H2O,430,nm,absorbance,433.4604136261151
438.538,47.41044899999999,7ab8b416-1f33-4997-becf-fc15c458fba0,H2O,431,nm,absorbance,433.6718348734669
438.751,51.419236,7ab8b416-1f33-4997-becf-fc15c458fba0,H2O,432,nm,absorbance,433.88325612081854
438.964,57.032379000000006,7ab8b416-1f33-4997-becf-fc15c458fba0,H2O,433,nm,absorbance,434.0946773681703
439.177,53.846301,7ab8b416-1f33-4997-becf-fc15c458fba0,H2O,434,nm,absorbance,434.30609861552205
439.39,53.11454299999999,7ab8b416-1f33-4997-becf-fc15c458fba0,H2O,435,nm,absorbance,434.51751986287377
439.603,53.602253,7ab8b416-1f33-4997-becf-fc15c458fba0,H2O,436,nm,absorbance,434.7289411102255
439.816,55.430732,7ab8b416-1f33-4997-becf-fc15c458fba0,H2O,437,nm,absorbance,434.9403623575772
440.029,55.859211,7ab8b416-1f33-4997-becf-fc15c458fba0,H2O,438,nm,absorbance,435.151783604929
440.242,53.782766,7ab8b416-1f33-4997-becf-fc15c458fba0,H2O,439,nm,absorbance,435.3632048522807
440.455,59.391089,7ab8b416-1f33-4997-becf-fc15c458fba0,H2O,440,nm,absorbance,435.57462609963244
440.668,58.577859,7ab8b416-1f33-4997-becf-fc15c458fba0,H2O,441,nm,absorbance,435.78604734698416
440.881,59.718026,7ab8b416-1f33-4997-becf-fc15c458fba0,H2O,442,nm,absorbance,435.9974685943359
441.094,59.142118,7ab8b416-1f33-4997-becf-fc15c458fba0,H2O,443,nm,absorbance,436.2088898416876
441.306,64.61843400000001,7ab8b416-1f33-4997-becf-fc15c458fba0,H2O,444,nm,absorbance,436.4193185010236
441.519,69.89253199999999,7ab8b416-1f33-4997-becf-fc15c458fba0,H2O,445,nm,absorbance,436.6307397483754
441.732,68.37889000000001,7ab8b416-1f33-4997-becf-fc15c458fba0,H2O,446,nm,absorbance,436.8421609957271
441.945,65.651806,7ab8b416-1f33-4997-becf-fc15c458fba0,H2O,447,nm,absorbance,437.05358224307884
442.158,60.199014,7ab8b416-1f33-4997-becf-fc15c458fba0,H2O,448,nm,absorbance,437.26500349043056
442.37,63.67542699999999,7ab8b416-1f33-4997-becf-fc15c458fba0,H2O,449,nm,absorbance,437.47543214976656
442.583,67.68300300000001,7ab8b416-1f33-4997-becf-fc15c458fba0,H2O,450,nm,absorbance,437.68685339711834
442.796,68.32989400000001,7ab8b416-1f33-4997-becf-fc15c458fba0,H2O,451,nm,absorbance,437.89827464447
443.009,62.268952,7ab8b416-1f33-4997-becf-fc15c458fba0,H2O,452,nm,absorbance,438.1096958918218
443.222,56.97938800000001,7ab8b416-1f33-4997-becf-fc15c458fba0,H2O,453,nm,absorbance,438.32111713917345
443.434,59.328769,7ab8b416-1f33-4997-becf-fc15c458fba0,H2O,454,nm,absorbance,438.5315457985095
443.647,58.833635,7ab8b416-1f33-4997-becf-fc15c458fba0,H2O,455,nm,absorbance,438.74296704586123
443.86,58.82256500000001,7ab8b416-1f33-4997-becf-fc15c458fba0,H2O,456,nm,absorbance,438.95438829321296
444.072,56.910678,7ab8b416-1f33-4997-becf-fc15c458fba0,H2O,457,nm,absorbance,439.16481695254896
444.285,56.713916000000005,7ab8b416-1f33-4997-becf-fc15c458fba0,H2O,458,nm,absorbance,439.3762381999007
444.498,55.68861199999999,7ab8b416-1f33-4997-becf-fc15c458fba0,H2O,459,nm,absorbance,439.5876594472524
444.71,54.397994,7ab8b416-1f33-4997-becf-fc15c458fba0,H2O,460,nm,absorbance,439.7980881065884
444.923,54.547563,7ab8b416-1f33-4997-becf-fc15c458fba0,H2O,461,nm,absorbance,440.00950935394013
445.136,49.10667600000001,7ab8b416-1f33-4997-becf-fc15c458fba0,H2O,462,nm,absorbance,440.2209306012919
445.348,51.24979599999999,7ab8b416-1f33-4997-becf-fc15c458fba0,H2O,463,nm,absorbance,440.43135926062786
445.561,53.862988,7ab8b416-1f33-4997-becf-fc15c458fba0,H2O,464,nm,absorbance,440.6427805079796
445.773,57.18387800000001,7ab8b416-1f33-4997-becf-fc15c458fba0,H2O,465,nm,absorbance,440.85320916731564
445.986,57.61337900000001,7ab8b416-1f33-4997-becf-fc15c458fba0,H2O,466,nm,absorbance,441.0646304146673
446.198,57.72490799999999,7ab8b416-1f33-4997-becf-fc15c458fba0,H2O,467,nm,absorbance,441.2750590740033
446.411,60.538696,7ab8b416-1f33-4997-becf-fc15c458fba0,H2O,468,nm,absorbance,441.4864803213551
446.623,56.622313,7ab8b416-1f33-4997-becf-fc15c458fba0,H2O,469,nm,absorbance,441.69690898069103
446.836,55.956678,7ab8b416-1f33-4997-becf-fc15c458fba0,H2O,470,nm,absorbance,441.9083302280428
447.048,49.67345400000001,7ab8b416-1f33-4997-becf-fc15c458fba0,H2O,471,nm,absorbance,442.11875888737876
447.261,47.579081,7ab8b416-1f33-4997-becf-fc15c458fba0,H2O,472,nm,absorbance,442.33018013473054
447.473,43.413909,7ab8b416-1f33-4997-becf-fc15c458fba0,H2O,473,nm,absorbance,442.54060879406654
447.686,46.045667,7ab8b416-1f33-4997-becf-fc15c458fba0,H2O,474,nm,absorbance,442.7520300414182
447.898,46.56521299999999,7ab8b416-1f33-4997-becf-fc15c458fba0,H2O,475,nm,absorbance,442.96245870075427
448.11,60.14370499999999,7ab8b416-1f33-4997-becf-fc15c458fba0,H2O,476,nm,absorbance,443.1728873600903
448.323,60.032236,7ab8b416-1f33-4997-becf-fc15c458fba0,H2O,477,nm,absorbance,443.38430860744194
448.535,55.433836,7ab8b416-1f33-4997-becf-fc15c458fba0,H2O,478,nm,absorbance,443.594737266778
448.748,42.240261,7ab8b416-1f33-4997-becf-fc15c458fba0,H2O,479,nm,absorbance,443.8061585141297
448.96,38.376251,7ab8b416-1f33-4997-becf-fc15c458fba0,H2O,480,nm,absorbance,444.01658717346567
449.172,41.719502,7ab8b416-1f33-4997-becf-fc15c458fba0,H2O,481,nm,absorbance,444.2270158328017
449.385,42.956255000000006,7ab8b416-1f33-4997-becf-fc15c458fba0,H2O,482,nm,absorbance,444.4384370801534
449.597,43.525954,7ab8b416-1f33-4997-becf-fc15c458fba0,H2O,483,nm,absorbance,444.6488657394894
449.809,43.899301,7ab8b416-1f33-4997-becf-fc15c458fba0,H2O,484,nm,absorbance,444.85929439882545
450.021,43.123916,7ab8b416-1f33-4997-becf-fc15c458fba0,H2O,485,nm,absorbance,445.06972305816146
450.234,46.950474,7ab8b416-1f33-4997-becf-fc15c458fba0,H2O,486,nm,absorbance,445.2811443055131
450.446,47.137118,7ab8b416-1f33-4997-becf-fc15c458fba0,H2O,487,nm,absorbance,445.4915729648492
450.658,52.0791,7ab8b416-1f33-4997-becf-fc15c458fba0,H2O,488,nm,absorbance,445.7020016241852
450.87,52.870166000000005,7ab8b416-1f33-4997-becf-fc15c458fba0,H2O,489,nm,absorbance,445.91243028352113
451.083,54.481066,7ab8b416-1f33-4997-becf-fc15c458fba0,H2O,490,nm,absorbance,446.1238515308729
451.295,53.67335799999999,7ab8b416-1f33-4997-becf-fc15c458fba0,H2O,491,nm,absorbance,446.33428019020886
451.507,53.500278,7ab8b416-1f33-4997-becf-fc15c458fba0,H2O,492,nm,absorbance,446.54470884954486
451.719,57.911658,7ab8b416-1f33-4997-becf-fc15c458fba0,H2O,493,nm,absorbance,446.75513750888086
451.931,57.56933,7ab8b416-1f33-4997-becf-fc15c458fba0,H2O,494,nm,absorbance,446.96556616821687
452.143,64.084902,7ab8b416-1f33-4997-becf-fc15c458fba0,H2O,495,nm,absorbance,447.1759948275528
452.356,63.568714,7ab8b416-1f33-4997-becf-fc15c458fba0,H2O,496,nm,absorbance,447.3874160749046
452.568,70.19526499999999,7ab8b416-1f33-4997-becf-fc15c458fba0,H2O,497,nm,absorbance,447.5978447342406
452.78,67.72533000000001,7ab8b416-1f33-4997-becf-fc15c458fba0,H2O,498,nm,absorbance,447.80827339357654
452.992,70.401138,7ab8b416-1f33-4997-becf-fc15c458fba0,H2O,499,nm,absorbance,448.0187020529126
453.204,64.31362,7ab8b416-1f33-4997-becf-fc15c458fba0,H2O,500,nm,absorbance,448.2291307122486
453.416,63.489781,7ab8b416-1f33-4997-becf-fc15c458fba0,H2O,501,nm,absorbance,448.43955937158455
453.628,65.727499,7ab8b416-1f33-4997-becf-fc15c458fba0,H2O,502,nm,absorbance,448.64998803092055
453.84,70.299849,7ab8b416-1f33-4997-becf-fc15c458fba0,H2O,503,nm,absorbance,448.86041669025656
454.052,77.15506,7ab8b416-1f33-4997-becf-fc15c458fba0,H2O,504,nm,absorbance,449.07084534959256
454.264,77.61724000000001,7ab8b416-1f33-4997-becf-fc15c458fba0,H2O,505,nm,absorbance,449.28127400892856
454.476,79.649955,7ab8b416-1f33-4997-becf-fc15c458fba0,H2O,506,nm,absorbance,449.49170266826457
454.688,77.96712900000001,7ab8b416-1f33-4997-becf-fc15c458fba0,H2O,507,nm,absorbance,449.7021313276005
454.9,78.16345700000001,7ab8b416-1f33-4997-becf-fc15c458fba0,H2O,508,nm,absorbance,449.9125599869365
455.112,71.797557,7ab8b416-1f33-4997-becf-fc15c458fba0,H2O,509,nm,absorbance,450.1229886462726
455.324,71.52386,7ab8b416-1f33-4997-becf-fc15c458fba0,H2O,510,nm,absorbance,450.3334173056086
455.536,72.308831,7ab8b416-1f33-4997-becf-fc15c458fba0,H2O,511,nm,absorbance,450.5438459649445
455.747,76.19589999999998,7ab8b416-1f33-4997-becf-fc15c458fba0,H2O,512,nm,absorbance,450.7532820362648
455.959,77.79537,7ab8b416-1f33-4997-becf-fc15c458fba0,H2O,513,nm,absorbance,450.9637106956008
456.171,77.34955299999999,7ab8b416-1f33-4997-becf-fc15c458fba0,H2O,514,nm,absorbance,451.17413935493676
456.383,77.641898,7ab8b416-1f33-4997-becf-fc15c458fba0,H2O,515,nm,absorbance,451.38456801427276
456.595,75.93957099999999,7ab8b416-1f33-4997-becf-fc15c458fba0,H2O,516,nm,absorbance,451.5949966736088
456.807,75.665625,7ab8b416-1f33-4997-becf-fc15c458fba0,H2O,517,nm,absorbance,451.8054253329448
457.018,75.993091,7ab8b416-1f33-4997-becf-fc15c458fba0,H2O,518,nm,absorbance,452.014861404265
457.23,73.16960100000001,7ab8b416-1f33-4997-becf-fc15c458fba0,H2O,519,nm,absorbance,452.22529006360105
457.442,72.713246,7ab8b416-1f33-4997-becf-fc15c458fba0,H2O,520,nm,absorbance,452.43571872293705
457.654,71.855411,7ab8b416-1f33-4997-becf-fc15c458fba0,H2O,521,nm,absorbance,452.64614738227306
457.865,70.440324,7ab8b416-1f33-4997-becf-fc15c458fba0,H2O,522,nm,absorbance,452.8555834535933
458.077,69.294411,7ab8b416-1f33-4997-becf-fc15c458fba0,H2O,523,nm,absorbance,453.0660121129293
458.289,69.72717800000001,7ab8b416-1f33-4997-becf-fc15c458fba0,H2O,524,nm,absorbance,453.2764407722653
458.501,75.92934799999999,7ab8b416-1f33-4997-becf-fc15c458fba0,H2O,525,nm,absorbance,453.48686943160124
458.712,80.552847,7ab8b416-1f33-4997-becf-fc15c458fba0,H2O,526,nm,absorbance,453.6963055029215
458.924,81.52196999999998,7ab8b416-1f33-4997-becf-fc15c458fba0,H2O,527,nm,absorbance,453.9067341622575
459.136,74.887506,7ab8b416-1f33-4997-becf-fc15c458fba0,H2O,528,nm,absorbance,454.1171628215936
459.347,65.329343,7ab8b416-1f33-4997-becf-fc15c458fba0,H2O,529,nm,absorbance,454.32659889291375
459.559,64.121053,7ab8b416-1f33-4997-becf-fc15c458fba0,H2O,530,nm,absorbance,454.5370275522498
459.77,61.276283,7ab8b416-1f33-4997-becf-fc15c458fba0,H2O,531,nm,absorbance,454.74646362357004
459.982,63.40668999999999,7ab8b416-1f33-4997-becf-fc15c458fba0,H2O,532,nm,absorbance,454.9568922829061
460.194,57.755346,7ab8b416-1f33-4997-becf-fc15c458fba0,H2O,533,nm,absorbance,455.16732094224204
460.405,60.142500000000005,7ab8b416-1f33-4997-becf-fc15c458fba0,H2O,534,nm,absorbance,455.37675701356227
460.617,59.06172099999999,7ab8b416-1f33-4997-becf-fc15c458fba0,H2O,535,nm,absorbance,455.58718567289833
460.828,60.519932,7ab8b416-1f33-4997-becf-fc15c458fba0,H2O,536,nm,absorbance,455.79662174421856
461.04,57.603034,7ab8b416-1f33-4997-becf-fc15c458fba0,H2O,537,nm,absorbance,456.00705040355456
461.251,59.746895,7ab8b416-1f33-4997-becf-fc15c458fba0,H2O,538,nm,absorbance,456.2164864748748
461.463,58.667102,7ab8b416-1f33-4997-becf-fc15c458fba0,H2O,539,nm,absorbance,456.42691513421084
461.674,56.599787000000006,7ab8b416-1f33-4997-becf-fc15c458fba0,H2O,540,nm,absorbance,456.63635120553107
461.886,47.114301,7ab8b416-1f33-4997-becf-fc15c458fba0,H2O,541,nm,absorbance,456.84677986486713
462.097,45.598794000000005,7ab8b416-1f33-4997-becf-fc15c458fba0,H2O,542,nm,absorbance,457.0562159361873
462.309,49.176643000000006,7ab8b416-1f33-4997-becf-fc15c458fba0,H2O,543,nm,absorbance,457.26664459552336
462.52,56.322528,7ab8b416-1f33-4997-becf-fc15c458fba0,H2O,544,nm,absorbance,457.4760806668436
462.731,56.23022999999999,7ab8b416-1f33-4997-becf-fc15c458fba0,H2O,545,nm,absorbance,457.68551673816387
462.943,53.466604,7ab8b416-1f33-4997-becf-fc15c458fba0,H2O,546,nm,absorbance,457.8959453974998
463.154,48.013423,7ab8b416-1f33-4997-becf-fc15c458fba0,H2O,547,nm,absorbance,458.1053814688201
463.366,50.24269700000001,7ab8b416-1f33-4997-becf-fc15c458fba0,H2O,548,nm,absorbance,458.3158101281561
463.577,45.580963,7ab8b416-1f33-4997-becf-fc15c458fba0,H2O,549,nm,absorbance,458.5252461994764
463.788,51.942051000000006,7ab8b416-1f33-4997-becf-fc15c458fba0,H2O,550,nm,absorbance,458.73468227079667
464.0,47.587118,7ab8b416-1f33-4997-becf-fc15c458fba0,H2O,551,nm,absorbance,458.9451109301326
464.211,52.295425,7ab8b416-1f33-4997-becf-fc15c458fba0,H2O,552,nm,absorbance,459.1545470014529
464.422,49.836995,7ab8b416-1f33-4997-becf-fc15c458fba0,H2O,553,nm,absorbance,459.3639830727732
464.634,53.347247,7ab8b416-1f33-4997-becf-fc15c458fba0,H2O,554,nm,absorbance,459.5744117321092
464.845,53.592856,7ab8b416-1f33-4997-becf-fc15c458fba0,H2O,555,nm,absorbance,459.7838478034294
465.056,54.546679,7ab8b416-1f33-4997-becf-fc15c458fba0,H2O,556,nm,absorbance,459.99328387474964
465.267,52.853078,7ab8b416-1f33-4997-becf-fc15c458fba0,H2O,557,nm,absorbance,460.2027199460699
465.478,56.270848,7ab8b416-1f33-4997-becf-fc15c458fba0,H2O,558,nm,absorbance,460.4121560173902
465.69,54.118656,7ab8b416-1f33-4997-becf-fc15c458fba0,H2O,559,nm,absorbance,460.6225846767262
465.901,53.84663499999999,7ab8b416-1f33-4997-becf-fc15c458fba0,H2O,560,nm,absorbance,460.83202074804643
466.112,51.732979,7ab8b416-1f33-4997-becf-fc15c458fba0,H2O,561,nm,absorbance,461.0414568193667
466.323,50.392928,7ab8b416-1f33-4997-becf-fc15c458fba0,H2O,562,nm,absorbance,461.25089289068694
466.534,53.274699,7ab8b416-1f33-4997-becf-fc15c458fba0,H2O,563,nm,absorbance,461.4603289620072
466.745,53.20044,7ab8b416-1f33-4997-becf-fc15c458fba0,H2O,564,nm,absorbance,461.6697650333275
466.957,51.401254,7ab8b416-1f33-4997-becf-fc15c458fba0,H2O,565,nm,absorbance,461.8801936926635
467.168,49.041738,7ab8b416-1f33-4997-becf-fc15c458fba0,H2O,566,nm,absorbance,462.08962976398374
467.379,50.168663,7ab8b416-1f33-4997-becf-fc15c458fba0,H2O,567,nm,absorbance,462.299065835304
467.59,54.43652999999999,7ab8b416-1f33-4997-becf-fc15c458fba0,H2O,568,nm,absorbance,462.50850190662425
467.801,55.753838,7ab8b416-1f33-4997-becf-fc15c458fba0,H2O,569,nm,absorbance,462.71793797794453
468.012,52.57525199999999,7ab8b416-1f33-4997-becf-fc15c458fba0,H2O,570,nm,absorbance,462.9273740492648
468.223,49.752954,7ab8b416-1f33-4997-becf-fc15c458fba0,H2O,571,nm,absorbance,463.13681012058504
468.434,44.987775,7ab8b416-1f33-4997-becf-fc15c458fba0,H2O,572,nm,absorbance,463.3462461919053
468.645,44.737103000000005,7ab8b416-1f33-4997-becf-fc15c458fba0,H2O,573,nm,absorbance,463.55568226322555
468.856,47.447555,7ab8b416-1f33-4997-becf-fc15c458fba0,H2O,574,nm,absorbance,463.76511833454583
469.067,49.564407,7ab8b416-1f33-4997-becf-fc15c458fba0,H2O,575,nm,absorbance,463.9745544058661
469.278,51.743629,7ab8b416-1f33-4997-becf-fc15c458fba0,H2O,576,nm,absorbance,464.1839904771864
469.489,48.060996,7ab8b416-1f33-4997-becf-fc15c458fba0,H2O,577,nm,absorbance,464.39342654850657
469.7,46.739749,7ab8b416-1f33-4997-becf-fc15c458fba0,H2O,578,nm,absorbance,464.60286261982685
469.911,45.553390000000014,7ab8b416-1f33-4997-becf-fc15c458fba0,H2O,579,nm,absorbance,464.81229869114713
470.122,51.048509,7ab8b416-1f33-4997-becf-fc15c458fba0,H2O,580,nm,absorbance,465.0217347624674
470.333,60.550506,7ab8b416-1f33-4997-becf-fc15c458fba0,H2O,581,nm,absorbance,465.2311708337877
470.543,58.532106,7ab8b416-1f33-4997-becf-fc15c458fba0,H2O,582,nm,absorbance,465.4396143170922
470.754,59.768392000000006,7ab8b416-1f33-4997-becf-fc15c458fba0,H2O,583,nm,absorbance,465.6490503884125
470.965,53.119249,7ab8b416-1f33-4997-becf-fc15c458fba0,H2O,584,nm,absorbance,465.85848645973266
471.176,57.64029000000001,7ab8b416-1f33-4997-becf-fc15c458fba0,H2O,585,nm,absorbance,466.06792253105294
471.387,54.81963599999999,7ab8b416-1f33-4997-becf-fc15c458fba0,H2O,586,nm,absorbance,466.2773586023732
471.598,59.060111000000006,7ab8b416-1f33-4997-becf-fc15c458fba0,H2O,587,nm,absorbance,466.4867946736935
471.808,64.638215,7ab8b416-1f33-4997-becf-fc15c458fba0,H2O,588,nm,absorbance,466.695238156998
472.019,64.364248,7ab8b416-1f33-4997-becf-fc15c458fba0,H2O,589,nm,absorbance,466.9046742283183
472.23,63.016195,7ab8b416-1f33-4997-becf-fc15c458fba0,H2O,590,nm,absorbance,467.1141102996386
472.441,60.384983,7ab8b416-1f33-4997-becf-fc15c458fba0,H2O,591,nm,absorbance,467.32354637095875
472.651,61.62925400000002,7ab8b416-1f33-4997-becf-fc15c458fba0,H2O,592,nm,absorbance,467.5319898542633
472.862,63.882954000000005,7ab8b416-1f33-4997-becf-fc15c458fba0,H2O,593,nm,absorbance,467.7414259255836
473.073,62.89805600000001,7ab8b416-1f33-4997-becf-fc15c458fba0,H2O,594,nm,absorbance,467.9508619969038
473.283,63.77700500000001,7ab8b416-1f33-4997-becf-fc15c458fba0,H2O,595,nm,absorbance,468.1593054802084
473.494,59.30375,7ab8b416-1f33-4997-becf-fc15c458fba0,H2O,596,nm,absorbance,468.3687415515287
473.705,60.08685799999999,7ab8b416-1f33-4997-becf-fc15c458fba0,H2O,597,nm,absorbance,468.5781776228489
473.915,58.81689,7ab8b416-1f33-4997-becf-fc15c458fba0,H2O,598,nm,absorbance,468.78662110615346
474.126,59.013305,7ab8b416-1f33-4997-becf-fc15c458fba0,H2O,599,nm,absorbance,468.99605717747363
474.337,59.030056,7ab8b416-1f33-4997-becf-fc15c458fba0,H2O,600,nm,absorbance,469.2054932487939
474.547,57.50660200000001,7ab8b416-1f33-4997-becf-fc15c458fba0,H2O,601,nm,absorbance,469.4139367320985
474.758,62.012562,7ab8b416-1f33-4997-becf-fc15c458fba0,H2O,602,nm,absorbance,469.6233728034187
474.968,61.912403,7ab8b416-1f33-4997-becf-fc15c458fba0,H2O,603,nm,absorbance,469.83181628672327
475.179,65.12246999999999,7ab8b416-1f33-4997-becf-fc15c458fba0,H2O,604,nm,absorbance,470.0412523580435
475.389,69.425579,7ab8b416-1f33-4997-becf-fc15c458fba0,H2O,605,nm,absorbance,470.24969584134806
475.6,65.193519,7ab8b416-1f33-4997-becf-fc15c458fba0,H2O,606,nm,absorbance,470.45913191266834
475.81,69.296263,7ab8b416-1f33-4997-becf-fc15c458fba0,H2O,607,nm,absorbance,470.66757539597285
476.021,67.98111800000001,7ab8b416-1f33-4997-becf-fc15c458fba0,H2O,608,nm,absorbance,470.8770114672931
476.231,73.50449699999999,7ab8b416-1f33-4997-becf-fc15c458fba0,H2O,609,nm,absorbance,471.0854549505976
476.442,67.84916899999999,7ab8b416-1f33-4997-becf-fc15c458fba0,H2O,610,nm,absorbance,471.29489102191786
476.652,63.697391,7ab8b416-1f33-4997-becf-fc15c458fba0,H2O,611,nm,absorbance,471.50333450522237
476.863,61.677837,7ab8b416-1f33-4997-becf-fc15c458fba0,H2O,612,nm,absorbance,471.71277057654265
477.073,62.311126000000016,7ab8b416-1f33-4997-becf-fc15c458fba0,H2O,613,nm,absorbance,471.92121405984716
477.284,63.49861299999999,7ab8b416-1f33-4997-becf-fc15c458fba0,H2O,614,nm,absorbance,472.13065013116744
477.494,67.00060800000001,7ab8b416-1f33-4997-becf-fc15c458fba0,H2O,615,nm,absorbance,472.339093614472
477.704,67.165022,7ab8b416-1f33-4997-becf-fc15c458fba0,H2O,616,nm,absorbance,472.5475370977765
477.915,64.22605000000001,7ab8b416-1f33-4997-becf-fc15c458fba0,H2O,617,nm,absorbance,472.7569731690968
478.125,65.59715600000001,7ab8b416-1f33-4997-becf-fc15c458fba0,H2O,618,nm,absorbance,472.9654166524013
478.335,65.311623,7ab8b416-1f33-4997-becf-fc15c458fba0,H2O,619,nm,absorbance,473.17386013570575
478.546,68.97361599999999,7ab8b416-1f33-4997-becf-fc15c458fba0,H2O,620,nm,absorbance,473.38329620702604
478.756,61.897704,7ab8b416-1f33-4997-becf-fc15c458fba0,H2O,621,nm,absorbance,473.59173969033054
478.966,64.83887200000001,7ab8b416-1f33-4997-becf-fc15c458fba0,H2O,622,nm,absorbance,473.8001831736351
479.177,65.401873,7ab8b416-1f33-4997-becf-fc15c458fba0,H2O,623,nm,absorbance,474.0096192449554
479.387,69.72499300000001,7ab8b416-1f33-4997-becf-fc15c458fba0,H2O,624,nm,absorbance,474.2180627282599
479.597,72.319344,7ab8b416-1f33-4997-becf-fc15c458fba0,H2O,625,nm,absorbance,474.4265062115644
479.807,73.830862,7ab8b416-1f33-4997-becf-fc15c458fba0,H2O,626,nm,absorbance,474.63494969486896
480.018,70.78806,7ab8b416-1f33-4997-becf-fc15c458fba0,H2O,627,nm,absorbance,474.8443857661892
480.228,68.91924800000001,7ab8b416-1f33-4997-becf-fc15c458fba0,H2O,628,nm,absorbance,475.05282924949375
480.438,67.957511,7ab8b416-1f33-4997-becf-fc15c458fba0,H2O,629,nm,absorbance,475.26127273279826
480.648,73.47759400000001,7ab8b416-1f33-4997-becf-fc15c458fba0,H2O,630,nm,absorbance,475.4697162161028
480.858,75.578813,7ab8b416-1f33-4997-becf-fc15c458fba0,H2O,631,nm,absorbance,475.67815969940733
481.068,73.83513500000001,7ab8b416-1f33-4997-becf-fc15c458fba0,H2O,632,nm,absorbance,475.88660318271184
481.279,75.585817,7ab8b416-1f33-4997-becf-fc15c458fba0,H2O,633,nm,absorbance,476.09603925403206
481.489,80.846844,7ab8b416-1f33-4997-becf-fc15c458fba0,H2O,634,nm,absorbance,476.30448273733657
481.699,83.20108300000001,7ab8b416-1f33-4997-becf-fc15c458fba0,H2O,635,nm,absorbance,476.51292622064113
481.909,88.084995,7ab8b416-1f33-4997-becf-fc15c458fba0,H2O,636,nm,absorbance,476.72136970394564
482.119,89.82171400000001,7ab8b416-1f33-4997-becf-fc15c458fba0,H2O,637,nm,absorbance,476.9298131872502
482.329,99.632761,7ab8b416-1f33-4997-becf-fc15c458fba0,H2O,638,nm,absorbance,477.1382566705547
482.539,106.069864,7ab8b416-1f33-4997-becf-fc15c458fba0,H2O,639,nm,absorbance,477.3467001538592
482.749,108.824845,7ab8b416-1f33-4997-becf-fc15c458fba0,H2O,640,nm,absorbance,477.5551436371638
482.959,117.069955,7ab8b416-1f33-4997-becf-fc15c458fba0,H2O,641,nm,absorbance,477.7635871204683
483.169,123.84638899999996,7ab8b416-1f33-4997-becf-fc15c458fba0,H2O,642,nm,absorbance,477.9720306037728
483.379,135.611918,7ab8b416-1f33-4997-becf-fc15c458fba0,H2O,643,nm,absorbance,478.18047408707736
483.589,139.862061,7ab8b416-1f33-4997-becf-fc15c458fba0,H2O,644,nm,absorbance,478.38891757038186
483.799,147.800543,7ab8b416-1f33-4997-becf-fc15c458fba0,H2O,645,nm,absorbance,478.59736105368637
484.009,156.685983,7ab8b416-1f33-4997-becf-fc15c458fba0,H2O,646,nm,absorbance,478.80580453699093
484.219,166.81940299999997,7ab8b416-1f33-4997-becf-fc15c458fba0,H2O,647,nm,absorbance,479.01424802029544
484.429,172.98709200000002,7ab8b416-1f33-4997-becf-fc15c458fba0,H2O,648,nm,absorbance,479.22269150359995
484.639,178.72093,7ab8b416-1f33-4997-becf-fc15c458fba0,H2O,649,nm,absorbance,479.4311349869045
484.849,181.514005,7ab8b416-1f33-4997-becf-fc15c458fba0,H2O,650,nm,absorbance,479.639578470209
485.059,180.663575,7ab8b416-1f33-4997-becf-fc15c458fba0,H2O,651,nm,absorbance,479.8480219535136
485.268,180.22566,7ab8b416-1f33-4997-becf-fc15c458fba0,H2O,652,nm,absorbance,480.0554728488023
485.478,178.753799,7ab8b416-1f33-4997-becf-fc15c458fba0,H2O,653,nm,absorbance,480.2639163321069
485.688,185.375933,7ab8b416-1f33-4997-becf-fc15c458fba0,H2O,654,nm,absorbance,480.4723598154114
485.898,190.088012,7ab8b416-1f33-4997-becf-fc15c458fba0,H2O,655,nm,absorbance,480.68080329871594
486.108,200.55282700000004,7ab8b416-1f33-4997-becf-fc15c458fba0,H2O,656,nm,absorbance,480.88924678202045
486.317,212.712017,7ab8b416-1f33-4997-becf-fc15c458fba0,H2O,657,nm,absorbance,481.09669767730924
486.527,227.383024,7ab8b416-1f33-4997-becf-fc15c458fba0,H2O,658,nm,absorbance,481.30514116061374
486.737,244.630957,7ab8b416-1f33-4997-becf-fc15c458fba0,H2O,659,nm,absorbance,481.5135846439183
486.947,252.329967,7ab8b416-1f33-4997-becf-fc15c458fba0,H2O,660,nm,absorbance,481.7220281272228
487.156,263.614524,7ab8b416-1f33-4997-becf-fc15c458fba0,H2O,661,nm,absorbance,481.9294790225116
487.366,263.18941600000005,7ab8b416-1f33-4997-becf-fc15c458fba0,H2O,662,nm,absorbance,482.1379225058161
487.576,275.73284,7ab8b416-1f33-4997-becf-fc15c458fba0,H2O,663,nm,absorbance,482.34636598912067
487.785,279.40748700000006,7ab8b416-1f33-4997-becf-fc15c458fba0,H2O,664,nm,absorbance,482.55381688440946
487.995,288.66803600000003,7ab8b416-1f33-4997-becf-fc15c458fba0,H2O,665,nm,absorbance,482.76226036771396
488.205,288.42115099999995,7ab8b416-1f33-4997-becf-fc15c458fba0,H2O,666,nm,absorbance,482.97070385101847
488.414,290.812482,7ab8b416-1f33-4997-becf-fc15c458fba0,H2O,667,nm,absorbance,483.17815474630726
488.624,299.048815,7ab8b416-1f33-4997-becf-fc15c458fba0,H2O,668,nm,absorbance,483.3865982296118
488.834,300.25777099999993,7ab8b416-1f33-4997-becf-fc15c458fba0,H2O,669,nm,absorbance,483.5950417129163
489.043,301.994439,7ab8b416-1f33-4997-becf-fc15c458fba0,H2O,670,nm,absorbance,483.8024926082051
489.253,300.842215,7ab8b416-1f33-4997-becf-fc15c458fba0,H2O,671,nm,absorbance,484.0109360915096
489.462,305.680638,7ab8b416-1f33-4997-becf-fc15c458fba0,H2O,672,nm,absorbance,484.2183869867984
489.672,306.236761,7ab8b416-1f33-4997-becf-fc15c458fba0,H2O,673,nm,absorbance,484.42683047010297
489.882,303.71740199999994,7ab8b416-1f33-4997-becf-fc15c458fba0,H2O,674,nm,absorbance,484.6352739534075
490.091,303.207285,7ab8b416-1f33-4997-becf-fc15c458fba0,H2O,675,nm,absorbance,484.84272484869626
490.301,305.57039,7ab8b416-1f33-4997-becf-fc15c458fba0,H2O,676,nm,absorbance,485.05116833200077
490.51,307.563539,7ab8b416-1f33-4997-becf-fc15c458fba0,H2O,677,nm,absorbance,485.25861922728956
490.72,305.902333,7ab8b416-1f33-4997-becf-fc15c458fba0,H2O,678,nm,absorbance,485.4670627105941
490.929,303.352595,7ab8b416-1f33-4997-becf-fc15c458fba0,H2O,679,nm,absorbance,485.67451360588285
491.138,299.71759600000007,7ab8b416-1f33-4997-becf-fc15c458fba0,H2O,680,nm,absorbance,485.88196450117164
491.348,297.71187999999995,7ab8b416-1f33-4997-becf-fc15c458fba0,H2O,681,nm,absorbance,486.0904079844762
491.557,290.98439599999995,7ab8b416-1f33-4997-becf-fc15c458fba0,H2O,682,nm,absorbance,486.297858879765
491.767,285.682773,7ab8b416-1f33-4997-becf-fc15c458fba0,H2O,683,nm,absorbance,486.5063023630695
491.976,275.832813,7ab8b416-1f33-4997-becf-fc15c458fba0,H2O,684,nm,absorbance,486.7137532583583
492.185,264.9327569999999,7ab8b416-1f33-4997-becf-fc15c458fba0,H2O,685,nm,absorbance,486.92120415364707
492.395,260.18901300000005,7ab8b416-1f33-4997-becf-fc15c458fba0,H2O,686,nm,absorbance,487.1296476369516
492.604,260.816815,7ab8b416-1f33-4997-becf-fc15c458fba0,H2O,687,nm,absorbance,487.33709853224036
492.813,262.076346,7ab8b416-1f33-4997-becf-fc15c458fba0,H2O,688,nm,absorbance,487.5445494275292
493.023,254.41420700000003,7ab8b416-1f33-4997-becf-fc15c458fba0,H2O,689,nm,absorbance,487.75299291083377
493.232,245.906094,7ab8b416-1f33-4997-becf-fc15c458fba0,H2O,690,nm,absorbance,487.96044380612256
493.441,240.104897,7ab8b416-1f33-4997-becf-fc15c458fba0,H2O,691,nm,absorbance,488.1678947014113
493.651,235.532775,7ab8b416-1f33-4997-becf-fc15c458fba0,H2O,692,nm,absorbance,488.37633818471585
493.86,231.288702,7ab8b416-1f33-4997-becf-fc15c458fba0,H2O,693,nm,absorbance,488.58378908000464
494.069,230.50507,7ab8b416-1f33-4997-becf-fc15c458fba0,H2O,694,nm,absorbance,488.7912399752934
494.278,229.936978,7ab8b416-1f33-4997-becf-fc15c458fba0,H2O,695,nm,absorbance,488.9986908705822
494.488,224.56111,7ab8b416-1f33-4997-becf-fc15c458fba0,H2O,696,nm,absorbance,489.2071343538867
494.697,214.547655,7ab8b416-1f33-4997-becf-fc15c458fba0,H2O,697,nm,absorbance,489.4145852491755
494.906,205.759025,7ab8b416-1f33-4997-becf-fc15c458fba0,H2O,698,nm,absorbance,489.6220361444643
495.115,196.712546,7ab8b416-1f33-4997-becf-fc15c458fba0,H2O,699,nm,absorbance,489.8294870397531
495.324,194.722854,7ab8b416-1f33-4997-becf-fc15c458fba0,H2O,700,nm,absorbance,490.03693793504186
495.533,186.48318,7ab8b416-1f33-4997-becf-fc15c458fba0,H2O,701,nm,absorbance,490.24438883033065
495.743,185.796703,7ab8b416-1f33-4997-becf-fc15c458fba0,H2O,702,nm,absorbance,490.45283231363516
495.952,180.321943,7ab8b416-1f33-4997-becf-fc15c458fba0,H2O,703,nm,absorbance,490.660283208924
496.161,176.650356,7ab8b416-1f33-4997-becf-fc15c458fba0,H2O,704,nm,absorbance,490.8677341042128
496.37,168.38812199999998,7ab8b416-1f33-4997-becf-fc15c458fba0,H2O,705,nm,absorbance,491.0751849995016
496.579,161.559446,7ab8b416-1f33-4997-becf-fc15c458fba0,H2O,706,nm,absorbance,491.28263589479036
496.788,156.443796,7ab8b416-1f33-4997-becf-fc15c458fba0,H2O,707,nm,absorbance,491.49008679007915
496.997,150.979978,7ab8b416-1f33-4997-becf-fc15c458fba0,H2O,708,nm,absorbance,491.69753768536793
497.206,141.88057899999998,7ab8b416-1f33-4997-becf-fc15c458fba0,H2O,709,nm,absorbance,491.9049885806567
497.415,135.221094,7ab8b416-1f33-4997-becf-fc15c458fba0,H2O,710,nm,absorbance,492.1124394759455
497.624,130.837509,7ab8b416-1f33-4997-becf-fc15c458fba0,H2O,711,nm,absorbance,492.3198903712343
497.833,120.263596,7ab8b416-1f33-4997-becf-fc15c458fba0,H2O,712,nm,absorbance,492.5273412665231
498.042,113.86544,7ab8b416-1f33-4997-becf-fc15c458fba0,H2O,713,nm,absorbance,492.7347921618118
498.251,101.285329,7ab8b416-1f33-4997-becf-fc15c458fba0,H2O,714,nm,absorbance,492.94224305710065
498.46,102.535255,7ab8b416-1f33-4997-becf-fc15c458fba0,H2O,715,nm,absorbance,493.14969395238944
498.669,100.668295,7ab8b416-1f33-4997-becf-fc15c458fba0,H2O,716,nm,absorbance,493.3571448476782
498.878,102.964862,7ab8b416-1f33-4997-becf-fc15c458fba0,H2O,717,nm,absorbance,493.564595742967
499.087,103.739022,7ab8b416-1f33-4997-becf-fc15c458fba0,H2O,718,nm,absorbance,493.7720466382558
499.296,103.807651,7ab8b416-1f33-4997-becf-fc15c458fba0,H2O,719,nm,absorbance,493.9794975335446
499.504,101.887704,7ab8b416-1f33-4997-becf-fc15c458fba0,H2O,720,nm,absorbance,494.18595584081766
499.713,99.66549,7ab8b416-1f33-4997-becf-fc15c458fba0,H2O,721,nm,absorbance,494.39340673610644
499.922,99.66788800000002,7ab8b416-1f33-4997-becf-fc15c458fba0,H2O,722,nm,absorbance,494.60085763139523
500.131,94.738225,7ab8b416-1f33-4997-becf-fc15c458fba0,H2O,723,nm,absorbance,494.808308526684
500.34,89.795603,7ab8b416-1f33-4997-becf-fc15c458fba0,H2O,724,nm,absorbance,495.0157594219728
500.549,86.98055200000002,7ab8b416-1f33-4997-becf-fc15c458fba0,H2O,725,nm,absorbance,495.2232103172616
500.757,90.972674,7ab8b416-1f33-4997-becf-fc15c458fba0,H2O,726,nm,absorbance,495.42966862453466
500.966,93.2229,7ab8b416-1f33-4997-becf-fc15c458fba0,H2O,727,nm,absorbance,495.63711951982344
501.175,92.14211,7ab8b416-1f33-4997-becf-fc15c458fba0,H2O,728,nm,absorbance,495.84457041511223
501.384,94.799698,7ab8b416-1f33-4997-becf-fc15c458fba0,H2O,729,nm,absorbance,496.052021310401
501.592,98.52686,7ab8b416-1f33-4997-becf-fc15c458fba0,H2O,730,nm,absorbance,496.2584796176741
501.801,101.940454,7ab8b416-1f33-4997-becf-fc15c458fba0,H2O,731,nm,absorbance,496.46593051296287
502.01,98.575965,7ab8b416-1f33-4997-becf-fc15c458fba0,H2O,732,nm,absorbance,496.67338140825166
502.218,100.265822,7ab8b416-1f33-4997-becf-fc15c458fba0,H2O,733,nm,absorbance,496.8798397155247
502.427,100.042414,7ab8b416-1f33-4997-becf-fc15c458fba0,H2O,734,nm,absorbance,497.0872906108135
502.636,104.489514,7ab8b416-1f33-4997-becf-fc15c458fba0,H2O,735,nm,absorbance,497.2947415061023
502.844,102.373702,7ab8b416-1f33-4997-becf-fc15c458fba0,H2O,736,nm,absorbance,497.5011998133753
503.053,101.65791000000002,7ab8b416-1f33-4997-becf-fc15c458fba0,H2O,737,nm,absorbance,497.7086507086641
503.262,99.19529400000002,7ab8b416-1f33-4997-becf-fc15c458fba0,H2O,738,nm,absorbance,497.91610160395294
503.47,100.427197,7ab8b416-1f33-4997-becf-fc15c458fba0,H2O,739,nm,absorbance,498.122559911226
503.679,100.230202,7ab8b416-1f33-4997-becf-fc15c458fba0,H2O,740,nm,absorbance,498.33001080651474
503.887,98.08253599999998,7ab8b416-1f33-4997-becf-fc15c458fba0,H2O,741,nm,absorbance,498.5364691137878
504.096,97.871741,7ab8b416-1f33-4997-becf-fc15c458fba0,H2O,742,nm,absorbance,498.7439200090766
504.304,98.524287,7ab8b416-1f33-4997-becf-fc15c458fba0,H2O,743,nm,absorbance,498.9503783163496
504.513,98.881594,7ab8b416-1f33-4997-becf-fc15c458fba0,H2O,744,nm,absorbance,499.15782921163844
504.721,93.282165,7ab8b416-1f33-4997-becf-fc15c458fba0,H2O,745,nm,absorbance,499.3642875189115
504.93,92.340078,7ab8b416-1f33-4997-becf-fc15c458fba0,H2O,746,nm,absorbance,499.5717384142003
505.138,92.725104,7ab8b416-1f33-4997-becf-fc15c458fba0,H2O,747,nm,absorbance,499.7781967214733
505.347,96.594197,7ab8b416-1f33-4997-becf-fc15c458fba0,H2O,748,nm,absorbance,499.9856476167621
505.555,93.517705,7ab8b416-1f33-4997-becf-fc15c458fba0,H2O,749,nm,absorbance,500.19210592403516
505.764,91.77980200000002,7ab8b416-1f33-4997-becf-fc15c458fba0,H2O,750,nm,absorbance,500.399556819324
505.972,91.089722,7ab8b416-1f33-4997-becf-fc15c458fba0,H2O,751,nm,absorbance,500.606015126597
506.18,91.387972,7ab8b416-1f33-4997-becf-fc15c458fba0,H2O,752,nm,absorbance,500.8124734338701
506.389,90.409715,7ab8b416-1f33-4997-becf-fc15c458fba0,H2O,753,nm,absorbance,501.01992432915887
506.597,89.82718700000001,7ab8b416-1f33-4997-becf-fc15c458fba0,H2O,754,nm,absorbance,501.2263826364319
506.806,92.21032,7ab8b416-1f33-4997-becf-fc15c458fba0,H2O,755,nm,absorbance,501.43383353172067
507.014,100.23089,7ab8b416-1f33-4997-becf-fc15c458fba0,H2O,756,nm,absorbance,501.6402918389938
507.222,100.859786,7ab8b416-1f33-4997-becf-fc15c458fba0,H2O,757,nm,absorbance,501.8467501462668
507.431,98.707722,7ab8b416-1f33-4997-becf-fc15c458fba0,H2O,758,nm,absorbance,502.0542010415556
507.639,93.349038,7ab8b416-1f33-4997-becf-fc15c458fba0,H2O,759,nm,absorbance,502.26065934882865
507.847,92.57455,7ab8b416-1f33-4997-becf-fc15c458fba0,H2O,760,nm,absorbance,502.46711765610166
508.055,97.538377,7ab8b416-1f33-4997-becf-fc15c458fba0,H2O,761,nm,absorbance,502.6735759633748
508.264,101.025756,7ab8b416-1f33-4997-becf-fc15c458fba0,H2O,762,nm,absorbance,502.8810268586636
508.472,103.994346,7ab8b416-1f33-4997-becf-fc15c458fba0,H2O,763,nm,absorbance,503.0874851659366
508.68,104.544692,7ab8b416-1f33-4997-becf-fc15c458fba0,H2O,764,nm,absorbance,503.29394347320965
508.888,101.613509,7ab8b416-1f33-4997-becf-fc15c458fba0,H2O,765,nm,absorbance,503.50040178048266
509.096,99.234601,7ab8b416-1f33-4997-becf-fc15c458fba0,H2O,766,nm,absorbance,503.7068600877558
509.305,97.100735,7ab8b416-1f33-4997-becf-fc15c458fba0,H2O,767,nm,absorbance,503.9143109830446
509.513,100.473753,7ab8b416-1f33-4997-becf-fc15c458fba0,H2O,768,nm,absorbance,504.1207692903176
509.721,97.66788,7ab8b416-1f33-4997-becf-fc15c458fba0,H2O,769,nm,absorbance,504.32722759759065
509.929,96.822333,7ab8b416-1f33-4997-becf-fc15c458fba0,H2O,770,nm,absorbance,504.53368590486366
510.137,92.40773,7ab8b416-1f33-4997-becf-fc15c458fba0,H2O,771,nm,absorbance,504.7401442121368
510.345,96.894387,7ab8b416-1f33-4997-becf-fc15c458fba0,H2O,772,nm,absorbance,504.94660251940985
510.553,98.089283,7ab8b416-1f33-4997-becf-fc15c458fba0,H2O,773,nm,absorbance,505.15306082668286
510.762,101.434559,7ab8b416-1f33-4997-becf-fc15c458fba0,H2O,774,nm,absorbance,505.36051172197165
510.97,102.69799700000002,7ab8b416-1f33-4997-becf-fc15c458fba0,H2O,775,nm,absorbance,505.56697002924477
511.178,102.28680699999998,7ab8b416-1f33-4997-becf-fc15c458fba0,H2O,776,nm,absorbance,505.7734283365178
511.386,103.57456599999998,7ab8b416-1f33-4997-becf-fc15c458fba0,H2O,777,nm,absorbance,505.97988664379085
511.594,98.88758499999996,7ab8b416-1f33-4997-becf-fc15c458fba0,H2O,778,nm,absorbance,506.18634495106386
511.802,94.785557,7ab8b416-1f33-4997-becf-fc15c458fba0,H2O,779,nm,absorbance,506.3928032583369
512.01,93.46438000000002,7ab8b416-1f33-4997-becf-fc15c458fba0,H2O,780,nm,absorbance,506.59926156561
512.218,97.427812,7ab8b416-1f33-4997-becf-fc15c458fba0,H2O,781,nm,absorbance,506.805719872883
512.426,97.918806,7ab8b416-1f33-4997-becf-fc15c458fba0,H2O,782,nm,absorbance,507.0121781801561
512.634,99.59528,7ab8b416-1f33-4997-becf-fc15c458fba0,H2O,783,nm,absorbance,507.21863648742914
512.842,99.795811,7ab8b416-1f33-4997-becf-fc15c458fba0,H2O,784,nm,absorbance,507.4250947947022
513.049,103.784691,7ab8b416-1f33-4997-becf-fc15c458fba0,H2O,785,nm,absorbance,507.6305605139595
513.257,106.62106,7ab8b416-1f33-4997-becf-fc15c458fba0,H2O,786,nm,absorbance,507.8370188212325
513.465,102.509301,7ab8b416-1f33-4997-becf-fc15c458fba0,H2O,787,nm,absorbance,508.04347712850563
513.673,100.71474700000002,7ab8b416-1f33-4997-becf-fc15c458fba0,H2O,788,nm,absorbance,508.2499354357787
513.881,98.852471,7ab8b416-1f33-4997-becf-fc15c458fba0,H2O,789,nm,absorbance,508.4563937430517
514.089,100.963297,7ab8b416-1f33-4997-becf-fc15c458fba0,H2O,790,nm,absorbance,508.66285205032483
514.297,102.710375,7ab8b416-1f33-4997-becf-fc15c458fba0,H2O,791,nm,absorbance,508.86931035759784
514.504,102.345227,7ab8b416-1f33-4997-becf-fc15c458fba0,H2O,792,nm,absorbance,509.0747760768552
514.712,93.474953,7ab8b416-1f33-4997-becf-fc15c458fba0,H2O,793,nm,absorbance,509.2812343841282
514.92,93.040059,7ab8b416-1f33-4997-becf-fc15c458fba0,H2O,794,nm,absorbance,509.4876926914012
515.128,86.149986,7ab8b416-1f33-4997-becf-fc15c458fba0,H2O,795,nm,absorbance,509.69415099867433
515.336,95.63083499999998,7ab8b416-1f33-4997-becf-fc15c458fba0,H2O,796,nm,absorbance,509.9006093059474
515.543,97.23394399999998,7ab8b416-1f33-4997-becf-fc15c458fba0,H2O,797,nm,absorbance,510.1060750252047
515.751,104.321902,7ab8b416-1f33-4997-becf-fc15c458fba0,H2O,798,nm,absorbance,510.3125333324777
515.959,105.99533800000002,7ab8b416-1f33-4997-becf-fc15c458fba0,H2O,799,nm,absorbance,510.5189916397507
516.166,110.665361,7ab8b416-1f33-4997-becf-fc15c458fba0,H2O,800,nm,absorbance,510.7244573590081
516.374,111.701219,7ab8b416-1f33-4997-becf-fc15c458fba0,H2O,801,nm,absorbance,510.93091566628124
516.582,109.429851,7ab8b416-1f33-4997-becf-fc15c458fba0,H2O,802,nm,absorbance,511.13737397355425
516.789,109.428481,7ab8b416-1f33-4997-becf-fc15c458fba0,H2O,803,nm,absorbance,511.34283969281154
516.997,111.394938,7ab8b416-1f33-4997-becf-fc15c458fba0,H2O,804,nm,absorbance,511.54929800008455
517.205,116.069824,7ab8b416-1f33-4997-becf-fc15c458fba0,H2O,805,nm,absorbance,511.7557563073577
517.412,115.13010800000002,7ab8b416-1f33-4997-becf-fc15c458fba0,H2O,806,nm,absorbance,511.96122202661496
517.62,116.40718,7ab8b416-1f33-4997-becf-fc15c458fba0,H2O,807,nm,absorbance,512.1676803338879
517.827,115.881562,7ab8b416-1f33-4997-becf-fc15c458fba0,H2O,808,nm,absorbance,512.3731460531453
518.035,119.012686,7ab8b416-1f33-4997-becf-fc15c458fba0,H2O,809,nm,absorbance,512.5796043604183
518.243,121.689951,7ab8b416-1f33-4997-becf-fc15c458fba0,H2O,810,nm,absorbance,512.7860626676915
518.45,127.78558000000002,7ab8b416-1f33-4997-becf-fc15c458fba0,H2O,811,nm,absorbance,512.9915283869487
518.658,131.536825,7ab8b416-1f33-4997-becf-fc15c458fba0,H2O,812,nm,absorbance,513.1979866942218
518.865,140.43150299999996,7ab8b416-1f33-4997-becf-fc15c458fba0,H2O,813,nm,absorbance,513.403452413479
519.073,145.661255,7ab8b416-1f33-4997-becf-fc15c458fba0,H2O,814,nm,absorbance,513.609910720752
519.28,155.420426,7ab8b416-1f33-4997-becf-fc15c458fba0,H2O,815,nm,absorbance,513.8153764400095
519.488,158.625802,7ab8b416-1f33-4997-becf-fc15c458fba0,H2O,816,nm,absorbance,514.0218347472826
519.695,171.19180899999998,7ab8b416-1f33-4997-becf-fc15c458fba0,H2O,817,nm,absorbance,514.2273004665399
519.902,177.716296,7ab8b416-1f33-4997-becf-fc15c458fba0,H2O,818,nm,absorbance,514.4327661857972
520.11,190.56430500000005,7ab8b416-1f33-4997-becf-fc15c458fba0,H2O,819,nm,absorbance,514.6392244930702
520.317,198.805507,7ab8b416-1f33-4997-becf-fc15c458fba0,H2O,820,nm,absorbance,514.8446902123275
520.525,207.314552,7ab8b416-1f33-4997-becf-fc15c458fba0,H2O,821,nm,absorbance,515.0511485196005
520.732,216.506383,7ab8b416-1f33-4997-becf-fc15c458fba0,H2O,822,nm,absorbance,515.2566142388579
520.939,225.81416299999995,7ab8b416-1f33-4997-becf-fc15c458fba0,H2O,823,nm,absorbance,515.4620799581152
521.147,237.70575500000004,7ab8b416-1f33-4997-becf-fc15c458fba0,H2O,824,nm,absorbance,515.6685382653883
521.354,242.79111300000005,7ab8b416-1f33-4997-becf-fc15c458fba0,H2O,825,nm,absorbance,515.8740039846456
521.561,247.782523,7ab8b416-1f33-4997-becf-fc15c458fba0,H2O,826,nm,absorbance,516.0794697039029
521.769,247.900018,7ab8b416-1f33-4997-becf-fc15c458fba0,H2O,827,nm,absorbance,516.2859280111759
521.976,249.56995300000003,7ab8b416-1f33-4997-becf-fc15c458fba0,H2O,828,nm,absorbance,516.4913937304333
522.183,249.55923,7ab8b416-1f33-4997-becf-fc15c458fba0,H2O,829,nm,absorbance,516.6968594496906
522.391,252.16952100000003,7ab8b416-1f33-4997-becf-fc15c458fba0,H2O,830,nm,absorbance,516.9033177569636
522.598,254.49447199999997,7ab8b416-1f33-4997-becf-fc15c458fba0,H2O,831,nm,absorbance,517.1087834762209
522.805,254.841435,7ab8b416-1f33-4997-becf-fc15c458fba0,H2O,832,nm,absorbance,517.3142491954782
523.012,249.964252,7ab8b416-1f33-4997-becf-fc15c458fba0,H2O,833,nm,absorbance,517.5197149147355
523.219,250.072858,7ab8b416-1f33-4997-becf-fc15c458fba0,H2O,834,nm,absorbance,517.725180633993
523.427,246.237491,7ab8b416-1f33-4997-becf-fc15c458fba0,H2O,835,nm,absorbance,517.931638941266
523.634,250.283513,7ab8b416-1f33-4997-becf-fc15c458fba0,H2O,836,nm,absorbance,518.1371046605233
523.841,245.44285,7ab8b416-1f33-4997-becf-fc15c458fba0,H2O,837,nm,absorbance,518.3425703797806
524.048,247.80422000000004,7ab8b416-1f33-4997-becf-fc15c458fba0,H2O,838,nm,absorbance,518.5480360990379
524.255,244.243978,7ab8b416-1f33-4997-becf-fc15c458fba0,H2O,839,nm,absorbance,518.7535018182951
524.462,241.504327,7ab8b416-1f33-4997-becf-fc15c458fba0,H2O,840,nm,absorbance,518.9589675375526
524.669,238.07381,7ab8b416-1f33-4997-becf-fc15c458fba0,H2O,841,nm,absorbance,519.1644332568098
524.877,239.084467,7ab8b416-1f33-4997-becf-fc15c458fba0,H2O,842,nm,absorbance,519.3708915640829
525.084,240.183842,7ab8b416-1f33-4997-becf-fc15c458fba0,H2O,843,nm,absorbance,519.5763572833401
525.291,238.980887,7ab8b416-1f33-4997-becf-fc15c458fba0,H2O,844,nm,absorbance,519.7818230025975
525.498,236.894706,7ab8b416-1f33-4997-becf-fc15c458fba0,H2O,845,nm,absorbance,519.9872887218548
525.705,234.92480899999995,7ab8b416-1f33-4997-becf-fc15c458fba0,H2O,846,nm,absorbance,520.1927544411122
525.912,229.68335399999995,7ab8b416-1f33-4997-becf-fc15c458fba0,H2O,847,nm,absorbance,520.3982201603695
526.119,225.213587,7ab8b416-1f33-4997-becf-fc15c458fba0,H2O,848,nm,absorbance,520.6036858796268
526.326,217.175349,7ab8b416-1f33-4997-becf-fc15c458fba0,H2O,849,nm,absorbance,520.8091515988841
526.533,218.90222700000004,7ab8b416-1f33-4997-becf-fc15c458fba0,H2O,850,nm,absorbance,521.0146173181414
526.74,216.765477,7ab8b416-1f33-4997-becf-fc15c458fba0,H2O,851,nm,absorbance,521.2200830373988
526.947,215.359037,7ab8b416-1f33-4997-becf-fc15c458fba0,H2O,852,nm,absorbance,521.4255487566561
527.153,212.214958,7ab8b416-1f33-4997-becf-fc15c458fba0,H2O,853,nm,absorbance,521.6300218878977
527.36,203.598924,7ab8b416-1f33-4997-becf-fc15c458fba0,H2O,854,nm,absorbance,521.835487607155
527.567,206.518677,7ab8b416-1f33-4997-becf-fc15c458fba0,H2O,855,nm,absorbance,522.0409533264123
527.774,195.845542,7ab8b416-1f33-4997-becf-fc15c458fba0,H2O,856,nm,absorbance,522.2464190456697
527.981,193.458484,7ab8b416-1f33-4997-becf-fc15c458fba0,H2O,857,nm,absorbance,522.451884764927
528.188,180.365048,7ab8b416-1f33-4997-becf-fc15c458fba0,H2O,858,nm,absorbance,522.6573504841842
528.395,177.72890399999997,7ab8b416-1f33-4997-becf-fc15c458fba0,H2O,859,nm,absorbance,522.8628162034415
528.602,167.3159,7ab8b416-1f33-4997-becf-fc15c458fba0,H2O,860,nm,absorbance,523.0682819226988
528.808,164.557272,7ab8b416-1f33-4997-becf-fc15c458fba0,H2O,861,nm,absorbance,523.2727550539405
529.015,158.342257,7ab8b416-1f33-4997-becf-fc15c458fba0,H2O,862,nm,absorbance,523.4782207731978
529.222,148.148453,7ab8b416-1f33-4997-becf-fc15c458fba0,H2O,863,nm,absorbance,523.6836864924551
529.429,136.98291799999998,7ab8b416-1f33-4997-becf-fc15c458fba0,H2O,864,nm,absorbance,523.8891522117124
529.635,124.125968,7ab8b416-1f33-4997-becf-fc15c458fba0,H2O,865,nm,absorbance,524.0936253429539
529.842,123.847776,7ab8b416-1f33-4997-becf-fc15c458fba0,H2O,866,nm,absorbance,524.2990910622112
530.049,117.511564,7ab8b416-1f33-4997-becf-fc15c458fba0,H2O,867,nm,absorbance,524.5045567814686
530.256,115.989031,7ab8b416-1f33-4997-becf-fc15c458fba0,H2O,868,nm,absorbance,524.7100225007259
530.462,110.084886,7ab8b416-1f33-4997-becf-fc15c458fba0,H2O,869,nm,absorbance,524.9144956319675
530.669,104.478614,7ab8b416-1f33-4997-becf-fc15c458fba0,H2O,870,nm,absorbance,525.1199613512248
530.876,99.212006,7ab8b416-1f33-4997-becf-fc15c458fba0,H2O,871,nm,absorbance,525.3254270704821
531.082,95.340592,7ab8b416-1f33-4997-becf-fc15c458fba0,H2O,872,nm,absorbance,525.5299002017238
531.289,95.995423,7ab8b416-1f33-4997-becf-fc15c458fba0,H2O,873,nm,absorbance,525.735365920981
531.495,99.411536,7ab8b416-1f33-4997-becf-fc15c458fba0,H2O,874,nm,absorbance,525.9398390522226
531.702,96.877744,7ab8b416-1f33-4997-becf-fc15c458fba0,H2O,875,nm,absorbance,526.1453047714799
531.909,92.61899200000002,7ab8b416-1f33-4997-becf-fc15c458fba0,H2O,876,nm,absorbance,526.3507704907373
532.115,84.341431,7ab8b416-1f33-4997-becf-fc15c458fba0,H2O,877,nm,absorbance,526.5552436219789
532.322,83.986762,7ab8b416-1f33-4997-becf-fc15c458fba0,H2O,878,nm,absorbance,526.7607093412362
532.528,83.51758199999999,7ab8b416-1f33-4997-becf-fc15c458fba0,H2O,879,nm,absorbance,526.9651824724777
532.735,83.985817,7ab8b416-1f33-4997-becf-fc15c458fba0,H2O,880,nm,absorbance,527.170648191735
532.941,82.81282300000001,7ab8b416-1f33-4997-becf-fc15c458fba0,H2O,881,nm,absorbance,527.3751213229767
533.148,84.48081900000001,7ab8b416-1f33-4997-becf-fc15c458fba0,H2O,882,nm,absorbance,527.580587042234
533.354,85.25739100000001,7ab8b416-1f33-4997-becf-fc15c458fba0,H2O,883,nm,absorbance,527.7850601734756
533.561,87.962852,7ab8b416-1f33-4997-becf-fc15c458fba0,H2O,884,nm,absorbance,527.9905258927329
533.767,86.06489200000001,7ab8b416-1f33-4997-becf-fc15c458fba0,H2O,885,nm,absorbance,528.1949990239744
533.974,88.754237,7ab8b416-1f33-4997-becf-fc15c458fba0,H2O,886,nm,absorbance,528.4004647432319
534.18,85.5144,7ab8b416-1f33-4997-becf-fc15c458fba0,H2O,887,nm,absorbance,528.6049378744733
534.387,87.156976,7ab8b416-1f33-4997-becf-fc15c458fba0,H2O,888,nm,absorbance,528.8104035937306
534.593,79.736646,7ab8b416-1f33-4997-becf-fc15c458fba0,H2O,889,nm,absorbance,529.0148767249722
534.799,82.50818100000001,7ab8b416-1f33-4997-becf-fc15c458fba0,H2O,890,nm,absorbance,529.2193498562139
535.006,85.462901,7ab8b416-1f33-4997-becf-fc15c458fba0,H2O,891,nm,absorbance,529.4248155754711
535.212,90.252613,7ab8b416-1f33-4997-becf-fc15c458fba0,H2O,892,nm,absorbance,529.6292887067127
535.418,92.872052,7ab8b416-1f33-4997-becf-fc15c458fba0,H2O,893,nm,absorbance,529.8337618379543
535.625,90.621851,7ab8b416-1f33-4997-becf-fc15c458fba0,H2O,894,nm,absorbance,530.0392275572116
535.831,93.261381,7ab8b416-1f33-4997-becf-fc15c458fba0,H2O,895,nm,absorbance,530.2437006884533
536.037,89.56020600000001,7ab8b416-1f33-4997-becf-fc15c458fba0,H2O,896,nm,absorbance,530.4481738196948
536.244,86.778992,7ab8b416-1f33-4997-becf-fc15c458fba0,H2O,897,nm,absorbance,530.6536395389521
536.45,85.37015000000001,7ab8b416-1f33-4997-becf-fc15c458fba0,H2O,898,nm,absorbance,530.8581126701937
536.656,86.535036,7ab8b416-1f33-4997-becf-fc15c458fba0,H2O,899,nm,absorbance,531.0625858014353
536.862,89.092039,7ab8b416-1f33-4997-becf-fc15c458fba0,H2O,900,nm,absorbance,531.2670589326768
537.068,86.586718,7ab8b416-1f33-4997-becf-fc15c458fba0,H2O,901,nm,absorbance,531.4715320639184
537.275,86.304001,7ab8b416-1f33-4997-becf-fc15c458fba0,H2O,902,nm,absorbance,531.6769977831757
537.481,85.20204199999999,7ab8b416-1f33-4997-becf-fc15c458fba0,H2O,903,nm,absorbance,531.8814709144174
537.687,87.014471,7ab8b416-1f33-4997-becf-fc15c458fba0,H2O,904,nm,absorbance,532.085944045659
537.893,86.45134499999999,7ab8b416-1f33-4997-becf-fc15c458fba0,H2O,905,nm,absorbance,532.2904171769005
538.099,88.68514099999999,7ab8b416-1f33-4997-becf-fc15c458fba0,H2O,906,nm,absorbance,532.4948903081421
538.305,90.878676,7ab8b416-1f33-4997-becf-fc15c458fba0,H2O,907,nm,absorbance,532.6993634393837
538.512,94.67085,7ab8b416-1f33-4997-becf-fc15c458fba0,H2O,908,nm,absorbance,532.904829158641
538.718,91.838789,7ab8b416-1f33-4997-becf-fc15c458fba0,H2O,909,nm,absorbance,533.1093022898825
538.924,91.522732,7ab8b416-1f33-4997-becf-fc15c458fba0,H2O,910,nm,absorbance,533.3137754211241
539.13,90.367133,7ab8b416-1f33-4997-becf-fc15c458fba0,H2O,911,nm,absorbance,533.5182485523657
539.336,92.32504,7ab8b416-1f33-4997-becf-fc15c458fba0,H2O,912,nm,absorbance,533.7227216836073
539.542,88.94134600000001,7ab8b416-1f33-4997-becf-fc15c458fba0,H2O,913,nm,absorbance,533.9271948148489
539.748,87.57208399999999,7ab8b416-1f33-4997-becf-fc15c458fba0,H2O,914,nm,absorbance,534.1316679460905
539.954,88.99900099999999,7ab8b416-1f33-4997-becf-fc15c458fba0,H2O,915,nm,absorbance,534.336141077332
540.16,91.598036,7ab8b416-1f33-4997-becf-fc15c458fba0,H2O,916,nm,absorbance,534.5406142085736
540.366,88.55779600000001,7ab8b416-1f33-4997-becf-fc15c458fba0,H2O,917,nm,absorbance,534.7450873398152
540.572,87.734378,7ab8b416-1f33-4997-becf-fc15c458fba0,H2O,918,nm,absorbance,534.9495604710568
540.778,87.957858,7ab8b416-1f33-4997-becf-fc15c458fba0,H2O,919,nm,absorbance,535.1540336022983
540.984,94.84403500000002,7ab8b416-1f33-4997-becf-fc15c458fba0,H2O,920,nm,absorbance,535.35850673354
541.19,96.149221,7ab8b416-1f33-4997-becf-fc15c458fba0,H2O,921,nm,absorbance,535.5629798647816
541.396,90.942134,7ab8b416-1f33-4997-becf-fc15c458fba0,H2O,922,nm,absorbance,535.767452996023
541.602,83.92861500000001,7ab8b416-1f33-4997-becf-fc15c458fba0,H2O,923,nm,absorbance,535.9719261272646
541.807,82.341243,7ab8b416-1f33-4997-becf-fc15c458fba0,H2O,924,nm,absorbance,536.1754066704906
542.013,90.58769599999998,7ab8b416-1f33-4997-becf-fc15c458fba0,H2O,925,nm,absorbance,536.3798798017322
542.219,91.928614,7ab8b416-1f33-4997-becf-fc15c458fba0,H2O,926,nm,absorbance,536.5843529329737
542.425,90.437728,7ab8b416-1f33-4997-becf-fc15c458fba0,H2O,927,nm,absorbance,536.7888260642153
542.631,87.015884,7ab8b416-1f33-4997-becf-fc15c458fba0,H2O,928,nm,absorbance,536.9932991954569
542.837,88.009071,7ab8b416-1f33-4997-becf-fc15c458fba0,H2O,929,nm,absorbance,537.1977723266984
543.042,91.505291,7ab8b416-1f33-4997-becf-fc15c458fba0,H2O,930,nm,absorbance,537.4012528699243
543.248,90.933025,7ab8b416-1f33-4997-becf-fc15c458fba0,H2O,931,nm,absorbance,537.605726001166
543.454,92.390185,7ab8b416-1f33-4997-becf-fc15c458fba0,H2O,932,nm,absorbance,537.8101991324074
543.66,89.770889,7ab8b416-1f33-4997-becf-fc15c458fba0,H2O,933,nm,absorbance,538.014672263649
543.865,89.119442,7ab8b416-1f33-4997-becf-fc15c458fba0,H2O,934,nm,absorbance,538.2181528068749
544.071,89.688562,7ab8b416-1f33-4997-becf-fc15c458fba0,H2O,935,nm,absorbance,538.4226259381165
544.277,91.6764,7ab8b416-1f33-4997-becf-fc15c458fba0,H2O,936,nm,absorbance,538.6270990693581
544.483,94.061802,7ab8b416-1f33-4997-becf-fc15c458fba0,H2O,937,nm,absorbance,538.8315722005996
544.688,91.637273,7ab8b416-1f33-4997-becf-fc15c458fba0,H2O,938,nm,absorbance,539.0350527438254
544.894,89.92363300000001,7ab8b416-1f33-4997-becf-fc15c458fba0,H2O,939,nm,absorbance,539.2395258750671
545.1,87.05605,7ab8b416-1f33-4997-becf-fc15c458fba0,H2O,940,nm,absorbance,539.4439990063087
545.305,86.396084,7ab8b416-1f33-4997-becf-fc15c458fba0,H2O,941,nm,absorbance,539.6474795495344
545.511,83.35995399999999,7ab8b416-1f33-4997-becf-fc15c458fba0,H2O,942,nm,absorbance,539.8519526807761
545.716,83.27324999999999,7ab8b416-1f33-4997-becf-fc15c458fba0,H2O,943,nm,absorbance,540.055433224002
545.922,82.571276,7ab8b416-1f33-4997-becf-fc15c458fba0,H2O,944,nm,absorbance,540.2599063552435
546.128,84.826705,7ab8b416-1f33-4997-becf-fc15c458fba0,H2O,945,nm,absorbance,540.4643794864851
546.333,83.26972700000002,7ab8b416-1f33-4997-becf-fc15c458fba0,H2O,946,nm,absorbance,540.6678600297109
546.539,83.864565,7ab8b416-1f33-4997-becf-fc15c458fba0,H2O,947,nm,absorbance,540.8723331609525
546.744,80.473417,7ab8b416-1f33-4997-becf-fc15c458fba0,H2O,948,nm,absorbance,541.0758137041784
546.95,81.012068,7ab8b416-1f33-4997-becf-fc15c458fba0,H2O,949,nm,absorbance,541.2802868354199
547.155,81.830677,7ab8b416-1f33-4997-becf-fc15c458fba0,H2O,950,nm,absorbance,541.4837673786458
547.361,79.35534399999999,7ab8b416-1f33-4997-becf-fc15c458fba0,H2O,951,nm,absorbance,541.6882405098874
547.566,79.282298,7ab8b416-1f33-4997-becf-fc15c458fba0,H2O,952,nm,absorbance,541.8917210531132
547.772,72.765962,7ab8b416-1f33-4997-becf-fc15c458fba0,H2O,953,nm,absorbance,542.0961941843549
547.977,73.293774,7ab8b416-1f33-4997-becf-fc15c458fba0,H2O,954,nm,absorbance,542.2996747275806
548.182,72.98374,7ab8b416-1f33-4997-becf-fc15c458fba0,H2O,955,nm,absorbance,542.5031552708065
548.388,77.927081,7ab8b416-1f33-4997-becf-fc15c458fba0,H2O,956,nm,absorbance,542.707628402048
548.593,79.91713899999999,7ab8b416-1f33-4997-becf-fc15c458fba0,H2O,957,nm,absorbance,542.9111089452739
548.799,81.741865,7ab8b416-1f33-4997-becf-fc15c458fba0,H2O,958,nm,absorbance,543.1155820765155
549.004,79.47208700000002,7ab8b416-1f33-4997-becf-fc15c458fba0,H2O,959,nm,absorbance,543.3190626197413
549.209,78.245532,7ab8b416-1f33-4997-becf-fc15c458fba0,H2O,960,nm,absorbance,543.5225431629672
549.415,73.83451,7ab8b416-1f33-4997-becf-fc15c458fba0,H2O,961,nm,absorbance,543.7270162942087
549.62,78.986424,7ab8b416-1f33-4997-becf-fc15c458fba0,H2O,962,nm,absorbance,543.9304968374346
549.825,78.058868,7ab8b416-1f33-4997-becf-fc15c458fba0,H2O,963,nm,absorbance,544.1339773806606
550.031,83.62711499999999,7ab8b416-1f33-4997-becf-fc15c458fba0,H2O,964,nm,absorbance,544.338450511902
550.236,80.33056,7ab8b416-1f33-4997-becf-fc15c458fba0,H2O,965,nm,absorbance,544.5419310551279
550.441,83.735937,7ab8b416-1f33-4997-becf-fc15c458fba0,H2O,966,nm,absorbance,544.7454115983537
550.646,80.28876799999999,7ab8b416-1f33-4997-becf-fc15c458fba0,H2O,967,nm,absorbance,544.9488921415796
550.852,79.104511,7ab8b416-1f33-4997-becf-fc15c458fba0,H2O,968,nm,absorbance,545.1533652728211
551.057,78.974709,7ab8b416-1f33-4997-becf-fc15c458fba0,H2O,969,nm,absorbance,545.356845816047
551.262,76.684405,7ab8b416-1f33-4997-becf-fc15c458fba0,H2O,970,nm,absorbance,545.5603263592728
551.467,76.064494,7ab8b416-1f33-4997-becf-fc15c458fba0,H2O,971,nm,absorbance,545.7638069024987
551.672,65.73870200000002,7ab8b416-1f33-4997-becf-fc15c458fba0,H2O,972,nm,absorbance,545.9672874457245
551.878,63.14348700000001,7ab8b416-1f33-4997-becf-fc15c458fba0,H2O,973,nm,absorbance,546.1717605769662
552.083,60.528274,7ab8b416-1f33-4997-becf-fc15c458fba0,H2O,974,nm,absorbance,546.375241120192
552.288,62.99970999999999,7ab8b416-1f33-4997-becf-fc15c458fba0,H2O,975,nm,absorbance,546.5787216634178
552.493,62.83735299999999,7ab8b416-1f33-4997-becf-fc15c458fba0,H2O,976,nm,absorbance,546.7822022066437
552.698,64.25461200000001,7ab8b416-1f33-4997-becf-fc15c458fba0,H2O,977,nm,absorbance,546.9856827498695
552.903,68.54430399999998,7ab8b416-1f33-4997-becf-fc15c458fba0,H2O,978,nm,absorbance,547.1891632930954
553.108,67.939306,7ab8b416-1f33-4997-becf-fc15c458fba0,H2O,979,nm,absorbance,547.3926438363211
553.313,71.958366,7ab8b416-1f33-4997-becf-fc15c458fba0,H2O,980,nm,absorbance,547.5961243795471
553.518,72.848551,7ab8b416-1f33-4997-becf-fc15c458fba0,H2O,981,nm,absorbance,547.7996049227729
553.723,78.06512000000001,7ab8b416-1f33-4997-becf-fc15c458fba0,H2O,982,nm,absorbance,548.0030854659987
553.928,77.37118999999998,7ab8b416-1f33-4997-becf-fc15c458fba0,H2O,983,nm,absorbance,548.2065660092246
554.133,73.800825,7ab8b416-1f33-4997-becf-fc15c458fba0,H2O,984,nm,absorbance,548.4100465524505
554.338,70.66845,7ab8b416-1f33-4997-becf-fc15c458fba0,H2O,985,nm,absorbance,548.6135270956762
554.543,69.04342199999999,7ab8b416-1f33-4997-becf-fc15c458fba0,H2O,986,nm,absorbance,548.8170076389022
554.748,70.58897700000001,7ab8b416-1f33-4997-becf-fc15c458fba0,H2O,987,nm,absorbance,549.020488182128
554.953,76.84853799999999,7ab8b416-1f33-4997-becf-fc15c458fba0,H2O,988,nm,absorbance,549.2239687253538
555.158,79.74818799999998,7ab8b416-1f33-4997-becf-fc15c458fba0,H2O,989,nm,absorbance,549.4274492685797
555.363,81.18909799999999,7ab8b416-1f33-4997-becf-fc15c458fba0,H2O,990,nm,absorbance,549.6309298118056
555.568,75.68261299999999,7ab8b416-1f33-4997-becf-fc15c458fba0,H2O,991,nm,absorbance,549.8344103550313
555.773,71.60171,7ab8b416-1f33-4997-becf-fc15c458fba0,H2O,992,nm,absorbance,550.0378908982573
555.978,68.72947100000002,7ab8b416-1f33-4997-becf-fc15c458fba0,H2O,993,nm,absorbance,550.241371441483
556.182,71.58770200000001,7ab8b416-1f33-4997-becf-fc15c458fba0,H2O,994,nm,absorbance,550.4438593966931
556.387,73.04563599999999,7ab8b416-1f33-4997-becf-fc15c458fba0,H2O,995,nm,absorbance,550.647339939919
556.592,73.96517300000001,7ab8b416-1f33-4997-becf-fc15c458fba0,H2O,996,nm,absorbance,550.8508204831448
556.797,70.32555799999999,7ab8b416-1f33-4997-becf-fc15c458fba0,H2O,997,nm,absorbance,551.0543010263707
557.002,67.59499,7ab8b416-1f33-4997-becf-fc15c458fba0,H2O,998,nm,absorbance,551.2577815695964
557.206,75.260293,7ab8b416-1f33-4997-becf-fc15c458fba0,H2O,999,nm,absorbance,551.4602695248067
557.411,81.537434,7ab8b416-1f33-4997-becf-fc15c458fba0,H2O,1000,nm,absorbance,551.6637500680324
557.616,88.481254,7ab8b416-1f33-4997-becf-fc15c458fba0,H2O,1001,nm,absorbance,551.8672306112583
557.821,88.49606,7ab8b416-1f33-4997-becf-fc15c458fba0,H2O,1002,nm,absorbance,552.0707111544842
558.025,85.669061,7ab8b416-1f33-4997-becf-fc15c458fba0,H2O,1003,nm,absorbance,552.2731991096942
558.23,85.746963,7ab8b416-1f33-4997-becf-fc15c458fba0,H2O,1004,nm,absorbance,552.4766796529202
558.435,83.51532700000001,7ab8b416-1f33-4997-becf-fc15c458fba0,H2O,1005,nm,absorbance,552.680160196146
558.64,89.38380699999999,7ab8b416-1f33-4997-becf-fc15c458fba0,H2O,1006,nm,absorbance,552.8836407393718
558.844,84.376746,7ab8b416-1f33-4997-becf-fc15c458fba0,H2O,1007,nm,absorbance,553.086128694582
559.049,86.24776,7ab8b416-1f33-4997-becf-fc15c458fba0,H2O,1008,nm,absorbance,553.2896092378078
559.253,85.98773699999998,7ab8b416-1f33-4997-becf-fc15c458fba0,H2O,1009,nm,absorbance,553.4920971930179
559.458,92.427904,7ab8b416-1f33-4997-becf-fc15c458fba0,H2O,1010,nm,absorbance,553.6955777362438
559.663,96.655954,7ab8b416-1f33-4997-becf-fc15c458fba0,H2O,1011,nm,absorbance,553.8990582794696
559.867,99.675215,7ab8b416-1f33-4997-becf-fc15c458fba0,H2O,1012,nm,absorbance,554.1015462346796
560.072,103.17788300000002,7ab8b416-1f33-4997-becf-fc15c458fba0,H2O,1013,nm,absorbance,554.3050267779056
560.276,107.533016,7ab8b416-1f33-4997-becf-fc15c458fba0,H2O,1014,nm,absorbance,554.5075147331156
560.481,112.375418,7ab8b416-1f33-4997-becf-fc15c458fba0,H2O,1015,nm,absorbance,554.7109952763415
560.685,122.648434,7ab8b416-1f33-4997-becf-fc15c458fba0,H2O,1016,nm,absorbance,554.9134832315516
560.89,128.971946,7ab8b416-1f33-4997-becf-fc15c458fba0,H2O,1017,nm,absorbance,555.1169637747774
561.094,135.62612299999998,7ab8b416-1f33-4997-becf-fc15c458fba0,H2O,1018,nm,absorbance,555.3194517299876
561.299,137.30785999999998,7ab8b416-1f33-4997-becf-fc15c458fba0,H2O,1019,nm,absorbance,555.5229322732134
561.503,144.809079,7ab8b416-1f33-4997-becf-fc15c458fba0,H2O,1020,nm,absorbance,555.7254202284236
561.708,147.873676,7ab8b416-1f33-4997-becf-fc15c458fba0,H2O,1021,nm,absorbance,555.9289007716493
561.912,154.0963,7ab8b416-1f33-4997-becf-fc15c458fba0,H2O,1022,nm,absorbance,556.1313887268595
562.117,158.195413,7ab8b416-1f33-4997-becf-fc15c458fba0,H2O,1023,nm,absorbance,556.3348692700853
562.321,167.680051,7ab8b416-1f33-4997-becf-fc15c458fba0,H2O,1024,nm,absorbance,556.5373572252954
562.525,175.057634,7ab8b416-1f33-4997-becf-fc15c458fba0,H2O,1025,nm,absorbance,556.7398451805055
562.73,175.694704,7ab8b416-1f33-4997-becf-fc15c458fba0,H2O,1026,nm,absorbance,556.9433257237314
562.934,175.35973400000003,7ab8b416-1f33-4997-becf-fc15c458fba0,H2O,1027,nm,absorbance,557.1458136789415
563.139,175.987045,7ab8b416-1f33-4997-becf-fc15c458fba0,H2O,1028,nm,absorbance,557.3492942221674
563.343,181.053277,7ab8b416-1f33-4997-becf-fc15c458fba0,H2O,1029,nm,absorbance,557.5517821773774
563.547,181.360182,7ab8b416-1f33-4997-becf-fc15c458fba0,H2O,1030,nm,absorbance,557.7542701325876
563.752,183.101407,7ab8b416-1f33-4997-becf-fc15c458fba0,H2O,1031,nm,absorbance,557.9577506758134
563.956,183.741822,7ab8b416-1f33-4997-becf-fc15c458fba0,H2O,1032,nm,absorbance,558.1602386310235
564.16,187.359649,7ab8b416-1f33-4997-becf-fc15c458fba0,H2O,1033,nm,absorbance,558.3627265862336
564.364,184.85189,7ab8b416-1f33-4997-becf-fc15c458fba0,H2O,1034,nm,absorbance,558.5652145414438
564.569,182.986118,7ab8b416-1f33-4997-becf-fc15c458fba0,H2O,1035,nm,absorbance,558.7686950846695
564.773,181.633411,7ab8b416-1f33-4997-becf-fc15c458fba0,H2O,1036,nm,absorbance,558.9711830398797
564.977,180.855981,7ab8b416-1f33-4997-becf-fc15c458fba0,H2O,1037,nm,absorbance,559.1736709950898
565.181,184.797533,7ab8b416-1f33-4997-becf-fc15c458fba0,H2O,1038,nm,absorbance,559.3761589503
565.385,186.667916,7ab8b416-1f33-4997-becf-fc15c458fba0,H2O,1039,nm,absorbance,559.57864690551
565.59,188.14889,7ab8b416-1f33-4997-becf-fc15c458fba0,H2O,1040,nm,absorbance,559.7821274487359
565.794,184.684096,7ab8b416-1f33-4997-becf-fc15c458fba0,H2O,1041,nm,absorbance,559.984615403946
565.998,175.100982,7ab8b416-1f33-4997-becf-fc15c458fba0,H2O,1042,nm,absorbance,560.1871033591561
566.202,173.658092,7ab8b416-1f33-4997-becf-fc15c458fba0,H2O,1043,nm,absorbance,560.3895913143662
566.406,173.18743399999997,7ab8b416-1f33-4997-becf-fc15c458fba0,H2O,1044,nm,absorbance,560.5920792695763
566.61,173.252848,7ab8b416-1f33-4997-becf-fc15c458fba0,H2O,1045,nm,absorbance,560.7945672247864
566.814,169.70338800000002,7ab8b416-1f33-4997-becf-fc15c458fba0,H2O,1046,nm,absorbance,560.9970551799966
567.018,171.48897900000003,7ab8b416-1f33-4997-becf-fc15c458fba0,H2O,1047,nm,absorbance,561.1995431352067
567.222,174.67886199999998,7ab8b416-1f33-4997-becf-fc15c458fba0,H2O,1048,nm,absorbance,561.4020310904167
567.426,174.869721,7ab8b416-1f33-4997-becf-fc15c458fba0,H2O,1049,nm,absorbance,561.604519045627
567.63,168.065147,7ab8b416-1f33-4997-becf-fc15c458fba0,H2O,1050,nm,absorbance,561.807007000837
567.834,165.57937700000002,7ab8b416-1f33-4997-becf-fc15c458fba0,H2O,1051,nm,absorbance,562.009494956047
568.038,166.21822300000002,7ab8b416-1f33-4997-becf-fc15c458fba0,H2O,1052,nm,absorbance,562.2119829112572
568.242,168.533825,7ab8b416-1f33-4997-becf-fc15c458fba0,H2O,1053,nm,absorbance,562.4144708664672
568.446,170.039949,7ab8b416-1f33-4997-becf-fc15c458fba0,H2O,1054,nm,absorbance,562.6169588216775
568.65,166.036906,7ab8b416-1f33-4997-becf-fc15c458fba0,H2O,1055,nm,absorbance,562.8194467768875
568.854,159.61124,7ab8b416-1f33-4997-becf-fc15c458fba0,H2O,1056,nm,absorbance,563.0219347320976
569.058,157.659247,7ab8b416-1f33-4997-becf-fc15c458fba0,H2O,1057,nm,absorbance,563.2244226873078
569.262,152.641363,7ab8b416-1f33-4997-becf-fc15c458fba0,H2O,1058,nm,absorbance,563.4269106425178
569.466,148.701208,7ab8b416-1f33-4997-becf-fc15c458fba0,H2O,1059,nm,absorbance,563.6293985977279
569.67,137.473523,7ab8b416-1f33-4997-becf-fc15c458fba0,H2O,1060,nm,absorbance,563.831886552938
569.874,136.475118,7ab8b416-1f33-4997-becf-fc15c458fba0,H2O,1061,nm,absorbance,564.0343745081482
570.078,132.657974,7ab8b416-1f33-4997-becf-fc15c458fba0,H2O,1062,nm,absorbance,564.2368624633583
570.281,131.688953,7ab8b416-1f33-4997-becf-fc15c458fba0,H2O,1063,nm,absorbance,564.4383578305526
570.485,125.448383,7ab8b416-1f33-4997-becf-fc15c458fba0,H2O,1064,nm,absorbance,564.6408457857627
570.689,124.298372,7ab8b416-1f33-4997-becf-fc15c458fba0,H2O,1065,nm,absorbance,564.8433337409729
570.893,124.70439500000002,7ab8b416-1f33-4997-becf-fc15c458fba0,H2O,1066,nm,absorbance,565.045821696183
571.097,123.744866,7ab8b416-1f33-4997-becf-fc15c458fba0,H2O,1067,nm,absorbance,565.2483096513931
571.3,123.002552,7ab8b416-1f33-4997-becf-fc15c458fba0,H2O,1068,nm,absorbance,565.4498050185874
571.504,115.520903,7ab8b416-1f33-4997-becf-fc15c458fba0,H2O,1069,nm,absorbance,565.6522929737976
571.708,111.595158,7ab8b416-1f33-4997-becf-fc15c458fba0,H2O,1070,nm,absorbance,565.8547809290077
571.912,106.88606800000002,7ab8b416-1f33-4997-becf-fc15c458fba0,H2O,1071,nm,absorbance,566.0572688842178
572.115,107.055481,7ab8b416-1f33-4997-becf-fc15c458fba0,H2O,1072,nm,absorbance,566.2587642514122
572.319,106.455397,7ab8b416-1f33-4997-becf-fc15c458fba0,H2O,1073,nm,absorbance,566.4612522066222
572.523,102.590981,7ab8b416-1f33-4997-becf-fc15c458fba0,H2O,1074,nm,absorbance,566.6637401618324
572.726,100.804603,7ab8b416-1f33-4997-becf-fc15c458fba0,H2O,1075,nm,absorbance,566.8652355290268
572.93,91.845105,7ab8b416-1f33-4997-becf-fc15c458fba0,H2O,1076,nm,absorbance,567.0677234842368
573.133,86.30977399999999,7ab8b416-1f33-4997-becf-fc15c458fba0,H2O,1077,nm,absorbance,567.2692188514313
573.337,83.529642,7ab8b416-1f33-4997-becf-fc15c458fba0,H2O,1078,nm,absorbance,567.4717068066414
573.541,90.463391,7ab8b416-1f33-4997-becf-fc15c458fba0,H2O,1079,nm,absorbance,567.6741947618515
573.744,90.953885,7ab8b416-1f33-4997-becf-fc15c458fba0,H2O,1080,nm,absorbance,567.8756901290459
573.948,91.764908,7ab8b416-1f33-4997-becf-fc15c458fba0,H2O,1081,nm,absorbance,568.0781780842559
574.151,85.227787,7ab8b416-1f33-4997-becf-fc15c458fba0,H2O,1082,nm,absorbance,568.2796734514503
574.355,82.18795,7ab8b416-1f33-4997-becf-fc15c458fba0,H2O,1083,nm,absorbance,568.4821614066605
574.558,83.151147,7ab8b416-1f33-4997-becf-fc15c458fba0,H2O,1084,nm,absorbance,568.6836567738549
574.762,82.81441600000001,7ab8b416-1f33-4997-becf-fc15c458fba0,H2O,1085,nm,absorbance,568.8861447290649
574.965,90.20949400000002,7ab8b416-1f33-4997-becf-fc15c458fba0,H2O,1086,nm,absorbance,569.0876400962593
575.169,90.964396,7ab8b416-1f33-4997-becf-fc15c458fba0,H2O,1087,nm,absorbance,569.2901280514694
575.372,93.34718999999998,7ab8b416-1f33-4997-becf-fc15c458fba0,H2O,1088,nm,absorbance,569.4916234186637
575.576,92.294416,7ab8b416-1f33-4997-becf-fc15c458fba0,H2O,1089,nm,absorbance,569.694111373874
575.779,87.56226899999999,7ab8b416-1f33-4997-becf-fc15c458fba0,H2O,1090,nm,absorbance,569.8956067410683
575.983,89.779113,7ab8b416-1f33-4997-becf-fc15c458fba0,H2O,1091,nm,absorbance,570.0980946962783
576.186,81.21445400000002,7ab8b416-1f33-4997-becf-fc15c458fba0,H2O,1092,nm,absorbance,570.2995900634728
576.389,84.552628,7ab8b416-1f33-4997-becf-fc15c458fba0,H2O,1093,nm,absorbance,570.5010854306671
576.593,82.950342,7ab8b416-1f33-4997-becf-fc15c458fba0,H2O,1094,nm,absorbance,570.7035733858772
576.796,90.580391,7ab8b416-1f33-4997-becf-fc15c458fba0,H2O,1095,nm,absorbance,570.9050687530716
577.0,91.974843,7ab8b416-1f33-4997-becf-fc15c458fba0,H2O,1096,nm,absorbance,571.1075567082818
577.203,90.704232,7ab8b416-1f33-4997-becf-fc15c458fba0,H2O,1097,nm,absorbance,571.3090520754761
577.406,87.927899,7ab8b416-1f33-4997-becf-fc15c458fba0,H2O,1098,nm,absorbance,571.5105474426704
577.609,86.37119499999999,7ab8b416-1f33-4997-becf-fc15c458fba0,H2O,1099,nm,absorbance,571.7120428098649
577.813,91.848425,7ab8b416-1f33-4997-becf-fc15c458fba0,H2O,1100,nm,absorbance,571.9145307650749
578.016,92.934637,7ab8b416-1f33-4997-becf-fc15c458fba0,H2O,1101,nm,absorbance,572.1160261322693
578.219,90.86016599999998,7ab8b416-1f33-4997-becf-fc15c458fba0,H2O,1102,nm,absorbance,572.3175214994637
578.423,88.69637800000001,7ab8b416-1f33-4997-becf-fc15c458fba0,H2O,1103,nm,absorbance,572.5200094546739
578.626,86.10884300000001,7ab8b416-1f33-4997-becf-fc15c458fba0,H2O,1104,nm,absorbance,572.7215048218682
578.829,84.80759599999999,7ab8b416-1f33-4997-becf-fc15c458fba0,H2O,1105,nm,absorbance,572.9230001890625
579.032,81.391499,7ab8b416-1f33-4997-becf-fc15c458fba0,H2O,1106,nm,absorbance,573.124495556257
579.235,84.243328,7ab8b416-1f33-4997-becf-fc15c458fba0,H2O,1107,nm,absorbance,573.3259909234513
579.438,87.40362400000001,7ab8b416-1f33-4997-becf-fc15c458fba0,H2O,1108,nm,absorbance,573.5274862906457
579.642,84.287887,7ab8b416-1f33-4997-becf-fc15c458fba0,H2O,1109,nm,absorbance,573.7299742458558
579.845,82.494273,7ab8b416-1f33-4997-becf-fc15c458fba0,H2O,1110,nm,absorbance,573.9314696130502
580.048,78.405931,7ab8b416-1f33-4997-becf-fc15c458fba0,H2O,1111,nm,absorbance,574.1329649802445
580.251,85.34455499999999,7ab8b416-1f33-4997-becf-fc15c458fba0,H2O,1112,nm,absorbance,574.334460347439
580.454,87.336255,7ab8b416-1f33-4997-becf-fc15c458fba0,H2O,1113,nm,absorbance,574.5359557146332
580.657,92.53376799999998,7ab8b416-1f33-4997-becf-fc15c458fba0,H2O,1114,nm,absorbance,574.7374510818277
580.86,90.15938400000002,7ab8b416-1f33-4997-becf-fc15c458fba0,H2O,1115,nm,absorbance,574.9389464490221
581.063,92.425044,7ab8b416-1f33-4997-becf-fc15c458fba0,H2O,1116,nm,absorbance,575.1404418162164
581.266,90.270013,7ab8b416-1f33-4997-becf-fc15c458fba0,H2O,1117,nm,absorbance,575.3419371834108
581.469,88.069225,7ab8b416-1f33-4997-becf-fc15c458fba0,H2O,1118,nm,absorbance,575.5434325506052
581.672,89.146317,7ab8b416-1f33-4997-becf-fc15c458fba0,H2O,1119,nm,absorbance,575.7449279177996
581.875,84.38768999999999,7ab8b416-1f33-4997-becf-fc15c458fba0,H2O,1120,nm,absorbance,575.9464232849939
582.078,87.53932400000001,7ab8b416-1f33-4997-becf-fc15c458fba0,H2O,1121,nm,absorbance,576.1479186521883
582.281,88.339677,7ab8b416-1f33-4997-becf-fc15c458fba0,H2O,1122,nm,absorbance,576.3494140193826
582.484,95.875258,7ab8b416-1f33-4997-becf-fc15c458fba0,H2O,1123,nm,absorbance,576.550909386577
582.687,95.589803,7ab8b416-1f33-4997-becf-fc15c458fba0,H2O,1124,nm,absorbance,576.7524047537714
582.89,91.482111,7ab8b416-1f33-4997-becf-fc15c458fba0,H2O,1125,nm,absorbance,576.9539001209657
583.093,96.099491,7ab8b416-1f33-4997-becf-fc15c458fba0,H2O,1126,nm,absorbance,577.1553954881601
583.296,100.784429,7ab8b416-1f33-4997-becf-fc15c458fba0,H2O,1127,nm,absorbance,577.3568908553545
583.499,102.82233800000002,7ab8b416-1f33-4997-becf-fc15c458fba0,H2O,1128,nm,absorbance,577.558386222549
583.702,95.702944,7ab8b416-1f33-4997-becf-fc15c458fba0,H2O,1129,nm,absorbance,577.7598815897433
583.904,99.516308,7ab8b416-1f33-4997-becf-fc15c458fba0,H2O,1130,nm,absorbance,577.960384368922
584.107,104.051829,7ab8b416-1f33-4997-becf-fc15c458fba0,H2O,1131,nm,absorbance,578.1618797361162
584.31,104.790374,7ab8b416-1f33-4997-becf-fc15c458fba0,H2O,1132,nm,absorbance,578.3633751033107
584.513,99.473564,7ab8b416-1f33-4997-becf-fc15c458fba0,H2O,1133,nm,absorbance,578.5648704705051
584.716,96.22940300000002,7ab8b416-1f33-4997-becf-fc15c458fba0,H2O,1134,nm,absorbance,578.7663658376994
584.918,104.208689,7ab8b416-1f33-4997-becf-fc15c458fba0,H2O,1135,nm,absorbance,578.9668686168781
585.121,102.73406,7ab8b416-1f33-4997-becf-fc15c458fba0,H2O,1136,nm,absorbance,579.1683639840724
585.324,104.954184,7ab8b416-1f33-4997-becf-fc15c458fba0,H2O,1137,nm,absorbance,579.3698593512668
585.527,96.101292,7ab8b416-1f33-4997-becf-fc15c458fba0,H2O,1138,nm,absorbance,579.5713547184612
585.729,99.055756,7ab8b416-1f33-4997-becf-fc15c458fba0,H2O,1139,nm,absorbance,579.7718574976399
585.932,96.216695,7ab8b416-1f33-4997-becf-fc15c458fba0,H2O,1140,nm,absorbance,579.9733528648342
586.135,101.079548,7ab8b416-1f33-4997-becf-fc15c458fba0,H2O,1141,nm,absorbance,580.1748482320286
586.337,105.755895,7ab8b416-1f33-4997-becf-fc15c458fba0,H2O,1142,nm,absorbance,580.3753510112072
586.54,104.493708,7ab8b416-1f33-4997-becf-fc15c458fba0,H2O,1143,nm,absorbance,580.5768463784016
586.743,103.941665,7ab8b416-1f33-4997-becf-fc15c458fba0,H2O,1144,nm,absorbance,580.778341745596
586.945,95.866158,7ab8b416-1f33-4997-becf-fc15c458fba0,H2O,1145,nm,absorbance,580.9788445247747
587.148,96.912743,7ab8b416-1f33-4997-becf-fc15c458fba0,H2O,1146,nm,absorbance,581.180339891969
587.35,94.22120100000002,7ab8b416-1f33-4997-becf-fc15c458fba0,H2O,1147,nm,absorbance,581.3808426711477
587.553,99.53797900000002,7ab8b416-1f33-4997-becf-fc15c458fba0,H2O,1148,nm,absorbance,581.582338038342
587.755,101.993736,7ab8b416-1f33-4997-becf-fc15c458fba0,H2O,1149,nm,absorbance,581.7828408175207
587.958,104.54164299999998,7ab8b416-1f33-4997-becf-fc15c458fba0,H2O,1150,nm,absorbance,581.984336184715
588.161,103.22022800000002,7ab8b416-1f33-4997-becf-fc15c458fba0,H2O,1151,nm,absorbance,582.1858315519094
588.363,100.146446,7ab8b416-1f33-4997-becf-fc15c458fba0,H2O,1152,nm,absorbance,582.386334331088
588.566,102.0006,7ab8b416-1f33-4997-becf-fc15c458fba0,H2O,1153,nm,absorbance,582.5878296982823
588.768,99.477522,7ab8b416-1f33-4997-becf-fc15c458fba0,H2O,1154,nm,absorbance,582.788332477461
588.971,100.444365,7ab8b416-1f33-4997-becf-fc15c458fba0,H2O,1155,nm,absorbance,582.9898278446553
589.173,94.821408,7ab8b416-1f33-4997-becf-fc15c458fba0,H2O,1156,nm,absorbance,583.190330623834
589.375,93.48340199999998,7ab8b416-1f33-4997-becf-fc15c458fba0,H2O,1157,nm,absorbance,583.3908334030126
589.578,90.921615,7ab8b416-1f33-4997-becf-fc15c458fba0,H2O,1158,nm,absorbance,583.592328770207
589.78,90.961722,7ab8b416-1f33-4997-becf-fc15c458fba0,H2O,1159,nm,absorbance,583.7928315493856
589.983,89.63513800000001,7ab8b416-1f33-4997-becf-fc15c458fba0,H2O,1160,nm,absorbance,583.99432691658
590.185,92.36097,7ab8b416-1f33-4997-becf-fc15c458fba0,H2O,1161,nm,absorbance,584.1948296957586
590.387,92.777335,7ab8b416-1f33-4997-becf-fc15c458fba0,H2O,1162,nm,absorbance,584.3953324749373
590.59,95.732162,7ab8b416-1f33-4997-becf-fc15c458fba0,H2O,1163,nm,absorbance,584.5968278421317
590.792,94.69537,7ab8b416-1f33-4997-becf-fc15c458fba0,H2O,1164,nm,absorbance,584.7973306213104
590.994,96.371154,7ab8b416-1f33-4997-becf-fc15c458fba0,H2O,1165,nm,absorbance,584.997833400489
591.197,97.757369,7ab8b416-1f33-4997-becf-fc15c458fba0,H2O,1166,nm,absorbance,585.1993287676834
591.399,96.125156,7ab8b416-1f33-4997-becf-fc15c458fba0,H2O,1167,nm,absorbance,585.399831546862
591.601,94.229408,7ab8b416-1f33-4997-becf-fc15c458fba0,H2O,1168,nm,absorbance,585.6003343260406
591.803,88.370093,7ab8b416-1f33-4997-becf-fc15c458fba0,H2O,1169,nm,absorbance,585.8008371052192
592.006,87.46928299999999,7ab8b416-1f33-4997-becf-fc15c458fba0,H2O,1170,nm,absorbance,586.0023324724136
592.208,86.88641900000002,7ab8b416-1f33-4997-becf-fc15c458fba0,H2O,1171,nm,absorbance,586.2028352515922
592.41,90.069402,7ab8b416-1f33-4997-becf-fc15c458fba0,H2O,1172,nm,absorbance,586.4033380307709
592.612,91.797309,7ab8b416-1f33-4997-becf-fc15c458fba0,H2O,1173,nm,absorbance,586.6038408099495
592.815,92.568411,7ab8b416-1f33-4997-becf-fc15c458fba0,H2O,1174,nm,absorbance,586.805336177144
593.017,92.354981,7ab8b416-1f33-4997-becf-fc15c458fba0,H2O,1175,nm,absorbance,587.0058389563226
593.219,86.86519000000001,7ab8b416-1f33-4997-becf-fc15c458fba0,H2O,1176,nm,absorbance,587.2063417355013
593.421,86.05893599999999,7ab8b416-1f33-4997-becf-fc15c458fba0,H2O,1177,nm,absorbance,587.4068445146798
593.623,82.58171600000001,7ab8b416-1f33-4997-becf-fc15c458fba0,H2O,1178,nm,absorbance,587.6073472938585
593.825,86.826994,7ab8b416-1f33-4997-becf-fc15c458fba0,H2O,1179,nm,absorbance,587.8078500730371
594.027,88.17089399999998,7ab8b416-1f33-4997-becf-fc15c458fba0,H2O,1180,nm,absorbance,588.0083528522158
594.229,86.98441800000002,7ab8b416-1f33-4997-becf-fc15c458fba0,H2O,1181,nm,absorbance,588.2088556313944
594.432,87.12720200000001,7ab8b416-1f33-4997-becf-fc15c458fba0,H2O,1182,nm,absorbance,588.4103509985888
594.634,85.77063100000001,7ab8b416-1f33-4997-becf-fc15c458fba0,H2O,1183,nm,absorbance,588.6108537777674
594.836,87.30793499999999,7ab8b416-1f33-4997-becf-fc15c458fba0,H2O,1184,nm,absorbance,588.8113565569461
595.038,94.827784,7ab8b416-1f33-4997-becf-fc15c458fba0,H2O,1185,nm,absorbance,589.0118593361246
595.24,99.962578,7ab8b416-1f33-4997-becf-fc15c458fba0,H2O,1186,nm,absorbance,589.2123621153033
595.442,101.110481,7ab8b416-1f33-4997-becf-fc15c458fba0,H2O,1187,nm,absorbance,589.412864894482
595.644,95.607685,7ab8b416-1f33-4997-becf-fc15c458fba0,H2O,1188,nm,absorbance,589.6133676736606
595.846,88.095376,7ab8b416-1f33-4997-becf-fc15c458fba0,H2O,1189,nm,absorbance,589.8138704528393
596.048,92.29044500000002,7ab8b416-1f33-4997-becf-fc15c458fba0,H2O,1190,nm,absorbance,590.0143732320179
596.249,93.247135,7ab8b416-1f33-4997-becf-fc15c458fba0,H2O,1191,nm,absorbance,590.2138834231808
596.451,95.594757,7ab8b416-1f33-4997-becf-fc15c458fba0,H2O,1192,nm,absorbance,590.4143862023594
596.653,90.731823,7ab8b416-1f33-4997-becf-fc15c458fba0,H2O,1193,nm,absorbance,590.6148889815381
596.855,89.69517100000002,7ab8b416-1f33-4997-becf-fc15c458fba0,H2O,1194,nm,absorbance,590.8153917607167
597.057,96.289772,7ab8b416-1f33-4997-becf-fc15c458fba0,H2O,1195,nm,absorbance,591.0158945398954
597.259,96.869653,7ab8b416-1f33-4997-becf-fc15c458fba0,H2O,1196,nm,absorbance,591.216397319074
597.461,94.89353,7ab8b416-1f33-4997-becf-fc15c458fba0,H2O,1197,nm,absorbance,591.4169000982527
597.663,91.418878,7ab8b416-1f33-4997-becf-fc15c458fba0,H2O,1198,nm,absorbance,591.6174028774312
597.864,94.349929,7ab8b416-1f33-4997-becf-fc15c458fba0,H2O,1199,nm,absorbance,591.8169130685942
598.066,94.259571,7ab8b416-1f33-4997-becf-fc15c458fba0,H2O,1200,nm,absorbance,592.0174158477728
598.268,95.534385,7ab8b416-1f33-4997-becf-fc15c458fba0,H2O,1201,nm,absorbance,592.2179186269515
598.47,98.140591,7ab8b416-1f33-4997-becf-fc15c458fba0,H2O,1202,nm,absorbance,592.41842140613
598.671,100.916588,7ab8b416-1f33-4997-becf-fc15c458fba0,H2O,1203,nm,absorbance,592.617931597293
598.873,95.530038,7ab8b416-1f33-4997-becf-fc15c458fba0,H2O,1204,nm,absorbance,592.8184343764716
599.075,90.300038,7ab8b416-1f33-4997-becf-fc15c458fba0,H2O,1205,nm,absorbance,593.0189371556503
599.277,89.790952,7ab8b416-1f33-4997-becf-fc15c458fba0,H2O,1206,nm,absorbance,593.219439934829
599.478,92.105423,7ab8b416-1f33-4997-becf-fc15c458fba0,H2O,1207,nm,absorbance,593.4189501259917
599.68,96.470732,7ab8b416-1f33-4997-becf-fc15c458fba0,H2O,1208,nm,absorbance,593.6194529051704
599.882,101.49702599999998,7ab8b416-1f33-4997-becf-fc15c458fba0,H2O,1209,nm,absorbance,593.819955684349
600.083,106.578553,7ab8b416-1f33-4997-becf-fc15c458fba0,H2O,1210,nm,absorbance,594.019465875512
600.285,105.652184,7ab8b416-1f33-4997-becf-fc15c458fba0,H2O,1211,nm,absorbance,594.2199686546905
600.487,100.002194,7ab8b416-1f33-4997-becf-fc15c458fba0,H2O,1212,nm,absorbance,594.4204714338692
600.688,97.253458,7ab8b416-1f33-4997-becf-fc15c458fba0,H2O,1213,nm,absorbance,594.6199816250321
600.89,97.517776,7ab8b416-1f33-4997-becf-fc15c458fba0,H2O,1214,nm,absorbance,594.8204844042108
601.091,98.518499,7ab8b416-1f33-4997-becf-fc15c458fba0,H2O,1215,nm,absorbance,595.0199945953736
601.293,99.221549,7ab8b416-1f33-4997-becf-fc15c458fba0,H2O,1216,nm,absorbance,595.2204973745523
601.494,100.25902,7ab8b416-1f33-4997-becf-fc15c458fba0,H2O,1217,nm,absorbance,595.4200075657153
601.696,103.04496600000002,7ab8b416-1f33-4997-becf-fc15c458fba0,H2O,1218,nm,absorbance,595.6205103448939
601.898,103.03002899999998,7ab8b416-1f33-4997-becf-fc15c458fba0,H2O,1219,nm,absorbance,595.8210131240726
602.099,103.559993,7ab8b416-1f33-4997-becf-fc15c458fba0,H2O,1220,nm,absorbance,596.0205233152354
602.301,102.176361,7ab8b416-1f33-4997-becf-fc15c458fba0,H2O,1221,nm,absorbance,596.2210260944141
602.502,99.387276,7ab8b416-1f33-4997-becf-fc15c458fba0,H2O,1222,nm,absorbance,596.4205362855769
602.703,99.042353,7ab8b416-1f33-4997-becf-fc15c458fba0,H2O,1223,nm,absorbance,596.6200464767398
602.905,98.23655999999995,7ab8b416-1f33-4997-becf-fc15c458fba0,H2O,1224,nm,absorbance,596.8205492559184
603.106,98.82529,7ab8b416-1f33-4997-becf-fc15c458fba0,H2O,1225,nm,absorbance,597.0200594470814
603.308,98.884094,7ab8b416-1f33-4997-becf-fc15c458fba0,H2O,1226,nm,absorbance,597.22056222626
603.509,101.517128,7ab8b416-1f33-4997-becf-fc15c458fba0,H2O,1227,nm,absorbance,597.420072417423
603.711,105.82994,7ab8b416-1f33-4997-becf-fc15c458fba0,H2O,1228,nm,absorbance,597.6205751966016
603.912,107.705991,7ab8b416-1f33-4997-becf-fc15c458fba0,H2O,1229,nm,absorbance,597.8200853877645
604.113,109.474346,7ab8b416-1f33-4997-becf-fc15c458fba0,H2O,1230,nm,absorbance,598.0195955789275
604.315,111.26315300000002,7ab8b416-1f33-4997-becf-fc15c458fba0,H2O,1231,nm,absorbance,598.220098358106
604.516,113.868469,7ab8b416-1f33-4997-becf-fc15c458fba0,H2O,1232,nm,absorbance,598.4196085492689
604.717,115.859483,7ab8b416-1f33-4997-becf-fc15c458fba0,H2O,1233,nm,absorbance,598.6191187404318
604.919,113.606982,7ab8b416-1f33-4997-becf-fc15c458fba0,H2O,1234,nm,absorbance,598.8196215196105
605.12,118.098722,7ab8b416-1f33-4997-becf-fc15c458fba0,H2O,1235,nm,absorbance,599.0191317107733
605.321,119.163615,7ab8b416-1f33-4997-becf-fc15c458fba0,H2O,1236,nm,absorbance,599.2186419019363
605.522,119.953149,7ab8b416-1f33-4997-becf-fc15c458fba0,H2O,1237,nm,absorbance,599.4181520930993
605.724,117.07009,7ab8b416-1f33-4997-becf-fc15c458fba0,H2O,1238,nm,absorbance,599.6186548722778
605.925,117.683442,7ab8b416-1f33-4997-becf-fc15c458fba0,H2O,1239,nm,absorbance,599.8181650634407
606.126,121.177014,7ab8b416-1f33-4997-becf-fc15c458fba0,H2O,1240,nm,absorbance,600.0176752546035
606.327,123.916385,7ab8b416-1f33-4997-becf-fc15c458fba0,H2O,1241,nm,absorbance,600.2171854457665
606.528,123.201197,7ab8b416-1f33-4997-becf-fc15c458fba0,H2O,1242,nm,absorbance,600.4166956369294
606.729,126.74176200000002,7ab8b416-1f33-4997-becf-fc15c458fba0,H2O,1243,nm,absorbance,600.6162058280923
606.931,131.004482,7ab8b416-1f33-4997-becf-fc15c458fba0,H2O,1244,nm,absorbance,600.816708607271
607.132,137.994243,7ab8b416-1f33-4997-becf-fc15c458fba0,H2O,1245,nm,absorbance,601.0162187984338
607.333,140.005256,7ab8b416-1f33-4997-becf-fc15c458fba0,H2O,1246,nm,absorbance,601.2157289895968
607.534,139.73305399999998,7ab8b416-1f33-4997-becf-fc15c458fba0,H2O,1247,nm,absorbance,601.4152391807596
607.735,138.526832,7ab8b416-1f33-4997-becf-fc15c458fba0,H2O,1248,nm,absorbance,601.6147493719226
607.936,140.49344100000002,7ab8b416-1f33-4997-becf-fc15c458fba0,H2O,1249,nm,absorbance,601.8142595630854
608.137,145.22547200000002,7ab8b416-1f33-4997-becf-fc15c458fba0,H2O,1250,nm,absorbance,602.0137697542483
608.338,150.111447,7ab8b416-1f33-4997-becf-fc15c458fba0,H2O,1251,nm,absorbance,602.2132799454113
608.539,151.585473,7ab8b416-1f33-4997-becf-fc15c458fba0,H2O,1252,nm,absorbance,602.4127901365741
608.74,149.090237,7ab8b416-1f33-4997-becf-fc15c458fba0,H2O,1253,nm,absorbance,602.6123003277371
608.941,149.79893800000002,7ab8b416-1f33-4997-becf-fc15c458fba0,H2O,1254,nm,absorbance,602.8118105189
609.142,153.976825,7ab8b416-1f33-4997-becf-fc15c458fba0,H2O,1255,nm,absorbance,603.0113207100629
609.343,158.468596,7ab8b416-1f33-4997-becf-fc15c458fba0,H2O,1256,nm,absorbance,603.2108309012258
609.544,160.683606,7ab8b416-1f33-4997-becf-fc15c458fba0,H2O,1257,nm,absorbance,603.4103410923886
609.745,156.43229200000002,7ab8b416-1f33-4997-becf-fc15c458fba0,H2O,1258,nm,absorbance,603.6098512835516
609.946,153.915719,7ab8b416-1f33-4997-becf-fc15c458fba0,H2O,1259,nm,absorbance,603.8093614747145
610.147,154.511438,7ab8b416-1f33-4997-becf-fc15c458fba0,H2O,1260,nm,absorbance,604.0088716658775
610.348,158.64212099999995,7ab8b416-1f33-4997-becf-fc15c458fba0,H2O,1261,nm,absorbance,604.2083818570402
610.549,164.590823,7ab8b416-1f33-4997-becf-fc15c458fba0,H2O,1262,nm,absorbance,604.4078920482032
610.75,169.175872,7ab8b416-1f33-4997-becf-fc15c458fba0,H2O,1263,nm,absorbance,604.6074022393661
610.95,167.95829400000002,7ab8b416-1f33-4997-becf-fc15c458fba0,H2O,1264,nm,absorbance,604.8059198425133
611.151,163.982763,7ab8b416-1f33-4997-becf-fc15c458fba0,H2O,1265,nm,absorbance,605.0054300336761
611.352,160.680594,7ab8b416-1f33-4997-becf-fc15c458fba0,H2O,1266,nm,absorbance,605.204940224839
611.553,163.29954700000002,7ab8b416-1f33-4997-becf-fc15c458fba0,H2O,1267,nm,absorbance,605.404450416002
611.754,161.82373099999998,7ab8b416-1f33-4997-becf-fc15c458fba0,H2O,1268,nm,absorbance,605.6039606071649
611.954,157.388007,7ab8b416-1f33-4997-becf-fc15c458fba0,H2O,1269,nm,absorbance,605.802478210312
612.155,152.322867,7ab8b416-1f33-4997-becf-fc15c458fba0,H2O,1270,nm,absorbance,606.0019884014749
612.356,149.116337,7ab8b416-1f33-4997-becf-fc15c458fba0,H2O,1271,nm,absorbance,606.2014985926378
612.557,150.918195,7ab8b416-1f33-4997-becf-fc15c458fba0,H2O,1272,nm,absorbance,606.4010087838008
612.757,152.30627900000002,7ab8b416-1f33-4997-becf-fc15c458fba0,H2O,1273,nm,absorbance,606.5995263869479
612.958,153.383881,7ab8b416-1f33-4997-becf-fc15c458fba0,H2O,1274,nm,absorbance,606.7990365781108
613.159,149.946388,7ab8b416-1f33-4997-becf-fc15c458fba0,H2O,1275,nm,absorbance,606.9985467692737
613.359,147.642189,7ab8b416-1f33-4997-becf-fc15c458fba0,H2O,1276,nm,absorbance,607.1970643724209
613.56,141.134148,7ab8b416-1f33-4997-becf-fc15c458fba0,H2O,1277,nm,absorbance,607.3965745635837
613.761,140.434611,7ab8b416-1f33-4997-becf-fc15c458fba0,H2O,1278,nm,absorbance,607.5960847547467
613.961,137.993107,7ab8b416-1f33-4997-becf-fc15c458fba0,H2O,1279,nm,absorbance,607.7946023578938
614.162,141.692282,7ab8b416-1f33-4997-becf-fc15c458fba0,H2O,1280,nm,absorbance,607.9941125490568
614.362,141.696068,7ab8b416-1f33-4997-becf-fc15c458fba0,H2O,1281,nm,absorbance,608.192630152204
614.563,142.275466,7ab8b416-1f33-4997-becf-fc15c458fba0,H2O,1282,nm,absorbance,608.3921403433668
614.764,139.48213000000004,7ab8b416-1f33-4997-becf-fc15c458fba0,H2O,1283,nm,absorbance,608.5916505345298
614.964,134.54049700000002,7ab8b416-1f33-4997-becf-fc15c458fba0,H2O,1284,nm,absorbance,608.7901681376769
615.165,129.497998,7ab8b416-1f33-4997-becf-fc15c458fba0,H2O,1285,nm,absorbance,608.9896783288398
615.365,128.496725,7ab8b416-1f33-4997-becf-fc15c458fba0,H2O,1286,nm,absorbance,609.188195931987
615.566,126.746944,7ab8b416-1f33-4997-becf-fc15c458fba0,H2O,1287,nm,absorbance,609.3877061231499
615.766,126.188212,7ab8b416-1f33-4997-becf-fc15c458fba0,H2O,1288,nm,absorbance,609.586223726297
615.967,123.355514,7ab8b416-1f33-4997-becf-fc15c458fba0,H2O,1289,nm,absorbance,609.7857339174599
616.167,121.800262,7ab8b416-1f33-4997-becf-fc15c458fba0,H2O,1290,nm,absorbance,609.9842515206071
616.368,119.639862,7ab8b416-1f33-4997-becf-fc15c458fba0,H2O,1291,nm,absorbance,610.1837617117701
616.568,117.134229,7ab8b416-1f33-4997-becf-fc15c458fba0,H2O,1292,nm,absorbance,610.3822793149171
616.768,115.061809,7ab8b416-1f33-4997-becf-fc15c458fba0,H2O,1293,nm,absorbance,610.5807969180644
616.969,113.190896,7ab8b416-1f33-4997-becf-fc15c458fba0,H2O,1294,nm,absorbance,610.7803071092274
617.169,108.47192,7ab8b416-1f33-4997-becf-fc15c458fba0,H2O,1295,nm,absorbance,610.9788247123744
617.37,104.970467,7ab8b416-1f33-4997-becf-fc15c458fba0,H2O,1296,nm,absorbance,611.1783349035373
617.57,104.072293,7ab8b416-1f33-4997-becf-fc15c458fba0,H2O,1297,nm,absorbance,611.3768525066845
617.77,104.266043,7ab8b416-1f33-4997-becf-fc15c458fba0,H2O,1298,nm,absorbance,611.5753701098316
617.971,103.571514,7ab8b416-1f33-4997-becf-fc15c458fba0,H2O,1299,nm,absorbance,611.7748803009946
618.171,96.321312,7ab8b416-1f33-4997-becf-fc15c458fba0,H2O,1300,nm,absorbance,611.9733979041417
618.371,96.689199,7ab8b416-1f33-4997-becf-fc15c458fba0,H2O,1301,nm,absorbance,612.1719155072889
618.571,99.626602,7ab8b416-1f33-4997-becf-fc15c458fba0,H2O,1302,nm,absorbance,612.3704331104361
618.772,102.09681,7ab8b416-1f33-4997-becf-fc15c458fba0,H2O,1303,nm,absorbance,612.569943301599
618.972,98.855399,7ab8b416-1f33-4997-becf-fc15c458fba0,H2O,1304,nm,absorbance,612.7684609047461
619.172,93.482324,7ab8b416-1f33-4997-becf-fc15c458fba0,H2O,1305,nm,absorbance,612.9669785078933
619.372,92.584954,7ab8b416-1f33-4997-becf-fc15c458fba0,H2O,1306,nm,absorbance,613.1654961110404
619.573,94.727835,7ab8b416-1f33-4997-becf-fc15c458fba0,H2O,1307,nm,absorbance,613.3650063022034
619.773,92.101424,7ab8b416-1f33-4997-becf-fc15c458fba0,H2O,1308,nm,absorbance,613.5635239053505
619.973,89.19283500000002,7ab8b416-1f33-4997-becf-fc15c458fba0,H2O,1309,nm,absorbance,613.7620415084976
620.173,83.17492700000001,7ab8b416-1f33-4997-becf-fc15c458fba0,H2O,1310,nm,absorbance,613.9605591116449
620.373,79.972566,7ab8b416-1f33-4997-becf-fc15c458fba0,H2O,1311,nm,absorbance,614.159076714792
620.573,78.779723,7ab8b416-1f33-4997-becf-fc15c458fba0,H2O,1312,nm,absorbance,614.3575943179392
620.774,78.773915,7ab8b416-1f33-4997-becf-fc15c458fba0,H2O,1313,nm,absorbance,614.5571045091021
620.974,76.642941,7ab8b416-1f33-4997-becf-fc15c458fba0,H2O,1314,nm,absorbance,614.7556221122493
621.174,76.785314,7ab8b416-1f33-4997-becf-fc15c458fba0,H2O,1315,nm,absorbance,614.9541397153964
621.374,76.058384,7ab8b416-1f33-4997-becf-fc15c458fba0,H2O,1316,nm,absorbance,615.1526573185436
621.574,76.12294700000001,7ab8b416-1f33-4997-becf-fc15c458fba0,H2O,1317,nm,absorbance,615.3511749216907
621.774,79.656865,7ab8b416-1f33-4997-becf-fc15c458fba0,H2O,1318,nm,absorbance,615.549692524838
621.974,76.881013,7ab8b416-1f33-4997-becf-fc15c458fba0,H2O,1319,nm,absorbance,615.7482101279851
622.174,77.68910699999999,7ab8b416-1f33-4997-becf-fc15c458fba0,H2O,1320,nm,absorbance,615.9467277311322
622.374,70.512709,7ab8b416-1f33-4997-becf-fc15c458fba0,H2O,1321,nm,absorbance,616.1452453342795
622.574,71.271642,7ab8b416-1f33-4997-becf-fc15c458fba0,H2O,1322,nm,absorbance,616.3437629374265
622.774,69.73170400000001,7ab8b416-1f33-4997-becf-fc15c458fba0,H2O,1323,nm,absorbance,616.5422805405738
622.974,70.88885100000002,7ab8b416-1f33-4997-becf-fc15c458fba0,H2O,1324,nm,absorbance,616.740798143721
623.174,72.111121,7ab8b416-1f33-4997-becf-fc15c458fba0,H2O,1325,nm,absorbance,616.939315746868
623.374,72.88119299999998,7ab8b416-1f33-4997-becf-fc15c458fba0,H2O,1326,nm,absorbance,617.1378333500153
623.574,72.337929,7ab8b416-1f33-4997-becf-fc15c458fba0,H2O,1327,nm,absorbance,617.3363509531624
623.774,73.128186,7ab8b416-1f33-4997-becf-fc15c458fba0,H2O,1328,nm,absorbance,617.5348685563096
623.973,76.47183299999999,7ab8b416-1f33-4997-becf-fc15c458fba0,H2O,1329,nm,absorbance,617.732393571441
624.173,74.323385,7ab8b416-1f33-4997-becf-fc15c458fba0,H2O,1330,nm,absorbance,617.9309111745882
624.373,66.308232,7ab8b416-1f33-4997-becf-fc15c458fba0,H2O,1331,nm,absorbance,618.1294287777354
624.573,61.704872,7ab8b416-1f33-4997-becf-fc15c458fba0,H2O,1332,nm,absorbance,618.3279463808825
624.773,62.16744100000001,7ab8b416-1f33-4997-becf-fc15c458fba0,H2O,1333,nm,absorbance,618.5264639840298
624.973,64.37214500000002,7ab8b416-1f33-4997-becf-fc15c458fba0,H2O,1334,nm,absorbance,618.7249815871768
625.172,63.58115600000001,7ab8b416-1f33-4997-becf-fc15c458fba0,H2O,1335,nm,absorbance,618.9225066023083
625.372,67.12000799999998,7ab8b416-1f33-4997-becf-fc15c458fba0,H2O,1336,nm,absorbance,619.1210242054555
625.572,68.976778,7ab8b416-1f33-4997-becf-fc15c458fba0,H2O,1337,nm,absorbance,619.3195418086026
625.772,65.99631099999999,7ab8b416-1f33-4997-becf-fc15c458fba0,H2O,1338,nm,absorbance,619.5180594117498
625.971,63.244394,7ab8b416-1f33-4997-becf-fc15c458fba0,H2O,1339,nm,absorbance,619.7155844268813
626.171,61.12597400000001,7ab8b416-1f33-4997-becf-fc15c458fba0,H2O,1340,nm,absorbance,619.9141020300284
626.371,61.924445000000006,7ab8b416-1f33-4997-becf-fc15c458fba0,H2O,1341,nm,absorbance,620.1126196331755
626.57,62.579116,7ab8b416-1f33-4997-becf-fc15c458fba0,H2O,1342,nm,absorbance,620.3101446483071
626.77,61.92370999999999,7ab8b416-1f33-4997-becf-fc15c458fba0,H2O,1343,nm,absorbance,620.5086622514541
626.97,62.77096599999999,7ab8b416-1f33-4997-becf-fc15c458fba0,H2O,1344,nm,absorbance,620.7071798546013
627.169,57.02108400000001,7ab8b416-1f33-4997-becf-fc15c458fba0,H2O,1345,nm,absorbance,620.9047048697328
627.369,60.395847,7ab8b416-1f33-4997-becf-fc15c458fba0,H2O,1346,nm,absorbance,621.1032224728799
627.569,62.665246,7ab8b416-1f33-4997-becf-fc15c458fba0,H2O,1347,nm,absorbance,621.301740076027
627.768,64.75918700000001,7ab8b416-1f33-4997-becf-fc15c458fba0,H2O,1348,nm,absorbance,621.4992650911586
627.968,66.15105,7ab8b416-1f33-4997-becf-fc15c458fba0,H2O,1349,nm,absorbance,621.6977826943056
628.167,64.257361,7ab8b416-1f33-4997-becf-fc15c458fba0,H2O,1350,nm,absorbance,621.8953077094371
628.367,63.937495,7ab8b416-1f33-4997-becf-fc15c458fba0,H2O,1351,nm,absorbance,622.0938253125843
628.566,56.932418,7ab8b416-1f33-4997-becf-fc15c458fba0,H2O,1352,nm,absorbance,622.2913503277157
628.766,53.736565,7ab8b416-1f33-4997-becf-fc15c458fba0,H2O,1353,nm,absorbance,622.4898679308628
628.965,55.651859,7ab8b416-1f33-4997-becf-fc15c458fba0,H2O,1354,nm,absorbance,622.6873929459944
629.165,57.95610700000001,7ab8b416-1f33-4997-becf-fc15c458fba0,H2O,1355,nm,absorbance,622.8859105491414
629.364,60.646835,7ab8b416-1f33-4997-becf-fc15c458fba0,H2O,1356,nm,absorbance,623.0834355642729
629.564,63.312649,7ab8b416-1f33-4997-becf-fc15c458fba0,H2O,1357,nm,absorbance,623.28195316742
629.763,61.637252,7ab8b416-1f33-4997-becf-fc15c458fba0,H2O,1358,nm,absorbance,623.4794781825515
629.963,60.947037,7ab8b416-1f33-4997-becf-fc15c458fba0,H2O,1359,nm,absorbance,623.6779957856986
630.162,60.32336599999999,7ab8b416-1f33-4997-becf-fc15c458fba0,H2O,1360,nm,absorbance,623.8755208008301
630.362,61.672806,7ab8b416-1f33-4997-becf-fc15c458fba0,H2O,1361,nm,absorbance,624.0740384039772
630.561,66.60228900000001,7ab8b416-1f33-4997-becf-fc15c458fba0,H2O,1362,nm,absorbance,624.2715634191087
630.76,63.36903100000001,7ab8b416-1f33-4997-becf-fc15c458fba0,H2O,1363,nm,absorbance,624.4690884342401
630.96,66.700728,7ab8b416-1f33-4997-becf-fc15c458fba0,H2O,1364,nm,absorbance,624.6676060373874
631.159,66.80857400000001,7ab8b416-1f33-4997-becf-fc15c458fba0,H2O,1365,nm,absorbance,624.8651310525187
631.358,65.429751,7ab8b416-1f33-4997-becf-fc15c458fba0,H2O,1366,nm,absorbance,625.0626560676501
631.558,66.43576800000001,7ab8b416-1f33-4997-becf-fc15c458fba0,H2O,1367,nm,absorbance,625.2611736707973
631.757,63.287208,7ab8b416-1f33-4997-becf-fc15c458fba0,H2O,1368,nm,absorbance,625.4586986859287
631.956,64.31013300000001,7ab8b416-1f33-4997-becf-fc15c458fba0,H2O,1369,nm,absorbance,625.6562237010602
632.155,60.107026,7ab8b416-1f33-4997-becf-fc15c458fba0,H2O,1370,nm,absorbance,625.8537487161916
632.355,59.213423,7ab8b416-1f33-4997-becf-fc15c458fba0,H2O,1371,nm,absorbance,626.0522663193387
632.554,62.86311500000001,7ab8b416-1f33-4997-becf-fc15c458fba0,H2O,1372,nm,absorbance,626.2497913344702
632.753,67.22307099999999,7ab8b416-1f33-4997-becf-fc15c458fba0,H2O,1373,nm,absorbance,626.4473163496017
632.952,63.84015700000001,7ab8b416-1f33-4997-becf-fc15c458fba0,H2O,1374,nm,absorbance,626.6448413647331
633.152,61.816152,7ab8b416-1f33-4997-becf-fc15c458fba0,H2O,1375,nm,absorbance,626.8433589678802
633.351,60.028902,7ab8b416-1f33-4997-becf-fc15c458fba0,H2O,1376,nm,absorbance,627.0408839830117
633.55,67.04949300000001,7ab8b416-1f33-4997-becf-fc15c458fba0,H2O,1377,nm,absorbance,627.2384089981431
633.749,69.52676599999998,7ab8b416-1f33-4997-becf-fc15c458fba0,H2O,1378,nm,absorbance,627.4359340132745
633.948,66.609675,7ab8b416-1f33-4997-becf-fc15c458fba0,H2O,1379,nm,absorbance,627.6334590284059
634.147,65.493867,7ab8b416-1f33-4997-becf-fc15c458fba0,H2O,1380,nm,absorbance,627.8309840435375
634.346,62.51686800000001,7ab8b416-1f33-4997-becf-fc15c458fba0,H2O,1381,nm,absorbance,628.0285090586689
634.545,60.46623,7ab8b416-1f33-4997-becf-fc15c458fba0,H2O,1382,nm,absorbance,628.2260340738002
634.744,58.895641,7ab8b416-1f33-4997-becf-fc15c458fba0,H2O,1383,nm,absorbance,628.4235590889317
634.944,58.666789,7ab8b416-1f33-4997-becf-fc15c458fba0,H2O,1384,nm,absorbance,628.6220766920788
635.143,61.50113,7ab8b416-1f33-4997-becf-fc15c458fba0,H2O,1385,nm,absorbance,628.8196017072103
635.342,66.935562,7ab8b416-1f33-4997-becf-fc15c458fba0,H2O,1386,nm,absorbance,629.0171267223417
635.541,65.46803200000001,7ab8b416-1f33-4997-becf-fc15c458fba0,H2O,1387,nm,absorbance,629.2146517374732
635.74,67.96609699999999,7ab8b416-1f33-4997-becf-fc15c458fba0,H2O,1388,nm,absorbance,629.4121767526045
635.939,60.047782,7ab8b416-1f33-4997-becf-fc15c458fba0,H2O,1389,nm,absorbance,629.6097017677359
636.138,59.745629,7ab8b416-1f33-4997-becf-fc15c458fba0,H2O,1390,nm,absorbance,629.8072267828675
636.336,57.049402,7ab8b416-1f33-4997-becf-fc15c458fba0,H2O,1391,nm,absorbance,630.0037592099832
636.535,58.663768000000005,7ab8b416-1f33-4997-becf-fc15c458fba0,H2O,1392,nm,absorbance,630.2012842251145
636.734,56.973628,7ab8b416-1f33-4997-becf-fc15c458fba0,H2O,1393,nm,absorbance,630.398809240246
636.933,53.737825,7ab8b416-1f33-4997-becf-fc15c458fba0,H2O,1394,nm,absorbance,630.5963342553774
637.132,52.988436,7ab8b416-1f33-4997-becf-fc15c458fba0,H2O,1395,nm,absorbance,630.7938592705088
637.331,55.505522000000006,7ab8b416-1f33-4997-becf-fc15c458fba0,H2O,1396,nm,absorbance,630.9913842856403
637.53,57.219829,7ab8b416-1f33-4997-becf-fc15c458fba0,H2O,1397,nm,absorbance,631.1889093007717
637.729,55.455637,7ab8b416-1f33-4997-becf-fc15c458fba0,H2O,1398,nm,absorbance,631.3864343159032
637.928,51.709213,7ab8b416-1f33-4997-becf-fc15c458fba0,H2O,1399,nm,absorbance,631.5839593310345
638.126,50.24146900000001,7ab8b416-1f33-4997-becf-fc15c458fba0,H2O,1400,nm,absorbance,631.7804917581502
638.325,51.119304000000014,7ab8b416-1f33-4997-becf-fc15c458fba0,H2O,1401,nm,absorbance,631.9780167732818
638.524,51.231947000000005,7ab8b416-1f33-4997-becf-fc15c458fba0,H2O,1402,nm,absorbance,632.1755417884132
638.723,52.11933799999999,7ab8b416-1f33-4997-becf-fc15c458fba0,H2O,1403,nm,absorbance,632.3730668035445
638.921,50.59505,7ab8b416-1f33-4997-becf-fc15c458fba0,H2O,1404,nm,absorbance,632.5695992306603
639.12,53.59241999999999,7ab8b416-1f33-4997-becf-fc15c458fba0,H2O,1405,nm,absorbance,632.7671242457917
639.319,50.71950100000001,7ab8b416-1f33-4997-becf-fc15c458fba0,H2O,1406,nm,absorbance,632.9646492609231
639.518,51.369349,7ab8b416-1f33-4997-becf-fc15c458fba0,H2O,1407,nm,absorbance,633.1621742760545
639.716,54.730384,7ab8b416-1f33-4997-becf-fc15c458fba0,H2O,1408,nm,absorbance,633.3587067031702
639.915,61.05327,7ab8b416-1f33-4997-becf-fc15c458fba0,H2O,1409,nm,absorbance,633.5562317183017
640.114,58.072617,7ab8b416-1f33-4997-becf-fc15c458fba0,H2O,1410,nm,absorbance,633.7537567334332
640.312,49.828312,7ab8b416-1f33-4997-becf-fc15c458fba0,H2O,1411,nm,absorbance,633.9502891605488
640.511,47.09171500000001,7ab8b416-1f33-4997-becf-fc15c458fba0,H2O,1412,nm,absorbance,634.1478141756802
640.71,47.464526000000006,7ab8b416-1f33-4997-becf-fc15c458fba0,H2O,1413,nm,absorbance,634.3453391908117
640.908,50.523628,7ab8b416-1f33-4997-becf-fc15c458fba0,H2O,1414,nm,absorbance,634.5418716179274
641.107,47.739867,7ab8b416-1f33-4997-becf-fc15c458fba0,H2O,1415,nm,absorbance,634.7393966330587
641.305,48.825652,7ab8b416-1f33-4997-becf-fc15c458fba0,H2O,1416,nm,absorbance,634.9359290601744
641.504,45.751898,7ab8b416-1f33-4997-becf-fc15c458fba0,H2O,1417,nm,absorbance,635.133454075306
641.702,48.242296,7ab8b416-1f33-4997-becf-fc15c458fba0,H2O,1418,nm,absorbance,635.3299865024217
641.901,44.470029,7ab8b416-1f33-4997-becf-fc15c458fba0,H2O,1419,nm,absorbance,635.527511517553
642.099,44.502764,7ab8b416-1f33-4997-becf-fc15c458fba0,H2O,1420,nm,absorbance,635.7240439446688
642.298,43.32315100000001,7ab8b416-1f33-4997-becf-fc15c458fba0,H2O,1421,nm,absorbance,635.9215689598002
642.496,47.056186,7ab8b416-1f33-4997-becf-fc15c458fba0,H2O,1422,nm,absorbance,636.1181013869159
642.695,47.627154,7ab8b416-1f33-4997-becf-fc15c458fba0,H2O,1423,nm,absorbance,636.3156264020473
642.893,45.926109,7ab8b416-1f33-4997-becf-fc15c458fba0,H2O,1424,nm,absorbance,636.512158829163
643.092,45.569562000000005,7ab8b416-1f33-4997-becf-fc15c458fba0,H2O,1425,nm,absorbance,636.7096838442944
643.29,49.400614,7ab8b416-1f33-4997-becf-fc15c458fba0,H2O,1426,nm,absorbance,636.9062162714101
643.489,48.916512,7ab8b416-1f33-4997-becf-fc15c458fba0,H2O,1427,nm,absorbance,637.1037412865415
643.687,49.547086,7ab8b416-1f33-4997-becf-fc15c458fba0,H2O,1428,nm,absorbance,637.3002737136572
643.885,50.15755600000001,7ab8b416-1f33-4997-becf-fc15c458fba0,H2O,1429,nm,absorbance,637.496806140773
644.084,50.608237,7ab8b416-1f33-4997-becf-fc15c458fba0,H2O,1430,nm,absorbance,637.6943311559044
644.282,49.283029,7ab8b416-1f33-4997-becf-fc15c458fba0,H2O,1431,nm,absorbance,637.8908635830201
644.48,46.592439,7ab8b416-1f33-4997-becf-fc15c458fba0,H2O,1432,nm,absorbance,638.0873960101358
644.679,45.906857,7ab8b416-1f33-4997-becf-fc15c458fba0,H2O,1433,nm,absorbance,638.2849210252672
644.877,43.006436,7ab8b416-1f33-4997-becf-fc15c458fba0,H2O,1434,nm,absorbance,638.4814534523829
645.075,40.800457,7ab8b416-1f33-4997-becf-fc15c458fba0,H2O,1435,nm,absorbance,638.6779858794986
645.274,45.335661,7ab8b416-1f33-4997-becf-fc15c458fba0,H2O,1436,nm,absorbance,638.87551089463
645.472,46.06824400000001,7ab8b416-1f33-4997-becf-fc15c458fba0,H2O,1437,nm,absorbance,639.0720433217457
645.67,49.498186,7ab8b416-1f33-4997-becf-fc15c458fba0,H2O,1438,nm,absorbance,639.2685757488614
645.868,50.456807,7ab8b416-1f33-4997-becf-fc15c458fba0,H2O,1439,nm,absorbance,639.4651081759771
646.067,53.820398,7ab8b416-1f33-4997-becf-fc15c458fba0,H2O,1440,nm,absorbance,639.6626331911085
646.265,53.404455000000006,7ab8b416-1f33-4997-becf-fc15c458fba0,H2O,1441,nm,absorbance,639.8591656182242
646.463,49.974952,7ab8b416-1f33-4997-becf-fc15c458fba0,H2O,1442,nm,absorbance,640.0556980453399
646.661,46.508467,7ab8b416-1f33-4997-becf-fc15c458fba0,H2O,1443,nm,absorbance,640.2522304724555
646.859,46.411774,7ab8b416-1f33-4997-becf-fc15c458fba0,H2O,1444,nm,absorbance,640.4487628995713
647.057,40.713395000000006,7ab8b416-1f33-4997-becf-fc15c458fba0,H2O,1445,nm,absorbance,640.645295326687
647.256,47.645203,7ab8b416-1f33-4997-becf-fc15c458fba0,H2O,1446,nm,absorbance,640.8428203418184
647.454,42.546422,7ab8b416-1f33-4997-becf-fc15c458fba0,H2O,1447,nm,absorbance,641.0393527689341
647.652,47.403018,7ab8b416-1f33-4997-becf-fc15c458fba0,H2O,1448,nm,absorbance,641.2358851960498
647.85,42.62224200000001,7ab8b416-1f33-4997-becf-fc15c458fba0,H2O,1449,nm,absorbance,641.4324176231655
648.048,48.005063,7ab8b416-1f33-4997-becf-fc15c458fba0,H2O,1450,nm,absorbance,641.6289500502812
648.246,50.10538699999999,7ab8b416-1f33-4997-becf-fc15c458fba0,H2O,1451,nm,absorbance,641.8254824773969
648.444,50.769453000000006,7ab8b416-1f33-4997-becf-fc15c458fba0,H2O,1452,nm,absorbance,642.0220149045125
648.642,46.98795199999999,7ab8b416-1f33-4997-becf-fc15c458fba0,H2O,1453,nm,absorbance,642.2185473316283
648.84,42.137389,7ab8b416-1f33-4997-becf-fc15c458fba0,H2O,1454,nm,absorbance,642.415079758744
649.038,41.559129,7ab8b416-1f33-4997-becf-fc15c458fba0,H2O,1455,nm,absorbance,642.6116121858597
649.236,43.550091,7ab8b416-1f33-4997-becf-fc15c458fba0,H2O,1456,nm,absorbance,642.8081446129754
649.434,45.624173,7ab8b416-1f33-4997-becf-fc15c458fba0,H2O,1457,nm,absorbance,643.004677040091
649.632,48.956609,7ab8b416-1f33-4997-becf-fc15c458fba0,H2O,1458,nm,absorbance,643.2012094672067
649.83,55.150661,7ab8b416-1f33-4997-becf-fc15c458fba0,H2O,1459,nm,absorbance,643.3977418943225
650.028,52.136695,7ab8b416-1f33-4997-becf-fc15c458fba0,H2O,1460,nm,absorbance,643.5942743214382
650.226,50.501749,7ab8b416-1f33-4997-becf-fc15c458fba0,H2O,1461,nm,absorbance,643.7908067485539
650.423,45.519016,7ab8b416-1f33-4997-becf-fc15c458fba0,H2O,1462,nm,absorbance,643.9863465876538
650.621,48.13388199999999,7ab8b416-1f33-4997-becf-fc15c458fba0,H2O,1463,nm,absorbance,644.1828790147695
650.819,42.526798,7ab8b416-1f33-4997-becf-fc15c458fba0,H2O,1464,nm,absorbance,644.3794114418852
651.017,44.795218,7ab8b416-1f33-4997-becf-fc15c458fba0,H2O,1465,nm,absorbance,644.575943869001
651.215,43.993321,7ab8b416-1f33-4997-becf-fc15c458fba0,H2O,1466,nm,absorbance,644.7724762961166
651.413,49.286666,7ab8b416-1f33-4997-becf-fc15c458fba0,H2O,1467,nm,absorbance,644.9690087232323
651.61,45.667391,7ab8b416-1f33-4997-becf-fc15c458fba0,H2O,1468,nm,absorbance,645.1645485623322
651.808,48.161985,7ab8b416-1f33-4997-becf-fc15c458fba0,H2O,1469,nm,absorbance,645.3610809894479
652.006,44.978269,7ab8b416-1f33-4997-becf-fc15c458fba0,H2O,1470,nm,absorbance,645.5576134165636
652.204,40.226400000000005,7ab8b416-1f33-4997-becf-fc15c458fba0,H2O,1471,nm,absorbance,645.7541458436792
652.401,39.240565,7ab8b416-1f33-4997-becf-fc15c458fba0,H2O,1472,nm,absorbance,645.9496856827792
652.599,40.434555,7ab8b416-1f33-4997-becf-fc15c458fba0,H2O,1473,nm,absorbance,646.146218109895
652.797,42.695466,7ab8b416-1f33-4997-becf-fc15c458fba0,H2O,1474,nm,absorbance,646.3427505370107
652.995,44.520608,7ab8b416-1f33-4997-becf-fc15c458fba0,H2O,1475,nm,absorbance,646.5392829641264
653.192,47.666705,7ab8b416-1f33-4997-becf-fc15c458fba0,H2O,1476,nm,absorbance,646.7348228032264
653.39,52.081204,7ab8b416-1f33-4997-becf-fc15c458fba0,H2O,1477,nm,absorbance,646.931355230342
653.588,47.021039,7ab8b416-1f33-4997-becf-fc15c458fba0,H2O,1478,nm,absorbance,647.1278876574577
653.785,43.510261,7ab8b416-1f33-4997-becf-fc15c458fba0,H2O,1479,nm,absorbance,647.3234274965577
653.983,41.110034,7ab8b416-1f33-4997-becf-fc15c458fba0,H2O,1480,nm,absorbance,647.5199599236734
654.18,45.441958,7ab8b416-1f33-4997-becf-fc15c458fba0,H2O,1481,nm,absorbance,647.7154997627733
654.378,48.16101,7ab8b416-1f33-4997-becf-fc15c458fba0,H2O,1482,nm,absorbance,647.912032189889
654.576,53.072675,7ab8b416-1f33-4997-becf-fc15c458fba0,H2O,1483,nm,absorbance,648.1085646170047
654.773,54.612691,7ab8b416-1f33-4997-becf-fc15c458fba0,H2O,1484,nm,absorbance,648.3041044561047
654.971,59.62453699999999,7ab8b416-1f33-4997-becf-fc15c458fba0,H2O,1485,nm,absorbance,648.5006368832204
655.168,59.457737,7ab8b416-1f33-4997-becf-fc15c458fba0,H2O,1486,nm,absorbance,648.6961767223204
655.366,58.301484,7ab8b416-1f33-4997-becf-fc15c458fba0,H2O,1487,nm,absorbance,648.892709149436
655.563,55.412183000000006,7ab8b416-1f33-4997-becf-fc15c458fba0,H2O,1488,nm,absorbance,649.088248988536
655.761,53.916627000000005,7ab8b416-1f33-4997-becf-fc15c458fba0,H2O,1489,nm,absorbance,649.2847814156517
655.958,53.10437999999999,7ab8b416-1f33-4997-becf-fc15c458fba0,H2O,1490,nm,absorbance,649.4803212547516
656.156,56.49458500000001,7ab8b416-1f33-4997-becf-fc15c458fba0,H2O,1491,nm,absorbance,649.6768536818673
656.353,59.35128199999999,7ab8b416-1f33-4997-becf-fc15c458fba0,H2O,1492,nm,absorbance,649.8723935209673
656.55,79.89872199999999,7ab8b416-1f33-4997-becf-fc15c458fba0,H2O,1493,nm,absorbance,650.0679333600672
656.748,98.72419899999996,7ab8b416-1f33-4997-becf-fc15c458fba0,H2O,1494,nm,absorbance,650.264465787183
656.945,137.90287599999996,7ab8b416-1f33-4997-becf-fc15c458fba0,H2O,1495,nm,absorbance,650.460005626283
657.143,185.746635,7ab8b416-1f33-4997-becf-fc15c458fba0,H2O,1496,nm,absorbance,650.6565380533987
657.34,243.312212,7ab8b416-1f33-4997-becf-fc15c458fba0,H2O,1497,nm,absorbance,650.8520778924986
657.537,309.451331,7ab8b416-1f33-4997-becf-fc15c458fba0,H2O,1498,nm,absorbance,651.0476177315985
657.735,381.509229,7ab8b416-1f33-4997-becf-fc15c458fba0,H2O,1499,nm,absorbance,651.2441501587142
657.932,474.5513370000001,7ab8b416-1f33-4997-becf-fc15c458fba0,H2O,1500,nm,absorbance,651.4396899978142
658.129,571.8793229999999,7ab8b416-1f33-4997-becf-fc15c458fba0,H2O,1501,nm,absorbance,651.6352298369142
658.326,677.6595880000001,7ab8b416-1f33-4997-becf-fc15c458fba0,H2O,1502,nm,absorbance,651.8307696760141
658.524,789.275715,7ab8b416-1f33-4997-becf-fc15c458fba0,H2O,1503,nm,absorbance,652.0273021031298
658.721,898.790452,7ab8b416-1f33-4997-becf-fc15c458fba0,H2O,1504,nm,absorbance,652.2228419422297
658.918,997.396266,7ab8b416-1f33-4997-becf-fc15c458fba0,H2O,1505,nm,absorbance,652.4183817813297
659.115,1078.101685,7ab8b416-1f33-4997-becf-fc15c458fba0,H2O,1506,nm,absorbance,652.6139216204297
659.313,1142.48059,7ab8b416-1f33-4997-becf-fc15c458fba0,H2O,1507,nm,absorbance,652.8104540475454
659.51,1201.114171,7ab8b416-1f33-4997-becf-fc15c458fba0,H2O,1508,nm,absorbance,653.0059938866453
659.707,1237.4223410000002,7ab8b416-1f33-4997-becf-fc15c458fba0,H2O,1509,nm,absorbance,653.2015337257453
659.904,1278.171762,7ab8b416-1f33-4997-becf-fc15c458fba0,H2O,1510,nm,absorbance,653.3970735648452
660.101,1298.51217,7ab8b416-1f33-4997-becf-fc15c458fba0,H2O,1511,nm,absorbance,653.5926134039452
660.298,1312.784227,7ab8b416-1f33-4997-becf-fc15c458fba0,H2O,1512,nm,absorbance,653.7881532430451
660.496,1315.704137,7ab8b416-1f33-4997-becf-fc15c458fba0,H2O,1513,nm,absorbance,653.9846856701608
660.693,1310.865883,7ab8b416-1f33-4997-becf-fc15c458fba0,H2O,1514,nm,absorbance,654.1802255092608
660.89,1317.700426,7ab8b416-1f33-4997-becf-fc15c458fba0,H2O,1515,nm,absorbance,654.3757653483608
661.087,1322.473747,7ab8b416-1f33-4997-becf-fc15c458fba0,H2O,1516,nm,absorbance,654.5713051874608
661.284,1332.520441,7ab8b416-1f33-4997-becf-fc15c458fba0,H2O,1517,nm,absorbance,654.7668450265606
661.481,1333.951724,7ab8b416-1f33-4997-becf-fc15c458fba0,H2O,1518,nm,absorbance,654.9623848656606
661.678,1326.205602,7ab8b416-1f33-4997-becf-fc15c458fba0,H2O,1519,nm,absorbance,655.1579247047606
661.875,1309.223331,7ab8b416-1f33-4997-becf-fc15c458fba0,H2O,1520,nm,absorbance,655.3534645438606
662.072,1300.72518,7ab8b416-1f33-4997-becf-fc15c458fba0,H2O,1521,nm,absorbance,655.5490043829606
662.269,1299.786406,7ab8b416-1f33-4997-becf-fc15c458fba0,H2O,1522,nm,absorbance,655.7445442220605
662.466,1303.911208,7ab8b416-1f33-4997-becf-fc15c458fba0,H2O,1523,nm,absorbance,655.9400840611604
662.663,1300.9687480000002,7ab8b416-1f33-4997-becf-fc15c458fba0,H2O,1524,nm,absorbance,656.1356239002604
662.86,1285.3741430000002,7ab8b416-1f33-4997-becf-fc15c458fba0,H2O,1525,nm,absorbance,656.3311637393604
663.057,1270.593147,7ab8b416-1f33-4997-becf-fc15c458fba0,H2O,1526,nm,absorbance,656.5267035784603
663.254,1254.6463179999998,7ab8b416-1f33-4997-becf-fc15c458fba0,H2O,1527,nm,absorbance,656.7222434175603
663.45,1239.3003280000005,7ab8b416-1f33-4997-becf-fc15c458fba0,H2O,1528,nm,absorbance,656.9167906686446
663.647,1223.755813,7ab8b416-1f33-4997-becf-fc15c458fba0,H2O,1529,nm,absorbance,657.1123305077446
663.844,1202.0151730000002,7ab8b416-1f33-4997-becf-fc15c458fba0,H2O,1530,nm,absorbance,657.3078703468444
664.041,1189.5765749999998,7ab8b416-1f33-4997-becf-fc15c458fba0,H2O,1531,nm,absorbance,657.5034101859444
664.238,1176.929017,7ab8b416-1f33-4997-becf-fc15c458fba0,H2O,1532,nm,absorbance,657.6989500250444
664.435,1174.446896,7ab8b416-1f33-4997-becf-fc15c458fba0,H2O,1533,nm,absorbance,657.8944898641442
664.631,1168.35632,7ab8b416-1f33-4997-becf-fc15c458fba0,H2O,1534,nm,absorbance,658.0890371152285
664.828,1162.252802,7ab8b416-1f33-4997-becf-fc15c458fba0,H2O,1535,nm,absorbance,658.2845769543285
665.025,1154.154056,7ab8b416-1f33-4997-becf-fc15c458fba0,H2O,1536,nm,absorbance,658.4801167934285
665.222,1137.156973,7ab8b416-1f33-4997-becf-fc15c458fba0,H2O,1537,nm,absorbance,658.6756566325283
665.419,1113.079838,7ab8b416-1f33-4997-becf-fc15c458fba0,H2O,1538,nm,absorbance,658.8711964716283
665.615,1084.114708,7ab8b416-1f33-4997-becf-fc15c458fba0,H2O,1539,nm,absorbance,659.0657437227126
665.812,1058.707312,7ab8b416-1f33-4997-becf-fc15c458fba0,H2O,1540,nm,absorbance,659.2612835618125
666.009,1020.8774550000002,7ab8b416-1f33-4997-becf-fc15c458fba0,H2O,1541,nm,absorbance,659.4568234009125
666.205,965.899213,7ab8b416-1f33-4997-becf-fc15c458fba0,H2O,1542,nm,absorbance,659.6513706519968
666.402,907.127871,7ab8b416-1f33-4997-becf-fc15c458fba0,H2O,1543,nm,absorbance,659.8469104910968
666.599,861.44807,7ab8b416-1f33-4997-becf-fc15c458fba0,H2O,1544,nm,absorbance,660.0424503301967
666.795,828.2630160000001,7ab8b416-1f33-4997-becf-fc15c458fba0,H2O,1545,nm,absorbance,660.2369975812808
666.992,808.570809,7ab8b416-1f33-4997-becf-fc15c458fba0,H2O,1546,nm,absorbance,660.4325374203808
667.188,785.873855,7ab8b416-1f33-4997-becf-fc15c458fba0,H2O,1547,nm,absorbance,660.627084671465
667.385,762.813836,7ab8b416-1f33-4997-becf-fc15c458fba0,H2O,1548,nm,absorbance,660.822624510565
667.582,732.0912450000001,7ab8b416-1f33-4997-becf-fc15c458fba0,H2O,1549,nm,absorbance,661.018164349665
667.778,711.518171,7ab8b416-1f33-4997-becf-fc15c458fba0,H2O,1550,nm,absorbance,661.2127116007492
667.975,686.791757,7ab8b416-1f33-4997-becf-fc15c458fba0,H2O,1551,nm,absorbance,661.4082514398492
668.171,658.2855050000001,7ab8b416-1f33-4997-becf-fc15c458fba0,H2O,1552,nm,absorbance,661.6027986909335
668.368,619.5313319999999,7ab8b416-1f33-4997-becf-fc15c458fba0,H2O,1553,nm,absorbance,661.7983385300333
668.564,579.907785,7ab8b416-1f33-4997-becf-fc15c458fba0,H2O,1554,nm,absorbance,661.9928857811175
668.761,533.786202,7ab8b416-1f33-4997-becf-fc15c458fba0,H2O,1555,nm,absorbance,662.1884256202175
668.957,489.828135,7ab8b416-1f33-4997-becf-fc15c458fba0,H2O,1556,nm,absorbance,662.3829728713017
669.154,440.186299,7ab8b416-1f33-4997-becf-fc15c458fba0,H2O,1557,nm,absorbance,662.5785127104017
669.35,384.289583,7ab8b416-1f33-4997-becf-fc15c458fba0,H2O,1558,nm,absorbance,662.773059961486
669.547,328.710861,7ab8b416-1f33-4997-becf-fc15c458fba0,H2O,1559,nm,absorbance,662.9685998005859
669.743,272.93251100000003,7ab8b416-1f33-4997-becf-fc15c458fba0,H2O,1560,nm,absorbance,663.1631470516702
669.939,217.235264,7ab8b416-1f33-4997-becf-fc15c458fba0,H2O,1561,nm,absorbance,663.3576943027543
670.136,164.43028600000002,7ab8b416-1f33-4997-becf-fc15c458fba0,H2O,1562,nm,absorbance,663.5532341418542
670.332,118.13481199999998,7ab8b416-1f33-4997-becf-fc15c458fba0,H2O,1563,nm,absorbance,663.7477813929385
670.528,90.441284,7ab8b416-1f33-4997-becf-fc15c458fba0,H2O,1564,nm,absorbance,663.9423286440227
670.725,70.739767,7ab8b416-1f33-4997-becf-fc15c458fba0,H2O,1565,nm,absorbance,664.1378684831227
670.921,58.629344,7ab8b416-1f33-4997-becf-fc15c458fba0,H2O,1566,nm,absorbance,664.332415734207
671.117,51.602254,7ab8b416-1f33-4997-becf-fc15c458fba0,H2O,1567,nm,absorbance,664.5269629852911
671.314,48.900336,7ab8b416-1f33-4997-becf-fc15c458fba0,H2O,1568,nm,absorbance,664.7225028243911
671.51,48.1412,7ab8b416-1f33-4997-becf-fc15c458fba0,H2O,1569,nm,absorbance,664.9170500754753
671.706,45.949453,7ab8b416-1f33-4997-becf-fc15c458fba0,H2O,1570,nm,absorbance,665.1115973265596
671.902,41.652441,7ab8b416-1f33-4997-becf-fc15c458fba0,H2O,1571,nm,absorbance,665.3061445776439
672.099,42.99615,7ab8b416-1f33-4997-becf-fc15c458fba0,H2O,1572,nm,absorbance,665.5016844167437
672.295,43.491399,7ab8b416-1f33-4997-becf-fc15c458fba0,H2O,1573,nm,absorbance,665.6962316678279
672.491,45.337846,7ab8b416-1f33-4997-becf-fc15c458fba0,H2O,1574,nm,absorbance,665.8907789189121
672.687,41.583622000000005,7ab8b416-1f33-4997-becf-fc15c458fba0,H2O,1575,nm,absorbance,666.0853261699964
672.883,40.397885,7ab8b416-1f33-4997-becf-fc15c458fba0,H2O,1576,nm,absorbance,666.2798734210807
673.08,38.642629,7ab8b416-1f33-4997-becf-fc15c458fba0,H2O,1577,nm,absorbance,666.4754132601806
673.276,38.162349,7ab8b416-1f33-4997-becf-fc15c458fba0,H2O,1578,nm,absorbance,666.6699605112648
673.472,40.434411,7ab8b416-1f33-4997-becf-fc15c458fba0,H2O,1579,nm,absorbance,666.864507762349
673.668,42.148433,7ab8b416-1f33-4997-becf-fc15c458fba0,H2O,1580,nm,absorbance,667.0590550134333
673.864,41.853322,7ab8b416-1f33-4997-becf-fc15c458fba0,H2O,1581,nm,absorbance,667.2536022645176
674.06,40.13664200000001,7ab8b416-1f33-4997-becf-fc15c458fba0,H2O,1582,nm,absorbance,667.4481495156017
674.256,38.107914,7ab8b416-1f33-4997-becf-fc15c458fba0,H2O,1583,nm,absorbance,667.6426967666858
674.452,37.869256,7ab8b416-1f33-4997-becf-fc15c458fba0,H2O,1584,nm,absorbance,667.8372440177701
674.648,37.345179,7ab8b416-1f33-4997-becf-fc15c458fba0,H2O,1585,nm,absorbance,668.0317912688544
674.844,34.423829999999995,7ab8b416-1f33-4997-becf-fc15c458fba0,H2O,1586,nm,absorbance,668.2263385199386
675.04,38.580387,7ab8b416-1f33-4997-becf-fc15c458fba0,H2O,1587,nm,absorbance,668.4208857710228
675.236,37.275443,7ab8b416-1f33-4997-becf-fc15c458fba0,H2O,1588,nm,absorbance,668.615433022107
675.432,39.607121,7ab8b416-1f33-4997-becf-fc15c458fba0,H2O,1589,nm,absorbance,668.8099802731913
675.628,41.743034,7ab8b416-1f33-4997-becf-fc15c458fba0,H2O,1590,nm,absorbance,669.0045275242755
675.824,44.639166,7ab8b416-1f33-4997-becf-fc15c458fba0,H2O,1591,nm,absorbance,669.1990747753597
676.02,51.511422,7ab8b416-1f33-4997-becf-fc15c458fba0,H2O,1592,nm,absorbance,669.393622026444
676.216,48.321908,7ab8b416-1f33-4997-becf-fc15c458fba0,H2O,1593,nm,absorbance,669.5881692775282
676.412,48.785973,7ab8b416-1f33-4997-becf-fc15c458fba0,H2O,1594,nm,absorbance,669.7827165286125
676.608,44.656012,7ab8b416-1f33-4997-becf-fc15c458fba0,H2O,1595,nm,absorbance,669.9772637796965
676.804,46.03466400000001,7ab8b416-1f33-4997-becf-fc15c458fba0,H2O,1596,nm,absorbance,670.1718110307808
676.999,50.941144,7ab8b416-1f33-4997-becf-fc15c458fba0,H2O,1597,nm,absorbance,670.3653656938493
677.195,49.71263,7ab8b416-1f33-4997-becf-fc15c458fba0,H2O,1598,nm,absorbance,670.5599129449336
677.391,47.844553,7ab8b416-1f33-4997-becf-fc15c458fba0,H2O,1599,nm,absorbance,670.7544601960177
677.587,48.520237,7ab8b416-1f33-4997-becf-fc15c458fba0,H2O,1600,nm,absorbance,670.949007447102
677.783,51.239387,7ab8b416-1f33-4997-becf-fc15c458fba0,H2O,1601,nm,absorbance,671.1435546981862
677.978,48.301468,7ab8b416-1f33-4997-becf-fc15c458fba0,H2O,1602,nm,absorbance,671.3371093612546
678.174,46.92268200000001,7ab8b416-1f33-4997-becf-fc15c458fba0,H2O,1603,nm,absorbance,671.5316566123389
678.37,48.33609,7ab8b416-1f33-4997-becf-fc15c458fba0,H2O,1604,nm,absorbance,671.7262038634232
678.566,50.628412,7ab8b416-1f33-4997-becf-fc15c458fba0,H2O,1605,nm,absorbance,671.9207511145074
678.761,44.482228,7ab8b416-1f33-4997-becf-fc15c458fba0,H2O,1606,nm,absorbance,672.1143057775759
678.957,40.337744,7ab8b416-1f33-4997-becf-fc15c458fba0,H2O,1607,nm,absorbance,672.3088530286601
679.153,43.700164,7ab8b416-1f33-4997-becf-fc15c458fba0,H2O,1608,nm,absorbance,672.5034002797444
679.348,47.847417,7ab8b416-1f33-4997-becf-fc15c458fba0,H2O,1609,nm,absorbance,672.6969549428128
679.544,52.013152000000005,7ab8b416-1f33-4997-becf-fc15c458fba0,H2O,1610,nm,absorbance,672.8915021938969
679.74,49.611894,7ab8b416-1f33-4997-becf-fc15c458fba0,H2O,1611,nm,absorbance,673.0860494449812
679.935,47.46202799999999,7ab8b416-1f33-4997-becf-fc15c458fba0,H2O,1612,nm,absorbance,673.2796041080496
680.131,47.89386,7ab8b416-1f33-4997-becf-fc15c458fba0,H2O,1613,nm,absorbance,673.4741513591339
680.327,52.513202,7ab8b416-1f33-4997-becf-fc15c458fba0,H2O,1614,nm,absorbance,673.6686986102181
680.522,53.29277,7ab8b416-1f33-4997-becf-fc15c458fba0,H2O,1615,nm,absorbance,673.8622532732867
680.718,43.754560000000005,7ab8b416-1f33-4997-becf-fc15c458fba0,H2O,1616,nm,absorbance,674.0568005243708
680.913,42.092429,7ab8b416-1f33-4997-becf-fc15c458fba0,H2O,1617,nm,absorbance,674.2503551874394
681.109,40.67871,7ab8b416-1f33-4997-becf-fc15c458fba0,H2O,1618,nm,absorbance,674.4449024385236
681.304,47.650982,7ab8b416-1f33-4997-becf-fc15c458fba0,H2O,1619,nm,absorbance,674.638457101592
681.5,45.083288,7ab8b416-1f33-4997-becf-fc15c458fba0,H2O,1620,nm,absorbance,674.8330043526763
681.695,46.143495,7ab8b416-1f33-4997-becf-fc15c458fba0,H2O,1621,nm,absorbance,675.0265590157449
681.891,45.212574,7ab8b416-1f33-4997-becf-fc15c458fba0,H2O,1622,nm,absorbance,675.221106266829
682.086,50.1553,7ab8b416-1f33-4997-becf-fc15c458fba0,H2O,1623,nm,absorbance,675.4146609298975
682.282,48.79237199999999,7ab8b416-1f33-4997-becf-fc15c458fba0,H2O,1624,nm,absorbance,675.6092081809818
682.477,42.210489,7ab8b416-1f33-4997-becf-fc15c458fba0,H2O,1625,nm,absorbance,675.8027628440502
682.672,34.408759999999994,7ab8b416-1f33-4997-becf-fc15c458fba0,H2O,1626,nm,absorbance,675.9963175071188
682.868,36.203557,7ab8b416-1f33-4997-becf-fc15c458fba0,H2O,1627,nm,absorbance,676.190864758203
683.063,42.161924000000006,7ab8b416-1f33-4997-becf-fc15c458fba0,H2O,1628,nm,absorbance,676.3844194212714
683.259,44.380622,7ab8b416-1f33-4997-becf-fc15c458fba0,H2O,1629,nm,absorbance,676.5789666723556
683.454,45.390169,7ab8b416-1f33-4997-becf-fc15c458fba0,H2O,1630,nm,absorbance,676.772521335424
683.649,44.731301,7ab8b416-1f33-4997-becf-fc15c458fba0,H2O,1631,nm,absorbance,676.9660759984926
683.845,43.457634000000006,7ab8b416-1f33-4997-becf-fc15c458fba0,H2O,1632,nm,absorbance,677.1606232495768
684.04,38.817326,7ab8b416-1f33-4997-becf-fc15c458fba0,H2O,1633,nm,absorbance,677.3541779126452
684.235,39.327324,7ab8b416-1f33-4997-becf-fc15c458fba0,H2O,1634,nm,absorbance,677.5477325757138
684.43,36.813911,7ab8b416-1f33-4997-becf-fc15c458fba0,H2O,1635,nm,absorbance,677.7412872387822
684.626,35.913563,7ab8b416-1f33-4997-becf-fc15c458fba0,H2O,1636,nm,absorbance,677.9358344898665
684.821,28.186313,7ab8b416-1f33-4997-becf-fc15c458fba0,H2O,1637,nm,absorbance,678.129389152935
685.016,30.727741,7ab8b416-1f33-4997-becf-fc15c458fba0,H2O,1638,nm,absorbance,678.3229438160034
685.211,31.481034,7ab8b416-1f33-4997-becf-fc15c458fba0,H2O,1639,nm,absorbance,678.516498479072
685.407,30.471856,7ab8b416-1f33-4997-becf-fc15c458fba0,H2O,1640,nm,absorbance,678.7110457301562
685.602,30.240835999999994,7ab8b416-1f33-4997-becf-fc15c458fba0,H2O,1641,nm,absorbance,678.9046003932247
685.797,27.210795,7ab8b416-1f33-4997-becf-fc15c458fba0,H2O,1642,nm,absorbance,679.0981550562932
685.992,32.282762,7ab8b416-1f33-4997-becf-fc15c458fba0,H2O,1643,nm,absorbance,679.2917097193616
686.187,28.644438999999995,7ab8b416-1f33-4997-becf-fc15c458fba0,H2O,1644,nm,absorbance,679.4852643824302
686.382,31.294458,7ab8b416-1f33-4997-becf-fc15c458fba0,H2O,1645,nm,absorbance,679.6788190454986
686.577,29.674949,7ab8b416-1f33-4997-becf-fc15c458fba0,H2O,1646,nm,absorbance,679.8723737085671
686.773,32.478871000000005,7ab8b416-1f33-4997-becf-fc15c458fba0,H2O,1647,nm,absorbance,680.0669209596514
686.968,28.468001,7ab8b416-1f33-4997-becf-fc15c458fba0,H2O,1648,nm,absorbance,680.2604756227198
687.163,32.239762,7ab8b416-1f33-4997-becf-fc15c458fba0,H2O,1649,nm,absorbance,680.4540302857883
687.358,35.084768000000004,7ab8b416-1f33-4997-becf-fc15c458fba0,H2O,1650,nm,absorbance,680.6475849488568
687.553,38.418171,7ab8b416-1f33-4997-becf-fc15c458fba0,H2O,1651,nm,absorbance,680.8411396119253
687.748,37.975581,7ab8b416-1f33-4997-becf-fc15c458fba0,H2O,1652,nm,absorbance,681.0346942749939
687.943,32.076362,7ab8b416-1f33-4997-becf-fc15c458fba0,H2O,1653,nm,absorbance,681.2282489380623
688.138,29.842663,7ab8b416-1f33-4997-becf-fc15c458fba0,H2O,1654,nm,absorbance,681.4218036011308
688.333,23.982692,7ab8b416-1f33-4997-becf-fc15c458fba0,H2O,1655,nm,absorbance,681.6153582641992
688.528,24.539796,7ab8b416-1f33-4997-becf-fc15c458fba0,H2O,1656,nm,absorbance,681.8089129272678
688.723,25.031678000000003,7ab8b416-1f33-4997-becf-fc15c458fba0,H2O,1657,nm,absorbance,682.0024675903362
688.918,28.679736,7ab8b416-1f33-4997-becf-fc15c458fba0,H2O,1658,nm,absorbance,682.1960222534047
689.112,32.530618,7ab8b416-1f33-4997-becf-fc15c458fba0,H2O,1659,nm,absorbance,682.3885843284575
689.307,35.464603000000004,7ab8b416-1f33-4997-becf-fc15c458fba0,H2O,1660,nm,absorbance,682.582138991526
689.502,33.92029899999999,7ab8b416-1f33-4997-becf-fc15c458fba0,H2O,1661,nm,absorbance,682.7756936545944
689.697,31.781540000000007,7ab8b416-1f33-4997-becf-fc15c458fba0,H2O,1662,nm,absorbance,682.969248317663
689.892,29.732448,7ab8b416-1f33-4997-becf-fc15c458fba0,H2O,1663,nm,absorbance,683.1628029807315
690.087,31.769335,7ab8b416-1f33-4997-becf-fc15c458fba0,H2O,1664,nm,absorbance,683.3563576437999
690.282,25.844583,7ab8b416-1f33-4997-becf-fc15c458fba0,H2O,1665,nm,absorbance,683.5499123068685
690.476,25.58531,7ab8b416-1f33-4997-becf-fc15c458fba0,H2O,1666,nm,absorbance,683.7424743819212
690.671,24.358499,7ab8b416-1f33-4997-becf-fc15c458fba0,H2O,1667,nm,absorbance,683.9360290449897
690.866,29.709826000000003,7ab8b416-1f33-4997-becf-fc15c458fba0,H2O,1668,nm,absorbance,684.1295837080581
691.061,34.08116699999999,7ab8b416-1f33-4997-becf-fc15c458fba0,H2O,1669,nm,absorbance,684.3231383711267
691.255,30.148605,7ab8b416-1f33-4997-becf-fc15c458fba0,H2O,1670,nm,absorbance,684.5157004461794
691.45,27.22527,7ab8b416-1f33-4997-becf-fc15c458fba0,H2O,1671,nm,absorbance,684.7092551092479
691.645,21.313113999999995,7ab8b416-1f33-4997-becf-fc15c458fba0,H2O,1672,nm,absorbance,684.9028097723163
691.84,24.403653,7ab8b416-1f33-4997-becf-fc15c458fba0,H2O,1673,nm,absorbance,685.0963644353849
692.034,26.595702,7ab8b416-1f33-4997-becf-fc15c458fba0,H2O,1674,nm,absorbance,685.2889265104376
692.229,24.130085,7ab8b416-1f33-4997-becf-fc15c458fba0,H2O,1675,nm,absorbance,685.4824811735061
692.424,18.86408,7ab8b416-1f33-4997-becf-fc15c458fba0,H2O,1676,nm,absorbance,685.6760358365746
692.618,18.170052000000005,7ab8b416-1f33-4997-becf-fc15c458fba0,H2O,1677,nm,absorbance,685.8685979116274
692.813,17.328917,7ab8b416-1f33-4997-becf-fc15c458fba0,H2O,1678,nm,absorbance,686.0621525746958
693.007,17.415336000000003,7ab8b416-1f33-4997-becf-fc15c458fba0,H2O,1679,nm,absorbance,686.2547146497485
693.202,17.4711,7ab8b416-1f33-4997-becf-fc15c458fba0,H2O,1680,nm,absorbance,686.448269312817
693.397,22.629792,7ab8b416-1f33-4997-becf-fc15c458fba0,H2O,1681,nm,absorbance,686.6418239758856
693.591,27.631965,7ab8b416-1f33-4997-becf-fc15c458fba0,H2O,1682,nm,absorbance,686.8343860509383
693.786,25.527522,7ab8b416-1f33-4997-becf-fc15c458fba0,H2O,1683,nm,absorbance,687.0279407140067
693.98,21.47574,7ab8b416-1f33-4997-becf-fc15c458fba0,H2O,1684,nm,absorbance,687.2205027890595
694.175,21.783734,7ab8b416-1f33-4997-becf-fc15c458fba0,H2O,1685,nm,absorbance,687.414057452128
694.369,24.431256,7ab8b416-1f33-4997-becf-fc15c458fba0,H2O,1686,nm,absorbance,687.6066195271808
694.564,25.286261000000003,7ab8b416-1f33-4997-becf-fc15c458fba0,H2O,1687,nm,absorbance,687.8001741902492
694.758,23.05666,7ab8b416-1f33-4997-becf-fc15c458fba0,H2O,1688,nm,absorbance,687.992736265302
694.953,21.830789000000003,7ab8b416-1f33-4997-becf-fc15c458fba0,H2O,1689,nm,absorbance,688.1862909283705
695.147,24.352754999999995,7ab8b416-1f33-4997-becf-fc15c458fba0,H2O,1690,nm,absorbance,688.3788530034233
695.342,24.131961,7ab8b416-1f33-4997-becf-fc15c458fba0,H2O,1691,nm,absorbance,688.5724076664917
695.536,23.953057,7ab8b416-1f33-4997-becf-fc15c458fba0,H2O,1692,nm,absorbance,688.7649697415444
695.73,21.987285000000004,7ab8b416-1f33-4997-becf-fc15c458fba0,H2O,1693,nm,absorbance,688.9575318165972
695.925,27.257719,7ab8b416-1f33-4997-becf-fc15c458fba0,H2O,1694,nm,absorbance,689.1510864796657
696.119,28.818529,7ab8b416-1f33-4997-becf-fc15c458fba0,H2O,1695,nm,absorbance,689.3436485547185
696.313,26.449575,7ab8b416-1f33-4997-becf-fc15c458fba0,H2O,1696,nm,absorbance,689.5362106297712
696.508,20.070703,7ab8b416-1f33-4997-becf-fc15c458fba0,H2O,1697,nm,absorbance,689.7297652928397
696.702,22.890001,7ab8b416-1f33-4997-becf-fc15c458fba0,H2O,1698,nm,absorbance,689.9223273678924
696.896,23.273614,7ab8b416-1f33-4997-becf-fc15c458fba0,H2O,1699,nm,absorbance,690.1148894429451
697.091,26.453759,7ab8b416-1f33-4997-becf-fc15c458fba0,H2O,1700,nm,absorbance,690.3084441060137
697.285,24.841811,7ab8b416-1f33-4997-becf-fc15c458fba0,H2O,1701,nm,absorbance,690.5010061810664
697.479,26.995464,7ab8b416-1f33-4997-becf-fc15c458fba0,H2O,1702,nm,absorbance,690.6935682561192
697.673,22.599759,7ab8b416-1f33-4997-becf-fc15c458fba0,H2O,1703,nm,absorbance,690.8861303311719
697.868,23.090300000000003,7ab8b416-1f33-4997-becf-fc15c458fba0,H2O,1704,nm,absorbance,691.0796849942404
698.062,24.270871,7ab8b416-1f33-4997-becf-fc15c458fba0,H2O,1705,nm,absorbance,691.2722470692931
698.256,27.15366,7ab8b416-1f33-4997-becf-fc15c458fba0,H2O,1706,nm,absorbance,691.4648091443458
698.45,21.561489,7ab8b416-1f33-4997-becf-fc15c458fba0,H2O,1707,nm,absorbance,691.6573712193987
698.644,22.23192,7ab8b416-1f33-4997-becf-fc15c458fba0,H2O,1708,nm,absorbance,691.8499332944514
698.839,23.204627,7ab8b416-1f33-4997-becf-fc15c458fba0,H2O,1709,nm,absorbance,692.0434879575199
699.033,25.206124,7ab8b416-1f33-4997-becf-fc15c458fba0,H2O,1710,nm,absorbance,692.2360500325726
699.227,25.121366,7ab8b416-1f33-4997-becf-fc15c458fba0,H2O,1711,nm,absorbance,692.4286121076254
699.421,25.399159,7ab8b416-1f33-4997-becf-fc15c458fba0,H2O,1712,nm,absorbance,692.6211741826783
699.615,21.735934,7ab8b416-1f33-4997-becf-fc15c458fba0,H2O,1713,nm,absorbance,692.813736257731
699.809,18.89118,7ab8b416-1f33-4997-becf-fc15c458fba0,H2O,1714,nm,absorbance,693.0062983327837
700.003,19.477711,7ab8b416-1f33-4997-becf-fc15c458fba0,H2O,1715,nm,absorbance,693.1988604078365
700.197,21.452042,7ab8b416-1f33-4997-becf-fc15c458fba0,H2O,1716,nm,absorbance,693.3914224828892
700.391,23.590157999999995,7ab8b416-1f33-4997-becf-fc15c458fba0,H2O,1717,nm,absorbance,693.5839845579419
700.585,19.704074,7ab8b416-1f33-4997-becf-fc15c458fba0,H2O,1718,nm,absorbance,693.7765466329947
700.779,24.227152,7ab8b416-1f33-4997-becf-fc15c458fba0,H2O,1719,nm,absorbance,693.9691087080474
700.973,23.597332,7ab8b416-1f33-4997-becf-fc15c458fba0,H2O,1720,nm,absorbance,694.1616707831001
701.167,23.451565,7ab8b416-1f33-4997-becf-fc15c458fba0,H2O,1721,nm,absorbance,694.354232858153
701.361,22.622213,7ab8b416-1f33-4997-becf-fc15c458fba0,H2O,1722,nm,absorbance,694.5467949332057
701.555,23.686033,7ab8b416-1f33-4997-becf-fc15c458fba0,H2O,1723,nm,absorbance,694.7393570082584
701.749,24.660482,7ab8b416-1f33-4997-becf-fc15c458fba0,H2O,1724,nm,absorbance,694.9319190833112
701.943,24.186336000000004,7ab8b416-1f33-4997-becf-fc15c458fba0,H2O,1725,nm,absorbance,695.1244811583639
702.137,21.761156,7ab8b416-1f33-4997-becf-fc15c458fba0,H2O,1726,nm,absorbance,695.3170432334166
702.331,22.472691,7ab8b416-1f33-4997-becf-fc15c458fba0,H2O,1727,nm,absorbance,695.5096053084694
702.525,23.075525000000003,7ab8b416-1f33-4997-becf-fc15c458fba0,H2O,1728,nm,absorbance,695.7021673835221
702.718,23.830087,7ab8b416-1f33-4997-becf-fc15c458fba0,H2O,1729,nm,absorbance,695.8937368705592
702.912,27.153091,7ab8b416-1f33-4997-becf-fc15c458fba0,H2O,1730,nm,absorbance,696.086298945612
703.106,24.54458,7ab8b416-1f33-4997-becf-fc15c458fba0,H2O,1731,nm,absorbance,696.2788610206647
703.3,28.470154,7ab8b416-1f33-4997-becf-fc15c458fba0,H2O,1732,nm,absorbance,696.4714230957175
703.494,23.829898,7ab8b416-1f33-4997-becf-fc15c458fba0,H2O,1733,nm,absorbance,696.6639851707703
703.687,30.906183,7ab8b416-1f33-4997-becf-fc15c458fba0,H2O,1734,nm,absorbance,696.8555546578073
703.881,26.250674,7ab8b416-1f33-4997-becf-fc15c458fba0,H2O,1735,nm,absorbance,697.04811673286
704.075,28.735553,7ab8b416-1f33-4997-becf-fc15c458fba0,H2O,1736,nm,absorbance,697.2406788079128
704.269,23.448725000000003,7ab8b416-1f33-4997-becf-fc15c458fba0,H2O,1737,nm,absorbance,697.4332408829655
704.462,26.656115,7ab8b416-1f33-4997-becf-fc15c458fba0,H2O,1738,nm,absorbance,697.6248103700025
704.656,27.313882,7ab8b416-1f33-4997-becf-fc15c458fba0,H2O,1739,nm,absorbance,697.8173724450552
704.85,28.113013,7ab8b416-1f33-4997-becf-fc15c458fba0,H2O,1740,nm,absorbance,698.009934520108
705.043,30.616470000000003,7ab8b416-1f33-4997-becf-fc15c458fba0,H2O,1741,nm,absorbance,698.201504007145
705.237,29.493685000000006,7ab8b416-1f33-4997-becf-fc15c458fba0,H2O,1742,nm,absorbance,698.3940660821977
705.431,30.649974000000007,7ab8b416-1f33-4997-becf-fc15c458fba0,H2O,1743,nm,absorbance,698.5866281572505
705.624,26.123424,7ab8b416-1f33-4997-becf-fc15c458fba0,H2O,1744,nm,absorbance,698.7781976442876
705.818,23.603107,7ab8b416-1f33-4997-becf-fc15c458fba0,H2O,1745,nm,absorbance,698.9707597193403
706.012,24.077424,7ab8b416-1f33-4997-becf-fc15c458fba0,H2O,1746,nm,absorbance,699.163321794393
706.205,22.880614,7ab8b416-1f33-4997-becf-fc15c458fba0,H2O,1747,nm,absorbance,699.3548912814301
706.399,27.707642000000003,7ab8b416-1f33-4997-becf-fc15c458fba0,H2O,1748,nm,absorbance,699.5474533564828
706.592,25.646180000000005,7ab8b416-1f33-4997-becf-fc15c458fba0,H2O,1749,nm,absorbance,699.7390228435198
706.786,30.322349,7ab8b416-1f33-4997-becf-fc15c458fba0,H2O,1750,nm,absorbance,699.9315849185725
706.979,33.856348999999994,7ab8b416-1f33-4997-becf-fc15c458fba0,H2O,1751,nm,absorbance,700.1231544056096
707.173,32.629679,7ab8b416-1f33-4997-becf-fc15c458fba0,H2O,1752,nm,absorbance,700.3157164806623
707.366,32.863681,7ab8b416-1f33-4997-becf-fc15c458fba0,H2O,1753,nm,absorbance,700.5072859676993
707.56,29.256049,7ab8b416-1f33-4997-becf-fc15c458fba0,H2O,1754,nm,absorbance,700.699848042752
707.753,30.522302000000003,7ab8b416-1f33-4997-becf-fc15c458fba0,H2O,1755,nm,absorbance,700.8914175297891
707.947,29.209714,7ab8b416-1f33-4997-becf-fc15c458fba0,H2O,1756,nm,absorbance,701.0839796048418
708.14,28.880524,7ab8b416-1f33-4997-becf-fc15c458fba0,H2O,1757,nm,absorbance,701.2755490918789
708.333,28.049902000000003,7ab8b416-1f33-4997-becf-fc15c458fba0,H2O,1758,nm,absorbance,701.4671185789159
708.527,29.375874,7ab8b416-1f33-4997-becf-fc15c458fba0,H2O,1759,nm,absorbance,701.6596806539687
708.72,26.560263,7ab8b416-1f33-4997-becf-fc15c458fba0,H2O,1760,nm,absorbance,701.8512501410057
708.914,29.766994000000004,7ab8b416-1f33-4997-becf-fc15c458fba0,H2O,1761,nm,absorbance,702.0438122160584
709.107,25.247014,7ab8b416-1f33-4997-becf-fc15c458fba0,H2O,1762,nm,absorbance,702.2353817030954
709.3,32.500736,7ab8b416-1f33-4997-becf-fc15c458fba0,H2O,1763,nm,absorbance,702.4269511901324
709.494,26.83964,7ab8b416-1f33-4997-becf-fc15c458fba0,H2O,1764,nm,absorbance,702.6195132651852
709.687,28.288569000000003,7ab8b416-1f33-4997-becf-fc15c458fba0,H2O,1765,nm,absorbance,702.8110827522222
709.88,23.230512,7ab8b416-1f33-4997-becf-fc15c458fba0,H2O,1766,nm,absorbance,703.0026522392592
710.073,27.306517,7ab8b416-1f33-4997-becf-fc15c458fba0,H2O,1767,nm,absorbance,703.1942217262963
710.267,30.816711999999995,7ab8b416-1f33-4997-becf-fc15c458fba0,H2O,1768,nm,absorbance,703.3867838013491
710.46,35.46704,7ab8b416-1f33-4997-becf-fc15c458fba0,H2O,1769,nm,absorbance,703.5783532883861
710.653,34.302097,7ab8b416-1f33-4997-becf-fc15c458fba0,H2O,1770,nm,absorbance,703.7699227754231
710.846,30.375903,7ab8b416-1f33-4997-becf-fc15c458fba0,H2O,1771,nm,absorbance,703.9614922624601
711.04,30.006647000000005,7ab8b416-1f33-4997-becf-fc15c458fba0,H2O,1772,nm,absorbance,704.1540543375128
711.233,32.307166,7ab8b416-1f33-4997-becf-fc15c458fba0,H2O,1773,nm,absorbance,704.3456238245498
711.426,35.141473,7ab8b416-1f33-4997-becf-fc15c458fba0,H2O,1774,nm,absorbance,704.5371933115869
711.619,32.037189999999995,7ab8b416-1f33-4997-becf-fc15c458fba0,H2O,1775,nm,absorbance,704.7287627986238
711.812,33.943382,7ab8b416-1f33-4997-becf-fc15c458fba0,H2O,1776,nm,absorbance,704.9203322856608
712.005,31.856086999999995,7ab8b416-1f33-4997-becf-fc15c458fba0,H2O,1777,nm,absorbance,705.1119017726979
712.198,30.691766,7ab8b416-1f33-4997-becf-fc15c458fba0,H2O,1778,nm,absorbance,705.3034712597349
712.391,26.77359,7ab8b416-1f33-4997-becf-fc15c458fba0,H2O,1779,nm,absorbance,705.4950407467719
712.585,25.193402,7ab8b416-1f33-4997-becf-fc15c458fba0,H2O,1780,nm,absorbance,705.6876028218247
712.778,23.094655,7ab8b416-1f33-4997-becf-fc15c458fba0,H2O,1781,nm,absorbance,705.8791723088617
712.971,21.029293,7ab8b416-1f33-4997-becf-fc15c458fba0,H2O,1782,nm,absorbance,706.0707417958987
713.164,21.780367000000005,7ab8b416-1f33-4997-becf-fc15c458fba0,H2O,1783,nm,absorbance,706.2623112829357
713.357,19.668323000000004,7ab8b416-1f33-4997-becf-fc15c458fba0,H2O,1784,nm,absorbance,706.4538807699727
713.55,23.087547,7ab8b416-1f33-4997-becf-fc15c458fba0,H2O,1785,nm,absorbance,706.6454502570097
713.743,22.327625000000005,7ab8b416-1f33-4997-becf-fc15c458fba0,H2O,1786,nm,absorbance,706.8370197440469
713.936,23.518828000000003,7ab8b416-1f33-4997-becf-fc15c458fba0,H2O,1787,nm,absorbance,707.0285892310839
714.129,22.342965,7ab8b416-1f33-4997-becf-fc15c458fba0,H2O,1788,nm,absorbance,707.2201587181208
714.322,26.70487,7ab8b416-1f33-4997-becf-fc15c458fba0,H2O,1789,nm,absorbance,707.4117282051578
714.514,31.075001,7ab8b416-1f33-4997-becf-fc15c458fba0,H2O,1790,nm,absorbance,707.6023051041791
714.707,30.345165,7ab8b416-1f33-4997-becf-fc15c458fba0,H2O,1791,nm,absorbance,707.7938745912161
714.9,27.900289,7ab8b416-1f33-4997-becf-fc15c458fba0,H2O,1792,nm,absorbance,707.9854440782531
715.093,26.100097,7ab8b416-1f33-4997-becf-fc15c458fba0,H2O,1793,nm,absorbance,708.17701356529
715.286,27.204869,7ab8b416-1f33-4997-becf-fc15c458fba0,H2O,1794,nm,absorbance,708.3685830523272
715.479,28.792339000000005,7ab8b416-1f33-4997-becf-fc15c458fba0,H2O,1795,nm,absorbance,708.5601525393643
715.672,27.658584,7ab8b416-1f33-4997-becf-fc15c458fba0,H2O,1796,nm,absorbance,708.7517220264012
715.864,26.971857,7ab8b416-1f33-4997-becf-fc15c458fba0,H2O,1797,nm,absorbance,708.9422989254225
716.057,22.775793,7ab8b416-1f33-4997-becf-fc15c458fba0,H2O,1798,nm,absorbance,709.1338684124595
716.25,20.841749,7ab8b416-1f33-4997-becf-fc15c458fba0,H2O,1799,nm,absorbance,709.3254378994965
716.443,20.136792,7ab8b416-1f33-4997-becf-fc15c458fba0,H2O,1800,nm,absorbance,709.5170073865335
716.636,25.91407,7ab8b416-1f33-4997-becf-fc15c458fba0,H2O,1801,nm,absorbance,709.7085768735705
716.828,34.163083,7ab8b416-1f33-4997-becf-fc15c458fba0,H2O,1802,nm,absorbance,709.8991537725918
717.021,38.065281000000006,7ab8b416-1f33-4997-becf-fc15c458fba0,H2O,1803,nm,absorbance,710.0907232596288
717.214,34.671462000000005,7ab8b416-1f33-4997-becf-fc15c458fba0,H2O,1804,nm,absorbance,710.2822927466659
717.406,34.112585,7ab8b416-1f33-4997-becf-fc15c458fba0,H2O,1805,nm,absorbance,710.4728696456871
717.599,37.048465,7ab8b416-1f33-4997-becf-fc15c458fba0,H2O,1806,nm,absorbance,710.6644391327242
717.792,40.680696,7ab8b416-1f33-4997-becf-fc15c458fba0,H2O,1807,nm,absorbance,710.8560086197612
717.984,39.049277,7ab8b416-1f33-4997-becf-fc15c458fba0,H2O,1808,nm,absorbance,711.0465855187824
718.177,37.819067,7ab8b416-1f33-4997-becf-fc15c458fba0,H2O,1809,nm,absorbance,711.2381550058195
718.37,36.774777,7ab8b416-1f33-4997-becf-fc15c458fba0,H2O,1810,nm,absorbance,711.4297244928565
718.562,37.251693,7ab8b416-1f33-4997-becf-fc15c458fba0,H2O,1811,nm,absorbance,711.6203013918778
718.755,32.569970999999995,7ab8b416-1f33-4997-becf-fc15c458fba0,H2O,1812,nm,absorbance,711.8118708789148
718.947,33.113951,7ab8b416-1f33-4997-becf-fc15c458fba0,H2O,1813,nm,absorbance,712.002447777936
719.14,30.497225000000004,7ab8b416-1f33-4997-becf-fc15c458fba0,H2O,1814,nm,absorbance,712.194017264973
719.333,32.188156000000006,7ab8b416-1f33-4997-becf-fc15c458fba0,H2O,1815,nm,absorbance,712.38558675201
719.525,30.512016999999997,7ab8b416-1f33-4997-becf-fc15c458fba0,H2O,1816,nm,absorbance,712.5761636510314
719.718,31.172533000000005,7ab8b416-1f33-4997-becf-fc15c458fba0,H2O,1817,nm,absorbance,712.7677331380684
719.91,33.963048,7ab8b416-1f33-4997-becf-fc15c458fba0,H2O,1818,nm,absorbance,712.9583100370896
720.103,34.371542,7ab8b416-1f33-4997-becf-fc15c458fba0,H2O,1819,nm,absorbance,713.1498795241266
720.295,33.326982,7ab8b416-1f33-4997-becf-fc15c458fba0,H2O,1820,nm,absorbance,713.3404564231479
720.487,31.047666,7ab8b416-1f33-4997-becf-fc15c458fba0,H2O,1821,nm,absorbance,713.5310333221692
720.68,30.699015,7ab8b416-1f33-4997-becf-fc15c458fba0,H2O,1822,nm,absorbance,713.7226028092063
720.872,30.428427,7ab8b416-1f33-4997-becf-fc15c458fba0,H2O,1823,nm,absorbance,713.9131797082275
721.065,28.030240000000003,7ab8b416-1f33-4997-becf-fc15c458fba0,H2O,1824,nm,absorbance,714.1047491952646
721.257,28.85495,7ab8b416-1f33-4997-becf-fc15c458fba0,H2O,1825,nm,absorbance,714.2953260942858
721.449,32.026011,7ab8b416-1f33-4997-becf-fc15c458fba0,H2O,1826,nm,absorbance,714.485902993307
721.642,37.828131,7ab8b416-1f33-4997-becf-fc15c458fba0,H2O,1827,nm,absorbance,714.6774724803441
721.834,35.173010999999995,7ab8b416-1f33-4997-becf-fc15c458fba0,H2O,1828,nm,absorbance,714.8680493793653
722.026,35.014731,7ab8b416-1f33-4997-becf-fc15c458fba0,H2O,1829,nm,absorbance,715.0586262783867
722.219,34.239967,7ab8b416-1f33-4997-becf-fc15c458fba0,H2O,1830,nm,absorbance,715.2501957654238
722.411,35.273489,7ab8b416-1f33-4997-becf-fc15c458fba0,H2O,1831,nm,absorbance,715.4407726644449
722.603,34.079908,7ab8b416-1f33-4997-becf-fc15c458fba0,H2O,1832,nm,absorbance,715.6313495634662
722.796,31.775998999999995,7ab8b416-1f33-4997-becf-fc15c458fba0,H2O,1833,nm,absorbance,715.8229190505033
722.988,32.660226,7ab8b416-1f33-4997-becf-fc15c458fba0,H2O,1834,nm,absorbance,716.0134959495246
723.18,35.343869,7ab8b416-1f33-4997-becf-fc15c458fba0,H2O,1835,nm,absorbance,716.2040728485458
723.372,30.893768000000005,7ab8b416-1f33-4997-becf-fc15c458fba0,H2O,1836,nm,absorbance,716.3946497475671
723.565,30.710621,7ab8b416-1f33-4997-becf-fc15c458fba0,H2O,1837,nm,absorbance,716.5862192346042
723.757,32.72404,7ab8b416-1f33-4997-becf-fc15c458fba0,H2O,1838,nm,absorbance,716.7767961336253
723.949,36.523849,7ab8b416-1f33-4997-becf-fc15c458fba0,H2O,1839,nm,absorbance,716.9673730326466
724.141,37.231703,7ab8b416-1f33-4997-becf-fc15c458fba0,H2O,1840,nm,absorbance,717.1579499316679
724.333,30.070301,7ab8b416-1f33-4997-becf-fc15c458fba0,H2O,1841,nm,absorbance,717.3485268306893
724.525,32.100867,7ab8b416-1f33-4997-becf-fc15c458fba0,H2O,1842,nm,absorbance,717.5391037297105
724.717,33.412039,7ab8b416-1f33-4997-becf-fc15c458fba0,H2O,1843,nm,absorbance,717.7296806287318
724.91,36.344566,7ab8b416-1f33-4997-becf-fc15c458fba0,H2O,1844,nm,absorbance,717.9212501157688
725.102,30.354071,7ab8b416-1f33-4997-becf-fc15c458fba0,H2O,1845,nm,absorbance,718.11182701479
725.294,29.118211,7ab8b416-1f33-4997-becf-fc15c458fba0,H2O,1846,nm,absorbance,718.3024039138114
725.486,28.646136,7ab8b416-1f33-4997-becf-fc15c458fba0,H2O,1847,nm,absorbance,718.4929808128327
725.678,30.152575,7ab8b416-1f33-4997-becf-fc15c458fba0,H2O,1848,nm,absorbance,718.683557711854
725.87,28.338934000000005,7ab8b416-1f33-4997-becf-fc15c458fba0,H2O,1849,nm,absorbance,718.8741346108752
726.062,28.668845,7ab8b416-1f33-4997-becf-fc15c458fba0,H2O,1850,nm,absorbance,719.0647115098965
726.254,30.438336000000003,7ab8b416-1f33-4997-becf-fc15c458fba0,H2O,1851,nm,absorbance,719.2552884089177
726.446,33.59444799999999,7ab8b416-1f33-4997-becf-fc15c458fba0,H2O,1852,nm,absorbance,719.4458653079391
726.638,29.343199,7ab8b416-1f33-4997-becf-fc15c458fba0,H2O,1853,nm,absorbance,719.6364422069604
726.83,31.003972999999995,7ab8b416-1f33-4997-becf-fc15c458fba0,H2O,1854,nm,absorbance,719.8270191059817
727.022,26.851333000000004,7ab8b416-1f33-4997-becf-fc15c458fba0,H2O,1855,nm,absorbance,720.0175960050029
727.213,31.713549,7ab8b416-1f33-4997-becf-fc15c458fba0,H2O,1856,nm,absorbance,720.2071803160084
727.405,30.336263,7ab8b416-1f33-4997-becf-fc15c458fba0,H2O,1857,nm,absorbance,720.3977572150297
727.597,30.513109000000004,7ab8b416-1f33-4997-becf-fc15c458fba0,H2O,1858,nm,absorbance,720.588334114051
727.789,31.584834,7ab8b416-1f33-4997-becf-fc15c458fba0,H2O,1859,nm,absorbance,720.7789110130723
727.981,30.280580000000004,7ab8b416-1f33-4997-becf-fc15c458fba0,H2O,1860,nm,absorbance,720.9694879120935
728.173,37.278647,7ab8b416-1f33-4997-becf-fc15c458fba0,H2O,1861,nm,absorbance,721.1600648111148
728.365,35.484803,7ab8b416-1f33-4997-becf-fc15c458fba0,H2O,1862,nm,absorbance,721.3506417101362
728.556,34.92225,7ab8b416-1f33-4997-becf-fc15c458fba0,H2O,1863,nm,absorbance,721.5402260211417
728.748,33.603255000000004,7ab8b416-1f33-4997-becf-fc15c458fba0,H2O,1864,nm,absorbance,721.730802920163
728.94,33.13488099999999,7ab8b416-1f33-4997-becf-fc15c458fba0,H2O,1865,nm,absorbance,721.9213798191843
729.132,33.603161,7ab8b416-1f33-4997-becf-fc15c458fba0,H2O,1866,nm,absorbance,722.1119567182054
729.324,33.883348999999995,7ab8b416-1f33-4997-becf-fc15c458fba0,H2O,1867,nm,absorbance,722.3025336172267
729.515,37.546762,7ab8b416-1f33-4997-becf-fc15c458fba0,H2O,1868,nm,absorbance,722.4921179282323
729.707,37.147839,7ab8b416-1f33-4997-becf-fc15c458fba0,H2O,1869,nm,absorbance,722.6826948272536
729.899,38.507375,7ab8b416-1f33-4997-becf-fc15c458fba0,H2O,1870,nm,absorbance,722.8732717262749
730.09,36.900978,7ab8b416-1f33-4997-becf-fc15c458fba0,H2O,1871,nm,absorbance,723.0628560372804
730.282,36.289561000000006,7ab8b416-1f33-4997-becf-fc15c458fba0,H2O,1872,nm,absorbance,723.2534329363018
730.474,31.083907,7ab8b416-1f33-4997-becf-fc15c458fba0,H2O,1873,nm,absorbance,723.4440098353231
730.665,31.647117,7ab8b416-1f33-4997-becf-fc15c458fba0,H2O,1874,nm,absorbance,723.6335941463285
730.857,37.844807,7ab8b416-1f33-4997-becf-fc15c458fba0,H2O,1875,nm,absorbance,723.8241710453498
731.049,44.018029,7ab8b416-1f33-4997-becf-fc15c458fba0,H2O,1876,nm,absorbance,724.014747944371
731.24,43.455701,7ab8b416-1f33-4997-becf-fc15c458fba0,H2O,1877,nm,absorbance,724.2043322553767
731.432,42.184795,7ab8b416-1f33-4997-becf-fc15c458fba0,H2O,1878,nm,absorbance,724.394909154398
731.623,36.941612,7ab8b416-1f33-4997-becf-fc15c458fba0,H2O,1879,nm,absorbance,724.5844934654035
731.815,37.985684000000006,7ab8b416-1f33-4997-becf-fc15c458fba0,H2O,1880,nm,absorbance,724.7750703644248
732.006,36.043003,7ab8b416-1f33-4997-becf-fc15c458fba0,H2O,1881,nm,absorbance,724.9646546754302
732.198,36.017721,7ab8b416-1f33-4997-becf-fc15c458fba0,H2O,1882,nm,absorbance,725.1552315744516
732.389,31.284658,7ab8b416-1f33-4997-becf-fc15c458fba0,H2O,1883,nm,absorbance,725.3448158854571
732.581,32.28958299999999,7ab8b416-1f33-4997-becf-fc15c458fba0,H2O,1884,nm,absorbance,725.5353927844784
732.772,32.709038,7ab8b416-1f33-4997-becf-fc15c458fba0,H2O,1885,nm,absorbance,725.724977095484
732.964,34.804288,7ab8b416-1f33-4997-becf-fc15c458fba0,H2O,1886,nm,absorbance,725.9155539945053
733.155,33.68333,7ab8b416-1f33-4997-becf-fc15c458fba0,H2O,1887,nm,absorbance,726.1051383055108
733.347,33.749578,7ab8b416-1f33-4997-becf-fc15c458fba0,H2O,1888,nm,absorbance,726.295715204532
733.538,35.857182,7ab8b416-1f33-4997-becf-fc15c458fba0,H2O,1889,nm,absorbance,726.4852995155376
733.729,40.800713,7ab8b416-1f33-4997-becf-fc15c458fba0,H2O,1890,nm,absorbance,726.6748838265431
733.921,40.194264,7ab8b416-1f33-4997-becf-fc15c458fba0,H2O,1891,nm,absorbance,726.8654607255645
734.112,36.924425,7ab8b416-1f33-4997-becf-fc15c458fba0,H2O,1892,nm,absorbance,727.0550450365699
734.304,31.049372,7ab8b416-1f33-4997-becf-fc15c458fba0,H2O,1893,nm,absorbance,727.2456219355912
734.495,30.22314,7ab8b416-1f33-4997-becf-fc15c458fba0,H2O,1894,nm,absorbance,727.4352062465967
734.686,30.580419,7ab8b416-1f33-4997-becf-fc15c458fba0,H2O,1895,nm,absorbance,727.6247905576024
734.877,31.649103000000004,7ab8b416-1f33-4997-becf-fc15c458fba0,H2O,1896,nm,absorbance,727.8143748686078
735.069,28.397821,7ab8b416-1f33-4997-becf-fc15c458fba0,H2O,1897,nm,absorbance,728.0049517676291
735.26,27.349341,7ab8b416-1f33-4997-becf-fc15c458fba0,H2O,1898,nm,absorbance,728.1945360786347
735.451,22.904086,7ab8b416-1f33-4997-becf-fc15c458fba0,H2O,1899,nm,absorbance,728.3841203896402
735.643,27.091522,7ab8b416-1f33-4997-becf-fc15c458fba0,H2O,1900,nm,absorbance,728.5746972886616
735.834,27.868707,7ab8b416-1f33-4997-becf-fc15c458fba0,H2O,1901,nm,absorbance,728.764281599667
736.025,30.848335,7ab8b416-1f33-4997-becf-fc15c458fba0,H2O,1902,nm,absorbance,728.9538659106726
736.216,30.713830999999992,7ab8b416-1f33-4997-becf-fc15c458fba0,H2O,1903,nm,absorbance,729.1434502216781
736.407,34.158961000000005,7ab8b416-1f33-4997-becf-fc15c458fba0,H2O,1904,nm,absorbance,729.3330345326838
736.599,37.274141,7ab8b416-1f33-4997-becf-fc15c458fba0,H2O,1905,nm,absorbance,729.523611431705
736.79,34.837557999999994,7ab8b416-1f33-4997-becf-fc15c458fba0,H2O,1906,nm,absorbance,729.7131957427105
736.981,31.410326,7ab8b416-1f33-4997-becf-fc15c458fba0,H2O,1907,nm,absorbance,729.902780053716
737.172,31.528659000000005,7ab8b416-1f33-4997-becf-fc15c458fba0,H2O,1908,nm,absorbance,730.0923643647217
737.363,28.649843,7ab8b416-1f33-4997-becf-fc15c458fba0,H2O,1909,nm,absorbance,730.2819486757272
737.554,30.115755,7ab8b416-1f33-4997-becf-fc15c458fba0,H2O,1910,nm,absorbance,730.4715329867327
737.745,30.41046500000001,7ab8b416-1f33-4997-becf-fc15c458fba0,H2O,1911,nm,absorbance,730.6611172977382
737.936,31.47288200000001,7ab8b416-1f33-4997-becf-fc15c458fba0,H2O,1912,nm,absorbance,730.8507016087439
738.127,30.962811,7ab8b416-1f33-4997-becf-fc15c458fba0,H2O,1913,nm,absorbance,731.0402859197493
738.318,20.716268,7ab8b416-1f33-4997-becf-fc15c458fba0,H2O,1914,nm,absorbance,731.2298702307548
738.509,22.709124000000003,7ab8b416-1f33-4997-becf-fc15c458fba0,H2O,1915,nm,absorbance,731.4194545417604
738.7,21.092567,7ab8b416-1f33-4997-becf-fc15c458fba0,H2O,1916,nm,absorbance,731.609038852766
738.891,27.3105,7ab8b416-1f33-4997-becf-fc15c458fba0,H2O,1917,nm,absorbance,731.7986231637715
739.082,28.378928,7ab8b416-1f33-4997-becf-fc15c458fba0,H2O,1918,nm,absorbance,731.988207474777
739.273,27.086387,7ab8b416-1f33-4997-becf-fc15c458fba0,H2O,1919,nm,absorbance,732.1777917857826
739.464,28.279405,7ab8b416-1f33-4997-becf-fc15c458fba0,H2O,1920,nm,absorbance,732.3673760967882
739.655,25.840137,7ab8b416-1f33-4997-becf-fc15c458fba0,H2O,1921,nm,absorbance,732.5569604077937
739.846,23.507098000000003,7ab8b416-1f33-4997-becf-fc15c458fba0,H2O,1922,nm,absorbance,732.7465447187992
740.037,22.489924,7ab8b416-1f33-4997-becf-fc15c458fba0,H2O,1923,nm,absorbance,732.9361290298048
740.228,21.317422,7ab8b416-1f33-4997-becf-fc15c458fba0,H2O,1924,nm,absorbance,733.1257133408103
740.419,25.620727,7ab8b416-1f33-4997-becf-fc15c458fba0,H2O,1925,nm,absorbance,733.3152976518159
740.609,22.24659,7ab8b416-1f33-4997-becf-fc15c458fba0,H2O,1926,nm,absorbance,733.5038893748057
740.8,25.682014,7ab8b416-1f33-4997-becf-fc15c458fba0,H2O,1927,nm,absorbance,733.6934736858111
740.991,19.394409000000003,7ab8b416-1f33-4997-becf-fc15c458fba0,H2O,1928,nm,absorbance,733.8830579968168
741.182,20.241335,7ab8b416-1f33-4997-becf-fc15c458fba0,H2O,1929,nm,absorbance,734.0726423078223
741.373,22.291446,7ab8b416-1f33-4997-becf-fc15c458fba0,H2O,1930,nm,absorbance,734.2622266188279
741.563,25.898656,7ab8b416-1f33-4997-becf-fc15c458fba0,H2O,1931,nm,absorbance,734.4508183418176
741.754,26.206197000000003,7ab8b416-1f33-4997-becf-fc15c458fba0,H2O,1932,nm,absorbance,734.6404026528232
741.945,27.308345,7ab8b416-1f33-4997-becf-fc15c458fba0,H2O,1933,nm,absorbance,734.8299869638288
742.136,29.179314,7ab8b416-1f33-4997-becf-fc15c458fba0,H2O,1934,nm,absorbance,735.0195712748342
742.326,30.512717,7ab8b416-1f33-4997-becf-fc15c458fba0,H2O,1935,nm,absorbance,735.2081629978242
742.517,28.940634,7ab8b416-1f33-4997-becf-fc15c458fba0,H2O,1936,nm,absorbance,735.3977473088297
742.708,27.546785,7ab8b416-1f33-4997-becf-fc15c458fba0,H2O,1937,nm,absorbance,735.5873316198351
742.898,28.685729,7ab8b416-1f33-4997-becf-fc15c458fba0,H2O,1938,nm,absorbance,735.775923342825
743.089,25.440481,7ab8b416-1f33-4997-becf-fc15c458fba0,H2O,1939,nm,absorbance,735.9655076538306
743.28,23.757263,7ab8b416-1f33-4997-becf-fc15c458fba0,H2O,1940,nm,absorbance,736.1550919648361
743.47,21.917717000000003,7ab8b416-1f33-4997-becf-fc15c458fba0,H2O,1941,nm,absorbance,736.3436836878259
743.661,25.319559,7ab8b416-1f33-4997-becf-fc15c458fba0,H2O,1942,nm,absorbance,736.5332679988313
743.851,31.494772,7ab8b416-1f33-4997-becf-fc15c458fba0,H2O,1943,nm,absorbance,736.7218597218213
744.042,30.9082,7ab8b416-1f33-4997-becf-fc15c458fba0,H2O,1944,nm,absorbance,736.9114440328268
744.233,30.687349000000005,7ab8b416-1f33-4997-becf-fc15c458fba0,H2O,1945,nm,absorbance,737.1010283438322
744.423,26.869207,7ab8b416-1f33-4997-becf-fc15c458fba0,H2O,1946,nm,absorbance,737.2896200668222
744.614,26.243465,7ab8b416-1f33-4997-becf-fc15c458fba0,H2O,1947,nm,absorbance,737.4792043778277
744.804,24.776421,7ab8b416-1f33-4997-becf-fc15c458fba0,H2O,1948,nm,absorbance,737.6677961008174
744.995,24.920648,7ab8b416-1f33-4997-becf-fc15c458fba0,H2O,1949,nm,absorbance,737.857380411823
745.185,30.507309,7ab8b416-1f33-4997-becf-fc15c458fba0,H2O,1950,nm,absorbance,738.0459721348128
745.376,25.830438999999995,7ab8b416-1f33-4997-becf-fc15c458fba0,H2O,1951,nm,absorbance,738.2355564458184
745.566,26.755924,7ab8b416-1f33-4997-becf-fc15c458fba0,H2O,1952,nm,absorbance,738.4241481688082
745.756,22.465477,7ab8b416-1f33-4997-becf-fc15c458fba0,H2O,1953,nm,absorbance,738.612739891798
745.947,27.212159000000003,7ab8b416-1f33-4997-becf-fc15c458fba0,H2O,1954,nm,absorbance,738.8023242028036
746.137,27.899015,7ab8b416-1f33-4997-becf-fc15c458fba0,H2O,1955,nm,absorbance,738.9909159257933
746.328,24.220167,7ab8b416-1f33-4997-becf-fc15c458fba0,H2O,1956,nm,absorbance,739.1805002367988
746.518,22.956112,7ab8b416-1f33-4997-becf-fc15c458fba0,H2O,1957,nm,absorbance,739.3690919597888
746.708,20.982513,7ab8b416-1f33-4997-becf-fc15c458fba0,H2O,1958,nm,absorbance,739.5576836827785
746.899,22.516202,7ab8b416-1f33-4997-becf-fc15c458fba0,H2O,1959,nm,absorbance,739.747267993784
747.089,27.317811,7ab8b416-1f33-4997-becf-fc15c458fba0,H2O,1960,nm,absorbance,739.935859716774
747.279,26.096038,7ab8b416-1f33-4997-becf-fc15c458fba0,H2O,1961,nm,absorbance,740.1244514397637
747.47,33.676649,7ab8b416-1f33-4997-becf-fc15c458fba0,H2O,1962,nm,absorbance,740.3140357507692
747.66,29.578558000000005,7ab8b416-1f33-4997-becf-fc15c458fba0,H2O,1963,nm,absorbance,740.502627473759
747.85,28.609977000000004,7ab8b416-1f33-4997-becf-fc15c458fba0,H2O,1964,nm,absorbance,740.6912191967489
748.04,22.393289,7ab8b416-1f33-4997-becf-fc15c458fba0,H2O,1965,nm,absorbance,740.8798109197386
748.231,23.276577,7ab8b416-1f33-4997-becf-fc15c458fba0,H2O,1966,nm,absorbance,741.0693952307441
748.421,26.289169999999995,7ab8b416-1f33-4997-becf-fc15c458fba0,H2O,1967,nm,absorbance,741.2579869537341
748.611,30.257683,7ab8b416-1f33-4997-becf-fc15c458fba0,H2O,1968,nm,absorbance,741.4465786767238
748.801,30.002712,7ab8b416-1f33-4997-becf-fc15c458fba0,H2O,1969,nm,absorbance,741.6351703997136
748.991,27.857517,7ab8b416-1f33-4997-becf-fc15c458fba0,H2O,1970,nm,absorbance,741.8237621227034
749.182,19.690078,7ab8b416-1f33-4997-becf-fc15c458fba0,H2O,1971,nm,absorbance,742.013346433709
749.372,15.110419000000002,7ab8b416-1f33-4997-becf-fc15c458fba0,H2O,1972,nm,absorbance,742.2019381566987
749.562,18.151736,7ab8b416-1f33-4997-becf-fc15c458fba0,H2O,1973,nm,absorbance,742.3905298796886
749.752,23.862454000000003,7ab8b416-1f33-4997-becf-fc15c458fba0,H2O,1974,nm,absorbance,742.5791216026784
749.942,23.23026,7ab8b416-1f33-4997-becf-fc15c458fba0,H2O,1975,nm,absorbance,742.7677133256682
750.132,18.351736,7ab8b416-1f33-4997-becf-fc15c458fba0,H2O,1976,nm,absorbance,742.9563050486579
750.322,16.179987,7ab8b416-1f33-4997-becf-fc15c458fba0,H2O,1977,nm,absorbance,743.1448967716478
750.512,16.460089000000004,7ab8b416-1f33-4997-becf-fc15c458fba0,H2O,1978,nm,absorbance,743.3334884946375
750.702,19.229923,7ab8b416-1f33-4997-becf-fc15c458fba0,H2O,1979,nm,absorbance,743.5220802176274
750.892,20.413914,7ab8b416-1f33-4997-becf-fc15c458fba0,H2O,1980,nm,absorbance,743.7106719406173
751.082,26.177101,7ab8b416-1f33-4997-becf-fc15c458fba0,H2O,1981,nm,absorbance,743.899263663607
751.272,29.198287000000004,7ab8b416-1f33-4997-becf-fc15c458fba0,H2O,1982,nm,absorbance,744.0878553865969
751.462,31.073401,7ab8b416-1f33-4997-becf-fc15c458fba0,H2O,1983,nm,absorbance,744.2764471095867
751.652,33.420846,7ab8b416-1f33-4997-becf-fc15c458fba0,H2O,1984,nm,absorbance,744.4650388325765
751.842,32.44293799999999,7ab8b416-1f33-4997-becf-fc15c458fba0,H2O,1985,nm,absorbance,744.6536305555662
752.032,32.043812,7ab8b416-1f33-4997-becf-fc15c458fba0,H2O,1986,nm,absorbance,744.8422222785562
752.222,27.865500000000004,7ab8b416-1f33-4997-becf-fc15c458fba0,H2O,1987,nm,absorbance,745.0308140015459
752.412,24.198034,7ab8b416-1f33-4997-becf-fc15c458fba0,H2O,1988,nm,absorbance,745.2194057245357
752.602,23.168468000000004,7ab8b416-1f33-4997-becf-fc15c458fba0,H2O,1989,nm,absorbance,745.4079974475255
752.792,28.138727,7ab8b416-1f33-4997-becf-fc15c458fba0,H2O,1990,nm,absorbance,745.5965891705154
752.981,30.479657,7ab8b416-1f33-4997-becf-fc15c458fba0,H2O,1991,nm,absorbance,745.7841883054894
753.171,31.736198,7ab8b416-1f33-4997-becf-fc15c458fba0,H2O,1992,nm,absorbance,745.9727800284793
753.361,28.64041,7ab8b416-1f33-4997-becf-fc15c458fba0,H2O,1993,nm,absorbance,746.161371751469
753.551,27.618576,7ab8b416-1f33-4997-becf-fc15c458fba0,H2O,1994,nm,absorbance,746.3499634744588
753.741,25.813313,7ab8b416-1f33-4997-becf-fc15c458fba0,H2O,1995,nm,absorbance,746.5385551974487
753.93,28.85515,7ab8b416-1f33-4997-becf-fc15c458fba0,H2O,1996,nm,absorbance,746.7261543324227
754.12,29.761841,7ab8b416-1f33-4997-becf-fc15c458fba0,H2O,1997,nm,absorbance,746.9147460554125
754.31,34.165707,7ab8b416-1f33-4997-becf-fc15c458fba0,H2O,1998,nm,absorbance,747.1033377784023
754.5,32.246594,7ab8b416-1f33-4997-becf-fc15c458fba0,H2O,1999,nm,absorbance,747.2919295013921
754.689,34.032895,7ab8b416-1f33-4997-becf-fc15c458fba0,H2O,2000,nm,absorbance,747.4795286363661
754.879,30.821071,7ab8b416-1f33-4997-becf-fc15c458fba0,H2O,2001,nm,absorbance,747.6681203593561
755.069,31.007531,7ab8b416-1f33-4997-becf-fc15c458fba0,H2O,2002,nm,absorbance,747.8567120823458
755.258,30.736953,7ab8b416-1f33-4997-becf-fc15c458fba0,H2O,2003,nm,absorbance,748.0443112173199
755.448,29.271491,7ab8b416-1f33-4997-becf-fc15c458fba0,H2O,2004,nm,absorbance,748.2329029403097
755.638,30.629215,7ab8b416-1f33-4997-becf-fc15c458fba0,H2O,2005,nm,absorbance,748.4214946632995
755.827,27.622331,7ab8b416-1f33-4997-becf-fc15c458fba0,H2O,2006,nm,absorbance,748.6090937982735
756.017,29.131315,7ab8b416-1f33-4997-becf-fc15c458fba0,H2O,2007,nm,absorbance,748.7976855212635
756.206,27.805312999999995,7ab8b416-1f33-4997-becf-fc15c458fba0,H2O,2008,nm,absorbance,748.9852846562375
756.396,31.005271,7ab8b416-1f33-4997-becf-fc15c458fba0,H2O,2009,nm,absorbance,749.1738763792272
756.586,32.256208,7ab8b416-1f33-4997-becf-fc15c458fba0,H2O,2010,nm,absorbance,749.3624681022171
756.775,29.271406,7ab8b416-1f33-4997-becf-fc15c458fba0,H2O,2011,nm,absorbance,749.5500672371911
756.965,26.704908,7ab8b416-1f33-4997-becf-fc15c458fba0,H2O,2012,nm,absorbance,749.7386589601809
757.154,23.924989,7ab8b416-1f33-4997-becf-fc15c458fba0,H2O,2013,nm,absorbance,749.926258095155
757.344,22.974789999999995,7ab8b416-1f33-4997-becf-fc15c458fba0,H2O,2014,nm,absorbance,750.1148498181449
757.533,25.67481,7ab8b416-1f33-4997-becf-fc15c458fba0,H2O,2015,nm,absorbance,750.3024489531189
757.723,23.573809,7ab8b416-1f33-4997-becf-fc15c458fba0,H2O,2016,nm,absorbance,750.4910406761087
757.912,22.668741,7ab8b416-1f33-4997-becf-fc15c458fba0,H2O,2017,nm,absorbance,750.6786398110828
758.101,22.733181,7ab8b416-1f33-4997-becf-fc15c458fba0,H2O,2018,nm,absorbance,750.8662389460569
758.291,22.235163,7ab8b416-1f33-4997-becf-fc15c458fba0,H2O,2019,nm,absorbance,751.0548306690467
758.48,24.966091,7ab8b416-1f33-4997-becf-fc15c458fba0,H2O,2020,nm,absorbance,751.2424298040207
758.67,22.550370000000004,7ab8b416-1f33-4997-becf-fc15c458fba0,H2O,2021,nm,absorbance,751.4310215270106
758.859,28.618949000000004,7ab8b416-1f33-4997-becf-fc15c458fba0,H2O,2022,nm,absorbance,751.6186206619847
759.048,28.331282,7ab8b416-1f33-4997-becf-fc15c458fba0,H2O,2023,nm,absorbance,751.8062197969587
759.238,27.894315,7ab8b416-1f33-4997-becf-fc15c458fba0,H2O,2024,nm,absorbance,751.9948115199486
759.427,19.338669000000003,7ab8b416-1f33-4997-becf-fc15c458fba0,H2O,2025,nm,absorbance,752.1824106549226
759.616,14.891431,7ab8b416-1f33-4997-becf-fc15c458fba0,H2O,2026,nm,absorbance,752.3700097898966
759.806,16.804898,7ab8b416-1f33-4997-becf-fc15c458fba0,H2O,2027,nm,absorbance,752.5586015128865
759.995,25.623341,7ab8b416-1f33-4997-becf-fc15c458fba0,H2O,2028,nm,absorbance,752.7462006478605
760.184,28.579538000000003,7ab8b416-1f33-4997-becf-fc15c458fba0,H2O,2029,nm,absorbance,752.9337997828345
760.373,25.707774,7ab8b416-1f33-4997-becf-fc15c458fba0,H2O,2030,nm,absorbance,753.1213989178087
760.563,23.369741,7ab8b416-1f33-4997-becf-fc15c458fba0,H2O,2031,nm,absorbance,753.3099906407984
760.752,24.449569,7ab8b416-1f33-4997-becf-fc15c458fba0,H2O,2032,nm,absorbance,753.4975897757726
760.941,25.501734,7ab8b416-1f33-4997-becf-fc15c458fba0,H2O,2033,nm,absorbance,753.6851889107467
761.13,23.698636,7ab8b416-1f33-4997-becf-fc15c458fba0,H2O,2034,nm,absorbance,753.8727880457207
761.319,22.31389,7ab8b416-1f33-4997-becf-fc15c458fba0,H2O,2035,nm,absorbance,754.0603871806948
761.509,24.645197000000003,7ab8b416-1f33-4997-becf-fc15c458fba0,H2O,2036,nm,absorbance,754.2489789036846
761.698,24.289113,7ab8b416-1f33-4997-becf-fc15c458fba0,H2O,2037,nm,absorbance,754.4365780386586
761.887,25.720408000000003,7ab8b416-1f33-4997-becf-fc15c458fba0,H2O,2038,nm,absorbance,754.6241771736327
762.076,23.498364,7ab8b416-1f33-4997-becf-fc15c458fba0,H2O,2039,nm,absorbance,754.8117763086068
762.265,27.278305,7ab8b416-1f33-4997-becf-fc15c458fba0,H2O,2040,nm,absorbance,754.9993754435809
762.454,26.471979999999995,7ab8b416-1f33-4997-becf-fc15c458fba0,H2O,2041,nm,absorbance,755.1869745785549
762.643,28.829711999999997,7ab8b416-1f33-4997-becf-fc15c458fba0,H2O,2042,nm,absorbance,755.374573713529
762.832,29.817482,7ab8b416-1f33-4997-becf-fc15c458fba0,H2O,2043,nm,absorbance,755.5621728485031
763.021,30.207566,7ab8b416-1f33-4997-becf-fc15c458fba0,H2O,2044,nm,absorbance,755.7497719834771
763.21,26.992418999999995,7ab8b416-1f33-4997-becf-fc15c458fba0,H2O,2045,nm,absorbance,755.9373711184512
763.399,27.057021,7ab8b416-1f33-4997-becf-fc15c458fba0,H2O,2046,nm,absorbance,756.1249702534253
763.588,29.510273000000005,7ab8b416-1f33-4997-becf-fc15c458fba0,H2O,2047,nm,absorbance,756.3125693883993
763.777,30.872493,7ab8b416-1f33-4997-becf-fc15c458fba0,H2O,2048,nm,absorbance,756.5001685233735
763.966,28.171446999999997,7ab8b416-1f33-4997-becf-fc15c458fba0,H2O,2049,nm,absorbance,756.6877676583475
764.155,23.468319,7ab8b416-1f33-4997-becf-fc15c458fba0,H2O,2050,nm,absorbance,756.8753667933215
764.344,25.859276,7ab8b416-1f33-4997-becf-fc15c458fba0,H2O,2051,nm,absorbance,757.0629659282957
764.533,25.31239,7ab8b416-1f33-4997-becf-fc15c458fba0,H2O,2052,nm,absorbance,757.2505650632697
764.722,24.291634,7ab8b416-1f33-4997-becf-fc15c458fba0,H2O,2053,nm,absorbance,757.4381641982438
764.911,24.49702,7ab8b416-1f33-4997-becf-fc15c458fba0,H2O,2054,nm,absorbance,757.6257633332178
765.1,21.113919,7ab8b416-1f33-4997-becf-fc15c458fba0,H2O,2055,nm,absorbance,757.8133624681919
765.288,27.457311,7ab8b416-1f33-4997-becf-fc15c458fba0,H2O,2056,nm,absorbance,757.9999690151503
765.477,22.586611,7ab8b416-1f33-4997-becf-fc15c458fba0,H2O,2057,nm,absorbance,758.1875681501243
765.666,31.007522,7ab8b416-1f33-4997-becf-fc15c458fba0,H2O,2058,nm,absorbance,758.3751672850985
765.855,29.047766000000003,7ab8b416-1f33-4997-becf-fc15c458fba0,H2O,2059,nm,absorbance,758.5627664200725
766.044,33.17654399999999,7ab8b416-1f33-4997-becf-fc15c458fba0,H2O,2060,nm,absorbance,758.7503655550465
766.232,31.019531,7ab8b416-1f33-4997-becf-fc15c458fba0,H2O,2061,nm,absorbance,758.9369721020049
766.421,28.928056,7ab8b416-1f33-4997-becf-fc15c458fba0,H2O,2062,nm,absorbance,759.124571236979
766.61,31.698326,7ab8b416-1f33-4997-becf-fc15c458fba0,H2O,2063,nm,absorbance,759.3121703719531
766.799,31.943042,7ab8b416-1f33-4997-becf-fc15c458fba0,H2O,2064,nm,absorbance,759.4997695069271
766.987,34.73193,7ab8b416-1f33-4997-becf-fc15c458fba0,H2O,2065,nm,absorbance,759.6863760538854
767.176,31.019711,7ab8b416-1f33-4997-becf-fc15c458fba0,H2O,2066,nm,absorbance,759.8739751888596
767.365,26.583437,7ab8b416-1f33-4997-becf-fc15c458fba0,H2O,2067,nm,absorbance,760.0615743238336
767.553,24.812806,7ab8b416-1f33-4997-becf-fc15c458fba0,H2O,2068,nm,absorbance,760.248180870792
767.742,22.148135,7ab8b416-1f33-4997-becf-fc15c458fba0,H2O,2069,nm,absorbance,760.435780005766
767.931,28.20655900000001,7ab8b416-1f33-4997-becf-fc15c458fba0,H2O,2070,nm,absorbance,760.6233791407401
768.119,24.349948,7ab8b416-1f33-4997-becf-fc15c458fba0,H2O,2071,nm,absorbance,760.8099856876985
768.308,30.337751,7ab8b416-1f33-4997-becf-fc15c458fba0,H2O,2072,nm,absorbance,760.9975848226725
768.497,26.91334,7ab8b416-1f33-4997-becf-fc15c458fba0,H2O,2073,nm,absorbance,761.1851839576466
768.685,30.062626,7ab8b416-1f33-4997-becf-fc15c458fba0,H2O,2074,nm,absorbance,761.3717905046049
768.874,26.050344000000003,7ab8b416-1f33-4997-becf-fc15c458fba0,H2O,2075,nm,absorbance,761.559389639579
769.062,18.841893,7ab8b416-1f33-4997-becf-fc15c458fba0,H2O,2076,nm,absorbance,761.7459961865374
769.251,18.456536,7ab8b416-1f33-4997-becf-fc15c458fba0,H2O,2077,nm,absorbance,761.9335953215113
769.439,16.231539,7ab8b416-1f33-4997-becf-fc15c458fba0,H2O,2078,nm,absorbance,762.1202018684697
769.628,22.830499,7ab8b416-1f33-4997-becf-fc15c458fba0,H2O,2079,nm,absorbance,762.3078010034438
769.816,21.913348,7ab8b416-1f33-4997-becf-fc15c458fba0,H2O,2080,nm,absorbance,762.4944075504022
770.005,20.035499,7ab8b416-1f33-4997-becf-fc15c458fba0,H2O,2081,nm,absorbance,762.6820066853762
770.193,21.901362,7ab8b416-1f33-4997-becf-fc15c458fba0,H2O,2082,nm,absorbance,762.8686132323345
770.382,22.278197,7ab8b416-1f33-4997-becf-fc15c458fba0,H2O,2083,nm,absorbance,763.0562123673086
770.57,25.935744,7ab8b416-1f33-4997-becf-fc15c458fba0,H2O,2084,nm,absorbance,763.242818914267
770.758,25.957312,7ab8b416-1f33-4997-becf-fc15c458fba0,H2O,2085,nm,absorbance,763.4294254612254
770.947,24.134061000000003,7ab8b416-1f33-4997-becf-fc15c458fba0,H2O,2086,nm,absorbance,763.6170245961994
771.135,21.363657,7ab8b416-1f33-4997-becf-fc15c458fba0,H2O,2087,nm,absorbance,763.8036311431576
771.323,18.600966,7ab8b416-1f33-4997-becf-fc15c458fba0,H2O,2088,nm,absorbance,763.990237690116
771.512,23.799694,7ab8b416-1f33-4997-becf-fc15c458fba0,H2O,2089,nm,absorbance,764.17783682509
771.7,21.445732,7ab8b416-1f33-4997-becf-fc15c458fba0,H2O,2090,nm,absorbance,764.3644433720485
771.888,17.866322999999998,7ab8b416-1f33-4997-becf-fc15c458fba0,H2O,2091,nm,absorbance,764.5510499190068
772.077,15.117086,7ab8b416-1f33-4997-becf-fc15c458fba0,H2O,2092,nm,absorbance,764.7386490539809
772.265,20.253566,7ab8b416-1f33-4997-becf-fc15c458fba0,H2O,2093,nm,absorbance,764.9252556009392
772.453,20.751908000000004,7ab8b416-1f33-4997-becf-fc15c458fba0,H2O,2094,nm,absorbance,765.1118621478976
772.642,18.809431,7ab8b416-1f33-4997-becf-fc15c458fba0,H2O,2095,nm,absorbance,765.2994612828717
772.83,17.473046999999998,7ab8b416-1f33-4997-becf-fc15c458fba0,H2O,2096,nm,absorbance,765.48606782983
773.018,15.834321,7ab8b416-1f33-4997-becf-fc15c458fba0,H2O,2097,nm,absorbance,765.6726743767883
773.206,19.364923,7ab8b416-1f33-4997-becf-fc15c458fba0,H2O,2098,nm,absorbance,765.8592809237466
773.394,20.247988,7ab8b416-1f33-4997-becf-fc15c458fba0,H2O,2099,nm,absorbance,766.045887470705
773.583,24.099756,7ab8b416-1f33-4997-becf-fc15c458fba0,H2O,2100,nm,absorbance,766.233486605679
773.771,19.929468,7ab8b416-1f33-4997-becf-fc15c458fba0,H2O,2101,nm,absorbance,766.4200931526374
773.959,20.840897,7ab8b416-1f33-4997-becf-fc15c458fba0,H2O,2102,nm,absorbance,766.6066996995957
774.147,18.161258000000004,7ab8b416-1f33-4997-becf-fc15c458fba0,H2O,2103,nm,absorbance,766.793306246554
774.335,16.124846,7ab8b416-1f33-4997-becf-fc15c458fba0,H2O,2104,nm,absorbance,766.9799127935124
774.523,14.748462999999996,7ab8b416-1f33-4997-becf-fc15c458fba0,H2O,2105,nm,absorbance,767.1665193404707
774.711,17.674473999999996,7ab8b416-1f33-4997-becf-fc15c458fba0,H2O,2106,nm,absorbance,767.3531258874291
774.899,17.677563,7ab8b416-1f33-4997-becf-fc15c458fba0,H2O,2107,nm,absorbance,767.5397324343874
775.087,18.535004,7ab8b416-1f33-4997-becf-fc15c458fba0,H2O,2108,nm,absorbance,767.7263389813457
775.275,15.915725,7ab8b416-1f33-4997-becf-fc15c458fba0,H2O,2109,nm,absorbance,767.912945528304
775.463,25.130314,7ab8b416-1f33-4997-becf-fc15c458fba0,H2O,2110,nm,absorbance,768.0995520752624
775.651,23.804359,7ab8b416-1f33-4997-becf-fc15c458fba0,H2O,2111,nm,absorbance,768.2861586222207
775.839,24.699231000000005,7ab8b416-1f33-4997-becf-fc15c458fba0,H2O,2112,nm,absorbance,768.4727651691791
776.027,20.201417,7ab8b416-1f33-4997-becf-fc15c458fba0,H2O,2113,nm,absorbance,768.6593717161375
776.215,21.49799,7ab8b416-1f33-4997-becf-fc15c458fba0,H2O,2114,nm,absorbance,768.8459782630957
776.403,22.035087999999995,7ab8b416-1f33-4997-becf-fc15c458fba0,H2O,2115,nm,absorbance,769.0325848100541
776.591,20.79389,7ab8b416-1f33-4997-becf-fc15c458fba0,H2O,2116,nm,absorbance,769.2191913570124
776.779,17.071679,7ab8b416-1f33-4997-becf-fc15c458fba0,H2O,2117,nm,absorbance,769.4057979039708
776.967,17.620015,7ab8b416-1f33-4997-becf-fc15c458fba0,H2O,2118,nm,absorbance,769.592404450929
777.155,16.516184,7ab8b416-1f33-4997-becf-fc15c458fba0,H2O,2119,nm,absorbance,769.7790109978874
777.343,23.863957000000003,7ab8b416-1f33-4997-becf-fc15c458fba0,H2O,2120,nm,absorbance,769.9656175448457
777.531,20.359051,7ab8b416-1f33-4997-becf-fc15c458fba0,H2O,2121,nm,absorbance,770.1522240918041
777.718,22.324093,7ab8b416-1f33-4997-becf-fc15c458fba0,H2O,2122,nm,absorbance,770.3378380507467
777.906,16.527062,7ab8b416-1f33-4997-becf-fc15c458fba0,H2O,2123,nm,absorbance,770.5244445977049
778.094,19.249662,7ab8b416-1f33-4997-becf-fc15c458fba0,H2O,2124,nm,absorbance,770.7110511446634
778.282,16.290212,7ab8b416-1f33-4997-becf-fc15c458fba0,H2O,2125,nm,absorbance,770.8976576916217
778.47,17.332081999999996,7ab8b416-1f33-4997-becf-fc15c458fba0,H2O,2126,nm,absorbance,771.0842642385801
778.657,20.235071,7ab8b416-1f33-4997-becf-fc15c458fba0,H2O,2127,nm,absorbance,771.2698781975226
778.845,24.472593,7ab8b416-1f33-4997-becf-fc15c458fba0,H2O,2128,nm,absorbance,771.456484744481
779.033,29.21454,7ab8b416-1f33-4997-becf-fc15c458fba0,H2O,2129,nm,absorbance,771.6430912914393
779.22,26.319306000000005,7ab8b416-1f33-4997-becf-fc15c458fba0,H2O,2130,nm,absorbance,771.828705250382
779.408,29.670841000000003,7ab8b416-1f33-4997-becf-fc15c458fba0,H2O,2131,nm,absorbance,772.0153117973402
779.596,29.751379,7ab8b416-1f33-4997-becf-fc15c458fba0,H2O,2132,nm,absorbance,772.2019183442986
779.783,34.18639900000001,7ab8b416-1f33-4997-becf-fc15c458fba0,H2O,2133,nm,absorbance,772.3875323032412
779.971,35.326899000000004,7ab8b416-1f33-4997-becf-fc15c458fba0,H2O,2134,nm,absorbance,772.5741388501996
780.159,36.727814,7ab8b416-1f33-4997-becf-fc15c458fba0,H2O,2135,nm,absorbance,772.7607453971578
780.346,42.683128,7ab8b416-1f33-4997-becf-fc15c458fba0,H2O,2136,nm,absorbance,772.9463593561005
780.534,43.82610699999999,7ab8b416-1f33-4997-becf-fc15c458fba0,H2O,2137,nm,absorbance,773.1329659030588
780.722,49.57714,7ab8b416-1f33-4997-becf-fc15c458fba0,H2O,2138,nm,absorbance,773.3195724500172
780.909,50.017296,7ab8b416-1f33-4997-becf-fc15c458fba0,H2O,2139,nm,absorbance,773.5051864089597
781.097,50.17353,7ab8b416-1f33-4997-becf-fc15c458fba0,H2O,2140,nm,absorbance,773.691792955918
781.284,46.118055000000005,7ab8b416-1f33-4997-becf-fc15c458fba0,H2O,2141,nm,absorbance,773.8774069148607
781.472,46.113842,7ab8b416-1f33-4997-becf-fc15c458fba0,H2O,2142,nm,absorbance,774.064013461819
781.659,52.984595,7ab8b416-1f33-4997-becf-fc15c458fba0,H2O,2143,nm,absorbance,774.2496274207616
781.847,54.882086,7ab8b416-1f33-4997-becf-fc15c458fba0,H2O,2144,nm,absorbance,774.4362339677199
782.034,52.336587,7ab8b416-1f33-4997-becf-fc15c458fba0,H2O,2145,nm,absorbance,774.6218479266626
782.222,47.985754,7ab8b416-1f33-4997-becf-fc15c458fba0,H2O,2146,nm,absorbance,774.8084544736208
782.409,49.286189,7ab8b416-1f33-4997-becf-fc15c458fba0,H2O,2147,nm,absorbance,774.9940684325635
782.597,49.591144,7ab8b416-1f33-4997-becf-fc15c458fba0,H2O,2148,nm,absorbance,775.1806749795218
782.784,48.71626400000001,7ab8b416-1f33-4997-becf-fc15c458fba0,H2O,2149,nm,absorbance,775.3662889384644
782.971,49.957256,7ab8b416-1f33-4997-becf-fc15c458fba0,H2O,2150,nm,absorbance,775.551902897407
783.159,52.225978,7ab8b416-1f33-4997-becf-fc15c458fba0,H2O,2151,nm,absorbance,775.7385094443654
783.346,53.064319,7ab8b416-1f33-4997-becf-fc15c458fba0,H2O,2152,nm,absorbance,775.9241234033079
783.533,49.921163,7ab8b416-1f33-4997-becf-fc15c458fba0,H2O,2153,nm,absorbance,776.1097373622506
783.721,48.221779000000005,7ab8b416-1f33-4997-becf-fc15c458fba0,H2O,2154,nm,absorbance,776.2963439092089
783.908,44.579898,7ab8b416-1f33-4997-becf-fc15c458fba0,H2O,2155,nm,absorbance,776.4819578681515
784.095,43.952991,7ab8b416-1f33-4997-becf-fc15c458fba0,H2O,2156,nm,absorbance,776.6675718270941
784.283,46.437319,7ab8b416-1f33-4997-becf-fc15c458fba0,H2O,2157,nm,absorbance,776.8541783740525
784.47,51.849746,7ab8b416-1f33-4997-becf-fc15c458fba0,H2O,2158,nm,absorbance,777.039792332995
784.657,52.74054700000001,7ab8b416-1f33-4997-becf-fc15c458fba0,H2O,2159,nm,absorbance,777.2254062919377
784.844,52.12813,7ab8b416-1f33-4997-becf-fc15c458fba0,H2O,2160,nm,absorbance,777.4110202508803
785.032,49.42049300000001,7ab8b416-1f33-4997-becf-fc15c458fba0,H2O,2161,nm,absorbance,777.5976267978386
785.219,45.621472,7ab8b416-1f33-4997-becf-fc15c458fba0,H2O,2162,nm,absorbance,777.7832407567812
785.406,48.975465,7ab8b416-1f33-4997-becf-fc15c458fba0,H2O,2163,nm,absorbance,777.9688547157238
785.593,47.491366000000006,7ab8b416-1f33-4997-becf-fc15c458fba0,H2O,2164,nm,absorbance,778.1544686746663
785.78,52.98318600000001,7ab8b416-1f33-4997-becf-fc15c458fba0,H2O,2165,nm,absorbance,778.340082633609
785.968,45.380636,7ab8b416-1f33-4997-becf-fc15c458fba0,H2O,2166,nm,absorbance,778.5266891805672
786.155,47.666149,7ab8b416-1f33-4997-becf-fc15c458fba0,H2O,2167,nm,absorbance,778.7123031395099
786.342,42.40967500000001,7ab8b416-1f33-4997-becf-fc15c458fba0,H2O,2168,nm,absorbance,778.8979170984525
786.529,43.124911,7ab8b416-1f33-4997-becf-fc15c458fba0,H2O,2169,nm,absorbance,779.0835310573951
786.716,40.4185,7ab8b416-1f33-4997-becf-fc15c458fba0,H2O,2170,nm,absorbance,779.2691450163377
786.903,39.66913000000001,7ab8b416-1f33-4997-becf-fc15c458fba0,H2O,2171,nm,absorbance,779.4547589752804
787.09,40.553269,7ab8b416-1f33-4997-becf-fc15c458fba0,H2O,2172,nm,absorbance,779.6403729342229
787.277,39.28692,7ab8b416-1f33-4997-becf-fc15c458fba0,H2O,2173,nm,absorbance,779.8259868931656
787.464,39.483053,7ab8b416-1f33-4997-becf-fc15c458fba0,H2O,2174,nm,absorbance,780.0116008521081
787.651,38.32427,7ab8b416-1f33-4997-becf-fc15c458fba0,H2O,2175,nm,absorbance,780.1972148110507
787.838,36.389335,7ab8b416-1f33-4997-becf-fc15c458fba0,H2O,2176,nm,absorbance,780.3828287699934
788.025,34.914877000000004,7ab8b416-1f33-4997-becf-fc15c458fba0,H2O,2177,nm,absorbance,780.5684427289359
788.212,30.296316,7ab8b416-1f33-4997-becf-fc15c458fba0,H2O,2178,nm,absorbance,780.7540566878786
788.399,29.120902,7ab8b416-1f33-4997-becf-fc15c458fba0,H2O,2179,nm,absorbance,780.9396706468211
788.586,29.664449,7ab8b416-1f33-4997-becf-fc15c458fba0,H2O,2180,nm,absorbance,781.1252846057638
788.773,30.542103,7ab8b416-1f33-4997-becf-fc15c458fba0,H2O,2181,nm,absorbance,781.3108985647063
788.96,35.197879,7ab8b416-1f33-4997-becf-fc15c458fba0,H2O,2182,nm,absorbance,781.496512523649
789.147,30.041552999999997,7ab8b416-1f33-4997-becf-fc15c458fba0,H2O,2183,nm,absorbance,781.6821264825916
789.334,29.151979,7ab8b416-1f33-4997-becf-fc15c458fba0,H2O,2184,nm,absorbance,781.8677404415341
789.521,20.343787,7ab8b416-1f33-4997-becf-fc15c458fba0,H2O,2185,nm,absorbance,782.0533544004767
789.707,22.196862000000003,7ab8b416-1f33-4997-becf-fc15c458fba0,H2O,2186,nm,absorbance,782.2379757714036
789.894,21.134784,7ab8b416-1f33-4997-becf-fc15c458fba0,H2O,2187,nm,absorbance,782.4235897303462
790.081,20.654193,7ab8b416-1f33-4997-becf-fc15c458fba0,H2O,2188,nm,absorbance,782.6092036892888
790.268,19.093594,7ab8b416-1f33-4997-becf-fc15c458fba0,H2O,2189,nm,absorbance,782.7948176482314
790.455,17.045741999999997,7ab8b416-1f33-4997-becf-fc15c458fba0,H2O,2190,nm,absorbance,782.9804316071741
790.641,14.369476000000002,7ab8b416-1f33-4997-becf-fc15c458fba0,H2O,2191,nm,absorbance,783.1650529781008
790.828,10.287503999999998,7ab8b416-1f33-4997-becf-fc15c458fba0,H2O,2192,nm,absorbance,783.3506669370435
791.015,10.211271,7ab8b416-1f33-4997-becf-fc15c458fba0,H2O,2193,nm,absorbance,783.536280895986
791.202,11.139942,7ab8b416-1f33-4997-becf-fc15c458fba0,H2O,2194,nm,absorbance,783.7218948549287
791.388,16.974866000000002,7ab8b416-1f33-4997-becf-fc15c458fba0,H2O,2195,nm,absorbance,783.9065162258556
791.575,16.317363999999998,7ab8b416-1f33-4997-becf-fc15c458fba0,H2O,2196,nm,absorbance,784.0921301847982
791.762,13.801976,7ab8b416-1f33-4997-becf-fc15c458fba0,H2O,2197,nm,absorbance,784.2777441437407
791.948,7.474867000000001,7ab8b416-1f33-4997-becf-fc15c458fba0,H2O,2198,nm,absorbance,784.4623655146676
792.135,4.804076,7ab8b416-1f33-4997-becf-fc15c458fba0,H2O,2199,nm,absorbance,784.6479794736102
792.322,5.2924,7ab8b416-1f33-4997-becf-fc15c458fba0,H2O,2200,nm,absorbance,784.8335934325528
792.508,8.904556000000001,7ab8b416-1f33-4997-becf-fc15c458fba0,H2O,2201,nm,absorbance,785.0182148034797
792.695,10.942375000000002,7ab8b416-1f33-4997-becf-fc15c458fba0,H2O,2202,nm,absorbance,785.2038287624223
792.881,11.168193,7ab8b416-1f33-4997-becf-fc15c458fba0,H2O,2203,nm,absorbance,785.3884501333491
793.068,7.703712,7ab8b416-1f33-4997-becf-fc15c458fba0,H2O,2204,nm,absorbance,785.5740640922917
793.254,9.825774,7ab8b416-1f33-4997-becf-fc15c458fba0,H2O,2205,nm,absorbance,785.7586854632186
793.441,9.684996,7ab8b416-1f33-4997-becf-fc15c458fba0,H2O,2206,nm,absorbance,785.9442994221612
793.627,11.330652999999998,7ab8b416-1f33-4997-becf-fc15c458fba0,H2O,2207,nm,absorbance,786.128920793088
793.814,10.33762,7ab8b416-1f33-4997-becf-fc15c458fba0,H2O,2208,nm,absorbance,786.3145347520307
794.0,11.696578,7ab8b416-1f33-4997-becf-fc15c458fba0,H2O,2209,nm,absorbance,786.4991561229575
794.187,12.467983999999998,7ab8b416-1f33-4997-becf-fc15c458fba0,H2O,2210,nm,absorbance,786.6847700819002
794.373,12.48458,7ab8b416-1f33-4997-becf-fc15c458fba0,H2O,2211,nm,absorbance,786.869391452827
794.56,12.041665,7ab8b416-1f33-4997-becf-fc15c458fba0,H2O,2212,nm,absorbance,787.0550054117696
794.746,8.695122999999999,7ab8b416-1f33-4997-becf-fc15c458fba0,H2O,2213,nm,absorbance,787.2396267826964
794.933,9.176567,7ab8b416-1f33-4997-becf-fc15c458fba0,H2O,2214,nm,absorbance,787.4252407416391
795.119,11.01647,7ab8b416-1f33-4997-becf-fc15c458fba0,H2O,2215,nm,absorbance,787.6098621125659
795.305,18.871959,7ab8b416-1f33-4997-becf-fc15c458fba0,H2O,2216,nm,absorbance,787.7944834834927
795.492,15.128699,7ab8b416-1f33-4997-becf-fc15c458fba0,H2O,2217,nm,absorbance,787.9800974424354
795.678,12.692241,7ab8b416-1f33-4997-becf-fc15c458fba0,H2O,2218,nm,absorbance,788.1647188133622
795.864,10.581773,7ab8b416-1f33-4997-becf-fc15c458fba0,H2O,2219,nm,absorbance,788.3493401842892
796.051,15.219961,7ab8b416-1f33-4997-becf-fc15c458fba0,H2O,2220,nm,absorbance,788.5349541432317
796.237,16.963834,7ab8b416-1f33-4997-becf-fc15c458fba0,H2O,2221,nm,absorbance,788.7195755141586
796.423,12.252359,7ab8b416-1f33-4997-becf-fc15c458fba0,H2O,2222,nm,absorbance,788.9041968850854
796.61,10.60745,7ab8b416-1f33-4997-becf-fc15c458fba0,H2O,2223,nm,absorbance,789.0898108440281
796.796,13.750172,7ab8b416-1f33-4997-becf-fc15c458fba0,H2O,2224,nm,absorbance,789.274432214955
796.982,12.602701,7ab8b416-1f33-4997-becf-fc15c458fba0,H2O,2225,nm,absorbance,789.4590535858817
797.168,7.416462,7ab8b416-1f33-4997-becf-fc15c458fba0,H2O,2226,nm,absorbance,789.6436749568087
797.355,3.749197,7ab8b416-1f33-4997-becf-fc15c458fba0,H2O,2227,nm,absorbance,789.8292889157512
797.541,6.942764,7ab8b416-1f33-4997-becf-fc15c458fba0,H2O,2228,nm,absorbance,790.0139102866782
797.727,12.835292,7ab8b416-1f33-4997-becf-fc15c458fba0,H2O,2229,nm,absorbance,790.1985316576049
797.913,13.078872999999998,7ab8b416-1f33-4997-becf-fc15c458fba0,H2O,2230,nm,absorbance,790.3831530285319
798.099,12.728115,7ab8b416-1f33-4997-becf-fc15c458fba0,H2O,2231,nm,absorbance,790.5677743994588
798.285,11.065447,7ab8b416-1f33-4997-becf-fc15c458fba0,H2O,2232,nm,absorbance,790.7523957703855
798.471,7.148994,7ab8b416-1f33-4997-becf-fc15c458fba0,H2O,2233,nm,absorbance,790.9370171413125
798.658,8.497758,7ab8b416-1f33-4997-becf-fc15c458fba0,H2O,2234,nm,absorbance,791.122631100255
798.844,7.282675999999999,7ab8b416-1f33-4997-becf-fc15c458fba0,H2O,2235,nm,absorbance,791.307252471182
799.03,10.896784,7ab8b416-1f33-4997-becf-fc15c458fba0,H2O,2236,nm,absorbance,791.4918738421087
799.216,7.170670999999999,7ab8b416-1f33-4997-becf-fc15c458fba0,H2O,2237,nm,absorbance,791.6764952130357
799.402,7.671716999999999,7ab8b416-1f33-4997-becf-fc15c458fba0,H2O,2238,nm,absorbance,791.8611165839626
799.588,9.943597999999998,7ab8b416-1f33-4997-becf-fc15c458fba0,H2O,2239,nm,absorbance,792.0457379548893
799.774,12.775359,7ab8b416-1f33-4997-becf-fc15c458fba0,H2O,2240,nm,absorbance,792.2303593258163
799.96,16.874852,7ab8b416-1f33-4997-becf-fc15c458fba0,H2O,2241,nm,absorbance,792.4149806967431
800.146,14.661447,7ab8b416-1f33-4997-becf-fc15c458fba0,H2O,2242,nm,absorbance,792.5996020676699
800.332,11.578938,7ab8b416-1f33-4997-becf-fc15c458fba0,H2O,2243,nm,absorbance,792.7842234385968
800.518,7.332778,7ab8b416-1f33-4997-becf-fc15c458fba0,H2O,2244,nm,absorbance,792.9688448095237
800.704,5.501285999999999,7ab8b416-1f33-4997-becf-fc15c458fba0,H2O,2245,nm,absorbance,793.1534661804506
800.89,14.313619,7ab8b416-1f33-4997-becf-fc15c458fba0,H2O,2246,nm,absorbance,793.3380875513774
801.075,9.895150999999998,7ab8b416-1f33-4997-becf-fc15c458fba0,H2O,2247,nm,absorbance,793.5217163342886
801.261,13.213854,7ab8b416-1f33-4997-becf-fc15c458fba0,H2O,2248,nm,absorbance,793.7063377052153
801.447,5.539387,7ab8b416-1f33-4997-becf-fc15c458fba0,H2O,2249,nm,absorbance,793.8909590761423
801.633,12.677866,7ab8b416-1f33-4997-becf-fc15c458fba0,H2O,2250,nm,absorbance,794.0755804470692
801.819,12.188729,7ab8b416-1f33-4997-becf-fc15c458fba0,H2O,2251,nm,absorbance,794.260201817996
802.005,12.127145,7ab8b416-1f33-4997-becf-fc15c458fba0,H2O,2252,nm,absorbance,794.4448231889229
802.19,11.258895,7ab8b416-1f33-4997-becf-fc15c458fba0,H2O,2253,nm,absorbance,794.628451971834
802.376,10.835028,7ab8b416-1f33-4997-becf-fc15c458fba0,H2O,2254,nm,absorbance,794.8130733427608
802.562,15.856455999999998,7ab8b416-1f33-4997-becf-fc15c458fba0,H2O,2255,nm,absorbance,794.9976947136878
802.748,13.598556000000002,7ab8b416-1f33-4997-becf-fc15c458fba0,H2O,2256,nm,absorbance,795.1823160846146
802.934,13.911767,7ab8b416-1f33-4997-becf-fc15c458fba0,H2O,2257,nm,absorbance,795.3669374555415
803.119,8.675031,7ab8b416-1f33-4997-becf-fc15c458fba0,H2O,2258,nm,absorbance,795.5505662384526
803.305,10.247368,7ab8b416-1f33-4997-becf-fc15c458fba0,H2O,2259,nm,absorbance,795.7351876093794
803.491,13.325763,7ab8b416-1f33-4997-becf-fc15c458fba0,H2O,2260,nm,absorbance,795.9198089803064
803.676,15.056527999999997,7ab8b416-1f33-4997-becf-fc15c458fba0,H2O,2261,nm,absorbance,796.1034377632175
803.862,12.838490000000002,7ab8b416-1f33-4997-becf-fc15c458fba0,H2O,2262,nm,absorbance,796.2880591341443
804.048,7.894906000000001,7ab8b416-1f33-4997-becf-fc15c458fba0,H2O,2263,nm,absorbance,796.4726805050711
804.233,4.443186,7ab8b416-1f33-4997-becf-fc15c458fba0,H2O,2264,nm,absorbance,796.6563092879823
804.419,7.566086000000001,7ab8b416-1f33-4997-becf-fc15c458fba0,H2O,2265,nm,absorbance,796.8409306589092
804.605,7.220944999999999,7ab8b416-1f33-4997-becf-fc15c458fba0,H2O,2266,nm,absorbance,797.025552029836
804.79,10.793331,7ab8b416-1f33-4997-becf-fc15c458fba0,H2O,2267,nm,absorbance,797.2091808127471
804.976,8.36411,7ab8b416-1f33-4997-becf-fc15c458fba0,H2O,2268,nm,absorbance,797.393802183674
805.161,11.284893,7ab8b416-1f33-4997-becf-fc15c458fba0,H2O,2269,nm,absorbance,797.5774309665851
805.347,6.767131000000001,7ab8b416-1f33-4997-becf-fc15c458fba0,H2O,2270,nm,absorbance,797.762052337512
805.532,9.074876,7ab8b416-1f33-4997-becf-fc15c458fba0,H2O,2271,nm,absorbance,797.9456811204232
805.718,6.2321930000000005,7ab8b416-1f33-4997-becf-fc15c458fba0,H2O,2272,nm,absorbance,798.13030249135
805.903,12.731341,7ab8b416-1f33-4997-becf-fc15c458fba0,H2O,2273,nm,absorbance,798.3139312742612
806.089,9.788493,7ab8b416-1f33-4997-becf-fc15c458fba0,H2O,2274,nm,absorbance,798.498552645188
806.274,12.604866,7ab8b416-1f33-4997-becf-fc15c458fba0,H2O,2275,nm,absorbance,798.6821814280992
806.46,8.504903,7ab8b416-1f33-4997-becf-fc15c458fba0,H2O,2276,nm,absorbance,798.866802799026
806.645,7.771705000000002,7ab8b416-1f33-4997-becf-fc15c458fba0,H2O,2277,nm,absorbance,799.0504315819371
806.831,8.545013999999998,7ab8b416-1f33-4997-becf-fc15c458fba0,H2O,2278,nm,absorbance,799.2350529528641
807.016,10.506617000000002,7ab8b416-1f33-4997-becf-fc15c458fba0,H2O,2279,nm,absorbance,799.4186817357751
807.201,12.938611000000003,7ab8b416-1f33-4997-becf-fc15c458fba0,H2O,2280,nm,absorbance,799.6023105186863
807.387,9.351911,7ab8b416-1f33-4997-becf-fc15c458fba0,H2O,2281,nm,absorbance,799.7869318896131
807.572,7.853429,7ab8b416-1f33-4997-becf-fc15c458fba0,H2O,2282,nm,absorbance,799.9705606725242
807.757,6.28185,7ab8b416-1f33-4997-becf-fc15c458fba0,H2O,2283,nm,absorbance,800.1541894554354
807.943,11.005776,7ab8b416-1f33-4997-becf-fc15c458fba0,H2O,2284,nm,absorbance,800.3388108263622
808.128,14.54391,7ab8b416-1f33-4997-becf-fc15c458fba0,H2O,2285,nm,absorbance,800.5224396092734
808.313,13.015042,7ab8b416-1f33-4997-becf-fc15c458fba0,H2O,2286,nm,absorbance,800.7060683921845
808.499,11.492678,7ab8b416-1f33-4997-becf-fc15c458fba0,H2O,2287,nm,absorbance,800.8906897631114
808.684,10.715530000000005,7ab8b416-1f33-4997-becf-fc15c458fba0,H2O,2288,nm,absorbance,801.0743185460225
808.869,10.976158000000002,7ab8b416-1f33-4997-becf-fc15c458fba0,H2O,2289,nm,absorbance,801.2579473289337
809.054,9.773891,7ab8b416-1f33-4997-becf-fc15c458fba0,H2O,2290,nm,absorbance,801.4415761118447
809.24,0.92145,7ab8b416-1f33-4997-becf-fc15c458fba0,H2O,2291,nm,absorbance,801.6261974827717
809.425,5.661794,7ab8b416-1f33-4997-becf-fc15c458fba0,H2O,2292,nm,absorbance,801.8098262656828
809.61,4.226852,7ab8b416-1f33-4997-becf-fc15c458fba0,H2O,2293,nm,absorbance,801.9934550485939
809.795,5.634553,7ab8b416-1f33-4997-becf-fc15c458fba0,H2O,2294,nm,absorbance,802.177083831505
809.98,4.524796,7ab8b416-1f33-4997-becf-fc15c458fba0,H2O,2295,nm,absorbance,802.3607126144161
810.165,-0.8617969999999998,7ab8b416-1f33-4997-becf-fc15c458fba0,H2O,2296,nm,absorbance,802.5443413973272
810.35,3.0001240000000005,7ab8b416-1f33-4997-becf-fc15c458fba0,H2O,2297,nm,absorbance,802.7279701802385
810.536,1.863013,7ab8b416-1f33-4997-becf-fc15c458fba0,H2O,2298,nm,absorbance,802.9125915511652
810.721,5.505792,7ab8b416-1f33-4997-becf-fc15c458fba0,H2O,2299,nm,absorbance,803.0962203340764
810.906,0.871912,7ab8b416-1f33-4997-becf-fc15c458fba0,H2O,2300,nm,absorbance,803.2798491169875
811.091,0.2134799999999999,7ab8b416-1f33-4997-becf-fc15c458fba0,H2O,2301,nm,absorbance,803.4634778998986
811.276,3.969197,7ab8b416-1f33-4997-becf-fc15c458fba0,H2O,2302,nm,absorbance,803.6471066828097
811.461,3.640124,7ab8b416-1f33-4997-becf-fc15c458fba0,H2O,2303,nm,absorbance,803.830735465721
811.646,-1.22562,7ab8b416-1f33-4997-becf-fc15c458fba0,H2O,2304,nm,absorbance,804.014364248632
811.831,-6.760924000000001,7ab8b416-1f33-4997-becf-fc15c458fba0,H2O,2305,nm,absorbance,804.1979930315432
812.016,3.730748,7ab8b416-1f33-4997-becf-fc15c458fba0,H2O,2306,nm,absorbance,804.3816218144543
812.201,5.663339,7ab8b416-1f33-4997-becf-fc15c458fba0,H2O,2307,nm,absorbance,804.5652505973654
812.386,6.275844999999999,7ab8b416-1f33-4997-becf-fc15c458fba0,H2O,2308,nm,absorbance,804.7488793802765
812.571,0.4829809999999999,7ab8b416-1f33-4997-becf-fc15c458fba0,H2O,2309,nm,absorbance,804.9325081631878
812.756,4.114546000000001,7ab8b416-1f33-4997-becf-fc15c458fba0,H2O,2310,nm,absorbance,805.1161369460988
812.941,5.783191,7ab8b416-1f33-4997-becf-fc15c458fba0,H2O,2311,nm,absorbance,805.29976572901
813.125,5.190032,7ab8b416-1f33-4997-becf-fc15c458fba0,H2O,2312,nm,absorbance,805.4824019239054
813.31,2.924034,7ab8b416-1f33-4997-becf-fc15c458fba0,H2O,2313,nm,absorbance,805.6660307068164
813.495,3.407232,7ab8b416-1f33-4997-becf-fc15c458fba0,H2O,2314,nm,absorbance,805.8496594897276
813.68,6.334280000000001,7ab8b416-1f33-4997-becf-fc15c458fba0,H2O,2315,nm,absorbance,806.0332882726386
813.865,5.294664,7ab8b416-1f33-4997-becf-fc15c458fba0,H2O,2316,nm,absorbance,806.2169170555499
814.05,5.506325,7ab8b416-1f33-4997-becf-fc15c458fba0,H2O,2317,nm,absorbance,806.400545838461
814.234,2.742213,7ab8b416-1f33-4997-becf-fc15c458fba0,H2O,2318,nm,absorbance,806.5831820333564
814.419,1.327754,7ab8b416-1f33-4997-becf-fc15c458fba0,H2O,2319,nm,absorbance,806.7668108162675
814.604,1.7380990000000005,7ab8b416-1f33-4997-becf-fc15c458fba0,H2O,2320,nm,absorbance,806.9504395991787
814.789,1.6600079999999997,7ab8b416-1f33-4997-becf-fc15c458fba0,H2O,2321,nm,absorbance,807.1340683820897
814.973,4.893505,7ab8b416-1f33-4997-becf-fc15c458fba0,H2O,2322,nm,absorbance,807.3167045769851
815.158,5.470699,7ab8b416-1f33-4997-becf-fc15c458fba0,H2O,2323,nm,absorbance,807.5003333598963
815.343,8.532011999999998,7ab8b416-1f33-4997-becf-fc15c458fba0,H2O,2324,nm,absorbance,807.6839621428073
815.528,12.146788,7ab8b416-1f33-4997-becf-fc15c458fba0,H2O,2325,nm,absorbance,807.8675909257186
815.712,10.197449,7ab8b416-1f33-4997-becf-fc15c458fba0,H2O,2326,nm,absorbance,808.050227120614
815.897,6.474650000000001,7ab8b416-1f33-4997-becf-fc15c458fba0,H2O,2327,nm,absorbance,808.2338559035251
816.081,3.541368,7ab8b416-1f33-4997-becf-fc15c458fba0,H2O,2328,nm,absorbance,808.4164920984205
816.266,4.408643,7ab8b416-1f33-4997-becf-fc15c458fba0,H2O,2329,nm,absorbance,808.6001208813316
816.451,8.427977000000002,7ab8b416-1f33-4997-becf-fc15c458fba0,H2O,2330,nm,absorbance,808.7837496642428
816.635,8.590100000000001,7ab8b416-1f33-4997-becf-fc15c458fba0,H2O,2331,nm,absorbance,808.9663858591381
816.82,9.767605,7ab8b416-1f33-4997-becf-fc15c458fba0,H2O,2332,nm,absorbance,809.1500146420493
817.004,10.930257999999998,7ab8b416-1f33-4997-becf-fc15c458fba0,H2O,2333,nm,absorbance,809.3326508369447
817.189,12.954757999999998,7ab8b416-1f33-4997-becf-fc15c458fba0,H2O,2334,nm,absorbance,809.5162796198557
817.374,14.813263999999998,7ab8b416-1f33-4997-becf-fc15c458fba0,H2O,2335,nm,absorbance,809.6999084027669
817.558,8.187055,7ab8b416-1f33-4997-becf-fc15c458fba0,H2O,2336,nm,absorbance,809.8825445976623
817.743,6.302689999999999,7ab8b416-1f33-4997-becf-fc15c458fba0,H2O,2337,nm,absorbance,810.0661733805734
817.927,3.165389,7ab8b416-1f33-4997-becf-fc15c458fba0,H2O,2338,nm,absorbance,810.2488095754688
818.111,9.99421,7ab8b416-1f33-4997-becf-fc15c458fba0,H2O,2339,nm,absorbance,810.4314457703642
818.296,13.756106,7ab8b416-1f33-4997-becf-fc15c458fba0,H2O,2340,nm,absorbance,810.6150745532753
818.48,15.761087999999996,7ab8b416-1f33-4997-becf-fc15c458fba0,H2O,2341,nm,absorbance,810.7977107481707
818.665,15.701691000000002,7ab8b416-1f33-4997-becf-fc15c458fba0,H2O,2342,nm,absorbance,810.9813395310819
818.849,8.094100000000001,7ab8b416-1f33-4997-becf-fc15c458fba0,H2O,2343,nm,absorbance,811.1639757259773
819.034,5.812144000000001,7ab8b416-1f33-4997-becf-fc15c458fba0,H2O,2344,nm,absorbance,811.3476045088884
819.218,5.2435670000000005,7ab8b416-1f33-4997-becf-fc15c458fba0,H2O,2345,nm,absorbance,811.5302407037838
819.402,10.789033,7ab8b416-1f33-4997-becf-fc15c458fba0,H2O,2346,nm,absorbance,811.7128768986793
819.587,10.876129999999998,7ab8b416-1f33-4997-becf-fc15c458fba0,H2O,2347,nm,absorbance,811.8965056815903
819.771,4.453704,7ab8b416-1f33-4997-becf-fc15c458fba0,H2O,2348,nm,absorbance,812.0791418764857
819.955,1.853569,7ab8b416-1f33-4997-becf-fc15c458fba0,H2O,2349,nm,absorbance,812.2617780713812
820.14,5.85418,7ab8b416-1f33-4997-becf-fc15c458fba0,H2O,2350,nm,absorbance,812.4454068542922
820.324,10.723175,7ab8b416-1f33-4997-becf-fc15c458fba0,H2O,2351,nm,absorbance,812.6280430491876
820.508,10.551605,7ab8b416-1f33-4997-becf-fc15c458fba0,H2O,2352,nm,absorbance,812.8106792440831
820.692,8.051165000000001,7ab8b416-1f33-4997-becf-fc15c458fba0,H2O,2353,nm,absorbance,812.9933154389784
820.877,4.303752,7ab8b416-1f33-4997-becf-fc15c458fba0,H2O,2354,nm,absorbance,813.1769442218895
821.061,4.101858,7ab8b416-1f33-4997-becf-fc15c458fba0,H2O,2355,nm,absorbance,813.359580416785
821.245,6.83705,7ab8b416-1f33-4997-becf-fc15c458fba0,H2O,2356,nm,absorbance,813.5422166116803
821.429,7.759354,7ab8b416-1f33-4997-becf-fc15c458fba0,H2O,2357,nm,absorbance,813.7248528065757
821.613,10.619179,7ab8b416-1f33-4997-becf-fc15c458fba0,H2O,2358,nm,absorbance,813.9074890014712
821.798,11.478476,7ab8b416-1f33-4997-becf-fc15c458fba0,H2O,2359,nm,absorbance,814.0911177843823
821.982,13.141106,7ab8b416-1f33-4997-becf-fc15c458fba0,H2O,2360,nm,absorbance,814.2737539792776
822.166,9.534678,7ab8b416-1f33-4997-becf-fc15c458fba0,H2O,2361,nm,absorbance,814.4563901741731
822.35,4.316777,7ab8b416-1f33-4997-becf-fc15c458fba0,H2O,2362,nm,absorbance,814.6390263690685
822.534,4.166328999999999,7ab8b416-1f33-4997-becf-fc15c458fba0,H2O,2363,nm,absorbance,814.8216625639637
822.718,7.726650999999999,7ab8b416-1f33-4997-becf-fc15c458fba0,H2O,2364,nm,absorbance,815.0042987588591
822.902,5.878893,7ab8b416-1f33-4997-becf-fc15c458fba0,H2O,2365,nm,absorbance,815.1869349537546
823.086,5.595170000000001,7ab8b416-1f33-4997-becf-fc15c458fba0,H2O,2366,nm,absorbance,815.36957114865
823.27,4.349611,7ab8b416-1f33-4997-becf-fc15c458fba0,H2O,2367,nm,absorbance,815.5522073435453
823.454,3.511451,7ab8b416-1f33-4997-becf-fc15c458fba0,H2O,2368,nm,absorbance,815.7348435384407
823.638,0.920313,7ab8b416-1f33-4997-becf-fc15c458fba0,H2O,2369,nm,absorbance,815.9174797333362
823.822,-2.157309,7ab8b416-1f33-4997-becf-fc15c458fba0,H2O,2370,nm,absorbance,816.1001159282315
824.006,3.964858,7ab8b416-1f33-4997-becf-fc15c458fba0,H2O,2371,nm,absorbance,816.2827521231269
824.19,5.242641,7ab8b416-1f33-4997-becf-fc15c458fba0,H2O,2372,nm,absorbance,816.4653883180224
824.374,7.593285,7ab8b416-1f33-4997-becf-fc15c458fba0,H2O,2373,nm,absorbance,816.6480245129178
824.558,3.62264,7ab8b416-1f33-4997-becf-fc15c458fba0,H2O,2374,nm,absorbance,816.8306607078131
824.742,2.466182,7ab8b416-1f33-4997-becf-fc15c458fba0,H2O,2375,nm,absorbance,817.0132969027085
824.926,4.288443,7ab8b416-1f33-4997-becf-fc15c458fba0,H2O,2376,nm,absorbance,817.195933097604
825.11,5.191268,7ab8b416-1f33-4997-becf-fc15c458fba0,H2O,2377,nm,absorbance,817.3785692924993
825.294,7.100618,7ab8b416-1f33-4997-becf-fc15c458fba0,H2O,2378,nm,absorbance,817.5612054873947
825.477,3.742619,7ab8b416-1f33-4997-becf-fc15c458fba0,H2O,2379,nm,absorbance,817.7428490942743
825.661,4.874829,7ab8b416-1f33-4997-becf-fc15c458fba0,H2O,2380,nm,absorbance,817.9254852891697
825.845,6.234364,7ab8b416-1f33-4997-becf-fc15c458fba0,H2O,2381,nm,absorbance,818.1081214840651
826.029,5.282542,7ab8b416-1f33-4997-becf-fc15c458fba0,H2O,2382,nm,absorbance,818.2907576789605
826.213,5.742139000000001,7ab8b416-1f33-4997-becf-fc15c458fba0,H2O,2383,nm,absorbance,818.4733938738559
826.396,8.574248,7ab8b416-1f33-4997-becf-fc15c458fba0,H2O,2384,nm,absorbance,818.6550374807356
826.58,8.727543,7ab8b416-1f33-4997-becf-fc15c458fba0,H2O,2385,nm,absorbance,818.837673675631
826.764,4.915958999999999,7ab8b416-1f33-4997-becf-fc15c458fba0,H2O,2386,nm,absorbance,819.0203098705264
826.948,0.3885139999999999,7ab8b416-1f33-4997-becf-fc15c458fba0,H2O,2387,nm,absorbance,819.2029460654218
827.131,1.506783,7ab8b416-1f33-4997-becf-fc15c458fba0,H2O,2388,nm,absorbance,819.3845896723014
827.315,1.7319270000000002,7ab8b416-1f33-4997-becf-fc15c458fba0,H2O,2389,nm,absorbance,819.5672258671968
827.499,2.6512170000000004,7ab8b416-1f33-4997-becf-fc15c458fba0,H2O,2390,nm,absorbance,819.7498620620922
827.682,2.771916,7ab8b416-1f33-4997-becf-fc15c458fba0,H2O,2391,nm,absorbance,819.9315056689719
827.866,5.969463,7ab8b416-1f33-4997-becf-fc15c458fba0,H2O,2392,nm,absorbance,820.1141418638673
828.05,8.191753000000002,7ab8b416-1f33-4997-becf-fc15c458fba0,H2O,2393,nm,absorbance,820.2967780587626
828.233,7.500396999999999,7ab8b416-1f33-4997-becf-fc15c458fba0,H2O,2394,nm,absorbance,820.4784216656423
828.417,8.330248000000001,7ab8b416-1f33-4997-becf-fc15c458fba0,H2O,2395,nm,absorbance,820.6610578605378
828.6,6.124368,7ab8b416-1f33-4997-becf-fc15c458fba0,H2O,2396,nm,absorbance,820.8427014674174
828.784,6.45966,7ab8b416-1f33-4997-becf-fc15c458fba0,H2O,2397,nm,absorbance,821.0253376623127
828.967,1.7998710000000002,7ab8b416-1f33-4997-becf-fc15c458fba0,H2O,2398,nm,absorbance,821.2069812691924
829.151,5.271586999999999,7ab8b416-1f33-4997-becf-fc15c458fba0,H2O,2399,nm,absorbance,821.3896174640878
829.335,5.663422,7ab8b416-1f33-4997-becf-fc15c458fba0,H2O,2400,nm,absorbance,821.5722536589832
829.518,7.113833,7ab8b416-1f33-4997-becf-fc15c458fba0,H2O,2401,nm,absorbance,821.7538972658629
829.701,5.996024,7ab8b416-1f33-4997-becf-fc15c458fba0,H2O,2402,nm,absorbance,821.9355408727425
829.885,9.213937,7ab8b416-1f33-4997-becf-fc15c458fba0,H2O,2403,nm,absorbance,822.1181770676379
830.068,11.019804000000002,7ab8b416-1f33-4997-becf-fc15c458fba0,H2O,2404,nm,absorbance,822.2998206745176
830.252,6.459301000000001,7ab8b416-1f33-4997-becf-fc15c458fba0,H2O,2405,nm,absorbance,822.4824568694129
830.435,5.049445,7ab8b416-1f33-4997-becf-fc15c458fba0,H2O,2406,nm,absorbance,822.6641004762926
830.619,0.3200010000000001,7ab8b416-1f33-4997-becf-fc15c458fba0,H2O,2407,nm,absorbance,822.8467366711881
830.802,6.2298350000000005,7ab8b416-1f33-4997-becf-fc15c458fba0,H2O,2408,nm,absorbance,823.0283802780677
830.985,2.3876729999999995,7ab8b416-1f33-4997-becf-fc15c458fba0,H2O,2409,nm,absorbance,823.2100238849473
831.169,3.3882799999999995,7ab8b416-1f33-4997-becf-fc15c458fba0,H2O,2410,nm,absorbance,823.3926600798427
831.352,-0.973199,7ab8b416-1f33-4997-becf-fc15c458fba0,H2O,2411,nm,absorbance,823.5743036867224
831.535,-0.3739269999999999,7ab8b416-1f33-4997-becf-fc15c458fba0,H2O,2412,nm,absorbance,823.755947293602
831.719,4.968557,7ab8b416-1f33-4997-becf-fc15c458fba0,H2O,2413,nm,absorbance,823.9385834884974
831.902,7.862452999999999,7ab8b416-1f33-4997-becf-fc15c458fba0,H2O,2414,nm,absorbance,824.1202270953771
832.085,9.419435000000002,7ab8b416-1f33-4997-becf-fc15c458fba0,H2O,2415,nm,absorbance,824.3018707022568
832.269,5.035178,7ab8b416-1f33-4997-becf-fc15c458fba0,H2O,2416,nm,absorbance,824.4845068971522
832.452,1.349106,7ab8b416-1f33-4997-becf-fc15c458fba0,H2O,2417,nm,absorbance,824.6661505040317
832.635,2.152611,7ab8b416-1f33-4997-becf-fc15c458fba0,H2O,2418,nm,absorbance,824.8477941109114
832.818,6.765269000000001,7ab8b416-1f33-4997-becf-fc15c458fba0,H2O,2419,nm,absorbance,825.0294377177911
833.002,9.088689,7ab8b416-1f33-4997-becf-fc15c458fba0,H2O,2420,nm,absorbance,825.2120739126865
833.185,7.005637999999999,7ab8b416-1f33-4997-becf-fc15c458fba0,H2O,2421,nm,absorbance,825.393717519566
833.368,8.229311,7ab8b416-1f33-4997-becf-fc15c458fba0,H2O,2422,nm,absorbance,825.5753611264458
833.551,5.860274,7ab8b416-1f33-4997-becf-fc15c458fba0,H2O,2423,nm,absorbance,825.7570047333255
833.734,6.176448,7ab8b416-1f33-4997-becf-fc15c458fba0,H2O,2424,nm,absorbance,825.9386483402052
833.917,-1.4548359999999998,7ab8b416-1f33-4997-becf-fc15c458fba0,H2O,2425,nm,absorbance,826.1202919470849
834.1,1.6979590000000002,7ab8b416-1f33-4997-becf-fc15c458fba0,H2O,2426,nm,absorbance,826.3019355539644
834.284,6.327834,7ab8b416-1f33-4997-becf-fc15c458fba0,H2O,2427,nm,absorbance,826.4845717488598
834.467,8.220415,7ab8b416-1f33-4997-becf-fc15c458fba0,H2O,2428,nm,absorbance,826.6662153557395
834.65,6.407326,7ab8b416-1f33-4997-becf-fc15c458fba0,H2O,2429,nm,absorbance,826.8478589626192
834.833,6.477248,7ab8b416-1f33-4997-becf-fc15c458fba0,H2O,2430,nm,absorbance,827.0295025694987
835.016,10.137675,7ab8b416-1f33-4997-becf-fc15c458fba0,H2O,2431,nm,absorbance,827.2111461763784
835.199,9.37484,7ab8b416-1f33-4997-becf-fc15c458fba0,H2O,2432,nm,absorbance,827.3927897832581
835.382,8.046341,7ab8b416-1f33-4997-becf-fc15c458fba0,H2O,2433,nm,absorbance,827.5744333901378
835.565,5.722485999999999,7ab8b416-1f33-4997-becf-fc15c458fba0,H2O,2434,nm,absorbance,827.7560769970175
835.748,6.107107000000001,7ab8b416-1f33-4997-becf-fc15c458fba0,H2O,2435,nm,absorbance,827.9377206038971
835.931,5.943442999999999,7ab8b416-1f33-4997-becf-fc15c458fba0,H2O,2436,nm,absorbance,828.1193642107768
836.114,10.318414,7ab8b416-1f33-4997-becf-fc15c458fba0,H2O,2437,nm,absorbance,828.3010078176565
836.297,7.137293,7ab8b416-1f33-4997-becf-fc15c458fba0,H2O,2438,nm,absorbance,828.4826514245361
836.479,3.29082,7ab8b416-1f33-4997-becf-fc15c458fba0,H2O,2439,nm,absorbance,828.6633024434001
836.662,4.589498000000001,7ab8b416-1f33-4997-becf-fc15c458fba0,H2O,2440,nm,absorbance,828.8449460502796
836.845,6.333235999999999,7ab8b416-1f33-4997-becf-fc15c458fba0,H2O,2441,nm,absorbance,829.0265896571593
837.028,10.153858,7ab8b416-1f33-4997-becf-fc15c458fba0,H2O,2442,nm,absorbance,829.208233264039
837.211,4.24839,7ab8b416-1f33-4997-becf-fc15c458fba0,H2O,2443,nm,absorbance,829.3898768709187
837.394,6.869404000000001,7ab8b416-1f33-4997-becf-fc15c458fba0,H2O,2444,nm,absorbance,829.5715204777982
837.577,6.5557360000000005,7ab8b416-1f33-4997-becf-fc15c458fba0,H2O,2445,nm,absorbance,829.7531640846779
837.759,8.873321999999998,7ab8b416-1f33-4997-becf-fc15c458fba0,H2O,2446,nm,absorbance,829.9338151035419
837.942,8.82003,7ab8b416-1f33-4997-becf-fc15c458fba0,H2O,2447,nm,absorbance,830.1154587104215
838.125,7.500355000000001,7ab8b416-1f33-4997-becf-fc15c458fba0,H2O,2448,nm,absorbance,830.2971023173012
838.308,7.282338999999999,7ab8b416-1f33-4997-becf-fc15c458fba0,H2O,2449,nm,absorbance,830.4787459241808
838.49,10.216001000000002,7ab8b416-1f33-4997-becf-fc15c458fba0,H2O,2450,nm,absorbance,830.6593969430447
838.673,9.544521,7ab8b416-1f33-4997-becf-fc15c458fba0,H2O,2451,nm,absorbance,830.8410405499244
838.856,12.006652999999998,7ab8b416-1f33-4997-becf-fc15c458fba0,H2O,2452,nm,absorbance,831.0226841568041
839.039,7.463607999999999,7ab8b416-1f33-4997-becf-fc15c458fba0,H2O,2453,nm,absorbance,831.2043277636838
839.221,4.709456,7ab8b416-1f33-4997-becf-fc15c458fba0,H2O,2454,nm,absorbance,831.3849787825477
839.404,1.8068150000000005,7ab8b416-1f33-4997-becf-fc15c458fba0,H2O,2455,nm,absorbance,831.5666223894273
839.587,2.814157,7ab8b416-1f33-4997-becf-fc15c458fba0,H2O,2456,nm,absorbance,831.7482659963069
839.769,6.499787,7ab8b416-1f33-4997-becf-fc15c458fba0,H2O,2457,nm,absorbance,831.9289170151709
839.952,4.889951,7ab8b416-1f33-4997-becf-fc15c458fba0,H2O,2458,nm,absorbance,832.1105606220506
840.134,9.34125,7ab8b416-1f33-4997-becf-fc15c458fba0,H2O,2459,nm,absorbance,832.2912116409145
840.317,8.279267,7ab8b416-1f33-4997-becf-fc15c458fba0,H2O,2460,nm,absorbance,832.4728552477941
840.499,8.428745000000001,7ab8b416-1f33-4997-becf-fc15c458fba0,H2O,2461,nm,absorbance,832.653506266658
840.682,2.9994150000000004,7ab8b416-1f33-4997-becf-fc15c458fba0,H2O,2462,nm,absorbance,832.8351498735377
840.865,0.864574,7ab8b416-1f33-4997-becf-fc15c458fba0,H2O,2463,nm,absorbance,833.0167934804174
841.047,0.4967440000000001,7ab8b416-1f33-4997-becf-fc15c458fba0,H2O,2464,nm,absorbance,833.1974444992813
841.23,1.930347,7ab8b416-1f33-4997-becf-fc15c458fba0,H2O,2465,nm,absorbance,833.3790881061609
841.412,3.051277,7ab8b416-1f33-4997-becf-fc15c458fba0,H2O,2466,nm,absorbance,833.5597391250249
841.595,2.757863999999999,7ab8b416-1f33-4997-becf-fc15c458fba0,H2O,2467,nm,absorbance,833.7413827319045
841.777,-1.740331,7ab8b416-1f33-4997-becf-fc15c458fba0,H2O,2468,nm,absorbance,833.9220337507685
841.959,0.4211359999999999,7ab8b416-1f33-4997-becf-fc15c458fba0,H2O,2469,nm,absorbance,834.1026847696323
842.142,1.121659,7ab8b416-1f33-4997-becf-fc15c458fba0,H2O,2470,nm,absorbance,834.2843283765121
842.324,3.039023,7ab8b416-1f33-4997-becf-fc15c458fba0,H2O,2471,nm,absorbance,834.4649793953758
842.507,1.14504,7ab8b416-1f33-4997-becf-fc15c458fba0,H2O,2472,nm,absorbance,834.6466230022555
842.689,-0.7061769999999999,7ab8b416-1f33-4997-becf-fc15c458fba0,H2O,2473,nm,absorbance,834.8272740211195
842.871,-0.3933359999999999,7ab8b416-1f33-4997-becf-fc15c458fba0,H2O,2474,nm,absorbance,835.0079250399834
843.054,-1.315959,7ab8b416-1f33-4997-becf-fc15c458fba0,H2O,2475,nm,absorbance,835.1895686468631
843.236,1.4351119999999995,7ab8b416-1f33-4997-becf-fc15c458fba0,H2O,2476,nm,absorbance,835.3702196657271
843.418,4.450158999999999,7ab8b416-1f33-4997-becf-fc15c458fba0,H2O,2477,nm,absorbance,835.5508706845909
843.601,5.676056,7ab8b416-1f33-4997-becf-fc15c458fba0,H2O,2478,nm,absorbance,835.7325142914706
843.783,2.514916,7ab8b416-1f33-4997-becf-fc15c458fba0,H2O,2479,nm,absorbance,835.9131653103345
843.965,2.8670880000000003,7ab8b416-1f33-4997-becf-fc15c458fba0,H2O,2480,nm,absorbance,836.0938163291985
844.147,6.086181999999999,7ab8b416-1f33-4997-becf-fc15c458fba0,H2O,2481,nm,absorbance,836.2744673480624
844.33,9.85072,7ab8b416-1f33-4997-becf-fc15c458fba0,H2O,2482,nm,absorbance,836.456110954942
844.512,8.879215999999998,7ab8b416-1f33-4997-becf-fc15c458fba0,H2O,2483,nm,absorbance,836.6367619738058
844.694,8.401555,7ab8b416-1f33-4997-becf-fc15c458fba0,H2O,2484,nm,absorbance,836.8174129926698
844.876,7.742199999999999,7ab8b416-1f33-4997-becf-fc15c458fba0,H2O,2485,nm,absorbance,836.9980640115338
845.059,14.538465,7ab8b416-1f33-4997-becf-fc15c458fba0,H2O,2486,nm,absorbance,837.1797076184134
845.241,8.218423999999999,7ab8b416-1f33-4997-becf-fc15c458fba0,H2O,2487,nm,absorbance,837.3603586372774
845.423,4.076575,7ab8b416-1f33-4997-becf-fc15c458fba0,H2O,2488,nm,absorbance,837.5410096561413
845.605,-8.415192000000001,7ab8b416-1f33-4997-becf-fc15c458fba0,H2O,2489,nm,absorbance,837.7216606750052
845.787,-1.029786,7ab8b416-1f33-4997-becf-fc15c458fba0,H2O,2490,nm,absorbance,837.9023116938691
845.969,2.870574,7ab8b416-1f33-4997-becf-fc15c458fba0,H2O,2491,nm,absorbance,838.0829627127331
846.151,7.513118,7ab8b416-1f33-4997-becf-fc15c458fba0,H2O,2492,nm,absorbance,838.2636137315969
846.333,7.965756999999999,7ab8b416-1f33-4997-becf-fc15c458fba0,H2O,2493,nm,absorbance,838.4442647504609
846.515,7.496858,7ab8b416-1f33-4997-becf-fc15c458fba0,H2O,2494,nm,absorbance,838.6249157693248
846.697,10.565378,7ab8b416-1f33-4997-becf-fc15c458fba0,H2O,2495,nm,absorbance,838.8055667881887
846.879,9.396022,7ab8b416-1f33-4997-becf-fc15c458fba0,H2O,2496,nm,absorbance,838.9862178070526
847.061,13.947734,7ab8b416-1f33-4997-becf-fc15c458fba0,H2O,2497,nm,absorbance,839.1668688259166
847.243,17.235575,7ab8b416-1f33-4997-becf-fc15c458fba0,H2O,2498,nm,absorbance,839.3475198447805
847.425,20.279203000000003,7ab8b416-1f33-4997-becf-fc15c458fba0,H2O,2499,nm,absorbance,839.5281708636444
847.607,20.996321,7ab8b416-1f33-4997-becf-fc15c458fba0,H2O,2500,nm,absorbance,839.7088218825083
847.789,20.023844,7ab8b416-1f33-4997-becf-fc15c458fba0,H2O,2501,nm,absorbance,839.8894729013723
847.971,20.516634000000003,7ab8b416-1f33-4997-becf-fc15c458fba0,H2O,2502,nm,absorbance,840.0701239202361
848.153,24.226220999999995,7ab8b416-1f33-4997-becf-fc15c458fba0,H2O,2503,nm,absorbance,840.2507749391001
848.335,25.790642,7ab8b416-1f33-4997-becf-fc15c458fba0,H2O,2504,nm,absorbance,840.431425957964
848.517,26.144359,7ab8b416-1f33-4997-becf-fc15c458fba0,H2O,2505,nm,absorbance,840.612076976828
848.699,26.774239,7ab8b416-1f33-4997-becf-fc15c458fba0,H2O,2506,nm,absorbance,840.7927279956918
848.881,31.093856,7ab8b416-1f33-4997-becf-fc15c458fba0,H2O,2507,nm,absorbance,840.9733790145558
849.062,31.471054,7ab8b416-1f33-4997-becf-fc15c458fba0,H2O,2508,nm,absorbance,841.153037445404
849.244,27.810877,7ab8b416-1f33-4997-becf-fc15c458fba0,H2O,2509,nm,absorbance,841.3336884642679
849.426,21.613628,7ab8b416-1f33-4997-becf-fc15c458fba0,H2O,2510,nm,absorbance,841.5143394831318
849.608,23.717982,7ab8b416-1f33-4997-becf-fc15c458fba0,H2O,2511,nm,absorbance,841.6949905019957
849.789,24.874497,7ab8b416-1f33-4997-becf-fc15c458fba0,H2O,2512,nm,absorbance,841.8746489328439
849.971,27.840466,7ab8b416-1f33-4997-becf-fc15c458fba0,H2O,2513,nm,absorbance,842.0552999517079
850.153,25.409644000000004,7ab8b416-1f33-4997-becf-fc15c458fba0,H2O,2514,nm,absorbance,842.2359509705718
850.335,24.461676,7ab8b416-1f33-4997-becf-fc15c458fba0,H2O,2515,nm,absorbance,842.4166019894358
850.516,23.634631,7ab8b416-1f33-4997-becf-fc15c458fba0,H2O,2516,nm,absorbance,842.5962604202839
850.698,26.033617,7ab8b416-1f33-4997-becf-fc15c458fba0,H2O,2517,nm,absorbance,842.7769114391477
850.88,26.414652,7ab8b416-1f33-4997-becf-fc15c458fba0,H2O,2518,nm,absorbance,842.9575624580117
851.061,28.921144,7ab8b416-1f33-4997-becf-fc15c458fba0,H2O,2519,nm,absorbance,843.1372208888599
851.243,25.883002,7ab8b416-1f33-4997-becf-fc15c458fba0,H2O,2520,nm,absorbance,843.3178719077239
851.425,25.419899,7ab8b416-1f33-4997-becf-fc15c458fba0,H2O,2521,nm,absorbance,843.4985229265877
851.606,26.829934999999995,7ab8b416-1f33-4997-becf-fc15c458fba0,H2O,2522,nm,absorbance,843.678181357436
851.788,29.436166000000004,7ab8b416-1f33-4997-becf-fc15c458fba0,H2O,2523,nm,absorbance,843.8588323762999
851.969,30.668397,7ab8b416-1f33-4997-becf-fc15c458fba0,H2O,2524,nm,absorbance,844.0384908071482
852.151,24.655735,7ab8b416-1f33-4997-becf-fc15c458fba0,H2O,2525,nm,absorbance,844.2191418260119
852.333,21.535145,7ab8b416-1f33-4997-becf-fc15c458fba0,H2O,2526,nm,absorbance,844.3997928448758
852.514,20.303421,7ab8b416-1f33-4997-becf-fc15c458fba0,H2O,2527,nm,absorbance,844.5794512757241
852.696,22.775441,7ab8b416-1f33-4997-becf-fc15c458fba0,H2O,2528,nm,absorbance,844.760102294588
852.877,22.006985,7ab8b416-1f33-4997-becf-fc15c458fba0,H2O,2529,nm,absorbance,844.9397607254361
853.059,27.350628,7ab8b416-1f33-4997-becf-fc15c458fba0,H2O,2530,nm,absorbance,845.1204117443001
853.24,21.821703,7ab8b416-1f33-4997-becf-fc15c458fba0,H2O,2531,nm,absorbance,845.3000701751483
853.422,25.112260000000003,7ab8b416-1f33-4997-becf-fc15c458fba0,H2O,2532,nm,absorbance,845.4807211940123
853.603,20.35151,7ab8b416-1f33-4997-becf-fc15c458fba0,H2O,2533,nm,absorbance,845.6603796248604
853.784,26.122619999999998,7ab8b416-1f33-4997-becf-fc15c458fba0,H2O,2534,nm,absorbance,845.8400380557085
853.966,23.626584,7ab8b416-1f33-4997-becf-fc15c458fba0,H2O,2535,nm,absorbance,846.0206890745725
854.147,24.576892,7ab8b416-1f33-4997-becf-fc15c458fba0,H2O,2536,nm,absorbance,846.2003475054207
854.329,23.481795,7ab8b416-1f33-4997-becf-fc15c458fba0,H2O,2537,nm,absorbance,846.3809985242846
854.51,28.744784000000003,7ab8b416-1f33-4997-becf-fc15c458fba0,H2O,2538,nm,absorbance,846.5606569551328
854.691,24.244525,7ab8b416-1f33-4997-becf-fc15c458fba0,H2O,2539,nm,absorbance,846.740315385981
854.873,23.654608000000003,7ab8b416-1f33-4997-becf-fc15c458fba0,H2O,2540,nm,absorbance,846.920966404845
855.054,24.898164,7ab8b416-1f33-4997-becf-fc15c458fba0,H2O,2541,nm,absorbance,847.1006248356931
855.235,28.941427000000004,7ab8b416-1f33-4997-becf-fc15c458fba0,H2O,2542,nm,absorbance,847.2802832665413
855.416,29.962535000000003,7ab8b416-1f33-4997-becf-fc15c458fba0,H2O,2543,nm,absorbance,847.4599416973895
855.598,20.966588,7ab8b416-1f33-4997-becf-fc15c458fba0,H2O,2544,nm,absorbance,847.6405927162533
855.779,14.160825,7ab8b416-1f33-4997-becf-fc15c458fba0,H2O,2545,nm,absorbance,847.8202511471015
855.96,8.580771,7ab8b416-1f33-4997-becf-fc15c458fba0,H2O,2546,nm,absorbance,847.9999095779498
856.141,13.709101,7ab8b416-1f33-4997-becf-fc15c458fba0,H2O,2547,nm,absorbance,848.1795680087979
856.323,16.279353,7ab8b416-1f33-4997-becf-fc15c458fba0,H2O,2548,nm,absorbance,848.3602190276619
856.504,20.069936,7ab8b416-1f33-4997-becf-fc15c458fba0,H2O,2549,nm,absorbance,848.5398774585101
856.685,14.414332000000002,7ab8b416-1f33-4997-becf-fc15c458fba0,H2O,2550,nm,absorbance,848.7195358893582
856.866,11.925252,7ab8b416-1f33-4997-becf-fc15c458fba0,H2O,2551,nm,absorbance,848.8991943202064
857.047,9.934621000000002,7ab8b416-1f33-4997-becf-fc15c458fba0,H2O,2552,nm,absorbance,849.0788527510547
857.228,4.769728,7ab8b416-1f33-4997-becf-fc15c458fba0,H2O,2553,nm,absorbance,849.2585111819028
857.409,6.341042,7ab8b416-1f33-4997-becf-fc15c458fba0,H2O,2554,nm,absorbance,849.4381696127509
857.591,5.962586,7ab8b416-1f33-4997-becf-fc15c458fba0,H2O,2555,nm,absorbance,849.6188206316149
857.772,11.242494,7ab8b416-1f33-4997-becf-fc15c458fba0,H2O,2556,nm,absorbance,849.7984790624631
857.953,9.316672999999998,7ab8b416-1f33-4997-becf-fc15c458fba0,H2O,2557,nm,absorbance,849.9781374933112
858.134,7.859350999999998,7ab8b416-1f33-4997-becf-fc15c458fba0,H2O,2558,nm,absorbance,850.1577959241595
858.315,2.325695,7ab8b416-1f33-4997-becf-fc15c458fba0,H2O,2559,nm,absorbance,850.3374543550077
858.496,8.695339999999998,7ab8b416-1f33-4997-becf-fc15c458fba0,H2O,2560,nm,absorbance,850.5171127858558
858.677,7.799024,7ab8b416-1f33-4997-becf-fc15c458fba0,H2O,2561,nm,absorbance,850.6967712167041
858.858,8.740056999999998,7ab8b416-1f33-4997-becf-fc15c458fba0,H2O,2562,nm,absorbance,850.8764296475522
859.039,2.115752,7ab8b416-1f33-4997-becf-fc15c458fba0,H2O,2563,nm,absorbance,851.0560880784004
859.22,5.501378000000001,7ab8b416-1f33-4997-becf-fc15c458fba0,H2O,2564,nm,absorbance,851.2357465092487
859.401,8.35999,7ab8b416-1f33-4997-becf-fc15c458fba0,H2O,2565,nm,absorbance,851.4154049400967
859.582,7.780194000000002,7ab8b416-1f33-4997-becf-fc15c458fba0,H2O,2566,nm,absorbance,851.5950633709449
859.762,7.138947000000002,7ab8b416-1f33-4997-becf-fc15c458fba0,H2O,2567,nm,absorbance,851.7737292137773
859.943,5.75054,7ab8b416-1f33-4997-becf-fc15c458fba0,H2O,2568,nm,absorbance,851.9533876446255
860.124,11.057184,7ab8b416-1f33-4997-becf-fc15c458fba0,H2O,2569,nm,absorbance,852.1330460754738
860.305,6.562773999999999,7ab8b416-1f33-4997-becf-fc15c458fba0,H2O,2570,nm,absorbance,852.3127045063219
860.486,4.153975,7ab8b416-1f33-4997-becf-fc15c458fba0,H2O,2571,nm,absorbance,852.4923629371701
860.667,1.475434,7ab8b416-1f33-4997-becf-fc15c458fba0,H2O,2572,nm,absorbance,852.6720213680184
860.848,1.6547430000000003,7ab8b416-1f33-4997-becf-fc15c458fba0,H2O,2573,nm,absorbance,852.8516797988665
861.028,5.6868430000000005,7ab8b416-1f33-4997-becf-fc15c458fba0,H2O,2574,nm,absorbance,853.030345641699
861.209,8.21927,7ab8b416-1f33-4997-becf-fc15c458fba0,H2O,2575,nm,absorbance,853.2100040725471
861.39,8.750417,7ab8b416-1f33-4997-becf-fc15c458fba0,H2O,2576,nm,absorbance,853.3896625033954
861.571,7.286376,7ab8b416-1f33-4997-becf-fc15c458fba0,H2O,2577,nm,absorbance,853.5693209342436
861.751,2.6404999999999994,7ab8b416-1f33-4997-becf-fc15c458fba0,H2O,2578,nm,absorbance,853.747986777076
861.932,2.083111,7ab8b416-1f33-4997-becf-fc15c458fba0,H2O,2579,nm,absorbance,853.9276452079242
862.113,8.703112,7ab8b416-1f33-4997-becf-fc15c458fba0,H2O,2580,nm,absorbance,854.1073036387724
862.293,11.378494,7ab8b416-1f33-4997-becf-fc15c458fba0,H2O,2581,nm,absorbance,854.2859694816048
862.474,14.674468999999998,7ab8b416-1f33-4997-becf-fc15c458fba0,H2O,2582,nm,absorbance,854.465627912453
862.655,7.477606,7ab8b416-1f33-4997-becf-fc15c458fba0,H2O,2583,nm,absorbance,854.6452863433011
862.835,8.701693,7ab8b416-1f33-4997-becf-fc15c458fba0,H2O,2584,nm,absorbance,854.8239521861336
863.016,6.543552,7ab8b416-1f33-4997-becf-fc15c458fba0,H2O,2585,nm,absorbance,855.0036106169817
863.197,6.915285,7ab8b416-1f33-4997-becf-fc15c458fba0,H2O,2586,nm,absorbance,855.18326904783
863.377,4.304067999999999,7ab8b416-1f33-4997-becf-fc15c458fba0,H2O,2587,nm,absorbance,855.3619348906624
863.558,-0.4873680000000002,7ab8b416-1f33-4997-becf-fc15c458fba0,H2O,2588,nm,absorbance,855.5415933215106
863.738,-2.7394469999999997,7ab8b416-1f33-4997-becf-fc15c458fba0,H2O,2589,nm,absorbance,855.7202591643431
863.919,0.6885710000000002,7ab8b416-1f33-4997-becf-fc15c458fba0,H2O,2590,nm,absorbance,855.8999175951913
864.099,7.843703999999998,7ab8b416-1f33-4997-becf-fc15c458fba0,H2O,2591,nm,absorbance,856.0785834380238
864.28,12.809305,7ab8b416-1f33-4997-becf-fc15c458fba0,H2O,2592,nm,absorbance,856.2582418688719
864.46,7.663085000000001,7ab8b416-1f33-4997-becf-fc15c458fba0,H2O,2593,nm,absorbance,856.4369077117044
864.641,3.219765,7ab8b416-1f33-4997-becf-fc15c458fba0,H2O,2594,nm,absorbance,856.6165661425525
864.821,1.7870820000000005,7ab8b416-1f33-4997-becf-fc15c458fba0,H2O,2595,nm,absorbance,856.795231985385
865.002,3.462903,7ab8b416-1f33-4997-becf-fc15c458fba0,H2O,2596,nm,absorbance,856.9748904162332
865.182,2.947931,7ab8b416-1f33-4997-becf-fc15c458fba0,H2O,2597,nm,absorbance,857.1535562590657
865.363,2.355026,7ab8b416-1f33-4997-becf-fc15c458fba0,H2O,2598,nm,absorbance,857.3332146899138
865.543,4.698708,7ab8b416-1f33-4997-becf-fc15c458fba0,H2O,2599,nm,absorbance,857.5118805327462
865.723,9.729162,7ab8b416-1f33-4997-becf-fc15c458fba0,H2O,2600,nm,absorbance,857.6905463755786
865.904,6.479576,7ab8b416-1f33-4997-becf-fc15c458fba0,H2O,2601,nm,absorbance,857.8702048064268
866.084,2.984519999999999,7ab8b416-1f33-4997-becf-fc15c458fba0,H2O,2602,nm,absorbance,858.0488706492592
866.264,-3.472692,7ab8b416-1f33-4997-becf-fc15c458fba0,H2O,2603,nm,absorbance,858.2275364920918
866.445,1.100248,7ab8b416-1f33-4997-becf-fc15c458fba0,H2O,2604,nm,absorbance,858.40719492294
866.625,1.067513,7ab8b416-1f33-4997-becf-fc15c458fba0,H2O,2605,nm,absorbance,858.5858607657724
866.805,5.346231,7ab8b416-1f33-4997-becf-fc15c458fba0,H2O,2606,nm,absorbance,858.7645266086048
866.986,2.4809240000000004,7ab8b416-1f33-4997-becf-fc15c458fba0,H2O,2607,nm,absorbance,858.944185039453
867.166,1.6011770000000003,7ab8b416-1f33-4997-becf-fc15c458fba0,H2O,2608,nm,absorbance,859.1228508822855
867.346,2.8402520000000004,7ab8b416-1f33-4997-becf-fc15c458fba0,H2O,2609,nm,absorbance,859.301516725118
867.526,1.145382,7ab8b416-1f33-4997-becf-fc15c458fba0,H2O,2610,nm,absorbance,859.4801825679504
867.707,2.7417970000000005,7ab8b416-1f33-4997-becf-fc15c458fba0,H2O,2611,nm,absorbance,859.6598409987986
867.887,0.8737600000000004,7ab8b416-1f33-4997-becf-fc15c458fba0,H2O,2612,nm,absorbance,859.838506841631
868.067,3.839542,7ab8b416-1f33-4997-becf-fc15c458fba0,H2O,2613,nm,absorbance,860.0171726844635
868.247,3.152386000000001,7ab8b416-1f33-4997-becf-fc15c458fba0,H2O,2614,nm,absorbance,860.1958385272959
868.427,4.8372340000000005,7ab8b416-1f33-4997-becf-fc15c458fba0,H2O,2615,nm,absorbance,860.3745043701284
868.607,3.24683,7ab8b416-1f33-4997-becf-fc15c458fba0,H2O,2616,nm,absorbance,860.5531702129608
868.788,1.353405,7ab8b416-1f33-4997-becf-fc15c458fba0,H2O,2617,nm,absorbance,860.7328286438091
868.968,-3.782592,7ab8b416-1f33-4997-becf-fc15c458fba0,H2O,2618,nm,absorbance,860.9114944866415
869.148,-4.499066000000001,7ab8b416-1f33-4997-becf-fc15c458fba0,H2O,2619,nm,absorbance,861.090160329474
869.328,-3.116912,7ab8b416-1f33-4997-becf-fc15c458fba0,H2O,2620,nm,absorbance,861.2688261723064
869.508,-1.781082,7ab8b416-1f33-4997-becf-fc15c458fba0,H2O,2621,nm,absorbance,861.4474920151389
869.688,-0.3211779999999999,7ab8b416-1f33-4997-becf-fc15c458fba0,H2O,2622,nm,absorbance,861.6261578579713
869.868,2.423423,7ab8b416-1f33-4997-becf-fc15c458fba0,H2O,2623,nm,absorbance,861.8048237008038
870.048,2.635104,7ab8b416-1f33-4997-becf-fc15c458fba0,H2O,2624,nm,absorbance,861.9834895436362
870.228,2.7490630000000005,7ab8b416-1f33-4997-becf-fc15c458fba0,H2O,2625,nm,absorbance,862.1621553864686
870.408,3.160754,7ab8b416-1f33-4997-becf-fc15c458fba0,H2O,2626,nm,absorbance,862.3408212293011
870.588,4.050728,7ab8b416-1f33-4997-becf-fc15c458fba0,H2O,2627,nm,absorbance,862.5194870721335
870.768,5.80119,7ab8b416-1f33-4997-becf-fc15c458fba0,H2O,2628,nm,absorbance,862.698152914966
870.948,4.512012,7ab8b416-1f33-4997-becf-fc15c458fba0,H2O,2629,nm,absorbance,862.8768187577984
871.128,3.452305999999999,7ab8b416-1f33-4997-becf-fc15c458fba0,H2O,2630,nm,absorbance,863.055484600631
871.307,5.381435999999999,7ab8b416-1f33-4997-becf-fc15c458fba0,H2O,2631,nm,absorbance,863.2331578554476
871.487,-0.490045,7ab8b416-1f33-4997-becf-fc15c458fba0,H2O,2632,nm,absorbance,863.41182369828
871.667,5.592842999999999,7ab8b416-1f33-4997-becf-fc15c458fba0,H2O,2633,nm,absorbance,863.5904895411126
871.847,5.349582,7ab8b416-1f33-4997-becf-fc15c458fba0,H2O,2634,nm,absorbance,863.769155383945
872.027,8.41178,7ab8b416-1f33-4997-becf-fc15c458fba0,H2O,2635,nm,absorbance,863.9478212267775
872.207,7.659372,7ab8b416-1f33-4997-becf-fc15c458fba0,H2O,2636,nm,absorbance,864.1264870696099
872.387,5.592107,7ab8b416-1f33-4997-becf-fc15c458fba0,H2O,2637,nm,absorbance,864.3051529124423
872.566,8.371894000000001,7ab8b416-1f33-4997-becf-fc15c458fba0,H2O,2638,nm,absorbance,864.4828261672591
872.746,6.532409,7ab8b416-1f33-4997-becf-fc15c458fba0,H2O,2639,nm,absorbance,864.6614920100915
872.926,3.6151079999999993,7ab8b416-1f33-4997-becf-fc15c458fba0,H2O,2640,nm,absorbance,864.840157852924
873.106,7.38061,7ab8b416-1f33-4997-becf-fc15c458fba0,H2O,2641,nm,absorbance,865.0188236957564
873.285,9.477244,7ab8b416-1f33-4997-becf-fc15c458fba0,H2O,2642,nm,absorbance,865.1964969505731
873.465,12.890045,7ab8b416-1f33-4997-becf-fc15c458fba0,H2O,2643,nm,absorbance,865.3751627934056
873.645,10.765849,7ab8b416-1f33-4997-becf-fc15c458fba0,H2O,2644,nm,absorbance,865.553828636238
873.824,9.459297,7ab8b416-1f33-4997-becf-fc15c458fba0,H2O,2645,nm,absorbance,865.7315018910547
874.004,7.829519,7ab8b416-1f33-4997-becf-fc15c458fba0,H2O,2646,nm,absorbance,865.9101677338872
874.184,3.1508200000000004,7ab8b416-1f33-4997-becf-fc15c458fba0,H2O,2647,nm,absorbance,866.0888335767196
874.363,0.7246900000000002,7ab8b416-1f33-4997-becf-fc15c458fba0,H2O,2648,nm,absorbance,866.2665068315364
874.543,-0.4850789999999999,7ab8b416-1f33-4997-becf-fc15c458fba0,H2O,2649,nm,absorbance,866.4451726743688
874.723,5.108302,7ab8b416-1f33-4997-becf-fc15c458fba0,H2O,2650,nm,absorbance,866.6238385172012
874.902,3.2567660000000003,7ab8b416-1f33-4997-becf-fc15c458fba0,H2O,2651,nm,absorbance,866.801511772018
875.082,6.859523,7ab8b416-1f33-4997-becf-fc15c458fba0,H2O,2652,nm,absorbance,866.9801776148504
875.261,4.977501999999999,7ab8b416-1f33-4997-becf-fc15c458fba0,H2O,2653,nm,absorbance,867.1578508696671
875.441,3.813990000000001,7ab8b416-1f33-4997-becf-fc15c458fba0,H2O,2654,nm,absorbance,867.3365167124996
875.62,0.993985,7ab8b416-1f33-4997-becf-fc15c458fba0,H2O,2655,nm,absorbance,867.5141899673163
875.8,-3.3169979999999994,7ab8b416-1f33-4997-becf-fc15c458fba0,H2O,2656,nm,absorbance,867.6928558101487
875.979,-1.566663,7ab8b416-1f33-4997-becf-fc15c458fba0,H2O,2657,nm,absorbance,867.8705290649655
876.159,-1.172314,7ab8b416-1f33-4997-becf-fc15c458fba0,H2O,2658,nm,absorbance,868.0491949077979
876.338,3.253457,7ab8b416-1f33-4997-becf-fc15c458fba0,H2O,2659,nm,absorbance,868.2268681626146
876.518,4.811294,7ab8b416-1f33-4997-becf-fc15c458fba0,H2O,2660,nm,absorbance,868.4055340054471
876.697,3.223904,7ab8b416-1f33-4997-becf-fc15c458fba0,H2O,2661,nm,absorbance,868.5832072602637
876.876,4.711288000000001,7ab8b416-1f33-4997-becf-fc15c458fba0,H2O,2662,nm,absorbance,868.7608805150804
877.056,4.857984999999999,7ab8b416-1f33-4997-becf-fc15c458fba0,H2O,2663,nm,absorbance,868.939546357913
877.235,5.5814,7ab8b416-1f33-4997-becf-fc15c458fba0,H2O,2664,nm,absorbance,869.1172196127296
877.415,-1.257594,7ab8b416-1f33-4997-becf-fc15c458fba0,H2O,2665,nm,absorbance,869.295885455562
877.594,-2.544851,7ab8b416-1f33-4997-becf-fc15c458fba0,H2O,2666,nm,absorbance,869.4735587103788
877.773,-5.096431,7ab8b416-1f33-4997-becf-fc15c458fba0,H2O,2667,nm,absorbance,869.6512319651955
877.953,-0.004419,7ab8b416-1f33-4997-becf-fc15c458fba0,H2O,2668,nm,absorbance,869.8298978080279
878.132,2.664968,7ab8b416-1f33-4997-becf-fc15c458fba0,H2O,2669,nm,absorbance,870.0075710628446
878.311,1.301672,7ab8b416-1f33-4997-becf-fc15c458fba0,H2O,2670,nm,absorbance,870.1852443176614
878.49,-0.925315,7ab8b416-1f33-4997-becf-fc15c458fba0,H2O,2671,nm,absorbance,870.3629175724781
878.67,-7.257662999999999,7ab8b416-1f33-4997-becf-fc15c458fba0,H2O,2672,nm,absorbance,870.5415834153105
878.849,0.1817519999999999,7ab8b416-1f33-4997-becf-fc15c458fba0,H2O,2673,nm,absorbance,870.7192566701273
879.028,2.812594,7ab8b416-1f33-4997-becf-fc15c458fba0,H2O,2674,nm,absorbance,870.896929924944
879.207,11.158998,7ab8b416-1f33-4997-becf-fc15c458fba0,H2O,2675,nm,absorbance,871.0746031797606
879.387,9.300571,7ab8b416-1f33-4997-becf-fc15c458fba0,H2O,2676,nm,absorbance,871.253269022593
879.566,8.62547,7ab8b416-1f33-4997-becf-fc15c458fba0,H2O,2677,nm,absorbance,871.4309422774098
879.745,6.281904,7ab8b416-1f33-4997-becf-fc15c458fba0,H2O,2678,nm,absorbance,871.6086155322265
879.924,4.013064,7ab8b416-1f33-4997-becf-fc15c458fba0,H2O,2679,nm,absorbance,871.7862887870432
880.103,3.560497,7ab8b416-1f33-4997-becf-fc15c458fba0,H2O,2680,nm,absorbance,871.96396204186
880.282,3.6624849999999993,7ab8b416-1f33-4997-becf-fc15c458fba0,H2O,2681,nm,absorbance,872.1416352966768
880.461,9.08837,7ab8b416-1f33-4997-becf-fc15c458fba0,H2O,2682,nm,absorbance,872.3193085514935
880.64,5.581159,7ab8b416-1f33-4997-becf-fc15c458fba0,H2O,2683,nm,absorbance,872.4969818063101
880.819,6.829901,7ab8b416-1f33-4997-becf-fc15c458fba0,H2O,2684,nm,absorbance,872.6746550611268
880.998,4.757455,7ab8b416-1f33-4997-becf-fc15c458fba0,H2O,2685,nm,absorbance,872.8523283159436
881.178,6.853135,7ab8b416-1f33-4997-becf-fc15c458fba0,H2O,2686,nm,absorbance,873.030994158776
881.357,7.122273999999999,7ab8b416-1f33-4997-becf-fc15c458fba0,H2O,2687,nm,absorbance,873.2086674135927
881.536,1.3693939999999998,7ab8b416-1f33-4997-becf-fc15c458fba0,H2O,2688,nm,absorbance,873.3863406684094
881.715,1.349822,7ab8b416-1f33-4997-becf-fc15c458fba0,H2O,2689,nm,absorbance,873.5640139232262
881.893,1.7489149999999998,7ab8b416-1f33-4997-becf-fc15c458fba0,H2O,2690,nm,absorbance,873.7406945900271
882.072,8.042557,7ab8b416-1f33-4997-becf-fc15c458fba0,H2O,2691,nm,absorbance,873.9183678448438
882.251,10.585761,7ab8b416-1f33-4997-becf-fc15c458fba0,H2O,2692,nm,absorbance,874.0960410996605
882.43,6.748187,7ab8b416-1f33-4997-becf-fc15c458fba0,H2O,2693,nm,absorbance,874.2737143544772
882.609,6.9286270000000005,7ab8b416-1f33-4997-becf-fc15c458fba0,H2O,2694,nm,absorbance,874.451387609294
882.788,1.3510529999999998,7ab8b416-1f33-4997-becf-fc15c458fba0,H2O,2695,nm,absorbance,874.6290608641107
882.967,0.9600820000000002,7ab8b416-1f33-4997-becf-fc15c458fba0,H2O,2696,nm,absorbance,874.8067341189274
883.146,1.2800699999999998,7ab8b416-1f33-4997-becf-fc15c458fba0,H2O,2697,nm,absorbance,874.984407373744
883.325,7.639302000000001,7ab8b416-1f33-4997-becf-fc15c458fba0,H2O,2698,nm,absorbance,875.1620806285608
883.503,8.776857000000001,7ab8b416-1f33-4997-becf-fc15c458fba0,H2O,2699,nm,absorbance,875.3387612953619
883.682,6.677165,7ab8b416-1f33-4997-becf-fc15c458fba0,H2O,2700,nm,absorbance,875.5164345501786
883.861,7.726870000000001,7ab8b416-1f33-4997-becf-fc15c458fba0,H2O,2701,nm,absorbance,875.6941078049953
884.04,6.771756000000001,7ab8b416-1f33-4997-becf-fc15c458fba0,H2O,2702,nm,absorbance,875.871781059812
884.219,8.610296000000002,7ab8b416-1f33-4997-becf-fc15c458fba0,H2O,2703,nm,absorbance,876.0494543146287
884.397,3.459986,7ab8b416-1f33-4997-becf-fc15c458fba0,H2O,2704,nm,absorbance,876.2261349814297
884.576,5.451333,7ab8b416-1f33-4997-becf-fc15c458fba0,H2O,2705,nm,absorbance,876.4038082362464
884.755,4.108223999999999,7ab8b416-1f33-4997-becf-fc15c458fba0,H2O,2706,nm,absorbance,876.5814814910631
884.933,7.889011000000001,7ab8b416-1f33-4997-becf-fc15c458fba0,H2O,2707,nm,absorbance,876.758162157864
885.112,9.976307,7ab8b416-1f33-4997-becf-fc15c458fba0,H2O,2708,nm,absorbance,876.9358354126807
885.291,8.362479,7ab8b416-1f33-4997-becf-fc15c458fba0,H2O,2709,nm,absorbance,877.1135086674975
885.469,5.566237000000001,7ab8b416-1f33-4997-becf-fc15c458fba0,H2O,2710,nm,absorbance,877.2901893342985
885.648,2.305841,7ab8b416-1f33-4997-becf-fc15c458fba0,H2O,2711,nm,absorbance,877.4678625891152
885.827,5.938805,7ab8b416-1f33-4997-becf-fc15c458fba0,H2O,2712,nm,absorbance,877.6455358439318
886.005,5.169225,7ab8b416-1f33-4997-becf-fc15c458fba0,H2O,2713,nm,absorbance,877.8222165107329
886.184,2.711298,7ab8b416-1f33-4997-becf-fc15c458fba0,H2O,2714,nm,absorbance,877.9998897655496
886.363,3.1383280000000005,7ab8b416-1f33-4997-becf-fc15c458fba0,H2O,2715,nm,absorbance,878.1775630203664
886.541,6.134349,7ab8b416-1f33-4997-becf-fc15c458fba0,H2O,2716,nm,absorbance,878.3542436871674
886.72,10.424827000000002,7ab8b416-1f33-4997-becf-fc15c458fba0,H2O,2717,nm,absorbance,878.531916941984
886.898,9.641668,7ab8b416-1f33-4997-becf-fc15c458fba0,H2O,2718,nm,absorbance,878.708597608785
887.077,8.346949,7ab8b416-1f33-4997-becf-fc15c458fba0,H2O,2719,nm,absorbance,878.8862708636017
887.255,7.597058999999999,7ab8b416-1f33-4997-becf-fc15c458fba0,H2O,2720,nm,absorbance,879.0629515304026
887.434,2.4525429999999995,7ab8b416-1f33-4997-becf-fc15c458fba0,H2O,2721,nm,absorbance,879.2406247852193
887.612,0.5978570000000001,7ab8b416-1f33-4997-becf-fc15c458fba0,H2O,2722,nm,absorbance,879.4173054520203
887.791,1.9240040000000005,7ab8b416-1f33-4997-becf-fc15c458fba0,H2O,2723,nm,absorbance,879.5949787068371
887.969,9.161967999999998,7ab8b416-1f33-4997-becf-fc15c458fba0,H2O,2724,nm,absorbance,879.771659373638
888.147,9.273053999999998,7ab8b416-1f33-4997-becf-fc15c458fba0,H2O,2725,nm,absorbance,879.9483400404391
888.326,4.986867999999999,7ab8b416-1f33-4997-becf-fc15c458fba0,H2O,2726,nm,absorbance,880.1260132952558
888.504,3.390983,7ab8b416-1f33-4997-becf-fc15c458fba0,H2O,2727,nm,absorbance,880.3026939620568
888.682,6.390105,7ab8b416-1f33-4997-becf-fc15c458fba0,H2O,2728,nm,absorbance,880.4793746288577
888.861,9.023434999999996,7ab8b416-1f33-4997-becf-fc15c458fba0,H2O,2729,nm,absorbance,880.6570478836744
889.039,5.871582,7ab8b416-1f33-4997-becf-fc15c458fba0,H2O,2730,nm,absorbance,880.8337285504754
889.218,9.284721,7ab8b416-1f33-4997-becf-fc15c458fba0,H2O,2731,nm,absorbance,881.011401805292
889.396,10.10312,7ab8b416-1f33-4997-becf-fc15c458fba0,H2O,2732,nm,absorbance,881.188082472093
889.574,10.357409,7ab8b416-1f33-4997-becf-fc15c458fba0,H2O,2733,nm,absorbance,881.364763138894
889.752,3.348723000000001,7ab8b416-1f33-4997-becf-fc15c458fba0,H2O,2734,nm,absorbance,881.5414438056949
889.931,-3.659002,7ab8b416-1f33-4997-becf-fc15c458fba0,H2O,2735,nm,absorbance,881.7191170605117
890.109,-3.4568290000000004,7ab8b416-1f33-4997-becf-fc15c458fba0,H2O,2736,nm,absorbance,881.8957977273128
890.287,-0.1256619999999998,7ab8b416-1f33-4997-becf-fc15c458fba0,H2O,2737,nm,absorbance,882.0724783941138
890.465,5.047098999999999,7ab8b416-1f33-4997-becf-fc15c458fba0,H2O,2738,nm,absorbance,882.2491590609147
890.643,6.813032,7ab8b416-1f33-4997-becf-fc15c458fba0,H2O,2739,nm,absorbance,882.4258397277157
890.822,4.883128999999999,7ab8b416-1f33-4997-becf-fc15c458fba0,H2O,2740,nm,absorbance,882.6035129825324
891.0,7.388749,7ab8b416-1f33-4997-becf-fc15c458fba0,H2O,2741,nm,absorbance,882.7801936493333
891.178,8.887167999999999,7ab8b416-1f33-4997-becf-fc15c458fba0,H2O,2742,nm,absorbance,882.9568743161343
891.356,7.531438,7ab8b416-1f33-4997-becf-fc15c458fba0,H2O,2743,nm,absorbance,883.1335549829353
891.534,7.917964,7ab8b416-1f33-4997-becf-fc15c458fba0,H2O,2744,nm,absorbance,883.3102356497362
891.712,7.384093999999999,7ab8b416-1f33-4997-becf-fc15c458fba0,H2O,2745,nm,absorbance,883.4869163165373
891.89,13.591142,7ab8b416-1f33-4997-becf-fc15c458fba0,H2O,2746,nm,absorbance,883.6635969833383
892.068,11.380146,7ab8b416-1f33-4997-becf-fc15c458fba0,H2O,2747,nm,absorbance,883.8402776501392
892.247,12.222626,7ab8b416-1f33-4997-becf-fc15c458fba0,H2O,2748,nm,absorbance,884.0179509049559
892.425,8.544932,7ab8b416-1f33-4997-becf-fc15c458fba0,H2O,2749,nm,absorbance,884.1946315717569
892.603,6.885818000000002,7ab8b416-1f33-4997-becf-fc15c458fba0,H2O,2750,nm,absorbance,884.3713122385578
892.781,3.847277,7ab8b416-1f33-4997-becf-fc15c458fba0,H2O,2751,nm,absorbance,884.5479929053588
892.959,-3.074673,7ab8b416-1f33-4997-becf-fc15c458fba0,H2O,2752,nm,absorbance,884.7246735721598
893.137,-0.8680870000000003,7ab8b416-1f33-4997-becf-fc15c458fba0,H2O,2753,nm,absorbance,884.9013542389607
893.314,-3.025747,7ab8b416-1f33-4997-becf-fc15c458fba0,H2O,2754,nm,absorbance,885.0770423177461
893.492,5.392722999999999,7ab8b416-1f33-4997-becf-fc15c458fba0,H2O,2755,nm,absorbance,885.253722984547
893.67,5.105282,7ab8b416-1f33-4997-becf-fc15c458fba0,H2O,2756,nm,absorbance,885.430403651348
893.848,7.807080999999999,7ab8b416-1f33-4997-becf-fc15c458fba0,H2O,2757,nm,absorbance,885.607084318149
894.026,3.6018159999999995,7ab8b416-1f33-4997-becf-fc15c458fba0,H2O,2758,nm,absorbance,885.7837649849499
894.204,-1.363976,7ab8b416-1f33-4997-becf-fc15c458fba0,H2O,2759,nm,absorbance,885.9604456517509
894.382,0.7206619999999999,7ab8b416-1f33-4997-becf-fc15c458fba0,H2O,2760,nm,absorbance,886.1371263185519
894.56,1.851544,7ab8b416-1f33-4997-becf-fc15c458fba0,H2O,2761,nm,absorbance,886.3138069853529
894.738,3.271214,7ab8b416-1f33-4997-becf-fc15c458fba0,H2O,2762,nm,absorbance,886.490487652154
894.915,1.036713,7ab8b416-1f33-4997-becf-fc15c458fba0,H2O,2763,nm,absorbance,886.6661757309391
895.093,4.325518,7ab8b416-1f33-4997-becf-fc15c458fba0,H2O,2764,nm,absorbance,886.8428563977401
895.271,7.940501,7ab8b416-1f33-4997-becf-fc15c458fba0,H2O,2765,nm,absorbance,887.019537064541
895.449,8.679808999999999,7ab8b416-1f33-4997-becf-fc15c458fba0,H2O,2766,nm,absorbance,887.196217731342
895.626,12.162549000000002,7ab8b416-1f33-4997-becf-fc15c458fba0,H2O,2767,nm,absorbance,887.3719058101273
895.804,12.468726,7ab8b416-1f33-4997-becf-fc15c458fba0,H2O,2768,nm,absorbance,887.5485864769282
895.982,13.490150000000003,7ab8b416-1f33-4997-becf-fc15c458fba0,H2O,2769,nm,absorbance,887.7252671437293
896.16,10.774522,7ab8b416-1f33-4997-becf-fc15c458fba0,H2O,2770,nm,absorbance,887.9019478105303
896.337,9.363693,7ab8b416-1f33-4997-becf-fc15c458fba0,H2O,2771,nm,absorbance,888.0776358893155
896.515,5.279256,7ab8b416-1f33-4997-becf-fc15c458fba0,H2O,2772,nm,absorbance,888.2543165561165
896.693,-3.9842020000000007,7ab8b416-1f33-4997-becf-fc15c458fba0,H2O,2773,nm,absorbance,888.4309972229174
896.87,-2.549796,7ab8b416-1f33-4997-becf-fc15c458fba0,H2O,2774,nm,absorbance,888.6066853017027
897.048,-5.053086,7ab8b416-1f33-4997-becf-fc15c458fba0,H2O,2775,nm,absorbance,888.7833659685036
897.225,1.477834,7ab8b416-1f33-4997-becf-fc15c458fba0,H2O,2776,nm,absorbance,888.959054047289
897.403,2.194316,7ab8b416-1f33-4997-becf-fc15c458fba0,H2O,2777,nm,absorbance,889.13573471409
897.581,6.541819000000001,7ab8b416-1f33-4997-becf-fc15c458fba0,H2O,2778,nm,absorbance,889.3124153808909
897.758,6.978930999999998,7ab8b416-1f33-4997-becf-fc15c458fba0,H2O,2779,nm,absorbance,889.4881034596762
897.936,4.723736000000001,7ab8b416-1f33-4997-becf-fc15c458fba0,H2O,2780,nm,absorbance,889.6647841264771
898.113,-0.249676,7ab8b416-1f33-4997-becf-fc15c458fba0,H2O,2781,nm,absorbance,889.8404722052624
898.291,2.484909,7ab8b416-1f33-4997-becf-fc15c458fba0,H2O,2782,nm,absorbance,890.0171528720633
898.468,3.3550000000000004,7ab8b416-1f33-4997-becf-fc15c458fba0,H2O,2783,nm,absorbance,890.1928409508486
898.646,6.294913,7ab8b416-1f33-4997-becf-fc15c458fba0,H2O,2784,nm,absorbance,890.3695216176495
898.823,1.9629810000000003,7ab8b416-1f33-4997-becf-fc15c458fba0,H2O,2785,nm,absorbance,890.5452096964348
899.001,3.139805,7ab8b416-1f33-4997-becf-fc15c458fba0,H2O,2786,nm,absorbance,890.7218903632357
899.178,2.318619,7ab8b416-1f33-4997-becf-fc15c458fba0,H2O,2787,nm,absorbance,890.897578442021
899.356,3.417042,7ab8b416-1f33-4997-becf-fc15c458fba0,H2O,2788,nm,absorbance,891.0742591088219
899.533,3.808222,7ab8b416-1f33-4997-becf-fc15c458fba0,H2O,2789,nm,absorbance,891.2499471876073
899.71,10.700301,7ab8b416-1f33-4997-becf-fc15c458fba0,H2O,2790,nm,absorbance,891.4256352663925
899.888,10.217637,7ab8b416-1f33-4997-becf-fc15c458fba0,H2O,2791,nm,absorbance,891.6023159331935
900.065,9.452725999999998,7ab8b416-1f33-4997-becf-fc15c458fba0,H2O,2792,nm,absorbance,891.7780040119787
900.242,8.239186999999998,7ab8b416-1f33-4997-becf-fc15c458fba0,H2O,2793,nm,absorbance,891.9536920907639
900.42,7.584536,7ab8b416-1f33-4997-becf-fc15c458fba0,H2O,2794,nm,absorbance,892.1303727575648
900.597,6.618185,7ab8b416-1f33-4997-becf-fc15c458fba0,H2O,2795,nm,absorbance,892.3060608363502
900.774,1.666389,7ab8b416-1f33-4997-becf-fc15c458fba0,H2O,2796,nm,absorbance,892.4817489151354
900.952,3.821885,7ab8b416-1f33-4997-becf-fc15c458fba0,H2O,2797,nm,absorbance,892.6584295819364
901.129,4.904734,7ab8b416-1f33-4997-becf-fc15c458fba0,H2O,2798,nm,absorbance,892.8341176607216
901.306,7.0004800000000005,7ab8b416-1f33-4997-becf-fc15c458fba0,H2O,2799,nm,absorbance,893.0098057395069
901.483,5.363214999999999,7ab8b416-1f33-4997-becf-fc15c458fba0,H2O,2800,nm,absorbance,893.185493818292
901.661,4.505531,7ab8b416-1f33-4997-becf-fc15c458fba0,H2O,2801,nm,absorbance,893.362174485093
901.838,7.762643,7ab8b416-1f33-4997-becf-fc15c458fba0,H2O,2802,nm,absorbance,893.5378625638783
902.015,10.634649,7ab8b416-1f33-4997-becf-fc15c458fba0,H2O,2803,nm,absorbance,893.7135506426636
902.192,11.072432000000004,7ab8b416-1f33-4997-becf-fc15c458fba0,H2O,2804,nm,absorbance,893.8892387214488
902.369,6.899508999999999,7ab8b416-1f33-4997-becf-fc15c458fba0,H2O,2805,nm,absorbance,894.064926800234
902.546,2.430118,7ab8b416-1f33-4997-becf-fc15c458fba0,H2O,2806,nm,absorbance,894.2406148790193
902.723,1.425342,7ab8b416-1f33-4997-becf-fc15c458fba0,H2O,2807,nm,absorbance,894.4163029578045
902.901,1.301656,7ab8b416-1f33-4997-becf-fc15c458fba0,H2O,2808,nm,absorbance,894.5929836246055
903.078,0.5522600000000001,7ab8b416-1f33-4997-becf-fc15c458fba0,H2O,2809,nm,absorbance,894.7686717033907
903.255,0.48724,7ab8b416-1f33-4997-becf-fc15c458fba0,H2O,2810,nm,absorbance,894.944359782176
903.432,2.989933,7ab8b416-1f33-4997-becf-fc15c458fba0,H2O,2811,nm,absorbance,895.1200478609612
903.609,2.6247989999999994,7ab8b416-1f33-4997-becf-fc15c458fba0,H2O,2812,nm,absorbance,895.2957359397465
903.786,4.398679,7ab8b416-1f33-4997-becf-fc15c458fba0,H2O,2813,nm,absorbance,895.4714240185317
903.963,0.3245920000000001,7ab8b416-1f33-4997-becf-fc15c458fba0,H2O,2814,nm,absorbance,895.647112097317
904.14,3.1959690000000003,7ab8b416-1f33-4997-becf-fc15c458fba0,H2O,2815,nm,absorbance,895.8228001761022
904.317,0.5255560000000001,7ab8b416-1f33-4997-becf-fc15c458fba0,H2O,2816,nm,absorbance,895.9984882548874
904.494,1.764142,7ab8b416-1f33-4997-becf-fc15c458fba0,H2O,2817,nm,absorbance,896.1741763336727
904.671,6.799144,7ab8b416-1f33-4997-becf-fc15c458fba0,H2O,2818,nm,absorbance,896.349864412458
904.848,8.999559000000001,7ab8b416-1f33-4997-becf-fc15c458fba0,H2O,2819,nm,absorbance,896.5255524912432
905.024,8.536850000000001,7ab8b416-1f33-4997-becf-fc15c458fba0,H2O,2820,nm,absorbance,896.7002479820127
905.201,1.167877,7ab8b416-1f33-4997-becf-fc15c458fba0,H2O,2821,nm,absorbance,896.8759360607979
905.378,3.240593,7ab8b416-1f33-4997-becf-fc15c458fba0,H2O,2822,nm,absorbance,897.0516241395832
905.555,3.814383,7ab8b416-1f33-4997-becf-fc15c458fba0,H2O,2823,nm,absorbance,897.2273122183684
905.732,6.067252000000001,7ab8b416-1f33-4997-becf-fc15c458fba0,H2O,2824,nm,absorbance,897.4030002971537
905.909,-3.76926,7ab8b416-1f33-4997-becf-fc15c458fba0,H2O,2825,nm,absorbance,897.5786883759389
906.086,-2.754996,7ab8b416-1f33-4997-becf-fc15c458fba0,H2O,2826,nm,absorbance,897.7543764547241
906.262,-1.699712,7ab8b416-1f33-4997-becf-fc15c458fba0,H2O,2827,nm,absorbance,897.9290719454935
906.439,10.193576000000002,7ab8b416-1f33-4997-becf-fc15c458fba0,H2O,2828,nm,absorbance,898.1047600242789
906.616,12.008559,7ab8b416-1f33-4997-becf-fc15c458fba0,H2O,2829,nm,absorbance,898.2804481030641
906.793,10.245841,7ab8b416-1f33-4997-becf-fc15c458fba0,H2O,2830,nm,absorbance,898.4561361818494
906.969,8.528572999999998,7ab8b416-1f33-4997-becf-fc15c458fba0,H2O,2831,nm,absorbance,898.6308316726189
907.146,5.858963,7ab8b416-1f33-4997-becf-fc15c458fba0,H2O,2832,nm,absorbance,898.806519751404
907.323,3.371414000000001,7ab8b416-1f33-4997-becf-fc15c458fba0,H2O,2833,nm,absorbance,898.9822078301894
907.5,-2.620556,7ab8b416-1f33-4997-becf-fc15c458fba0,H2O,2834,nm,absorbance,899.1578959089746
907.676,-1.44717,7ab8b416-1f33-4997-becf-fc15c458fba0,H2O,2835,nm,absorbance,899.3325913997442
907.853,-0.5209650000000001,7ab8b416-1f33-4997-becf-fc15c458fba0,H2O,2836,nm,absorbance,899.5082794785293
908.03,1.8360849999999995,7ab8b416-1f33-4997-becf-fc15c458fba0,H2O,2837,nm,absorbance,899.6839675573145
908.206,4.497127,7ab8b416-1f33-4997-becf-fc15c458fba0,H2O,2838,nm,absorbance,899.8586630480842
908.383,8.24559,7ab8b416-1f33-4997-becf-fc15c458fba0,H2O,2839,nm,absorbance,900.0343511268694
908.559,9.018169,7ab8b416-1f33-4997-becf-fc15c458fba0,H2O,2840,nm,absorbance,900.2090466176388
908.736,1.881849,7ab8b416-1f33-4997-becf-fc15c458fba0,H2O,2841,nm,absorbance,900.3847346964241
908.912,0.437862,7ab8b416-1f33-4997-becf-fc15c458fba0,H2O,2842,nm,absorbance,900.5594301871936
909.089,-2.755709,7ab8b416-1f33-4997-becf-fc15c458fba0,H2O,2843,nm,absorbance,900.7351182659789
909.266,1.892949,7ab8b416-1f33-4997-becf-fc15c458fba0,H2O,2844,nm,absorbance,900.9108063447641
909.442,-0.6399969999999999,7ab8b416-1f33-4997-becf-fc15c458fba0,H2O,2845,nm,absorbance,901.0855018355336
909.619,3.0003450000000003,7ab8b416-1f33-4997-becf-fc15c458fba0,H2O,2846,nm,absorbance,901.2611899143188
909.795,1.399309,7ab8b416-1f33-4997-becf-fc15c458fba0,H2O,2847,nm,absorbance,901.4358854050884
909.972,1.161564,7ab8b416-1f33-4997-becf-fc15c458fba0,H2O,2848,nm,absorbance,901.6115734838736
910.148,2.061632,7ab8b416-1f33-4997-becf-fc15c458fba0,H2O,2849,nm,absorbance,901.7862689746431
910.324,2.234693,7ab8b416-1f33-4997-becf-fc15c458fba0,H2O,2850,nm,absorbance,901.9609644654125
910.501,8.71656,7ab8b416-1f33-4997-becf-fc15c458fba0,H2O,2851,nm,absorbance,902.1366525441978
910.677,8.208731,7ab8b416-1f33-4997-becf-fc15c458fba0,H2O,2852,nm,absorbance,902.3113480349674
910.854,8.948229999999999,7ab8b416-1f33-4997-becf-fc15c458fba0,H2O,2853,nm,absorbance,902.4870361137527
911.03,2.2768550000000003,7ab8b416-1f33-4997-becf-fc15c458fba0,H2O,2854,nm,absorbance,902.6617316045221
911.206,0.8637750000000001,7ab8b416-1f33-4997-becf-fc15c458fba0,H2O,2855,nm,absorbance,902.8364270952916
911.383,-3.5989310000000003,7ab8b416-1f33-4997-becf-fc15c458fba0,H2O,2856,nm,absorbance,903.0121151740769
911.559,-1.6330399999999998,7ab8b416-1f33-4997-becf-fc15c458fba0,H2O,2857,nm,absorbance,903.1868106648463
911.735,-5.231184,7ab8b416-1f33-4997-becf-fc15c458fba0,H2O,2858,nm,absorbance,903.3615061556159
911.912,-1.322663,7ab8b416-1f33-4997-becf-fc15c458fba0,H2O,2859,nm,absorbance,903.5371942344011
912.088,-1.1595929999999997,7ab8b416-1f33-4997-becf-fc15c458fba0,H2O,2860,nm,absorbance,903.7118897251705
912.264,3.3771210000000003,7ab8b416-1f33-4997-becf-fc15c458fba0,H2O,2861,nm,absorbance,903.8865852159402
912.44,5.57733,7ab8b416-1f33-4997-becf-fc15c458fba0,H2O,2862,nm,absorbance,904.0612807067097
912.617,8.957274,7ab8b416-1f33-4997-becf-fc15c458fba0,H2O,2863,nm,absorbance,904.2369687854948
912.793,6.705746,7ab8b416-1f33-4997-becf-fc15c458fba0,H2O,2864,nm,absorbance,904.4116642762643
912.969,3.087883,7ab8b416-1f33-4997-becf-fc15c458fba0,H2O,2865,nm,absorbance,904.586359767034
913.145,-1.788153,7ab8b416-1f33-4997-becf-fc15c458fba0,H2O,2866,nm,absorbance,904.7610552578034
913.321,1.4449230000000002,7ab8b416-1f33-4997-becf-fc15c458fba0,H2O,2867,nm,absorbance,904.9357507485729
913.498,2.803761,7ab8b416-1f33-4997-becf-fc15c458fba0,H2O,2868,nm,absorbance,905.1114388273581
913.674,7.553295999999999,7ab8b416-1f33-4997-becf-fc15c458fba0,H2O,2869,nm,absorbance,905.2861343181277
913.85,0.8070109999999999,7ab8b416-1f33-4997-becf-fc15c458fba0,H2O,2870,nm,absorbance,905.4608298088972
914.026,-1.356528,7ab8b416-1f33-4997-becf-fc15c458fba0,H2O,2871,nm,absorbance,905.6355252996666
914.202,-5.177206,7ab8b416-1f33-4997-becf-fc15c458fba0,H2O,2872,nm,absorbance,905.8102207904361
914.378,-1.680559,7ab8b416-1f33-4997-becf-fc15c458fba0,H2O,2873,nm,absorbance,905.9849162812058
914.554,-0.266455,7ab8b416-1f33-4997-becf-fc15c458fba0,H2O,2874,nm,absorbance,906.1596117719752
914.73,-2.361909,7ab8b416-1f33-4997-becf-fc15c458fba0,H2O,2875,nm,absorbance,906.3343072627447
914.906,-3.636286000000001,7ab8b416-1f33-4997-becf-fc15c458fba0,H2O,2876,nm,absorbance,906.5090027535141
915.082,-3.3558790000000003,7ab8b416-1f33-4997-becf-fc15c458fba0,H2O,2877,nm,absorbance,906.6836982442837
915.258,4.34402,7ab8b416-1f33-4997-becf-fc15c458fba0,H2O,2878,nm,absorbance,906.8583937350533
915.434,6.518044000000001,7ab8b416-1f33-4997-becf-fc15c458fba0,H2O,2879,nm,absorbance,907.0330892258227
915.61,7.375802999999999,7ab8b416-1f33-4997-becf-fc15c458fba0,H2O,2880,nm,absorbance,907.2077847165922
915.786,5.741867000000001,7ab8b416-1f33-4997-becf-fc15c458fba0,H2O,2881,nm,absorbance,907.3824802073617
915.962,8.582253000000001,7ab8b416-1f33-4997-becf-fc15c458fba0,H2O,2882,nm,absorbance,907.5571756981312
916.138,8.666513,7ab8b416-1f33-4997-becf-fc15c458fba0,H2O,2883,nm,absorbance,907.7318711889008
916.314,1.3515320000000002,7ab8b416-1f33-4997-becf-fc15c458fba0,H2O,2884,nm,absorbance,907.9065666796702
916.49,-0.589224,7ab8b416-1f33-4997-becf-fc15c458fba0,H2O,2885,nm,absorbance,908.0812621704398
916.665,1.2109570000000005,7ab8b416-1f33-4997-becf-fc15c458fba0,H2O,2886,nm,absorbance,908.2549650731935
916.841,3.2124200000000003,7ab8b416-1f33-4997-becf-fc15c458fba0,H2O,2887,nm,absorbance,908.429660563963
917.017,0.507127,7ab8b416-1f33-4997-becf-fc15c458fba0,H2O,2888,nm,absorbance,908.6043560547325
917.193,-1.837264,7ab8b416-1f33-4997-becf-fc15c458fba0,H2O,2889,nm,absorbance,908.779051545502
917.369,-3.752941,7ab8b416-1f33-4997-becf-fc15c458fba0,H2O,2890,nm,absorbance,908.9537470362716
917.545,0.9220480000000002,7ab8b416-1f33-4997-becf-fc15c458fba0,H2O,2891,nm,absorbance,909.128442527041
917.72,0.4134899999999996,7ab8b416-1f33-4997-becf-fc15c458fba0,H2O,2892,nm,absorbance,909.3021454297948
917.896,5.533289000000001,7ab8b416-1f33-4997-becf-fc15c458fba0,H2O,2893,nm,absorbance,909.4768409205643
918.072,0.2225929999999999,7ab8b416-1f33-4997-becf-fc15c458fba0,H2O,2894,nm,absorbance,909.6515364113338
918.247,3.5895180000000004,7ab8b416-1f33-4997-becf-fc15c458fba0,H2O,2895,nm,absorbance,909.8252393140875
918.423,1.901188,7ab8b416-1f33-4997-becf-fc15c458fba0,H2O,2896,nm,absorbance,909.9999348048572
918.599,8.841657000000001,7ab8b416-1f33-4997-becf-fc15c458fba0,H2O,2897,nm,absorbance,910.1746302956267
918.775,8.4838,7ab8b416-1f33-4997-becf-fc15c458fba0,H2O,2898,nm,absorbance,910.3493257863961
918.95,4.027181000000001,7ab8b416-1f33-4997-becf-fc15c458fba0,H2O,2899,nm,absorbance,910.5230286891499
919.126,-4.167561000000001,7ab8b416-1f33-4997-becf-fc15c458fba0,H2O,2900,nm,absorbance,910.6977241799194
919.301,-4.334974,7ab8b416-1f33-4997-becf-fc15c458fba0,H2O,2901,nm,absorbance,910.8714270826732
919.477,-0.024984,7ab8b416-1f33-4997-becf-fc15c458fba0,H2O,2902,nm,absorbance,911.0461225734426
919.653,6.555149999999999,7ab8b416-1f33-4997-becf-fc15c458fba0,H2O,2903,nm,absorbance,911.2208180642122
919.828,3.925122,7ab8b416-1f33-4997-becf-fc15c458fba0,H2O,2904,nm,absorbance,911.394520966966
920.004,4.36814,7ab8b416-1f33-4997-becf-fc15c458fba0,H2O,2905,nm,absorbance,911.5692164577355
920.179,6.105001000000001,7ab8b416-1f33-4997-becf-fc15c458fba0,H2O,2906,nm,absorbance,911.7429193604892
920.355,7.014541,7ab8b416-1f33-4997-becf-fc15c458fba0,H2O,2907,nm,absorbance,911.9176148512588
920.53,7.966772000000001,7ab8b416-1f33-4997-becf-fc15c458fba0,H2O,2908,nm,absorbance,912.0913177540125
920.706,2.217599,7ab8b416-1f33-4997-becf-fc15c458fba0,H2O,2909,nm,absorbance,912.266013244782
920.881,-0.530186,7ab8b416-1f33-4997-becf-fc15c458fba0,H2O,2910,nm,absorbance,912.4397161475357
921.057,-2.023274,7ab8b416-1f33-4997-becf-fc15c458fba0,H2O,2911,nm,absorbance,912.6144116383053
921.232,3.245189,7ab8b416-1f33-4997-becf-fc15c458fba0,H2O,2912,nm,absorbance,912.788114541059
921.408,7.391816999999999,7ab8b416-1f33-4997-becf-fc15c458fba0,H2O,2913,nm,absorbance,912.9628100318286
921.583,7.870871000000001,7ab8b416-1f33-4997-becf-fc15c458fba0,H2O,2914,nm,absorbance,913.1365129345824
921.759,0.767558,7ab8b416-1f33-4997-becf-fc15c458fba0,H2O,2915,nm,absorbance,913.3112084253519
921.934,-2.339281,7ab8b416-1f33-4997-becf-fc15c458fba0,H2O,2916,nm,absorbance,913.4849113281056
922.109,-1.390732,7ab8b416-1f33-4997-becf-fc15c458fba0,H2O,2917,nm,absorbance,913.6586142308595
922.285,2.7068360000000005,7ab8b416-1f33-4997-becf-fc15c458fba0,H2O,2918,nm,absorbance,913.8333097216289
922.46,4.490031999999999,7ab8b416-1f33-4997-becf-fc15c458fba0,H2O,2919,nm,absorbance,914.0070126243827
922.635,4.927285,7ab8b416-1f33-4997-becf-fc15c458fba0,H2O,2920,nm,absorbance,914.1807155271364
922.811,2.276741,7ab8b416-1f33-4997-becf-fc15c458fba0,H2O,2921,nm,absorbance,914.355411017906
922.986,3.5835760000000008,7ab8b416-1f33-4997-becf-fc15c458fba0,H2O,2922,nm,absorbance,914.5291139206597
923.161,2.051235,7ab8b416-1f33-4997-becf-fc15c458fba0,H2O,2923,nm,absorbance,914.7028168234134
923.336,1.3969010000000002,7ab8b416-1f33-4997-becf-fc15c458fba0,H2O,2924,nm,absorbance,914.8765197261673
923.512,-1.324933,7ab8b416-1f33-4997-becf-fc15c458fba0,H2O,2925,nm,absorbance,915.0512152169367
923.687,-1.067349,7ab8b416-1f33-4997-becf-fc15c458fba0,H2O,2926,nm,absorbance,915.2249181196905
923.862,-3.140214,7ab8b416-1f33-4997-becf-fc15c458fba0,H2O,2927,nm,absorbance,915.3986210224443
924.037,-2.657656,7ab8b416-1f33-4997-becf-fc15c458fba0,H2O,2928,nm,absorbance,915.5723239251981
924.212,-2.523986,7ab8b416-1f33-4997-becf-fc15c458fba0,H2O,2929,nm,absorbance,915.7460268279518
924.388,1.171405,7ab8b416-1f33-4997-becf-fc15c458fba0,H2O,2930,nm,absorbance,915.9207223187213
924.563,0.011157,7ab8b416-1f33-4997-becf-fc15c458fba0,H2O,2931,nm,absorbance,916.0944252214751
924.738,-2.988333,7ab8b416-1f33-4997-becf-fc15c458fba0,H2O,2932,nm,absorbance,916.268128124229
924.913,-3.24258,7ab8b416-1f33-4997-becf-fc15c458fba0,H2O,2933,nm,absorbance,916.4418310269826
925.088,-6.488956,7ab8b416-1f33-4997-becf-fc15c458fba0,H2O,2934,nm,absorbance,916.6155339297364
925.263,-0.9430419999999998,7ab8b416-1f33-4997-becf-fc15c458fba0,H2O,2935,nm,absorbance,916.7892368324902
925.438,1.6318969999999997,7ab8b416-1f33-4997-becf-fc15c458fba0,H2O,2936,nm,absorbance,916.9629397352439
925.613,7.221973,7ab8b416-1f33-4997-becf-fc15c458fba0,H2O,2937,nm,absorbance,917.1366426379979
925.788,3.1661170000000007,7ab8b416-1f33-4997-becf-fc15c458fba0,H2O,2938,nm,absorbance,917.3103455407515
925.963,2.4005779999999994,7ab8b416-1f33-4997-becf-fc15c458fba0,H2O,2939,nm,absorbance,917.4840484435052
926.138,-2.97485,7ab8b416-1f33-4997-becf-fc15c458fba0,H2O,2940,nm,absorbance,917.6577513462591
926.313,1.6384820000000002,7ab8b416-1f33-4997-becf-fc15c458fba0,H2O,2941,nm,absorbance,917.8314542490128
926.488,1.0579250000000002,7ab8b416-1f33-4997-becf-fc15c458fba0,H2O,2942,nm,absorbance,918.0051571517666
926.663,2.284806,7ab8b416-1f33-4997-becf-fc15c458fba0,H2O,2943,nm,absorbance,918.1788600545204
926.838,-2.318768,7ab8b416-1f33-4997-becf-fc15c458fba0,H2O,2944,nm,absorbance,918.3525629572741
927.013,-3.4955620000000005,7ab8b416-1f33-4997-becf-fc15c458fba0,H2O,2945,nm,absorbance,918.5262658600279
927.188,0.291077,7ab8b416-1f33-4997-becf-fc15c458fba0,H2O,2946,nm,absorbance,918.6999687627816
927.363,5.21036,7ab8b416-1f33-4997-becf-fc15c458fba0,H2O,2947,nm,absorbance,918.8736716655355
927.538,3.221886,7ab8b416-1f33-4997-becf-fc15c458fba0,H2O,2948,nm,absorbance,919.0473745682892
927.713,2.481968,7ab8b416-1f33-4997-becf-fc15c458fba0,H2O,2949,nm,absorbance,919.2210774710429
927.888,3.297695,7ab8b416-1f33-4997-becf-fc15c458fba0,H2O,2950,nm,absorbance,919.3947803737968
928.062,4.878856000000001,7ab8b416-1f33-4997-becf-fc15c458fba0,H2O,2951,nm,absorbance,919.5674906885348
928.237,4.0410200000000005,7ab8b416-1f33-4997-becf-fc15c458fba0,H2O,2952,nm,absorbance,919.7411935912885
928.412,0.6890339999999999,7ab8b416-1f33-4997-becf-fc15c458fba0,H2O,2953,nm,absorbance,919.9148964940424
928.587,3.3061990000000003,7ab8b416-1f33-4997-becf-fc15c458fba0,H2O,2954,nm,absorbance,920.0885993967961
928.761,2.02187,7ab8b416-1f33-4997-becf-fc15c458fba0,H2O,2955,nm,absorbance,920.2613097115341
928.936,2.7653259999999995,7ab8b416-1f33-4997-becf-fc15c458fba0,H2O,2956,nm,absorbance,920.435012614288
929.111,0.91721,7ab8b416-1f33-4997-becf-fc15c458fba0,H2O,2957,nm,absorbance,920.6087155170417
929.286,5.432168,7ab8b416-1f33-4997-becf-fc15c458fba0,H2O,2958,nm,absorbance,920.7824184197954
929.46,4.144363,7ab8b416-1f33-4997-becf-fc15c458fba0,H2O,2959,nm,absorbance,920.9551287345336
929.635,4.072782,7ab8b416-1f33-4997-becf-fc15c458fba0,H2O,2960,nm,absorbance,921.1288316372872
929.81,-0.6769019999999999,7ab8b416-1f33-4997-becf-fc15c458fba0,H2O,2961,nm,absorbance,921.3025345400409
929.984,-2.205751,7ab8b416-1f33-4997-becf-fc15c458fba0,H2O,2962,nm,absorbance,921.4752448547791
930.159,1.9770640000000004,7ab8b416-1f33-4997-becf-fc15c458fba0,H2O,2963,nm,absorbance,921.6489477575328
930.334,2.543919,7ab8b416-1f33-4997-becf-fc15c458fba0,H2O,2964,nm,absorbance,921.8226506602865
930.508,3.6129450000000007,7ab8b416-1f33-4997-becf-fc15c458fba0,H2O,2965,nm,absorbance,921.9953609750247
930.683,0.871179,7ab8b416-1f33-4997-becf-fc15c458fba0,H2O,2966,nm,absorbance,922.1690638777784
930.857,6.550695999999999,7ab8b416-1f33-4997-becf-fc15c458fba0,H2O,2967,nm,absorbance,922.3417741925165
931.032,6.850845,7ab8b416-1f33-4997-becf-fc15c458fba0,H2O,2968,nm,absorbance,922.5154770952703
931.206,5.827007999999999,7ab8b416-1f33-4997-becf-fc15c458fba0,H2O,2969,nm,absorbance,922.6881874100083
931.381,1.732161,7ab8b416-1f33-4997-becf-fc15c458fba0,H2O,2970,nm,absorbance,922.8618903127621
931.556,2.996043,7ab8b416-1f33-4997-becf-fc15c458fba0,H2O,2971,nm,absorbance,923.0355932155159
931.73,8.618418,7ab8b416-1f33-4997-becf-fc15c458fba0,H2O,2972,nm,absorbance,923.2083035302538
931.904,8.406383,7ab8b416-1f33-4997-becf-fc15c458fba0,H2O,2973,nm,absorbance,923.3810138449919
932.079,3.955168,7ab8b416-1f33-4997-becf-fc15c458fba0,H2O,2974,nm,absorbance,923.5547167477456
932.253,-2.971431,7ab8b416-1f33-4997-becf-fc15c458fba0,H2O,2975,nm,absorbance,923.7274270624837
932.428,-1.1428509999999998,7ab8b416-1f33-4997-becf-fc15c458fba0,H2O,2976,nm,absorbance,923.9011299652375
932.602,1.5259259999999997,7ab8b416-1f33-4997-becf-fc15c458fba0,H2O,2977,nm,absorbance,924.0738402799755
932.777,5.712532,7ab8b416-1f33-4997-becf-fc15c458fba0,H2O,2978,nm,absorbance,924.2475431827293
932.951,2.678076,7ab8b416-1f33-4997-becf-fc15c458fba0,H2O,2979,nm,absorbance,924.4202534974673
933.125,3.4274590000000003,7ab8b416-1f33-4997-becf-fc15c458fba0,H2O,2980,nm,absorbance,924.5929638122053
933.3,0.342874,7ab8b416-1f33-4997-becf-fc15c458fba0,H2O,2981,nm,absorbance,924.766666714959
933.474,4.874883,7ab8b416-1f33-4997-becf-fc15c458fba0,H2O,2982,nm,absorbance,924.9393770296972
933.648,5.2008540000000005,7ab8b416-1f33-4997-becf-fc15c458fba0,H2O,2983,nm,absorbance,925.1120873444352
933.823,3.711553,7ab8b416-1f33-4997-becf-fc15c458fba0,H2O,2984,nm,absorbance,925.285790247189
933.997,-0.5171849999999999,7ab8b416-1f33-4997-becf-fc15c458fba0,H2O,2985,nm,absorbance,925.4585005619269
934.171,-4.245831999999999,7ab8b416-1f33-4997-becf-fc15c458fba0,H2O,2986,nm,absorbance,925.631210876665
934.345,-5.484736,7ab8b416-1f33-4997-becf-fc15c458fba0,H2O,2987,nm,absorbance,925.8039211914031
934.52,-5.093629,7ab8b416-1f33-4997-becf-fc15c458fba0,H2O,2988,nm,absorbance,925.9776240941568
934.694,1.367988,7ab8b416-1f33-4997-becf-fc15c458fba0,H2O,2989,nm,absorbance,926.1503344088948
934.868,5.690717,7ab8b416-1f33-4997-becf-fc15c458fba0,H2O,2990,nm,absorbance,926.323044723633
935.042,9.983449000000002,7ab8b416-1f33-4997-becf-fc15c458fba0,H2O,2991,nm,absorbance,926.4957550383709
935.217,6.100363999999999,7ab8b416-1f33-4997-becf-fc15c458fba0,H2O,2992,nm,absorbance,926.6694579411247
935.391,2.123232,7ab8b416-1f33-4997-becf-fc15c458fba0,H2O,2993,nm,absorbance,926.8421682558627
935.565,-2.629138,7ab8b416-1f33-4997-becf-fc15c458fba0,H2O,2994,nm,absorbance,927.0148785706008
935.739,-4.356347,7ab8b416-1f33-4997-becf-fc15c458fba0,H2O,2995,nm,absorbance,927.1875888853389
935.913,-2.253867,7ab8b416-1f33-4997-becf-fc15c458fba0,H2O,2996,nm,absorbance,927.3602992000768
936.087,1.6090169999999997,7ab8b416-1f33-4997-becf-fc15c458fba0,H2O,2997,nm,absorbance,927.5330095148148
936.261,5.249772,7ab8b416-1f33-4997-becf-fc15c458fba0,H2O,2998,nm,absorbance,927.7057198295529
936.435,8.499437,7ab8b416-1f33-4997-becf-fc15c458fba0,H2O,2999,nm,absorbance,927.8784301442909
936.609,6.448828000000001,7ab8b416-1f33-4997-becf-fc15c458fba0,H2O,3000,nm,absorbance,928.051140459029
936.783,9.447416,7ab8b416-1f33-4997-becf-fc15c458fba0,H2O,3001,nm,absorbance,928.223850773767
936.957,8.714063999999999,7ab8b416-1f33-4997-becf-fc15c458fba0,H2O,3002,nm,absorbance,928.396561088505
937.131,8.879945,7ab8b416-1f33-4997-becf-fc15c458fba0,H2O,3003,nm,absorbance,928.5692714032431
937.305,4.088426,7ab8b416-1f33-4997-becf-fc15c458fba0,H2O,3004,nm,absorbance,928.741981717981
937.479,4.085171000000001,7ab8b416-1f33-4997-becf-fc15c458fba0,H2O,3005,nm,absorbance,928.9146920327192
937.653,2.2602710000000004,7ab8b416-1f33-4997-becf-fc15c458fba0,H2O,3006,nm,absorbance,929.0874023474572
937.827,2.149296,7ab8b416-1f33-4997-becf-fc15c458fba0,H2O,3007,nm,absorbance,929.2601126621952
938.001,2.498288,7ab8b416-1f33-4997-becf-fc15c458fba0,H2O,3008,nm,absorbance,929.4328229769333
938.175,3.185859000000001,7ab8b416-1f33-4997-becf-fc15c458fba0,H2O,3009,nm,absorbance,929.6055332916712
938.349,2.895647,7ab8b416-1f33-4997-becf-fc15c458fba0,H2O,3010,nm,absorbance,929.7782436064093
938.523,-1.5601860000000003,7ab8b416-1f33-4997-becf-fc15c458fba0,H2O,3011,nm,absorbance,929.9509539211474
938.697,-3.590743,7ab8b416-1f33-4997-becf-fc15c458fba0,H2O,3012,nm,absorbance,930.1236642358854
938.87,-5.412612999999999,7ab8b416-1f33-4997-becf-fc15c458fba0,H2O,3013,nm,absorbance,930.2953819626077
939.044,-1.9282410000000003,7ab8b416-1f33-4997-becf-fc15c458fba0,H2O,3014,nm,absorbance,930.4680922773457
939.218,0.395497,7ab8b416-1f33-4997-becf-fc15c458fba0,H2O,3015,nm,absorbance,930.6408025920837
939.392,4.728465,7ab8b416-1f33-4997-becf-fc15c458fba0,H2O,3016,nm,absorbance,930.8135129068219
939.566,3.815648,7ab8b416-1f33-4997-becf-fc15c458fba0,H2O,3017,nm,absorbance,930.9862232215598
939.739,0.999412,7ab8b416-1f33-4997-becf-fc15c458fba0,H2O,3018,nm,absorbance,931.1579409482822
939.913,1.605025,7ab8b416-1f33-4997-becf-fc15c458fba0,H2O,3019,nm,absorbance,931.3306512630202
940.087,0.0272319999999998,7ab8b416-1f33-4997-becf-fc15c458fba0,H2O,3020,nm,absorbance,931.5033615777581
940.261,6.142762,7ab8b416-1f33-4997-becf-fc15c458fba0,H2O,3021,nm,absorbance,931.6760718924962
940.434,3.612832,7ab8b416-1f33-4997-becf-fc15c458fba0,H2O,3022,nm,absorbance,931.8477896192185
940.608,2.10106,7ab8b416-1f33-4997-becf-fc15c458fba0,H2O,3023,nm,absorbance,932.0204999339566
940.782,-3.440691,7ab8b416-1f33-4997-becf-fc15c458fba0,H2O,3024,nm,absorbance,932.1932102486946
940.955,-6.331512999999999,7ab8b416-1f33-4997-becf-fc15c458fba0,H2O,3025,nm,absorbance,932.3649279754169
941.129,-4.470749,7ab8b416-1f33-4997-becf-fc15c458fba0,H2O,3026,nm,absorbance,932.537638290155
941.302,-4.471058000000001,7ab8b416-1f33-4997-becf-fc15c458fba0,H2O,3027,nm,absorbance,932.7093560168772
941.476,-0.6474310000000001,7ab8b416-1f33-4997-becf-fc15c458fba0,H2O,3028,nm,absorbance,932.8820663316153
941.65,-3.93634,7ab8b416-1f33-4997-becf-fc15c458fba0,H2O,3029,nm,absorbance,933.0547766463533
941.823,-0.673071,7ab8b416-1f33-4997-becf-fc15c458fba0,H2O,3030,nm,absorbance,933.2264943730756
941.997,0.0956829999999998,7ab8b416-1f33-4997-becf-fc15c458fba0,H2O,3031,nm,absorbance,933.3992046878136
942.17,2.0118210000000003,7ab8b416-1f33-4997-becf-fc15c458fba0,H2O,3032,nm,absorbance,933.5709224145359
942.344,6.196115999999999,7ab8b416-1f33-4997-becf-fc15c458fba0,H2O,3033,nm,absorbance,933.743632729274
942.517,8.156028000000001,7ab8b416-1f33-4997-becf-fc15c458fba0,H2O,3034,nm,absorbance,933.9153504559963
942.691,6.680145999999999,7ab8b416-1f33-4997-becf-fc15c458fba0,H2O,3035,nm,absorbance,934.0880607707344
942.864,2.8543890000000003,7ab8b416-1f33-4997-becf-fc15c458fba0,H2O,3036,nm,absorbance,934.2597784974566
943.038,-2.025917,7ab8b416-1f33-4997-becf-fc15c458fba0,H2O,3037,nm,absorbance,934.4324888121946
943.211,3.170021,7ab8b416-1f33-4997-becf-fc15c458fba0,H2O,3038,nm,absorbance,934.604206538917
943.385,-4.183803999999999,7ab8b416-1f33-4997-becf-fc15c458fba0,H2O,3039,nm,absorbance,934.7769168536549
943.558,-6.439272,7ab8b416-1f33-4997-becf-fc15c458fba0,H2O,3040,nm,absorbance,934.9486345803773
943.731,-9.105855,7ab8b416-1f33-4997-becf-fc15c458fba0,H2O,3041,nm,absorbance,935.1203523070996
943.905,-2.726761,7ab8b416-1f33-4997-becf-fc15c458fba0,H2O,3042,nm,absorbance,935.2930626218376
944.078,-2.3386020000000003,7ab8b416-1f33-4997-becf-fc15c458fba0,H2O,3043,nm,absorbance,935.4647803485599
944.251,0.1813149999999999,7ab8b416-1f33-4997-becf-fc15c458fba0,H2O,3044,nm,absorbance,935.6364980752821
944.425,-0.063143,7ab8b416-1f33-4997-becf-fc15c458fba0,H2O,3045,nm,absorbance,935.8092083900202
944.598,3.1177660000000005,7ab8b416-1f33-4997-becf-fc15c458fba0,H2O,3046,nm,absorbance,935.9809261167425
944.771,2.563448,7ab8b416-1f33-4997-becf-fc15c458fba0,H2O,3047,nm,absorbance,936.1526438434648
944.945,3.662236,7ab8b416-1f33-4997-becf-fc15c458fba0,H2O,3048,nm,absorbance,936.3253541582029
945.118,4.053166,7ab8b416-1f33-4997-becf-fc15c458fba0,H2O,3049,nm,absorbance,936.4970718849253
945.291,4.447766,7ab8b416-1f33-4997-becf-fc15c458fba0,H2O,3050,nm,absorbance,936.6687896116475
945.464,0.7901209999999999,7ab8b416-1f33-4997-becf-fc15c458fba0,H2O,3051,nm,absorbance,936.8405073383699
945.638,0.666052,7ab8b416-1f33-4997-becf-fc15c458fba0,H2O,3052,nm,absorbance,937.0132176531079
945.811,-1.290157,7ab8b416-1f33-4997-becf-fc15c458fba0,H2O,3053,nm,absorbance,937.1849353798301
945.984,0.2124569999999999,7ab8b416-1f33-4997-becf-fc15c458fba0,H2O,3054,nm,absorbance,937.3566531065525
946.157,0.819322,7ab8b416-1f33-4997-becf-fc15c458fba0,H2O,3055,nm,absorbance,937.5283708332747
946.33,-1.3810170000000002,7ab8b416-1f33-4997-becf-fc15c458fba0,H2O,3056,nm,absorbance,937.7000885599971
946.503,1.44545,7ab8b416-1f33-4997-becf-fc15c458fba0,H2O,3057,nm,absorbance,937.8718062867193
946.677,2.025643,7ab8b416-1f33-4997-becf-fc15c458fba0,H2O,3058,nm,absorbance,938.0445166014574
946.85,7.9714589999999985,7ab8b416-1f33-4997-becf-fc15c458fba0,H2O,3059,nm,absorbance,938.2162343281797
947.023,4.261643,7ab8b416-1f33-4997-becf-fc15c458fba0,H2O,3060,nm,absorbance,938.3879520549019
947.196,6.456159,7ab8b416-1f33-4997-becf-fc15c458fba0,H2O,3061,nm,absorbance,938.5596697816243
947.369,3.900742,7ab8b416-1f33-4997-becf-fc15c458fba0,H2O,3062,nm,absorbance,938.7313875083465
947.542,7.026908999999999,7ab8b416-1f33-4997-becf-fc15c458fba0,H2O,3063,nm,absorbance,938.9031052350689
947.715,4.154172999999999,7ab8b416-1f33-4997-becf-fc15c458fba0,H2O,3064,nm,absorbance,939.0748229617911
947.888,3.531194,7ab8b416-1f33-4997-becf-fc15c458fba0,H2O,3065,nm,absorbance,939.2465406885135
948.061,2.028565,7ab8b416-1f33-4997-becf-fc15c458fba0,H2O,3066,nm,absorbance,939.4182584152358
948.234,1.154706,7ab8b416-1f33-4997-becf-fc15c458fba0,H2O,3067,nm,absorbance,939.5899761419581
948.407,1.61785,7ab8b416-1f33-4997-becf-fc15c458fba0,H2O,3068,nm,absorbance,939.7616938686804
948.58,1.3438840000000003,7ab8b416-1f33-4997-becf-fc15c458fba0,H2O,3069,nm,absorbance,939.9334115954027
948.753,-0.0802659999999999,7ab8b416-1f33-4997-becf-fc15c458fba0,H2O,3070,nm,absorbance,940.105129322125
948.926,1.931442,7ab8b416-1f33-4997-becf-fc15c458fba0,H2O,3071,nm,absorbance,940.2768470488472
949.099,0.5659109999999999,7ab8b416-1f33-4997-becf-fc15c458fba0,H2O,3072,nm,absorbance,940.4485647755696
949.271,3.684853,7ab8b416-1f33-4997-becf-fc15c458fba0,H2O,3073,nm,absorbance,940.619289914276
949.444,1.9992839999999996,7ab8b416-1f33-4997-becf-fc15c458fba0,H2O,3074,nm,absorbance,940.7910076409984
949.617,2.194652,7ab8b416-1f33-4997-becf-fc15c458fba0,H2O,3075,nm,absorbance,940.9627253677206
949.79,-0.963395,7ab8b416-1f33-4997-becf-fc15c458fba0,H2O,3076,nm,absorbance,941.134443094443
949.963,0.7703859999999999,7ab8b416-1f33-4997-becf-fc15c458fba0,H2O,3077,nm,absorbance,941.3061608211652
950.136,2.690363,7ab8b416-1f33-4997-becf-fc15c458fba0,H2O,3078,nm,absorbance,941.4778785478876
950.308,3.609576,7ab8b416-1f33-4997-becf-fc15c458fba0,H2O,3079,nm,absorbance,941.6486036865941
950.481,-1.318388,7ab8b416-1f33-4997-becf-fc15c458fba0,H2O,3080,nm,absorbance,941.8203214133165
950.654,-1.321536,7ab8b416-1f33-4997-becf-fc15c458fba0,H2O,3081,nm,absorbance,941.9920391400387
950.827,-1.061105,7ab8b416-1f33-4997-becf-fc15c458fba0,H2O,3082,nm,absorbance,942.1637568667611
950.999,0.8287749999999997,7ab8b416-1f33-4997-becf-fc15c458fba0,H2O,3083,nm,absorbance,942.3344820054676
951.172,2.318486,7ab8b416-1f33-4997-becf-fc15c458fba0,H2O,3084,nm,absorbance,942.5061997321899
951.345,1.872149,7ab8b416-1f33-4997-becf-fc15c458fba0,H2O,3085,nm,absorbance,942.6779174589122
951.517,2.788615,7ab8b416-1f33-4997-becf-fc15c458fba0,H2O,3086,nm,absorbance,942.8486425976188
951.69,2.8144920000000004,7ab8b416-1f33-4997-becf-fc15c458fba0,H2O,3087,nm,absorbance,943.0203603243411
951.863,5.028051,7ab8b416-1f33-4997-becf-fc15c458fba0,H2O,3088,nm,absorbance,943.1920780510634
952.035,8.587145000000001,7ab8b416-1f33-4997-becf-fc15c458fba0,H2O,3089,nm,absorbance,943.3628031897699
952.208,8.766795,7ab8b416-1f33-4997-becf-fc15c458fba0,H2O,3090,nm,absorbance,943.5345209164922
952.381,6.324933,7ab8b416-1f33-4997-becf-fc15c458fba0,H2O,3091,nm,absorbance,943.7062386432145
952.553,2.354558,7ab8b416-1f33-4997-becf-fc15c458fba0,H2O,3092,nm,absorbance,943.8769637819211
952.726,-1.172812,7ab8b416-1f33-4997-becf-fc15c458fba0,H2O,3093,nm,absorbance,944.0486815086434
952.898,0.0172039999999999,7ab8b416-1f33-4997-becf-fc15c458fba0,H2O,3094,nm,absorbance,944.21940664735
953.071,-0.91469,7ab8b416-1f33-4997-becf-fc15c458fba0,H2O,3095,nm,absorbance,944.3911243740723
953.243,-0.0867469999999999,7ab8b416-1f33-4997-becf-fc15c458fba0,H2O,3096,nm,absorbance,944.5618495127788
953.416,-3.824123,7ab8b416-1f33-4997-becf-fc15c458fba0,H2O,3097,nm,absorbance,944.7335672395012
953.588,-2.3962170000000005,7ab8b416-1f33-4997-becf-fc15c458fba0,H2O,3098,nm,absorbance,944.9042923782076
953.761,-3.247116000000001,7ab8b416-1f33-4997-becf-fc15c458fba0,H2O,3099,nm,absorbance,945.07601010493
953.933,-2.1208440000000004,7ab8b416-1f33-4997-becf-fc15c458fba0,H2O,3100,nm,absorbance,945.2467352436365
954.106,-2.30386,7ab8b416-1f33-4997-becf-fc15c458fba0,H2O,3101,nm,absorbance,945.4184529703589
954.278,0.4343849999999999,7ab8b416-1f33-4997-becf-fc15c458fba0,H2O,3102,nm,absorbance,945.5891781090654
954.45,3.1270039999999995,7ab8b416-1f33-4997-becf-fc15c458fba0,H2O,3103,nm,absorbance,945.7599032477721
954.623,1.810261,7ab8b416-1f33-4997-becf-fc15c458fba0,H2O,3104,nm,absorbance,945.9316209744943
954.795,-1.608679,7ab8b416-1f33-4997-becf-fc15c458fba0,H2O,3105,nm,absorbance,946.1023461132008
954.967,-4.464556,7ab8b416-1f33-4997-becf-fc15c458fba0,H2O,3106,nm,absorbance,946.2730712519074
955.14,-0.197367,7ab8b416-1f33-4997-becf-fc15c458fba0,H2O,3107,nm,absorbance,946.4447889786297
955.312,1.2463830000000002,7ab8b416-1f33-4997-becf-fc15c458fba0,H2O,3108,nm,absorbance,946.6155141173363
955.484,2.426714,7ab8b416-1f33-4997-becf-fc15c458fba0,H2O,3109,nm,absorbance,946.7862392560429
955.657,-0.80403,7ab8b416-1f33-4997-becf-fc15c458fba0,H2O,3110,nm,absorbance,946.9579569827652
955.829,2.9080639999999995,7ab8b416-1f33-4997-becf-fc15c458fba0,H2O,3111,nm,absorbance,947.1286821214717
956.001,2.0475520000000005,7ab8b416-1f33-4997-becf-fc15c458fba0,H2O,3112,nm,absorbance,947.2994072601782
956.173,4.404923,7ab8b416-1f33-4997-becf-fc15c458fba0,H2O,3113,nm,absorbance,947.4701323988849
956.346,3.448276000000001,7ab8b416-1f33-4997-becf-fc15c458fba0,H2O,3114,nm,absorbance,947.6418501256071
956.518,8.155812999999998,7ab8b416-1f33-4997-becf-fc15c458fba0,H2O,3115,nm,absorbance,947.8125752643138
956.69,4.0184370000000005,7ab8b416-1f33-4997-becf-fc15c458fba0,H2O,3116,nm,absorbance,947.9833004030203
956.862,-0.623858,7ab8b416-1f33-4997-becf-fc15c458fba0,H2O,3117,nm,absorbance,948.1540255417268
957.034,-0.682719,7ab8b416-1f33-4997-becf-fc15c458fba0,H2O,3118,nm,absorbance,948.3247506804333
957.207,-2.989504,7ab8b416-1f33-4997-becf-fc15c458fba0,H2O,3119,nm,absorbance,948.4964684071557
957.379,-0.1706029999999999,7ab8b416-1f33-4997-becf-fc15c458fba0,H2O,3120,nm,absorbance,948.6671935458622
957.551,-0.429009,7ab8b416-1f33-4997-becf-fc15c458fba0,H2O,3121,nm,absorbance,948.8379186845689
957.723,3.922043,7ab8b416-1f33-4997-becf-fc15c458fba0,H2O,3122,nm,absorbance,949.0086438232753
957.895,4.949021,7ab8b416-1f33-4997-becf-fc15c458fba0,H2O,3123,nm,absorbance,949.1793689619819
958.067,0.7051860000000001,7ab8b416-1f33-4997-becf-fc15c458fba0,H2O,3124,nm,absorbance,949.3500941006885
958.239,2.074006,7ab8b416-1f33-4997-becf-fc15c458fba0,H2O,3125,nm,absorbance,949.5208192393951
958.411,2.455116,7ab8b416-1f33-4997-becf-fc15c458fba0,H2O,3126,nm,absorbance,949.6915443781015
958.583,3.400711,7ab8b416-1f33-4997-becf-fc15c458fba0,H2O,3127,nm,absorbance,949.8622695168082
958.755,1.6536520000000003,7ab8b416-1f33-4997-becf-fc15c458fba0,H2O,3128,nm,absorbance,950.0329946555147
958.927,-0.3018350000000001,7ab8b416-1f33-4997-becf-fc15c458fba0,H2O,3129,nm,absorbance,950.2037197942213
959.099,1.7124540000000004,7ab8b416-1f33-4997-becf-fc15c458fba0,H2O,3130,nm,absorbance,950.3744449329279
959.271,-0.888596,7ab8b416-1f33-4997-becf-fc15c458fba0,H2O,3131,nm,absorbance,950.5451700716344
959.443,-0.0377149999999999,7ab8b416-1f33-4997-becf-fc15c458fba0,H2O,3132,nm,absorbance,950.7158952103409
959.615,-2.0876999999999994,7ab8b416-1f33-4997-becf-fc15c458fba0,H2O,3133,nm,absorbance,950.8866203490476
959.787,1.937913,7ab8b416-1f33-4997-becf-fc15c458fba0,H2O,3134,nm,absorbance,951.0573454877541
959.959,0.5782389999999997,7ab8b416-1f33-4997-becf-fc15c458fba0,H2O,3135,nm,absorbance,951.2280706264606
960.13,2.491244,7ab8b416-1f33-4997-becf-fc15c458fba0,H2O,3136,nm,absorbance,951.3978031771516
960.302,1.562067,7ab8b416-1f33-4997-becf-fc15c458fba0,H2O,3137,nm,absorbance,951.5685283158581
960.474,2.432627,7ab8b416-1f33-4997-becf-fc15c458fba0,H2O,3138,nm,absorbance,951.7392534545647
960.646,4.0300460000000005,7ab8b416-1f33-4997-becf-fc15c458fba0,H2O,3139,nm,absorbance,951.9099785932711
960.818,7.819523999999999,7ab8b416-1f33-4997-becf-fc15c458fba0,H2O,3140,nm,absorbance,952.0807037319778
960.99,8.364127,7ab8b416-1f33-4997-becf-fc15c458fba0,H2O,3141,nm,absorbance,952.2514288706843
961.161,6.408264,7ab8b416-1f33-4997-becf-fc15c458fba0,H2O,3142,nm,absorbance,952.4211614213751
961.333,6.201648999999999,7ab8b416-1f33-4997-becf-fc15c458fba0,H2O,3143,nm,absorbance,952.5918865600817
961.505,8.652589,7ab8b416-1f33-4997-becf-fc15c458fba0,H2O,3144,nm,absorbance,952.7626116987883
961.677,6.042117,7ab8b416-1f33-4997-becf-fc15c458fba0,H2O,3145,nm,absorbance,952.9333368374948
961.848,2.811714,7ab8b416-1f33-4997-becf-fc15c458fba0,H2O,3146,nm,absorbance,953.1030693881856
962.02,0.2662899999999999,7ab8b416-1f33-4997-becf-fc15c458fba0,H2O,3147,nm,absorbance,953.2737945268922
962.192,1.093716,7ab8b416-1f33-4997-becf-fc15c458fba0,H2O,3148,nm,absorbance,953.4445196655988
962.363,5.316449,7ab8b416-1f33-4997-becf-fc15c458fba0,H2O,3149,nm,absorbance,953.6142522162896
962.535,3.953655,7ab8b416-1f33-4997-becf-fc15c458fba0,H2O,3150,nm,absorbance,953.7849773549962
962.707,5.003348,7ab8b416-1f33-4997-becf-fc15c458fba0,H2O,3151,nm,absorbance,953.9557024937027
962.878,1.683462,7ab8b416-1f33-4997-becf-fc15c458fba0,H2O,3152,nm,absorbance,954.1254350443936
963.05,5.980411999999999,7ab8b416-1f33-4997-becf-fc15c458fba0,H2O,3153,nm,absorbance,954.2961601831001
963.221,8.034007,7ab8b416-1f33-4997-becf-fc15c458fba0,H2O,3154,nm,absorbance,954.465892733791
963.393,3.718779,7ab8b416-1f33-4997-becf-fc15c458fba0,H2O,3155,nm,absorbance,954.6366178724976
963.564,0.7713600000000002,7ab8b416-1f33-4997-becf-fc15c458fba0,H2O,3156,nm,absorbance,954.8063504231883
963.736,-2.697043,7ab8b416-1f33-4997-becf-fc15c458fba0,H2O,3157,nm,absorbance,954.9770755618949
963.907,-3.5545849999999994,7ab8b416-1f33-4997-becf-fc15c458fba0,H2O,3158,nm,absorbance,955.1468081125857
964.079,-6.654073,7ab8b416-1f33-4997-becf-fc15c458fba0,H2O,3159,nm,absorbance,955.3175332512923
964.25,-0.7639579999999999,7ab8b416-1f33-4997-becf-fc15c458fba0,H2O,3160,nm,absorbance,955.4872658019831
964.422,7.496441000000002,7ab8b416-1f33-4997-becf-fc15c458fba0,H2O,3161,nm,absorbance,955.6579909406897
964.593,5.882561999999999,7ab8b416-1f33-4997-becf-fc15c458fba0,H2O,3162,nm,absorbance,955.8277234913805
964.765,1.899386,7ab8b416-1f33-4997-becf-fc15c458fba0,H2O,3163,nm,absorbance,955.9984486300871
964.936,-4.493844000000001,7ab8b416-1f33-4997-becf-fc15c458fba0,H2O,3164,nm,absorbance,956.168181180778
965.108,-1.824243,7ab8b416-1f33-4997-becf-fc15c458fba0,H2O,3165,nm,absorbance,956.3389063194844
965.279,-0.6147289999999999,7ab8b416-1f33-4997-becf-fc15c458fba0,H2O,3166,nm,absorbance,956.5086388701753
965.45,3.704921,7ab8b416-1f33-4997-becf-fc15c458fba0,H2O,3167,nm,absorbance,956.6783714208661
965.622,6.98728,7ab8b416-1f33-4997-becf-fc15c458fba0,H2O,3168,nm,absorbance,956.8490965595727
965.793,5.565985,7ab8b416-1f33-4997-becf-fc15c458fba0,H2O,3169,nm,absorbance,957.0188291102635
965.964,7.174187999999999,7ab8b416-1f33-4997-becf-fc15c458fba0,H2O,3170,nm,absorbance,957.1885616609544
966.136,4.149133000000001,7ab8b416-1f33-4997-becf-fc15c458fba0,H2O,3171,nm,absorbance,957.3592867996609
966.307,4.380273000000001,7ab8b416-1f33-4997-becf-fc15c458fba0,H2O,3172,nm,absorbance,957.5290193503517
966.478,-1.684677,7ab8b416-1f33-4997-becf-fc15c458fba0,H2O,3173,nm,absorbance,957.6987519010426
966.65,2.035228,7ab8b416-1f33-4997-becf-fc15c458fba0,H2O,3174,nm,absorbance,957.8694770397491
966.821,5.800682999999999,7ab8b416-1f33-4997-becf-fc15c458fba0,H2O,3175,nm,absorbance,958.03920959044
966.992,4.637301,7ab8b416-1f33-4997-becf-fc15c458fba0,H2O,3176,nm,absorbance,958.2089421411307
967.163,1.0054090000000004,7ab8b416-1f33-4997-becf-fc15c458fba0,H2O,3177,nm,absorbance,958.3786746918216
967.334,-5.159613,7ab8b416-1f33-4997-becf-fc15c458fba0,H2O,3178,nm,absorbance,958.5484072425124
967.506,-0.005918,7ab8b416-1f33-4997-becf-fc15c458fba0,H2O,3179,nm,absorbance,958.719132381219
967.677,4.124411,7ab8b416-1f33-4997-becf-fc15c458fba0,H2O,3180,nm,absorbance,958.8888649319099
967.848,2.390901,7ab8b416-1f33-4997-becf-fc15c458fba0,H2O,3181,nm,absorbance,959.0585974826006
968.019,3.624120000000001,7ab8b416-1f33-4997-becf-fc15c458fba0,H2O,3182,nm,absorbance,959.2283300332915
968.19,0.66733,7ab8b416-1f33-4997-becf-fc15c458fba0,H2O,3183,nm,absorbance,959.3980625839823
968.361,4.054144,7ab8b416-1f33-4997-becf-fc15c458fba0,H2O,3184,nm,absorbance,959.5677951346731
968.532,4.209495,7ab8b416-1f33-4997-becf-fc15c458fba0,H2O,3185,nm,absorbance,959.7375276853641
968.703,5.816352,7ab8b416-1f33-4997-becf-fc15c458fba0,H2O,3186,nm,absorbance,959.9072602360548
968.874,6.44229,7ab8b416-1f33-4997-becf-fc15c458fba0,H2O,3187,nm,absorbance,960.0769927867457
969.045,2.318562,7ab8b416-1f33-4997-becf-fc15c458fba0,H2O,3188,nm,absorbance,960.2467253374364
969.216,2.912567,7ab8b416-1f33-4997-becf-fc15c458fba0,H2O,3189,nm,absorbance,960.4164578881273
969.387,5.588571999999999,7ab8b416-1f33-4997-becf-fc15c458fba0,H2O,3190,nm,absorbance,960.5861904388181
969.558,6.533742000000001,7ab8b416-1f33-4997-becf-fc15c458fba0,H2O,3191,nm,absorbance,960.7559229895089
969.729,5.493404000000001,7ab8b416-1f33-4997-becf-fc15c458fba0,H2O,3192,nm,absorbance,960.9256555401998
969.9,-4.081417,7ab8b416-1f33-4997-becf-fc15c458fba0,H2O,3193,nm,absorbance,961.0953880908905
970.071,-6.372860999999999,7ab8b416-1f33-4997-becf-fc15c458fba0,H2O,3194,nm,absorbance,961.2651206415815
970.242,-7.846186,7ab8b416-1f33-4997-becf-fc15c458fba0,H2O,3195,nm,absorbance,961.4348531922723
970.413,-0.0117679999999999,7ab8b416-1f33-4997-becf-fc15c458fba0,H2O,3196,nm,absorbance,961.6045857429631
970.584,4.340003000000001,7ab8b416-1f33-4997-becf-fc15c458fba0,H2O,3197,nm,absorbance,961.7743182936539
970.755,2.670933,7ab8b416-1f33-4997-becf-fc15c458fba0,H2O,3198,nm,absorbance,961.9440508443447
970.926,0.1317369999999999,7ab8b416-1f33-4997-becf-fc15c458fba0,H2O,3199,nm,absorbance,962.1137833950356
971.097,-4.695593,7ab8b416-1f33-4997-becf-fc15c458fba0,H2O,3200,nm,absorbance,962.2835159457263
971.267,-0.050089,7ab8b416-1f33-4997-becf-fc15c458fba0,H2O,3201,nm,absorbance,962.4522559084015
971.438,1.918492,7ab8b416-1f33-4997-becf-fc15c458fba0,H2O,3202,nm,absorbance,962.6219884590923
971.609,2.202082,7ab8b416-1f33-4997-becf-fc15c458fba0,H2O,3203,nm,absorbance,962.7917210097831
971.78,0.7418039999999999,7ab8b416-1f33-4997-becf-fc15c458fba0,H2O,3204,nm,absorbance,962.961453560474
971.951,-4.8833720000000005,7ab8b416-1f33-4997-becf-fc15c458fba0,H2O,3205,nm,absorbance,963.1311861111648
972.121,0.433017,7ab8b416-1f33-4997-becf-fc15c458fba0,H2O,3206,nm,absorbance,963.2999260738399
972.292,0.914793,7ab8b416-1f33-4997-becf-fc15c458fba0,H2O,3207,nm,absorbance,963.4696586245308
972.463,7.345616,7ab8b416-1f33-4997-becf-fc15c458fba0,H2O,3208,nm,absorbance,963.6393911752215
972.633,5.61459,7ab8b416-1f33-4997-becf-fc15c458fba0,H2O,3209,nm,absorbance,963.8081311378967
972.804,3.750285,7ab8b416-1f33-4997-becf-fc15c458fba0,H2O,3210,nm,absorbance,963.9778636885874
972.975,4.160598,7ab8b416-1f33-4997-becf-fc15c458fba0,H2O,3211,nm,absorbance,964.1475962392783
973.145,2.3971950000000004,7ab8b416-1f33-4997-becf-fc15c458fba0,H2O,3212,nm,absorbance,964.3163362019534
973.316,6.710075000000001,7ab8b416-1f33-4997-becf-fc15c458fba0,H2O,3213,nm,absorbance,964.4860687526442
973.487,2.876667,7ab8b416-1f33-4997-becf-fc15c458fba0,H2O,3214,nm,absorbance,964.655801303335
973.657,9.603666,7ab8b416-1f33-4997-becf-fc15c458fba0,H2O,3215,nm,absorbance,964.8245412660102
973.828,3.628091,7ab8b416-1f33-4997-becf-fc15c458fba0,H2O,3216,nm,absorbance,964.9942738167009
973.998,5.2709920000000015,7ab8b416-1f33-4997-becf-fc15c458fba0,H2O,3217,nm,absorbance,965.1630137793761
974.169,-3.268785,7ab8b416-1f33-4997-becf-fc15c458fba0,H2O,3218,nm,absorbance,965.3327463300668
974.339,-1.5409460000000004,7ab8b416-1f33-4997-becf-fc15c458fba0,H2O,3219,nm,absorbance,965.501486292742
974.51,-0.732789,7ab8b416-1f33-4997-becf-fc15c458fba0,H2O,3220,nm,absorbance,965.6712188434328
974.68,-1.5216729999999996,7ab8b416-1f33-4997-becf-fc15c458fba0,H2O,3221,nm,absorbance,965.8399588061078
974.851,3.783713,7ab8b416-1f33-4997-becf-fc15c458fba0,H2O,3222,nm,absorbance,966.0096913567987
975.021,5.449795,7ab8b416-1f33-4997-becf-fc15c458fba0,H2O,3223,nm,absorbance,966.1784313194737
975.192,10.320118,7ab8b416-1f33-4997-becf-fc15c458fba0,H2O,3224,nm,absorbance,966.3481638701646
975.362,3.123722,7ab8b416-1f33-4997-becf-fc15c458fba0,H2O,3225,nm,absorbance,966.5169038328397
975.533,0.460121,7ab8b416-1f33-4997-becf-fc15c458fba0,H2O,3226,nm,absorbance,966.6866363835305
975.703,-1.033179,7ab8b416-1f33-4997-becf-fc15c458fba0,H2O,3227,nm,absorbance,966.8553763462056
975.874,2.413428,7ab8b416-1f33-4997-becf-fc15c458fba0,H2O,3228,nm,absorbance,967.0251088968965
976.044,4.033566,7ab8b416-1f33-4997-becf-fc15c458fba0,H2O,3229,nm,absorbance,967.1938488595715
976.214,4.55203,7ab8b416-1f33-4997-becf-fc15c458fba0,H2O,3230,nm,absorbance,967.3625888222467
976.385,4.274041,7ab8b416-1f33-4997-becf-fc15c458fba0,H2O,3231,nm,absorbance,967.5323213729374
976.555,4.235333999999999,7ab8b416-1f33-4997-becf-fc15c458fba0,H2O,3232,nm,absorbance,967.7010613356125
976.725,-0.4576119999999999,7ab8b416-1f33-4997-becf-fc15c458fba0,H2O,3233,nm,absorbance,967.8698012982877
976.896,-2.344931,7ab8b416-1f33-4997-becf-fc15c458fba0,H2O,3234,nm,absorbance,968.0395338489784
977.066,-5.347123000000001,7ab8b416-1f33-4997-becf-fc15c458fba0,H2O,3235,nm,absorbance,968.2082738116536
977.236,-1.374514,7ab8b416-1f33-4997-becf-fc15c458fba0,H2O,3236,nm,absorbance,968.3770137743287
977.406,-0.895113,7ab8b416-1f33-4997-becf-fc15c458fba0,H2O,3237,nm,absorbance,968.5457537370037
977.577,1.650035,7ab8b416-1f33-4997-becf-fc15c458fba0,H2O,3238,nm,absorbance,968.7154862876946
977.747,-0.8823589999999999,7ab8b416-1f33-4997-becf-fc15c458fba0,H2O,3239,nm,absorbance,968.8842262503697
977.917,2.084072,7ab8b416-1f33-4997-becf-fc15c458fba0,H2O,3240,nm,absorbance,969.0529662130448
978.087,1.569403,7ab8b416-1f33-4997-becf-fc15c458fba0,H2O,3241,nm,absorbance,969.2217061757199
978.257,7.417776000000001,7ab8b416-1f33-4997-becf-fc15c458fba0,H2O,3242,nm,absorbance,969.3904461383949
978.427,1.948315,7ab8b416-1f33-4997-becf-fc15c458fba0,H2O,3243,nm,absorbance,969.55918610107
978.598,2.5645199999999995,7ab8b416-1f33-4997-becf-fc15c458fba0,H2O,3244,nm,absorbance,969.7289186517609
978.768,-1.7194340000000004,7ab8b416-1f33-4997-becf-fc15c458fba0,H2O,3245,nm,absorbance,969.897658614436
978.938,-0.8591269999999998,7ab8b416-1f33-4997-becf-fc15c458fba0,H2O,3246,nm,absorbance,970.066398577111
979.108,-0.3545260000000002,7ab8b416-1f33-4997-becf-fc15c458fba0,H2O,3247,nm,absorbance,970.2351385397861
979.278,3.388440000000001,7ab8b416-1f33-4997-becf-fc15c458fba0,H2O,3248,nm,absorbance,970.4038785024612
979.448,4.591033,7ab8b416-1f33-4997-becf-fc15c458fba0,H2O,3249,nm,absorbance,970.5726184651363
979.618,4.001712,7ab8b416-1f33-4997-becf-fc15c458fba0,H2O,3250,nm,absorbance,970.7413584278115
979.788,-0.142111,7ab8b416-1f33-4997-becf-fc15c458fba0,H2O,3251,nm,absorbance,970.9100983904865
979.958,-4.477306,7ab8b416-1f33-4997-becf-fc15c458fba0,H2O,3252,nm,absorbance,971.0788383531616
980.128,-4.914185,7ab8b416-1f33-4997-becf-fc15c458fba0,H2O,3253,nm,absorbance,971.2475783158368
980.298,-4.027626000000001,7ab8b416-1f33-4997-becf-fc15c458fba0,H2O,3254,nm,absorbance,971.4163182785118
980.468,0.8517520000000001,7ab8b416-1f33-4997-becf-fc15c458fba0,H2O,3255,nm,absorbance,971.5850582411869
980.638,2.6452000000000004,7ab8b416-1f33-4997-becf-fc15c458fba0,H2O,3256,nm,absorbance,971.7537982038621
980.808,0.5788250000000004,7ab8b416-1f33-4997-becf-fc15c458fba0,H2O,3257,nm,absorbance,971.922538166537
980.978,2.7698100000000005,7ab8b416-1f33-4997-becf-fc15c458fba0,H2O,3258,nm,absorbance,972.0912781292121
981.148,0.7970729999999999,7ab8b416-1f33-4997-becf-fc15c458fba0,H2O,3259,nm,absorbance,972.2600180918872
981.317,3.2121939999999998,7ab8b416-1f33-4997-becf-fc15c458fba0,H2O,3260,nm,absorbance,972.4277654665466
981.487,3.701204,7ab8b416-1f33-4997-becf-fc15c458fba0,H2O,3261,nm,absorbance,972.5965054292217
981.657,0.8489869999999999,7ab8b416-1f33-4997-becf-fc15c458fba0,H2O,3262,nm,absorbance,972.7652453918969
981.827,0.1449819999999999,7ab8b416-1f33-4997-becf-fc15c458fba0,H2O,3263,nm,absorbance,972.9339853545719
981.997,-2.9588179999999995,7ab8b416-1f33-4997-becf-fc15c458fba0,H2O,3264,nm,absorbance,973.102725317247
982.167,-0.1456469999999999,7ab8b416-1f33-4997-becf-fc15c458fba0,H2O,3265,nm,absorbance,973.271465279922
982.336,-1.1987489999999998,7ab8b416-1f33-4997-becf-fc15c458fba0,H2O,3266,nm,absorbance,973.4392126545814
982.506,0.4377010000000001,7ab8b416-1f33-4997-becf-fc15c458fba0,H2O,3267,nm,absorbance,973.6079526172565
982.676,1.7572680000000005,7ab8b416-1f33-4997-becf-fc15c458fba0,H2O,3268,nm,absorbance,973.7766925799316
982.846,1.258927,7ab8b416-1f33-4997-becf-fc15c458fba0,H2O,3269,nm,absorbance,973.9454325426067
983.015,2.831017,7ab8b416-1f33-4997-becf-fc15c458fba0,H2O,3270,nm,absorbance,974.113179917266
983.185,0.4978519999999998,7ab8b416-1f33-4997-becf-fc15c458fba0,H2O,3271,nm,absorbance,974.2819198799411
983.355,2.049256,7ab8b416-1f33-4997-becf-fc15c458fba0,H2O,3272,nm,absorbance,974.4506598426162
983.524,-3.0109250000000003,7ab8b416-1f33-4997-becf-fc15c458fba0,H2O,3273,nm,absorbance,974.6184072172756
983.694,-4.1682630000000005,7ab8b416-1f33-4997-becf-fc15c458fba0,H2O,3274,nm,absorbance,974.7871471799507
983.864,-4.507272,7ab8b416-1f33-4997-becf-fc15c458fba0,H2O,3275,nm,absorbance,974.9558871426258
984.033,-0.9602290000000002,7ab8b416-1f33-4997-becf-fc15c458fba0,H2O,3276,nm,absorbance,975.1236345172852
984.203,1.217102,7ab8b416-1f33-4997-becf-fc15c458fba0,H2O,3277,nm,absorbance,975.2923744799602
984.372,0.7183289999999998,7ab8b416-1f33-4997-becf-fc15c458fba0,H2O,3278,nm,absorbance,975.4601218546195
984.542,-2.3490390000000003,7ab8b416-1f33-4997-becf-fc15c458fba0,H2O,3279,nm,absorbance,975.6288618172947
984.712,-3.2945699999999998,7ab8b416-1f33-4997-becf-fc15c458fba0,H2O,3280,nm,absorbance,975.7976017799698
984.881,-1.651749,7ab8b416-1f33-4997-becf-fc15c458fba0,H2O,3281,nm,absorbance,975.965349154629
985.051,-3.604006,7ab8b416-1f33-4997-becf-fc15c458fba0,H2O,3282,nm,absorbance,976.1340891173043
985.22,-3.5354240000000003,7ab8b416-1f33-4997-becf-fc15c458fba0,H2O,3283,nm,absorbance,976.3018364919636
985.39,-5.862865,7ab8b416-1f33-4997-becf-fc15c458fba0,H2O,3284,nm,absorbance,976.4705764546386
985.559,-5.852679999999999,7ab8b416-1f33-4997-becf-fc15c458fba0,H2O,3285,nm,absorbance,976.638323829298
985.728,-0.14393,7ab8b416-1f33-4997-becf-fc15c458fba0,H2O,3286,nm,absorbance,976.8060712039573
985.898,1.8606910000000003,7ab8b416-1f33-4997-becf-fc15c458fba0,H2O,3287,nm,absorbance,976.9748111666324
986.067,2.010433,7ab8b416-1f33-4997-becf-fc15c458fba0,H2O,3288,nm,absorbance,977.1425585412918
986.237,-4.854868,7ab8b416-1f33-4997-becf-fc15c458fba0,H2O,3289,nm,absorbance,977.3112985039669
986.406,-6.605384000000001,7ab8b416-1f33-4997-becf-fc15c458fba0,H2O,3290,nm,absorbance,977.4790458786263
986.576,0.970333,7ab8b416-1f33-4997-becf-fc15c458fba0,H2O,3291,nm,absorbance,977.6477858413014
986.745,4.304584999999999,7ab8b416-1f33-4997-becf-fc15c458fba0,H2O,3292,nm,absorbance,977.8155332159607
986.914,3.923730999999999,7ab8b416-1f33-4997-becf-fc15c458fba0,H2O,3293,nm,absorbance,977.9832805906201
987.084,4.12001,7ab8b416-1f33-4997-becf-fc15c458fba0,H2O,3294,nm,absorbance,978.1520205532951
987.253,5.906668999999999,7ab8b416-1f33-4997-becf-fc15c458fba0,H2O,3295,nm,absorbance,978.3197679279546
987.422,6.427672999999999,7ab8b416-1f33-4997-becf-fc15c458fba0,H2O,3296,nm,absorbance,978.4875153026139
987.591,1.3605229999999997,7ab8b416-1f33-4997-becf-fc15c458fba0,H2O,3297,nm,absorbance,978.6552626772732
987.761,-3.343795,7ab8b416-1f33-4997-becf-fc15c458fba0,H2O,3298,nm,absorbance,978.8240026399483
987.93,-3.854786,7ab8b416-1f33-4997-becf-fc15c458fba0,H2O,3299,nm,absorbance,978.9917500146076
988.099,0.0575699999999998,7ab8b416-1f33-4997-becf-fc15c458fba0,H2O,3300,nm,absorbance,979.159497389267
988.268,1.5471339999999998,7ab8b416-1f33-4997-becf-fc15c458fba0,H2O,3301,nm,absorbance,979.3272447639264
988.438,3.668730000000001,7ab8b416-1f33-4997-becf-fc15c458fba0,H2O,3302,nm,absorbance,979.4959847266015
988.607,1.614062,7ab8b416-1f33-4997-becf-fc15c458fba0,H2O,3303,nm,absorbance,979.6637321012608
988.776,-1.397321,7ab8b416-1f33-4997-becf-fc15c458fba0,H2O,3304,nm,absorbance,979.8314794759201
988.945,-1.371226,7ab8b416-1f33-4997-becf-fc15c458fba0,H2O,3305,nm,absorbance,979.9992268505796
989.114,-3.63323,7ab8b416-1f33-4997-becf-fc15c458fba0,H2O,3306,nm,absorbance,980.166974225239
989.283,1.380095,7ab8b416-1f33-4997-becf-fc15c458fba0,H2O,3307,nm,absorbance,980.3347215998982
989.452,3.472289000000001,7ab8b416-1f33-4997-becf-fc15c458fba0,H2O,3308,nm,absorbance,980.5024689745576
989.621,4.955471999999999,7ab8b416-1f33-4997-becf-fc15c458fba0,H2O,3309,nm,absorbance,980.670216349217
989.791,0.1992789999999999,7ab8b416-1f33-4997-becf-fc15c458fba0,H2O,3310,nm,absorbance,980.8389563118922
989.96,-1.2900789999999998,7ab8b416-1f33-4997-becf-fc15c458fba0,H2O,3311,nm,absorbance,981.0067036865514
990.129,0.6924759999999999,7ab8b416-1f33-4997-becf-fc15c458fba0,H2O,3312,nm,absorbance,981.1744510612108
990.298,4.630312999999999,7ab8b416-1f33-4997-becf-fc15c458fba0,H2O,3313,nm,absorbance,981.3421984358702
990.467,2.8829679999999995,7ab8b416-1f33-4997-becf-fc15c458fba0,H2O,3314,nm,absorbance,981.5099458105294
990.636,1.6079369999999995,7ab8b416-1f33-4997-becf-fc15c458fba0,H2O,3315,nm,absorbance,981.6776931851888
990.805,-3.333586999999999,7ab8b416-1f33-4997-becf-fc15c458fba0,H2O,3316,nm,absorbance,981.8454405598482
990.974,2.705699,7ab8b416-1f33-4997-becf-fc15c458fba0,H2O,3317,nm,absorbance,982.0131879345076
991.142,0.8771999999999999,7ab8b416-1f33-4997-becf-fc15c458fba0,H2O,3318,nm,absorbance,982.1799427211512
991.311,1.383985,7ab8b416-1f33-4997-becf-fc15c458fba0,H2O,3319,nm,absorbance,982.3476900958105
991.48,-4.032449,7ab8b416-1f33-4997-becf-fc15c458fba0,H2O,3320,nm,absorbance,982.5154374704699
991.649,-2.331182,7ab8b416-1f33-4997-becf-fc15c458fba0,H2O,3321,nm,absorbance,982.6831848451293
991.818,2.308878,7ab8b416-1f33-4997-becf-fc15c458fba0,H2O,3322,nm,absorbance,982.8509322197885
991.987,1.829734,7ab8b416-1f33-4997-becf-fc15c458fba0,H2O,3323,nm,absorbance,983.0186795944479
992.156,6.853973999999999,7ab8b416-1f33-4997-becf-fc15c458fba0,H2O,3324,nm,absorbance,983.1864269691073
992.325,4.556026,7ab8b416-1f33-4997-becf-fc15c458fba0,H2O,3325,nm,absorbance,983.3541743437667
992.493,7.391595,7ab8b416-1f33-4997-becf-fc15c458fba0,H2O,3326,nm,absorbance,983.5209291304103
992.662,2.901794,7ab8b416-1f33-4997-becf-fc15c458fba0,H2O,3327,nm,absorbance,983.6886765050697
992.831,0.064526,7ab8b416-1f33-4997-becf-fc15c458fba0,H2O,3328,nm,absorbance,983.856423879729
993.0,0.084761,7ab8b416-1f33-4997-becf-fc15c458fba0,H2O,3329,nm,absorbance,984.0241712543883
993.168,-3.0088290000000004,7ab8b416-1f33-4997-becf-fc15c458fba0,H2O,3330,nm,absorbance,984.190926041032
993.337,1.575441,7ab8b416-1f33-4997-becf-fc15c458fba0,H2O,3331,nm,absorbance,984.3586734156913
993.506,-2.297764,7ab8b416-1f33-4997-becf-fc15c458fba0,H2O,3332,nm,absorbance,984.5264207903507
993.675,0.241615,7ab8b416-1f33-4997-becf-fc15c458fba0,H2O,3333,nm,absorbance,984.69416816501
993.843,1.679816,7ab8b416-1f33-4997-becf-fc15c458fba0,H2O,3334,nm,absorbance,984.8609229516536
994.012,5.349988,7ab8b416-1f33-4997-becf-fc15c458fba0,H2O,3335,nm,absorbance,985.028670326313
994.181,5.669809,7ab8b416-1f33-4997-becf-fc15c458fba0,H2O,3336,nm,absorbance,985.1964177009725
994.349,4.313462,7ab8b416-1f33-4997-becf-fc15c458fba0,H2O,3337,nm,absorbance,985.363172487616
994.518,5.521045000000001,7ab8b416-1f33-4997-becf-fc15c458fba0,H2O,3338,nm,absorbance,985.5309198622754
994.686,5.885373,7ab8b416-1f33-4997-becf-fc15c458fba0,H2O,3339,nm,absorbance,985.697674648919
994.855,4.454089,7ab8b416-1f33-4997-becf-fc15c458fba0,H2O,3340,nm,absorbance,985.8654220235784
995.024,-0.4100639999999999,7ab8b416-1f33-4997-becf-fc15c458fba0,H2O,3341,nm,absorbance,986.0331693982376
995.192,-2.750014,7ab8b416-1f33-4997-becf-fc15c458fba0,H2O,3342,nm,absorbance,986.1999241848813
995.361,-3.2357910000000003,7ab8b416-1f33-4997-becf-fc15c458fba0,H2O,3343,nm,absorbance,986.3676715595407
995.529,-6.958447,7ab8b416-1f33-4997-becf-fc15c458fba0,H2O,3344,nm,absorbance,986.5344263461843
995.698,-7.023638999999998,7ab8b416-1f33-4997-becf-fc15c458fba0,H2O,3345,nm,absorbance,986.7021737208436
995.866,-8.71856,7ab8b416-1f33-4997-becf-fc15c458fba0,H2O,3346,nm,absorbance,986.8689285074872
996.035,-2.8318010000000005,7ab8b416-1f33-4997-becf-fc15c458fba0,H2O,3347,nm,absorbance,987.0366758821466
996.203,1.2011819999999995,7ab8b416-1f33-4997-becf-fc15c458fba0,H2O,3348,nm,absorbance,987.2034306687902
996.371,5.979537,7ab8b416-1f33-4997-becf-fc15c458fba0,H2O,3349,nm,absorbance,987.3701854554338
996.54,4.571409,7ab8b416-1f33-4997-becf-fc15c458fba0,H2O,3350,nm,absorbance,987.5379328300932
996.708,0.09858,7ab8b416-1f33-4997-becf-fc15c458fba0,H2O,3351,nm,absorbance,987.7046876167368
996.877,-1.8961559999999995,7ab8b416-1f33-4997-becf-fc15c458fba0,H2O,3352,nm,absorbance,987.8724349913962
997.045,-6.983287999999999,7ab8b416-1f33-4997-becf-fc15c458fba0,H2O,3353,nm,absorbance,988.0391897780397
997.213,-7.312875,7ab8b416-1f33-4997-becf-fc15c458fba0,H2O,3354,nm,absorbance,988.2059445646834
997.382,-4.464165,7ab8b416-1f33-4997-becf-fc15c458fba0,H2O,3355,nm,absorbance,988.3736919393427
997.55,4.087162,7ab8b416-1f33-4997-becf-fc15c458fba0,H2O,3356,nm,absorbance,988.5404467259864
997.718,3.677085,7ab8b416-1f33-4997-becf-fc15c458fba0,H2O,3357,nm,absorbance,988.7072015126299
997.887,5.454146,7ab8b416-1f33-4997-becf-fc15c458fba0,H2O,3358,nm,absorbance,988.8749488872893
998.055,2.468911,7ab8b416-1f33-4997-becf-fc15c458fba0,H2O,3359,nm,absorbance,989.041703673933
998.223,3.801917,7ab8b416-1f33-4997-becf-fc15c458fba0,H2O,3360,nm,absorbance,989.2084584605766
998.391,-0.0510609999999999,7ab8b416-1f33-4997-becf-fc15c458fba0,H2O,3361,nm,absorbance,989.3752132472201
998.56,3.974484,7ab8b416-1f33-4997-becf-fc15c458fba0,H2O,3362,nm,absorbance,989.5429606218795
998.728,4.4145010000000005,7ab8b416-1f33-4997-becf-fc15c458fba0,H2O,3363,nm,absorbance,989.7097154085232
998.896,5.327749,7ab8b416-1f33-4997-becf-fc15c458fba0,H2O,3364,nm,absorbance,989.8764701951668
999.064,1.75541,7ab8b416-1f33-4997-becf-fc15c458fba0,H2O,3365,nm,absorbance,990.0432249818105
999.232,6.321109,7ab8b416-1f33-4997-becf-fc15c458fba0,H2O,3366,nm,absorbance,990.209979768454
999.401,4.615489,7ab8b416-1f33-4997-becf-fc15c458fba0,H2O,3367,nm,absorbance,990.3777271431134
999.569,5.750508000000001,7ab8b416-1f33-4997-becf-fc15c458fba0,H2O,3368,nm,absorbance,990.544481929757
999.737,1.1457109999999997,7ab8b416-1f33-4997-becf-fc15c458fba0,H2O,3369,nm,absorbance,990.7112367164007
999.905,2.084642,7ab8b416-1f33-4997-becf-fc15c458fba0,H2O,3370,nm,absorbance,990.8779915030442
1000.073,-0.8168989999999999,7ab8b416-1f33-4997-becf-fc15c458fba0,H2O,3371,nm,absorbance,991.0447462896879
1000.241,-2.675454,7ab8b416-1f33-4997-becf-fc15c458fba0,H2O,3372,nm,absorbance,991.2115010763315
1000.409,-4.530135,7ab8b416-1f33-4997-becf-fc15c458fba0,H2O,3373,nm,absorbance,991.3782558629752
1000.577,-3.689117,7ab8b416-1f33-4997-becf-fc15c458fba0,H2O,3374,nm,absorbance,991.5450106496188
1000.745,2.606113,7ab8b416-1f33-4997-becf-fc15c458fba0,H2O,3375,nm,absorbance,991.7117654362623
1000.913,3.2449200000000005,7ab8b416-1f33-4997-becf-fc15c458fba0,H2O,3376,nm,absorbance,991.878520222906
1001.081,7.156823,7ab8b416-1f33-4997-becf-fc15c458fba0,H2O,3377,nm,absorbance,992.0452750095496
1001.249,3.616237,7ab8b416-1f33-4997-becf-fc15c458fba0,H2O,3378,nm,absorbance,992.2120297961933
1001.417,4.542096,7ab8b416-1f33-4997-becf-fc15c458fba0,H2O,3379,nm,absorbance,992.3787845828368
1001.585,3.684386,7ab8b416-1f33-4997-becf-fc15c458fba0,H2O,3380,nm,absorbance,992.5455393694805
1001.753,3.978211,7ab8b416-1f33-4997-becf-fc15c458fba0,H2O,3381,nm,absorbance,992.7122941561241
1001.921,1.451738,7ab8b416-1f33-4997-becf-fc15c458fba0,H2O,3382,nm,absorbance,992.8790489427678
1002.089,-0.113051,7ab8b416-1f33-4997-becf-fc15c458fba0,H2O,3383,nm,absorbance,993.0458037294114
1002.256,-0.3086659999999998,7ab8b416-1f33-4997-becf-fc15c458fba0,H2O,3384,nm,absorbance,993.2115659280391
1002.424,-2.36199,7ab8b416-1f33-4997-becf-fc15c458fba0,H2O,3385,nm,absorbance,993.3783207146828
1002.592,-0.7415600000000001,7ab8b416-1f33-4997-becf-fc15c458fba0,H2O,3386,nm,absorbance,993.5450755013264
1002.76,-1.3708519999999995,7ab8b416-1f33-4997-becf-fc15c458fba0,H2O,3387,nm,absorbance,993.7118302879701
1002.928,5.932250000000001,7ab8b416-1f33-4997-becf-fc15c458fba0,H2O,3388,nm,absorbance,993.8785850746137
1003.096,5.260302,7ab8b416-1f33-4997-becf-fc15c458fba0,H2O,3389,nm,absorbance,994.0453398612573
1003.263,-0.1530359999999999,7ab8b416-1f33-4997-becf-fc15c458fba0,H2O,3390,nm,absorbance,994.2111020598852
1003.431,0.371465,7ab8b416-1f33-4997-becf-fc15c458fba0,H2O,3391,nm,absorbance,994.3778568465289
1003.599,-3.096609,7ab8b416-1f33-4997-becf-fc15c458fba0,H2O,3392,nm,absorbance,994.5446116331725
1003.767,2.0363480000000003,7ab8b416-1f33-4997-becf-fc15c458fba0,H2O,3393,nm,absorbance,994.7113664198162
1003.934,1.211146,7ab8b416-1f33-4997-becf-fc15c458fba0,H2O,3394,nm,absorbance,994.8771286184439
1004.102,2.886715,7ab8b416-1f33-4997-becf-fc15c458fba0,H2O,3395,nm,absorbance,995.0438834050875
1004.27,4.623798000000001,7ab8b416-1f33-4997-becf-fc15c458fba0,H2O,3396,nm,absorbance,995.2106381917312
1004.437,2.230472,7ab8b416-1f33-4997-becf-fc15c458fba0,H2O,3397,nm,absorbance,995.3764003903591
1004.605,-1.2920120000000002,7ab8b416-1f33-4997-becf-fc15c458fba0,H2O,3398,nm,absorbance,995.5431551770027
1004.773,-0.34994,7ab8b416-1f33-4997-becf-fc15c458fba0,H2O,3399,nm,absorbance,995.7099099636463
1004.94,1.828178,7ab8b416-1f33-4997-becf-fc15c458fba0,H2O,3400,nm,absorbance,995.8756721622742
1005.108,4.796448,7ab8b416-1f33-4997-becf-fc15c458fba0,H2O,3401,nm,absorbance,996.0424269489178
1005.275,0.7970929999999997,7ab8b416-1f33-4997-becf-fc15c458fba0,H2O,3402,nm,absorbance,996.2081891475457
1005.443,-0.732592,7ab8b416-1f33-4997-becf-fc15c458fba0,H2O,3403,nm,absorbance,996.3749439341893
1005.61,-5.367470999999999,7ab8b416-1f33-4997-becf-fc15c458fba0,H2O,3404,nm,absorbance,996.5407061328173
1005.778,-2.968109,7ab8b416-1f33-4997-becf-fc15c458fba0,H2O,3405,nm,absorbance,996.7074609194608
1005.945,-4.203439,7ab8b416-1f33-4997-becf-fc15c458fba0,H2O,3406,nm,absorbance,996.8732231180887
1006.113,-0.226854,7ab8b416-1f33-4997-becf-fc15c458fba0,H2O,3407,nm,absorbance,997.0399779047324
1006.28,0.3076619999999999,7ab8b416-1f33-4997-becf-fc15c458fba0,H2O,3408,nm,absorbance,997.2057401033602
1006.448,5.38386,7ab8b416-1f33-4997-becf-fc15c458fba0,H2O,3409,nm,absorbance,997.3724948900038
1006.615,2.3784,7ab8b416-1f33-4997-becf-fc15c458fba0,H2O,3410,nm,absorbance,997.5382570886317
1006.783,1.273298,7ab8b416-1f33-4997-becf-fc15c458fba0,H2O,3411,nm,absorbance,997.7050118752753
1006.95,-6.713894999999999,7ab8b416-1f33-4997-becf-fc15c458fba0,H2O,3412,nm,absorbance,997.8707740739032
1007.118,-2.306907,7ab8b416-1f33-4997-becf-fc15c458fba0,H2O,3413,nm,absorbance,998.0375288605469
1007.285,-4.470920000000001,7ab8b416-1f33-4997-becf-fc15c458fba0,H2O,3414,nm,absorbance,998.2032910591747
1007.452,-2.9158599999999995,7ab8b416-1f33-4997-becf-fc15c458fba0,H2O,3415,nm,absorbance,998.3690532578026
1007.62,-2.286752,7ab8b416-1f33-4997-becf-fc15c458fba0,H2O,3416,nm,absorbance,998.5358080444462
1007.787,-0.5987720000000001,7ab8b416-1f33-4997-becf-fc15c458fba0,H2O,3417,nm,absorbance,998.7015702430741
1007.954,1.959748,7ab8b416-1f33-4997-becf-fc15c458fba0,H2O,3418,nm,absorbance,998.8673324417019
1008.122,-0.758429,7ab8b416-1f33-4997-becf-fc15c458fba0,H2O,3419,nm,absorbance,999.0340872283456
1008.289,0.4319189999999999,7ab8b416-1f33-4997-becf-fc15c458fba0,H2O,3420,nm,absorbance,999.1998494269735
1008.456,1.4200240000000002,7ab8b416-1f33-4997-becf-fc15c458fba0,H2O,3421,nm,absorbance,999.3656116256014
1008.623,1.5728749999999998,7ab8b416-1f33-4997-becf-fc15c458fba0,H2O,3422,nm,absorbance,999.5313738242293
1008.791,1.611247,7ab8b416-1f33-4997-becf-fc15c458fba0,H2O,3423,nm,absorbance,999.6981286108729
1008.958,-2.9983569999999995,7ab8b416-1f33-4997-becf-fc15c458fba0,H2O,3424,nm,absorbance,999.8638908095007
1009.125,-5.024769999999999,7ab8b416-1f33-4997-becf-fc15c458fba0,H2O,3425,nm,absorbance,1000.0296530081287
1009.292,-5.992648,7ab8b416-1f33-4997-becf-fc15c458fba0,H2O,3426,nm,absorbance,1000.1954152067566
1009.459,-3.277013,7ab8b416-1f33-4997-becf-fc15c458fba0,H2O,3427,nm,absorbance,1000.3611774053844
1009.627,0.3400470000000001,7ab8b416-1f33-4997-becf-fc15c458fba0,H2O,3428,nm,absorbance,1000.527932192028
1009.794,-0.842835,7ab8b416-1f33-4997-becf-fc15c458fba0,H2O,3429,nm,absorbance,1000.6936943906559
1009.961,-5.155097,7ab8b416-1f33-4997-becf-fc15c458fba0,H2O,3430,nm,absorbance,1000.8594565892838
1010.128,-3.209073,7ab8b416-1f33-4997-becf-fc15c458fba0,H2O,3431,nm,absorbance,1001.0252187879117
1010.295,-0.066499,7ab8b416-1f33-4997-becf-fc15c458fba0,H2O,3432,nm,absorbance,1001.1909809865396
1010.462,5.790934999999999,7ab8b416-1f33-4997-becf-fc15c458fba0,H2O,3433,nm,absorbance,1001.3567431851675
1010.629,0.927569,7ab8b416-1f33-4997-becf-fc15c458fba0,H2O,3434,nm,absorbance,1001.5225053837954
1010.796,-3.294252,7ab8b416-1f33-4997-becf-fc15c458fba0,H2O,3435,nm,absorbance,1001.6882675824232
1010.963,-4.911302999999999,7ab8b416-1f33-4997-becf-fc15c458fba0,H2O,3436,nm,absorbance,1001.854029781051
1011.13,-1.501767,7ab8b416-1f33-4997-becf-fc15c458fba0,H2O,3437,nm,absorbance,1002.019791979679
1011.297,-1.166274,7ab8b416-1f33-4997-becf-fc15c458fba0,H2O,3438,nm,absorbance,1002.1855541783069
1011.464,-0.69071,7ab8b416-1f33-4997-becf-fc15c458fba0,H2O,3439,nm,absorbance,1002.3513163769348
1011.631,-1.6783050000000004,7ab8b416-1f33-4997-becf-fc15c458fba0,H2O,3440,nm,absorbance,1002.5170785755627
1011.798,1.532785,7ab8b416-1f33-4997-becf-fc15c458fba0,H2O,3441,nm,absorbance,1002.6828407741906
1011.965,0.8681660000000001,7ab8b416-1f33-4997-becf-fc15c458fba0,H2O,3442,nm,absorbance,1002.8486029728184
1012.132,4.724200000000001,7ab8b416-1f33-4997-becf-fc15c458fba0,H2O,3443,nm,absorbance,1003.0143651714462
1012.299,4.3945170000000005,7ab8b416-1f33-4997-becf-fc15c458fba0,H2O,3444,nm,absorbance,1003.1801273700742
1012.466,5.962097999999999,7ab8b416-1f33-4997-becf-fc15c458fba0,H2O,3445,nm,absorbance,1003.3458895687021
1012.633,2.340686,7ab8b416-1f33-4997-becf-fc15c458fba0,H2O,3446,nm,absorbance,1003.51165176733
1012.799,3.1071070000000005,7ab8b416-1f33-4997-becf-fc15c458fba0,H2O,3447,nm,absorbance,1003.6764213779421
1012.966,2.068029,7ab8b416-1f33-4997-becf-fc15c458fba0,H2O,3448,nm,absorbance,1003.84218357657
1013.133,-1.2757919999999998,7ab8b416-1f33-4997-becf-fc15c458fba0,H2O,3449,nm,absorbance,1004.0079457751979
1013.3,-0.603909,7ab8b416-1f33-4997-becf-fc15c458fba0,H2O,3450,nm,absorbance,1004.1737079738257
1013.467,-2.195147,7ab8b416-1f33-4997-becf-fc15c458fba0,H2O,3451,nm,absorbance,1004.3394701724536
1013.633,-0.405873,7ab8b416-1f33-4997-becf-fc15c458fba0,H2O,3452,nm,absorbance,1004.5042397830658
1013.8,-1.882791,7ab8b416-1f33-4997-becf-fc15c458fba0,H2O,3453,nm,absorbance,1004.6700019816936
1013.967,-0.572459,7ab8b416-1f33-4997-becf-fc15c458fba0,H2O,3454,nm,absorbance,1004.8357641803216
1014.134,-0.780862,7ab8b416-1f33-4997-becf-fc15c458fba0,H2O,3455,nm,absorbance,1005.0015263789495
1014.3,-0.6406499999999998,7ab8b416-1f33-4997-becf-fc15c458fba0,H2O,3456,nm,absorbance,1005.1662959895616
1014.467,0.940752,7ab8b416-1f33-4997-becf-fc15c458fba0,H2O,3457,nm,absorbance,1005.3320581881894
1014.634,1.122817,7ab8b416-1f33-4997-becf-fc15c458fba0,H2O,3458,nm,absorbance,1005.4978203868174
1014.8,-1.98376,7ab8b416-1f33-4997-becf-fc15c458fba0,H2O,3459,nm,absorbance,1005.6625899974294
1014.967,-5.794488,7ab8b416-1f33-4997-becf-fc15c458fba0,H2O,3460,nm,absorbance,1005.8283521960574
1015.134,0.7474039999999997,7ab8b416-1f33-4997-becf-fc15c458fba0,H2O,3461,nm,absorbance,1005.9941143946853
1015.3,8.584145000000001,7ab8b416-1f33-4997-becf-fc15c458fba0,H2O,3462,nm,absorbance,1006.1588840052974
1015.467,14.794631,7ab8b416-1f33-4997-becf-fc15c458fba0,H2O,3463,nm,absorbance,1006.3246462039253
1015.633,15.195686,7ab8b416-1f33-4997-becf-fc15c458fba0,H2O,3464,nm,absorbance,1006.4894158145376
1015.8,10.75541,7ab8b416-1f33-4997-becf-fc15c458fba0,H2O,3465,nm,absorbance,1006.6551780131653
1015.966,5.399019999999999,7ab8b416-1f33-4997-becf-fc15c458fba0,H2O,3466,nm,absorbance,1006.8199476237775
1016.133,-0.3994240000000001,7ab8b416-1f33-4997-becf-fc15c458fba0,H2O,3467,nm,absorbance,1006.9857098224054
1016.3,5.87872,7ab8b416-1f33-4997-becf-fc15c458fba0,H2O,3468,nm,absorbance,1007.1514720210332
1016.466,7.586633999999999,7ab8b416-1f33-4997-becf-fc15c458fba0,H2O,3469,nm,absorbance,1007.3162416316454
1016.632,9.917092,7ab8b416-1f33-4997-becf-fc15c458fba0,H2O,3470,nm,absorbance,1007.4810112422575
1016.799,0.845576,7ab8b416-1f33-4997-becf-fc15c458fba0,H2O,3471,nm,absorbance,1007.6467734408855
1016.965,0.2228130000000002,7ab8b416-1f33-4997-becf-fc15c458fba0,H2O,3472,nm,absorbance,1007.8115430514977
1017.132,-0.116367,7ab8b416-1f33-4997-becf-fc15c458fba0,H2O,3473,nm,absorbance,1007.9773052501254
1017.298,1.5818930000000002,7ab8b416-1f33-4997-becf-fc15c458fba0,H2O,3474,nm,absorbance,1008.1420748607376
1017.465,-0.177398,7ab8b416-1f33-4997-becf-fc15c458fba0,H2O,3475,nm,absorbance,1008.3078370593655
1017.631,-2.208283,7ab8b416-1f33-4997-becf-fc15c458fba0,H2O,3476,nm,absorbance,1008.4726066699776
1017.797,0.324475,7ab8b416-1f33-4997-becf-fc15c458fba0,H2O,3477,nm,absorbance,1008.6373762805898
1017.964,2.8793650000000004,7ab8b416-1f33-4997-becf-fc15c458fba0,H2O,3478,nm,absorbance,1008.8031384792178
1018.13,3.821549,7ab8b416-1f33-4997-becf-fc15c458fba0,H2O,3479,nm,absorbance,1008.9679080898298
1018.296,1.911034,7ab8b416-1f33-4997-becf-fc15c458fba0,H2O,3480,nm,absorbance,1009.1326777004421
1018.463,1.3439070000000002,7ab8b416-1f33-4997-becf-fc15c458fba0,H2O,3481,nm,absorbance,1009.2984398990699
1018.629,6.840978000000002,7ab8b416-1f33-4997-becf-fc15c458fba0,H2O,3482,nm,absorbance,1009.4632095096821
1018.795,4.36041,7ab8b416-1f33-4997-becf-fc15c458fba0,H2O,3483,nm,absorbance,1009.6279791202941
1018.961,1.518342,7ab8b416-1f33-4997-becf-fc15c458fba0,H2O,3484,nm,absorbance,1009.7927487309063
1019.128,-4.62071,7ab8b416-1f33-4997-becf-fc15c458fba0,H2O,3485,nm,absorbance,1009.9585109295342
1019.294,-1.8007380000000002,7ab8b416-1f33-4997-becf-fc15c458fba0,H2O,3486,nm,absorbance,1010.1232805401463
1019.46,3.512618,7ab8b416-1f33-4997-becf-fc15c458fba0,H2O,3487,nm,absorbance,1010.2880501507585
1019.626,3.0005340000000005,7ab8b416-1f33-4997-becf-fc15c458fba0,H2O,3488,nm,absorbance,1010.4528197613706
1019.792,5.979159,7ab8b416-1f33-4997-becf-fc15c458fba0,H2O,3489,nm,absorbance,1010.6175893719828
1019.959,7.43404,7ab8b416-1f33-4997-becf-fc15c458fba0,H2O,3490,nm,absorbance,1010.7833515706106
1020.125,6.603259000000001,7ab8b416-1f33-4997-becf-fc15c458fba0,H2O,3491,nm,absorbance,1010.9481211812229
1020.291,5.301027,7ab8b416-1f33-4997-becf-fc15c458fba0,H2O,3492,nm,absorbance,1011.1128907918351
1020.457,2.958667,7ab8b416-1f33-4997-becf-fc15c458fba0,H2O,3493,nm,absorbance,1011.2776604024472
1020.623,4.894323000000001,7ab8b416-1f33-4997-becf-fc15c458fba0,H2O,3494,nm,absorbance,1011.4424300130593
1020.789,4.587427000000001,7ab8b416-1f33-4997-becf-fc15c458fba0,H2O,3495,nm,absorbance,1011.6071996236714
1020.955,0.4515039999999999,7ab8b416-1f33-4997-becf-fc15c458fba0,H2O,3496,nm,absorbance,1011.7719692342836
1021.121,2.8239930000000006,7ab8b416-1f33-4997-becf-fc15c458fba0,H2O,3497,nm,absorbance,1011.9367388448957
1021.287,-1.371755,7ab8b416-1f33-4997-becf-fc15c458fba0,H2O,3498,nm,absorbance,1012.1015084555079
1021.453,0.906452,7ab8b416-1f33-4997-becf-fc15c458fba0,H2O,3499,nm,absorbance,1012.26627806612
1021.619,2.124289,7ab8b416-1f33-4997-becf-fc15c458fba0,H2O,3500,nm,absorbance,1012.4310476767322
1021.785,1.56036,7ab8b416-1f33-4997-becf-fc15c458fba0,H2O,3501,nm,absorbance,1012.5958172873443
1021.951,2.32989,7ab8b416-1f33-4997-becf-fc15c458fba0,H2O,3502,nm,absorbance,1012.7605868979565
1022.117,-1.83362,7ab8b416-1f33-4997-becf-fc15c458fba0,H2O,3503,nm,absorbance,1012.9253565085686
1022.283,-0.7414150000000002,7ab8b416-1f33-4997-becf-fc15c458fba0,H2O,3504,nm,absorbance,1013.0901261191808
1022.449,-0.1903789999999999,7ab8b416-1f33-4997-becf-fc15c458fba0,H2O,3505,nm,absorbance,1013.2548957297929
1022.615,-0.3044479999999999,7ab8b416-1f33-4997-becf-fc15c458fba0,H2O,3506,nm,absorbance,1013.419665340405
1022.781,1.4812500000000002,7ab8b416-1f33-4997-becf-fc15c458fba0,H2O,3507,nm,absorbance,1013.5844349510171
1022.946,-3.41163,7ab8b416-1f33-4997-becf-fc15c458fba0,H2O,3508,nm,absorbance,1013.7482119736136
1023.112,-5.278415000000001,7ab8b416-1f33-4997-becf-fc15c458fba0,H2O,3509,nm,absorbance,1013.9129815842257
1023.278,-5.001119,7ab8b416-1f33-4997-becf-fc15c458fba0,H2O,3510,nm,absorbance,1014.0777511948379
1023.444,-2.866168,7ab8b416-1f33-4997-becf-fc15c458fba0,H2O,3511,nm,absorbance,1014.24252080545
1023.61,2.133762,7ab8b416-1f33-4997-becf-fc15c458fba0,H2O,3512,nm,absorbance,1014.4072904160622
1023.775,1.1784940000000002,7ab8b416-1f33-4997-becf-fc15c458fba0,H2O,3513,nm,absorbance,1014.5710674386586
1023.941,0.18017,7ab8b416-1f33-4997-becf-fc15c458fba0,H2O,3514,nm,absorbance,1014.7358370492708
1024.107,-2.255687,7ab8b416-1f33-4997-becf-fc15c458fba0,H2O,3515,nm,absorbance,1014.9006066598829
1024.273,1.3905570000000005,7ab8b416-1f33-4997-becf-fc15c458fba0,H2O,3516,nm,absorbance,1015.065376270495
1024.438,4.748608999999999,7ab8b416-1f33-4997-becf-fc15c458fba0,H2O,3517,nm,absorbance,1015.2291532930916
1024.604,8.953211,7ab8b416-1f33-4997-becf-fc15c458fba0,H2O,3518,nm,absorbance,1015.3939229037037
1024.77,-0.0563769999999999,7ab8b416-1f33-4997-becf-fc15c458fba0,H2O,3519,nm,absorbance,1015.5586925143158
1024.935,-2.276273,7ab8b416-1f33-4997-becf-fc15c458fba0,H2O,3520,nm,absorbance,1015.7224695369122
1025.101,-1.822489,7ab8b416-1f33-4997-becf-fc15c458fba0,H2O,3521,nm,absorbance,1015.8872391475244
1025.267,4.796009,7ab8b416-1f33-4997-becf-fc15c458fba0,H2O,3522,nm,absorbance,1016.0520087581365
1025.432,10.505298,7ab8b416-1f33-4997-becf-fc15c458fba0,H2O,3523,nm,absorbance,1016.2157857807329
1025.598,3.9208119999999993,7ab8b416-1f33-4997-becf-fc15c458fba0,H2O,3524,nm,absorbance,1016.380555391345
1025.763,2.157481,7ab8b416-1f33-4997-becf-fc15c458fba0,H2O,3525,nm,absorbance,1016.5443324139413
1025.929,-0.249312,7ab8b416-1f33-4997-becf-fc15c458fba0,H2O,3526,nm,absorbance,1016.7091020245537
1026.095,1.1032050000000002,7ab8b416-1f33-4997-becf-fc15c458fba0,H2O,3527,nm,absorbance,1016.8738716351658
1026.26,0.3301799999999999,7ab8b416-1f33-4997-becf-fc15c458fba0,H2O,3528,nm,absorbance,1017.0376486577621
1026.426,-1.7465959999999998,7ab8b416-1f33-4997-becf-fc15c458fba0,H2O,3529,nm,absorbance,1017.2024182683742
1026.591,-1.818218,7ab8b416-1f33-4997-becf-fc15c458fba0,H2O,3530,nm,absorbance,1017.3661952909706
1026.757,-2.57397,7ab8b416-1f33-4997-becf-fc15c458fba0,H2O,3531,nm,absorbance,1017.5309649015829
1026.922,-1.3384430000000005,7ab8b416-1f33-4997-becf-fc15c458fba0,H2O,3532,nm,absorbance,1017.6947419241793
1027.087,-1.6974310000000004,7ab8b416-1f33-4997-becf-fc15c458fba0,H2O,3533,nm,absorbance,1017.8585189467757
1027.253,-2.277982,7ab8b416-1f33-4997-becf-fc15c458fba0,H2O,3534,nm,absorbance,1018.0232885573878
1027.418,0.592728,7ab8b416-1f33-4997-becf-fc15c458fba0,H2O,3535,nm,absorbance,1018.1870655799842
1027.584,-0.4018059999999999,7ab8b416-1f33-4997-becf-fc15c458fba0,H2O,3536,nm,absorbance,1018.3518351905965
1027.749,4.882315,7ab8b416-1f33-4997-becf-fc15c458fba0,H2O,3537,nm,absorbance,1018.5156122131929
1027.914,6.509155000000002,7ab8b416-1f33-4997-becf-fc15c458fba0,H2O,3538,nm,absorbance,1018.6793892357892
1028.08,10.653102,7ab8b416-1f33-4997-becf-fc15c458fba0,H2O,3539,nm,absorbance,1018.8441588464013
1028.245,3.82769,7ab8b416-1f33-4997-becf-fc15c458fba0,H2O,3540,nm,absorbance,1019.0079358689977
1028.41,1.892944,7ab8b416-1f33-4997-becf-fc15c458fba0,H2O,3541,nm,absorbance,1019.1717128915943
1028.576,1.107142,7ab8b416-1f33-4997-becf-fc15c458fba0,H2O,3542,nm,absorbance,1019.3364825022064
1028.741,8.466629000000001,7ab8b416-1f33-4997-becf-fc15c458fba0,H2O,3543,nm,absorbance,1019.5002595248028
1028.906,4.316190999999999,7ab8b416-1f33-4997-becf-fc15c458fba0,H2O,3544,nm,absorbance,1019.6640365473992
1029.072,1.623493,7ab8b416-1f33-4997-becf-fc15c458fba0,H2O,3545,nm,absorbance,1019.8288061580112
1029.237,-1.30947,7ab8b416-1f33-4997-becf-fc15c458fba0,H2O,3546,nm,absorbance,1019.9925831806078
1029.402,-2.03235,7ab8b416-1f33-4997-becf-fc15c458fba0,H2O,3547,nm,absorbance,1020.1563602032041
1029.567,-0.040421,7ab8b416-1f33-4997-becf-fc15c458fba0,H2O,3548,nm,absorbance,1020.3201372258005
1029.732,0.1909119999999999,7ab8b416-1f33-4997-becf-fc15c458fba0,H2O,3549,nm,absorbance,1020.4839142483969
1029.898,3.759876,7ab8b416-1f33-4997-becf-fc15c458fba0,H2O,3550,nm,absorbance,1020.648683859009
1030.063,2.009085,7ab8b416-1f33-4997-becf-fc15c458fba0,H2O,3551,nm,absorbance,1020.8124608816056
1030.228,-1.253127,7ab8b416-1f33-4997-becf-fc15c458fba0,H2O,3552,nm,absorbance,1020.976237904202
1030.393,-4.891471,7ab8b416-1f33-4997-becf-fc15c458fba0,H2O,3553,nm,absorbance,1021.1400149267984
1030.558,-2.88316,7ab8b416-1f33-4997-becf-fc15c458fba0,H2O,3554,nm,absorbance,1021.3037919493947
1030.723,-0.895528,7ab8b416-1f33-4997-becf-fc15c458fba0,H2O,3555,nm,absorbance,1021.4675689719911
1030.888,-1.117174,7ab8b416-1f33-4997-becf-fc15c458fba0,H2O,3556,nm,absorbance,1021.6313459945875
1031.053,-0.223964,7ab8b416-1f33-4997-becf-fc15c458fba0,H2O,3557,nm,absorbance,1021.7951230171841
1031.218,-1.912135,7ab8b416-1f33-4997-becf-fc15c458fba0,H2O,3558,nm,absorbance,1021.9589000397805
1031.383,0.953365,7ab8b416-1f33-4997-becf-fc15c458fba0,H2O,3559,nm,absorbance,1022.1226770623769
1031.548,0.6603939999999999,7ab8b416-1f33-4997-becf-fc15c458fba0,H2O,3560,nm,absorbance,1022.2864540849732
1031.713,2.094347,7ab8b416-1f33-4997-becf-fc15c458fba0,H2O,3561,nm,absorbance,1022.4502311075697
1031.878,-0.0441289999999998,7ab8b416-1f33-4997-becf-fc15c458fba0,H2O,3562,nm,absorbance,1022.6140081301661
1032.043,-1.540926,7ab8b416-1f33-4997-becf-fc15c458fba0,H2O,3563,nm,absorbance,1022.7777851527625
1032.208,5.387855,7ab8b416-1f33-4997-becf-fc15c458fba0,H2O,3564,nm,absorbance,1022.9415621753591
1032.373,8.252739,7ab8b416-1f33-4997-becf-fc15c458fba0,H2O,3565,nm,absorbance,1023.1053391979555
1032.538,11.186582,7ab8b416-1f33-4997-becf-fc15c458fba0,H2O,3566,nm,absorbance,1023.2691162205518
1032.703,2.8211120000000003,7ab8b416-1f33-4997-becf-fc15c458fba0,H2O,3567,nm,absorbance,1023.4328932431482
1032.868,5.350526,7ab8b416-1f33-4997-becf-fc15c458fba0,H2O,3568,nm,absorbance,1023.5966702657446
1033.033,-3.597222,7ab8b416-1f33-4997-becf-fc15c458fba0,H2O,3569,nm,absorbance,1023.760447288341
1033.198,-2.01382,7ab8b416-1f33-4997-becf-fc15c458fba0,H2O,3570,nm,absorbance,1023.9242243109376
1033.362,-6.299612000000001,7ab8b416-1f33-4997-becf-fc15c458fba0,H2O,3571,nm,absorbance,1024.0870087455182
1033.527,-1.7457310000000004,7ab8b416-1f33-4997-becf-fc15c458fba0,H2O,3572,nm,absorbance,1024.2507857681146
1033.692,1.213963,7ab8b416-1f33-4997-becf-fc15c458fba0,H2O,3573,nm,absorbance,1024.414562790711
1033.857,-0.7678909999999999,7ab8b416-1f33-4997-becf-fc15c458fba0,H2O,3574,nm,absorbance,1024.5783398133074
1034.021,1.7678090000000002,7ab8b416-1f33-4997-becf-fc15c458fba0,H2O,3575,nm,absorbance,1024.7411242478881
1034.186,0.4837309999999999,7ab8b416-1f33-4997-becf-fc15c458fba0,H2O,3576,nm,absorbance,1024.9049012704845
1034.351,3.2251419999999995,7ab8b416-1f33-4997-becf-fc15c458fba0,H2O,3577,nm,absorbance,1025.0686782930811
1034.516,3.994254,7ab8b416-1f33-4997-becf-fc15c458fba0,H2O,3578,nm,absorbance,1025.2324553156775
1034.68,1.725224,7ab8b416-1f33-4997-becf-fc15c458fba0,H2O,3579,nm,absorbance,1025.395239750258
1034.845,-1.165904,7ab8b416-1f33-4997-becf-fc15c458fba0,H2O,3580,nm,absorbance,1025.5590167728544
1035.01,0.722694,7ab8b416-1f33-4997-becf-fc15c458fba0,H2O,3581,nm,absorbance,1025.7227937954508
1035.174,2.081962,7ab8b416-1f33-4997-becf-fc15c458fba0,H2O,3582,nm,absorbance,1025.8855782300316
1035.339,2.114215,7ab8b416-1f33-4997-becf-fc15c458fba0,H2O,3583,nm,absorbance,1026.049355252628
1035.504,1.1866309999999998,7ab8b416-1f33-4997-becf-fc15c458fba0,H2O,3584,nm,absorbance,1026.2131322752243
1035.668,6.234301,7ab8b416-1f33-4997-becf-fc15c458fba0,H2O,3585,nm,absorbance,1026.3759167098049
1035.833,8.036891999999998,7ab8b416-1f33-4997-becf-fc15c458fba0,H2O,3586,nm,absorbance,1026.5396937324015
1035.997,5.768957,7ab8b416-1f33-4997-becf-fc15c458fba0,H2O,3587,nm,absorbance,1026.7024781669822
1036.162,4.308625999999999,7ab8b416-1f33-4997-becf-fc15c458fba0,H2O,3588,nm,absorbance,1026.8662551895786
1036.326,0.7094849999999997,7ab8b416-1f33-4997-becf-fc15c458fba0,H2O,3589,nm,absorbance,1027.0290396241592
1036.491,-1.692721,7ab8b416-1f33-4997-becf-fc15c458fba0,H2O,3590,nm,absorbance,1027.1928166467555
1036.655,-3.04763,7ab8b416-1f33-4997-becf-fc15c458fba0,H2O,3591,nm,absorbance,1027.3556010813363
1036.82,4.452893,7ab8b416-1f33-4997-becf-fc15c458fba0,H2O,3592,nm,absorbance,1027.5193781039327
1036.984,7.558922,7ab8b416-1f33-4997-becf-fc15c458fba0,H2O,3593,nm,absorbance,1027.6821625385132
1037.149,3.240412,7ab8b416-1f33-4997-becf-fc15c458fba0,H2O,3594,nm,absorbance,1027.8459395611096
1037.313,-1.13016,7ab8b416-1f33-4997-becf-fc15c458fba0,H2O,3595,nm,absorbance,1028.0087239956906
1037.478,-5.19442,7ab8b416-1f33-4997-becf-fc15c458fba0,H2O,3596,nm,absorbance,1028.172501018287
1037.642,-0.8062190000000001,7ab8b416-1f33-4997-becf-fc15c458fba0,H2O,3597,nm,absorbance,1028.3352854528675
1037.807,-0.5358550000000001,7ab8b416-1f33-4997-becf-fc15c458fba0,H2O,3598,nm,absorbance,1028.499062475464
1037.971,1.602419,7ab8b416-1f33-4997-becf-fc15c458fba0,H2O,3599,nm,absorbance,1028.6618469100447
1038.135,0.428526,7ab8b416-1f33-4997-becf-fc15c458fba0,H2O,3600,nm,absorbance,1028.8246313446252
1038.3,0.317905,7ab8b416-1f33-4997-becf-fc15c458fba0,H2O,3601,nm,absorbance,1028.9884083672216
1038.464,3.225685,7ab8b416-1f33-4997-becf-fc15c458fba0,H2O,3602,nm,absorbance,1029.1511928018024
1038.628,1.888958,7ab8b416-1f33-4997-becf-fc15c458fba0,H2O,3603,nm,absorbance,1029.313977236383
1038.792,5.384104000000001,7ab8b416-1f33-4997-becf-fc15c458fba0,H2O,3604,nm,absorbance,1029.4767616709637
1038.957,5.542750000000001,7ab8b416-1f33-4997-becf-fc15c458fba0,H2O,3605,nm,absorbance,1029.6405386935603
1039.121,5.682568999999999,7ab8b416-1f33-4997-becf-fc15c458fba0,H2O,3606,nm,absorbance,1029.8033231281408
1039.285,1.375531,7ab8b416-1f33-4997-becf-fc15c458fba0,H2O,3607,nm,absorbance,1029.9661075627216
1039.449,0.0266809999999999,7ab8b416-1f33-4997-becf-fc15c458fba0,H2O,3608,nm,absorbance,1030.1288919973022
1039.614,-0.038269,7ab8b416-1f33-4997-becf-fc15c458fba0,H2O,3609,nm,absorbance,1030.2926690198985
1039.778,-4.1727050000000006,7ab8b416-1f33-4997-becf-fc15c458fba0,H2O,3610,nm,absorbance,1030.4554534544793
1039.942,-7.17136,7ab8b416-1f33-4997-becf-fc15c458fba0,H2O,3611,nm,absorbance,1030.6182378890599
1040.106,-8.869523,7ab8b416-1f33-4997-becf-fc15c458fba0,H2O,3612,nm,absorbance,1030.7810223236406
1040.27,-3.5322150000000008,7ab8b416-1f33-4997-becf-fc15c458fba0,H2O,3613,nm,absorbance,1030.9438067582212
1040.434,-1.172278,7ab8b416-1f33-4997-becf-fc15c458fba0,H2O,3614,nm,absorbance,1031.106591192802
1040.599,6.313270000000001,7ab8b416-1f33-4997-becf-fc15c458fba0,H2O,3615,nm,absorbance,1031.2703682153983
1040.763,10.066743999999998,7ab8b416-1f33-4997-becf-fc15c458fba0,H2O,3616,nm,absorbance,1031.433152649979
1040.927,12.097566,7ab8b416-1f33-4997-becf-fc15c458fba0,H2O,3617,nm,absorbance,1031.5959370845596
1041.091,6.7503020000000005,7ab8b416-1f33-4997-becf-fc15c458fba0,H2O,3618,nm,absorbance,1031.7587215191404
1041.255,3.593414,7ab8b416-1f33-4997-becf-fc15c458fba0,H2O,3619,nm,absorbance,1031.9215059537212
1041.419,1.947022,7ab8b416-1f33-4997-becf-fc15c458fba0,H2O,3620,nm,absorbance,1032.084290388302
1041.583,-0.0183799999999999,7ab8b416-1f33-4997-becf-fc15c458fba0,H2O,3621,nm,absorbance,1032.2470748228825
1041.747,-1.078005,7ab8b416-1f33-4997-becf-fc15c458fba0,H2O,3622,nm,absorbance,1032.4098592574633
1041.911,-2.8904180000000004,7ab8b416-1f33-4997-becf-fc15c458fba0,H2O,3623,nm,absorbance,1032.5726436920438
1042.075,-3.278809,7ab8b416-1f33-4997-becf-fc15c458fba0,H2O,3624,nm,absorbance,1032.7354281266246
1042.239,-1.851357,7ab8b416-1f33-4997-becf-fc15c458fba0,H2O,3625,nm,absorbance,1032.8982125612051
1042.403,-0.8766999999999999,7ab8b416-1f33-4997-becf-fc15c458fba0,H2O,3626,nm,absorbance,1033.060996995786
1042.567,4.6483810000000005,7ab8b416-1f33-4997-becf-fc15c458fba0,H2O,3627,nm,absorbance,1033.2237814303664
1042.731,3.856909,7ab8b416-1f33-4997-becf-fc15c458fba0,H2O,3628,nm,absorbance,1033.3865658649472
1042.894,2.4362280000000007,7ab8b416-1f33-4997-becf-fc15c458fba0,H2O,3629,nm,absorbance,1033.5483577115122
1043.058,0.262812,7ab8b416-1f33-4997-becf-fc15c458fba0,H2O,3630,nm,absorbance,1033.7111421460927
1043.222,-4.990387999999999,7ab8b416-1f33-4997-becf-fc15c458fba0,H2O,3631,nm,absorbance,1033.8739265806735
1043.386,-4.994204,7ab8b416-1f33-4997-becf-fc15c458fba0,H2O,3632,nm,absorbance,1034.036711015254
1043.55,-9.101248000000002,7ab8b416-1f33-4997-becf-fc15c458fba0,H2O,3633,nm,absorbance,1034.1994954498348
1043.714,-0.6822420000000001,7ab8b416-1f33-4997-becf-fc15c458fba0,H2O,3634,nm,absorbance,1034.3622798844156
1043.877,2.156905,7ab8b416-1f33-4997-becf-fc15c458fba0,H2O,3635,nm,absorbance,1034.5240717309805
1044.041,3.769774,7ab8b416-1f33-4997-becf-fc15c458fba0,H2O,3636,nm,absorbance,1034.686856165561
1044.205,2.576297,7ab8b416-1f33-4997-becf-fc15c458fba0,H2O,3637,nm,absorbance,1034.8496406001418
1044.369,4.181111,7ab8b416-1f33-4997-becf-fc15c458fba0,H2O,3638,nm,absorbance,1035.0124250347224
1044.532,4.2727070000000005,7ab8b416-1f33-4997-becf-fc15c458fba0,H2O,3639,nm,absorbance,1035.1742168812873
1044.696,2.616589,7ab8b416-1f33-4997-becf-fc15c458fba0,H2O,3640,nm,absorbance,1035.337001315868
1044.86,-2.510902,7ab8b416-1f33-4997-becf-fc15c458fba0,H2O,3641,nm,absorbance,1035.4997857504486
1045.023,-2.931622,7ab8b416-1f33-4997-becf-fc15c458fba0,H2O,3642,nm,absorbance,1035.6615775970135
1045.187,-5.930354,7ab8b416-1f33-4997-becf-fc15c458fba0,H2O,3643,nm,absorbance,1035.8243620315943
1045.351,-1.494167,7ab8b416-1f33-4997-becf-fc15c458fba0,H2O,3644,nm,absorbance,1035.987146466175
1045.514,1.719723,7ab8b416-1f33-4997-becf-fc15c458fba0,H2O,3645,nm,absorbance,1036.1489383127398
1045.678,5.872389,7ab8b416-1f33-4997-becf-fc15c458fba0,H2O,3646,nm,absorbance,1036.3117227473208
1045.841,5.488648,7ab8b416-1f33-4997-becf-fc15c458fba0,H2O,3647,nm,absorbance,1036.4735145938855
