wavelength_nm,intensity,spectrum_id,spectrum_name,point_index,x_unit,y_unit,wavelength_calibrated_nm
345.386,174.347132,67caaf87-34fd-412f-8ebc-f0eb37aa8292,Helium Lamp,0,nm,absorbance,341.21027603164254
345.605,174.347132,67caaf87-34fd-412f-8ebc-f0eb37aa8292,Helium Lamp,1,nm,absorbance,341.4276528070887
345.824,174.347132,67caaf87-34fd-412f-8ebc-f0eb37aa8292,Helium Lamp,2,nm,absorbance,341.6450295825348
346.044,140.639797,67caaf87-34fd-412f-8ebc-f0eb37aa8292,Helium Lamp,3,nm,absorbance,341.86339894599666
346.263,145.365316,67caaf87-34fd-412f-8ebc-f0eb37aa8292,Helium Lamp,4,nm,absorbance,342.0807757214428
346.482,-6.096693,67caaf87-34fd-412f-8ebc-f0eb37aa8292,Helium Lamp,5,nm,absorbance,342.29815249688903
346.701,-5.303308,67caaf87-34fd-412f-8ebc-f0eb37aa8292,Helium Lamp,6,nm,absorbance,342.51552927233513
346.92,11.940166,67caaf87-34fd-412f-8ebc-f0eb37aa8292,Helium Lamp,7,nm,absorbance,342.7329060477813
347.139,1.560883,67caaf87-34fd-412f-8ebc-f0eb37aa8292,Helium Lamp,8,nm,absorbance,342.95028282322744
347.358,-5.001248000000001,67caaf87-34fd-412f-8ebc-f0eb37aa8292,Helium Lamp,9,nm,absorbance,343.1676595986736
347.577,-91.46278300000002,67caaf87-34fd-412f-8ebc-f0eb37aa8292,Helium Lamp,10,nm,absorbance,343.3850363741197
347.796,32.672627,67caaf87-34fd-412f-8ebc-f0eb37aa8292,Helium Lamp,11,nm,absorbance,343.60241314956585
348.015,12.114809,67caaf87-34fd-412f-8ebc-f0eb37aa8292,Helium Lamp,12,nm,absorbance,343.819789925012
348.234,-4.961454000000001,67caaf87-34fd-412f-8ebc-f0eb37aa8292,Helium Lamp,13,nm,absorbance,344.03716670045816
348.453,60.166348000000006,67caaf87-34fd-412f-8ebc-f0eb37aa8292,Helium Lamp,14,nm,absorbance,344.25454347590426
348.672,-15.578494,67caaf87-34fd-412f-8ebc-f0eb37aa8292,Helium Lamp,15,nm,absorbance,344.47192025135047
348.891,10.188547,67caaf87-34fd-412f-8ebc-f0eb37aa8292,Helium Lamp,16,nm,absorbance,344.6892970267966
349.11,19.541836,67caaf87-34fd-412f-8ebc-f0eb37aa8292,Helium Lamp,17,nm,absorbance,344.9066738022428
349.329,-9.046024,67caaf87-34fd-412f-8ebc-f0eb37aa8292,Helium Lamp,18,nm,absorbance,345.12405057768893
349.548,69.27202300000002,67caaf87-34fd-412f-8ebc-f0eb37aa8292,Helium Lamp,19,nm,absorbance,345.34142735313503
349.767,-31.109538,67caaf87-34fd-412f-8ebc-f0eb37aa8292,Helium Lamp,20,nm,absorbance,345.5588041285812
349.986,38.729362,67caaf87-34fd-412f-8ebc-f0eb37aa8292,Helium Lamp,21,nm,absorbance,345.77618090402734
350.205,7.798852999999999,67caaf87-34fd-412f-8ebc-f0eb37aa8292,Helium Lamp,22,nm,absorbance,345.9935576794735
350.424,78.752545,67caaf87-34fd-412f-8ebc-f0eb37aa8292,Helium Lamp,23,nm,absorbance,346.2109344549196
350.643,70.29856399999998,67caaf87-34fd-412f-8ebc-f0eb37aa8292,Helium Lamp,24,nm,absorbance,346.42831123036575
350.862,16.836901,67caaf87-34fd-412f-8ebc-f0eb37aa8292,Helium Lamp,25,nm,absorbance,346.64568800581196
351.08,-35.511903000000004,67caaf87-34fd-412f-8ebc-f0eb37aa8292,Helium Lamp,26,nm,absorbance,346.86207219324234
351.299,-38.003877,67caaf87-34fd-412f-8ebc-f0eb37aa8292,Helium Lamp,27,nm,absorbance,347.0794489686885
351.518,12.924022,67caaf87-34fd-412f-8ebc-f0eb37aa8292,Helium Lamp,28,nm,absorbance,347.2968257441346
351.737,14.647662,67caaf87-34fd-412f-8ebc-f0eb37aa8292,Helium Lamp,29,nm,absorbance,347.5142025195808
351.956,-12.017112,67caaf87-34fd-412f-8ebc-f0eb37aa8292,Helium Lamp,30,nm,absorbance,347.73157929502696
352.174,16.234659999999998,67caaf87-34fd-412f-8ebc-f0eb37aa8292,Helium Lamp,31,nm,absorbance,347.94796348245734
352.393,30.217147,67caaf87-34fd-412f-8ebc-f0eb37aa8292,Helium Lamp,32,nm,absorbance,348.16534025790344
352.612,40.830729000000005,67caaf87-34fd-412f-8ebc-f0eb37aa8292,Helium Lamp,33,nm,absorbance,348.38271703334965
352.831,-21.877846,67caaf87-34fd-412f-8ebc-f0eb37aa8292,Helium Lamp,34,nm,absorbance,348.6000938087958
353.049,55.655719,67caaf87-34fd-412f-8ebc-f0eb37aa8292,Helium Lamp,35,nm,absorbance,348.8164779962262
353.268,-10.083131,67caaf87-34fd-412f-8ebc-f0eb37aa8292,Helium Lamp,36,nm,absorbance,349.03385477167234
353.487,17.210209,67caaf87-34fd-412f-8ebc-f0eb37aa8292,Helium Lamp,37,nm,absorbance,349.2512315471185
353.705,70.006327,67caaf87-34fd-412f-8ebc-f0eb37aa8292,Helium Lamp,38,nm,absorbance,349.4676157345489
353.924,43.447714000000005,67caaf87-34fd-412f-8ebc-f0eb37aa8292,Helium Lamp,39,nm,absorbance,349.684992509995
354.143,12.866378000000005,67caaf87-34fd-412f-8ebc-f0eb37aa8292,Helium Lamp,40,nm,absorbance,349.9023692854412
354.361,44.880172,67caaf87-34fd-412f-8ebc-f0eb37aa8292,Helium Lamp,41,nm,absorbance,350.1187534728716
354.58,11.319505,67caaf87-34fd-412f-8ebc-f0eb37aa8292,Helium Lamp,42,nm,absorbance,350.3361302483177
354.798,22.798656,67caaf87-34fd-412f-8ebc-f0eb37aa8292,Helium Lamp,43,nm,absorbance,350.55251443574815
355.017,-39.023328,67caaf87-34fd-412f-8ebc-f0eb37aa8292,Helium Lamp,44,nm,absorbance,350.7698912111943
355.236,21.176772000000003,67caaf87-34fd-412f-8ebc-f0eb37aa8292,Helium Lamp,45,nm,absorbance,350.98726798664046
355.454,48.383524,67caaf87-34fd-412f-8ebc-f0eb37aa8292,Helium Lamp,46,nm,absorbance,351.2036521740709
355.673,22.398796,67caaf87-34fd-412f-8ebc-f0eb37aa8292,Helium Lamp,47,nm,absorbance,351.42102894951705
355.891,-32.041297,67caaf87-34fd-412f-8ebc-f0eb37aa8292,Helium Lamp,48,nm,absorbance,351.63741313694743
356.11,36.69450199999999,67caaf87-34fd-412f-8ebc-f0eb37aa8292,Helium Lamp,49,nm,absorbance,351.8547899123936
356.328,34.809501999999995,67caaf87-34fd-412f-8ebc-f0eb37aa8292,Helium Lamp,50,nm,absorbance,352.07117409982396
356.547,14.791509,67caaf87-34fd-412f-8ebc-f0eb37aa8292,Helium Lamp,51,nm,absorbance,352.2885508752702
356.765,15.22286,67caaf87-34fd-412f-8ebc-f0eb37aa8292,Helium Lamp,52,nm,absorbance,352.50493506270055
356.984,8.768548999999998,67caaf87-34fd-412f-8ebc-f0eb37aa8292,Helium Lamp,53,nm,absorbance,352.7223118381467
357.202,15.996703,67caaf87-34fd-412f-8ebc-f0eb37aa8292,Helium Lamp,54,nm,absorbance,352.9386960255771
357.42,35.30195199999999,67caaf87-34fd-412f-8ebc-f0eb37aa8292,Helium Lamp,55,nm,absorbance,353.1550802130075
357.639,-1.3822299999999998,67caaf87-34fd-412f-8ebc-f0eb37aa8292,Helium Lamp,56,nm,absorbance,353.3724569884537
357.857,-32.487728,67caaf87-34fd-412f-8ebc-f0eb37aa8292,Helium Lamp,57,nm,absorbance,353.5888411758841
358.076,15.758309000000002,67caaf87-34fd-412f-8ebc-f0eb37aa8292,Helium Lamp,58,nm,absorbance,353.80621795133027
358.294,22.729978,67caaf87-34fd-412f-8ebc-f0eb37aa8292,Helium Lamp,59,nm,absorbance,354.02260213876065
358.512,31.289658000000003,67caaf87-34fd-412f-8ebc-f0eb37aa8292,Helium Lamp,60,nm,absorbance,354.2389863261911
358.731,-6.603191,67caaf87-34fd-412f-8ebc-f0eb37aa8292,Helium Lamp,61,nm,absorbance,354.4563631016372
358.949,38.592674,67caaf87-34fd-412f-8ebc-f0eb37aa8292,Helium Lamp,62,nm,absorbance,354.6727472890676
359.167,-19.992458,67caaf87-34fd-412f-8ebc-f0eb37aa8292,Helium Lamp,63,nm,absorbance,354.889131476498
359.386,-59.184522,67caaf87-34fd-412f-8ebc-f0eb37aa8292,Helium Lamp,64,nm,absorbance,355.1065082519442
359.604,48.62661799999999,67caaf87-34fd-412f-8ebc-f0eb37aa8292,Helium Lamp,65,nm,absorbance,355.3228924393746
359.822,-12.642646,67caaf87-34fd-412f-8ebc-f0eb37aa8292,Helium Lamp,66,nm,absorbance,355.539276626805
360.04,16.758872999999998,67caaf87-34fd-412f-8ebc-f0eb37aa8292,Helium Lamp,67,nm,absorbance,355.75566081423545
360.259,43.25421,67caaf87-34fd-412f-8ebc-f0eb37aa8292,Helium Lamp,68,nm,absorbance,355.97303758968155
360.477,-7.598293,67caaf87-34fd-412f-8ebc-f0eb37aa8292,Helium Lamp,69,nm,absorbance,356.18942177711193
360.695,10.997667,67caaf87-34fd-412f-8ebc-f0eb37aa8292,Helium Lamp,70,nm,absorbance,356.40580596454237
360.913,-36.422231,67caaf87-34fd-412f-8ebc-f0eb37aa8292,Helium Lamp,71,nm,absorbance,356.6221901519728
361.131,-2.359903,67caaf87-34fd-412f-8ebc-f0eb37aa8292,Helium Lamp,72,nm,absorbance,356.8385743394032
361.35,-21.243433,67caaf87-34fd-412f-8ebc-f0eb37aa8292,Helium Lamp,73,nm,absorbance,357.0559511148494
361.568,36.96567499999999,67caaf87-34fd-412f-8ebc-f0eb37aa8292,Helium Lamp,74,nm,absorbance,357.27233530227977
361.786,-1.92036,67caaf87-34fd-412f-8ebc-f0eb37aa8292,Helium Lamp,75,nm,absorbance,357.48871948971015
362.004,-48.911064,67caaf87-34fd-412f-8ebc-f0eb37aa8292,Helium Lamp,76,nm,absorbance,357.7051036771406
362.222,39.129636000000005,67caaf87-34fd-412f-8ebc-f0eb37aa8292,Helium Lamp,77,nm,absorbance,357.92148786457096
362.44,3.0171530000000004,67caaf87-34fd-412f-8ebc-f0eb37aa8292,Helium Lamp,78,nm,absorbance,358.1378720520014
362.658,29.012787999999997,67caaf87-34fd-412f-8ebc-f0eb37aa8292,Helium Lamp,79,nm,absorbance,358.35425623943183
362.876,-27.53178,67caaf87-34fd-412f-8ebc-f0eb37aa8292,Helium Lamp,80,nm,absorbance,358.5706404268622
363.094,-5.947669,67caaf87-34fd-412f-8ebc-f0eb37aa8292,Helium Lamp,81,nm,absorbance,358.78702461429265
363.312,-1.6270130000000005,67caaf87-34fd-412f-8ebc-f0eb37aa8292,Helium Lamp,82,nm,absorbance,359.0034088017231
363.53,-29.8758,67caaf87-34fd-412f-8ebc-f0eb37aa8292,Helium Lamp,83,nm,absorbance,359.21979298915346
363.749,-28.470812,67caaf87-34fd-412f-8ebc-f0eb37aa8292,Helium Lamp,84,nm,absorbance,359.4371697645996
363.967,5.677643000000001,67caaf87-34fd-412f-8ebc-f0eb37aa8292,Helium Lamp,85,nm,absorbance,359.65355395203
364.184,17.637908,67caaf87-34fd-412f-8ebc-f0eb37aa8292,Helium Lamp,86,nm,absorbance,359.8689455514447
364.402,-19.816012,67caaf87-34fd-412f-8ebc-f0eb37aa8292,Helium Lamp,87,nm,absorbance,360.0853297388751
364.62,14.555553999999995,67caaf87-34fd-412f-8ebc-f0eb37aa8292,Helium Lamp,88,nm,absorbance,360.3017139263055
364.838,28.247990000000005,67caaf87-34fd-412f-8ebc-f0eb37aa8292,Helium Lamp,89,nm,absorbance,360.51809811373596
365.056,24.165977,67caaf87-34fd-412f-8ebc-f0eb37aa8292,Helium Lamp,90,nm,absorbance,360.73448230116634
365.274,15.312226999999998,67caaf87-34fd-412f-8ebc-f0eb37aa8292,Helium Lamp,91,nm,absorbance,360.9508664885968
365.492,29.114747,67caaf87-34fd-412f-8ebc-f0eb37aa8292,Helium Lamp,92,nm,absorbance,361.1672506760272
365.71,3.3111170000000003,67caaf87-34fd-412f-8ebc-f0eb37aa8292,Helium Lamp,93,nm,absorbance,361.3836348634576
365.928,-24.245605,67caaf87-34fd-412f-8ebc-f0eb37aa8292,Helium Lamp,94,nm,absorbance,361.60001905088797
366.146,27.667842,67caaf87-34fd-412f-8ebc-f0eb37aa8292,Helium Lamp,95,nm,absorbance,361.8164032383184
366.364,-40.44348,67caaf87-34fd-412f-8ebc-f0eb37aa8292,Helium Lamp,96,nm,absorbance,362.0327874257488
366.581,35.785242,67caaf87-34fd-412f-8ebc-f0eb37aa8292,Helium Lamp,97,nm,absorbance,362.2481790251635
366.799,-7.758070999999999,67caaf87-34fd-412f-8ebc-f0eb37aa8292,Helium Lamp,98,nm,absorbance,362.4645632125939
367.017,19.656401,67caaf87-34fd-412f-8ebc-f0eb37aa8292,Helium Lamp,99,nm,absorbance,362.6809474000243
367.235,54.683868,67caaf87-34fd-412f-8ebc-f0eb37aa8292,Helium Lamp,100,nm,absorbance,362.89733158745474
367.453,-13.130617999999998,67caaf87-34fd-412f-8ebc-f0eb37aa8292,Helium Lamp,101,nm,absorbance,363.1137157748851
367.67,9.77327,67caaf87-34fd-412f-8ebc-f0eb37aa8292,Helium Lamp,102,nm,absorbance,363.32910737429984
367.888,87.61691300000003,67caaf87-34fd-412f-8ebc-f0eb37aa8292,Helium Lamp,103,nm,absorbance,363.5454915617302
368.106,11.025667,67caaf87-34fd-412f-8ebc-f0eb37aa8292,Helium Lamp,104,nm,absorbance,363.76187574916065
368.323,-172.32561200000004,67caaf87-34fd-412f-8ebc-f0eb37aa8292,Helium Lamp,105,nm,absorbance,363.9772673485753
368.541,29.30334,67caaf87-34fd-412f-8ebc-f0eb37aa8292,Helium Lamp,106,nm,absorbance,364.19365153600575
368.759,46.239941,67caaf87-34fd-412f-8ebc-f0eb37aa8292,Helium Lamp,107,nm,absorbance,364.4100357234362
368.977,10.174817,67caaf87-34fd-412f-8ebc-f0eb37aa8292,Helium Lamp,108,nm,absorbance,364.6264199108665
369.194,26.044999,67caaf87-34fd-412f-8ebc-f0eb37aa8292,Helium Lamp,109,nm,absorbance,364.8418115102812
369.412,61.664666,67caaf87-34fd-412f-8ebc-f0eb37aa8292,Helium Lamp,110,nm,absorbance,365.0581956977116
369.629,7.340044000000001,67caaf87-34fd-412f-8ebc-f0eb37aa8292,Helium Lamp,111,nm,absorbance,365.2735872971263
369.847,-68.15856299999999,67caaf87-34fd-412f-8ebc-f0eb37aa8292,Helium Lamp,112,nm,absorbance,365.4899714845567
370.065,22.678771,67caaf87-34fd-412f-8ebc-f0eb37aa8292,Helium Lamp,113,nm,absorbance,365.7063556719871
370.282,52.318277,67caaf87-34fd-412f-8ebc-f0eb37aa8292,Helium Lamp,114,nm,absorbance,365.9217472714018
370.5,22.014223,67caaf87-34fd-412f-8ebc-f0eb37aa8292,Helium Lamp,115,nm,absorbance,366.1381314588322
370.717,12.600011,67caaf87-34fd-412f-8ebc-f0eb37aa8292,Helium Lamp,116,nm,absorbance,366.3535230582469
370.935,17.711008999999997,67caaf87-34fd-412f-8ebc-f0eb37aa8292,Helium Lamp,117,nm,absorbance,366.5699072456773
371.152,58.147586,67caaf87-34fd-412f-8ebc-f0eb37aa8292,Helium Lamp,118,nm,absorbance,366.785298845092
371.37,28.283276,67caaf87-34fd-412f-8ebc-f0eb37aa8292,Helium Lamp,119,nm,absorbance,367.0016830325224
371.588,16.316436,67caaf87-34fd-412f-8ebc-f0eb37aa8292,Helium Lamp,120,nm,absorbance,367.21806721995284
371.805,58.879385,67caaf87-34fd-412f-8ebc-f0eb37aa8292,Helium Lamp,121,nm,absorbance,367.4334588193675
372.022,-19.420098,67caaf87-34fd-412f-8ebc-f0eb37aa8292,Helium Lamp,122,nm,absorbance,367.64885041878216
372.24,16.915906999999997,67caaf87-34fd-412f-8ebc-f0eb37aa8292,Helium Lamp,123,nm,absorbance,367.8652346062126
372.457,-5.380025999999999,67caaf87-34fd-412f-8ebc-f0eb37aa8292,Helium Lamp,124,nm,absorbance,368.08062620562725
372.675,43.998997,67caaf87-34fd-412f-8ebc-f0eb37aa8292,Helium Lamp,125,nm,absorbance,368.2970103930577
372.892,70.49633299999998,67caaf87-34fd-412f-8ebc-f0eb37aa8292,Helium Lamp,126,nm,absorbance,368.51240199247235
373.11,23.682694,67caaf87-34fd-412f-8ebc-f0eb37aa8292,Helium Lamp,127,nm,absorbance,368.7287861799028
373.327,73.187183,67caaf87-34fd-412f-8ebc-f0eb37aa8292,Helium Lamp,128,nm,absorbance,368.94417777931744
373.544,50.609447,67caaf87-34fd-412f-8ebc-f0eb37aa8292,Helium Lamp,129,nm,absorbance,369.1595693787321
373.762,16.561214999999997,67caaf87-34fd-412f-8ebc-f0eb37aa8292,Helium Lamp,130,nm,absorbance,369.37595356616254
373.979,1.0915629999999998,67caaf87-34fd-412f-8ebc-f0eb37aa8292,Helium Lamp,131,nm,absorbance,369.5913451655772
374.196,52.507986,67caaf87-34fd-412f-8ebc-f0eb37aa8292,Helium Lamp,132,nm,absorbance,369.8067367649919
374.414,8.473735999999999,67caaf87-34fd-412f-8ebc-f0eb37aa8292,Helium Lamp,133,nm,absorbance,370.0231209524223
374.631,-8.185228999999998,67caaf87-34fd-412f-8ebc-f0eb37aa8292,Helium Lamp,134,nm,absorbance,370.23851255183695
374.848,28.362654000000003,67caaf87-34fd-412f-8ebc-f0eb37aa8292,Helium Lamp,135,nm,absorbance,370.45390415125166
375.066,6.771376999999999,67caaf87-34fd-412f-8ebc-f0eb37aa8292,Helium Lamp,136,nm,absorbance,370.670288338682
375.283,20.976049,67caaf87-34fd-412f-8ebc-f0eb37aa8292,Helium Lamp,137,nm,absorbance,370.88567993809676
375.5,62.99851600000001,67caaf87-34fd-412f-8ebc-f0eb37aa8292,Helium Lamp,138,nm,absorbance,371.1010715375114
375.717,4.073805999999999,67caaf87-34fd-412f-8ebc-f0eb37aa8292,Helium Lamp,139,nm,absorbance,371.3164631369261
375.935,31.419768,67caaf87-34fd-412f-8ebc-f0eb37aa8292,Helium Lamp,140,nm,absorbance,371.53284732435645
376.152,24.537512,67caaf87-34fd-412f-8ebc-f0eb37aa8292,Helium Lamp,141,nm,absorbance,371.74823892377117
376.369,-3.884241,67caaf87-34fd-412f-8ebc-f0eb37aa8292,Helium Lamp,142,nm,absorbance,371.9636305231859
376.586,98.984953,67caaf87-34fd-412f-8ebc-f0eb37aa8292,Helium Lamp,143,nm,absorbance,372.17902212260054
376.803,-11.674353,67caaf87-34fd-412f-8ebc-f0eb37aa8292,Helium Lamp,144,nm,absorbance,372.3944137220152
377.02,-16.198177,67caaf87-34fd-412f-8ebc-f0eb37aa8292,Helium Lamp,145,nm,absorbance,372.60980532142986
377.238,25.286538,67caaf87-34fd-412f-8ebc-f0eb37aa8292,Helium Lamp,146,nm,absorbance,372.8261895088603
377.455,39.444881,67caaf87-34fd-412f-8ebc-f0eb37aa8292,Helium Lamp,147,nm,absorbance,373.04158110827495
377.672,-11.262968,67caaf87-34fd-412f-8ebc-f0eb37aa8292,Helium Lamp,148,nm,absorbance,373.25697270768967
377.889,46.346331000000006,67caaf87-34fd-412f-8ebc-f0eb37aa8292,Helium Lamp,149,nm,absorbance,373.4723643071043
378.106,55.295023,67caaf87-34fd-412f-8ebc-f0eb37aa8292,Helium Lamp,150,nm,absorbance,373.687755906519
378.323,62.890961,67caaf87-34fd-412f-8ebc-f0eb37aa8292,Helium Lamp,151,nm,absorbance,373.90314750593365
378.54,34.728541,67caaf87-34fd-412f-8ebc-f0eb37aa8292,Helium Lamp,152,nm,absorbance,374.11853910534836
378.757,-69.069922,67caaf87-34fd-412f-8ebc-f0eb37aa8292,Helium Lamp,153,nm,absorbance,374.333930704763
378.974,35.434443,67caaf87-34fd-412f-8ebc-f0eb37aa8292,Helium Lamp,154,nm,absorbance,374.5493223041777
379.191,30.318991,67caaf87-34fd-412f-8ebc-f0eb37aa8292,Helium Lamp,155,nm,absorbance,374.76471390359234
379.408,56.817527,67caaf87-34fd-412f-8ebc-f0eb37aa8292,Helium Lamp,156,nm,absorbance,374.98010550300705
379.625,16.786437999999997,67caaf87-34fd-412f-8ebc-f0eb37aa8292,Helium Lamp,157,nm,absorbance,375.1954971024217
379.842,9.265169,67caaf87-34fd-412f-8ebc-f0eb37aa8292,Helium Lamp,158,nm,absorbance,375.41088870183637
380.059,65.941008,67caaf87-34fd-412f-8ebc-f0eb37aa8292,Helium Lamp,159,nm,absorbance,375.6262803012511
380.276,22.313217,67caaf87-34fd-412f-8ebc-f0eb37aa8292,Helium Lamp,160,nm,absorbance,375.84167190066574
380.493,32.432869,67caaf87-34fd-412f-8ebc-f0eb37aa8292,Helium Lamp,161,nm,absorbance,376.0570635000804
380.71,4.248741,67caaf87-34fd-412f-8ebc-f0eb37aa8292,Helium Lamp,162,nm,absorbance,376.27245509949506
380.927,-5.976397,67caaf87-34fd-412f-8ebc-f0eb37aa8292,Helium Lamp,163,nm,absorbance,376.4878466989098
381.143,-0.1700169999999999,67caaf87-34fd-412f-8ebc-f0eb37aa8292,Helium Lamp,164,nm,absorbance,376.70224571030866
381.36,31.832815,67caaf87-34fd-412f-8ebc-f0eb37aa8292,Helium Lamp,165,nm,absorbance,376.9176373097234
381.577,10.114884,67caaf87-34fd-412f-8ebc-f0eb37aa8292,Helium Lamp,166,nm,absorbance,377.13302890913803
381.794,-11.253227,67caaf87-34fd-412f-8ebc-f0eb37aa8292,Helium Lamp,167,nm,absorbance,377.3484205085527
382.011,-3.834881,67caaf87-34fd-412f-8ebc-f0eb37aa8292,Helium Lamp,168,nm,absorbance,377.5638121079674
382.228,-5.291943000000001,67caaf87-34fd-412f-8ebc-f0eb37aa8292,Helium Lamp,169,nm,absorbance,377.77920370738207
382.444,3.886454000000001,67caaf87-34fd-412f-8ebc-f0eb37aa8292,Helium Lamp,170,nm,absorbance,377.993602718781
382.661,57.625925,67caaf87-34fd-412f-8ebc-f0eb37aa8292,Helium Lamp,171,nm,absorbance,378.2089943181957
382.878,22.151288,67caaf87-34fd-412f-8ebc-f0eb37aa8292,Helium Lamp,172,nm,absorbance,378.4243859176104
383.095,88.593618,67caaf87-34fd-412f-8ebc-f0eb37aa8292,Helium Lamp,173,nm,absorbance,378.6397775170251
383.311,12.138814,67caaf87-34fd-412f-8ebc-f0eb37aa8292,Helium Lamp,174,nm,absorbance,378.854176528424
383.528,53.133264,67caaf87-34fd-412f-8ebc-f0eb37aa8292,Helium Lamp,175,nm,absorbance,379.0695681278387
383.745,89.17030199999999,67caaf87-34fd-412f-8ebc-f0eb37aa8292,Helium Lamp,176,nm,absorbance,379.28495972725335
383.962,27.467654000000003,67caaf87-34fd-412f-8ebc-f0eb37aa8292,Helium Lamp,177,nm,absorbance,379.500351326668
384.178,36.746042,67caaf87-34fd-412f-8ebc-f0eb37aa8292,Helium Lamp,178,nm,absorbance,379.71475033806695
384.395,67.048619,67caaf87-34fd-412f-8ebc-f0eb37aa8292,Helium Lamp,179,nm,absorbance,379.9301419374816
384.612,66.19234300000001,67caaf87-34fd-412f-8ebc-f0eb37aa8292,Helium Lamp,180,nm,absorbance,380.1455335368963
384.828,-32.355842,67caaf87-34fd-412f-8ebc-f0eb37aa8292,Helium Lamp,181,nm,absorbance,380.3599325482952
385.045,63.50613400000001,67caaf87-34fd-412f-8ebc-f0eb37aa8292,Helium Lamp,182,nm,absorbance,380.5753241477099
385.261,-24.835692,67caaf87-34fd-412f-8ebc-f0eb37aa8292,Helium Lamp,183,nm,absorbance,380.78972315910886
385.478,85.46307199999998,67caaf87-34fd-412f-8ebc-f0eb37aa8292,Helium Lamp,184,nm,absorbance,381.0051147585235
385.695,50.773907,67caaf87-34fd-412f-8ebc-f0eb37aa8292,Helium Lamp,185,nm,absorbance,381.2205063579382
385.911,47.61044,67caaf87-34fd-412f-8ebc-f0eb37aa8292,Helium Lamp,186,nm,absorbance,381.4349053693372
386.128,44.98372500000001,67caaf87-34fd-412f-8ebc-f0eb37aa8292,Helium Lamp,187,nm,absorbance,381.65029696875183
386.344,54.16372100000001,67caaf87-34fd-412f-8ebc-f0eb37aa8292,Helium Lamp,188,nm,absorbance,381.86469598015077
386.561,95.914388,67caaf87-34fd-412f-8ebc-f0eb37aa8292,Helium Lamp,189,nm,absorbance,382.08008757956543
386.777,45.000615,67caaf87-34fd-412f-8ebc-f0eb37aa8292,Helium Lamp,190,nm,absorbance,382.29448659096437
386.994,69.060255,67caaf87-34fd-412f-8ebc-f0eb37aa8292,Helium Lamp,191,nm,absorbance,382.5098781903791
387.21,51.254899,67caaf87-34fd-412f-8ebc-f0eb37aa8292,Helium Lamp,192,nm,absorbance,382.72427720177797
387.427,132.891978,67caaf87-34fd-412f-8ebc-f0eb37aa8292,Helium Lamp,193,nm,absorbance,382.9396688011927
387.643,161.558866,67caaf87-34fd-412f-8ebc-f0eb37aa8292,Helium Lamp,194,nm,absorbance,383.15406781259156
387.86,194.365413,67caaf87-34fd-412f-8ebc-f0eb37aa8292,Helium Lamp,195,nm,absorbance,383.3694594120063
388.076,180.478488,67caaf87-34fd-412f-8ebc-f0eb37aa8292,Helium Lamp,196,nm,absorbance,383.5838584234053
388.292,213.324058,67caaf87-34fd-412f-8ebc-f0eb37aa8292,Helium Lamp,197,nm,absorbance,383.79825743480416
388.509,246.781624,67caaf87-34fd-412f-8ebc-f0eb37aa8292,Helium Lamp,198,nm,absorbance,384.0136490342189
388.725,374.928178,67caaf87-34fd-412f-8ebc-f0eb37aa8292,Helium Lamp,199,nm,absorbance,384.2280480456178
388.942,425.436237,67caaf87-34fd-412f-8ebc-f0eb37aa8292,Helium Lamp,200,nm,absorbance,384.44343964503247
389.158,509.72259900000006,67caaf87-34fd-412f-8ebc-f0eb37aa8292,Helium Lamp,201,nm,absorbance,384.6578386564314
389.374,611.9064850000001,67caaf87-34fd-412f-8ebc-f0eb37aa8292,Helium Lamp,202,nm,absorbance,384.87223766783035
389.591,620.748106,67caaf87-34fd-412f-8ebc-f0eb37aa8292,Helium Lamp,203,nm,absorbance,385.087629267245
389.807,693.7001779999999,67caaf87-34fd-412f-8ebc-f0eb37aa8292,Helium Lamp,204,nm,absorbance,385.30202827864395
390.023,724.2218379999999,67caaf87-34fd-412f-8ebc-f0eb37aa8292,Helium Lamp,205,nm,absorbance,385.51642729004294
390.239,785.6564400000001,67caaf87-34fd-412f-8ebc-f0eb37aa8292,Helium Lamp,206,nm,absorbance,385.7308263014418
390.456,870.230623,67caaf87-34fd-412f-8ebc-f0eb37aa8292,Helium Lamp,207,nm,absorbance,385.94621790085654
390.672,878.382136,67caaf87-34fd-412f-8ebc-f0eb37aa8292,Helium Lamp,208,nm,absorbance,386.1606169122555
390.888,936.010443,67caaf87-34fd-412f-8ebc-f0eb37aa8292,Helium Lamp,209,nm,absorbance,386.37501592365436
391.104,951.173037,67caaf87-34fd-412f-8ebc-f0eb37aa8292,Helium Lamp,210,nm,absorbance,386.5894149350533
391.321,874.8733550000001,67caaf87-34fd-412f-8ebc-f0eb37aa8292,Helium Lamp,211,nm,absorbance,386.804806534468
391.537,1039.694719,67caaf87-34fd-412f-8ebc-f0eb37aa8292,Helium Lamp,212,nm,absorbance,387.01920554586695
391.753,985.1877149999998,67caaf87-34fd-412f-8ebc-f0eb37aa8292,Helium Lamp,213,nm,absorbance,387.2336045572659
391.969,1009.981413,67caaf87-34fd-412f-8ebc-f0eb37aa8292,Helium Lamp,214,nm,absorbance,387.44800356866483
392.185,1119.371047,67caaf87-34fd-412f-8ebc-f0eb37aa8292,Helium Lamp,215,nm,absorbance,387.66240258006377
392.401,1136.350355,67caaf87-34fd-412f-8ebc-f0eb37aa8292,Helium Lamp,216,nm,absorbance,387.8768015914627
392.618,1129.378779,67caaf87-34fd-412f-8ebc-f0eb37aa8292,Helium Lamp,217,nm,absorbance,388.09219319087737
392.834,1049.88005,67caaf87-34fd-412f-8ebc-f0eb37aa8292,Helium Lamp,218,nm,absorbance,388.3065922022763
393.05,1119.043953,67caaf87-34fd-412f-8ebc-f0eb37aa8292,Helium Lamp,219,nm,absorbance,388.5209912136753
393.266,1067.846489,67caaf87-34fd-412f-8ebc-f0eb37aa8292,Helium Lamp,220,nm,absorbance,388.73539022507424
393.482,1102.366316,67caaf87-34fd-412f-8ebc-f0eb37aa8292,Helium Lamp,221,nm,absorbance,388.9497892364732
393.698,1099.282969,67caaf87-34fd-412f-8ebc-f0eb37aa8292,Helium Lamp,222,nm,absorbance,389.16418824787206
393.914,1035.273302,67caaf87-34fd-412f-8ebc-f0eb37aa8292,Helium Lamp,223,nm,absorbance,389.378587259271
394.13,1135.291861,67caaf87-34fd-412f-8ebc-f0eb37aa8292,Helium Lamp,224,nm,absorbance,389.59298627066994
394.346,1010.108771,67caaf87-34fd-412f-8ebc-f0eb37aa8292,Helium Lamp,225,nm,absorbance,389.8073852820689
394.562,1088.987141,67caaf87-34fd-412f-8ebc-f0eb37aa8292,Helium Lamp,226,nm,absorbance,390.0217842934679
394.778,1117.921988,67caaf87-34fd-412f-8ebc-f0eb37aa8292,Helium Lamp,227,nm,absorbance,390.2361833048668
394.994,1101.742607,67caaf87-34fd-412f-8ebc-f0eb37aa8292,Helium Lamp,228,nm,absorbance,390.45058231626575
395.21,1124.844514,67caaf87-34fd-412f-8ebc-f0eb37aa8292,Helium Lamp,229,nm,absorbance,390.66498132766463
395.426,1165.69172,67caaf87-34fd-412f-8ebc-f0eb37aa8292,Helium Lamp,230,nm,absorbance,390.8793803390636
395.642,1189.796712,67caaf87-34fd-412f-8ebc-f0eb37aa8292,Helium Lamp,231,nm,absorbance,391.0937793504625
395.858,1184.129367,67caaf87-34fd-412f-8ebc-f0eb37aa8292,Helium Lamp,232,nm,absorbance,391.3081783618615
396.073,1098.150654,67caaf87-34fd-412f-8ebc-f0eb37aa8292,Helium Lamp,233,nm,absorbance,391.52158478524467
396.289,1086.334389,67caaf87-34fd-412f-8ebc-f0eb37aa8292,Helium Lamp,234,nm,absorbance,391.7359837966436
396.505,1064.222216,67caaf87-34fd-412f-8ebc-f0eb37aa8292,Helium Lamp,235,nm,absorbance,391.95038280804255
396.721,1024.476694,67caaf87-34fd-412f-8ebc-f0eb37aa8292,Helium Lamp,236,nm,absorbance,392.1647818194415
396.937,936.261178,67caaf87-34fd-412f-8ebc-f0eb37aa8292,Helium Lamp,237,nm,absorbance,392.3791808308405
397.153,826.784303,67caaf87-34fd-412f-8ebc-f0eb37aa8292,Helium Lamp,238,nm,absorbance,392.5935798422394
397.369,800.0288330000001,67caaf87-34fd-412f-8ebc-f0eb37aa8292,Helium Lamp,239,nm,absorbance,392.80797885363836
397.584,758.249109,67caaf87-34fd-412f-8ebc-f0eb37aa8292,Helium Lamp,240,nm,absorbance,393.0213852770215
397.8,581.132018,67caaf87-34fd-412f-8ebc-f0eb37aa8292,Helium Lamp,241,nm,absorbance,393.23578428842046
398.016,439.85599,67caaf87-34fd-412f-8ebc-f0eb37aa8292,Helium Lamp,242,nm,absorbance,393.45018329981946
398.232,385.505307,67caaf87-34fd-412f-8ebc-f0eb37aa8292,Helium Lamp,243,nm,absorbance,393.6645823112184
398.447,210.671435,67caaf87-34fd-412f-8ebc-f0eb37aa8292,Helium Lamp,244,nm,absorbance,393.87798873460156
398.663,175.84599899999998,67caaf87-34fd-412f-8ebc-f0eb37aa8292,Helium Lamp,245,nm,absorbance,394.0923877460005
398.879,118.858234,67caaf87-34fd-412f-8ebc-f0eb37aa8292,Helium Lamp,246,nm,absorbance,394.30678675739944
399.094,32.438325,67caaf87-34fd-412f-8ebc-f0eb37aa8292,Helium Lamp,247,nm,absorbance,394.52019318078266
399.31,52.320809,67caaf87-34fd-412f-8ebc-f0eb37aa8292,Helium Lamp,248,nm,absorbance,394.7345921921816
399.526,23.681787,67caaf87-34fd-412f-8ebc-f0eb37aa8292,Helium Lamp,249,nm,absorbance,394.94899120358053
399.741,26.337152000000003,67caaf87-34fd-412f-8ebc-f0eb37aa8292,Helium Lamp,250,nm,absorbance,395.1623976269637
399.957,44.178632,67caaf87-34fd-412f-8ebc-f0eb37aa8292,Helium Lamp,251,nm,absorbance,395.37679663836263
400.173,80.43139300000001,67caaf87-34fd-412f-8ebc-f0eb37aa8292,Helium Lamp,252,nm,absorbance,395.59119564976163
400.388,33.577968,67caaf87-34fd-412f-8ebc-f0eb37aa8292,Helium Lamp,253,nm,absorbance,395.8046020731448
400.604,61.52140200000001,67caaf87-34fd-412f-8ebc-f0eb37aa8292,Helium Lamp,254,nm,absorbance,396.01900108454373
400.82,49.03831100000001,67caaf87-34fd-412f-8ebc-f0eb37aa8292,Helium Lamp,255,nm,absorbance,396.23340009594267
401.035,48.037119,67caaf87-34fd-412f-8ebc-f0eb37aa8292,Helium Lamp,256,nm,absorbance,396.4468065193259
401.251,-7.836263999999998,67caaf87-34fd-412f-8ebc-f0eb37aa8292,Helium Lamp,257,nm,absorbance,396.6612055307248
401.466,95.291254,67caaf87-34fd-412f-8ebc-f0eb37aa8292,Helium Lamp,258,nm,absorbance,396.87461195410805
401.682,62.334482,67caaf87-34fd-412f-8ebc-f0eb37aa8292,Helium Lamp,259,nm,absorbance,397.089010965507
401.897,42.029986,67caaf87-34fd-412f-8ebc-f0eb37aa8292,Helium Lamp,260,nm,absorbance,397.30241738889015
402.113,39.96883,67caaf87-34fd-412f-8ebc-f0eb37aa8292,Helium Lamp,261,nm,absorbance,397.51681640028914
402.328,95.718703,67caaf87-34fd-412f-8ebc-f0eb37aa8292,Helium Lamp,262,nm,absorbance,397.7302228236723
402.544,88.33676399999999,67caaf87-34fd-412f-8ebc-f0eb37aa8292,Helium Lamp,263,nm,absorbance,397.94462183507125
402.759,76.328214,67caaf87-34fd-412f-8ebc-f0eb37aa8292,Helium Lamp,264,nm,absorbance,398.15802825845446
402.974,76.317674,67caaf87-34fd-412f-8ebc-f0eb37aa8292,Helium Lamp,265,nm,absorbance,398.3714346818377
403.19,26.256948000000005,67caaf87-34fd-412f-8ebc-f0eb37aa8292,Helium Lamp,266,nm,absorbance,398.5858336932366
403.405,80.94028800000001,67caaf87-34fd-412f-8ebc-f0eb37aa8292,Helium Lamp,267,nm,absorbance,398.7992401166198
403.621,65.90400500000001,67caaf87-34fd-412f-8ebc-f0eb37aa8292,Helium Lamp,268,nm,absorbance,399.0136391280187
403.836,39.13204700000001,67caaf87-34fd-412f-8ebc-f0eb37aa8292,Helium Lamp,269,nm,absorbance,399.227045551402
404.051,101.481698,67caaf87-34fd-412f-8ebc-f0eb37aa8292,Helium Lamp,270,nm,absorbance,399.44045197478516
404.267,54.15216,67caaf87-34fd-412f-8ebc-f0eb37aa8292,Helium Lamp,271,nm,absorbance,399.6548509861841
404.482,48.902522,67caaf87-34fd-412f-8ebc-f0eb37aa8292,Helium Lamp,272,nm,absorbance,399.8682574095673
404.697,28.64306,67caaf87-34fd-412f-8ebc-f0eb37aa8292,Helium Lamp,273,nm,absorbance,400.08166383295054
404.913,59.324302,67caaf87-34fd-412f-8ebc-f0eb37aa8292,Helium Lamp,274,nm,absorbance,400.2960628443495
405.128,88.999865,67caaf87-34fd-412f-8ebc-f0eb37aa8292,Helium Lamp,275,nm,absorbance,400.50946926773264
405.343,82.223437,67caaf87-34fd-412f-8ebc-f0eb37aa8292,Helium Lamp,276,nm,absorbance,400.72287569111586
405.559,99.643102,67caaf87-34fd-412f-8ebc-f0eb37aa8292,Helium Lamp,277,nm,absorbance,400.9372747025148
405.774,91.733914,67caaf87-34fd-412f-8ebc-f0eb37aa8292,Helium Lamp,278,nm,absorbance,401.150681125898
405.989,89.557689,67caaf87-34fd-412f-8ebc-f0eb37aa8292,Helium Lamp,279,nm,absorbance,401.3640875492812
406.204,54.892587000000006,67caaf87-34fd-412f-8ebc-f0eb37aa8292,Helium Lamp,280,nm,absorbance,401.5774939726644
406.42,85.094762,67caaf87-34fd-412f-8ebc-f0eb37aa8292,Helium Lamp,281,nm,absorbance,401.7918929840634
406.635,82.800356,67caaf87-34fd-412f-8ebc-f0eb37aa8292,Helium Lamp,282,nm,absorbance,402.00529940744656
406.85,-23.04085,67caaf87-34fd-412f-8ebc-f0eb37aa8292,Helium Lamp,283,nm,absorbance,402.2187058308298
407.065,32.165462999999995,67caaf87-34fd-412f-8ebc-f0eb37aa8292,Helium Lamp,284,nm,absorbance,402.43211225421294
407.28,122.774169,67caaf87-34fd-412f-8ebc-f0eb37aa8292,Helium Lamp,285,nm,absorbance,402.64551867759616
407.495,103.74063199999998,67caaf87-34fd-412f-8ebc-f0eb37aa8292,Helium Lamp,286,nm,absorbance,402.8589251009794
407.71,39.865089,67caaf87-34fd-412f-8ebc-f0eb37aa8292,Helium Lamp,287,nm,absorbance,403.07233152436254
407.926,62.13527800000001,67caaf87-34fd-412f-8ebc-f0eb37aa8292,Helium Lamp,288,nm,absorbance,403.2867305357615
408.141,111.760459,67caaf87-34fd-412f-8ebc-f0eb37aa8292,Helium Lamp,289,nm,absorbance,403.50013695914475
408.356,25.43103900000001,67caaf87-34fd-412f-8ebc-f0eb37aa8292,Helium Lamp,290,nm,absorbance,403.7135433825279
408.571,15.345112,67caaf87-34fd-412f-8ebc-f0eb37aa8292,Helium Lamp,291,nm,absorbance,403.92694980591114
408.786,96.852592,67caaf87-34fd-412f-8ebc-f0eb37aa8292,Helium Lamp,292,nm,absorbance,404.14035622929435
409.001,32.18227399999999,67caaf87-34fd-412f-8ebc-f0eb37aa8292,Helium Lamp,293,nm,absorbance,404.3537626526775
409.216,104.710174,67caaf87-34fd-412f-8ebc-f0eb37aa8292,Helium Lamp,294,nm,absorbance,404.56716907606074
409.431,82.90348599999999,67caaf87-34fd-412f-8ebc-f0eb37aa8292,Helium Lamp,295,nm,absorbance,404.78057549944396
409.646,32.908804,67caaf87-34fd-412f-8ebc-f0eb37aa8292,Helium Lamp,296,nm,absorbance,404.9939819228272
409.861,55.703274,67caaf87-34fd-412f-8ebc-f0eb37aa8292,Helium Lamp,297,nm,absorbance,405.20738834621034
410.076,12.02582,67caaf87-34fd-412f-8ebc-f0eb37aa8292,Helium Lamp,298,nm,absorbance,405.42079476959356
410.291,21.873016,67caaf87-34fd-412f-8ebc-f0eb37aa8292,Helium Lamp,299,nm,absorbance,405.6342011929768
410.506,100.73014,67caaf87-34fd-412f-8ebc-f0eb37aa8292,Helium Lamp,300,nm,absorbance,405.84760761635994
410.721,103.509366,67caaf87-34fd-412f-8ebc-f0eb37aa8292,Helium Lamp,301,nm,absorbance,406.06101403974316
410.936,77.25339,67caaf87-34fd-412f-8ebc-f0eb37aa8292,Helium Lamp,302,nm,absorbance,406.2744204631264
411.15,41.455522,67caaf87-34fd-412f-8ebc-f0eb37aa8292,Helium Lamp,303,nm,absorbance,406.4868342984938
411.365,2.926187,67caaf87-34fd-412f-8ebc-f0eb37aa8292,Helium Lamp,304,nm,absorbance,406.70024072187704
411.58,16.642815,67caaf87-34fd-412f-8ebc-f0eb37aa8292,Helium Lamp,305,nm,absorbance,406.91364714526026
411.795,35.758207,67caaf87-34fd-412f-8ebc-f0eb37aa8292,Helium Lamp,306,nm,absorbance,407.1270535686435
412.01,23.229056,67caaf87-34fd-412f-8ebc-f0eb37aa8292,Helium Lamp,307,nm,absorbance,407.34045999202664
412.225,5.771144,67caaf87-34fd-412f-8ebc-f0eb37aa8292,Helium Lamp,308,nm,absorbance,407.5538664154099
412.439,9.42658,67caaf87-34fd-412f-8ebc-f0eb37aa8292,Helium Lamp,309,nm,absorbance,407.76628025077736
412.654,12.897876,67caaf87-34fd-412f-8ebc-f0eb37aa8292,Helium Lamp,310,nm,absorbance,407.9796866741605
412.869,-10.734241,67caaf87-34fd-412f-8ebc-f0eb37aa8292,Helium Lamp,311,nm,absorbance,408.1930930975438
413.084,49.757394,67caaf87-34fd-412f-8ebc-f0eb37aa8292,Helium Lamp,312,nm,absorbance,408.40649952092696
413.299,17.851475,67caaf87-34fd-412f-8ebc-f0eb37aa8292,Helium Lamp,313,nm,absorbance,408.6199059443101
413.513,-0.8933439999999999,67caaf87-34fd-412f-8ebc-f0eb37aa8292,Helium Lamp,314,nm,absorbance,408.8323197796776
413.728,27.466641,67caaf87-34fd-412f-8ebc-f0eb37aa8292,Helium Lamp,315,nm,absorbance,409.04572620306084
413.943,9.506474,67caaf87-34fd-412f-8ebc-f0eb37aa8292,Helium Lamp,316,nm,absorbance,409.259132626444
414.157,-33.712662,67caaf87-34fd-412f-8ebc-f0eb37aa8292,Helium Lamp,317,nm,absorbance,409.4715464618115
414.372,23.753661,67caaf87-34fd-412f-8ebc-f0eb37aa8292,Helium Lamp,318,nm,absorbance,409.6849528851947
414.587,-7.274554999999999,67caaf87-34fd-412f-8ebc-f0eb37aa8292,Helium Lamp,319,nm,absorbance,409.8983593085779
414.801,18.228886,67caaf87-34fd-412f-8ebc-f0eb37aa8292,Helium Lamp,320,nm,absorbance,410.1107731439454
415.016,-8.917034,67caaf87-34fd-412f-8ebc-f0eb37aa8292,Helium Lamp,321,nm,absorbance,410.3241795673286
415.231,79.52083599999999,67caaf87-34fd-412f-8ebc-f0eb37aa8292,Helium Lamp,322,nm,absorbance,410.53758599071176
415.445,58.829786,67caaf87-34fd-412f-8ebc-f0eb37aa8292,Helium Lamp,323,nm,absorbance,410.74999982607926
415.66,40.87172,67caaf87-34fd-412f-8ebc-f0eb37aa8292,Helium Lamp,324,nm,absorbance,410.9634062494625
415.874,27.842859,67caaf87-34fd-412f-8ebc-f0eb37aa8292,Helium Lamp,325,nm,absorbance,411.1758200848299
416.089,23.762261,67caaf87-34fd-412f-8ebc-f0eb37aa8292,Helium Lamp,326,nm,absorbance,411.38922650821314
416.304,92.032145,67caaf87-34fd-412f-8ebc-f0eb37aa8292,Helium Lamp,327,nm,absorbance,411.6026329315963
416.518,4.560535,67caaf87-34fd-412f-8ebc-f0eb37aa8292,Helium Lamp,328,nm,absorbance,411.81504676696375
416.733,-5.877554999999999,67caaf87-34fd-412f-8ebc-f0eb37aa8292,Helium Lamp,329,nm,absorbance,412.028453190347
416.947,46.598254,67caaf87-34fd-412f-8ebc-f0eb37aa8292,Helium Lamp,330,nm,absorbance,412.24086702571446
417.162,9.085795999999998,67caaf87-34fd-412f-8ebc-f0eb37aa8292,Helium Lamp,331,nm,absorbance,412.4542734490976
417.376,68.972712,67caaf87-34fd-412f-8ebc-f0eb37aa8292,Helium Lamp,332,nm,absorbance,412.6666872844651
417.59,41.197727,67caaf87-34fd-412f-8ebc-f0eb37aa8292,Helium Lamp,333,nm,absorbance,412.87910111983257
417.805,60.154128,67caaf87-34fd-412f-8ebc-f0eb37aa8292,Helium Lamp,334,nm,absorbance,413.09250754321585
418.019,58.841869,67caaf87-34fd-412f-8ebc-f0eb37aa8292,Helium Lamp,335,nm,absorbance,413.3049213785833
418.234,30.51206,67caaf87-34fd-412f-8ebc-f0eb37aa8292,Helium Lamp,336,nm,absorbance,413.51832780196645
418.448,29.744405,67caaf87-34fd-412f-8ebc-f0eb37aa8292,Helium Lamp,337,nm,absorbance,413.73074163733395
418.663,29.661605,67caaf87-34fd-412f-8ebc-f0eb37aa8292,Helium Lamp,338,nm,absorbance,413.94414806071717
418.877,40.89657,67caaf87-34fd-412f-8ebc-f0eb37aa8292,Helium Lamp,339,nm,absorbance,414.1565618960846
419.091,36.527653,67caaf87-34fd-412f-8ebc-f0eb37aa8292,Helium Lamp,340,nm,absorbance,414.3689757314521
419.306,35.682278999999994,67caaf87-34fd-412f-8ebc-f0eb37aa8292,Helium Lamp,341,nm,absorbance,414.5823821548353
419.52,27.409913,67caaf87-34fd-412f-8ebc-f0eb37aa8292,Helium Lamp,342,nm,absorbance,414.7947959902028
419.734,22.121925999999995,67caaf87-34fd-412f-8ebc-f0eb37aa8292,Helium Lamp,343,nm,absorbance,415.0072098255702
419.949,-68.577955,67caaf87-34fd-412f-8ebc-f0eb37aa8292,Helium Lamp,344,nm,absorbance,415.22061624895343
420.163,85.967511,67caaf87-34fd-412f-8ebc-f0eb37aa8292,Helium Lamp,345,nm,absorbance,415.43303008432093
420.377,9.78167,67caaf87-34fd-412f-8ebc-f0eb37aa8292,Helium Lamp,346,nm,absorbance,415.6454439196884
420.591,26.918779,67caaf87-34fd-412f-8ebc-f0eb37aa8292,Helium Lamp,347,nm,absorbance,415.8578577550559
420.806,19.880833000000003,67caaf87-34fd-412f-8ebc-f0eb37aa8292,Helium Lamp,348,nm,absorbance,416.07126417843904
421.02,47.517872,67caaf87-34fd-412f-8ebc-f0eb37aa8292,Helium Lamp,349,nm,absorbance,416.2836780138065
421.234,16.527303999999997,67caaf87-34fd-412f-8ebc-f0eb37aa8292,Helium Lamp,350,nm,absorbance,416.496091849174
421.448,-2.222805,67caaf87-34fd-412f-8ebc-f0eb37aa8292,Helium Lamp,351,nm,absorbance,416.7085056845414
421.663,52.570536,67caaf87-34fd-412f-8ebc-f0eb37aa8292,Helium Lamp,352,nm,absorbance,416.9219121079247
421.877,39.291907,67caaf87-34fd-412f-8ebc-f0eb37aa8292,Helium Lamp,353,nm,absorbance,417.13432594329214
422.091,61.327065000000005,67caaf87-34fd-412f-8ebc-f0eb37aa8292,Helium Lamp,354,nm,absorbance,417.3467397786596
422.305,7.945133,67caaf87-34fd-412f-8ebc-f0eb37aa8292,Helium Lamp,355,nm,absorbance,417.5591536140271
422.519,78.94630299999999,67caaf87-34fd-412f-8ebc-f0eb37aa8292,Helium Lamp,356,nm,absorbance,417.7715674493945
422.733,40.141172000000005,67caaf87-34fd-412f-8ebc-f0eb37aa8292,Helium Lamp,357,nm,absorbance,417.983981284762
422.947,51.873754,67caaf87-34fd-412f-8ebc-f0eb37aa8292,Helium Lamp,358,nm,absorbance,418.19639512012947
423.161,-1.9099620000000008,67caaf87-34fd-412f-8ebc-f0eb37aa8292,Helium Lamp,359,nm,absorbance,418.40880895549697
423.376,59.504042000000005,67caaf87-34fd-412f-8ebc-f0eb37aa8292,Helium Lamp,360,nm,absorbance,418.6222153788801
423.59,-28.602017,67caaf87-34fd-412f-8ebc-f0eb37aa8292,Helium Lamp,361,nm,absorbance,418.83462921424757
423.804,15.074407,67caaf87-34fd-412f-8ebc-f0eb37aa8292,Helium Lamp,362,nm,absorbance,419.04704304961507
424.018,46.48030800000001,67caaf87-34fd-412f-8ebc-f0eb37aa8292,Helium Lamp,363,nm,absorbance,419.2594568849825
424.232,-44.54259,67caaf87-34fd-412f-8ebc-f0eb37aa8292,Helium Lamp,364,nm,absorbance,419.47187072035007
424.446,-41.662928,67caaf87-34fd-412f-8ebc-f0eb37aa8292,Helium Lamp,365,nm,absorbance,419.6842845557175
424.66,15.298931,67caaf87-34fd-412f-8ebc-f0eb37aa8292,Helium Lamp,366,nm,absorbance,419.89669839108495
424.874,24.849,67caaf87-34fd-412f-8ebc-f0eb37aa8292,Helium Lamp,367,nm,absorbance,420.10911222645245
425.088,45.388512,67caaf87-34fd-412f-8ebc-f0eb37aa8292,Helium Lamp,368,nm,absorbance,420.3215260618199
425.302,-149.120249,67caaf87-34fd-412f-8ebc-f0eb37aa8292,Helium Lamp,369,nm,absorbance,420.5339398971874
425.515,48.153355000000005,67caaf87-34fd-412f-8ebc-f0eb37aa8292,Helium Lamp,370,nm,absorbance,420.74536114453906
425.729,-15.055333999999998,67caaf87-34fd-412f-8ebc-f0eb37aa8292,Helium Lamp,371,nm,absorbance,420.95777497990656
425.943,6.663902,67caaf87-34fd-412f-8ebc-f0eb37aa8292,Helium Lamp,372,nm,absorbance,421.170188815274
426.157,31.124573,67caaf87-34fd-412f-8ebc-f0eb37aa8292,Helium Lamp,373,nm,absorbance,421.3826026506415
426.371,-57.159705,67caaf87-34fd-412f-8ebc-f0eb37aa8292,Helium Lamp,374,nm,absorbance,421.59501648600894
426.585,-115.317714,67caaf87-34fd-412f-8ebc-f0eb37aa8292,Helium Lamp,375,nm,absorbance,421.8074303213764
426.799,-15.327645999999998,67caaf87-34fd-412f-8ebc-f0eb37aa8292,Helium Lamp,376,nm,absorbance,422.0198441567439
427.013,47.620141,67caaf87-34fd-412f-8ebc-f0eb37aa8292,Helium Lamp,377,nm,absorbance,422.23225799211133
427.226,3.026695,67caaf87-34fd-412f-8ebc-f0eb37aa8292,Helium Lamp,378,nm,absorbance,422.4436792394631
427.44,16.150384000000003,67caaf87-34fd-412f-8ebc-f0eb37aa8292,Helium Lamp,379,nm,absorbance,422.65609307483055
427.654,13.342844,67caaf87-34fd-412f-8ebc-f0eb37aa8292,Helium Lamp,380,nm,absorbance,422.86850691019805
427.868,-10.658816000000002,67caaf87-34fd-412f-8ebc-f0eb37aa8292,Helium Lamp,381,nm,absorbance,423.0809207455655
428.081,49.719434,67caaf87-34fd-412f-8ebc-f0eb37aa8292,Helium Lamp,382,nm,absorbance,423.2923419929173
428.295,23.579105,67caaf87-34fd-412f-8ebc-f0eb37aa8292,Helium Lamp,383,nm,absorbance,423.5047558282847
428.509,36.05167,67caaf87-34fd-412f-8ebc-f0eb37aa8292,Helium Lamp,384,nm,absorbance,423.7171696636522
428.723,-6.601992000000001,67caaf87-34fd-412f-8ebc-f0eb37aa8292,Helium Lamp,385,nm,absorbance,423.92958349901966
428.936,23.750744,67caaf87-34fd-412f-8ebc-f0eb37aa8292,Helium Lamp,386,nm,absorbance,424.1410047463714
429.15,13.177796000000004,67caaf87-34fd-412f-8ebc-f0eb37aa8292,Helium Lamp,387,nm,absorbance,424.3534185817388
429.364,-11.019132,67caaf87-34fd-412f-8ebc-f0eb37aa8292,Helium Lamp,388,nm,absorbance,424.56583241710626
429.577,50.372376,67caaf87-34fd-412f-8ebc-f0eb37aa8292,Helium Lamp,389,nm,absorbance,424.77725366445804
429.791,34.73109600000001,67caaf87-34fd-412f-8ebc-f0eb37aa8292,Helium Lamp,390,nm,absorbance,424.9896674998255
430.005,-13.940788,67caaf87-34fd-412f-8ebc-f0eb37aa8292,Helium Lamp,391,nm,absorbance,425.202081335193
430.218,61.978357,67caaf87-34fd-412f-8ebc-f0eb37aa8292,Helium Lamp,392,nm,absorbance,425.4135025825447
430.432,13.852683000000004,67caaf87-34fd-412f-8ebc-f0eb37aa8292,Helium Lamp,393,nm,absorbance,425.6259164179122
430.645,-6.847461,67caaf87-34fd-412f-8ebc-f0eb37aa8292,Helium Lamp,394,nm,absorbance,425.8373376652639
430.859,8.707916,67caaf87-34fd-412f-8ebc-f0eb37aa8292,Helium Lamp,395,nm,absorbance,426.0497515006314
431.073,55.425843,67caaf87-34fd-412f-8ebc-f0eb37aa8292,Helium Lamp,396,nm,absorbance,426.2621653359988
431.286,45.41769000000001,67caaf87-34fd-412f-8ebc-f0eb37aa8292,Helium Lamp,397,nm,absorbance,426.4735865833506
431.5,15.104575,67caaf87-34fd-412f-8ebc-f0eb37aa8292,Helium Lamp,398,nm,absorbance,426.68600041871804
431.713,-45.777182,67caaf87-34fd-412f-8ebc-f0eb37aa8292,Helium Lamp,399,nm,absorbance,426.8974216660698
431.927,10.408304,67caaf87-34fd-412f-8ebc-f0eb37aa8292,Helium Lamp,400,nm,absorbance,427.10983550143726
432.14,49.824058,67caaf87-34fd-412f-8ebc-f0eb37aa8292,Helium Lamp,401,nm,absorbance,427.321256748789
432.354,25.489729000000004,67caaf87-34fd-412f-8ebc-f0eb37aa8292,Helium Lamp,402,nm,absorbance,427.5336705841564
432.567,48.147722,67caaf87-34fd-412f-8ebc-f0eb37aa8292,Helium Lamp,403,nm,absorbance,427.7450918315082
432.781,61.41672799999999,67caaf87-34fd-412f-8ebc-f0eb37aa8292,Helium Lamp,404,nm,absorbance,427.95750566687565
432.994,1.3650299999999995,67caaf87-34fd-412f-8ebc-f0eb37aa8292,Helium Lamp,405,nm,absorbance,428.1689269142274
433.207,-40.650375,67caaf87-34fd-412f-8ebc-f0eb37aa8292,Helium Lamp,406,nm,absorbance,428.3803481615791
433.421,22.077081,67caaf87-34fd-412f-8ebc-f0eb37aa8292,Helium Lamp,407,nm,absorbance,428.5927619969466
433.634,21.755998,67caaf87-34fd-412f-8ebc-f0eb37aa8292,Helium Lamp,408,nm,absorbance,428.8041832442983
433.848,3.290445,67caaf87-34fd-412f-8ebc-f0eb37aa8292,Helium Lamp,409,nm,absorbance,429.0165970796658
434.061,26.62756,67caaf87-34fd-412f-8ebc-f0eb37aa8292,Helium Lamp,410,nm,absorbance,429.2280183270175
434.274,-4.579110999999999,67caaf87-34fd-412f-8ebc-f0eb37aa8292,Helium Lamp,411,nm,absorbance,429.43943957436926
434.488,56.79518099999999,67caaf87-34fd-412f-8ebc-f0eb37aa8292,Helium Lamp,412,nm,absorbance,429.6518534097367
434.701,-28.632495,67caaf87-34fd-412f-8ebc-f0eb37aa8292,Helium Lamp,413,nm,absorbance,429.8632746570885
434.914,3.759698,67caaf87-34fd-412f-8ebc-f0eb37aa8292,Helium Lamp,414,nm,absorbance,430.07469590444015
435.127,61.82283,67caaf87-34fd-412f-8ebc-f0eb37aa8292,Helium Lamp,415,nm,absorbance,430.2861171517919
435.341,6.077402000000001,67caaf87-34fd-412f-8ebc-f0eb37aa8292,Helium Lamp,416,nm,absorbance,430.49853098715937
435.554,52.336027,67caaf87-34fd-412f-8ebc-f0eb37aa8292,Helium Lamp,417,nm,absorbance,430.7099522345111
435.767,29.366723,67caaf87-34fd-412f-8ebc-f0eb37aa8292,Helium Lamp,418,nm,absorbance,430.9213734818629
435.98,49.050997,67caaf87-34fd-412f-8ebc-f0eb37aa8292,Helium Lamp,419,nm,absorbance,431.1327947292146
436.194,38.742001,67caaf87-34fd-412f-8ebc-f0eb37aa8292,Helium Lamp,420,nm,absorbance,431.3452085645821
436.407,36.095104,67caaf87-34fd-412f-8ebc-f0eb37aa8292,Helium Lamp,421,nm,absorbance,431.55662981193376
436.62,106.363225,67caaf87-34fd-412f-8ebc-f0eb37aa8292,Helium Lamp,422,nm,absorbance,431.76805105928554
436.833,55.59698,67caaf87-34fd-412f-8ebc-f0eb37aa8292,Helium Lamp,423,nm,absorbance,431.97947230663726
437.046,28.239534,67caaf87-34fd-412f-8ebc-f0eb37aa8292,Helium Lamp,424,nm,absorbance,432.190893553989
437.259,34.431787,67caaf87-34fd-412f-8ebc-f0eb37aa8292,Helium Lamp,425,nm,absorbance,432.4023148013407
437.473,-7.89161,67caaf87-34fd-412f-8ebc-f0eb37aa8292,Helium Lamp,426,nm,absorbance,432.6147286367082
437.686,22.002249,67caaf87-34fd-412f-8ebc-f0eb37aa8292,Helium Lamp,427,nm,absorbance,432.8261498840599
437.899,-20.154579,67caaf87-34fd-412f-8ebc-f0eb37aa8292,Helium Lamp,428,nm,absorbance,433.03757113141165
438.112,12.003597999999998,67caaf87-34fd-412f-8ebc-f0eb37aa8292,Helium Lamp,429,nm,absorbance,433.2489923787634
438.325,34.872669,67caaf87-34fd-412f-8ebc-f0eb37aa8292,Helium Lamp,430,nm,absorbance,433.4604136261151
438.538,33.96341,67caaf87-34fd-412f-8ebc-f0eb37aa8292,Helium Lamp,431,nm,absorbance,433.6718348734669
438.751,44.974217,67caaf87-34fd-412f-8ebc-f0eb37aa8292,Helium Lamp,432,nm,absorbance,433.88325612081854
438.964,-270.046499,67caaf87-34fd-412f-8ebc-f0eb37aa8292,Helium Lamp,433,nm,absorbance,434.0946773681703
439.177,50.677465,67caaf87-34fd-412f-8ebc-f0eb37aa8292,Helium Lamp,434,nm,absorbance,434.30609861552205
439.39,20.706257,67caaf87-34fd-412f-8ebc-f0eb37aa8292,Helium Lamp,435,nm,absorbance,434.51751986287377
439.603,46.57708,67caaf87-34fd-412f-8ebc-f0eb37aa8292,Helium Lamp,436,nm,absorbance,434.7289411102255
439.816,83.205849,67caaf87-34fd-412f-8ebc-f0eb37aa8292,Helium Lamp,437,nm,absorbance,434.9403623575772
440.029,67.861523,67caaf87-34fd-412f-8ebc-f0eb37aa8292,Helium Lamp,438,nm,absorbance,435.151783604929
440.242,-6.804104,67caaf87-34fd-412f-8ebc-f0eb37aa8292,Helium Lamp,439,nm,absorbance,435.3632048522807
440.455,62.205992,67caaf87-34fd-412f-8ebc-f0eb37aa8292,Helium Lamp,440,nm,absorbance,435.57462609963244
440.668,37.769721,67caaf87-34fd-412f-8ebc-f0eb37aa8292,Helium Lamp,441,nm,absorbance,435.78604734698416
440.881,106.64866299999998,67caaf87-34fd-412f-8ebc-f0eb37aa8292,Helium Lamp,442,nm,absorbance,435.9974685943359
441.094,73.91911999999999,67caaf87-34fd-412f-8ebc-f0eb37aa8292,Helium Lamp,443,nm,absorbance,436.2088898416876
441.306,35.670736000000005,67caaf87-34fd-412f-8ebc-f0eb37aa8292,Helium Lamp,444,nm,absorbance,436.4193185010236
441.519,32.042244,67caaf87-34fd-412f-8ebc-f0eb37aa8292,Helium Lamp,445,nm,absorbance,436.6307397483754
441.732,2.555317,67caaf87-34fd-412f-8ebc-f0eb37aa8292,Helium Lamp,446,nm,absorbance,436.8421609957271
441.945,113.17587500000002,67caaf87-34fd-412f-8ebc-f0eb37aa8292,Helium Lamp,447,nm,absorbance,437.05358224307884
442.158,-8.619083,67caaf87-34fd-412f-8ebc-f0eb37aa8292,Helium Lamp,448,nm,absorbance,437.26500349043056
442.37,37.222516,67caaf87-34fd-412f-8ebc-f0eb37aa8292,Helium Lamp,449,nm,absorbance,437.47543214976656
442.583,74.14699600000002,67caaf87-34fd-412f-8ebc-f0eb37aa8292,Helium Lamp,450,nm,absorbance,437.68685339711834
442.796,88.90257100000001,67caaf87-34fd-412f-8ebc-f0eb37aa8292,Helium Lamp,451,nm,absorbance,437.89827464447
443.009,29.491118,67caaf87-34fd-412f-8ebc-f0eb37aa8292,Helium Lamp,452,nm,absorbance,438.1096958918218
443.222,36.181384,67caaf87-34fd-412f-8ebc-f0eb37aa8292,Helium Lamp,453,nm,absorbance,438.32111713917345
443.434,38.396316,67caaf87-34fd-412f-8ebc-f0eb37aa8292,Helium Lamp,454,nm,absorbance,438.5315457985095
443.647,13.891238,67caaf87-34fd-412f-8ebc-f0eb37aa8292,Helium Lamp,455,nm,absorbance,438.74296704586123
443.86,61.55300400000001,67caaf87-34fd-412f-8ebc-f0eb37aa8292,Helium Lamp,456,nm,absorbance,438.95438829321296
444.072,25.672047,67caaf87-34fd-412f-8ebc-f0eb37aa8292,Helium Lamp,457,nm,absorbance,439.16481695254896
444.285,64.081892,67caaf87-34fd-412f-8ebc-f0eb37aa8292,Helium Lamp,458,nm,absorbance,439.3762381999007
444.498,22.140332,67caaf87-34fd-412f-8ebc-f0eb37aa8292,Helium Lamp,459,nm,absorbance,439.5876594472524
444.71,59.285974,67caaf87-34fd-412f-8ebc-f0eb37aa8292,Helium Lamp,460,nm,absorbance,439.7980881065884
444.923,41.769167,67caaf87-34fd-412f-8ebc-f0eb37aa8292,Helium Lamp,461,nm,absorbance,440.00950935394013
445.136,27.140068,67caaf87-34fd-412f-8ebc-f0eb37aa8292,Helium Lamp,462,nm,absorbance,440.2209306012919
445.348,63.48393899999999,67caaf87-34fd-412f-8ebc-f0eb37aa8292,Helium Lamp,463,nm,absorbance,440.43135926062786
445.561,63.23843599999999,67caaf87-34fd-412f-8ebc-f0eb37aa8292,Helium Lamp,464,nm,absorbance,440.6427805079796
445.773,62.35393600000001,67caaf87-34fd-412f-8ebc-f0eb37aa8292,Helium Lamp,465,nm,absorbance,440.85320916731564
445.986,53.429318,67caaf87-34fd-412f-8ebc-f0eb37aa8292,Helium Lamp,466,nm,absorbance,441.0646304146673
446.198,44.992535,67caaf87-34fd-412f-8ebc-f0eb37aa8292,Helium Lamp,467,nm,absorbance,441.2750590740033
446.411,120.38744800000002,67caaf87-34fd-412f-8ebc-f0eb37aa8292,Helium Lamp,468,nm,absorbance,441.4864803213551
446.623,81.966083,67caaf87-34fd-412f-8ebc-f0eb37aa8292,Helium Lamp,469,nm,absorbance,441.69690898069103
446.836,134.193242,67caaf87-34fd-412f-8ebc-f0eb37aa8292,Helium Lamp,470,nm,absorbance,441.9083302280428
447.048,183.769519,67caaf87-34fd-412f-8ebc-f0eb37aa8292,Helium Lamp,471,nm,absorbance,442.11875888737876
447.261,192.82632,67caaf87-34fd-412f-8ebc-f0eb37aa8292,Helium Lamp,472,nm,absorbance,442.33018013473054
447.473,216.432759,67caaf87-34fd-412f-8ebc-f0eb37aa8292,Helium Lamp,473,nm,absorbance,442.54060879406654
447.686,234.266988,67caaf87-34fd-412f-8ebc-f0eb37aa8292,Helium Lamp,474,nm,absorbance,442.7520300414182
447.898,263.87825,67caaf87-34fd-412f-8ebc-f0eb37aa8292,Helium Lamp,475,nm,absorbance,442.96245870075427
448.11,349.877218,67caaf87-34fd-412f-8ebc-f0eb37aa8292,Helium Lamp,476,nm,absorbance,443.1728873600903
448.323,-152.49416200000002,67caaf87-34fd-412f-8ebc-f0eb37aa8292,Helium Lamp,477,nm,absorbance,443.38430860744194
448.535,381.487123,67caaf87-34fd-412f-8ebc-f0eb37aa8292,Helium Lamp,478,nm,absorbance,443.594737266778
448.748,403.034974,67caaf87-34fd-412f-8ebc-f0eb37aa8292,Helium Lamp,479,nm,absorbance,443.8061585141297
448.96,448.70166,67caaf87-34fd-412f-8ebc-f0eb37aa8292,Helium Lamp,480,nm,absorbance,444.01658717346567
449.172,420.69888,67caaf87-34fd-412f-8ebc-f0eb37aa8292,Helium Lamp,481,nm,absorbance,444.2270158328017
449.385,438.65179100000006,67caaf87-34fd-412f-8ebc-f0eb37aa8292,Helium Lamp,482,nm,absorbance,444.4384370801534
449.597,451.1097150000001,67caaf87-34fd-412f-8ebc-f0eb37aa8292,Helium Lamp,483,nm,absorbance,444.6488657394894
449.809,520.0067430000001,67caaf87-34fd-412f-8ebc-f0eb37aa8292,Helium Lamp,484,nm,absorbance,444.85929439882545
450.021,460.043213,67caaf87-34fd-412f-8ebc-f0eb37aa8292,Helium Lamp,485,nm,absorbance,445.06972305816146
450.234,519.657389,67caaf87-34fd-412f-8ebc-f0eb37aa8292,Helium Lamp,486,nm,absorbance,445.2811443055131
450.446,437.118159,67caaf87-34fd-412f-8ebc-f0eb37aa8292,Helium Lamp,487,nm,absorbance,445.4915729648492
450.658,510.76209100000005,67caaf87-34fd-412f-8ebc-f0eb37aa8292,Helium Lamp,488,nm,absorbance,445.7020016241852
450.87,600.099431,67caaf87-34fd-412f-8ebc-f0eb37aa8292,Helium Lamp,489,nm,absorbance,445.91243028352113
451.083,479.991172,67caaf87-34fd-412f-8ebc-f0eb37aa8292,Helium Lamp,490,nm,absorbance,446.1238515308729
451.295,531.5524310000001,67caaf87-34fd-412f-8ebc-f0eb37aa8292,Helium Lamp,491,nm,absorbance,446.33428019020886
451.507,582.173253,67caaf87-34fd-412f-8ebc-f0eb37aa8292,Helium Lamp,492,nm,absorbance,446.54470884954486
451.719,624.401442,67caaf87-34fd-412f-8ebc-f0eb37aa8292,Helium Lamp,493,nm,absorbance,446.75513750888086
451.931,547.6928399999999,67caaf87-34fd-412f-8ebc-f0eb37aa8292,Helium Lamp,494,nm,absorbance,446.96556616821687
452.143,599.05997,67caaf87-34fd-412f-8ebc-f0eb37aa8292,Helium Lamp,495,nm,absorbance,447.1759948275528
452.356,566.387981,67caaf87-34fd-412f-8ebc-f0eb37aa8292,Helium Lamp,496,nm,absorbance,447.3874160749046
452.568,577.86541,67caaf87-34fd-412f-8ebc-f0eb37aa8292,Helium Lamp,497,nm,absorbance,447.5978447342406
452.78,464.816841,67caaf87-34fd-412f-8ebc-f0eb37aa8292,Helium Lamp,498,nm,absorbance,447.80827339357654
452.992,563.8369560000001,67caaf87-34fd-412f-8ebc-f0eb37aa8292,Helium Lamp,499,nm,absorbance,448.0187020529126
453.204,554.7731699999999,67caaf87-34fd-412f-8ebc-f0eb37aa8292,Helium Lamp,500,nm,absorbance,448.2291307122486
453.416,574.08005,67caaf87-34fd-412f-8ebc-f0eb37aa8292,Helium Lamp,501,nm,absorbance,448.43955937158455
453.628,523.540031,67caaf87-34fd-412f-8ebc-f0eb37aa8292,Helium Lamp,502,nm,absorbance,448.64998803092055
453.84,513.757476,67caaf87-34fd-412f-8ebc-f0eb37aa8292,Helium Lamp,503,nm,absorbance,448.86041669025656
454.052,519.5283459999999,67caaf87-34fd-412f-8ebc-f0eb37aa8292,Helium Lamp,504,nm,absorbance,449.07084534959256
454.264,572.466095,67caaf87-34fd-412f-8ebc-f0eb37aa8292,Helium Lamp,505,nm,absorbance,449.28127400892856
454.476,539.644942,67caaf87-34fd-412f-8ebc-f0eb37aa8292,Helium Lamp,506,nm,absorbance,449.49170266826457
454.688,605.877762,67caaf87-34fd-412f-8ebc-f0eb37aa8292,Helium Lamp,507,nm,absorbance,449.7021313276005
454.9,579.6655200000001,67caaf87-34fd-412f-8ebc-f0eb37aa8292,Helium Lamp,508,nm,absorbance,449.9125599869365
455.112,528.619306,67caaf87-34fd-412f-8ebc-f0eb37aa8292,Helium Lamp,509,nm,absorbance,450.1229886462726
455.324,536.9632849999999,67caaf87-34fd-412f-8ebc-f0eb37aa8292,Helium Lamp,510,nm,absorbance,450.3334173056086
455.536,499.461912,67caaf87-34fd-412f-8ebc-f0eb37aa8292,Helium Lamp,511,nm,absorbance,450.5438459649445
455.747,450.059837,67caaf87-34fd-412f-8ebc-f0eb37aa8292,Helium Lamp,512,nm,absorbance,450.7532820362648
455.959,356.259701,67caaf87-34fd-412f-8ebc-f0eb37aa8292,Helium Lamp,513,nm,absorbance,450.9637106956008
456.171,285.314993,67caaf87-34fd-412f-8ebc-f0eb37aa8292,Helium Lamp,514,nm,absorbance,451.17413935493676
456.383,318.41152700000004,67caaf87-34fd-412f-8ebc-f0eb37aa8292,Helium Lamp,515,nm,absorbance,451.38456801427276
456.595,239.688504,67caaf87-34fd-412f-8ebc-f0eb37aa8292,Helium Lamp,516,nm,absorbance,451.5949966736088
456.807,209.456265,67caaf87-34fd-412f-8ebc-f0eb37aa8292,Helium Lamp,517,nm,absorbance,451.8054253329448
457.018,221.891454,67caaf87-34fd-412f-8ebc-f0eb37aa8292,Helium Lamp,518,nm,absorbance,452.014861404265
457.23,167.465049,67caaf87-34fd-412f-8ebc-f0eb37aa8292,Helium Lamp,519,nm,absorbance,452.22529006360105
457.442,118.04024,67caaf87-34fd-412f-8ebc-f0eb37aa8292,Helium Lamp,520,nm,absorbance,452.43571872293705
457.654,74.960281,67caaf87-34fd-412f-8ebc-f0eb37aa8292,Helium Lamp,521,nm,absorbance,452.64614738227306
457.865,73.842344,67caaf87-34fd-412f-8ebc-f0eb37aa8292,Helium Lamp,522,nm,absorbance,452.8555834535933
458.077,-11.825542,67caaf87-34fd-412f-8ebc-f0eb37aa8292,Helium Lamp,523,nm,absorbance,453.0660121129293
458.289,56.726801,67caaf87-34fd-412f-8ebc-f0eb37aa8292,Helium Lamp,524,nm,absorbance,453.2764407722653
458.501,20.070112,67caaf87-34fd-412f-8ebc-f0eb37aa8292,Helium Lamp,525,nm,absorbance,453.48686943160124
458.712,73.26154299999999,67caaf87-34fd-412f-8ebc-f0eb37aa8292,Helium Lamp,526,nm,absorbance,453.6963055029215
458.924,48.633777,67caaf87-34fd-412f-8ebc-f0eb37aa8292,Helium Lamp,527,nm,absorbance,453.9067341622575
459.136,67.367755,67caaf87-34fd-412f-8ebc-f0eb37aa8292,Helium Lamp,528,nm,absorbance,454.1171628215936
459.347,80.063518,67caaf87-34fd-412f-8ebc-f0eb37aa8292,Helium Lamp,529,nm,absorbance,454.32659889291375
459.559,82.60628299999999,67caaf87-34fd-412f-8ebc-f0eb37aa8292,Helium Lamp,530,nm,absorbance,454.5370275522498
459.77,41.455662,67caaf87-34fd-412f-8ebc-f0eb37aa8292,Helium Lamp,531,nm,absorbance,454.74646362357004
459.982,67.389707,67caaf87-34fd-412f-8ebc-f0eb37aa8292,Helium Lamp,532,nm,absorbance,454.9568922829061
460.194,-30.340803000000005,67caaf87-34fd-412f-8ebc-f0eb37aa8292,Helium Lamp,533,nm,absorbance,455.16732094224204
460.405,65.411709,67caaf87-34fd-412f-8ebc-f0eb37aa8292,Helium Lamp,534,nm,absorbance,455.37675701356227
460.617,12.753605,67caaf87-34fd-412f-8ebc-f0eb37aa8292,Helium Lamp,535,nm,absorbance,455.58718567289833
460.828,67.57683900000002,67caaf87-34fd-412f-8ebc-f0eb37aa8292,Helium Lamp,536,nm,absorbance,455.79662174421856
461.04,25.052108,67caaf87-34fd-412f-8ebc-f0eb37aa8292,Helium Lamp,537,nm,absorbance,456.00705040355456
461.251,-46.897879,67caaf87-34fd-412f-8ebc-f0eb37aa8292,Helium Lamp,538,nm,absorbance,456.2164864748748
461.463,-59.567016,67caaf87-34fd-412f-8ebc-f0eb37aa8292,Helium Lamp,539,nm,absorbance,456.42691513421084
461.674,39.023042,67caaf87-34fd-412f-8ebc-f0eb37aa8292,Helium Lamp,540,nm,absorbance,456.63635120553107
461.886,-47.881853,67caaf87-34fd-412f-8ebc-f0eb37aa8292,Helium Lamp,541,nm,absorbance,456.84677986486713
462.097,23.936765,67caaf87-34fd-412f-8ebc-f0eb37aa8292,Helium Lamp,542,nm,absorbance,457.0562159361873
462.309,19.561004,67caaf87-34fd-412f-8ebc-f0eb37aa8292,Helium Lamp,543,nm,absorbance,457.26664459552336
462.52,21.842281000000003,67caaf87-34fd-412f-8ebc-f0eb37aa8292,Helium Lamp,544,nm,absorbance,457.4760806668436
462.731,45.40716199999999,67caaf87-34fd-412f-8ebc-f0eb37aa8292,Helium Lamp,545,nm,absorbance,457.68551673816387
462.943,42.333065000000005,67caaf87-34fd-412f-8ebc-f0eb37aa8292,Helium Lamp,546,nm,absorbance,457.8959453974998
463.154,57.003996,67caaf87-34fd-412f-8ebc-f0eb37aa8292,Helium Lamp,547,nm,absorbance,458.1053814688201
463.366,-27.016538000000004,67caaf87-34fd-412f-8ebc-f0eb37aa8292,Helium Lamp,548,nm,absorbance,458.3158101281561
463.577,56.09933099999999,67caaf87-34fd-412f-8ebc-f0eb37aa8292,Helium Lamp,549,nm,absorbance,458.5252461994764
463.788,-5.339945999999999,67caaf87-34fd-412f-8ebc-f0eb37aa8292,Helium Lamp,550,nm,absorbance,458.73468227079667
464.0,-1.275355000000001,67caaf87-34fd-412f-8ebc-f0eb37aa8292,Helium Lamp,551,nm,absorbance,458.9451109301326
464.211,38.054279,67caaf87-34fd-412f-8ebc-f0eb37aa8292,Helium Lamp,552,nm,absorbance,459.1545470014529
464.422,81.463659,67caaf87-34fd-412f-8ebc-f0eb37aa8292,Helium Lamp,553,nm,absorbance,459.3639830727732
464.634,56.13879999999999,67caaf87-34fd-412f-8ebc-f0eb37aa8292,Helium Lamp,554,nm,absorbance,459.5744117321092
464.845,11.328635,67caaf87-34fd-412f-8ebc-f0eb37aa8292,Helium Lamp,555,nm,absorbance,459.7838478034294
465.056,-6.179973,67caaf87-34fd-412f-8ebc-f0eb37aa8292,Helium Lamp,556,nm,absorbance,459.99328387474964
465.267,-25.673264,67caaf87-34fd-412f-8ebc-f0eb37aa8292,Helium Lamp,557,nm,absorbance,460.2027199460699
465.478,69.106677,67caaf87-34fd-412f-8ebc-f0eb37aa8292,Helium Lamp,558,nm,absorbance,460.4121560173902
465.69,73.704279,67caaf87-34fd-412f-8ebc-f0eb37aa8292,Helium Lamp,559,nm,absorbance,460.6225846767262
465.901,-5.193051,67caaf87-34fd-412f-8ebc-f0eb37aa8292,Helium Lamp,560,nm,absorbance,460.83202074804643
466.112,39.575438000000005,67caaf87-34fd-412f-8ebc-f0eb37aa8292,Helium Lamp,561,nm,absorbance,461.0414568193667
466.323,90.37727,67caaf87-34fd-412f-8ebc-f0eb37aa8292,Helium Lamp,562,nm,absorbance,461.25089289068694
466.534,27.240733,67caaf87-34fd-412f-8ebc-f0eb37aa8292,Helium Lamp,563,nm,absorbance,461.4603289620072
466.745,-43.574322,67caaf87-34fd-412f-8ebc-f0eb37aa8292,Helium Lamp,564,nm,absorbance,461.6697650333275
466.957,0.670376,67caaf87-34fd-412f-8ebc-f0eb37aa8292,Helium Lamp,565,nm,absorbance,461.8801936926635
467.168,86.256638,67caaf87-34fd-412f-8ebc-f0eb37aa8292,Helium Lamp,566,nm,absorbance,462.08962976398374
467.379,68.73478,67caaf87-34fd-412f-8ebc-f0eb37aa8292,Helium Lamp,567,nm,absorbance,462.299065835304
467.59,42.121128,67caaf87-34fd-412f-8ebc-f0eb37aa8292,Helium Lamp,568,nm,absorbance,462.50850190662425
467.801,13.457857999999998,67caaf87-34fd-412f-8ebc-f0eb37aa8292,Helium Lamp,569,nm,absorbance,462.71793797794453
468.012,-20.334073,67caaf87-34fd-412f-8ebc-f0eb37aa8292,Helium Lamp,570,nm,absorbance,462.9273740492648
468.223,-31.10446,67caaf87-34fd-412f-8ebc-f0eb37aa8292,Helium Lamp,571,nm,absorbance,463.13681012058504
468.434,49.94447699999999,67caaf87-34fd-412f-8ebc-f0eb37aa8292,Helium Lamp,572,nm,absorbance,463.3462461919053
468.645,36.950417,67caaf87-34fd-412f-8ebc-f0eb37aa8292,Helium Lamp,573,nm,absorbance,463.55568226322555
468.856,-18.399057000000003,67caaf87-34fd-412f-8ebc-f0eb37aa8292,Helium Lamp,574,nm,absorbance,463.76511833454583
469.067,43.419577,67caaf87-34fd-412f-8ebc-f0eb37aa8292,Helium Lamp,575,nm,absorbance,463.9745544058661
469.278,81.28551499999999,67caaf87-34fd-412f-8ebc-f0eb37aa8292,Helium Lamp,576,nm,absorbance,464.1839904771864
469.489,66.946615,67caaf87-34fd-412f-8ebc-f0eb37aa8292,Helium Lamp,577,nm,absorbance,464.39342654850657
469.7,67.155217,67caaf87-34fd-412f-8ebc-f0eb37aa8292,Helium Lamp,578,nm,absorbance,464.60286261982685
469.911,48.899687,67caaf87-34fd-412f-8ebc-f0eb37aa8292,Helium Lamp,579,nm,absorbance,464.81229869114713
470.122,111.559717,67caaf87-34fd-412f-8ebc-f0eb37aa8292,Helium Lamp,580,nm,absorbance,465.0217347624674
470.333,72.575819,67caaf87-34fd-412f-8ebc-f0eb37aa8292,Helium Lamp,581,nm,absorbance,465.2311708337877
470.543,57.020177,67caaf87-34fd-412f-8ebc-f0eb37aa8292,Helium Lamp,582,nm,absorbance,465.4396143170922
470.754,91.342739,67caaf87-34fd-412f-8ebc-f0eb37aa8292,Helium Lamp,583,nm,absorbance,465.6490503884125
470.965,42.547128,67caaf87-34fd-412f-8ebc-f0eb37aa8292,Helium Lamp,584,nm,absorbance,465.85848645973266
471.176,107.308977,67caaf87-34fd-412f-8ebc-f0eb37aa8292,Helium Lamp,585,nm,absorbance,466.06792253105294
471.387,24.551708,67caaf87-34fd-412f-8ebc-f0eb37aa8292,Helium Lamp,586,nm,absorbance,466.2773586023732
471.598,96.903939,67caaf87-34fd-412f-8ebc-f0eb37aa8292,Helium Lamp,587,nm,absorbance,466.4867946736935
471.808,106.066341,67caaf87-34fd-412f-8ebc-f0eb37aa8292,Helium Lamp,588,nm,absorbance,466.695238156998
472.019,135.796884,67caaf87-34fd-412f-8ebc-f0eb37aa8292,Helium Lamp,589,nm,absorbance,466.9046742283183
472.23,130.119307,67caaf87-34fd-412f-8ebc-f0eb37aa8292,Helium Lamp,590,nm,absorbance,467.1141102996386
472.441,153.448469,67caaf87-34fd-412f-8ebc-f0eb37aa8292,Helium Lamp,591,nm,absorbance,467.32354637095875
472.651,124.47896500000002,67caaf87-34fd-412f-8ebc-f0eb37aa8292,Helium Lamp,592,nm,absorbance,467.5319898542633
472.862,179.897572,67caaf87-34fd-412f-8ebc-f0eb37aa8292,Helium Lamp,593,nm,absorbance,467.7414259255836
473.073,129.80436100000003,67caaf87-34fd-412f-8ebc-f0eb37aa8292,Helium Lamp,594,nm,absorbance,467.9508619969038
473.283,195.622636,67caaf87-34fd-412f-8ebc-f0eb37aa8292,Helium Lamp,595,nm,absorbance,468.1593054802084
473.494,183.36637,67caaf87-34fd-412f-8ebc-f0eb37aa8292,Helium Lamp,596,nm,absorbance,468.3687415515287
473.705,208.72041200000004,67caaf87-34fd-412f-8ebc-f0eb37aa8292,Helium Lamp,597,nm,absorbance,468.5781776228489
473.915,138.86171099999996,67caaf87-34fd-412f-8ebc-f0eb37aa8292,Helium Lamp,598,nm,absorbance,468.78662110615346
474.126,113.577872,67caaf87-34fd-412f-8ebc-f0eb37aa8292,Helium Lamp,599,nm,absorbance,468.99605717747363
474.337,180.788552,67caaf87-34fd-412f-8ebc-f0eb37aa8292,Helium Lamp,600,nm,absorbance,469.2054932487939
474.547,242.179567,67caaf87-34fd-412f-8ebc-f0eb37aa8292,Helium Lamp,601,nm,absorbance,469.4139367320985
474.758,214.775928,67caaf87-34fd-412f-8ebc-f0eb37aa8292,Helium Lamp,602,nm,absorbance,469.6233728034187
474.968,182.631619,67caaf87-34fd-412f-8ebc-f0eb37aa8292,Helium Lamp,603,nm,absorbance,469.83181628672327
475.179,197.071779,67caaf87-34fd-412f-8ebc-f0eb37aa8292,Helium Lamp,604,nm,absorbance,470.0412523580435
475.389,127.29548400000002,67caaf87-34fd-412f-8ebc-f0eb37aa8292,Helium Lamp,605,nm,absorbance,470.24969584134806
475.6,18.83155200000001,67caaf87-34fd-412f-8ebc-f0eb37aa8292,Helium Lamp,606,nm,absorbance,470.45913191266834
475.81,192.441534,67caaf87-34fd-412f-8ebc-f0eb37aa8292,Helium Lamp,607,nm,absorbance,470.66757539597285
476.021,146.05210499999998,67caaf87-34fd-412f-8ebc-f0eb37aa8292,Helium Lamp,608,nm,absorbance,470.8770114672931
476.231,179.989843,67caaf87-34fd-412f-8ebc-f0eb37aa8292,Helium Lamp,609,nm,absorbance,471.0854549505976
476.442,202.220974,67caaf87-34fd-412f-8ebc-f0eb37aa8292,Helium Lamp,610,nm,absorbance,471.29489102191786
476.652,248.523229,67caaf87-34fd-412f-8ebc-f0eb37aa8292,Helium Lamp,611,nm,absorbance,471.50333450522237
476.863,237.93428000000003,67caaf87-34fd-412f-8ebc-f0eb37aa8292,Helium Lamp,612,nm,absorbance,471.71277057654265
477.073,241.50998,67caaf87-34fd-412f-8ebc-f0eb37aa8292,Helium Lamp,613,nm,absorbance,471.92121405984716
477.284,220.515057,67caaf87-34fd-412f-8ebc-f0eb37aa8292,Helium Lamp,614,nm,absorbance,472.13065013116744
477.494,150.962851,67caaf87-34fd-412f-8ebc-f0eb37aa8292,Helium Lamp,615,nm,absorbance,472.339093614472
477.704,154.30803,67caaf87-34fd-412f-8ebc-f0eb37aa8292,Helium Lamp,616,nm,absorbance,472.5475370977765
477.915,204.138859,67caaf87-34fd-412f-8ebc-f0eb37aa8292,Helium Lamp,617,nm,absorbance,472.7569731690968
478.125,228.195698,67caaf87-34fd-412f-8ebc-f0eb37aa8292,Helium Lamp,618,nm,absorbance,472.9654166524013
478.335,199.842338,67caaf87-34fd-412f-8ebc-f0eb37aa8292,Helium Lamp,619,nm,absorbance,473.17386013570575
478.546,197.829752,67caaf87-34fd-412f-8ebc-f0eb37aa8292,Helium Lamp,620,nm,absorbance,473.38329620702604
478.756,185.251555,67caaf87-34fd-412f-8ebc-f0eb37aa8292,Helium Lamp,621,nm,absorbance,473.59173969033054
478.966,207.042992,67caaf87-34fd-412f-8ebc-f0eb37aa8292,Helium Lamp,622,nm,absorbance,473.8001831736351
479.177,188.894326,67caaf87-34fd-412f-8ebc-f0eb37aa8292,Helium Lamp,623,nm,absorbance,474.0096192449554
479.387,181.276467,67caaf87-34fd-412f-8ebc-f0eb37aa8292,Helium Lamp,624,nm,absorbance,474.2180627282599
479.597,188.560252,67caaf87-34fd-412f-8ebc-f0eb37aa8292,Helium Lamp,625,nm,absorbance,474.4265062115644
479.807,175.967243,67caaf87-34fd-412f-8ebc-f0eb37aa8292,Helium Lamp,626,nm,absorbance,474.63494969486896
480.018,154.24452300000002,67caaf87-34fd-412f-8ebc-f0eb37aa8292,Helium Lamp,627,nm,absorbance,474.8443857661892
480.228,177.94656299999997,67caaf87-34fd-412f-8ebc-f0eb37aa8292,Helium Lamp,628,nm,absorbance,475.05282924949375
480.438,137.844377,67caaf87-34fd-412f-8ebc-f0eb37aa8292,Helium Lamp,629,nm,absorbance,475.26127273279826
480.648,147.182609,67caaf87-34fd-412f-8ebc-f0eb37aa8292,Helium Lamp,630,nm,absorbance,475.4697162161028
480.858,1.5068120000000005,67caaf87-34fd-412f-8ebc-f0eb37aa8292,Helium Lamp,631,nm,absorbance,475.67815969940733
481.068,59.684582,67caaf87-34fd-412f-8ebc-f0eb37aa8292,Helium Lamp,632,nm,absorbance,475.88660318271184
481.279,40.189731,67caaf87-34fd-412f-8ebc-f0eb37aa8292,Helium Lamp,633,nm,absorbance,476.09603925403206
481.489,104.97243799999998,67caaf87-34fd-412f-8ebc-f0eb37aa8292,Helium Lamp,634,nm,absorbance,476.30448273733657
481.699,107.189246,67caaf87-34fd-412f-8ebc-f0eb37aa8292,Helium Lamp,635,nm,absorbance,476.51292622064113
481.909,118.407674,67caaf87-34fd-412f-8ebc-f0eb37aa8292,Helium Lamp,636,nm,absorbance,476.72136970394564
482.119,45.336274,67caaf87-34fd-412f-8ebc-f0eb37aa8292,Helium Lamp,637,nm,absorbance,476.9298131872502
482.329,45.219745,67caaf87-34fd-412f-8ebc-f0eb37aa8292,Helium Lamp,638,nm,absorbance,477.1382566705547
482.539,-9.284171,67caaf87-34fd-412f-8ebc-f0eb37aa8292,Helium Lamp,639,nm,absorbance,477.3467001538592
482.749,8.880621,67caaf87-34fd-412f-8ebc-f0eb37aa8292,Helium Lamp,640,nm,absorbance,477.5551436371638
482.959,68.62372,67caaf87-34fd-412f-8ebc-f0eb37aa8292,Helium Lamp,641,nm,absorbance,477.7635871204683
483.169,9.056995,67caaf87-34fd-412f-8ebc-f0eb37aa8292,Helium Lamp,642,nm,absorbance,477.9720306037728
483.379,-8.829331999999999,67caaf87-34fd-412f-8ebc-f0eb37aa8292,Helium Lamp,643,nm,absorbance,478.18047408707736
483.589,36.047966,67caaf87-34fd-412f-8ebc-f0eb37aa8292,Helium Lamp,644,nm,absorbance,478.38891757038186
483.799,20.150794,67caaf87-34fd-412f-8ebc-f0eb37aa8292,Helium Lamp,645,nm,absorbance,478.59736105368637
484.009,59.58053099999999,67caaf87-34fd-412f-8ebc-f0eb37aa8292,Helium Lamp,646,nm,absorbance,478.80580453699093
484.219,-4.451839,67caaf87-34fd-412f-8ebc-f0eb37aa8292,Helium Lamp,647,nm,absorbance,479.01424802029544
484.429,19.396925,67caaf87-34fd-412f-8ebc-f0eb37aa8292,Helium Lamp,648,nm,absorbance,479.22269150359995
484.639,86.24540599999999,67caaf87-34fd-412f-8ebc-f0eb37aa8292,Helium Lamp,649,nm,absorbance,479.4311349869045
484.849,76.879264,67caaf87-34fd-412f-8ebc-f0eb37aa8292,Helium Lamp,650,nm,absorbance,479.639578470209
485.059,79.09688200000001,67caaf87-34fd-412f-8ebc-f0eb37aa8292,Helium Lamp,651,nm,absorbance,479.8480219535136
485.268,-9.444489999999998,67caaf87-34fd-412f-8ebc-f0eb37aa8292,Helium Lamp,652,nm,absorbance,480.0554728488023
485.478,45.040354,67caaf87-34fd-412f-8ebc-f0eb37aa8292,Helium Lamp,653,nm,absorbance,480.2639163321069
485.688,-9.200333,67caaf87-34fd-412f-8ebc-f0eb37aa8292,Helium Lamp,654,nm,absorbance,480.4723598154114
485.898,1.051422,67caaf87-34fd-412f-8ebc-f0eb37aa8292,Helium Lamp,655,nm,absorbance,480.68080329871594
486.108,72.71326300000001,67caaf87-34fd-412f-8ebc-f0eb37aa8292,Helium Lamp,656,nm,absorbance,480.88924678202045
486.317,3.338446,67caaf87-34fd-412f-8ebc-f0eb37aa8292,Helium Lamp,657,nm,absorbance,481.09669767730924
486.527,-0.3365200000000001,67caaf87-34fd-412f-8ebc-f0eb37aa8292,Helium Lamp,658,nm,absorbance,481.30514116061374
486.737,17.176538,67caaf87-34fd-412f-8ebc-f0eb37aa8292,Helium Lamp,659,nm,absorbance,481.5135846439183
486.947,71.69526800000001,67caaf87-34fd-412f-8ebc-f0eb37aa8292,Helium Lamp,660,nm,absorbance,481.7220281272228
487.156,-55.438304,67caaf87-34fd-412f-8ebc-f0eb37aa8292,Helium Lamp,661,nm,absorbance,481.9294790225116
487.366,42.295794,67caaf87-34fd-412f-8ebc-f0eb37aa8292,Helium Lamp,662,nm,absorbance,482.1379225058161
487.576,39.10444,67caaf87-34fd-412f-8ebc-f0eb37aa8292,Helium Lamp,663,nm,absorbance,482.34636598912067
487.785,11.94141,67caaf87-34fd-412f-8ebc-f0eb37aa8292,Helium Lamp,664,nm,absorbance,482.55381688440946
487.995,-61.843101,67caaf87-34fd-412f-8ebc-f0eb37aa8292,Helium Lamp,665,nm,absorbance,482.76226036771396
488.205,15.216877,67caaf87-34fd-412f-8ebc-f0eb37aa8292,Helium Lamp,666,nm,absorbance,482.97070385101847
488.414,81.619959,67caaf87-34fd-412f-8ebc-f0eb37aa8292,Helium Lamp,667,nm,absorbance,483.17815474630726
488.624,-25.850401999999995,67caaf87-34fd-412f-8ebc-f0eb37aa8292,Helium Lamp,668,nm,absorbance,483.3865982296118
488.834,39.43475300000001,67caaf87-34fd-412f-8ebc-f0eb37aa8292,Helium Lamp,669,nm,absorbance,483.5950417129163
489.043,20.044396,67caaf87-34fd-412f-8ebc-f0eb37aa8292,Helium Lamp,670,nm,absorbance,483.8024926082051
489.253,1.6083129999999997,67caaf87-34fd-412f-8ebc-f0eb37aa8292,Helium Lamp,671,nm,absorbance,484.0109360915096
489.462,41.534749,67caaf87-34fd-412f-8ebc-f0eb37aa8292,Helium Lamp,672,nm,absorbance,484.2183869867984
489.672,34.02312,67caaf87-34fd-412f-8ebc-f0eb37aa8292,Helium Lamp,673,nm,absorbance,484.42683047010297
489.882,107.07074300000002,67caaf87-34fd-412f-8ebc-f0eb37aa8292,Helium Lamp,674,nm,absorbance,484.6352739534075
490.091,-0.4243309999999999,67caaf87-34fd-412f-8ebc-f0eb37aa8292,Helium Lamp,675,nm,absorbance,484.84272484869626
490.301,58.686118,67caaf87-34fd-412f-8ebc-f0eb37aa8292,Helium Lamp,676,nm,absorbance,485.05116833200077
490.51,37.284497,67caaf87-34fd-412f-8ebc-f0eb37aa8292,Helium Lamp,677,nm,absorbance,485.25861922728956
490.72,50.135457,67caaf87-34fd-412f-8ebc-f0eb37aa8292,Helium Lamp,678,nm,absorbance,485.4670627105941
490.929,65.95304999999999,67caaf87-34fd-412f-8ebc-f0eb37aa8292,Helium Lamp,679,nm,absorbance,485.67451360588285
491.138,35.059523,67caaf87-34fd-412f-8ebc-f0eb37aa8292,Helium Lamp,680,nm,absorbance,485.88196450117164
491.348,88.68849599999999,67caaf87-34fd-412f-8ebc-f0eb37aa8292,Helium Lamp,681,nm,absorbance,486.0904079844762
491.557,62.878033,67caaf87-34fd-412f-8ebc-f0eb37aa8292,Helium Lamp,682,nm,absorbance,486.297858879765
491.767,31.159844,67caaf87-34fd-412f-8ebc-f0eb37aa8292,Helium Lamp,683,nm,absorbance,486.5063023630695
491.976,38.829877,67caaf87-34fd-412f-8ebc-f0eb37aa8292,Helium Lamp,684,nm,absorbance,486.7137532583583
492.185,149.252304,67caaf87-34fd-412f-8ebc-f0eb37aa8292,Helium Lamp,685,nm,absorbance,486.92120415364707
492.395,113.98573100000002,67caaf87-34fd-412f-8ebc-f0eb37aa8292,Helium Lamp,686,nm,absorbance,487.1296476369516
492.604,68.61717200000001,67caaf87-34fd-412f-8ebc-f0eb37aa8292,Helium Lamp,687,nm,absorbance,487.33709853224036
492.813,135.69483699999998,67caaf87-34fd-412f-8ebc-f0eb37aa8292,Helium Lamp,688,nm,absorbance,487.5445494275292
493.023,242.546292,67caaf87-34fd-412f-8ebc-f0eb37aa8292,Helium Lamp,689,nm,absorbance,487.75299291083377
493.232,288.026035,67caaf87-34fd-412f-8ebc-f0eb37aa8292,Helium Lamp,690,nm,absorbance,487.96044380612256
493.441,315.124774,67caaf87-34fd-412f-8ebc-f0eb37aa8292,Helium Lamp,691,nm,absorbance,488.1678947014113
493.651,307.886257,67caaf87-34fd-412f-8ebc-f0eb37aa8292,Helium Lamp,692,nm,absorbance,488.37633818471585
493.86,338.766517,67caaf87-34fd-412f-8ebc-f0eb37aa8292,Helium Lamp,693,nm,absorbance,488.58378908000464
494.069,328.372434,67caaf87-34fd-412f-8ebc-f0eb37aa8292,Helium Lamp,694,nm,absorbance,488.7912399752934
494.278,334.96603600000003,67caaf87-34fd-412f-8ebc-f0eb37aa8292,Helium Lamp,695,nm,absorbance,488.9986908705822
494.488,307.810127,67caaf87-34fd-412f-8ebc-f0eb37aa8292,Helium Lamp,696,nm,absorbance,489.2071343538867
494.697,385.389323,67caaf87-34fd-412f-8ebc-f0eb37aa8292,Helium Lamp,697,nm,absorbance,489.4145852491755
494.906,320.618699,67caaf87-34fd-412f-8ebc-f0eb37aa8292,Helium Lamp,698,nm,absorbance,489.6220361444643
495.115,427.545199,67caaf87-34fd-412f-8ebc-f0eb37aa8292,Helium Lamp,699,nm,absorbance,489.8294870397531
495.324,342.891794,67caaf87-34fd-412f-8ebc-f0eb37aa8292,Helium Lamp,700,nm,absorbance,490.03693793504186
495.533,464.174601,67caaf87-34fd-412f-8ebc-f0eb37aa8292,Helium Lamp,701,nm,absorbance,490.24438883033065
495.743,403.244182,67caaf87-34fd-412f-8ebc-f0eb37aa8292,Helium Lamp,702,nm,absorbance,490.45283231363516
495.952,480.667358,67caaf87-34fd-412f-8ebc-f0eb37aa8292,Helium Lamp,703,nm,absorbance,490.660283208924
496.161,399.662394,67caaf87-34fd-412f-8ebc-f0eb37aa8292,Helium Lamp,704,nm,absorbance,490.8677341042128
496.37,443.574863,67caaf87-34fd-412f-8ebc-f0eb37aa8292,Helium Lamp,705,nm,absorbance,491.0751849995016
496.579,435.166719,67caaf87-34fd-412f-8ebc-f0eb37aa8292,Helium Lamp,706,nm,absorbance,491.28263589479036
496.788,483.869017,67caaf87-34fd-412f-8ebc-f0eb37aa8292,Helium Lamp,707,nm,absorbance,491.49008679007915
496.997,445.80802399999993,67caaf87-34fd-412f-8ebc-f0eb37aa8292,Helium Lamp,708,nm,absorbance,491.69753768536793
497.206,412.505672,67caaf87-34fd-412f-8ebc-f0eb37aa8292,Helium Lamp,709,nm,absorbance,491.9049885806567
497.415,465.228636,67caaf87-34fd-412f-8ebc-f0eb37aa8292,Helium Lamp,710,nm,absorbance,492.1124394759455
497.624,421.9483819999999,67caaf87-34fd-412f-8ebc-f0eb37aa8292,Helium Lamp,711,nm,absorbance,492.3198903712343
497.833,391.96008599999993,67caaf87-34fd-412f-8ebc-f0eb37aa8292,Helium Lamp,712,nm,absorbance,492.5273412665231
498.042,393.784826,67caaf87-34fd-412f-8ebc-f0eb37aa8292,Helium Lamp,713,nm,absorbance,492.7347921618118
498.251,355.095013,67caaf87-34fd-412f-8ebc-f0eb37aa8292,Helium Lamp,714,nm,absorbance,492.94224305710065
498.46,375.931588,67caaf87-34fd-412f-8ebc-f0eb37aa8292,Helium Lamp,715,nm,absorbance,493.14969395238944
498.669,376.311653,67caaf87-34fd-412f-8ebc-f0eb37aa8292,Helium Lamp,716,nm,absorbance,493.3571448476782
498.878,387.764911,67caaf87-34fd-412f-8ebc-f0eb37aa8292,Helium Lamp,717,nm,absorbance,493.564595742967
499.087,418.736422,67caaf87-34fd-412f-8ebc-f0eb37aa8292,Helium Lamp,718,nm,absorbance,493.7720466382558
499.296,417.241476,67caaf87-34fd-412f-8ebc-f0eb37aa8292,Helium Lamp,719,nm,absorbance,493.9794975335446
499.504,386.21629700000005,67caaf87-34fd-412f-8ebc-f0eb37aa8292,Helium Lamp,720,nm,absorbance,494.18595584081766
499.713,420.958125,67caaf87-34fd-412f-8ebc-f0eb37aa8292,Helium Lamp,721,nm,absorbance,494.39340673610644
499.922,448.193563,67caaf87-34fd-412f-8ebc-f0eb37aa8292,Helium Lamp,722,nm,absorbance,494.60085763139523
500.131,393.33809600000006,67caaf87-34fd-412f-8ebc-f0eb37aa8292,Helium Lamp,723,nm,absorbance,494.808308526684
500.34,332.209899,67caaf87-34fd-412f-8ebc-f0eb37aa8292,Helium Lamp,724,nm,absorbance,495.0157594219728
500.549,341.02336,67caaf87-34fd-412f-8ebc-f0eb37aa8292,Helium Lamp,725,nm,absorbance,495.2232103172616
500.757,417.3642500000001,67caaf87-34fd-412f-8ebc-f0eb37aa8292,Helium Lamp,726,nm,absorbance,495.42966862453466
500.966,425.502566,67caaf87-34fd-412f-8ebc-f0eb37aa8292,Helium Lamp,727,nm,absorbance,495.63711951982344
501.175,386.126297,67caaf87-34fd-412f-8ebc-f0eb37aa8292,Helium Lamp,728,nm,absorbance,495.84457041511223
501.384,310.79784600000005,67caaf87-34fd-412f-8ebc-f0eb37aa8292,Helium Lamp,729,nm,absorbance,496.052021310401
501.592,328.09656800000005,67caaf87-34fd-412f-8ebc-f0eb37aa8292,Helium Lamp,730,nm,absorbance,496.2584796176741
501.801,373.01017600000006,67caaf87-34fd-412f-8ebc-f0eb37aa8292,Helium Lamp,731,nm,absorbance,496.46593051296287
502.01,478.311016,67caaf87-34fd-412f-8ebc-f0eb37aa8292,Helium Lamp,732,nm,absorbance,496.67338140825166
502.218,583.0253289999999,67caaf87-34fd-412f-8ebc-f0eb37aa8292,Helium Lamp,733,nm,absorbance,496.8798397155247
502.427,772.1941760000001,67caaf87-34fd-412f-8ebc-f0eb37aa8292,Helium Lamp,734,nm,absorbance,497.0872906108135
502.636,850.915695,67caaf87-34fd-412f-8ebc-f0eb37aa8292,Helium Lamp,735,nm,absorbance,497.2947415061023
502.844,997.359115,67caaf87-34fd-412f-8ebc-f0eb37aa8292,Helium Lamp,736,nm,absorbance,497.5011998133753
503.053,1017.560074,67caaf87-34fd-412f-8ebc-f0eb37aa8292,Helium Lamp,737,nm,absorbance,497.7086507086641
503.262,1078.085554,67caaf87-34fd-412f-8ebc-f0eb37aa8292,Helium Lamp,738,nm,absorbance,497.91610160395294
503.47,1165.387365,67caaf87-34fd-412f-8ebc-f0eb37aa8292,Helium Lamp,739,nm,absorbance,498.122559911226
503.679,1127.172282,67caaf87-34fd-412f-8ebc-f0eb37aa8292,Helium Lamp,740,nm,absorbance,498.33001080651474
503.887,1224.362008,67caaf87-34fd-412f-8ebc-f0eb37aa8292,Helium Lamp,741,nm,absorbance,498.5364691137878
504.096,1191.6502489999998,67caaf87-34fd-412f-8ebc-f0eb37aa8292,Helium Lamp,742,nm,absorbance,498.7439200090766
504.304,1202.301756,67caaf87-34fd-412f-8ebc-f0eb37aa8292,Helium Lamp,743,nm,absorbance,498.9503783163496
504.513,1241.2383169999998,67caaf87-34fd-412f-8ebc-f0eb37aa8292,Helium Lamp,744,nm,absorbance,499.15782921163844
504.721,1279.5080160000002,67caaf87-34fd-412f-8ebc-f0eb37aa8292,Helium Lamp,745,nm,absorbance,499.3642875189115
504.93,1255.662337,67caaf87-34fd-412f-8ebc-f0eb37aa8292,Helium Lamp,746,nm,absorbance,499.5717384142003
505.138,1309.974358,67caaf87-34fd-412f-8ebc-f0eb37aa8292,Helium Lamp,747,nm,absorbance,499.7781967214733
505.347,1293.146797,67caaf87-34fd-412f-8ebc-f0eb37aa8292,Helium Lamp,748,nm,absorbance,499.9856476167621
505.555,1344.465987,67caaf87-34fd-412f-8ebc-f0eb37aa8292,Helium Lamp,749,nm,absorbance,500.19210592403516
505.764,1382.0892580000002,67caaf87-34fd-412f-8ebc-f0eb37aa8292,Helium Lamp,750,nm,absorbance,500.399556819324
505.972,1450.009144,67caaf87-34fd-412f-8ebc-f0eb37aa8292,Helium Lamp,751,nm,absorbance,500.606015126597
506.18,1440.525111,67caaf87-34fd-412f-8ebc-f0eb37aa8292,Helium Lamp,752,nm,absorbance,500.8124734338701
506.389,1502.717395,67caaf87-34fd-412f-8ebc-f0eb37aa8292,Helium Lamp,753,nm,absorbance,501.01992432915887
506.597,1369.857529,67caaf87-34fd-412f-8ebc-f0eb37aa8292,Helium Lamp,754,nm,absorbance,501.2263826364319
506.806,1447.0760750000002,67caaf87-34fd-412f-8ebc-f0eb37aa8292,Helium Lamp,755,nm,absorbance,501.43383353172067
507.014,1414.705279,67caaf87-34fd-412f-8ebc-f0eb37aa8292,Helium Lamp,756,nm,absorbance,501.6402918389938
507.222,1392.992805,67caaf87-34fd-412f-8ebc-f0eb37aa8292,Helium Lamp,757,nm,absorbance,501.8467501462668
507.431,1432.243626,67caaf87-34fd-412f-8ebc-f0eb37aa8292,Helium Lamp,758,nm,absorbance,502.0542010415556
507.639,1356.624537,67caaf87-34fd-412f-8ebc-f0eb37aa8292,Helium Lamp,759,nm,absorbance,502.26065934882865
507.847,1408.340019,67caaf87-34fd-412f-8ebc-f0eb37aa8292,Helium Lamp,760,nm,absorbance,502.46711765610166
508.055,1349.4773670000002,67caaf87-34fd-412f-8ebc-f0eb37aa8292,Helium Lamp,761,nm,absorbance,502.6735759633748
508.264,1352.899853,67caaf87-34fd-412f-8ebc-f0eb37aa8292,Helium Lamp,762,nm,absorbance,502.8810268586636
508.472,1312.1080850000003,67caaf87-34fd-412f-8ebc-f0eb37aa8292,Helium Lamp,763,nm,absorbance,503.0874851659366
508.68,1246.5465600000002,67caaf87-34fd-412f-8ebc-f0eb37aa8292,Helium Lamp,764,nm,absorbance,503.29394347320965
508.888,1330.997016,67caaf87-34fd-412f-8ebc-f0eb37aa8292,Helium Lamp,765,nm,absorbance,503.50040178048266
509.096,1323.80217,67caaf87-34fd-412f-8ebc-f0eb37aa8292,Helium Lamp,766,nm,absorbance,503.7068600877558
509.305,1322.223047,67caaf87-34fd-412f-8ebc-f0eb37aa8292,Helium Lamp,767,nm,absorbance,503.9143109830446
509.513,1296.408136,67caaf87-34fd-412f-8ebc-f0eb37aa8292,Helium Lamp,768,nm,absorbance,504.1207692903176
509.721,1309.726818,67caaf87-34fd-412f-8ebc-f0eb37aa8292,Helium Lamp,769,nm,absorbance,504.32722759759065
509.929,1239.46804,67caaf87-34fd-412f-8ebc-f0eb37aa8292,Helium Lamp,770,nm,absorbance,504.53368590486366
510.137,1204.287308,67caaf87-34fd-412f-8ebc-f0eb37aa8292,Helium Lamp,771,nm,absorbance,504.7401442121368
510.345,1201.493631,67caaf87-34fd-412f-8ebc-f0eb37aa8292,Helium Lamp,772,nm,absorbance,504.94660251940985
510.553,1113.071579,67caaf87-34fd-412f-8ebc-f0eb37aa8292,Helium Lamp,773,nm,absorbance,505.15306082668286
510.762,927.373145,67caaf87-34fd-412f-8ebc-f0eb37aa8292,Helium Lamp,774,nm,absorbance,505.36051172197165
510.97,783.4450810000001,67caaf87-34fd-412f-8ebc-f0eb37aa8292,Helium Lamp,775,nm,absorbance,505.56697002924477
511.178,702.812683,67caaf87-34fd-412f-8ebc-f0eb37aa8292,Helium Lamp,776,nm,absorbance,505.7734283365178
511.386,634.9416349999999,67caaf87-34fd-412f-8ebc-f0eb37aa8292,Helium Lamp,777,nm,absorbance,505.97988664379085
511.594,553.353708,67caaf87-34fd-412f-8ebc-f0eb37aa8292,Helium Lamp,778,nm,absorbance,506.18634495106386
511.802,548.8542190000001,67caaf87-34fd-412f-8ebc-f0eb37aa8292,Helium Lamp,779,nm,absorbance,506.3928032583369
512.01,504.453178,67caaf87-34fd-412f-8ebc-f0eb37aa8292,Helium Lamp,780,nm,absorbance,506.59926156561
512.218,454.59244,67caaf87-34fd-412f-8ebc-f0eb37aa8292,Helium Lamp,781,nm,absorbance,506.805719872883
512.426,381.29843,67caaf87-34fd-412f-8ebc-f0eb37aa8292,Helium Lamp,782,nm,absorbance,507.0121781801561
512.634,254.02351400000003,67caaf87-34fd-412f-8ebc-f0eb37aa8292,Helium Lamp,783,nm,absorbance,507.21863648742914
512.842,265.81048300000003,67caaf87-34fd-412f-8ebc-f0eb37aa8292,Helium Lamp,784,nm,absorbance,507.4250947947022
513.049,192.013448,67caaf87-34fd-412f-8ebc-f0eb37aa8292,Helium Lamp,785,nm,absorbance,507.6305605139595
513.257,210.748342,67caaf87-34fd-412f-8ebc-f0eb37aa8292,Helium Lamp,786,nm,absorbance,507.8370188212325
513.465,150.63891400000003,67caaf87-34fd-412f-8ebc-f0eb37aa8292,Helium Lamp,787,nm,absorbance,508.04347712850563
513.673,131.951692,67caaf87-34fd-412f-8ebc-f0eb37aa8292,Helium Lamp,788,nm,absorbance,508.2499354357787
513.881,124.890676,67caaf87-34fd-412f-8ebc-f0eb37aa8292,Helium Lamp,789,nm,absorbance,508.4563937430517
514.089,105.415855,67caaf87-34fd-412f-8ebc-f0eb37aa8292,Helium Lamp,790,nm,absorbance,508.66285205032483
514.297,100.258637,67caaf87-34fd-412f-8ebc-f0eb37aa8292,Helium Lamp,791,nm,absorbance,508.86931035759784
514.504,133.927232,67caaf87-34fd-412f-8ebc-f0eb37aa8292,Helium Lamp,792,nm,absorbance,509.0747760768552
514.712,138.676403,67caaf87-34fd-412f-8ebc-f0eb37aa8292,Helium Lamp,793,nm,absorbance,509.2812343841282
514.92,100.987336,67caaf87-34fd-412f-8ebc-f0eb37aa8292,Helium Lamp,794,nm,absorbance,509.4876926914012
515.128,14.708240999999996,67caaf87-34fd-412f-8ebc-f0eb37aa8292,Helium Lamp,795,nm,absorbance,509.69415099867433
515.336,81.99411699999999,67caaf87-34fd-412f-8ebc-f0eb37aa8292,Helium Lamp,796,nm,absorbance,509.9006093059474
515.543,21.934153,67caaf87-34fd-412f-8ebc-f0eb37aa8292,Helium Lamp,797,nm,absorbance,510.1060750252047
515.751,58.499919,67caaf87-34fd-412f-8ebc-f0eb37aa8292,Helium Lamp,798,nm,absorbance,510.3125333324777
515.959,-52.694663000000006,67caaf87-34fd-412f-8ebc-f0eb37aa8292,Helium Lamp,799,nm,absorbance,510.5189916397507
516.166,42.272670000000005,67caaf87-34fd-412f-8ebc-f0eb37aa8292,Helium Lamp,800,nm,absorbance,510.7244573590081
516.374,57.14096000000001,67caaf87-34fd-412f-8ebc-f0eb37aa8292,Helium Lamp,801,nm,absorbance,510.93091566628124
516.582,-9.519088,67caaf87-34fd-412f-8ebc-f0eb37aa8292,Helium Lamp,802,nm,absorbance,511.13737397355425
516.789,-4.782406,67caaf87-34fd-412f-8ebc-f0eb37aa8292,Helium Lamp,803,nm,absorbance,511.34283969281154
516.997,32.145857,67caaf87-34fd-412f-8ebc-f0eb37aa8292,Helium Lamp,804,nm,absorbance,511.54929800008455
517.205,15.248321999999998,67caaf87-34fd-412f-8ebc-f0eb37aa8292,Helium Lamp,805,nm,absorbance,511.7557563073577
517.412,60.451999,67caaf87-34fd-412f-8ebc-f0eb37aa8292,Helium Lamp,806,nm,absorbance,511.96122202661496
517.62,28.669026,67caaf87-34fd-412f-8ebc-f0eb37aa8292,Helium Lamp,807,nm,absorbance,512.1676803338879
517.827,-16.124913,67caaf87-34fd-412f-8ebc-f0eb37aa8292,Helium Lamp,808,nm,absorbance,512.3731460531453
518.035,2.2637720000000003,67caaf87-34fd-412f-8ebc-f0eb37aa8292,Helium Lamp,809,nm,absorbance,512.5796043604183
518.243,45.33169600000001,67caaf87-34fd-412f-8ebc-f0eb37aa8292,Helium Lamp,810,nm,absorbance,512.7860626676915
518.45,83.68766000000001,67caaf87-34fd-412f-8ebc-f0eb37aa8292,Helium Lamp,811,nm,absorbance,512.9915283869487
518.658,13.232828,67caaf87-34fd-412f-8ebc-f0eb37aa8292,Helium Lamp,812,nm,absorbance,513.1979866942218
518.865,6.232131,67caaf87-34fd-412f-8ebc-f0eb37aa8292,Helium Lamp,813,nm,absorbance,513.403452413479
519.073,17.007635999999998,67caaf87-34fd-412f-8ebc-f0eb37aa8292,Helium Lamp,814,nm,absorbance,513.609910720752
519.28,-57.870842,67caaf87-34fd-412f-8ebc-f0eb37aa8292,Helium Lamp,815,nm,absorbance,513.8153764400095
519.488,54.156392,67caaf87-34fd-412f-8ebc-f0eb37aa8292,Helium Lamp,816,nm,absorbance,514.0218347472826
519.695,19.211594,67caaf87-34fd-412f-8ebc-f0eb37aa8292,Helium Lamp,817,nm,absorbance,514.2273004665399
519.902,5.928969,67caaf87-34fd-412f-8ebc-f0eb37aa8292,Helium Lamp,818,nm,absorbance,514.4327661857972
520.11,60.643145,67caaf87-34fd-412f-8ebc-f0eb37aa8292,Helium Lamp,819,nm,absorbance,514.6392244930702
520.317,-2.994288,67caaf87-34fd-412f-8ebc-f0eb37aa8292,Helium Lamp,820,nm,absorbance,514.8446902123275
520.525,27.094341,67caaf87-34fd-412f-8ebc-f0eb37aa8292,Helium Lamp,821,nm,absorbance,515.0511485196005
520.732,14.200720999999998,67caaf87-34fd-412f-8ebc-f0eb37aa8292,Helium Lamp,822,nm,absorbance,515.2566142388579
520.939,55.954739,67caaf87-34fd-412f-8ebc-f0eb37aa8292,Helium Lamp,823,nm,absorbance,515.4620799581152
521.147,51.34174,67caaf87-34fd-412f-8ebc-f0eb37aa8292,Helium Lamp,824,nm,absorbance,515.6685382653883
521.354,13.773572,67caaf87-34fd-412f-8ebc-f0eb37aa8292,Helium Lamp,825,nm,absorbance,515.8740039846456
521.561,17.096415999999998,67caaf87-34fd-412f-8ebc-f0eb37aa8292,Helium Lamp,826,nm,absorbance,516.0794697039029
521.769,15.689642,67caaf87-34fd-412f-8ebc-f0eb37aa8292,Helium Lamp,827,nm,absorbance,516.2859280111759
521.976,57.941816,67caaf87-34fd-412f-8ebc-f0eb37aa8292,Helium Lamp,828,nm,absorbance,516.4913937304333
522.183,12.999867999999998,67caaf87-34fd-412f-8ebc-f0eb37aa8292,Helium Lamp,829,nm,absorbance,516.6968594496906
522.391,92.687378,67caaf87-34fd-412f-8ebc-f0eb37aa8292,Helium Lamp,830,nm,absorbance,516.9033177569636
522.598,46.555853,67caaf87-34fd-412f-8ebc-f0eb37aa8292,Helium Lamp,831,nm,absorbance,517.1087834762209
522.805,29.274636000000005,67caaf87-34fd-412f-8ebc-f0eb37aa8292,Helium Lamp,832,nm,absorbance,517.3142491954782
523.012,96.68358100000002,67caaf87-34fd-412f-8ebc-f0eb37aa8292,Helium Lamp,833,nm,absorbance,517.5197149147355
523.219,29.197519,67caaf87-34fd-412f-8ebc-f0eb37aa8292,Helium Lamp,834,nm,absorbance,517.725180633993
523.427,49.250106,67caaf87-34fd-412f-8ebc-f0eb37aa8292,Helium Lamp,835,nm,absorbance,517.931638941266
523.634,58.654876,67caaf87-34fd-412f-8ebc-f0eb37aa8292,Helium Lamp,836,nm,absorbance,518.1371046605233
523.841,65.289883,67caaf87-34fd-412f-8ebc-f0eb37aa8292,Helium Lamp,837,nm,absorbance,518.3425703797806
524.048,35.03678,67caaf87-34fd-412f-8ebc-f0eb37aa8292,Helium Lamp,838,nm,absorbance,518.5480360990379
524.255,9.638177,67caaf87-34fd-412f-8ebc-f0eb37aa8292,Helium Lamp,839,nm,absorbance,518.7535018182951
524.462,1.511034,67caaf87-34fd-412f-8ebc-f0eb37aa8292,Helium Lamp,840,nm,absorbance,518.9589675375526
524.669,-19.772402,67caaf87-34fd-412f-8ebc-f0eb37aa8292,Helium Lamp,841,nm,absorbance,519.1644332568098
524.877,17.644195000000003,67caaf87-34fd-412f-8ebc-f0eb37aa8292,Helium Lamp,842,nm,absorbance,519.3708915640829
525.084,21.82428,67caaf87-34fd-412f-8ebc-f0eb37aa8292,Helium Lamp,843,nm,absorbance,519.5763572833401
525.291,19.396253,67caaf87-34fd-412f-8ebc-f0eb37aa8292,Helium Lamp,844,nm,absorbance,519.7818230025975
525.498,-5.341171,67caaf87-34fd-412f-8ebc-f0eb37aa8292,Helium Lamp,845,nm,absorbance,519.9872887218548
525.705,7.474392,67caaf87-34fd-412f-8ebc-f0eb37aa8292,Helium Lamp,846,nm,absorbance,520.1927544411122
525.912,-42.38755999999999,67caaf87-34fd-412f-8ebc-f0eb37aa8292,Helium Lamp,847,nm,absorbance,520.3982201603695
526.119,34.928404,67caaf87-34fd-412f-8ebc-f0eb37aa8292,Helium Lamp,848,nm,absorbance,520.6036858796268
526.326,29.229098000000004,67caaf87-34fd-412f-8ebc-f0eb37aa8292,Helium Lamp,849,nm,absorbance,520.8091515988841
526.533,50.975455,67caaf87-34fd-412f-8ebc-f0eb37aa8292,Helium Lamp,850,nm,absorbance,521.0146173181414
526.74,77.57309799999999,67caaf87-34fd-412f-8ebc-f0eb37aa8292,Helium Lamp,851,nm,absorbance,521.2200830373988
526.947,6.604349999999999,67caaf87-34fd-412f-8ebc-f0eb37aa8292,Helium Lamp,852,nm,absorbance,521.4255487566561
527.153,16.990166,67caaf87-34fd-412f-8ebc-f0eb37aa8292,Helium Lamp,853,nm,absorbance,521.6300218878977
527.36,4.179733999999999,67caaf87-34fd-412f-8ebc-f0eb37aa8292,Helium Lamp,854,nm,absorbance,521.835487607155
527.567,-19.683989,67caaf87-34fd-412f-8ebc-f0eb37aa8292,Helium Lamp,855,nm,absorbance,522.0409533264123
527.774,-1.3236829999999995,67caaf87-34fd-412f-8ebc-f0eb37aa8292,Helium Lamp,856,nm,absorbance,522.2464190456697
527.981,37.51648,67caaf87-34fd-412f-8ebc-f0eb37aa8292,Helium Lamp,857,nm,absorbance,522.451884764927
528.188,26.209004000000004,67caaf87-34fd-412f-8ebc-f0eb37aa8292,Helium Lamp,858,nm,absorbance,522.6573504841842
528.395,94.291727,67caaf87-34fd-412f-8ebc-f0eb37aa8292,Helium Lamp,859,nm,absorbance,522.8628162034415
528.602,6.077259999999999,67caaf87-34fd-412f-8ebc-f0eb37aa8292,Helium Lamp,860,nm,absorbance,523.0682819226988
528.808,79.52465799999999,67caaf87-34fd-412f-8ebc-f0eb37aa8292,Helium Lamp,861,nm,absorbance,523.2727550539405
529.015,-7.400824,67caaf87-34fd-412f-8ebc-f0eb37aa8292,Helium Lamp,862,nm,absorbance,523.4782207731978
529.222,26.450299,67caaf87-34fd-412f-8ebc-f0eb37aa8292,Helium Lamp,863,nm,absorbance,523.6836864924551
529.429,-0.9132490000000002,67caaf87-34fd-412f-8ebc-f0eb37aa8292,Helium Lamp,864,nm,absorbance,523.8891522117124
529.635,72.28507099999999,67caaf87-34fd-412f-8ebc-f0eb37aa8292,Helium Lamp,865,nm,absorbance,524.0936253429539
529.842,13.390402,67caaf87-34fd-412f-8ebc-f0eb37aa8292,Helium Lamp,866,nm,absorbance,524.2990910622112
530.049,37.074076000000005,67caaf87-34fd-412f-8ebc-f0eb37aa8292,Helium Lamp,867,nm,absorbance,524.5045567814686
530.256,49.9611,67caaf87-34fd-412f-8ebc-f0eb37aa8292,Helium Lamp,868,nm,absorbance,524.7100225007259
530.462,60.500541,67caaf87-34fd-412f-8ebc-f0eb37aa8292,Helium Lamp,869,nm,absorbance,524.9144956319675
530.669,60.538193,67caaf87-34fd-412f-8ebc-f0eb37aa8292,Helium Lamp,870,nm,absorbance,525.1199613512248
530.876,-13.001497999999998,67caaf87-34fd-412f-8ebc-f0eb37aa8292,Helium Lamp,871,nm,absorbance,525.3254270704821
531.082,78.813391,67caaf87-34fd-412f-8ebc-f0eb37aa8292,Helium Lamp,872,nm,absorbance,525.5299002017238
531.289,0.299559,67caaf87-34fd-412f-8ebc-f0eb37aa8292,Helium Lamp,873,nm,absorbance,525.735365920981
531.495,18.357292,67caaf87-34fd-412f-8ebc-f0eb37aa8292,Helium Lamp,874,nm,absorbance,525.9398390522226
531.702,-4.323558,67caaf87-34fd-412f-8ebc-f0eb37aa8292,Helium Lamp,875,nm,absorbance,526.1453047714799
531.909,30.24263,67caaf87-34fd-412f-8ebc-f0eb37aa8292,Helium Lamp,876,nm,absorbance,526.3507704907373
532.115,-14.993634999999998,67caaf87-34fd-412f-8ebc-f0eb37aa8292,Helium Lamp,877,nm,absorbance,526.5552436219789
532.322,-18.673159,67caaf87-34fd-412f-8ebc-f0eb37aa8292,Helium Lamp,878,nm,absorbance,526.7607093412362
532.528,53.707482000000006,67caaf87-34fd-412f-8ebc-f0eb37aa8292,Helium Lamp,879,nm,absorbance,526.9651824724777
532.735,36.91884399999999,67caaf87-34fd-412f-8ebc-f0eb37aa8292,Helium Lamp,880,nm,absorbance,527.170648191735
532.941,13.438263999999998,67caaf87-34fd-412f-8ebc-f0eb37aa8292,Helium Lamp,881,nm,absorbance,527.3751213229767
533.148,49.627632000000006,67caaf87-34fd-412f-8ebc-f0eb37aa8292,Helium Lamp,882,nm,absorbance,527.580587042234
533.354,66.768425,67caaf87-34fd-412f-8ebc-f0eb37aa8292,Helium Lamp,883,nm,absorbance,527.7850601734756
533.561,24.645528,67caaf87-34fd-412f-8ebc-f0eb37aa8292,Helium Lamp,884,nm,absorbance,527.9905258927329
533.767,38.916206,67caaf87-34fd-412f-8ebc-f0eb37aa8292,Helium Lamp,885,nm,absorbance,528.1949990239744
533.974,31.807106999999995,67caaf87-34fd-412f-8ebc-f0eb37aa8292,Helium Lamp,886,nm,absorbance,528.4004647432319
534.18,40.40683,67caaf87-34fd-412f-8ebc-f0eb37aa8292,Helium Lamp,887,nm,absorbance,528.6049378744733
534.387,22.572546,67caaf87-34fd-412f-8ebc-f0eb37aa8292,Helium Lamp,888,nm,absorbance,528.8104035937306
534.593,99.28045400000002,67caaf87-34fd-412f-8ebc-f0eb37aa8292,Helium Lamp,889,nm,absorbance,529.0148767249722
534.799,20.423582,67caaf87-34fd-412f-8ebc-f0eb37aa8292,Helium Lamp,890,nm,absorbance,529.2193498562139
535.006,26.058185,67caaf87-34fd-412f-8ebc-f0eb37aa8292,Helium Lamp,891,nm,absorbance,529.4248155754711
535.212,39.81664,67caaf87-34fd-412f-8ebc-f0eb37aa8292,Helium Lamp,892,nm,absorbance,529.6292887067127
535.418,20.122002,67caaf87-34fd-412f-8ebc-f0eb37aa8292,Helium Lamp,893,nm,absorbance,529.8337618379543
535.625,99.756201,67caaf87-34fd-412f-8ebc-f0eb37aa8292,Helium Lamp,894,nm,absorbance,530.0392275572116
535.831,40.804839,67caaf87-34fd-412f-8ebc-f0eb37aa8292,Helium Lamp,895,nm,absorbance,530.2437006884533
536.037,8.451998,67caaf87-34fd-412f-8ebc-f0eb37aa8292,Helium Lamp,896,nm,absorbance,530.4481738196948
536.244,6.097627999999999,67caaf87-34fd-412f-8ebc-f0eb37aa8292,Helium Lamp,897,nm,absorbance,530.6536395389521
536.45,27.847828,67caaf87-34fd-412f-8ebc-f0eb37aa8292,Helium Lamp,898,nm,absorbance,530.8581126701937
536.656,-18.962358,67caaf87-34fd-412f-8ebc-f0eb37aa8292,Helium Lamp,899,nm,absorbance,531.0625858014353
536.862,32.073592000000005,67caaf87-34fd-412f-8ebc-f0eb37aa8292,Helium Lamp,900,nm,absorbance,531.2670589326768
537.068,55.678013,67caaf87-34fd-412f-8ebc-f0eb37aa8292,Helium Lamp,901,nm,absorbance,531.4715320639184
537.275,17.568156,67caaf87-34fd-412f-8ebc-f0eb37aa8292,Helium Lamp,902,nm,absorbance,531.6769977831757
537.481,-3.737477,67caaf87-34fd-412f-8ebc-f0eb37aa8292,Helium Lamp,903,nm,absorbance,531.8814709144174
537.687,27.096279,67caaf87-34fd-412f-8ebc-f0eb37aa8292,Helium Lamp,904,nm,absorbance,532.085944045659
537.893,48.082202,67caaf87-34fd-412f-8ebc-f0eb37aa8292,Helium Lamp,905,nm,absorbance,532.2904171769005
538.099,44.380333,67caaf87-34fd-412f-8ebc-f0eb37aa8292,Helium Lamp,906,nm,absorbance,532.4948903081421
538.305,-31.36579,67caaf87-34fd-412f-8ebc-f0eb37aa8292,Helium Lamp,907,nm,absorbance,532.6993634393837
538.512,18.494638,67caaf87-34fd-412f-8ebc-f0eb37aa8292,Helium Lamp,908,nm,absorbance,532.904829158641
538.718,-8.908415999999999,67caaf87-34fd-412f-8ebc-f0eb37aa8292,Helium Lamp,909,nm,absorbance,533.1093022898825
538.924,-4.881405,67caaf87-34fd-412f-8ebc-f0eb37aa8292,Helium Lamp,910,nm,absorbance,533.3137754211241
539.13,-44.358491,67caaf87-34fd-412f-8ebc-f0eb37aa8292,Helium Lamp,911,nm,absorbance,533.5182485523657
539.336,68.451458,67caaf87-34fd-412f-8ebc-f0eb37aa8292,Helium Lamp,912,nm,absorbance,533.7227216836073
539.542,22.833004,67caaf87-34fd-412f-8ebc-f0eb37aa8292,Helium Lamp,913,nm,absorbance,533.9271948148489
539.748,63.618375,67caaf87-34fd-412f-8ebc-f0eb37aa8292,Helium Lamp,914,nm,absorbance,534.1316679460905
539.954,48.967787,67caaf87-34fd-412f-8ebc-f0eb37aa8292,Helium Lamp,915,nm,absorbance,534.336141077332
540.16,-43.700592,67caaf87-34fd-412f-8ebc-f0eb37aa8292,Helium Lamp,916,nm,absorbance,534.5406142085736
540.366,29.855039,67caaf87-34fd-412f-8ebc-f0eb37aa8292,Helium Lamp,917,nm,absorbance,534.7450873398152
540.572,39.183982,67caaf87-34fd-412f-8ebc-f0eb37aa8292,Helium Lamp,918,nm,absorbance,534.9495604710568
540.778,73.68935499999999,67caaf87-34fd-412f-8ebc-f0eb37aa8292,Helium Lamp,919,nm,absorbance,535.1540336022983
540.984,46.599743,67caaf87-34fd-412f-8ebc-f0eb37aa8292,Helium Lamp,920,nm,absorbance,535.35850673354
541.19,36.702824,67caaf87-34fd-412f-8ebc-f0eb37aa8292,Helium Lamp,921,nm,absorbance,535.5629798647816
541.396,53.172100000000015,67caaf87-34fd-412f-8ebc-f0eb37aa8292,Helium Lamp,922,nm,absorbance,535.767452996023
541.602,26.611354,67caaf87-34fd-412f-8ebc-f0eb37aa8292,Helium Lamp,923,nm,absorbance,535.9719261272646
541.807,37.574235,67caaf87-34fd-412f-8ebc-f0eb37aa8292,Helium Lamp,924,nm,absorbance,536.1754066704906
542.013,82.945147,67caaf87-34fd-412f-8ebc-f0eb37aa8292,Helium Lamp,925,nm,absorbance,536.3798798017322
542.219,31.66300200000001,67caaf87-34fd-412f-8ebc-f0eb37aa8292,Helium Lamp,926,nm,absorbance,536.5843529329737
542.425,-3.2013409999999984,67caaf87-34fd-412f-8ebc-f0eb37aa8292,Helium Lamp,927,nm,absorbance,536.7888260642153
542.631,26.703738999999995,67caaf87-34fd-412f-8ebc-f0eb37aa8292,Helium Lamp,928,nm,absorbance,536.9932991954569
542.837,41.637194,67caaf87-34fd-412f-8ebc-f0eb37aa8292,Helium Lamp,929,nm,absorbance,537.1977723266984
543.042,-0.0525949999999999,67caaf87-34fd-412f-8ebc-f0eb37aa8292,Helium Lamp,930,nm,absorbance,537.4012528699243
543.248,55.028186000000005,67caaf87-34fd-412f-8ebc-f0eb37aa8292,Helium Lamp,931,nm,absorbance,537.605726001166
543.454,4.345595,67caaf87-34fd-412f-8ebc-f0eb37aa8292,Helium Lamp,932,nm,absorbance,537.8101991324074
543.66,-5.516922,67caaf87-34fd-412f-8ebc-f0eb37aa8292,Helium Lamp,933,nm,absorbance,538.014672263649
543.865,89.813392,67caaf87-34fd-412f-8ebc-f0eb37aa8292,Helium Lamp,934,nm,absorbance,538.2181528068749
544.071,48.208106,67caaf87-34fd-412f-8ebc-f0eb37aa8292,Helium Lamp,935,nm,absorbance,538.4226259381165
544.277,77.591991,67caaf87-34fd-412f-8ebc-f0eb37aa8292,Helium Lamp,936,nm,absorbance,538.6270990693581
544.483,62.206878,67caaf87-34fd-412f-8ebc-f0eb37aa8292,Helium Lamp,937,nm,absorbance,538.8315722005996
544.688,-48.243765,67caaf87-34fd-412f-8ebc-f0eb37aa8292,Helium Lamp,938,nm,absorbance,539.0350527438254
544.894,65.220087,67caaf87-34fd-412f-8ebc-f0eb37aa8292,Helium Lamp,939,nm,absorbance,539.2395258750671
545.1,83.738084,67caaf87-34fd-412f-8ebc-f0eb37aa8292,Helium Lamp,940,nm,absorbance,539.4439990063087
545.305,41.821031,67caaf87-34fd-412f-8ebc-f0eb37aa8292,Helium Lamp,941,nm,absorbance,539.6474795495344
545.511,22.787749,67caaf87-34fd-412f-8ebc-f0eb37aa8292,Helium Lamp,942,nm,absorbance,539.8519526807761
545.716,49.844499,67caaf87-34fd-412f-8ebc-f0eb37aa8292,Helium Lamp,943,nm,absorbance,540.055433224002
545.922,23.590104,67caaf87-34fd-412f-8ebc-f0eb37aa8292,Helium Lamp,944,nm,absorbance,540.2599063552435
546.128,33.146464,67caaf87-34fd-412f-8ebc-f0eb37aa8292,Helium Lamp,945,nm,absorbance,540.4643794864851
546.333,56.597798,67caaf87-34fd-412f-8ebc-f0eb37aa8292,Helium Lamp,946,nm,absorbance,540.6678600297109
546.539,48.438252,67caaf87-34fd-412f-8ebc-f0eb37aa8292,Helium Lamp,947,nm,absorbance,540.8723331609525
546.744,69.018092,67caaf87-34fd-412f-8ebc-f0eb37aa8292,Helium Lamp,948,nm,absorbance,541.0758137041784
546.95,44.49461900000001,67caaf87-34fd-412f-8ebc-f0eb37aa8292,Helium Lamp,949,nm,absorbance,541.2802868354199
547.155,-0.3458600000000002,67caaf87-34fd-412f-8ebc-f0eb37aa8292,Helium Lamp,950,nm,absorbance,541.4837673786458
547.361,27.095445,67caaf87-34fd-412f-8ebc-f0eb37aa8292,Helium Lamp,951,nm,absorbance,541.6882405098874
547.566,-1.1184820000000002,67caaf87-34fd-412f-8ebc-f0eb37aa8292,Helium Lamp,952,nm,absorbance,541.8917210531132
547.772,-2.9751640000000004,67caaf87-34fd-412f-8ebc-f0eb37aa8292,Helium Lamp,953,nm,absorbance,542.0961941843549
547.977,60.904119,67caaf87-34fd-412f-8ebc-f0eb37aa8292,Helium Lamp,954,nm,absorbance,542.2996747275806
548.182,68.18203899999999,67caaf87-34fd-412f-8ebc-f0eb37aa8292,Helium Lamp,955,nm,absorbance,542.5031552708065
548.388,-8.994884,67caaf87-34fd-412f-8ebc-f0eb37aa8292,Helium Lamp,956,nm,absorbance,542.707628402048
548.593,64.33830499999999,67caaf87-34fd-412f-8ebc-f0eb37aa8292,Helium Lamp,957,nm,absorbance,542.9111089452739
548.799,39.465883,67caaf87-34fd-412f-8ebc-f0eb37aa8292,Helium Lamp,958,nm,absorbance,543.1155820765155
549.004,26.134992,67caaf87-34fd-412f-8ebc-f0eb37aa8292,Helium Lamp,959,nm,absorbance,543.3190626197413
549.209,54.857976,67caaf87-34fd-412f-8ebc-f0eb37aa8292,Helium Lamp,960,nm,absorbance,543.5225431629672
549.415,32.183626,67caaf87-34fd-412f-8ebc-f0eb37aa8292,Helium Lamp,961,nm,absorbance,543.7270162942087
549.62,17.390785,67caaf87-34fd-412f-8ebc-f0eb37aa8292,Helium Lamp,962,nm,absorbance,543.9304968374346
549.825,53.754630000000006,67caaf87-34fd-412f-8ebc-f0eb37aa8292,Helium Lamp,963,nm,absorbance,544.1339773806606
550.031,6.604617999999998,67caaf87-34fd-412f-8ebc-f0eb37aa8292,Helium Lamp,964,nm,absorbance,544.338450511902
550.236,40.394471,67caaf87-34fd-412f-8ebc-f0eb37aa8292,Helium Lamp,965,nm,absorbance,544.5419310551279
550.441,42.535805,67caaf87-34fd-412f-8ebc-f0eb37aa8292,Helium Lamp,966,nm,absorbance,544.7454115983537
550.646,49.281884,67caaf87-34fd-412f-8ebc-f0eb37aa8292,Helium Lamp,967,nm,absorbance,544.9488921415796
550.852,-3.521789,67caaf87-34fd-412f-8ebc-f0eb37aa8292,Helium Lamp,968,nm,absorbance,545.1533652728211
551.057,32.224889,67caaf87-34fd-412f-8ebc-f0eb37aa8292,Helium Lamp,969,nm,absorbance,545.356845816047
551.262,18.671087,67caaf87-34fd-412f-8ebc-f0eb37aa8292,Helium Lamp,970,nm,absorbance,545.5603263592728
551.467,-108.456808,67caaf87-34fd-412f-8ebc-f0eb37aa8292,Helium Lamp,971,nm,absorbance,545.7638069024987
551.672,78.05173099999999,67caaf87-34fd-412f-8ebc-f0eb37aa8292,Helium Lamp,972,nm,absorbance,545.9672874457245
551.878,65.40478,67caaf87-34fd-412f-8ebc-f0eb37aa8292,Helium Lamp,973,nm,absorbance,546.1717605769662
552.083,78.45422099999999,67caaf87-34fd-412f-8ebc-f0eb37aa8292,Helium Lamp,974,nm,absorbance,546.375241120192
552.288,69.970833,67caaf87-34fd-412f-8ebc-f0eb37aa8292,Helium Lamp,975,nm,absorbance,546.5787216634178
552.493,62.62485,67caaf87-34fd-412f-8ebc-f0eb37aa8292,Helium Lamp,976,nm,absorbance,546.7822022066437
552.698,-12.093656,67caaf87-34fd-412f-8ebc-f0eb37aa8292,Helium Lamp,977,nm,absorbance,546.9856827498695
552.903,28.610475,67caaf87-34fd-412f-8ebc-f0eb37aa8292,Helium Lamp,978,nm,absorbance,547.1891632930954
553.108,73.457115,67caaf87-34fd-412f-8ebc-f0eb37aa8292,Helium Lamp,979,nm,absorbance,547.3926438363211
553.313,-77.936253,67caaf87-34fd-412f-8ebc-f0eb37aa8292,Helium Lamp,980,nm,absorbance,547.5961243795471
553.518,45.54273,67caaf87-34fd-412f-8ebc-f0eb37aa8292,Helium Lamp,981,nm,absorbance,547.7996049227729
553.723,56.13669400000001,67caaf87-34fd-412f-8ebc-f0eb37aa8292,Helium Lamp,982,nm,absorbance,548.0030854659987
553.928,16.596781999999997,67caaf87-34fd-412f-8ebc-f0eb37aa8292,Helium Lamp,983,nm,absorbance,548.2065660092246
554.133,36.561693000000005,67caaf87-34fd-412f-8ebc-f0eb37aa8292,Helium Lamp,984,nm,absorbance,548.4100465524505
554.338,-16.322552999999996,67caaf87-34fd-412f-8ebc-f0eb37aa8292,Helium Lamp,985,nm,absorbance,548.6135270956762
554.543,41.265097,67caaf87-34fd-412f-8ebc-f0eb37aa8292,Helium Lamp,986,nm,absorbance,548.8170076389022
554.748,-61.37169399999999,67caaf87-34fd-412f-8ebc-f0eb37aa8292,Helium Lamp,987,nm,absorbance,549.020488182128
554.953,27.268359000000004,67caaf87-34fd-412f-8ebc-f0eb37aa8292,Helium Lamp,988,nm,absorbance,549.2239687253538
555.158,53.80912000000001,67caaf87-34fd-412f-8ebc-f0eb37aa8292,Helium Lamp,989,nm,absorbance,549.4274492685797
555.363,29.33203600000001,67caaf87-34fd-412f-8ebc-f0eb37aa8292,Helium Lamp,990,nm,absorbance,549.6309298118056
555.568,-58.596533,67caaf87-34fd-412f-8ebc-f0eb37aa8292,Helium Lamp,991,nm,absorbance,549.8344103550313
555.773,45.911181,67caaf87-34fd-412f-8ebc-f0eb37aa8292,Helium Lamp,992,nm,absorbance,550.0378908982573
555.978,45.092834,67caaf87-34fd-412f-8ebc-f0eb37aa8292,Helium Lamp,993,nm,absorbance,550.241371441483
556.182,2.849939,67caaf87-34fd-412f-8ebc-f0eb37aa8292,Helium Lamp,994,nm,absorbance,550.4438593966931
556.387,53.33668399999999,67caaf87-34fd-412f-8ebc-f0eb37aa8292,Helium Lamp,995,nm,absorbance,550.647339939919
556.592,17.016555,67caaf87-34fd-412f-8ebc-f0eb37aa8292,Helium Lamp,996,nm,absorbance,550.8508204831448
556.797,108.513432,67caaf87-34fd-412f-8ebc-f0eb37aa8292,Helium Lamp,997,nm,absorbance,551.0543010263707
557.002,21.404992,67caaf87-34fd-412f-8ebc-f0eb37aa8292,Helium Lamp,998,nm,absorbance,551.2577815695964
557.206,-42.637451000000006,67caaf87-34fd-412f-8ebc-f0eb37aa8292,Helium Lamp,999,nm,absorbance,551.4602695248067
557.411,9.047576,67caaf87-34fd-412f-8ebc-f0eb37aa8292,Helium Lamp,1000,nm,absorbance,551.6637500680324
557.616,61.636941,67caaf87-34fd-412f-8ebc-f0eb37aa8292,Helium Lamp,1001,nm,absorbance,551.8672306112583
557.821,31.534422000000006,67caaf87-34fd-412f-8ebc-f0eb37aa8292,Helium Lamp,1002,nm,absorbance,552.0707111544842
558.025,38.430999,67caaf87-34fd-412f-8ebc-f0eb37aa8292,Helium Lamp,1003,nm,absorbance,552.2731991096942
558.23,-7.272391000000001,67caaf87-34fd-412f-8ebc-f0eb37aa8292,Helium Lamp,1004,nm,absorbance,552.4766796529202
558.435,103.208996,67caaf87-34fd-412f-8ebc-f0eb37aa8292,Helium Lamp,1005,nm,absorbance,552.680160196146
558.64,-4.156363999999999,67caaf87-34fd-412f-8ebc-f0eb37aa8292,Helium Lamp,1006,nm,absorbance,552.8836407393718
558.844,2.820656,67caaf87-34fd-412f-8ebc-f0eb37aa8292,Helium Lamp,1007,nm,absorbance,553.086128694582
559.049,14.471084,67caaf87-34fd-412f-8ebc-f0eb37aa8292,Helium Lamp,1008,nm,absorbance,553.2896092378078
559.253,122.302177,67caaf87-34fd-412f-8ebc-f0eb37aa8292,Helium Lamp,1009,nm,absorbance,553.4920971930179
559.458,28.042508,67caaf87-34fd-412f-8ebc-f0eb37aa8292,Helium Lamp,1010,nm,absorbance,553.6955777362438
559.663,-4.831179000000001,67caaf87-34fd-412f-8ebc-f0eb37aa8292,Helium Lamp,1011,nm,absorbance,553.8990582794696
559.867,22.197967,67caaf87-34fd-412f-8ebc-f0eb37aa8292,Helium Lamp,1012,nm,absorbance,554.1015462346796
560.072,37.13385,67caaf87-34fd-412f-8ebc-f0eb37aa8292,Helium Lamp,1013,nm,absorbance,554.3050267779056
560.276,49.669081000000006,67caaf87-34fd-412f-8ebc-f0eb37aa8292,Helium Lamp,1014,nm,absorbance,554.5075147331156
560.481,9.376373999999998,67caaf87-34fd-412f-8ebc-f0eb37aa8292,Helium Lamp,1015,nm,absorbance,554.7109952763415
560.685,26.739535,67caaf87-34fd-412f-8ebc-f0eb37aa8292,Helium Lamp,1016,nm,absorbance,554.9134832315516
560.89,42.945757,67caaf87-34fd-412f-8ebc-f0eb37aa8292,Helium Lamp,1017,nm,absorbance,555.1169637747774
561.094,9.257596,67caaf87-34fd-412f-8ebc-f0eb37aa8292,Helium Lamp,1018,nm,absorbance,555.3194517299876
561.299,33.378941,67caaf87-34fd-412f-8ebc-f0eb37aa8292,Helium Lamp,1019,nm,absorbance,555.5229322732134
561.503,-39.345056,67caaf87-34fd-412f-8ebc-f0eb37aa8292,Helium Lamp,1020,nm,absorbance,555.7254202284236
561.708,-11.264326,67caaf87-34fd-412f-8ebc-f0eb37aa8292,Helium Lamp,1021,nm,absorbance,555.9289007716493
561.912,67.91909700000001,67caaf87-34fd-412f-8ebc-f0eb37aa8292,Helium Lamp,1022,nm,absorbance,556.1313887268595
562.117,64.22939799999999,67caaf87-34fd-412f-8ebc-f0eb37aa8292,Helium Lamp,1023,nm,absorbance,556.3348692700853
562.321,14.200559000000002,67caaf87-34fd-412f-8ebc-f0eb37aa8292,Helium Lamp,1024,nm,absorbance,556.5373572252954
562.525,82.49511899999999,67caaf87-34fd-412f-8ebc-f0eb37aa8292,Helium Lamp,1025,nm,absorbance,556.7398451805055
562.73,72.024937,67caaf87-34fd-412f-8ebc-f0eb37aa8292,Helium Lamp,1026,nm,absorbance,556.9433257237314
562.934,34.832545,67caaf87-34fd-412f-8ebc-f0eb37aa8292,Helium Lamp,1027,nm,absorbance,557.1458136789415
563.139,37.917109,67caaf87-34fd-412f-8ebc-f0eb37aa8292,Helium Lamp,1028,nm,absorbance,557.3492942221674
563.343,14.172256,67caaf87-34fd-412f-8ebc-f0eb37aa8292,Helium Lamp,1029,nm,absorbance,557.5517821773774
563.547,48.146958,67caaf87-34fd-412f-8ebc-f0eb37aa8292,Helium Lamp,1030,nm,absorbance,557.7542701325876
563.752,74.176142,67caaf87-34fd-412f-8ebc-f0eb37aa8292,Helium Lamp,1031,nm,absorbance,557.9577506758134
563.956,39.808909,67caaf87-34fd-412f-8ebc-f0eb37aa8292,Helium Lamp,1032,nm,absorbance,558.1602386310235
564.16,28.408994,67caaf87-34fd-412f-8ebc-f0eb37aa8292,Helium Lamp,1033,nm,absorbance,558.3627265862336
564.364,103.975803,67caaf87-34fd-412f-8ebc-f0eb37aa8292,Helium Lamp,1034,nm,absorbance,558.5652145414438
564.569,-1.888321,67caaf87-34fd-412f-8ebc-f0eb37aa8292,Helium Lamp,1035,nm,absorbance,558.7686950846695
564.773,45.842695,67caaf87-34fd-412f-8ebc-f0eb37aa8292,Helium Lamp,1036,nm,absorbance,558.9711830398797
564.977,48.416929,67caaf87-34fd-412f-8ebc-f0eb37aa8292,Helium Lamp,1037,nm,absorbance,559.1736709950898
565.181,12.048079,67caaf87-34fd-412f-8ebc-f0eb37aa8292,Helium Lamp,1038,nm,absorbance,559.3761589503
565.385,33.924919,67caaf87-34fd-412f-8ebc-f0eb37aa8292,Helium Lamp,1039,nm,absorbance,559.57864690551
565.59,76.773607,67caaf87-34fd-412f-8ebc-f0eb37aa8292,Helium Lamp,1040,nm,absorbance,559.7821274487359
565.794,23.954667,67caaf87-34fd-412f-8ebc-f0eb37aa8292,Helium Lamp,1041,nm,absorbance,559.984615403946
565.998,36.38763600000001,67caaf87-34fd-412f-8ebc-f0eb37aa8292,Helium Lamp,1042,nm,absorbance,560.1871033591561
566.202,78.348103,67caaf87-34fd-412f-8ebc-f0eb37aa8292,Helium Lamp,1043,nm,absorbance,560.3895913143662
566.406,48.22409499999999,67caaf87-34fd-412f-8ebc-f0eb37aa8292,Helium Lamp,1044,nm,absorbance,560.5920792695763
566.61,20.120796,67caaf87-34fd-412f-8ebc-f0eb37aa8292,Helium Lamp,1045,nm,absorbance,560.7945672247864
566.814,95.054294,67caaf87-34fd-412f-8ebc-f0eb37aa8292,Helium Lamp,1046,nm,absorbance,560.9970551799966
567.018,48.504874,67caaf87-34fd-412f-8ebc-f0eb37aa8292,Helium Lamp,1047,nm,absorbance,561.1995431352067
567.222,19.122283,67caaf87-34fd-412f-8ebc-f0eb37aa8292,Helium Lamp,1048,nm,absorbance,561.4020310904167
567.426,49.345850000000006,67caaf87-34fd-412f-8ebc-f0eb37aa8292,Helium Lamp,1049,nm,absorbance,561.604519045627
567.63,107.716216,67caaf87-34fd-412f-8ebc-f0eb37aa8292,Helium Lamp,1050,nm,absorbance,561.807007000837
567.834,97.69271700000002,67caaf87-34fd-412f-8ebc-f0eb37aa8292,Helium Lamp,1051,nm,absorbance,562.009494956047
568.038,59.532296,67caaf87-34fd-412f-8ebc-f0eb37aa8292,Helium Lamp,1052,nm,absorbance,562.2119829112572
568.242,78.795808,67caaf87-34fd-412f-8ebc-f0eb37aa8292,Helium Lamp,1053,nm,absorbance,562.4144708664672
568.446,67.994577,67caaf87-34fd-412f-8ebc-f0eb37aa8292,Helium Lamp,1054,nm,absorbance,562.6169588216775
568.65,36.872122000000005,67caaf87-34fd-412f-8ebc-f0eb37aa8292,Helium Lamp,1055,nm,absorbance,562.8194467768875
568.854,47.072076,67caaf87-34fd-412f-8ebc-f0eb37aa8292,Helium Lamp,1056,nm,absorbance,563.0219347320976
569.058,75.086084,67caaf87-34fd-412f-8ebc-f0eb37aa8292,Helium Lamp,1057,nm,absorbance,563.2244226873078
569.262,58.245504,67caaf87-34fd-412f-8ebc-f0eb37aa8292,Helium Lamp,1058,nm,absorbance,563.4269106425178
569.466,125.28847500000002,67caaf87-34fd-412f-8ebc-f0eb37aa8292,Helium Lamp,1059,nm,absorbance,563.6293985977279
569.67,71.82458299999999,67caaf87-34fd-412f-8ebc-f0eb37aa8292,Helium Lamp,1060,nm,absorbance,563.831886552938
569.874,117.953176,67caaf87-34fd-412f-8ebc-f0eb37aa8292,Helium Lamp,1061,nm,absorbance,564.0343745081482
570.078,66.11736400000001,67caaf87-34fd-412f-8ebc-f0eb37aa8292,Helium Lamp,1062,nm,absorbance,564.2368624633583
570.281,83.157697,67caaf87-34fd-412f-8ebc-f0eb37aa8292,Helium Lamp,1063,nm,absorbance,564.4383578305526
570.485,90.706951,67caaf87-34fd-412f-8ebc-f0eb37aa8292,Helium Lamp,1064,nm,absorbance,564.6408457857627
570.689,51.62355,67caaf87-34fd-412f-8ebc-f0eb37aa8292,Helium Lamp,1065,nm,absorbance,564.8433337409729
570.893,46.327007,67caaf87-34fd-412f-8ebc-f0eb37aa8292,Helium Lamp,1066,nm,absorbance,565.045821696183
571.097,64.70902600000001,67caaf87-34fd-412f-8ebc-f0eb37aa8292,Helium Lamp,1067,nm,absorbance,565.2483096513931
571.3,49.649713000000006,67caaf87-34fd-412f-8ebc-f0eb37aa8292,Helium Lamp,1068,nm,absorbance,565.4498050185874
571.504,52.38805399999999,67caaf87-34fd-412f-8ebc-f0eb37aa8292,Helium Lamp,1069,nm,absorbance,565.6522929737976
571.708,95.17971500000002,67caaf87-34fd-412f-8ebc-f0eb37aa8292,Helium Lamp,1070,nm,absorbance,565.8547809290077
571.912,96.102886,67caaf87-34fd-412f-8ebc-f0eb37aa8292,Helium Lamp,1071,nm,absorbance,566.0572688842178
572.115,63.686478,67caaf87-34fd-412f-8ebc-f0eb37aa8292,Helium Lamp,1072,nm,absorbance,566.2587642514122
572.319,39.441945,67caaf87-34fd-412f-8ebc-f0eb37aa8292,Helium Lamp,1073,nm,absorbance,566.4612522066222
572.523,105.668102,67caaf87-34fd-412f-8ebc-f0eb37aa8292,Helium Lamp,1074,nm,absorbance,566.6637401618324
572.726,59.21619499999999,67caaf87-34fd-412f-8ebc-f0eb37aa8292,Helium Lamp,1075,nm,absorbance,566.8652355290268
572.93,30.195489,67caaf87-34fd-412f-8ebc-f0eb37aa8292,Helium Lamp,1076,nm,absorbance,567.0677234842368
573.133,9.362858,67caaf87-34fd-412f-8ebc-f0eb37aa8292,Helium Lamp,1077,nm,absorbance,567.2692188514313
573.337,39.696483,67caaf87-34fd-412f-8ebc-f0eb37aa8292,Helium Lamp,1078,nm,absorbance,567.4717068066414
573.541,68.85792599999999,67caaf87-34fd-412f-8ebc-f0eb37aa8292,Helium Lamp,1079,nm,absorbance,567.6741947618515
573.744,48.490912,67caaf87-34fd-412f-8ebc-f0eb37aa8292,Helium Lamp,1080,nm,absorbance,567.8756901290459
573.948,101.650352,67caaf87-34fd-412f-8ebc-f0eb37aa8292,Helium Lamp,1081,nm,absorbance,568.0781780842559
574.151,89.294229,67caaf87-34fd-412f-8ebc-f0eb37aa8292,Helium Lamp,1082,nm,absorbance,568.2796734514503
574.355,39.653014,67caaf87-34fd-412f-8ebc-f0eb37aa8292,Helium Lamp,1083,nm,absorbance,568.4821614066605
574.558,11.412603,67caaf87-34fd-412f-8ebc-f0eb37aa8292,Helium Lamp,1084,nm,absorbance,568.6836567738549
574.762,107.180898,67caaf87-34fd-412f-8ebc-f0eb37aa8292,Helium Lamp,1085,nm,absorbance,568.8861447290649
574.965,69.749757,67caaf87-34fd-412f-8ebc-f0eb37aa8292,Helium Lamp,1086,nm,absorbance,569.0876400962593
575.169,75.46142,67caaf87-34fd-412f-8ebc-f0eb37aa8292,Helium Lamp,1087,nm,absorbance,569.2901280514694
575.372,4.731367,67caaf87-34fd-412f-8ebc-f0eb37aa8292,Helium Lamp,1088,nm,absorbance,569.4916234186637
575.576,77.452916,67caaf87-34fd-412f-8ebc-f0eb37aa8292,Helium Lamp,1089,nm,absorbance,569.694111373874
575.779,38.738605,67caaf87-34fd-412f-8ebc-f0eb37aa8292,Helium Lamp,1090,nm,absorbance,569.8956067410683
575.983,40.707845000000006,67caaf87-34fd-412f-8ebc-f0eb37aa8292,Helium Lamp,1091,nm,absorbance,570.0980946962783
576.186,32.173725,67caaf87-34fd-412f-8ebc-f0eb37aa8292,Helium Lamp,1092,nm,absorbance,570.2995900634728
576.389,81.499364,67caaf87-34fd-412f-8ebc-f0eb37aa8292,Helium Lamp,1093,nm,absorbance,570.5010854306671
576.593,103.599229,67caaf87-34fd-412f-8ebc-f0eb37aa8292,Helium Lamp,1094,nm,absorbance,570.7035733858772
576.796,13.541301,67caaf87-34fd-412f-8ebc-f0eb37aa8292,Helium Lamp,1095,nm,absorbance,570.9050687530716
577.0,-38.556742,67caaf87-34fd-412f-8ebc-f0eb37aa8292,Helium Lamp,1096,nm,absorbance,571.1075567082818
577.203,53.700431,67caaf87-34fd-412f-8ebc-f0eb37aa8292,Helium Lamp,1097,nm,absorbance,571.3090520754761
577.406,78.205185,67caaf87-34fd-412f-8ebc-f0eb37aa8292,Helium Lamp,1098,nm,absorbance,571.5105474426704
577.609,53.038162,67caaf87-34fd-412f-8ebc-f0eb37aa8292,Helium Lamp,1099,nm,absorbance,571.7120428098649
577.813,39.208929,67caaf87-34fd-412f-8ebc-f0eb37aa8292,Helium Lamp,1100,nm,absorbance,571.9145307650749
578.016,-12.897382000000002,67caaf87-34fd-412f-8ebc-f0eb37aa8292,Helium Lamp,1101,nm,absorbance,572.1160261322693
578.219,59.059983,67caaf87-34fd-412f-8ebc-f0eb37aa8292,Helium Lamp,1102,nm,absorbance,572.3175214994637
578.423,70.26178999999999,67caaf87-34fd-412f-8ebc-f0eb37aa8292,Helium Lamp,1103,nm,absorbance,572.5200094546739
578.626,29.206172,67caaf87-34fd-412f-8ebc-f0eb37aa8292,Helium Lamp,1104,nm,absorbance,572.7215048218682
578.829,71.84167,67caaf87-34fd-412f-8ebc-f0eb37aa8292,Helium Lamp,1105,nm,absorbance,572.9230001890625
579.032,115.694148,67caaf87-34fd-412f-8ebc-f0eb37aa8292,Helium Lamp,1106,nm,absorbance,573.124495556257
579.235,88.131204,67caaf87-34fd-412f-8ebc-f0eb37aa8292,Helium Lamp,1107,nm,absorbance,573.3259909234513
579.438,-8.172543,67caaf87-34fd-412f-8ebc-f0eb37aa8292,Helium Lamp,1108,nm,absorbance,573.5274862906457
579.642,91.030377,67caaf87-34fd-412f-8ebc-f0eb37aa8292,Helium Lamp,1109,nm,absorbance,573.7299742458558
579.845,98.909495,67caaf87-34fd-412f-8ebc-f0eb37aa8292,Helium Lamp,1110,nm,absorbance,573.9314696130502
580.048,32.630087,67caaf87-34fd-412f-8ebc-f0eb37aa8292,Helium Lamp,1111,nm,absorbance,574.1329649802445
580.251,14.805416,67caaf87-34fd-412f-8ebc-f0eb37aa8292,Helium Lamp,1112,nm,absorbance,574.334460347439
580.454,10.206514000000002,67caaf87-34fd-412f-8ebc-f0eb37aa8292,Helium Lamp,1113,nm,absorbance,574.5359557146332
580.657,71.28201000000001,67caaf87-34fd-412f-8ebc-f0eb37aa8292,Helium Lamp,1114,nm,absorbance,574.7374510818277
580.86,119.20270299999996,67caaf87-34fd-412f-8ebc-f0eb37aa8292,Helium Lamp,1115,nm,absorbance,574.9389464490221
581.063,-24.966458,67caaf87-34fd-412f-8ebc-f0eb37aa8292,Helium Lamp,1116,nm,absorbance,575.1404418162164
581.266,87.59040199999998,67caaf87-34fd-412f-8ebc-f0eb37aa8292,Helium Lamp,1117,nm,absorbance,575.3419371834108
581.469,124.294383,67caaf87-34fd-412f-8ebc-f0eb37aa8292,Helium Lamp,1118,nm,absorbance,575.5434325506052
581.672,53.239129000000005,67caaf87-34fd-412f-8ebc-f0eb37aa8292,Helium Lamp,1119,nm,absorbance,575.7449279177996
581.875,72.51937899999999,67caaf87-34fd-412f-8ebc-f0eb37aa8292,Helium Lamp,1120,nm,absorbance,575.9464232849939
582.078,50.830362,67caaf87-34fd-412f-8ebc-f0eb37aa8292,Helium Lamp,1121,nm,absorbance,576.1479186521883
582.281,83.43593999999999,67caaf87-34fd-412f-8ebc-f0eb37aa8292,Helium Lamp,1122,nm,absorbance,576.3494140193826
582.484,51.09174399999999,67caaf87-34fd-412f-8ebc-f0eb37aa8292,Helium Lamp,1123,nm,absorbance,576.550909386577
582.687,-11.923984,67caaf87-34fd-412f-8ebc-f0eb37aa8292,Helium Lamp,1124,nm,absorbance,576.7524047537714
582.89,124.245758,67caaf87-34fd-412f-8ebc-f0eb37aa8292,Helium Lamp,1125,nm,absorbance,576.9539001209657
583.093,136.183256,67caaf87-34fd-412f-8ebc-f0eb37aa8292,Helium Lamp,1126,nm,absorbance,577.1553954881601
583.296,100.027881,67caaf87-34fd-412f-8ebc-f0eb37aa8292,Helium Lamp,1127,nm,absorbance,577.3568908553545
583.499,98.48623,67caaf87-34fd-412f-8ebc-f0eb37aa8292,Helium Lamp,1128,nm,absorbance,577.558386222549
583.702,81.06772799999999,67caaf87-34fd-412f-8ebc-f0eb37aa8292,Helium Lamp,1129,nm,absorbance,577.7598815897433
583.904,29.660639000000003,67caaf87-34fd-412f-8ebc-f0eb37aa8292,Helium Lamp,1130,nm,absorbance,577.960384368922
584.107,143.479713,67caaf87-34fd-412f-8ebc-f0eb37aa8292,Helium Lamp,1131,nm,absorbance,578.1618797361162
584.31,115.514407,67caaf87-34fd-412f-8ebc-f0eb37aa8292,Helium Lamp,1132,nm,absorbance,578.3633751033107
584.513,92.29623,67caaf87-34fd-412f-8ebc-f0eb37aa8292,Helium Lamp,1133,nm,absorbance,578.5648704705051
584.716,100.05014,67caaf87-34fd-412f-8ebc-f0eb37aa8292,Helium Lamp,1134,nm,absorbance,578.7663658376994
584.918,82.488399,67caaf87-34fd-412f-8ebc-f0eb37aa8292,Helium Lamp,1135,nm,absorbance,578.9668686168781
585.121,109.67678800000002,67caaf87-34fd-412f-8ebc-f0eb37aa8292,Helium Lamp,1136,nm,absorbance,579.1683639840724
585.324,90.886347,67caaf87-34fd-412f-8ebc-f0eb37aa8292,Helium Lamp,1137,nm,absorbance,579.3698593512668
585.527,75.938889,67caaf87-34fd-412f-8ebc-f0eb37aa8292,Helium Lamp,1138,nm,absorbance,579.5713547184612
585.729,127.38574,67caaf87-34fd-412f-8ebc-f0eb37aa8292,Helium Lamp,1139,nm,absorbance,579.7718574976399
585.932,65.146262,67caaf87-34fd-412f-8ebc-f0eb37aa8292,Helium Lamp,1140,nm,absorbance,579.9733528648342
586.135,173.06620400000003,67caaf87-34fd-412f-8ebc-f0eb37aa8292,Helium Lamp,1141,nm,absorbance,580.1748482320286
586.337,133.832264,67caaf87-34fd-412f-8ebc-f0eb37aa8292,Helium Lamp,1142,nm,absorbance,580.3753510112072
586.54,148.94656300000003,67caaf87-34fd-412f-8ebc-f0eb37aa8292,Helium Lamp,1143,nm,absorbance,580.5768463784016
586.743,121.442783,67caaf87-34fd-412f-8ebc-f0eb37aa8292,Helium Lamp,1144,nm,absorbance,580.778341745596
586.945,113.485319,67caaf87-34fd-412f-8ebc-f0eb37aa8292,Helium Lamp,1145,nm,absorbance,580.9788445247747
587.148,212.652849,67caaf87-34fd-412f-8ebc-f0eb37aa8292,Helium Lamp,1146,nm,absorbance,581.180339891969
587.35,349.31227,67caaf87-34fd-412f-8ebc-f0eb37aa8292,Helium Lamp,1147,nm,absorbance,581.3808426711477
587.553,572.8927160000001,67caaf87-34fd-412f-8ebc-f0eb37aa8292,Helium Lamp,1148,nm,absorbance,581.582338038342
587.755,919.005394,67caaf87-34fd-412f-8ebc-f0eb37aa8292,Helium Lamp,1149,nm,absorbance,581.7828408175207
587.958,1446.1008540000005,67caaf87-34fd-412f-8ebc-f0eb37aa8292,Helium Lamp,1150,nm,absorbance,581.984336184715
588.161,2160.687543,67caaf87-34fd-412f-8ebc-f0eb37aa8292,Helium Lamp,1151,nm,absorbance,582.1858315519094
588.363,3248.084605,67caaf87-34fd-412f-8ebc-f0eb37aa8292,Helium Lamp,1152,nm,absorbance,582.386334331088
588.566,4916.172095000001,67caaf87-34fd-412f-8ebc-f0eb37aa8292,Helium Lamp,1153,nm,absorbance,582.5878296982823
588.768,6844.49411,67caaf87-34fd-412f-8ebc-f0eb37aa8292,Helium Lamp,1154,nm,absorbance,582.788332477461
588.971,8631.541207,67caaf87-34fd-412f-8ebc-f0eb37aa8292,Helium Lamp,1155,nm,absorbance,582.9898278446553
589.173,10128.020008,67caaf87-34fd-412f-8ebc-f0eb37aa8292,Helium Lamp,1156,nm,absorbance,583.190330623834
589.375,11482.537223,67caaf87-34fd-412f-8ebc-f0eb37aa8292,Helium Lamp,1157,nm,absorbance,583.3908334030126
589.578,12265.280674,67caaf87-34fd-412f-8ebc-f0eb37aa8292,Helium Lamp,1158,nm,absorbance,583.592328770207
589.78,13085.695783,67caaf87-34fd-412f-8ebc-f0eb37aa8292,Helium Lamp,1159,nm,absorbance,583.7928315493856
589.983,13774.057859,67caaf87-34fd-412f-8ebc-f0eb37aa8292,Helium Lamp,1160,nm,absorbance,583.99432691658
590.185,14596.113772,67caaf87-34fd-412f-8ebc-f0eb37aa8292,Helium Lamp,1161,nm,absorbance,584.1948296957586
590.387,14997.964382,67caaf87-34fd-412f-8ebc-f0eb37aa8292,Helium Lamp,1162,nm,absorbance,584.3953324749373
590.59,15765.745755,67caaf87-34fd-412f-8ebc-f0eb37aa8292,Helium Lamp,1163,nm,absorbance,584.5968278421317
590.792,16311.23132,67caaf87-34fd-412f-8ebc-f0eb37aa8292,Helium Lamp,1164,nm,absorbance,584.7973306213104
590.994,16663.293926,67caaf87-34fd-412f-8ebc-f0eb37aa8292,Helium Lamp,1165,nm,absorbance,584.997833400489
591.197,16820.758367000002,67caaf87-34fd-412f-8ebc-f0eb37aa8292,Helium Lamp,1166,nm,absorbance,585.1993287676834
591.399,17010.725290000002,67caaf87-34fd-412f-8ebc-f0eb37aa8292,Helium Lamp,1167,nm,absorbance,585.399831546862
591.601,17343.842614999998,67caaf87-34fd-412f-8ebc-f0eb37aa8292,Helium Lamp,1168,nm,absorbance,585.6003343260406
591.803,17382.642114,67caaf87-34fd-412f-8ebc-f0eb37aa8292,Helium Lamp,1169,nm,absorbance,585.8008371052192
592.006,17612.805553,67caaf87-34fd-412f-8ebc-f0eb37aa8292,Helium Lamp,1170,nm,absorbance,586.0023324724136
592.208,17959.930755999998,67caaf87-34fd-412f-8ebc-f0eb37aa8292,Helium Lamp,1171,nm,absorbance,586.2028352515922
592.41,18266.775406,67caaf87-34fd-412f-8ebc-f0eb37aa8292,Helium Lamp,1172,nm,absorbance,586.4033380307709
592.612,18715.034151,67caaf87-34fd-412f-8ebc-f0eb37aa8292,Helium Lamp,1173,nm,absorbance,586.6038408099495
592.815,18919.596754,67caaf87-34fd-412f-8ebc-f0eb37aa8292,Helium Lamp,1174,nm,absorbance,586.805336177144
593.017,18848.139504,67caaf87-34fd-412f-8ebc-f0eb37aa8292,Helium Lamp,1175,nm,absorbance,587.0058389563226
593.219,18274.581687000005,67caaf87-34fd-412f-8ebc-f0eb37aa8292,Helium Lamp,1176,nm,absorbance,587.2063417355013
593.421,17980.402949000003,67caaf87-34fd-412f-8ebc-f0eb37aa8292,Helium Lamp,1177,nm,absorbance,587.4068445146798
593.623,17695.635371999997,67caaf87-34fd-412f-8ebc-f0eb37aa8292,Helium Lamp,1178,nm,absorbance,587.6073472938585
593.825,17494.317183,67caaf87-34fd-412f-8ebc-f0eb37aa8292,Helium Lamp,1179,nm,absorbance,587.8078500730371
594.027,17202.664513,67caaf87-34fd-412f-8ebc-f0eb37aa8292,Helium Lamp,1180,nm,absorbance,588.0083528522158
594.229,17099.831481999998,67caaf87-34fd-412f-8ebc-f0eb37aa8292,Helium Lamp,1181,nm,absorbance,588.2088556313944
594.432,16818.084252,67caaf87-34fd-412f-8ebc-f0eb37aa8292,Helium Lamp,1182,nm,absorbance,588.4103509985888
594.634,16898.565174,67caaf87-34fd-412f-8ebc-f0eb37aa8292,Helium Lamp,1183,nm,absorbance,588.6108537777674
594.836,16533.638209999997,67caaf87-34fd-412f-8ebc-f0eb37aa8292,Helium Lamp,1184,nm,absorbance,588.8113565569461
595.038,16472.252526000004,67caaf87-34fd-412f-8ebc-f0eb37aa8292,Helium Lamp,1185,nm,absorbance,589.0118593361246
595.24,16143.208943,67caaf87-34fd-412f-8ebc-f0eb37aa8292,Helium Lamp,1186,nm,absorbance,589.2123621153033
595.442,16436.60602,67caaf87-34fd-412f-8ebc-f0eb37aa8292,Helium Lamp,1187,nm,absorbance,589.412864894482
595.644,16533.227555999998,67caaf87-34fd-412f-8ebc-f0eb37aa8292,Helium Lamp,1188,nm,absorbance,589.6133676736606
595.846,16540.710787,67caaf87-34fd-412f-8ebc-f0eb37aa8292,Helium Lamp,1189,nm,absorbance,589.8138704528393
596.048,16152.333974,67caaf87-34fd-412f-8ebc-f0eb37aa8292,Helium Lamp,1190,nm,absorbance,590.0143732320179
596.249,15588.883469,67caaf87-34fd-412f-8ebc-f0eb37aa8292,Helium Lamp,1191,nm,absorbance,590.2138834231808
596.451,14986.109239,67caaf87-34fd-412f-8ebc-f0eb37aa8292,Helium Lamp,1192,nm,absorbance,590.4143862023594
596.653,14281.093508,67caaf87-34fd-412f-8ebc-f0eb37aa8292,Helium Lamp,1193,nm,absorbance,590.6148889815381
596.855,13152.544174,67caaf87-34fd-412f-8ebc-f0eb37aa8292,Helium Lamp,1194,nm,absorbance,590.8153917607167
597.057,11927.22652,67caaf87-34fd-412f-8ebc-f0eb37aa8292,Helium Lamp,1195,nm,absorbance,591.0158945398954
597.259,10222.524223,67caaf87-34fd-412f-8ebc-f0eb37aa8292,Helium Lamp,1196,nm,absorbance,591.216397319074
597.461,9229.387250999998,67caaf87-34fd-412f-8ebc-f0eb37aa8292,Helium Lamp,1197,nm,absorbance,591.4169000982527
597.663,8357.387500999997,67caaf87-34fd-412f-8ebc-f0eb37aa8292,Helium Lamp,1198,nm,absorbance,591.6174028774312
597.864,7819.441695999999,67caaf87-34fd-412f-8ebc-f0eb37aa8292,Helium Lamp,1199,nm,absorbance,591.8169130685942
598.066,7394.947614,67caaf87-34fd-412f-8ebc-f0eb37aa8292,Helium Lamp,1200,nm,absorbance,592.0174158477728
598.268,6846.143091,67caaf87-34fd-412f-8ebc-f0eb37aa8292,Helium Lamp,1201,nm,absorbance,592.2179186269515
598.47,6254.321606,67caaf87-34fd-412f-8ebc-f0eb37aa8292,Helium Lamp,1202,nm,absorbance,592.41842140613
598.671,5588.056309,67caaf87-34fd-412f-8ebc-f0eb37aa8292,Helium Lamp,1203,nm,absorbance,592.617931597293
598.873,5000.934515,67caaf87-34fd-412f-8ebc-f0eb37aa8292,Helium Lamp,1204,nm,absorbance,592.8184343764716
599.075,4358.476434,67caaf87-34fd-412f-8ebc-f0eb37aa8292,Helium Lamp,1205,nm,absorbance,593.0189371556503
599.277,3770.179521000001,67caaf87-34fd-412f-8ebc-f0eb37aa8292,Helium Lamp,1206,nm,absorbance,593.219439934829
599.478,3226.971754,67caaf87-34fd-412f-8ebc-f0eb37aa8292,Helium Lamp,1207,nm,absorbance,593.4189501259917
599.68,2669.980088,67caaf87-34fd-412f-8ebc-f0eb37aa8292,Helium Lamp,1208,nm,absorbance,593.6194529051704
599.882,2271.947291,67caaf87-34fd-412f-8ebc-f0eb37aa8292,Helium Lamp,1209,nm,absorbance,593.819955684349
600.083,1865.039493,67caaf87-34fd-412f-8ebc-f0eb37aa8292,Helium Lamp,1210,nm,absorbance,594.019465875512
600.285,1353.454636,67caaf87-34fd-412f-8ebc-f0eb37aa8292,Helium Lamp,1211,nm,absorbance,594.2199686546905
600.487,1086.4262199999998,67caaf87-34fd-412f-8ebc-f0eb37aa8292,Helium Lamp,1212,nm,absorbance,594.4204714338692
600.688,803.73285,67caaf87-34fd-412f-8ebc-f0eb37aa8292,Helium Lamp,1213,nm,absorbance,594.6199816250321
600.89,517.380039,67caaf87-34fd-412f-8ebc-f0eb37aa8292,Helium Lamp,1214,nm,absorbance,594.8204844042108
601.091,336.612773,67caaf87-34fd-412f-8ebc-f0eb37aa8292,Helium Lamp,1215,nm,absorbance,595.0199945953736
601.293,261.810207,67caaf87-34fd-412f-8ebc-f0eb37aa8292,Helium Lamp,1216,nm,absorbance,595.2204973745523
601.494,178.84436599999998,67caaf87-34fd-412f-8ebc-f0eb37aa8292,Helium Lamp,1217,nm,absorbance,595.4200075657153
601.696,167.992913,67caaf87-34fd-412f-8ebc-f0eb37aa8292,Helium Lamp,1218,nm,absorbance,595.6205103448939
601.898,75.404416,67caaf87-34fd-412f-8ebc-f0eb37aa8292,Helium Lamp,1219,nm,absorbance,595.8210131240726
602.099,145.737451,67caaf87-34fd-412f-8ebc-f0eb37aa8292,Helium Lamp,1220,nm,absorbance,596.0205233152354
602.301,71.45988600000001,67caaf87-34fd-412f-8ebc-f0eb37aa8292,Helium Lamp,1221,nm,absorbance,596.2210260944141
602.502,157.419992,67caaf87-34fd-412f-8ebc-f0eb37aa8292,Helium Lamp,1222,nm,absorbance,596.4205362855769
602.703,72.24106700000002,67caaf87-34fd-412f-8ebc-f0eb37aa8292,Helium Lamp,1223,nm,absorbance,596.6200464767398
602.905,137.48103099999997,67caaf87-34fd-412f-8ebc-f0eb37aa8292,Helium Lamp,1224,nm,absorbance,596.8205492559184
603.106,36.360961,67caaf87-34fd-412f-8ebc-f0eb37aa8292,Helium Lamp,1225,nm,absorbance,597.0200594470814
603.308,163.36333,67caaf87-34fd-412f-8ebc-f0eb37aa8292,Helium Lamp,1226,nm,absorbance,597.22056222626
603.509,124.452977,67caaf87-34fd-412f-8ebc-f0eb37aa8292,Helium Lamp,1227,nm,absorbance,597.420072417423
603.711,70.803998,67caaf87-34fd-412f-8ebc-f0eb37aa8292,Helium Lamp,1228,nm,absorbance,597.6205751966016
603.912,125.403847,67caaf87-34fd-412f-8ebc-f0eb37aa8292,Helium Lamp,1229,nm,absorbance,597.8200853877645
604.113,69.26159,67caaf87-34fd-412f-8ebc-f0eb37aa8292,Helium Lamp,1230,nm,absorbance,598.0195955789275
604.315,69.089173,67caaf87-34fd-412f-8ebc-f0eb37aa8292,Helium Lamp,1231,nm,absorbance,598.220098358106
604.516,59.49422199999999,67caaf87-34fd-412f-8ebc-f0eb37aa8292,Helium Lamp,1232,nm,absorbance,598.4196085492689
604.717,70.03299600000001,67caaf87-34fd-412f-8ebc-f0eb37aa8292,Helium Lamp,1233,nm,absorbance,598.6191187404318
604.919,74.205484,67caaf87-34fd-412f-8ebc-f0eb37aa8292,Helium Lamp,1234,nm,absorbance,598.8196215196105
605.12,126.65369,67caaf87-34fd-412f-8ebc-f0eb37aa8292,Helium Lamp,1235,nm,absorbance,599.0191317107733
605.321,106.584739,67caaf87-34fd-412f-8ebc-f0eb37aa8292,Helium Lamp,1236,nm,absorbance,599.2186419019363
605.522,106.133167,67caaf87-34fd-412f-8ebc-f0eb37aa8292,Helium Lamp,1237,nm,absorbance,599.4181520930993
605.724,76.99389599999999,67caaf87-34fd-412f-8ebc-f0eb37aa8292,Helium Lamp,1238,nm,absorbance,599.6186548722778
605.925,132.38674600000002,67caaf87-34fd-412f-8ebc-f0eb37aa8292,Helium Lamp,1239,nm,absorbance,599.8181650634407
606.126,31.126606,67caaf87-34fd-412f-8ebc-f0eb37aa8292,Helium Lamp,1240,nm,absorbance,600.0176752546035
606.327,61.98887500000001,67caaf87-34fd-412f-8ebc-f0eb37aa8292,Helium Lamp,1241,nm,absorbance,600.2171854457665
606.528,67.329013,67caaf87-34fd-412f-8ebc-f0eb37aa8292,Helium Lamp,1242,nm,absorbance,600.4166956369294
606.729,28.852206,67caaf87-34fd-412f-8ebc-f0eb37aa8292,Helium Lamp,1243,nm,absorbance,600.6162058280923
606.931,112.028609,67caaf87-34fd-412f-8ebc-f0eb37aa8292,Helium Lamp,1244,nm,absorbance,600.816708607271
607.132,122.47199299999996,67caaf87-34fd-412f-8ebc-f0eb37aa8292,Helium Lamp,1245,nm,absorbance,601.0162187984338
607.333,79.58614399999999,67caaf87-34fd-412f-8ebc-f0eb37aa8292,Helium Lamp,1246,nm,absorbance,601.2157289895968
607.534,67.19567200000002,67caaf87-34fd-412f-8ebc-f0eb37aa8292,Helium Lamp,1247,nm,absorbance,601.4152391807596
607.735,24.115293,67caaf87-34fd-412f-8ebc-f0eb37aa8292,Helium Lamp,1248,nm,absorbance,601.6147493719226
607.936,70.22067,67caaf87-34fd-412f-8ebc-f0eb37aa8292,Helium Lamp,1249,nm,absorbance,601.8142595630854
608.137,22.503279000000003,67caaf87-34fd-412f-8ebc-f0eb37aa8292,Helium Lamp,1250,nm,absorbance,602.0137697542483
608.338,67.55230700000001,67caaf87-34fd-412f-8ebc-f0eb37aa8292,Helium Lamp,1251,nm,absorbance,602.2132799454113
608.539,55.053373,67caaf87-34fd-412f-8ebc-f0eb37aa8292,Helium Lamp,1252,nm,absorbance,602.4127901365741
608.74,94.11015700000002,67caaf87-34fd-412f-8ebc-f0eb37aa8292,Helium Lamp,1253,nm,absorbance,602.6123003277371
608.941,56.547307,67caaf87-34fd-412f-8ebc-f0eb37aa8292,Helium Lamp,1254,nm,absorbance,602.8118105189
609.142,5.47426,67caaf87-34fd-412f-8ebc-f0eb37aa8292,Helium Lamp,1255,nm,absorbance,603.0113207100629
609.343,70.06891499999999,67caaf87-34fd-412f-8ebc-f0eb37aa8292,Helium Lamp,1256,nm,absorbance,603.2108309012258
609.544,137.306566,67caaf87-34fd-412f-8ebc-f0eb37aa8292,Helium Lamp,1257,nm,absorbance,603.4103410923886
609.745,81.296304,67caaf87-34fd-412f-8ebc-f0eb37aa8292,Helium Lamp,1258,nm,absorbance,603.6098512835516
609.946,75.56337199999999,67caaf87-34fd-412f-8ebc-f0eb37aa8292,Helium Lamp,1259,nm,absorbance,603.8093614747145
610.147,94.624178,67caaf87-34fd-412f-8ebc-f0eb37aa8292,Helium Lamp,1260,nm,absorbance,604.0088716658775
610.348,52.593931,67caaf87-34fd-412f-8ebc-f0eb37aa8292,Helium Lamp,1261,nm,absorbance,604.2083818570402
610.549,21.560802,67caaf87-34fd-412f-8ebc-f0eb37aa8292,Helium Lamp,1262,nm,absorbance,604.4078920482032
610.75,86.703049,67caaf87-34fd-412f-8ebc-f0eb37aa8292,Helium Lamp,1263,nm,absorbance,604.6074022393661
610.95,67.77002300000001,67caaf87-34fd-412f-8ebc-f0eb37aa8292,Helium Lamp,1264,nm,absorbance,604.8059198425133
611.151,37.039807,67caaf87-34fd-412f-8ebc-f0eb37aa8292,Helium Lamp,1265,nm,absorbance,605.0054300336761
611.352,91.346182,67caaf87-34fd-412f-8ebc-f0eb37aa8292,Helium Lamp,1266,nm,absorbance,605.204940224839
611.553,21.777937,67caaf87-34fd-412f-8ebc-f0eb37aa8292,Helium Lamp,1267,nm,absorbance,605.404450416002
611.754,33.594587000000004,67caaf87-34fd-412f-8ebc-f0eb37aa8292,Helium Lamp,1268,nm,absorbance,605.6039606071649
611.954,80.02044500000001,67caaf87-34fd-412f-8ebc-f0eb37aa8292,Helium Lamp,1269,nm,absorbance,605.802478210312
612.155,38.475287,67caaf87-34fd-412f-8ebc-f0eb37aa8292,Helium Lamp,1270,nm,absorbance,606.0019884014749
612.356,80.044278,67caaf87-34fd-412f-8ebc-f0eb37aa8292,Helium Lamp,1271,nm,absorbance,606.2014985926378
612.557,86.131993,67caaf87-34fd-412f-8ebc-f0eb37aa8292,Helium Lamp,1272,nm,absorbance,606.4010087838008
612.757,65.45313100000001,67caaf87-34fd-412f-8ebc-f0eb37aa8292,Helium Lamp,1273,nm,absorbance,606.5995263869479
612.958,36.193156,67caaf87-34fd-412f-8ebc-f0eb37aa8292,Helium Lamp,1274,nm,absorbance,606.7990365781108
613.159,23.303948,67caaf87-34fd-412f-8ebc-f0eb37aa8292,Helium Lamp,1275,nm,absorbance,606.9985467692737
613.359,67.246209,67caaf87-34fd-412f-8ebc-f0eb37aa8292,Helium Lamp,1276,nm,absorbance,607.1970643724209
613.56,36.816466000000005,67caaf87-34fd-412f-8ebc-f0eb37aa8292,Helium Lamp,1277,nm,absorbance,607.3965745635837
613.761,-2.444968,67caaf87-34fd-412f-8ebc-f0eb37aa8292,Helium Lamp,1278,nm,absorbance,607.5960847547467
613.961,87.028903,67caaf87-34fd-412f-8ebc-f0eb37aa8292,Helium Lamp,1279,nm,absorbance,607.7946023578938
614.162,32.075654,67caaf87-34fd-412f-8ebc-f0eb37aa8292,Helium Lamp,1280,nm,absorbance,607.9941125490568
614.362,69.516496,67caaf87-34fd-412f-8ebc-f0eb37aa8292,Helium Lamp,1281,nm,absorbance,608.192630152204
614.563,67.762356,67caaf87-34fd-412f-8ebc-f0eb37aa8292,Helium Lamp,1282,nm,absorbance,608.3921403433668
614.764,72.573485,67caaf87-34fd-412f-8ebc-f0eb37aa8292,Helium Lamp,1283,nm,absorbance,608.5916505345298
614.964,84.115843,67caaf87-34fd-412f-8ebc-f0eb37aa8292,Helium Lamp,1284,nm,absorbance,608.7901681376769
615.165,80.735218,67caaf87-34fd-412f-8ebc-f0eb37aa8292,Helium Lamp,1285,nm,absorbance,608.9896783288398
615.365,58.44092199999999,67caaf87-34fd-412f-8ebc-f0eb37aa8292,Helium Lamp,1286,nm,absorbance,609.188195931987
615.566,58.2469,67caaf87-34fd-412f-8ebc-f0eb37aa8292,Helium Lamp,1287,nm,absorbance,609.3877061231499
615.766,80.037866,67caaf87-34fd-412f-8ebc-f0eb37aa8292,Helium Lamp,1288,nm,absorbance,609.586223726297
615.967,71.06375899999999,67caaf87-34fd-412f-8ebc-f0eb37aa8292,Helium Lamp,1289,nm,absorbance,609.7857339174599
616.167,32.314425,67caaf87-34fd-412f-8ebc-f0eb37aa8292,Helium Lamp,1290,nm,absorbance,609.9842515206071
616.368,70.176374,67caaf87-34fd-412f-8ebc-f0eb37aa8292,Helium Lamp,1291,nm,absorbance,610.1837617117701
616.568,-7.522388999999999,67caaf87-34fd-412f-8ebc-f0eb37aa8292,Helium Lamp,1292,nm,absorbance,610.3822793149171
616.768,25.487641000000004,67caaf87-34fd-412f-8ebc-f0eb37aa8292,Helium Lamp,1293,nm,absorbance,610.5807969180644
616.969,73.013177,67caaf87-34fd-412f-8ebc-f0eb37aa8292,Helium Lamp,1294,nm,absorbance,610.7803071092274
617.169,28.556155,67caaf87-34fd-412f-8ebc-f0eb37aa8292,Helium Lamp,1295,nm,absorbance,610.9788247123744
617.37,0.825956,67caaf87-34fd-412f-8ebc-f0eb37aa8292,Helium Lamp,1296,nm,absorbance,611.1783349035373
617.57,58.11150400000001,67caaf87-34fd-412f-8ebc-f0eb37aa8292,Helium Lamp,1297,nm,absorbance,611.3768525066845
617.77,116.019972,67caaf87-34fd-412f-8ebc-f0eb37aa8292,Helium Lamp,1298,nm,absorbance,611.5753701098316
617.971,68.079648,67caaf87-34fd-412f-8ebc-f0eb37aa8292,Helium Lamp,1299,nm,absorbance,611.7748803009946
618.171,22.67251,67caaf87-34fd-412f-8ebc-f0eb37aa8292,Helium Lamp,1300,nm,absorbance,611.9733979041417
618.371,67.035383,67caaf87-34fd-412f-8ebc-f0eb37aa8292,Helium Lamp,1301,nm,absorbance,612.1719155072889
618.571,33.372294,67caaf87-34fd-412f-8ebc-f0eb37aa8292,Helium Lamp,1302,nm,absorbance,612.3704331104361
618.772,78.22988500000001,67caaf87-34fd-412f-8ebc-f0eb37aa8292,Helium Lamp,1303,nm,absorbance,612.569943301599
618.972,35.60125599999999,67caaf87-34fd-412f-8ebc-f0eb37aa8292,Helium Lamp,1304,nm,absorbance,612.7684609047461
619.172,60.58284299999999,67caaf87-34fd-412f-8ebc-f0eb37aa8292,Helium Lamp,1305,nm,absorbance,612.9669785078933
619.372,26.77874,67caaf87-34fd-412f-8ebc-f0eb37aa8292,Helium Lamp,1306,nm,absorbance,613.1654961110404
619.573,74.887235,67caaf87-34fd-412f-8ebc-f0eb37aa8292,Helium Lamp,1307,nm,absorbance,613.3650063022034
619.773,14.979835000000003,67caaf87-34fd-412f-8ebc-f0eb37aa8292,Helium Lamp,1308,nm,absorbance,613.5635239053505
619.973,79.36430800000001,67caaf87-34fd-412f-8ebc-f0eb37aa8292,Helium Lamp,1309,nm,absorbance,613.7620415084976
620.173,97.35913,67caaf87-34fd-412f-8ebc-f0eb37aa8292,Helium Lamp,1310,nm,absorbance,613.9605591116449
620.373,24.81376000000001,67caaf87-34fd-412f-8ebc-f0eb37aa8292,Helium Lamp,1311,nm,absorbance,614.159076714792
620.573,41.786468,67caaf87-34fd-412f-8ebc-f0eb37aa8292,Helium Lamp,1312,nm,absorbance,614.3575943179392
620.774,18.245437,67caaf87-34fd-412f-8ebc-f0eb37aa8292,Helium Lamp,1313,nm,absorbance,614.5571045091021
620.974,22.359853,67caaf87-34fd-412f-8ebc-f0eb37aa8292,Helium Lamp,1314,nm,absorbance,614.7556221122493
621.174,18.254417000000004,67caaf87-34fd-412f-8ebc-f0eb37aa8292,Helium Lamp,1315,nm,absorbance,614.9541397153964
621.374,32.002532,67caaf87-34fd-412f-8ebc-f0eb37aa8292,Helium Lamp,1316,nm,absorbance,615.1526573185436
621.574,132.87730100000002,67caaf87-34fd-412f-8ebc-f0eb37aa8292,Helium Lamp,1317,nm,absorbance,615.3511749216907
621.774,-30.770805000000003,67caaf87-34fd-412f-8ebc-f0eb37aa8292,Helium Lamp,1318,nm,absorbance,615.549692524838
621.974,39.402608,67caaf87-34fd-412f-8ebc-f0eb37aa8292,Helium Lamp,1319,nm,absorbance,615.7482101279851
622.174,41.284552000000005,67caaf87-34fd-412f-8ebc-f0eb37aa8292,Helium Lamp,1320,nm,absorbance,615.9467277311322
622.374,43.157032,67caaf87-34fd-412f-8ebc-f0eb37aa8292,Helium Lamp,1321,nm,absorbance,616.1452453342795
622.574,52.202264,67caaf87-34fd-412f-8ebc-f0eb37aa8292,Helium Lamp,1322,nm,absorbance,616.3437629374265
622.774,64.215654,67caaf87-34fd-412f-8ebc-f0eb37aa8292,Helium Lamp,1323,nm,absorbance,616.5422805405738
622.974,19.487891,67caaf87-34fd-412f-8ebc-f0eb37aa8292,Helium Lamp,1324,nm,absorbance,616.740798143721
623.174,62.135037,67caaf87-34fd-412f-8ebc-f0eb37aa8292,Helium Lamp,1325,nm,absorbance,616.939315746868
623.374,-12.512565,67caaf87-34fd-412f-8ebc-f0eb37aa8292,Helium Lamp,1326,nm,absorbance,617.1378333500153
623.574,45.286273,67caaf87-34fd-412f-8ebc-f0eb37aa8292,Helium Lamp,1327,nm,absorbance,617.3363509531624
623.774,65.28856499999999,67caaf87-34fd-412f-8ebc-f0eb37aa8292,Helium Lamp,1328,nm,absorbance,617.5348685563096
623.973,80.09505899999999,67caaf87-34fd-412f-8ebc-f0eb37aa8292,Helium Lamp,1329,nm,absorbance,617.732393571441
624.173,86.03951099999998,67caaf87-34fd-412f-8ebc-f0eb37aa8292,Helium Lamp,1330,nm,absorbance,617.9309111745882
624.373,40.855935,67caaf87-34fd-412f-8ebc-f0eb37aa8292,Helium Lamp,1331,nm,absorbance,618.1294287777354
624.573,17.542884000000004,67caaf87-34fd-412f-8ebc-f0eb37aa8292,Helium Lamp,1332,nm,absorbance,618.3279463808825
624.773,52.000706,67caaf87-34fd-412f-8ebc-f0eb37aa8292,Helium Lamp,1333,nm,absorbance,618.5264639840298
624.973,53.33333699999999,67caaf87-34fd-412f-8ebc-f0eb37aa8292,Helium Lamp,1334,nm,absorbance,618.7249815871768
625.172,90.603813,67caaf87-34fd-412f-8ebc-f0eb37aa8292,Helium Lamp,1335,nm,absorbance,618.9225066023083
625.372,60.802879,67caaf87-34fd-412f-8ebc-f0eb37aa8292,Helium Lamp,1336,nm,absorbance,619.1210242054555
625.572,27.579059,67caaf87-34fd-412f-8ebc-f0eb37aa8292,Helium Lamp,1337,nm,absorbance,619.3195418086026
625.772,2.008267,67caaf87-34fd-412f-8ebc-f0eb37aa8292,Helium Lamp,1338,nm,absorbance,619.5180594117498
625.971,65.74902,67caaf87-34fd-412f-8ebc-f0eb37aa8292,Helium Lamp,1339,nm,absorbance,619.7155844268813
626.171,33.49970999999999,67caaf87-34fd-412f-8ebc-f0eb37aa8292,Helium Lamp,1340,nm,absorbance,619.9141020300284
626.371,-17.213385,67caaf87-34fd-412f-8ebc-f0eb37aa8292,Helium Lamp,1341,nm,absorbance,620.1126196331755
626.57,47.836844,67caaf87-34fd-412f-8ebc-f0eb37aa8292,Helium Lamp,1342,nm,absorbance,620.3101446483071
626.77,79.568192,67caaf87-34fd-412f-8ebc-f0eb37aa8292,Helium Lamp,1343,nm,absorbance,620.5086622514541
626.97,22.07339,67caaf87-34fd-412f-8ebc-f0eb37aa8292,Helium Lamp,1344,nm,absorbance,620.7071798546013
627.169,81.59592599999999,67caaf87-34fd-412f-8ebc-f0eb37aa8292,Helium Lamp,1345,nm,absorbance,620.9047048697328
627.369,94.17768699999998,67caaf87-34fd-412f-8ebc-f0eb37aa8292,Helium Lamp,1346,nm,absorbance,621.1032224728799
627.569,76.38925800000001,67caaf87-34fd-412f-8ebc-f0eb37aa8292,Helium Lamp,1347,nm,absorbance,621.301740076027
627.768,13.921402999999998,67caaf87-34fd-412f-8ebc-f0eb37aa8292,Helium Lamp,1348,nm,absorbance,621.4992650911586
627.968,56.54339500000001,67caaf87-34fd-412f-8ebc-f0eb37aa8292,Helium Lamp,1349,nm,absorbance,621.6977826943056
628.167,72.51622,67caaf87-34fd-412f-8ebc-f0eb37aa8292,Helium Lamp,1350,nm,absorbance,621.8953077094371
628.367,34.673149,67caaf87-34fd-412f-8ebc-f0eb37aa8292,Helium Lamp,1351,nm,absorbance,622.0938253125843
628.566,66.606212,67caaf87-34fd-412f-8ebc-f0eb37aa8292,Helium Lamp,1352,nm,absorbance,622.2913503277157
628.766,99.57186299999998,67caaf87-34fd-412f-8ebc-f0eb37aa8292,Helium Lamp,1353,nm,absorbance,622.4898679308628
628.965,82.29610699999999,67caaf87-34fd-412f-8ebc-f0eb37aa8292,Helium Lamp,1354,nm,absorbance,622.6873929459944
629.165,36.76130400000001,67caaf87-34fd-412f-8ebc-f0eb37aa8292,Helium Lamp,1355,nm,absorbance,622.8859105491414
629.364,40.057563,67caaf87-34fd-412f-8ebc-f0eb37aa8292,Helium Lamp,1356,nm,absorbance,623.0834355642729
629.564,59.055012,67caaf87-34fd-412f-8ebc-f0eb37aa8292,Helium Lamp,1357,nm,absorbance,623.28195316742
629.763,16.23596,67caaf87-34fd-412f-8ebc-f0eb37aa8292,Helium Lamp,1358,nm,absorbance,623.4794781825515
629.963,19.373559,67caaf87-34fd-412f-8ebc-f0eb37aa8292,Helium Lamp,1359,nm,absorbance,623.6779957856986
630.162,56.538301,67caaf87-34fd-412f-8ebc-f0eb37aa8292,Helium Lamp,1360,nm,absorbance,623.8755208008301
630.362,-18.452531,67caaf87-34fd-412f-8ebc-f0eb37aa8292,Helium Lamp,1361,nm,absorbance,624.0740384039772
630.561,8.496272,67caaf87-34fd-412f-8ebc-f0eb37aa8292,Helium Lamp,1362,nm,absorbance,624.2715634191087
630.76,62.617503,67caaf87-34fd-412f-8ebc-f0eb37aa8292,Helium Lamp,1363,nm,absorbance,624.4690884342401
630.96,87.84898799999999,67caaf87-34fd-412f-8ebc-f0eb37aa8292,Helium Lamp,1364,nm,absorbance,624.6676060373874
631.159,54.80594,67caaf87-34fd-412f-8ebc-f0eb37aa8292,Helium Lamp,1365,nm,absorbance,624.8651310525187
631.358,-9.937067,67caaf87-34fd-412f-8ebc-f0eb37aa8292,Helium Lamp,1366,nm,absorbance,625.0626560676501
631.558,87.683692,67caaf87-34fd-412f-8ebc-f0eb37aa8292,Helium Lamp,1367,nm,absorbance,625.2611736707973
631.757,76.15377899999999,67caaf87-34fd-412f-8ebc-f0eb37aa8292,Helium Lamp,1368,nm,absorbance,625.4586986859287
631.956,49.14865800000001,67caaf87-34fd-412f-8ebc-f0eb37aa8292,Helium Lamp,1369,nm,absorbance,625.6562237010602
632.155,26.257431,67caaf87-34fd-412f-8ebc-f0eb37aa8292,Helium Lamp,1370,nm,absorbance,625.8537487161916
632.355,68.92589799999999,67caaf87-34fd-412f-8ebc-f0eb37aa8292,Helium Lamp,1371,nm,absorbance,626.0522663193387
632.554,44.70470099999999,67caaf87-34fd-412f-8ebc-f0eb37aa8292,Helium Lamp,1372,nm,absorbance,626.2497913344702
632.753,25.821068000000004,67caaf87-34fd-412f-8ebc-f0eb37aa8292,Helium Lamp,1373,nm,absorbance,626.4473163496017
632.952,92.317999,67caaf87-34fd-412f-8ebc-f0eb37aa8292,Helium Lamp,1374,nm,absorbance,626.6448413647331
633.152,23.512218,67caaf87-34fd-412f-8ebc-f0eb37aa8292,Helium Lamp,1375,nm,absorbance,626.8433589678802
633.351,58.25782099999999,67caaf87-34fd-412f-8ebc-f0eb37aa8292,Helium Lamp,1376,nm,absorbance,627.0408839830117
633.55,41.327096,67caaf87-34fd-412f-8ebc-f0eb37aa8292,Helium Lamp,1377,nm,absorbance,627.2384089981431
633.749,6.757572000000001,67caaf87-34fd-412f-8ebc-f0eb37aa8292,Helium Lamp,1378,nm,absorbance,627.4359340132745
633.948,105.377327,67caaf87-34fd-412f-8ebc-f0eb37aa8292,Helium Lamp,1379,nm,absorbance,627.6334590284059
634.147,25.954982,67caaf87-34fd-412f-8ebc-f0eb37aa8292,Helium Lamp,1380,nm,absorbance,627.8309840435375
634.346,52.944494,67caaf87-34fd-412f-8ebc-f0eb37aa8292,Helium Lamp,1381,nm,absorbance,628.0285090586689
634.545,22.054168,67caaf87-34fd-412f-8ebc-f0eb37aa8292,Helium Lamp,1382,nm,absorbance,628.2260340738002
634.744,84.40207699999999,67caaf87-34fd-412f-8ebc-f0eb37aa8292,Helium Lamp,1383,nm,absorbance,628.4235590889317
634.944,63.010786,67caaf87-34fd-412f-8ebc-f0eb37aa8292,Helium Lamp,1384,nm,absorbance,628.6220766920788
635.143,32.315099999999994,67caaf87-34fd-412f-8ebc-f0eb37aa8292,Helium Lamp,1385,nm,absorbance,628.8196017072103
635.342,30.918671999999997,67caaf87-34fd-412f-8ebc-f0eb37aa8292,Helium Lamp,1386,nm,absorbance,629.0171267223417
635.541,-13.862728,67caaf87-34fd-412f-8ebc-f0eb37aa8292,Helium Lamp,1387,nm,absorbance,629.2146517374732
635.74,20.231138,67caaf87-34fd-412f-8ebc-f0eb37aa8292,Helium Lamp,1388,nm,absorbance,629.4121767526045
635.939,49.360933,67caaf87-34fd-412f-8ebc-f0eb37aa8292,Helium Lamp,1389,nm,absorbance,629.6097017677359
636.138,-11.342802,67caaf87-34fd-412f-8ebc-f0eb37aa8292,Helium Lamp,1390,nm,absorbance,629.8072267828675
636.336,14.233135999999998,67caaf87-34fd-412f-8ebc-f0eb37aa8292,Helium Lamp,1391,nm,absorbance,630.0037592099832
636.535,65.15854499999999,67caaf87-34fd-412f-8ebc-f0eb37aa8292,Helium Lamp,1392,nm,absorbance,630.2012842251145
636.734,69.81032099999999,67caaf87-34fd-412f-8ebc-f0eb37aa8292,Helium Lamp,1393,nm,absorbance,630.398809240246
636.933,22.647358000000004,67caaf87-34fd-412f-8ebc-f0eb37aa8292,Helium Lamp,1394,nm,absorbance,630.5963342553774
637.132,54.19315499999999,67caaf87-34fd-412f-8ebc-f0eb37aa8292,Helium Lamp,1395,nm,absorbance,630.7938592705088
637.331,32.701212000000005,67caaf87-34fd-412f-8ebc-f0eb37aa8292,Helium Lamp,1396,nm,absorbance,630.9913842856403
637.53,44.402634,67caaf87-34fd-412f-8ebc-f0eb37aa8292,Helium Lamp,1397,nm,absorbance,631.1889093007717
637.729,38.77149,67caaf87-34fd-412f-8ebc-f0eb37aa8292,Helium Lamp,1398,nm,absorbance,631.3864343159032
637.928,88.527264,67caaf87-34fd-412f-8ebc-f0eb37aa8292,Helium Lamp,1399,nm,absorbance,631.5839593310345
638.126,8.956524,67caaf87-34fd-412f-8ebc-f0eb37aa8292,Helium Lamp,1400,nm,absorbance,631.7804917581502
638.325,69.26764700000001,67caaf87-34fd-412f-8ebc-f0eb37aa8292,Helium Lamp,1401,nm,absorbance,631.9780167732818
638.524,10.009417,67caaf87-34fd-412f-8ebc-f0eb37aa8292,Helium Lamp,1402,nm,absorbance,632.1755417884132
638.723,60.37263599999999,67caaf87-34fd-412f-8ebc-f0eb37aa8292,Helium Lamp,1403,nm,absorbance,632.3730668035445
638.921,14.87473,67caaf87-34fd-412f-8ebc-f0eb37aa8292,Helium Lamp,1404,nm,absorbance,632.5695992306603
639.12,87.750275,67caaf87-34fd-412f-8ebc-f0eb37aa8292,Helium Lamp,1405,nm,absorbance,632.7671242457917
639.319,22.748795,67caaf87-34fd-412f-8ebc-f0eb37aa8292,Helium Lamp,1406,nm,absorbance,632.9646492609231
639.518,74.79585399999999,67caaf87-34fd-412f-8ebc-f0eb37aa8292,Helium Lamp,1407,nm,absorbance,633.1621742760545
639.716,30.731836999999995,67caaf87-34fd-412f-8ebc-f0eb37aa8292,Helium Lamp,1408,nm,absorbance,633.3587067031702
639.915,91.377195,67caaf87-34fd-412f-8ebc-f0eb37aa8292,Helium Lamp,1409,nm,absorbance,633.5562317183017
640.114,86.20391999999998,67caaf87-34fd-412f-8ebc-f0eb37aa8292,Helium Lamp,1410,nm,absorbance,633.7537567334332
640.312,43.985243,67caaf87-34fd-412f-8ebc-f0eb37aa8292,Helium Lamp,1411,nm,absorbance,633.9502891605488
640.511,79.108907,67caaf87-34fd-412f-8ebc-f0eb37aa8292,Helium Lamp,1412,nm,absorbance,634.1478141756802
640.71,66.514075,67caaf87-34fd-412f-8ebc-f0eb37aa8292,Helium Lamp,1413,nm,absorbance,634.3453391908117
640.908,101.421233,67caaf87-34fd-412f-8ebc-f0eb37aa8292,Helium Lamp,1414,nm,absorbance,634.5418716179274
641.107,42.363582,67caaf87-34fd-412f-8ebc-f0eb37aa8292,Helium Lamp,1415,nm,absorbance,634.7393966330587
641.305,102.548402,67caaf87-34fd-412f-8ebc-f0eb37aa8292,Helium Lamp,1416,nm,absorbance,634.9359290601744
641.504,49.337451,67caaf87-34fd-412f-8ebc-f0eb37aa8292,Helium Lamp,1417,nm,absorbance,635.133454075306
641.702,86.91286799999999,67caaf87-34fd-412f-8ebc-f0eb37aa8292,Helium Lamp,1418,nm,absorbance,635.3299865024217
641.901,0.805557,67caaf87-34fd-412f-8ebc-f0eb37aa8292,Helium Lamp,1419,nm,absorbance,635.527511517553
642.099,86.197204,67caaf87-34fd-412f-8ebc-f0eb37aa8292,Helium Lamp,1420,nm,absorbance,635.7240439446688
642.298,83.030088,67caaf87-34fd-412f-8ebc-f0eb37aa8292,Helium Lamp,1421,nm,absorbance,635.9215689598002
642.496,34.897011,67caaf87-34fd-412f-8ebc-f0eb37aa8292,Helium Lamp,1422,nm,absorbance,636.1181013869159
642.695,138.56609299999997,67caaf87-34fd-412f-8ebc-f0eb37aa8292,Helium Lamp,1423,nm,absorbance,636.3156264020473
642.893,129.059325,67caaf87-34fd-412f-8ebc-f0eb37aa8292,Helium Lamp,1424,nm,absorbance,636.512158829163
643.092,88.368851,67caaf87-34fd-412f-8ebc-f0eb37aa8292,Helium Lamp,1425,nm,absorbance,636.7096838442944
643.29,81.46157000000001,67caaf87-34fd-412f-8ebc-f0eb37aa8292,Helium Lamp,1426,nm,absorbance,636.9062162714101
643.489,96.765301,67caaf87-34fd-412f-8ebc-f0eb37aa8292,Helium Lamp,1427,nm,absorbance,637.1037412865415
643.687,57.92878499999999,67caaf87-34fd-412f-8ebc-f0eb37aa8292,Helium Lamp,1428,nm,absorbance,637.3002737136572
643.885,148.506802,67caaf87-34fd-412f-8ebc-f0eb37aa8292,Helium Lamp,1429,nm,absorbance,637.496806140773
644.084,22.433234,67caaf87-34fd-412f-8ebc-f0eb37aa8292,Helium Lamp,1430,nm,absorbance,637.6943311559044
644.282,72.94026199999999,67caaf87-34fd-412f-8ebc-f0eb37aa8292,Helium Lamp,1431,nm,absorbance,637.8908635830201
644.48,122.40364700000002,67caaf87-34fd-412f-8ebc-f0eb37aa8292,Helium Lamp,1432,nm,absorbance,638.0873960101358
644.679,81.91330400000001,67caaf87-34fd-412f-8ebc-f0eb37aa8292,Helium Lamp,1433,nm,absorbance,638.2849210252672
644.877,56.598132,67caaf87-34fd-412f-8ebc-f0eb37aa8292,Helium Lamp,1434,nm,absorbance,638.4814534523829
645.075,119.911185,67caaf87-34fd-412f-8ebc-f0eb37aa8292,Helium Lamp,1435,nm,absorbance,638.6779858794986
645.274,97.07574,67caaf87-34fd-412f-8ebc-f0eb37aa8292,Helium Lamp,1436,nm,absorbance,638.87551089463
645.472,122.444879,67caaf87-34fd-412f-8ebc-f0eb37aa8292,Helium Lamp,1437,nm,absorbance,639.0720433217457
645.67,37.705647,67caaf87-34fd-412f-8ebc-f0eb37aa8292,Helium Lamp,1438,nm,absorbance,639.2685757488614
645.868,45.695675,67caaf87-34fd-412f-8ebc-f0eb37aa8292,Helium Lamp,1439,nm,absorbance,639.4651081759771
646.067,84.06032,67caaf87-34fd-412f-8ebc-f0eb37aa8292,Helium Lamp,1440,nm,absorbance,639.6626331911085
646.265,19.555717,67caaf87-34fd-412f-8ebc-f0eb37aa8292,Helium Lamp,1441,nm,absorbance,639.8591656182242
646.463,83.87963299999998,67caaf87-34fd-412f-8ebc-f0eb37aa8292,Helium Lamp,1442,nm,absorbance,640.0556980453399
646.661,77.374176,67caaf87-34fd-412f-8ebc-f0eb37aa8292,Helium Lamp,1443,nm,absorbance,640.2522304724555
646.859,34.360486,67caaf87-34fd-412f-8ebc-f0eb37aa8292,Helium Lamp,1444,nm,absorbance,640.4487628995713
647.057,63.063475,67caaf87-34fd-412f-8ebc-f0eb37aa8292,Helium Lamp,1445,nm,absorbance,640.645295326687
647.256,115.447026,67caaf87-34fd-412f-8ebc-f0eb37aa8292,Helium Lamp,1446,nm,absorbance,640.8428203418184
647.454,93.125843,67caaf87-34fd-412f-8ebc-f0eb37aa8292,Helium Lamp,1447,nm,absorbance,641.0393527689341
647.652,76.539624,67caaf87-34fd-412f-8ebc-f0eb37aa8292,Helium Lamp,1448,nm,absorbance,641.2358851960498
647.85,65.736594,67caaf87-34fd-412f-8ebc-f0eb37aa8292,Helium Lamp,1449,nm,absorbance,641.4324176231655
648.048,135.378334,67caaf87-34fd-412f-8ebc-f0eb37aa8292,Helium Lamp,1450,nm,absorbance,641.6289500502812
648.246,132.22663799999998,67caaf87-34fd-412f-8ebc-f0eb37aa8292,Helium Lamp,1451,nm,absorbance,641.8254824773969
648.444,127.374088,67caaf87-34fd-412f-8ebc-f0eb37aa8292,Helium Lamp,1452,nm,absorbance,642.0220149045125
648.642,68.21787300000001,67caaf87-34fd-412f-8ebc-f0eb37aa8292,Helium Lamp,1453,nm,absorbance,642.2185473316283
648.84,63.306992000000015,67caaf87-34fd-412f-8ebc-f0eb37aa8292,Helium Lamp,1454,nm,absorbance,642.415079758744
649.038,43.241603,67caaf87-34fd-412f-8ebc-f0eb37aa8292,Helium Lamp,1455,nm,absorbance,642.6116121858597
649.236,34.163672000000005,67caaf87-34fd-412f-8ebc-f0eb37aa8292,Helium Lamp,1456,nm,absorbance,642.8081446129754
649.434,57.37210700000001,67caaf87-34fd-412f-8ebc-f0eb37aa8292,Helium Lamp,1457,nm,absorbance,643.004677040091
649.632,79.877558,67caaf87-34fd-412f-8ebc-f0eb37aa8292,Helium Lamp,1458,nm,absorbance,643.2012094672067
649.83,49.083173,67caaf87-34fd-412f-8ebc-f0eb37aa8292,Helium Lamp,1459,nm,absorbance,643.3977418943225
650.028,15.88673,67caaf87-34fd-412f-8ebc-f0eb37aa8292,Helium Lamp,1460,nm,absorbance,643.5942743214382
650.226,96.453215,67caaf87-34fd-412f-8ebc-f0eb37aa8292,Helium Lamp,1461,nm,absorbance,643.7908067485539
650.423,79.23198699999999,67caaf87-34fd-412f-8ebc-f0eb37aa8292,Helium Lamp,1462,nm,absorbance,643.9863465876538
650.621,46.541512,67caaf87-34fd-412f-8ebc-f0eb37aa8292,Helium Lamp,1463,nm,absorbance,644.1828790147695
650.819,69.671119,67caaf87-34fd-412f-8ebc-f0eb37aa8292,Helium Lamp,1464,nm,absorbance,644.3794114418852
651.017,14.524794,67caaf87-34fd-412f-8ebc-f0eb37aa8292,Helium Lamp,1465,nm,absorbance,644.575943869001
651.215,86.81309200000001,67caaf87-34fd-412f-8ebc-f0eb37aa8292,Helium Lamp,1466,nm,absorbance,644.7724762961166
651.413,34.764003,67caaf87-34fd-412f-8ebc-f0eb37aa8292,Helium Lamp,1467,nm,absorbance,644.9690087232323
651.61,12.992214,67caaf87-34fd-412f-8ebc-f0eb37aa8292,Helium Lamp,1468,nm,absorbance,645.1645485623322
651.808,16.461813,67caaf87-34fd-412f-8ebc-f0eb37aa8292,Helium Lamp,1469,nm,absorbance,645.3610809894479
652.006,91.136898,67caaf87-34fd-412f-8ebc-f0eb37aa8292,Helium Lamp,1470,nm,absorbance,645.5576134165636
652.204,100.974867,67caaf87-34fd-412f-8ebc-f0eb37aa8292,Helium Lamp,1471,nm,absorbance,645.7541458436792
652.401,77.676478,67caaf87-34fd-412f-8ebc-f0eb37aa8292,Helium Lamp,1472,nm,absorbance,645.9496856827792
652.599,38.301516,67caaf87-34fd-412f-8ebc-f0eb37aa8292,Helium Lamp,1473,nm,absorbance,646.146218109895
652.797,81.23313900000001,67caaf87-34fd-412f-8ebc-f0eb37aa8292,Helium Lamp,1474,nm,absorbance,646.3427505370107
652.995,69.646568,67caaf87-34fd-412f-8ebc-f0eb37aa8292,Helium Lamp,1475,nm,absorbance,646.5392829641264
653.192,55.145407,67caaf87-34fd-412f-8ebc-f0eb37aa8292,Helium Lamp,1476,nm,absorbance,646.7348228032264
653.39,44.613221,67caaf87-34fd-412f-8ebc-f0eb37aa8292,Helium Lamp,1477,nm,absorbance,646.931355230342
653.588,46.521377,67caaf87-34fd-412f-8ebc-f0eb37aa8292,Helium Lamp,1478,nm,absorbance,647.1278876574577
653.785,50.14662,67caaf87-34fd-412f-8ebc-f0eb37aa8292,Helium Lamp,1479,nm,absorbance,647.3234274965577
653.983,71.52046,67caaf87-34fd-412f-8ebc-f0eb37aa8292,Helium Lamp,1480,nm,absorbance,647.5199599236734
654.18,41.729915,67caaf87-34fd-412f-8ebc-f0eb37aa8292,Helium Lamp,1481,nm,absorbance,647.7154997627733
654.378,29.012614000000003,67caaf87-34fd-412f-8ebc-f0eb37aa8292,Helium Lamp,1482,nm,absorbance,647.912032189889
654.576,34.45663700000001,67caaf87-34fd-412f-8ebc-f0eb37aa8292,Helium Lamp,1483,nm,absorbance,648.1085646170047
654.773,34.103738,67caaf87-34fd-412f-8ebc-f0eb37aa8292,Helium Lamp,1484,nm,absorbance,648.3041044561047
654.971,-2.3769800000000005,67caaf87-34fd-412f-8ebc-f0eb37aa8292,Helium Lamp,1485,nm,absorbance,648.5006368832204
655.168,60.207934,67caaf87-34fd-412f-8ebc-f0eb37aa8292,Helium Lamp,1486,nm,absorbance,648.6961767223204
655.366,58.374987,67caaf87-34fd-412f-8ebc-f0eb37aa8292,Helium Lamp,1487,nm,absorbance,648.892709149436
655.563,-6.576710000000001,67caaf87-34fd-412f-8ebc-f0eb37aa8292,Helium Lamp,1488,nm,absorbance,649.088248988536
655.761,111.116818,67caaf87-34fd-412f-8ebc-f0eb37aa8292,Helium Lamp,1489,nm,absorbance,649.2847814156517
655.958,60.688039,67caaf87-34fd-412f-8ebc-f0eb37aa8292,Helium Lamp,1490,nm,absorbance,649.4803212547516
656.156,66.086688,67caaf87-34fd-412f-8ebc-f0eb37aa8292,Helium Lamp,1491,nm,absorbance,649.6768536818673
656.353,25.159013,67caaf87-34fd-412f-8ebc-f0eb37aa8292,Helium Lamp,1492,nm,absorbance,649.8723935209673
656.55,30.188322,67caaf87-34fd-412f-8ebc-f0eb37aa8292,Helium Lamp,1493,nm,absorbance,650.0679333600672
656.748,-8.247155,67caaf87-34fd-412f-8ebc-f0eb37aa8292,Helium Lamp,1494,nm,absorbance,650.264465787183
656.945,51.37532399999999,67caaf87-34fd-412f-8ebc-f0eb37aa8292,Helium Lamp,1495,nm,absorbance,650.460005626283
657.143,78.19581699999999,67caaf87-34fd-412f-8ebc-f0eb37aa8292,Helium Lamp,1496,nm,absorbance,650.6565380533987
657.34,42.305519,67caaf87-34fd-412f-8ebc-f0eb37aa8292,Helium Lamp,1497,nm,absorbance,650.8520778924986
657.537,4.205691,67caaf87-34fd-412f-8ebc-f0eb37aa8292,Helium Lamp,1498,nm,absorbance,651.0476177315985
657.735,92.117111,67caaf87-34fd-412f-8ebc-f0eb37aa8292,Helium Lamp,1499,nm,absorbance,651.2441501587142
657.932,57.247163,67caaf87-34fd-412f-8ebc-f0eb37aa8292,Helium Lamp,1500,nm,absorbance,651.4396899978142
658.129,-5.180651999999999,67caaf87-34fd-412f-8ebc-f0eb37aa8292,Helium Lamp,1501,nm,absorbance,651.6352298369142
658.326,101.98775,67caaf87-34fd-412f-8ebc-f0eb37aa8292,Helium Lamp,1502,nm,absorbance,651.8307696760141
658.524,66.51253899999999,67caaf87-34fd-412f-8ebc-f0eb37aa8292,Helium Lamp,1503,nm,absorbance,652.0273021031298
658.721,68.562391,67caaf87-34fd-412f-8ebc-f0eb37aa8292,Helium Lamp,1504,nm,absorbance,652.2228419422297
658.918,91.228835,67caaf87-34fd-412f-8ebc-f0eb37aa8292,Helium Lamp,1505,nm,absorbance,652.4183817813297
659.115,103.11119600000002,67caaf87-34fd-412f-8ebc-f0eb37aa8292,Helium Lamp,1506,nm,absorbance,652.6139216204297
659.313,24.100963,67caaf87-34fd-412f-8ebc-f0eb37aa8292,Helium Lamp,1507,nm,absorbance,652.8104540475454
659.51,5.133425,67caaf87-34fd-412f-8ebc-f0eb37aa8292,Helium Lamp,1508,nm,absorbance,653.0059938866453
659.707,70.164393,67caaf87-34fd-412f-8ebc-f0eb37aa8292,Helium Lamp,1509,nm,absorbance,653.2015337257453
659.904,-10.246472999999998,67caaf87-34fd-412f-8ebc-f0eb37aa8292,Helium Lamp,1510,nm,absorbance,653.3970735648452
660.101,54.85312699999999,67caaf87-34fd-412f-8ebc-f0eb37aa8292,Helium Lamp,1511,nm,absorbance,653.5926134039452
660.298,134.711493,67caaf87-34fd-412f-8ebc-f0eb37aa8292,Helium Lamp,1512,nm,absorbance,653.7881532430451
660.496,66.589031,67caaf87-34fd-412f-8ebc-f0eb37aa8292,Helium Lamp,1513,nm,absorbance,653.9846856701608
660.693,12.627475,67caaf87-34fd-412f-8ebc-f0eb37aa8292,Helium Lamp,1514,nm,absorbance,654.1802255092608
660.89,85.98042000000001,67caaf87-34fd-412f-8ebc-f0eb37aa8292,Helium Lamp,1515,nm,absorbance,654.3757653483608
661.087,48.685322000000006,67caaf87-34fd-412f-8ebc-f0eb37aa8292,Helium Lamp,1516,nm,absorbance,654.5713051874608
661.284,75.44529299999999,67caaf87-34fd-412f-8ebc-f0eb37aa8292,Helium Lamp,1517,nm,absorbance,654.7668450265606
661.481,38.179278,67caaf87-34fd-412f-8ebc-f0eb37aa8292,Helium Lamp,1518,nm,absorbance,654.9623848656606
661.678,21.950203,67caaf87-34fd-412f-8ebc-f0eb37aa8292,Helium Lamp,1519,nm,absorbance,655.1579247047606
661.875,28.643426,67caaf87-34fd-412f-8ebc-f0eb37aa8292,Helium Lamp,1520,nm,absorbance,655.3534645438606
662.072,33.952947,67caaf87-34fd-412f-8ebc-f0eb37aa8292,Helium Lamp,1521,nm,absorbance,655.5490043829606
662.269,65.30851,67caaf87-34fd-412f-8ebc-f0eb37aa8292,Helium Lamp,1522,nm,absorbance,655.7445442220605
662.466,83.856078,67caaf87-34fd-412f-8ebc-f0eb37aa8292,Helium Lamp,1523,nm,absorbance,655.9400840611604
662.663,24.130444,67caaf87-34fd-412f-8ebc-f0eb37aa8292,Helium Lamp,1524,nm,absorbance,656.1356239002604
662.86,-2.3184940000000003,67caaf87-34fd-412f-8ebc-f0eb37aa8292,Helium Lamp,1525,nm,absorbance,656.3311637393604
663.057,-38.566518,67caaf87-34fd-412f-8ebc-f0eb37aa8292,Helium Lamp,1526,nm,absorbance,656.5267035784603
663.254,48.86554099999999,67caaf87-34fd-412f-8ebc-f0eb37aa8292,Helium Lamp,1527,nm,absorbance,656.7222434175603
663.45,25.682011,67caaf87-34fd-412f-8ebc-f0eb37aa8292,Helium Lamp,1528,nm,absorbance,656.9167906686446
663.647,102.43132599999998,67caaf87-34fd-412f-8ebc-f0eb37aa8292,Helium Lamp,1529,nm,absorbance,657.1123305077446
663.844,52.13251600000001,67caaf87-34fd-412f-8ebc-f0eb37aa8292,Helium Lamp,1530,nm,absorbance,657.3078703468444
664.041,57.979893,67caaf87-34fd-412f-8ebc-f0eb37aa8292,Helium Lamp,1531,nm,absorbance,657.5034101859444
664.238,16.515254000000002,67caaf87-34fd-412f-8ebc-f0eb37aa8292,Helium Lamp,1532,nm,absorbance,657.6989500250444
664.435,55.872534,67caaf87-34fd-412f-8ebc-f0eb37aa8292,Helium Lamp,1533,nm,absorbance,657.8944898641442
664.631,78.540003,67caaf87-34fd-412f-8ebc-f0eb37aa8292,Helium Lamp,1534,nm,absorbance,658.0890371152285
664.828,42.862247,67caaf87-34fd-412f-8ebc-f0eb37aa8292,Helium Lamp,1535,nm,absorbance,658.2845769543285
665.025,97.951495,67caaf87-34fd-412f-8ebc-f0eb37aa8292,Helium Lamp,1536,nm,absorbance,658.4801167934285
665.222,105.965496,67caaf87-34fd-412f-8ebc-f0eb37aa8292,Helium Lamp,1537,nm,absorbance,658.6756566325283
665.419,59.94142699999999,67caaf87-34fd-412f-8ebc-f0eb37aa8292,Helium Lamp,1538,nm,absorbance,658.8711964716283
665.615,-17.86259,67caaf87-34fd-412f-8ebc-f0eb37aa8292,Helium Lamp,1539,nm,absorbance,659.0657437227126
665.812,13.796624,67caaf87-34fd-412f-8ebc-f0eb37aa8292,Helium Lamp,1540,nm,absorbance,659.2612835618125
666.009,38.099785,67caaf87-34fd-412f-8ebc-f0eb37aa8292,Helium Lamp,1541,nm,absorbance,659.4568234009125
666.205,51.66651,67caaf87-34fd-412f-8ebc-f0eb37aa8292,Helium Lamp,1542,nm,absorbance,659.6513706519968
666.402,64.467066,67caaf87-34fd-412f-8ebc-f0eb37aa8292,Helium Lamp,1543,nm,absorbance,659.8469104910968
666.599,80.721293,67caaf87-34fd-412f-8ebc-f0eb37aa8292,Helium Lamp,1544,nm,absorbance,660.0424503301967
666.795,95.335614,67caaf87-34fd-412f-8ebc-f0eb37aa8292,Helium Lamp,1545,nm,absorbance,660.2369975812808
666.992,82.765029,67caaf87-34fd-412f-8ebc-f0eb37aa8292,Helium Lamp,1546,nm,absorbance,660.4325374203808
667.188,62.178457,67caaf87-34fd-412f-8ebc-f0eb37aa8292,Helium Lamp,1547,nm,absorbance,660.627084671465
667.385,66.00775000000002,67caaf87-34fd-412f-8ebc-f0eb37aa8292,Helium Lamp,1548,nm,absorbance,660.822624510565
667.582,123.327823,67caaf87-34fd-412f-8ebc-f0eb37aa8292,Helium Lamp,1549,nm,absorbance,661.018164349665
667.778,88.77796400000001,67caaf87-34fd-412f-8ebc-f0eb37aa8292,Helium Lamp,1550,nm,absorbance,661.2127116007492
667.975,77.05685799999999,67caaf87-34fd-412f-8ebc-f0eb37aa8292,Helium Lamp,1551,nm,absorbance,661.4082514398492
668.171,169.654209,67caaf87-34fd-412f-8ebc-f0eb37aa8292,Helium Lamp,1552,nm,absorbance,661.6027986909335
668.368,201.11198199999995,67caaf87-34fd-412f-8ebc-f0eb37aa8292,Helium Lamp,1553,nm,absorbance,661.7983385300333
668.564,309.620946,67caaf87-34fd-412f-8ebc-f0eb37aa8292,Helium Lamp,1554,nm,absorbance,661.9928857811175
668.761,629.070655,67caaf87-34fd-412f-8ebc-f0eb37aa8292,Helium Lamp,1555,nm,absorbance,662.1884256202175
668.957,1009.095662,67caaf87-34fd-412f-8ebc-f0eb37aa8292,Helium Lamp,1556,nm,absorbance,662.3829728713017
669.154,1439.1550429999998,67caaf87-34fd-412f-8ebc-f0eb37aa8292,Helium Lamp,1557,nm,absorbance,662.5785127104017
669.35,1706.9060700000002,67caaf87-34fd-412f-8ebc-f0eb37aa8292,Helium Lamp,1558,nm,absorbance,662.773059961486
669.547,2158.808547,67caaf87-34fd-412f-8ebc-f0eb37aa8292,Helium Lamp,1559,nm,absorbance,662.9685998005859
669.743,2517.514244,67caaf87-34fd-412f-8ebc-f0eb37aa8292,Helium Lamp,1560,nm,absorbance,663.1631470516702
669.939,2751.016,67caaf87-34fd-412f-8ebc-f0eb37aa8292,Helium Lamp,1561,nm,absorbance,663.3576943027543
670.136,2977.189174,67caaf87-34fd-412f-8ebc-f0eb37aa8292,Helium Lamp,1562,nm,absorbance,663.5532341418542
670.332,3107.56521,67caaf87-34fd-412f-8ebc-f0eb37aa8292,Helium Lamp,1563,nm,absorbance,663.7477813929385
670.528,3226.176462,67caaf87-34fd-412f-8ebc-f0eb37aa8292,Helium Lamp,1564,nm,absorbance,663.9423286440227
670.725,3527.003317,67caaf87-34fd-412f-8ebc-f0eb37aa8292,Helium Lamp,1565,nm,absorbance,664.1378684831227
670.921,3543.1249619999994,67caaf87-34fd-412f-8ebc-f0eb37aa8292,Helium Lamp,1566,nm,absorbance,664.332415734207
671.117,3735.791063,67caaf87-34fd-412f-8ebc-f0eb37aa8292,Helium Lamp,1567,nm,absorbance,664.5269629852911
671.314,3829.258298,67caaf87-34fd-412f-8ebc-f0eb37aa8292,Helium Lamp,1568,nm,absorbance,664.7225028243911
671.51,3941.205455,67caaf87-34fd-412f-8ebc-f0eb37aa8292,Helium Lamp,1569,nm,absorbance,664.9170500754753
671.706,4015.0134950000006,67caaf87-34fd-412f-8ebc-f0eb37aa8292,Helium Lamp,1570,nm,absorbance,665.1115973265596
671.902,4031.050745,67caaf87-34fd-412f-8ebc-f0eb37aa8292,Helium Lamp,1571,nm,absorbance,665.3061445776439
672.099,4066.283385,67caaf87-34fd-412f-8ebc-f0eb37aa8292,Helium Lamp,1572,nm,absorbance,665.5016844167437
672.295,4138.658744,67caaf87-34fd-412f-8ebc-f0eb37aa8292,Helium Lamp,1573,nm,absorbance,665.6962316678279
672.491,4135.791544999999,67caaf87-34fd-412f-8ebc-f0eb37aa8292,Helium Lamp,1574,nm,absorbance,665.8907789189121
672.687,4122.829034,67caaf87-34fd-412f-8ebc-f0eb37aa8292,Helium Lamp,1575,nm,absorbance,666.0853261699964
672.883,4219.358415000001,67caaf87-34fd-412f-8ebc-f0eb37aa8292,Helium Lamp,1576,nm,absorbance,666.2798734210807
673.08,4375.680309,67caaf87-34fd-412f-8ebc-f0eb37aa8292,Helium Lamp,1577,nm,absorbance,666.4754132601806
673.276,4488.888626,67caaf87-34fd-412f-8ebc-f0eb37aa8292,Helium Lamp,1578,nm,absorbance,666.6699605112648
673.472,4539.356727999999,67caaf87-34fd-412f-8ebc-f0eb37aa8292,Helium Lamp,1579,nm,absorbance,666.864507762349
673.668,4371.150694,67caaf87-34fd-412f-8ebc-f0eb37aa8292,Helium Lamp,1580,nm,absorbance,667.0590550134333
673.864,4392.385604,67caaf87-34fd-412f-8ebc-f0eb37aa8292,Helium Lamp,1581,nm,absorbance,667.2536022645176
674.06,4303.3729920000005,67caaf87-34fd-412f-8ebc-f0eb37aa8292,Helium Lamp,1582,nm,absorbance,667.4481495156017
674.256,4286.984856,67caaf87-34fd-412f-8ebc-f0eb37aa8292,Helium Lamp,1583,nm,absorbance,667.6426967666858
674.452,4135.321718000001,67caaf87-34fd-412f-8ebc-f0eb37aa8292,Helium Lamp,1584,nm,absorbance,667.8372440177701
674.648,4063.8332500000006,67caaf87-34fd-412f-8ebc-f0eb37aa8292,Helium Lamp,1585,nm,absorbance,668.0317912688544
674.844,4052.925087,67caaf87-34fd-412f-8ebc-f0eb37aa8292,Helium Lamp,1586,nm,absorbance,668.2263385199386
675.04,4023.403428,67caaf87-34fd-412f-8ebc-f0eb37aa8292,Helium Lamp,1587,nm,absorbance,668.4208857710228
675.236,4012.470694000001,67caaf87-34fd-412f-8ebc-f0eb37aa8292,Helium Lamp,1588,nm,absorbance,668.615433022107
675.432,3838.0514010000006,67caaf87-34fd-412f-8ebc-f0eb37aa8292,Helium Lamp,1589,nm,absorbance,668.8099802731913
675.628,3800.44568,67caaf87-34fd-412f-8ebc-f0eb37aa8292,Helium Lamp,1590,nm,absorbance,669.0045275242755
675.824,3823.050238,67caaf87-34fd-412f-8ebc-f0eb37aa8292,Helium Lamp,1591,nm,absorbance,669.1990747753597
676.02,3862.742636,67caaf87-34fd-412f-8ebc-f0eb37aa8292,Helium Lamp,1592,nm,absorbance,669.393622026444
676.216,3888.724786,67caaf87-34fd-412f-8ebc-f0eb37aa8292,Helium Lamp,1593,nm,absorbance,669.5881692775282
676.412,3862.94708,67caaf87-34fd-412f-8ebc-f0eb37aa8292,Helium Lamp,1594,nm,absorbance,669.7827165286125
676.608,3763.8005600000006,67caaf87-34fd-412f-8ebc-f0eb37aa8292,Helium Lamp,1595,nm,absorbance,669.9772637796965
676.804,3612.718532,67caaf87-34fd-412f-8ebc-f0eb37aa8292,Helium Lamp,1596,nm,absorbance,670.1718110307808
676.999,3559.376643,67caaf87-34fd-412f-8ebc-f0eb37aa8292,Helium Lamp,1597,nm,absorbance,670.3653656938493
677.195,3331.77233,67caaf87-34fd-412f-8ebc-f0eb37aa8292,Helium Lamp,1598,nm,absorbance,670.5599129449336
677.391,3113.338116,67caaf87-34fd-412f-8ebc-f0eb37aa8292,Helium Lamp,1599,nm,absorbance,670.7544601960177
677.587,2726.994404,67caaf87-34fd-412f-8ebc-f0eb37aa8292,Helium Lamp,1600,nm,absorbance,670.949007447102
677.783,2371.26916,67caaf87-34fd-412f-8ebc-f0eb37aa8292,Helium Lamp,1601,nm,absorbance,671.1435546981862
677.978,2212.038296,67caaf87-34fd-412f-8ebc-f0eb37aa8292,Helium Lamp,1602,nm,absorbance,671.3371093612546
678.174,1997.285148,67caaf87-34fd-412f-8ebc-f0eb37aa8292,Helium Lamp,1603,nm,absorbance,671.5316566123389
678.37,1830.835745,67caaf87-34fd-412f-8ebc-f0eb37aa8292,Helium Lamp,1604,nm,absorbance,671.7262038634232
678.566,1769.043424,67caaf87-34fd-412f-8ebc-f0eb37aa8292,Helium Lamp,1605,nm,absorbance,671.9207511145074
678.761,1590.401716,67caaf87-34fd-412f-8ebc-f0eb37aa8292,Helium Lamp,1606,nm,absorbance,672.1143057775759
678.957,1487.50252,67caaf87-34fd-412f-8ebc-f0eb37aa8292,Helium Lamp,1607,nm,absorbance,672.3088530286601
679.153,1317.7655799999998,67caaf87-34fd-412f-8ebc-f0eb37aa8292,Helium Lamp,1608,nm,absorbance,672.5034002797444
679.348,1277.042378,67caaf87-34fd-412f-8ebc-f0eb37aa8292,Helium Lamp,1609,nm,absorbance,672.6969549428128
679.544,1030.945392,67caaf87-34fd-412f-8ebc-f0eb37aa8292,Helium Lamp,1610,nm,absorbance,672.8915021938969
679.74,977.598525,67caaf87-34fd-412f-8ebc-f0eb37aa8292,Helium Lamp,1611,nm,absorbance,673.0860494449812
679.935,789.92475,67caaf87-34fd-412f-8ebc-f0eb37aa8292,Helium Lamp,1612,nm,absorbance,673.2796041080496
680.131,766.6050010000001,67caaf87-34fd-412f-8ebc-f0eb37aa8292,Helium Lamp,1613,nm,absorbance,673.4741513591339
680.327,664.798366,67caaf87-34fd-412f-8ebc-f0eb37aa8292,Helium Lamp,1614,nm,absorbance,673.6686986102181
680.522,547.6395479999999,67caaf87-34fd-412f-8ebc-f0eb37aa8292,Helium Lamp,1615,nm,absorbance,673.8622532732867
680.718,551.059747,67caaf87-34fd-412f-8ebc-f0eb37aa8292,Helium Lamp,1616,nm,absorbance,674.0568005243708
680.913,455.78650099999993,67caaf87-34fd-412f-8ebc-f0eb37aa8292,Helium Lamp,1617,nm,absorbance,674.2503551874394
681.109,359.515182,67caaf87-34fd-412f-8ebc-f0eb37aa8292,Helium Lamp,1618,nm,absorbance,674.4449024385236
681.304,335.215789,67caaf87-34fd-412f-8ebc-f0eb37aa8292,Helium Lamp,1619,nm,absorbance,674.638457101592
681.5,248.3408,67caaf87-34fd-412f-8ebc-f0eb37aa8292,Helium Lamp,1620,nm,absorbance,674.8330043526763
681.695,124.186959,67caaf87-34fd-412f-8ebc-f0eb37aa8292,Helium Lamp,1621,nm,absorbance,675.0265590157449
681.891,125.355704,67caaf87-34fd-412f-8ebc-f0eb37aa8292,Helium Lamp,1622,nm,absorbance,675.221106266829
682.086,158.15364800000003,67caaf87-34fd-412f-8ebc-f0eb37aa8292,Helium Lamp,1623,nm,absorbance,675.4146609298975
682.282,82.330498,67caaf87-34fd-412f-8ebc-f0eb37aa8292,Helium Lamp,1624,nm,absorbance,675.6092081809818
682.477,-462.7521,67caaf87-34fd-412f-8ebc-f0eb37aa8292,Helium Lamp,1625,nm,absorbance,675.8027628440502
682.672,111.17303499999998,67caaf87-34fd-412f-8ebc-f0eb37aa8292,Helium Lamp,1626,nm,absorbance,675.9963175071188
682.868,55.125487,67caaf87-34fd-412f-8ebc-f0eb37aa8292,Helium Lamp,1627,nm,absorbance,676.190864758203
683.063,68.843877,67caaf87-34fd-412f-8ebc-f0eb37aa8292,Helium Lamp,1628,nm,absorbance,676.3844194212714
683.259,51.75945299999999,67caaf87-34fd-412f-8ebc-f0eb37aa8292,Helium Lamp,1629,nm,absorbance,676.5789666723556
683.454,60.128102,67caaf87-34fd-412f-8ebc-f0eb37aa8292,Helium Lamp,1630,nm,absorbance,676.772521335424
683.649,103.041181,67caaf87-34fd-412f-8ebc-f0eb37aa8292,Helium Lamp,1631,nm,absorbance,676.9660759984926
683.845,75.98504100000001,67caaf87-34fd-412f-8ebc-f0eb37aa8292,Helium Lamp,1632,nm,absorbance,677.1606232495768
684.04,67.35255500000001,67caaf87-34fd-412f-8ebc-f0eb37aa8292,Helium Lamp,1633,nm,absorbance,677.3541779126452
684.235,49.810853,67caaf87-34fd-412f-8ebc-f0eb37aa8292,Helium Lamp,1634,nm,absorbance,677.5477325757138
684.43,38.791905,67caaf87-34fd-412f-8ebc-f0eb37aa8292,Helium Lamp,1635,nm,absorbance,677.7412872387822
684.626,85.43498500000001,67caaf87-34fd-412f-8ebc-f0eb37aa8292,Helium Lamp,1636,nm,absorbance,677.9358344898665
684.821,102.391929,67caaf87-34fd-412f-8ebc-f0eb37aa8292,Helium Lamp,1637,nm,absorbance,678.129389152935
685.016,48.596666000000006,67caaf87-34fd-412f-8ebc-f0eb37aa8292,Helium Lamp,1638,nm,absorbance,678.3229438160034
685.211,-10.746579,67caaf87-34fd-412f-8ebc-f0eb37aa8292,Helium Lamp,1639,nm,absorbance,678.516498479072
685.407,13.360264,67caaf87-34fd-412f-8ebc-f0eb37aa8292,Helium Lamp,1640,nm,absorbance,678.7110457301562
685.602,27.860799,67caaf87-34fd-412f-8ebc-f0eb37aa8292,Helium Lamp,1641,nm,absorbance,678.9046003932247
685.797,-1.439537,67caaf87-34fd-412f-8ebc-f0eb37aa8292,Helium Lamp,1642,nm,absorbance,679.0981550562932
685.992,26.170205000000003,67caaf87-34fd-412f-8ebc-f0eb37aa8292,Helium Lamp,1643,nm,absorbance,679.2917097193616
686.187,107.705387,67caaf87-34fd-412f-8ebc-f0eb37aa8292,Helium Lamp,1644,nm,absorbance,679.4852643824302
686.382,105.848005,67caaf87-34fd-412f-8ebc-f0eb37aa8292,Helium Lamp,1645,nm,absorbance,679.6788190454986
686.577,60.70407,67caaf87-34fd-412f-8ebc-f0eb37aa8292,Helium Lamp,1646,nm,absorbance,679.8723737085671
686.773,71.20142700000001,67caaf87-34fd-412f-8ebc-f0eb37aa8292,Helium Lamp,1647,nm,absorbance,680.0669209596514
686.968,38.049661,67caaf87-34fd-412f-8ebc-f0eb37aa8292,Helium Lamp,1648,nm,absorbance,680.2604756227198
687.163,61.801056,67caaf87-34fd-412f-8ebc-f0eb37aa8292,Helium Lamp,1649,nm,absorbance,680.4540302857883
687.358,-21.088285,67caaf87-34fd-412f-8ebc-f0eb37aa8292,Helium Lamp,1650,nm,absorbance,680.6475849488568
687.553,78.03808099999999,67caaf87-34fd-412f-8ebc-f0eb37aa8292,Helium Lamp,1651,nm,absorbance,680.8411396119253
687.748,73.170261,67caaf87-34fd-412f-8ebc-f0eb37aa8292,Helium Lamp,1652,nm,absorbance,681.0346942749939
687.943,-28.9677,67caaf87-34fd-412f-8ebc-f0eb37aa8292,Helium Lamp,1653,nm,absorbance,681.2282489380623
688.138,76.960554,67caaf87-34fd-412f-8ebc-f0eb37aa8292,Helium Lamp,1654,nm,absorbance,681.4218036011308
688.333,32.364367,67caaf87-34fd-412f-8ebc-f0eb37aa8292,Helium Lamp,1655,nm,absorbance,681.6153582641992
688.528,62.321374000000006,67caaf87-34fd-412f-8ebc-f0eb37aa8292,Helium Lamp,1656,nm,absorbance,681.8089129272678
688.723,19.45355,67caaf87-34fd-412f-8ebc-f0eb37aa8292,Helium Lamp,1657,nm,absorbance,682.0024675903362
688.918,79.025047,67caaf87-34fd-412f-8ebc-f0eb37aa8292,Helium Lamp,1658,nm,absorbance,682.1960222534047
689.112,47.663893,67caaf87-34fd-412f-8ebc-f0eb37aa8292,Helium Lamp,1659,nm,absorbance,682.3885843284575
689.307,31.212338,67caaf87-34fd-412f-8ebc-f0eb37aa8292,Helium Lamp,1660,nm,absorbance,682.582138991526
689.502,51.125841,67caaf87-34fd-412f-8ebc-f0eb37aa8292,Helium Lamp,1661,nm,absorbance,682.7756936545944
689.697,56.535362,67caaf87-34fd-412f-8ebc-f0eb37aa8292,Helium Lamp,1662,nm,absorbance,682.969248317663
689.892,-4.566186,67caaf87-34fd-412f-8ebc-f0eb37aa8292,Helium Lamp,1663,nm,absorbance,683.1628029807315
690.087,54.926929,67caaf87-34fd-412f-8ebc-f0eb37aa8292,Helium Lamp,1664,nm,absorbance,683.3563576437999
690.282,14.539155,67caaf87-34fd-412f-8ebc-f0eb37aa8292,Helium Lamp,1665,nm,absorbance,683.5499123068685
690.476,28.574001,67caaf87-34fd-412f-8ebc-f0eb37aa8292,Helium Lamp,1666,nm,absorbance,683.7424743819212
690.671,37.40093400000001,67caaf87-34fd-412f-8ebc-f0eb37aa8292,Helium Lamp,1667,nm,absorbance,683.9360290449897
690.866,74.017283,67caaf87-34fd-412f-8ebc-f0eb37aa8292,Helium Lamp,1668,nm,absorbance,684.1295837080581
691.061,66.689009,67caaf87-34fd-412f-8ebc-f0eb37aa8292,Helium Lamp,1669,nm,absorbance,684.3231383711267
691.255,61.73295900000001,67caaf87-34fd-412f-8ebc-f0eb37aa8292,Helium Lamp,1670,nm,absorbance,684.5157004461794
691.45,10.891787,67caaf87-34fd-412f-8ebc-f0eb37aa8292,Helium Lamp,1671,nm,absorbance,684.7092551092479
691.645,61.549558000000005,67caaf87-34fd-412f-8ebc-f0eb37aa8292,Helium Lamp,1672,nm,absorbance,684.9028097723163
691.84,55.882823,67caaf87-34fd-412f-8ebc-f0eb37aa8292,Helium Lamp,1673,nm,absorbance,685.0963644353849
692.034,48.615003,67caaf87-34fd-412f-8ebc-f0eb37aa8292,Helium Lamp,1674,nm,absorbance,685.2889265104376
692.229,24.160672,67caaf87-34fd-412f-8ebc-f0eb37aa8292,Helium Lamp,1675,nm,absorbance,685.4824811735061
692.424,59.544485,67caaf87-34fd-412f-8ebc-f0eb37aa8292,Helium Lamp,1676,nm,absorbance,685.6760358365746
692.618,56.268175,67caaf87-34fd-412f-8ebc-f0eb37aa8292,Helium Lamp,1677,nm,absorbance,685.8685979116274
692.813,41.191334,67caaf87-34fd-412f-8ebc-f0eb37aa8292,Helium Lamp,1678,nm,absorbance,686.0621525746958
693.007,32.600544,67caaf87-34fd-412f-8ebc-f0eb37aa8292,Helium Lamp,1679,nm,absorbance,686.2547146497485
693.202,4.28501,67caaf87-34fd-412f-8ebc-f0eb37aa8292,Helium Lamp,1680,nm,absorbance,686.448269312817
693.397,57.30056599999999,67caaf87-34fd-412f-8ebc-f0eb37aa8292,Helium Lamp,1681,nm,absorbance,686.6418239758856
693.591,18.105211,67caaf87-34fd-412f-8ebc-f0eb37aa8292,Helium Lamp,1682,nm,absorbance,686.8343860509383
693.786,6.885022000000001,67caaf87-34fd-412f-8ebc-f0eb37aa8292,Helium Lamp,1683,nm,absorbance,687.0279407140067
693.98,56.362251,67caaf87-34fd-412f-8ebc-f0eb37aa8292,Helium Lamp,1684,nm,absorbance,687.2205027890595
694.175,114.847767,67caaf87-34fd-412f-8ebc-f0eb37aa8292,Helium Lamp,1685,nm,absorbance,687.414057452128
694.369,58.17519299999999,67caaf87-34fd-412f-8ebc-f0eb37aa8292,Helium Lamp,1686,nm,absorbance,687.6066195271808
694.564,44.49872600000001,67caaf87-34fd-412f-8ebc-f0eb37aa8292,Helium Lamp,1687,nm,absorbance,687.8001741902492
694.758,34.859993,67caaf87-34fd-412f-8ebc-f0eb37aa8292,Helium Lamp,1688,nm,absorbance,687.992736265302
694.953,45.511619,67caaf87-34fd-412f-8ebc-f0eb37aa8292,Helium Lamp,1689,nm,absorbance,688.1862909283705
695.147,26.781162,67caaf87-34fd-412f-8ebc-f0eb37aa8292,Helium Lamp,1690,nm,absorbance,688.3788530034233
695.342,56.72292600000001,67caaf87-34fd-412f-8ebc-f0eb37aa8292,Helium Lamp,1691,nm,absorbance,688.5724076664917
695.536,50.950254,67caaf87-34fd-412f-8ebc-f0eb37aa8292,Helium Lamp,1692,nm,absorbance,688.7649697415444
695.73,32.314143,67caaf87-34fd-412f-8ebc-f0eb37aa8292,Helium Lamp,1693,nm,absorbance,688.9575318165972
695.925,87.319038,67caaf87-34fd-412f-8ebc-f0eb37aa8292,Helium Lamp,1694,nm,absorbance,689.1510864796657
696.119,-41.3745,67caaf87-34fd-412f-8ebc-f0eb37aa8292,Helium Lamp,1695,nm,absorbance,689.3436485547185
696.313,36.46620299999999,67caaf87-34fd-412f-8ebc-f0eb37aa8292,Helium Lamp,1696,nm,absorbance,689.5362106297712
696.508,66.39718400000001,67caaf87-34fd-412f-8ebc-f0eb37aa8292,Helium Lamp,1697,nm,absorbance,689.7297652928397
696.702,22.968493,67caaf87-34fd-412f-8ebc-f0eb37aa8292,Helium Lamp,1698,nm,absorbance,689.9223273678924
696.896,54.170522000000005,67caaf87-34fd-412f-8ebc-f0eb37aa8292,Helium Lamp,1699,nm,absorbance,690.1148894429451
697.091,79.96363699999999,67caaf87-34fd-412f-8ebc-f0eb37aa8292,Helium Lamp,1700,nm,absorbance,690.3084441060137
697.285,81.355227,67caaf87-34fd-412f-8ebc-f0eb37aa8292,Helium Lamp,1701,nm,absorbance,690.5010061810664
697.479,106.70806199999996,67caaf87-34fd-412f-8ebc-f0eb37aa8292,Helium Lamp,1702,nm,absorbance,690.6935682561192
697.673,108.71324,67caaf87-34fd-412f-8ebc-f0eb37aa8292,Helium Lamp,1703,nm,absorbance,690.8861303311719
697.868,51.788651,67caaf87-34fd-412f-8ebc-f0eb37aa8292,Helium Lamp,1704,nm,absorbance,691.0796849942404
698.062,76.463176,67caaf87-34fd-412f-8ebc-f0eb37aa8292,Helium Lamp,1705,nm,absorbance,691.2722470692931
698.256,72.567341,67caaf87-34fd-412f-8ebc-f0eb37aa8292,Helium Lamp,1706,nm,absorbance,691.4648091443458
698.45,50.166019,67caaf87-34fd-412f-8ebc-f0eb37aa8292,Helium Lamp,1707,nm,absorbance,691.6573712193987
698.644,34.917179999999995,67caaf87-34fd-412f-8ebc-f0eb37aa8292,Helium Lamp,1708,nm,absorbance,691.8499332944514
698.839,49.219866,67caaf87-34fd-412f-8ebc-f0eb37aa8292,Helium Lamp,1709,nm,absorbance,692.0434879575199
699.033,76.519048,67caaf87-34fd-412f-8ebc-f0eb37aa8292,Helium Lamp,1710,nm,absorbance,692.2360500325726
699.227,85.691199,67caaf87-34fd-412f-8ebc-f0eb37aa8292,Helium Lamp,1711,nm,absorbance,692.4286121076254
699.421,44.833007,67caaf87-34fd-412f-8ebc-f0eb37aa8292,Helium Lamp,1712,nm,absorbance,692.6211741826783
699.615,49.78943,67caaf87-34fd-412f-8ebc-f0eb37aa8292,Helium Lamp,1713,nm,absorbance,692.813736257731
699.809,75.42942500000001,67caaf87-34fd-412f-8ebc-f0eb37aa8292,Helium Lamp,1714,nm,absorbance,693.0062983327837
700.003,23.478674,67caaf87-34fd-412f-8ebc-f0eb37aa8292,Helium Lamp,1715,nm,absorbance,693.1988604078365
700.197,31.271048,67caaf87-34fd-412f-8ebc-f0eb37aa8292,Helium Lamp,1716,nm,absorbance,693.3914224828892
700.391,55.20437400000001,67caaf87-34fd-412f-8ebc-f0eb37aa8292,Helium Lamp,1717,nm,absorbance,693.5839845579419
700.585,17.606423,67caaf87-34fd-412f-8ebc-f0eb37aa8292,Helium Lamp,1718,nm,absorbance,693.7765466329947
700.779,19.47021,67caaf87-34fd-412f-8ebc-f0eb37aa8292,Helium Lamp,1719,nm,absorbance,693.9691087080474
700.973,57.49138000000001,67caaf87-34fd-412f-8ebc-f0eb37aa8292,Helium Lamp,1720,nm,absorbance,694.1616707831001
701.167,52.168587,67caaf87-34fd-412f-8ebc-f0eb37aa8292,Helium Lamp,1721,nm,absorbance,694.354232858153
701.361,112.33638700000002,67caaf87-34fd-412f-8ebc-f0eb37aa8292,Helium Lamp,1722,nm,absorbance,694.5467949332057
701.555,68.66800800000001,67caaf87-34fd-412f-8ebc-f0eb37aa8292,Helium Lamp,1723,nm,absorbance,694.7393570082584
701.749,47.46091400000001,67caaf87-34fd-412f-8ebc-f0eb37aa8292,Helium Lamp,1724,nm,absorbance,694.9319190833112
701.943,73.027674,67caaf87-34fd-412f-8ebc-f0eb37aa8292,Helium Lamp,1725,nm,absorbance,695.1244811583639
702.137,67.01018400000001,67caaf87-34fd-412f-8ebc-f0eb37aa8292,Helium Lamp,1726,nm,absorbance,695.3170432334166
702.331,50.224687,67caaf87-34fd-412f-8ebc-f0eb37aa8292,Helium Lamp,1727,nm,absorbance,695.5096053084694
702.525,43.552373,67caaf87-34fd-412f-8ebc-f0eb37aa8292,Helium Lamp,1728,nm,absorbance,695.7021673835221
702.718,118.02502,67caaf87-34fd-412f-8ebc-f0eb37aa8292,Helium Lamp,1729,nm,absorbance,695.8937368705592
702.912,93.381514,67caaf87-34fd-412f-8ebc-f0eb37aa8292,Helium Lamp,1730,nm,absorbance,696.086298945612
703.106,24.570306,67caaf87-34fd-412f-8ebc-f0eb37aa8292,Helium Lamp,1731,nm,absorbance,696.2788610206647
703.3,78.653052,67caaf87-34fd-412f-8ebc-f0eb37aa8292,Helium Lamp,1732,nm,absorbance,696.4714230957175
703.494,111.244754,67caaf87-34fd-412f-8ebc-f0eb37aa8292,Helium Lamp,1733,nm,absorbance,696.6639851707703
703.687,58.569011,67caaf87-34fd-412f-8ebc-f0eb37aa8292,Helium Lamp,1734,nm,absorbance,696.8555546578073
703.881,57.229566,67caaf87-34fd-412f-8ebc-f0eb37aa8292,Helium Lamp,1735,nm,absorbance,697.04811673286
704.075,71.879994,67caaf87-34fd-412f-8ebc-f0eb37aa8292,Helium Lamp,1736,nm,absorbance,697.2406788079128
704.269,84.71805100000002,67caaf87-34fd-412f-8ebc-f0eb37aa8292,Helium Lamp,1737,nm,absorbance,697.4332408829655
704.462,98.453669,67caaf87-34fd-412f-8ebc-f0eb37aa8292,Helium Lamp,1738,nm,absorbance,697.6248103700025
704.656,50.733211,67caaf87-34fd-412f-8ebc-f0eb37aa8292,Helium Lamp,1739,nm,absorbance,697.8173724450552
704.85,48.75762400000001,67caaf87-34fd-412f-8ebc-f0eb37aa8292,Helium Lamp,1740,nm,absorbance,698.009934520108
705.043,82.275889,67caaf87-34fd-412f-8ebc-f0eb37aa8292,Helium Lamp,1741,nm,absorbance,698.201504007145
705.237,101.146901,67caaf87-34fd-412f-8ebc-f0eb37aa8292,Helium Lamp,1742,nm,absorbance,698.3940660821977
705.431,122.003992,67caaf87-34fd-412f-8ebc-f0eb37aa8292,Helium Lamp,1743,nm,absorbance,698.5866281572505
705.624,44.820379,67caaf87-34fd-412f-8ebc-f0eb37aa8292,Helium Lamp,1744,nm,absorbance,698.7781976442876
705.818,109.189637,67caaf87-34fd-412f-8ebc-f0eb37aa8292,Helium Lamp,1745,nm,absorbance,698.9707597193403
706.012,58.428709000000005,67caaf87-34fd-412f-8ebc-f0eb37aa8292,Helium Lamp,1746,nm,absorbance,699.163321794393
706.205,65.348108,67caaf87-34fd-412f-8ebc-f0eb37aa8292,Helium Lamp,1747,nm,absorbance,699.3548912814301
706.399,108.266392,67caaf87-34fd-412f-8ebc-f0eb37aa8292,Helium Lamp,1748,nm,absorbance,699.5474533564828
706.592,114.889192,67caaf87-34fd-412f-8ebc-f0eb37aa8292,Helium Lamp,1749,nm,absorbance,699.7390228435198
706.786,53.82983800000001,67caaf87-34fd-412f-8ebc-f0eb37aa8292,Helium Lamp,1750,nm,absorbance,699.9315849185725
706.979,210.062963,67caaf87-34fd-412f-8ebc-f0eb37aa8292,Helium Lamp,1751,nm,absorbance,700.1231544056096
707.173,313.537389,67caaf87-34fd-412f-8ebc-f0eb37aa8292,Helium Lamp,1752,nm,absorbance,700.3157164806623
707.366,637.6817589999998,67caaf87-34fd-412f-8ebc-f0eb37aa8292,Helium Lamp,1753,nm,absorbance,700.5072859676993
707.56,1141.873696,67caaf87-34fd-412f-8ebc-f0eb37aa8292,Helium Lamp,1754,nm,absorbance,700.699848042752
707.753,1881.418731,67caaf87-34fd-412f-8ebc-f0eb37aa8292,Helium Lamp,1755,nm,absorbance,700.8914175297891
707.947,2435.4509380000004,67caaf87-34fd-412f-8ebc-f0eb37aa8292,Helium Lamp,1756,nm,absorbance,701.0839796048418
708.14,3188.335084,67caaf87-34fd-412f-8ebc-f0eb37aa8292,Helium Lamp,1757,nm,absorbance,701.2755490918789
708.333,3757.926356,67caaf87-34fd-412f-8ebc-f0eb37aa8292,Helium Lamp,1758,nm,absorbance,701.4671185789159
708.527,4383.600689,67caaf87-34fd-412f-8ebc-f0eb37aa8292,Helium Lamp,1759,nm,absorbance,701.6596806539687
708.72,4844.039413,67caaf87-34fd-412f-8ebc-f0eb37aa8292,Helium Lamp,1760,nm,absorbance,701.8512501410057
708.914,5145.645482000001,67caaf87-34fd-412f-8ebc-f0eb37aa8292,Helium Lamp,1761,nm,absorbance,702.0438122160584
709.107,5528.834475,67caaf87-34fd-412f-8ebc-f0eb37aa8292,Helium Lamp,1762,nm,absorbance,702.2353817030954
709.3,5799.725794999999,67caaf87-34fd-412f-8ebc-f0eb37aa8292,Helium Lamp,1763,nm,absorbance,702.4269511901324
709.494,6073.559679,67caaf87-34fd-412f-8ebc-f0eb37aa8292,Helium Lamp,1764,nm,absorbance,702.6195132651852
709.687,6270.97057,67caaf87-34fd-412f-8ebc-f0eb37aa8292,Helium Lamp,1765,nm,absorbance,702.8110827522222
709.88,6634.679709999999,67caaf87-34fd-412f-8ebc-f0eb37aa8292,Helium Lamp,1766,nm,absorbance,703.0026522392592
710.073,6821.471152999999,67caaf87-34fd-412f-8ebc-f0eb37aa8292,Helium Lamp,1767,nm,absorbance,703.1942217262963
710.267,7056.7436,67caaf87-34fd-412f-8ebc-f0eb37aa8292,Helium Lamp,1768,nm,absorbance,703.3867838013491
710.46,7132.225461,67caaf87-34fd-412f-8ebc-f0eb37aa8292,Helium Lamp,1769,nm,absorbance,703.5783532883861
710.653,7156.376630000001,67caaf87-34fd-412f-8ebc-f0eb37aa8292,Helium Lamp,1770,nm,absorbance,703.7699227754231
710.846,7287.211757,67caaf87-34fd-412f-8ebc-f0eb37aa8292,Helium Lamp,1771,nm,absorbance,703.9614922624601
711.04,7432.747472000001,67caaf87-34fd-412f-8ebc-f0eb37aa8292,Helium Lamp,1772,nm,absorbance,704.1540543375128
711.233,7490.226191000002,67caaf87-34fd-412f-8ebc-f0eb37aa8292,Helium Lamp,1773,nm,absorbance,704.3456238245498
711.426,7510.233546,67caaf87-34fd-412f-8ebc-f0eb37aa8292,Helium Lamp,1774,nm,absorbance,704.5371933115869
711.619,7560.157861,67caaf87-34fd-412f-8ebc-f0eb37aa8292,Helium Lamp,1775,nm,absorbance,704.7287627986238
711.812,7626.752194999999,67caaf87-34fd-412f-8ebc-f0eb37aa8292,Helium Lamp,1776,nm,absorbance,704.9203322856608
712.005,7985.830038,67caaf87-34fd-412f-8ebc-f0eb37aa8292,Helium Lamp,1777,nm,absorbance,705.1119017726979
712.198,8017.603352,67caaf87-34fd-412f-8ebc-f0eb37aa8292,Helium Lamp,1778,nm,absorbance,705.3034712597349
712.391,7939.293614,67caaf87-34fd-412f-8ebc-f0eb37aa8292,Helium Lamp,1779,nm,absorbance,705.4950407467719
712.585,7716.719042,67caaf87-34fd-412f-8ebc-f0eb37aa8292,Helium Lamp,1780,nm,absorbance,705.6876028218247
712.778,7564.129588000002,67caaf87-34fd-412f-8ebc-f0eb37aa8292,Helium Lamp,1781,nm,absorbance,705.8791723088617
712.971,7607.651980000001,67caaf87-34fd-412f-8ebc-f0eb37aa8292,Helium Lamp,1782,nm,absorbance,706.0707417958987
713.164,7508.830172999999,67caaf87-34fd-412f-8ebc-f0eb37aa8292,Helium Lamp,1783,nm,absorbance,706.2623112829357
713.357,7326.695226999999,67caaf87-34fd-412f-8ebc-f0eb37aa8292,Helium Lamp,1784,nm,absorbance,706.4538807699727
713.55,7198.750198,67caaf87-34fd-412f-8ebc-f0eb37aa8292,Helium Lamp,1785,nm,absorbance,706.6454502570097
713.743,7067.696572000001,67caaf87-34fd-412f-8ebc-f0eb37aa8292,Helium Lamp,1786,nm,absorbance,706.8370197440469
713.936,7067.681117,67caaf87-34fd-412f-8ebc-f0eb37aa8292,Helium Lamp,1787,nm,absorbance,707.0285892310839
714.129,6930.218017000001,67caaf87-34fd-412f-8ebc-f0eb37aa8292,Helium Lamp,1788,nm,absorbance,707.2201587181208
714.322,6844.677914,67caaf87-34fd-412f-8ebc-f0eb37aa8292,Helium Lamp,1789,nm,absorbance,707.4117282051578
714.514,6851.871052,67caaf87-34fd-412f-8ebc-f0eb37aa8292,Helium Lamp,1790,nm,absorbance,707.6023051041791
714.707,6805.003005999999,67caaf87-34fd-412f-8ebc-f0eb37aa8292,Helium Lamp,1791,nm,absorbance,707.7938745912161
714.9,6837.994821999999,67caaf87-34fd-412f-8ebc-f0eb37aa8292,Helium Lamp,1792,nm,absorbance,707.9854440782531
715.093,6959.506807000001,67caaf87-34fd-412f-8ebc-f0eb37aa8292,Helium Lamp,1793,nm,absorbance,708.17701356529
715.286,6805.871768,67caaf87-34fd-412f-8ebc-f0eb37aa8292,Helium Lamp,1794,nm,absorbance,708.3685830523272
715.479,6703.973189000001,67caaf87-34fd-412f-8ebc-f0eb37aa8292,Helium Lamp,1795,nm,absorbance,708.5601525393643
715.672,6534.791307,67caaf87-34fd-412f-8ebc-f0eb37aa8292,Helium Lamp,1796,nm,absorbance,708.7517220264012
715.864,6236.2347500000005,67caaf87-34fd-412f-8ebc-f0eb37aa8292,Helium Lamp,1797,nm,absorbance,708.9422989254225
716.057,5697.791347,67caaf87-34fd-412f-8ebc-f0eb37aa8292,Helium Lamp,1798,nm,absorbance,709.1338684124595
716.25,5123.849162,67caaf87-34fd-412f-8ebc-f0eb37aa8292,Helium Lamp,1799,nm,absorbance,709.3254378994965
716.443,4517.566966,67caaf87-34fd-412f-8ebc-f0eb37aa8292,Helium Lamp,1800,nm,absorbance,709.5170073865335
716.636,3962.715622,67caaf87-34fd-412f-8ebc-f0eb37aa8292,Helium Lamp,1801,nm,absorbance,709.7085768735705
716.828,3676.430474,67caaf87-34fd-412f-8ebc-f0eb37aa8292,Helium Lamp,1802,nm,absorbance,709.8991537725918
717.021,3296.174879,67caaf87-34fd-412f-8ebc-f0eb37aa8292,Helium Lamp,1803,nm,absorbance,710.0907232596288
717.214,3096.4663250000003,67caaf87-34fd-412f-8ebc-f0eb37aa8292,Helium Lamp,1804,nm,absorbance,710.2822927466659
717.406,2925.145212,67caaf87-34fd-412f-8ebc-f0eb37aa8292,Helium Lamp,1805,nm,absorbance,710.4728696456871
717.599,2690.041492,67caaf87-34fd-412f-8ebc-f0eb37aa8292,Helium Lamp,1806,nm,absorbance,710.6644391327242
717.792,2140.145818,67caaf87-34fd-412f-8ebc-f0eb37aa8292,Helium Lamp,1807,nm,absorbance,710.8560086197612
717.984,2249.964135,67caaf87-34fd-412f-8ebc-f0eb37aa8292,Helium Lamp,1808,nm,absorbance,711.0465855187824
718.177,2044.765257,67caaf87-34fd-412f-8ebc-f0eb37aa8292,Helium Lamp,1809,nm,absorbance,711.2381550058195
718.37,1802.901766,67caaf87-34fd-412f-8ebc-f0eb37aa8292,Helium Lamp,1810,nm,absorbance,711.4297244928565
718.562,1603.8958710000002,67caaf87-34fd-412f-8ebc-f0eb37aa8292,Helium Lamp,1811,nm,absorbance,711.6203013918778
718.755,1397.8530340000002,67caaf87-34fd-412f-8ebc-f0eb37aa8292,Helium Lamp,1812,nm,absorbance,711.8118708789148
718.947,1211.459848,67caaf87-34fd-412f-8ebc-f0eb37aa8292,Helium Lamp,1813,nm,absorbance,712.002447777936
719.14,1078.383786,67caaf87-34fd-412f-8ebc-f0eb37aa8292,Helium Lamp,1814,nm,absorbance,712.194017264973
719.333,911.954328,67caaf87-34fd-412f-8ebc-f0eb37aa8292,Helium Lamp,1815,nm,absorbance,712.38558675201
719.525,816.0400850000001,67caaf87-34fd-412f-8ebc-f0eb37aa8292,Helium Lamp,1816,nm,absorbance,712.5761636510314
719.718,747.056156,67caaf87-34fd-412f-8ebc-f0eb37aa8292,Helium Lamp,1817,nm,absorbance,712.7677331380684
719.91,563.232753,67caaf87-34fd-412f-8ebc-f0eb37aa8292,Helium Lamp,1818,nm,absorbance,712.9583100370896
720.103,472.576516,67caaf87-34fd-412f-8ebc-f0eb37aa8292,Helium Lamp,1819,nm,absorbance,713.1498795241266
720.295,388.75064,67caaf87-34fd-412f-8ebc-f0eb37aa8292,Helium Lamp,1820,nm,absorbance,713.3404564231479
720.487,328.749499,67caaf87-34fd-412f-8ebc-f0eb37aa8292,Helium Lamp,1821,nm,absorbance,713.5310333221692
720.68,223.018771,67caaf87-34fd-412f-8ebc-f0eb37aa8292,Helium Lamp,1822,nm,absorbance,713.7226028092063
720.872,194.346567,67caaf87-34fd-412f-8ebc-f0eb37aa8292,Helium Lamp,1823,nm,absorbance,713.9131797082275
721.065,95.614213,67caaf87-34fd-412f-8ebc-f0eb37aa8292,Helium Lamp,1824,nm,absorbance,714.1047491952646
721.257,59.425866,67caaf87-34fd-412f-8ebc-f0eb37aa8292,Helium Lamp,1825,nm,absorbance,714.2953260942858
721.449,34.973723,67caaf87-34fd-412f-8ebc-f0eb37aa8292,Helium Lamp,1826,nm,absorbance,714.485902993307
721.642,68.61964400000001,67caaf87-34fd-412f-8ebc-f0eb37aa8292,Helium Lamp,1827,nm,absorbance,714.6774724803441
721.834,82.401116,67caaf87-34fd-412f-8ebc-f0eb37aa8292,Helium Lamp,1828,nm,absorbance,714.8680493793653
722.026,91.710131,67caaf87-34fd-412f-8ebc-f0eb37aa8292,Helium Lamp,1829,nm,absorbance,715.0586262783867
722.219,102.176056,67caaf87-34fd-412f-8ebc-f0eb37aa8292,Helium Lamp,1830,nm,absorbance,715.2501957654238
722.411,61.744931999999984,67caaf87-34fd-412f-8ebc-f0eb37aa8292,Helium Lamp,1831,nm,absorbance,715.4407726644449
722.603,2.437435,67caaf87-34fd-412f-8ebc-f0eb37aa8292,Helium Lamp,1832,nm,absorbance,715.6313495634662
722.796,51.17011899999999,67caaf87-34fd-412f-8ebc-f0eb37aa8292,Helium Lamp,1833,nm,absorbance,715.8229190505033
722.988,93.041796,67caaf87-34fd-412f-8ebc-f0eb37aa8292,Helium Lamp,1834,nm,absorbance,716.0134959495246
723.18,75.54861600000001,67caaf87-34fd-412f-8ebc-f0eb37aa8292,Helium Lamp,1835,nm,absorbance,716.2040728485458
723.372,31.202481,67caaf87-34fd-412f-8ebc-f0eb37aa8292,Helium Lamp,1836,nm,absorbance,716.3946497475671
723.565,117.71295200000002,67caaf87-34fd-412f-8ebc-f0eb37aa8292,Helium Lamp,1837,nm,absorbance,716.5862192346042
723.757,51.245831,67caaf87-34fd-412f-8ebc-f0eb37aa8292,Helium Lamp,1838,nm,absorbance,716.7767961336253
723.949,-27.935979999999997,67caaf87-34fd-412f-8ebc-f0eb37aa8292,Helium Lamp,1839,nm,absorbance,716.9673730326466
724.141,55.31368299999999,67caaf87-34fd-412f-8ebc-f0eb37aa8292,Helium Lamp,1840,nm,absorbance,717.1579499316679
724.333,87.387081,67caaf87-34fd-412f-8ebc-f0eb37aa8292,Helium Lamp,1841,nm,absorbance,717.3485268306893
724.525,58.892124,67caaf87-34fd-412f-8ebc-f0eb37aa8292,Helium Lamp,1842,nm,absorbance,717.5391037297105
724.717,95.68104,67caaf87-34fd-412f-8ebc-f0eb37aa8292,Helium Lamp,1843,nm,absorbance,717.7296806287318
724.91,83.29479299999998,67caaf87-34fd-412f-8ebc-f0eb37aa8292,Helium Lamp,1844,nm,absorbance,717.9212501157688
725.102,36.422568,67caaf87-34fd-412f-8ebc-f0eb37aa8292,Helium Lamp,1845,nm,absorbance,718.11182701479
725.294,68.11258099999999,67caaf87-34fd-412f-8ebc-f0eb37aa8292,Helium Lamp,1846,nm,absorbance,718.3024039138114
725.486,116.95468,67caaf87-34fd-412f-8ebc-f0eb37aa8292,Helium Lamp,1847,nm,absorbance,718.4929808128327
725.678,58.21046900000001,67caaf87-34fd-412f-8ebc-f0eb37aa8292,Helium Lamp,1848,nm,absorbance,718.683557711854
725.87,71.307671,67caaf87-34fd-412f-8ebc-f0eb37aa8292,Helium Lamp,1849,nm,absorbance,718.8741346108752
726.062,20.3988,67caaf87-34fd-412f-8ebc-f0eb37aa8292,Helium Lamp,1850,nm,absorbance,719.0647115098965
726.254,-25.79175,67caaf87-34fd-412f-8ebc-f0eb37aa8292,Helium Lamp,1851,nm,absorbance,719.2552884089177
726.446,81.78579899999998,67caaf87-34fd-412f-8ebc-f0eb37aa8292,Helium Lamp,1852,nm,absorbance,719.4458653079391
726.638,-19.649443,67caaf87-34fd-412f-8ebc-f0eb37aa8292,Helium Lamp,1853,nm,absorbance,719.6364422069604
726.83,40.277684,67caaf87-34fd-412f-8ebc-f0eb37aa8292,Helium Lamp,1854,nm,absorbance,719.8270191059817
727.022,63.006917,67caaf87-34fd-412f-8ebc-f0eb37aa8292,Helium Lamp,1855,nm,absorbance,720.0175960050029
727.213,58.315070000000006,67caaf87-34fd-412f-8ebc-f0eb37aa8292,Helium Lamp,1856,nm,absorbance,720.2071803160084
727.405,26.83626,67caaf87-34fd-412f-8ebc-f0eb37aa8292,Helium Lamp,1857,nm,absorbance,720.3977572150297
727.597,45.317315,67caaf87-34fd-412f-8ebc-f0eb37aa8292,Helium Lamp,1858,nm,absorbance,720.588334114051
727.789,-21.379084,67caaf87-34fd-412f-8ebc-f0eb37aa8292,Helium Lamp,1859,nm,absorbance,720.7789110130723
727.981,113.566931,67caaf87-34fd-412f-8ebc-f0eb37aa8292,Helium Lamp,1860,nm,absorbance,720.9694879120935
728.173,25.980085000000003,67caaf87-34fd-412f-8ebc-f0eb37aa8292,Helium Lamp,1861,nm,absorbance,721.1600648111148
728.365,37.878224,67caaf87-34fd-412f-8ebc-f0eb37aa8292,Helium Lamp,1862,nm,absorbance,721.3506417101362
728.556,68.79711599999999,67caaf87-34fd-412f-8ebc-f0eb37aa8292,Helium Lamp,1863,nm,absorbance,721.5402260211417
728.748,36.720987,67caaf87-34fd-412f-8ebc-f0eb37aa8292,Helium Lamp,1864,nm,absorbance,721.730802920163
728.94,26.317651,67caaf87-34fd-412f-8ebc-f0eb37aa8292,Helium Lamp,1865,nm,absorbance,721.9213798191843
729.132,170.057294,67caaf87-34fd-412f-8ebc-f0eb37aa8292,Helium Lamp,1866,nm,absorbance,722.1119567182054
729.324,211.463016,67caaf87-34fd-412f-8ebc-f0eb37aa8292,Helium Lamp,1867,nm,absorbance,722.3025336172267
729.515,285.350599,67caaf87-34fd-412f-8ebc-f0eb37aa8292,Helium Lamp,1868,nm,absorbance,722.4921179282323
729.707,365.391542,67caaf87-34fd-412f-8ebc-f0eb37aa8292,Helium Lamp,1869,nm,absorbance,722.6826948272536
729.899,423.19288,67caaf87-34fd-412f-8ebc-f0eb37aa8292,Helium Lamp,1870,nm,absorbance,722.8732717262749
730.09,417.36608400000006,67caaf87-34fd-412f-8ebc-f0eb37aa8292,Helium Lamp,1871,nm,absorbance,723.0628560372804
730.282,503.382109,67caaf87-34fd-412f-8ebc-f0eb37aa8292,Helium Lamp,1872,nm,absorbance,723.2534329363018
730.474,484.593505,67caaf87-34fd-412f-8ebc-f0eb37aa8292,Helium Lamp,1873,nm,absorbance,723.4440098353231
730.665,650.993714,67caaf87-34fd-412f-8ebc-f0eb37aa8292,Helium Lamp,1874,nm,absorbance,723.6335941463285
730.857,606.5200440000001,67caaf87-34fd-412f-8ebc-f0eb37aa8292,Helium Lamp,1875,nm,absorbance,723.8241710453498
731.049,683.7830700000001,67caaf87-34fd-412f-8ebc-f0eb37aa8292,Helium Lamp,1876,nm,absorbance,724.014747944371
731.24,660.722123,67caaf87-34fd-412f-8ebc-f0eb37aa8292,Helium Lamp,1877,nm,absorbance,724.2043322553767
731.432,762.3059300000001,67caaf87-34fd-412f-8ebc-f0eb37aa8292,Helium Lamp,1878,nm,absorbance,724.394909154398
731.623,774.192067,67caaf87-34fd-412f-8ebc-f0eb37aa8292,Helium Lamp,1879,nm,absorbance,724.5844934654035
731.815,791.854993,67caaf87-34fd-412f-8ebc-f0eb37aa8292,Helium Lamp,1880,nm,absorbance,724.7750703644248
732.006,817.6971679999999,67caaf87-34fd-412f-8ebc-f0eb37aa8292,Helium Lamp,1881,nm,absorbance,724.9646546754302
732.198,837.2794399999999,67caaf87-34fd-412f-8ebc-f0eb37aa8292,Helium Lamp,1882,nm,absorbance,725.1552315744516
732.389,805.584412,67caaf87-34fd-412f-8ebc-f0eb37aa8292,Helium Lamp,1883,nm,absorbance,725.3448158854571
732.581,849.451583,67caaf87-34fd-412f-8ebc-f0eb37aa8292,Helium Lamp,1884,nm,absorbance,725.5353927844784
732.772,865.7437190000003,67caaf87-34fd-412f-8ebc-f0eb37aa8292,Helium Lamp,1885,nm,absorbance,725.724977095484
732.964,841.1242480000001,67caaf87-34fd-412f-8ebc-f0eb37aa8292,Helium Lamp,1886,nm,absorbance,725.9155539945053
733.155,883.9601820000001,67caaf87-34fd-412f-8ebc-f0eb37aa8292,Helium Lamp,1887,nm,absorbance,726.1051383055108
733.347,854.426058,67caaf87-34fd-412f-8ebc-f0eb37aa8292,Helium Lamp,1888,nm,absorbance,726.295715204532
733.538,909.849458,67caaf87-34fd-412f-8ebc-f0eb37aa8292,Helium Lamp,1889,nm,absorbance,726.4852995155376
733.729,910.685829,67caaf87-34fd-412f-8ebc-f0eb37aa8292,Helium Lamp,1890,nm,absorbance,726.6748838265431
733.921,885.748363,67caaf87-34fd-412f-8ebc-f0eb37aa8292,Helium Lamp,1891,nm,absorbance,726.8654607255645
734.112,903.848285,67caaf87-34fd-412f-8ebc-f0eb37aa8292,Helium Lamp,1892,nm,absorbance,727.0550450365699
734.304,917.493333,67caaf87-34fd-412f-8ebc-f0eb37aa8292,Helium Lamp,1893,nm,absorbance,727.2456219355912
734.495,856.931703,67caaf87-34fd-412f-8ebc-f0eb37aa8292,Helium Lamp,1894,nm,absorbance,727.4352062465967
734.686,866.0421899999999,67caaf87-34fd-412f-8ebc-f0eb37aa8292,Helium Lamp,1895,nm,absorbance,727.6247905576024
734.877,798.807294,67caaf87-34fd-412f-8ebc-f0eb37aa8292,Helium Lamp,1896,nm,absorbance,727.8143748686078
735.069,828.8247789999999,67caaf87-34fd-412f-8ebc-f0eb37aa8292,Helium Lamp,1897,nm,absorbance,728.0049517676291
735.26,797.962533,67caaf87-34fd-412f-8ebc-f0eb37aa8292,Helium Lamp,1898,nm,absorbance,728.1945360786347
735.451,741.782409,67caaf87-34fd-412f-8ebc-f0eb37aa8292,Helium Lamp,1899,nm,absorbance,728.3841203896402
735.643,789.915646,67caaf87-34fd-412f-8ebc-f0eb37aa8292,Helium Lamp,1900,nm,absorbance,728.5746972886616
735.834,751.538706,67caaf87-34fd-412f-8ebc-f0eb37aa8292,Helium Lamp,1901,nm,absorbance,728.764281599667
736.025,790.626447,67caaf87-34fd-412f-8ebc-f0eb37aa8292,Helium Lamp,1902,nm,absorbance,728.9538659106726
736.216,705.168197,67caaf87-34fd-412f-8ebc-f0eb37aa8292,Helium Lamp,1903,nm,absorbance,729.1434502216781
736.407,717.496733,67caaf87-34fd-412f-8ebc-f0eb37aa8292,Helium Lamp,1904,nm,absorbance,729.3330345326838
736.599,706.57216,67caaf87-34fd-412f-8ebc-f0eb37aa8292,Helium Lamp,1905,nm,absorbance,729.523611431705
736.79,742.677723,67caaf87-34fd-412f-8ebc-f0eb37aa8292,Helium Lamp,1906,nm,absorbance,729.7131957427105
736.981,797.8031180000002,67caaf87-34fd-412f-8ebc-f0eb37aa8292,Helium Lamp,1907,nm,absorbance,729.902780053716
737.172,714.638405,67caaf87-34fd-412f-8ebc-f0eb37aa8292,Helium Lamp,1908,nm,absorbance,730.0923643647217
737.363,738.819076,67caaf87-34fd-412f-8ebc-f0eb37aa8292,Helium Lamp,1909,nm,absorbance,730.2819486757272
737.554,692.682631,67caaf87-34fd-412f-8ebc-f0eb37aa8292,Helium Lamp,1910,nm,absorbance,730.4715329867327
737.745,597.0275760000001,67caaf87-34fd-412f-8ebc-f0eb37aa8292,Helium Lamp,1911,nm,absorbance,730.6611172977382
737.936,581.039271,67caaf87-34fd-412f-8ebc-f0eb37aa8292,Helium Lamp,1912,nm,absorbance,730.8507016087439
738.127,457.318581,67caaf87-34fd-412f-8ebc-f0eb37aa8292,Helium Lamp,1913,nm,absorbance,731.0402859197493
738.318,445.5136040000001,67caaf87-34fd-412f-8ebc-f0eb37aa8292,Helium Lamp,1914,nm,absorbance,731.2298702307548
738.509,418.76537,67caaf87-34fd-412f-8ebc-f0eb37aa8292,Helium Lamp,1915,nm,absorbance,731.4194545417604
738.7,372.6618380000001,67caaf87-34fd-412f-8ebc-f0eb37aa8292,Helium Lamp,1916,nm,absorbance,731.609038852766
738.891,384.6811,67caaf87-34fd-412f-8ebc-f0eb37aa8292,Helium Lamp,1917,nm,absorbance,731.7986231637715
739.082,337.634034,67caaf87-34fd-412f-8ebc-f0eb37aa8292,Helium Lamp,1918,nm,absorbance,731.988207474777
739.273,250.689002,67caaf87-34fd-412f-8ebc-f0eb37aa8292,Helium Lamp,1919,nm,absorbance,732.1777917857826
739.464,275.22084200000006,67caaf87-34fd-412f-8ebc-f0eb37aa8292,Helium Lamp,1920,nm,absorbance,732.3673760967882
739.655,239.7116320000001,67caaf87-34fd-412f-8ebc-f0eb37aa8292,Helium Lamp,1921,nm,absorbance,732.5569604077937
739.846,228.120817,67caaf87-34fd-412f-8ebc-f0eb37aa8292,Helium Lamp,1922,nm,absorbance,732.7465447187992
740.037,230.795531,67caaf87-34fd-412f-8ebc-f0eb37aa8292,Helium Lamp,1923,nm,absorbance,732.9361290298048
740.228,215.730598,67caaf87-34fd-412f-8ebc-f0eb37aa8292,Helium Lamp,1924,nm,absorbance,733.1257133408103
740.419,132.86740600000002,67caaf87-34fd-412f-8ebc-f0eb37aa8292,Helium Lamp,1925,nm,absorbance,733.3152976518159
740.609,125.725193,67caaf87-34fd-412f-8ebc-f0eb37aa8292,Helium Lamp,1926,nm,absorbance,733.5038893748057
740.8,126.083668,67caaf87-34fd-412f-8ebc-f0eb37aa8292,Helium Lamp,1927,nm,absorbance,733.6934736858111
740.991,131.864801,67caaf87-34fd-412f-8ebc-f0eb37aa8292,Helium Lamp,1928,nm,absorbance,733.8830579968168
741.182,142.431859,67caaf87-34fd-412f-8ebc-f0eb37aa8292,Helium Lamp,1929,nm,absorbance,734.0726423078223
741.373,30.58023,67caaf87-34fd-412f-8ebc-f0eb37aa8292,Helium Lamp,1930,nm,absorbance,734.2622266188279
741.563,61.269105,67caaf87-34fd-412f-8ebc-f0eb37aa8292,Helium Lamp,1931,nm,absorbance,734.4508183418176
741.754,108.530741,67caaf87-34fd-412f-8ebc-f0eb37aa8292,Helium Lamp,1932,nm,absorbance,734.6404026528232
741.945,87.296081,67caaf87-34fd-412f-8ebc-f0eb37aa8292,Helium Lamp,1933,nm,absorbance,734.8299869638288
742.136,79.41628000000001,67caaf87-34fd-412f-8ebc-f0eb37aa8292,Helium Lamp,1934,nm,absorbance,735.0195712748342
742.326,65.6279,67caaf87-34fd-412f-8ebc-f0eb37aa8292,Helium Lamp,1935,nm,absorbance,735.2081629978242
742.517,21.15273,67caaf87-34fd-412f-8ebc-f0eb37aa8292,Helium Lamp,1936,nm,absorbance,735.3977473088297
742.708,10.600768,67caaf87-34fd-412f-8ebc-f0eb37aa8292,Helium Lamp,1937,nm,absorbance,735.5873316198351
742.898,14.257243999999996,67caaf87-34fd-412f-8ebc-f0eb37aa8292,Helium Lamp,1938,nm,absorbance,735.775923342825
743.089,8.931766999999999,67caaf87-34fd-412f-8ebc-f0eb37aa8292,Helium Lamp,1939,nm,absorbance,735.9655076538306
743.28,2.860026,67caaf87-34fd-412f-8ebc-f0eb37aa8292,Helium Lamp,1940,nm,absorbance,736.1550919648361
743.47,-49.708105,67caaf87-34fd-412f-8ebc-f0eb37aa8292,Helium Lamp,1941,nm,absorbance,736.3436836878259
743.661,-27.965090000000004,67caaf87-34fd-412f-8ebc-f0eb37aa8292,Helium Lamp,1942,nm,absorbance,736.5332679988313
743.851,65.817886,67caaf87-34fd-412f-8ebc-f0eb37aa8292,Helium Lamp,1943,nm,absorbance,736.7218597218213
744.042,20.412104,67caaf87-34fd-412f-8ebc-f0eb37aa8292,Helium Lamp,1944,nm,absorbance,736.9114440328268
744.233,78.926107,67caaf87-34fd-412f-8ebc-f0eb37aa8292,Helium Lamp,1945,nm,absorbance,737.1010283438322
744.423,-12.209891,67caaf87-34fd-412f-8ebc-f0eb37aa8292,Helium Lamp,1946,nm,absorbance,737.2896200668222
744.614,63.906355000000005,67caaf87-34fd-412f-8ebc-f0eb37aa8292,Helium Lamp,1947,nm,absorbance,737.4792043778277
744.804,-25.698728,67caaf87-34fd-412f-8ebc-f0eb37aa8292,Helium Lamp,1948,nm,absorbance,737.6677961008174
744.995,64.97080400000002,67caaf87-34fd-412f-8ebc-f0eb37aa8292,Helium Lamp,1949,nm,absorbance,737.857380411823
745.185,8.755305,67caaf87-34fd-412f-8ebc-f0eb37aa8292,Helium Lamp,1950,nm,absorbance,738.0459721348128
745.376,16.591572,67caaf87-34fd-412f-8ebc-f0eb37aa8292,Helium Lamp,1951,nm,absorbance,738.2355564458184
745.566,41.364174000000006,67caaf87-34fd-412f-8ebc-f0eb37aa8292,Helium Lamp,1952,nm,absorbance,738.4241481688082
745.756,59.250196,67caaf87-34fd-412f-8ebc-f0eb37aa8292,Helium Lamp,1953,nm,absorbance,738.612739891798
745.947,1.9892560000000004,67caaf87-34fd-412f-8ebc-f0eb37aa8292,Helium Lamp,1954,nm,absorbance,738.8023242028036
746.137,47.96830200000001,67caaf87-34fd-412f-8ebc-f0eb37aa8292,Helium Lamp,1955,nm,absorbance,738.9909159257933
746.328,42.132027,67caaf87-34fd-412f-8ebc-f0eb37aa8292,Helium Lamp,1956,nm,absorbance,739.1805002367988
746.518,53.30458600000001,67caaf87-34fd-412f-8ebc-f0eb37aa8292,Helium Lamp,1957,nm,absorbance,739.3690919597888
746.708,24.715991,67caaf87-34fd-412f-8ebc-f0eb37aa8292,Helium Lamp,1958,nm,absorbance,739.5576836827785
746.899,89.356776,67caaf87-34fd-412f-8ebc-f0eb37aa8292,Helium Lamp,1959,nm,absorbance,739.747267993784
747.089,-13.67447,67caaf87-34fd-412f-8ebc-f0eb37aa8292,Helium Lamp,1960,nm,absorbance,739.935859716774
747.279,47.977408,67caaf87-34fd-412f-8ebc-f0eb37aa8292,Helium Lamp,1961,nm,absorbance,740.1244514397637
747.47,4.433766,67caaf87-34fd-412f-8ebc-f0eb37aa8292,Helium Lamp,1962,nm,absorbance,740.3140357507692
747.66,48.39758000000001,67caaf87-34fd-412f-8ebc-f0eb37aa8292,Helium Lamp,1963,nm,absorbance,740.502627473759
747.85,-34.553012,67caaf87-34fd-412f-8ebc-f0eb37aa8292,Helium Lamp,1964,nm,absorbance,740.6912191967489
748.04,-3.1804370000000004,67caaf87-34fd-412f-8ebc-f0eb37aa8292,Helium Lamp,1965,nm,absorbance,740.8798109197386
748.231,-26.764162,67caaf87-34fd-412f-8ebc-f0eb37aa8292,Helium Lamp,1966,nm,absorbance,741.0693952307441
748.421,49.83894300000001,67caaf87-34fd-412f-8ebc-f0eb37aa8292,Helium Lamp,1967,nm,absorbance,741.2579869537341
748.611,66.435648,67caaf87-34fd-412f-8ebc-f0eb37aa8292,Helium Lamp,1968,nm,absorbance,741.4465786767238
748.801,61.532624,67caaf87-34fd-412f-8ebc-f0eb37aa8292,Helium Lamp,1969,nm,absorbance,741.6351703997136
748.991,55.130723,67caaf87-34fd-412f-8ebc-f0eb37aa8292,Helium Lamp,1970,nm,absorbance,741.8237621227034
749.182,-15.777648000000005,67caaf87-34fd-412f-8ebc-f0eb37aa8292,Helium Lamp,1971,nm,absorbance,742.013346433709
749.372,-22.633700000000005,67caaf87-34fd-412f-8ebc-f0eb37aa8292,Helium Lamp,1972,nm,absorbance,742.2019381566987
749.562,56.194024,67caaf87-34fd-412f-8ebc-f0eb37aa8292,Helium Lamp,1973,nm,absorbance,742.3905298796886
749.752,92.064184,67caaf87-34fd-412f-8ebc-f0eb37aa8292,Helium Lamp,1974,nm,absorbance,742.5791216026784
749.942,-8.664247,67caaf87-34fd-412f-8ebc-f0eb37aa8292,Helium Lamp,1975,nm,absorbance,742.7677133256682
750.132,3.231625,67caaf87-34fd-412f-8ebc-f0eb37aa8292,Helium Lamp,1976,nm,absorbance,742.9563050486579
750.322,42.37548,67caaf87-34fd-412f-8ebc-f0eb37aa8292,Helium Lamp,1977,nm,absorbance,743.1448967716478
750.512,26.137979,67caaf87-34fd-412f-8ebc-f0eb37aa8292,Helium Lamp,1978,nm,absorbance,743.3334884946375
750.702,18.459835,67caaf87-34fd-412f-8ebc-f0eb37aa8292,Helium Lamp,1979,nm,absorbance,743.5220802176274
750.892,28.464082,67caaf87-34fd-412f-8ebc-f0eb37aa8292,Helium Lamp,1980,nm,absorbance,743.7106719406173
751.082,30.768271,67caaf87-34fd-412f-8ebc-f0eb37aa8292,Helium Lamp,1981,nm,absorbance,743.899263663607
751.272,51.30542099999999,67caaf87-34fd-412f-8ebc-f0eb37aa8292,Helium Lamp,1982,nm,absorbance,744.0878553865969
751.462,-3.249144,67caaf87-34fd-412f-8ebc-f0eb37aa8292,Helium Lamp,1983,nm,absorbance,744.2764471095867
751.652,35.755779000000004,67caaf87-34fd-412f-8ebc-f0eb37aa8292,Helium Lamp,1984,nm,absorbance,744.4650388325765
751.842,11.728845000000002,67caaf87-34fd-412f-8ebc-f0eb37aa8292,Helium Lamp,1985,nm,absorbance,744.6536305555662
752.032,72.84328000000001,67caaf87-34fd-412f-8ebc-f0eb37aa8292,Helium Lamp,1986,nm,absorbance,744.8422222785562
752.222,26.943285999999997,67caaf87-34fd-412f-8ebc-f0eb37aa8292,Helium Lamp,1987,nm,absorbance,745.0308140015459
752.412,48.784067,67caaf87-34fd-412f-8ebc-f0eb37aa8292,Helium Lamp,1988,nm,absorbance,745.2194057245357
752.602,13.616839,67caaf87-34fd-412f-8ebc-f0eb37aa8292,Helium Lamp,1989,nm,absorbance,745.4079974475255
752.792,67.568004,67caaf87-34fd-412f-8ebc-f0eb37aa8292,Helium Lamp,1990,nm,absorbance,745.5965891705154
752.981,28.828572,67caaf87-34fd-412f-8ebc-f0eb37aa8292,Helium Lamp,1991,nm,absorbance,745.7841883054894
753.171,-45.35812700000001,67caaf87-34fd-412f-8ebc-f0eb37aa8292,Helium Lamp,1992,nm,absorbance,745.9727800284793
753.361,53.676469,67caaf87-34fd-412f-8ebc-f0eb37aa8292,Helium Lamp,1993,nm,absorbance,746.161371751469
753.551,12.560439999999998,67caaf87-34fd-412f-8ebc-f0eb37aa8292,Helium Lamp,1994,nm,absorbance,746.3499634744588
753.741,66.76681,67caaf87-34fd-412f-8ebc-f0eb37aa8292,Helium Lamp,1995,nm,absorbance,746.5385551974487
753.93,28.57411,67caaf87-34fd-412f-8ebc-f0eb37aa8292,Helium Lamp,1996,nm,absorbance,746.7261543324227
754.12,25.180676,67caaf87-34fd-412f-8ebc-f0eb37aa8292,Helium Lamp,1997,nm,absorbance,746.9147460554125
754.31,32.041191000000005,67caaf87-34fd-412f-8ebc-f0eb37aa8292,Helium Lamp,1998,nm,absorbance,747.1033377784023
754.5,18.184921000000003,67caaf87-34fd-412f-8ebc-f0eb37aa8292,Helium Lamp,1999,nm,absorbance,747.2919295013921
754.689,9.362018,67caaf87-34fd-412f-8ebc-f0eb37aa8292,Helium Lamp,2000,nm,absorbance,747.4795286363661
754.879,36.476981,67caaf87-34fd-412f-8ebc-f0eb37aa8292,Helium Lamp,2001,nm,absorbance,747.6681203593561
755.069,-14.496811000000005,67caaf87-34fd-412f-8ebc-f0eb37aa8292,Helium Lamp,2002,nm,absorbance,747.8567120823458
755.258,73.96357,67caaf87-34fd-412f-8ebc-f0eb37aa8292,Helium Lamp,2003,nm,absorbance,748.0443112173199
755.448,62.62139900000001,67caaf87-34fd-412f-8ebc-f0eb37aa8292,Helium Lamp,2004,nm,absorbance,748.2329029403097
755.638,55.04184,67caaf87-34fd-412f-8ebc-f0eb37aa8292,Helium Lamp,2005,nm,absorbance,748.4214946632995
755.827,25.248876,67caaf87-34fd-412f-8ebc-f0eb37aa8292,Helium Lamp,2006,nm,absorbance,748.6090937982735
756.017,12.602301,67caaf87-34fd-412f-8ebc-f0eb37aa8292,Helium Lamp,2007,nm,absorbance,748.7976855212635
756.206,34.543188,67caaf87-34fd-412f-8ebc-f0eb37aa8292,Helium Lamp,2008,nm,absorbance,748.9852846562375
756.396,84.571222,67caaf87-34fd-412f-8ebc-f0eb37aa8292,Helium Lamp,2009,nm,absorbance,749.1738763792272
756.586,24.788007,67caaf87-34fd-412f-8ebc-f0eb37aa8292,Helium Lamp,2010,nm,absorbance,749.3624681022171
756.775,67.201258,67caaf87-34fd-412f-8ebc-f0eb37aa8292,Helium Lamp,2011,nm,absorbance,749.5500672371911
756.965,27.284126000000004,67caaf87-34fd-412f-8ebc-f0eb37aa8292,Helium Lamp,2012,nm,absorbance,749.7386589601809
757.154,-17.733719,67caaf87-34fd-412f-8ebc-f0eb37aa8292,Helium Lamp,2013,nm,absorbance,749.926258095155
757.344,49.252477,67caaf87-34fd-412f-8ebc-f0eb37aa8292,Helium Lamp,2014,nm,absorbance,750.1148498181449
757.533,49.05201,67caaf87-34fd-412f-8ebc-f0eb37aa8292,Helium Lamp,2015,nm,absorbance,750.3024489531189
757.723,30.991235000000007,67caaf87-34fd-412f-8ebc-f0eb37aa8292,Helium Lamp,2016,nm,absorbance,750.4910406761087
757.912,20.544836,67caaf87-34fd-412f-8ebc-f0eb37aa8292,Helium Lamp,2017,nm,absorbance,750.6786398110828
758.101,60.575498,67caaf87-34fd-412f-8ebc-f0eb37aa8292,Helium Lamp,2018,nm,absorbance,750.8662389460569
758.291,34.834952,67caaf87-34fd-412f-8ebc-f0eb37aa8292,Helium Lamp,2019,nm,absorbance,751.0548306690467
758.48,55.25579700000001,67caaf87-34fd-412f-8ebc-f0eb37aa8292,Helium Lamp,2020,nm,absorbance,751.2424298040207
758.67,32.713189,67caaf87-34fd-412f-8ebc-f0eb37aa8292,Helium Lamp,2021,nm,absorbance,751.4310215270106
758.859,37.753396,67caaf87-34fd-412f-8ebc-f0eb37aa8292,Helium Lamp,2022,nm,absorbance,751.6186206619847
759.048,-19.287797,67caaf87-34fd-412f-8ebc-f0eb37aa8292,Helium Lamp,2023,nm,absorbance,751.8062197969587
759.238,-13.880569,67caaf87-34fd-412f-8ebc-f0eb37aa8292,Helium Lamp,2024,nm,absorbance,751.9948115199486
759.427,48.342536,67caaf87-34fd-412f-8ebc-f0eb37aa8292,Helium Lamp,2025,nm,absorbance,752.1824106549226
759.616,22.961307,67caaf87-34fd-412f-8ebc-f0eb37aa8292,Helium Lamp,2026,nm,absorbance,752.3700097898966
759.806,57.04956299999999,67caaf87-34fd-412f-8ebc-f0eb37aa8292,Helium Lamp,2027,nm,absorbance,752.5586015128865
759.995,-26.476889,67caaf87-34fd-412f-8ebc-f0eb37aa8292,Helium Lamp,2028,nm,absorbance,752.7462006478605
760.184,44.30673,67caaf87-34fd-412f-8ebc-f0eb37aa8292,Helium Lamp,2029,nm,absorbance,752.9337997828345
760.373,53.02785,67caaf87-34fd-412f-8ebc-f0eb37aa8292,Helium Lamp,2030,nm,absorbance,753.1213989178087
760.563,27.324611,67caaf87-34fd-412f-8ebc-f0eb37aa8292,Helium Lamp,2031,nm,absorbance,753.3099906407984
760.752,15.554005999999998,67caaf87-34fd-412f-8ebc-f0eb37aa8292,Helium Lamp,2032,nm,absorbance,753.4975897757726
760.941,25.760134,67caaf87-34fd-412f-8ebc-f0eb37aa8292,Helium Lamp,2033,nm,absorbance,753.6851889107467
761.13,39.12145,67caaf87-34fd-412f-8ebc-f0eb37aa8292,Helium Lamp,2034,nm,absorbance,753.8727880457207
761.319,55.54597899999999,67caaf87-34fd-412f-8ebc-f0eb37aa8292,Helium Lamp,2035,nm,absorbance,754.0603871806948
761.509,57.385545,67caaf87-34fd-412f-8ebc-f0eb37aa8292,Helium Lamp,2036,nm,absorbance,754.2489789036846
761.698,15.820544000000002,67caaf87-34fd-412f-8ebc-f0eb37aa8292,Helium Lamp,2037,nm,absorbance,754.4365780386586
761.887,20.463773,67caaf87-34fd-412f-8ebc-f0eb37aa8292,Helium Lamp,2038,nm,absorbance,754.6241771736327
762.076,90.866567,67caaf87-34fd-412f-8ebc-f0eb37aa8292,Helium Lamp,2039,nm,absorbance,754.8117763086068
762.265,-11.792016999999998,67caaf87-34fd-412f-8ebc-f0eb37aa8292,Helium Lamp,2040,nm,absorbance,754.9993754435809
762.454,52.349103,67caaf87-34fd-412f-8ebc-f0eb37aa8292,Helium Lamp,2041,nm,absorbance,755.1869745785549
762.643,4.806456,67caaf87-34fd-412f-8ebc-f0eb37aa8292,Helium Lamp,2042,nm,absorbance,755.374573713529
762.832,2.6456409999999995,67caaf87-34fd-412f-8ebc-f0eb37aa8292,Helium Lamp,2043,nm,absorbance,755.5621728485031
763.021,30.991032,67caaf87-34fd-412f-8ebc-f0eb37aa8292,Helium Lamp,2044,nm,absorbance,755.7497719834771
763.21,38.357074,67caaf87-34fd-412f-8ebc-f0eb37aa8292,Helium Lamp,2045,nm,absorbance,755.9373711184512
763.399,3.731216,67caaf87-34fd-412f-8ebc-f0eb37aa8292,Helium Lamp,2046,nm,absorbance,756.1249702534253
763.588,-43.876377,67caaf87-34fd-412f-8ebc-f0eb37aa8292,Helium Lamp,2047,nm,absorbance,756.3125693883993
763.777,50.588567,67caaf87-34fd-412f-8ebc-f0eb37aa8292,Helium Lamp,2048,nm,absorbance,756.5001685233735
763.966,20.327882,67caaf87-34fd-412f-8ebc-f0eb37aa8292,Helium Lamp,2049,nm,absorbance,756.6877676583475
764.155,86.15582099999999,67caaf87-34fd-412f-8ebc-f0eb37aa8292,Helium Lamp,2050,nm,absorbance,756.8753667933215
764.344,18.697999,67caaf87-34fd-412f-8ebc-f0eb37aa8292,Helium Lamp,2051,nm,absorbance,757.0629659282957
764.533,5.383313999999999,67caaf87-34fd-412f-8ebc-f0eb37aa8292,Helium Lamp,2052,nm,absorbance,757.2505650632697
764.722,41.895427,67caaf87-34fd-412f-8ebc-f0eb37aa8292,Helium Lamp,2053,nm,absorbance,757.4381641982438
764.911,40.323809,67caaf87-34fd-412f-8ebc-f0eb37aa8292,Helium Lamp,2054,nm,absorbance,757.6257633332178
765.1,24.946363,67caaf87-34fd-412f-8ebc-f0eb37aa8292,Helium Lamp,2055,nm,absorbance,757.8133624681919
765.288,46.636208,67caaf87-34fd-412f-8ebc-f0eb37aa8292,Helium Lamp,2056,nm,absorbance,757.9999690151503
765.477,-27.445773000000003,67caaf87-34fd-412f-8ebc-f0eb37aa8292,Helium Lamp,2057,nm,absorbance,758.1875681501243
765.666,15.514616999999998,67caaf87-34fd-412f-8ebc-f0eb37aa8292,Helium Lamp,2058,nm,absorbance,758.3751672850985
765.855,-13.590974,67caaf87-34fd-412f-8ebc-f0eb37aa8292,Helium Lamp,2059,nm,absorbance,758.5627664200725
766.044,41.36229,67caaf87-34fd-412f-8ebc-f0eb37aa8292,Helium Lamp,2060,nm,absorbance,758.7503655550465
766.232,39.17925,67caaf87-34fd-412f-8ebc-f0eb37aa8292,Helium Lamp,2061,nm,absorbance,758.9369721020049
766.421,45.668047,67caaf87-34fd-412f-8ebc-f0eb37aa8292,Helium Lamp,2062,nm,absorbance,759.124571236979
766.61,61.398610000000005,67caaf87-34fd-412f-8ebc-f0eb37aa8292,Helium Lamp,2063,nm,absorbance,759.3121703719531
766.799,-24.055444,67caaf87-34fd-412f-8ebc-f0eb37aa8292,Helium Lamp,2064,nm,absorbance,759.4997695069271
766.987,-22.996868000000003,67caaf87-34fd-412f-8ebc-f0eb37aa8292,Helium Lamp,2065,nm,absorbance,759.6863760538854
767.176,30.358334,67caaf87-34fd-412f-8ebc-f0eb37aa8292,Helium Lamp,2066,nm,absorbance,759.8739751888596
767.365,49.319616,67caaf87-34fd-412f-8ebc-f0eb37aa8292,Helium Lamp,2067,nm,absorbance,760.0615743238336
767.553,47.789767000000005,67caaf87-34fd-412f-8ebc-f0eb37aa8292,Helium Lamp,2068,nm,absorbance,760.248180870792
767.742,-112.956428,67caaf87-34fd-412f-8ebc-f0eb37aa8292,Helium Lamp,2069,nm,absorbance,760.435780005766
767.931,35.880621000000005,67caaf87-34fd-412f-8ebc-f0eb37aa8292,Helium Lamp,2070,nm,absorbance,760.6233791407401
768.119,10.125353,67caaf87-34fd-412f-8ebc-f0eb37aa8292,Helium Lamp,2071,nm,absorbance,760.8099856876985
768.308,40.967513,67caaf87-34fd-412f-8ebc-f0eb37aa8292,Helium Lamp,2072,nm,absorbance,760.9975848226725
768.497,13.286808,67caaf87-34fd-412f-8ebc-f0eb37aa8292,Helium Lamp,2073,nm,absorbance,761.1851839576466
768.685,-33.815701999999995,67caaf87-34fd-412f-8ebc-f0eb37aa8292,Helium Lamp,2074,nm,absorbance,761.3717905046049
768.874,-7.062021,67caaf87-34fd-412f-8ebc-f0eb37aa8292,Helium Lamp,2075,nm,absorbance,761.559389639579
769.062,17.709032,67caaf87-34fd-412f-8ebc-f0eb37aa8292,Helium Lamp,2076,nm,absorbance,761.7459961865374
769.251,60.26767900000001,67caaf87-34fd-412f-8ebc-f0eb37aa8292,Helium Lamp,2077,nm,absorbance,761.9335953215113
769.439,50.286728,67caaf87-34fd-412f-8ebc-f0eb37aa8292,Helium Lamp,2078,nm,absorbance,762.1202018684697
769.628,14.538662999999996,67caaf87-34fd-412f-8ebc-f0eb37aa8292,Helium Lamp,2079,nm,absorbance,762.3078010034438
769.816,19.62327,67caaf87-34fd-412f-8ebc-f0eb37aa8292,Helium Lamp,2080,nm,absorbance,762.4944075504022
770.005,-30.177720000000004,67caaf87-34fd-412f-8ebc-f0eb37aa8292,Helium Lamp,2081,nm,absorbance,762.6820066853762
770.193,3.340022,67caaf87-34fd-412f-8ebc-f0eb37aa8292,Helium Lamp,2082,nm,absorbance,762.8686132323345
770.382,30.472973,67caaf87-34fd-412f-8ebc-f0eb37aa8292,Helium Lamp,2083,nm,absorbance,763.0562123673086
770.57,26.893938,67caaf87-34fd-412f-8ebc-f0eb37aa8292,Helium Lamp,2084,nm,absorbance,763.242818914267
770.758,53.78424199999999,67caaf87-34fd-412f-8ebc-f0eb37aa8292,Helium Lamp,2085,nm,absorbance,763.4294254612254
770.947,52.852911000000006,67caaf87-34fd-412f-8ebc-f0eb37aa8292,Helium Lamp,2086,nm,absorbance,763.6170245961994
771.135,12.074099,67caaf87-34fd-412f-8ebc-f0eb37aa8292,Helium Lamp,2087,nm,absorbance,763.8036311431576
771.323,38.272765,67caaf87-34fd-412f-8ebc-f0eb37aa8292,Helium Lamp,2088,nm,absorbance,763.990237690116
771.512,63.17173799999999,67caaf87-34fd-412f-8ebc-f0eb37aa8292,Helium Lamp,2089,nm,absorbance,764.17783682509
771.7,78.320837,67caaf87-34fd-412f-8ebc-f0eb37aa8292,Helium Lamp,2090,nm,absorbance,764.3644433720485
771.888,-24.397088000000004,67caaf87-34fd-412f-8ebc-f0eb37aa8292,Helium Lamp,2091,nm,absorbance,764.5510499190068
772.077,15.534287999999998,67caaf87-34fd-412f-8ebc-f0eb37aa8292,Helium Lamp,2092,nm,absorbance,764.7386490539809
772.265,37.111252,67caaf87-34fd-412f-8ebc-f0eb37aa8292,Helium Lamp,2093,nm,absorbance,764.9252556009392
772.453,35.946485,67caaf87-34fd-412f-8ebc-f0eb37aa8292,Helium Lamp,2094,nm,absorbance,765.1118621478976
772.642,-0.8543410000000001,67caaf87-34fd-412f-8ebc-f0eb37aa8292,Helium Lamp,2095,nm,absorbance,765.2994612828717
772.83,53.752481,67caaf87-34fd-412f-8ebc-f0eb37aa8292,Helium Lamp,2096,nm,absorbance,765.48606782983
773.018,-19.628117,67caaf87-34fd-412f-8ebc-f0eb37aa8292,Helium Lamp,2097,nm,absorbance,765.6726743767883
773.206,69.253765,67caaf87-34fd-412f-8ebc-f0eb37aa8292,Helium Lamp,2098,nm,absorbance,765.8592809237466
773.394,42.015424,67caaf87-34fd-412f-8ebc-f0eb37aa8292,Helium Lamp,2099,nm,absorbance,766.045887470705
773.583,-23.427102,67caaf87-34fd-412f-8ebc-f0eb37aa8292,Helium Lamp,2100,nm,absorbance,766.233486605679
773.771,81.32136100000001,67caaf87-34fd-412f-8ebc-f0eb37aa8292,Helium Lamp,2101,nm,absorbance,766.4200931526374
773.959,31.249742,67caaf87-34fd-412f-8ebc-f0eb37aa8292,Helium Lamp,2102,nm,absorbance,766.6066996995957
774.147,19.920134,67caaf87-34fd-412f-8ebc-f0eb37aa8292,Helium Lamp,2103,nm,absorbance,766.793306246554
774.335,9.705976,67caaf87-34fd-412f-8ebc-f0eb37aa8292,Helium Lamp,2104,nm,absorbance,766.9799127935124
774.523,25.822125000000007,67caaf87-34fd-412f-8ebc-f0eb37aa8292,Helium Lamp,2105,nm,absorbance,767.1665193404707
774.711,34.477895000000004,67caaf87-34fd-412f-8ebc-f0eb37aa8292,Helium Lamp,2106,nm,absorbance,767.3531258874291
774.899,52.63963800000001,67caaf87-34fd-412f-8ebc-f0eb37aa8292,Helium Lamp,2107,nm,absorbance,767.5397324343874
775.087,29.343376,67caaf87-34fd-412f-8ebc-f0eb37aa8292,Helium Lamp,2108,nm,absorbance,767.7263389813457
775.275,-26.292279999999995,67caaf87-34fd-412f-8ebc-f0eb37aa8292,Helium Lamp,2109,nm,absorbance,767.912945528304
775.463,5.265670000000001,67caaf87-34fd-412f-8ebc-f0eb37aa8292,Helium Lamp,2110,nm,absorbance,768.0995520752624
775.651,19.126033,67caaf87-34fd-412f-8ebc-f0eb37aa8292,Helium Lamp,2111,nm,absorbance,768.2861586222207
775.839,30.651352,67caaf87-34fd-412f-8ebc-f0eb37aa8292,Helium Lamp,2112,nm,absorbance,768.4727651691791
776.027,46.61513000000001,67caaf87-34fd-412f-8ebc-f0eb37aa8292,Helium Lamp,2113,nm,absorbance,768.6593717161375
776.215,87.016621,67caaf87-34fd-412f-8ebc-f0eb37aa8292,Helium Lamp,2114,nm,absorbance,768.8459782630957
776.403,89.20864399999999,67caaf87-34fd-412f-8ebc-f0eb37aa8292,Helium Lamp,2115,nm,absorbance,769.0325848100541
776.591,-51.63473000000001,67caaf87-34fd-412f-8ebc-f0eb37aa8292,Helium Lamp,2116,nm,absorbance,769.2191913570124
776.779,48.51436,67caaf87-34fd-412f-8ebc-f0eb37aa8292,Helium Lamp,2117,nm,absorbance,769.4057979039708
776.967,32.91203800000001,67caaf87-34fd-412f-8ebc-f0eb37aa8292,Helium Lamp,2118,nm,absorbance,769.592404450929
777.155,22.5428,67caaf87-34fd-412f-8ebc-f0eb37aa8292,Helium Lamp,2119,nm,absorbance,769.7790109978874
777.343,34.016869,67caaf87-34fd-412f-8ebc-f0eb37aa8292,Helium Lamp,2120,nm,absorbance,769.9656175448457
777.531,19.301791,67caaf87-34fd-412f-8ebc-f0eb37aa8292,Helium Lamp,2121,nm,absorbance,770.1522240918041
777.718,66.99035599999999,67caaf87-34fd-412f-8ebc-f0eb37aa8292,Helium Lamp,2122,nm,absorbance,770.3378380507467
777.906,84.84845199999998,67caaf87-34fd-412f-8ebc-f0eb37aa8292,Helium Lamp,2123,nm,absorbance,770.5244445977049
778.094,34.563774,67caaf87-34fd-412f-8ebc-f0eb37aa8292,Helium Lamp,2124,nm,absorbance,770.7110511446634
778.282,79.59593299999999,67caaf87-34fd-412f-8ebc-f0eb37aa8292,Helium Lamp,2125,nm,absorbance,770.8976576916217
778.47,-11.759906,67caaf87-34fd-412f-8ebc-f0eb37aa8292,Helium Lamp,2126,nm,absorbance,771.0842642385801
778.657,-14.015608,67caaf87-34fd-412f-8ebc-f0eb37aa8292,Helium Lamp,2127,nm,absorbance,771.2698781975226
778.845,86.320481,67caaf87-34fd-412f-8ebc-f0eb37aa8292,Helium Lamp,2128,nm,absorbance,771.456484744481
779.033,40.39107800000001,67caaf87-34fd-412f-8ebc-f0eb37aa8292,Helium Lamp,2129,nm,absorbance,771.6430912914393
779.22,29.704056,67caaf87-34fd-412f-8ebc-f0eb37aa8292,Helium Lamp,2130,nm,absorbance,771.828705250382
779.408,78.046325,67caaf87-34fd-412f-8ebc-f0eb37aa8292,Helium Lamp,2131,nm,absorbance,772.0153117973402
779.596,106.501066,67caaf87-34fd-412f-8ebc-f0eb37aa8292,Helium Lamp,2132,nm,absorbance,772.2019183442986
779.783,90.742615,67caaf87-34fd-412f-8ebc-f0eb37aa8292,Helium Lamp,2133,nm,absorbance,772.3875323032412
779.971,111.4492,67caaf87-34fd-412f-8ebc-f0eb37aa8292,Helium Lamp,2134,nm,absorbance,772.5741388501996
780.159,162.64425500000002,67caaf87-34fd-412f-8ebc-f0eb37aa8292,Helium Lamp,2135,nm,absorbance,772.7607453971578
780.346,141.241456,67caaf87-34fd-412f-8ebc-f0eb37aa8292,Helium Lamp,2136,nm,absorbance,772.9463593561005
780.534,202.444815,67caaf87-34fd-412f-8ebc-f0eb37aa8292,Helium Lamp,2137,nm,absorbance,773.1329659030588
780.722,179.81984,67caaf87-34fd-412f-8ebc-f0eb37aa8292,Helium Lamp,2138,nm,absorbance,773.3195724500172
780.909,114.17033700000002,67caaf87-34fd-412f-8ebc-f0eb37aa8292,Helium Lamp,2139,nm,absorbance,773.5051864089597
781.097,216.206532,67caaf87-34fd-412f-8ebc-f0eb37aa8292,Helium Lamp,2140,nm,absorbance,773.691792955918
781.284,239.587221,67caaf87-34fd-412f-8ebc-f0eb37aa8292,Helium Lamp,2141,nm,absorbance,773.8774069148607
781.472,194.032235,67caaf87-34fd-412f-8ebc-f0eb37aa8292,Helium Lamp,2142,nm,absorbance,774.064013461819
781.659,184.248643,67caaf87-34fd-412f-8ebc-f0eb37aa8292,Helium Lamp,2143,nm,absorbance,774.2496274207616
781.847,183.146375,67caaf87-34fd-412f-8ebc-f0eb37aa8292,Helium Lamp,2144,nm,absorbance,774.4362339677199
782.034,182.462385,67caaf87-34fd-412f-8ebc-f0eb37aa8292,Helium Lamp,2145,nm,absorbance,774.6218479266626
782.222,157.568193,67caaf87-34fd-412f-8ebc-f0eb37aa8292,Helium Lamp,2146,nm,absorbance,774.8084544736208
782.409,220.63554600000003,67caaf87-34fd-412f-8ebc-f0eb37aa8292,Helium Lamp,2147,nm,absorbance,774.9940684325635
782.597,172.90844499999997,67caaf87-34fd-412f-8ebc-f0eb37aa8292,Helium Lamp,2148,nm,absorbance,775.1806749795218
782.784,177.965401,67caaf87-34fd-412f-8ebc-f0eb37aa8292,Helium Lamp,2149,nm,absorbance,775.3662889384644
782.971,153.33218700000003,67caaf87-34fd-412f-8ebc-f0eb37aa8292,Helium Lamp,2150,nm,absorbance,775.551902897407
783.159,252.830063,67caaf87-34fd-412f-8ebc-f0eb37aa8292,Helium Lamp,2151,nm,absorbance,775.7385094443654
783.346,190.010415,67caaf87-34fd-412f-8ebc-f0eb37aa8292,Helium Lamp,2152,nm,absorbance,775.9241234033079
783.533,231.364707,67caaf87-34fd-412f-8ebc-f0eb37aa8292,Helium Lamp,2153,nm,absorbance,776.1097373622506
783.721,243.110845,67caaf87-34fd-412f-8ebc-f0eb37aa8292,Helium Lamp,2154,nm,absorbance,776.2963439092089
783.908,221.47190100000003,67caaf87-34fd-412f-8ebc-f0eb37aa8292,Helium Lamp,2155,nm,absorbance,776.4819578681515
784.095,241.168098,67caaf87-34fd-412f-8ebc-f0eb37aa8292,Helium Lamp,2156,nm,absorbance,776.6675718270941
784.283,237.067021,67caaf87-34fd-412f-8ebc-f0eb37aa8292,Helium Lamp,2157,nm,absorbance,776.8541783740525
784.47,240.912446,67caaf87-34fd-412f-8ebc-f0eb37aa8292,Helium Lamp,2158,nm,absorbance,777.039792332995
784.657,206.749851,67caaf87-34fd-412f-8ebc-f0eb37aa8292,Helium Lamp,2159,nm,absorbance,777.2254062919377
784.844,139.237558,67caaf87-34fd-412f-8ebc-f0eb37aa8292,Helium Lamp,2160,nm,absorbance,777.4110202508803
785.032,211.004878,67caaf87-34fd-412f-8ebc-f0eb37aa8292,Helium Lamp,2161,nm,absorbance,777.5976267978386
785.219,222.38041299999995,67caaf87-34fd-412f-8ebc-f0eb37aa8292,Helium Lamp,2162,nm,absorbance,777.7832407567812
785.406,237.674426,67caaf87-34fd-412f-8ebc-f0eb37aa8292,Helium Lamp,2163,nm,absorbance,777.9688547157238
785.593,177.388078,67caaf87-34fd-412f-8ebc-f0eb37aa8292,Helium Lamp,2164,nm,absorbance,778.1544686746663
785.78,179.31407600000003,67caaf87-34fd-412f-8ebc-f0eb37aa8292,Helium Lamp,2165,nm,absorbance,778.340082633609
785.968,219.96976400000003,67caaf87-34fd-412f-8ebc-f0eb37aa8292,Helium Lamp,2166,nm,absorbance,778.5266891805672
786.155,229.454006,67caaf87-34fd-412f-8ebc-f0eb37aa8292,Helium Lamp,2167,nm,absorbance,778.7123031395099
786.342,146.100709,67caaf87-34fd-412f-8ebc-f0eb37aa8292,Helium Lamp,2168,nm,absorbance,778.8979170984525
786.529,144.32765,67caaf87-34fd-412f-8ebc-f0eb37aa8292,Helium Lamp,2169,nm,absorbance,779.0835310573951
786.716,222.492008,67caaf87-34fd-412f-8ebc-f0eb37aa8292,Helium Lamp,2170,nm,absorbance,779.2691450163377
786.903,230.714997,67caaf87-34fd-412f-8ebc-f0eb37aa8292,Helium Lamp,2171,nm,absorbance,779.4547589752804
787.09,167.152879,67caaf87-34fd-412f-8ebc-f0eb37aa8292,Helium Lamp,2172,nm,absorbance,779.6403729342229
787.277,229.630852,67caaf87-34fd-412f-8ebc-f0eb37aa8292,Helium Lamp,2173,nm,absorbance,779.8259868931656
787.464,139.882672,67caaf87-34fd-412f-8ebc-f0eb37aa8292,Helium Lamp,2174,nm,absorbance,780.0116008521081
787.651,101.995606,67caaf87-34fd-412f-8ebc-f0eb37aa8292,Helium Lamp,2175,nm,absorbance,780.1972148110507
787.838,137.075489,67caaf87-34fd-412f-8ebc-f0eb37aa8292,Helium Lamp,2176,nm,absorbance,780.3828287699934
788.025,125.001243,67caaf87-34fd-412f-8ebc-f0eb37aa8292,Helium Lamp,2177,nm,absorbance,780.5684427289359
788.212,125.888145,67caaf87-34fd-412f-8ebc-f0eb37aa8292,Helium Lamp,2178,nm,absorbance,780.7540566878786
788.399,140.096506,67caaf87-34fd-412f-8ebc-f0eb37aa8292,Helium Lamp,2179,nm,absorbance,780.9396706468211
788.586,71.33219199999999,67caaf87-34fd-412f-8ebc-f0eb37aa8292,Helium Lamp,2180,nm,absorbance,781.1252846057638
788.773,101.668167,67caaf87-34fd-412f-8ebc-f0eb37aa8292,Helium Lamp,2181,nm,absorbance,781.3108985647063
788.96,98.499384,67caaf87-34fd-412f-8ebc-f0eb37aa8292,Helium Lamp,2182,nm,absorbance,781.496512523649
789.147,75.12724299999999,67caaf87-34fd-412f-8ebc-f0eb37aa8292,Helium Lamp,2183,nm,absorbance,781.6821264825916
789.334,111.210046,67caaf87-34fd-412f-8ebc-f0eb37aa8292,Helium Lamp,2184,nm,absorbance,781.8677404415341
789.521,90.05796899999999,67caaf87-34fd-412f-8ebc-f0eb37aa8292,Helium Lamp,2185,nm,absorbance,782.0533544004767
789.707,60.082105,67caaf87-34fd-412f-8ebc-f0eb37aa8292,Helium Lamp,2186,nm,absorbance,782.2379757714036
789.894,86.10249699999999,67caaf87-34fd-412f-8ebc-f0eb37aa8292,Helium Lamp,2187,nm,absorbance,782.4235897303462
790.081,119.311196,67caaf87-34fd-412f-8ebc-f0eb37aa8292,Helium Lamp,2188,nm,absorbance,782.6092036892888
790.268,111.68018399999998,67caaf87-34fd-412f-8ebc-f0eb37aa8292,Helium Lamp,2189,nm,absorbance,782.7948176482314
790.455,50.310649000000005,67caaf87-34fd-412f-8ebc-f0eb37aa8292,Helium Lamp,2190,nm,absorbance,782.9804316071741
790.641,61.66943799999999,67caaf87-34fd-412f-8ebc-f0eb37aa8292,Helium Lamp,2191,nm,absorbance,783.1650529781008
790.828,39.35622600000001,67caaf87-34fd-412f-8ebc-f0eb37aa8292,Helium Lamp,2192,nm,absorbance,783.3506669370435
791.015,6.377703999999999,67caaf87-34fd-412f-8ebc-f0eb37aa8292,Helium Lamp,2193,nm,absorbance,783.536280895986
791.202,67.171353,67caaf87-34fd-412f-8ebc-f0eb37aa8292,Helium Lamp,2194,nm,absorbance,783.7218948549287
791.388,-5.0173630000000005,67caaf87-34fd-412f-8ebc-f0eb37aa8292,Helium Lamp,2195,nm,absorbance,783.9065162258556
791.575,29.505258000000005,67caaf87-34fd-412f-8ebc-f0eb37aa8292,Helium Lamp,2196,nm,absorbance,784.0921301847982
791.762,22.976359,67caaf87-34fd-412f-8ebc-f0eb37aa8292,Helium Lamp,2197,nm,absorbance,784.2777441437407
791.948,63.07021199999999,67caaf87-34fd-412f-8ebc-f0eb37aa8292,Helium Lamp,2198,nm,absorbance,784.4623655146676
792.135,0.817482,67caaf87-34fd-412f-8ebc-f0eb37aa8292,Helium Lamp,2199,nm,absorbance,784.6479794736102
792.322,61.682344,67caaf87-34fd-412f-8ebc-f0eb37aa8292,Helium Lamp,2200,nm,absorbance,784.8335934325528
792.508,-48.447455000000005,67caaf87-34fd-412f-8ebc-f0eb37aa8292,Helium Lamp,2201,nm,absorbance,785.0182148034797
792.695,71.860093,67caaf87-34fd-412f-8ebc-f0eb37aa8292,Helium Lamp,2202,nm,absorbance,785.2038287624223
792.881,58.419198,67caaf87-34fd-412f-8ebc-f0eb37aa8292,Helium Lamp,2203,nm,absorbance,785.3884501333491
793.068,58.165902,67caaf87-34fd-412f-8ebc-f0eb37aa8292,Helium Lamp,2204,nm,absorbance,785.5740640922917
793.254,70.311924,67caaf87-34fd-412f-8ebc-f0eb37aa8292,Helium Lamp,2205,nm,absorbance,785.7586854632186
793.441,49.02585799999999,67caaf87-34fd-412f-8ebc-f0eb37aa8292,Helium Lamp,2206,nm,absorbance,785.9442994221612
793.627,38.590569,67caaf87-34fd-412f-8ebc-f0eb37aa8292,Helium Lamp,2207,nm,absorbance,786.128920793088
793.814,31.32214,67caaf87-34fd-412f-8ebc-f0eb37aa8292,Helium Lamp,2208,nm,absorbance,786.3145347520307
794.0,68.15344300000001,67caaf87-34fd-412f-8ebc-f0eb37aa8292,Helium Lamp,2209,nm,absorbance,786.4991561229575
794.187,40.826233,67caaf87-34fd-412f-8ebc-f0eb37aa8292,Helium Lamp,2210,nm,absorbance,786.6847700819002
794.373,-27.032013,67caaf87-34fd-412f-8ebc-f0eb37aa8292,Helium Lamp,2211,nm,absorbance,786.869391452827
794.56,23.782988,67caaf87-34fd-412f-8ebc-f0eb37aa8292,Helium Lamp,2212,nm,absorbance,787.0550054117696
794.746,15.568575000000004,67caaf87-34fd-412f-8ebc-f0eb37aa8292,Helium Lamp,2213,nm,absorbance,787.2396267826964
794.933,38.183911,67caaf87-34fd-412f-8ebc-f0eb37aa8292,Helium Lamp,2214,nm,absorbance,787.4252407416391
795.119,55.24231100000001,67caaf87-34fd-412f-8ebc-f0eb37aa8292,Helium Lamp,2215,nm,absorbance,787.6098621125659
795.305,-37.722224,67caaf87-34fd-412f-8ebc-f0eb37aa8292,Helium Lamp,2216,nm,absorbance,787.7944834834927
795.492,71.087424,67caaf87-34fd-412f-8ebc-f0eb37aa8292,Helium Lamp,2217,nm,absorbance,787.9800974424354
795.678,24.232863,67caaf87-34fd-412f-8ebc-f0eb37aa8292,Helium Lamp,2218,nm,absorbance,788.1647188133622
795.864,16.865242000000002,67caaf87-34fd-412f-8ebc-f0eb37aa8292,Helium Lamp,2219,nm,absorbance,788.3493401842892
796.051,-8.261154999999999,67caaf87-34fd-412f-8ebc-f0eb37aa8292,Helium Lamp,2220,nm,absorbance,788.5349541432317
796.237,-33.46651200000001,67caaf87-34fd-412f-8ebc-f0eb37aa8292,Helium Lamp,2221,nm,absorbance,788.7195755141586
796.423,44.892676,67caaf87-34fd-412f-8ebc-f0eb37aa8292,Helium Lamp,2222,nm,absorbance,788.9041968850854
796.61,50.723597,67caaf87-34fd-412f-8ebc-f0eb37aa8292,Helium Lamp,2223,nm,absorbance,789.0898108440281
796.796,24.807619,67caaf87-34fd-412f-8ebc-f0eb37aa8292,Helium Lamp,2224,nm,absorbance,789.274432214955
796.982,24.156717000000004,67caaf87-34fd-412f-8ebc-f0eb37aa8292,Helium Lamp,2225,nm,absorbance,789.4590535858817
797.168,73.250544,67caaf87-34fd-412f-8ebc-f0eb37aa8292,Helium Lamp,2226,nm,absorbance,789.6436749568087
797.355,38.791622,67caaf87-34fd-412f-8ebc-f0eb37aa8292,Helium Lamp,2227,nm,absorbance,789.8292889157512
797.541,42.644381,67caaf87-34fd-412f-8ebc-f0eb37aa8292,Helium Lamp,2228,nm,absorbance,790.0139102866782
797.727,20.035703,67caaf87-34fd-412f-8ebc-f0eb37aa8292,Helium Lamp,2229,nm,absorbance,790.1985316576049
797.913,23.174295,67caaf87-34fd-412f-8ebc-f0eb37aa8292,Helium Lamp,2230,nm,absorbance,790.3831530285319
798.099,-4.921082,67caaf87-34fd-412f-8ebc-f0eb37aa8292,Helium Lamp,2231,nm,absorbance,790.5677743994588
798.285,90.076305,67caaf87-34fd-412f-8ebc-f0eb37aa8292,Helium Lamp,2232,nm,absorbance,790.7523957703855
798.471,24.585415,67caaf87-34fd-412f-8ebc-f0eb37aa8292,Helium Lamp,2233,nm,absorbance,790.9370171413125
798.658,-37.116563,67caaf87-34fd-412f-8ebc-f0eb37aa8292,Helium Lamp,2234,nm,absorbance,791.122631100255
798.844,-30.406063000000007,67caaf87-34fd-412f-8ebc-f0eb37aa8292,Helium Lamp,2235,nm,absorbance,791.307252471182
799.03,63.10290200000001,67caaf87-34fd-412f-8ebc-f0eb37aa8292,Helium Lamp,2236,nm,absorbance,791.4918738421087
799.216,7.495573999999999,67caaf87-34fd-412f-8ebc-f0eb37aa8292,Helium Lamp,2237,nm,absorbance,791.6764952130357
799.402,-51.84858799999999,67caaf87-34fd-412f-8ebc-f0eb37aa8292,Helium Lamp,2238,nm,absorbance,791.8611165839626
799.588,-18.438693,67caaf87-34fd-412f-8ebc-f0eb37aa8292,Helium Lamp,2239,nm,absorbance,792.0457379548893
799.774,46.706318,67caaf87-34fd-412f-8ebc-f0eb37aa8292,Helium Lamp,2240,nm,absorbance,792.2303593258163
799.96,-51.375025,67caaf87-34fd-412f-8ebc-f0eb37aa8292,Helium Lamp,2241,nm,absorbance,792.4149806967431
800.146,-12.074971,67caaf87-34fd-412f-8ebc-f0eb37aa8292,Helium Lamp,2242,nm,absorbance,792.5996020676699
800.332,19.313189,67caaf87-34fd-412f-8ebc-f0eb37aa8292,Helium Lamp,2243,nm,absorbance,792.7842234385968
800.518,-11.253538,67caaf87-34fd-412f-8ebc-f0eb37aa8292,Helium Lamp,2244,nm,absorbance,792.9688448095237
800.704,-5.547586,67caaf87-34fd-412f-8ebc-f0eb37aa8292,Helium Lamp,2245,nm,absorbance,793.1534661804506
800.89,67.53828899999999,67caaf87-34fd-412f-8ebc-f0eb37aa8292,Helium Lamp,2246,nm,absorbance,793.3380875513774
801.075,37.631395000000005,67caaf87-34fd-412f-8ebc-f0eb37aa8292,Helium Lamp,2247,nm,absorbance,793.5217163342886
801.261,64.68869,67caaf87-34fd-412f-8ebc-f0eb37aa8292,Helium Lamp,2248,nm,absorbance,793.7063377052153
801.447,65.93106,67caaf87-34fd-412f-8ebc-f0eb37aa8292,Helium Lamp,2249,nm,absorbance,793.8909590761423
801.633,29.910274000000005,67caaf87-34fd-412f-8ebc-f0eb37aa8292,Helium Lamp,2250,nm,absorbance,794.0755804470692
801.819,35.572423,67caaf87-34fd-412f-8ebc-f0eb37aa8292,Helium Lamp,2251,nm,absorbance,794.260201817996
802.005,71.984405,67caaf87-34fd-412f-8ebc-f0eb37aa8292,Helium Lamp,2252,nm,absorbance,794.4448231889229
802.19,74.29473800000001,67caaf87-34fd-412f-8ebc-f0eb37aa8292,Helium Lamp,2253,nm,absorbance,794.628451971834
802.376,8.551445,67caaf87-34fd-412f-8ebc-f0eb37aa8292,Helium Lamp,2254,nm,absorbance,794.8130733427608
802.562,21.016857,67caaf87-34fd-412f-8ebc-f0eb37aa8292,Helium Lamp,2255,nm,absorbance,794.9976947136878
802.748,-5.263109999999999,67caaf87-34fd-412f-8ebc-f0eb37aa8292,Helium Lamp,2256,nm,absorbance,795.1823160846146
802.934,54.573758,67caaf87-34fd-412f-8ebc-f0eb37aa8292,Helium Lamp,2257,nm,absorbance,795.3669374555415
803.119,51.71718,67caaf87-34fd-412f-8ebc-f0eb37aa8292,Helium Lamp,2258,nm,absorbance,795.5505662384526
803.305,65.119043,67caaf87-34fd-412f-8ebc-f0eb37aa8292,Helium Lamp,2259,nm,absorbance,795.7351876093794
803.491,8.903353999999998,67caaf87-34fd-412f-8ebc-f0eb37aa8292,Helium Lamp,2260,nm,absorbance,795.9198089803064
803.676,54.045498,67caaf87-34fd-412f-8ebc-f0eb37aa8292,Helium Lamp,2261,nm,absorbance,796.1034377632175
803.862,44.57118999999999,67caaf87-34fd-412f-8ebc-f0eb37aa8292,Helium Lamp,2262,nm,absorbance,796.2880591341443
804.048,33.821841,67caaf87-34fd-412f-8ebc-f0eb37aa8292,Helium Lamp,2263,nm,absorbance,796.4726805050711
804.233,3.07585,67caaf87-34fd-412f-8ebc-f0eb37aa8292,Helium Lamp,2264,nm,absorbance,796.6563092879823
804.419,72.61375799999999,67caaf87-34fd-412f-8ebc-f0eb37aa8292,Helium Lamp,2265,nm,absorbance,796.8409306589092
804.605,8.367236,67caaf87-34fd-412f-8ebc-f0eb37aa8292,Helium Lamp,2266,nm,absorbance,797.025552029836
804.79,73.994756,67caaf87-34fd-412f-8ebc-f0eb37aa8292,Helium Lamp,2267,nm,absorbance,797.2091808127471
804.976,17.648076999999997,67caaf87-34fd-412f-8ebc-f0eb37aa8292,Helium Lamp,2268,nm,absorbance,797.393802183674
805.161,-1.5384809999999998,67caaf87-34fd-412f-8ebc-f0eb37aa8292,Helium Lamp,2269,nm,absorbance,797.5774309665851
805.347,55.59305500000001,67caaf87-34fd-412f-8ebc-f0eb37aa8292,Helium Lamp,2270,nm,absorbance,797.762052337512
805.532,59.873406,67caaf87-34fd-412f-8ebc-f0eb37aa8292,Helium Lamp,2271,nm,absorbance,797.9456811204232
805.718,-32.221288,67caaf87-34fd-412f-8ebc-f0eb37aa8292,Helium Lamp,2272,nm,absorbance,798.13030249135
805.903,20.869261,67caaf87-34fd-412f-8ebc-f0eb37aa8292,Helium Lamp,2273,nm,absorbance,798.3139312742612
806.089,30.719486,67caaf87-34fd-412f-8ebc-f0eb37aa8292,Helium Lamp,2274,nm,absorbance,798.498552645188
806.274,52.571102,67caaf87-34fd-412f-8ebc-f0eb37aa8292,Helium Lamp,2275,nm,absorbance,798.6821814280992
806.46,53.508907,67caaf87-34fd-412f-8ebc-f0eb37aa8292,Helium Lamp,2276,nm,absorbance,798.866802799026
806.645,33.640968,67caaf87-34fd-412f-8ebc-f0eb37aa8292,Helium Lamp,2277,nm,absorbance,799.0504315819371
806.831,53.880956000000005,67caaf87-34fd-412f-8ebc-f0eb37aa8292,Helium Lamp,2278,nm,absorbance,799.2350529528641
807.016,39.02594499999999,67caaf87-34fd-412f-8ebc-f0eb37aa8292,Helium Lamp,2279,nm,absorbance,799.4186817357751
807.201,10.537989,67caaf87-34fd-412f-8ebc-f0eb37aa8292,Helium Lamp,2280,nm,absorbance,799.6023105186863
807.387,23.170758,67caaf87-34fd-412f-8ebc-f0eb37aa8292,Helium Lamp,2281,nm,absorbance,799.7869318896131
807.572,-4.363591,67caaf87-34fd-412f-8ebc-f0eb37aa8292,Helium Lamp,2282,nm,absorbance,799.9705606725242
807.757,43.486097,67caaf87-34fd-412f-8ebc-f0eb37aa8292,Helium Lamp,2283,nm,absorbance,800.1541894554354
807.943,41.26368599999999,67caaf87-34fd-412f-8ebc-f0eb37aa8292,Helium Lamp,2284,nm,absorbance,800.3388108263622
808.128,16.064981,67caaf87-34fd-412f-8ebc-f0eb37aa8292,Helium Lamp,2285,nm,absorbance,800.5224396092734
808.313,-22.234979,67caaf87-34fd-412f-8ebc-f0eb37aa8292,Helium Lamp,2286,nm,absorbance,800.7060683921845
808.499,-31.691945,67caaf87-34fd-412f-8ebc-f0eb37aa8292,Helium Lamp,2287,nm,absorbance,800.8906897631114
808.684,24.712154,67caaf87-34fd-412f-8ebc-f0eb37aa8292,Helium Lamp,2288,nm,absorbance,801.0743185460225
808.869,45.054167,67caaf87-34fd-412f-8ebc-f0eb37aa8292,Helium Lamp,2289,nm,absorbance,801.2579473289337
809.054,28.094462,67caaf87-34fd-412f-8ebc-f0eb37aa8292,Helium Lamp,2290,nm,absorbance,801.4415761118447
809.24,64.41725,67caaf87-34fd-412f-8ebc-f0eb37aa8292,Helium Lamp,2291,nm,absorbance,801.6261974827717
809.425,49.781747,67caaf87-34fd-412f-8ebc-f0eb37aa8292,Helium Lamp,2292,nm,absorbance,801.8098262656828
809.61,40.840208,67caaf87-34fd-412f-8ebc-f0eb37aa8292,Helium Lamp,2293,nm,absorbance,801.9934550485939
809.795,59.57775399999999,67caaf87-34fd-412f-8ebc-f0eb37aa8292,Helium Lamp,2294,nm,absorbance,802.177083831505
809.98,41.30751600000001,67caaf87-34fd-412f-8ebc-f0eb37aa8292,Helium Lamp,2295,nm,absorbance,802.3607126144161
810.165,-12.893857,67caaf87-34fd-412f-8ebc-f0eb37aa8292,Helium Lamp,2296,nm,absorbance,802.5443413973272
810.35,2.09758,67caaf87-34fd-412f-8ebc-f0eb37aa8292,Helium Lamp,2297,nm,absorbance,802.7279701802385
810.536,25.834745,67caaf87-34fd-412f-8ebc-f0eb37aa8292,Helium Lamp,2298,nm,absorbance,802.9125915511652
810.721,2.342483,67caaf87-34fd-412f-8ebc-f0eb37aa8292,Helium Lamp,2299,nm,absorbance,803.0962203340764
810.906,19.896266,67caaf87-34fd-412f-8ebc-f0eb37aa8292,Helium Lamp,2300,nm,absorbance,803.2798491169875
811.091,4.425457,67caaf87-34fd-412f-8ebc-f0eb37aa8292,Helium Lamp,2301,nm,absorbance,803.4634778998986
811.276,38.620438,67caaf87-34fd-412f-8ebc-f0eb37aa8292,Helium Lamp,2302,nm,absorbance,803.6471066828097
811.461,37.927536,67caaf87-34fd-412f-8ebc-f0eb37aa8292,Helium Lamp,2303,nm,absorbance,803.830735465721
811.646,9.793647,67caaf87-34fd-412f-8ebc-f0eb37aa8292,Helium Lamp,2304,nm,absorbance,804.014364248632
811.831,24.310525,67caaf87-34fd-412f-8ebc-f0eb37aa8292,Helium Lamp,2305,nm,absorbance,804.1979930315432
812.016,48.013727,67caaf87-34fd-412f-8ebc-f0eb37aa8292,Helium Lamp,2306,nm,absorbance,804.3816218144543
812.201,-1.890468,67caaf87-34fd-412f-8ebc-f0eb37aa8292,Helium Lamp,2307,nm,absorbance,804.5652505973654
812.386,70.051506,67caaf87-34fd-412f-8ebc-f0eb37aa8292,Helium Lamp,2308,nm,absorbance,804.7488793802765
812.571,104.07523,67caaf87-34fd-412f-8ebc-f0eb37aa8292,Helium Lamp,2309,nm,absorbance,804.9325081631878
812.756,13.245547999999996,67caaf87-34fd-412f-8ebc-f0eb37aa8292,Helium Lamp,2310,nm,absorbance,805.1161369460988
812.941,34.711877,67caaf87-34fd-412f-8ebc-f0eb37aa8292,Helium Lamp,2311,nm,absorbance,805.29976572901
813.125,-10.265558000000002,67caaf87-34fd-412f-8ebc-f0eb37aa8292,Helium Lamp,2312,nm,absorbance,805.4824019239054
813.31,-12.496591,67caaf87-34fd-412f-8ebc-f0eb37aa8292,Helium Lamp,2313,nm,absorbance,805.6660307068164
813.495,30.744733000000007,67caaf87-34fd-412f-8ebc-f0eb37aa8292,Helium Lamp,2314,nm,absorbance,805.8496594897276
813.68,49.263606,67caaf87-34fd-412f-8ebc-f0eb37aa8292,Helium Lamp,2315,nm,absorbance,806.0332882726386
813.865,28.72028,67caaf87-34fd-412f-8ebc-f0eb37aa8292,Helium Lamp,2316,nm,absorbance,806.2169170555499
814.05,58.361507,67caaf87-34fd-412f-8ebc-f0eb37aa8292,Helium Lamp,2317,nm,absorbance,806.400545838461
814.234,68.323889,67caaf87-34fd-412f-8ebc-f0eb37aa8292,Helium Lamp,2318,nm,absorbance,806.5831820333564
814.419,-24.228719000000005,67caaf87-34fd-412f-8ebc-f0eb37aa8292,Helium Lamp,2319,nm,absorbance,806.7668108162675
814.604,-5.839983,67caaf87-34fd-412f-8ebc-f0eb37aa8292,Helium Lamp,2320,nm,absorbance,806.9504395991787
814.789,29.967763,67caaf87-34fd-412f-8ebc-f0eb37aa8292,Helium Lamp,2321,nm,absorbance,807.1340683820897
814.973,-11.879169999999998,67caaf87-34fd-412f-8ebc-f0eb37aa8292,Helium Lamp,2322,nm,absorbance,807.3167045769851
815.158,54.840397,67caaf87-34fd-412f-8ebc-f0eb37aa8292,Helium Lamp,2323,nm,absorbance,807.5003333598963
815.343,63.310389,67caaf87-34fd-412f-8ebc-f0eb37aa8292,Helium Lamp,2324,nm,absorbance,807.6839621428073
815.528,51.468917,67caaf87-34fd-412f-8ebc-f0eb37aa8292,Helium Lamp,2325,nm,absorbance,807.8675909257186
815.712,-33.069261999999995,67caaf87-34fd-412f-8ebc-f0eb37aa8292,Helium Lamp,2326,nm,absorbance,808.050227120614
815.897,39.688998000000005,67caaf87-34fd-412f-8ebc-f0eb37aa8292,Helium Lamp,2327,nm,absorbance,808.2338559035251
816.081,25.023859,67caaf87-34fd-412f-8ebc-f0eb37aa8292,Helium Lamp,2328,nm,absorbance,808.4164920984205
816.266,39.097186,67caaf87-34fd-412f-8ebc-f0eb37aa8292,Helium Lamp,2329,nm,absorbance,808.6001208813316
816.451,47.834007,67caaf87-34fd-412f-8ebc-f0eb37aa8292,Helium Lamp,2330,nm,absorbance,808.7837496642428
816.635,41.39135,67caaf87-34fd-412f-8ebc-f0eb37aa8292,Helium Lamp,2331,nm,absorbance,808.9663858591381
816.82,33.470544000000004,67caaf87-34fd-412f-8ebc-f0eb37aa8292,Helium Lamp,2332,nm,absorbance,809.1500146420493
817.004,29.463169,67caaf87-34fd-412f-8ebc-f0eb37aa8292,Helium Lamp,2333,nm,absorbance,809.3326508369447
817.189,27.993777,67caaf87-34fd-412f-8ebc-f0eb37aa8292,Helium Lamp,2334,nm,absorbance,809.5162796198557
817.374,22.794519,67caaf87-34fd-412f-8ebc-f0eb37aa8292,Helium Lamp,2335,nm,absorbance,809.6999084027669
817.558,-5.760928,67caaf87-34fd-412f-8ebc-f0eb37aa8292,Helium Lamp,2336,nm,absorbance,809.8825445976623
817.743,74.658477,67caaf87-34fd-412f-8ebc-f0eb37aa8292,Helium Lamp,2337,nm,absorbance,810.0661733805734
817.927,37.251057,67caaf87-34fd-412f-8ebc-f0eb37aa8292,Helium Lamp,2338,nm,absorbance,810.2488095754688
818.111,9.73657,67caaf87-34fd-412f-8ebc-f0eb37aa8292,Helium Lamp,2339,nm,absorbance,810.4314457703642
818.296,52.232588,67caaf87-34fd-412f-8ebc-f0eb37aa8292,Helium Lamp,2340,nm,absorbance,810.6150745532753
818.48,-30.28814400000001,67caaf87-34fd-412f-8ebc-f0eb37aa8292,Helium Lamp,2341,nm,absorbance,810.7977107481707
818.665,11.751675,67caaf87-34fd-412f-8ebc-f0eb37aa8292,Helium Lamp,2342,nm,absorbance,810.9813395310819
818.849,-51.460063000000005,67caaf87-34fd-412f-8ebc-f0eb37aa8292,Helium Lamp,2343,nm,absorbance,811.1639757259773
819.034,-24.163363,67caaf87-34fd-412f-8ebc-f0eb37aa8292,Helium Lamp,2344,nm,absorbance,811.3476045088884
819.218,32.103751,67caaf87-34fd-412f-8ebc-f0eb37aa8292,Helium Lamp,2345,nm,absorbance,811.5302407037838
819.402,56.70994199999999,67caaf87-34fd-412f-8ebc-f0eb37aa8292,Helium Lamp,2346,nm,absorbance,811.7128768986793
819.587,6.205741,67caaf87-34fd-412f-8ebc-f0eb37aa8292,Helium Lamp,2347,nm,absorbance,811.8965056815903
819.771,-10.34562,67caaf87-34fd-412f-8ebc-f0eb37aa8292,Helium Lamp,2348,nm,absorbance,812.0791418764857
819.955,51.381299,67caaf87-34fd-412f-8ebc-f0eb37aa8292,Helium Lamp,2349,nm,absorbance,812.2617780713812
820.14,-62.365517,67caaf87-34fd-412f-8ebc-f0eb37aa8292,Helium Lamp,2350,nm,absorbance,812.4454068542922
820.324,29.354857,67caaf87-34fd-412f-8ebc-f0eb37aa8292,Helium Lamp,2351,nm,absorbance,812.6280430491876
820.508,-9.61209,67caaf87-34fd-412f-8ebc-f0eb37aa8292,Helium Lamp,2352,nm,absorbance,812.8106792440831
820.692,34.192883,67caaf87-34fd-412f-8ebc-f0eb37aa8292,Helium Lamp,2353,nm,absorbance,812.9933154389784
820.877,-2.946445,67caaf87-34fd-412f-8ebc-f0eb37aa8292,Helium Lamp,2354,nm,absorbance,813.1769442218895
821.061,9.44298,67caaf87-34fd-412f-8ebc-f0eb37aa8292,Helium Lamp,2355,nm,absorbance,813.359580416785
821.245,62.404443,67caaf87-34fd-412f-8ebc-f0eb37aa8292,Helium Lamp,2356,nm,absorbance,813.5422166116803
821.429,16.974611000000003,67caaf87-34fd-412f-8ebc-f0eb37aa8292,Helium Lamp,2357,nm,absorbance,813.7248528065757
821.613,42.42759,67caaf87-34fd-412f-8ebc-f0eb37aa8292,Helium Lamp,2358,nm,absorbance,813.9074890014712
821.798,54.998468,67caaf87-34fd-412f-8ebc-f0eb37aa8292,Helium Lamp,2359,nm,absorbance,814.0911177843823
821.982,2.0787,67caaf87-34fd-412f-8ebc-f0eb37aa8292,Helium Lamp,2360,nm,absorbance,814.2737539792776
822.166,34.566728,67caaf87-34fd-412f-8ebc-f0eb37aa8292,Helium Lamp,2361,nm,absorbance,814.4563901741731
822.35,54.222007,67caaf87-34fd-412f-8ebc-f0eb37aa8292,Helium Lamp,2362,nm,absorbance,814.6390263690685
822.534,-13.023671000000002,67caaf87-34fd-412f-8ebc-f0eb37aa8292,Helium Lamp,2363,nm,absorbance,814.8216625639637
822.718,31.036853,67caaf87-34fd-412f-8ebc-f0eb37aa8292,Helium Lamp,2364,nm,absorbance,815.0042987588591
822.902,0.485158,67caaf87-34fd-412f-8ebc-f0eb37aa8292,Helium Lamp,2365,nm,absorbance,815.1869349537546
823.086,19.321442,67caaf87-34fd-412f-8ebc-f0eb37aa8292,Helium Lamp,2366,nm,absorbance,815.36957114865
823.27,-5.723440999999999,67caaf87-34fd-412f-8ebc-f0eb37aa8292,Helium Lamp,2367,nm,absorbance,815.5522073435453
823.454,56.30499,67caaf87-34fd-412f-8ebc-f0eb37aa8292,Helium Lamp,2368,nm,absorbance,815.7348435384407
823.638,52.262415,67caaf87-34fd-412f-8ebc-f0eb37aa8292,Helium Lamp,2369,nm,absorbance,815.9174797333362
823.822,28.855127,67caaf87-34fd-412f-8ebc-f0eb37aa8292,Helium Lamp,2370,nm,absorbance,816.1001159282315
824.006,61.513696,67caaf87-34fd-412f-8ebc-f0eb37aa8292,Helium Lamp,2371,nm,absorbance,816.2827521231269
824.19,15.057149999999998,67caaf87-34fd-412f-8ebc-f0eb37aa8292,Helium Lamp,2372,nm,absorbance,816.4653883180224
824.374,23.371699,67caaf87-34fd-412f-8ebc-f0eb37aa8292,Helium Lamp,2373,nm,absorbance,816.6480245129178
824.558,46.192067,67caaf87-34fd-412f-8ebc-f0eb37aa8292,Helium Lamp,2374,nm,absorbance,816.8306607078131
824.742,16.24157,67caaf87-34fd-412f-8ebc-f0eb37aa8292,Helium Lamp,2375,nm,absorbance,817.0132969027085
824.926,-14.771641999999996,67caaf87-34fd-412f-8ebc-f0eb37aa8292,Helium Lamp,2376,nm,absorbance,817.195933097604
825.11,33.908584000000005,67caaf87-34fd-412f-8ebc-f0eb37aa8292,Helium Lamp,2377,nm,absorbance,817.3785692924993
825.294,26.748992,67caaf87-34fd-412f-8ebc-f0eb37aa8292,Helium Lamp,2378,nm,absorbance,817.5612054873947
825.477,39.998235,67caaf87-34fd-412f-8ebc-f0eb37aa8292,Helium Lamp,2379,nm,absorbance,817.7428490942743
825.661,34.42196800000001,67caaf87-34fd-412f-8ebc-f0eb37aa8292,Helium Lamp,2380,nm,absorbance,817.9254852891697
825.845,90.524084,67caaf87-34fd-412f-8ebc-f0eb37aa8292,Helium Lamp,2381,nm,absorbance,818.1081214840651
826.029,41.513339,67caaf87-34fd-412f-8ebc-f0eb37aa8292,Helium Lamp,2382,nm,absorbance,818.2907576789605
826.213,19.273374,67caaf87-34fd-412f-8ebc-f0eb37aa8292,Helium Lamp,2383,nm,absorbance,818.4733938738559
826.396,88.04753000000001,67caaf87-34fd-412f-8ebc-f0eb37aa8292,Helium Lamp,2384,nm,absorbance,818.6550374807356
826.58,-7.923767000000001,67caaf87-34fd-412f-8ebc-f0eb37aa8292,Helium Lamp,2385,nm,absorbance,818.837673675631
826.764,55.934917,67caaf87-34fd-412f-8ebc-f0eb37aa8292,Helium Lamp,2386,nm,absorbance,819.0203098705264
826.948,49.48584000000001,67caaf87-34fd-412f-8ebc-f0eb37aa8292,Helium Lamp,2387,nm,absorbance,819.2029460654218
827.131,-55.925098000000006,67caaf87-34fd-412f-8ebc-f0eb37aa8292,Helium Lamp,2388,nm,absorbance,819.3845896723014
827.315,54.641202,67caaf87-34fd-412f-8ebc-f0eb37aa8292,Helium Lamp,2389,nm,absorbance,819.5672258671968
827.499,66.79003,67caaf87-34fd-412f-8ebc-f0eb37aa8292,Helium Lamp,2390,nm,absorbance,819.7498620620922
827.682,2.0199870000000004,67caaf87-34fd-412f-8ebc-f0eb37aa8292,Helium Lamp,2391,nm,absorbance,819.9315056689719
827.866,63.251402000000006,67caaf87-34fd-412f-8ebc-f0eb37aa8292,Helium Lamp,2392,nm,absorbance,820.1141418638673
828.05,-9.369586,67caaf87-34fd-412f-8ebc-f0eb37aa8292,Helium Lamp,2393,nm,absorbance,820.2967780587626
828.233,-5.986438000000001,67caaf87-34fd-412f-8ebc-f0eb37aa8292,Helium Lamp,2394,nm,absorbance,820.4784216656423
828.417,31.41242,67caaf87-34fd-412f-8ebc-f0eb37aa8292,Helium Lamp,2395,nm,absorbance,820.6610578605378
828.6,-34.306347,67caaf87-34fd-412f-8ebc-f0eb37aa8292,Helium Lamp,2396,nm,absorbance,820.8427014674174
828.784,55.756312,67caaf87-34fd-412f-8ebc-f0eb37aa8292,Helium Lamp,2397,nm,absorbance,821.0253376623127
828.967,-16.404868,67caaf87-34fd-412f-8ebc-f0eb37aa8292,Helium Lamp,2398,nm,absorbance,821.2069812691924
829.151,0.8271200000000001,67caaf87-34fd-412f-8ebc-f0eb37aa8292,Helium Lamp,2399,nm,absorbance,821.3896174640878
829.335,46.666754,67caaf87-34fd-412f-8ebc-f0eb37aa8292,Helium Lamp,2400,nm,absorbance,821.5722536589832
829.518,34.150541,67caaf87-34fd-412f-8ebc-f0eb37aa8292,Helium Lamp,2401,nm,absorbance,821.7538972658629
829.701,-30.98255500000001,67caaf87-34fd-412f-8ebc-f0eb37aa8292,Helium Lamp,2402,nm,absorbance,821.9355408727425
829.885,19.000079,67caaf87-34fd-412f-8ebc-f0eb37aa8292,Helium Lamp,2403,nm,absorbance,822.1181770676379
830.068,12.640583,67caaf87-34fd-412f-8ebc-f0eb37aa8292,Helium Lamp,2404,nm,absorbance,822.2998206745176
830.252,17.024028,67caaf87-34fd-412f-8ebc-f0eb37aa8292,Helium Lamp,2405,nm,absorbance,822.4824568694129
830.435,50.80896800000001,67caaf87-34fd-412f-8ebc-f0eb37aa8292,Helium Lamp,2406,nm,absorbance,822.6641004762926
830.619,-25.2301,67caaf87-34fd-412f-8ebc-f0eb37aa8292,Helium Lamp,2407,nm,absorbance,822.8467366711881
830.802,88.827485,67caaf87-34fd-412f-8ebc-f0eb37aa8292,Helium Lamp,2408,nm,absorbance,823.0283802780677
830.985,24.755358,67caaf87-34fd-412f-8ebc-f0eb37aa8292,Helium Lamp,2409,nm,absorbance,823.2100238849473
831.169,35.679762000000004,67caaf87-34fd-412f-8ebc-f0eb37aa8292,Helium Lamp,2410,nm,absorbance,823.3926600798427
831.352,54.381451000000006,67caaf87-34fd-412f-8ebc-f0eb37aa8292,Helium Lamp,2411,nm,absorbance,823.5743036867224
831.535,39.832939,67caaf87-34fd-412f-8ebc-f0eb37aa8292,Helium Lamp,2412,nm,absorbance,823.755947293602
831.719,24.374689,67caaf87-34fd-412f-8ebc-f0eb37aa8292,Helium Lamp,2413,nm,absorbance,823.9385834884974
831.902,28.675425,67caaf87-34fd-412f-8ebc-f0eb37aa8292,Helium Lamp,2414,nm,absorbance,824.1202270953771
832.085,35.483735,67caaf87-34fd-412f-8ebc-f0eb37aa8292,Helium Lamp,2415,nm,absorbance,824.3018707022568
832.269,-81.516156,67caaf87-34fd-412f-8ebc-f0eb37aa8292,Helium Lamp,2416,nm,absorbance,824.4845068971522
832.452,106.919164,67caaf87-34fd-412f-8ebc-f0eb37aa8292,Helium Lamp,2417,nm,absorbance,824.6661505040317
832.635,53.00490599999999,67caaf87-34fd-412f-8ebc-f0eb37aa8292,Helium Lamp,2418,nm,absorbance,824.8477941109114
832.818,54.504324,67caaf87-34fd-412f-8ebc-f0eb37aa8292,Helium Lamp,2419,nm,absorbance,825.0294377177911
833.002,26.904202000000005,67caaf87-34fd-412f-8ebc-f0eb37aa8292,Helium Lamp,2420,nm,absorbance,825.2120739126865
833.185,-15.350786000000005,67caaf87-34fd-412f-8ebc-f0eb37aa8292,Helium Lamp,2421,nm,absorbance,825.393717519566
833.368,20.553736,67caaf87-34fd-412f-8ebc-f0eb37aa8292,Helium Lamp,2422,nm,absorbance,825.5753611264458
833.551,69.137481,67caaf87-34fd-412f-8ebc-f0eb37aa8292,Helium Lamp,2423,nm,absorbance,825.7570047333255
833.734,-3.1614150000000008,67caaf87-34fd-412f-8ebc-f0eb37aa8292,Helium Lamp,2424,nm,absorbance,825.9386483402052
833.917,73.98916299999999,67caaf87-34fd-412f-8ebc-f0eb37aa8292,Helium Lamp,2425,nm,absorbance,826.1202919470849
834.1,1.159596,67caaf87-34fd-412f-8ebc-f0eb37aa8292,Helium Lamp,2426,nm,absorbance,826.3019355539644
834.284,66.104629,67caaf87-34fd-412f-8ebc-f0eb37aa8292,Helium Lamp,2427,nm,absorbance,826.4845717488598
834.467,71.615125,67caaf87-34fd-412f-8ebc-f0eb37aa8292,Helium Lamp,2428,nm,absorbance,826.6662153557395
834.65,-13.531828999999998,67caaf87-34fd-412f-8ebc-f0eb37aa8292,Helium Lamp,2429,nm,absorbance,826.8478589626192
834.833,52.553471,67caaf87-34fd-412f-8ebc-f0eb37aa8292,Helium Lamp,2430,nm,absorbance,827.0295025694987
835.016,-50.478727000000006,67caaf87-34fd-412f-8ebc-f0eb37aa8292,Helium Lamp,2431,nm,absorbance,827.2111461763784
835.199,-16.023844000000004,67caaf87-34fd-412f-8ebc-f0eb37aa8292,Helium Lamp,2432,nm,absorbance,827.3927897832581
835.382,20.967341,67caaf87-34fd-412f-8ebc-f0eb37aa8292,Helium Lamp,2433,nm,absorbance,827.5744333901378
835.565,38.976517,67caaf87-34fd-412f-8ebc-f0eb37aa8292,Helium Lamp,2434,nm,absorbance,827.7560769970175
835.748,52.55364900000001,67caaf87-34fd-412f-8ebc-f0eb37aa8292,Helium Lamp,2435,nm,absorbance,827.9377206038971
835.931,26.346996,67caaf87-34fd-412f-8ebc-f0eb37aa8292,Helium Lamp,2436,nm,absorbance,828.1193642107768
836.114,-13.544241999999995,67caaf87-34fd-412f-8ebc-f0eb37aa8292,Helium Lamp,2437,nm,absorbance,828.3010078176565
836.297,32.601594,67caaf87-34fd-412f-8ebc-f0eb37aa8292,Helium Lamp,2438,nm,absorbance,828.4826514245361
836.479,11.672863,67caaf87-34fd-412f-8ebc-f0eb37aa8292,Helium Lamp,2439,nm,absorbance,828.6633024434001
836.662,-27.598167,67caaf87-34fd-412f-8ebc-f0eb37aa8292,Helium Lamp,2440,nm,absorbance,828.8449460502796
836.845,16.232211,67caaf87-34fd-412f-8ebc-f0eb37aa8292,Helium Lamp,2441,nm,absorbance,829.0265896571593
837.028,-10.132037,67caaf87-34fd-412f-8ebc-f0eb37aa8292,Helium Lamp,2442,nm,absorbance,829.208233264039
837.211,25.663567,67caaf87-34fd-412f-8ebc-f0eb37aa8292,Helium Lamp,2443,nm,absorbance,829.3898768709187
837.394,-8.215335,67caaf87-34fd-412f-8ebc-f0eb37aa8292,Helium Lamp,2444,nm,absorbance,829.5715204777982
837.577,55.889317000000005,67caaf87-34fd-412f-8ebc-f0eb37aa8292,Helium Lamp,2445,nm,absorbance,829.7531640846779
837.759,4.444588,67caaf87-34fd-412f-8ebc-f0eb37aa8292,Helium Lamp,2446,nm,absorbance,829.9338151035419
837.942,-16.827599999999997,67caaf87-34fd-412f-8ebc-f0eb37aa8292,Helium Lamp,2447,nm,absorbance,830.1154587104215
838.125,-21.33927,67caaf87-34fd-412f-8ebc-f0eb37aa8292,Helium Lamp,2448,nm,absorbance,830.2971023173012
838.308,27.802234,67caaf87-34fd-412f-8ebc-f0eb37aa8292,Helium Lamp,2449,nm,absorbance,830.4787459241808
838.49,26.453627,67caaf87-34fd-412f-8ebc-f0eb37aa8292,Helium Lamp,2450,nm,absorbance,830.6593969430447
838.673,-497.81754500000005,67caaf87-34fd-412f-8ebc-f0eb37aa8292,Helium Lamp,2451,nm,absorbance,830.8410405499244
838.856,30.857476,67caaf87-34fd-412f-8ebc-f0eb37aa8292,Helium Lamp,2452,nm,absorbance,831.0226841568041
839.039,8.994413,67caaf87-34fd-412f-8ebc-f0eb37aa8292,Helium Lamp,2453,nm,absorbance,831.2043277636838
839.221,56.647893,67caaf87-34fd-412f-8ebc-f0eb37aa8292,Helium Lamp,2454,nm,absorbance,831.3849787825477
839.404,49.311394,67caaf87-34fd-412f-8ebc-f0eb37aa8292,Helium Lamp,2455,nm,absorbance,831.5666223894273
839.587,-4.823591,67caaf87-34fd-412f-8ebc-f0eb37aa8292,Helium Lamp,2456,nm,absorbance,831.7482659963069
839.769,33.22391899999999,67caaf87-34fd-412f-8ebc-f0eb37aa8292,Helium Lamp,2457,nm,absorbance,831.9289170151709
839.952,22.129683,67caaf87-34fd-412f-8ebc-f0eb37aa8292,Helium Lamp,2458,nm,absorbance,832.1105606220506
840.134,43.444971,67caaf87-34fd-412f-8ebc-f0eb37aa8292,Helium Lamp,2459,nm,absorbance,832.2912116409145
840.317,89.16444199999998,67caaf87-34fd-412f-8ebc-f0eb37aa8292,Helium Lamp,2460,nm,absorbance,832.4728552477941
840.499,21.710682,67caaf87-34fd-412f-8ebc-f0eb37aa8292,Helium Lamp,2461,nm,absorbance,832.653506266658
840.682,-73.757227,67caaf87-34fd-412f-8ebc-f0eb37aa8292,Helium Lamp,2462,nm,absorbance,832.8351498735377
840.865,61.51993500000001,67caaf87-34fd-412f-8ebc-f0eb37aa8292,Helium Lamp,2463,nm,absorbance,833.0167934804174
841.047,65.710978,67caaf87-34fd-412f-8ebc-f0eb37aa8292,Helium Lamp,2464,nm,absorbance,833.1974444992813
841.23,44.392131,67caaf87-34fd-412f-8ebc-f0eb37aa8292,Helium Lamp,2465,nm,absorbance,833.3790881061609
841.412,10.195042,67caaf87-34fd-412f-8ebc-f0eb37aa8292,Helium Lamp,2466,nm,absorbance,833.5597391250249
841.595,-41.235784,67caaf87-34fd-412f-8ebc-f0eb37aa8292,Helium Lamp,2467,nm,absorbance,833.7413827319045
841.777,26.759207000000004,67caaf87-34fd-412f-8ebc-f0eb37aa8292,Helium Lamp,2468,nm,absorbance,833.9220337507685
841.959,84.31765999999999,67caaf87-34fd-412f-8ebc-f0eb37aa8292,Helium Lamp,2469,nm,absorbance,834.1026847696323
842.142,51.17474,67caaf87-34fd-412f-8ebc-f0eb37aa8292,Helium Lamp,2470,nm,absorbance,834.2843283765121
842.324,-5.704068,67caaf87-34fd-412f-8ebc-f0eb37aa8292,Helium Lamp,2471,nm,absorbance,834.4649793953758
842.507,-52.194843000000006,67caaf87-34fd-412f-8ebc-f0eb37aa8292,Helium Lamp,2472,nm,absorbance,834.6466230022555
842.689,20.34317,67caaf87-34fd-412f-8ebc-f0eb37aa8292,Helium Lamp,2473,nm,absorbance,834.8272740211195
842.871,37.243498,67caaf87-34fd-412f-8ebc-f0eb37aa8292,Helium Lamp,2474,nm,absorbance,835.0079250399834
843.054,-53.738879,67caaf87-34fd-412f-8ebc-f0eb37aa8292,Helium Lamp,2475,nm,absorbance,835.1895686468631
843.236,-14.343196,67caaf87-34fd-412f-8ebc-f0eb37aa8292,Helium Lamp,2476,nm,absorbance,835.3702196657271
843.418,-17.298941,67caaf87-34fd-412f-8ebc-f0eb37aa8292,Helium Lamp,2477,nm,absorbance,835.5508706845909
843.601,67.301764,67caaf87-34fd-412f-8ebc-f0eb37aa8292,Helium Lamp,2478,nm,absorbance,835.7325142914706
843.783,52.021194,67caaf87-34fd-412f-8ebc-f0eb37aa8292,Helium Lamp,2479,nm,absorbance,835.9131653103345
843.965,-40.079582,67caaf87-34fd-412f-8ebc-f0eb37aa8292,Helium Lamp,2480,nm,absorbance,836.0938163291985
844.147,43.043971,67caaf87-34fd-412f-8ebc-f0eb37aa8292,Helium Lamp,2481,nm,absorbance,836.2744673480624
844.33,-15.222032,67caaf87-34fd-412f-8ebc-f0eb37aa8292,Helium Lamp,2482,nm,absorbance,836.456110954942
844.512,29.983957000000004,67caaf87-34fd-412f-8ebc-f0eb37aa8292,Helium Lamp,2483,nm,absorbance,836.6367619738058
844.694,57.46618600000001,67caaf87-34fd-412f-8ebc-f0eb37aa8292,Helium Lamp,2484,nm,absorbance,836.8174129926698
844.876,16.829224,67caaf87-34fd-412f-8ebc-f0eb37aa8292,Helium Lamp,2485,nm,absorbance,836.9980640115338
845.059,-2.5844320000000005,67caaf87-34fd-412f-8ebc-f0eb37aa8292,Helium Lamp,2486,nm,absorbance,837.1797076184134
845.241,-55.056529,67caaf87-34fd-412f-8ebc-f0eb37aa8292,Helium Lamp,2487,nm,absorbance,837.3603586372774
845.423,17.278093000000002,67caaf87-34fd-412f-8ebc-f0eb37aa8292,Helium Lamp,2488,nm,absorbance,837.5410096561413
845.605,31.710497,67caaf87-34fd-412f-8ebc-f0eb37aa8292,Helium Lamp,2489,nm,absorbance,837.7216606750052
845.787,-21.778243,67caaf87-34fd-412f-8ebc-f0eb37aa8292,Helium Lamp,2490,nm,absorbance,837.9023116938691
845.969,-11.451473000000002,67caaf87-34fd-412f-8ebc-f0eb37aa8292,Helium Lamp,2491,nm,absorbance,838.0829627127331
846.151,-26.495863,67caaf87-34fd-412f-8ebc-f0eb37aa8292,Helium Lamp,2492,nm,absorbance,838.2636137315969
846.333,71.643771,67caaf87-34fd-412f-8ebc-f0eb37aa8292,Helium Lamp,2493,nm,absorbance,838.4442647504609
846.515,0.5342520000000001,67caaf87-34fd-412f-8ebc-f0eb37aa8292,Helium Lamp,2494,nm,absorbance,838.6249157693248
846.697,-13.719276000000002,67caaf87-34fd-412f-8ebc-f0eb37aa8292,Helium Lamp,2495,nm,absorbance,838.8055667881887
846.879,-56.3672,67caaf87-34fd-412f-8ebc-f0eb37aa8292,Helium Lamp,2496,nm,absorbance,838.9862178070526
847.061,48.039655,67caaf87-34fd-412f-8ebc-f0eb37aa8292,Helium Lamp,2497,nm,absorbance,839.1668688259166
847.243,8.297112,67caaf87-34fd-412f-8ebc-f0eb37aa8292,Helium Lamp,2498,nm,absorbance,839.3475198447805
847.425,57.63884700000001,67caaf87-34fd-412f-8ebc-f0eb37aa8292,Helium Lamp,2499,nm,absorbance,839.5281708636444
847.607,51.29101599999999,67caaf87-34fd-412f-8ebc-f0eb37aa8292,Helium Lamp,2500,nm,absorbance,839.7088218825083
847.789,50.38637200000001,67caaf87-34fd-412f-8ebc-f0eb37aa8292,Helium Lamp,2501,nm,absorbance,839.8894729013723
847.971,71.181688,67caaf87-34fd-412f-8ebc-f0eb37aa8292,Helium Lamp,2502,nm,absorbance,840.0701239202361
848.153,-38.488456,67caaf87-34fd-412f-8ebc-f0eb37aa8292,Helium Lamp,2503,nm,absorbance,840.2507749391001
848.335,44.974599,67caaf87-34fd-412f-8ebc-f0eb37aa8292,Helium Lamp,2504,nm,absorbance,840.431425957964
848.517,41.22003899999999,67caaf87-34fd-412f-8ebc-f0eb37aa8292,Helium Lamp,2505,nm,absorbance,840.612076976828
848.699,50.024949,67caaf87-34fd-412f-8ebc-f0eb37aa8292,Helium Lamp,2506,nm,absorbance,840.7927279956918
848.881,-26.16637,67caaf87-34fd-412f-8ebc-f0eb37aa8292,Helium Lamp,2507,nm,absorbance,840.9733790145558
849.062,25.071093,67caaf87-34fd-412f-8ebc-f0eb37aa8292,Helium Lamp,2508,nm,absorbance,841.153037445404
849.244,59.34398,67caaf87-34fd-412f-8ebc-f0eb37aa8292,Helium Lamp,2509,nm,absorbance,841.3336884642679
849.426,-1.744145,67caaf87-34fd-412f-8ebc-f0eb37aa8292,Helium Lamp,2510,nm,absorbance,841.5143394831318
849.608,59.290297,67caaf87-34fd-412f-8ebc-f0eb37aa8292,Helium Lamp,2511,nm,absorbance,841.6949905019957
849.789,10.554954,67caaf87-34fd-412f-8ebc-f0eb37aa8292,Helium Lamp,2512,nm,absorbance,841.8746489328439
849.971,-1.225955,67caaf87-34fd-412f-8ebc-f0eb37aa8292,Helium Lamp,2513,nm,absorbance,842.0552999517079
850.153,13.538640999999998,67caaf87-34fd-412f-8ebc-f0eb37aa8292,Helium Lamp,2514,nm,absorbance,842.2359509705718
850.335,54.260777,67caaf87-34fd-412f-8ebc-f0eb37aa8292,Helium Lamp,2515,nm,absorbance,842.4166019894358
850.516,8.873189,67caaf87-34fd-412f-8ebc-f0eb37aa8292,Helium Lamp,2516,nm,absorbance,842.5962604202839
850.698,70.937126,67caaf87-34fd-412f-8ebc-f0eb37aa8292,Helium Lamp,2517,nm,absorbance,842.7769114391477
850.88,59.99608199999999,67caaf87-34fd-412f-8ebc-f0eb37aa8292,Helium Lamp,2518,nm,absorbance,842.9575624580117
851.061,27.78267,67caaf87-34fd-412f-8ebc-f0eb37aa8292,Helium Lamp,2519,nm,absorbance,843.1372208888599
851.243,-13.071356,67caaf87-34fd-412f-8ebc-f0eb37aa8292,Helium Lamp,2520,nm,absorbance,843.3178719077239
851.425,22.56126,67caaf87-34fd-412f-8ebc-f0eb37aa8292,Helium Lamp,2521,nm,absorbance,843.4985229265877
851.606,81.53222500000001,67caaf87-34fd-412f-8ebc-f0eb37aa8292,Helium Lamp,2522,nm,absorbance,843.678181357436
851.788,8.336315,67caaf87-34fd-412f-8ebc-f0eb37aa8292,Helium Lamp,2523,nm,absorbance,843.8588323762999
851.969,19.828105,67caaf87-34fd-412f-8ebc-f0eb37aa8292,Helium Lamp,2524,nm,absorbance,844.0384908071482
852.151,51.52343900000001,67caaf87-34fd-412f-8ebc-f0eb37aa8292,Helium Lamp,2525,nm,absorbance,844.2191418260119
852.333,-18.970118,67caaf87-34fd-412f-8ebc-f0eb37aa8292,Helium Lamp,2526,nm,absorbance,844.3997928448758
852.514,48.161265,67caaf87-34fd-412f-8ebc-f0eb37aa8292,Helium Lamp,2527,nm,absorbance,844.5794512757241
852.696,-28.874854,67caaf87-34fd-412f-8ebc-f0eb37aa8292,Helium Lamp,2528,nm,absorbance,844.760102294588
852.877,72.43732,67caaf87-34fd-412f-8ebc-f0eb37aa8292,Helium Lamp,2529,nm,absorbance,844.9397607254361
853.059,72.87299900000001,67caaf87-34fd-412f-8ebc-f0eb37aa8292,Helium Lamp,2530,nm,absorbance,845.1204117443001
853.24,-67.12342699999998,67caaf87-34fd-412f-8ebc-f0eb37aa8292,Helium Lamp,2531,nm,absorbance,845.3000701751483
853.422,-100.67648,67caaf87-34fd-412f-8ebc-f0eb37aa8292,Helium Lamp,2532,nm,absorbance,845.4807211940123
853.603,36.02645,67caaf87-34fd-412f-8ebc-f0eb37aa8292,Helium Lamp,2533,nm,absorbance,845.6603796248604
853.784,-29.507817,67caaf87-34fd-412f-8ebc-f0eb37aa8292,Helium Lamp,2534,nm,absorbance,845.8400380557085
853.966,23.06109,67caaf87-34fd-412f-8ebc-f0eb37aa8292,Helium Lamp,2535,nm,absorbance,846.0206890745725
854.147,18.780454,67caaf87-34fd-412f-8ebc-f0eb37aa8292,Helium Lamp,2536,nm,absorbance,846.2003475054207
854.329,60.96456400000001,67caaf87-34fd-412f-8ebc-f0eb37aa8292,Helium Lamp,2537,nm,absorbance,846.3809985242846
854.51,-36.88396,67caaf87-34fd-412f-8ebc-f0eb37aa8292,Helium Lamp,2538,nm,absorbance,846.5606569551328
854.691,47.812606,67caaf87-34fd-412f-8ebc-f0eb37aa8292,Helium Lamp,2539,nm,absorbance,846.740315385981
854.873,6.9083,67caaf87-34fd-412f-8ebc-f0eb37aa8292,Helium Lamp,2540,nm,absorbance,846.920966404845
855.054,3.64307,67caaf87-34fd-412f-8ebc-f0eb37aa8292,Helium Lamp,2541,nm,absorbance,847.1006248356931
855.235,-56.462484,67caaf87-34fd-412f-8ebc-f0eb37aa8292,Helium Lamp,2542,nm,absorbance,847.2802832665413
855.416,24.125954,67caaf87-34fd-412f-8ebc-f0eb37aa8292,Helium Lamp,2543,nm,absorbance,847.4599416973895
855.598,-17.085362999999997,67caaf87-34fd-412f-8ebc-f0eb37aa8292,Helium Lamp,2544,nm,absorbance,847.6405927162533
855.779,-1.2946490000000002,67caaf87-34fd-412f-8ebc-f0eb37aa8292,Helium Lamp,2545,nm,absorbance,847.8202511471015
855.96,39.341212000000006,67caaf87-34fd-412f-8ebc-f0eb37aa8292,Helium Lamp,2546,nm,absorbance,847.9999095779498
856.141,61.380538,67caaf87-34fd-412f-8ebc-f0eb37aa8292,Helium Lamp,2547,nm,absorbance,848.1795680087979
856.323,-6.465364000000001,67caaf87-34fd-412f-8ebc-f0eb37aa8292,Helium Lamp,2548,nm,absorbance,848.3602190276619
856.504,5.472382,67caaf87-34fd-412f-8ebc-f0eb37aa8292,Helium Lamp,2549,nm,absorbance,848.5398774585101
856.685,37.74782,67caaf87-34fd-412f-8ebc-f0eb37aa8292,Helium Lamp,2550,nm,absorbance,848.7195358893582
856.866,-17.188981000000002,67caaf87-34fd-412f-8ebc-f0eb37aa8292,Helium Lamp,2551,nm,absorbance,848.8991943202064
857.047,11.662288999999998,67caaf87-34fd-412f-8ebc-f0eb37aa8292,Helium Lamp,2552,nm,absorbance,849.0788527510547
857.228,43.635367,67caaf87-34fd-412f-8ebc-f0eb37aa8292,Helium Lamp,2553,nm,absorbance,849.2585111819028
857.409,51.434942,67caaf87-34fd-412f-8ebc-f0eb37aa8292,Helium Lamp,2554,nm,absorbance,849.4381696127509
857.591,24.359803,67caaf87-34fd-412f-8ebc-f0eb37aa8292,Helium Lamp,2555,nm,absorbance,849.6188206316149
857.772,22.030635,67caaf87-34fd-412f-8ebc-f0eb37aa8292,Helium Lamp,2556,nm,absorbance,849.7984790624631
857.953,-5.333079,67caaf87-34fd-412f-8ebc-f0eb37aa8292,Helium Lamp,2557,nm,absorbance,849.9781374933112
858.134,22.708828,67caaf87-34fd-412f-8ebc-f0eb37aa8292,Helium Lamp,2558,nm,absorbance,850.1577959241595
858.315,13.101803,67caaf87-34fd-412f-8ebc-f0eb37aa8292,Helium Lamp,2559,nm,absorbance,850.3374543550077
858.496,-65.744669,67caaf87-34fd-412f-8ebc-f0eb37aa8292,Helium Lamp,2560,nm,absorbance,850.5171127858558
858.677,7.387887000000001,67caaf87-34fd-412f-8ebc-f0eb37aa8292,Helium Lamp,2561,nm,absorbance,850.6967712167041
858.858,-6.572889999999999,67caaf87-34fd-412f-8ebc-f0eb37aa8292,Helium Lamp,2562,nm,absorbance,850.8764296475522
859.039,31.620943000000004,67caaf87-34fd-412f-8ebc-f0eb37aa8292,Helium Lamp,2563,nm,absorbance,851.0560880784004
859.22,15.067072,67caaf87-34fd-412f-8ebc-f0eb37aa8292,Helium Lamp,2564,nm,absorbance,851.2357465092487
859.401,32.918042,67caaf87-34fd-412f-8ebc-f0eb37aa8292,Helium Lamp,2565,nm,absorbance,851.4154049400967
859.582,32.522007,67caaf87-34fd-412f-8ebc-f0eb37aa8292,Helium Lamp,2566,nm,absorbance,851.5950633709449
859.762,39.610565,67caaf87-34fd-412f-8ebc-f0eb37aa8292,Helium Lamp,2567,nm,absorbance,851.7737292137773
859.943,-16.963894000000003,67caaf87-34fd-412f-8ebc-f0eb37aa8292,Helium Lamp,2568,nm,absorbance,851.9533876446255
860.124,34.086768,67caaf87-34fd-412f-8ebc-f0eb37aa8292,Helium Lamp,2569,nm,absorbance,852.1330460754738
860.305,10.59621,67caaf87-34fd-412f-8ebc-f0eb37aa8292,Helium Lamp,2570,nm,absorbance,852.3127045063219
860.486,-0.3364199999999996,67caaf87-34fd-412f-8ebc-f0eb37aa8292,Helium Lamp,2571,nm,absorbance,852.4923629371701
860.667,14.743247,67caaf87-34fd-412f-8ebc-f0eb37aa8292,Helium Lamp,2572,nm,absorbance,852.6720213680184
860.848,81.69194200000001,67caaf87-34fd-412f-8ebc-f0eb37aa8292,Helium Lamp,2573,nm,absorbance,852.8516797988665
861.028,11.243499000000002,67caaf87-34fd-412f-8ebc-f0eb37aa8292,Helium Lamp,2574,nm,absorbance,853.030345641699
861.209,53.419475,67caaf87-34fd-412f-8ebc-f0eb37aa8292,Helium Lamp,2575,nm,absorbance,853.2100040725471
861.39,20.56649,67caaf87-34fd-412f-8ebc-f0eb37aa8292,Helium Lamp,2576,nm,absorbance,853.3896625033954
861.571,34.952974,67caaf87-34fd-412f-8ebc-f0eb37aa8292,Helium Lamp,2577,nm,absorbance,853.5693209342436
861.751,-28.162410000000005,67caaf87-34fd-412f-8ebc-f0eb37aa8292,Helium Lamp,2578,nm,absorbance,853.747986777076
861.932,-66.930459,67caaf87-34fd-412f-8ebc-f0eb37aa8292,Helium Lamp,2579,nm,absorbance,853.9276452079242
862.113,24.717919,67caaf87-34fd-412f-8ebc-f0eb37aa8292,Helium Lamp,2580,nm,absorbance,854.1073036387724
862.293,51.949701000000005,67caaf87-34fd-412f-8ebc-f0eb37aa8292,Helium Lamp,2581,nm,absorbance,854.2859694816048
862.474,-30.940358,67caaf87-34fd-412f-8ebc-f0eb37aa8292,Helium Lamp,2582,nm,absorbance,854.465627912453
862.655,35.887029,67caaf87-34fd-412f-8ebc-f0eb37aa8292,Helium Lamp,2583,nm,absorbance,854.6452863433011
862.835,-12.467314000000002,67caaf87-34fd-412f-8ebc-f0eb37aa8292,Helium Lamp,2584,nm,absorbance,854.8239521861336
863.016,-2.272251,67caaf87-34fd-412f-8ebc-f0eb37aa8292,Helium Lamp,2585,nm,absorbance,855.0036106169817
863.197,24.208382,67caaf87-34fd-412f-8ebc-f0eb37aa8292,Helium Lamp,2586,nm,absorbance,855.18326904783
863.377,16.095024000000002,67caaf87-34fd-412f-8ebc-f0eb37aa8292,Helium Lamp,2587,nm,absorbance,855.3619348906624
863.558,82.916461,67caaf87-34fd-412f-8ebc-f0eb37aa8292,Helium Lamp,2588,nm,absorbance,855.5415933215106
863.738,35.669459,67caaf87-34fd-412f-8ebc-f0eb37aa8292,Helium Lamp,2589,nm,absorbance,855.7202591643431
863.919,11.849062,67caaf87-34fd-412f-8ebc-f0eb37aa8292,Helium Lamp,2590,nm,absorbance,855.8999175951913
864.099,-42.66778999999999,67caaf87-34fd-412f-8ebc-f0eb37aa8292,Helium Lamp,2591,nm,absorbance,856.0785834380238
864.28,14.402975,67caaf87-34fd-412f-8ebc-f0eb37aa8292,Helium Lamp,2592,nm,absorbance,856.2582418688719
864.46,-95.853794,67caaf87-34fd-412f-8ebc-f0eb37aa8292,Helium Lamp,2593,nm,absorbance,856.4369077117044
864.641,23.696436,67caaf87-34fd-412f-8ebc-f0eb37aa8292,Helium Lamp,2594,nm,absorbance,856.6165661425525
864.821,40.716254000000006,67caaf87-34fd-412f-8ebc-f0eb37aa8292,Helium Lamp,2595,nm,absorbance,856.795231985385
865.002,57.97256,67caaf87-34fd-412f-8ebc-f0eb37aa8292,Helium Lamp,2596,nm,absorbance,856.9748904162332
865.182,-3.728624000000001,67caaf87-34fd-412f-8ebc-f0eb37aa8292,Helium Lamp,2597,nm,absorbance,857.1535562590657
865.363,18.069071,67caaf87-34fd-412f-8ebc-f0eb37aa8292,Helium Lamp,2598,nm,absorbance,857.3332146899138
865.543,40.315007,67caaf87-34fd-412f-8ebc-f0eb37aa8292,Helium Lamp,2599,nm,absorbance,857.5118805327462
865.723,27.504821,67caaf87-34fd-412f-8ebc-f0eb37aa8292,Helium Lamp,2600,nm,absorbance,857.6905463755786
865.904,77.04000199999999,67caaf87-34fd-412f-8ebc-f0eb37aa8292,Helium Lamp,2601,nm,absorbance,857.8702048064268
866.084,-9.289928999999995,67caaf87-34fd-412f-8ebc-f0eb37aa8292,Helium Lamp,2602,nm,absorbance,858.0488706492592
866.264,25.09701,67caaf87-34fd-412f-8ebc-f0eb37aa8292,Helium Lamp,2603,nm,absorbance,858.2275364920918
866.445,-24.883646,67caaf87-34fd-412f-8ebc-f0eb37aa8292,Helium Lamp,2604,nm,absorbance,858.40719492294
866.625,-4.657539,67caaf87-34fd-412f-8ebc-f0eb37aa8292,Helium Lamp,2605,nm,absorbance,858.5858607657724
866.805,-38.486105,67caaf87-34fd-412f-8ebc-f0eb37aa8292,Helium Lamp,2606,nm,absorbance,858.7645266086048
866.986,15.576314000000002,67caaf87-34fd-412f-8ebc-f0eb37aa8292,Helium Lamp,2607,nm,absorbance,858.944185039453
867.166,-15.007099,67caaf87-34fd-412f-8ebc-f0eb37aa8292,Helium Lamp,2608,nm,absorbance,859.1228508822855
867.346,-59.166421,67caaf87-34fd-412f-8ebc-f0eb37aa8292,Helium Lamp,2609,nm,absorbance,859.301516725118
867.526,41.342952,67caaf87-34fd-412f-8ebc-f0eb37aa8292,Helium Lamp,2610,nm,absorbance,859.4801825679504
867.707,-4.091717000000001,67caaf87-34fd-412f-8ebc-f0eb37aa8292,Helium Lamp,2611,nm,absorbance,859.6598409987986
867.887,-36.556958,67caaf87-34fd-412f-8ebc-f0eb37aa8292,Helium Lamp,2612,nm,absorbance,859.838506841631
868.067,3.359664,67caaf87-34fd-412f-8ebc-f0eb37aa8292,Helium Lamp,2613,nm,absorbance,860.0171726844635
868.247,-45.19809,67caaf87-34fd-412f-8ebc-f0eb37aa8292,Helium Lamp,2614,nm,absorbance,860.1958385272959
868.427,-40.330716,67caaf87-34fd-412f-8ebc-f0eb37aa8292,Helium Lamp,2615,nm,absorbance,860.3745043701284
868.607,-14.969624,67caaf87-34fd-412f-8ebc-f0eb37aa8292,Helium Lamp,2616,nm,absorbance,860.5531702129608
868.788,23.689621,67caaf87-34fd-412f-8ebc-f0eb37aa8292,Helium Lamp,2617,nm,absorbance,860.7328286438091
868.968,20.166632,67caaf87-34fd-412f-8ebc-f0eb37aa8292,Helium Lamp,2618,nm,absorbance,860.9114944866415
869.148,-40.930806,67caaf87-34fd-412f-8ebc-f0eb37aa8292,Helium Lamp,2619,nm,absorbance,861.090160329474
869.328,-11.118086000000002,67caaf87-34fd-412f-8ebc-f0eb37aa8292,Helium Lamp,2620,nm,absorbance,861.2688261723064
869.508,27.160159,67caaf87-34fd-412f-8ebc-f0eb37aa8292,Helium Lamp,2621,nm,absorbance,861.4474920151389
869.688,12.798225,67caaf87-34fd-412f-8ebc-f0eb37aa8292,Helium Lamp,2622,nm,absorbance,861.6261578579713
869.868,25.715143,67caaf87-34fd-412f-8ebc-f0eb37aa8292,Helium Lamp,2623,nm,absorbance,861.8048237008038
870.048,13.443983,67caaf87-34fd-412f-8ebc-f0eb37aa8292,Helium Lamp,2624,nm,absorbance,861.9834895436362
870.228,21.299445,67caaf87-34fd-412f-8ebc-f0eb37aa8292,Helium Lamp,2625,nm,absorbance,862.1621553864686
870.408,34.412589999999994,67caaf87-34fd-412f-8ebc-f0eb37aa8292,Helium Lamp,2626,nm,absorbance,862.3408212293011
870.588,45.42415000000001,67caaf87-34fd-412f-8ebc-f0eb37aa8292,Helium Lamp,2627,nm,absorbance,862.5194870721335
870.768,-23.010911,67caaf87-34fd-412f-8ebc-f0eb37aa8292,Helium Lamp,2628,nm,absorbance,862.698152914966
870.948,-14.844889,67caaf87-34fd-412f-8ebc-f0eb37aa8292,Helium Lamp,2629,nm,absorbance,862.8768187577984
871.128,-14.527950999999998,67caaf87-34fd-412f-8ebc-f0eb37aa8292,Helium Lamp,2630,nm,absorbance,863.055484600631
871.307,75.47367599999998,67caaf87-34fd-412f-8ebc-f0eb37aa8292,Helium Lamp,2631,nm,absorbance,863.2331578554476
871.487,-33.589917,67caaf87-34fd-412f-8ebc-f0eb37aa8292,Helium Lamp,2632,nm,absorbance,863.41182369828
871.667,-43.107715,67caaf87-34fd-412f-8ebc-f0eb37aa8292,Helium Lamp,2633,nm,absorbance,863.5904895411126
871.847,-8.107449,67caaf87-34fd-412f-8ebc-f0eb37aa8292,Helium Lamp,2634,nm,absorbance,863.769155383945
872.027,34.995047,67caaf87-34fd-412f-8ebc-f0eb37aa8292,Helium Lamp,2635,nm,absorbance,863.9478212267775
872.207,29.438823,67caaf87-34fd-412f-8ebc-f0eb37aa8292,Helium Lamp,2636,nm,absorbance,864.1264870696099
872.387,78.128445,67caaf87-34fd-412f-8ebc-f0eb37aa8292,Helium Lamp,2637,nm,absorbance,864.3051529124423
872.566,55.457361000000006,67caaf87-34fd-412f-8ebc-f0eb37aa8292,Helium Lamp,2638,nm,absorbance,864.4828261672591
872.746,-41.615233,67caaf87-34fd-412f-8ebc-f0eb37aa8292,Helium Lamp,2639,nm,absorbance,864.6614920100915
872.926,9.109738000000002,67caaf87-34fd-412f-8ebc-f0eb37aa8292,Helium Lamp,2640,nm,absorbance,864.840157852924
873.106,19.294594000000007,67caaf87-34fd-412f-8ebc-f0eb37aa8292,Helium Lamp,2641,nm,absorbance,865.0188236957564
873.285,-6.535472,67caaf87-34fd-412f-8ebc-f0eb37aa8292,Helium Lamp,2642,nm,absorbance,865.1964969505731
873.465,-15.059515,67caaf87-34fd-412f-8ebc-f0eb37aa8292,Helium Lamp,2643,nm,absorbance,865.3751627934056
873.645,48.723254,67caaf87-34fd-412f-8ebc-f0eb37aa8292,Helium Lamp,2644,nm,absorbance,865.553828636238
873.824,42.145756,67caaf87-34fd-412f-8ebc-f0eb37aa8292,Helium Lamp,2645,nm,absorbance,865.7315018910547
874.004,61.73203000000001,67caaf87-34fd-412f-8ebc-f0eb37aa8292,Helium Lamp,2646,nm,absorbance,865.9101677338872
874.184,87.67408400000001,67caaf87-34fd-412f-8ebc-f0eb37aa8292,Helium Lamp,2647,nm,absorbance,866.0888335767196
874.363,14.264627999999998,67caaf87-34fd-412f-8ebc-f0eb37aa8292,Helium Lamp,2648,nm,absorbance,866.2665068315364
874.543,-11.373779,67caaf87-34fd-412f-8ebc-f0eb37aa8292,Helium Lamp,2649,nm,absorbance,866.4451726743688
874.723,65.484658,67caaf87-34fd-412f-8ebc-f0eb37aa8292,Helium Lamp,2650,nm,absorbance,866.6238385172012
874.902,-34.594457,67caaf87-34fd-412f-8ebc-f0eb37aa8292,Helium Lamp,2651,nm,absorbance,866.801511772018
875.082,31.554499,67caaf87-34fd-412f-8ebc-f0eb37aa8292,Helium Lamp,2652,nm,absorbance,866.9801776148504
875.261,23.924112,67caaf87-34fd-412f-8ebc-f0eb37aa8292,Helium Lamp,2653,nm,absorbance,867.1578508696671
875.441,-86.61508699999999,67caaf87-34fd-412f-8ebc-f0eb37aa8292,Helium Lamp,2654,nm,absorbance,867.3365167124996
875.62,50.590862,67caaf87-34fd-412f-8ebc-f0eb37aa8292,Helium Lamp,2655,nm,absorbance,867.5141899673163
875.8,18.161052,67caaf87-34fd-412f-8ebc-f0eb37aa8292,Helium Lamp,2656,nm,absorbance,867.6928558101487
875.979,27.105367,67caaf87-34fd-412f-8ebc-f0eb37aa8292,Helium Lamp,2657,nm,absorbance,867.8705290649655
876.159,-1.0302510000000002,67caaf87-34fd-412f-8ebc-f0eb37aa8292,Helium Lamp,2658,nm,absorbance,868.0491949077979
876.338,1.267861,67caaf87-34fd-412f-8ebc-f0eb37aa8292,Helium Lamp,2659,nm,absorbance,868.2268681626146
876.518,-14.753879,67caaf87-34fd-412f-8ebc-f0eb37aa8292,Helium Lamp,2660,nm,absorbance,868.4055340054471
876.697,26.887236,67caaf87-34fd-412f-8ebc-f0eb37aa8292,Helium Lamp,2661,nm,absorbance,868.5832072602637
876.876,26.679227,67caaf87-34fd-412f-8ebc-f0eb37aa8292,Helium Lamp,2662,nm,absorbance,868.7608805150804
877.056,19.555741,67caaf87-34fd-412f-8ebc-f0eb37aa8292,Helium Lamp,2663,nm,absorbance,868.939546357913
877.235,15.614293,67caaf87-34fd-412f-8ebc-f0eb37aa8292,Helium Lamp,2664,nm,absorbance,869.1172196127296
877.415,25.617657,67caaf87-34fd-412f-8ebc-f0eb37aa8292,Helium Lamp,2665,nm,absorbance,869.295885455562
877.594,43.237170000000006,67caaf87-34fd-412f-8ebc-f0eb37aa8292,Helium Lamp,2666,nm,absorbance,869.4735587103788
877.773,26.560029000000004,67caaf87-34fd-412f-8ebc-f0eb37aa8292,Helium Lamp,2667,nm,absorbance,869.6512319651955
877.953,24.144844,67caaf87-34fd-412f-8ebc-f0eb37aa8292,Helium Lamp,2668,nm,absorbance,869.8298978080279
878.132,24.951363,67caaf87-34fd-412f-8ebc-f0eb37aa8292,Helium Lamp,2669,nm,absorbance,870.0075710628446
878.311,30.350737,67caaf87-34fd-412f-8ebc-f0eb37aa8292,Helium Lamp,2670,nm,absorbance,870.1852443176614
878.49,75.91413000000001,67caaf87-34fd-412f-8ebc-f0eb37aa8292,Helium Lamp,2671,nm,absorbance,870.3629175724781
878.67,-7.824480000000001,67caaf87-34fd-412f-8ebc-f0eb37aa8292,Helium Lamp,2672,nm,absorbance,870.5415834153105
878.849,22.846900999999995,67caaf87-34fd-412f-8ebc-f0eb37aa8292,Helium Lamp,2673,nm,absorbance,870.7192566701273
879.028,62.651407000000006,67caaf87-34fd-412f-8ebc-f0eb37aa8292,Helium Lamp,2674,nm,absorbance,870.896929924944
879.207,2.147351,67caaf87-34fd-412f-8ebc-f0eb37aa8292,Helium Lamp,2675,nm,absorbance,871.0746031797606
879.387,3.721182,67caaf87-34fd-412f-8ebc-f0eb37aa8292,Helium Lamp,2676,nm,absorbance,871.253269022593
879.566,41.55682,67caaf87-34fd-412f-8ebc-f0eb37aa8292,Helium Lamp,2677,nm,absorbance,871.4309422774098
879.745,49.394077,67caaf87-34fd-412f-8ebc-f0eb37aa8292,Helium Lamp,2678,nm,absorbance,871.6086155322265
879.924,-30.729966,67caaf87-34fd-412f-8ebc-f0eb37aa8292,Helium Lamp,2679,nm,absorbance,871.7862887870432
880.103,42.619333,67caaf87-34fd-412f-8ebc-f0eb37aa8292,Helium Lamp,2680,nm,absorbance,871.96396204186
880.282,59.360586,67caaf87-34fd-412f-8ebc-f0eb37aa8292,Helium Lamp,2681,nm,absorbance,872.1416352966768
880.461,41.923906,67caaf87-34fd-412f-8ebc-f0eb37aa8292,Helium Lamp,2682,nm,absorbance,872.3193085514935
880.64,80.56108599999999,67caaf87-34fd-412f-8ebc-f0eb37aa8292,Helium Lamp,2683,nm,absorbance,872.4969818063101
880.819,13.209197,67caaf87-34fd-412f-8ebc-f0eb37aa8292,Helium Lamp,2684,nm,absorbance,872.6746550611268
880.998,38.828233,67caaf87-34fd-412f-8ebc-f0eb37aa8292,Helium Lamp,2685,nm,absorbance,872.8523283159436
881.178,10.106897,67caaf87-34fd-412f-8ebc-f0eb37aa8292,Helium Lamp,2686,nm,absorbance,873.030994158776
881.357,-1.5879749999999997,67caaf87-34fd-412f-8ebc-f0eb37aa8292,Helium Lamp,2687,nm,absorbance,873.2086674135927
881.536,8.521752,67caaf87-34fd-412f-8ebc-f0eb37aa8292,Helium Lamp,2688,nm,absorbance,873.3863406684094
881.715,17.895091,67caaf87-34fd-412f-8ebc-f0eb37aa8292,Helium Lamp,2689,nm,absorbance,873.5640139232262
881.893,64.16023499999999,67caaf87-34fd-412f-8ebc-f0eb37aa8292,Helium Lamp,2690,nm,absorbance,873.7406945900271
882.072,1.3552909999999998,67caaf87-34fd-412f-8ebc-f0eb37aa8292,Helium Lamp,2691,nm,absorbance,873.9183678448438
882.251,-2.174155,67caaf87-34fd-412f-8ebc-f0eb37aa8292,Helium Lamp,2692,nm,absorbance,874.0960410996605
882.43,45.78466999999999,67caaf87-34fd-412f-8ebc-f0eb37aa8292,Helium Lamp,2693,nm,absorbance,874.2737143544772
882.609,28.183135,67caaf87-34fd-412f-8ebc-f0eb37aa8292,Helium Lamp,2694,nm,absorbance,874.451387609294
882.788,13.434952,67caaf87-34fd-412f-8ebc-f0eb37aa8292,Helium Lamp,2695,nm,absorbance,874.6290608641107
882.967,-1.803074,67caaf87-34fd-412f-8ebc-f0eb37aa8292,Helium Lamp,2696,nm,absorbance,874.8067341189274
883.146,45.797143000000005,67caaf87-34fd-412f-8ebc-f0eb37aa8292,Helium Lamp,2697,nm,absorbance,874.984407373744
883.325,67.857326,67caaf87-34fd-412f-8ebc-f0eb37aa8292,Helium Lamp,2698,nm,absorbance,875.1620806285608
883.503,-15.459984,67caaf87-34fd-412f-8ebc-f0eb37aa8292,Helium Lamp,2699,nm,absorbance,875.3387612953619
883.682,66.05850900000002,67caaf87-34fd-412f-8ebc-f0eb37aa8292,Helium Lamp,2700,nm,absorbance,875.5164345501786
883.861,38.598401,67caaf87-34fd-412f-8ebc-f0eb37aa8292,Helium Lamp,2701,nm,absorbance,875.6941078049953
884.04,17.159186999999996,67caaf87-34fd-412f-8ebc-f0eb37aa8292,Helium Lamp,2702,nm,absorbance,875.871781059812
884.219,21.280586000000003,67caaf87-34fd-412f-8ebc-f0eb37aa8292,Helium Lamp,2703,nm,absorbance,876.0494543146287
884.397,26.909098,67caaf87-34fd-412f-8ebc-f0eb37aa8292,Helium Lamp,2704,nm,absorbance,876.2261349814297
884.576,-59.627603,67caaf87-34fd-412f-8ebc-f0eb37aa8292,Helium Lamp,2705,nm,absorbance,876.4038082362464
884.755,-22.755195,67caaf87-34fd-412f-8ebc-f0eb37aa8292,Helium Lamp,2706,nm,absorbance,876.5814814910631
884.933,52.145849,67caaf87-34fd-412f-8ebc-f0eb37aa8292,Helium Lamp,2707,nm,absorbance,876.758162157864
885.112,28.052381000000004,67caaf87-34fd-412f-8ebc-f0eb37aa8292,Helium Lamp,2708,nm,absorbance,876.9358354126807
885.291,87.535249,67caaf87-34fd-412f-8ebc-f0eb37aa8292,Helium Lamp,2709,nm,absorbance,877.1135086674975
885.469,-18.888699,67caaf87-34fd-412f-8ebc-f0eb37aa8292,Helium Lamp,2710,nm,absorbance,877.2901893342985
885.648,74.470587,67caaf87-34fd-412f-8ebc-f0eb37aa8292,Helium Lamp,2711,nm,absorbance,877.4678625891152
885.827,8.709314000000001,67caaf87-34fd-412f-8ebc-f0eb37aa8292,Helium Lamp,2712,nm,absorbance,877.6455358439318
886.005,40.834966,67caaf87-34fd-412f-8ebc-f0eb37aa8292,Helium Lamp,2713,nm,absorbance,877.8222165107329
886.184,7.819037,67caaf87-34fd-412f-8ebc-f0eb37aa8292,Helium Lamp,2714,nm,absorbance,877.9998897655496
886.363,54.87067900000001,67caaf87-34fd-412f-8ebc-f0eb37aa8292,Helium Lamp,2715,nm,absorbance,878.1775630203664
886.541,92.44903,67caaf87-34fd-412f-8ebc-f0eb37aa8292,Helium Lamp,2716,nm,absorbance,878.3542436871674
886.72,10.607466,67caaf87-34fd-412f-8ebc-f0eb37aa8292,Helium Lamp,2717,nm,absorbance,878.531916941984
886.898,-374.3325510000001,67caaf87-34fd-412f-8ebc-f0eb37aa8292,Helium Lamp,2718,nm,absorbance,878.708597608785
887.077,55.943018,67caaf87-34fd-412f-8ebc-f0eb37aa8292,Helium Lamp,2719,nm,absorbance,878.8862708636017
887.255,22.120127,67caaf87-34fd-412f-8ebc-f0eb37aa8292,Helium Lamp,2720,nm,absorbance,879.0629515304026
887.434,58.09183900000001,67caaf87-34fd-412f-8ebc-f0eb37aa8292,Helium Lamp,2721,nm,absorbance,879.2406247852193
887.612,19.557931000000004,67caaf87-34fd-412f-8ebc-f0eb37aa8292,Helium Lamp,2722,nm,absorbance,879.4173054520203
887.791,103.73125,67caaf87-34fd-412f-8ebc-f0eb37aa8292,Helium Lamp,2723,nm,absorbance,879.5949787068371
887.969,26.895532000000003,67caaf87-34fd-412f-8ebc-f0eb37aa8292,Helium Lamp,2724,nm,absorbance,879.771659373638
888.147,41.416723000000005,67caaf87-34fd-412f-8ebc-f0eb37aa8292,Helium Lamp,2725,nm,absorbance,879.9483400404391
888.326,30.089046000000003,67caaf87-34fd-412f-8ebc-f0eb37aa8292,Helium Lamp,2726,nm,absorbance,880.1260132952558
888.504,-10.592598,67caaf87-34fd-412f-8ebc-f0eb37aa8292,Helium Lamp,2727,nm,absorbance,880.3026939620568
888.682,43.930457,67caaf87-34fd-412f-8ebc-f0eb37aa8292,Helium Lamp,2728,nm,absorbance,880.4793746288577
888.861,48.241595,67caaf87-34fd-412f-8ebc-f0eb37aa8292,Helium Lamp,2729,nm,absorbance,880.6570478836744
889.039,-17.090921,67caaf87-34fd-412f-8ebc-f0eb37aa8292,Helium Lamp,2730,nm,absorbance,880.8337285504754
889.218,-20.631902000000004,67caaf87-34fd-412f-8ebc-f0eb37aa8292,Helium Lamp,2731,nm,absorbance,881.011401805292
889.396,19.763419,67caaf87-34fd-412f-8ebc-f0eb37aa8292,Helium Lamp,2732,nm,absorbance,881.188082472093
889.574,1.492418,67caaf87-34fd-412f-8ebc-f0eb37aa8292,Helium Lamp,2733,nm,absorbance,881.364763138894
889.752,50.145656,67caaf87-34fd-412f-8ebc-f0eb37aa8292,Helium Lamp,2734,nm,absorbance,881.5414438056949
889.931,-3.562711,67caaf87-34fd-412f-8ebc-f0eb37aa8292,Helium Lamp,2735,nm,absorbance,881.7191170605117
890.109,85.187674,67caaf87-34fd-412f-8ebc-f0eb37aa8292,Helium Lamp,2736,nm,absorbance,881.8957977273128
890.287,46.793628,67caaf87-34fd-412f-8ebc-f0eb37aa8292,Helium Lamp,2737,nm,absorbance,882.0724783941138
890.465,25.408853,67caaf87-34fd-412f-8ebc-f0eb37aa8292,Helium Lamp,2738,nm,absorbance,882.2491590609147
890.643,34.624083,67caaf87-34fd-412f-8ebc-f0eb37aa8292,Helium Lamp,2739,nm,absorbance,882.4258397277157
890.822,8.102728,67caaf87-34fd-412f-8ebc-f0eb37aa8292,Helium Lamp,2740,nm,absorbance,882.6035129825324
891.0,6.245012,67caaf87-34fd-412f-8ebc-f0eb37aa8292,Helium Lamp,2741,nm,absorbance,882.7801936493333
891.178,-22.598743,67caaf87-34fd-412f-8ebc-f0eb37aa8292,Helium Lamp,2742,nm,absorbance,882.9568743161343
891.356,69.718102,67caaf87-34fd-412f-8ebc-f0eb37aa8292,Helium Lamp,2743,nm,absorbance,883.1335549829353
891.534,11.74192,67caaf87-34fd-412f-8ebc-f0eb37aa8292,Helium Lamp,2744,nm,absorbance,883.3102356497362
891.712,59.824346000000006,67caaf87-34fd-412f-8ebc-f0eb37aa8292,Helium Lamp,2745,nm,absorbance,883.4869163165373
891.89,-43.254365,67caaf87-34fd-412f-8ebc-f0eb37aa8292,Helium Lamp,2746,nm,absorbance,883.6635969833383
892.068,14.530775,67caaf87-34fd-412f-8ebc-f0eb37aa8292,Helium Lamp,2747,nm,absorbance,883.8402776501392
892.247,57.344819,67caaf87-34fd-412f-8ebc-f0eb37aa8292,Helium Lamp,2748,nm,absorbance,884.0179509049559
892.425,30.758778,67caaf87-34fd-412f-8ebc-f0eb37aa8292,Helium Lamp,2749,nm,absorbance,884.1946315717569
892.603,21.659075,67caaf87-34fd-412f-8ebc-f0eb37aa8292,Helium Lamp,2750,nm,absorbance,884.3713122385578
892.781,12.838305,67caaf87-34fd-412f-8ebc-f0eb37aa8292,Helium Lamp,2751,nm,absorbance,884.5479929053588
892.959,-6.485984,67caaf87-34fd-412f-8ebc-f0eb37aa8292,Helium Lamp,2752,nm,absorbance,884.7246735721598
893.137,34.156927,67caaf87-34fd-412f-8ebc-f0eb37aa8292,Helium Lamp,2753,nm,absorbance,884.9013542389607
893.314,12.502809,67caaf87-34fd-412f-8ebc-f0eb37aa8292,Helium Lamp,2754,nm,absorbance,885.0770423177461
893.492,52.03682,67caaf87-34fd-412f-8ebc-f0eb37aa8292,Helium Lamp,2755,nm,absorbance,885.253722984547
893.67,35.532233999999995,67caaf87-34fd-412f-8ebc-f0eb37aa8292,Helium Lamp,2756,nm,absorbance,885.430403651348
893.848,-42.05479699999999,67caaf87-34fd-412f-8ebc-f0eb37aa8292,Helium Lamp,2757,nm,absorbance,885.607084318149
894.026,-41.205979,67caaf87-34fd-412f-8ebc-f0eb37aa8292,Helium Lamp,2758,nm,absorbance,885.7837649849499
894.204,31.556073999999995,67caaf87-34fd-412f-8ebc-f0eb37aa8292,Helium Lamp,2759,nm,absorbance,885.9604456517509
894.382,-0.1504069999999999,67caaf87-34fd-412f-8ebc-f0eb37aa8292,Helium Lamp,2760,nm,absorbance,886.1371263185519
894.56,45.599448,67caaf87-34fd-412f-8ebc-f0eb37aa8292,Helium Lamp,2761,nm,absorbance,886.3138069853529
894.738,56.17515800000001,67caaf87-34fd-412f-8ebc-f0eb37aa8292,Helium Lamp,2762,nm,absorbance,886.490487652154
894.915,72.558334,67caaf87-34fd-412f-8ebc-f0eb37aa8292,Helium Lamp,2763,nm,absorbance,886.6661757309391
895.093,-4.617396000000001,67caaf87-34fd-412f-8ebc-f0eb37aa8292,Helium Lamp,2764,nm,absorbance,886.8428563977401
895.271,10.333545,67caaf87-34fd-412f-8ebc-f0eb37aa8292,Helium Lamp,2765,nm,absorbance,887.019537064541
895.449,22.337046,67caaf87-34fd-412f-8ebc-f0eb37aa8292,Helium Lamp,2766,nm,absorbance,887.196217731342
895.626,-37.76321600000001,67caaf87-34fd-412f-8ebc-f0eb37aa8292,Helium Lamp,2767,nm,absorbance,887.3719058101273
895.804,-16.375656,67caaf87-34fd-412f-8ebc-f0eb37aa8292,Helium Lamp,2768,nm,absorbance,887.5485864769282
895.982,-18.085474,67caaf87-34fd-412f-8ebc-f0eb37aa8292,Helium Lamp,2769,nm,absorbance,887.7252671437293
896.16,37.610574,67caaf87-34fd-412f-8ebc-f0eb37aa8292,Helium Lamp,2770,nm,absorbance,887.9019478105303
896.337,37.301727,67caaf87-34fd-412f-8ebc-f0eb37aa8292,Helium Lamp,2771,nm,absorbance,888.0776358893155
896.515,63.844198000000006,67caaf87-34fd-412f-8ebc-f0eb37aa8292,Helium Lamp,2772,nm,absorbance,888.2543165561165
896.693,39.453751,67caaf87-34fd-412f-8ebc-f0eb37aa8292,Helium Lamp,2773,nm,absorbance,888.4309972229174
896.87,67.611469,67caaf87-34fd-412f-8ebc-f0eb37aa8292,Helium Lamp,2774,nm,absorbance,888.6066853017027
897.048,4.806699,67caaf87-34fd-412f-8ebc-f0eb37aa8292,Helium Lamp,2775,nm,absorbance,888.7833659685036
897.225,64.37991400000001,67caaf87-34fd-412f-8ebc-f0eb37aa8292,Helium Lamp,2776,nm,absorbance,888.959054047289
897.403,-5.087843000000001,67caaf87-34fd-412f-8ebc-f0eb37aa8292,Helium Lamp,2777,nm,absorbance,889.13573471409
897.581,12.217878,67caaf87-34fd-412f-8ebc-f0eb37aa8292,Helium Lamp,2778,nm,absorbance,889.3124153808909
897.758,-69.566104,67caaf87-34fd-412f-8ebc-f0eb37aa8292,Helium Lamp,2779,nm,absorbance,889.4881034596762
897.936,35.433913000000004,67caaf87-34fd-412f-8ebc-f0eb37aa8292,Helium Lamp,2780,nm,absorbance,889.6647841264771
898.113,21.22746,67caaf87-34fd-412f-8ebc-f0eb37aa8292,Helium Lamp,2781,nm,absorbance,889.8404722052624
898.291,27.223508,67caaf87-34fd-412f-8ebc-f0eb37aa8292,Helium Lamp,2782,nm,absorbance,890.0171528720633
898.468,-15.385363000000002,67caaf87-34fd-412f-8ebc-f0eb37aa8292,Helium Lamp,2783,nm,absorbance,890.1928409508486
898.646,-2.594285,67caaf87-34fd-412f-8ebc-f0eb37aa8292,Helium Lamp,2784,nm,absorbance,890.3695216176495
898.823,8.569776000000001,67caaf87-34fd-412f-8ebc-f0eb37aa8292,Helium Lamp,2785,nm,absorbance,890.5452096964348
899.001,20.587256,67caaf87-34fd-412f-8ebc-f0eb37aa8292,Helium Lamp,2786,nm,absorbance,890.7218903632357
899.178,10.674626999999996,67caaf87-34fd-412f-8ebc-f0eb37aa8292,Helium Lamp,2787,nm,absorbance,890.897578442021
899.356,17.916463999999998,67caaf87-34fd-412f-8ebc-f0eb37aa8292,Helium Lamp,2788,nm,absorbance,891.0742591088219
899.533,81.23629600000001,67caaf87-34fd-412f-8ebc-f0eb37aa8292,Helium Lamp,2789,nm,absorbance,891.2499471876073
899.71,30.366375,67caaf87-34fd-412f-8ebc-f0eb37aa8292,Helium Lamp,2790,nm,absorbance,891.4256352663925
899.888,24.912369,67caaf87-34fd-412f-8ebc-f0eb37aa8292,Helium Lamp,2791,nm,absorbance,891.6023159331935
900.065,-26.547899,67caaf87-34fd-412f-8ebc-f0eb37aa8292,Helium Lamp,2792,nm,absorbance,891.7780040119787
900.242,93.561674,67caaf87-34fd-412f-8ebc-f0eb37aa8292,Helium Lamp,2793,nm,absorbance,891.9536920907639
900.42,33.091505,67caaf87-34fd-412f-8ebc-f0eb37aa8292,Helium Lamp,2794,nm,absorbance,892.1303727575648
900.597,38.677321,67caaf87-34fd-412f-8ebc-f0eb37aa8292,Helium Lamp,2795,nm,absorbance,892.3060608363502
900.774,-16.478465,67caaf87-34fd-412f-8ebc-f0eb37aa8292,Helium Lamp,2796,nm,absorbance,892.4817489151354
900.952,63.455302,67caaf87-34fd-412f-8ebc-f0eb37aa8292,Helium Lamp,2797,nm,absorbance,892.6584295819364
901.129,55.605315,67caaf87-34fd-412f-8ebc-f0eb37aa8292,Helium Lamp,2798,nm,absorbance,892.8341176607216
901.306,45.539249,67caaf87-34fd-412f-8ebc-f0eb37aa8292,Helium Lamp,2799,nm,absorbance,893.0098057395069
901.483,-10.931176,67caaf87-34fd-412f-8ebc-f0eb37aa8292,Helium Lamp,2800,nm,absorbance,893.185493818292
901.661,20.004134,67caaf87-34fd-412f-8ebc-f0eb37aa8292,Helium Lamp,2801,nm,absorbance,893.362174485093
901.838,34.187326,67caaf87-34fd-412f-8ebc-f0eb37aa8292,Helium Lamp,2802,nm,absorbance,893.5378625638783
902.015,25.139088,67caaf87-34fd-412f-8ebc-f0eb37aa8292,Helium Lamp,2803,nm,absorbance,893.7135506426636
902.192,-18.373289,67caaf87-34fd-412f-8ebc-f0eb37aa8292,Helium Lamp,2804,nm,absorbance,893.8892387214488
902.369,47.284775,67caaf87-34fd-412f-8ebc-f0eb37aa8292,Helium Lamp,2805,nm,absorbance,894.064926800234
902.546,46.140846,67caaf87-34fd-412f-8ebc-f0eb37aa8292,Helium Lamp,2806,nm,absorbance,894.2406148790193
902.723,-0.991814,67caaf87-34fd-412f-8ebc-f0eb37aa8292,Helium Lamp,2807,nm,absorbance,894.4163029578045
902.901,66.42837599999999,67caaf87-34fd-412f-8ebc-f0eb37aa8292,Helium Lamp,2808,nm,absorbance,894.5929836246055
903.078,-5.398963,67caaf87-34fd-412f-8ebc-f0eb37aa8292,Helium Lamp,2809,nm,absorbance,894.7686717033907
903.255,33.434467000000005,67caaf87-34fd-412f-8ebc-f0eb37aa8292,Helium Lamp,2810,nm,absorbance,894.944359782176
903.432,59.12783999999999,67caaf87-34fd-412f-8ebc-f0eb37aa8292,Helium Lamp,2811,nm,absorbance,895.1200478609612
903.609,-29.106592,67caaf87-34fd-412f-8ebc-f0eb37aa8292,Helium Lamp,2812,nm,absorbance,895.2957359397465
903.786,43.03830899999999,67caaf87-34fd-412f-8ebc-f0eb37aa8292,Helium Lamp,2813,nm,absorbance,895.4714240185317
903.963,67.807558,67caaf87-34fd-412f-8ebc-f0eb37aa8292,Helium Lamp,2814,nm,absorbance,895.647112097317
904.14,-42.496616,67caaf87-34fd-412f-8ebc-f0eb37aa8292,Helium Lamp,2815,nm,absorbance,895.8228001761022
904.317,18.789142,67caaf87-34fd-412f-8ebc-f0eb37aa8292,Helium Lamp,2816,nm,absorbance,895.9984882548874
904.494,32.452444,67caaf87-34fd-412f-8ebc-f0eb37aa8292,Helium Lamp,2817,nm,absorbance,896.1741763336727
904.671,38.096538,67caaf87-34fd-412f-8ebc-f0eb37aa8292,Helium Lamp,2818,nm,absorbance,896.349864412458
904.848,30.55486,67caaf87-34fd-412f-8ebc-f0eb37aa8292,Helium Lamp,2819,nm,absorbance,896.5255524912432
905.024,80.572387,67caaf87-34fd-412f-8ebc-f0eb37aa8292,Helium Lamp,2820,nm,absorbance,896.7002479820127
905.201,24.440385,67caaf87-34fd-412f-8ebc-f0eb37aa8292,Helium Lamp,2821,nm,absorbance,896.8759360607979
905.378,45.380366,67caaf87-34fd-412f-8ebc-f0eb37aa8292,Helium Lamp,2822,nm,absorbance,897.0516241395832
905.555,-25.208337,67caaf87-34fd-412f-8ebc-f0eb37aa8292,Helium Lamp,2823,nm,absorbance,897.2273122183684
905.732,24.000586,67caaf87-34fd-412f-8ebc-f0eb37aa8292,Helium Lamp,2824,nm,absorbance,897.4030002971537
905.909,21.253328000000003,67caaf87-34fd-412f-8ebc-f0eb37aa8292,Helium Lamp,2825,nm,absorbance,897.5786883759389
906.086,-25.46067900000001,67caaf87-34fd-412f-8ebc-f0eb37aa8292,Helium Lamp,2826,nm,absorbance,897.7543764547241
906.262,89.423462,67caaf87-34fd-412f-8ebc-f0eb37aa8292,Helium Lamp,2827,nm,absorbance,897.9290719454935
906.439,-8.401047,67caaf87-34fd-412f-8ebc-f0eb37aa8292,Helium Lamp,2828,nm,absorbance,898.1047600242789
906.616,39.032121,67caaf87-34fd-412f-8ebc-f0eb37aa8292,Helium Lamp,2829,nm,absorbance,898.2804481030641
906.793,7.730906,67caaf87-34fd-412f-8ebc-f0eb37aa8292,Helium Lamp,2830,nm,absorbance,898.4561361818494
906.969,82.99560899999999,67caaf87-34fd-412f-8ebc-f0eb37aa8292,Helium Lamp,2831,nm,absorbance,898.6308316726189
907.146,-10.219155,67caaf87-34fd-412f-8ebc-f0eb37aa8292,Helium Lamp,2832,nm,absorbance,898.806519751404
907.323,47.492299,67caaf87-34fd-412f-8ebc-f0eb37aa8292,Helium Lamp,2833,nm,absorbance,898.9822078301894
907.5,47.788072,67caaf87-34fd-412f-8ebc-f0eb37aa8292,Helium Lamp,2834,nm,absorbance,899.1578959089746
907.676,71.630166,67caaf87-34fd-412f-8ebc-f0eb37aa8292,Helium Lamp,2835,nm,absorbance,899.3325913997442
907.853,31.074960999999995,67caaf87-34fd-412f-8ebc-f0eb37aa8292,Helium Lamp,2836,nm,absorbance,899.5082794785293
908.03,35.721714,67caaf87-34fd-412f-8ebc-f0eb37aa8292,Helium Lamp,2837,nm,absorbance,899.6839675573145
908.206,15.195613999999996,67caaf87-34fd-412f-8ebc-f0eb37aa8292,Helium Lamp,2838,nm,absorbance,899.8586630480842
908.383,3.682518,67caaf87-34fd-412f-8ebc-f0eb37aa8292,Helium Lamp,2839,nm,absorbance,900.0343511268694
908.559,24.841009,67caaf87-34fd-412f-8ebc-f0eb37aa8292,Helium Lamp,2840,nm,absorbance,900.2090466176388
908.736,70.302709,67caaf87-34fd-412f-8ebc-f0eb37aa8292,Helium Lamp,2841,nm,absorbance,900.3847346964241
908.912,50.910505,67caaf87-34fd-412f-8ebc-f0eb37aa8292,Helium Lamp,2842,nm,absorbance,900.5594301871936
909.089,18.491951,67caaf87-34fd-412f-8ebc-f0eb37aa8292,Helium Lamp,2843,nm,absorbance,900.7351182659789
909.266,-29.894408,67caaf87-34fd-412f-8ebc-f0eb37aa8292,Helium Lamp,2844,nm,absorbance,900.9108063447641
909.442,36.893281,67caaf87-34fd-412f-8ebc-f0eb37aa8292,Helium Lamp,2845,nm,absorbance,901.0855018355336
909.619,52.69960399999999,67caaf87-34fd-412f-8ebc-f0eb37aa8292,Helium Lamp,2846,nm,absorbance,901.2611899143188
909.795,-1.1183970000000003,67caaf87-34fd-412f-8ebc-f0eb37aa8292,Helium Lamp,2847,nm,absorbance,901.4358854050884
909.972,1.834191,67caaf87-34fd-412f-8ebc-f0eb37aa8292,Helium Lamp,2848,nm,absorbance,901.6115734838736
910.148,-10.855816,67caaf87-34fd-412f-8ebc-f0eb37aa8292,Helium Lamp,2849,nm,absorbance,901.7862689746431
910.324,15.694234,67caaf87-34fd-412f-8ebc-f0eb37aa8292,Helium Lamp,2850,nm,absorbance,901.9609644654125
910.501,18.173536,67caaf87-34fd-412f-8ebc-f0eb37aa8292,Helium Lamp,2851,nm,absorbance,902.1366525441978
910.677,80.72069300000001,67caaf87-34fd-412f-8ebc-f0eb37aa8292,Helium Lamp,2852,nm,absorbance,902.3113480349674
910.854,101.900009,67caaf87-34fd-412f-8ebc-f0eb37aa8292,Helium Lamp,2853,nm,absorbance,902.4870361137527
911.03,12.923365,67caaf87-34fd-412f-8ebc-f0eb37aa8292,Helium Lamp,2854,nm,absorbance,902.6617316045221
911.206,71.667256,67caaf87-34fd-412f-8ebc-f0eb37aa8292,Helium Lamp,2855,nm,absorbance,902.8364270952916
911.383,-4.217194000000001,67caaf87-34fd-412f-8ebc-f0eb37aa8292,Helium Lamp,2856,nm,absorbance,903.0121151740769
911.559,41.215321,67caaf87-34fd-412f-8ebc-f0eb37aa8292,Helium Lamp,2857,nm,absorbance,903.1868106648463
911.735,-19.161612,67caaf87-34fd-412f-8ebc-f0eb37aa8292,Helium Lamp,2858,nm,absorbance,903.3615061556159
911.912,13.454969,67caaf87-34fd-412f-8ebc-f0eb37aa8292,Helium Lamp,2859,nm,absorbance,903.5371942344011
912.088,8.640809,67caaf87-34fd-412f-8ebc-f0eb37aa8292,Helium Lamp,2860,nm,absorbance,903.7118897251705
912.264,-30.231494,67caaf87-34fd-412f-8ebc-f0eb37aa8292,Helium Lamp,2861,nm,absorbance,903.8865852159402
912.44,-23.862023,67caaf87-34fd-412f-8ebc-f0eb37aa8292,Helium Lamp,2862,nm,absorbance,904.0612807067097
912.617,23.856659,67caaf87-34fd-412f-8ebc-f0eb37aa8292,Helium Lamp,2863,nm,absorbance,904.2369687854948
912.793,17.443466,67caaf87-34fd-412f-8ebc-f0eb37aa8292,Helium Lamp,2864,nm,absorbance,904.4116642762643
912.969,-4.325432999999999,67caaf87-34fd-412f-8ebc-f0eb37aa8292,Helium Lamp,2865,nm,absorbance,904.586359767034
913.145,61.944398,67caaf87-34fd-412f-8ebc-f0eb37aa8292,Helium Lamp,2866,nm,absorbance,904.7610552578034
913.321,33.390914,67caaf87-34fd-412f-8ebc-f0eb37aa8292,Helium Lamp,2867,nm,absorbance,904.9357507485729
913.498,-13.328316999999998,67caaf87-34fd-412f-8ebc-f0eb37aa8292,Helium Lamp,2868,nm,absorbance,905.1114388273581
913.674,9.76653,67caaf87-34fd-412f-8ebc-f0eb37aa8292,Helium Lamp,2869,nm,absorbance,905.2861343181277
913.85,42.39244599999999,67caaf87-34fd-412f-8ebc-f0eb37aa8292,Helium Lamp,2870,nm,absorbance,905.4608298088972
914.026,3.878591,67caaf87-34fd-412f-8ebc-f0eb37aa8292,Helium Lamp,2871,nm,absorbance,905.6355252996666
914.202,-45.700846,67caaf87-34fd-412f-8ebc-f0eb37aa8292,Helium Lamp,2872,nm,absorbance,905.8102207904361
914.378,10.461126000000002,67caaf87-34fd-412f-8ebc-f0eb37aa8292,Helium Lamp,2873,nm,absorbance,905.9849162812058
914.554,15.332120000000003,67caaf87-34fd-412f-8ebc-f0eb37aa8292,Helium Lamp,2874,nm,absorbance,906.1596117719752
914.73,-31.335315,67caaf87-34fd-412f-8ebc-f0eb37aa8292,Helium Lamp,2875,nm,absorbance,906.3343072627447
914.906,28.148161,67caaf87-34fd-412f-8ebc-f0eb37aa8292,Helium Lamp,2876,nm,absorbance,906.5090027535141
915.082,17.91611,67caaf87-34fd-412f-8ebc-f0eb37aa8292,Helium Lamp,2877,nm,absorbance,906.6836982442837
915.258,12.279478,67caaf87-34fd-412f-8ebc-f0eb37aa8292,Helium Lamp,2878,nm,absorbance,906.8583937350533
915.434,36.742957,67caaf87-34fd-412f-8ebc-f0eb37aa8292,Helium Lamp,2879,nm,absorbance,907.0330892258227
915.61,38.153298,67caaf87-34fd-412f-8ebc-f0eb37aa8292,Helium Lamp,2880,nm,absorbance,907.2077847165922
915.786,65.93166599999998,67caaf87-34fd-412f-8ebc-f0eb37aa8292,Helium Lamp,2881,nm,absorbance,907.3824802073617
915.962,11.036283,67caaf87-34fd-412f-8ebc-f0eb37aa8292,Helium Lamp,2882,nm,absorbance,907.5571756981312
916.138,40.154553,67caaf87-34fd-412f-8ebc-f0eb37aa8292,Helium Lamp,2883,nm,absorbance,907.7318711889008
916.314,65.757627,67caaf87-34fd-412f-8ebc-f0eb37aa8292,Helium Lamp,2884,nm,absorbance,907.9065666796702
916.49,66.950447,67caaf87-34fd-412f-8ebc-f0eb37aa8292,Helium Lamp,2885,nm,absorbance,908.0812621704398
916.665,19.565807,67caaf87-34fd-412f-8ebc-f0eb37aa8292,Helium Lamp,2886,nm,absorbance,908.2549650731935
916.841,18.131622,67caaf87-34fd-412f-8ebc-f0eb37aa8292,Helium Lamp,2887,nm,absorbance,908.429660563963
917.017,14.322502,67caaf87-34fd-412f-8ebc-f0eb37aa8292,Helium Lamp,2888,nm,absorbance,908.6043560547325
917.193,28.749263,67caaf87-34fd-412f-8ebc-f0eb37aa8292,Helium Lamp,2889,nm,absorbance,908.779051545502
917.369,36.2354,67caaf87-34fd-412f-8ebc-f0eb37aa8292,Helium Lamp,2890,nm,absorbance,908.9537470362716
917.545,-21.096584,67caaf87-34fd-412f-8ebc-f0eb37aa8292,Helium Lamp,2891,nm,absorbance,909.128442527041
917.72,21.390587,67caaf87-34fd-412f-8ebc-f0eb37aa8292,Helium Lamp,2892,nm,absorbance,909.3021454297948
917.896,9.649358,67caaf87-34fd-412f-8ebc-f0eb37aa8292,Helium Lamp,2893,nm,absorbance,909.4768409205643
918.072,1.726136,67caaf87-34fd-412f-8ebc-f0eb37aa8292,Helium Lamp,2894,nm,absorbance,909.6515364113338
918.247,30.821184,67caaf87-34fd-412f-8ebc-f0eb37aa8292,Helium Lamp,2895,nm,absorbance,909.8252393140875
918.423,16.366816,67caaf87-34fd-412f-8ebc-f0eb37aa8292,Helium Lamp,2896,nm,absorbance,909.9999348048572
918.599,63.19393,67caaf87-34fd-412f-8ebc-f0eb37aa8292,Helium Lamp,2897,nm,absorbance,910.1746302956267
918.775,26.846409,67caaf87-34fd-412f-8ebc-f0eb37aa8292,Helium Lamp,2898,nm,absorbance,910.3493257863961
918.95,40.031753,67caaf87-34fd-412f-8ebc-f0eb37aa8292,Helium Lamp,2899,nm,absorbance,910.5230286891499
919.126,-10.980324,67caaf87-34fd-412f-8ebc-f0eb37aa8292,Helium Lamp,2900,nm,absorbance,910.6977241799194
919.301,15.85193,67caaf87-34fd-412f-8ebc-f0eb37aa8292,Helium Lamp,2901,nm,absorbance,910.8714270826732
919.477,-26.71137700000001,67caaf87-34fd-412f-8ebc-f0eb37aa8292,Helium Lamp,2902,nm,absorbance,911.0461225734426
919.653,56.297334,67caaf87-34fd-412f-8ebc-f0eb37aa8292,Helium Lamp,2903,nm,absorbance,911.2208180642122
919.828,15.174633,67caaf87-34fd-412f-8ebc-f0eb37aa8292,Helium Lamp,2904,nm,absorbance,911.394520966966
920.004,5.345606,67caaf87-34fd-412f-8ebc-f0eb37aa8292,Helium Lamp,2905,nm,absorbance,911.5692164577355
920.179,-65.038074,67caaf87-34fd-412f-8ebc-f0eb37aa8292,Helium Lamp,2906,nm,absorbance,911.7429193604892
920.355,-247.392594,67caaf87-34fd-412f-8ebc-f0eb37aa8292,Helium Lamp,2907,nm,absorbance,911.9176148512588
920.53,-53.367938,67caaf87-34fd-412f-8ebc-f0eb37aa8292,Helium Lamp,2908,nm,absorbance,912.0913177540125
920.706,13.328268,67caaf87-34fd-412f-8ebc-f0eb37aa8292,Helium Lamp,2909,nm,absorbance,912.266013244782
920.881,62.396354,67caaf87-34fd-412f-8ebc-f0eb37aa8292,Helium Lamp,2910,nm,absorbance,912.4397161475357
921.057,-9.096223,67caaf87-34fd-412f-8ebc-f0eb37aa8292,Helium Lamp,2911,nm,absorbance,912.6144116383053
921.232,3.25218,67caaf87-34fd-412f-8ebc-f0eb37aa8292,Helium Lamp,2912,nm,absorbance,912.788114541059
921.408,14.011292,67caaf87-34fd-412f-8ebc-f0eb37aa8292,Helium Lamp,2913,nm,absorbance,912.9628100318286
921.583,-2.536143,67caaf87-34fd-412f-8ebc-f0eb37aa8292,Helium Lamp,2914,nm,absorbance,913.1365129345824
921.759,2.342737,67caaf87-34fd-412f-8ebc-f0eb37aa8292,Helium Lamp,2915,nm,absorbance,913.3112084253519
921.934,15.126988999999998,67caaf87-34fd-412f-8ebc-f0eb37aa8292,Helium Lamp,2916,nm,absorbance,913.4849113281056
922.109,23.620752000000003,67caaf87-34fd-412f-8ebc-f0eb37aa8292,Helium Lamp,2917,nm,absorbance,913.6586142308595
922.285,22.139969,67caaf87-34fd-412f-8ebc-f0eb37aa8292,Helium Lamp,2918,nm,absorbance,913.8333097216289
922.46,47.855734,67caaf87-34fd-412f-8ebc-f0eb37aa8292,Helium Lamp,2919,nm,absorbance,914.0070126243827
922.635,29.075572,67caaf87-34fd-412f-8ebc-f0eb37aa8292,Helium Lamp,2920,nm,absorbance,914.1807155271364
922.811,4.347970999999999,67caaf87-34fd-412f-8ebc-f0eb37aa8292,Helium Lamp,2921,nm,absorbance,914.355411017906
922.986,68.217816,67caaf87-34fd-412f-8ebc-f0eb37aa8292,Helium Lamp,2922,nm,absorbance,914.5291139206597
923.161,-33.737687,67caaf87-34fd-412f-8ebc-f0eb37aa8292,Helium Lamp,2923,nm,absorbance,914.7028168234134
923.336,35.66561299999999,67caaf87-34fd-412f-8ebc-f0eb37aa8292,Helium Lamp,2924,nm,absorbance,914.8765197261673
923.512,-59.26222200000001,67caaf87-34fd-412f-8ebc-f0eb37aa8292,Helium Lamp,2925,nm,absorbance,915.0512152169367
923.687,-0.825128,67caaf87-34fd-412f-8ebc-f0eb37aa8292,Helium Lamp,2926,nm,absorbance,915.2249181196905
923.862,29.099691,67caaf87-34fd-412f-8ebc-f0eb37aa8292,Helium Lamp,2927,nm,absorbance,915.3986210224443
924.037,-15.153439999999998,67caaf87-34fd-412f-8ebc-f0eb37aa8292,Helium Lamp,2928,nm,absorbance,915.5723239251981
924.212,-13.31778,67caaf87-34fd-412f-8ebc-f0eb37aa8292,Helium Lamp,2929,nm,absorbance,915.7460268279518
924.388,57.52487000000001,67caaf87-34fd-412f-8ebc-f0eb37aa8292,Helium Lamp,2930,nm,absorbance,915.9207223187213
924.563,15.812926999999998,67caaf87-34fd-412f-8ebc-f0eb37aa8292,Helium Lamp,2931,nm,absorbance,916.0944252214751
924.738,-33.945995,67caaf87-34fd-412f-8ebc-f0eb37aa8292,Helium Lamp,2932,nm,absorbance,916.268128124229
924.913,68.761805,67caaf87-34fd-412f-8ebc-f0eb37aa8292,Helium Lamp,2933,nm,absorbance,916.4418310269826
925.088,44.644615,67caaf87-34fd-412f-8ebc-f0eb37aa8292,Helium Lamp,2934,nm,absorbance,916.6155339297364
925.263,17.924732,67caaf87-34fd-412f-8ebc-f0eb37aa8292,Helium Lamp,2935,nm,absorbance,916.7892368324902
925.438,48.36400000000001,67caaf87-34fd-412f-8ebc-f0eb37aa8292,Helium Lamp,2936,nm,absorbance,916.9629397352439
925.613,-33.033965,67caaf87-34fd-412f-8ebc-f0eb37aa8292,Helium Lamp,2937,nm,absorbance,917.1366426379979
925.788,23.869473,67caaf87-34fd-412f-8ebc-f0eb37aa8292,Helium Lamp,2938,nm,absorbance,917.3103455407515
925.963,37.57680700000001,67caaf87-34fd-412f-8ebc-f0eb37aa8292,Helium Lamp,2939,nm,absorbance,917.4840484435052
926.138,56.61397099999999,67caaf87-34fd-412f-8ebc-f0eb37aa8292,Helium Lamp,2940,nm,absorbance,917.6577513462591
926.313,38.411188,67caaf87-34fd-412f-8ebc-f0eb37aa8292,Helium Lamp,2941,nm,absorbance,917.8314542490128
926.488,58.161864,67caaf87-34fd-412f-8ebc-f0eb37aa8292,Helium Lamp,2942,nm,absorbance,918.0051571517666
926.663,9.598473,67caaf87-34fd-412f-8ebc-f0eb37aa8292,Helium Lamp,2943,nm,absorbance,918.1788600545204
926.838,-47.112138,67caaf87-34fd-412f-8ebc-f0eb37aa8292,Helium Lamp,2944,nm,absorbance,918.3525629572741
927.013,35.522904,67caaf87-34fd-412f-8ebc-f0eb37aa8292,Helium Lamp,2945,nm,absorbance,918.5262658600279
927.188,86.85212299999999,67caaf87-34fd-412f-8ebc-f0eb37aa8292,Helium Lamp,2946,nm,absorbance,918.6999687627816
927.363,12.965347,67caaf87-34fd-412f-8ebc-f0eb37aa8292,Helium Lamp,2947,nm,absorbance,918.8736716655355
927.538,-5.019032,67caaf87-34fd-412f-8ebc-f0eb37aa8292,Helium Lamp,2948,nm,absorbance,919.0473745682892
927.713,90.788947,67caaf87-34fd-412f-8ebc-f0eb37aa8292,Helium Lamp,2949,nm,absorbance,919.2210774710429
927.888,57.09735800000001,67caaf87-34fd-412f-8ebc-f0eb37aa8292,Helium Lamp,2950,nm,absorbance,919.3947803737968
928.062,9.669156,67caaf87-34fd-412f-8ebc-f0eb37aa8292,Helium Lamp,2951,nm,absorbance,919.5674906885348
928.237,-43.58354799999999,67caaf87-34fd-412f-8ebc-f0eb37aa8292,Helium Lamp,2952,nm,absorbance,919.7411935912885
928.412,63.899849,67caaf87-34fd-412f-8ebc-f0eb37aa8292,Helium Lamp,2953,nm,absorbance,919.9148964940424
928.587,15.927552,67caaf87-34fd-412f-8ebc-f0eb37aa8292,Helium Lamp,2954,nm,absorbance,920.0885993967961
928.761,-4.51118,67caaf87-34fd-412f-8ebc-f0eb37aa8292,Helium Lamp,2955,nm,absorbance,920.2613097115341
928.936,66.89851200000001,67caaf87-34fd-412f-8ebc-f0eb37aa8292,Helium Lamp,2956,nm,absorbance,920.435012614288
929.111,45.59246,67caaf87-34fd-412f-8ebc-f0eb37aa8292,Helium Lamp,2957,nm,absorbance,920.6087155170417
929.286,16.453521000000002,67caaf87-34fd-412f-8ebc-f0eb37aa8292,Helium Lamp,2958,nm,absorbance,920.7824184197954
929.46,20.821601,67caaf87-34fd-412f-8ebc-f0eb37aa8292,Helium Lamp,2959,nm,absorbance,920.9551287345336
929.635,55.728695,67caaf87-34fd-412f-8ebc-f0eb37aa8292,Helium Lamp,2960,nm,absorbance,921.1288316372872
929.81,63.04748599999999,67caaf87-34fd-412f-8ebc-f0eb37aa8292,Helium Lamp,2961,nm,absorbance,921.3025345400409
929.984,44.092953,67caaf87-34fd-412f-8ebc-f0eb37aa8292,Helium Lamp,2962,nm,absorbance,921.4752448547791
930.159,17.269027,67caaf87-34fd-412f-8ebc-f0eb37aa8292,Helium Lamp,2963,nm,absorbance,921.6489477575328
930.334,78.034066,67caaf87-34fd-412f-8ebc-f0eb37aa8292,Helium Lamp,2964,nm,absorbance,921.8226506602865
930.508,80.961174,67caaf87-34fd-412f-8ebc-f0eb37aa8292,Helium Lamp,2965,nm,absorbance,921.9953609750247
930.683,17.014229,67caaf87-34fd-412f-8ebc-f0eb37aa8292,Helium Lamp,2966,nm,absorbance,922.1690638777784
930.857,81.085881,67caaf87-34fd-412f-8ebc-f0eb37aa8292,Helium Lamp,2967,nm,absorbance,922.3417741925165
931.032,34.20409,67caaf87-34fd-412f-8ebc-f0eb37aa8292,Helium Lamp,2968,nm,absorbance,922.5154770952703
931.206,79.53816400000001,67caaf87-34fd-412f-8ebc-f0eb37aa8292,Helium Lamp,2969,nm,absorbance,922.6881874100083
931.381,17.366141000000002,67caaf87-34fd-412f-8ebc-f0eb37aa8292,Helium Lamp,2970,nm,absorbance,922.8618903127621
931.556,80.22725,67caaf87-34fd-412f-8ebc-f0eb37aa8292,Helium Lamp,2971,nm,absorbance,923.0355932155159
931.73,-23.158191,67caaf87-34fd-412f-8ebc-f0eb37aa8292,Helium Lamp,2972,nm,absorbance,923.2083035302538
931.904,55.422778,67caaf87-34fd-412f-8ebc-f0eb37aa8292,Helium Lamp,2973,nm,absorbance,923.3810138449919
932.079,-33.314165,67caaf87-34fd-412f-8ebc-f0eb37aa8292,Helium Lamp,2974,nm,absorbance,923.5547167477456
932.253,-31.705578,67caaf87-34fd-412f-8ebc-f0eb37aa8292,Helium Lamp,2975,nm,absorbance,923.7274270624837
932.428,47.143041,67caaf87-34fd-412f-8ebc-f0eb37aa8292,Helium Lamp,2976,nm,absorbance,923.9011299652375
932.602,-10.49336,67caaf87-34fd-412f-8ebc-f0eb37aa8292,Helium Lamp,2977,nm,absorbance,924.0738402799755
932.777,52.32112199999999,67caaf87-34fd-412f-8ebc-f0eb37aa8292,Helium Lamp,2978,nm,absorbance,924.2475431827293
932.951,45.739464,67caaf87-34fd-412f-8ebc-f0eb37aa8292,Helium Lamp,2979,nm,absorbance,924.4202534974673
933.125,18.105051000000003,67caaf87-34fd-412f-8ebc-f0eb37aa8292,Helium Lamp,2980,nm,absorbance,924.5929638122053
933.3,-44.619562,67caaf87-34fd-412f-8ebc-f0eb37aa8292,Helium Lamp,2981,nm,absorbance,924.766666714959
933.474,3.2034569999999998,67caaf87-34fd-412f-8ebc-f0eb37aa8292,Helium Lamp,2982,nm,absorbance,924.9393770296972
933.648,46.380535,67caaf87-34fd-412f-8ebc-f0eb37aa8292,Helium Lamp,2983,nm,absorbance,925.1120873444352
933.823,-11.87061,67caaf87-34fd-412f-8ebc-f0eb37aa8292,Helium Lamp,2984,nm,absorbance,925.285790247189
933.997,55.106033,67caaf87-34fd-412f-8ebc-f0eb37aa8292,Helium Lamp,2985,nm,absorbance,925.4585005619269
934.171,22.724427,67caaf87-34fd-412f-8ebc-f0eb37aa8292,Helium Lamp,2986,nm,absorbance,925.631210876665
934.345,20.088321,67caaf87-34fd-412f-8ebc-f0eb37aa8292,Helium Lamp,2987,nm,absorbance,925.8039211914031
934.52,37.605178,67caaf87-34fd-412f-8ebc-f0eb37aa8292,Helium Lamp,2988,nm,absorbance,925.9776240941568
934.694,-17.589557,67caaf87-34fd-412f-8ebc-f0eb37aa8292,Helium Lamp,2989,nm,absorbance,926.1503344088948
934.868,51.021491,67caaf87-34fd-412f-8ebc-f0eb37aa8292,Helium Lamp,2990,nm,absorbance,926.323044723633
935.042,68.75748800000001,67caaf87-34fd-412f-8ebc-f0eb37aa8292,Helium Lamp,2991,nm,absorbance,926.4957550383709
935.217,32.308152,67caaf87-34fd-412f-8ebc-f0eb37aa8292,Helium Lamp,2992,nm,absorbance,926.6694579411247
935.391,69.16007900000001,67caaf87-34fd-412f-8ebc-f0eb37aa8292,Helium Lamp,2993,nm,absorbance,926.8421682558627
935.565,46.132409,67caaf87-34fd-412f-8ebc-f0eb37aa8292,Helium Lamp,2994,nm,absorbance,927.0148785706008
935.739,41.868749,67caaf87-34fd-412f-8ebc-f0eb37aa8292,Helium Lamp,2995,nm,absorbance,927.1875888853389
935.913,-30.481242,67caaf87-34fd-412f-8ebc-f0eb37aa8292,Helium Lamp,2996,nm,absorbance,927.3602992000768
936.087,-23.615279,67caaf87-34fd-412f-8ebc-f0eb37aa8292,Helium Lamp,2997,nm,absorbance,927.5330095148148
936.261,17.346805,67caaf87-34fd-412f-8ebc-f0eb37aa8292,Helium Lamp,2998,nm,absorbance,927.7057198295529
936.435,47.82280900000001,67caaf87-34fd-412f-8ebc-f0eb37aa8292,Helium Lamp,2999,nm,absorbance,927.8784301442909
936.609,27.296562,67caaf87-34fd-412f-8ebc-f0eb37aa8292,Helium Lamp,3000,nm,absorbance,928.051140459029
936.783,-6.163098,67caaf87-34fd-412f-8ebc-f0eb37aa8292,Helium Lamp,3001,nm,absorbance,928.223850773767
936.957,3.320652,67caaf87-34fd-412f-8ebc-f0eb37aa8292,Helium Lamp,3002,nm,absorbance,928.396561088505
937.131,-2.4582189999999997,67caaf87-34fd-412f-8ebc-f0eb37aa8292,Helium Lamp,3003,nm,absorbance,928.5692714032431
937.305,-47.0717,67caaf87-34fd-412f-8ebc-f0eb37aa8292,Helium Lamp,3004,nm,absorbance,928.741981717981
937.479,61.963455,67caaf87-34fd-412f-8ebc-f0eb37aa8292,Helium Lamp,3005,nm,absorbance,928.9146920327192
937.653,35.659764,67caaf87-34fd-412f-8ebc-f0eb37aa8292,Helium Lamp,3006,nm,absorbance,929.0874023474572
937.827,33.477461,67caaf87-34fd-412f-8ebc-f0eb37aa8292,Helium Lamp,3007,nm,absorbance,929.2601126621952
938.001,43.096872000000005,67caaf87-34fd-412f-8ebc-f0eb37aa8292,Helium Lamp,3008,nm,absorbance,929.4328229769333
938.175,-13.475895,67caaf87-34fd-412f-8ebc-f0eb37aa8292,Helium Lamp,3009,nm,absorbance,929.6055332916712
938.349,-8.371654,67caaf87-34fd-412f-8ebc-f0eb37aa8292,Helium Lamp,3010,nm,absorbance,929.7782436064093
938.523,1.883278,67caaf87-34fd-412f-8ebc-f0eb37aa8292,Helium Lamp,3011,nm,absorbance,929.9509539211474
938.697,10.88982,67caaf87-34fd-412f-8ebc-f0eb37aa8292,Helium Lamp,3012,nm,absorbance,930.1236642358854
938.87,-19.768932,67caaf87-34fd-412f-8ebc-f0eb37aa8292,Helium Lamp,3013,nm,absorbance,930.2953819626077
939.044,35.595852,67caaf87-34fd-412f-8ebc-f0eb37aa8292,Helium Lamp,3014,nm,absorbance,930.4680922773457
939.218,26.075025000000004,67caaf87-34fd-412f-8ebc-f0eb37aa8292,Helium Lamp,3015,nm,absorbance,930.6408025920837
939.392,-43.718704,67caaf87-34fd-412f-8ebc-f0eb37aa8292,Helium Lamp,3016,nm,absorbance,930.8135129068219
939.566,67.39994899999999,67caaf87-34fd-412f-8ebc-f0eb37aa8292,Helium Lamp,3017,nm,absorbance,930.9862232215598
939.739,-7.639335,67caaf87-34fd-412f-8ebc-f0eb37aa8292,Helium Lamp,3018,nm,absorbance,931.1579409482822
939.913,28.292307,67caaf87-34fd-412f-8ebc-f0eb37aa8292,Helium Lamp,3019,nm,absorbance,931.3306512630202
940.087,34.45673800000001,67caaf87-34fd-412f-8ebc-f0eb37aa8292,Helium Lamp,3020,nm,absorbance,931.5033615777581
940.261,58.943729,67caaf87-34fd-412f-8ebc-f0eb37aa8292,Helium Lamp,3021,nm,absorbance,931.6760718924962
940.434,20.015667,67caaf87-34fd-412f-8ebc-f0eb37aa8292,Helium Lamp,3022,nm,absorbance,931.8477896192185
940.608,-44.075068,67caaf87-34fd-412f-8ebc-f0eb37aa8292,Helium Lamp,3023,nm,absorbance,932.0204999339566
940.782,-17.043367,67caaf87-34fd-412f-8ebc-f0eb37aa8292,Helium Lamp,3024,nm,absorbance,932.1932102486946
940.955,12.876651,67caaf87-34fd-412f-8ebc-f0eb37aa8292,Helium Lamp,3025,nm,absorbance,932.3649279754169
941.129,-23.528548,67caaf87-34fd-412f-8ebc-f0eb37aa8292,Helium Lamp,3026,nm,absorbance,932.537638290155
941.302,-1.80245,67caaf87-34fd-412f-8ebc-f0eb37aa8292,Helium Lamp,3027,nm,absorbance,932.7093560168772
941.476,96.517389,67caaf87-34fd-412f-8ebc-f0eb37aa8292,Helium Lamp,3028,nm,absorbance,932.8820663316153
941.65,51.667682,67caaf87-34fd-412f-8ebc-f0eb37aa8292,Helium Lamp,3029,nm,absorbance,933.0547766463533
941.823,10.900339,67caaf87-34fd-412f-8ebc-f0eb37aa8292,Helium Lamp,3030,nm,absorbance,933.2264943730756
941.997,-53.398534,67caaf87-34fd-412f-8ebc-f0eb37aa8292,Helium Lamp,3031,nm,absorbance,933.3992046878136
942.17,12.444391,67caaf87-34fd-412f-8ebc-f0eb37aa8292,Helium Lamp,3032,nm,absorbance,933.5709224145359
942.344,66.063626,67caaf87-34fd-412f-8ebc-f0eb37aa8292,Helium Lamp,3033,nm,absorbance,933.743632729274
942.517,-59.69774099999999,67caaf87-34fd-412f-8ebc-f0eb37aa8292,Helium Lamp,3034,nm,absorbance,933.9153504559963
942.691,32.557731,67caaf87-34fd-412f-8ebc-f0eb37aa8292,Helium Lamp,3035,nm,absorbance,934.0880607707344
942.864,20.507461,67caaf87-34fd-412f-8ebc-f0eb37aa8292,Helium Lamp,3036,nm,absorbance,934.2597784974566
943.038,26.906735000000005,67caaf87-34fd-412f-8ebc-f0eb37aa8292,Helium Lamp,3037,nm,absorbance,934.4324888121946
943.211,-23.779832,67caaf87-34fd-412f-8ebc-f0eb37aa8292,Helium Lamp,3038,nm,absorbance,934.604206538917
943.385,20.521776,67caaf87-34fd-412f-8ebc-f0eb37aa8292,Helium Lamp,3039,nm,absorbance,934.7769168536549
943.558,-28.751755,67caaf87-34fd-412f-8ebc-f0eb37aa8292,Helium Lamp,3040,nm,absorbance,934.9486345803773
943.731,-211.042749,67caaf87-34fd-412f-8ebc-f0eb37aa8292,Helium Lamp,3041,nm,absorbance,935.1203523070996
943.905,10.146129,67caaf87-34fd-412f-8ebc-f0eb37aa8292,Helium Lamp,3042,nm,absorbance,935.2930626218376
944.078,-9.996665000000002,67caaf87-34fd-412f-8ebc-f0eb37aa8292,Helium Lamp,3043,nm,absorbance,935.4647803485599
944.251,6.439763999999999,67caaf87-34fd-412f-8ebc-f0eb37aa8292,Helium Lamp,3044,nm,absorbance,935.6364980752821
944.425,11.664723,67caaf87-34fd-412f-8ebc-f0eb37aa8292,Helium Lamp,3045,nm,absorbance,935.8092083900202
944.598,17.258395999999998,67caaf87-34fd-412f-8ebc-f0eb37aa8292,Helium Lamp,3046,nm,absorbance,935.9809261167425
944.771,32.756815,67caaf87-34fd-412f-8ebc-f0eb37aa8292,Helium Lamp,3047,nm,absorbance,936.1526438434648
944.945,45.38603199999999,67caaf87-34fd-412f-8ebc-f0eb37aa8292,Helium Lamp,3048,nm,absorbance,936.3253541582029
945.118,-9.38939,67caaf87-34fd-412f-8ebc-f0eb37aa8292,Helium Lamp,3049,nm,absorbance,936.4970718849253
945.291,-6.417263,67caaf87-34fd-412f-8ebc-f0eb37aa8292,Helium Lamp,3050,nm,absorbance,936.6687896116475
945.464,26.506253,67caaf87-34fd-412f-8ebc-f0eb37aa8292,Helium Lamp,3051,nm,absorbance,936.8405073383699
945.638,28.606472,67caaf87-34fd-412f-8ebc-f0eb37aa8292,Helium Lamp,3052,nm,absorbance,937.0132176531079
945.811,-5.274517,67caaf87-34fd-412f-8ebc-f0eb37aa8292,Helium Lamp,3053,nm,absorbance,937.1849353798301
945.984,20.90797,67caaf87-34fd-412f-8ebc-f0eb37aa8292,Helium Lamp,3054,nm,absorbance,937.3566531065525
946.157,13.883787000000002,67caaf87-34fd-412f-8ebc-f0eb37aa8292,Helium Lamp,3055,nm,absorbance,937.5283708332747
946.33,60.865832,67caaf87-34fd-412f-8ebc-f0eb37aa8292,Helium Lamp,3056,nm,absorbance,937.7000885599971
946.503,50.446781,67caaf87-34fd-412f-8ebc-f0eb37aa8292,Helium Lamp,3057,nm,absorbance,937.8718062867193
946.677,42.004736,67caaf87-34fd-412f-8ebc-f0eb37aa8292,Helium Lamp,3058,nm,absorbance,938.0445166014574
946.85,-2.11579,67caaf87-34fd-412f-8ebc-f0eb37aa8292,Helium Lamp,3059,nm,absorbance,938.2162343281797
947.023,-22.298906,67caaf87-34fd-412f-8ebc-f0eb37aa8292,Helium Lamp,3060,nm,absorbance,938.3879520549019
947.196,0.5236709999999997,67caaf87-34fd-412f-8ebc-f0eb37aa8292,Helium Lamp,3061,nm,absorbance,938.5596697816243
947.369,3.496753,67caaf87-34fd-412f-8ebc-f0eb37aa8292,Helium Lamp,3062,nm,absorbance,938.7313875083465
947.542,49.1188,67caaf87-34fd-412f-8ebc-f0eb37aa8292,Helium Lamp,3063,nm,absorbance,938.9031052350689
947.715,-3.318158999999999,67caaf87-34fd-412f-8ebc-f0eb37aa8292,Helium Lamp,3064,nm,absorbance,939.0748229617911
947.888,-29.938864,67caaf87-34fd-412f-8ebc-f0eb37aa8292,Helium Lamp,3065,nm,absorbance,939.2465406885135
948.061,-8.73361,67caaf87-34fd-412f-8ebc-f0eb37aa8292,Helium Lamp,3066,nm,absorbance,939.4182584152358
948.234,4.024794,67caaf87-34fd-412f-8ebc-f0eb37aa8292,Helium Lamp,3067,nm,absorbance,939.5899761419581
948.407,63.10318299999999,67caaf87-34fd-412f-8ebc-f0eb37aa8292,Helium Lamp,3068,nm,absorbance,939.7616938686804
948.58,58.257431,67caaf87-34fd-412f-8ebc-f0eb37aa8292,Helium Lamp,3069,nm,absorbance,939.9334115954027
948.753,-21.136454,67caaf87-34fd-412f-8ebc-f0eb37aa8292,Helium Lamp,3070,nm,absorbance,940.105129322125
948.926,-14.002797,67caaf87-34fd-412f-8ebc-f0eb37aa8292,Helium Lamp,3071,nm,absorbance,940.2768470488472
949.099,52.278201,67caaf87-34fd-412f-8ebc-f0eb37aa8292,Helium Lamp,3072,nm,absorbance,940.4485647755696
949.271,-6.408021000000001,67caaf87-34fd-412f-8ebc-f0eb37aa8292,Helium Lamp,3073,nm,absorbance,940.619289914276
949.444,13.33512,67caaf87-34fd-412f-8ebc-f0eb37aa8292,Helium Lamp,3074,nm,absorbance,940.7910076409984
949.617,12.75941,67caaf87-34fd-412f-8ebc-f0eb37aa8292,Helium Lamp,3075,nm,absorbance,940.9627253677206
949.79,67.590344,67caaf87-34fd-412f-8ebc-f0eb37aa8292,Helium Lamp,3076,nm,absorbance,941.134443094443
949.963,1.1207119999999997,67caaf87-34fd-412f-8ebc-f0eb37aa8292,Helium Lamp,3077,nm,absorbance,941.3061608211652
950.136,15.946184,67caaf87-34fd-412f-8ebc-f0eb37aa8292,Helium Lamp,3078,nm,absorbance,941.4778785478876
950.308,40.783623,67caaf87-34fd-412f-8ebc-f0eb37aa8292,Helium Lamp,3079,nm,absorbance,941.6486036865941
950.481,1.443622,67caaf87-34fd-412f-8ebc-f0eb37aa8292,Helium Lamp,3080,nm,absorbance,941.8203214133165
950.654,5.998368000000001,67caaf87-34fd-412f-8ebc-f0eb37aa8292,Helium Lamp,3081,nm,absorbance,941.9920391400387
950.827,37.401951,67caaf87-34fd-412f-8ebc-f0eb37aa8292,Helium Lamp,3082,nm,absorbance,942.1637568667611
950.999,53.80897,67caaf87-34fd-412f-8ebc-f0eb37aa8292,Helium Lamp,3083,nm,absorbance,942.3344820054676
951.172,-14.509026999999998,67caaf87-34fd-412f-8ebc-f0eb37aa8292,Helium Lamp,3084,nm,absorbance,942.5061997321899
951.345,-12.908072,67caaf87-34fd-412f-8ebc-f0eb37aa8292,Helium Lamp,3085,nm,absorbance,942.6779174589122
951.517,-9.660917,67caaf87-34fd-412f-8ebc-f0eb37aa8292,Helium Lamp,3086,nm,absorbance,942.8486425976188
951.69,85.712324,67caaf87-34fd-412f-8ebc-f0eb37aa8292,Helium Lamp,3087,nm,absorbance,943.0203603243411
951.863,16.641621,67caaf87-34fd-412f-8ebc-f0eb37aa8292,Helium Lamp,3088,nm,absorbance,943.1920780510634
952.035,16.547161,67caaf87-34fd-412f-8ebc-f0eb37aa8292,Helium Lamp,3089,nm,absorbance,943.3628031897699
952.208,-1.1575390000000003,67caaf87-34fd-412f-8ebc-f0eb37aa8292,Helium Lamp,3090,nm,absorbance,943.5345209164922
952.381,8.896479,67caaf87-34fd-412f-8ebc-f0eb37aa8292,Helium Lamp,3091,nm,absorbance,943.7062386432145
952.553,16.485574000000003,67caaf87-34fd-412f-8ebc-f0eb37aa8292,Helium Lamp,3092,nm,absorbance,943.8769637819211
952.726,14.059058,67caaf87-34fd-412f-8ebc-f0eb37aa8292,Helium Lamp,3093,nm,absorbance,944.0486815086434
952.898,37.941467,67caaf87-34fd-412f-8ebc-f0eb37aa8292,Helium Lamp,3094,nm,absorbance,944.21940664735
953.071,-18.461626,67caaf87-34fd-412f-8ebc-f0eb37aa8292,Helium Lamp,3095,nm,absorbance,944.3911243740723
953.243,-14.001161,67caaf87-34fd-412f-8ebc-f0eb37aa8292,Helium Lamp,3096,nm,absorbance,944.5618495127788
953.416,112.85178299999998,67caaf87-34fd-412f-8ebc-f0eb37aa8292,Helium Lamp,3097,nm,absorbance,944.7335672395012
953.588,-44.96283,67caaf87-34fd-412f-8ebc-f0eb37aa8292,Helium Lamp,3098,nm,absorbance,944.9042923782076
953.761,71.088569,67caaf87-34fd-412f-8ebc-f0eb37aa8292,Helium Lamp,3099,nm,absorbance,945.07601010493
953.933,41.86697300000001,67caaf87-34fd-412f-8ebc-f0eb37aa8292,Helium Lamp,3100,nm,absorbance,945.2467352436365
954.106,6.049928,67caaf87-34fd-412f-8ebc-f0eb37aa8292,Helium Lamp,3101,nm,absorbance,945.4184529703589
954.278,-42.615913,67caaf87-34fd-412f-8ebc-f0eb37aa8292,Helium Lamp,3102,nm,absorbance,945.5891781090654
954.45,20.205183,67caaf87-34fd-412f-8ebc-f0eb37aa8292,Helium Lamp,3103,nm,absorbance,945.7599032477721
954.623,33.286134999999994,67caaf87-34fd-412f-8ebc-f0eb37aa8292,Helium Lamp,3104,nm,absorbance,945.9316209744943
954.795,18.954626,67caaf87-34fd-412f-8ebc-f0eb37aa8292,Helium Lamp,3105,nm,absorbance,946.1023461132008
954.967,22.513530999999997,67caaf87-34fd-412f-8ebc-f0eb37aa8292,Helium Lamp,3106,nm,absorbance,946.2730712519074
955.14,52.23966800000001,67caaf87-34fd-412f-8ebc-f0eb37aa8292,Helium Lamp,3107,nm,absorbance,946.4447889786297
955.312,-13.112606,67caaf87-34fd-412f-8ebc-f0eb37aa8292,Helium Lamp,3108,nm,absorbance,946.6155141173363
955.484,-23.396396,67caaf87-34fd-412f-8ebc-f0eb37aa8292,Helium Lamp,3109,nm,absorbance,946.7862392560429
955.657,53.848656000000005,67caaf87-34fd-412f-8ebc-f0eb37aa8292,Helium Lamp,3110,nm,absorbance,946.9579569827652
955.829,8.171532,67caaf87-34fd-412f-8ebc-f0eb37aa8292,Helium Lamp,3111,nm,absorbance,947.1286821214717
956.001,13.080763,67caaf87-34fd-412f-8ebc-f0eb37aa8292,Helium Lamp,3112,nm,absorbance,947.2994072601782
956.173,30.029713,67caaf87-34fd-412f-8ebc-f0eb37aa8292,Helium Lamp,3113,nm,absorbance,947.4701323988849
956.346,2.909758,67caaf87-34fd-412f-8ebc-f0eb37aa8292,Helium Lamp,3114,nm,absorbance,947.6418501256071
956.518,51.06557,67caaf87-34fd-412f-8ebc-f0eb37aa8292,Helium Lamp,3115,nm,absorbance,947.8125752643138
956.69,29.179143,67caaf87-34fd-412f-8ebc-f0eb37aa8292,Helium Lamp,3116,nm,absorbance,947.9833004030203
956.862,56.225677,67caaf87-34fd-412f-8ebc-f0eb37aa8292,Helium Lamp,3117,nm,absorbance,948.1540255417268
957.034,19.331909,67caaf87-34fd-412f-8ebc-f0eb37aa8292,Helium Lamp,3118,nm,absorbance,948.3247506804333
957.207,15.706675,67caaf87-34fd-412f-8ebc-f0eb37aa8292,Helium Lamp,3119,nm,absorbance,948.4964684071557
957.379,-10.816279000000002,67caaf87-34fd-412f-8ebc-f0eb37aa8292,Helium Lamp,3120,nm,absorbance,948.6671935458622
957.551,32.194054,67caaf87-34fd-412f-8ebc-f0eb37aa8292,Helium Lamp,3121,nm,absorbance,948.8379186845689
957.723,-32.669612,67caaf87-34fd-412f-8ebc-f0eb37aa8292,Helium Lamp,3122,nm,absorbance,949.0086438232753
957.895,65.824489,67caaf87-34fd-412f-8ebc-f0eb37aa8292,Helium Lamp,3123,nm,absorbance,949.1793689619819
958.067,19.560285,67caaf87-34fd-412f-8ebc-f0eb37aa8292,Helium Lamp,3124,nm,absorbance,949.3500941006885
958.239,52.898112000000005,67caaf87-34fd-412f-8ebc-f0eb37aa8292,Helium Lamp,3125,nm,absorbance,949.5208192393951
958.411,0.1614189999999995,67caaf87-34fd-412f-8ebc-f0eb37aa8292,Helium Lamp,3126,nm,absorbance,949.6915443781015
958.583,-27.700257,67caaf87-34fd-412f-8ebc-f0eb37aa8292,Helium Lamp,3127,nm,absorbance,949.8622695168082
958.755,-14.674752000000002,67caaf87-34fd-412f-8ebc-f0eb37aa8292,Helium Lamp,3128,nm,absorbance,950.0329946555147
958.927,36.924858,67caaf87-34fd-412f-8ebc-f0eb37aa8292,Helium Lamp,3129,nm,absorbance,950.2037197942213
959.099,-23.241964000000003,67caaf87-34fd-412f-8ebc-f0eb37aa8292,Helium Lamp,3130,nm,absorbance,950.3744449329279
959.271,-17.28369,67caaf87-34fd-412f-8ebc-f0eb37aa8292,Helium Lamp,3131,nm,absorbance,950.5451700716344
959.443,55.176769,67caaf87-34fd-412f-8ebc-f0eb37aa8292,Helium Lamp,3132,nm,absorbance,950.7158952103409
959.615,17.486562,67caaf87-34fd-412f-8ebc-f0eb37aa8292,Helium Lamp,3133,nm,absorbance,950.8866203490476
959.787,-38.450669,67caaf87-34fd-412f-8ebc-f0eb37aa8292,Helium Lamp,3134,nm,absorbance,951.0573454877541
959.959,58.597599,67caaf87-34fd-412f-8ebc-f0eb37aa8292,Helium Lamp,3135,nm,absorbance,951.2280706264606
960.13,57.585481,67caaf87-34fd-412f-8ebc-f0eb37aa8292,Helium Lamp,3136,nm,absorbance,951.3978031771516
960.302,52.462936,67caaf87-34fd-412f-8ebc-f0eb37aa8292,Helium Lamp,3137,nm,absorbance,951.5685283158581
960.474,49.62086599999999,67caaf87-34fd-412f-8ebc-f0eb37aa8292,Helium Lamp,3138,nm,absorbance,951.7392534545647
960.646,41.045907,67caaf87-34fd-412f-8ebc-f0eb37aa8292,Helium Lamp,3139,nm,absorbance,951.9099785932711
960.818,24.439508,67caaf87-34fd-412f-8ebc-f0eb37aa8292,Helium Lamp,3140,nm,absorbance,952.0807037319778
960.99,25.938148,67caaf87-34fd-412f-8ebc-f0eb37aa8292,Helium Lamp,3141,nm,absorbance,952.2514288706843
961.161,59.11389599999999,67caaf87-34fd-412f-8ebc-f0eb37aa8292,Helium Lamp,3142,nm,absorbance,952.4211614213751
961.333,-12.604005,67caaf87-34fd-412f-8ebc-f0eb37aa8292,Helium Lamp,3143,nm,absorbance,952.5918865600817
961.505,-18.447178,67caaf87-34fd-412f-8ebc-f0eb37aa8292,Helium Lamp,3144,nm,absorbance,952.7626116987883
961.677,-37.63543599999999,67caaf87-34fd-412f-8ebc-f0eb37aa8292,Helium Lamp,3145,nm,absorbance,952.9333368374948
961.848,14.283758,67caaf87-34fd-412f-8ebc-f0eb37aa8292,Helium Lamp,3146,nm,absorbance,953.1030693881856
962.02,53.88741999999999,67caaf87-34fd-412f-8ebc-f0eb37aa8292,Helium Lamp,3147,nm,absorbance,953.2737945268922
962.192,64.686445,67caaf87-34fd-412f-8ebc-f0eb37aa8292,Helium Lamp,3148,nm,absorbance,953.4445196655988
962.363,26.282852,67caaf87-34fd-412f-8ebc-f0eb37aa8292,Helium Lamp,3149,nm,absorbance,953.6142522162896
962.535,-28.078768,67caaf87-34fd-412f-8ebc-f0eb37aa8292,Helium Lamp,3150,nm,absorbance,953.7849773549962
962.707,51.244062,67caaf87-34fd-412f-8ebc-f0eb37aa8292,Helium Lamp,3151,nm,absorbance,953.9557024937027
962.878,84.72550000000001,67caaf87-34fd-412f-8ebc-f0eb37aa8292,Helium Lamp,3152,nm,absorbance,954.1254350443936
963.05,1.5605000000000004,67caaf87-34fd-412f-8ebc-f0eb37aa8292,Helium Lamp,3153,nm,absorbance,954.2961601831001
963.221,49.02147299999999,67caaf87-34fd-412f-8ebc-f0eb37aa8292,Helium Lamp,3154,nm,absorbance,954.465892733791
963.393,-7.277901999999999,67caaf87-34fd-412f-8ebc-f0eb37aa8292,Helium Lamp,3155,nm,absorbance,954.6366178724976
963.564,-5.126113999999999,67caaf87-34fd-412f-8ebc-f0eb37aa8292,Helium Lamp,3156,nm,absorbance,954.8063504231883
963.736,-0.4929019999999999,67caaf87-34fd-412f-8ebc-f0eb37aa8292,Helium Lamp,3157,nm,absorbance,954.9770755618949
963.907,42.915706,67caaf87-34fd-412f-8ebc-f0eb37aa8292,Helium Lamp,3158,nm,absorbance,955.1468081125857
964.079,-6.417253,67caaf87-34fd-412f-8ebc-f0eb37aa8292,Helium Lamp,3159,nm,absorbance,955.3175332512923
964.25,26.37726,67caaf87-34fd-412f-8ebc-f0eb37aa8292,Helium Lamp,3160,nm,absorbance,955.4872658019831
964.422,-45.69656500000001,67caaf87-34fd-412f-8ebc-f0eb37aa8292,Helium Lamp,3161,nm,absorbance,955.6579909406897
964.593,43.224183,67caaf87-34fd-412f-8ebc-f0eb37aa8292,Helium Lamp,3162,nm,absorbance,955.8277234913805
964.765,7.134554,67caaf87-34fd-412f-8ebc-f0eb37aa8292,Helium Lamp,3163,nm,absorbance,955.9984486300871
964.936,-38.364706,67caaf87-34fd-412f-8ebc-f0eb37aa8292,Helium Lamp,3164,nm,absorbance,956.168181180778
965.108,5.403385,67caaf87-34fd-412f-8ebc-f0eb37aa8292,Helium Lamp,3165,nm,absorbance,956.3389063194844
965.279,18.314492000000005,67caaf87-34fd-412f-8ebc-f0eb37aa8292,Helium Lamp,3166,nm,absorbance,956.5086388701753
965.45,32.668617999999995,67caaf87-34fd-412f-8ebc-f0eb37aa8292,Helium Lamp,3167,nm,absorbance,956.6783714208661
965.622,49.476647,67caaf87-34fd-412f-8ebc-f0eb37aa8292,Helium Lamp,3168,nm,absorbance,956.8490965595727
965.793,39.182221000000006,67caaf87-34fd-412f-8ebc-f0eb37aa8292,Helium Lamp,3169,nm,absorbance,957.0188291102635
965.964,31.917869000000003,67caaf87-34fd-412f-8ebc-f0eb37aa8292,Helium Lamp,3170,nm,absorbance,957.1885616609544
966.136,26.999657000000003,67caaf87-34fd-412f-8ebc-f0eb37aa8292,Helium Lamp,3171,nm,absorbance,957.3592867996609
966.307,86.61894399999998,67caaf87-34fd-412f-8ebc-f0eb37aa8292,Helium Lamp,3172,nm,absorbance,957.5290193503517
966.478,-18.594557,67caaf87-34fd-412f-8ebc-f0eb37aa8292,Helium Lamp,3173,nm,absorbance,957.6987519010426
966.65,77.13871,67caaf87-34fd-412f-8ebc-f0eb37aa8292,Helium Lamp,3174,nm,absorbance,957.8694770397491
966.821,6.3626130000000005,67caaf87-34fd-412f-8ebc-f0eb37aa8292,Helium Lamp,3175,nm,absorbance,958.03920959044
966.992,4.679351,67caaf87-34fd-412f-8ebc-f0eb37aa8292,Helium Lamp,3176,nm,absorbance,958.2089421411307
967.163,-0.7371230000000001,67caaf87-34fd-412f-8ebc-f0eb37aa8292,Helium Lamp,3177,nm,absorbance,958.3786746918216
967.334,58.73046999999999,67caaf87-34fd-412f-8ebc-f0eb37aa8292,Helium Lamp,3178,nm,absorbance,958.5484072425124
967.506,81.08892000000002,67caaf87-34fd-412f-8ebc-f0eb37aa8292,Helium Lamp,3179,nm,absorbance,958.719132381219
967.677,5.256802,67caaf87-34fd-412f-8ebc-f0eb37aa8292,Helium Lamp,3180,nm,absorbance,958.8888649319099
967.848,-17.90956,67caaf87-34fd-412f-8ebc-f0eb37aa8292,Helium Lamp,3181,nm,absorbance,959.0585974826006
968.019,47.212209,67caaf87-34fd-412f-8ebc-f0eb37aa8292,Helium Lamp,3182,nm,absorbance,959.2283300332915
968.19,46.41440100000001,67caaf87-34fd-412f-8ebc-f0eb37aa8292,Helium Lamp,3183,nm,absorbance,959.3980625839823
968.361,49.641958,67caaf87-34fd-412f-8ebc-f0eb37aa8292,Helium Lamp,3184,nm,absorbance,959.5677951346731
968.532,-0.5906009999999998,67caaf87-34fd-412f-8ebc-f0eb37aa8292,Helium Lamp,3185,nm,absorbance,959.7375276853641
968.703,6.997680000000001,67caaf87-34fd-412f-8ebc-f0eb37aa8292,Helium Lamp,3186,nm,absorbance,959.9072602360548
968.874,-16.866642,67caaf87-34fd-412f-8ebc-f0eb37aa8292,Helium Lamp,3187,nm,absorbance,960.0769927867457
969.045,2.332951,67caaf87-34fd-412f-8ebc-f0eb37aa8292,Helium Lamp,3188,nm,absorbance,960.2467253374364
969.216,22.252114,67caaf87-34fd-412f-8ebc-f0eb37aa8292,Helium Lamp,3189,nm,absorbance,960.4164578881273
969.387,46.751662,67caaf87-34fd-412f-8ebc-f0eb37aa8292,Helium Lamp,3190,nm,absorbance,960.5861904388181
969.558,-38.781744,67caaf87-34fd-412f-8ebc-f0eb37aa8292,Helium Lamp,3191,nm,absorbance,960.7559229895089
969.729,40.416623,67caaf87-34fd-412f-8ebc-f0eb37aa8292,Helium Lamp,3192,nm,absorbance,960.9256555401998
969.9,36.39387,67caaf87-34fd-412f-8ebc-f0eb37aa8292,Helium Lamp,3193,nm,absorbance,961.0953880908905
970.071,15.450329,67caaf87-34fd-412f-8ebc-f0eb37aa8292,Helium Lamp,3194,nm,absorbance,961.2651206415815
970.242,12.927799000000002,67caaf87-34fd-412f-8ebc-f0eb37aa8292,Helium Lamp,3195,nm,absorbance,961.4348531922723
970.413,-36.390796,67caaf87-34fd-412f-8ebc-f0eb37aa8292,Helium Lamp,3196,nm,absorbance,961.6045857429631
970.584,-7.609251,67caaf87-34fd-412f-8ebc-f0eb37aa8292,Helium Lamp,3197,nm,absorbance,961.7743182936539
970.755,3.124274,67caaf87-34fd-412f-8ebc-f0eb37aa8292,Helium Lamp,3198,nm,absorbance,961.9440508443447
970.926,17.347974,67caaf87-34fd-412f-8ebc-f0eb37aa8292,Helium Lamp,3199,nm,absorbance,962.1137833950356
971.097,-20.694253,67caaf87-34fd-412f-8ebc-f0eb37aa8292,Helium Lamp,3200,nm,absorbance,962.2835159457263
971.267,10.373622,67caaf87-34fd-412f-8ebc-f0eb37aa8292,Helium Lamp,3201,nm,absorbance,962.4522559084015
971.438,61.852302,67caaf87-34fd-412f-8ebc-f0eb37aa8292,Helium Lamp,3202,nm,absorbance,962.6219884590923
971.609,27.149191,67caaf87-34fd-412f-8ebc-f0eb37aa8292,Helium Lamp,3203,nm,absorbance,962.7917210097831
971.78,-1.070098,67caaf87-34fd-412f-8ebc-f0eb37aa8292,Helium Lamp,3204,nm,absorbance,962.961453560474
971.951,46.96448300000001,67caaf87-34fd-412f-8ebc-f0eb37aa8292,Helium Lamp,3205,nm,absorbance,963.1311861111648
972.121,26.341608,67caaf87-34fd-412f-8ebc-f0eb37aa8292,Helium Lamp,3206,nm,absorbance,963.2999260738399
972.292,9.433676000000002,67caaf87-34fd-412f-8ebc-f0eb37aa8292,Helium Lamp,3207,nm,absorbance,963.4696586245308
972.463,5.872206,67caaf87-34fd-412f-8ebc-f0eb37aa8292,Helium Lamp,3208,nm,absorbance,963.6393911752215
972.633,41.082077000000005,67caaf87-34fd-412f-8ebc-f0eb37aa8292,Helium Lamp,3209,nm,absorbance,963.8081311378967
972.804,16.965705999999997,67caaf87-34fd-412f-8ebc-f0eb37aa8292,Helium Lamp,3210,nm,absorbance,963.9778636885874
972.975,7.331275,67caaf87-34fd-412f-8ebc-f0eb37aa8292,Helium Lamp,3211,nm,absorbance,964.1475962392783
973.145,58.945862,67caaf87-34fd-412f-8ebc-f0eb37aa8292,Helium Lamp,3212,nm,absorbance,964.3163362019534
973.316,19.394683,67caaf87-34fd-412f-8ebc-f0eb37aa8292,Helium Lamp,3213,nm,absorbance,964.4860687526442
973.487,11.87835,67caaf87-34fd-412f-8ebc-f0eb37aa8292,Helium Lamp,3214,nm,absorbance,964.655801303335
973.657,43.00394,67caaf87-34fd-412f-8ebc-f0eb37aa8292,Helium Lamp,3215,nm,absorbance,964.8245412660102
973.828,18.500716,67caaf87-34fd-412f-8ebc-f0eb37aa8292,Helium Lamp,3216,nm,absorbance,964.9942738167009
973.998,31.790593,67caaf87-34fd-412f-8ebc-f0eb37aa8292,Helium Lamp,3217,nm,absorbance,965.1630137793761
974.169,20.223529,67caaf87-34fd-412f-8ebc-f0eb37aa8292,Helium Lamp,3218,nm,absorbance,965.3327463300668
974.339,37.109277000000006,67caaf87-34fd-412f-8ebc-f0eb37aa8292,Helium Lamp,3219,nm,absorbance,965.501486292742
974.51,0.9830339999999996,67caaf87-34fd-412f-8ebc-f0eb37aa8292,Helium Lamp,3220,nm,absorbance,965.6712188434328
974.68,-9.359709999999998,67caaf87-34fd-412f-8ebc-f0eb37aa8292,Helium Lamp,3221,nm,absorbance,965.8399588061078
974.851,82.71132499999999,67caaf87-34fd-412f-8ebc-f0eb37aa8292,Helium Lamp,3222,nm,absorbance,966.0096913567987
975.021,-9.644700000000002,67caaf87-34fd-412f-8ebc-f0eb37aa8292,Helium Lamp,3223,nm,absorbance,966.1784313194737
975.192,8.064062,67caaf87-34fd-412f-8ebc-f0eb37aa8292,Helium Lamp,3224,nm,absorbance,966.3481638701646
975.362,-33.011992,67caaf87-34fd-412f-8ebc-f0eb37aa8292,Helium Lamp,3225,nm,absorbance,966.5169038328397
975.533,66.06545600000001,67caaf87-34fd-412f-8ebc-f0eb37aa8292,Helium Lamp,3226,nm,absorbance,966.6866363835305
975.703,32.183203,67caaf87-34fd-412f-8ebc-f0eb37aa8292,Helium Lamp,3227,nm,absorbance,966.8553763462056
975.874,-12.008748,67caaf87-34fd-412f-8ebc-f0eb37aa8292,Helium Lamp,3228,nm,absorbance,967.0251088968965
976.044,58.956183,67caaf87-34fd-412f-8ebc-f0eb37aa8292,Helium Lamp,3229,nm,absorbance,967.1938488595715
976.214,23.630644,67caaf87-34fd-412f-8ebc-f0eb37aa8292,Helium Lamp,3230,nm,absorbance,967.3625888222467
976.385,-7.111244999999999,67caaf87-34fd-412f-8ebc-f0eb37aa8292,Helium Lamp,3231,nm,absorbance,967.5323213729374
976.555,6.270803000000001,67caaf87-34fd-412f-8ebc-f0eb37aa8292,Helium Lamp,3232,nm,absorbance,967.7010613356125
976.725,44.739484,67caaf87-34fd-412f-8ebc-f0eb37aa8292,Helium Lamp,3233,nm,absorbance,967.8698012982877
976.896,-12.360011,67caaf87-34fd-412f-8ebc-f0eb37aa8292,Helium Lamp,3234,nm,absorbance,968.0395338489784
977.066,42.449488,67caaf87-34fd-412f-8ebc-f0eb37aa8292,Helium Lamp,3235,nm,absorbance,968.2082738116536
977.236,69.903169,67caaf87-34fd-412f-8ebc-f0eb37aa8292,Helium Lamp,3236,nm,absorbance,968.3770137743287
977.406,-13.171334000000002,67caaf87-34fd-412f-8ebc-f0eb37aa8292,Helium Lamp,3237,nm,absorbance,968.5457537370037
977.577,17.534510000000004,67caaf87-34fd-412f-8ebc-f0eb37aa8292,Helium Lamp,3238,nm,absorbance,968.7154862876946
977.747,-25.680337,67caaf87-34fd-412f-8ebc-f0eb37aa8292,Helium Lamp,3239,nm,absorbance,968.8842262503697
977.917,10.792482,67caaf87-34fd-412f-8ebc-f0eb37aa8292,Helium Lamp,3240,nm,absorbance,969.0529662130448
978.087,-7.327635000000001,67caaf87-34fd-412f-8ebc-f0eb37aa8292,Helium Lamp,3241,nm,absorbance,969.2217061757199
978.257,52.892662,67caaf87-34fd-412f-8ebc-f0eb37aa8292,Helium Lamp,3242,nm,absorbance,969.3904461383949
978.427,15.808657,67caaf87-34fd-412f-8ebc-f0eb37aa8292,Helium Lamp,3243,nm,absorbance,969.55918610107
978.598,-13.279935999999998,67caaf87-34fd-412f-8ebc-f0eb37aa8292,Helium Lamp,3244,nm,absorbance,969.7289186517609
978.768,11.049289,67caaf87-34fd-412f-8ebc-f0eb37aa8292,Helium Lamp,3245,nm,absorbance,969.897658614436
978.938,40.41825000000001,67caaf87-34fd-412f-8ebc-f0eb37aa8292,Helium Lamp,3246,nm,absorbance,970.066398577111
979.108,11.147773,67caaf87-34fd-412f-8ebc-f0eb37aa8292,Helium Lamp,3247,nm,absorbance,970.2351385397861
979.278,-58.747034000000006,67caaf87-34fd-412f-8ebc-f0eb37aa8292,Helium Lamp,3248,nm,absorbance,970.4038785024612
979.448,-8.099177000000001,67caaf87-34fd-412f-8ebc-f0eb37aa8292,Helium Lamp,3249,nm,absorbance,970.5726184651363
979.618,36.31587499999999,67caaf87-34fd-412f-8ebc-f0eb37aa8292,Helium Lamp,3250,nm,absorbance,970.7413584278115
979.788,-16.048583,67caaf87-34fd-412f-8ebc-f0eb37aa8292,Helium Lamp,3251,nm,absorbance,970.9100983904865
979.958,2.9977720000000003,67caaf87-34fd-412f-8ebc-f0eb37aa8292,Helium Lamp,3252,nm,absorbance,971.0788383531616
980.128,2.460808,67caaf87-34fd-412f-8ebc-f0eb37aa8292,Helium Lamp,3253,nm,absorbance,971.2475783158368
980.298,65.07178,67caaf87-34fd-412f-8ebc-f0eb37aa8292,Helium Lamp,3254,nm,absorbance,971.4163182785118
980.468,63.053907,67caaf87-34fd-412f-8ebc-f0eb37aa8292,Helium Lamp,3255,nm,absorbance,971.5850582411869
980.638,-41.632991,67caaf87-34fd-412f-8ebc-f0eb37aa8292,Helium Lamp,3256,nm,absorbance,971.7537982038621
980.808,61.16116100000001,67caaf87-34fd-412f-8ebc-f0eb37aa8292,Helium Lamp,3257,nm,absorbance,971.922538166537
980.978,-23.383542,67caaf87-34fd-412f-8ebc-f0eb37aa8292,Helium Lamp,3258,nm,absorbance,972.0912781292121
981.148,13.133391,67caaf87-34fd-412f-8ebc-f0eb37aa8292,Helium Lamp,3259,nm,absorbance,972.2600180918872
981.317,15.623900999999998,67caaf87-34fd-412f-8ebc-f0eb37aa8292,Helium Lamp,3260,nm,absorbance,972.4277654665466
981.487,39.954994,67caaf87-34fd-412f-8ebc-f0eb37aa8292,Helium Lamp,3261,nm,absorbance,972.5965054292217
981.657,52.895022,67caaf87-34fd-412f-8ebc-f0eb37aa8292,Helium Lamp,3262,nm,absorbance,972.7652453918969
981.827,17.319555,67caaf87-34fd-412f-8ebc-f0eb37aa8292,Helium Lamp,3263,nm,absorbance,972.9339853545719
981.997,61.87557399999999,67caaf87-34fd-412f-8ebc-f0eb37aa8292,Helium Lamp,3264,nm,absorbance,973.102725317247
982.167,49.597806,67caaf87-34fd-412f-8ebc-f0eb37aa8292,Helium Lamp,3265,nm,absorbance,973.271465279922
982.336,27.553987,67caaf87-34fd-412f-8ebc-f0eb37aa8292,Helium Lamp,3266,nm,absorbance,973.4392126545814
982.506,49.604151,67caaf87-34fd-412f-8ebc-f0eb37aa8292,Helium Lamp,3267,nm,absorbance,973.6079526172565
982.676,-9.751737,67caaf87-34fd-412f-8ebc-f0eb37aa8292,Helium Lamp,3268,nm,absorbance,973.7766925799316
982.846,-65.95289199999999,67caaf87-34fd-412f-8ebc-f0eb37aa8292,Helium Lamp,3269,nm,absorbance,973.9454325426067
983.015,-10.403964,67caaf87-34fd-412f-8ebc-f0eb37aa8292,Helium Lamp,3270,nm,absorbance,974.113179917266
983.185,48.289602,67caaf87-34fd-412f-8ebc-f0eb37aa8292,Helium Lamp,3271,nm,absorbance,974.2819198799411
983.355,-21.504494,67caaf87-34fd-412f-8ebc-f0eb37aa8292,Helium Lamp,3272,nm,absorbance,974.4506598426162
983.524,-33.678372,67caaf87-34fd-412f-8ebc-f0eb37aa8292,Helium Lamp,3273,nm,absorbance,974.6184072172756
983.694,67.22196199999999,67caaf87-34fd-412f-8ebc-f0eb37aa8292,Helium Lamp,3274,nm,absorbance,974.7871471799507
983.864,22.877064,67caaf87-34fd-412f-8ebc-f0eb37aa8292,Helium Lamp,3275,nm,absorbance,974.9558871426258
984.033,56.51245,67caaf87-34fd-412f-8ebc-f0eb37aa8292,Helium Lamp,3276,nm,absorbance,975.1236345172852
984.203,45.715601,67caaf87-34fd-412f-8ebc-f0eb37aa8292,Helium Lamp,3277,nm,absorbance,975.2923744799602
984.372,16.428164000000002,67caaf87-34fd-412f-8ebc-f0eb37aa8292,Helium Lamp,3278,nm,absorbance,975.4601218546195
984.542,5.873537000000001,67caaf87-34fd-412f-8ebc-f0eb37aa8292,Helium Lamp,3279,nm,absorbance,975.6288618172947
984.712,39.583681,67caaf87-34fd-412f-8ebc-f0eb37aa8292,Helium Lamp,3280,nm,absorbance,975.7976017799698
984.881,20.843195,67caaf87-34fd-412f-8ebc-f0eb37aa8292,Helium Lamp,3281,nm,absorbance,975.965349154629
985.051,7.300671999999999,67caaf87-34fd-412f-8ebc-f0eb37aa8292,Helium Lamp,3282,nm,absorbance,976.1340891173043
985.22,37.862144,67caaf87-34fd-412f-8ebc-f0eb37aa8292,Helium Lamp,3283,nm,absorbance,976.3018364919636
985.39,19.354279,67caaf87-34fd-412f-8ebc-f0eb37aa8292,Helium Lamp,3284,nm,absorbance,976.4705764546386
985.559,-9.046764,67caaf87-34fd-412f-8ebc-f0eb37aa8292,Helium Lamp,3285,nm,absorbance,976.638323829298
985.728,-28.414134,67caaf87-34fd-412f-8ebc-f0eb37aa8292,Helium Lamp,3286,nm,absorbance,976.8060712039573
985.898,-8.489749999999999,67caaf87-34fd-412f-8ebc-f0eb37aa8292,Helium Lamp,3287,nm,absorbance,976.9748111666324
986.067,41.333859,67caaf87-34fd-412f-8ebc-f0eb37aa8292,Helium Lamp,3288,nm,absorbance,977.1425585412918
986.237,-2.292431,67caaf87-34fd-412f-8ebc-f0eb37aa8292,Helium Lamp,3289,nm,absorbance,977.3112985039669
986.406,-17.149776,67caaf87-34fd-412f-8ebc-f0eb37aa8292,Helium Lamp,3290,nm,absorbance,977.4790458786263
986.576,41.839807,67caaf87-34fd-412f-8ebc-f0eb37aa8292,Helium Lamp,3291,nm,absorbance,977.6477858413014
986.745,10.059537,67caaf87-34fd-412f-8ebc-f0eb37aa8292,Helium Lamp,3292,nm,absorbance,977.8155332159607
986.914,37.344184,67caaf87-34fd-412f-8ebc-f0eb37aa8292,Helium Lamp,3293,nm,absorbance,977.9832805906201
987.084,26.200507,67caaf87-34fd-412f-8ebc-f0eb37aa8292,Helium Lamp,3294,nm,absorbance,978.1520205532951
987.253,51.458059000000006,67caaf87-34fd-412f-8ebc-f0eb37aa8292,Helium Lamp,3295,nm,absorbance,978.3197679279546
987.422,29.704327,67caaf87-34fd-412f-8ebc-f0eb37aa8292,Helium Lamp,3296,nm,absorbance,978.4875153026139
987.591,9.766456,67caaf87-34fd-412f-8ebc-f0eb37aa8292,Helium Lamp,3297,nm,absorbance,978.6552626772732
987.761,28.620977000000003,67caaf87-34fd-412f-8ebc-f0eb37aa8292,Helium Lamp,3298,nm,absorbance,978.8240026399483
987.93,12.907023,67caaf87-34fd-412f-8ebc-f0eb37aa8292,Helium Lamp,3299,nm,absorbance,978.9917500146076
988.099,-32.824307000000005,67caaf87-34fd-412f-8ebc-f0eb37aa8292,Helium Lamp,3300,nm,absorbance,979.159497389267
988.268,-10.024932,67caaf87-34fd-412f-8ebc-f0eb37aa8292,Helium Lamp,3301,nm,absorbance,979.3272447639264
988.438,-38.09707100000001,67caaf87-34fd-412f-8ebc-f0eb37aa8292,Helium Lamp,3302,nm,absorbance,979.4959847266015
988.607,61.00395,67caaf87-34fd-412f-8ebc-f0eb37aa8292,Helium Lamp,3303,nm,absorbance,979.6637321012608
988.776,-20.011363,67caaf87-34fd-412f-8ebc-f0eb37aa8292,Helium Lamp,3304,nm,absorbance,979.8314794759201
988.945,22.914054,67caaf87-34fd-412f-8ebc-f0eb37aa8292,Helium Lamp,3305,nm,absorbance,979.9992268505796
989.114,14.900313,67caaf87-34fd-412f-8ebc-f0eb37aa8292,Helium Lamp,3306,nm,absorbance,980.166974225239
989.283,46.576399,67caaf87-34fd-412f-8ebc-f0eb37aa8292,Helium Lamp,3307,nm,absorbance,980.3347215998982
989.452,35.871129,67caaf87-34fd-412f-8ebc-f0eb37aa8292,Helium Lamp,3308,nm,absorbance,980.5024689745576
989.621,-28.278954,67caaf87-34fd-412f-8ebc-f0eb37aa8292,Helium Lamp,3309,nm,absorbance,980.670216349217
989.791,-4.764265,67caaf87-34fd-412f-8ebc-f0eb37aa8292,Helium Lamp,3310,nm,absorbance,980.8389563118922
989.96,42.863937,67caaf87-34fd-412f-8ebc-f0eb37aa8292,Helium Lamp,3311,nm,absorbance,981.0067036865514
990.129,-4.979517,67caaf87-34fd-412f-8ebc-f0eb37aa8292,Helium Lamp,3312,nm,absorbance,981.1744510612108
990.298,-0.971777,67caaf87-34fd-412f-8ebc-f0eb37aa8292,Helium Lamp,3313,nm,absorbance,981.3421984358702
990.467,14.293465,67caaf87-34fd-412f-8ebc-f0eb37aa8292,Helium Lamp,3314,nm,absorbance,981.5099458105294
990.636,49.757649,67caaf87-34fd-412f-8ebc-f0eb37aa8292,Helium Lamp,3315,nm,absorbance,981.6776931851888
990.805,45.935395,67caaf87-34fd-412f-8ebc-f0eb37aa8292,Helium Lamp,3316,nm,absorbance,981.8454405598482
990.974,41.690858000000006,67caaf87-34fd-412f-8ebc-f0eb37aa8292,Helium Lamp,3317,nm,absorbance,982.0131879345076
991.142,55.64449800000001,67caaf87-34fd-412f-8ebc-f0eb37aa8292,Helium Lamp,3318,nm,absorbance,982.1799427211512
991.311,-20.382279,67caaf87-34fd-412f-8ebc-f0eb37aa8292,Helium Lamp,3319,nm,absorbance,982.3476900958105
991.48,-71.92477099999999,67caaf87-34fd-412f-8ebc-f0eb37aa8292,Helium Lamp,3320,nm,absorbance,982.5154374704699
991.649,-18.381569,67caaf87-34fd-412f-8ebc-f0eb37aa8292,Helium Lamp,3321,nm,absorbance,982.6831848451293
991.818,5.109846,67caaf87-34fd-412f-8ebc-f0eb37aa8292,Helium Lamp,3322,nm,absorbance,982.8509322197885
991.987,43.699642,67caaf87-34fd-412f-8ebc-f0eb37aa8292,Helium Lamp,3323,nm,absorbance,983.0186795944479
992.156,39.637384,67caaf87-34fd-412f-8ebc-f0eb37aa8292,Helium Lamp,3324,nm,absorbance,983.1864269691073
992.325,-15.175894,67caaf87-34fd-412f-8ebc-f0eb37aa8292,Helium Lamp,3325,nm,absorbance,983.3541743437667
992.493,55.725335,67caaf87-34fd-412f-8ebc-f0eb37aa8292,Helium Lamp,3326,nm,absorbance,983.5209291304103
992.662,-529.673916,67caaf87-34fd-412f-8ebc-f0eb37aa8292,Helium Lamp,3327,nm,absorbance,983.6886765050697
992.831,13.090488000000002,67caaf87-34fd-412f-8ebc-f0eb37aa8292,Helium Lamp,3328,nm,absorbance,983.856423879729
993.0,20.66288,67caaf87-34fd-412f-8ebc-f0eb37aa8292,Helium Lamp,3329,nm,absorbance,984.0241712543883
993.168,10.64681,67caaf87-34fd-412f-8ebc-f0eb37aa8292,Helium Lamp,3330,nm,absorbance,984.190926041032
993.337,34.802469,67caaf87-34fd-412f-8ebc-f0eb37aa8292,Helium Lamp,3331,nm,absorbance,984.3586734156913
993.506,31.113278999999995,67caaf87-34fd-412f-8ebc-f0eb37aa8292,Helium Lamp,3332,nm,absorbance,984.5264207903507
993.675,43.927421,67caaf87-34fd-412f-8ebc-f0eb37aa8292,Helium Lamp,3333,nm,absorbance,984.69416816501
993.843,12.044578,67caaf87-34fd-412f-8ebc-f0eb37aa8292,Helium Lamp,3334,nm,absorbance,984.8609229516536
994.012,45.237861,67caaf87-34fd-412f-8ebc-f0eb37aa8292,Helium Lamp,3335,nm,absorbance,985.028670326313
994.181,-34.63943,67caaf87-34fd-412f-8ebc-f0eb37aa8292,Helium Lamp,3336,nm,absorbance,985.1964177009725
994.349,17.279786,67caaf87-34fd-412f-8ebc-f0eb37aa8292,Helium Lamp,3337,nm,absorbance,985.363172487616
994.518,36.627683000000005,67caaf87-34fd-412f-8ebc-f0eb37aa8292,Helium Lamp,3338,nm,absorbance,985.5309198622754
994.686,39.943646,67caaf87-34fd-412f-8ebc-f0eb37aa8292,Helium Lamp,3339,nm,absorbance,985.697674648919
994.855,-79.346612,67caaf87-34fd-412f-8ebc-f0eb37aa8292,Helium Lamp,3340,nm,absorbance,985.8654220235784
995.024,-3.065017000000001,67caaf87-34fd-412f-8ebc-f0eb37aa8292,Helium Lamp,3341,nm,absorbance,986.0331693982376
995.192,14.834116999999996,67caaf87-34fd-412f-8ebc-f0eb37aa8292,Helium Lamp,3342,nm,absorbance,986.1999241848813
995.361,18.865730000000003,67caaf87-34fd-412f-8ebc-f0eb37aa8292,Helium Lamp,3343,nm,absorbance,986.3676715595407
995.529,33.790063,67caaf87-34fd-412f-8ebc-f0eb37aa8292,Helium Lamp,3344,nm,absorbance,986.5344263461843
995.698,29.130242,67caaf87-34fd-412f-8ebc-f0eb37aa8292,Helium Lamp,3345,nm,absorbance,986.7021737208436
995.866,30.411856,67caaf87-34fd-412f-8ebc-f0eb37aa8292,Helium Lamp,3346,nm,absorbance,986.8689285074872
996.035,35.273586,67caaf87-34fd-412f-8ebc-f0eb37aa8292,Helium Lamp,3347,nm,absorbance,987.0366758821466
996.203,-0.375624,67caaf87-34fd-412f-8ebc-f0eb37aa8292,Helium Lamp,3348,nm,absorbance,987.2034306687902
996.371,-10.778522,67caaf87-34fd-412f-8ebc-f0eb37aa8292,Helium Lamp,3349,nm,absorbance,987.3701854554338
996.54,-14.402933,67caaf87-34fd-412f-8ebc-f0eb37aa8292,Helium Lamp,3350,nm,absorbance,987.5379328300932
996.708,-27.126426,67caaf87-34fd-412f-8ebc-f0eb37aa8292,Helium Lamp,3351,nm,absorbance,987.7046876167368
996.877,44.409773,67caaf87-34fd-412f-8ebc-f0eb37aa8292,Helium Lamp,3352,nm,absorbance,987.8724349913962
997.045,76.92493199999998,67caaf87-34fd-412f-8ebc-f0eb37aa8292,Helium Lamp,3353,nm,absorbance,988.0391897780397
997.213,39.143153000000005,67caaf87-34fd-412f-8ebc-f0eb37aa8292,Helium Lamp,3354,nm,absorbance,988.2059445646834
997.382,-18.197456,67caaf87-34fd-412f-8ebc-f0eb37aa8292,Helium Lamp,3355,nm,absorbance,988.3736919393427
997.55,-24.299446000000003,67caaf87-34fd-412f-8ebc-f0eb37aa8292,Helium Lamp,3356,nm,absorbance,988.5404467259864
997.718,-71.222504,67caaf87-34fd-412f-8ebc-f0eb37aa8292,Helium Lamp,3357,nm,absorbance,988.7072015126299
997.887,33.365118,67caaf87-34fd-412f-8ebc-f0eb37aa8292,Helium Lamp,3358,nm,absorbance,988.8749488872893
998.055,-20.822813,67caaf87-34fd-412f-8ebc-f0eb37aa8292,Helium Lamp,3359,nm,absorbance,989.041703673933
998.223,32.736667,67caaf87-34fd-412f-8ebc-f0eb37aa8292,Helium Lamp,3360,nm,absorbance,989.2084584605766
998.391,-53.994206,67caaf87-34fd-412f-8ebc-f0eb37aa8292,Helium Lamp,3361,nm,absorbance,989.3752132472201
998.56,32.280024,67caaf87-34fd-412f-8ebc-f0eb37aa8292,Helium Lamp,3362,nm,absorbance,989.5429606218795
998.728,-41.80566900000001,67caaf87-34fd-412f-8ebc-f0eb37aa8292,Helium Lamp,3363,nm,absorbance,989.7097154085232
998.896,41.13448,67caaf87-34fd-412f-8ebc-f0eb37aa8292,Helium Lamp,3364,nm,absorbance,989.8764701951668
999.064,65.65043,67caaf87-34fd-412f-8ebc-f0eb37aa8292,Helium Lamp,3365,nm,absorbance,990.0432249818105
999.232,-34.185236,67caaf87-34fd-412f-8ebc-f0eb37aa8292,Helium Lamp,3366,nm,absorbance,990.209979768454
999.401,-46.24107,67caaf87-34fd-412f-8ebc-f0eb37aa8292,Helium Lamp,3367,nm,absorbance,990.3777271431134
999.569,19.675381,67caaf87-34fd-412f-8ebc-f0eb37aa8292,Helium Lamp,3368,nm,absorbance,990.544481929757
999.737,71.360574,67caaf87-34fd-412f-8ebc-f0eb37aa8292,Helium Lamp,3369,nm,absorbance,990.7112367164007
999.905,29.13931,67caaf87-34fd-412f-8ebc-f0eb37aa8292,Helium Lamp,3370,nm,absorbance,990.8779915030442
1000.073,25.843118000000004,67caaf87-34fd-412f-8ebc-f0eb37aa8292,Helium Lamp,3371,nm,absorbance,991.0447462896879
1000.241,15.92771,67caaf87-34fd-412f-8ebc-f0eb37aa8292,Helium Lamp,3372,nm,absorbance,991.2115010763315
1000.409,22.028419000000003,67caaf87-34fd-412f-8ebc-f0eb37aa8292,Helium Lamp,3373,nm,absorbance,991.3782558629752
1000.577,-34.923795,67caaf87-34fd-412f-8ebc-f0eb37aa8292,Helium Lamp,3374,nm,absorbance,991.5450106496188
1000.745,19.413897,67caaf87-34fd-412f-8ebc-f0eb37aa8292,Helium Lamp,3375,nm,absorbance,991.7117654362623
1000.913,-2.017745,67caaf87-34fd-412f-8ebc-f0eb37aa8292,Helium Lamp,3376,nm,absorbance,991.878520222906
1001.081,-31.730939,67caaf87-34fd-412f-8ebc-f0eb37aa8292,Helium Lamp,3377,nm,absorbance,992.0452750095496
1001.249,6.431380999999999,67caaf87-34fd-412f-8ebc-f0eb37aa8292,Helium Lamp,3378,nm,absorbance,992.2120297961933
1001.417,-8.694548000000001,67caaf87-34fd-412f-8ebc-f0eb37aa8292,Helium Lamp,3379,nm,absorbance,992.3787845828368
1001.585,40.033734,67caaf87-34fd-412f-8ebc-f0eb37aa8292,Helium Lamp,3380,nm,absorbance,992.5455393694805
1001.753,58.78330900000001,67caaf87-34fd-412f-8ebc-f0eb37aa8292,Helium Lamp,3381,nm,absorbance,992.7122941561241
1001.921,54.77696199999999,67caaf87-34fd-412f-8ebc-f0eb37aa8292,Helium Lamp,3382,nm,absorbance,992.8790489427678
1002.089,24.877126,67caaf87-34fd-412f-8ebc-f0eb37aa8292,Helium Lamp,3383,nm,absorbance,993.0458037294114
1002.256,17.482582999999998,67caaf87-34fd-412f-8ebc-f0eb37aa8292,Helium Lamp,3384,nm,absorbance,993.2115659280391
1002.424,23.454079,67caaf87-34fd-412f-8ebc-f0eb37aa8292,Helium Lamp,3385,nm,absorbance,993.3783207146828
1002.592,54.413485,67caaf87-34fd-412f-8ebc-f0eb37aa8292,Helium Lamp,3386,nm,absorbance,993.5450755013264
1002.76,-6.212332,67caaf87-34fd-412f-8ebc-f0eb37aa8292,Helium Lamp,3387,nm,absorbance,993.7118302879701
1002.928,21.565475,67caaf87-34fd-412f-8ebc-f0eb37aa8292,Helium Lamp,3388,nm,absorbance,993.8785850746137
1003.096,54.562803,67caaf87-34fd-412f-8ebc-f0eb37aa8292,Helium Lamp,3389,nm,absorbance,994.0453398612573
1003.263,10.90948,67caaf87-34fd-412f-8ebc-f0eb37aa8292,Helium Lamp,3390,nm,absorbance,994.2111020598852
1003.431,22.369703,67caaf87-34fd-412f-8ebc-f0eb37aa8292,Helium Lamp,3391,nm,absorbance,994.3778568465289
1003.599,63.94776,67caaf87-34fd-412f-8ebc-f0eb37aa8292,Helium Lamp,3392,nm,absorbance,994.5446116331725
1003.767,23.280073,67caaf87-34fd-412f-8ebc-f0eb37aa8292,Helium Lamp,3393,nm,absorbance,994.7113664198162
1003.934,25.390137000000003,67caaf87-34fd-412f-8ebc-f0eb37aa8292,Helium Lamp,3394,nm,absorbance,994.8771286184439
1004.102,13.035247000000002,67caaf87-34fd-412f-8ebc-f0eb37aa8292,Helium Lamp,3395,nm,absorbance,995.0438834050875
1004.27,-6.183394000000002,67caaf87-34fd-412f-8ebc-f0eb37aa8292,Helium Lamp,3396,nm,absorbance,995.2106381917312
1004.437,-34.663237,67caaf87-34fd-412f-8ebc-f0eb37aa8292,Helium Lamp,3397,nm,absorbance,995.3764003903591
1004.605,46.755052,67caaf87-34fd-412f-8ebc-f0eb37aa8292,Helium Lamp,3398,nm,absorbance,995.5431551770027
1004.773,-39.518894,67caaf87-34fd-412f-8ebc-f0eb37aa8292,Helium Lamp,3399,nm,absorbance,995.7099099636463
1004.94,-20.627101,67caaf87-34fd-412f-8ebc-f0eb37aa8292,Helium Lamp,3400,nm,absorbance,995.8756721622742
1005.108,39.108619,67caaf87-34fd-412f-8ebc-f0eb37aa8292,Helium Lamp,3401,nm,absorbance,996.0424269489178
1005.275,45.103924000000006,67caaf87-34fd-412f-8ebc-f0eb37aa8292,Helium Lamp,3402,nm,absorbance,996.2081891475457
1005.443,21.047546,67caaf87-34fd-412f-8ebc-f0eb37aa8292,Helium Lamp,3403,nm,absorbance,996.3749439341893
1005.61,-41.134639,67caaf87-34fd-412f-8ebc-f0eb37aa8292,Helium Lamp,3404,nm,absorbance,996.5407061328173
1005.778,24.09221,67caaf87-34fd-412f-8ebc-f0eb37aa8292,Helium Lamp,3405,nm,absorbance,996.7074609194608
1005.945,37.693373,67caaf87-34fd-412f-8ebc-f0eb37aa8292,Helium Lamp,3406,nm,absorbance,996.8732231180887
1006.113,44.032036,67caaf87-34fd-412f-8ebc-f0eb37aa8292,Helium Lamp,3407,nm,absorbance,997.0399779047324
1006.28,40.471113,67caaf87-34fd-412f-8ebc-f0eb37aa8292,Helium Lamp,3408,nm,absorbance,997.2057401033602
1006.448,54.115686,67caaf87-34fd-412f-8ebc-f0eb37aa8292,Helium Lamp,3409,nm,absorbance,997.3724948900038
1006.615,-7.062085000000001,67caaf87-34fd-412f-8ebc-f0eb37aa8292,Helium Lamp,3410,nm,absorbance,997.5382570886317
1006.783,32.097313,67caaf87-34fd-412f-8ebc-f0eb37aa8292,Helium Lamp,3411,nm,absorbance,997.7050118752753
1006.95,31.518434000000003,67caaf87-34fd-412f-8ebc-f0eb37aa8292,Helium Lamp,3412,nm,absorbance,997.8707740739032
1007.118,50.062464,67caaf87-34fd-412f-8ebc-f0eb37aa8292,Helium Lamp,3413,nm,absorbance,998.0375288605469
1007.285,33.399531,67caaf87-34fd-412f-8ebc-f0eb37aa8292,Helium Lamp,3414,nm,absorbance,998.2032910591747
1007.452,-7.141314999999999,67caaf87-34fd-412f-8ebc-f0eb37aa8292,Helium Lamp,3415,nm,absorbance,998.3690532578026
1007.62,29.078388000000007,67caaf87-34fd-412f-8ebc-f0eb37aa8292,Helium Lamp,3416,nm,absorbance,998.5358080444462
1007.787,2.899526,67caaf87-34fd-412f-8ebc-f0eb37aa8292,Helium Lamp,3417,nm,absorbance,998.7015702430741
1007.954,57.205587,67caaf87-34fd-412f-8ebc-f0eb37aa8292,Helium Lamp,3418,nm,absorbance,998.8673324417019
1008.122,-38.68966399999999,67caaf87-34fd-412f-8ebc-f0eb37aa8292,Helium Lamp,3419,nm,absorbance,999.0340872283456
1008.289,45.39401,67caaf87-34fd-412f-8ebc-f0eb37aa8292,Helium Lamp,3420,nm,absorbance,999.1998494269735
1008.456,63.137606000000005,67caaf87-34fd-412f-8ebc-f0eb37aa8292,Helium Lamp,3421,nm,absorbance,999.3656116256014
1008.623,18.371852,67caaf87-34fd-412f-8ebc-f0eb37aa8292,Helium Lamp,3422,nm,absorbance,999.5313738242293
1008.791,8.368109,67caaf87-34fd-412f-8ebc-f0eb37aa8292,Helium Lamp,3423,nm,absorbance,999.6981286108729
1008.958,-41.723481,67caaf87-34fd-412f-8ebc-f0eb37aa8292,Helium Lamp,3424,nm,absorbance,999.8638908095007
1009.125,28.926547,67caaf87-34fd-412f-8ebc-f0eb37aa8292,Helium Lamp,3425,nm,absorbance,1000.0296530081287
1009.292,7.915089,67caaf87-34fd-412f-8ebc-f0eb37aa8292,Helium Lamp,3426,nm,absorbance,1000.1954152067566
1009.459,-1.020626,67caaf87-34fd-412f-8ebc-f0eb37aa8292,Helium Lamp,3427,nm,absorbance,1000.3611774053844
1009.627,69.931914,67caaf87-34fd-412f-8ebc-f0eb37aa8292,Helium Lamp,3428,nm,absorbance,1000.527932192028
1009.794,1.717295,67caaf87-34fd-412f-8ebc-f0eb37aa8292,Helium Lamp,3429,nm,absorbance,1000.6936943906559
1009.961,-40.642444,67caaf87-34fd-412f-8ebc-f0eb37aa8292,Helium Lamp,3430,nm,absorbance,1000.8594565892838
1010.128,29.93126400000001,67caaf87-34fd-412f-8ebc-f0eb37aa8292,Helium Lamp,3431,nm,absorbance,1001.0252187879117
1010.295,4.983061999999999,67caaf87-34fd-412f-8ebc-f0eb37aa8292,Helium Lamp,3432,nm,absorbance,1001.1909809865396
1010.462,39.458595,67caaf87-34fd-412f-8ebc-f0eb37aa8292,Helium Lamp,3433,nm,absorbance,1001.3567431851675
1010.629,29.370178,67caaf87-34fd-412f-8ebc-f0eb37aa8292,Helium Lamp,3434,nm,absorbance,1001.5225053837954
1010.796,36.100275,67caaf87-34fd-412f-8ebc-f0eb37aa8292,Helium Lamp,3435,nm,absorbance,1001.6882675824232
1010.963,68.19561499999999,67caaf87-34fd-412f-8ebc-f0eb37aa8292,Helium Lamp,3436,nm,absorbance,1001.854029781051
1011.13,13.395665,67caaf87-34fd-412f-8ebc-f0eb37aa8292,Helium Lamp,3437,nm,absorbance,1002.019791979679
1011.297,0.2209169999999996,67caaf87-34fd-412f-8ebc-f0eb37aa8292,Helium Lamp,3438,nm,absorbance,1002.1855541783069
1011.464,18.972041,67caaf87-34fd-412f-8ebc-f0eb37aa8292,Helium Lamp,3439,nm,absorbance,1002.3513163769348
1011.631,1.375112,67caaf87-34fd-412f-8ebc-f0eb37aa8292,Helium Lamp,3440,nm,absorbance,1002.5170785755627
1011.798,3.417579,67caaf87-34fd-412f-8ebc-f0eb37aa8292,Helium Lamp,3441,nm,absorbance,1002.6828407741906
1011.965,20.426319,67caaf87-34fd-412f-8ebc-f0eb37aa8292,Helium Lamp,3442,nm,absorbance,1002.8486029728184
1012.132,20.489004,67caaf87-34fd-412f-8ebc-f0eb37aa8292,Helium Lamp,3443,nm,absorbance,1003.0143651714462
1012.299,-31.120356000000005,67caaf87-34fd-412f-8ebc-f0eb37aa8292,Helium Lamp,3444,nm,absorbance,1003.1801273700742
1012.466,-6.719706999999998,67caaf87-34fd-412f-8ebc-f0eb37aa8292,Helium Lamp,3445,nm,absorbance,1003.3458895687021
1012.633,23.940011000000005,67caaf87-34fd-412f-8ebc-f0eb37aa8292,Helium Lamp,3446,nm,absorbance,1003.51165176733
1012.799,51.59500200000001,67caaf87-34fd-412f-8ebc-f0eb37aa8292,Helium Lamp,3447,nm,absorbance,1003.6764213779421
1012.966,22.873775,67caaf87-34fd-412f-8ebc-f0eb37aa8292,Helium Lamp,3448,nm,absorbance,1003.84218357657
1013.133,83.207285,67caaf87-34fd-412f-8ebc-f0eb37aa8292,Helium Lamp,3449,nm,absorbance,1004.0079457751979
1013.3,37.195579,67caaf87-34fd-412f-8ebc-f0eb37aa8292,Helium Lamp,3450,nm,absorbance,1004.1737079738257
1013.467,-6.671577999999999,67caaf87-34fd-412f-8ebc-f0eb37aa8292,Helium Lamp,3451,nm,absorbance,1004.3394701724536
1013.633,36.991116000000005,67caaf87-34fd-412f-8ebc-f0eb37aa8292,Helium Lamp,3452,nm,absorbance,1004.5042397830658
1013.8,49.41141,67caaf87-34fd-412f-8ebc-f0eb37aa8292,Helium Lamp,3453,nm,absorbance,1004.6700019816936
1013.967,37.070215000000005,67caaf87-34fd-412f-8ebc-f0eb37aa8292,Helium Lamp,3454,nm,absorbance,1004.8357641803216
1014.134,-28.549155000000003,67caaf87-34fd-412f-8ebc-f0eb37aa8292,Helium Lamp,3455,nm,absorbance,1005.0015263789495
1014.3,7.575426999999999,67caaf87-34fd-412f-8ebc-f0eb37aa8292,Helium Lamp,3456,nm,absorbance,1005.1662959895616
1014.467,11.312378999999998,67caaf87-34fd-412f-8ebc-f0eb37aa8292,Helium Lamp,3457,nm,absorbance,1005.3320581881894
1014.634,-7.091253,67caaf87-34fd-412f-8ebc-f0eb37aa8292,Helium Lamp,3458,nm,absorbance,1005.4978203868174
1014.8,31.782722,67caaf87-34fd-412f-8ebc-f0eb37aa8292,Helium Lamp,3459,nm,absorbance,1005.6625899974294
1014.967,-17.499969999999998,67caaf87-34fd-412f-8ebc-f0eb37aa8292,Helium Lamp,3460,nm,absorbance,1005.8283521960574
1015.134,18.494311,67caaf87-34fd-412f-8ebc-f0eb37aa8292,Helium Lamp,3461,nm,absorbance,1005.9941143946853
1015.3,5.354828000000001,67caaf87-34fd-412f-8ebc-f0eb37aa8292,Helium Lamp,3462,nm,absorbance,1006.1588840052974
1015.467,-19.379524,67caaf87-34fd-412f-8ebc-f0eb37aa8292,Helium Lamp,3463,nm,absorbance,1006.3246462039253
1015.633,21.240764,67caaf87-34fd-412f-8ebc-f0eb37aa8292,Helium Lamp,3464,nm,absorbance,1006.4894158145376
1015.8,4.826917,67caaf87-34fd-412f-8ebc-f0eb37aa8292,Helium Lamp,3465,nm,absorbance,1006.6551780131653
1015.966,46.075966,67caaf87-34fd-412f-8ebc-f0eb37aa8292,Helium Lamp,3466,nm,absorbance,1006.8199476237775
1016.133,21.348401,67caaf87-34fd-412f-8ebc-f0eb37aa8292,Helium Lamp,3467,nm,absorbance,1006.9857098224054
1016.3,-75.859195,67caaf87-34fd-412f-8ebc-f0eb37aa8292,Helium Lamp,3468,nm,absorbance,1007.1514720210332
1016.466,55.497568,67caaf87-34fd-412f-8ebc-f0eb37aa8292,Helium Lamp,3469,nm,absorbance,1007.3162416316454
1016.632,-6.495666,67caaf87-34fd-412f-8ebc-f0eb37aa8292,Helium Lamp,3470,nm,absorbance,1007.4810112422575
1016.799,45.814531,67caaf87-34fd-412f-8ebc-f0eb37aa8292,Helium Lamp,3471,nm,absorbance,1007.6467734408855
1016.965,-4.335167,67caaf87-34fd-412f-8ebc-f0eb37aa8292,Helium Lamp,3472,nm,absorbance,1007.8115430514977
1017.132,-35.095831,67caaf87-34fd-412f-8ebc-f0eb37aa8292,Helium Lamp,3473,nm,absorbance,1007.9773052501254
1017.298,-13.18068,67caaf87-34fd-412f-8ebc-f0eb37aa8292,Helium Lamp,3474,nm,absorbance,1008.1420748607376
1017.465,1.834403,67caaf87-34fd-412f-8ebc-f0eb37aa8292,Helium Lamp,3475,nm,absorbance,1008.3078370593655
1017.631,-61.29418700000001,67caaf87-34fd-412f-8ebc-f0eb37aa8292,Helium Lamp,3476,nm,absorbance,1008.4726066699776
1017.797,38.951765,67caaf87-34fd-412f-8ebc-f0eb37aa8292,Helium Lamp,3477,nm,absorbance,1008.6373762805898
1017.964,-10.67781,67caaf87-34fd-412f-8ebc-f0eb37aa8292,Helium Lamp,3478,nm,absorbance,1008.8031384792178
1018.13,-24.848581,67caaf87-34fd-412f-8ebc-f0eb37aa8292,Helium Lamp,3479,nm,absorbance,1008.9679080898298
1018.296,-3.943523,67caaf87-34fd-412f-8ebc-f0eb37aa8292,Helium Lamp,3480,nm,absorbance,1009.1326777004421
1018.463,48.627878,67caaf87-34fd-412f-8ebc-f0eb37aa8292,Helium Lamp,3481,nm,absorbance,1009.2984398990699
1018.629,-3.513782,67caaf87-34fd-412f-8ebc-f0eb37aa8292,Helium Lamp,3482,nm,absorbance,1009.4632095096821
1018.795,14.179609000000005,67caaf87-34fd-412f-8ebc-f0eb37aa8292,Helium Lamp,3483,nm,absorbance,1009.6279791202941
1018.961,37.368638,67caaf87-34fd-412f-8ebc-f0eb37aa8292,Helium Lamp,3484,nm,absorbance,1009.7927487309063
1019.128,29.417653,67caaf87-34fd-412f-8ebc-f0eb37aa8292,Helium Lamp,3485,nm,absorbance,1009.9585109295342
1019.294,19.080372,67caaf87-34fd-412f-8ebc-f0eb37aa8292,Helium Lamp,3486,nm,absorbance,1010.1232805401463
1019.46,33.505809,67caaf87-34fd-412f-8ebc-f0eb37aa8292,Helium Lamp,3487,nm,absorbance,1010.2880501507585
1019.626,32.434628,67caaf87-34fd-412f-8ebc-f0eb37aa8292,Helium Lamp,3488,nm,absorbance,1010.4528197613706
1019.792,10.196139,67caaf87-34fd-412f-8ebc-f0eb37aa8292,Helium Lamp,3489,nm,absorbance,1010.6175893719828
1019.959,-31.354323,67caaf87-34fd-412f-8ebc-f0eb37aa8292,Helium Lamp,3490,nm,absorbance,1010.7833515706106
1020.125,85.72586800000002,67caaf87-34fd-412f-8ebc-f0eb37aa8292,Helium Lamp,3491,nm,absorbance,1010.9481211812229
1020.291,35.93979,67caaf87-34fd-412f-8ebc-f0eb37aa8292,Helium Lamp,3492,nm,absorbance,1011.1128907918351
1020.457,45.681655,67caaf87-34fd-412f-8ebc-f0eb37aa8292,Helium Lamp,3493,nm,absorbance,1011.2776604024472
1020.623,-4.344806000000001,67caaf87-34fd-412f-8ebc-f0eb37aa8292,Helium Lamp,3494,nm,absorbance,1011.4424300130593
1020.789,21.373231000000004,67caaf87-34fd-412f-8ebc-f0eb37aa8292,Helium Lamp,3495,nm,absorbance,1011.6071996236714
1020.955,28.631251,67caaf87-34fd-412f-8ebc-f0eb37aa8292,Helium Lamp,3496,nm,absorbance,1011.7719692342836
1021.121,-0.238784,67caaf87-34fd-412f-8ebc-f0eb37aa8292,Helium Lamp,3497,nm,absorbance,1011.9367388448957
1021.287,-42.318844,67caaf87-34fd-412f-8ebc-f0eb37aa8292,Helium Lamp,3498,nm,absorbance,1012.1015084555079
1021.453,21.605266,67caaf87-34fd-412f-8ebc-f0eb37aa8292,Helium Lamp,3499,nm,absorbance,1012.26627806612
1021.619,29.329629,67caaf87-34fd-412f-8ebc-f0eb37aa8292,Helium Lamp,3500,nm,absorbance,1012.4310476767322
1021.785,25.772788,67caaf87-34fd-412f-8ebc-f0eb37aa8292,Helium Lamp,3501,nm,absorbance,1012.5958172873443
1021.951,15.222814,67caaf87-34fd-412f-8ebc-f0eb37aa8292,Helium Lamp,3502,nm,absorbance,1012.7605868979565
1022.117,57.520147,67caaf87-34fd-412f-8ebc-f0eb37aa8292,Helium Lamp,3503,nm,absorbance,1012.9253565085686
1022.283,3.271351,67caaf87-34fd-412f-8ebc-f0eb37aa8292,Helium Lamp,3504,nm,absorbance,1013.0901261191808
1022.449,-21.949656,67caaf87-34fd-412f-8ebc-f0eb37aa8292,Helium Lamp,3505,nm,absorbance,1013.2548957297929
1022.615,16.995963,67caaf87-34fd-412f-8ebc-f0eb37aa8292,Helium Lamp,3506,nm,absorbance,1013.419665340405
1022.781,-16.748552,67caaf87-34fd-412f-8ebc-f0eb37aa8292,Helium Lamp,3507,nm,absorbance,1013.5844349510171
1022.946,-43.168127,67caaf87-34fd-412f-8ebc-f0eb37aa8292,Helium Lamp,3508,nm,absorbance,1013.7482119736136
1023.112,20.929552,67caaf87-34fd-412f-8ebc-f0eb37aa8292,Helium Lamp,3509,nm,absorbance,1013.9129815842257
1023.278,-23.146836,67caaf87-34fd-412f-8ebc-f0eb37aa8292,Helium Lamp,3510,nm,absorbance,1014.0777511948379
1023.444,22.128039,67caaf87-34fd-412f-8ebc-f0eb37aa8292,Helium Lamp,3511,nm,absorbance,1014.24252080545
1023.61,28.875998000000003,67caaf87-34fd-412f-8ebc-f0eb37aa8292,Helium Lamp,3512,nm,absorbance,1014.4072904160622
1023.775,33.412017,67caaf87-34fd-412f-8ebc-f0eb37aa8292,Helium Lamp,3513,nm,absorbance,1014.5710674386586
1023.941,20.064128,67caaf87-34fd-412f-8ebc-f0eb37aa8292,Helium Lamp,3514,nm,absorbance,1014.7358370492708
1024.107,56.72393000000001,67caaf87-34fd-412f-8ebc-f0eb37aa8292,Helium Lamp,3515,nm,absorbance,1014.9006066598829
1024.273,68.236143,67caaf87-34fd-412f-8ebc-f0eb37aa8292,Helium Lamp,3516,nm,absorbance,1015.065376270495
1024.438,66.544894,67caaf87-34fd-412f-8ebc-f0eb37aa8292,Helium Lamp,3517,nm,absorbance,1015.2291532930916
1024.604,12.209889,67caaf87-34fd-412f-8ebc-f0eb37aa8292,Helium Lamp,3518,nm,absorbance,1015.3939229037037
1024.77,-289.883599,67caaf87-34fd-412f-8ebc-f0eb37aa8292,Helium Lamp,3519,nm,absorbance,1015.5586925143158
1024.935,0.1526379999999997,67caaf87-34fd-412f-8ebc-f0eb37aa8292,Helium Lamp,3520,nm,absorbance,1015.7224695369122
1025.101,70.19028899999999,67caaf87-34fd-412f-8ebc-f0eb37aa8292,Helium Lamp,3521,nm,absorbance,1015.8872391475244
1025.267,-37.44719500000001,67caaf87-34fd-412f-8ebc-f0eb37aa8292,Helium Lamp,3522,nm,absorbance,1016.0520087581365
1025.432,46.069324,67caaf87-34fd-412f-8ebc-f0eb37aa8292,Helium Lamp,3523,nm,absorbance,1016.2157857807329
1025.598,51.01396100000001,67caaf87-34fd-412f-8ebc-f0eb37aa8292,Helium Lamp,3524,nm,absorbance,1016.380555391345
1025.763,-26.012784,67caaf87-34fd-412f-8ebc-f0eb37aa8292,Helium Lamp,3525,nm,absorbance,1016.5443324139413
1025.929,-3.406114,67caaf87-34fd-412f-8ebc-f0eb37aa8292,Helium Lamp,3526,nm,absorbance,1016.7091020245537
1026.095,16.694419,67caaf87-34fd-412f-8ebc-f0eb37aa8292,Helium Lamp,3527,nm,absorbance,1016.8738716351658
1026.26,-10.689557000000002,67caaf87-34fd-412f-8ebc-f0eb37aa8292,Helium Lamp,3528,nm,absorbance,1017.0376486577621
1026.426,57.18672300000001,67caaf87-34fd-412f-8ebc-f0eb37aa8292,Helium Lamp,3529,nm,absorbance,1017.2024182683742
1026.591,-1.470209,67caaf87-34fd-412f-8ebc-f0eb37aa8292,Helium Lamp,3530,nm,absorbance,1017.3661952909706
1026.757,-3.2210040000000006,67caaf87-34fd-412f-8ebc-f0eb37aa8292,Helium Lamp,3531,nm,absorbance,1017.5309649015829
1026.922,16.348152,67caaf87-34fd-412f-8ebc-f0eb37aa8292,Helium Lamp,3532,nm,absorbance,1017.6947419241793
1027.087,7.359094000000001,67caaf87-34fd-412f-8ebc-f0eb37aa8292,Helium Lamp,3533,nm,absorbance,1017.8585189467757
1027.253,44.560556000000005,67caaf87-34fd-412f-8ebc-f0eb37aa8292,Helium Lamp,3534,nm,absorbance,1018.0232885573878
1027.418,25.686512,67caaf87-34fd-412f-8ebc-f0eb37aa8292,Helium Lamp,3535,nm,absorbance,1018.1870655799842
1027.584,-52.52706099999999,67caaf87-34fd-412f-8ebc-f0eb37aa8292,Helium Lamp,3536,nm,absorbance,1018.3518351905965
1027.749,72.863136,67caaf87-34fd-412f-8ebc-f0eb37aa8292,Helium Lamp,3537,nm,absorbance,1018.5156122131929
1027.914,-53.122451,67caaf87-34fd-412f-8ebc-f0eb37aa8292,Helium Lamp,3538,nm,absorbance,1018.6793892357892
1028.08,26.333652,67caaf87-34fd-412f-8ebc-f0eb37aa8292,Helium Lamp,3539,nm,absorbance,1018.8441588464013
1028.245,19.893275000000003,67caaf87-34fd-412f-8ebc-f0eb37aa8292,Helium Lamp,3540,nm,absorbance,1019.0079358689977
1028.41,24.377515,67caaf87-34fd-412f-8ebc-f0eb37aa8292,Helium Lamp,3541,nm,absorbance,1019.1717128915943
1028.576,35.932093,67caaf87-34fd-412f-8ebc-f0eb37aa8292,Helium Lamp,3542,nm,absorbance,1019.3364825022064
1028.741,23.756658,67caaf87-34fd-412f-8ebc-f0eb37aa8292,Helium Lamp,3543,nm,absorbance,1019.5002595248028
1028.906,-20.041281,67caaf87-34fd-412f-8ebc-f0eb37aa8292,Helium Lamp,3544,nm,absorbance,1019.6640365473992
1029.072,11.126327,67caaf87-34fd-412f-8ebc-f0eb37aa8292,Helium Lamp,3545,nm,absorbance,1019.8288061580112
1029.237,15.184484000000005,67caaf87-34fd-412f-8ebc-f0eb37aa8292,Helium Lamp,3546,nm,absorbance,1019.9925831806078
1029.402,33.960505,67caaf87-34fd-412f-8ebc-f0eb37aa8292,Helium Lamp,3547,nm,absorbance,1020.1563602032041
1029.567,-77.97617399999999,67caaf87-34fd-412f-8ebc-f0eb37aa8292,Helium Lamp,3548,nm,absorbance,1020.3201372258005
1029.732,-7.640540999999999,67caaf87-34fd-412f-8ebc-f0eb37aa8292,Helium Lamp,3549,nm,absorbance,1020.4839142483969
1029.898,-2.44811,67caaf87-34fd-412f-8ebc-f0eb37aa8292,Helium Lamp,3550,nm,absorbance,1020.648683859009
1030.063,-22.182333,67caaf87-34fd-412f-8ebc-f0eb37aa8292,Helium Lamp,3551,nm,absorbance,1020.8124608816056
1030.228,53.86302800000001,67caaf87-34fd-412f-8ebc-f0eb37aa8292,Helium Lamp,3552,nm,absorbance,1020.976237904202
1030.393,-46.17898,67caaf87-34fd-412f-8ebc-f0eb37aa8292,Helium Lamp,3553,nm,absorbance,1021.1400149267984
1030.558,-15.918117999999998,67caaf87-34fd-412f-8ebc-f0eb37aa8292,Helium Lamp,3554,nm,absorbance,1021.3037919493947
1030.723,51.41387999999999,67caaf87-34fd-412f-8ebc-f0eb37aa8292,Helium Lamp,3555,nm,absorbance,1021.4675689719911
1030.888,-13.152976,67caaf87-34fd-412f-8ebc-f0eb37aa8292,Helium Lamp,3556,nm,absorbance,1021.6313459945875
1031.053,39.248064,67caaf87-34fd-412f-8ebc-f0eb37aa8292,Helium Lamp,3557,nm,absorbance,1021.7951230171841
1031.218,40.18838,67caaf87-34fd-412f-8ebc-f0eb37aa8292,Helium Lamp,3558,nm,absorbance,1021.9589000397805
1031.383,13.327753,67caaf87-34fd-412f-8ebc-f0eb37aa8292,Helium Lamp,3559,nm,absorbance,1022.1226770623769
1031.548,-18.039529,67caaf87-34fd-412f-8ebc-f0eb37aa8292,Helium Lamp,3560,nm,absorbance,1022.2864540849732
1031.713,37.060783,67caaf87-34fd-412f-8ebc-f0eb37aa8292,Helium Lamp,3561,nm,absorbance,1022.4502311075697
1031.878,15.517687,67caaf87-34fd-412f-8ebc-f0eb37aa8292,Helium Lamp,3562,nm,absorbance,1022.6140081301661
1032.043,44.175827000000005,67caaf87-34fd-412f-8ebc-f0eb37aa8292,Helium Lamp,3563,nm,absorbance,1022.7777851527625
1032.208,-17.168574999999997,67caaf87-34fd-412f-8ebc-f0eb37aa8292,Helium Lamp,3564,nm,absorbance,1022.9415621753591
1032.373,-5.020626,67caaf87-34fd-412f-8ebc-f0eb37aa8292,Helium Lamp,3565,nm,absorbance,1023.1053391979555
1032.538,-36.694346,67caaf87-34fd-412f-8ebc-f0eb37aa8292,Helium Lamp,3566,nm,absorbance,1023.2691162205518
1032.703,14.101594,67caaf87-34fd-412f-8ebc-f0eb37aa8292,Helium Lamp,3567,nm,absorbance,1023.4328932431482
1032.868,-19.74659,67caaf87-34fd-412f-8ebc-f0eb37aa8292,Helium Lamp,3568,nm,absorbance,1023.5966702657446
1033.033,49.669017,67caaf87-34fd-412f-8ebc-f0eb37aa8292,Helium Lamp,3569,nm,absorbance,1023.760447288341
1033.198,75.575998,67caaf87-34fd-412f-8ebc-f0eb37aa8292,Helium Lamp,3570,nm,absorbance,1023.9242243109376
1033.362,25.15794,67caaf87-34fd-412f-8ebc-f0eb37aa8292,Helium Lamp,3571,nm,absorbance,1024.0870087455182
1033.527,3.172734,67caaf87-34fd-412f-8ebc-f0eb37aa8292,Helium Lamp,3572,nm,absorbance,1024.2507857681146
1033.692,-12.703812,67caaf87-34fd-412f-8ebc-f0eb37aa8292,Helium Lamp,3573,nm,absorbance,1024.414562790711
1033.857,31.494298000000004,67caaf87-34fd-412f-8ebc-f0eb37aa8292,Helium Lamp,3574,nm,absorbance,1024.5783398133074
1034.021,7.390089000000001,67caaf87-34fd-412f-8ebc-f0eb37aa8292,Helium Lamp,3575,nm,absorbance,1024.7411242478881
1034.186,-2.6728630000000004,67caaf87-34fd-412f-8ebc-f0eb37aa8292,Helium Lamp,3576,nm,absorbance,1024.9049012704845
1034.351,37.665091,67caaf87-34fd-412f-8ebc-f0eb37aa8292,Helium Lamp,3577,nm,absorbance,1025.0686782930811
1034.516,14.23708,67caaf87-34fd-412f-8ebc-f0eb37aa8292,Helium Lamp,3578,nm,absorbance,1025.2324553156775
1034.68,2.636782,67caaf87-34fd-412f-8ebc-f0eb37aa8292,Helium Lamp,3579,nm,absorbance,1025.395239750258
1034.845,25.68401,67caaf87-34fd-412f-8ebc-f0eb37aa8292,Helium Lamp,3580,nm,absorbance,1025.5590167728544
1035.01,1.834841,67caaf87-34fd-412f-8ebc-f0eb37aa8292,Helium Lamp,3581,nm,absorbance,1025.7227937954508
1035.174,28.455794,67caaf87-34fd-412f-8ebc-f0eb37aa8292,Helium Lamp,3582,nm,absorbance,1025.8855782300316
1035.339,11.427152,67caaf87-34fd-412f-8ebc-f0eb37aa8292,Helium Lamp,3583,nm,absorbance,1026.049355252628
1035.504,43.718517,67caaf87-34fd-412f-8ebc-f0eb37aa8292,Helium Lamp,3584,nm,absorbance,1026.2131322752243
1035.668,-63.205367,67caaf87-34fd-412f-8ebc-f0eb37aa8292,Helium Lamp,3585,nm,absorbance,1026.3759167098049
1035.833,43.717964,67caaf87-34fd-412f-8ebc-f0eb37aa8292,Helium Lamp,3586,nm,absorbance,1026.5396937324015
1035.997,6.862141000000001,67caaf87-34fd-412f-8ebc-f0eb37aa8292,Helium Lamp,3587,nm,absorbance,1026.7024781669822
1036.162,26.16864900000001,67caaf87-34fd-412f-8ebc-f0eb37aa8292,Helium Lamp,3588,nm,absorbance,1026.8662551895786
1036.326,41.87448,67caaf87-34fd-412f-8ebc-f0eb37aa8292,Helium Lamp,3589,nm,absorbance,1027.0290396241592
1036.491,50.694282,67caaf87-34fd-412f-8ebc-f0eb37aa8292,Helium Lamp,3590,nm,absorbance,1027.1928166467555
1036.655,-22.339308,67caaf87-34fd-412f-8ebc-f0eb37aa8292,Helium Lamp,3591,nm,absorbance,1027.3556010813363
1036.82,-42.16398,67caaf87-34fd-412f-8ebc-f0eb37aa8292,Helium Lamp,3592,nm,absorbance,1027.5193781039327
1036.984,-52.886167,67caaf87-34fd-412f-8ebc-f0eb37aa8292,Helium Lamp,3593,nm,absorbance,1027.6821625385132
1037.149,-51.68902099999999,67caaf87-34fd-412f-8ebc-f0eb37aa8292,Helium Lamp,3594,nm,absorbance,1027.8459395611096
1037.313,-18.175741,67caaf87-34fd-412f-8ebc-f0eb37aa8292,Helium Lamp,3595,nm,absorbance,1028.0087239956906
1037.478,-32.554533,67caaf87-34fd-412f-8ebc-f0eb37aa8292,Helium Lamp,3596,nm,absorbance,1028.172501018287
1037.642,-26.684876,67caaf87-34fd-412f-8ebc-f0eb37aa8292,Helium Lamp,3597,nm,absorbance,1028.3352854528675
1037.807,82.63619899999999,67caaf87-34fd-412f-8ebc-f0eb37aa8292,Helium Lamp,3598,nm,absorbance,1028.499062475464
1037.971,-5.067859,67caaf87-34fd-412f-8ebc-f0eb37aa8292,Helium Lamp,3599,nm,absorbance,1028.6618469100447
1038.135,-16.2003,67caaf87-34fd-412f-8ebc-f0eb37aa8292,Helium Lamp,3600,nm,absorbance,1028.8246313446252
1038.3,44.543625,67caaf87-34fd-412f-8ebc-f0eb37aa8292,Helium Lamp,3601,nm,absorbance,1028.9884083672216
1038.464,-41.74532,67caaf87-34fd-412f-8ebc-f0eb37aa8292,Helium Lamp,3602,nm,absorbance,1029.1511928018024
1038.628,6.921268,67caaf87-34fd-412f-8ebc-f0eb37aa8292,Helium Lamp,3603,nm,absorbance,1029.313977236383
1038.792,-41.410493,67caaf87-34fd-412f-8ebc-f0eb37aa8292,Helium Lamp,3604,nm,absorbance,1029.4767616709637
1038.957,-8.784499,67caaf87-34fd-412f-8ebc-f0eb37aa8292,Helium Lamp,3605,nm,absorbance,1029.6405386935603
1039.121,-17.488409,67caaf87-34fd-412f-8ebc-f0eb37aa8292,Helium Lamp,3606,nm,absorbance,1029.8033231281408
1039.285,-11.364358,67caaf87-34fd-412f-8ebc-f0eb37aa8292,Helium Lamp,3607,nm,absorbance,1029.9661075627216
1039.449,12.13983,67caaf87-34fd-412f-8ebc-f0eb37aa8292,Helium Lamp,3608,nm,absorbance,1030.1288919973022
1039.614,10.353383,67caaf87-34fd-412f-8ebc-f0eb37aa8292,Helium Lamp,3609,nm,absorbance,1030.2926690198985
1039.778,52.720987,67caaf87-34fd-412f-8ebc-f0eb37aa8292,Helium Lamp,3610,nm,absorbance,1030.4554534544793
1039.942,-50.609159,67caaf87-34fd-412f-8ebc-f0eb37aa8292,Helium Lamp,3611,nm,absorbance,1030.6182378890599
1040.106,31.036772,67caaf87-34fd-412f-8ebc-f0eb37aa8292,Helium Lamp,3612,nm,absorbance,1030.7810223236406
1040.27,14.520553,67caaf87-34fd-412f-8ebc-f0eb37aa8292,Helium Lamp,3613,nm,absorbance,1030.9438067582212
1040.434,-28.276707999999992,67caaf87-34fd-412f-8ebc-f0eb37aa8292,Helium Lamp,3614,nm,absorbance,1031.106591192802
1040.599,30.278959,67caaf87-34fd-412f-8ebc-f0eb37aa8292,Helium Lamp,3615,nm,absorbance,1031.2703682153983
1040.763,4.103256,67caaf87-34fd-412f-8ebc-f0eb37aa8292,Helium Lamp,3616,nm,absorbance,1031.433152649979
1040.927,20.077303000000004,67caaf87-34fd-412f-8ebc-f0eb37aa8292,Helium Lamp,3617,nm,absorbance,1031.5959370845596
1041.091,26.721956,67caaf87-34fd-412f-8ebc-f0eb37aa8292,Helium Lamp,3618,nm,absorbance,1031.7587215191404
1041.255,45.36166899999999,67caaf87-34fd-412f-8ebc-f0eb37aa8292,Helium Lamp,3619,nm,absorbance,1031.9215059537212
1041.419,26.054413,67caaf87-34fd-412f-8ebc-f0eb37aa8292,Helium Lamp,3620,nm,absorbance,1032.084290388302
1041.583,25.745253,67caaf87-34fd-412f-8ebc-f0eb37aa8292,Helium Lamp,3621,nm,absorbance,1032.2470748228825
1041.747,15.232879999999998,67caaf87-34fd-412f-8ebc-f0eb37aa8292,Helium Lamp,3622,nm,absorbance,1032.4098592574633
1041.911,-41.182536,67caaf87-34fd-412f-8ebc-f0eb37aa8292,Helium Lamp,3623,nm,absorbance,1032.5726436920438
1042.075,4.209882,67caaf87-34fd-412f-8ebc-f0eb37aa8292,Helium Lamp,3624,nm,absorbance,1032.7354281266246
1042.239,70.12626900000001,67caaf87-34fd-412f-8ebc-f0eb37aa8292,Helium Lamp,3625,nm,absorbance,1032.8982125612051
1042.403,-54.99645099999999,67caaf87-34fd-412f-8ebc-f0eb37aa8292,Helium Lamp,3626,nm,absorbance,1033.060996995786
1042.567,-20.863006,67caaf87-34fd-412f-8ebc-f0eb37aa8292,Helium Lamp,3627,nm,absorbance,1033.2237814303664
1042.731,-72.182635,67caaf87-34fd-412f-8ebc-f0eb37aa8292,Helium Lamp,3628,nm,absorbance,1033.3865658649472
1042.894,47.976241,67caaf87-34fd-412f-8ebc-f0eb37aa8292,Helium Lamp,3629,nm,absorbance,1033.5483577115122
1043.058,-4.168906000000001,67caaf87-34fd-412f-8ebc-f0eb37aa8292,Helium Lamp,3630,nm,absorbance,1033.7111421460927
1043.222,64.67815399999999,67caaf87-34fd-412f-8ebc-f0eb37aa8292,Helium Lamp,3631,nm,absorbance,1033.8739265806735
1043.386,-17.703775,67caaf87-34fd-412f-8ebc-f0eb37aa8292,Helium Lamp,3632,nm,absorbance,1034.036711015254
1043.55,42.196908,67caaf87-34fd-412f-8ebc-f0eb37aa8292,Helium Lamp,3633,nm,absorbance,1034.1994954498348
1043.714,22.757499,67caaf87-34fd-412f-8ebc-f0eb37aa8292,Helium Lamp,3634,nm,absorbance,1034.3622798844156
1043.877,26.772041,67caaf87-34fd-412f-8ebc-f0eb37aa8292,Helium Lamp,3635,nm,absorbance,1034.5240717309805
1044.041,-5.146817,67caaf87-34fd-412f-8ebc-f0eb37aa8292,Helium Lamp,3636,nm,absorbance,1034.686856165561
1044.205,17.328794,67caaf87-34fd-412f-8ebc-f0eb37aa8292,Helium Lamp,3637,nm,absorbance,1034.8496406001418
1044.369,30.991502000000004,67caaf87-34fd-412f-8ebc-f0eb37aa8292,Helium Lamp,3638,nm,absorbance,1035.0124250347224
1044.532,53.078222,67caaf87-34fd-412f-8ebc-f0eb37aa8292,Helium Lamp,3639,nm,absorbance,1035.1742168812873
1044.696,-12.26254,67caaf87-34fd-412f-8ebc-f0eb37aa8292,Helium Lamp,3640,nm,absorbance,1035.337001315868
1044.86,57.676736000000005,67caaf87-34fd-412f-8ebc-f0eb37aa8292,Helium Lamp,3641,nm,absorbance,1035.4997857504486
1045.023,-41.107784,67caaf87-34fd-412f-8ebc-f0eb37aa8292,Helium Lamp,3642,nm,absorbance,1035.6615775970135
1045.187,-9.868004,67caaf87-34fd-412f-8ebc-f0eb37aa8292,Helium Lamp,3643,nm,absorbance,1035.8243620315943
1045.351,-10.776084,67caaf87-34fd-412f-8ebc-f0eb37aa8292,Helium Lamp,3644,nm,absorbance,1035.987146466175
1045.514,38.43650699999999,67caaf87-34fd-412f-8ebc-f0eb37aa8292,Helium Lamp,3645,nm,absorbance,1036.1489383127398
1045.678,-30.022138,67caaf87-34fd-412f-8ebc-f0eb37aa8292,Helium Lamp,3646,nm,absorbance,1036.3117227473208
1045.841,-13.366452,67caaf87-34fd-412f-8ebc-f0eb37aa8292,Helium Lamp,3647,nm,absorbance,1036.4735145938855
