wavelength_nm,intensity,spectrum_id,spectrum_name,point_index,x_unit,y_unit,wavelength_calibrated_nm
345.386,-1.234985,37381227-77f4-4711-9322-5d3d6fade0dc,Mercury Lamp,0,nm,absorbance,341.21027603164254
345.605,-1.234985,37381227-77f4-4711-9322-5d3d6fade0dc,Mercury Lamp,1,nm,absorbance,341.4276528070887
345.824,0.986985,37381227-77f4-4711-9322-5d3d6fade0dc,Mercury Lamp,2,nm,absorbance,341.6450295825348
346.044,0.3279929999999998,37381227-77f4-4711-9322-5d3d6fade0dc,Mercury Lamp,3,nm,absorbance,341.86339894599666
346.263,-0.2974159999999999,37381227-77f4-4711-9322-5d3d6fade0dc,Mercury Lamp,4,nm,absorbance,342.0807757214428
346.482,-2.2681879999999994,37381227-77f4-4711-9322-5d3d6fade0dc,Mercury Lamp,5,nm,absorbance,342.29815249688903
346.701,1.5406490000000002,37381227-77f4-4711-9322-5d3d6fade0dc,Mercury Lamp,6,nm,absorbance,342.51552927233513
346.92,5.018597,37381227-77f4-4711-9322-5d3d6fade0dc,Mercury Lamp,7,nm,absorbance,342.7329060477813
347.139,5.370593,37381227-77f4-4711-9322-5d3d6fade0dc,Mercury Lamp,8,nm,absorbance,342.95028282322744
347.358,-1.316589,37381227-77f4-4711-9322-5d3d6fade0dc,Mercury Lamp,9,nm,absorbance,343.1676595986736
347.577,-0.4024759999999999,37381227-77f4-4711-9322-5d3d6fade0dc,Mercury Lamp,10,nm,absorbance,343.3850363741197
347.796,-1.093585,37381227-77f4-4711-9322-5d3d6fade0dc,Mercury Lamp,11,nm,absorbance,343.60241314956585
348.015,4.598968,37381227-77f4-4711-9322-5d3d6fade0dc,Mercury Lamp,12,nm,absorbance,343.819789925012
348.234,1.119369,37381227-77f4-4711-9322-5d3d6fade0dc,Mercury Lamp,13,nm,absorbance,344.03716670045816
348.453,-1.33482,37381227-77f4-4711-9322-5d3d6fade0dc,Mercury Lamp,14,nm,absorbance,344.25454347590426
348.672,-4.820119,37381227-77f4-4711-9322-5d3d6fade0dc,Mercury Lamp,15,nm,absorbance,344.47192025135047
348.891,-7.476614,37381227-77f4-4711-9322-5d3d6fade0dc,Mercury Lamp,16,nm,absorbance,344.6892970267966
349.11,4.7025,37381227-77f4-4711-9322-5d3d6fade0dc,Mercury Lamp,17,nm,absorbance,344.9066738022428
349.329,9.431946,37381227-77f4-4711-9322-5d3d6fade0dc,Mercury Lamp,18,nm,absorbance,345.12405057768893
349.548,16.959212,37381227-77f4-4711-9322-5d3d6fade0dc,Mercury Lamp,19,nm,absorbance,345.34142735313503
349.767,20.215203,37381227-77f4-4711-9322-5d3d6fade0dc,Mercury Lamp,20,nm,absorbance,345.5588041285812
349.986,25.59757,37381227-77f4-4711-9322-5d3d6fade0dc,Mercury Lamp,21,nm,absorbance,345.77618090402734
350.205,29.583943,37381227-77f4-4711-9322-5d3d6fade0dc,Mercury Lamp,22,nm,absorbance,345.9935576794735
350.424,26.708730000000003,37381227-77f4-4711-9322-5d3d6fade0dc,Mercury Lamp,23,nm,absorbance,346.2109344549196
350.643,27.728044,37381227-77f4-4711-9322-5d3d6fade0dc,Mercury Lamp,24,nm,absorbance,346.42831123036575
350.862,20.0498,37381227-77f4-4711-9322-5d3d6fade0dc,Mercury Lamp,25,nm,absorbance,346.64568800581196
351.08,16.528473,37381227-77f4-4711-9322-5d3d6fade0dc,Mercury Lamp,26,nm,absorbance,346.86207219324234
351.299,15.385888,37381227-77f4-4711-9322-5d3d6fade0dc,Mercury Lamp,27,nm,absorbance,347.0794489686885
351.518,22.884667,37381227-77f4-4711-9322-5d3d6fade0dc,Mercury Lamp,28,nm,absorbance,347.2968257441346
351.737,25.199933,37381227-77f4-4711-9322-5d3d6fade0dc,Mercury Lamp,29,nm,absorbance,347.5142025195808
351.956,25.291242,37381227-77f4-4711-9322-5d3d6fade0dc,Mercury Lamp,30,nm,absorbance,347.73157929502696
352.174,26.294807,37381227-77f4-4711-9322-5d3d6fade0dc,Mercury Lamp,31,nm,absorbance,347.94796348245734
352.393,26.080017000000005,37381227-77f4-4711-9322-5d3d6fade0dc,Mercury Lamp,32,nm,absorbance,348.16534025790344
352.612,25.758749,37381227-77f4-4711-9322-5d3d6fade0dc,Mercury Lamp,33,nm,absorbance,348.38271703334965
352.831,28.203709000000003,37381227-77f4-4711-9322-5d3d6fade0dc,Mercury Lamp,34,nm,absorbance,348.6000938087958
353.049,31.085981000000004,37381227-77f4-4711-9322-5d3d6fade0dc,Mercury Lamp,35,nm,absorbance,348.8164779962262
353.268,30.953139000000004,37381227-77f4-4711-9322-5d3d6fade0dc,Mercury Lamp,36,nm,absorbance,349.03385477167234
353.487,31.708624,37381227-77f4-4711-9322-5d3d6fade0dc,Mercury Lamp,37,nm,absorbance,349.2512315471185
353.705,29.380089,37381227-77f4-4711-9322-5d3d6fade0dc,Mercury Lamp,38,nm,absorbance,349.4676157345489
353.924,30.748325,37381227-77f4-4711-9322-5d3d6fade0dc,Mercury Lamp,39,nm,absorbance,349.684992509995
354.143,28.034661,37381227-77f4-4711-9322-5d3d6fade0dc,Mercury Lamp,40,nm,absorbance,349.9023692854412
354.361,30.131507000000006,37381227-77f4-4711-9322-5d3d6fade0dc,Mercury Lamp,41,nm,absorbance,350.1187534728716
354.58,30.291067,37381227-77f4-4711-9322-5d3d6fade0dc,Mercury Lamp,42,nm,absorbance,350.3361302483177
354.798,30.344076,37381227-77f4-4711-9322-5d3d6fade0dc,Mercury Lamp,43,nm,absorbance,350.55251443574815
355.017,29.580303,37381227-77f4-4711-9322-5d3d6fade0dc,Mercury Lamp,44,nm,absorbance,350.7698912111943
355.236,29.435891000000005,37381227-77f4-4711-9322-5d3d6fade0dc,Mercury Lamp,45,nm,absorbance,350.98726798664046
355.454,25.464833,37381227-77f4-4711-9322-5d3d6fade0dc,Mercury Lamp,46,nm,absorbance,351.2036521740709
355.673,26.379846,37381227-77f4-4711-9322-5d3d6fade0dc,Mercury Lamp,47,nm,absorbance,351.42102894951705
355.891,24.900058,37381227-77f4-4711-9322-5d3d6fade0dc,Mercury Lamp,48,nm,absorbance,351.63741313694743
356.11,27.617917,37381227-77f4-4711-9322-5d3d6fade0dc,Mercury Lamp,49,nm,absorbance,351.8547899123936
356.328,27.037804,37381227-77f4-4711-9322-5d3d6fade0dc,Mercury Lamp,50,nm,absorbance,352.07117409982396
356.547,29.099104,37381227-77f4-4711-9322-5d3d6fade0dc,Mercury Lamp,51,nm,absorbance,352.2885508752702
356.765,30.376007999999995,37381227-77f4-4711-9322-5d3d6fade0dc,Mercury Lamp,52,nm,absorbance,352.50493506270055
356.984,30.851785,37381227-77f4-4711-9322-5d3d6fade0dc,Mercury Lamp,53,nm,absorbance,352.7223118381467
357.202,28.644166,37381227-77f4-4711-9322-5d3d6fade0dc,Mercury Lamp,54,nm,absorbance,352.9386960255771
357.42,26.770266000000003,37381227-77f4-4711-9322-5d3d6fade0dc,Mercury Lamp,55,nm,absorbance,353.1550802130075
357.639,23.780553000000005,37381227-77f4-4711-9322-5d3d6fade0dc,Mercury Lamp,56,nm,absorbance,353.3724569884537
357.857,25.725569,37381227-77f4-4711-9322-5d3d6fade0dc,Mercury Lamp,57,nm,absorbance,353.5888411758841
358.076,24.957553,37381227-77f4-4711-9322-5d3d6fade0dc,Mercury Lamp,58,nm,absorbance,353.80621795133027
358.294,28.618266,37381227-77f4-4711-9322-5d3d6fade0dc,Mercury Lamp,59,nm,absorbance,354.02260213876065
358.512,30.502874,37381227-77f4-4711-9322-5d3d6fade0dc,Mercury Lamp,60,nm,absorbance,354.2389863261911
358.731,29.880026,37381227-77f4-4711-9322-5d3d6fade0dc,Mercury Lamp,61,nm,absorbance,354.4563631016372
358.949,27.014092,37381227-77f4-4711-9322-5d3d6fade0dc,Mercury Lamp,62,nm,absorbance,354.6727472890676
359.167,22.242758,37381227-77f4-4711-9322-5d3d6fade0dc,Mercury Lamp,63,nm,absorbance,354.889131476498
359.386,23.934703000000003,37381227-77f4-4711-9322-5d3d6fade0dc,Mercury Lamp,64,nm,absorbance,355.1065082519442
359.604,20.789033000000003,37381227-77f4-4711-9322-5d3d6fade0dc,Mercury Lamp,65,nm,absorbance,355.3228924393746
359.822,26.308551,37381227-77f4-4711-9322-5d3d6fade0dc,Mercury Lamp,66,nm,absorbance,355.539276626805
360.04,25.179763,37381227-77f4-4711-9322-5d3d6fade0dc,Mercury Lamp,67,nm,absorbance,355.75566081423545
360.259,27.145574,37381227-77f4-4711-9322-5d3d6fade0dc,Mercury Lamp,68,nm,absorbance,355.97303758968155
360.477,25.320063,37381227-77f4-4711-9322-5d3d6fade0dc,Mercury Lamp,69,nm,absorbance,356.18942177711193
360.695,23.37078,37381227-77f4-4711-9322-5d3d6fade0dc,Mercury Lamp,70,nm,absorbance,356.40580596454237
360.913,28.390869,37381227-77f4-4711-9322-5d3d6fade0dc,Mercury Lamp,71,nm,absorbance,356.6221901519728
361.131,27.939561000000005,37381227-77f4-4711-9322-5d3d6fade0dc,Mercury Lamp,72,nm,absorbance,356.8385743394032
361.35,27.515099,37381227-77f4-4711-9322-5d3d6fade0dc,Mercury Lamp,73,nm,absorbance,357.0559511148494
361.568,25.344141,37381227-77f4-4711-9322-5d3d6fade0dc,Mercury Lamp,74,nm,absorbance,357.27233530227977
361.786,23.744817,37381227-77f4-4711-9322-5d3d6fade0dc,Mercury Lamp,75,nm,absorbance,357.48871948971015
362.004,31.163061,37381227-77f4-4711-9322-5d3d6fade0dc,Mercury Lamp,76,nm,absorbance,357.7051036771406
362.222,34.043294,37381227-77f4-4711-9322-5d3d6fade0dc,Mercury Lamp,77,nm,absorbance,357.92148786457096
362.44,36.368195,37381227-77f4-4711-9322-5d3d6fade0dc,Mercury Lamp,78,nm,absorbance,358.1378720520014
362.658,35.02419400000001,37381227-77f4-4711-9322-5d3d6fade0dc,Mercury Lamp,79,nm,absorbance,358.35425623943183
362.876,33.285042999999995,37381227-77f4-4711-9322-5d3d6fade0dc,Mercury Lamp,80,nm,absorbance,358.5706404268622
363.094,40.116319,37381227-77f4-4711-9322-5d3d6fade0dc,Mercury Lamp,81,nm,absorbance,358.78702461429265
363.312,49.587569,37381227-77f4-4711-9322-5d3d6fade0dc,Mercury Lamp,82,nm,absorbance,359.0034088017231
363.53,57.64312600000001,37381227-77f4-4711-9322-5d3d6fade0dc,Mercury Lamp,83,nm,absorbance,359.21979298915346
363.749,63.977589,37381227-77f4-4711-9322-5d3d6fade0dc,Mercury Lamp,84,nm,absorbance,359.4371697645996
363.967,72.264058,37381227-77f4-4711-9322-5d3d6fade0dc,Mercury Lamp,85,nm,absorbance,359.65355395203
364.184,81.35968000000001,37381227-77f4-4711-9322-5d3d6fade0dc,Mercury Lamp,86,nm,absorbance,359.8689455514447
364.402,98.868708,37381227-77f4-4711-9322-5d3d6fade0dc,Mercury Lamp,87,nm,absorbance,360.0853297388751
364.62,113.76058300000004,37381227-77f4-4711-9322-5d3d6fade0dc,Mercury Lamp,88,nm,absorbance,360.3017139263055
364.838,133.803945,37381227-77f4-4711-9322-5d3d6fade0dc,Mercury Lamp,89,nm,absorbance,360.51809811373596
365.056,148.564891,37381227-77f4-4711-9322-5d3d6fade0dc,Mercury Lamp,90,nm,absorbance,360.73448230116634
365.274,168.99494499999997,37381227-77f4-4711-9322-5d3d6fade0dc,Mercury Lamp,91,nm,absorbance,360.9508664885968
365.492,194.012984,37381227-77f4-4711-9322-5d3d6fade0dc,Mercury Lamp,92,nm,absorbance,361.1672506760272
365.71,222.054413,37381227-77f4-4711-9322-5d3d6fade0dc,Mercury Lamp,93,nm,absorbance,361.3836348634576
365.928,249.258066,37381227-77f4-4711-9322-5d3d6fade0dc,Mercury Lamp,94,nm,absorbance,361.60001905088797
366.146,271.133369,37381227-77f4-4711-9322-5d3d6fade0dc,Mercury Lamp,95,nm,absorbance,361.8164032383184
366.364,286.00115,37381227-77f4-4711-9322-5d3d6fade0dc,Mercury Lamp,96,nm,absorbance,362.0327874257488
366.581,294.929191,37381227-77f4-4711-9322-5d3d6fade0dc,Mercury Lamp,97,nm,absorbance,362.2481790251635
366.799,305.203495,37381227-77f4-4711-9322-5d3d6fade0dc,Mercury Lamp,98,nm,absorbance,362.4645632125939
367.017,312.634343,37381227-77f4-4711-9322-5d3d6fade0dc,Mercury Lamp,99,nm,absorbance,362.6809474000243
367.235,320.65888099999995,37381227-77f4-4711-9322-5d3d6fade0dc,Mercury Lamp,100,nm,absorbance,362.89733158745474
367.453,324.610716,37381227-77f4-4711-9322-5d3d6fade0dc,Mercury Lamp,101,nm,absorbance,363.1137157748851
367.67,327.83463399999994,37381227-77f4-4711-9322-5d3d6fade0dc,Mercury Lamp,102,nm,absorbance,363.32910737429984
367.888,329.507773,37381227-77f4-4711-9322-5d3d6fade0dc,Mercury Lamp,103,nm,absorbance,363.5454915617302
368.106,334.702923,37381227-77f4-4711-9322-5d3d6fade0dc,Mercury Lamp,104,nm,absorbance,363.76187574916065
368.323,342.27265600000004,37381227-77f4-4711-9322-5d3d6fade0dc,Mercury Lamp,105,nm,absorbance,363.9772673485753
368.541,347.245676,37381227-77f4-4711-9322-5d3d6fade0dc,Mercury Lamp,106,nm,absorbance,364.19365153600575
368.759,361.416761,37381227-77f4-4711-9322-5d3d6fade0dc,Mercury Lamp,107,nm,absorbance,364.4100357234362
368.977,374.300431,37381227-77f4-4711-9322-5d3d6fade0dc,Mercury Lamp,108,nm,absorbance,364.6264199108665
369.194,391.930112,37381227-77f4-4711-9322-5d3d6fade0dc,Mercury Lamp,109,nm,absorbance,364.8418115102812
369.412,396.53397400000006,37381227-77f4-4711-9322-5d3d6fade0dc,Mercury Lamp,110,nm,absorbance,365.0581956977116
369.629,395.462368,37381227-77f4-4711-9322-5d3d6fade0dc,Mercury Lamp,111,nm,absorbance,365.2735872971263
369.847,391.99353800000006,37381227-77f4-4711-9322-5d3d6fade0dc,Mercury Lamp,112,nm,absorbance,365.4899714845567
370.065,393.8099329999999,37381227-77f4-4711-9322-5d3d6fade0dc,Mercury Lamp,113,nm,absorbance,365.7063556719871
370.282,395.214989,37381227-77f4-4711-9322-5d3d6fade0dc,Mercury Lamp,114,nm,absorbance,365.9217472714018
370.5,396.79938,37381227-77f4-4711-9322-5d3d6fade0dc,Mercury Lamp,115,nm,absorbance,366.1381314588322
370.717,391.289264,37381227-77f4-4711-9322-5d3d6fade0dc,Mercury Lamp,116,nm,absorbance,366.3535230582469
370.935,393.408735,37381227-77f4-4711-9322-5d3d6fade0dc,Mercury Lamp,117,nm,absorbance,366.5699072456773
371.152,400.62312,37381227-77f4-4711-9322-5d3d6fade0dc,Mercury Lamp,118,nm,absorbance,366.785298845092
371.37,406.075547,37381227-77f4-4711-9322-5d3d6fade0dc,Mercury Lamp,119,nm,absorbance,367.0016830325224
371.588,410.479296,37381227-77f4-4711-9322-5d3d6fade0dc,Mercury Lamp,120,nm,absorbance,367.21806721995284
371.805,411.522862,37381227-77f4-4711-9322-5d3d6fade0dc,Mercury Lamp,121,nm,absorbance,367.4334588193675
372.022,405.318139,37381227-77f4-4711-9322-5d3d6fade0dc,Mercury Lamp,122,nm,absorbance,367.64885041878216
372.24,398.61279,37381227-77f4-4711-9322-5d3d6fade0dc,Mercury Lamp,123,nm,absorbance,367.8652346062126
372.457,378.451598,37381227-77f4-4711-9322-5d3d6fade0dc,Mercury Lamp,124,nm,absorbance,368.08062620562725
372.675,370.79986500000007,37381227-77f4-4711-9322-5d3d6fade0dc,Mercury Lamp,125,nm,absorbance,368.2970103930577
372.892,344.554213,37381227-77f4-4711-9322-5d3d6fade0dc,Mercury Lamp,126,nm,absorbance,368.51240199247235
373.11,320.759132,37381227-77f4-4711-9322-5d3d6fade0dc,Mercury Lamp,127,nm,absorbance,368.7287861799028
373.327,287.31124600000004,37381227-77f4-4711-9322-5d3d6fade0dc,Mercury Lamp,128,nm,absorbance,368.94417777931744
373.544,262.371541,37381227-77f4-4711-9322-5d3d6fade0dc,Mercury Lamp,129,nm,absorbance,369.1595693787321
373.762,230.762138,37381227-77f4-4711-9322-5d3d6fade0dc,Mercury Lamp,130,nm,absorbance,369.37595356616254
373.979,191.986923,37381227-77f4-4711-9322-5d3d6fade0dc,Mercury Lamp,131,nm,absorbance,369.5913451655772
374.196,150.81891800000002,37381227-77f4-4711-9322-5d3d6fade0dc,Mercury Lamp,132,nm,absorbance,369.8067367649919
374.414,114.417558,37381227-77f4-4711-9322-5d3d6fade0dc,Mercury Lamp,133,nm,absorbance,370.0231209524223
374.631,88.971219,37381227-77f4-4711-9322-5d3d6fade0dc,Mercury Lamp,134,nm,absorbance,370.23851255183695
374.848,69.74067199999999,37381227-77f4-4711-9322-5d3d6fade0dc,Mercury Lamp,135,nm,absorbance,370.45390415125166
375.066,64.459053,37381227-77f4-4711-9322-5d3d6fade0dc,Mercury Lamp,136,nm,absorbance,370.670288338682
375.283,56.950208,37381227-77f4-4711-9322-5d3d6fade0dc,Mercury Lamp,137,nm,absorbance,370.88567993809676
375.5,53.802246,37381227-77f4-4711-9322-5d3d6fade0dc,Mercury Lamp,138,nm,absorbance,371.1010715375114
375.717,51.19291,37381227-77f4-4711-9322-5d3d6fade0dc,Mercury Lamp,139,nm,absorbance,371.3164631369261
375.935,50.507238,37381227-77f4-4711-9322-5d3d6fade0dc,Mercury Lamp,140,nm,absorbance,371.53284732435645
376.152,49.529397,37381227-77f4-4711-9322-5d3d6fade0dc,Mercury Lamp,141,nm,absorbance,371.74823892377117
376.369,45.047583,37381227-77f4-4711-9322-5d3d6fade0dc,Mercury Lamp,142,nm,absorbance,371.9636305231859
376.586,43.805958,37381227-77f4-4711-9322-5d3d6fade0dc,Mercury Lamp,143,nm,absorbance,372.17902212260054
376.803,45.528608000000006,37381227-77f4-4711-9322-5d3d6fade0dc,Mercury Lamp,144,nm,absorbance,372.3944137220152
377.02,49.064298,37381227-77f4-4711-9322-5d3d6fade0dc,Mercury Lamp,145,nm,absorbance,372.60980532142986
377.238,49.261838,37381227-77f4-4711-9322-5d3d6fade0dc,Mercury Lamp,146,nm,absorbance,372.8261895088603
377.455,48.545528,37381227-77f4-4711-9322-5d3d6fade0dc,Mercury Lamp,147,nm,absorbance,373.04158110827495
377.672,46.571472,37381227-77f4-4711-9322-5d3d6fade0dc,Mercury Lamp,148,nm,absorbance,373.25697270768967
377.889,45.599003,37381227-77f4-4711-9322-5d3d6fade0dc,Mercury Lamp,149,nm,absorbance,373.4723643071043
378.106,47.760317,37381227-77f4-4711-9322-5d3d6fade0dc,Mercury Lamp,150,nm,absorbance,373.687755906519
378.323,49.630905,37381227-77f4-4711-9322-5d3d6fade0dc,Mercury Lamp,151,nm,absorbance,373.90314750593365
378.54,51.881994,37381227-77f4-4711-9322-5d3d6fade0dc,Mercury Lamp,152,nm,absorbance,374.11853910534836
378.757,48.464398,37381227-77f4-4711-9322-5d3d6fade0dc,Mercury Lamp,153,nm,absorbance,374.333930704763
378.974,48.176366,37381227-77f4-4711-9322-5d3d6fade0dc,Mercury Lamp,154,nm,absorbance,374.5493223041777
379.191,49.876081000000006,37381227-77f4-4711-9322-5d3d6fade0dc,Mercury Lamp,155,nm,absorbance,374.76471390359234
379.408,51.77465,37381227-77f4-4711-9322-5d3d6fade0dc,Mercury Lamp,156,nm,absorbance,374.98010550300705
379.625,45.098046,37381227-77f4-4711-9322-5d3d6fade0dc,Mercury Lamp,157,nm,absorbance,375.1954971024217
379.842,43.520602,37381227-77f4-4711-9322-5d3d6fade0dc,Mercury Lamp,158,nm,absorbance,375.41088870183637
380.059,45.61956,37381227-77f4-4711-9322-5d3d6fade0dc,Mercury Lamp,159,nm,absorbance,375.6262803012511
380.276,51.133011,37381227-77f4-4711-9322-5d3d6fade0dc,Mercury Lamp,160,nm,absorbance,375.84167190066574
380.493,47.326918,37381227-77f4-4711-9322-5d3d6fade0dc,Mercury Lamp,161,nm,absorbance,376.0570635000804
380.71,45.33070300000001,37381227-77f4-4711-9322-5d3d6fade0dc,Mercury Lamp,162,nm,absorbance,376.27245509949506
380.927,42.001732,37381227-77f4-4711-9322-5d3d6fade0dc,Mercury Lamp,163,nm,absorbance,376.4878466989098
381.143,48.929384000000006,37381227-77f4-4711-9322-5d3d6fade0dc,Mercury Lamp,164,nm,absorbance,376.70224571030866
381.36,45.06554299999999,37381227-77f4-4711-9322-5d3d6fade0dc,Mercury Lamp,165,nm,absorbance,376.9176373097234
381.577,50.95819999999999,37381227-77f4-4711-9322-5d3d6fade0dc,Mercury Lamp,166,nm,absorbance,377.13302890913803
381.794,45.458104000000006,37381227-77f4-4711-9322-5d3d6fade0dc,Mercury Lamp,167,nm,absorbance,377.3484205085527
382.011,45.789079,37381227-77f4-4711-9322-5d3d6fade0dc,Mercury Lamp,168,nm,absorbance,377.5638121079674
382.228,41.56307300000001,37381227-77f4-4711-9322-5d3d6fade0dc,Mercury Lamp,169,nm,absorbance,377.77920370738207
382.444,42.284003,37381227-77f4-4711-9322-5d3d6fade0dc,Mercury Lamp,170,nm,absorbance,377.993602718781
382.661,46.52150499999999,37381227-77f4-4711-9322-5d3d6fade0dc,Mercury Lamp,171,nm,absorbance,378.2089943181957
382.878,47.69490599999999,37381227-77f4-4711-9322-5d3d6fade0dc,Mercury Lamp,172,nm,absorbance,378.4243859176104
383.095,48.476854,37381227-77f4-4711-9322-5d3d6fade0dc,Mercury Lamp,173,nm,absorbance,378.6397775170251
383.311,47.630281,37381227-77f4-4711-9322-5d3d6fade0dc,Mercury Lamp,174,nm,absorbance,378.854176528424
383.528,47.974311,37381227-77f4-4711-9322-5d3d6fade0dc,Mercury Lamp,175,nm,absorbance,379.0695681278387
383.745,49.221777,37381227-77f4-4711-9322-5d3d6fade0dc,Mercury Lamp,176,nm,absorbance,379.28495972725335
383.962,50.04877,37381227-77f4-4711-9322-5d3d6fade0dc,Mercury Lamp,177,nm,absorbance,379.500351326668
384.178,48.203214,37381227-77f4-4711-9322-5d3d6fade0dc,Mercury Lamp,178,nm,absorbance,379.71475033806695
384.395,47.671416,37381227-77f4-4711-9322-5d3d6fade0dc,Mercury Lamp,179,nm,absorbance,379.9301419374816
384.612,49.597033,37381227-77f4-4711-9322-5d3d6fade0dc,Mercury Lamp,180,nm,absorbance,380.1455335368963
384.828,50.627108,37381227-77f4-4711-9322-5d3d6fade0dc,Mercury Lamp,181,nm,absorbance,380.3599325482952
385.045,49.506919,37381227-77f4-4711-9322-5d3d6fade0dc,Mercury Lamp,182,nm,absorbance,380.5753241477099
385.261,45.60374100000001,37381227-77f4-4711-9322-5d3d6fade0dc,Mercury Lamp,183,nm,absorbance,380.78972315910886
385.478,46.369272,37381227-77f4-4711-9322-5d3d6fade0dc,Mercury Lamp,184,nm,absorbance,381.0051147585235
385.695,45.834028,37381227-77f4-4711-9322-5d3d6fade0dc,Mercury Lamp,185,nm,absorbance,381.2205063579382
385.911,42.742291,37381227-77f4-4711-9322-5d3d6fade0dc,Mercury Lamp,186,nm,absorbance,381.4349053693372
386.128,45.587287,37381227-77f4-4711-9322-5d3d6fade0dc,Mercury Lamp,187,nm,absorbance,381.65029696875183
386.344,46.66141000000001,37381227-77f4-4711-9322-5d3d6fade0dc,Mercury Lamp,188,nm,absorbance,381.86469598015077
386.561,51.57631799999999,37381227-77f4-4711-9322-5d3d6fade0dc,Mercury Lamp,189,nm,absorbance,382.08008757956543
386.777,50.723078,37381227-77f4-4711-9322-5d3d6fade0dc,Mercury Lamp,190,nm,absorbance,382.29448659096437
386.994,56.315638,37381227-77f4-4711-9322-5d3d6fade0dc,Mercury Lamp,191,nm,absorbance,382.5098781903791
387.21,57.034687,37381227-77f4-4711-9322-5d3d6fade0dc,Mercury Lamp,192,nm,absorbance,382.72427720177797
387.427,57.201342,37381227-77f4-4711-9322-5d3d6fade0dc,Mercury Lamp,193,nm,absorbance,382.9396688011927
387.643,55.665833,37381227-77f4-4711-9322-5d3d6fade0dc,Mercury Lamp,194,nm,absorbance,383.15406781259156
387.86,58.230304,37381227-77f4-4711-9322-5d3d6fade0dc,Mercury Lamp,195,nm,absorbance,383.3694594120063
388.076,63.38188,37381227-77f4-4711-9322-5d3d6fade0dc,Mercury Lamp,196,nm,absorbance,383.5838584234053
388.292,60.18812099999999,37381227-77f4-4711-9322-5d3d6fade0dc,Mercury Lamp,197,nm,absorbance,383.79825743480416
388.509,58.760617,37381227-77f4-4711-9322-5d3d6fade0dc,Mercury Lamp,198,nm,absorbance,384.0136490342189
388.725,50.722233,37381227-77f4-4711-9322-5d3d6fade0dc,Mercury Lamp,199,nm,absorbance,384.2280480456178
388.942,53.241923,37381227-77f4-4711-9322-5d3d6fade0dc,Mercury Lamp,200,nm,absorbance,384.44343964503247
389.158,50.212157000000005,37381227-77f4-4711-9322-5d3d6fade0dc,Mercury Lamp,201,nm,absorbance,384.6578386564314
389.374,49.408951,37381227-77f4-4711-9322-5d3d6fade0dc,Mercury Lamp,202,nm,absorbance,384.87223766783035
389.591,49.675583,37381227-77f4-4711-9322-5d3d6fade0dc,Mercury Lamp,203,nm,absorbance,385.087629267245
389.807,54.807965,37381227-77f4-4711-9322-5d3d6fade0dc,Mercury Lamp,204,nm,absorbance,385.30202827864395
390.023,65.449793,37381227-77f4-4711-9322-5d3d6fade0dc,Mercury Lamp,205,nm,absorbance,385.51642729004294
390.239,67.090346,37381227-77f4-4711-9322-5d3d6fade0dc,Mercury Lamp,206,nm,absorbance,385.7308263014418
390.456,62.467903,37381227-77f4-4711-9322-5d3d6fade0dc,Mercury Lamp,207,nm,absorbance,385.94621790085654
390.672,57.889087,37381227-77f4-4711-9322-5d3d6fade0dc,Mercury Lamp,208,nm,absorbance,386.1606169122555
390.888,55.44445400000001,37381227-77f4-4711-9322-5d3d6fade0dc,Mercury Lamp,209,nm,absorbance,386.37501592365436
391.104,59.181902,37381227-77f4-4711-9322-5d3d6fade0dc,Mercury Lamp,210,nm,absorbance,386.5894149350533
391.321,58.847896000000006,37381227-77f4-4711-9322-5d3d6fade0dc,Mercury Lamp,211,nm,absorbance,386.804806534468
391.537,61.207676000000006,37381227-77f4-4711-9322-5d3d6fade0dc,Mercury Lamp,212,nm,absorbance,387.01920554586695
391.753,59.619146,37381227-77f4-4711-9322-5d3d6fade0dc,Mercury Lamp,213,nm,absorbance,387.2336045572659
391.969,55.650311,37381227-77f4-4711-9322-5d3d6fade0dc,Mercury Lamp,214,nm,absorbance,387.44800356866483
392.185,57.951619,37381227-77f4-4711-9322-5d3d6fade0dc,Mercury Lamp,215,nm,absorbance,387.66240258006377
392.401,62.464804,37381227-77f4-4711-9322-5d3d6fade0dc,Mercury Lamp,216,nm,absorbance,387.8768015914627
392.618,72.278425,37381227-77f4-4711-9322-5d3d6fade0dc,Mercury Lamp,217,nm,absorbance,388.09219319087737
392.834,70.357179,37381227-77f4-4711-9322-5d3d6fade0dc,Mercury Lamp,218,nm,absorbance,388.3065922022763
393.05,70.114564,37381227-77f4-4711-9322-5d3d6fade0dc,Mercury Lamp,219,nm,absorbance,388.5209912136753
393.266,62.483504,37381227-77f4-4711-9322-5d3d6fade0dc,Mercury Lamp,220,nm,absorbance,388.73539022507424
393.482,61.313259,37381227-77f4-4711-9322-5d3d6fade0dc,Mercury Lamp,221,nm,absorbance,388.9497892364732
393.698,57.971153,37381227-77f4-4711-9322-5d3d6fade0dc,Mercury Lamp,222,nm,absorbance,389.16418824787206
393.914,63.44666099999999,37381227-77f4-4711-9322-5d3d6fade0dc,Mercury Lamp,223,nm,absorbance,389.378587259271
394.13,71.45625600000001,37381227-77f4-4711-9322-5d3d6fade0dc,Mercury Lamp,224,nm,absorbance,389.59298627066994
394.346,73.128801,37381227-77f4-4711-9322-5d3d6fade0dc,Mercury Lamp,225,nm,absorbance,389.8073852820689
394.562,71.660582,37381227-77f4-4711-9322-5d3d6fade0dc,Mercury Lamp,226,nm,absorbance,390.0217842934679
394.778,66.047312,37381227-77f4-4711-9322-5d3d6fade0dc,Mercury Lamp,227,nm,absorbance,390.2361833048668
394.994,68.885413,37381227-77f4-4711-9322-5d3d6fade0dc,Mercury Lamp,228,nm,absorbance,390.45058231626575
395.21,67.93997900000001,37381227-77f4-4711-9322-5d3d6fade0dc,Mercury Lamp,229,nm,absorbance,390.66498132766463
395.426,69.62198400000001,37381227-77f4-4711-9322-5d3d6fade0dc,Mercury Lamp,230,nm,absorbance,390.8793803390636
395.642,72.66722999999999,37381227-77f4-4711-9322-5d3d6fade0dc,Mercury Lamp,231,nm,absorbance,391.0937793504625
395.858,75.988779,37381227-77f4-4711-9322-5d3d6fade0dc,Mercury Lamp,232,nm,absorbance,391.3081783618615
396.073,78.442555,37381227-77f4-4711-9322-5d3d6fade0dc,Mercury Lamp,233,nm,absorbance,391.52158478524467
396.289,77.986695,37381227-77f4-4711-9322-5d3d6fade0dc,Mercury Lamp,234,nm,absorbance,391.7359837966436
396.505,76.64829900000001,37381227-77f4-4711-9322-5d3d6fade0dc,Mercury Lamp,235,nm,absorbance,391.95038280804255
396.721,79.114223,37381227-77f4-4711-9322-5d3d6fade0dc,Mercury Lamp,236,nm,absorbance,392.1647818194415
396.937,76.40332899999999,37381227-77f4-4711-9322-5d3d6fade0dc,Mercury Lamp,237,nm,absorbance,392.3791808308405
397.153,75.80223199999999,37381227-77f4-4711-9322-5d3d6fade0dc,Mercury Lamp,238,nm,absorbance,392.5935798422394
397.369,76.263792,37381227-77f4-4711-9322-5d3d6fade0dc,Mercury Lamp,239,nm,absorbance,392.80797885363836
397.584,76.237113,37381227-77f4-4711-9322-5d3d6fade0dc,Mercury Lamp,240,nm,absorbance,393.0213852770215
397.8,77.39326299999999,37381227-77f4-4711-9322-5d3d6fade0dc,Mercury Lamp,241,nm,absorbance,393.23578428842046
398.016,74.739499,37381227-77f4-4711-9322-5d3d6fade0dc,Mercury Lamp,242,nm,absorbance,393.45018329981946
398.232,79.01183900000001,37381227-77f4-4711-9322-5d3d6fade0dc,Mercury Lamp,243,nm,absorbance,393.6645823112184
398.447,84.808488,37381227-77f4-4711-9322-5d3d6fade0dc,Mercury Lamp,244,nm,absorbance,393.87798873460156
398.663,84.136845,37381227-77f4-4711-9322-5d3d6fade0dc,Mercury Lamp,245,nm,absorbance,394.0923877460005
398.879,84.261165,37381227-77f4-4711-9322-5d3d6fade0dc,Mercury Lamp,246,nm,absorbance,394.30678675739944
399.094,82.421504,37381227-77f4-4711-9322-5d3d6fade0dc,Mercury Lamp,247,nm,absorbance,394.52019318078266
399.31,82.09609300000001,37381227-77f4-4711-9322-5d3d6fade0dc,Mercury Lamp,248,nm,absorbance,394.7345921921816
399.526,82.545467,37381227-77f4-4711-9322-5d3d6fade0dc,Mercury Lamp,249,nm,absorbance,394.94899120358053
399.741,83.657228,37381227-77f4-4711-9322-5d3d6fade0dc,Mercury Lamp,250,nm,absorbance,395.1623976269637
399.957,87.17063900000001,37381227-77f4-4711-9322-5d3d6fade0dc,Mercury Lamp,251,nm,absorbance,395.37679663836263
400.173,87.67521499999998,37381227-77f4-4711-9322-5d3d6fade0dc,Mercury Lamp,252,nm,absorbance,395.59119564976163
400.388,86.896681,37381227-77f4-4711-9322-5d3d6fade0dc,Mercury Lamp,253,nm,absorbance,395.8046020731448
400.604,85.14683300000002,37381227-77f4-4711-9322-5d3d6fade0dc,Mercury Lamp,254,nm,absorbance,396.01900108454373
400.82,85.35413000000001,37381227-77f4-4711-9322-5d3d6fade0dc,Mercury Lamp,255,nm,absorbance,396.23340009594267
401.035,93.145913,37381227-77f4-4711-9322-5d3d6fade0dc,Mercury Lamp,256,nm,absorbance,396.4468065193259
401.251,96.703704,37381227-77f4-4711-9322-5d3d6fade0dc,Mercury Lamp,257,nm,absorbance,396.6612055307248
401.466,103.64755499999998,37381227-77f4-4711-9322-5d3d6fade0dc,Mercury Lamp,258,nm,absorbance,396.87461195410805
401.682,100.106294,37381227-77f4-4711-9322-5d3d6fade0dc,Mercury Lamp,259,nm,absorbance,397.089010965507
401.897,102.018877,37381227-77f4-4711-9322-5d3d6fade0dc,Mercury Lamp,260,nm,absorbance,397.30241738889015
402.113,100.19704,37381227-77f4-4711-9322-5d3d6fade0dc,Mercury Lamp,261,nm,absorbance,397.51681640028914
402.328,103.143428,37381227-77f4-4711-9322-5d3d6fade0dc,Mercury Lamp,262,nm,absorbance,397.7302228236723
402.544,106.53575800000002,37381227-77f4-4711-9322-5d3d6fade0dc,Mercury Lamp,263,nm,absorbance,397.94462183507125
402.759,108.076938,37381227-77f4-4711-9322-5d3d6fade0dc,Mercury Lamp,264,nm,absorbance,398.15802825845446
402.974,110.952055,37381227-77f4-4711-9322-5d3d6fade0dc,Mercury Lamp,265,nm,absorbance,398.3714346818377
403.19,121.54011599999998,37381227-77f4-4711-9322-5d3d6fade0dc,Mercury Lamp,266,nm,absorbance,398.5858336932366
403.405,129.42862799999995,37381227-77f4-4711-9322-5d3d6fade0dc,Mercury Lamp,267,nm,absorbance,398.7992401166198
403.621,133.634205,37381227-77f4-4711-9322-5d3d6fade0dc,Mercury Lamp,268,nm,absorbance,399.0136391280187
403.836,142.782503,37381227-77f4-4711-9322-5d3d6fade0dc,Mercury Lamp,269,nm,absorbance,399.227045551402
404.051,158.647184,37381227-77f4-4711-9322-5d3d6fade0dc,Mercury Lamp,270,nm,absorbance,399.44045197478516
404.267,181.278416,37381227-77f4-4711-9322-5d3d6fade0dc,Mercury Lamp,271,nm,absorbance,399.6548509861841
404.482,194.549128,37381227-77f4-4711-9322-5d3d6fade0dc,Mercury Lamp,272,nm,absorbance,399.8682574095673
404.697,208.642543,37381227-77f4-4711-9322-5d3d6fade0dc,Mercury Lamp,273,nm,absorbance,400.08166383295054
404.913,230.336695,37381227-77f4-4711-9322-5d3d6fade0dc,Mercury Lamp,274,nm,absorbance,400.2960628443495
405.128,254.612362,37381227-77f4-4711-9322-5d3d6fade0dc,Mercury Lamp,275,nm,absorbance,400.50946926773264
405.343,280.48430399999995,37381227-77f4-4711-9322-5d3d6fade0dc,Mercury Lamp,276,nm,absorbance,400.72287569111586
405.559,299.564159,37381227-77f4-4711-9322-5d3d6fade0dc,Mercury Lamp,277,nm,absorbance,400.9372747025148
405.774,322.71920900000003,37381227-77f4-4711-9322-5d3d6fade0dc,Mercury Lamp,278,nm,absorbance,401.150681125898
405.989,345.498547,37381227-77f4-4711-9322-5d3d6fade0dc,Mercury Lamp,279,nm,absorbance,401.3640875492812
406.204,365.384504,37381227-77f4-4711-9322-5d3d6fade0dc,Mercury Lamp,280,nm,absorbance,401.5774939726644
406.42,375.656362,37381227-77f4-4711-9322-5d3d6fade0dc,Mercury Lamp,281,nm,absorbance,401.7918929840634
406.635,384.924411,37381227-77f4-4711-9322-5d3d6fade0dc,Mercury Lamp,282,nm,absorbance,402.00529940744656
406.85,387.1697670000001,37381227-77f4-4711-9322-5d3d6fade0dc,Mercury Lamp,283,nm,absorbance,402.2187058308298
407.065,388.819043,37381227-77f4-4711-9322-5d3d6fade0dc,Mercury Lamp,284,nm,absorbance,402.43211225421294
407.28,393.530279,37381227-77f4-4711-9322-5d3d6fade0dc,Mercury Lamp,285,nm,absorbance,402.64551867759616
407.495,400.273306,37381227-77f4-4711-9322-5d3d6fade0dc,Mercury Lamp,286,nm,absorbance,402.8589251009794
407.71,406.956122,37381227-77f4-4711-9322-5d3d6fade0dc,Mercury Lamp,287,nm,absorbance,403.07233152436254
407.926,417.7510270000001,37381227-77f4-4711-9322-5d3d6fade0dc,Mercury Lamp,288,nm,absorbance,403.2867305357615
408.141,430.620235,37381227-77f4-4711-9322-5d3d6fade0dc,Mercury Lamp,289,nm,absorbance,403.50013695914475
408.356,445.163635,37381227-77f4-4711-9322-5d3d6fade0dc,Mercury Lamp,290,nm,absorbance,403.7135433825279
408.571,443.726059,37381227-77f4-4711-9322-5d3d6fade0dc,Mercury Lamp,291,nm,absorbance,403.92694980591114
408.786,445.671178,37381227-77f4-4711-9322-5d3d6fade0dc,Mercury Lamp,292,nm,absorbance,404.14035622929435
409.001,457.452637,37381227-77f4-4711-9322-5d3d6fade0dc,Mercury Lamp,293,nm,absorbance,404.3537626526775
409.216,472.43232000000006,37381227-77f4-4711-9322-5d3d6fade0dc,Mercury Lamp,294,nm,absorbance,404.56716907606074
409.431,477.787321,37381227-77f4-4711-9322-5d3d6fade0dc,Mercury Lamp,295,nm,absorbance,404.78057549944396
409.646,470.6964489999999,37381227-77f4-4711-9322-5d3d6fade0dc,Mercury Lamp,296,nm,absorbance,404.9939819228272
409.861,460.4919820000001,37381227-77f4-4711-9322-5d3d6fade0dc,Mercury Lamp,297,nm,absorbance,405.20738834621034
410.076,463.37162000000006,37381227-77f4-4711-9322-5d3d6fade0dc,Mercury Lamp,298,nm,absorbance,405.42079476959356
410.291,463.3409030000001,37381227-77f4-4711-9322-5d3d6fade0dc,Mercury Lamp,299,nm,absorbance,405.6342011929768
410.506,462.7483600000001,37381227-77f4-4711-9322-5d3d6fade0dc,Mercury Lamp,300,nm,absorbance,405.84760761635994
410.721,456.198662,37381227-77f4-4711-9322-5d3d6fade0dc,Mercury Lamp,301,nm,absorbance,406.06101403974316
410.936,455.7141779999999,37381227-77f4-4711-9322-5d3d6fade0dc,Mercury Lamp,302,nm,absorbance,406.2744204631264
411.15,460.1502330000001,37381227-77f4-4711-9322-5d3d6fade0dc,Mercury Lamp,303,nm,absorbance,406.4868342984938
411.365,462.02072,37381227-77f4-4711-9322-5d3d6fade0dc,Mercury Lamp,304,nm,absorbance,406.70024072187704
411.58,463.202213,37381227-77f4-4711-9322-5d3d6fade0dc,Mercury Lamp,305,nm,absorbance,406.91364714526026
411.795,466.718914,37381227-77f4-4711-9322-5d3d6fade0dc,Mercury Lamp,306,nm,absorbance,407.1270535686435
412.01,463.743284,37381227-77f4-4711-9322-5d3d6fade0dc,Mercury Lamp,307,nm,absorbance,407.34045999202664
412.225,453.098621,37381227-77f4-4711-9322-5d3d6fade0dc,Mercury Lamp,308,nm,absorbance,407.5538664154099
412.439,434.7405880000001,37381227-77f4-4711-9322-5d3d6fade0dc,Mercury Lamp,309,nm,absorbance,407.76628025077736
412.654,410.291433,37381227-77f4-4711-9322-5d3d6fade0dc,Mercury Lamp,310,nm,absorbance,407.9796866741605
412.869,384.537073,37381227-77f4-4711-9322-5d3d6fade0dc,Mercury Lamp,311,nm,absorbance,408.1930930975438
413.084,351.105045,37381227-77f4-4711-9322-5d3d6fade0dc,Mercury Lamp,312,nm,absorbance,408.40649952092696
413.299,320.315915,37381227-77f4-4711-9322-5d3d6fade0dc,Mercury Lamp,313,nm,absorbance,408.6199059443101
413.513,287.652957,37381227-77f4-4711-9322-5d3d6fade0dc,Mercury Lamp,314,nm,absorbance,408.8323197796776
413.728,261.926112,37381227-77f4-4711-9322-5d3d6fade0dc,Mercury Lamp,315,nm,absorbance,409.04572620306084
413.943,239.082327,37381227-77f4-4711-9322-5d3d6fade0dc,Mercury Lamp,316,nm,absorbance,409.259132626444
414.157,215.55279600000003,37381227-77f4-4711-9322-5d3d6fade0dc,Mercury Lamp,317,nm,absorbance,409.4715464618115
414.372,189.366203,37381227-77f4-4711-9322-5d3d6fade0dc,Mercury Lamp,318,nm,absorbance,409.6849528851947
414.587,166.20533400000002,37381227-77f4-4711-9322-5d3d6fade0dc,Mercury Lamp,319,nm,absorbance,409.8983593085779
414.801,146.08804700000002,37381227-77f4-4711-9322-5d3d6fade0dc,Mercury Lamp,320,nm,absorbance,410.1107731439454
415.016,133.260758,37381227-77f4-4711-9322-5d3d6fade0dc,Mercury Lamp,321,nm,absorbance,410.3241795673286
415.231,128.23862,37381227-77f4-4711-9322-5d3d6fade0dc,Mercury Lamp,322,nm,absorbance,410.53758599071176
415.445,125.382713,37381227-77f4-4711-9322-5d3d6fade0dc,Mercury Lamp,323,nm,absorbance,410.74999982607926
415.66,127.143669,37381227-77f4-4711-9322-5d3d6fade0dc,Mercury Lamp,324,nm,absorbance,410.9634062494625
415.874,124.108317,37381227-77f4-4711-9322-5d3d6fade0dc,Mercury Lamp,325,nm,absorbance,411.1758200848299
416.089,126.580899,37381227-77f4-4711-9322-5d3d6fade0dc,Mercury Lamp,326,nm,absorbance,411.38922650821314
416.304,124.02481399999996,37381227-77f4-4711-9322-5d3d6fade0dc,Mercury Lamp,327,nm,absorbance,411.6026329315963
416.518,129.236198,37381227-77f4-4711-9322-5d3d6fade0dc,Mercury Lamp,328,nm,absorbance,411.81504676696375
416.733,125.935456,37381227-77f4-4711-9322-5d3d6fade0dc,Mercury Lamp,329,nm,absorbance,412.028453190347
416.947,125.432556,37381227-77f4-4711-9322-5d3d6fade0dc,Mercury Lamp,330,nm,absorbance,412.24086702571446
417.162,115.46201899999998,37381227-77f4-4711-9322-5d3d6fade0dc,Mercury Lamp,331,nm,absorbance,412.4542734490976
417.376,111.878985,37381227-77f4-4711-9322-5d3d6fade0dc,Mercury Lamp,332,nm,absorbance,412.6666872844651
417.59,111.119713,37381227-77f4-4711-9322-5d3d6fade0dc,Mercury Lamp,333,nm,absorbance,412.87910111983257
417.805,113.692033,37381227-77f4-4711-9322-5d3d6fade0dc,Mercury Lamp,334,nm,absorbance,413.09250754321585
418.019,117.303376,37381227-77f4-4711-9322-5d3d6fade0dc,Mercury Lamp,335,nm,absorbance,413.3049213785833
418.234,119.226476,37381227-77f4-4711-9322-5d3d6fade0dc,Mercury Lamp,336,nm,absorbance,413.51832780196645
418.448,120.820934,37381227-77f4-4711-9322-5d3d6fade0dc,Mercury Lamp,337,nm,absorbance,413.73074163733395
418.663,128.097673,37381227-77f4-4711-9322-5d3d6fade0dc,Mercury Lamp,338,nm,absorbance,413.94414806071717
418.877,132.622392,37381227-77f4-4711-9322-5d3d6fade0dc,Mercury Lamp,339,nm,absorbance,414.1565618960846
419.091,130.482907,37381227-77f4-4711-9322-5d3d6fade0dc,Mercury Lamp,340,nm,absorbance,414.3689757314521
419.306,128.818001,37381227-77f4-4711-9322-5d3d6fade0dc,Mercury Lamp,341,nm,absorbance,414.5823821548353
419.52,126.18714100000004,37381227-77f4-4711-9322-5d3d6fade0dc,Mercury Lamp,342,nm,absorbance,414.7947959902028
419.734,134.69764499999997,37381227-77f4-4711-9322-5d3d6fade0dc,Mercury Lamp,343,nm,absorbance,415.0072098255702
419.949,133.966606,37381227-77f4-4711-9322-5d3d6fade0dc,Mercury Lamp,344,nm,absorbance,415.22061624895343
420.163,136.136744,37381227-77f4-4711-9322-5d3d6fade0dc,Mercury Lamp,345,nm,absorbance,415.43303008432093
420.377,133.342219,37381227-77f4-4711-9322-5d3d6fade0dc,Mercury Lamp,346,nm,absorbance,415.6454439196884
420.591,135.515276,37381227-77f4-4711-9322-5d3d6fade0dc,Mercury Lamp,347,nm,absorbance,415.8578577550559
420.806,133.027918,37381227-77f4-4711-9322-5d3d6fade0dc,Mercury Lamp,348,nm,absorbance,416.07126417843904
421.02,137.207453,37381227-77f4-4711-9322-5d3d6fade0dc,Mercury Lamp,349,nm,absorbance,416.2836780138065
421.234,140.74695400000002,37381227-77f4-4711-9322-5d3d6fade0dc,Mercury Lamp,350,nm,absorbance,416.496091849174
421.448,148.774792,37381227-77f4-4711-9322-5d3d6fade0dc,Mercury Lamp,351,nm,absorbance,416.7085056845414
421.663,151.76450900000003,37381227-77f4-4711-9322-5d3d6fade0dc,Mercury Lamp,352,nm,absorbance,416.9219121079247
421.877,154.09075,37381227-77f4-4711-9322-5d3d6fade0dc,Mercury Lamp,353,nm,absorbance,417.13432594329214
422.091,154.91763199999997,37381227-77f4-4711-9322-5d3d6fade0dc,Mercury Lamp,354,nm,absorbance,417.3467397786596
422.305,153.24610900000002,37381227-77f4-4711-9322-5d3d6fade0dc,Mercury Lamp,355,nm,absorbance,417.5591536140271
422.519,157.160937,37381227-77f4-4711-9322-5d3d6fade0dc,Mercury Lamp,356,nm,absorbance,417.7715674493945
422.733,157.84590200000002,37381227-77f4-4711-9322-5d3d6fade0dc,Mercury Lamp,357,nm,absorbance,417.983981284762
422.947,161.23318,37381227-77f4-4711-9322-5d3d6fade0dc,Mercury Lamp,358,nm,absorbance,418.19639512012947
423.161,156.164204,37381227-77f4-4711-9322-5d3d6fade0dc,Mercury Lamp,359,nm,absorbance,418.40880895549697
423.376,161.77561100000003,37381227-77f4-4711-9322-5d3d6fade0dc,Mercury Lamp,360,nm,absorbance,418.6222153788801
423.59,164.685258,37381227-77f4-4711-9322-5d3d6fade0dc,Mercury Lamp,361,nm,absorbance,418.83462921424757
423.804,164.57833999999997,37381227-77f4-4711-9322-5d3d6fade0dc,Mercury Lamp,362,nm,absorbance,419.04704304961507
424.018,161.39786399999997,37381227-77f4-4711-9322-5d3d6fade0dc,Mercury Lamp,363,nm,absorbance,419.2594568849825
424.232,162.76796099999996,37381227-77f4-4711-9322-5d3d6fade0dc,Mercury Lamp,364,nm,absorbance,419.47187072035007
424.446,167.64226100000002,37381227-77f4-4711-9322-5d3d6fade0dc,Mercury Lamp,365,nm,absorbance,419.6842845557175
424.66,167.44533099999998,37381227-77f4-4711-9322-5d3d6fade0dc,Mercury Lamp,366,nm,absorbance,419.89669839108495
424.874,163.449679,37381227-77f4-4711-9322-5d3d6fade0dc,Mercury Lamp,367,nm,absorbance,420.10911222645245
425.088,159.57025199999998,37381227-77f4-4711-9322-5d3d6fade0dc,Mercury Lamp,368,nm,absorbance,420.3215260618199
425.302,161.316003,37381227-77f4-4711-9322-5d3d6fade0dc,Mercury Lamp,369,nm,absorbance,420.5339398971874
425.515,161.464135,37381227-77f4-4711-9322-5d3d6fade0dc,Mercury Lamp,370,nm,absorbance,420.74536114453906
425.729,167.365122,37381227-77f4-4711-9322-5d3d6fade0dc,Mercury Lamp,371,nm,absorbance,420.95777497990656
425.943,164.89262900000003,37381227-77f4-4711-9322-5d3d6fade0dc,Mercury Lamp,372,nm,absorbance,421.170188815274
426.157,162.247097,37381227-77f4-4711-9322-5d3d6fade0dc,Mercury Lamp,373,nm,absorbance,421.3826026506415
426.371,159.948206,37381227-77f4-4711-9322-5d3d6fade0dc,Mercury Lamp,374,nm,absorbance,421.59501648600894
426.585,159.042607,37381227-77f4-4711-9322-5d3d6fade0dc,Mercury Lamp,375,nm,absorbance,421.8074303213764
426.799,165.62985400000002,37381227-77f4-4711-9322-5d3d6fade0dc,Mercury Lamp,376,nm,absorbance,422.0198441567439
427.013,168.25805099999997,37381227-77f4-4711-9322-5d3d6fade0dc,Mercury Lamp,377,nm,absorbance,422.23225799211133
427.226,170.15390299999996,37381227-77f4-4711-9322-5d3d6fade0dc,Mercury Lamp,378,nm,absorbance,422.4436792394631
427.44,168.885675,37381227-77f4-4711-9322-5d3d6fade0dc,Mercury Lamp,379,nm,absorbance,422.65609307483055
427.654,163.02425499999998,37381227-77f4-4711-9322-5d3d6fade0dc,Mercury Lamp,380,nm,absorbance,422.86850691019805
427.868,161.56322,37381227-77f4-4711-9322-5d3d6fade0dc,Mercury Lamp,381,nm,absorbance,423.0809207455655
428.081,156.713026,37381227-77f4-4711-9322-5d3d6fade0dc,Mercury Lamp,382,nm,absorbance,423.2923419929173
428.295,159.330171,37381227-77f4-4711-9322-5d3d6fade0dc,Mercury Lamp,383,nm,absorbance,423.5047558282847
428.509,158.331668,37381227-77f4-4711-9322-5d3d6fade0dc,Mercury Lamp,384,nm,absorbance,423.7171696636522
428.723,155.139988,37381227-77f4-4711-9322-5d3d6fade0dc,Mercury Lamp,385,nm,absorbance,423.92958349901966
428.936,152.310625,37381227-77f4-4711-9322-5d3d6fade0dc,Mercury Lamp,386,nm,absorbance,424.1410047463714
429.15,148.46970300000004,37381227-77f4-4711-9322-5d3d6fade0dc,Mercury Lamp,387,nm,absorbance,424.3534185817388
429.364,146.44039600000002,37381227-77f4-4711-9322-5d3d6fade0dc,Mercury Lamp,388,nm,absorbance,424.56583241710626
429.577,144.12584599999997,37381227-77f4-4711-9322-5d3d6fade0dc,Mercury Lamp,389,nm,absorbance,424.77725366445804
429.791,147.447234,37381227-77f4-4711-9322-5d3d6fade0dc,Mercury Lamp,390,nm,absorbance,424.9896674998255
430.005,150.44956899999997,37381227-77f4-4711-9322-5d3d6fade0dc,Mercury Lamp,391,nm,absorbance,425.202081335193
430.218,153.985103,37381227-77f4-4711-9322-5d3d6fade0dc,Mercury Lamp,392,nm,absorbance,425.4135025825447
430.432,150.81010299999997,37381227-77f4-4711-9322-5d3d6fade0dc,Mercury Lamp,393,nm,absorbance,425.6259164179122
430.645,144.941037,37381227-77f4-4711-9322-5d3d6fade0dc,Mercury Lamp,394,nm,absorbance,425.8373376652639
430.859,141.233781,37381227-77f4-4711-9322-5d3d6fade0dc,Mercury Lamp,395,nm,absorbance,426.0497515006314
431.073,141.05961299999998,37381227-77f4-4711-9322-5d3d6fade0dc,Mercury Lamp,396,nm,absorbance,426.2621653359988
431.286,152.58201200000002,37381227-77f4-4711-9322-5d3d6fade0dc,Mercury Lamp,397,nm,absorbance,426.4735865833506
431.5,155.86750300000003,37381227-77f4-4711-9322-5d3d6fade0dc,Mercury Lamp,398,nm,absorbance,426.68600041871804
431.713,156.845864,37381227-77f4-4711-9322-5d3d6fade0dc,Mercury Lamp,399,nm,absorbance,426.8974216660698
431.927,152.905802,37381227-77f4-4711-9322-5d3d6fade0dc,Mercury Lamp,400,nm,absorbance,427.10983550143726
432.14,151.3637,37381227-77f4-4711-9322-5d3d6fade0dc,Mercury Lamp,401,nm,absorbance,427.321256748789
432.354,152.943831,37381227-77f4-4711-9322-5d3d6fade0dc,Mercury Lamp,402,nm,absorbance,427.5336705841564
432.567,154.11779200000004,37381227-77f4-4711-9322-5d3d6fade0dc,Mercury Lamp,403,nm,absorbance,427.7450918315082
432.781,153.400239,37381227-77f4-4711-9322-5d3d6fade0dc,Mercury Lamp,404,nm,absorbance,427.95750566687565
432.994,156.23253999999997,37381227-77f4-4711-9322-5d3d6fade0dc,Mercury Lamp,405,nm,absorbance,428.1689269142274
433.207,161.355429,37381227-77f4-4711-9322-5d3d6fade0dc,Mercury Lamp,406,nm,absorbance,428.3803481615791
433.421,165.92803799999996,37381227-77f4-4711-9322-5d3d6fade0dc,Mercury Lamp,407,nm,absorbance,428.5927619969466
433.634,169.56587599999995,37381227-77f4-4711-9322-5d3d6fade0dc,Mercury Lamp,408,nm,absorbance,428.8041832442983
433.848,168.400882,37381227-77f4-4711-9322-5d3d6fade0dc,Mercury Lamp,409,nm,absorbance,429.0165970796658
434.061,169.363958,37381227-77f4-4711-9322-5d3d6fade0dc,Mercury Lamp,410,nm,absorbance,429.2280183270175
434.274,176.27924,37381227-77f4-4711-9322-5d3d6fade0dc,Mercury Lamp,411,nm,absorbance,429.43943957436926
434.488,192.232343,37381227-77f4-4711-9322-5d3d6fade0dc,Mercury Lamp,412,nm,absorbance,429.6518534097367
434.701,220.661509,37381227-77f4-4711-9322-5d3d6fade0dc,Mercury Lamp,413,nm,absorbance,429.8632746570885
434.914,253.166448,37381227-77f4-4711-9322-5d3d6fade0dc,Mercury Lamp,414,nm,absorbance,430.07469590444015
435.127,295.653643,37381227-77f4-4711-9322-5d3d6fade0dc,Mercury Lamp,415,nm,absorbance,430.2861171517919
435.341,347.67127500000004,37381227-77f4-4711-9322-5d3d6fade0dc,Mercury Lamp,416,nm,absorbance,430.49853098715937
435.554,420.1630660000001,37381227-77f4-4711-9322-5d3d6fade0dc,Mercury Lamp,417,nm,absorbance,430.7099522345111
435.767,504.820758,37381227-77f4-4711-9322-5d3d6fade0dc,Mercury Lamp,418,nm,absorbance,430.9213734818629
435.98,583.0604620000001,37381227-77f4-4711-9322-5d3d6fade0dc,Mercury Lamp,419,nm,absorbance,431.1327947292146
436.194,662.725905,37381227-77f4-4711-9322-5d3d6fade0dc,Mercury Lamp,420,nm,absorbance,431.3452085645821
436.407,769.708488,37381227-77f4-4711-9322-5d3d6fade0dc,Mercury Lamp,421,nm,absorbance,431.55662981193376
436.62,880.444855,37381227-77f4-4711-9322-5d3d6fade0dc,Mercury Lamp,422,nm,absorbance,431.76805105928554
436.833,967.090902,37381227-77f4-4711-9322-5d3d6fade0dc,Mercury Lamp,423,nm,absorbance,431.97947230663726
437.046,1008.608433,37381227-77f4-4711-9322-5d3d6fade0dc,Mercury Lamp,424,nm,absorbance,432.190893553989
437.259,1059.5081139999998,37381227-77f4-4711-9322-5d3d6fade0dc,Mercury Lamp,425,nm,absorbance,432.4023148013407
437.473,1134.573364,37381227-77f4-4711-9322-5d3d6fade0dc,Mercury Lamp,426,nm,absorbance,432.6147286367082
437.686,1202.9478800000002,37381227-77f4-4711-9322-5d3d6fade0dc,Mercury Lamp,427,nm,absorbance,432.8261498840599
437.899,1263.564526,37381227-77f4-4711-9322-5d3d6fade0dc,Mercury Lamp,428,nm,absorbance,433.03757113141165
438.112,1289.0037989999998,37381227-77f4-4711-9322-5d3d6fade0dc,Mercury Lamp,429,nm,absorbance,433.2489923787634
438.325,1314.543602,37381227-77f4-4711-9322-5d3d6fade0dc,Mercury Lamp,430,nm,absorbance,433.4604136261151
438.538,1353.8172740000002,37381227-77f4-4711-9322-5d3d6fade0dc,Mercury Lamp,431,nm,absorbance,433.6718348734669
438.751,1383.052107,37381227-77f4-4711-9322-5d3d6fade0dc,Mercury Lamp,432,nm,absorbance,433.88325612081854
438.964,1405.832154,37381227-77f4-4711-9322-5d3d6fade0dc,Mercury Lamp,433,nm,absorbance,434.0946773681703
439.177,1392.955403,37381227-77f4-4711-9322-5d3d6fade0dc,Mercury Lamp,434,nm,absorbance,434.30609861552205
439.39,1429.276093,37381227-77f4-4711-9322-5d3d6fade0dc,Mercury Lamp,435,nm,absorbance,434.51751986287377
439.603,1456.187148,37381227-77f4-4711-9322-5d3d6fade0dc,Mercury Lamp,436,nm,absorbance,434.7289411102255
439.816,1509.361913,37381227-77f4-4711-9322-5d3d6fade0dc,Mercury Lamp,437,nm,absorbance,434.9403623575772
440.029,1538.667658,37381227-77f4-4711-9322-5d3d6fade0dc,Mercury Lamp,438,nm,absorbance,435.151783604929
440.242,1597.5891420000005,37381227-77f4-4711-9322-5d3d6fade0dc,Mercury Lamp,439,nm,absorbance,435.3632048522807
440.455,1629.4638739999998,37381227-77f4-4711-9322-5d3d6fade0dc,Mercury Lamp,440,nm,absorbance,435.57462609963244
440.668,1616.094559,37381227-77f4-4711-9322-5d3d6fade0dc,Mercury Lamp,441,nm,absorbance,435.78604734698416
440.881,1580.432796,37381227-77f4-4711-9322-5d3d6fade0dc,Mercury Lamp,442,nm,absorbance,435.9974685943359
441.094,1570.562875,37381227-77f4-4711-9322-5d3d6fade0dc,Mercury Lamp,443,nm,absorbance,436.2088898416876
441.306,1617.897323,37381227-77f4-4711-9322-5d3d6fade0dc,Mercury Lamp,444,nm,absorbance,436.4193185010236
441.519,1665.2624879999998,37381227-77f4-4711-9322-5d3d6fade0dc,Mercury Lamp,445,nm,absorbance,436.6307397483754
441.732,1687.500858,37381227-77f4-4711-9322-5d3d6fade0dc,Mercury Lamp,446,nm,absorbance,436.8421609957271
441.945,1651.303644,37381227-77f4-4711-9322-5d3d6fade0dc,Mercury Lamp,447,nm,absorbance,437.05358224307884
442.158,1598.4755069999997,37381227-77f4-4711-9322-5d3d6fade0dc,Mercury Lamp,448,nm,absorbance,437.26500349043056
442.37,1582.666344,37381227-77f4-4711-9322-5d3d6fade0dc,Mercury Lamp,449,nm,absorbance,437.47543214976656
442.583,1618.9279729999998,37381227-77f4-4711-9322-5d3d6fade0dc,Mercury Lamp,450,nm,absorbance,437.68685339711834
442.796,1670.826744,37381227-77f4-4711-9322-5d3d6fade0dc,Mercury Lamp,451,nm,absorbance,437.89827464447
443.009,1660.2534500000002,37381227-77f4-4711-9322-5d3d6fade0dc,Mercury Lamp,452,nm,absorbance,438.1096958918218
443.222,1600.014964,37381227-77f4-4711-9322-5d3d6fade0dc,Mercury Lamp,453,nm,absorbance,438.32111713917345
443.434,1568.409756,37381227-77f4-4711-9322-5d3d6fade0dc,Mercury Lamp,454,nm,absorbance,438.5315457985095
443.647,1551.4430209999998,37381227-77f4-4711-9322-5d3d6fade0dc,Mercury Lamp,455,nm,absorbance,438.74296704586123
443.86,1541.7190850000002,37381227-77f4-4711-9322-5d3d6fade0dc,Mercury Lamp,456,nm,absorbance,438.95438829321296
444.072,1451.3023929999997,37381227-77f4-4711-9322-5d3d6fade0dc,Mercury Lamp,457,nm,absorbance,439.16481695254896
444.285,1325.923064,37381227-77f4-4711-9322-5d3d6fade0dc,Mercury Lamp,458,nm,absorbance,439.3762381999007
444.498,1164.557517,37381227-77f4-4711-9322-5d3d6fade0dc,Mercury Lamp,459,nm,absorbance,439.5876594472524
444.71,1017.729956,37381227-77f4-4711-9322-5d3d6fade0dc,Mercury Lamp,460,nm,absorbance,439.7980881065884
444.923,871.2330410000001,37381227-77f4-4711-9322-5d3d6fade0dc,Mercury Lamp,461,nm,absorbance,440.00950935394013
445.136,751.5817749999999,37381227-77f4-4711-9322-5d3d6fade0dc,Mercury Lamp,462,nm,absorbance,440.2209306012919
445.348,656.246072,37381227-77f4-4711-9322-5d3d6fade0dc,Mercury Lamp,463,nm,absorbance,440.43135926062786
445.561,582.62231,37381227-77f4-4711-9322-5d3d6fade0dc,Mercury Lamp,464,nm,absorbance,440.6427805079796
445.773,506.3388600000001,37381227-77f4-4711-9322-5d3d6fade0dc,Mercury Lamp,465,nm,absorbance,440.85320916731564
445.986,430.416723,37381227-77f4-4711-9322-5d3d6fade0dc,Mercury Lamp,466,nm,absorbance,441.0646304146673
446.198,352.22383900000005,37381227-77f4-4711-9322-5d3d6fade0dc,Mercury Lamp,467,nm,absorbance,441.2750590740033
446.411,291.24447100000003,37381227-77f4-4711-9322-5d3d6fade0dc,Mercury Lamp,468,nm,absorbance,441.4864803213551
446.623,233.080315,37381227-77f4-4711-9322-5d3d6fade0dc,Mercury Lamp,469,nm,absorbance,441.69690898069103
446.836,202.200676,37381227-77f4-4711-9322-5d3d6fade0dc,Mercury Lamp,470,nm,absorbance,441.9083302280428
447.048,182.982481,37381227-77f4-4711-9322-5d3d6fade0dc,Mercury Lamp,471,nm,absorbance,442.11875888737876
447.261,176.66846700000002,37381227-77f4-4711-9322-5d3d6fade0dc,Mercury Lamp,472,nm,absorbance,442.33018013473054
447.473,168.994669,37381227-77f4-4711-9322-5d3d6fade0dc,Mercury Lamp,473,nm,absorbance,442.54060879406654
447.686,166.782906,37381227-77f4-4711-9322-5d3d6fade0dc,Mercury Lamp,474,nm,absorbance,442.7520300414182
447.898,167.990446,37381227-77f4-4711-9322-5d3d6fade0dc,Mercury Lamp,475,nm,absorbance,442.96245870075427
448.11,168.802454,37381227-77f4-4711-9322-5d3d6fade0dc,Mercury Lamp,476,nm,absorbance,443.1728873600903
448.323,170.042264,37381227-77f4-4711-9322-5d3d6fade0dc,Mercury Lamp,477,nm,absorbance,443.38430860744194
448.535,162.846208,37381227-77f4-4711-9322-5d3d6fade0dc,Mercury Lamp,478,nm,absorbance,443.594737266778
448.748,160.719214,37381227-77f4-4711-9322-5d3d6fade0dc,Mercury Lamp,479,nm,absorbance,443.8061585141297
448.96,156.05166000000003,37381227-77f4-4711-9322-5d3d6fade0dc,Mercury Lamp,480,nm,absorbance,444.01658717346567
449.172,157.895851,37381227-77f4-4711-9322-5d3d6fade0dc,Mercury Lamp,481,nm,absorbance,444.2270158328017
449.385,159.373812,37381227-77f4-4711-9322-5d3d6fade0dc,Mercury Lamp,482,nm,absorbance,444.4384370801534
449.597,158.78724700000004,37381227-77f4-4711-9322-5d3d6fade0dc,Mercury Lamp,483,nm,absorbance,444.6488657394894
449.809,160.9047,37381227-77f4-4711-9322-5d3d6fade0dc,Mercury Lamp,484,nm,absorbance,444.85929439882545
450.021,161.44328000000002,37381227-77f4-4711-9322-5d3d6fade0dc,Mercury Lamp,485,nm,absorbance,445.06972305816146
450.234,163.50594700000002,37381227-77f4-4711-9322-5d3d6fade0dc,Mercury Lamp,486,nm,absorbance,445.2811443055131
450.446,160.03629099999998,37381227-77f4-4711-9322-5d3d6fade0dc,Mercury Lamp,487,nm,absorbance,445.4915729648492
450.658,161.11240100000003,37381227-77f4-4711-9322-5d3d6fade0dc,Mercury Lamp,488,nm,absorbance,445.7020016241852
450.87,159.828007,37381227-77f4-4711-9322-5d3d6fade0dc,Mercury Lamp,489,nm,absorbance,445.91243028352113
451.083,161.50153,37381227-77f4-4711-9322-5d3d6fade0dc,Mercury Lamp,490,nm,absorbance,446.1238515308729
451.295,158.53192699999997,37381227-77f4-4711-9322-5d3d6fade0dc,Mercury Lamp,491,nm,absorbance,446.33428019020886
451.507,157.98431499999998,37381227-77f4-4711-9322-5d3d6fade0dc,Mercury Lamp,492,nm,absorbance,446.54470884954486
451.719,160.177659,37381227-77f4-4711-9322-5d3d6fade0dc,Mercury Lamp,493,nm,absorbance,446.75513750888086
451.931,158.04347700000002,37381227-77f4-4711-9322-5d3d6fade0dc,Mercury Lamp,494,nm,absorbance,446.96556616821687
452.143,162.08813600000002,37381227-77f4-4711-9322-5d3d6fade0dc,Mercury Lamp,495,nm,absorbance,447.1759948275528
452.356,162.329373,37381227-77f4-4711-9322-5d3d6fade0dc,Mercury Lamp,496,nm,absorbance,447.3874160749046
452.568,168.35262999999998,37381227-77f4-4711-9322-5d3d6fade0dc,Mercury Lamp,497,nm,absorbance,447.5978447342406
452.78,168.426838,37381227-77f4-4711-9322-5d3d6fade0dc,Mercury Lamp,498,nm,absorbance,447.80827339357654
452.992,170.847527,37381227-77f4-4711-9322-5d3d6fade0dc,Mercury Lamp,499,nm,absorbance,448.0187020529126
453.204,162.91119899999998,37381227-77f4-4711-9322-5d3d6fade0dc,Mercury Lamp,500,nm,absorbance,448.2291307122486
453.416,159.186733,37381227-77f4-4711-9322-5d3d6fade0dc,Mercury Lamp,501,nm,absorbance,448.43955937158455
453.628,156.637276,37381227-77f4-4711-9322-5d3d6fade0dc,Mercury Lamp,502,nm,absorbance,448.64998803092055
453.84,162.52925100000002,37381227-77f4-4711-9322-5d3d6fade0dc,Mercury Lamp,503,nm,absorbance,448.86041669025656
454.052,169.35136100000005,37381227-77f4-4711-9322-5d3d6fade0dc,Mercury Lamp,504,nm,absorbance,449.07084534959256
454.264,170.74105100000003,37381227-77f4-4711-9322-5d3d6fade0dc,Mercury Lamp,505,nm,absorbance,449.28127400892856
454.476,172.91533399999997,37381227-77f4-4711-9322-5d3d6fade0dc,Mercury Lamp,506,nm,absorbance,449.49170266826457
454.688,173.237283,37381227-77f4-4711-9322-5d3d6fade0dc,Mercury Lamp,507,nm,absorbance,449.7021313276005
454.9,173.134077,37381227-77f4-4711-9322-5d3d6fade0dc,Mercury Lamp,508,nm,absorbance,449.9125599869365
455.112,163.948324,37381227-77f4-4711-9322-5d3d6fade0dc,Mercury Lamp,509,nm,absorbance,450.1229886462726
455.324,160.824014,37381227-77f4-4711-9322-5d3d6fade0dc,Mercury Lamp,510,nm,absorbance,450.3334173056086
455.536,162.360101,37381227-77f4-4711-9322-5d3d6fade0dc,Mercury Lamp,511,nm,absorbance,450.5438459649445
455.747,168.499468,37381227-77f4-4711-9322-5d3d6fade0dc,Mercury Lamp,512,nm,absorbance,450.7532820362648
455.959,170.08852800000005,37381227-77f4-4711-9322-5d3d6fade0dc,Mercury Lamp,513,nm,absorbance,450.9637106956008
456.171,166.36328199999997,37381227-77f4-4711-9322-5d3d6fade0dc,Mercury Lamp,514,nm,absorbance,451.17413935493676
456.383,163.39079399999997,37381227-77f4-4711-9322-5d3d6fade0dc,Mercury Lamp,515,nm,absorbance,451.38456801427276
456.595,161.37761299999997,37381227-77f4-4711-9322-5d3d6fade0dc,Mercury Lamp,516,nm,absorbance,451.5949966736088
456.807,161.85617299999998,37381227-77f4-4711-9322-5d3d6fade0dc,Mercury Lamp,517,nm,absorbance,451.8054253329448
457.018,164.387686,37381227-77f4-4711-9322-5d3d6fade0dc,Mercury Lamp,518,nm,absorbance,452.014861404265
457.23,162.230863,37381227-77f4-4711-9322-5d3d6fade0dc,Mercury Lamp,519,nm,absorbance,452.22529006360105
457.442,163.85431799999998,37381227-77f4-4711-9322-5d3d6fade0dc,Mercury Lamp,520,nm,absorbance,452.43571872293705
457.654,163.131174,37381227-77f4-4711-9322-5d3d6fade0dc,Mercury Lamp,521,nm,absorbance,452.64614738227306
457.865,158.80302899999998,37381227-77f4-4711-9322-5d3d6fade0dc,Mercury Lamp,522,nm,absorbance,452.8555834535933
458.077,154.83283400000002,37381227-77f4-4711-9322-5d3d6fade0dc,Mercury Lamp,523,nm,absorbance,453.0660121129293
458.289,155.097849,37381227-77f4-4711-9322-5d3d6fade0dc,Mercury Lamp,524,nm,absorbance,453.2764407722653
458.501,165.17196900000002,37381227-77f4-4711-9322-5d3d6fade0dc,Mercury Lamp,525,nm,absorbance,453.48686943160124
458.712,175.179596,37381227-77f4-4711-9322-5d3d6fade0dc,Mercury Lamp,526,nm,absorbance,453.6963055029215
458.924,177.64098800000002,37381227-77f4-4711-9322-5d3d6fade0dc,Mercury Lamp,527,nm,absorbance,453.9067341622575
459.136,170.250728,37381227-77f4-4711-9322-5d3d6fade0dc,Mercury Lamp,528,nm,absorbance,454.1171628215936
459.347,161.25041000000002,37381227-77f4-4711-9322-5d3d6fade0dc,Mercury Lamp,529,nm,absorbance,454.32659889291375
459.559,163.97082799999998,37381227-77f4-4711-9322-5d3d6fade0dc,Mercury Lamp,530,nm,absorbance,454.5370275522498
459.77,168.17467100000002,37381227-77f4-4711-9322-5d3d6fade0dc,Mercury Lamp,531,nm,absorbance,454.74646362357004
459.982,172.03372399999998,37381227-77f4-4711-9322-5d3d6fade0dc,Mercury Lamp,532,nm,absorbance,454.9568922829061
460.194,166.311515,37381227-77f4-4711-9322-5d3d6fade0dc,Mercury Lamp,533,nm,absorbance,455.16732094224204
460.405,168.79373800000002,37381227-77f4-4711-9322-5d3d6fade0dc,Mercury Lamp,534,nm,absorbance,455.37675701356227
460.617,169.384732,37381227-77f4-4711-9322-5d3d6fade0dc,Mercury Lamp,535,nm,absorbance,455.58718567289833
460.828,173.678046,37381227-77f4-4711-9322-5d3d6fade0dc,Mercury Lamp,536,nm,absorbance,455.79662174421856
461.04,169.75786900000003,37381227-77f4-4711-9322-5d3d6fade0dc,Mercury Lamp,537,nm,absorbance,456.00705040355456
461.251,175.43844700000002,37381227-77f4-4711-9322-5d3d6fade0dc,Mercury Lamp,538,nm,absorbance,456.2164864748748
461.463,175.857913,37381227-77f4-4711-9322-5d3d6fade0dc,Mercury Lamp,539,nm,absorbance,456.42691513421084
461.674,176.477052,37381227-77f4-4711-9322-5d3d6fade0dc,Mercury Lamp,540,nm,absorbance,456.63635120553107
461.886,166.28637899999998,37381227-77f4-4711-9322-5d3d6fade0dc,Mercury Lamp,541,nm,absorbance,456.84677986486713
462.097,165.231997,37381227-77f4-4711-9322-5d3d6fade0dc,Mercury Lamp,542,nm,absorbance,457.0562159361873
462.309,168.29106599999997,37381227-77f4-4711-9322-5d3d6fade0dc,Mercury Lamp,543,nm,absorbance,457.26664459552336
462.52,175.394666,37381227-77f4-4711-9322-5d3d6fade0dc,Mercury Lamp,544,nm,absorbance,457.4760806668436
462.731,174.96740799999998,37381227-77f4-4711-9322-5d3d6fade0dc,Mercury Lamp,545,nm,absorbance,457.68551673816387
462.943,171.867499,37381227-77f4-4711-9322-5d3d6fade0dc,Mercury Lamp,546,nm,absorbance,457.8959453974998
463.154,164.97769699999998,37381227-77f4-4711-9322-5d3d6fade0dc,Mercury Lamp,547,nm,absorbance,458.1053814688201
463.366,166.91031500000005,37381227-77f4-4711-9322-5d3d6fade0dc,Mercury Lamp,548,nm,absorbance,458.3158101281561
463.577,169.018153,37381227-77f4-4711-9322-5d3d6fade0dc,Mercury Lamp,549,nm,absorbance,458.5252461994764
463.788,179.025684,37381227-77f4-4711-9322-5d3d6fade0dc,Mercury Lamp,550,nm,absorbance,458.73468227079667
464.0,178.20409999999998,37381227-77f4-4711-9322-5d3d6fade0dc,Mercury Lamp,551,nm,absorbance,458.9451109301326
464.211,181.631584,37381227-77f4-4711-9322-5d3d6fade0dc,Mercury Lamp,552,nm,absorbance,459.1545470014529
464.422,181.215597,37381227-77f4-4711-9322-5d3d6fade0dc,Mercury Lamp,553,nm,absorbance,459.3639830727732
464.634,184.769356,37381227-77f4-4711-9322-5d3d6fade0dc,Mercury Lamp,554,nm,absorbance,459.5744117321092
464.845,184.491599,37381227-77f4-4711-9322-5d3d6fade0dc,Mercury Lamp,555,nm,absorbance,459.7838478034294
465.056,185.359875,37381227-77f4-4711-9322-5d3d6fade0dc,Mercury Lamp,556,nm,absorbance,459.99328387474964
465.267,181.409709,37381227-77f4-4711-9322-5d3d6fade0dc,Mercury Lamp,557,nm,absorbance,460.2027199460699
465.478,184.507369,37381227-77f4-4711-9322-5d3d6fade0dc,Mercury Lamp,558,nm,absorbance,460.4121560173902
465.69,180.940517,37381227-77f4-4711-9322-5d3d6fade0dc,Mercury Lamp,559,nm,absorbance,460.6225846767262
465.901,183.478744,37381227-77f4-4711-9322-5d3d6fade0dc,Mercury Lamp,560,nm,absorbance,460.83202074804643
466.112,182.18303,37381227-77f4-4711-9322-5d3d6fade0dc,Mercury Lamp,561,nm,absorbance,461.0414568193667
466.323,183.13901400000003,37381227-77f4-4711-9322-5d3d6fade0dc,Mercury Lamp,562,nm,absorbance,461.25089289068694
466.534,188.395778,37381227-77f4-4711-9322-5d3d6fade0dc,Mercury Lamp,563,nm,absorbance,461.4603289620072
466.745,187.282074,37381227-77f4-4711-9322-5d3d6fade0dc,Mercury Lamp,564,nm,absorbance,461.6697650333275
466.957,185.140548,37381227-77f4-4711-9322-5d3d6fade0dc,Mercury Lamp,565,nm,absorbance,461.8801936926635
467.168,180.801088,37381227-77f4-4711-9322-5d3d6fade0dc,Mercury Lamp,566,nm,absorbance,462.08962976398374
467.379,182.64656,37381227-77f4-4711-9322-5d3d6fade0dc,Mercury Lamp,567,nm,absorbance,462.299065835304
467.59,184.925867,37381227-77f4-4711-9322-5d3d6fade0dc,Mercury Lamp,568,nm,absorbance,462.50850190662425
467.801,185.087382,37381227-77f4-4711-9322-5d3d6fade0dc,Mercury Lamp,569,nm,absorbance,462.71793797794453
468.012,182.313308,37381227-77f4-4711-9322-5d3d6fade0dc,Mercury Lamp,570,nm,absorbance,462.9273740492648
468.223,180.02278599999997,37381227-77f4-4711-9322-5d3d6fade0dc,Mercury Lamp,571,nm,absorbance,463.13681012058504
468.434,178.211963,37381227-77f4-4711-9322-5d3d6fade0dc,Mercury Lamp,572,nm,absorbance,463.3462461919053
468.645,180.614358,37381227-77f4-4711-9322-5d3d6fade0dc,Mercury Lamp,573,nm,absorbance,463.55568226322555
468.856,183.70665,37381227-77f4-4711-9322-5d3d6fade0dc,Mercury Lamp,574,nm,absorbance,463.76511833454583
469.067,185.032731,37381227-77f4-4711-9322-5d3d6fade0dc,Mercury Lamp,575,nm,absorbance,463.9745544058661
469.278,184.597932,37381227-77f4-4711-9322-5d3d6fade0dc,Mercury Lamp,576,nm,absorbance,464.1839904771864
469.489,182.818161,37381227-77f4-4711-9322-5d3d6fade0dc,Mercury Lamp,577,nm,absorbance,464.39342654850657
469.7,179.42006899999998,37381227-77f4-4711-9322-5d3d6fade0dc,Mercury Lamp,578,nm,absorbance,464.60286261982685
469.911,179.48424599999998,37381227-77f4-4711-9322-5d3d6fade0dc,Mercury Lamp,579,nm,absorbance,464.81229869114713
470.122,187.990683,37381227-77f4-4711-9322-5d3d6fade0dc,Mercury Lamp,580,nm,absorbance,465.0217347624674
470.333,197.589134,37381227-77f4-4711-9322-5d3d6fade0dc,Mercury Lamp,581,nm,absorbance,465.2311708337877
470.543,196.693392,37381227-77f4-4711-9322-5d3d6fade0dc,Mercury Lamp,582,nm,absorbance,465.4396143170922
470.754,195.298978,37381227-77f4-4711-9322-5d3d6fade0dc,Mercury Lamp,583,nm,absorbance,465.6490503884125
470.965,191.251314,37381227-77f4-4711-9322-5d3d6fade0dc,Mercury Lamp,584,nm,absorbance,465.85848645973266
471.176,195.333945,37381227-77f4-4711-9322-5d3d6fade0dc,Mercury Lamp,585,nm,absorbance,466.06792253105294
471.387,190.556916,37381227-77f4-4711-9322-5d3d6fade0dc,Mercury Lamp,586,nm,absorbance,466.2773586023732
471.598,193.546966,37381227-77f4-4711-9322-5d3d6fade0dc,Mercury Lamp,587,nm,absorbance,466.4867946736935
471.808,198.590057,37381227-77f4-4711-9322-5d3d6fade0dc,Mercury Lamp,588,nm,absorbance,466.695238156998
472.019,200.655957,37381227-77f4-4711-9322-5d3d6fade0dc,Mercury Lamp,589,nm,absorbance,466.9046742283183
472.23,198.730926,37381227-77f4-4711-9322-5d3d6fade0dc,Mercury Lamp,590,nm,absorbance,467.1141102996386
472.441,195.693089,37381227-77f4-4711-9322-5d3d6fade0dc,Mercury Lamp,591,nm,absorbance,467.32354637095875
472.651,198.073916,37381227-77f4-4711-9322-5d3d6fade0dc,Mercury Lamp,592,nm,absorbance,467.5319898542633
472.862,202.655685,37381227-77f4-4711-9322-5d3d6fade0dc,Mercury Lamp,593,nm,absorbance,467.7414259255836
473.073,200.393675,37381227-77f4-4711-9322-5d3d6fade0dc,Mercury Lamp,594,nm,absorbance,467.9508619969038
473.283,198.46759,37381227-77f4-4711-9322-5d3d6fade0dc,Mercury Lamp,595,nm,absorbance,468.1593054802084
473.494,192.86384500000003,37381227-77f4-4711-9322-5d3d6fade0dc,Mercury Lamp,596,nm,absorbance,468.3687415515287
473.705,194.995736,37381227-77f4-4711-9322-5d3d6fade0dc,Mercury Lamp,597,nm,absorbance,468.5781776228489
473.915,197.379277,37381227-77f4-4711-9322-5d3d6fade0dc,Mercury Lamp,598,nm,absorbance,468.78662110615346
474.126,200.251789,37381227-77f4-4711-9322-5d3d6fade0dc,Mercury Lamp,599,nm,absorbance,468.99605717747363
474.337,200.415429,37381227-77f4-4711-9322-5d3d6fade0dc,Mercury Lamp,600,nm,absorbance,469.2054932487939
474.547,201.435826,37381227-77f4-4711-9322-5d3d6fade0dc,Mercury Lamp,601,nm,absorbance,469.4139367320985
474.758,206.191125,37381227-77f4-4711-9322-5d3d6fade0dc,Mercury Lamp,602,nm,absorbance,469.6233728034187
474.968,207.549462,37381227-77f4-4711-9322-5d3d6fade0dc,Mercury Lamp,603,nm,absorbance,469.83181628672327
475.179,207.634297,37381227-77f4-4711-9322-5d3d6fade0dc,Mercury Lamp,604,nm,absorbance,470.0412523580435
475.389,211.29775,37381227-77f4-4711-9322-5d3d6fade0dc,Mercury Lamp,605,nm,absorbance,470.24969584134806
475.6,207.82172400000005,37381227-77f4-4711-9322-5d3d6fade0dc,Mercury Lamp,606,nm,absorbance,470.45913191266834
475.81,216.13952500000005,37381227-77f4-4711-9322-5d3d6fade0dc,Mercury Lamp,607,nm,absorbance,470.66757539597285
476.021,217.236662,37381227-77f4-4711-9322-5d3d6fade0dc,Mercury Lamp,608,nm,absorbance,470.8770114672931
476.231,223.234457,37381227-77f4-4711-9322-5d3d6fade0dc,Mercury Lamp,609,nm,absorbance,471.0854549505976
476.442,212.547901,37381227-77f4-4711-9322-5d3d6fade0dc,Mercury Lamp,610,nm,absorbance,471.29489102191786
476.652,209.118864,37381227-77f4-4711-9322-5d3d6fade0dc,Mercury Lamp,611,nm,absorbance,471.50333450522237
476.863,206.55052100000003,37381227-77f4-4711-9322-5d3d6fade0dc,Mercury Lamp,612,nm,absorbance,471.71277057654265
477.073,210.56247,37381227-77f4-4711-9322-5d3d6fade0dc,Mercury Lamp,613,nm,absorbance,471.92121405984716
477.284,209.835377,37381227-77f4-4711-9322-5d3d6fade0dc,Mercury Lamp,614,nm,absorbance,472.13065013116744
477.494,217.161901,37381227-77f4-4711-9322-5d3d6fade0dc,Mercury Lamp,615,nm,absorbance,472.339093614472
477.704,220.271409,37381227-77f4-4711-9322-5d3d6fade0dc,Mercury Lamp,616,nm,absorbance,472.5475370977765
477.915,219.054002,37381227-77f4-4711-9322-5d3d6fade0dc,Mercury Lamp,617,nm,absorbance,472.7569731690968
478.125,220.745707,37381227-77f4-4711-9322-5d3d6fade0dc,Mercury Lamp,618,nm,absorbance,472.9654166524013
478.335,221.064211,37381227-77f4-4711-9322-5d3d6fade0dc,Mercury Lamp,619,nm,absorbance,473.17386013570575
478.546,225.517839,37381227-77f4-4711-9322-5d3d6fade0dc,Mercury Lamp,620,nm,absorbance,473.38329620702604
478.756,218.779647,37381227-77f4-4711-9322-5d3d6fade0dc,Mercury Lamp,621,nm,absorbance,473.59173969033054
478.966,221.126198,37381227-77f4-4711-9322-5d3d6fade0dc,Mercury Lamp,622,nm,absorbance,473.8001831736351
479.177,222.951222,37381227-77f4-4711-9322-5d3d6fade0dc,Mercury Lamp,623,nm,absorbance,474.0096192449554
479.387,228.549617,37381227-77f4-4711-9322-5d3d6fade0dc,Mercury Lamp,624,nm,absorbance,474.2180627282599
479.597,230.289944,37381227-77f4-4711-9322-5d3d6fade0dc,Mercury Lamp,625,nm,absorbance,474.4265062115644
479.807,230.242874,37381227-77f4-4711-9322-5d3d6fade0dc,Mercury Lamp,626,nm,absorbance,474.63494969486896
480.018,227.579497,37381227-77f4-4711-9322-5d3d6fade0dc,Mercury Lamp,627,nm,absorbance,474.8443857661892
480.228,227.146779,37381227-77f4-4711-9322-5d3d6fade0dc,Mercury Lamp,628,nm,absorbance,475.05282924949375
480.438,227.941275,37381227-77f4-4711-9322-5d3d6fade0dc,Mercury Lamp,629,nm,absorbance,475.26127273279826
480.648,230.062454,37381227-77f4-4711-9322-5d3d6fade0dc,Mercury Lamp,630,nm,absorbance,475.4697162161028
480.858,226.92092700000003,37381227-77f4-4711-9322-5d3d6fade0dc,Mercury Lamp,631,nm,absorbance,475.67815969940733
481.068,224.266044,37381227-77f4-4711-9322-5d3d6fade0dc,Mercury Lamp,632,nm,absorbance,475.88660318271184
481.279,225.869479,37381227-77f4-4711-9322-5d3d6fade0dc,Mercury Lamp,633,nm,absorbance,476.09603925403206
481.489,231.425765,37381227-77f4-4711-9322-5d3d6fade0dc,Mercury Lamp,634,nm,absorbance,476.30448273733657
481.699,232.28024300000007,37381227-77f4-4711-9322-5d3d6fade0dc,Mercury Lamp,635,nm,absorbance,476.51292622064113
481.909,235.906592,37381227-77f4-4711-9322-5d3d6fade0dc,Mercury Lamp,636,nm,absorbance,476.72136970394564
482.119,236.701036,37381227-77f4-4711-9322-5d3d6fade0dc,Mercury Lamp,637,nm,absorbance,476.9298131872502
482.329,243.34686300000004,37381227-77f4-4711-9322-5d3d6fade0dc,Mercury Lamp,638,nm,absorbance,477.1382566705547
482.539,242.72542,37381227-77f4-4711-9322-5d3d6fade0dc,Mercury Lamp,639,nm,absorbance,477.3467001538592
482.749,239.32857899999996,37381227-77f4-4711-9322-5d3d6fade0dc,Mercury Lamp,640,nm,absorbance,477.5551436371638
482.959,241.357832,37381227-77f4-4711-9322-5d3d6fade0dc,Mercury Lamp,641,nm,absorbance,477.7635871204683
483.169,244.203816,37381227-77f4-4711-9322-5d3d6fade0dc,Mercury Lamp,642,nm,absorbance,477.9720306037728
483.379,250.727362,37381227-77f4-4711-9322-5d3d6fade0dc,Mercury Lamp,643,nm,absorbance,478.18047408707736
483.589,249.988703,37381227-77f4-4711-9322-5d3d6fade0dc,Mercury Lamp,644,nm,absorbance,478.38891757038186
483.799,251.46076700000003,37381227-77f4-4711-9322-5d3d6fade0dc,Mercury Lamp,645,nm,absorbance,478.59736105368637
484.009,252.42044100000004,37381227-77f4-4711-9322-5d3d6fade0dc,Mercury Lamp,646,nm,absorbance,478.80580453699093
484.219,255.754935,37381227-77f4-4711-9322-5d3d6fade0dc,Mercury Lamp,647,nm,absorbance,479.01424802029544
484.429,256.330662,37381227-77f4-4711-9322-5d3d6fade0dc,Mercury Lamp,648,nm,absorbance,479.22269150359995
484.639,259.24182699999994,37381227-77f4-4711-9322-5d3d6fade0dc,Mercury Lamp,649,nm,absorbance,479.4311349869045
484.849,257.82920699999994,37381227-77f4-4711-9322-5d3d6fade0dc,Mercury Lamp,650,nm,absorbance,479.639578470209
485.059,256.54034000000007,37381227-77f4-4711-9322-5d3d6fade0dc,Mercury Lamp,651,nm,absorbance,479.8480219535136
485.268,253.818739,37381227-77f4-4711-9322-5d3d6fade0dc,Mercury Lamp,652,nm,absorbance,480.0554728488023
485.478,248.574056,37381227-77f4-4711-9322-5d3d6fade0dc,Mercury Lamp,653,nm,absorbance,480.2639163321069
485.688,249.254955,37381227-77f4-4711-9322-5d3d6fade0dc,Mercury Lamp,654,nm,absorbance,480.4723598154114
485.898,247.659511,37381227-77f4-4711-9322-5d3d6fade0dc,Mercury Lamp,655,nm,absorbance,480.68080329871594
486.108,254.26946500000005,37381227-77f4-4711-9322-5d3d6fade0dc,Mercury Lamp,656,nm,absorbance,480.88924678202045
486.317,258.16545800000006,37381227-77f4-4711-9322-5d3d6fade0dc,Mercury Lamp,657,nm,absorbance,481.09669767730924
486.527,266.03953,37381227-77f4-4711-9322-5d3d6fade0dc,Mercury Lamp,658,nm,absorbance,481.30514116061374
486.737,268.997235,37381227-77f4-4711-9322-5d3d6fade0dc,Mercury Lamp,659,nm,absorbance,481.5135846439183
486.947,266.00261400000005,37381227-77f4-4711-9322-5d3d6fade0dc,Mercury Lamp,660,nm,absorbance,481.7220281272228
487.156,264.145787,37381227-77f4-4711-9322-5d3d6fade0dc,Mercury Lamp,661,nm,absorbance,481.9294790225116
487.366,260.401063,37381227-77f4-4711-9322-5d3d6fade0dc,Mercury Lamp,662,nm,absorbance,482.1379225058161
487.576,266.98683199999994,37381227-77f4-4711-9322-5d3d6fade0dc,Mercury Lamp,663,nm,absorbance,482.34636598912067
487.785,266.603863,37381227-77f4-4711-9322-5d3d6fade0dc,Mercury Lamp,664,nm,absorbance,482.55381688440946
487.995,269.24437100000006,37381227-77f4-4711-9322-5d3d6fade0dc,Mercury Lamp,665,nm,absorbance,482.76226036771396
488.205,266.83874999999995,37381227-77f4-4711-9322-5d3d6fade0dc,Mercury Lamp,666,nm,absorbance,482.97070385101847
488.414,269.503754,37381227-77f4-4711-9322-5d3d6fade0dc,Mercury Lamp,667,nm,absorbance,483.17815474630726
488.624,276.442015,37381227-77f4-4711-9322-5d3d6fade0dc,Mercury Lamp,668,nm,absorbance,483.3865982296118
488.834,278.725967,37381227-77f4-4711-9322-5d3d6fade0dc,Mercury Lamp,669,nm,absorbance,483.5950417129163
489.043,276.448615,37381227-77f4-4711-9322-5d3d6fade0dc,Mercury Lamp,670,nm,absorbance,483.8024926082051
489.253,274.371977,37381227-77f4-4711-9322-5d3d6fade0dc,Mercury Lamp,671,nm,absorbance,484.0109360915096
489.462,276.674015,37381227-77f4-4711-9322-5d3d6fade0dc,Mercury Lamp,672,nm,absorbance,484.2183869867984
489.672,278.51961800000004,37381227-77f4-4711-9322-5d3d6fade0dc,Mercury Lamp,673,nm,absorbance,484.42683047010297
489.882,277.42652200000003,37381227-77f4-4711-9322-5d3d6fade0dc,Mercury Lamp,674,nm,absorbance,484.6352739534075
490.091,274.53262300000006,37381227-77f4-4711-9322-5d3d6fade0dc,Mercury Lamp,675,nm,absorbance,484.84272484869626
490.301,277.44264200000003,37381227-77f4-4711-9322-5d3d6fade0dc,Mercury Lamp,676,nm,absorbance,485.05116833200077
490.51,278.50558699999993,37381227-77f4-4711-9322-5d3d6fade0dc,Mercury Lamp,677,nm,absorbance,485.25861922728956
490.72,280.37529,37381227-77f4-4711-9322-5d3d6fade0dc,Mercury Lamp,678,nm,absorbance,485.4670627105941
490.929,281.532771,37381227-77f4-4711-9322-5d3d6fade0dc,Mercury Lamp,679,nm,absorbance,485.67451360588285
491.138,285.3052589999999,37381227-77f4-4711-9322-5d3d6fade0dc,Mercury Lamp,680,nm,absorbance,485.88196450117164
491.348,288.814134,37381227-77f4-4711-9322-5d3d6fade0dc,Mercury Lamp,681,nm,absorbance,486.0904079844762
491.557,285.646993,37381227-77f4-4711-9322-5d3d6fade0dc,Mercury Lamp,682,nm,absorbance,486.297858879765
491.767,285.014716,37381227-77f4-4711-9322-5d3d6fade0dc,Mercury Lamp,683,nm,absorbance,486.5063023630695
491.976,282.9856,37381227-77f4-4711-9322-5d3d6fade0dc,Mercury Lamp,684,nm,absorbance,486.7137532583583
492.185,282.9851,37381227-77f4-4711-9322-5d3d6fade0dc,Mercury Lamp,685,nm,absorbance,486.92120415364707
492.395,285.458675,37381227-77f4-4711-9322-5d3d6fade0dc,Mercury Lamp,686,nm,absorbance,487.1296476369516
492.604,294.231098,37381227-77f4-4711-9322-5d3d6fade0dc,Mercury Lamp,687,nm,absorbance,487.33709853224036
492.813,302.18391,37381227-77f4-4711-9322-5d3d6fade0dc,Mercury Lamp,688,nm,absorbance,487.5445494275292
493.023,303.322241,37381227-77f4-4711-9322-5d3d6fade0dc,Mercury Lamp,689,nm,absorbance,487.75299291083377
493.232,300.75599500000004,37381227-77f4-4711-9322-5d3d6fade0dc,Mercury Lamp,690,nm,absorbance,487.96044380612256
493.441,300.59128,37381227-77f4-4711-9322-5d3d6fade0dc,Mercury Lamp,691,nm,absorbance,488.1678947014113
493.651,298.911211,37381227-77f4-4711-9322-5d3d6fade0dc,Mercury Lamp,692,nm,absorbance,488.37633818471585
493.86,299.720536,37381227-77f4-4711-9322-5d3d6fade0dc,Mercury Lamp,693,nm,absorbance,488.58378908000464
494.069,302.5929,37381227-77f4-4711-9322-5d3d6fade0dc,Mercury Lamp,694,nm,absorbance,488.7912399752934
494.278,307.003873,37381227-77f4-4711-9322-5d3d6fade0dc,Mercury Lamp,695,nm,absorbance,488.9986908705822
494.488,306.534648,37381227-77f4-4711-9322-5d3d6fade0dc,Mercury Lamp,696,nm,absorbance,489.2071343538867
494.697,301.761217,37381227-77f4-4711-9322-5d3d6fade0dc,Mercury Lamp,697,nm,absorbance,489.4145852491755
494.906,299.240002,37381227-77f4-4711-9322-5d3d6fade0dc,Mercury Lamp,698,nm,absorbance,489.6220361444643
495.115,295.508577,37381227-77f4-4711-9322-5d3d6fade0dc,Mercury Lamp,699,nm,absorbance,489.8294870397531
495.324,302.71205100000003,37381227-77f4-4711-9322-5d3d6fade0dc,Mercury Lamp,700,nm,absorbance,490.03693793504186
495.533,301.91574,37381227-77f4-4711-9322-5d3d6fade0dc,Mercury Lamp,701,nm,absorbance,490.24438883033065
495.743,308.67099,37381227-77f4-4711-9322-5d3d6fade0dc,Mercury Lamp,702,nm,absorbance,490.45283231363516
495.952,306.244822,37381227-77f4-4711-9322-5d3d6fade0dc,Mercury Lamp,703,nm,absorbance,490.660283208924
496.161,307.590957,37381227-77f4-4711-9322-5d3d6fade0dc,Mercury Lamp,704,nm,absorbance,490.8677341042128
496.37,301.822291,37381227-77f4-4711-9322-5d3d6fade0dc,Mercury Lamp,705,nm,absorbance,491.0751849995016
496.579,300.542154,37381227-77f4-4711-9322-5d3d6fade0dc,Mercury Lamp,706,nm,absorbance,491.28263589479036
496.788,301.081551,37381227-77f4-4711-9322-5d3d6fade0dc,Mercury Lamp,707,nm,absorbance,491.49008679007915
496.997,302.768101,37381227-77f4-4711-9322-5d3d6fade0dc,Mercury Lamp,708,nm,absorbance,491.69753768536793
497.206,300.316477,37381227-77f4-4711-9322-5d3d6fade0dc,Mercury Lamp,709,nm,absorbance,491.9049885806567
497.415,299.037972,37381227-77f4-4711-9322-5d3d6fade0dc,Mercury Lamp,710,nm,absorbance,492.1124394759455
497.624,302.757045,37381227-77f4-4711-9322-5d3d6fade0dc,Mercury Lamp,711,nm,absorbance,492.3198903712343
497.833,298.910455,37381227-77f4-4711-9322-5d3d6fade0dc,Mercury Lamp,712,nm,absorbance,492.5273412665231
498.042,300.45774199999994,37381227-77f4-4711-9322-5d3d6fade0dc,Mercury Lamp,713,nm,absorbance,492.7347921618118
498.251,292.74917,37381227-77f4-4711-9322-5d3d6fade0dc,Mercury Lamp,714,nm,absorbance,492.94224305710065
498.46,299.0491640000001,37381227-77f4-4711-9322-5d3d6fade0dc,Mercury Lamp,715,nm,absorbance,493.14969395238944
498.669,295.993683,37381227-77f4-4711-9322-5d3d6fade0dc,Mercury Lamp,716,nm,absorbance,493.3571448476782
498.878,297.157529,37381227-77f4-4711-9322-5d3d6fade0dc,Mercury Lamp,717,nm,absorbance,493.564595742967
499.087,296.3002,37381227-77f4-4711-9322-5d3d6fade0dc,Mercury Lamp,718,nm,absorbance,493.7720466382558
499.296,296.679093,37381227-77f4-4711-9322-5d3d6fade0dc,Mercury Lamp,719,nm,absorbance,493.9794975335446
499.504,295.845639,37381227-77f4-4711-9322-5d3d6fade0dc,Mercury Lamp,720,nm,absorbance,494.18595584081766
499.713,290.162949,37381227-77f4-4711-9322-5d3d6fade0dc,Mercury Lamp,721,nm,absorbance,494.39340673610644
499.922,290.104693,37381227-77f4-4711-9322-5d3d6fade0dc,Mercury Lamp,722,nm,absorbance,494.60085763139523
500.131,285.390473,37381227-77f4-4711-9322-5d3d6fade0dc,Mercury Lamp,723,nm,absorbance,494.808308526684
500.34,281.810351,37381227-77f4-4711-9322-5d3d6fade0dc,Mercury Lamp,724,nm,absorbance,495.0157594219728
500.549,275.05784300000005,37381227-77f4-4711-9322-5d3d6fade0dc,Mercury Lamp,725,nm,absorbance,495.2232103172616
500.757,274.838078,37381227-77f4-4711-9322-5d3d6fade0dc,Mercury Lamp,726,nm,absorbance,495.42966862453466
500.966,274.89200700000004,37381227-77f4-4711-9322-5d3d6fade0dc,Mercury Lamp,727,nm,absorbance,495.63711951982344
501.175,273.181148,37381227-77f4-4711-9322-5d3d6fade0dc,Mercury Lamp,728,nm,absorbance,495.84457041511223
501.384,271.60713,37381227-77f4-4711-9322-5d3d6fade0dc,Mercury Lamp,729,nm,absorbance,496.052021310401
501.592,272.437549,37381227-77f4-4711-9322-5d3d6fade0dc,Mercury Lamp,730,nm,absorbance,496.2584796176741
501.801,273.446602,37381227-77f4-4711-9322-5d3d6fade0dc,Mercury Lamp,731,nm,absorbance,496.46593051296287
502.01,272.389479,37381227-77f4-4711-9322-5d3d6fade0dc,Mercury Lamp,732,nm,absorbance,496.67338140825166
502.218,274.021993,37381227-77f4-4711-9322-5d3d6fade0dc,Mercury Lamp,733,nm,absorbance,496.8798397155247
502.427,272.958945,37381227-77f4-4711-9322-5d3d6fade0dc,Mercury Lamp,734,nm,absorbance,497.0872906108135
502.636,275.08878300000003,37381227-77f4-4711-9322-5d3d6fade0dc,Mercury Lamp,735,nm,absorbance,497.2947415061023
502.844,271.02823000000006,37381227-77f4-4711-9322-5d3d6fade0dc,Mercury Lamp,736,nm,absorbance,497.5011998133753
503.053,269.310914,37381227-77f4-4711-9322-5d3d6fade0dc,Mercury Lamp,737,nm,absorbance,497.7086507086641
503.262,264.65764800000005,37381227-77f4-4711-9322-5d3d6fade0dc,Mercury Lamp,738,nm,absorbance,497.91610160395294
503.47,266.18624400000004,37381227-77f4-4711-9322-5d3d6fade0dc,Mercury Lamp,739,nm,absorbance,498.122559911226
503.679,269.659893,37381227-77f4-4711-9322-5d3d6fade0dc,Mercury Lamp,740,nm,absorbance,498.33001080651474
503.887,270.288197,37381227-77f4-4711-9322-5d3d6fade0dc,Mercury Lamp,741,nm,absorbance,498.5364691137878
504.096,270.5439789999999,37381227-77f4-4711-9322-5d3d6fade0dc,Mercury Lamp,742,nm,absorbance,498.7439200090766
504.304,267.85041399999994,37381227-77f4-4711-9322-5d3d6fade0dc,Mercury Lamp,743,nm,absorbance,498.9503783163496
504.513,266.070168,37381227-77f4-4711-9322-5d3d6fade0dc,Mercury Lamp,744,nm,absorbance,499.15782921163844
504.721,258.42173599999995,37381227-77f4-4711-9322-5d3d6fade0dc,Mercury Lamp,745,nm,absorbance,499.3642875189115
504.93,256.75615100000005,37381227-77f4-4711-9322-5d3d6fade0dc,Mercury Lamp,746,nm,absorbance,499.5717384142003
505.138,257.02074600000003,37381227-77f4-4711-9322-5d3d6fade0dc,Mercury Lamp,747,nm,absorbance,499.7781967214733
505.347,260.77096300000005,37381227-77f4-4711-9322-5d3d6fade0dc,Mercury Lamp,748,nm,absorbance,499.9856476167621
505.555,258.041468,37381227-77f4-4711-9322-5d3d6fade0dc,Mercury Lamp,749,nm,absorbance,500.19210592403516
505.764,256.754939,37381227-77f4-4711-9322-5d3d6fade0dc,Mercury Lamp,750,nm,absorbance,500.399556819324
505.972,255.903449,37381227-77f4-4711-9322-5d3d6fade0dc,Mercury Lamp,751,nm,absorbance,500.606015126597
506.18,256.109758,37381227-77f4-4711-9322-5d3d6fade0dc,Mercury Lamp,752,nm,absorbance,500.8124734338701
506.389,252.988686,37381227-77f4-4711-9322-5d3d6fade0dc,Mercury Lamp,753,nm,absorbance,501.01992432915887
506.597,253.58206400000003,37381227-77f4-4711-9322-5d3d6fade0dc,Mercury Lamp,754,nm,absorbance,501.2263826364319
506.806,254.296485,37381227-77f4-4711-9322-5d3d6fade0dc,Mercury Lamp,755,nm,absorbance,501.43383353172067
507.014,261.495797,37381227-77f4-4711-9322-5d3d6fade0dc,Mercury Lamp,756,nm,absorbance,501.6402918389938
507.222,259.79326,37381227-77f4-4711-9322-5d3d6fade0dc,Mercury Lamp,757,nm,absorbance,501.8467501462668
507.431,256.586551,37381227-77f4-4711-9322-5d3d6fade0dc,Mercury Lamp,758,nm,absorbance,502.0542010415556
507.639,250.045866,37381227-77f4-4711-9322-5d3d6fade0dc,Mercury Lamp,759,nm,absorbance,502.26065934882865
507.847,249.55992300000003,37381227-77f4-4711-9322-5d3d6fade0dc,Mercury Lamp,760,nm,absorbance,502.46711765610166
508.055,253.820619,37381227-77f4-4711-9322-5d3d6fade0dc,Mercury Lamp,761,nm,absorbance,502.6735759633748
508.264,256.844035,37381227-77f4-4711-9322-5d3d6fade0dc,Mercury Lamp,762,nm,absorbance,502.8810268586636
508.472,257.615445,37381227-77f4-4711-9322-5d3d6fade0dc,Mercury Lamp,763,nm,absorbance,503.0874851659366
508.68,257.402432,37381227-77f4-4711-9322-5d3d6fade0dc,Mercury Lamp,764,nm,absorbance,503.29394347320965
508.888,256.03086,37381227-77f4-4711-9322-5d3d6fade0dc,Mercury Lamp,765,nm,absorbance,503.50040178048266
509.096,252.278976,37381227-77f4-4711-9322-5d3d6fade0dc,Mercury Lamp,766,nm,absorbance,503.7068600877558
509.305,249.681751,37381227-77f4-4711-9322-5d3d6fade0dc,Mercury Lamp,767,nm,absorbance,503.9143109830446
509.513,249.846127,37381227-77f4-4711-9322-5d3d6fade0dc,Mercury Lamp,768,nm,absorbance,504.1207692903176
509.721,245.714533,37381227-77f4-4711-9322-5d3d6fade0dc,Mercury Lamp,769,nm,absorbance,504.32722759759065
509.929,244.550529,37381227-77f4-4711-9322-5d3d6fade0dc,Mercury Lamp,770,nm,absorbance,504.53368590486366
510.137,240.530333,37381227-77f4-4711-9322-5d3d6fade0dc,Mercury Lamp,771,nm,absorbance,504.7401442121368
510.345,245.960725,37381227-77f4-4711-9322-5d3d6fade0dc,Mercury Lamp,772,nm,absorbance,504.94660251940985
510.553,245.633786,37381227-77f4-4711-9322-5d3d6fade0dc,Mercury Lamp,773,nm,absorbance,505.15306082668286
510.762,246.183983,37381227-77f4-4711-9322-5d3d6fade0dc,Mercury Lamp,774,nm,absorbance,505.36051172197165
510.97,244.189646,37381227-77f4-4711-9322-5d3d6fade0dc,Mercury Lamp,775,nm,absorbance,505.56697002924477
511.178,245.155319,37381227-77f4-4711-9322-5d3d6fade0dc,Mercury Lamp,776,nm,absorbance,505.7734283365178
511.386,246.070319,37381227-77f4-4711-9322-5d3d6fade0dc,Mercury Lamp,777,nm,absorbance,505.97988664379085
511.594,242.13875700000003,37381227-77f4-4711-9322-5d3d6fade0dc,Mercury Lamp,778,nm,absorbance,506.18634495106386
511.802,235.734751,37381227-77f4-4711-9322-5d3d6fade0dc,Mercury Lamp,779,nm,absorbance,506.3928032583369
512.01,234.571894,37381227-77f4-4711-9322-5d3d6fade0dc,Mercury Lamp,780,nm,absorbance,506.59926156561
512.218,239.264462,37381227-77f4-4711-9322-5d3d6fade0dc,Mercury Lamp,781,nm,absorbance,506.805719872883
512.426,239.920785,37381227-77f4-4711-9322-5d3d6fade0dc,Mercury Lamp,782,nm,absorbance,507.0121781801561
512.634,241.89017500000008,37381227-77f4-4711-9322-5d3d6fade0dc,Mercury Lamp,783,nm,absorbance,507.21863648742914
512.842,240.73397600000004,37381227-77f4-4711-9322-5d3d6fade0dc,Mercury Lamp,784,nm,absorbance,507.4250947947022
513.049,243.352276,37381227-77f4-4711-9322-5d3d6fade0dc,Mercury Lamp,785,nm,absorbance,507.6305605139595
513.257,243.77444400000005,37381227-77f4-4711-9322-5d3d6fade0dc,Mercury Lamp,786,nm,absorbance,507.8370188212325
513.465,238.239944,37381227-77f4-4711-9322-5d3d6fade0dc,Mercury Lamp,787,nm,absorbance,508.04347712850563
513.673,235.626838,37381227-77f4-4711-9322-5d3d6fade0dc,Mercury Lamp,788,nm,absorbance,508.2499354357787
513.881,233.568591,37381227-77f4-4711-9322-5d3d6fade0dc,Mercury Lamp,789,nm,absorbance,508.4563937430517
514.089,234.674966,37381227-77f4-4711-9322-5d3d6fade0dc,Mercury Lamp,790,nm,absorbance,508.66285205032483
514.297,233.413919,37381227-77f4-4711-9322-5d3d6fade0dc,Mercury Lamp,791,nm,absorbance,508.86931035759784
514.504,232.201825,37381227-77f4-4711-9322-5d3d6fade0dc,Mercury Lamp,792,nm,absorbance,509.0747760768552
514.712,223.302847,37381227-77f4-4711-9322-5d3d6fade0dc,Mercury Lamp,793,nm,absorbance,509.2812343841282
514.92,225.371591,37381227-77f4-4711-9322-5d3d6fade0dc,Mercury Lamp,794,nm,absorbance,509.4876926914012
515.128,219.379231,37381227-77f4-4711-9322-5d3d6fade0dc,Mercury Lamp,795,nm,absorbance,509.69415099867433
515.336,228.652003,37381227-77f4-4711-9322-5d3d6fade0dc,Mercury Lamp,796,nm,absorbance,509.9006093059474
515.543,227.15294,37381227-77f4-4711-9322-5d3d6fade0dc,Mercury Lamp,797,nm,absorbance,510.1060750252047
515.751,231.70743100000004,37381227-77f4-4711-9322-5d3d6fade0dc,Mercury Lamp,798,nm,absorbance,510.3125333324777
515.959,231.089677,37381227-77f4-4711-9322-5d3d6fade0dc,Mercury Lamp,799,nm,absorbance,510.5189916397507
516.166,234.22451,37381227-77f4-4711-9322-5d3d6fade0dc,Mercury Lamp,800,nm,absorbance,510.7244573590081
516.374,233.109752,37381227-77f4-4711-9322-5d3d6fade0dc,Mercury Lamp,801,nm,absorbance,510.93091566628124
516.582,228.236095,37381227-77f4-4711-9322-5d3d6fade0dc,Mercury Lamp,802,nm,absorbance,511.13737397355425
516.789,228.650964,37381227-77f4-4711-9322-5d3d6fade0dc,Mercury Lamp,803,nm,absorbance,511.34283969281154
516.997,230.384836,37381227-77f4-4711-9322-5d3d6fade0dc,Mercury Lamp,804,nm,absorbance,511.54929800008455
517.205,233.71804,37381227-77f4-4711-9322-5d3d6fade0dc,Mercury Lamp,805,nm,absorbance,511.7557563073577
517.412,228.42980400000005,37381227-77f4-4711-9322-5d3d6fade0dc,Mercury Lamp,806,nm,absorbance,511.96122202661496
517.62,226.768394,37381227-77f4-4711-9322-5d3d6fade0dc,Mercury Lamp,807,nm,absorbance,512.1676803338879
517.827,224.894023,37381227-77f4-4711-9322-5d3d6fade0dc,Mercury Lamp,808,nm,absorbance,512.3731460531453
518.035,224.554795,37381227-77f4-4711-9322-5d3d6fade0dc,Mercury Lamp,809,nm,absorbance,512.5796043604183
518.243,223.258415,37381227-77f4-4711-9322-5d3d6fade0dc,Mercury Lamp,810,nm,absorbance,512.7860626676915
518.45,222.83966300000003,37381227-77f4-4711-9322-5d3d6fade0dc,Mercury Lamp,811,nm,absorbance,512.9915283869487
518.658,223.717204,37381227-77f4-4711-9322-5d3d6fade0dc,Mercury Lamp,812,nm,absorbance,513.1979866942218
518.865,224.500469,37381227-77f4-4711-9322-5d3d6fade0dc,Mercury Lamp,813,nm,absorbance,513.403452413479
519.073,223.254158,37381227-77f4-4711-9322-5d3d6fade0dc,Mercury Lamp,814,nm,absorbance,513.609910720752
519.28,222.268797,37381227-77f4-4711-9322-5d3d6fade0dc,Mercury Lamp,815,nm,absorbance,513.8153764400095
519.488,218.495807,37381227-77f4-4711-9322-5d3d6fade0dc,Mercury Lamp,816,nm,absorbance,514.0218347472826
519.695,222.684007,37381227-77f4-4711-9322-5d3d6fade0dc,Mercury Lamp,817,nm,absorbance,514.2273004665399
519.902,220.682549,37381227-77f4-4711-9322-5d3d6fade0dc,Mercury Lamp,818,nm,absorbance,514.4327661857972
520.11,221.80534000000003,37381227-77f4-4711-9322-5d3d6fade0dc,Mercury Lamp,819,nm,absorbance,514.6392244930702
520.317,219.159342,37381227-77f4-4711-9322-5d3d6fade0dc,Mercury Lamp,820,nm,absorbance,514.8446902123275
520.525,218.00921,37381227-77f4-4711-9322-5d3d6fade0dc,Mercury Lamp,821,nm,absorbance,515.0511485196005
520.732,219.0598,37381227-77f4-4711-9322-5d3d6fade0dc,Mercury Lamp,822,nm,absorbance,515.2566142388579
520.939,220.756928,37381227-77f4-4711-9322-5d3d6fade0dc,Mercury Lamp,823,nm,absorbance,515.4620799581152
521.147,223.835922,37381227-77f4-4711-9322-5d3d6fade0dc,Mercury Lamp,824,nm,absorbance,515.6685382653883
521.354,223.758197,37381227-77f4-4711-9322-5d3d6fade0dc,Mercury Lamp,825,nm,absorbance,515.8740039846456
521.561,221.841212,37381227-77f4-4711-9322-5d3d6fade0dc,Mercury Lamp,826,nm,absorbance,516.0794697039029
521.769,219.34483200000005,37381227-77f4-4711-9322-5d3d6fade0dc,Mercury Lamp,827,nm,absorbance,516.2859280111759
521.976,215.292084,37381227-77f4-4711-9322-5d3d6fade0dc,Mercury Lamp,828,nm,absorbance,516.4913937304333
522.183,212.869225,37381227-77f4-4711-9322-5d3d6fade0dc,Mercury Lamp,829,nm,absorbance,516.6968594496906
522.391,215.336975,37381227-77f4-4711-9322-5d3d6fade0dc,Mercury Lamp,830,nm,absorbance,516.9033177569636
522.598,217.370861,37381227-77f4-4711-9322-5d3d6fade0dc,Mercury Lamp,831,nm,absorbance,517.1087834762209
522.805,217.777595,37381227-77f4-4711-9322-5d3d6fade0dc,Mercury Lamp,832,nm,absorbance,517.3142491954782
523.012,209.780241,37381227-77f4-4711-9322-5d3d6fade0dc,Mercury Lamp,833,nm,absorbance,517.5197149147355
523.219,210.799625,37381227-77f4-4711-9322-5d3d6fade0dc,Mercury Lamp,834,nm,absorbance,517.725180633993
523.427,205.83238,37381227-77f4-4711-9322-5d3d6fade0dc,Mercury Lamp,835,nm,absorbance,517.931638941266
523.634,210.943432,37381227-77f4-4711-9322-5d3d6fade0dc,Mercury Lamp,836,nm,absorbance,518.1371046605233
523.841,204.987375,37381227-77f4-4711-9322-5d3d6fade0dc,Mercury Lamp,837,nm,absorbance,518.3425703797806
524.048,212.555954,37381227-77f4-4711-9322-5d3d6fade0dc,Mercury Lamp,838,nm,absorbance,518.5480360990379
524.255,210.587868,37381227-77f4-4711-9322-5d3d6fade0dc,Mercury Lamp,839,nm,absorbance,518.7535018182951
524.462,209.38172100000003,37381227-77f4-4711-9322-5d3d6fade0dc,Mercury Lamp,840,nm,absorbance,518.9589675375526
524.669,203.875525,37381227-77f4-4711-9322-5d3d6fade0dc,Mercury Lamp,841,nm,absorbance,519.1644332568098
524.877,205.60687500000003,37381227-77f4-4711-9322-5d3d6fade0dc,Mercury Lamp,842,nm,absorbance,519.3708915640829
525.084,209.407159,37381227-77f4-4711-9322-5d3d6fade0dc,Mercury Lamp,843,nm,absorbance,519.5763572833401
525.291,209.88503,37381227-77f4-4711-9322-5d3d6fade0dc,Mercury Lamp,844,nm,absorbance,519.7818230025975
525.498,208.48096,37381227-77f4-4711-9322-5d3d6fade0dc,Mercury Lamp,845,nm,absorbance,519.9872887218548
525.705,206.747502,37381227-77f4-4711-9322-5d3d6fade0dc,Mercury Lamp,846,nm,absorbance,520.1927544411122
525.912,203.644892,37381227-77f4-4711-9322-5d3d6fade0dc,Mercury Lamp,847,nm,absorbance,520.3982201603695
526.119,201.213483,37381227-77f4-4711-9322-5d3d6fade0dc,Mercury Lamp,848,nm,absorbance,520.6036858796268
526.326,194.710307,37381227-77f4-4711-9322-5d3d6fade0dc,Mercury Lamp,849,nm,absorbance,520.8091515988841
526.533,198.260874,37381227-77f4-4711-9322-5d3d6fade0dc,Mercury Lamp,850,nm,absorbance,521.0146173181414
526.74,198.584364,37381227-77f4-4711-9322-5d3d6fade0dc,Mercury Lamp,851,nm,absorbance,521.2200830373988
526.947,200.092292,37381227-77f4-4711-9322-5d3d6fade0dc,Mercury Lamp,852,nm,absorbance,521.4255487566561
527.153,199.178238,37381227-77f4-4711-9322-5d3d6fade0dc,Mercury Lamp,853,nm,absorbance,521.6300218878977
527.36,191.389788,37381227-77f4-4711-9322-5d3d6fade0dc,Mercury Lamp,854,nm,absorbance,521.835487607155
527.567,199.67714200000003,37381227-77f4-4711-9322-5d3d6fade0dc,Mercury Lamp,855,nm,absorbance,522.0409533264123
527.774,192.073676,37381227-77f4-4711-9322-5d3d6fade0dc,Mercury Lamp,856,nm,absorbance,522.2464190456697
527.981,198.462663,37381227-77f4-4711-9322-5d3d6fade0dc,Mercury Lamp,857,nm,absorbance,522.451884764927
528.188,189.662887,37381227-77f4-4711-9322-5d3d6fade0dc,Mercury Lamp,858,nm,absorbance,522.6573504841842
528.395,194.78176,37381227-77f4-4711-9322-5d3d6fade0dc,Mercury Lamp,859,nm,absorbance,522.8628162034415
528.602,190.506932,37381227-77f4-4711-9322-5d3d6fade0dc,Mercury Lamp,860,nm,absorbance,523.0682819226988
528.808,195.731424,37381227-77f4-4711-9322-5d3d6fade0dc,Mercury Lamp,861,nm,absorbance,523.2727550539405
529.015,197.177344,37381227-77f4-4711-9322-5d3d6fade0dc,Mercury Lamp,862,nm,absorbance,523.4782207731978
529.222,191.68558,37381227-77f4-4711-9322-5d3d6fade0dc,Mercury Lamp,863,nm,absorbance,523.6836864924551
529.429,186.712689,37381227-77f4-4711-9322-5d3d6fade0dc,Mercury Lamp,864,nm,absorbance,523.8891522117124
529.635,179.31976,37381227-77f4-4711-9322-5d3d6fade0dc,Mercury Lamp,865,nm,absorbance,524.0936253429539
529.842,185.23771600000003,37381227-77f4-4711-9322-5d3d6fade0dc,Mercury Lamp,866,nm,absorbance,524.2990910622112
530.049,181.815261,37381227-77f4-4711-9322-5d3d6fade0dc,Mercury Lamp,867,nm,absorbance,524.5045567814686
530.256,182.704985,37381227-77f4-4711-9322-5d3d6fade0dc,Mercury Lamp,868,nm,absorbance,524.7100225007259
530.462,180.09929100000002,37381227-77f4-4711-9322-5d3d6fade0dc,Mercury Lamp,869,nm,absorbance,524.9144956319675
530.669,179.60361199999997,37381227-77f4-4711-9322-5d3d6fade0dc,Mercury Lamp,870,nm,absorbance,525.1199613512248
530.876,176.502052,37381227-77f4-4711-9322-5d3d6fade0dc,Mercury Lamp,871,nm,absorbance,525.3254270704821
531.082,175.964513,37381227-77f4-4711-9322-5d3d6fade0dc,Mercury Lamp,872,nm,absorbance,525.5299002017238
531.289,178.359384,37381227-77f4-4711-9322-5d3d6fade0dc,Mercury Lamp,873,nm,absorbance,525.735365920981
531.495,183.854354,37381227-77f4-4711-9322-5d3d6fade0dc,Mercury Lamp,874,nm,absorbance,525.9398390522226
531.702,182.261323,37381227-77f4-4711-9322-5d3d6fade0dc,Mercury Lamp,875,nm,absorbance,526.1453047714799
531.909,179.099458,37381227-77f4-4711-9322-5d3d6fade0dc,Mercury Lamp,876,nm,absorbance,526.3507704907373
532.115,174.23264200000003,37381227-77f4-4711-9322-5d3d6fade0dc,Mercury Lamp,877,nm,absorbance,526.5552436219789
532.322,173.33397999999997,37381227-77f4-4711-9322-5d3d6fade0dc,Mercury Lamp,878,nm,absorbance,526.7607093412362
532.528,170.988798,37381227-77f4-4711-9322-5d3d6fade0dc,Mercury Lamp,879,nm,absorbance,526.9651824724777
532.735,171.492494,37381227-77f4-4711-9322-5d3d6fade0dc,Mercury Lamp,880,nm,absorbance,527.170648191735
532.941,171.629314,37381227-77f4-4711-9322-5d3d6fade0dc,Mercury Lamp,881,nm,absorbance,527.3751213229767
533.148,173.013663,37381227-77f4-4711-9322-5d3d6fade0dc,Mercury Lamp,882,nm,absorbance,527.580587042234
533.354,170.443821,37381227-77f4-4711-9322-5d3d6fade0dc,Mercury Lamp,883,nm,absorbance,527.7850601734756
533.561,172.018308,37381227-77f4-4711-9322-5d3d6fade0dc,Mercury Lamp,884,nm,absorbance,527.9905258927329
533.767,171.760035,37381227-77f4-4711-9322-5d3d6fade0dc,Mercury Lamp,885,nm,absorbance,528.1949990239744
533.974,173.389037,37381227-77f4-4711-9322-5d3d6fade0dc,Mercury Lamp,886,nm,absorbance,528.4004647432319
534.18,168.38277599999998,37381227-77f4-4711-9322-5d3d6fade0dc,Mercury Lamp,887,nm,absorbance,528.6049378744733
534.387,166.73044199999995,37381227-77f4-4711-9322-5d3d6fade0dc,Mercury Lamp,888,nm,absorbance,528.8104035937306
534.593,160.448477,37381227-77f4-4711-9322-5d3d6fade0dc,Mercury Lamp,889,nm,absorbance,529.0148767249722
534.799,161.73026800000002,37381227-77f4-4711-9322-5d3d6fade0dc,Mercury Lamp,890,nm,absorbance,529.2193498562139
535.006,164.198729,37381227-77f4-4711-9322-5d3d6fade0dc,Mercury Lamp,891,nm,absorbance,529.4248155754711
535.212,167.970391,37381227-77f4-4711-9322-5d3d6fade0dc,Mercury Lamp,892,nm,absorbance,529.6292887067127
535.418,170.20987699999998,37381227-77f4-4711-9322-5d3d6fade0dc,Mercury Lamp,893,nm,absorbance,529.8337618379543
535.625,168.820825,37381227-77f4-4711-9322-5d3d6fade0dc,Mercury Lamp,894,nm,absorbance,530.0392275572116
535.831,169.178205,37381227-77f4-4711-9322-5d3d6fade0dc,Mercury Lamp,895,nm,absorbance,530.2437006884533
536.037,164.492727,37381227-77f4-4711-9322-5d3d6fade0dc,Mercury Lamp,896,nm,absorbance,530.4481738196948
536.244,158.47890599999997,37381227-77f4-4711-9322-5d3d6fade0dc,Mercury Lamp,897,nm,absorbance,530.6536395389521
536.45,157.51541899999998,37381227-77f4-4711-9322-5d3d6fade0dc,Mercury Lamp,898,nm,absorbance,530.8581126701937
536.656,158.295362,37381227-77f4-4711-9322-5d3d6fade0dc,Mercury Lamp,899,nm,absorbance,531.0625858014353
536.862,161.64566700000003,37381227-77f4-4711-9322-5d3d6fade0dc,Mercury Lamp,900,nm,absorbance,531.2670589326768
537.068,158.12690000000003,37381227-77f4-4711-9322-5d3d6fade0dc,Mercury Lamp,901,nm,absorbance,531.4715320639184
537.275,156.367222,37381227-77f4-4711-9322-5d3d6fade0dc,Mercury Lamp,902,nm,absorbance,531.6769977831757
537.481,155.15712599999998,37381227-77f4-4711-9322-5d3d6fade0dc,Mercury Lamp,903,nm,absorbance,531.8814709144174
537.687,156.64485900000005,37381227-77f4-4711-9322-5d3d6fade0dc,Mercury Lamp,904,nm,absorbance,532.085944045659
537.893,156.619047,37381227-77f4-4711-9322-5d3d6fade0dc,Mercury Lamp,905,nm,absorbance,532.2904171769005
538.099,157.395236,37381227-77f4-4711-9322-5d3d6fade0dc,Mercury Lamp,906,nm,absorbance,532.4948903081421
538.305,160.13785900000002,37381227-77f4-4711-9322-5d3d6fade0dc,Mercury Lamp,907,nm,absorbance,532.6993634393837
538.512,163.71152999999998,37381227-77f4-4711-9322-5d3d6fade0dc,Mercury Lamp,908,nm,absorbance,532.904829158641
538.718,160.845403,37381227-77f4-4711-9322-5d3d6fade0dc,Mercury Lamp,909,nm,absorbance,533.1093022898825
538.924,158.996737,37381227-77f4-4711-9322-5d3d6fade0dc,Mercury Lamp,910,nm,absorbance,533.3137754211241
539.13,155.64590099999998,37381227-77f4-4711-9322-5d3d6fade0dc,Mercury Lamp,911,nm,absorbance,533.5182485523657
539.336,155.21456300000003,37381227-77f4-4711-9322-5d3d6fade0dc,Mercury Lamp,912,nm,absorbance,533.7227216836073
539.542,149.89733800000002,37381227-77f4-4711-9322-5d3d6fade0dc,Mercury Lamp,913,nm,absorbance,533.9271948148489
539.748,149.11752600000003,37381227-77f4-4711-9322-5d3d6fade0dc,Mercury Lamp,914,nm,absorbance,534.1316679460905
539.954,149.51882299999997,37381227-77f4-4711-9322-5d3d6fade0dc,Mercury Lamp,915,nm,absorbance,534.336141077332
540.16,152.49158000000003,37381227-77f4-4711-9322-5d3d6fade0dc,Mercury Lamp,916,nm,absorbance,534.5406142085736
540.366,149.175707,37381227-77f4-4711-9322-5d3d6fade0dc,Mercury Lamp,917,nm,absorbance,534.7450873398152
540.572,149.849113,37381227-77f4-4711-9322-5d3d6fade0dc,Mercury Lamp,918,nm,absorbance,534.9495604710568
540.778,148.843816,37381227-77f4-4711-9322-5d3d6fade0dc,Mercury Lamp,919,nm,absorbance,535.1540336022983
540.984,154.68705500000002,37381227-77f4-4711-9322-5d3d6fade0dc,Mercury Lamp,920,nm,absorbance,535.35850673354
541.19,154.93098400000002,37381227-77f4-4711-9322-5d3d6fade0dc,Mercury Lamp,921,nm,absorbance,535.5629798647816
541.396,149.22933,37381227-77f4-4711-9322-5d3d6fade0dc,Mercury Lamp,922,nm,absorbance,535.767452996023
541.602,142.69989900000002,37381227-77f4-4711-9322-5d3d6fade0dc,Mercury Lamp,923,nm,absorbance,535.9719261272646
541.807,139.86303800000002,37381227-77f4-4711-9322-5d3d6fade0dc,Mercury Lamp,924,nm,absorbance,536.1754066704906
542.013,146.20104099999998,37381227-77f4-4711-9322-5d3d6fade0dc,Mercury Lamp,925,nm,absorbance,536.3798798017322
542.219,147.72222800000003,37381227-77f4-4711-9322-5d3d6fade0dc,Mercury Lamp,926,nm,absorbance,536.5843529329737
542.425,147.82777,37381227-77f4-4711-9322-5d3d6fade0dc,Mercury Lamp,927,nm,absorbance,536.7888260642153
542.631,147.16891300000003,37381227-77f4-4711-9322-5d3d6fade0dc,Mercury Lamp,928,nm,absorbance,536.9932991954569
542.837,148.770375,37381227-77f4-4711-9322-5d3d6fade0dc,Mercury Lamp,929,nm,absorbance,537.1977723266984
543.042,151.95781700000003,37381227-77f4-4711-9322-5d3d6fade0dc,Mercury Lamp,930,nm,absorbance,537.4012528699243
543.248,153.06666399999995,37381227-77f4-4711-9322-5d3d6fade0dc,Mercury Lamp,931,nm,absorbance,537.605726001166
543.454,153.244955,37381227-77f4-4711-9322-5d3d6fade0dc,Mercury Lamp,932,nm,absorbance,537.8101991324074
543.66,151.825619,37381227-77f4-4711-9322-5d3d6fade0dc,Mercury Lamp,933,nm,absorbance,538.014672263649
543.865,153.21546300000003,37381227-77f4-4711-9322-5d3d6fade0dc,Mercury Lamp,934,nm,absorbance,538.2181528068749
544.071,152.87235499999997,37381227-77f4-4711-9322-5d3d6fade0dc,Mercury Lamp,935,nm,absorbance,538.4226259381165
544.277,153.53358199999997,37381227-77f4-4711-9322-5d3d6fade0dc,Mercury Lamp,936,nm,absorbance,538.6270990693581
544.483,151.77478100000002,37381227-77f4-4711-9322-5d3d6fade0dc,Mercury Lamp,937,nm,absorbance,538.8315722005996
544.688,152.323849,37381227-77f4-4711-9322-5d3d6fade0dc,Mercury Lamp,938,nm,absorbance,539.0350527438254
544.894,152.873806,37381227-77f4-4711-9322-5d3d6fade0dc,Mercury Lamp,939,nm,absorbance,539.2395258750671
545.1,155.322711,37381227-77f4-4711-9322-5d3d6fade0dc,Mercury Lamp,940,nm,absorbance,539.4439990063087
545.305,166.07178900000002,37381227-77f4-4711-9322-5d3d6fade0dc,Mercury Lamp,941,nm,absorbance,539.6474795495344
545.511,187.774931,37381227-77f4-4711-9322-5d3d6fade0dc,Mercury Lamp,942,nm,absorbance,539.8519526807761
545.716,230.569814,37381227-77f4-4711-9322-5d3d6fade0dc,Mercury Lamp,943,nm,absorbance,540.055433224002
545.922,292.273555,37381227-77f4-4711-9322-5d3d6fade0dc,Mercury Lamp,944,nm,absorbance,540.2599063552435
546.128,383.299592,37381227-77f4-4711-9322-5d3d6fade0dc,Mercury Lamp,945,nm,absorbance,540.4643794864851
546.333,503.976748,37381227-77f4-4711-9322-5d3d6fade0dc,Mercury Lamp,946,nm,absorbance,540.6678600297109
546.539,673.7849100000001,37381227-77f4-4711-9322-5d3d6fade0dc,Mercury Lamp,947,nm,absorbance,540.8723331609525
546.744,904.235931,37381227-77f4-4711-9322-5d3d6fade0dc,Mercury Lamp,948,nm,absorbance,541.0758137041784
546.95,1200.50184,37381227-77f4-4711-9322-5d3d6fade0dc,Mercury Lamp,949,nm,absorbance,541.2802868354199
547.155,1550.849922,37381227-77f4-4711-9322-5d3d6fade0dc,Mercury Lamp,950,nm,absorbance,541.4837673786458
547.361,1912.458011,37381227-77f4-4711-9322-5d3d6fade0dc,Mercury Lamp,951,nm,absorbance,541.6882405098874
547.566,2247.088852,37381227-77f4-4711-9322-5d3d6fade0dc,Mercury Lamp,952,nm,absorbance,541.8917210531132
547.772,2494.837382,37381227-77f4-4711-9322-5d3d6fade0dc,Mercury Lamp,953,nm,absorbance,542.0961941843549
547.977,2664.91184,37381227-77f4-4711-9322-5d3d6fade0dc,Mercury Lamp,954,nm,absorbance,542.2996747275806
548.182,2795.7375760000004,37381227-77f4-4711-9322-5d3d6fade0dc,Mercury Lamp,955,nm,absorbance,542.5031552708065
548.388,2932.9706650000003,37381227-77f4-4711-9322-5d3d6fade0dc,Mercury Lamp,956,nm,absorbance,542.707628402048
548.593,3056.576362,37381227-77f4-4711-9322-5d3d6fade0dc,Mercury Lamp,957,nm,absorbance,542.9111089452739
548.799,3173.711341,37381227-77f4-4711-9322-5d3d6fade0dc,Mercury Lamp,958,nm,absorbance,543.1155820765155
549.004,3277.170824,37381227-77f4-4711-9322-5d3d6fade0dc,Mercury Lamp,959,nm,absorbance,543.3190626197413
549.209,3390.7464720000003,37381227-77f4-4711-9322-5d3d6fade0dc,Mercury Lamp,960,nm,absorbance,543.5225431629672
549.415,3478.770926000001,37381227-77f4-4711-9322-5d3d6fade0dc,Mercury Lamp,961,nm,absorbance,543.7270162942087
549.62,3553.765897,37381227-77f4-4711-9322-5d3d6fade0dc,Mercury Lamp,962,nm,absorbance,543.9304968374346
549.825,3584.516055,37381227-77f4-4711-9322-5d3d6fade0dc,Mercury Lamp,963,nm,absorbance,544.1339773806606
550.031,3621.812056,37381227-77f4-4711-9322-5d3d6fade0dc,Mercury Lamp,964,nm,absorbance,544.338450511902
550.236,3638.355272,37381227-77f4-4711-9322-5d3d6fade0dc,Mercury Lamp,965,nm,absorbance,544.5419310551279
550.441,3668.926253,37381227-77f4-4711-9322-5d3d6fade0dc,Mercury Lamp,966,nm,absorbance,544.7454115983537
550.646,3682.798417,37381227-77f4-4711-9322-5d3d6fade0dc,Mercury Lamp,967,nm,absorbance,544.9488921415796
550.852,3702.071698,37381227-77f4-4711-9322-5d3d6fade0dc,Mercury Lamp,968,nm,absorbance,545.1533652728211
551.057,3735.44209,37381227-77f4-4711-9322-5d3d6fade0dc,Mercury Lamp,969,nm,absorbance,545.356845816047
551.262,3765.098863,37381227-77f4-4711-9322-5d3d6fade0dc,Mercury Lamp,970,nm,absorbance,545.5603263592728
551.467,3790.599037,37381227-77f4-4711-9322-5d3d6fade0dc,Mercury Lamp,971,nm,absorbance,545.7638069024987
551.672,3818.277305000001,37381227-77f4-4711-9322-5d3d6fade0dc,Mercury Lamp,972,nm,absorbance,545.9672874457245
551.878,3826.490243,37381227-77f4-4711-9322-5d3d6fade0dc,Mercury Lamp,973,nm,absorbance,546.1717605769662
552.083,3823.454036,37381227-77f4-4711-9322-5d3d6fade0dc,Mercury Lamp,974,nm,absorbance,546.375241120192
552.288,3782.1430420000006,37381227-77f4-4711-9322-5d3d6fade0dc,Mercury Lamp,975,nm,absorbance,546.5787216634178
552.493,3746.5425059999993,37381227-77f4-4711-9322-5d3d6fade0dc,Mercury Lamp,976,nm,absorbance,546.7822022066437
552.698,3719.111837,37381227-77f4-4711-9322-5d3d6fade0dc,Mercury Lamp,977,nm,absorbance,546.9856827498695
552.903,3716.704503,37381227-77f4-4711-9322-5d3d6fade0dc,Mercury Lamp,978,nm,absorbance,547.1891632930954
553.108,3695.257991,37381227-77f4-4711-9322-5d3d6fade0dc,Mercury Lamp,979,nm,absorbance,547.3926438363211
553.313,3660.658689000001,37381227-77f4-4711-9322-5d3d6fade0dc,Mercury Lamp,980,nm,absorbance,547.5961243795471
553.518,3625.266278000001,37381227-77f4-4711-9322-5d3d6fade0dc,Mercury Lamp,981,nm,absorbance,547.7996049227729
553.723,3627.188624,37381227-77f4-4711-9322-5d3d6fade0dc,Mercury Lamp,982,nm,absorbance,548.0030854659987
553.928,3625.096558,37381227-77f4-4711-9322-5d3d6fade0dc,Mercury Lamp,983,nm,absorbance,548.2065660092246
554.133,3614.213427,37381227-77f4-4711-9322-5d3d6fade0dc,Mercury Lamp,984,nm,absorbance,548.4100465524505
554.338,3577.643503,37381227-77f4-4711-9322-5d3d6fade0dc,Mercury Lamp,985,nm,absorbance,548.6135270956762
554.543,3506.736715,37381227-77f4-4711-9322-5d3d6fade0dc,Mercury Lamp,986,nm,absorbance,548.8170076389022
554.748,3363.914273,37381227-77f4-4711-9322-5d3d6fade0dc,Mercury Lamp,987,nm,absorbance,549.020488182128
554.953,3155.2649710000005,37381227-77f4-4711-9322-5d3d6fade0dc,Mercury Lamp,988,nm,absorbance,549.2239687253538
555.158,2885.126101,37381227-77f4-4711-9322-5d3d6fade0dc,Mercury Lamp,989,nm,absorbance,549.4274492685797
555.363,2555.9506180000003,37381227-77f4-4711-9322-5d3d6fade0dc,Mercury Lamp,990,nm,absorbance,549.6309298118056
555.568,2207.1953330000006,37381227-77f4-4711-9322-5d3d6fade0dc,Mercury Lamp,991,nm,absorbance,549.8344103550313
555.773,1903.990202,37381227-77f4-4711-9322-5d3d6fade0dc,Mercury Lamp,992,nm,absorbance,550.0378908982573
555.978,1677.005547,37381227-77f4-4711-9322-5d3d6fade0dc,Mercury Lamp,993,nm,absorbance,550.241371441483
556.182,1513.8858880000005,37381227-77f4-4711-9322-5d3d6fade0dc,Mercury Lamp,994,nm,absorbance,550.4438593966931
556.387,1373.489629,37381227-77f4-4711-9322-5d3d6fade0dc,Mercury Lamp,995,nm,absorbance,550.647339939919
556.592,1247.9954810000002,37381227-77f4-4711-9322-5d3d6fade0dc,Mercury Lamp,996,nm,absorbance,550.8508204831448
556.797,1113.062789,37381227-77f4-4711-9322-5d3d6fade0dc,Mercury Lamp,997,nm,absorbance,551.0543010263707
557.002,973.849824,37381227-77f4-4711-9322-5d3d6fade0dc,Mercury Lamp,998,nm,absorbance,551.2577815695964
557.206,838.9545519999999,37381227-77f4-4711-9322-5d3d6fade0dc,Mercury Lamp,999,nm,absorbance,551.4602695248067
557.411,708.172945,37381227-77f4-4711-9322-5d3d6fade0dc,Mercury Lamp,1000,nm,absorbance,551.6637500680324
557.616,587.723835,37381227-77f4-4711-9322-5d3d6fade0dc,Mercury Lamp,1001,nm,absorbance,551.8672306112583
557.821,473.189271,37381227-77f4-4711-9322-5d3d6fade0dc,Mercury Lamp,1002,nm,absorbance,552.0707111544842
558.025,368.94642,37381227-77f4-4711-9322-5d3d6fade0dc,Mercury Lamp,1003,nm,absorbance,552.2731991096942
558.23,288.89810100000005,37381227-77f4-4711-9322-5d3d6fade0dc,Mercury Lamp,1004,nm,absorbance,552.4766796529202
558.435,227.451299,37381227-77f4-4711-9322-5d3d6fade0dc,Mercury Lamp,1005,nm,absorbance,552.680160196146
558.64,191.97026,37381227-77f4-4711-9322-5d3d6fade0dc,Mercury Lamp,1006,nm,absorbance,552.8836407393718
558.844,159.57390800000002,37381227-77f4-4711-9322-5d3d6fade0dc,Mercury Lamp,1007,nm,absorbance,553.086128694582
559.049,140.08775500000002,37381227-77f4-4711-9322-5d3d6fade0dc,Mercury Lamp,1008,nm,absorbance,553.2896092378078
559.253,126.77406399999998,37381227-77f4-4711-9322-5d3d6fade0dc,Mercury Lamp,1009,nm,absorbance,553.4920971930179
559.458,120.87181099999998,37381227-77f4-4711-9322-5d3d6fade0dc,Mercury Lamp,1010,nm,absorbance,553.6955777362438
559.663,117.50659500000002,37381227-77f4-4711-9322-5d3d6fade0dc,Mercury Lamp,1011,nm,absorbance,553.8990582794696
559.867,113.031646,37381227-77f4-4711-9322-5d3d6fade0dc,Mercury Lamp,1012,nm,absorbance,554.1015462346796
560.072,112.695234,37381227-77f4-4711-9322-5d3d6fade0dc,Mercury Lamp,1013,nm,absorbance,554.3050267779056
560.276,112.419961,37381227-77f4-4711-9322-5d3d6fade0dc,Mercury Lamp,1014,nm,absorbance,554.5075147331156
560.481,113.973267,37381227-77f4-4711-9322-5d3d6fade0dc,Mercury Lamp,1015,nm,absorbance,554.7109952763415
560.685,115.47037999999998,37381227-77f4-4711-9322-5d3d6fade0dc,Mercury Lamp,1016,nm,absorbance,554.9134832315516
560.89,116.08558,37381227-77f4-4711-9322-5d3d6fade0dc,Mercury Lamp,1017,nm,absorbance,555.1169637747774
561.094,115.413717,37381227-77f4-4711-9322-5d3d6fade0dc,Mercury Lamp,1018,nm,absorbance,555.3194517299876
561.299,112.949645,37381227-77f4-4711-9322-5d3d6fade0dc,Mercury Lamp,1019,nm,absorbance,555.5229322732134
561.503,111.077977,37381227-77f4-4711-9322-5d3d6fade0dc,Mercury Lamp,1020,nm,absorbance,555.7254202284236
561.708,106.92922,37381227-77f4-4711-9322-5d3d6fade0dc,Mercury Lamp,1021,nm,absorbance,555.9289007716493
561.912,106.47437399999998,37381227-77f4-4711-9322-5d3d6fade0dc,Mercury Lamp,1022,nm,absorbance,556.1313887268595
562.117,105.899317,37381227-77f4-4711-9322-5d3d6fade0dc,Mercury Lamp,1023,nm,absorbance,556.3348692700853
562.321,109.833676,37381227-77f4-4711-9322-5d3d6fade0dc,Mercury Lamp,1024,nm,absorbance,556.5373572252954
562.525,110.736088,37381227-77f4-4711-9322-5d3d6fade0dc,Mercury Lamp,1025,nm,absorbance,556.7398451805055
562.73,109.065222,37381227-77f4-4711-9322-5d3d6fade0dc,Mercury Lamp,1026,nm,absorbance,556.9433257237314
562.934,103.488095,37381227-77f4-4711-9322-5d3d6fade0dc,Mercury Lamp,1027,nm,absorbance,557.1458136789415
563.139,103.344795,37381227-77f4-4711-9322-5d3d6fade0dc,Mercury Lamp,1028,nm,absorbance,557.3492942221674
563.343,106.424948,37381227-77f4-4711-9322-5d3d6fade0dc,Mercury Lamp,1029,nm,absorbance,557.5517821773774
563.547,106.839415,37381227-77f4-4711-9322-5d3d6fade0dc,Mercury Lamp,1030,nm,absorbance,557.7542701325876
563.752,107.317195,37381227-77f4-4711-9322-5d3d6fade0dc,Mercury Lamp,1031,nm,absorbance,557.9577506758134
563.956,104.712234,37381227-77f4-4711-9322-5d3d6fade0dc,Mercury Lamp,1032,nm,absorbance,558.1602386310235
564.16,106.480132,37381227-77f4-4711-9322-5d3d6fade0dc,Mercury Lamp,1033,nm,absorbance,558.3627265862336
564.364,102.341026,37381227-77f4-4711-9322-5d3d6fade0dc,Mercury Lamp,1034,nm,absorbance,558.5652145414438
564.569,100.049408,37381227-77f4-4711-9322-5d3d6fade0dc,Mercury Lamp,1035,nm,absorbance,558.7686950846695
564.773,97.34158500000002,37381227-77f4-4711-9322-5d3d6fade0dc,Mercury Lamp,1036,nm,absorbance,558.9711830398797
564.977,95.46376,37381227-77f4-4711-9322-5d3d6fade0dc,Mercury Lamp,1037,nm,absorbance,559.1736709950898
565.181,96.97514,37381227-77f4-4711-9322-5d3d6fade0dc,Mercury Lamp,1038,nm,absorbance,559.3761589503
565.385,100.33548,37381227-77f4-4711-9322-5d3d6fade0dc,Mercury Lamp,1039,nm,absorbance,559.57864690551
565.59,102.520122,37381227-77f4-4711-9322-5d3d6fade0dc,Mercury Lamp,1040,nm,absorbance,559.7821274487359
565.794,105.18753,37381227-77f4-4711-9322-5d3d6fade0dc,Mercury Lamp,1041,nm,absorbance,559.984615403946
565.998,97.71929,37381227-77f4-4711-9322-5d3d6fade0dc,Mercury Lamp,1042,nm,absorbance,560.1871033591561
566.202,97.715743,37381227-77f4-4711-9322-5d3d6fade0dc,Mercury Lamp,1043,nm,absorbance,560.3895913143662
566.406,94.216677,37381227-77f4-4711-9322-5d3d6fade0dc,Mercury Lamp,1044,nm,absorbance,560.5920792695763
566.61,91.128497,37381227-77f4-4711-9322-5d3d6fade0dc,Mercury Lamp,1045,nm,absorbance,560.7945672247864
566.814,87.616344,37381227-77f4-4711-9322-5d3d6fade0dc,Mercury Lamp,1046,nm,absorbance,560.9970551799966
567.018,89.14202900000001,37381227-77f4-4711-9322-5d3d6fade0dc,Mercury Lamp,1047,nm,absorbance,561.1995431352067
567.222,96.100038,37381227-77f4-4711-9322-5d3d6fade0dc,Mercury Lamp,1048,nm,absorbance,561.4020310904167
567.426,96.432079,37381227-77f4-4711-9322-5d3d6fade0dc,Mercury Lamp,1049,nm,absorbance,561.604519045627
567.63,92.807294,37381227-77f4-4711-9322-5d3d6fade0dc,Mercury Lamp,1050,nm,absorbance,561.807007000837
567.834,90.806698,37381227-77f4-4711-9322-5d3d6fade0dc,Mercury Lamp,1051,nm,absorbance,562.009494956047
568.038,92.915816,37381227-77f4-4711-9322-5d3d6fade0dc,Mercury Lamp,1052,nm,absorbance,562.2119829112572
568.242,94.630217,37381227-77f4-4711-9322-5d3d6fade0dc,Mercury Lamp,1053,nm,absorbance,562.4144708664672
568.446,98.060576,37381227-77f4-4711-9322-5d3d6fade0dc,Mercury Lamp,1054,nm,absorbance,562.6169588216775
568.65,97.129273,37381227-77f4-4711-9322-5d3d6fade0dc,Mercury Lamp,1055,nm,absorbance,562.8194467768875
568.854,93.937247,37381227-77f4-4711-9322-5d3d6fade0dc,Mercury Lamp,1056,nm,absorbance,563.0219347320976
569.058,94.37421,37381227-77f4-4711-9322-5d3d6fade0dc,Mercury Lamp,1057,nm,absorbance,563.2244226873078
569.262,90.855303,37381227-77f4-4711-9322-5d3d6fade0dc,Mercury Lamp,1058,nm,absorbance,563.4269106425178
569.466,90.214403,37381227-77f4-4711-9322-5d3d6fade0dc,Mercury Lamp,1059,nm,absorbance,563.6293985977279
569.67,81.68057200000001,37381227-77f4-4711-9322-5d3d6fade0dc,Mercury Lamp,1060,nm,absorbance,563.831886552938
569.874,85.94669400000001,37381227-77f4-4711-9322-5d3d6fade0dc,Mercury Lamp,1061,nm,absorbance,564.0343745081482
570.078,85.258522,37381227-77f4-4711-9322-5d3d6fade0dc,Mercury Lamp,1062,nm,absorbance,564.2368624633583
570.281,86.53143,37381227-77f4-4711-9322-5d3d6fade0dc,Mercury Lamp,1063,nm,absorbance,564.4383578305526
570.485,82.29448399999998,37381227-77f4-4711-9322-5d3d6fade0dc,Mercury Lamp,1064,nm,absorbance,564.6408457857627
570.689,83.314822,37381227-77f4-4711-9322-5d3d6fade0dc,Mercury Lamp,1065,nm,absorbance,564.8433337409729
570.893,87.33918300000002,37381227-77f4-4711-9322-5d3d6fade0dc,Mercury Lamp,1066,nm,absorbance,565.045821696183
571.097,87.44559100000001,37381227-77f4-4711-9322-5d3d6fade0dc,Mercury Lamp,1067,nm,absorbance,565.2483096513931
571.3,87.124764,37381227-77f4-4711-9322-5d3d6fade0dc,Mercury Lamp,1068,nm,absorbance,565.4498050185874
571.504,82.37767900000001,37381227-77f4-4711-9322-5d3d6fade0dc,Mercury Lamp,1069,nm,absorbance,565.6522929737976
571.708,81.60270899999999,37381227-77f4-4711-9322-5d3d6fade0dc,Mercury Lamp,1070,nm,absorbance,565.8547809290077
571.912,79.831301,37381227-77f4-4711-9322-5d3d6fade0dc,Mercury Lamp,1071,nm,absorbance,566.0572688842178
572.115,80.866359,37381227-77f4-4711-9322-5d3d6fade0dc,Mercury Lamp,1072,nm,absorbance,566.2587642514122
572.319,83.24379400000001,37381227-77f4-4711-9322-5d3d6fade0dc,Mercury Lamp,1073,nm,absorbance,566.4612522066222
572.523,80.563906,37381227-77f4-4711-9322-5d3d6fade0dc,Mercury Lamp,1074,nm,absorbance,566.6637401618324
572.726,81.30557999999999,37381227-77f4-4711-9322-5d3d6fade0dc,Mercury Lamp,1075,nm,absorbance,566.8652355290268
572.93,72.505948,37381227-77f4-4711-9322-5d3d6fade0dc,Mercury Lamp,1076,nm,absorbance,567.0677234842368
573.133,68.65055,37381227-77f4-4711-9322-5d3d6fade0dc,Mercury Lamp,1077,nm,absorbance,567.2692188514313
573.337,66.02172199999998,37381227-77f4-4711-9322-5d3d6fade0dc,Mercury Lamp,1078,nm,absorbance,567.4717068066414
573.541,73.02959,37381227-77f4-4711-9322-5d3d6fade0dc,Mercury Lamp,1079,nm,absorbance,567.6741947618515
573.744,75.58613199999999,37381227-77f4-4711-9322-5d3d6fade0dc,Mercury Lamp,1080,nm,absorbance,567.8756901290459
573.948,75.778674,37381227-77f4-4711-9322-5d3d6fade0dc,Mercury Lamp,1081,nm,absorbance,568.0781780842559
574.151,70.283714,37381227-77f4-4711-9322-5d3d6fade0dc,Mercury Lamp,1082,nm,absorbance,568.2796734514503
574.355,67.189288,37381227-77f4-4711-9322-5d3d6fade0dc,Mercury Lamp,1083,nm,absorbance,568.4821614066605
574.558,69.647697,37381227-77f4-4711-9322-5d3d6fade0dc,Mercury Lamp,1084,nm,absorbance,568.6836567738549
574.762,68.790696,37381227-77f4-4711-9322-5d3d6fade0dc,Mercury Lamp,1085,nm,absorbance,568.8861447290649
574.965,74.627645,37381227-77f4-4711-9322-5d3d6fade0dc,Mercury Lamp,1086,nm,absorbance,569.0876400962593
575.169,73.382899,37381227-77f4-4711-9322-5d3d6fade0dc,Mercury Lamp,1087,nm,absorbance,569.2901280514694
575.372,74.73750799999999,37381227-77f4-4711-9322-5d3d6fade0dc,Mercury Lamp,1088,nm,absorbance,569.4916234186637
575.576,73.480902,37381227-77f4-4711-9322-5d3d6fade0dc,Mercury Lamp,1089,nm,absorbance,569.694111373874
575.779,70.476459,37381227-77f4-4711-9322-5d3d6fade0dc,Mercury Lamp,1090,nm,absorbance,569.8956067410683
575.983,71.95720800000001,37381227-77f4-4711-9322-5d3d6fade0dc,Mercury Lamp,1091,nm,absorbance,570.0980946962783
576.186,63.259812,37381227-77f4-4711-9322-5d3d6fade0dc,Mercury Lamp,1092,nm,absorbance,570.2995900634728
576.389,66.516133,37381227-77f4-4711-9322-5d3d6fade0dc,Mercury Lamp,1093,nm,absorbance,570.5010854306671
576.593,66.618355,37381227-77f4-4711-9322-5d3d6fade0dc,Mercury Lamp,1094,nm,absorbance,570.7035733858772
576.796,77.67493500000002,37381227-77f4-4711-9322-5d3d6fade0dc,Mercury Lamp,1095,nm,absorbance,570.9050687530716
577.0,82.369141,37381227-77f4-4711-9322-5d3d6fade0dc,Mercury Lamp,1096,nm,absorbance,571.1075567082818
577.203,89.118559,37381227-77f4-4711-9322-5d3d6fade0dc,Mercury Lamp,1097,nm,absorbance,571.3090520754761
577.406,98.787404,37381227-77f4-4711-9322-5d3d6fade0dc,Mercury Lamp,1098,nm,absorbance,571.5105474426704
577.609,116.675634,37381227-77f4-4711-9322-5d3d6fade0dc,Mercury Lamp,1099,nm,absorbance,571.7120428098649
577.813,145.38213000000002,37381227-77f4-4711-9322-5d3d6fade0dc,Mercury Lamp,1100,nm,absorbance,571.9145307650749
578.016,173.86107,37381227-77f4-4711-9322-5d3d6fade0dc,Mercury Lamp,1101,nm,absorbance,572.1160261322693
578.219,203.422977,37381227-77f4-4711-9322-5d3d6fade0dc,Mercury Lamp,1102,nm,absorbance,572.3175214994637
578.423,233.599623,37381227-77f4-4711-9322-5d3d6fade0dc,Mercury Lamp,1103,nm,absorbance,572.5200094546739
578.626,262.638643,37381227-77f4-4711-9322-5d3d6fade0dc,Mercury Lamp,1104,nm,absorbance,572.7215048218682
578.829,285.830768,37381227-77f4-4711-9322-5d3d6fade0dc,Mercury Lamp,1105,nm,absorbance,572.9230001890625
579.032,301.14839599999993,37381227-77f4-4711-9322-5d3d6fade0dc,Mercury Lamp,1106,nm,absorbance,573.124495556257
579.235,321.03962000000007,37381227-77f4-4711-9322-5d3d6fade0dc,Mercury Lamp,1107,nm,absorbance,573.3259909234513
579.438,344.45480200000003,37381227-77f4-4711-9322-5d3d6fade0dc,Mercury Lamp,1108,nm,absorbance,573.5274862906457
579.642,369.825357,37381227-77f4-4711-9322-5d3d6fade0dc,Mercury Lamp,1109,nm,absorbance,573.7299742458558
579.845,401.51893600000005,37381227-77f4-4711-9322-5d3d6fade0dc,Mercury Lamp,1110,nm,absorbance,573.9314696130502
580.048,436.812761,37381227-77f4-4711-9322-5d3d6fade0dc,Mercury Lamp,1111,nm,absorbance,574.1329649802445
580.251,483.927842,37381227-77f4-4711-9322-5d3d6fade0dc,Mercury Lamp,1112,nm,absorbance,574.334460347439
580.454,524.568362,37381227-77f4-4711-9322-5d3d6fade0dc,Mercury Lamp,1113,nm,absorbance,574.5359557146332
580.657,563.2347339999999,37381227-77f4-4711-9322-5d3d6fade0dc,Mercury Lamp,1114,nm,absorbance,574.7374510818277
580.86,586.78768,37381227-77f4-4711-9322-5d3d6fade0dc,Mercury Lamp,1115,nm,absorbance,574.9389464490221
581.063,610.281155,37381227-77f4-4711-9322-5d3d6fade0dc,Mercury Lamp,1116,nm,absorbance,575.1404418162164
581.266,625.077532,37381227-77f4-4711-9322-5d3d6fade0dc,Mercury Lamp,1117,nm,absorbance,575.3419371834108
581.469,638.9458459999998,37381227-77f4-4711-9322-5d3d6fade0dc,Mercury Lamp,1118,nm,absorbance,575.5434325506052
581.672,653.96323,37381227-77f4-4711-9322-5d3d6fade0dc,Mercury Lamp,1119,nm,absorbance,575.7449279177996
581.875,661.059087,37381227-77f4-4711-9322-5d3d6fade0dc,Mercury Lamp,1120,nm,absorbance,575.9464232849939
582.078,673.7424189999999,37381227-77f4-4711-9322-5d3d6fade0dc,Mercury Lamp,1121,nm,absorbance,576.1479186521883
582.281,684.6915590000001,37381227-77f4-4711-9322-5d3d6fade0dc,Mercury Lamp,1122,nm,absorbance,576.3494140193826
582.484,705.231301,37381227-77f4-4711-9322-5d3d6fade0dc,Mercury Lamp,1123,nm,absorbance,576.550909386577
582.687,717.6847990000002,37381227-77f4-4711-9322-5d3d6fade0dc,Mercury Lamp,1124,nm,absorbance,576.7524047537714
582.89,719.742865,37381227-77f4-4711-9322-5d3d6fade0dc,Mercury Lamp,1125,nm,absorbance,576.9539001209657
583.093,723.491296,37381227-77f4-4711-9322-5d3d6fade0dc,Mercury Lamp,1126,nm,absorbance,577.1553954881601
583.296,728.9389600000001,37381227-77f4-4711-9322-5d3d6fade0dc,Mercury Lamp,1127,nm,absorbance,577.3568908553545
583.499,731.836105,37381227-77f4-4711-9322-5d3d6fade0dc,Mercury Lamp,1128,nm,absorbance,577.558386222549
583.702,722.471872,37381227-77f4-4711-9322-5d3d6fade0dc,Mercury Lamp,1129,nm,absorbance,577.7598815897433
583.904,724.2056789999999,37381227-77f4-4711-9322-5d3d6fade0dc,Mercury Lamp,1130,nm,absorbance,577.960384368922
584.107,725.2959890000001,37381227-77f4-4711-9322-5d3d6fade0dc,Mercury Lamp,1131,nm,absorbance,578.1618797361162
584.31,729.945197,37381227-77f4-4711-9322-5d3d6fade0dc,Mercury Lamp,1132,nm,absorbance,578.3633751033107
584.513,721.956685,37381227-77f4-4711-9322-5d3d6fade0dc,Mercury Lamp,1133,nm,absorbance,578.5648704705051
584.716,723.4128469999999,37381227-77f4-4711-9322-5d3d6fade0dc,Mercury Lamp,1134,nm,absorbance,578.7663658376994
584.918,731.7779429999999,37381227-77f4-4711-9322-5d3d6fade0dc,Mercury Lamp,1135,nm,absorbance,578.9668686168781
585.121,729.295913,37381227-77f4-4711-9322-5d3d6fade0dc,Mercury Lamp,1136,nm,absorbance,579.1683639840724
585.324,721.508936,37381227-77f4-4711-9322-5d3d6fade0dc,Mercury Lamp,1137,nm,absorbance,579.3698593512668
585.527,702.037505,37381227-77f4-4711-9322-5d3d6fade0dc,Mercury Lamp,1138,nm,absorbance,579.5713547184612
585.729,693.2007320000001,37381227-77f4-4711-9322-5d3d6fade0dc,Mercury Lamp,1139,nm,absorbance,579.7718574976399
585.932,673.877166,37381227-77f4-4711-9322-5d3d6fade0dc,Mercury Lamp,1140,nm,absorbance,579.9733528648342
586.135,651.617904,37381227-77f4-4711-9322-5d3d6fade0dc,Mercury Lamp,1141,nm,absorbance,580.1748482320286
586.337,622.814499,37381227-77f4-4711-9322-5d3d6fade0dc,Mercury Lamp,1142,nm,absorbance,580.3753510112072
586.54,585.839747,37381227-77f4-4711-9322-5d3d6fade0dc,Mercury Lamp,1143,nm,absorbance,580.5768463784016
586.743,553.9155539999999,37381227-77f4-4711-9322-5d3d6fade0dc,Mercury Lamp,1144,nm,absorbance,580.778341745596
586.945,524.7448069999999,37381227-77f4-4711-9322-5d3d6fade0dc,Mercury Lamp,1145,nm,absorbance,580.9788445247747
587.148,511.9849700000001,37381227-77f4-4711-9322-5d3d6fade0dc,Mercury Lamp,1146,nm,absorbance,581.180339891969
587.35,498.12619000000007,37381227-77f4-4711-9322-5d3d6fade0dc,Mercury Lamp,1147,nm,absorbance,581.3808426711477
587.553,487.9962949999999,37381227-77f4-4711-9322-5d3d6fade0dc,Mercury Lamp,1148,nm,absorbance,581.582338038342
587.755,469.2269720000001,37381227-77f4-4711-9322-5d3d6fade0dc,Mercury Lamp,1149,nm,absorbance,581.7828408175207
587.958,446.308001,37381227-77f4-4711-9322-5d3d6fade0dc,Mercury Lamp,1150,nm,absorbance,581.984336184715
588.161,409.526392,37381227-77f4-4711-9322-5d3d6fade0dc,Mercury Lamp,1151,nm,absorbance,582.1858315519094
588.363,367.540475,37381227-77f4-4711-9322-5d3d6fade0dc,Mercury Lamp,1152,nm,absorbance,582.386334331088
588.566,326.16412,37381227-77f4-4711-9322-5d3d6fade0dc,Mercury Lamp,1153,nm,absorbance,582.5878296982823
588.768,283.79617399999995,37381227-77f4-4711-9322-5d3d6fade0dc,Mercury Lamp,1154,nm,absorbance,582.788332477461
588.971,250.57501500000004,37381227-77f4-4711-9322-5d3d6fade0dc,Mercury Lamp,1155,nm,absorbance,582.9898278446553
589.173,217.142264,37381227-77f4-4711-9322-5d3d6fade0dc,Mercury Lamp,1156,nm,absorbance,583.190330623834
589.375,196.267302,37381227-77f4-4711-9322-5d3d6fade0dc,Mercury Lamp,1157,nm,absorbance,583.3908334030126
589.578,177.02056000000002,37381227-77f4-4711-9322-5d3d6fade0dc,Mercury Lamp,1158,nm,absorbance,583.592328770207
589.78,164.024093,37381227-77f4-4711-9322-5d3d6fade0dc,Mercury Lamp,1159,nm,absorbance,583.7928315493856
589.983,148.764008,37381227-77f4-4711-9322-5d3d6fade0dc,Mercury Lamp,1160,nm,absorbance,583.99432691658
590.185,136.795363,37381227-77f4-4711-9322-5d3d6fade0dc,Mercury Lamp,1161,nm,absorbance,584.1948296957586
590.387,121.772588,37381227-77f4-4711-9322-5d3d6fade0dc,Mercury Lamp,1162,nm,absorbance,584.3953324749373
590.59,109.429131,37381227-77f4-4711-9322-5d3d6fade0dc,Mercury Lamp,1163,nm,absorbance,584.5968278421317
590.792,97.843101,37381227-77f4-4711-9322-5d3d6fade0dc,Mercury Lamp,1164,nm,absorbance,584.7973306213104
590.994,90.114992,37381227-77f4-4711-9322-5d3d6fade0dc,Mercury Lamp,1165,nm,absorbance,584.997833400489
591.197,83.46463200000001,37381227-77f4-4711-9322-5d3d6fade0dc,Mercury Lamp,1166,nm,absorbance,585.1993287676834
591.399,74.635462,37381227-77f4-4711-9322-5d3d6fade0dc,Mercury Lamp,1167,nm,absorbance,585.399831546862
591.601,65.78800600000001,37381227-77f4-4711-9322-5d3d6fade0dc,Mercury Lamp,1168,nm,absorbance,585.6003343260406
591.803,58.29408400000001,37381227-77f4-4711-9322-5d3d6fade0dc,Mercury Lamp,1169,nm,absorbance,585.8008371052192
592.006,55.39242,37381227-77f4-4711-9322-5d3d6fade0dc,Mercury Lamp,1170,nm,absorbance,586.0023324724136
592.208,54.43334,37381227-77f4-4711-9322-5d3d6fade0dc,Mercury Lamp,1171,nm,absorbance,586.2028352515922
592.41,57.27867799999999,37381227-77f4-4711-9322-5d3d6fade0dc,Mercury Lamp,1172,nm,absorbance,586.4033380307709
592.612,57.270024,37381227-77f4-4711-9322-5d3d6fade0dc,Mercury Lamp,1173,nm,absorbance,586.6038408099495
592.815,59.050957,37381227-77f4-4711-9322-5d3d6fade0dc,Mercury Lamp,1174,nm,absorbance,586.805336177144
593.017,57.718573000000006,37381227-77f4-4711-9322-5d3d6fade0dc,Mercury Lamp,1175,nm,absorbance,587.0058389563226
593.219,52.62641900000001,37381227-77f4-4711-9322-5d3d6fade0dc,Mercury Lamp,1176,nm,absorbance,587.2063417355013
593.421,51.102758,37381227-77f4-4711-9322-5d3d6fade0dc,Mercury Lamp,1177,nm,absorbance,587.4068445146798
593.623,48.867473,37381227-77f4-4711-9322-5d3d6fade0dc,Mercury Lamp,1178,nm,absorbance,587.6073472938585
593.825,53.38044599999999,37381227-77f4-4711-9322-5d3d6fade0dc,Mercury Lamp,1179,nm,absorbance,587.8078500730371
594.027,53.977762,37381227-77f4-4711-9322-5d3d6fade0dc,Mercury Lamp,1180,nm,absorbance,588.0083528522158
594.229,52.123948,37381227-77f4-4711-9322-5d3d6fade0dc,Mercury Lamp,1181,nm,absorbance,588.2088556313944
594.432,51.900575,37381227-77f4-4711-9322-5d3d6fade0dc,Mercury Lamp,1182,nm,absorbance,588.4103509985888
594.634,49.42580099999999,37381227-77f4-4711-9322-5d3d6fade0dc,Mercury Lamp,1183,nm,absorbance,588.6108537777674
594.836,51.575302,37381227-77f4-4711-9322-5d3d6fade0dc,Mercury Lamp,1184,nm,absorbance,588.8113565569461
595.038,59.950368000000005,37381227-77f4-4711-9322-5d3d6fade0dc,Mercury Lamp,1185,nm,absorbance,589.0118593361246
595.24,65.723682,37381227-77f4-4711-9322-5d3d6fade0dc,Mercury Lamp,1186,nm,absorbance,589.2123621153033
595.442,64.58938500000001,37381227-77f4-4711-9322-5d3d6fade0dc,Mercury Lamp,1187,nm,absorbance,589.412864894482
595.644,56.350591,37381227-77f4-4711-9322-5d3d6fade0dc,Mercury Lamp,1188,nm,absorbance,589.6133676736606
595.846,49.379796,37381227-77f4-4711-9322-5d3d6fade0dc,Mercury Lamp,1189,nm,absorbance,589.8138704528393
596.048,53.119581,37381227-77f4-4711-9322-5d3d6fade0dc,Mercury Lamp,1190,nm,absorbance,590.0143732320179
596.249,53.68624200000001,37381227-77f4-4711-9322-5d3d6fade0dc,Mercury Lamp,1191,nm,absorbance,590.2138834231808
596.451,54.85588799999999,37381227-77f4-4711-9322-5d3d6fade0dc,Mercury Lamp,1192,nm,absorbance,590.4143862023594
596.653,49.446535,37381227-77f4-4711-9322-5d3d6fade0dc,Mercury Lamp,1193,nm,absorbance,590.6148889815381
596.855,50.120756,37381227-77f4-4711-9322-5d3d6fade0dc,Mercury Lamp,1194,nm,absorbance,590.8153917607167
597.057,55.402463,37381227-77f4-4711-9322-5d3d6fade0dc,Mercury Lamp,1195,nm,absorbance,591.0158945398954
597.259,54.63186,37381227-77f4-4711-9322-5d3d6fade0dc,Mercury Lamp,1196,nm,absorbance,591.216397319074
597.461,51.789416,37381227-77f4-4711-9322-5d3d6fade0dc,Mercury Lamp,1197,nm,absorbance,591.4169000982527
597.663,49.043067,37381227-77f4-4711-9322-5d3d6fade0dc,Mercury Lamp,1198,nm,absorbance,591.6174028774312
597.864,53.043142,37381227-77f4-4711-9322-5d3d6fade0dc,Mercury Lamp,1199,nm,absorbance,591.8169130685942
598.066,53.051003,37381227-77f4-4711-9322-5d3d6fade0dc,Mercury Lamp,1200,nm,absorbance,592.0174158477728
598.268,52.440006,37381227-77f4-4711-9322-5d3d6fade0dc,Mercury Lamp,1201,nm,absorbance,592.2179186269515
598.47,53.662299,37381227-77f4-4711-9322-5d3d6fade0dc,Mercury Lamp,1202,nm,absorbance,592.41842140613
598.671,53.98626,37381227-77f4-4711-9322-5d3d6fade0dc,Mercury Lamp,1203,nm,absorbance,592.617931597293
598.873,49.285521,37381227-77f4-4711-9322-5d3d6fade0dc,Mercury Lamp,1204,nm,absorbance,592.8184343764716
599.075,43.608672,37381227-77f4-4711-9322-5d3d6fade0dc,Mercury Lamp,1205,nm,absorbance,593.0189371556503
599.277,42.705943,37381227-77f4-4711-9322-5d3d6fade0dc,Mercury Lamp,1206,nm,absorbance,593.219439934829
599.478,43.536407,37381227-77f4-4711-9322-5d3d6fade0dc,Mercury Lamp,1207,nm,absorbance,593.4189501259917
599.68,46.983492,37381227-77f4-4711-9322-5d3d6fade0dc,Mercury Lamp,1208,nm,absorbance,593.6194529051704
599.882,50.544612,37381227-77f4-4711-9322-5d3d6fade0dc,Mercury Lamp,1209,nm,absorbance,593.819955684349
600.083,54.00393,37381227-77f4-4711-9322-5d3d6fade0dc,Mercury Lamp,1210,nm,absorbance,594.019465875512
600.285,51.911336000000006,37381227-77f4-4711-9322-5d3d6fade0dc,Mercury Lamp,1211,nm,absorbance,594.2199686546905
600.487,46.804439,37381227-77f4-4711-9322-5d3d6fade0dc,Mercury Lamp,1212,nm,absorbance,594.4204714338692
600.688,44.477503,37381227-77f4-4711-9322-5d3d6fade0dc,Mercury Lamp,1213,nm,absorbance,594.6199816250321
600.89,45.981595000000006,37381227-77f4-4711-9322-5d3d6fade0dc,Mercury Lamp,1214,nm,absorbance,594.8204844042108
601.091,46.448537,37381227-77f4-4711-9322-5d3d6fade0dc,Mercury Lamp,1215,nm,absorbance,595.0199945953736
601.293,46.907599000000005,37381227-77f4-4711-9322-5d3d6fade0dc,Mercury Lamp,1216,nm,absorbance,595.2204973745523
601.494,45.845074,37381227-77f4-4711-9322-5d3d6fade0dc,Mercury Lamp,1217,nm,absorbance,595.4200075657153
601.696,49.380115,37381227-77f4-4711-9322-5d3d6fade0dc,Mercury Lamp,1218,nm,absorbance,595.6205103448939
601.898,50.22399,37381227-77f4-4711-9322-5d3d6fade0dc,Mercury Lamp,1219,nm,absorbance,595.8210131240726
602.099,50.45891100000001,37381227-77f4-4711-9322-5d3d6fade0dc,Mercury Lamp,1220,nm,absorbance,596.0205233152354
602.301,46.019752,37381227-77f4-4711-9322-5d3d6fade0dc,Mercury Lamp,1221,nm,absorbance,596.2210260944141
602.502,42.118848,37381227-77f4-4711-9322-5d3d6fade0dc,Mercury Lamp,1222,nm,absorbance,596.4205362855769
602.703,41.729358,37381227-77f4-4711-9322-5d3d6fade0dc,Mercury Lamp,1223,nm,absorbance,596.6200464767398
602.905,39.85260100000001,37381227-77f4-4711-9322-5d3d6fade0dc,Mercury Lamp,1224,nm,absorbance,596.8205492559184
603.106,40.010325,37381227-77f4-4711-9322-5d3d6fade0dc,Mercury Lamp,1225,nm,absorbance,597.0200594470814
603.308,37.705487,37381227-77f4-4711-9322-5d3d6fade0dc,Mercury Lamp,1226,nm,absorbance,597.22056222626
603.509,37.417909,37381227-77f4-4711-9322-5d3d6fade0dc,Mercury Lamp,1227,nm,absorbance,597.420072417423
603.711,38.838647,37381227-77f4-4711-9322-5d3d6fade0dc,Mercury Lamp,1228,nm,absorbance,597.6205751966016
603.912,39.098142,37381227-77f4-4711-9322-5d3d6fade0dc,Mercury Lamp,1229,nm,absorbance,597.8200853877645
604.113,42.181811,37381227-77f4-4711-9322-5d3d6fade0dc,Mercury Lamp,1230,nm,absorbance,598.0195955789275
604.315,42.091973,37381227-77f4-4711-9322-5d3d6fade0dc,Mercury Lamp,1231,nm,absorbance,598.220098358106
604.516,45.264660000000006,37381227-77f4-4711-9322-5d3d6fade0dc,Mercury Lamp,1232,nm,absorbance,598.4196085492689
604.717,42.685746,37381227-77f4-4711-9322-5d3d6fade0dc,Mercury Lamp,1233,nm,absorbance,598.6191187404318
604.919,41.813123,37381227-77f4-4711-9322-5d3d6fade0dc,Mercury Lamp,1234,nm,absorbance,598.8196215196105
605.12,43.761314,37381227-77f4-4711-9322-5d3d6fade0dc,Mercury Lamp,1235,nm,absorbance,599.0191317107733
605.321,47.642502,37381227-77f4-4711-9322-5d3d6fade0dc,Mercury Lamp,1236,nm,absorbance,599.2186419019363
605.522,48.225440000000006,37381227-77f4-4711-9322-5d3d6fade0dc,Mercury Lamp,1237,nm,absorbance,599.4181520930993
605.724,46.598006000000005,37381227-77f4-4711-9322-5d3d6fade0dc,Mercury Lamp,1238,nm,absorbance,599.6186548722778
605.925,46.666966,37381227-77f4-4711-9322-5d3d6fade0dc,Mercury Lamp,1239,nm,absorbance,599.8181650634407
606.126,46.904909,37381227-77f4-4711-9322-5d3d6fade0dc,Mercury Lamp,1240,nm,absorbance,600.0176752546035
606.327,49.85837600000001,37381227-77f4-4711-9322-5d3d6fade0dc,Mercury Lamp,1241,nm,absorbance,600.2171854457665
606.528,48.317041,37381227-77f4-4711-9322-5d3d6fade0dc,Mercury Lamp,1242,nm,absorbance,600.4166956369294
606.729,52.81778899999999,37381227-77f4-4711-9322-5d3d6fade0dc,Mercury Lamp,1243,nm,absorbance,600.6162058280923
606.931,54.458757000000006,37381227-77f4-4711-9322-5d3d6fade0dc,Mercury Lamp,1244,nm,absorbance,600.816708607271
607.132,62.814426000000005,37381227-77f4-4711-9322-5d3d6fade0dc,Mercury Lamp,1245,nm,absorbance,601.0162187984338
607.333,64.80177599999999,37381227-77f4-4711-9322-5d3d6fade0dc,Mercury Lamp,1246,nm,absorbance,601.2157289895968
607.534,63.801738,37381227-77f4-4711-9322-5d3d6fade0dc,Mercury Lamp,1247,nm,absorbance,601.4152391807596
607.735,59.014762,37381227-77f4-4711-9322-5d3d6fade0dc,Mercury Lamp,1248,nm,absorbance,601.6147493719226
607.936,56.64394000000001,37381227-77f4-4711-9322-5d3d6fade0dc,Mercury Lamp,1249,nm,absorbance,601.8142595630854
608.137,58.857651,37381227-77f4-4711-9322-5d3d6fade0dc,Mercury Lamp,1250,nm,absorbance,602.0137697542483
608.338,61.065432,37381227-77f4-4711-9322-5d3d6fade0dc,Mercury Lamp,1251,nm,absorbance,602.2132799454113
608.539,61.312920000000005,37381227-77f4-4711-9322-5d3d6fade0dc,Mercury Lamp,1252,nm,absorbance,602.4127901365741
608.74,58.171285,37381227-77f4-4711-9322-5d3d6fade0dc,Mercury Lamp,1253,nm,absorbance,602.6123003277371
608.941,56.23358900000001,37381227-77f4-4711-9322-5d3d6fade0dc,Mercury Lamp,1254,nm,absorbance,602.8118105189
609.142,59.09772,37381227-77f4-4711-9322-5d3d6fade0dc,Mercury Lamp,1255,nm,absorbance,603.0113207100629
609.343,58.246794,37381227-77f4-4711-9322-5d3d6fade0dc,Mercury Lamp,1256,nm,absorbance,603.2108309012258
609.544,61.42806500000002,37381227-77f4-4711-9322-5d3d6fade0dc,Mercury Lamp,1257,nm,absorbance,603.4103410923886
609.745,56.587413000000005,37381227-77f4-4711-9322-5d3d6fade0dc,Mercury Lamp,1258,nm,absorbance,603.6098512835516
609.946,53.970958,37381227-77f4-4711-9322-5d3d6fade0dc,Mercury Lamp,1259,nm,absorbance,603.8093614747145
610.147,51.125166,37381227-77f4-4711-9322-5d3d6fade0dc,Mercury Lamp,1260,nm,absorbance,604.0088716658775
610.348,52.881001000000005,37381227-77f4-4711-9322-5d3d6fade0dc,Mercury Lamp,1261,nm,absorbance,604.2083818570402
610.549,57.617733,37381227-77f4-4711-9322-5d3d6fade0dc,Mercury Lamp,1262,nm,absorbance,604.4078920482032
610.75,62.99733299999999,37381227-77f4-4711-9322-5d3d6fade0dc,Mercury Lamp,1263,nm,absorbance,604.6074022393661
610.95,60.67960000000001,37381227-77f4-4711-9322-5d3d6fade0dc,Mercury Lamp,1264,nm,absorbance,604.8059198425133
611.151,59.31225099999999,37381227-77f4-4711-9322-5d3d6fade0dc,Mercury Lamp,1265,nm,absorbance,605.0054300336761
611.352,54.067877,37381227-77f4-4711-9322-5d3d6fade0dc,Mercury Lamp,1266,nm,absorbance,605.204940224839
611.553,59.512471000000005,37381227-77f4-4711-9322-5d3d6fade0dc,Mercury Lamp,1267,nm,absorbance,605.404450416002
611.754,58.237618,37381227-77f4-4711-9322-5d3d6fade0dc,Mercury Lamp,1268,nm,absorbance,605.6039606071649
611.954,57.63207799999999,37381227-77f4-4711-9322-5d3d6fade0dc,Mercury Lamp,1269,nm,absorbance,605.802478210312
612.155,51.582372,37381227-77f4-4711-9322-5d3d6fade0dc,Mercury Lamp,1270,nm,absorbance,606.0019884014749
612.356,47.527002,37381227-77f4-4711-9322-5d3d6fade0dc,Mercury Lamp,1271,nm,absorbance,606.2014985926378
612.557,48.253636,37381227-77f4-4711-9322-5d3d6fade0dc,Mercury Lamp,1272,nm,absorbance,606.4010087838008
612.757,50.947672,37381227-77f4-4711-9322-5d3d6fade0dc,Mercury Lamp,1273,nm,absorbance,606.5995263869479
612.958,53.98834900000001,37381227-77f4-4711-9322-5d3d6fade0dc,Mercury Lamp,1274,nm,absorbance,606.7990365781108
613.159,52.407708,37381227-77f4-4711-9322-5d3d6fade0dc,Mercury Lamp,1275,nm,absorbance,606.9985467692737
613.359,51.782916,37381227-77f4-4711-9322-5d3d6fade0dc,Mercury Lamp,1276,nm,absorbance,607.1970643724209
613.56,45.60497900000001,37381227-77f4-4711-9322-5d3d6fade0dc,Mercury Lamp,1277,nm,absorbance,607.3965745635837
613.761,46.700663000000006,37381227-77f4-4711-9322-5d3d6fade0dc,Mercury Lamp,1278,nm,absorbance,607.5960847547467
613.961,44.118306,37381227-77f4-4711-9322-5d3d6fade0dc,Mercury Lamp,1279,nm,absorbance,607.7946023578938
614.162,48.44910699999999,37381227-77f4-4711-9322-5d3d6fade0dc,Mercury Lamp,1280,nm,absorbance,607.9941125490568
614.362,47.613786000000005,37381227-77f4-4711-9322-5d3d6fade0dc,Mercury Lamp,1281,nm,absorbance,608.192630152204
614.563,49.88728,37381227-77f4-4711-9322-5d3d6fade0dc,Mercury Lamp,1282,nm,absorbance,608.3921403433668
614.764,49.933088,37381227-77f4-4711-9322-5d3d6fade0dc,Mercury Lamp,1283,nm,absorbance,608.5916505345298
614.964,46.330426,37381227-77f4-4711-9322-5d3d6fade0dc,Mercury Lamp,1284,nm,absorbance,608.7901681376769
615.165,41.310379,37381227-77f4-4711-9322-5d3d6fade0dc,Mercury Lamp,1285,nm,absorbance,608.9896783288398
615.365,39.053882,37381227-77f4-4711-9322-5d3d6fade0dc,Mercury Lamp,1286,nm,absorbance,609.188195931987
615.566,39.365293,37381227-77f4-4711-9322-5d3d6fade0dc,Mercury Lamp,1287,nm,absorbance,609.3877061231499
615.766,39.151555,37381227-77f4-4711-9322-5d3d6fade0dc,Mercury Lamp,1288,nm,absorbance,609.586223726297
615.967,39.210483,37381227-77f4-4711-9322-5d3d6fade0dc,Mercury Lamp,1289,nm,absorbance,609.7857339174599
616.167,37.953171000000005,37381227-77f4-4711-9322-5d3d6fade0dc,Mercury Lamp,1290,nm,absorbance,609.9842515206071
616.368,36.95911,37381227-77f4-4711-9322-5d3d6fade0dc,Mercury Lamp,1291,nm,absorbance,610.1837617117701
616.568,36.447265,37381227-77f4-4711-9322-5d3d6fade0dc,Mercury Lamp,1292,nm,absorbance,610.3822793149171
616.768,36.173178,37381227-77f4-4711-9322-5d3d6fade0dc,Mercury Lamp,1293,nm,absorbance,610.5807969180644
616.969,35.87179199999999,37381227-77f4-4711-9322-5d3d6fade0dc,Mercury Lamp,1294,nm,absorbance,610.7803071092274
617.169,32.35344,37381227-77f4-4711-9322-5d3d6fade0dc,Mercury Lamp,1295,nm,absorbance,610.9788247123744
617.37,32.4619,37381227-77f4-4711-9322-5d3d6fade0dc,Mercury Lamp,1296,nm,absorbance,611.1783349035373
617.57,36.32351800000001,37381227-77f4-4711-9322-5d3d6fade0dc,Mercury Lamp,1297,nm,absorbance,611.3768525066845
617.77,39.578737,37381227-77f4-4711-9322-5d3d6fade0dc,Mercury Lamp,1298,nm,absorbance,611.5753701098316
617.971,40.005228,37381227-77f4-4711-9322-5d3d6fade0dc,Mercury Lamp,1299,nm,absorbance,611.7748803009946
618.171,34.791921,37381227-77f4-4711-9322-5d3d6fade0dc,Mercury Lamp,1300,nm,absorbance,611.9733979041417
618.371,37.967541,37381227-77f4-4711-9322-5d3d6fade0dc,Mercury Lamp,1301,nm,absorbance,612.1719155072889
618.571,42.269979,37381227-77f4-4711-9322-5d3d6fade0dc,Mercury Lamp,1302,nm,absorbance,612.3704331104361
618.772,45.670827,37381227-77f4-4711-9322-5d3d6fade0dc,Mercury Lamp,1303,nm,absorbance,612.569943301599
618.972,44.18841199999999,37381227-77f4-4711-9322-5d3d6fade0dc,Mercury Lamp,1304,nm,absorbance,612.7684609047461
619.172,41.123132000000005,37381227-77f4-4711-9322-5d3d6fade0dc,Mercury Lamp,1305,nm,absorbance,612.9669785078933
619.372,44.242408,37381227-77f4-4711-9322-5d3d6fade0dc,Mercury Lamp,1306,nm,absorbance,613.1654961110404
619.573,45.334175,37381227-77f4-4711-9322-5d3d6fade0dc,Mercury Lamp,1307,nm,absorbance,613.3650063022034
619.773,45.117349,37381227-77f4-4711-9322-5d3d6fade0dc,Mercury Lamp,1308,nm,absorbance,613.5635239053505
619.973,40.632189,37381227-77f4-4711-9322-5d3d6fade0dc,Mercury Lamp,1309,nm,absorbance,613.7620415084976
620.173,37.019395,37381227-77f4-4711-9322-5d3d6fade0dc,Mercury Lamp,1310,nm,absorbance,613.9605591116449
620.373,36.377937,37381227-77f4-4711-9322-5d3d6fade0dc,Mercury Lamp,1311,nm,absorbance,614.159076714792
620.573,38.99997499999999,37381227-77f4-4711-9322-5d3d6fade0dc,Mercury Lamp,1312,nm,absorbance,614.3575943179392
620.774,41.734363,37381227-77f4-4711-9322-5d3d6fade0dc,Mercury Lamp,1313,nm,absorbance,614.5571045091021
620.974,40.202193,37381227-77f4-4711-9322-5d3d6fade0dc,Mercury Lamp,1314,nm,absorbance,614.7556221122493
621.174,41.306929,37381227-77f4-4711-9322-5d3d6fade0dc,Mercury Lamp,1315,nm,absorbance,614.9541397153964
621.374,42.309232,37381227-77f4-4711-9322-5d3d6fade0dc,Mercury Lamp,1316,nm,absorbance,615.1526573185436
621.574,43.652789000000006,37381227-77f4-4711-9322-5d3d6fade0dc,Mercury Lamp,1317,nm,absorbance,615.3511749216907
621.774,47.932671000000006,37381227-77f4-4711-9322-5d3d6fade0dc,Mercury Lamp,1318,nm,absorbance,615.549692524838
621.974,47.066483,37381227-77f4-4711-9322-5d3d6fade0dc,Mercury Lamp,1319,nm,absorbance,615.7482101279851
622.174,48.426949,37381227-77f4-4711-9322-5d3d6fade0dc,Mercury Lamp,1320,nm,absorbance,615.9467277311322
622.374,42.610085,37381227-77f4-4711-9322-5d3d6fade0dc,Mercury Lamp,1321,nm,absorbance,616.1452453342795
622.574,43.76608699999999,37381227-77f4-4711-9322-5d3d6fade0dc,Mercury Lamp,1322,nm,absorbance,616.3437629374265
622.774,43.72377300000001,37381227-77f4-4711-9322-5d3d6fade0dc,Mercury Lamp,1323,nm,absorbance,616.5422805405738
622.974,46.183838,37381227-77f4-4711-9322-5d3d6fade0dc,Mercury Lamp,1324,nm,absorbance,616.740798143721
623.174,47.546086,37381227-77f4-4711-9322-5d3d6fade0dc,Mercury Lamp,1325,nm,absorbance,616.939315746868
623.374,49.118446000000006,37381227-77f4-4711-9322-5d3d6fade0dc,Mercury Lamp,1326,nm,absorbance,617.1378333500153
623.574,50.60693,37381227-77f4-4711-9322-5d3d6fade0dc,Mercury Lamp,1327,nm,absorbance,617.3363509531624
623.774,50.253053,37381227-77f4-4711-9322-5d3d6fade0dc,Mercury Lamp,1328,nm,absorbance,617.5348685563096
623.973,53.671299,37381227-77f4-4711-9322-5d3d6fade0dc,Mercury Lamp,1329,nm,absorbance,617.732393571441
624.173,49.655674,37381227-77f4-4711-9322-5d3d6fade0dc,Mercury Lamp,1330,nm,absorbance,617.9309111745882
624.373,41.71101,37381227-77f4-4711-9322-5d3d6fade0dc,Mercury Lamp,1331,nm,absorbance,618.1294287777354
624.573,38.925794,37381227-77f4-4711-9322-5d3d6fade0dc,Mercury Lamp,1332,nm,absorbance,618.3279463808825
624.773,38.938492,37381227-77f4-4711-9322-5d3d6fade0dc,Mercury Lamp,1333,nm,absorbance,618.5264639840298
624.973,42.88071,37381227-77f4-4711-9322-5d3d6fade0dc,Mercury Lamp,1334,nm,absorbance,618.7249815871768
625.172,42.284798,37381227-77f4-4711-9322-5d3d6fade0dc,Mercury Lamp,1335,nm,absorbance,618.9225066023083
625.372,47.814984,37381227-77f4-4711-9322-5d3d6fade0dc,Mercury Lamp,1336,nm,absorbance,619.1210242054555
625.572,49.716832,37381227-77f4-4711-9322-5d3d6fade0dc,Mercury Lamp,1337,nm,absorbance,619.3195418086026
625.772,46.485113000000005,37381227-77f4-4711-9322-5d3d6fade0dc,Mercury Lamp,1338,nm,absorbance,619.5180594117498
625.971,44.218196,37381227-77f4-4711-9322-5d3d6fade0dc,Mercury Lamp,1339,nm,absorbance,619.7155844268813
626.171,45.066261,37381227-77f4-4711-9322-5d3d6fade0dc,Mercury Lamp,1340,nm,absorbance,619.9141020300284
626.371,47.557468,37381227-77f4-4711-9322-5d3d6fade0dc,Mercury Lamp,1341,nm,absorbance,620.1126196331755
626.57,49.170667,37381227-77f4-4711-9322-5d3d6fade0dc,Mercury Lamp,1342,nm,absorbance,620.3101446483071
626.77,50.398801,37381227-77f4-4711-9322-5d3d6fade0dc,Mercury Lamp,1343,nm,absorbance,620.5086622514541
626.97,54.216896,37381227-77f4-4711-9322-5d3d6fade0dc,Mercury Lamp,1344,nm,absorbance,620.7071798546013
627.169,54.044329000000005,37381227-77f4-4711-9322-5d3d6fade0dc,Mercury Lamp,1345,nm,absorbance,620.9047048697328
627.369,60.759894,37381227-77f4-4711-9322-5d3d6fade0dc,Mercury Lamp,1346,nm,absorbance,621.1032224728799
627.569,66.26606899999999,37381227-77f4-4711-9322-5d3d6fade0dc,Mercury Lamp,1347,nm,absorbance,621.301740076027
627.768,72.08776800000001,37381227-77f4-4711-9322-5d3d6fade0dc,Mercury Lamp,1348,nm,absorbance,621.4992650911586
627.968,79.053453,37381227-77f4-4711-9322-5d3d6fade0dc,Mercury Lamp,1349,nm,absorbance,621.6977826943056
628.167,82.60001500000001,37381227-77f4-4711-9322-5d3d6fade0dc,Mercury Lamp,1350,nm,absorbance,621.8953077094371
628.367,86.01904700000001,37381227-77f4-4711-9322-5d3d6fade0dc,Mercury Lamp,1351,nm,absorbance,622.0938253125843
628.566,80.86564200000001,37381227-77f4-4711-9322-5d3d6fade0dc,Mercury Lamp,1352,nm,absorbance,622.2913503277157
628.766,77.732511,37381227-77f4-4711-9322-5d3d6fade0dc,Mercury Lamp,1353,nm,absorbance,622.4898679308628
628.965,81.72922100000001,37381227-77f4-4711-9322-5d3d6fade0dc,Mercury Lamp,1354,nm,absorbance,622.6873929459944
629.165,83.903722,37381227-77f4-4711-9322-5d3d6fade0dc,Mercury Lamp,1355,nm,absorbance,622.8859105491414
629.364,88.03713400000001,37381227-77f4-4711-9322-5d3d6fade0dc,Mercury Lamp,1356,nm,absorbance,623.0834355642729
629.564,88.54933200000002,37381227-77f4-4711-9322-5d3d6fade0dc,Mercury Lamp,1357,nm,absorbance,623.28195316742
629.763,90.125575,37381227-77f4-4711-9322-5d3d6fade0dc,Mercury Lamp,1358,nm,absorbance,623.4794781825515
629.963,90.789461,37381227-77f4-4711-9322-5d3d6fade0dc,Mercury Lamp,1359,nm,absorbance,623.6779957856986
630.162,90.83887699999998,37381227-77f4-4711-9322-5d3d6fade0dc,Mercury Lamp,1360,nm,absorbance,623.8755208008301
630.362,92.329047,37381227-77f4-4711-9322-5d3d6fade0dc,Mercury Lamp,1361,nm,absorbance,624.0740384039772
630.561,95.294354,37381227-77f4-4711-9322-5d3d6fade0dc,Mercury Lamp,1362,nm,absorbance,624.2715634191087
630.76,92.250578,37381227-77f4-4711-9322-5d3d6fade0dc,Mercury Lamp,1363,nm,absorbance,624.4690884342401
630.96,93.361368,37381227-77f4-4711-9322-5d3d6fade0dc,Mercury Lamp,1364,nm,absorbance,624.6676060373874
631.159,95.96322899999998,37381227-77f4-4711-9322-5d3d6fade0dc,Mercury Lamp,1365,nm,absorbance,624.8651310525187
631.358,95.663492,37381227-77f4-4711-9322-5d3d6fade0dc,Mercury Lamp,1366,nm,absorbance,625.0626560676501
631.558,94.9875,37381227-77f4-4711-9322-5d3d6fade0dc,Mercury Lamp,1367,nm,absorbance,625.2611736707973
631.757,91.386235,37381227-77f4-4711-9322-5d3d6fade0dc,Mercury Lamp,1368,nm,absorbance,625.4586986859287
631.956,93.363701,37381227-77f4-4711-9322-5d3d6fade0dc,Mercury Lamp,1369,nm,absorbance,625.6562237010602
632.155,91.060668,37381227-77f4-4711-9322-5d3d6fade0dc,Mercury Lamp,1370,nm,absorbance,625.8537487161916
632.355,89.851947,37381227-77f4-4711-9322-5d3d6fade0dc,Mercury Lamp,1371,nm,absorbance,626.0522663193387
632.554,92.976766,37381227-77f4-4711-9322-5d3d6fade0dc,Mercury Lamp,1372,nm,absorbance,626.2497913344702
632.753,97.525989,37381227-77f4-4711-9322-5d3d6fade0dc,Mercury Lamp,1373,nm,absorbance,626.4473163496017
632.952,94.206091,37381227-77f4-4711-9322-5d3d6fade0dc,Mercury Lamp,1374,nm,absorbance,626.6448413647331
633.152,92.110973,37381227-77f4-4711-9322-5d3d6fade0dc,Mercury Lamp,1375,nm,absorbance,626.8433589678802
633.351,90.796144,37381227-77f4-4711-9322-5d3d6fade0dc,Mercury Lamp,1376,nm,absorbance,627.0408839830117
633.55,95.181851,37381227-77f4-4711-9322-5d3d6fade0dc,Mercury Lamp,1377,nm,absorbance,627.2384089981431
633.749,94.613604,37381227-77f4-4711-9322-5d3d6fade0dc,Mercury Lamp,1378,nm,absorbance,627.4359340132745
633.948,90.01877,37381227-77f4-4711-9322-5d3d6fade0dc,Mercury Lamp,1379,nm,absorbance,627.6334590284059
634.147,91.457154,37381227-77f4-4711-9322-5d3d6fade0dc,Mercury Lamp,1380,nm,absorbance,627.8309840435375
634.346,90.277126,37381227-77f4-4711-9322-5d3d6fade0dc,Mercury Lamp,1381,nm,absorbance,628.0285090586689
634.545,87.49401099999999,37381227-77f4-4711-9322-5d3d6fade0dc,Mercury Lamp,1382,nm,absorbance,628.2260340738002
634.744,82.89099,37381227-77f4-4711-9322-5d3d6fade0dc,Mercury Lamp,1383,nm,absorbance,628.4235590889317
634.944,81.108007,37381227-77f4-4711-9322-5d3d6fade0dc,Mercury Lamp,1384,nm,absorbance,628.6220766920788
635.143,82.655641,37381227-77f4-4711-9322-5d3d6fade0dc,Mercury Lamp,1385,nm,absorbance,628.8196017072103
635.342,84.771647,37381227-77f4-4711-9322-5d3d6fade0dc,Mercury Lamp,1386,nm,absorbance,629.0171267223417
635.541,80.919323,37381227-77f4-4711-9322-5d3d6fade0dc,Mercury Lamp,1387,nm,absorbance,629.2146517374732
635.74,78.834159,37381227-77f4-4711-9322-5d3d6fade0dc,Mercury Lamp,1388,nm,absorbance,629.4121767526045
635.939,69.059556,37381227-77f4-4711-9322-5d3d6fade0dc,Mercury Lamp,1389,nm,absorbance,629.6097017677359
636.138,64.874666,37381227-77f4-4711-9322-5d3d6fade0dc,Mercury Lamp,1390,nm,absorbance,629.8072267828675
636.336,59.21819099999999,37381227-77f4-4711-9322-5d3d6fade0dc,Mercury Lamp,1391,nm,absorbance,630.0037592099832
636.535,58.731747,37381227-77f4-4711-9322-5d3d6fade0dc,Mercury Lamp,1392,nm,absorbance,630.2012842251145
636.734,55.232973,37381227-77f4-4711-9322-5d3d6fade0dc,Mercury Lamp,1393,nm,absorbance,630.398809240246
636.933,49.968614,37381227-77f4-4711-9322-5d3d6fade0dc,Mercury Lamp,1394,nm,absorbance,630.5963342553774
637.132,47.215198,37381227-77f4-4711-9322-5d3d6fade0dc,Mercury Lamp,1395,nm,absorbance,630.7938592705088
637.331,47.525995,37381227-77f4-4711-9322-5d3d6fade0dc,Mercury Lamp,1396,nm,absorbance,630.9913842856403
637.53,47.708349,37381227-77f4-4711-9322-5d3d6fade0dc,Mercury Lamp,1397,nm,absorbance,631.1889093007717
637.729,44.940138000000005,37381227-77f4-4711-9322-5d3d6fade0dc,Mercury Lamp,1398,nm,absorbance,631.3864343159032
637.928,38.997333,37381227-77f4-4711-9322-5d3d6fade0dc,Mercury Lamp,1399,nm,absorbance,631.5839593310345
638.126,37.736199000000006,37381227-77f4-4711-9322-5d3d6fade0dc,Mercury Lamp,1400,nm,absorbance,631.7804917581502
638.325,34.941667,37381227-77f4-4711-9322-5d3d6fade0dc,Mercury Lamp,1401,nm,absorbance,631.9780167732818
638.524,35.199,37381227-77f4-4711-9322-5d3d6fade0dc,Mercury Lamp,1402,nm,absorbance,632.1755417884132
638.723,35.007081,37381227-77f4-4711-9322-5d3d6fade0dc,Mercury Lamp,1403,nm,absorbance,632.3730668035445
638.921,34.655804,37381227-77f4-4711-9322-5d3d6fade0dc,Mercury Lamp,1404,nm,absorbance,632.5695992306603
639.12,34.460868,37381227-77f4-4711-9322-5d3d6fade0dc,Mercury Lamp,1405,nm,absorbance,632.7671242457917
639.319,30.99352,37381227-77f4-4711-9322-5d3d6fade0dc,Mercury Lamp,1406,nm,absorbance,632.9646492609231
639.518,31.080814,37381227-77f4-4711-9322-5d3d6fade0dc,Mercury Lamp,1407,nm,absorbance,633.1621742760545
639.716,35.793424,37381227-77f4-4711-9322-5d3d6fade0dc,Mercury Lamp,1408,nm,absorbance,633.3587067031702
639.915,41.34454100000001,37381227-77f4-4711-9322-5d3d6fade0dc,Mercury Lamp,1409,nm,absorbance,633.5562317183017
640.114,36.640557,37381227-77f4-4711-9322-5d3d6fade0dc,Mercury Lamp,1410,nm,absorbance,633.7537567334332
640.312,27.717938000000004,37381227-77f4-4711-9322-5d3d6fade0dc,Mercury Lamp,1411,nm,absorbance,633.9502891605488
640.511,25.974623,37381227-77f4-4711-9322-5d3d6fade0dc,Mercury Lamp,1412,nm,absorbance,634.1478141756802
640.71,27.999682,37381227-77f4-4711-9322-5d3d6fade0dc,Mercury Lamp,1413,nm,absorbance,634.3453391908117
640.908,32.247417,37381227-77f4-4711-9322-5d3d6fade0dc,Mercury Lamp,1414,nm,absorbance,634.5418716179274
641.107,28.346478,37381227-77f4-4711-9322-5d3d6fade0dc,Mercury Lamp,1415,nm,absorbance,634.7393966330587
641.305,29.671309,37381227-77f4-4711-9322-5d3d6fade0dc,Mercury Lamp,1416,nm,absorbance,634.9359290601744
641.504,25.577298000000003,37381227-77f4-4711-9322-5d3d6fade0dc,Mercury Lamp,1417,nm,absorbance,635.133454075306
641.702,27.36403,37381227-77f4-4711-9322-5d3d6fade0dc,Mercury Lamp,1418,nm,absorbance,635.3299865024217
641.901,22.166018,37381227-77f4-4711-9322-5d3d6fade0dc,Mercury Lamp,1419,nm,absorbance,635.527511517553
642.099,24.467125000000003,37381227-77f4-4711-9322-5d3d6fade0dc,Mercury Lamp,1420,nm,absorbance,635.7240439446688
642.298,25.48018,37381227-77f4-4711-9322-5d3d6fade0dc,Mercury Lamp,1421,nm,absorbance,635.9215689598002
642.496,31.772605,37381227-77f4-4711-9322-5d3d6fade0dc,Mercury Lamp,1422,nm,absorbance,636.1181013869159
642.695,29.319076000000003,37381227-77f4-4711-9322-5d3d6fade0dc,Mercury Lamp,1423,nm,absorbance,636.3156264020473
642.893,29.016233,37381227-77f4-4711-9322-5d3d6fade0dc,Mercury Lamp,1424,nm,absorbance,636.512158829163
643.092,28.62703,37381227-77f4-4711-9322-5d3d6fade0dc,Mercury Lamp,1425,nm,absorbance,636.7096838442944
643.29,35.424550999999994,37381227-77f4-4711-9322-5d3d6fade0dc,Mercury Lamp,1426,nm,absorbance,636.9062162714101
643.489,35.669153,37381227-77f4-4711-9322-5d3d6fade0dc,Mercury Lamp,1427,nm,absorbance,637.1037412865415
643.687,37.964838,37381227-77f4-4711-9322-5d3d6fade0dc,Mercury Lamp,1428,nm,absorbance,637.3002737136572
643.885,40.812487,37381227-77f4-4711-9322-5d3d6fade0dc,Mercury Lamp,1429,nm,absorbance,637.496806140773
644.084,41.93929000000001,37381227-77f4-4711-9322-5d3d6fade0dc,Mercury Lamp,1430,nm,absorbance,637.6943311559044
644.282,39.791356,37381227-77f4-4711-9322-5d3d6fade0dc,Mercury Lamp,1431,nm,absorbance,637.8908635830201
644.48,37.168771,37381227-77f4-4711-9322-5d3d6fade0dc,Mercury Lamp,1432,nm,absorbance,638.0873960101358
644.679,34.192291999999995,37381227-77f4-4711-9322-5d3d6fade0dc,Mercury Lamp,1433,nm,absorbance,638.2849210252672
644.877,32.642997,37381227-77f4-4711-9322-5d3d6fade0dc,Mercury Lamp,1434,nm,absorbance,638.4814534523829
645.075,30.846777,37381227-77f4-4711-9322-5d3d6fade0dc,Mercury Lamp,1435,nm,absorbance,638.6779858794986
645.274,36.2884,37381227-77f4-4711-9322-5d3d6fade0dc,Mercury Lamp,1436,nm,absorbance,638.87551089463
645.472,36.754836000000005,37381227-77f4-4711-9322-5d3d6fade0dc,Mercury Lamp,1437,nm,absorbance,639.0720433217457
645.67,38.024691,37381227-77f4-4711-9322-5d3d6fade0dc,Mercury Lamp,1438,nm,absorbance,639.2685757488614
645.868,38.48982500000001,37381227-77f4-4711-9322-5d3d6fade0dc,Mercury Lamp,1439,nm,absorbance,639.4651081759771
646.067,40.346174000000005,37381227-77f4-4711-9322-5d3d6fade0dc,Mercury Lamp,1440,nm,absorbance,639.6626331911085
646.265,40.375346,37381227-77f4-4711-9322-5d3d6fade0dc,Mercury Lamp,1441,nm,absorbance,639.8591656182242
646.463,37.895753,37381227-77f4-4711-9322-5d3d6fade0dc,Mercury Lamp,1442,nm,absorbance,640.0556980453399
646.661,34.4563,37381227-77f4-4711-9322-5d3d6fade0dc,Mercury Lamp,1443,nm,absorbance,640.2522304724555
646.859,33.168543,37381227-77f4-4711-9322-5d3d6fade0dc,Mercury Lamp,1444,nm,absorbance,640.4487628995713
647.057,27.993751000000003,37381227-77f4-4711-9322-5d3d6fade0dc,Mercury Lamp,1445,nm,absorbance,640.645295326687
647.256,34.78367300000001,37381227-77f4-4711-9322-5d3d6fade0dc,Mercury Lamp,1446,nm,absorbance,640.8428203418184
647.454,30.758578,37381227-77f4-4711-9322-5d3d6fade0dc,Mercury Lamp,1447,nm,absorbance,641.0393527689341
647.652,35.446743,37381227-77f4-4711-9322-5d3d6fade0dc,Mercury Lamp,1448,nm,absorbance,641.2358851960498
647.85,30.795707,37381227-77f4-4711-9322-5d3d6fade0dc,Mercury Lamp,1449,nm,absorbance,641.4324176231655
648.048,34.62397499999999,37381227-77f4-4711-9322-5d3d6fade0dc,Mercury Lamp,1450,nm,absorbance,641.6289500502812
648.246,34.395714,37381227-77f4-4711-9322-5d3d6fade0dc,Mercury Lamp,1451,nm,absorbance,641.8254824773969
648.444,34.988737,37381227-77f4-4711-9322-5d3d6fade0dc,Mercury Lamp,1452,nm,absorbance,642.0220149045125
648.642,34.031228,37381227-77f4-4711-9322-5d3d6fade0dc,Mercury Lamp,1453,nm,absorbance,642.2185473316283
648.84,30.525598,37381227-77f4-4711-9322-5d3d6fade0dc,Mercury Lamp,1454,nm,absorbance,642.415079758744
649.038,29.912686,37381227-77f4-4711-9322-5d3d6fade0dc,Mercury Lamp,1455,nm,absorbance,642.6116121858597
649.236,30.702478,37381227-77f4-4711-9322-5d3d6fade0dc,Mercury Lamp,1456,nm,absorbance,642.8081446129754
649.434,30.901764,37381227-77f4-4711-9322-5d3d6fade0dc,Mercury Lamp,1457,nm,absorbance,643.004677040091
649.632,34.210157,37381227-77f4-4711-9322-5d3d6fade0dc,Mercury Lamp,1458,nm,absorbance,643.2012094672067
649.83,39.53717700000001,37381227-77f4-4711-9322-5d3d6fade0dc,Mercury Lamp,1459,nm,absorbance,643.3977418943225
650.028,39.797669,37381227-77f4-4711-9322-5d3d6fade0dc,Mercury Lamp,1460,nm,absorbance,643.5942743214382
650.226,37.931056,37381227-77f4-4711-9322-5d3d6fade0dc,Mercury Lamp,1461,nm,absorbance,643.7908067485539
650.423,33.339509,37381227-77f4-4711-9322-5d3d6fade0dc,Mercury Lamp,1462,nm,absorbance,643.9863465876538
650.621,31.754116,37381227-77f4-4711-9322-5d3d6fade0dc,Mercury Lamp,1463,nm,absorbance,644.1828790147695
650.819,26.639015,37381227-77f4-4711-9322-5d3d6fade0dc,Mercury Lamp,1464,nm,absorbance,644.3794114418852
651.017,27.357405,37381227-77f4-4711-9322-5d3d6fade0dc,Mercury Lamp,1465,nm,absorbance,644.575943869001
651.215,27.197165,37381227-77f4-4711-9322-5d3d6fade0dc,Mercury Lamp,1466,nm,absorbance,644.7724762961166
651.413,31.59838,37381227-77f4-4711-9322-5d3d6fade0dc,Mercury Lamp,1467,nm,absorbance,644.9690087232323
651.61,29.239617,37381227-77f4-4711-9322-5d3d6fade0dc,Mercury Lamp,1468,nm,absorbance,645.1645485623322
651.808,32.641589999999994,37381227-77f4-4711-9322-5d3d6fade0dc,Mercury Lamp,1469,nm,absorbance,645.3610809894479
652.006,27.405173,37381227-77f4-4711-9322-5d3d6fade0dc,Mercury Lamp,1470,nm,absorbance,645.5576134165636
652.204,20.338071000000003,37381227-77f4-4711-9322-5d3d6fade0dc,Mercury Lamp,1471,nm,absorbance,645.7541458436792
652.401,18.871655,37381227-77f4-4711-9322-5d3d6fade0dc,Mercury Lamp,1472,nm,absorbance,645.9496856827792
652.599,21.176304,37381227-77f4-4711-9322-5d3d6fade0dc,Mercury Lamp,1473,nm,absorbance,646.146218109895
652.797,24.351043,37381227-77f4-4711-9322-5d3d6fade0dc,Mercury Lamp,1474,nm,absorbance,646.3427505370107
652.995,24.248521000000004,37381227-77f4-4711-9322-5d3d6fade0dc,Mercury Lamp,1475,nm,absorbance,646.5392829641264
653.192,25.757543,37381227-77f4-4711-9322-5d3d6fade0dc,Mercury Lamp,1476,nm,absorbance,646.7348228032264
653.39,27.665083000000003,37381227-77f4-4711-9322-5d3d6fade0dc,Mercury Lamp,1477,nm,absorbance,646.931355230342
653.588,24.53892800000001,37381227-77f4-4711-9322-5d3d6fade0dc,Mercury Lamp,1478,nm,absorbance,647.1278876574577
653.785,21.838961000000005,37381227-77f4-4711-9322-5d3d6fade0dc,Mercury Lamp,1479,nm,absorbance,647.3234274965577
653.983,20.62169,37381227-77f4-4711-9322-5d3d6fade0dc,Mercury Lamp,1480,nm,absorbance,647.5199599236734
654.18,20.872376000000003,37381227-77f4-4711-9322-5d3d6fade0dc,Mercury Lamp,1481,nm,absorbance,647.7154997627733
654.378,22.062115,37381227-77f4-4711-9322-5d3d6fade0dc,Mercury Lamp,1482,nm,absorbance,647.912032189889
654.576,26.809468000000003,37381227-77f4-4711-9322-5d3d6fade0dc,Mercury Lamp,1483,nm,absorbance,648.1085646170047
654.773,27.813165,37381227-77f4-4711-9322-5d3d6fade0dc,Mercury Lamp,1484,nm,absorbance,648.3041044561047
654.971,31.883468000000004,37381227-77f4-4711-9322-5d3d6fade0dc,Mercury Lamp,1485,nm,absorbance,648.5006368832204
655.168,28.904629,37381227-77f4-4711-9322-5d3d6fade0dc,Mercury Lamp,1486,nm,absorbance,648.6961767223204
655.366,28.682507000000005,37381227-77f4-4711-9322-5d3d6fade0dc,Mercury Lamp,1487,nm,absorbance,648.892709149436
655.563,26.484239,37381227-77f4-4711-9322-5d3d6fade0dc,Mercury Lamp,1488,nm,absorbance,649.088248988536
655.761,25.222657000000005,37381227-77f4-4711-9322-5d3d6fade0dc,Mercury Lamp,1489,nm,absorbance,649.2847814156517
655.958,22.242854,37381227-77f4-4711-9322-5d3d6fade0dc,Mercury Lamp,1490,nm,absorbance,649.4803212547516
656.156,22.377832,37381227-77f4-4711-9322-5d3d6fade0dc,Mercury Lamp,1491,nm,absorbance,649.6768536818673
656.353,18.142863,37381227-77f4-4711-9322-5d3d6fade0dc,Mercury Lamp,1492,nm,absorbance,649.8723935209673
656.55,25.707964,37381227-77f4-4711-9322-5d3d6fade0dc,Mercury Lamp,1493,nm,absorbance,650.0679333600672
656.748,17.923772,37381227-77f4-4711-9322-5d3d6fade0dc,Mercury Lamp,1494,nm,absorbance,650.264465787183
656.945,20.082108,37381227-77f4-4711-9322-5d3d6fade0dc,Mercury Lamp,1495,nm,absorbance,650.460005626283
657.143,17.751165000000004,37381227-77f4-4711-9322-5d3d6fade0dc,Mercury Lamp,1496,nm,absorbance,650.6565380533987
657.34,20.997489,37381227-77f4-4711-9322-5d3d6fade0dc,Mercury Lamp,1497,nm,absorbance,650.8520778924986
657.537,25.418302999999995,37381227-77f4-4711-9322-5d3d6fade0dc,Mercury Lamp,1498,nm,absorbance,651.0476177315985
657.735,25.519406,37381227-77f4-4711-9322-5d3d6fade0dc,Mercury Lamp,1499,nm,absorbance,651.2441501587142
657.932,28.471328,37381227-77f4-4711-9322-5d3d6fade0dc,Mercury Lamp,1500,nm,absorbance,651.4396899978142
658.129,27.271705999999995,37381227-77f4-4711-9322-5d3d6fade0dc,Mercury Lamp,1501,nm,absorbance,651.6352298369142
658.326,26.746127,37381227-77f4-4711-9322-5d3d6fade0dc,Mercury Lamp,1502,nm,absorbance,651.8307696760141
658.524,29.881336999999995,37381227-77f4-4711-9322-5d3d6fade0dc,Mercury Lamp,1503,nm,absorbance,652.0273021031298
658.721,32.171531,37381227-77f4-4711-9322-5d3d6fade0dc,Mercury Lamp,1504,nm,absorbance,652.2228419422297
658.918,39.880339000000006,37381227-77f4-4711-9322-5d3d6fade0dc,Mercury Lamp,1505,nm,absorbance,652.4183817813297
659.115,40.206908,37381227-77f4-4711-9322-5d3d6fade0dc,Mercury Lamp,1506,nm,absorbance,652.6139216204297
659.313,40.893487,37381227-77f4-4711-9322-5d3d6fade0dc,Mercury Lamp,1507,nm,absorbance,652.8104540475454
659.51,41.137777,37381227-77f4-4711-9322-5d3d6fade0dc,Mercury Lamp,1508,nm,absorbance,653.0059938866453
659.707,40.59741999999999,37381227-77f4-4711-9322-5d3d6fade0dc,Mercury Lamp,1509,nm,absorbance,653.2015337257453
659.904,43.90065,37381227-77f4-4711-9322-5d3d6fade0dc,Mercury Lamp,1510,nm,absorbance,653.3970735648452
660.101,41.138932,37381227-77f4-4711-9322-5d3d6fade0dc,Mercury Lamp,1511,nm,absorbance,653.5926134039452
660.298,36.613486,37381227-77f4-4711-9322-5d3d6fade0dc,Mercury Lamp,1512,nm,absorbance,653.7881532430451
660.496,36.213929,37381227-77f4-4711-9322-5d3d6fade0dc,Mercury Lamp,1513,nm,absorbance,653.9846856701608
660.693,34.722624,37381227-77f4-4711-9322-5d3d6fade0dc,Mercury Lamp,1514,nm,absorbance,654.1802255092608
660.89,43.645202000000005,37381227-77f4-4711-9322-5d3d6fade0dc,Mercury Lamp,1515,nm,absorbance,654.3757653483608
661.087,42.448633,37381227-77f4-4711-9322-5d3d6fade0dc,Mercury Lamp,1516,nm,absorbance,654.5713051874608
661.284,44.694298,37381227-77f4-4711-9322-5d3d6fade0dc,Mercury Lamp,1517,nm,absorbance,654.7668450265606
661.481,42.377215,37381227-77f4-4711-9322-5d3d6fade0dc,Mercury Lamp,1518,nm,absorbance,654.9623848656606
661.678,43.210725,37381227-77f4-4711-9322-5d3d6fade0dc,Mercury Lamp,1519,nm,absorbance,655.1579247047606
661.875,42.844008,37381227-77f4-4711-9322-5d3d6fade0dc,Mercury Lamp,1520,nm,absorbance,655.3534645438606
662.072,42.230566,37381227-77f4-4711-9322-5d3d6fade0dc,Mercury Lamp,1521,nm,absorbance,655.5490043829606
662.269,42.213264,37381227-77f4-4711-9322-5d3d6fade0dc,Mercury Lamp,1522,nm,absorbance,655.7445442220605
662.466,40.651289000000006,37381227-77f4-4711-9322-5d3d6fade0dc,Mercury Lamp,1523,nm,absorbance,655.9400840611604
662.663,43.193821,37381227-77f4-4711-9322-5d3d6fade0dc,Mercury Lamp,1524,nm,absorbance,656.1356239002604
662.86,42.39206300000001,37381227-77f4-4711-9322-5d3d6fade0dc,Mercury Lamp,1525,nm,absorbance,656.3311637393604
663.057,44.657725,37381227-77f4-4711-9322-5d3d6fade0dc,Mercury Lamp,1526,nm,absorbance,656.5267035784603
663.254,41.949197,37381227-77f4-4711-9322-5d3d6fade0dc,Mercury Lamp,1527,nm,absorbance,656.7222434175603
663.45,41.916845,37381227-77f4-4711-9322-5d3d6fade0dc,Mercury Lamp,1528,nm,absorbance,656.9167906686446
663.647,39.251668,37381227-77f4-4711-9322-5d3d6fade0dc,Mercury Lamp,1529,nm,absorbance,657.1123305077446
663.844,36.791198,37381227-77f4-4711-9322-5d3d6fade0dc,Mercury Lamp,1530,nm,absorbance,657.3078703468444
664.041,35.056135,37381227-77f4-4711-9322-5d3d6fade0dc,Mercury Lamp,1531,nm,absorbance,657.5034101859444
664.238,32.523012,37381227-77f4-4711-9322-5d3d6fade0dc,Mercury Lamp,1532,nm,absorbance,657.6989500250444
664.435,33.001153,37381227-77f4-4711-9322-5d3d6fade0dc,Mercury Lamp,1533,nm,absorbance,657.8944898641442
664.631,32.633391,37381227-77f4-4711-9322-5d3d6fade0dc,Mercury Lamp,1534,nm,absorbance,658.0890371152285
664.828,35.752701,37381227-77f4-4711-9322-5d3d6fade0dc,Mercury Lamp,1535,nm,absorbance,658.2845769543285
665.025,39.410487,37381227-77f4-4711-9322-5d3d6fade0dc,Mercury Lamp,1536,nm,absorbance,658.4801167934285
665.222,40.298489,37381227-77f4-4711-9322-5d3d6fade0dc,Mercury Lamp,1537,nm,absorbance,658.6756566325283
665.419,36.271496,37381227-77f4-4711-9322-5d3d6fade0dc,Mercury Lamp,1538,nm,absorbance,658.8711964716283
665.615,31.240489000000004,37381227-77f4-4711-9322-5d3d6fade0dc,Mercury Lamp,1539,nm,absorbance,659.0657437227126
665.812,26.619308,37381227-77f4-4711-9322-5d3d6fade0dc,Mercury Lamp,1540,nm,absorbance,659.2612835618125
666.009,28.300979,37381227-77f4-4711-9322-5d3d6fade0dc,Mercury Lamp,1541,nm,absorbance,659.4568234009125
666.205,30.406706,37381227-77f4-4711-9322-5d3d6fade0dc,Mercury Lamp,1542,nm,absorbance,659.6513706519968
666.402,33.565746000000004,37381227-77f4-4711-9322-5d3d6fade0dc,Mercury Lamp,1543,nm,absorbance,659.8469104910968
666.599,33.826769,37381227-77f4-4711-9322-5d3d6fade0dc,Mercury Lamp,1544,nm,absorbance,660.0424503301967
666.795,28.449622,37381227-77f4-4711-9322-5d3d6fade0dc,Mercury Lamp,1545,nm,absorbance,660.2369975812808
666.992,31.768155,37381227-77f4-4711-9322-5d3d6fade0dc,Mercury Lamp,1546,nm,absorbance,660.4325374203808
667.188,29.529853,37381227-77f4-4711-9322-5d3d6fade0dc,Mercury Lamp,1547,nm,absorbance,660.627084671465
667.385,28.666009999999996,37381227-77f4-4711-9322-5d3d6fade0dc,Mercury Lamp,1548,nm,absorbance,660.822624510565
667.582,21.350545000000004,37381227-77f4-4711-9322-5d3d6fade0dc,Mercury Lamp,1549,nm,absorbance,661.018164349665
667.778,21.343965,37381227-77f4-4711-9322-5d3d6fade0dc,Mercury Lamp,1550,nm,absorbance,661.2127116007492
667.975,24.982473,37381227-77f4-4711-9322-5d3d6fade0dc,Mercury Lamp,1551,nm,absorbance,661.4082514398492
668.171,29.240934,37381227-77f4-4711-9322-5d3d6fade0dc,Mercury Lamp,1552,nm,absorbance,661.6027986909335
668.368,30.2285,37381227-77f4-4711-9322-5d3d6fade0dc,Mercury Lamp,1553,nm,absorbance,661.7983385300333
668.564,27.722202,37381227-77f4-4711-9322-5d3d6fade0dc,Mercury Lamp,1554,nm,absorbance,661.9928857811175
668.761,26.762241,37381227-77f4-4711-9322-5d3d6fade0dc,Mercury Lamp,1555,nm,absorbance,662.1884256202175
668.957,29.169499,37381227-77f4-4711-9322-5d3d6fade0dc,Mercury Lamp,1556,nm,absorbance,662.3829728713017
669.154,34.796295,37381227-77f4-4711-9322-5d3d6fade0dc,Mercury Lamp,1557,nm,absorbance,662.5785127104017
669.35,31.498353,37381227-77f4-4711-9322-5d3d6fade0dc,Mercury Lamp,1558,nm,absorbance,662.773059961486
669.547,33.395987,37381227-77f4-4711-9322-5d3d6fade0dc,Mercury Lamp,1559,nm,absorbance,662.9685998005859
669.743,37.22659,37381227-77f4-4711-9322-5d3d6fade0dc,Mercury Lamp,1560,nm,absorbance,663.1631470516702
669.939,41.825465,37381227-77f4-4711-9322-5d3d6fade0dc,Mercury Lamp,1561,nm,absorbance,663.3576943027543
670.136,44.83482,37381227-77f4-4711-9322-5d3d6fade0dc,Mercury Lamp,1562,nm,absorbance,663.5532341418542
670.332,42.068174,37381227-77f4-4711-9322-5d3d6fade0dc,Mercury Lamp,1563,nm,absorbance,663.7477813929385
670.528,44.569238,37381227-77f4-4711-9322-5d3d6fade0dc,Mercury Lamp,1564,nm,absorbance,663.9423286440227
670.725,42.027446,37381227-77f4-4711-9322-5d3d6fade0dc,Mercury Lamp,1565,nm,absorbance,664.1378684831227
670.921,40.990957,37381227-77f4-4711-9322-5d3d6fade0dc,Mercury Lamp,1566,nm,absorbance,664.332415734207
671.117,39.801914,37381227-77f4-4711-9322-5d3d6fade0dc,Mercury Lamp,1567,nm,absorbance,664.5269629852911
671.314,42.468478000000005,37381227-77f4-4711-9322-5d3d6fade0dc,Mercury Lamp,1568,nm,absorbance,664.7225028243911
671.51,43.54569400000001,37381227-77f4-4711-9322-5d3d6fade0dc,Mercury Lamp,1569,nm,absorbance,664.9170500754753
671.706,43.990026,37381227-77f4-4711-9322-5d3d6fade0dc,Mercury Lamp,1570,nm,absorbance,665.1115973265596
671.902,41.203325,37381227-77f4-4711-9322-5d3d6fade0dc,Mercury Lamp,1571,nm,absorbance,665.3061445776439
672.099,45.053697,37381227-77f4-4711-9322-5d3d6fade0dc,Mercury Lamp,1572,nm,absorbance,665.5016844167437
672.295,47.007159,37381227-77f4-4711-9322-5d3d6fade0dc,Mercury Lamp,1573,nm,absorbance,665.6962316678279
672.491,49.634379,37381227-77f4-4711-9322-5d3d6fade0dc,Mercury Lamp,1574,nm,absorbance,665.8907789189121
672.687,47.122839000000006,37381227-77f4-4711-9322-5d3d6fade0dc,Mercury Lamp,1575,nm,absorbance,666.0853261699964
672.883,46.422312,37381227-77f4-4711-9322-5d3d6fade0dc,Mercury Lamp,1576,nm,absorbance,666.2798734210807
673.08,47.254756,37381227-77f4-4711-9322-5d3d6fade0dc,Mercury Lamp,1577,nm,absorbance,666.4754132601806
673.276,46.44607800000001,37381227-77f4-4711-9322-5d3d6fade0dc,Mercury Lamp,1578,nm,absorbance,666.6699605112648
673.472,50.935817,37381227-77f4-4711-9322-5d3d6fade0dc,Mercury Lamp,1579,nm,absorbance,666.864507762349
673.668,51.286719000000005,37381227-77f4-4711-9322-5d3d6fade0dc,Mercury Lamp,1580,nm,absorbance,667.0590550134333
673.864,52.08574899999999,37381227-77f4-4711-9322-5d3d6fade0dc,Mercury Lamp,1581,nm,absorbance,667.2536022645176
674.06,48.799307,37381227-77f4-4711-9322-5d3d6fade0dc,Mercury Lamp,1582,nm,absorbance,667.4481495156017
674.256,48.933155000000006,37381227-77f4-4711-9322-5d3d6fade0dc,Mercury Lamp,1583,nm,absorbance,667.6426967666858
674.452,48.739901,37381227-77f4-4711-9322-5d3d6fade0dc,Mercury Lamp,1584,nm,absorbance,667.8372440177701
674.648,48.104899,37381227-77f4-4711-9322-5d3d6fade0dc,Mercury Lamp,1585,nm,absorbance,668.0317912688544
674.844,44.676968,37381227-77f4-4711-9322-5d3d6fade0dc,Mercury Lamp,1586,nm,absorbance,668.2263385199386
675.04,47.814817,37381227-77f4-4711-9322-5d3d6fade0dc,Mercury Lamp,1587,nm,absorbance,668.4208857710228
675.236,46.68750000000001,37381227-77f4-4711-9322-5d3d6fade0dc,Mercury Lamp,1588,nm,absorbance,668.615433022107
675.432,45.93028,37381227-77f4-4711-9322-5d3d6fade0dc,Mercury Lamp,1589,nm,absorbance,668.8099802731913
675.628,45.308932,37381227-77f4-4711-9322-5d3d6fade0dc,Mercury Lamp,1590,nm,absorbance,669.0045275242755
675.824,47.001839,37381227-77f4-4711-9322-5d3d6fade0dc,Mercury Lamp,1591,nm,absorbance,669.1990747753597
676.02,54.75617100000001,37381227-77f4-4711-9322-5d3d6fade0dc,Mercury Lamp,1592,nm,absorbance,669.393622026444
676.216,53.903148,37381227-77f4-4711-9322-5d3d6fade0dc,Mercury Lamp,1593,nm,absorbance,669.5881692775282
676.412,53.975926,37381227-77f4-4711-9322-5d3d6fade0dc,Mercury Lamp,1594,nm,absorbance,669.7827165286125
676.608,51.683338000000006,37381227-77f4-4711-9322-5d3d6fade0dc,Mercury Lamp,1595,nm,absorbance,669.9772637796965
676.804,53.026327,37381227-77f4-4711-9322-5d3d6fade0dc,Mercury Lamp,1596,nm,absorbance,670.1718110307808
676.999,59.201623000000005,37381227-77f4-4711-9322-5d3d6fade0dc,Mercury Lamp,1597,nm,absorbance,670.3653656938493
677.195,55.816897,37381227-77f4-4711-9322-5d3d6fade0dc,Mercury Lamp,1598,nm,absorbance,670.5599129449336
677.391,55.93254699999999,37381227-77f4-4711-9322-5d3d6fade0dc,Mercury Lamp,1599,nm,absorbance,670.7544601960177
677.587,54.95266,37381227-77f4-4711-9322-5d3d6fade0dc,Mercury Lamp,1600,nm,absorbance,670.949007447102
677.783,58.605481,37381227-77f4-4711-9322-5d3d6fade0dc,Mercury Lamp,1601,nm,absorbance,671.1435546981862
677.978,52.118362000000005,37381227-77f4-4711-9322-5d3d6fade0dc,Mercury Lamp,1602,nm,absorbance,671.3371093612546
678.174,50.654637,37381227-77f4-4711-9322-5d3d6fade0dc,Mercury Lamp,1603,nm,absorbance,671.5316566123389
678.37,52.227639,37381227-77f4-4711-9322-5d3d6fade0dc,Mercury Lamp,1604,nm,absorbance,671.7262038634232
678.566,56.871674,37381227-77f4-4711-9322-5d3d6fade0dc,Mercury Lamp,1605,nm,absorbance,671.9207511145074
678.761,50.592463,37381227-77f4-4711-9322-5d3d6fade0dc,Mercury Lamp,1606,nm,absorbance,672.1143057775759
678.957,46.3824,37381227-77f4-4711-9322-5d3d6fade0dc,Mercury Lamp,1607,nm,absorbance,672.3088530286601
679.153,49.33013,37381227-77f4-4711-9322-5d3d6fade0dc,Mercury Lamp,1608,nm,absorbance,672.5034002797444
679.348,53.952131,37381227-77f4-4711-9322-5d3d6fade0dc,Mercury Lamp,1609,nm,absorbance,672.6969549428128
679.544,56.491332,37381227-77f4-4711-9322-5d3d6fade0dc,Mercury Lamp,1610,nm,absorbance,672.8915021938969
679.74,52.829829,37381227-77f4-4711-9322-5d3d6fade0dc,Mercury Lamp,1611,nm,absorbance,673.0860494449812
679.935,50.63162899999999,37381227-77f4-4711-9322-5d3d6fade0dc,Mercury Lamp,1612,nm,absorbance,673.2796041080496
680.131,51.94214099999999,37381227-77f4-4711-9322-5d3d6fade0dc,Mercury Lamp,1613,nm,absorbance,673.4741513591339
680.327,54.368231000000016,37381227-77f4-4711-9322-5d3d6fade0dc,Mercury Lamp,1614,nm,absorbance,673.6686986102181
680.522,53.816859,37381227-77f4-4711-9322-5d3d6fade0dc,Mercury Lamp,1615,nm,absorbance,673.8622532732867
680.718,44.389628,37381227-77f4-4711-9322-5d3d6fade0dc,Mercury Lamp,1616,nm,absorbance,674.0568005243708
680.913,45.20071499999999,37381227-77f4-4711-9322-5d3d6fade0dc,Mercury Lamp,1617,nm,absorbance,674.2503551874394
681.109,45.93831099999999,37381227-77f4-4711-9322-5d3d6fade0dc,Mercury Lamp,1618,nm,absorbance,674.4449024385236
681.304,51.43607700000001,37381227-77f4-4711-9322-5d3d6fade0dc,Mercury Lamp,1619,nm,absorbance,674.638457101592
681.5,46.492894,37381227-77f4-4711-9322-5d3d6fade0dc,Mercury Lamp,1620,nm,absorbance,674.8330043526763
681.695,45.473457,37381227-77f4-4711-9322-5d3d6fade0dc,Mercury Lamp,1621,nm,absorbance,675.0265590157449
681.891,44.405452,37381227-77f4-4711-9322-5d3d6fade0dc,Mercury Lamp,1622,nm,absorbance,675.221106266829
682.086,50.025116,37381227-77f4-4711-9322-5d3d6fade0dc,Mercury Lamp,1623,nm,absorbance,675.4146609298975
682.282,52.007165,37381227-77f4-4711-9322-5d3d6fade0dc,Mercury Lamp,1624,nm,absorbance,675.6092081809818
682.477,45.334611,37381227-77f4-4711-9322-5d3d6fade0dc,Mercury Lamp,1625,nm,absorbance,675.8027628440502
682.672,37.809629,37381227-77f4-4711-9322-5d3d6fade0dc,Mercury Lamp,1626,nm,absorbance,675.9963175071188
682.868,34.511382999999995,37381227-77f4-4711-9322-5d3d6fade0dc,Mercury Lamp,1627,nm,absorbance,676.190864758203
683.063,41.26034,37381227-77f4-4711-9322-5d3d6fade0dc,Mercury Lamp,1628,nm,absorbance,676.3844194212714
683.259,42.622845000000005,37381227-77f4-4711-9322-5d3d6fade0dc,Mercury Lamp,1629,nm,absorbance,676.5789666723556
683.454,45.92419099999999,37381227-77f4-4711-9322-5d3d6fade0dc,Mercury Lamp,1630,nm,absorbance,676.772521335424
683.649,44.510327,37381227-77f4-4711-9322-5d3d6fade0dc,Mercury Lamp,1631,nm,absorbance,676.9660759984926
683.845,46.31343,37381227-77f4-4711-9322-5d3d6fade0dc,Mercury Lamp,1632,nm,absorbance,677.1606232495768
684.04,41.19766,37381227-77f4-4711-9322-5d3d6fade0dc,Mercury Lamp,1633,nm,absorbance,677.3541779126452
684.235,43.368203,37381227-77f4-4711-9322-5d3d6fade0dc,Mercury Lamp,1634,nm,absorbance,677.5477325757138
684.43,38.689452,37381227-77f4-4711-9322-5d3d6fade0dc,Mercury Lamp,1635,nm,absorbance,677.7412872387822
684.626,40.674435,37381227-77f4-4711-9322-5d3d6fade0dc,Mercury Lamp,1636,nm,absorbance,677.9358344898665
684.821,33.119417,37381227-77f4-4711-9322-5d3d6fade0dc,Mercury Lamp,1637,nm,absorbance,678.129389152935
685.016,35.114082,37381227-77f4-4711-9322-5d3d6fade0dc,Mercury Lamp,1638,nm,absorbance,678.3229438160034
685.211,32.32767200000001,37381227-77f4-4711-9322-5d3d6fade0dc,Mercury Lamp,1639,nm,absorbance,678.516498479072
685.407,30.869504,37381227-77f4-4711-9322-5d3d6fade0dc,Mercury Lamp,1640,nm,absorbance,678.7110457301562
685.602,31.61177,37381227-77f4-4711-9322-5d3d6fade0dc,Mercury Lamp,1641,nm,absorbance,678.9046003932247
685.797,28.356802,37381227-77f4-4711-9322-5d3d6fade0dc,Mercury Lamp,1642,nm,absorbance,679.0981550562932
685.992,31.461889000000003,37381227-77f4-4711-9322-5d3d6fade0dc,Mercury Lamp,1643,nm,absorbance,679.2917097193616
686.187,25.99992,37381227-77f4-4711-9322-5d3d6fade0dc,Mercury Lamp,1644,nm,absorbance,679.4852643824302
686.382,28.236401,37381227-77f4-4711-9322-5d3d6fade0dc,Mercury Lamp,1645,nm,absorbance,679.6788190454986
686.577,25.20664,37381227-77f4-4711-9322-5d3d6fade0dc,Mercury Lamp,1646,nm,absorbance,679.8723737085671
686.773,29.590037,37381227-77f4-4711-9322-5d3d6fade0dc,Mercury Lamp,1647,nm,absorbance,680.0669209596514
686.968,27.090156,37381227-77f4-4711-9322-5d3d6fade0dc,Mercury Lamp,1648,nm,absorbance,680.2604756227198
687.163,31.921028,37381227-77f4-4711-9322-5d3d6fade0dc,Mercury Lamp,1649,nm,absorbance,680.4540302857883
687.358,33.730489,37381227-77f4-4711-9322-5d3d6fade0dc,Mercury Lamp,1650,nm,absorbance,680.6475849488568
687.553,36.477763,37381227-77f4-4711-9322-5d3d6fade0dc,Mercury Lamp,1651,nm,absorbance,680.8411396119253
687.748,37.402219,37381227-77f4-4711-9322-5d3d6fade0dc,Mercury Lamp,1652,nm,absorbance,681.0346942749939
687.943,30.122345000000003,37381227-77f4-4711-9322-5d3d6fade0dc,Mercury Lamp,1653,nm,absorbance,681.2282489380623
688.138,26.569691,37381227-77f4-4711-9322-5d3d6fade0dc,Mercury Lamp,1654,nm,absorbance,681.4218036011308
688.333,19.019406,37381227-77f4-4711-9322-5d3d6fade0dc,Mercury Lamp,1655,nm,absorbance,681.6153582641992
688.528,21.370714,37381227-77f4-4711-9322-5d3d6fade0dc,Mercury Lamp,1656,nm,absorbance,681.8089129272678
688.723,24.998797000000003,37381227-77f4-4711-9322-5d3d6fade0dc,Mercury Lamp,1657,nm,absorbance,682.0024675903362
688.918,29.751098,37381227-77f4-4711-9322-5d3d6fade0dc,Mercury Lamp,1658,nm,absorbance,682.1960222534047
689.112,35.047691,37381227-77f4-4711-9322-5d3d6fade0dc,Mercury Lamp,1659,nm,absorbance,682.3885843284575
689.307,37.880757,37381227-77f4-4711-9322-5d3d6fade0dc,Mercury Lamp,1660,nm,absorbance,682.582138991526
689.502,39.449731,37381227-77f4-4711-9322-5d3d6fade0dc,Mercury Lamp,1661,nm,absorbance,682.7756936545944
689.697,38.499266000000006,37381227-77f4-4711-9322-5d3d6fade0dc,Mercury Lamp,1662,nm,absorbance,682.969248317663
689.892,38.878747,37381227-77f4-4711-9322-5d3d6fade0dc,Mercury Lamp,1663,nm,absorbance,683.1628029807315
690.087,41.345217,37381227-77f4-4711-9322-5d3d6fade0dc,Mercury Lamp,1664,nm,absorbance,683.3563576437999
690.282,37.582459,37381227-77f4-4711-9322-5d3d6fade0dc,Mercury Lamp,1665,nm,absorbance,683.5499123068685
690.476,39.270488,37381227-77f4-4711-9322-5d3d6fade0dc,Mercury Lamp,1666,nm,absorbance,683.7424743819212
690.671,38.547646,37381227-77f4-4711-9322-5d3d6fade0dc,Mercury Lamp,1667,nm,absorbance,683.9360290449897
690.866,44.027285,37381227-77f4-4711-9322-5d3d6fade0dc,Mercury Lamp,1668,nm,absorbance,684.1295837080581
691.061,48.023603,37381227-77f4-4711-9322-5d3d6fade0dc,Mercury Lamp,1669,nm,absorbance,684.3231383711267
691.255,45.83966099999999,37381227-77f4-4711-9322-5d3d6fade0dc,Mercury Lamp,1670,nm,absorbance,684.5157004461794
691.45,42.560498,37381227-77f4-4711-9322-5d3d6fade0dc,Mercury Lamp,1671,nm,absorbance,684.7092551092479
691.645,38.977136,37381227-77f4-4711-9322-5d3d6fade0dc,Mercury Lamp,1672,nm,absorbance,684.9028097723163
691.84,43.031373,37381227-77f4-4711-9322-5d3d6fade0dc,Mercury Lamp,1673,nm,absorbance,685.0963644353849
692.034,47.780699,37381227-77f4-4711-9322-5d3d6fade0dc,Mercury Lamp,1674,nm,absorbance,685.2889265104376
692.229,46.241152000000014,37381227-77f4-4711-9322-5d3d6fade0dc,Mercury Lamp,1675,nm,absorbance,685.4824811735061
692.424,42.34680899999999,37381227-77f4-4711-9322-5d3d6fade0dc,Mercury Lamp,1676,nm,absorbance,685.6760358365746
692.618,43.09425000000001,37381227-77f4-4711-9322-5d3d6fade0dc,Mercury Lamp,1677,nm,absorbance,685.8685979116274
692.813,43.257905,37381227-77f4-4711-9322-5d3d6fade0dc,Mercury Lamp,1678,nm,absorbance,686.0621525746958
693.007,43.92042,37381227-77f4-4711-9322-5d3d6fade0dc,Mercury Lamp,1679,nm,absorbance,686.2547146497485
693.202,45.655122,37381227-77f4-4711-9322-5d3d6fade0dc,Mercury Lamp,1680,nm,absorbance,686.448269312817
693.397,49.680897,37381227-77f4-4711-9322-5d3d6fade0dc,Mercury Lamp,1681,nm,absorbance,686.6418239758856
693.591,56.863126,37381227-77f4-4711-9322-5d3d6fade0dc,Mercury Lamp,1682,nm,absorbance,686.8343860509383
693.786,55.160214,37381227-77f4-4711-9322-5d3d6fade0dc,Mercury Lamp,1683,nm,absorbance,687.0279407140067
693.98,52.672065,37381227-77f4-4711-9322-5d3d6fade0dc,Mercury Lamp,1684,nm,absorbance,687.2205027890595
694.175,53.63875899999999,37381227-77f4-4711-9322-5d3d6fade0dc,Mercury Lamp,1685,nm,absorbance,687.414057452128
694.369,56.336178,37381227-77f4-4711-9322-5d3d6fade0dc,Mercury Lamp,1686,nm,absorbance,687.6066195271808
694.564,59.213007000000005,37381227-77f4-4711-9322-5d3d6fade0dc,Mercury Lamp,1687,nm,absorbance,687.8001741902492
694.758,57.162932,37381227-77f4-4711-9322-5d3d6fade0dc,Mercury Lamp,1688,nm,absorbance,687.992736265302
694.953,59.066028,37381227-77f4-4711-9322-5d3d6fade0dc,Mercury Lamp,1689,nm,absorbance,688.1862909283705
695.147,62.52570099999999,37381227-77f4-4711-9322-5d3d6fade0dc,Mercury Lamp,1690,nm,absorbance,688.3788530034233
695.342,64.34919299999999,37381227-77f4-4711-9322-5d3d6fade0dc,Mercury Lamp,1691,nm,absorbance,688.5724076664917
695.536,65.35839200000001,37381227-77f4-4711-9322-5d3d6fade0dc,Mercury Lamp,1692,nm,absorbance,688.7649697415444
695.73,65.374526,37381227-77f4-4711-9322-5d3d6fade0dc,Mercury Lamp,1693,nm,absorbance,688.9575318165972
695.925,72.031177,37381227-77f4-4711-9322-5d3d6fade0dc,Mercury Lamp,1694,nm,absorbance,689.1510864796657
696.119,74.319418,37381227-77f4-4711-9322-5d3d6fade0dc,Mercury Lamp,1695,nm,absorbance,689.3436485547185
696.313,72.76218300000001,37381227-77f4-4711-9322-5d3d6fade0dc,Mercury Lamp,1696,nm,absorbance,689.5362106297712
696.508,68.668562,37381227-77f4-4711-9322-5d3d6fade0dc,Mercury Lamp,1697,nm,absorbance,689.7297652928397
696.702,73.81538900000001,37381227-77f4-4711-9322-5d3d6fade0dc,Mercury Lamp,1698,nm,absorbance,689.9223273678924
696.896,85.54819699999999,37381227-77f4-4711-9322-5d3d6fade0dc,Mercury Lamp,1699,nm,absorbance,690.1148894429451
697.091,112.574671,37381227-77f4-4711-9322-5d3d6fade0dc,Mercury Lamp,1700,nm,absorbance,690.3084441060137
697.285,155.05229400000002,37381227-77f4-4711-9322-5d3d6fade0dc,Mercury Lamp,1701,nm,absorbance,690.5010061810664
697.479,216.80747800000003,37381227-77f4-4711-9322-5d3d6fade0dc,Mercury Lamp,1702,nm,absorbance,690.6935682561192
697.673,284.146584,37381227-77f4-4711-9322-5d3d6fade0dc,Mercury Lamp,1703,nm,absorbance,690.8861303311719
697.868,366.491668,37381227-77f4-4711-9322-5d3d6fade0dc,Mercury Lamp,1704,nm,absorbance,691.0796849942404
698.062,461.245851,37381227-77f4-4711-9322-5d3d6fade0dc,Mercury Lamp,1705,nm,absorbance,691.2722470692931
698.256,572.944738,37381227-77f4-4711-9322-5d3d6fade0dc,Mercury Lamp,1706,nm,absorbance,691.4648091443458
698.45,679.039519,37381227-77f4-4711-9322-5d3d6fade0dc,Mercury Lamp,1707,nm,absorbance,691.6573712193987
698.644,789.8016879999999,37381227-77f4-4711-9322-5d3d6fade0dc,Mercury Lamp,1708,nm,absorbance,691.8499332944514
698.839,887.554674,37381227-77f4-4711-9322-5d3d6fade0dc,Mercury Lamp,1709,nm,absorbance,692.0434879575199
699.033,973.809544,37381227-77f4-4711-9322-5d3d6fade0dc,Mercury Lamp,1710,nm,absorbance,692.2360500325726
699.227,1039.726442,37381227-77f4-4711-9322-5d3d6fade0dc,Mercury Lamp,1711,nm,absorbance,692.4286121076254
699.421,1105.562681,37381227-77f4-4711-9322-5d3d6fade0dc,Mercury Lamp,1712,nm,absorbance,692.6211741826783
699.615,1165.9735429999998,37381227-77f4-4711-9322-5d3d6fade0dc,Mercury Lamp,1713,nm,absorbance,692.813736257731
699.809,1218.2260580000002,37381227-77f4-4711-9322-5d3d6fade0dc,Mercury Lamp,1714,nm,absorbance,693.0062983327837
700.003,1260.625306,37381227-77f4-4711-9322-5d3d6fade0dc,Mercury Lamp,1715,nm,absorbance,693.1988604078365
700.197,1304.340575,37381227-77f4-4711-9322-5d3d6fade0dc,Mercury Lamp,1716,nm,absorbance,693.3914224828892
700.391,1340.254265,37381227-77f4-4711-9322-5d3d6fade0dc,Mercury Lamp,1717,nm,absorbance,693.5839845579419
700.585,1358.2933569999998,37381227-77f4-4711-9322-5d3d6fade0dc,Mercury Lamp,1718,nm,absorbance,693.7765466329947
700.779,1367.200489,37381227-77f4-4711-9322-5d3d6fade0dc,Mercury Lamp,1719,nm,absorbance,693.9691087080474
700.973,1368.9919700000005,37381227-77f4-4711-9322-5d3d6fade0dc,Mercury Lamp,1720,nm,absorbance,694.1616707831001
701.167,1376.451535,37381227-77f4-4711-9322-5d3d6fade0dc,Mercury Lamp,1721,nm,absorbance,694.354232858153
701.361,1389.1693150000003,37381227-77f4-4711-9322-5d3d6fade0dc,Mercury Lamp,1722,nm,absorbance,694.5467949332057
701.555,1400.4048739999998,37381227-77f4-4711-9322-5d3d6fade0dc,Mercury Lamp,1723,nm,absorbance,694.7393570082584
701.749,1409.8841079999995,37381227-77f4-4711-9322-5d3d6fade0dc,Mercury Lamp,1724,nm,absorbance,694.9319190833112
701.943,1413.4441890000005,37381227-77f4-4711-9322-5d3d6fade0dc,Mercury Lamp,1725,nm,absorbance,695.1244811583639
702.137,1423.36624,37381227-77f4-4711-9322-5d3d6fade0dc,Mercury Lamp,1726,nm,absorbance,695.3170432334166
702.331,1427.90361,37381227-77f4-4711-9322-5d3d6fade0dc,Mercury Lamp,1727,nm,absorbance,695.5096053084694
702.525,1429.326058,37381227-77f4-4711-9322-5d3d6fade0dc,Mercury Lamp,1728,nm,absorbance,695.7021673835221
702.718,1425.441357,37381227-77f4-4711-9322-5d3d6fade0dc,Mercury Lamp,1729,nm,absorbance,695.8937368705592
702.912,1422.092587,37381227-77f4-4711-9322-5d3d6fade0dc,Mercury Lamp,1730,nm,absorbance,696.086298945612
703.106,1401.606314,37381227-77f4-4711-9322-5d3d6fade0dc,Mercury Lamp,1731,nm,absorbance,696.2788610206647
703.3,1387.43502,37381227-77f4-4711-9322-5d3d6fade0dc,Mercury Lamp,1732,nm,absorbance,696.4714230957175
703.494,1364.4540880000002,37381227-77f4-4711-9322-5d3d6fade0dc,Mercury Lamp,1733,nm,absorbance,696.6639851707703
703.687,1353.859842,37381227-77f4-4711-9322-5d3d6fade0dc,Mercury Lamp,1734,nm,absorbance,696.8555546578073
703.881,1335.7095489999997,37381227-77f4-4711-9322-5d3d6fade0dc,Mercury Lamp,1735,nm,absorbance,697.04811673286
704.075,1321.729955,37381227-77f4-4711-9322-5d3d6fade0dc,Mercury Lamp,1736,nm,absorbance,697.2406788079128
704.269,1316.529259,37381227-77f4-4711-9322-5d3d6fade0dc,Mercury Lamp,1737,nm,absorbance,697.4332408829655
704.462,1312.862157,37381227-77f4-4711-9322-5d3d6fade0dc,Mercury Lamp,1738,nm,absorbance,697.6248103700025
704.656,1314.203265,37381227-77f4-4711-9322-5d3d6fade0dc,Mercury Lamp,1739,nm,absorbance,697.8173724450552
704.85,1312.754012,37381227-77f4-4711-9322-5d3d6fade0dc,Mercury Lamp,1740,nm,absorbance,698.009934520108
705.043,1312.9358040000002,37381227-77f4-4711-9322-5d3d6fade0dc,Mercury Lamp,1741,nm,absorbance,698.201504007145
705.237,1315.9754420000002,37381227-77f4-4711-9322-5d3d6fade0dc,Mercury Lamp,1742,nm,absorbance,698.3940660821977
705.431,1298.350321,37381227-77f4-4711-9322-5d3d6fade0dc,Mercury Lamp,1743,nm,absorbance,698.5866281572505
705.624,1262.397775,37381227-77f4-4711-9322-5d3d6fade0dc,Mercury Lamp,1744,nm,absorbance,698.7781976442876
705.818,1204.729205,37381227-77f4-4711-9322-5d3d6fade0dc,Mercury Lamp,1745,nm,absorbance,698.9707597193403
706.012,1148.624385,37381227-77f4-4711-9322-5d3d6fade0dc,Mercury Lamp,1746,nm,absorbance,699.163321794393
706.205,1086.26846,37381227-77f4-4711-9322-5d3d6fade0dc,Mercury Lamp,1747,nm,absorbance,699.3548912814301
706.399,1017.51049,37381227-77f4-4711-9322-5d3d6fade0dc,Mercury Lamp,1748,nm,absorbance,699.5474533564828
706.592,929.145433,37381227-77f4-4711-9322-5d3d6fade0dc,Mercury Lamp,1749,nm,absorbance,699.7390228435198
706.786,854.9320920000002,37381227-77f4-4711-9322-5d3d6fade0dc,Mercury Lamp,1750,nm,absorbance,699.9315849185725
706.979,798.79881,37381227-77f4-4711-9322-5d3d6fade0dc,Mercury Lamp,1751,nm,absorbance,700.1231544056096
707.173,768.60672,37381227-77f4-4711-9322-5d3d6fade0dc,Mercury Lamp,1752,nm,absorbance,700.3157164806623
707.366,752.520679,37381227-77f4-4711-9322-5d3d6fade0dc,Mercury Lamp,1753,nm,absorbance,700.5072859676993
707.56,748.6967229999999,37381227-77f4-4711-9322-5d3d6fade0dc,Mercury Lamp,1754,nm,absorbance,700.699848042752
707.753,760.2361020000001,37381227-77f4-4711-9322-5d3d6fade0dc,Mercury Lamp,1755,nm,absorbance,700.8914175297891
707.947,777.268999,37381227-77f4-4711-9322-5d3d6fade0dc,Mercury Lamp,1756,nm,absorbance,701.0839796048418
708.14,794.479436,37381227-77f4-4711-9322-5d3d6fade0dc,Mercury Lamp,1757,nm,absorbance,701.2755490918789
708.333,819.7363929999999,37381227-77f4-4711-9322-5d3d6fade0dc,Mercury Lamp,1758,nm,absorbance,701.4671185789159
708.527,852.5137080000001,37381227-77f4-4711-9322-5d3d6fade0dc,Mercury Lamp,1759,nm,absorbance,701.6596806539687
708.72,885.5055399999999,37381227-77f4-4711-9322-5d3d6fade0dc,Mercury Lamp,1760,nm,absorbance,701.8512501410057
708.914,911.4669140000002,37381227-77f4-4711-9322-5d3d6fade0dc,Mercury Lamp,1761,nm,absorbance,702.0438122160584
709.107,930.840914,37381227-77f4-4711-9322-5d3d6fade0dc,Mercury Lamp,1762,nm,absorbance,702.2353817030954
709.3,953.094408,37381227-77f4-4711-9322-5d3d6fade0dc,Mercury Lamp,1763,nm,absorbance,702.4269511901324
709.494,957.8628080000002,37381227-77f4-4711-9322-5d3d6fade0dc,Mercury Lamp,1764,nm,absorbance,702.6195132651852
709.687,966.382075,37381227-77f4-4711-9322-5d3d6fade0dc,Mercury Lamp,1765,nm,absorbance,702.8110827522222
709.88,970.766648,37381227-77f4-4711-9322-5d3d6fade0dc,Mercury Lamp,1766,nm,absorbance,703.0026522392592
710.073,981.99454,37381227-77f4-4711-9322-5d3d6fade0dc,Mercury Lamp,1767,nm,absorbance,703.1942217262963
710.267,985.028895,37381227-77f4-4711-9322-5d3d6fade0dc,Mercury Lamp,1768,nm,absorbance,703.3867838013491
710.46,992.327974,37381227-77f4-4711-9322-5d3d6fade0dc,Mercury Lamp,1769,nm,absorbance,703.5783532883861
710.653,994.353361,37381227-77f4-4711-9322-5d3d6fade0dc,Mercury Lamp,1770,nm,absorbance,703.7699227754231
710.846,991.125894,37381227-77f4-4711-9322-5d3d6fade0dc,Mercury Lamp,1771,nm,absorbance,703.9614922624601
711.04,985.219096,37381227-77f4-4711-9322-5d3d6fade0dc,Mercury Lamp,1772,nm,absorbance,704.1540543375128
711.233,983.71331,37381227-77f4-4711-9322-5d3d6fade0dc,Mercury Lamp,1773,nm,absorbance,704.3456238245498
711.426,988.768158,37381227-77f4-4711-9322-5d3d6fade0dc,Mercury Lamp,1774,nm,absorbance,704.5371933115869
711.619,995.886029,37381227-77f4-4711-9322-5d3d6fade0dc,Mercury Lamp,1775,nm,absorbance,704.7287627986238
711.812,1010.349656,37381227-77f4-4711-9322-5d3d6fade0dc,Mercury Lamp,1776,nm,absorbance,704.9203322856608
712.005,1015.168894,37381227-77f4-4711-9322-5d3d6fade0dc,Mercury Lamp,1777,nm,absorbance,705.1119017726979
712.198,1020.4099980000004,37381227-77f4-4711-9322-5d3d6fade0dc,Mercury Lamp,1778,nm,absorbance,705.3034712597349
712.391,1017.921346,37381227-77f4-4711-9322-5d3d6fade0dc,Mercury Lamp,1779,nm,absorbance,705.4950407467719
712.585,1017.619077,37381227-77f4-4711-9322-5d3d6fade0dc,Mercury Lamp,1780,nm,absorbance,705.6876028218247
712.778,1011.9441450000002,37381227-77f4-4711-9322-5d3d6fade0dc,Mercury Lamp,1781,nm,absorbance,705.8791723088617
712.971,1003.4272089999998,37381227-77f4-4711-9322-5d3d6fade0dc,Mercury Lamp,1782,nm,absorbance,706.0707417958987
713.164,992.6630790000002,37381227-77f4-4711-9322-5d3d6fade0dc,Mercury Lamp,1783,nm,absorbance,706.2623112829357
713.357,969.163219,37381227-77f4-4711-9322-5d3d6fade0dc,Mercury Lamp,1784,nm,absorbance,706.4538807699727
713.55,952.8908339999998,37381227-77f4-4711-9322-5d3d6fade0dc,Mercury Lamp,1785,nm,absorbance,706.6454502570097
713.743,938.727473,37381227-77f4-4711-9322-5d3d6fade0dc,Mercury Lamp,1786,nm,absorbance,706.8370197440469
713.936,933.38347,37381227-77f4-4711-9322-5d3d6fade0dc,Mercury Lamp,1787,nm,absorbance,707.0285892310839
714.129,925.490887,37381227-77f4-4711-9322-5d3d6fade0dc,Mercury Lamp,1788,nm,absorbance,707.2201587181208
714.322,920.942564,37381227-77f4-4711-9322-5d3d6fade0dc,Mercury Lamp,1789,nm,absorbance,707.4117282051578
714.514,916.622407,37381227-77f4-4711-9322-5d3d6fade0dc,Mercury Lamp,1790,nm,absorbance,707.6023051041791
714.707,917.844028,37381227-77f4-4711-9322-5d3d6fade0dc,Mercury Lamp,1791,nm,absorbance,707.7938745912161
714.9,920.837542,37381227-77f4-4711-9322-5d3d6fade0dc,Mercury Lamp,1792,nm,absorbance,707.9854440782531
715.093,924.5561679999998,37381227-77f4-4711-9322-5d3d6fade0dc,Mercury Lamp,1793,nm,absorbance,708.17701356529
715.286,927.606415,37381227-77f4-4711-9322-5d3d6fade0dc,Mercury Lamp,1794,nm,absorbance,708.3685830523272
715.479,931.545173,37381227-77f4-4711-9322-5d3d6fade0dc,Mercury Lamp,1795,nm,absorbance,708.5601525393643
715.672,926.7930359999998,37381227-77f4-4711-9322-5d3d6fade0dc,Mercury Lamp,1796,nm,absorbance,708.7517220264012
715.864,901.527827,37381227-77f4-4711-9322-5d3d6fade0dc,Mercury Lamp,1797,nm,absorbance,708.9422989254225
716.057,862.63066,37381227-77f4-4711-9322-5d3d6fade0dc,Mercury Lamp,1798,nm,absorbance,709.1338684124595
716.25,821.600317,37381227-77f4-4711-9322-5d3d6fade0dc,Mercury Lamp,1799,nm,absorbance,709.3254378994965
716.443,780.5733039999999,37381227-77f4-4711-9322-5d3d6fade0dc,Mercury Lamp,1800,nm,absorbance,709.5170073865335
716.636,738.7323859999999,37381227-77f4-4711-9322-5d3d6fade0dc,Mercury Lamp,1801,nm,absorbance,709.7085768735705
716.828,694.458527,37381227-77f4-4711-9322-5d3d6fade0dc,Mercury Lamp,1802,nm,absorbance,709.8991537725918
717.021,661.86159,37381227-77f4-4711-9322-5d3d6fade0dc,Mercury Lamp,1803,nm,absorbance,710.0907232596288
717.214,631.0778980000001,37381227-77f4-4711-9322-5d3d6fade0dc,Mercury Lamp,1804,nm,absorbance,710.2822927466659
717.406,611.7081989999999,37381227-77f4-4711-9322-5d3d6fade0dc,Mercury Lamp,1805,nm,absorbance,710.4728696456871
717.599,595.901535,37381227-77f4-4711-9322-5d3d6fade0dc,Mercury Lamp,1806,nm,absorbance,710.6644391327242
717.792,580.963175,37381227-77f4-4711-9322-5d3d6fade0dc,Mercury Lamp,1807,nm,absorbance,710.8560086197612
717.984,561.087184,37381227-77f4-4711-9322-5d3d6fade0dc,Mercury Lamp,1808,nm,absorbance,711.0465855187824
718.177,538.2769410000001,37381227-77f4-4711-9322-5d3d6fade0dc,Mercury Lamp,1809,nm,absorbance,711.2381550058195
718.37,514.4042280000001,37381227-77f4-4711-9322-5d3d6fade0dc,Mercury Lamp,1810,nm,absorbance,711.4297244928565
718.562,490.190847,37381227-77f4-4711-9322-5d3d6fade0dc,Mercury Lamp,1811,nm,absorbance,711.6203013918778
718.755,460.67444300000005,37381227-77f4-4711-9322-5d3d6fade0dc,Mercury Lamp,1812,nm,absorbance,711.8118708789148
718.947,433.624756,37381227-77f4-4711-9322-5d3d6fade0dc,Mercury Lamp,1813,nm,absorbance,712.002447777936
719.14,403.664119,37381227-77f4-4711-9322-5d3d6fade0dc,Mercury Lamp,1814,nm,absorbance,712.194017264973
719.333,375.518785,37381227-77f4-4711-9322-5d3d6fade0dc,Mercury Lamp,1815,nm,absorbance,712.38558675201
719.525,349.140346,37381227-77f4-4711-9322-5d3d6fade0dc,Mercury Lamp,1816,nm,absorbance,712.5761636510314
719.718,325.71129,37381227-77f4-4711-9322-5d3d6fade0dc,Mercury Lamp,1817,nm,absorbance,712.7677331380684
719.91,306.810427,37381227-77f4-4711-9322-5d3d6fade0dc,Mercury Lamp,1818,nm,absorbance,712.9583100370896
720.103,282.87474799999995,37381227-77f4-4711-9322-5d3d6fade0dc,Mercury Lamp,1819,nm,absorbance,713.1498795241266
720.295,259.96306,37381227-77f4-4711-9322-5d3d6fade0dc,Mercury Lamp,1820,nm,absorbance,713.3404564231479
720.487,240.052153,37381227-77f4-4711-9322-5d3d6fade0dc,Mercury Lamp,1821,nm,absorbance,713.5310333221692
720.68,225.345976,37381227-77f4-4711-9322-5d3d6fade0dc,Mercury Lamp,1822,nm,absorbance,713.7226028092063
720.872,209.68008,37381227-77f4-4711-9322-5d3d6fade0dc,Mercury Lamp,1823,nm,absorbance,713.9131797082275
721.065,193.643812,37381227-77f4-4711-9322-5d3d6fade0dc,Mercury Lamp,1824,nm,absorbance,714.1047491952646
721.257,180.394966,37381227-77f4-4711-9322-5d3d6fade0dc,Mercury Lamp,1825,nm,absorbance,714.2953260942858
721.449,175.641532,37381227-77f4-4711-9322-5d3d6fade0dc,Mercury Lamp,1826,nm,absorbance,714.485902993307
721.642,175.134955,37381227-77f4-4711-9322-5d3d6fade0dc,Mercury Lamp,1827,nm,absorbance,714.6774724803441
721.834,172.538429,37381227-77f4-4711-9322-5d3d6fade0dc,Mercury Lamp,1828,nm,absorbance,714.8680493793653
722.026,169.45938700000002,37381227-77f4-4711-9322-5d3d6fade0dc,Mercury Lamp,1829,nm,absorbance,715.0586262783867
722.219,166.397248,37381227-77f4-4711-9322-5d3d6fade0dc,Mercury Lamp,1830,nm,absorbance,715.2501957654238
722.411,162.93060400000002,37381227-77f4-4711-9322-5d3d6fade0dc,Mercury Lamp,1831,nm,absorbance,715.4407726644449
722.603,160.55596800000004,37381227-77f4-4711-9322-5d3d6fade0dc,Mercury Lamp,1832,nm,absorbance,715.6313495634662
722.796,155.89281599999998,37381227-77f4-4711-9322-5d3d6fade0dc,Mercury Lamp,1833,nm,absorbance,715.8229190505033
722.988,158.332948,37381227-77f4-4711-9322-5d3d6fade0dc,Mercury Lamp,1834,nm,absorbance,716.0134959495246
723.18,160.58986399999998,37381227-77f4-4711-9322-5d3d6fade0dc,Mercury Lamp,1835,nm,absorbance,716.2040728485458
723.372,158.38484699999998,37381227-77f4-4711-9322-5d3d6fade0dc,Mercury Lamp,1836,nm,absorbance,716.3946497475671
723.565,155.41330899999997,37381227-77f4-4711-9322-5d3d6fade0dc,Mercury Lamp,1837,nm,absorbance,716.5862192346042
723.757,155.799138,37381227-77f4-4711-9322-5d3d6fade0dc,Mercury Lamp,1838,nm,absorbance,716.7767961336253
723.949,153.598858,37381227-77f4-4711-9322-5d3d6fade0dc,Mercury Lamp,1839,nm,absorbance,716.9673730326466
724.141,151.608534,37381227-77f4-4711-9322-5d3d6fade0dc,Mercury Lamp,1840,nm,absorbance,717.1579499316679
724.333,139.914961,37381227-77f4-4711-9322-5d3d6fade0dc,Mercury Lamp,1841,nm,absorbance,717.3485268306893
724.525,135.024848,37381227-77f4-4711-9322-5d3d6fade0dc,Mercury Lamp,1842,nm,absorbance,717.5391037297105
724.717,124.996225,37381227-77f4-4711-9322-5d3d6fade0dc,Mercury Lamp,1843,nm,absorbance,717.7296806287318
724.91,116.425022,37381227-77f4-4711-9322-5d3d6fade0dc,Mercury Lamp,1844,nm,absorbance,717.9212501157688
725.102,103.819647,37381227-77f4-4711-9322-5d3d6fade0dc,Mercury Lamp,1845,nm,absorbance,718.11182701479
725.294,97.320801,37381227-77f4-4711-9322-5d3d6fade0dc,Mercury Lamp,1846,nm,absorbance,718.3024039138114
725.486,96.343469,37381227-77f4-4711-9322-5d3d6fade0dc,Mercury Lamp,1847,nm,absorbance,718.4929808128327
725.678,94.947751,37381227-77f4-4711-9322-5d3d6fade0dc,Mercury Lamp,1848,nm,absorbance,718.683557711854
725.87,91.95505699999998,37381227-77f4-4711-9322-5d3d6fade0dc,Mercury Lamp,1849,nm,absorbance,718.8741346108752
726.062,87.50446300000002,37381227-77f4-4711-9322-5d3d6fade0dc,Mercury Lamp,1850,nm,absorbance,719.0647115098965
726.254,85.401736,37381227-77f4-4711-9322-5d3d6fade0dc,Mercury Lamp,1851,nm,absorbance,719.2552884089177
726.446,84.40262499999997,37381227-77f4-4711-9322-5d3d6fade0dc,Mercury Lamp,1852,nm,absorbance,719.4458653079391
726.638,74.85216800000002,37381227-77f4-4711-9322-5d3d6fade0dc,Mercury Lamp,1853,nm,absorbance,719.6364422069604
726.83,72.47698,37381227-77f4-4711-9322-5d3d6fade0dc,Mercury Lamp,1854,nm,absorbance,719.8270191059817
727.022,63.78887199999999,37381227-77f4-4711-9322-5d3d6fade0dc,Mercury Lamp,1855,nm,absorbance,720.0175960050029
727.213,65.50306699999999,37381227-77f4-4711-9322-5d3d6fade0dc,Mercury Lamp,1856,nm,absorbance,720.2071803160084
727.405,61.078714000000005,37381227-77f4-4711-9322-5d3d6fade0dc,Mercury Lamp,1857,nm,absorbance,720.3977572150297
727.597,58.335106,37381227-77f4-4711-9322-5d3d6fade0dc,Mercury Lamp,1858,nm,absorbance,720.588334114051
727.789,58.33833,37381227-77f4-4711-9322-5d3d6fade0dc,Mercury Lamp,1859,nm,absorbance,720.7789110130723
727.981,61.74986200000001,37381227-77f4-4711-9322-5d3d6fade0dc,Mercury Lamp,1860,nm,absorbance,720.9694879120935
728.173,78.06938699999999,37381227-77f4-4711-9322-5d3d6fade0dc,Mercury Lamp,1861,nm,absorbance,721.1600648111148
728.365,91.608475,37381227-77f4-4711-9322-5d3d6fade0dc,Mercury Lamp,1862,nm,absorbance,721.3506417101362
728.556,105.009063,37381227-77f4-4711-9322-5d3d6fade0dc,Mercury Lamp,1863,nm,absorbance,721.5402260211417
728.748,123.78137900000002,37381227-77f4-4711-9322-5d3d6fade0dc,Mercury Lamp,1864,nm,absorbance,721.730802920163
728.94,146.430637,37381227-77f4-4711-9322-5d3d6fade0dc,Mercury Lamp,1865,nm,absorbance,721.9213798191843
729.132,174.938654,37381227-77f4-4711-9322-5d3d6fade0dc,Mercury Lamp,1866,nm,absorbance,722.1119567182054
729.324,199.930913,37381227-77f4-4711-9322-5d3d6fade0dc,Mercury Lamp,1867,nm,absorbance,722.3025336172267
729.515,226.750066,37381227-77f4-4711-9322-5d3d6fade0dc,Mercury Lamp,1868,nm,absorbance,722.4921179282323
729.707,246.2122640000001,37381227-77f4-4711-9322-5d3d6fade0dc,Mercury Lamp,1869,nm,absorbance,722.6826948272536
729.899,264.775129,37381227-77f4-4711-9322-5d3d6fade0dc,Mercury Lamp,1870,nm,absorbance,722.8732717262749
730.09,280.899675,37381227-77f4-4711-9322-5d3d6fade0dc,Mercury Lamp,1871,nm,absorbance,723.0628560372804
730.282,299.377163,37381227-77f4-4711-9322-5d3d6fade0dc,Mercury Lamp,1872,nm,absorbance,723.2534329363018
730.474,311.91758,37381227-77f4-4711-9322-5d3d6fade0dc,Mercury Lamp,1873,nm,absorbance,723.4440098353231
730.665,326.217744,37381227-77f4-4711-9322-5d3d6fade0dc,Mercury Lamp,1874,nm,absorbance,723.6335941463285
730.857,340.89096000000006,37381227-77f4-4711-9322-5d3d6fade0dc,Mercury Lamp,1875,nm,absorbance,723.8241710453498
731.049,361.022035,37381227-77f4-4711-9322-5d3d6fade0dc,Mercury Lamp,1876,nm,absorbance,724.014747944371
731.24,374.647852,37381227-77f4-4711-9322-5d3d6fade0dc,Mercury Lamp,1877,nm,absorbance,724.2043322553767
731.432,387.698191,37381227-77f4-4711-9322-5d3d6fade0dc,Mercury Lamp,1878,nm,absorbance,724.394909154398
731.623,395.960053,37381227-77f4-4711-9322-5d3d6fade0dc,Mercury Lamp,1879,nm,absorbance,724.5844934654035
731.815,408.716115,37381227-77f4-4711-9322-5d3d6fade0dc,Mercury Lamp,1880,nm,absorbance,724.7750703644248
732.006,419.654801,37381227-77f4-4711-9322-5d3d6fade0dc,Mercury Lamp,1881,nm,absorbance,724.9646546754302
732.198,429.484647,37381227-77f4-4711-9322-5d3d6fade0dc,Mercury Lamp,1882,nm,absorbance,725.1552315744516
732.389,436.0178889999999,37381227-77f4-4711-9322-5d3d6fade0dc,Mercury Lamp,1883,nm,absorbance,725.3448158854571
732.581,444.445573,37381227-77f4-4711-9322-5d3d6fade0dc,Mercury Lamp,1884,nm,absorbance,725.5353927844784
732.772,453.339797,37381227-77f4-4711-9322-5d3d6fade0dc,Mercury Lamp,1885,nm,absorbance,725.724977095484
732.964,462.498217,37381227-77f4-4711-9322-5d3d6fade0dc,Mercury Lamp,1886,nm,absorbance,725.9155539945053
733.155,472.44616700000006,37381227-77f4-4711-9322-5d3d6fade0dc,Mercury Lamp,1887,nm,absorbance,726.1051383055108
733.347,480.034473,37381227-77f4-4711-9322-5d3d6fade0dc,Mercury Lamp,1888,nm,absorbance,726.295715204532
733.538,486.019139,37381227-77f4-4711-9322-5d3d6fade0dc,Mercury Lamp,1889,nm,absorbance,726.4852995155376
733.729,490.907333,37381227-77f4-4711-9322-5d3d6fade0dc,Mercury Lamp,1890,nm,absorbance,726.6748838265431
733.921,488.4761189999999,37381227-77f4-4711-9322-5d3d6fade0dc,Mercury Lamp,1891,nm,absorbance,726.8654607255645
734.112,485.524402,37381227-77f4-4711-9322-5d3d6fade0dc,Mercury Lamp,1892,nm,absorbance,727.0550450365699
734.304,480.4222709999999,37381227-77f4-4711-9322-5d3d6fade0dc,Mercury Lamp,1893,nm,absorbance,727.2456219355912
734.495,480.73971599999993,37381227-77f4-4711-9322-5d3d6fade0dc,Mercury Lamp,1894,nm,absorbance,727.4352062465967
734.686,480.542654,37381227-77f4-4711-9322-5d3d6fade0dc,Mercury Lamp,1895,nm,absorbance,727.6247905576024
734.877,480.190691,37381227-77f4-4711-9322-5d3d6fade0dc,Mercury Lamp,1896,nm,absorbance,727.8143748686078
735.069,474.18608699999993,37381227-77f4-4711-9322-5d3d6fade0dc,Mercury Lamp,1897,nm,absorbance,728.0049517676291
735.26,474.158796,37381227-77f4-4711-9322-5d3d6fade0dc,Mercury Lamp,1898,nm,absorbance,728.1945360786347
735.451,469.570277,37381227-77f4-4711-9322-5d3d6fade0dc,Mercury Lamp,1899,nm,absorbance,728.3841203896402
735.643,477.752641,37381227-77f4-4711-9322-5d3d6fade0dc,Mercury Lamp,1900,nm,absorbance,728.5746972886616
735.834,479.165463,37381227-77f4-4711-9322-5d3d6fade0dc,Mercury Lamp,1901,nm,absorbance,728.764281599667
736.025,485.602667,37381227-77f4-4711-9322-5d3d6fade0dc,Mercury Lamp,1902,nm,absorbance,728.9538659106726
736.216,484.41246200000006,37381227-77f4-4711-9322-5d3d6fade0dc,Mercury Lamp,1903,nm,absorbance,729.1434502216781
736.407,479.597248,37381227-77f4-4711-9322-5d3d6fade0dc,Mercury Lamp,1904,nm,absorbance,729.3330345326838
736.599,469.847196,37381227-77f4-4711-9322-5d3d6fade0dc,Mercury Lamp,1905,nm,absorbance,729.523611431705
736.79,450.48327200000006,37381227-77f4-4711-9322-5d3d6fade0dc,Mercury Lamp,1906,nm,absorbance,729.7131957427105
736.981,432.945864,37381227-77f4-4711-9322-5d3d6fade0dc,Mercury Lamp,1907,nm,absorbance,729.902780053716
737.172,414.036954,37381227-77f4-4711-9322-5d3d6fade0dc,Mercury Lamp,1908,nm,absorbance,730.0923643647217
737.363,391.69446099999993,37381227-77f4-4711-9322-5d3d6fade0dc,Mercury Lamp,1909,nm,absorbance,730.2819486757272
737.554,372.975815,37381227-77f4-4711-9322-5d3d6fade0dc,Mercury Lamp,1910,nm,absorbance,730.4715329867327
737.745,359.028815,37381227-77f4-4711-9322-5d3d6fade0dc,Mercury Lamp,1911,nm,absorbance,730.6611172977382
737.936,350.21547100000004,37381227-77f4-4711-9322-5d3d6fade0dc,Mercury Lamp,1912,nm,absorbance,730.8507016087439
738.127,341.252643,37381227-77f4-4711-9322-5d3d6fade0dc,Mercury Lamp,1913,nm,absorbance,731.0402859197493
738.318,325.93391699999995,37381227-77f4-4711-9322-5d3d6fade0dc,Mercury Lamp,1914,nm,absorbance,731.2298702307548
738.509,323.232439,37381227-77f4-4711-9322-5d3d6fade0dc,Mercury Lamp,1915,nm,absorbance,731.4194545417604
738.7,321.222222,37381227-77f4-4711-9322-5d3d6fade0dc,Mercury Lamp,1916,nm,absorbance,731.609038852766
738.891,332.69419800000003,37381227-77f4-4711-9322-5d3d6fade0dc,Mercury Lamp,1917,nm,absorbance,731.7986231637715
739.082,349.40983700000004,37381227-77f4-4711-9322-5d3d6fade0dc,Mercury Lamp,1918,nm,absorbance,731.988207474777
739.273,387.158664,37381227-77f4-4711-9322-5d3d6fade0dc,Mercury Lamp,1919,nm,absorbance,732.1777917857826
739.464,445.784195,37381227-77f4-4711-9322-5d3d6fade0dc,Mercury Lamp,1920,nm,absorbance,732.3673760967882
739.655,510.324828,37381227-77f4-4711-9322-5d3d6fade0dc,Mercury Lamp,1921,nm,absorbance,732.5569604077937
739.846,581.1485690000001,37381227-77f4-4711-9322-5d3d6fade0dc,Mercury Lamp,1922,nm,absorbance,732.7465447187992
740.037,664.796313,37381227-77f4-4711-9322-5d3d6fade0dc,Mercury Lamp,1923,nm,absorbance,732.9361290298048
740.228,763.058846,37381227-77f4-4711-9322-5d3d6fade0dc,Mercury Lamp,1924,nm,absorbance,733.1257133408103
740.419,863.3145350000001,37381227-77f4-4711-9322-5d3d6fade0dc,Mercury Lamp,1925,nm,absorbance,733.3152976518159
740.609,956.930647,37381227-77f4-4711-9322-5d3d6fade0dc,Mercury Lamp,1926,nm,absorbance,733.5038893748057
740.8,1047.146169,37381227-77f4-4711-9322-5d3d6fade0dc,Mercury Lamp,1927,nm,absorbance,733.6934736858111
740.991,1125.03761,37381227-77f4-4711-9322-5d3d6fade0dc,Mercury Lamp,1928,nm,absorbance,733.8830579968168
741.182,1187.217334,37381227-77f4-4711-9322-5d3d6fade0dc,Mercury Lamp,1929,nm,absorbance,734.0726423078223
741.373,1249.0655190000002,37381227-77f4-4711-9322-5d3d6fade0dc,Mercury Lamp,1930,nm,absorbance,734.2622266188279
741.563,1301.811032,37381227-77f4-4711-9322-5d3d6fade0dc,Mercury Lamp,1931,nm,absorbance,734.4508183418176
741.754,1355.219864,37381227-77f4-4711-9322-5d3d6fade0dc,Mercury Lamp,1932,nm,absorbance,734.6404026528232
741.945,1397.662954,37381227-77f4-4711-9322-5d3d6fade0dc,Mercury Lamp,1933,nm,absorbance,734.8299869638288
742.136,1449.476846,37381227-77f4-4711-9322-5d3d6fade0dc,Mercury Lamp,1934,nm,absorbance,735.0195712748342
742.326,1490.922691,37381227-77f4-4711-9322-5d3d6fade0dc,Mercury Lamp,1935,nm,absorbance,735.2081629978242
742.517,1516.592794,37381227-77f4-4711-9322-5d3d6fade0dc,Mercury Lamp,1936,nm,absorbance,735.3977473088297
742.708,1525.4231590000004,37381227-77f4-4711-9322-5d3d6fade0dc,Mercury Lamp,1937,nm,absorbance,735.5873316198351
742.898,1528.666016,37381227-77f4-4711-9322-5d3d6fade0dc,Mercury Lamp,1938,nm,absorbance,735.775923342825
743.089,1536.742496,37381227-77f4-4711-9322-5d3d6fade0dc,Mercury Lamp,1939,nm,absorbance,735.9655076538306
743.28,1544.69835,37381227-77f4-4711-9322-5d3d6fade0dc,Mercury Lamp,1940,nm,absorbance,736.1550919648361
743.47,1546.076237,37381227-77f4-4711-9322-5d3d6fade0dc,Mercury Lamp,1941,nm,absorbance,736.3436836878259
743.661,1549.4543300000005,37381227-77f4-4711-9322-5d3d6fade0dc,Mercury Lamp,1942,nm,absorbance,736.5332679988313
743.851,1554.4968420000002,37381227-77f4-4711-9322-5d3d6fade0dc,Mercury Lamp,1943,nm,absorbance,736.7218597218213
744.042,1572.2967199999998,37381227-77f4-4711-9322-5d3d6fade0dc,Mercury Lamp,1944,nm,absorbance,736.9114440328268
744.233,1583.371297,37381227-77f4-4711-9322-5d3d6fade0dc,Mercury Lamp,1945,nm,absorbance,737.1010283438322
744.423,1587.283669,37381227-77f4-4711-9322-5d3d6fade0dc,Mercury Lamp,1946,nm,absorbance,737.2896200668222
744.614,1577.271776,37381227-77f4-4711-9322-5d3d6fade0dc,Mercury Lamp,1947,nm,absorbance,737.4792043778277
744.804,1550.6001849999998,37381227-77f4-4711-9322-5d3d6fade0dc,Mercury Lamp,1948,nm,absorbance,737.6677961008174
744.995,1504.641279,37381227-77f4-4711-9322-5d3d6fade0dc,Mercury Lamp,1949,nm,absorbance,737.857380411823
745.185,1479.731065,37381227-77f4-4711-9322-5d3d6fade0dc,Mercury Lamp,1950,nm,absorbance,738.0459721348128
745.376,1465.7835140000002,37381227-77f4-4711-9322-5d3d6fade0dc,Mercury Lamp,1951,nm,absorbance,738.2355564458184
745.566,1476.312391,37381227-77f4-4711-9322-5d3d6fade0dc,Mercury Lamp,1952,nm,absorbance,738.4241481688082
745.756,1459.8156679999995,37381227-77f4-4711-9322-5d3d6fade0dc,Mercury Lamp,1953,nm,absorbance,738.612739891798
745.947,1449.8511389999996,37381227-77f4-4711-9322-5d3d6fade0dc,Mercury Lamp,1954,nm,absorbance,738.8023242028036
746.137,1435.557459,37381227-77f4-4711-9322-5d3d6fade0dc,Mercury Lamp,1955,nm,absorbance,738.9909159257933
746.328,1426.028528,37381227-77f4-4711-9322-5d3d6fade0dc,Mercury Lamp,1956,nm,absorbance,739.1805002367988
746.518,1417.927771,37381227-77f4-4711-9322-5d3d6fade0dc,Mercury Lamp,1957,nm,absorbance,739.3690919597888
746.708,1422.9904700000002,37381227-77f4-4711-9322-5d3d6fade0dc,Mercury Lamp,1958,nm,absorbance,739.5576836827785
746.899,1426.807575,37381227-77f4-4711-9322-5d3d6fade0dc,Mercury Lamp,1959,nm,absorbance,739.747267993784
747.089,1436.4733689999998,37381227-77f4-4711-9322-5d3d6fade0dc,Mercury Lamp,1960,nm,absorbance,739.935859716774
747.279,1429.701995,37381227-77f4-4711-9322-5d3d6fade0dc,Mercury Lamp,1961,nm,absorbance,740.1244514397637
747.47,1417.9949149999998,37381227-77f4-4711-9322-5d3d6fade0dc,Mercury Lamp,1962,nm,absorbance,740.3140357507692
747.66,1373.2987830000002,37381227-77f4-4711-9322-5d3d6fade0dc,Mercury Lamp,1963,nm,absorbance,740.502627473759
747.85,1306.7985,37381227-77f4-4711-9322-5d3d6fade0dc,Mercury Lamp,1964,nm,absorbance,740.6912191967489
748.04,1224.088501,37381227-77f4-4711-9322-5d3d6fade0dc,Mercury Lamp,1965,nm,absorbance,740.8798109197386
748.231,1134.690633,37381227-77f4-4711-9322-5d3d6fade0dc,Mercury Lamp,1966,nm,absorbance,741.0693952307441
748.421,1036.42508,37381227-77f4-4711-9322-5d3d6fade0dc,Mercury Lamp,1967,nm,absorbance,741.2579869537341
748.611,950.837142,37381227-77f4-4711-9322-5d3d6fade0dc,Mercury Lamp,1968,nm,absorbance,741.4465786767238
748.801,879.1984149999998,37381227-77f4-4711-9322-5d3d6fade0dc,Mercury Lamp,1969,nm,absorbance,741.6351703997136
748.991,827.17759,37381227-77f4-4711-9322-5d3d6fade0dc,Mercury Lamp,1970,nm,absorbance,741.8237621227034
749.182,776.0779299999998,37381227-77f4-4711-9322-5d3d6fade0dc,Mercury Lamp,1971,nm,absorbance,742.013346433709
749.372,732.034064,37381227-77f4-4711-9322-5d3d6fade0dc,Mercury Lamp,1972,nm,absorbance,742.2019381566987
749.562,698.5214980000001,37381227-77f4-4711-9322-5d3d6fade0dc,Mercury Lamp,1973,nm,absorbance,742.3905298796886
749.752,664.3595740000001,37381227-77f4-4711-9322-5d3d6fade0dc,Mercury Lamp,1974,nm,absorbance,742.5791216026784
749.942,625.168808,37381227-77f4-4711-9322-5d3d6fade0dc,Mercury Lamp,1975,nm,absorbance,742.7677133256682
750.132,577.311383,37381227-77f4-4711-9322-5d3d6fade0dc,Mercury Lamp,1976,nm,absorbance,742.9563050486579
750.322,531.867705,37381227-77f4-4711-9322-5d3d6fade0dc,Mercury Lamp,1977,nm,absorbance,743.1448967716478
750.512,490.22417200000007,37381227-77f4-4711-9322-5d3d6fade0dc,Mercury Lamp,1978,nm,absorbance,743.3334884946375
750.702,455.7613810000001,37381227-77f4-4711-9322-5d3d6fade0dc,Mercury Lamp,1979,nm,absorbance,743.5220802176274
750.892,428.78933,37381227-77f4-4711-9322-5d3d6fade0dc,Mercury Lamp,1980,nm,absorbance,743.7106719406173
751.082,419.99562,37381227-77f4-4711-9322-5d3d6fade0dc,Mercury Lamp,1981,nm,absorbance,743.899263663607
751.272,439.028228,37381227-77f4-4711-9322-5d3d6fade0dc,Mercury Lamp,1982,nm,absorbance,744.0878553865969
751.462,489.216446,37381227-77f4-4711-9322-5d3d6fade0dc,Mercury Lamp,1983,nm,absorbance,744.2764471095867
751.652,559.0065950000001,37381227-77f4-4711-9322-5d3d6fade0dc,Mercury Lamp,1984,nm,absorbance,744.4650388325765
751.842,645.4107660000001,37381227-77f4-4711-9322-5d3d6fade0dc,Mercury Lamp,1985,nm,absorbance,744.6536305555662
752.032,750.737438,37381227-77f4-4711-9322-5d3d6fade0dc,Mercury Lamp,1986,nm,absorbance,744.8422222785562
752.222,877.1153769999999,37381227-77f4-4711-9322-5d3d6fade0dc,Mercury Lamp,1987,nm,absorbance,745.0308140015459
752.412,1033.283396,37381227-77f4-4711-9322-5d3d6fade0dc,Mercury Lamp,1988,nm,absorbance,745.2194057245357
752.602,1213.5103640000002,37381227-77f4-4711-9322-5d3d6fade0dc,Mercury Lamp,1989,nm,absorbance,745.4079974475255
752.792,1404.4775179999997,37381227-77f4-4711-9322-5d3d6fade0dc,Mercury Lamp,1990,nm,absorbance,745.5965891705154
752.981,1583.966532,37381227-77f4-4711-9322-5d3d6fade0dc,Mercury Lamp,1991,nm,absorbance,745.7841883054894
753.171,1765.7708749999997,37381227-77f4-4711-9322-5d3d6fade0dc,Mercury Lamp,1992,nm,absorbance,745.9727800284793
753.361,1955.830509,37381227-77f4-4711-9322-5d3d6fade0dc,Mercury Lamp,1993,nm,absorbance,746.161371751469
753.551,2145.0513009999995,37381227-77f4-4711-9322-5d3d6fade0dc,Mercury Lamp,1994,nm,absorbance,746.3499634744588
753.741,2314.1129750000005,37381227-77f4-4711-9322-5d3d6fade0dc,Mercury Lamp,1995,nm,absorbance,746.5385551974487
753.93,2458.026193,37381227-77f4-4711-9322-5d3d6fade0dc,Mercury Lamp,1996,nm,absorbance,746.7261543324227
754.12,2587.244831,37381227-77f4-4711-9322-5d3d6fade0dc,Mercury Lamp,1997,nm,absorbance,746.9147460554125
754.31,2706.62138,37381227-77f4-4711-9322-5d3d6fade0dc,Mercury Lamp,1998,nm,absorbance,747.1033377784023
754.5,2812.260641,37381227-77f4-4711-9322-5d3d6fade0dc,Mercury Lamp,1999,nm,absorbance,747.2919295013921
754.689,2905.889237,37381227-77f4-4711-9322-5d3d6fade0dc,Mercury Lamp,2000,nm,absorbance,747.4795286363661
754.879,2963.8034190000003,37381227-77f4-4711-9322-5d3d6fade0dc,Mercury Lamp,2001,nm,absorbance,747.6681203593561
755.069,3024.128482,37381227-77f4-4711-9322-5d3d6fade0dc,Mercury Lamp,2002,nm,absorbance,747.8567120823458
755.258,3081.196649,37381227-77f4-4711-9322-5d3d6fade0dc,Mercury Lamp,2003,nm,absorbance,748.0443112173199
755.448,3134.078149,37381227-77f4-4711-9322-5d3d6fade0dc,Mercury Lamp,2004,nm,absorbance,748.2329029403097
755.638,3174.87618,37381227-77f4-4711-9322-5d3d6fade0dc,Mercury Lamp,2005,nm,absorbance,748.4214946632995
755.827,3201.728237,37381227-77f4-4711-9322-5d3d6fade0dc,Mercury Lamp,2006,nm,absorbance,748.6090937982735
756.017,3225.661652,37381227-77f4-4711-9322-5d3d6fade0dc,Mercury Lamp,2007,nm,absorbance,748.7976855212635
756.206,3261.802878,37381227-77f4-4711-9322-5d3d6fade0dc,Mercury Lamp,2008,nm,absorbance,748.9852846562375
756.396,3282.800744,37381227-77f4-4711-9322-5d3d6fade0dc,Mercury Lamp,2009,nm,absorbance,749.1738763792272
756.586,3311.416542,37381227-77f4-4711-9322-5d3d6fade0dc,Mercury Lamp,2010,nm,absorbance,749.3624681022171
756.775,3292.717765,37381227-77f4-4711-9322-5d3d6fade0dc,Mercury Lamp,2011,nm,absorbance,749.5500672371911
756.965,3277.398616,37381227-77f4-4711-9322-5d3d6fade0dc,Mercury Lamp,2012,nm,absorbance,749.7386589601809
757.154,3252.835605,37381227-77f4-4711-9322-5d3d6fade0dc,Mercury Lamp,2013,nm,absorbance,749.926258095155
757.344,3250.9188940000004,37381227-77f4-4711-9322-5d3d6fade0dc,Mercury Lamp,2014,nm,absorbance,750.1148498181449
757.533,3231.296808,37381227-77f4-4711-9322-5d3d6fade0dc,Mercury Lamp,2015,nm,absorbance,750.3024489531189
757.723,3202.017605,37381227-77f4-4711-9322-5d3d6fade0dc,Mercury Lamp,2016,nm,absorbance,750.4910406761087
757.912,3155.834961,37381227-77f4-4711-9322-5d3d6fade0dc,Mercury Lamp,2017,nm,absorbance,750.6786398110828
758.101,3117.014755,37381227-77f4-4711-9322-5d3d6fade0dc,Mercury Lamp,2018,nm,absorbance,750.8662389460569
758.291,3077.426894,37381227-77f4-4711-9322-5d3d6fade0dc,Mercury Lamp,2019,nm,absorbance,751.0548306690467
758.48,3062.2867140000003,37381227-77f4-4711-9322-5d3d6fade0dc,Mercury Lamp,2020,nm,absorbance,751.2424298040207
758.67,3048.239607,37381227-77f4-4711-9322-5d3d6fade0dc,Mercury Lamp,2021,nm,absorbance,751.4310215270106
758.859,3040.048841,37381227-77f4-4711-9322-5d3d6fade0dc,Mercury Lamp,2022,nm,absorbance,751.6186206619847
759.048,3016.77677,37381227-77f4-4711-9322-5d3d6fade0dc,Mercury Lamp,2023,nm,absorbance,751.8062197969587
759.238,3000.6220220000005,37381227-77f4-4711-9322-5d3d6fade0dc,Mercury Lamp,2024,nm,absorbance,751.9948115199486
759.427,2970.6338240000005,37381227-77f4-4711-9322-5d3d6fade0dc,Mercury Lamp,2025,nm,absorbance,752.1824106549226
759.616,2924.8569529999995,37381227-77f4-4711-9322-5d3d6fade0dc,Mercury Lamp,2026,nm,absorbance,752.3700097898966
759.806,2860.874168,37381227-77f4-4711-9322-5d3d6fade0dc,Mercury Lamp,2027,nm,absorbance,752.5586015128865
759.995,2782.627573,37381227-77f4-4711-9322-5d3d6fade0dc,Mercury Lamp,2028,nm,absorbance,752.7462006478605
760.184,2679.389815,37381227-77f4-4711-9322-5d3d6fade0dc,Mercury Lamp,2029,nm,absorbance,752.9337997828345
760.373,2564.885259,37381227-77f4-4711-9322-5d3d6fade0dc,Mercury Lamp,2030,nm,absorbance,753.1213989178087
760.563,2437.579771,37381227-77f4-4711-9322-5d3d6fade0dc,Mercury Lamp,2031,nm,absorbance,753.3099906407984
760.752,2321.8464870000003,37381227-77f4-4711-9322-5d3d6fade0dc,Mercury Lamp,2032,nm,absorbance,753.4975897757726
760.941,2189.1683339999995,37381227-77f4-4711-9322-5d3d6fade0dc,Mercury Lamp,2033,nm,absorbance,753.6851889107467
761.13,2058.790631,37381227-77f4-4711-9322-5d3d6fade0dc,Mercury Lamp,2034,nm,absorbance,753.8727880457207
761.319,1909.149891,37381227-77f4-4711-9322-5d3d6fade0dc,Mercury Lamp,2035,nm,absorbance,754.0603871806948
761.509,1765.761928,37381227-77f4-4711-9322-5d3d6fade0dc,Mercury Lamp,2036,nm,absorbance,754.2489789036846
761.698,1631.0130649999996,37381227-77f4-4711-9322-5d3d6fade0dc,Mercury Lamp,2037,nm,absorbance,754.4365780386586
761.887,1516.406894,37381227-77f4-4711-9322-5d3d6fade0dc,Mercury Lamp,2038,nm,absorbance,754.6241771736327
762.076,1416.411187,37381227-77f4-4711-9322-5d3d6fade0dc,Mercury Lamp,2039,nm,absorbance,754.8117763086068
762.265,1327.047947,37381227-77f4-4711-9322-5d3d6fade0dc,Mercury Lamp,2040,nm,absorbance,754.9993754435809
762.454,1238.528272,37381227-77f4-4711-9322-5d3d6fade0dc,Mercury Lamp,2041,nm,absorbance,755.1869745785549
762.643,1151.6987279999998,37381227-77f4-4711-9322-5d3d6fade0dc,Mercury Lamp,2042,nm,absorbance,755.374573713529
762.832,1064.3224109999996,37381227-77f4-4711-9322-5d3d6fade0dc,Mercury Lamp,2043,nm,absorbance,755.5621728485031
763.021,977.848477,37381227-77f4-4711-9322-5d3d6fade0dc,Mercury Lamp,2044,nm,absorbance,755.7497719834771
763.21,887.049122,37381227-77f4-4711-9322-5d3d6fade0dc,Mercury Lamp,2045,nm,absorbance,755.9373711184512
763.399,805.742289,37381227-77f4-4711-9322-5d3d6fade0dc,Mercury Lamp,2046,nm,absorbance,756.1249702534253
763.588,726.7878489999999,37381227-77f4-4711-9322-5d3d6fade0dc,Mercury Lamp,2047,nm,absorbance,756.3125693883993
763.777,660.588568,37381227-77f4-4711-9322-5d3d6fade0dc,Mercury Lamp,2048,nm,absorbance,756.5001685233735
763.966,605.162402,37381227-77f4-4711-9322-5d3d6fade0dc,Mercury Lamp,2049,nm,absorbance,756.6877676583475
764.155,591.247178,37381227-77f4-4711-9322-5d3d6fade0dc,Mercury Lamp,2050,nm,absorbance,756.8753667933215
764.344,660.703815,37381227-77f4-4711-9322-5d3d6fade0dc,Mercury Lamp,2051,nm,absorbance,757.0629659282957
764.533,827.4338090000001,37381227-77f4-4711-9322-5d3d6fade0dc,Mercury Lamp,2052,nm,absorbance,757.2505650632697
764.722,1046.428638,37381227-77f4-4711-9322-5d3d6fade0dc,Mercury Lamp,2053,nm,absorbance,757.4381641982438
764.911,1302.7066559999998,37381227-77f4-4711-9322-5d3d6fade0dc,Mercury Lamp,2054,nm,absorbance,757.6257633332178
765.1,1592.6938679999998,37381227-77f4-4711-9322-5d3d6fade0dc,Mercury Lamp,2055,nm,absorbance,757.8133624681919
765.288,1930.319041,37381227-77f4-4711-9322-5d3d6fade0dc,Mercury Lamp,2056,nm,absorbance,757.9999690151503
765.477,2249.737787,37381227-77f4-4711-9322-5d3d6fade0dc,Mercury Lamp,2057,nm,absorbance,758.1875681501243
765.666,2585.8420210000004,37381227-77f4-4711-9322-5d3d6fade0dc,Mercury Lamp,2058,nm,absorbance,758.3751672850985
765.855,2900.502675,37381227-77f4-4711-9322-5d3d6fade0dc,Mercury Lamp,2059,nm,absorbance,758.5627664200725
766.044,3194.779191,37381227-77f4-4711-9322-5d3d6fade0dc,Mercury Lamp,2060,nm,absorbance,758.7503655550465
766.232,3420.329467,37381227-77f4-4711-9322-5d3d6fade0dc,Mercury Lamp,2061,nm,absorbance,758.9369721020049
766.421,3658.359898,37381227-77f4-4711-9322-5d3d6fade0dc,Mercury Lamp,2062,nm,absorbance,759.124571236979
766.61,3920.064662999999,37381227-77f4-4711-9322-5d3d6fade0dc,Mercury Lamp,2063,nm,absorbance,759.3121703719531
766.799,4143.865135,37381227-77f4-4711-9322-5d3d6fade0dc,Mercury Lamp,2064,nm,absorbance,759.4997695069271
766.987,4288.069891,37381227-77f4-4711-9322-5d3d6fade0dc,Mercury Lamp,2065,nm,absorbance,759.6863760538854
767.176,4416.871286,37381227-77f4-4711-9322-5d3d6fade0dc,Mercury Lamp,2066,nm,absorbance,759.8739751888596
767.365,4557.915129999999,37381227-77f4-4711-9322-5d3d6fade0dc,Mercury Lamp,2067,nm,absorbance,760.0615743238336
767.553,4697.312642999999,37381227-77f4-4711-9322-5d3d6fade0dc,Mercury Lamp,2068,nm,absorbance,760.248180870792
767.742,4760.440007000001,37381227-77f4-4711-9322-5d3d6fade0dc,Mercury Lamp,2069,nm,absorbance,760.435780005766
767.931,4797.388736,37381227-77f4-4711-9322-5d3d6fade0dc,Mercury Lamp,2070,nm,absorbance,760.6233791407401
768.119,4798.682485,37381227-77f4-4711-9322-5d3d6fade0dc,Mercury Lamp,2071,nm,absorbance,760.8099856876985
768.308,4858.094967,37381227-77f4-4711-9322-5d3d6fade0dc,Mercury Lamp,2072,nm,absorbance,760.9975848226725
768.497,4924.566214,37381227-77f4-4711-9322-5d3d6fade0dc,Mercury Lamp,2073,nm,absorbance,761.1851839576466
768.685,4993.152317,37381227-77f4-4711-9322-5d3d6fade0dc,Mercury Lamp,2074,nm,absorbance,761.3717905046049
768.874,5034.787342999999,37381227-77f4-4711-9322-5d3d6fade0dc,Mercury Lamp,2075,nm,absorbance,761.559389639579
769.062,5068.332514,37381227-77f4-4711-9322-5d3d6fade0dc,Mercury Lamp,2076,nm,absorbance,761.7459961865374
769.251,5132.692582999999,37381227-77f4-4711-9322-5d3d6fade0dc,Mercury Lamp,2077,nm,absorbance,761.9335953215113
769.439,5177.011943,37381227-77f4-4711-9322-5d3d6fade0dc,Mercury Lamp,2078,nm,absorbance,762.1202018684697
769.628,5178.690492,37381227-77f4-4711-9322-5d3d6fade0dc,Mercury Lamp,2079,nm,absorbance,762.3078010034438
769.816,5126.867480999999,37381227-77f4-4711-9322-5d3d6fade0dc,Mercury Lamp,2080,nm,absorbance,762.4944075504022
770.005,5015.596334,37381227-77f4-4711-9322-5d3d6fade0dc,Mercury Lamp,2081,nm,absorbance,762.6820066853762
770.193,4917.012281,37381227-77f4-4711-9322-5d3d6fade0dc,Mercury Lamp,2082,nm,absorbance,762.8686132323345
770.382,4840.95226,37381227-77f4-4711-9322-5d3d6fade0dc,Mercury Lamp,2083,nm,absorbance,763.0562123673086
770.57,4805.623974,37381227-77f4-4711-9322-5d3d6fade0dc,Mercury Lamp,2084,nm,absorbance,763.242818914267
770.758,4751.859344,37381227-77f4-4711-9322-5d3d6fade0dc,Mercury Lamp,2085,nm,absorbance,763.4294254612254
770.947,4700.355461000001,37381227-77f4-4711-9322-5d3d6fade0dc,Mercury Lamp,2086,nm,absorbance,763.6170245961994
771.135,4644.993375,37381227-77f4-4711-9322-5d3d6fade0dc,Mercury Lamp,2087,nm,absorbance,763.8036311431576
771.323,4622.337524,37381227-77f4-4711-9322-5d3d6fade0dc,Mercury Lamp,2088,nm,absorbance,763.990237690116
771.512,4611.477266,37381227-77f4-4711-9322-5d3d6fade0dc,Mercury Lamp,2089,nm,absorbance,764.17783682509
771.7,4637.215364999999,37381227-77f4-4711-9322-5d3d6fade0dc,Mercury Lamp,2090,nm,absorbance,764.3644433720485
771.888,4656.639682000001,37381227-77f4-4711-9322-5d3d6fade0dc,Mercury Lamp,2091,nm,absorbance,764.5510499190068
772.077,4657.507511000001,37381227-77f4-4711-9322-5d3d6fade0dc,Mercury Lamp,2092,nm,absorbance,764.7386490539809
772.265,4640.865540000001,37381227-77f4-4711-9322-5d3d6fade0dc,Mercury Lamp,2093,nm,absorbance,764.9252556009392
772.453,4603.545865,37381227-77f4-4711-9322-5d3d6fade0dc,Mercury Lamp,2094,nm,absorbance,765.1118621478976
772.642,4511.105838000001,37381227-77f4-4711-9322-5d3d6fade0dc,Mercury Lamp,2095,nm,absorbance,765.2994612828717
772.83,4354.3602280000005,37381227-77f4-4711-9322-5d3d6fade0dc,Mercury Lamp,2096,nm,absorbance,765.48606782983
773.018,4128.394314,37381227-77f4-4711-9322-5d3d6fade0dc,Mercury Lamp,2097,nm,absorbance,765.6726743767883
773.206,3903.969666,37381227-77f4-4711-9322-5d3d6fade0dc,Mercury Lamp,2098,nm,absorbance,765.8592809237466
773.394,3659.578133,37381227-77f4-4711-9322-5d3d6fade0dc,Mercury Lamp,2099,nm,absorbance,766.045887470705
773.583,3454.409678,37381227-77f4-4711-9322-5d3d6fade0dc,Mercury Lamp,2100,nm,absorbance,766.233486605679
773.771,3258.060954,37381227-77f4-4711-9322-5d3d6fade0dc,Mercury Lamp,2101,nm,absorbance,766.4200931526374
773.959,3143.989686,37381227-77f4-4711-9322-5d3d6fade0dc,Mercury Lamp,2102,nm,absorbance,766.6066996995957
774.147,3078.42026,37381227-77f4-4711-9322-5d3d6fade0dc,Mercury Lamp,2103,nm,absorbance,766.793306246554
774.335,3064.209962,37381227-77f4-4711-9322-5d3d6fade0dc,Mercury Lamp,2104,nm,absorbance,766.9799127935124
774.523,3072.04544,37381227-77f4-4711-9322-5d3d6fade0dc,Mercury Lamp,2105,nm,absorbance,767.1665193404707
774.711,3082.543015,37381227-77f4-4711-9322-5d3d6fade0dc,Mercury Lamp,2106,nm,absorbance,767.3531258874291
774.899,3084.099491,37381227-77f4-4711-9322-5d3d6fade0dc,Mercury Lamp,2107,nm,absorbance,767.5397324343874
775.087,3055.078157,37381227-77f4-4711-9322-5d3d6fade0dc,Mercury Lamp,2108,nm,absorbance,767.7263389813457
775.275,3013.4835699999994,37381227-77f4-4711-9322-5d3d6fade0dc,Mercury Lamp,2109,nm,absorbance,767.912945528304
775.463,2979.591862,37381227-77f4-4711-9322-5d3d6fade0dc,Mercury Lamp,2110,nm,absorbance,768.0995520752624
775.651,2915.686543,37381227-77f4-4711-9322-5d3d6fade0dc,Mercury Lamp,2111,nm,absorbance,768.2861586222207
775.839,2852.561413,37381227-77f4-4711-9322-5d3d6fade0dc,Mercury Lamp,2112,nm,absorbance,768.4727651691791
776.027,2773.218628,37381227-77f4-4711-9322-5d3d6fade0dc,Mercury Lamp,2113,nm,absorbance,768.6593717161375
776.215,2722.374002,37381227-77f4-4711-9322-5d3d6fade0dc,Mercury Lamp,2114,nm,absorbance,768.8459782630957
776.403,2647.657774,37381227-77f4-4711-9322-5d3d6fade0dc,Mercury Lamp,2115,nm,absorbance,769.0325848100541
776.591,2578.343908,37381227-77f4-4711-9322-5d3d6fade0dc,Mercury Lamp,2116,nm,absorbance,769.2191913570124
776.779,2480.968636,37381227-77f4-4711-9322-5d3d6fade0dc,Mercury Lamp,2117,nm,absorbance,769.4057979039708
776.967,2412.762184,37381227-77f4-4711-9322-5d3d6fade0dc,Mercury Lamp,2118,nm,absorbance,769.592404450929
777.155,2329.559936000001,37381227-77f4-4711-9322-5d3d6fade0dc,Mercury Lamp,2119,nm,absorbance,769.7790109978874
777.343,2284.927248,37381227-77f4-4711-9322-5d3d6fade0dc,Mercury Lamp,2120,nm,absorbance,769.9656175448457
777.531,2208.244032,37381227-77f4-4711-9322-5d3d6fade0dc,Mercury Lamp,2121,nm,absorbance,770.1522240918041
777.718,2158.686841,37381227-77f4-4711-9322-5d3d6fade0dc,Mercury Lamp,2122,nm,absorbance,770.3378380507467
777.906,2100.2398459999995,37381227-77f4-4711-9322-5d3d6fade0dc,Mercury Lamp,2123,nm,absorbance,770.5244445977049
778.094,2082.0402740000004,37381227-77f4-4711-9322-5d3d6fade0dc,Mercury Lamp,2124,nm,absorbance,770.7110511446634
778.282,2062.455519,37381227-77f4-4711-9322-5d3d6fade0dc,Mercury Lamp,2125,nm,absorbance,770.8976576916217
778.47,2040.9249030000003,37381227-77f4-4711-9322-5d3d6fade0dc,Mercury Lamp,2126,nm,absorbance,771.0842642385801
778.657,2008.79749,37381227-77f4-4711-9322-5d3d6fade0dc,Mercury Lamp,2127,nm,absorbance,771.2698781975226
778.845,1972.356895,37381227-77f4-4711-9322-5d3d6fade0dc,Mercury Lamp,2128,nm,absorbance,771.456484744481
779.033,1939.635498,37381227-77f4-4711-9322-5d3d6fade0dc,Mercury Lamp,2129,nm,absorbance,771.6430912914393
779.22,1908.636706,37381227-77f4-4711-9322-5d3d6fade0dc,Mercury Lamp,2130,nm,absorbance,771.828705250382
779.408,1889.0225880000005,37381227-77f4-4711-9322-5d3d6fade0dc,Mercury Lamp,2131,nm,absorbance,772.0153117973402
779.596,1877.302666,37381227-77f4-4711-9322-5d3d6fade0dc,Mercury Lamp,2132,nm,absorbance,772.2019183442986
779.783,1867.702644,37381227-77f4-4711-9322-5d3d6fade0dc,Mercury Lamp,2133,nm,absorbance,772.3875323032412
779.971,1860.797628,37381227-77f4-4711-9322-5d3d6fade0dc,Mercury Lamp,2134,nm,absorbance,772.5741388501996
780.159,1845.747506,37381227-77f4-4711-9322-5d3d6fade0dc,Mercury Lamp,2135,nm,absorbance,772.7607453971578
780.346,1842.827443,37381227-77f4-4711-9322-5d3d6fade0dc,Mercury Lamp,2136,nm,absorbance,772.9463593561005
780.534,1837.106938,37381227-77f4-4711-9322-5d3d6fade0dc,Mercury Lamp,2137,nm,absorbance,773.1329659030588
780.722,1838.09272,37381227-77f4-4711-9322-5d3d6fade0dc,Mercury Lamp,2138,nm,absorbance,773.3195724500172
780.909,1832.045938,37381227-77f4-4711-9322-5d3d6fade0dc,Mercury Lamp,2139,nm,absorbance,773.5051864089597
781.097,1824.066125,37381227-77f4-4711-9322-5d3d6fade0dc,Mercury Lamp,2140,nm,absorbance,773.691792955918
781.284,1812.438507,37381227-77f4-4711-9322-5d3d6fade0dc,Mercury Lamp,2141,nm,absorbance,773.8774069148607
781.472,1786.4074220000002,37381227-77f4-4711-9322-5d3d6fade0dc,Mercury Lamp,2142,nm,absorbance,774.064013461819
781.659,1745.5167989999998,37381227-77f4-4711-9322-5d3d6fade0dc,Mercury Lamp,2143,nm,absorbance,774.2496274207616
781.847,1678.649464,37381227-77f4-4711-9322-5d3d6fade0dc,Mercury Lamp,2144,nm,absorbance,774.4362339677199
782.034,1586.878584,37381227-77f4-4711-9322-5d3d6fade0dc,Mercury Lamp,2145,nm,absorbance,774.6218479266626
782.222,1476.7687869999995,37381227-77f4-4711-9322-5d3d6fade0dc,Mercury Lamp,2146,nm,absorbance,774.8084544736208
782.409,1354.5018300000002,37381227-77f4-4711-9322-5d3d6fade0dc,Mercury Lamp,2147,nm,absorbance,774.9940684325635
782.597,1232.3092379999998,37381227-77f4-4711-9322-5d3d6fade0dc,Mercury Lamp,2148,nm,absorbance,775.1806749795218
782.784,1122.43641,37381227-77f4-4711-9322-5d3d6fade0dc,Mercury Lamp,2149,nm,absorbance,775.3662889384644
782.971,1036.822559,37381227-77f4-4711-9322-5d3d6fade0dc,Mercury Lamp,2150,nm,absorbance,775.551902897407
783.159,977.871297,37381227-77f4-4711-9322-5d3d6fade0dc,Mercury Lamp,2151,nm,absorbance,775.7385094443654
783.346,924.403883,37381227-77f4-4711-9322-5d3d6fade0dc,Mercury Lamp,2152,nm,absorbance,775.9241234033079
783.533,872.773666,37381227-77f4-4711-9322-5d3d6fade0dc,Mercury Lamp,2153,nm,absorbance,776.1097373622506
783.721,816.539265,37381227-77f4-4711-9322-5d3d6fade0dc,Mercury Lamp,2154,nm,absorbance,776.2963439092089
783.908,759.3767059999999,37381227-77f4-4711-9322-5d3d6fade0dc,Mercury Lamp,2155,nm,absorbance,776.4819578681515
784.095,703.769023,37381227-77f4-4711-9322-5d3d6fade0dc,Mercury Lamp,2156,nm,absorbance,776.6675718270941
784.283,655.7189720000001,37381227-77f4-4711-9322-5d3d6fade0dc,Mercury Lamp,2157,nm,absorbance,776.8541783740525
784.47,612.580044,37381227-77f4-4711-9322-5d3d6fade0dc,Mercury Lamp,2158,nm,absorbance,777.039792332995
784.657,558.726595,37381227-77f4-4711-9322-5d3d6fade0dc,Mercury Lamp,2159,nm,absorbance,777.2254062919377
784.844,503.7161290000001,37381227-77f4-4711-9322-5d3d6fade0dc,Mercury Lamp,2160,nm,absorbance,777.4110202508803
785.032,448.854011,37381227-77f4-4711-9322-5d3d6fade0dc,Mercury Lamp,2161,nm,absorbance,777.5976267978386
785.219,401.438185,37381227-77f4-4711-9322-5d3d6fade0dc,Mercury Lamp,2162,nm,absorbance,777.7832407567812
785.406,360.184152,37381227-77f4-4711-9322-5d3d6fade0dc,Mercury Lamp,2163,nm,absorbance,777.9688547157238
785.593,317.83430500000003,37381227-77f4-4711-9322-5d3d6fade0dc,Mercury Lamp,2164,nm,absorbance,778.1544686746663
785.78,283.657417,37381227-77f4-4711-9322-5d3d6fade0dc,Mercury Lamp,2165,nm,absorbance,778.340082633609
785.968,244.67732399999997,37381227-77f4-4711-9322-5d3d6fade0dc,Mercury Lamp,2166,nm,absorbance,778.5266891805672
786.155,214.70789600000003,37381227-77f4-4711-9322-5d3d6fade0dc,Mercury Lamp,2167,nm,absorbance,778.7123031395099
786.342,181.00123,37381227-77f4-4711-9322-5d3d6fade0dc,Mercury Lamp,2168,nm,absorbance,778.8979170984525
786.529,150.307232,37381227-77f4-4711-9322-5d3d6fade0dc,Mercury Lamp,2169,nm,absorbance,779.0835310573951
786.716,121.914648,37381227-77f4-4711-9322-5d3d6fade0dc,Mercury Lamp,2170,nm,absorbance,779.2691450163377
786.903,101.278271,37381227-77f4-4711-9322-5d3d6fade0dc,Mercury Lamp,2171,nm,absorbance,779.4547589752804
787.09,89.966965,37381227-77f4-4711-9322-5d3d6fade0dc,Mercury Lamp,2172,nm,absorbance,779.6403729342229
787.277,78.033833,37381227-77f4-4711-9322-5d3d6fade0dc,Mercury Lamp,2173,nm,absorbance,779.8259868931656
787.464,70.360839,37381227-77f4-4711-9322-5d3d6fade0dc,Mercury Lamp,2174,nm,absorbance,780.0116008521081
787.651,64.98504299999999,37381227-77f4-4711-9322-5d3d6fade0dc,Mercury Lamp,2175,nm,absorbance,780.1972148110507
787.838,62.05776,37381227-77f4-4711-9322-5d3d6fade0dc,Mercury Lamp,2176,nm,absorbance,780.3828287699934
788.025,59.96582500000001,37381227-77f4-4711-9322-5d3d6fade0dc,Mercury Lamp,2177,nm,absorbance,780.5684427289359
788.212,55.45924600000001,37381227-77f4-4711-9322-5d3d6fade0dc,Mercury Lamp,2178,nm,absorbance,780.7540566878786
788.399,53.107836,37381227-77f4-4711-9322-5d3d6fade0dc,Mercury Lamp,2179,nm,absorbance,780.9396706468211
788.586,54.111709,37381227-77f4-4711-9322-5d3d6fade0dc,Mercury Lamp,2180,nm,absorbance,781.1252846057638
788.773,54.957655,37381227-77f4-4711-9322-5d3d6fade0dc,Mercury Lamp,2181,nm,absorbance,781.3108985647063
788.96,61.63782199999999,37381227-77f4-4711-9322-5d3d6fade0dc,Mercury Lamp,2182,nm,absorbance,781.496512523649
789.147,55.707903,37381227-77f4-4711-9322-5d3d6fade0dc,Mercury Lamp,2183,nm,absorbance,781.6821264825916
789.334,54.24251099999999,37381227-77f4-4711-9322-5d3d6fade0dc,Mercury Lamp,2184,nm,absorbance,781.8677404415341
789.521,45.937684,37381227-77f4-4711-9322-5d3d6fade0dc,Mercury Lamp,2185,nm,absorbance,782.0533544004767
789.707,50.103997,37381227-77f4-4711-9322-5d3d6fade0dc,Mercury Lamp,2186,nm,absorbance,782.2379757714036
789.894,48.77297599999999,37381227-77f4-4711-9322-5d3d6fade0dc,Mercury Lamp,2187,nm,absorbance,782.4235897303462
790.081,49.627604000000005,37381227-77f4-4711-9322-5d3d6fade0dc,Mercury Lamp,2188,nm,absorbance,782.6092036892888
790.268,48.066500000000005,37381227-77f4-4711-9322-5d3d6fade0dc,Mercury Lamp,2189,nm,absorbance,782.7948176482314
790.455,47.732446,37381227-77f4-4711-9322-5d3d6fade0dc,Mercury Lamp,2190,nm,absorbance,782.9804316071741
790.641,45.077877,37381227-77f4-4711-9322-5d3d6fade0dc,Mercury Lamp,2191,nm,absorbance,783.1650529781008
790.828,42.374961,37381227-77f4-4711-9322-5d3d6fade0dc,Mercury Lamp,2192,nm,absorbance,783.3506669370435
791.015,42.214688,37381227-77f4-4711-9322-5d3d6fade0dc,Mercury Lamp,2193,nm,absorbance,783.536280895986
791.202,43.971934000000005,37381227-77f4-4711-9322-5d3d6fade0dc,Mercury Lamp,2194,nm,absorbance,783.7218948549287
791.388,50.721952,37381227-77f4-4711-9322-5d3d6fade0dc,Mercury Lamp,2195,nm,absorbance,783.9065162258556
791.575,53.442337,37381227-77f4-4711-9322-5d3d6fade0dc,Mercury Lamp,2196,nm,absorbance,784.0921301847982
791.762,52.752936,37381227-77f4-4711-9322-5d3d6fade0dc,Mercury Lamp,2197,nm,absorbance,784.2777441437407
791.948,45.563055000000006,37381227-77f4-4711-9322-5d3d6fade0dc,Mercury Lamp,2198,nm,absorbance,784.4623655146676
792.135,41.492769,37381227-77f4-4711-9322-5d3d6fade0dc,Mercury Lamp,2199,nm,absorbance,784.6479794736102
792.322,42.14522100000001,37381227-77f4-4711-9322-5d3d6fade0dc,Mercury Lamp,2200,nm,absorbance,784.8335934325528
792.508,46.880189,37381227-77f4-4711-9322-5d3d6fade0dc,Mercury Lamp,2201,nm,absorbance,785.0182148034797
792.695,49.408361,37381227-77f4-4711-9322-5d3d6fade0dc,Mercury Lamp,2202,nm,absorbance,785.2038287624223
792.881,50.090662,37381227-77f4-4711-9322-5d3d6fade0dc,Mercury Lamp,2203,nm,absorbance,785.3884501333491
793.068,47.940687,37381227-77f4-4711-9322-5d3d6fade0dc,Mercury Lamp,2204,nm,absorbance,785.5740640922917
793.254,51.333444,37381227-77f4-4711-9322-5d3d6fade0dc,Mercury Lamp,2205,nm,absorbance,785.7586854632186
793.441,50.536499,37381227-77f4-4711-9322-5d3d6fade0dc,Mercury Lamp,2206,nm,absorbance,785.9442994221612
793.627,52.576391,37381227-77f4-4711-9322-5d3d6fade0dc,Mercury Lamp,2207,nm,absorbance,786.128920793088
793.814,53.192198,37381227-77f4-4711-9322-5d3d6fade0dc,Mercury Lamp,2208,nm,absorbance,786.3145347520307
794.0,54.841633,37381227-77f4-4711-9322-5d3d6fade0dc,Mercury Lamp,2209,nm,absorbance,786.4991561229575
794.187,55.741723,37381227-77f4-4711-9322-5d3d6fade0dc,Mercury Lamp,2210,nm,absorbance,786.6847700819002
794.373,54.328233,37381227-77f4-4711-9322-5d3d6fade0dc,Mercury Lamp,2211,nm,absorbance,786.869391452827
794.56,54.16262300000001,37381227-77f4-4711-9322-5d3d6fade0dc,Mercury Lamp,2212,nm,absorbance,787.0550054117696
794.746,50.6084,37381227-77f4-4711-9322-5d3d6fade0dc,Mercury Lamp,2213,nm,absorbance,787.2396267826964
794.933,53.233195,37381227-77f4-4711-9322-5d3d6fade0dc,Mercury Lamp,2214,nm,absorbance,787.4252407416391
795.119,55.91652899999999,37381227-77f4-4711-9322-5d3d6fade0dc,Mercury Lamp,2215,nm,absorbance,787.6098621125659
795.305,68.482517,37381227-77f4-4711-9322-5d3d6fade0dc,Mercury Lamp,2216,nm,absorbance,787.7944834834927
795.492,73.466107,37381227-77f4-4711-9322-5d3d6fade0dc,Mercury Lamp,2217,nm,absorbance,787.9800974424354
795.678,102.539137,37381227-77f4-4711-9322-5d3d6fade0dc,Mercury Lamp,2218,nm,absorbance,788.1647188133622
795.864,161.09801499999998,37381227-77f4-4711-9322-5d3d6fade0dc,Mercury Lamp,2219,nm,absorbance,788.3493401842892
796.051,249.99885,37381227-77f4-4711-9322-5d3d6fade0dc,Mercury Lamp,2220,nm,absorbance,788.5349541432317
796.237,343.84814500000005,37381227-77f4-4711-9322-5d3d6fade0dc,Mercury Lamp,2221,nm,absorbance,788.7195755141586
796.423,436.6452929999999,37381227-77f4-4711-9322-5d3d6fade0dc,Mercury Lamp,2222,nm,absorbance,788.9041968850854
796.61,535.174656,37381227-77f4-4711-9322-5d3d6fade0dc,Mercury Lamp,2223,nm,absorbance,789.0898108440281
796.796,638.4247229999999,37381227-77f4-4711-9322-5d3d6fade0dc,Mercury Lamp,2224,nm,absorbance,789.274432214955
796.982,739.6095760000001,37381227-77f4-4711-9322-5d3d6fade0dc,Mercury Lamp,2225,nm,absorbance,789.4590535858817
797.168,837.0299399999998,37381227-77f4-4711-9322-5d3d6fade0dc,Mercury Lamp,2226,nm,absorbance,789.6436749568087
797.355,935.419263,37381227-77f4-4711-9322-5d3d6fade0dc,Mercury Lamp,2227,nm,absorbance,789.8292889157512
797.541,1032.937832,37381227-77f4-4711-9322-5d3d6fade0dc,Mercury Lamp,2228,nm,absorbance,790.0139102866782
797.727,1124.1247540000002,37381227-77f4-4711-9322-5d3d6fade0dc,Mercury Lamp,2229,nm,absorbance,790.1985316576049
797.913,1211.7486050000002,37381227-77f4-4711-9322-5d3d6fade0dc,Mercury Lamp,2230,nm,absorbance,790.3831530285319
798.099,1280.156343,37381227-77f4-4711-9322-5d3d6fade0dc,Mercury Lamp,2231,nm,absorbance,790.5677743994588
798.285,1340.39551,37381227-77f4-4711-9322-5d3d6fade0dc,Mercury Lamp,2232,nm,absorbance,790.7523957703855
798.471,1380.293833,37381227-77f4-4711-9322-5d3d6fade0dc,Mercury Lamp,2233,nm,absorbance,790.9370171413125
798.658,1431.861,37381227-77f4-4711-9322-5d3d6fade0dc,Mercury Lamp,2234,nm,absorbance,791.122631100255
798.844,1464.834311,37381227-77f4-4711-9322-5d3d6fade0dc,Mercury Lamp,2235,nm,absorbance,791.307252471182
799.03,1491.365322,37381227-77f4-4711-9322-5d3d6fade0dc,Mercury Lamp,2236,nm,absorbance,791.4918738421087
799.216,1492.4803439999998,37381227-77f4-4711-9322-5d3d6fade0dc,Mercury Lamp,2237,nm,absorbance,791.6764952130357
799.402,1502.564839,37381227-77f4-4711-9322-5d3d6fade0dc,Mercury Lamp,2238,nm,absorbance,791.8611165839626
799.588,1517.3649819999998,37381227-77f4-4711-9322-5d3d6fade0dc,Mercury Lamp,2239,nm,absorbance,792.0457379548893
799.774,1532.1865449999998,37381227-77f4-4711-9322-5d3d6fade0dc,Mercury Lamp,2240,nm,absorbance,792.2303593258163
799.96,1543.522734,37381227-77f4-4711-9322-5d3d6fade0dc,Mercury Lamp,2241,nm,absorbance,792.4149806967431
800.146,1554.484202,37381227-77f4-4711-9322-5d3d6fade0dc,Mercury Lamp,2242,nm,absorbance,792.5996020676699
800.332,1562.753401,37381227-77f4-4711-9322-5d3d6fade0dc,Mercury Lamp,2243,nm,absorbance,792.7842234385968
800.518,1581.791732,37381227-77f4-4711-9322-5d3d6fade0dc,Mercury Lamp,2244,nm,absorbance,792.9688448095237
800.704,1593.3348169999997,37381227-77f4-4711-9322-5d3d6fade0dc,Mercury Lamp,2245,nm,absorbance,793.1534661804506
800.89,1614.172872,37381227-77f4-4711-9322-5d3d6fade0dc,Mercury Lamp,2246,nm,absorbance,793.3380875513774
801.075,1613.2750970000002,37381227-77f4-4711-9322-5d3d6fade0dc,Mercury Lamp,2247,nm,absorbance,793.5217163342886
801.261,1610.581227,37381227-77f4-4711-9322-5d3d6fade0dc,Mercury Lamp,2248,nm,absorbance,793.7063377052153
801.447,1595.6712330000005,37381227-77f4-4711-9322-5d3d6fade0dc,Mercury Lamp,2249,nm,absorbance,793.8909590761423
801.633,1605.2616879999998,37381227-77f4-4711-9322-5d3d6fade0dc,Mercury Lamp,2250,nm,absorbance,794.0755804470692
801.819,1632.0097990000002,37381227-77f4-4711-9322-5d3d6fade0dc,Mercury Lamp,2251,nm,absorbance,794.260201817996
802.005,1686.0742380000004,37381227-77f4-4711-9322-5d3d6fade0dc,Mercury Lamp,2252,nm,absorbance,794.4448231889229
802.19,1747.488387,37381227-77f4-4711-9322-5d3d6fade0dc,Mercury Lamp,2253,nm,absorbance,794.628451971834
802.376,1845.529393,37381227-77f4-4711-9322-5d3d6fade0dc,Mercury Lamp,2254,nm,absorbance,794.8130733427608
802.562,1979.598681,37381227-77f4-4711-9322-5d3d6fade0dc,Mercury Lamp,2255,nm,absorbance,794.9976947136878
802.748,2145.25478,37381227-77f4-4711-9322-5d3d6fade0dc,Mercury Lamp,2256,nm,absorbance,795.1823160846146
802.934,2317.354372,37381227-77f4-4711-9322-5d3d6fade0dc,Mercury Lamp,2257,nm,absorbance,795.3669374555415
803.119,2484.399516,37381227-77f4-4711-9322-5d3d6fade0dc,Mercury Lamp,2258,nm,absorbance,795.5505662384526
803.305,2662.893482,37381227-77f4-4711-9322-5d3d6fade0dc,Mercury Lamp,2259,nm,absorbance,795.7351876093794
803.491,2843.739823,37381227-77f4-4711-9322-5d3d6fade0dc,Mercury Lamp,2260,nm,absorbance,795.9198089803064
803.676,3025.554536,37381227-77f4-4711-9322-5d3d6fade0dc,Mercury Lamp,2261,nm,absorbance,796.1034377632175
803.862,3179.2989100000004,37381227-77f4-4711-9322-5d3d6fade0dc,Mercury Lamp,2262,nm,absorbance,796.2880591341443
804.048,3290.561031,37381227-77f4-4711-9322-5d3d6fade0dc,Mercury Lamp,2263,nm,absorbance,796.4726805050711
804.233,3375.438767000001,37381227-77f4-4711-9322-5d3d6fade0dc,Mercury Lamp,2264,nm,absorbance,796.6563092879823
804.419,3419.309205,37381227-77f4-4711-9322-5d3d6fade0dc,Mercury Lamp,2265,nm,absorbance,796.8409306589092
804.605,3449.192367000001,37381227-77f4-4711-9322-5d3d6fade0dc,Mercury Lamp,2266,nm,absorbance,797.025552029836
804.79,3438.8454900000006,37381227-77f4-4711-9322-5d3d6fade0dc,Mercury Lamp,2267,nm,absorbance,797.2091808127471
804.976,3426.286798,37381227-77f4-4711-9322-5d3d6fade0dc,Mercury Lamp,2268,nm,absorbance,797.393802183674
805.161,3417.033812,37381227-77f4-4711-9322-5d3d6fade0dc,Mercury Lamp,2269,nm,absorbance,797.5774309665851
805.347,3428.4788889999995,37381227-77f4-4711-9322-5d3d6fade0dc,Mercury Lamp,2270,nm,absorbance,797.762052337512
805.532,3435.72994,37381227-77f4-4711-9322-5d3d6fade0dc,Mercury Lamp,2271,nm,absorbance,797.9456811204232
805.718,3425.365769,37381227-77f4-4711-9322-5d3d6fade0dc,Mercury Lamp,2272,nm,absorbance,798.13030249135
805.903,3412.431485,37381227-77f4-4711-9322-5d3d6fade0dc,Mercury Lamp,2273,nm,absorbance,798.3139312742612
806.089,3402.678574,37381227-77f4-4711-9322-5d3d6fade0dc,Mercury Lamp,2274,nm,absorbance,798.498552645188
806.274,3390.319561,37381227-77f4-4711-9322-5d3d6fade0dc,Mercury Lamp,2275,nm,absorbance,798.6821814280992
806.46,3363.0714180000004,37381227-77f4-4711-9322-5d3d6fade0dc,Mercury Lamp,2276,nm,absorbance,798.866802799026
806.645,3330.5008400000006,37381227-77f4-4711-9322-5d3d6fade0dc,Mercury Lamp,2277,nm,absorbance,799.0504315819371
806.831,3317.879986,37381227-77f4-4711-9322-5d3d6fade0dc,Mercury Lamp,2278,nm,absorbance,799.2350529528641
807.016,3307.2421460000005,37381227-77f4-4711-9322-5d3d6fade0dc,Mercury Lamp,2279,nm,absorbance,799.4186817357751
807.201,3277.171346,37381227-77f4-4711-9322-5d3d6fade0dc,Mercury Lamp,2280,nm,absorbance,799.6023105186863
807.387,3224.084443,37381227-77f4-4711-9322-5d3d6fade0dc,Mercury Lamp,2281,nm,absorbance,799.7869318896131
807.572,3169.5729,37381227-77f4-4711-9322-5d3d6fade0dc,Mercury Lamp,2282,nm,absorbance,799.9705606725242
807.757,3117.391113,37381227-77f4-4711-9322-5d3d6fade0dc,Mercury Lamp,2283,nm,absorbance,800.1541894554354
807.943,3065.743256,37381227-77f4-4711-9322-5d3d6fade0dc,Mercury Lamp,2284,nm,absorbance,800.3388108263622
808.128,2995.579438,37381227-77f4-4711-9322-5d3d6fade0dc,Mercury Lamp,2285,nm,absorbance,800.5224396092734
808.313,2950.081598,37381227-77f4-4711-9322-5d3d6fade0dc,Mercury Lamp,2286,nm,absorbance,800.7060683921845
808.499,2908.052568,37381227-77f4-4711-9322-5d3d6fade0dc,Mercury Lamp,2287,nm,absorbance,800.8906897631114
808.684,2878.483137,37381227-77f4-4711-9322-5d3d6fade0dc,Mercury Lamp,2288,nm,absorbance,801.0743185460225
808.869,2828.0863189999995,37381227-77f4-4711-9322-5d3d6fade0dc,Mercury Lamp,2289,nm,absorbance,801.2579473289337
809.054,2792.3231439999995,37381227-77f4-4711-9322-5d3d6fade0dc,Mercury Lamp,2290,nm,absorbance,801.4415761118447
809.24,2742.882559,37381227-77f4-4711-9322-5d3d6fade0dc,Mercury Lamp,2291,nm,absorbance,801.6261974827717
809.425,2729.985899,37381227-77f4-4711-9322-5d3d6fade0dc,Mercury Lamp,2292,nm,absorbance,801.8098262656828
809.61,2703.0737010000003,37381227-77f4-4711-9322-5d3d6fade0dc,Mercury Lamp,2293,nm,absorbance,801.9934550485939
809.795,2691.337347,37381227-77f4-4711-9322-5d3d6fade0dc,Mercury Lamp,2294,nm,absorbance,802.177083831505
809.98,2658.127878,37381227-77f4-4711-9322-5d3d6fade0dc,Mercury Lamp,2295,nm,absorbance,802.3607126144161
810.165,2603.5579979999998,37381227-77f4-4711-9322-5d3d6fade0dc,Mercury Lamp,2296,nm,absorbance,802.5443413973272
810.35,2546.4973170000003,37381227-77f4-4711-9322-5d3d6fade0dc,Mercury Lamp,2297,nm,absorbance,802.7279701802385
810.536,2453.4548870000003,37381227-77f4-4711-9322-5d3d6fade0dc,Mercury Lamp,2298,nm,absorbance,802.9125915511652
810.721,2344.159762,37381227-77f4-4711-9322-5d3d6fade0dc,Mercury Lamp,2299,nm,absorbance,803.0962203340764
810.906,2219.8899249999995,37381227-77f4-4711-9322-5d3d6fade0dc,Mercury Lamp,2300,nm,absorbance,803.2798491169875
811.091,2098.078292,37381227-77f4-4711-9322-5d3d6fade0dc,Mercury Lamp,2301,nm,absorbance,803.4634778998986
811.276,1999.647585,37381227-77f4-4711-9322-5d3d6fade0dc,Mercury Lamp,2302,nm,absorbance,803.6471066828097
811.461,1909.859115,37381227-77f4-4711-9322-5d3d6fade0dc,Mercury Lamp,2303,nm,absorbance,803.830735465721
811.646,1857.849798,37381227-77f4-4711-9322-5d3d6fade0dc,Mercury Lamp,2304,nm,absorbance,804.014364248632
811.831,1838.572645,37381227-77f4-4711-9322-5d3d6fade0dc,Mercury Lamp,2305,nm,absorbance,804.1979930315432
812.016,1867.636042,37381227-77f4-4711-9322-5d3d6fade0dc,Mercury Lamp,2306,nm,absorbance,804.3816218144543
812.201,1923.139247,37381227-77f4-4711-9322-5d3d6fade0dc,Mercury Lamp,2307,nm,absorbance,804.5652505973654
812.386,2044.971953,37381227-77f4-4711-9322-5d3d6fade0dc,Mercury Lamp,2308,nm,absorbance,804.7488793802765
812.571,2236.95409,37381227-77f4-4711-9322-5d3d6fade0dc,Mercury Lamp,2309,nm,absorbance,804.9325081631878
812.756,2524.248086,37381227-77f4-4711-9322-5d3d6fade0dc,Mercury Lamp,2310,nm,absorbance,805.1161369460988
812.941,2824.319758,37381227-77f4-4711-9322-5d3d6fade0dc,Mercury Lamp,2311,nm,absorbance,805.29976572901
813.125,3158.021784,37381227-77f4-4711-9322-5d3d6fade0dc,Mercury Lamp,2312,nm,absorbance,805.4824019239054
813.31,3494.3791110000006,37381227-77f4-4711-9322-5d3d6fade0dc,Mercury Lamp,2313,nm,absorbance,805.6660307068164
813.495,3858.8417489999993,37381227-77f4-4711-9322-5d3d6fade0dc,Mercury Lamp,2314,nm,absorbance,805.8496594897276
813.68,4221.801600000001,37381227-77f4-4711-9322-5d3d6fade0dc,Mercury Lamp,2315,nm,absorbance,806.0332882726386
813.865,4553.573063000001,37381227-77f4-4711-9322-5d3d6fade0dc,Mercury Lamp,2316,nm,absorbance,806.2169170555499
814.05,4845.413098,37381227-77f4-4711-9322-5d3d6fade0dc,Mercury Lamp,2317,nm,absorbance,806.400545838461
814.234,5092.212083,37381227-77f4-4711-9322-5d3d6fade0dc,Mercury Lamp,2318,nm,absorbance,806.5831820333564
814.419,5303.368663,37381227-77f4-4711-9322-5d3d6fade0dc,Mercury Lamp,2319,nm,absorbance,806.7668108162675
814.604,5546.374919,37381227-77f4-4711-9322-5d3d6fade0dc,Mercury Lamp,2320,nm,absorbance,806.9504395991787
814.789,5758.2817110000005,37381227-77f4-4711-9322-5d3d6fade0dc,Mercury Lamp,2321,nm,absorbance,807.1340683820897
814.973,5966.142872,37381227-77f4-4711-9322-5d3d6fade0dc,Mercury Lamp,2322,nm,absorbance,807.3167045769851
815.158,6118.466078,37381227-77f4-4711-9322-5d3d6fade0dc,Mercury Lamp,2323,nm,absorbance,807.5003333598963
815.343,6257.101256,37381227-77f4-4711-9322-5d3d6fade0dc,Mercury Lamp,2324,nm,absorbance,807.6839621428073
815.528,6345.509875000001,37381227-77f4-4711-9322-5d3d6fade0dc,Mercury Lamp,2325,nm,absorbance,807.8675909257186
815.712,6408.39424,37381227-77f4-4711-9322-5d3d6fade0dc,Mercury Lamp,2326,nm,absorbance,808.050227120614
815.897,6437.298489,37381227-77f4-4711-9322-5d3d6fade0dc,Mercury Lamp,2327,nm,absorbance,808.2338559035251
816.081,6477.746445,37381227-77f4-4711-9322-5d3d6fade0dc,Mercury Lamp,2328,nm,absorbance,808.4164920984205
816.266,6496.125902,37381227-77f4-4711-9322-5d3d6fade0dc,Mercury Lamp,2329,nm,absorbance,808.6001208813316
816.451,6536.985016,37381227-77f4-4711-9322-5d3d6fade0dc,Mercury Lamp,2330,nm,absorbance,808.7837496642428
816.635,6555.694158,37381227-77f4-4711-9322-5d3d6fade0dc,Mercury Lamp,2331,nm,absorbance,808.9663858591381
816.82,6584.773184,37381227-77f4-4711-9322-5d3d6fade0dc,Mercury Lamp,2332,nm,absorbance,809.1500146420493
817.004,6607.020333999999,37381227-77f4-4711-9322-5d3d6fade0dc,Mercury Lamp,2333,nm,absorbance,809.3326508369447
817.189,6666.293210999999,37381227-77f4-4711-9322-5d3d6fade0dc,Mercury Lamp,2334,nm,absorbance,809.5162796198557
817.374,6703.136379999999,37381227-77f4-4711-9322-5d3d6fade0dc,Mercury Lamp,2335,nm,absorbance,809.6999084027669
817.558,6693.210199000001,37381227-77f4-4711-9322-5d3d6fade0dc,Mercury Lamp,2336,nm,absorbance,809.8825445976623
817.743,6643.89839,37381227-77f4-4711-9322-5d3d6fade0dc,Mercury Lamp,2337,nm,absorbance,810.0661733805734
817.927,6571.043731,37381227-77f4-4711-9322-5d3d6fade0dc,Mercury Lamp,2338,nm,absorbance,810.2488095754688
818.111,6487.693953,37381227-77f4-4711-9322-5d3d6fade0dc,Mercury Lamp,2339,nm,absorbance,810.4314457703642
818.296,6393.774141,37381227-77f4-4711-9322-5d3d6fade0dc,Mercury Lamp,2340,nm,absorbance,810.6150745532753
818.48,6312.974181,37381227-77f4-4711-9322-5d3d6fade0dc,Mercury Lamp,2341,nm,absorbance,810.7977107481707
818.665,6257.304059,37381227-77f4-4711-9322-5d3d6fade0dc,Mercury Lamp,2342,nm,absorbance,810.9813395310819
818.849,6174.501391,37381227-77f4-4711-9322-5d3d6fade0dc,Mercury Lamp,2343,nm,absorbance,811.1639757259773
819.034,6101.629258,37381227-77f4-4711-9322-5d3d6fade0dc,Mercury Lamp,2344,nm,absorbance,811.3476045088884
819.218,6008.065948,37381227-77f4-4711-9322-5d3d6fade0dc,Mercury Lamp,2345,nm,absorbance,811.5302407037838
819.402,5955.3772930000005,37381227-77f4-4711-9322-5d3d6fade0dc,Mercury Lamp,2346,nm,absorbance,811.7128768986793
819.587,5913.612298,37381227-77f4-4711-9322-5d3d6fade0dc,Mercury Lamp,2347,nm,absorbance,811.8965056815903
819.771,5899.711478,37381227-77f4-4711-9322-5d3d6fade0dc,Mercury Lamp,2348,nm,absorbance,812.0791418764857
819.955,5854.792123000001,37381227-77f4-4711-9322-5d3d6fade0dc,Mercury Lamp,2349,nm,absorbance,812.2617780713812
820.14,5761.014007000001,37381227-77f4-4711-9322-5d3d6fade0dc,Mercury Lamp,2350,nm,absorbance,812.4454068542922
820.324,5625.329576999999,37381227-77f4-4711-9322-5d3d6fade0dc,Mercury Lamp,2351,nm,absorbance,812.6280430491876
820.508,5485.582502,37381227-77f4-4711-9322-5d3d6fade0dc,Mercury Lamp,2352,nm,absorbance,812.8106792440831
820.692,5285.563355,37381227-77f4-4711-9322-5d3d6fade0dc,Mercury Lamp,2353,nm,absorbance,812.9933154389784
820.877,5089.575713,37381227-77f4-4711-9322-5d3d6fade0dc,Mercury Lamp,2354,nm,absorbance,813.1769442218895
821.061,4851.100102999999,37381227-77f4-4711-9322-5d3d6fade0dc,Mercury Lamp,2355,nm,absorbance,813.359580416785
821.245,4590.433482,37381227-77f4-4711-9322-5d3d6fade0dc,Mercury Lamp,2356,nm,absorbance,813.5422166116803
821.429,4242.781712,37381227-77f4-4711-9322-5d3d6fade0dc,Mercury Lamp,2357,nm,absorbance,813.7248528065757
821.613,3870.24203,37381227-77f4-4711-9322-5d3d6fade0dc,Mercury Lamp,2358,nm,absorbance,813.9074890014712
821.798,3518.49617,37381227-77f4-4711-9322-5d3d6fade0dc,Mercury Lamp,2359,nm,absorbance,814.0911177843823
821.982,3204.833465,37381227-77f4-4711-9322-5d3d6fade0dc,Mercury Lamp,2360,nm,absorbance,814.2737539792776
822.166,2942.962009,37381227-77f4-4711-9322-5d3d6fade0dc,Mercury Lamp,2361,nm,absorbance,814.4563901741731
822.35,2735.000034,37381227-77f4-4711-9322-5d3d6fade0dc,Mercury Lamp,2362,nm,absorbance,814.6390263690685
822.534,2550.687976,37381227-77f4-4711-9322-5d3d6fade0dc,Mercury Lamp,2363,nm,absorbance,814.8216625639637
822.718,2377.592731,37381227-77f4-4711-9322-5d3d6fade0dc,Mercury Lamp,2364,nm,absorbance,815.0042987588591
822.902,2191.571377,37381227-77f4-4711-9322-5d3d6fade0dc,Mercury Lamp,2365,nm,absorbance,815.1869349537546
823.086,2017.607386,37381227-77f4-4711-9322-5d3d6fade0dc,Mercury Lamp,2366,nm,absorbance,815.36957114865
823.27,1833.837068,37381227-77f4-4711-9322-5d3d6fade0dc,Mercury Lamp,2367,nm,absorbance,815.5522073435453
823.454,1668.863103,37381227-77f4-4711-9322-5d3d6fade0dc,Mercury Lamp,2368,nm,absorbance,815.7348435384407
823.638,1506.395097,37381227-77f4-4711-9322-5d3d6fade0dc,Mercury Lamp,2369,nm,absorbance,815.9174797333362
823.822,1356.769379,37381227-77f4-4711-9322-5d3d6fade0dc,Mercury Lamp,2370,nm,absorbance,816.1001159282315
824.006,1210.894891,37381227-77f4-4711-9322-5d3d6fade0dc,Mercury Lamp,2371,nm,absorbance,816.2827521231269
824.19,1078.820938,37381227-77f4-4711-9322-5d3d6fade0dc,Mercury Lamp,2372,nm,absorbance,816.4653883180224
824.374,948.597522,37381227-77f4-4711-9322-5d3d6fade0dc,Mercury Lamp,2373,nm,absorbance,816.6480245129178
824.558,823.8394959999999,37381227-77f4-4711-9322-5d3d6fade0dc,Mercury Lamp,2374,nm,absorbance,816.8306607078131
824.742,700.9502,37381227-77f4-4711-9322-5d3d6fade0dc,Mercury Lamp,2375,nm,absorbance,817.0132969027085
824.926,598.912055,37381227-77f4-4711-9322-5d3d6fade0dc,Mercury Lamp,2376,nm,absorbance,817.195933097604
825.11,507.845153,37381227-77f4-4711-9322-5d3d6fade0dc,Mercury Lamp,2377,nm,absorbance,817.3785692924993
825.294,429.651534,37381227-77f4-4711-9322-5d3d6fade0dc,Mercury Lamp,2378,nm,absorbance,817.5612054873947
825.477,348.0818270000001,37381227-77f4-4711-9322-5d3d6fade0dc,Mercury Lamp,2379,nm,absorbance,817.7428490942743
825.661,277.4891,37381227-77f4-4711-9322-5d3d6fade0dc,Mercury Lamp,2380,nm,absorbance,817.9254852891697
825.845,214.909714,37381227-77f4-4711-9322-5d3d6fade0dc,Mercury Lamp,2381,nm,absorbance,818.1081214840651
826.029,165.299489,37381227-77f4-4711-9322-5d3d6fade0dc,Mercury Lamp,2382,nm,absorbance,818.2907576789605
826.213,130.892995,37381227-77f4-4711-9322-5d3d6fade0dc,Mercury Lamp,2383,nm,absorbance,818.4733938738559
826.396,108.830293,37381227-77f4-4711-9322-5d3d6fade0dc,Mercury Lamp,2384,nm,absorbance,818.6550374807356
826.58,92.320014,37381227-77f4-4711-9322-5d3d6fade0dc,Mercury Lamp,2385,nm,absorbance,818.837673675631
826.764,77.423978,37381227-77f4-4711-9322-5d3d6fade0dc,Mercury Lamp,2386,nm,absorbance,819.0203098705264
826.948,66.332136,37381227-77f4-4711-9322-5d3d6fade0dc,Mercury Lamp,2387,nm,absorbance,819.2029460654218
827.131,68.81916099999998,37381227-77f4-4711-9322-5d3d6fade0dc,Mercury Lamp,2388,nm,absorbance,819.3845896723014
827.315,79.032002,37381227-77f4-4711-9322-5d3d6fade0dc,Mercury Lamp,2389,nm,absorbance,819.5672258671968
827.499,114.031601,37381227-77f4-4711-9322-5d3d6fade0dc,Mercury Lamp,2390,nm,absorbance,819.7498620620922
827.682,168.46904900000004,37381227-77f4-4711-9322-5d3d6fade0dc,Mercury Lamp,2391,nm,absorbance,819.9315056689719
827.866,233.849721,37381227-77f4-4711-9322-5d3d6fade0dc,Mercury Lamp,2392,nm,absorbance,820.1141418638673
828.05,295.326364,37381227-77f4-4711-9322-5d3d6fade0dc,Mercury Lamp,2393,nm,absorbance,820.2967780587626
828.233,354.306824,37381227-77f4-4711-9322-5d3d6fade0dc,Mercury Lamp,2394,nm,absorbance,820.4784216656423
828.417,425.824755,37381227-77f4-4711-9322-5d3d6fade0dc,Mercury Lamp,2395,nm,absorbance,820.6610578605378
828.6,500.583539,37381227-77f4-4711-9322-5d3d6fade0dc,Mercury Lamp,2396,nm,absorbance,820.8427014674174
828.784,572.361146,37381227-77f4-4711-9322-5d3d6fade0dc,Mercury Lamp,2397,nm,absorbance,821.0253376623127
828.967,635.9854210000001,37381227-77f4-4711-9322-5d3d6fade0dc,Mercury Lamp,2398,nm,absorbance,821.2069812691924
829.151,693.265958,37381227-77f4-4711-9322-5d3d6fade0dc,Mercury Lamp,2399,nm,absorbance,821.3896174640878
829.335,753.451824,37381227-77f4-4711-9322-5d3d6fade0dc,Mercury Lamp,2400,nm,absorbance,821.5722536589832
829.518,808.9314039999998,37381227-77f4-4711-9322-5d3d6fade0dc,Mercury Lamp,2401,nm,absorbance,821.7538972658629
829.701,865.4187759999999,37381227-77f4-4711-9322-5d3d6fade0dc,Mercury Lamp,2402,nm,absorbance,821.9355408727425
829.885,915.189263,37381227-77f4-4711-9322-5d3d6fade0dc,Mercury Lamp,2403,nm,absorbance,822.1181770676379
830.068,958.92583,37381227-77f4-4711-9322-5d3d6fade0dc,Mercury Lamp,2404,nm,absorbance,822.2998206745176
830.252,988.355652,37381227-77f4-4711-9322-5d3d6fade0dc,Mercury Lamp,2405,nm,absorbance,822.4824568694129
830.435,1011.58532,37381227-77f4-4711-9322-5d3d6fade0dc,Mercury Lamp,2406,nm,absorbance,822.6641004762926
830.619,1021.436216,37381227-77f4-4711-9322-5d3d6fade0dc,Mercury Lamp,2407,nm,absorbance,822.8467366711881
830.802,1038.565152,37381227-77f4-4711-9322-5d3d6fade0dc,Mercury Lamp,2408,nm,absorbance,823.0283802780677
830.985,1046.0618330000002,37381227-77f4-4711-9322-5d3d6fade0dc,Mercury Lamp,2409,nm,absorbance,823.2100238849473
831.169,1058.381127,37381227-77f4-4711-9322-5d3d6fade0dc,Mercury Lamp,2410,nm,absorbance,823.3926600798427
831.352,1065.323108,37381227-77f4-4711-9322-5d3d6fade0dc,Mercury Lamp,2411,nm,absorbance,823.5743036867224
831.535,1075.159497,37381227-77f4-4711-9322-5d3d6fade0dc,Mercury Lamp,2412,nm,absorbance,823.755947293602
831.719,1087.336836,37381227-77f4-4711-9322-5d3d6fade0dc,Mercury Lamp,2413,nm,absorbance,823.9385834884974
831.902,1094.727052,37381227-77f4-4711-9322-5d3d6fade0dc,Mercury Lamp,2414,nm,absorbance,824.1202270953771
832.085,1113.906174,37381227-77f4-4711-9322-5d3d6fade0dc,Mercury Lamp,2415,nm,absorbance,824.3018707022568
832.269,1132.675458,37381227-77f4-4711-9322-5d3d6fade0dc,Mercury Lamp,2416,nm,absorbance,824.4845068971522
832.452,1151.120721,37381227-77f4-4711-9322-5d3d6fade0dc,Mercury Lamp,2417,nm,absorbance,824.6661505040317
832.635,1156.951404,37381227-77f4-4711-9322-5d3d6fade0dc,Mercury Lamp,2418,nm,absorbance,824.8477941109114
832.818,1153.667235,37381227-77f4-4711-9322-5d3d6fade0dc,Mercury Lamp,2419,nm,absorbance,825.0294377177911
833.002,1140.7998249999998,37381227-77f4-4711-9322-5d3d6fade0dc,Mercury Lamp,2420,nm,absorbance,825.2120739126865
833.185,1120.054465,37381227-77f4-4711-9322-5d3d6fade0dc,Mercury Lamp,2421,nm,absorbance,825.393717519566
833.368,1107.1481470000003,37381227-77f4-4711-9322-5d3d6fade0dc,Mercury Lamp,2422,nm,absorbance,825.5753611264458
833.551,1089.008589,37381227-77f4-4711-9322-5d3d6fade0dc,Mercury Lamp,2423,nm,absorbance,825.7570047333255
833.734,1078.984167,37381227-77f4-4711-9322-5d3d6fade0dc,Mercury Lamp,2424,nm,absorbance,825.9386483402052
833.917,1058.318091,37381227-77f4-4711-9322-5d3d6fade0dc,Mercury Lamp,2425,nm,absorbance,826.1202919470849
834.1,1056.8499470000002,37381227-77f4-4711-9322-5d3d6fade0dc,Mercury Lamp,2426,nm,absorbance,826.3019355539644
834.284,1047.593191,37381227-77f4-4711-9322-5d3d6fade0dc,Mercury Lamp,2427,nm,absorbance,826.4845717488598
834.467,1041.914447,37381227-77f4-4711-9322-5d3d6fade0dc,Mercury Lamp,2428,nm,absorbance,826.6662153557395
834.65,1023.659452,37381227-77f4-4711-9322-5d3d6fade0dc,Mercury Lamp,2429,nm,absorbance,826.8478589626192
834.833,1018.674108,37381227-77f4-4711-9322-5d3d6fade0dc,Mercury Lamp,2430,nm,absorbance,827.0295025694987
835.016,1018.309087,37381227-77f4-4711-9322-5d3d6fade0dc,Mercury Lamp,2431,nm,absorbance,827.2111461763784
835.199,1029.166101,37381227-77f4-4711-9322-5d3d6fade0dc,Mercury Lamp,2432,nm,absorbance,827.3927897832581
835.382,1031.0194459999998,37381227-77f4-4711-9322-5d3d6fade0dc,Mercury Lamp,2433,nm,absorbance,827.5744333901378
835.565,1027.4097230000002,37381227-77f4-4711-9322-5d3d6fade0dc,Mercury Lamp,2434,nm,absorbance,827.7560769970175
835.748,1001.54093,37381227-77f4-4711-9322-5d3d6fade0dc,Mercury Lamp,2435,nm,absorbance,827.9377206038971
835.931,969.524062,37381227-77f4-4711-9322-5d3d6fade0dc,Mercury Lamp,2436,nm,absorbance,828.1193642107768
836.114,923.294541,37381227-77f4-4711-9322-5d3d6fade0dc,Mercury Lamp,2437,nm,absorbance,828.3010078176565
836.297,857.6493790000001,37381227-77f4-4711-9322-5d3d6fade0dc,Mercury Lamp,2438,nm,absorbance,828.4826514245361
836.479,774.512648,37381227-77f4-4711-9322-5d3d6fade0dc,Mercury Lamp,2439,nm,absorbance,828.6633024434001
836.662,698.117833,37381227-77f4-4711-9322-5d3d6fade0dc,Mercury Lamp,2440,nm,absorbance,828.8449460502796
836.845,637.474922,37381227-77f4-4711-9322-5d3d6fade0dc,Mercury Lamp,2441,nm,absorbance,829.0265896571593
837.028,591.3504650000001,37381227-77f4-4711-9322-5d3d6fade0dc,Mercury Lamp,2442,nm,absorbance,829.208233264039
837.211,545.8507689999999,37381227-77f4-4711-9322-5d3d6fade0dc,Mercury Lamp,2443,nm,absorbance,829.3898768709187
837.394,512.7512509999999,37381227-77f4-4711-9322-5d3d6fade0dc,Mercury Lamp,2444,nm,absorbance,829.5715204777982
837.577,480.407102,37381227-77f4-4711-9322-5d3d6fade0dc,Mercury Lamp,2445,nm,absorbance,829.7531640846779
837.759,451.774435,37381227-77f4-4711-9322-5d3d6fade0dc,Mercury Lamp,2446,nm,absorbance,829.9338151035419
837.942,421.312788,37381227-77f4-4711-9322-5d3d6fade0dc,Mercury Lamp,2447,nm,absorbance,830.1154587104215
838.125,390.131435,37381227-77f4-4711-9322-5d3d6fade0dc,Mercury Lamp,2448,nm,absorbance,830.2971023173012
838.308,359.108005,37381227-77f4-4711-9322-5d3d6fade0dc,Mercury Lamp,2449,nm,absorbance,830.4787459241808
838.49,331.251041,37381227-77f4-4711-9322-5d3d6fade0dc,Mercury Lamp,2450,nm,absorbance,830.6593969430447
838.673,302.338697,37381227-77f4-4711-9322-5d3d6fade0dc,Mercury Lamp,2451,nm,absorbance,830.8410405499244
838.856,277.65868200000006,37381227-77f4-4711-9322-5d3d6fade0dc,Mercury Lamp,2452,nm,absorbance,831.0226841568041
839.039,246.416449,37381227-77f4-4711-9322-5d3d6fade0dc,Mercury Lamp,2453,nm,absorbance,831.2043277636838
839.221,217.791454,37381227-77f4-4711-9322-5d3d6fade0dc,Mercury Lamp,2454,nm,absorbance,831.3849787825477
839.404,191.023929,37381227-77f4-4711-9322-5d3d6fade0dc,Mercury Lamp,2455,nm,absorbance,831.5666223894273
839.587,170.490023,37381227-77f4-4711-9322-5d3d6fade0dc,Mercury Lamp,2456,nm,absorbance,831.7482659963069
839.769,152.62531199999998,37381227-77f4-4711-9322-5d3d6fade0dc,Mercury Lamp,2457,nm,absorbance,831.9289170151709
839.952,128.68542,37381227-77f4-4711-9322-5d3d6fade0dc,Mercury Lamp,2458,nm,absorbance,832.1105606220506
840.134,112.790145,37381227-77f4-4711-9322-5d3d6fade0dc,Mercury Lamp,2459,nm,absorbance,832.2912116409145
840.317,94.069585,37381227-77f4-4711-9322-5d3d6fade0dc,Mercury Lamp,2460,nm,absorbance,832.4728552477941
840.499,80.823688,37381227-77f4-4711-9322-5d3d6fade0dc,Mercury Lamp,2461,nm,absorbance,832.653506266658
840.682,66.88616300000001,37381227-77f4-4711-9322-5d3d6fade0dc,Mercury Lamp,2462,nm,absorbance,832.8351498735377
840.865,57.478824,37381227-77f4-4711-9322-5d3d6fade0dc,Mercury Lamp,2463,nm,absorbance,833.0167934804174
841.047,52.296003,37381227-77f4-4711-9322-5d3d6fade0dc,Mercury Lamp,2464,nm,absorbance,833.1974444992813
841.23,48.373360000000005,37381227-77f4-4711-9322-5d3d6fade0dc,Mercury Lamp,2465,nm,absorbance,833.3790881061609
841.412,50.452924,37381227-77f4-4711-9322-5d3d6fade0dc,Mercury Lamp,2466,nm,absorbance,833.5597391250249
841.595,54.849013,37381227-77f4-4711-9322-5d3d6fade0dc,Mercury Lamp,2467,nm,absorbance,833.7413827319045
841.777,74.692528,37381227-77f4-4711-9322-5d3d6fade0dc,Mercury Lamp,2468,nm,absorbance,833.9220337507685
841.959,127.60421999999998,37381227-77f4-4711-9322-5d3d6fade0dc,Mercury Lamp,2469,nm,absorbance,834.1026847696323
842.142,206.751347,37381227-77f4-4711-9322-5d3d6fade0dc,Mercury Lamp,2470,nm,absorbance,834.2843283765121
842.324,299.17265800000007,37381227-77f4-4711-9322-5d3d6fade0dc,Mercury Lamp,2471,nm,absorbance,834.4649793953758
842.507,390.868007,37381227-77f4-4711-9322-5d3d6fade0dc,Mercury Lamp,2472,nm,absorbance,834.6466230022555
842.689,481.523503,37381227-77f4-4711-9322-5d3d6fade0dc,Mercury Lamp,2473,nm,absorbance,834.8272740211195
842.871,573.7662019999999,37381227-77f4-4711-9322-5d3d6fade0dc,Mercury Lamp,2474,nm,absorbance,835.0079250399834
843.054,671.316411,37381227-77f4-4711-9322-5d3d6fade0dc,Mercury Lamp,2475,nm,absorbance,835.1895686468631
843.236,776.7000599999999,37381227-77f4-4711-9322-5d3d6fade0dc,Mercury Lamp,2476,nm,absorbance,835.3702196657271
843.418,893.454624,37381227-77f4-4711-9322-5d3d6fade0dc,Mercury Lamp,2477,nm,absorbance,835.5508706845909
843.601,1037.039462,37381227-77f4-4711-9322-5d3d6fade0dc,Mercury Lamp,2478,nm,absorbance,835.7325142914706
843.783,1204.976856,37381227-77f4-4711-9322-5d3d6fade0dc,Mercury Lamp,2479,nm,absorbance,835.9131653103345
843.965,1403.306827,37381227-77f4-4711-9322-5d3d6fade0dc,Mercury Lamp,2480,nm,absorbance,836.0938163291985
844.147,1600.8764670000005,37381227-77f4-4711-9322-5d3d6fade0dc,Mercury Lamp,2481,nm,absorbance,836.2744673480624
844.33,1802.0756640000004,37381227-77f4-4711-9322-5d3d6fade0dc,Mercury Lamp,2482,nm,absorbance,836.456110954942
844.512,1989.676919,37381227-77f4-4711-9322-5d3d6fade0dc,Mercury Lamp,2483,nm,absorbance,836.6367619738058
844.694,2183.869818,37381227-77f4-4711-9322-5d3d6fade0dc,Mercury Lamp,2484,nm,absorbance,836.8174129926698
844.876,2351.218026,37381227-77f4-4711-9322-5d3d6fade0dc,Mercury Lamp,2485,nm,absorbance,836.9980640115338
845.059,2507.5190649999995,37381227-77f4-4711-9322-5d3d6fade0dc,Mercury Lamp,2486,nm,absorbance,837.1797076184134
845.241,2607.019404,37381227-77f4-4711-9322-5d3d6fade0dc,Mercury Lamp,2487,nm,absorbance,837.3603586372774
845.423,2723.6175510000003,37381227-77f4-4711-9322-5d3d6fade0dc,Mercury Lamp,2488,nm,absorbance,837.5410096561413
845.605,2814.360646,37381227-77f4-4711-9322-5d3d6fade0dc,Mercury Lamp,2489,nm,absorbance,837.7216606750052
845.787,2933.854377000001,37381227-77f4-4711-9322-5d3d6fade0dc,Mercury Lamp,2490,nm,absorbance,837.9023116938691
845.969,3031.5447670000003,37381227-77f4-4711-9322-5d3d6fade0dc,Mercury Lamp,2491,nm,absorbance,838.0829627127331
846.151,3124.166642,37381227-77f4-4711-9322-5d3d6fade0dc,Mercury Lamp,2492,nm,absorbance,838.2636137315969
846.333,3195.826737,37381227-77f4-4711-9322-5d3d6fade0dc,Mercury Lamp,2493,nm,absorbance,838.4442647504609
846.515,3270.712997,37381227-77f4-4711-9322-5d3d6fade0dc,Mercury Lamp,2494,nm,absorbance,838.6249157693248
846.697,3332.555886,37381227-77f4-4711-9322-5d3d6fade0dc,Mercury Lamp,2495,nm,absorbance,838.8055667881887
846.879,3375.0879380000006,37381227-77f4-4711-9322-5d3d6fade0dc,Mercury Lamp,2496,nm,absorbance,838.9862178070526
847.061,3365.52829,37381227-77f4-4711-9322-5d3d6fade0dc,Mercury Lamp,2497,nm,absorbance,839.1668688259166
847.243,3358.019609,37381227-77f4-4711-9322-5d3d6fade0dc,Mercury Lamp,2498,nm,absorbance,839.3475198447805
847.425,3345.276191,37381227-77f4-4711-9322-5d3d6fade0dc,Mercury Lamp,2499,nm,absorbance,839.5281708636444
847.607,3354.1256070000004,37381227-77f4-4711-9322-5d3d6fade0dc,Mercury Lamp,2500,nm,absorbance,839.7088218825083
847.789,3360.750066,37381227-77f4-4711-9322-5d3d6fade0dc,Mercury Lamp,2501,nm,absorbance,839.8894729013723
847.971,3375.0269,37381227-77f4-4711-9322-5d3d6fade0dc,Mercury Lamp,2502,nm,absorbance,840.0701239202361
848.153,3384.987611,37381227-77f4-4711-9322-5d3d6fade0dc,Mercury Lamp,2503,nm,absorbance,840.2507749391001
848.335,3404.529829,37381227-77f4-4711-9322-5d3d6fade0dc,Mercury Lamp,2504,nm,absorbance,840.431425957964
848.517,3407.615896,37381227-77f4-4711-9322-5d3d6fade0dc,Mercury Lamp,2505,nm,absorbance,840.612076976828
848.699,3399.7665610000004,37381227-77f4-4711-9322-5d3d6fade0dc,Mercury Lamp,2506,nm,absorbance,840.7927279956918
848.881,3365.2382920000005,37381227-77f4-4711-9322-5d3d6fade0dc,Mercury Lamp,2507,nm,absorbance,840.9733790145558
849.062,3339.238557,37381227-77f4-4711-9322-5d3d6fade0dc,Mercury Lamp,2508,nm,absorbance,841.153037445404
849.244,3304.0887930000004,37381227-77f4-4711-9322-5d3d6fade0dc,Mercury Lamp,2509,nm,absorbance,841.3336884642679
849.426,3294.412474,37381227-77f4-4711-9322-5d3d6fade0dc,Mercury Lamp,2510,nm,absorbance,841.5143394831318
849.608,3279.2809929999994,37381227-77f4-4711-9322-5d3d6fade0dc,Mercury Lamp,2511,nm,absorbance,841.6949905019957
849.789,3263.1143620000003,37381227-77f4-4711-9322-5d3d6fade0dc,Mercury Lamp,2512,nm,absorbance,841.8746489328439
849.971,3222.727438,37381227-77f4-4711-9322-5d3d6fade0dc,Mercury Lamp,2513,nm,absorbance,842.0552999517079
850.153,3195.725999,37381227-77f4-4711-9322-5d3d6fade0dc,Mercury Lamp,2514,nm,absorbance,842.2359509705718
850.335,3159.141712,37381227-77f4-4711-9322-5d3d6fade0dc,Mercury Lamp,2515,nm,absorbance,842.4166019894358
850.516,3099.459857,37381227-77f4-4711-9322-5d3d6fade0dc,Mercury Lamp,2516,nm,absorbance,842.5962604202839
850.698,2991.416091,37381227-77f4-4711-9322-5d3d6fade0dc,Mercury Lamp,2517,nm,absorbance,842.7769114391477
850.88,2884.501453,37381227-77f4-4711-9322-5d3d6fade0dc,Mercury Lamp,2518,nm,absorbance,842.9575624580117
851.061,2780.037404,37381227-77f4-4711-9322-5d3d6fade0dc,Mercury Lamp,2519,nm,absorbance,843.1372208888599
851.243,2699.9152620000004,37381227-77f4-4711-9322-5d3d6fade0dc,Mercury Lamp,2520,nm,absorbance,843.3178719077239
851.425,2615.911922,37381227-77f4-4711-9322-5d3d6fade0dc,Mercury Lamp,2521,nm,absorbance,843.4985229265877
851.606,2555.4748039999995,37381227-77f4-4711-9322-5d3d6fade0dc,Mercury Lamp,2522,nm,absorbance,843.678181357436
851.788,2480.252792,37381227-77f4-4711-9322-5d3d6fade0dc,Mercury Lamp,2523,nm,absorbance,843.8588323762999
851.969,2393.67405,37381227-77f4-4711-9322-5d3d6fade0dc,Mercury Lamp,2524,nm,absorbance,844.0384908071482
852.151,2254.165511,37381227-77f4-4711-9322-5d3d6fade0dc,Mercury Lamp,2525,nm,absorbance,844.2191418260119
852.333,2076.073113,37381227-77f4-4711-9322-5d3d6fade0dc,Mercury Lamp,2526,nm,absorbance,844.3997928448758
852.514,1884.647426,37381227-77f4-4711-9322-5d3d6fade0dc,Mercury Lamp,2527,nm,absorbance,844.5794512757241
852.696,1697.66129,37381227-77f4-4711-9322-5d3d6fade0dc,Mercury Lamp,2528,nm,absorbance,844.760102294588
852.877,1535.5585099999998,37381227-77f4-4711-9322-5d3d6fade0dc,Mercury Lamp,2529,nm,absorbance,844.9397607254361
853.059,1400.5394170000004,37381227-77f4-4711-9322-5d3d6fade0dc,Mercury Lamp,2530,nm,absorbance,845.1204117443001
853.24,1294.505117,37381227-77f4-4711-9322-5d3d6fade0dc,Mercury Lamp,2531,nm,absorbance,845.3000701751483
853.422,1229.122484,37381227-77f4-4711-9322-5d3d6fade0dc,Mercury Lamp,2532,nm,absorbance,845.4807211940123
853.603,1165.531515,37381227-77f4-4711-9322-5d3d6fade0dc,Mercury Lamp,2533,nm,absorbance,845.6603796248604
853.784,1115.3301219999998,37381227-77f4-4711-9322-5d3d6fade0dc,Mercury Lamp,2534,nm,absorbance,845.8400380557085
853.966,1055.1979690000005,37381227-77f4-4711-9322-5d3d6fade0dc,Mercury Lamp,2535,nm,absorbance,846.0206890745725
854.147,1011.9931790000004,37381227-77f4-4711-9322-5d3d6fade0dc,Mercury Lamp,2536,nm,absorbance,846.2003475054207
854.329,968.898925,37381227-77f4-4711-9322-5d3d6fade0dc,Mercury Lamp,2537,nm,absorbance,846.3809985242846
854.51,937.046311,37381227-77f4-4711-9322-5d3d6fade0dc,Mercury Lamp,2538,nm,absorbance,846.5606569551328
854.691,901.234945,37381227-77f4-4711-9322-5d3d6fade0dc,Mercury Lamp,2539,nm,absorbance,846.740315385981
854.873,872.786066,37381227-77f4-4711-9322-5d3d6fade0dc,Mercury Lamp,2540,nm,absorbance,846.920966404845
855.054,850.1806720000001,37381227-77f4-4711-9322-5d3d6fade0dc,Mercury Lamp,2541,nm,absorbance,847.1006248356931
855.235,834.914919,37381227-77f4-4711-9322-5d3d6fade0dc,Mercury Lamp,2542,nm,absorbance,847.2802832665413
855.416,817.549081,37381227-77f4-4711-9322-5d3d6fade0dc,Mercury Lamp,2543,nm,absorbance,847.4599416973895
855.598,793.5169010000001,37381227-77f4-4711-9322-5d3d6fade0dc,Mercury Lamp,2544,nm,absorbance,847.6405927162533
855.779,771.355258,37381227-77f4-4711-9322-5d3d6fade0dc,Mercury Lamp,2545,nm,absorbance,847.8202511471015
855.96,760.9583709999999,37381227-77f4-4711-9322-5d3d6fade0dc,Mercury Lamp,2546,nm,absorbance,847.9999095779498
856.141,756.3580129999999,37381227-77f4-4711-9322-5d3d6fade0dc,Mercury Lamp,2547,nm,absorbance,848.1795680087979
856.323,751.936279,37381227-77f4-4711-9322-5d3d6fade0dc,Mercury Lamp,2548,nm,absorbance,848.3602190276619
856.504,746.1529840000001,37381227-77f4-4711-9322-5d3d6fade0dc,Mercury Lamp,2549,nm,absorbance,848.5398774585101
856.685,742.647502,37381227-77f4-4711-9322-5d3d6fade0dc,Mercury Lamp,2550,nm,absorbance,848.7195358893582
856.866,743.9264909999999,37381227-77f4-4711-9322-5d3d6fade0dc,Mercury Lamp,2551,nm,absorbance,848.8991943202064
857.047,748.9969880000001,37381227-77f4-4711-9322-5d3d6fade0dc,Mercury Lamp,2552,nm,absorbance,849.0788527510547
857.228,748.3365699999998,37381227-77f4-4711-9322-5d3d6fade0dc,Mercury Lamp,2553,nm,absorbance,849.2585111819028
857.409,755.89449,37381227-77f4-4711-9322-5d3d6fade0dc,Mercury Lamp,2554,nm,absorbance,849.4381696127509
857.591,762.556755,37381227-77f4-4711-9322-5d3d6fade0dc,Mercury Lamp,2555,nm,absorbance,849.6188206316149
857.772,780.650368,37381227-77f4-4711-9322-5d3d6fade0dc,Mercury Lamp,2556,nm,absorbance,849.7984790624631
857.953,791.8993979999999,37381227-77f4-4711-9322-5d3d6fade0dc,Mercury Lamp,2557,nm,absorbance,849.9781374933112
858.134,797.121771,37381227-77f4-4711-9322-5d3d6fade0dc,Mercury Lamp,2558,nm,absorbance,850.1577959241595
858.315,785.627619,37381227-77f4-4711-9322-5d3d6fade0dc,Mercury Lamp,2559,nm,absorbance,850.3374543550077
858.496,782.1073319999999,37381227-77f4-4711-9322-5d3d6fade0dc,Mercury Lamp,2560,nm,absorbance,850.5171127858558
858.677,770.6200729999999,37381227-77f4-4711-9322-5d3d6fade0dc,Mercury Lamp,2561,nm,absorbance,850.6967712167041
858.858,761.498138,37381227-77f4-4711-9322-5d3d6fade0dc,Mercury Lamp,2562,nm,absorbance,850.8764296475522
859.039,739.771117,37381227-77f4-4711-9322-5d3d6fade0dc,Mercury Lamp,2563,nm,absorbance,851.0560880784004
859.22,734.685,37381227-77f4-4711-9322-5d3d6fade0dc,Mercury Lamp,2564,nm,absorbance,851.2357465092487
859.401,727.123844,37381227-77f4-4711-9322-5d3d6fade0dc,Mercury Lamp,2565,nm,absorbance,851.4154049400967
859.582,726.193861,37381227-77f4-4711-9322-5d3d6fade0dc,Mercury Lamp,2566,nm,absorbance,851.5950633709449
859.762,717.1655369999999,37381227-77f4-4711-9322-5d3d6fade0dc,Mercury Lamp,2567,nm,absorbance,851.7737292137773
859.943,715.358356,37381227-77f4-4711-9322-5d3d6fade0dc,Mercury Lamp,2568,nm,absorbance,851.9533876446255
860.124,709.224504,37381227-77f4-4711-9322-5d3d6fade0dc,Mercury Lamp,2569,nm,absorbance,852.1330460754738
860.305,702.7248259999999,37381227-77f4-4711-9322-5d3d6fade0dc,Mercury Lamp,2570,nm,absorbance,852.3127045063219
860.486,697.948859,37381227-77f4-4711-9322-5d3d6fade0dc,Mercury Lamp,2571,nm,absorbance,852.4923629371701
860.667,701.284606,37381227-77f4-4711-9322-5d3d6fade0dc,Mercury Lamp,2572,nm,absorbance,852.6720213680184
860.848,696.2517449999999,37381227-77f4-4711-9322-5d3d6fade0dc,Mercury Lamp,2573,nm,absorbance,852.8516797988665
861.028,696.5063630000001,37381227-77f4-4711-9322-5d3d6fade0dc,Mercury Lamp,2574,nm,absorbance,853.030345641699
861.209,692.392114,37381227-77f4-4711-9322-5d3d6fade0dc,Mercury Lamp,2575,nm,absorbance,853.2100040725471
861.39,689.911767,37381227-77f4-4711-9322-5d3d6fade0dc,Mercury Lamp,2576,nm,absorbance,853.3896625033954
861.571,676.8688070000001,37381227-77f4-4711-9322-5d3d6fade0dc,Mercury Lamp,2577,nm,absorbance,853.5693209342436
861.751,653.7382509999999,37381227-77f4-4711-9322-5d3d6fade0dc,Mercury Lamp,2578,nm,absorbance,853.747986777076
861.932,619.0362590000001,37381227-77f4-4711-9322-5d3d6fade0dc,Mercury Lamp,2579,nm,absorbance,853.9276452079242
862.113,577.542549,37381227-77f4-4711-9322-5d3d6fade0dc,Mercury Lamp,2580,nm,absorbance,854.1073036387724
862.293,516.544753,37381227-77f4-4711-9322-5d3d6fade0dc,Mercury Lamp,2581,nm,absorbance,854.2859694816048
862.474,461.289156,37381227-77f4-4711-9322-5d3d6fade0dc,Mercury Lamp,2582,nm,absorbance,854.465627912453
862.655,406.61009,37381227-77f4-4711-9322-5d3d6fade0dc,Mercury Lamp,2583,nm,absorbance,854.6452863433011
862.835,372.315899,37381227-77f4-4711-9322-5d3d6fade0dc,Mercury Lamp,2584,nm,absorbance,854.8239521861336
863.016,339.482874,37381227-77f4-4711-9322-5d3d6fade0dc,Mercury Lamp,2585,nm,absorbance,855.0036106169817
863.197,309.612024,37381227-77f4-4711-9322-5d3d6fade0dc,Mercury Lamp,2586,nm,absorbance,855.18326904783
863.377,279.866722,37381227-77f4-4711-9322-5d3d6fade0dc,Mercury Lamp,2587,nm,absorbance,855.3619348906624
863.558,254.336797,37381227-77f4-4711-9322-5d3d6fade0dc,Mercury Lamp,2588,nm,absorbance,855.5415933215106
863.738,231.922066,37381227-77f4-4711-9322-5d3d6fade0dc,Mercury Lamp,2589,nm,absorbance,855.7202591643431
863.919,215.256692,37381227-77f4-4711-9322-5d3d6fade0dc,Mercury Lamp,2590,nm,absorbance,855.8999175951913
864.099,196.19714,37381227-77f4-4711-9322-5d3d6fade0dc,Mercury Lamp,2591,nm,absorbance,856.0785834380238
864.28,175.275374,37381227-77f4-4711-9322-5d3d6fade0dc,Mercury Lamp,2592,nm,absorbance,856.2582418688719
864.46,146.856467,37381227-77f4-4711-9322-5d3d6fade0dc,Mercury Lamp,2593,nm,absorbance,856.4369077117044
864.641,122.74496499999998,37381227-77f4-4711-9322-5d3d6fade0dc,Mercury Lamp,2594,nm,absorbance,856.6165661425525
864.821,102.386723,37381227-77f4-4711-9322-5d3d6fade0dc,Mercury Lamp,2595,nm,absorbance,856.795231985385
865.002,85.81811499999999,37381227-77f4-4711-9322-5d3d6fade0dc,Mercury Lamp,2596,nm,absorbance,856.9748904162332
865.182,70.178671,37381227-77f4-4711-9322-5d3d6fade0dc,Mercury Lamp,2597,nm,absorbance,857.1535562590657
865.363,56.399156000000005,37381227-77f4-4711-9322-5d3d6fade0dc,Mercury Lamp,2598,nm,absorbance,857.3332146899138
865.543,48.198269,37381227-77f4-4711-9322-5d3d6fade0dc,Mercury Lamp,2599,nm,absorbance,857.5118805327462
865.723,43.796092,37381227-77f4-4711-9322-5d3d6fade0dc,Mercury Lamp,2600,nm,absorbance,857.6905463755786
865.904,36.37436699999999,37381227-77f4-4711-9322-5d3d6fade0dc,Mercury Lamp,2601,nm,absorbance,857.8702048064268
866.084,29.776489999999995,37381227-77f4-4711-9322-5d3d6fade0dc,Mercury Lamp,2602,nm,absorbance,858.0488706492592
866.264,21.825018,37381227-77f4-4711-9322-5d3d6fade0dc,Mercury Lamp,2603,nm,absorbance,858.2275364920918
866.445,23.549315,37381227-77f4-4711-9322-5d3d6fade0dc,Mercury Lamp,2604,nm,absorbance,858.40719492294
866.625,21.501685,37381227-77f4-4711-9322-5d3d6fade0dc,Mercury Lamp,2605,nm,absorbance,858.5858607657724
866.805,25.087754,37381227-77f4-4711-9322-5d3d6fade0dc,Mercury Lamp,2606,nm,absorbance,858.7645266086048
866.986,20.98708,37381227-77f4-4711-9322-5d3d6fade0dc,Mercury Lamp,2607,nm,absorbance,858.944185039453
867.166,20.339591,37381227-77f4-4711-9322-5d3d6fade0dc,Mercury Lamp,2608,nm,absorbance,859.1228508822855
867.346,20.90182,37381227-77f4-4711-9322-5d3d6fade0dc,Mercury Lamp,2609,nm,absorbance,859.301516725118
867.526,20.724083,37381227-77f4-4711-9322-5d3d6fade0dc,Mercury Lamp,2610,nm,absorbance,859.4801825679504
867.707,20.355645000000003,37381227-77f4-4711-9322-5d3d6fade0dc,Mercury Lamp,2611,nm,absorbance,859.6598409987986
867.887,21.929851,37381227-77f4-4711-9322-5d3d6fade0dc,Mercury Lamp,2612,nm,absorbance,859.838506841631
868.067,28.97726,37381227-77f4-4711-9322-5d3d6fade0dc,Mercury Lamp,2613,nm,absorbance,860.0171726844635
868.247,38.840833,37381227-77f4-4711-9322-5d3d6fade0dc,Mercury Lamp,2614,nm,absorbance,860.1958385272959
868.427,46.739256,37381227-77f4-4711-9322-5d3d6fade0dc,Mercury Lamp,2615,nm,absorbance,860.3745043701284
868.607,51.898318,37381227-77f4-4711-9322-5d3d6fade0dc,Mercury Lamp,2616,nm,absorbance,860.5531702129608
868.788,57.412388,37381227-77f4-4711-9322-5d3d6fade0dc,Mercury Lamp,2617,nm,absorbance,860.7328286438091
868.968,60.86804099999999,37381227-77f4-4711-9322-5d3d6fade0dc,Mercury Lamp,2618,nm,absorbance,860.9114944866415
869.148,69.363324,37381227-77f4-4711-9322-5d3d6fade0dc,Mercury Lamp,2619,nm,absorbance,861.090160329474
869.328,78.59004900000001,37381227-77f4-4711-9322-5d3d6fade0dc,Mercury Lamp,2620,nm,absorbance,861.2688261723064
869.508,85.620504,37381227-77f4-4711-9322-5d3d6fade0dc,Mercury Lamp,2621,nm,absorbance,861.4474920151389
869.688,94.453369,37381227-77f4-4711-9322-5d3d6fade0dc,Mercury Lamp,2622,nm,absorbance,861.6261578579713
869.868,103.78428,37381227-77f4-4711-9322-5d3d6fade0dc,Mercury Lamp,2623,nm,absorbance,861.8048237008038
870.048,113.384591,37381227-77f4-4711-9322-5d3d6fade0dc,Mercury Lamp,2624,nm,absorbance,861.9834895436362
870.228,121.08419999999998,37381227-77f4-4711-9322-5d3d6fade0dc,Mercury Lamp,2625,nm,absorbance,862.1621553864686
870.408,127.232415,37381227-77f4-4711-9322-5d3d6fade0dc,Mercury Lamp,2626,nm,absorbance,862.3408212293011
870.588,131.345504,37381227-77f4-4711-9322-5d3d6fade0dc,Mercury Lamp,2627,nm,absorbance,862.5194870721335
870.768,133.339959,37381227-77f4-4711-9322-5d3d6fade0dc,Mercury Lamp,2628,nm,absorbance,862.698152914966
870.948,133.900776,37381227-77f4-4711-9322-5d3d6fade0dc,Mercury Lamp,2629,nm,absorbance,862.8768187577984
871.128,136.61901399999996,37381227-77f4-4711-9322-5d3d6fade0dc,Mercury Lamp,2630,nm,absorbance,863.055484600631
871.307,141.727536,37381227-77f4-4711-9322-5d3d6fade0dc,Mercury Lamp,2631,nm,absorbance,863.2331578554476
871.487,139.778843,37381227-77f4-4711-9322-5d3d6fade0dc,Mercury Lamp,2632,nm,absorbance,863.41182369828
871.667,145.094908,37381227-77f4-4711-9322-5d3d6fade0dc,Mercury Lamp,2633,nm,absorbance,863.5904895411126
871.847,146.44594,37381227-77f4-4711-9322-5d3d6fade0dc,Mercury Lamp,2634,nm,absorbance,863.769155383945
872.027,146.327655,37381227-77f4-4711-9322-5d3d6fade0dc,Mercury Lamp,2635,nm,absorbance,863.9478212267775
872.207,146.91378500000002,37381227-77f4-4711-9322-5d3d6fade0dc,Mercury Lamp,2636,nm,absorbance,864.1264870696099
872.387,145.990788,37381227-77f4-4711-9322-5d3d6fade0dc,Mercury Lamp,2637,nm,absorbance,864.3051529124423
872.566,151.26983,37381227-77f4-4711-9322-5d3d6fade0dc,Mercury Lamp,2638,nm,absorbance,864.4828261672591
872.746,150.961338,37381227-77f4-4711-9322-5d3d6fade0dc,Mercury Lamp,2639,nm,absorbance,864.6614920100915
872.926,150.599468,37381227-77f4-4711-9322-5d3d6fade0dc,Mercury Lamp,2640,nm,absorbance,864.840157852924
873.106,155.463824,37381227-77f4-4711-9322-5d3d6fade0dc,Mercury Lamp,2641,nm,absorbance,865.0188236957564
873.285,158.761008,37381227-77f4-4711-9322-5d3d6fade0dc,Mercury Lamp,2642,nm,absorbance,865.1964969505731
873.465,162.50681500000002,37381227-77f4-4711-9322-5d3d6fade0dc,Mercury Lamp,2643,nm,absorbance,865.3751627934056
873.645,162.91060300000004,37381227-77f4-4711-9322-5d3d6fade0dc,Mercury Lamp,2644,nm,absorbance,865.553828636238
873.824,165.004793,37381227-77f4-4711-9322-5d3d6fade0dc,Mercury Lamp,2645,nm,absorbance,865.7315018910547
874.004,165.740787,37381227-77f4-4711-9322-5d3d6fade0dc,Mercury Lamp,2646,nm,absorbance,865.9101677338872
874.184,162.814976,37381227-77f4-4711-9322-5d3d6fade0dc,Mercury Lamp,2647,nm,absorbance,866.0888335767196
874.363,160.198097,37381227-77f4-4711-9322-5d3d6fade0dc,Mercury Lamp,2648,nm,absorbance,866.2665068315364
874.543,158.084464,37381227-77f4-4711-9322-5d3d6fade0dc,Mercury Lamp,2649,nm,absorbance,866.4451726743688
874.723,161.641193,37381227-77f4-4711-9322-5d3d6fade0dc,Mercury Lamp,2650,nm,absorbance,866.6238385172012
874.902,161.585894,37381227-77f4-4711-9322-5d3d6fade0dc,Mercury Lamp,2651,nm,absorbance,866.801511772018
875.082,167.17598600000002,37381227-77f4-4711-9322-5d3d6fade0dc,Mercury Lamp,2652,nm,absorbance,866.9801776148504
875.261,167.426745,37381227-77f4-4711-9322-5d3d6fade0dc,Mercury Lamp,2653,nm,absorbance,867.1578508696671
875.441,162.58193999999995,37381227-77f4-4711-9322-5d3d6fade0dc,Mercury Lamp,2654,nm,absorbance,867.3365167124996
875.62,155.23359,37381227-77f4-4711-9322-5d3d6fade0dc,Mercury Lamp,2655,nm,absorbance,867.5141899673163
875.8,150.70340799999997,37381227-77f4-4711-9322-5d3d6fade0dc,Mercury Lamp,2656,nm,absorbance,867.6928558101487
875.979,151.59743200000003,37381227-77f4-4711-9322-5d3d6fade0dc,Mercury Lamp,2657,nm,absorbance,867.8705290649655
876.159,152.475483,37381227-77f4-4711-9322-5d3d6fade0dc,Mercury Lamp,2658,nm,absorbance,868.0491949077979
876.338,153.752861,37381227-77f4-4711-9322-5d3d6fade0dc,Mercury Lamp,2659,nm,absorbance,868.2268681626146
876.518,152.058152,37381227-77f4-4711-9322-5d3d6fade0dc,Mercury Lamp,2660,nm,absorbance,868.4055340054471
876.697,143.26816,37381227-77f4-4711-9322-5d3d6fade0dc,Mercury Lamp,2661,nm,absorbance,868.5832072602637
876.876,134.476493,37381227-77f4-4711-9322-5d3d6fade0dc,Mercury Lamp,2662,nm,absorbance,868.7608805150804
877.056,126.233569,37381227-77f4-4711-9322-5d3d6fade0dc,Mercury Lamp,2663,nm,absorbance,868.939546357913
877.235,116.58521600000002,37381227-77f4-4711-9322-5d3d6fade0dc,Mercury Lamp,2664,nm,absorbance,869.1172196127296
877.415,102.626992,37381227-77f4-4711-9322-5d3d6fade0dc,Mercury Lamp,2665,nm,absorbance,869.295885455562
877.594,92.703986,37381227-77f4-4711-9322-5d3d6fade0dc,Mercury Lamp,2666,nm,absorbance,869.4735587103788
877.773,86.326716,37381227-77f4-4711-9322-5d3d6fade0dc,Mercury Lamp,2667,nm,absorbance,869.6512319651955
877.953,86.42749899999998,37381227-77f4-4711-9322-5d3d6fade0dc,Mercury Lamp,2668,nm,absorbance,869.8298978080279
878.132,83.657145,37381227-77f4-4711-9322-5d3d6fade0dc,Mercury Lamp,2669,nm,absorbance,870.0075710628446
878.311,78.821805,37381227-77f4-4711-9322-5d3d6fade0dc,Mercury Lamp,2670,nm,absorbance,870.1852443176614
878.49,70.125629,37381227-77f4-4711-9322-5d3d6fade0dc,Mercury Lamp,2671,nm,absorbance,870.3629175724781
878.67,61.322838,37381227-77f4-4711-9322-5d3d6fade0dc,Mercury Lamp,2672,nm,absorbance,870.5415834153105
878.849,62.98678,37381227-77f4-4711-9322-5d3d6fade0dc,Mercury Lamp,2673,nm,absorbance,870.7192566701273
879.028,63.824093000000005,37381227-77f4-4711-9322-5d3d6fade0dc,Mercury Lamp,2674,nm,absorbance,870.896929924944
879.207,65.688349,37381227-77f4-4711-9322-5d3d6fade0dc,Mercury Lamp,2675,nm,absorbance,871.0746031797606
879.387,60.21861899999999,37381227-77f4-4711-9322-5d3d6fade0dc,Mercury Lamp,2676,nm,absorbance,871.253269022593
879.566,54.483602,37381227-77f4-4711-9322-5d3d6fade0dc,Mercury Lamp,2677,nm,absorbance,871.4309422774098
879.745,49.954199,37381227-77f4-4711-9322-5d3d6fade0dc,Mercury Lamp,2678,nm,absorbance,871.6086155322265
879.924,45.517313,37381227-77f4-4711-9322-5d3d6fade0dc,Mercury Lamp,2679,nm,absorbance,871.7862887870432
880.103,44.96449400000001,37381227-77f4-4711-9322-5d3d6fade0dc,Mercury Lamp,2680,nm,absorbance,871.96396204186
880.282,43.85726000000001,37381227-77f4-4711-9322-5d3d6fade0dc,Mercury Lamp,2681,nm,absorbance,872.1416352966768
880.461,50.008313,37381227-77f4-4711-9322-5d3d6fade0dc,Mercury Lamp,2682,nm,absorbance,872.3193085514935
880.64,45.360847,37381227-77f4-4711-9322-5d3d6fade0dc,Mercury Lamp,2683,nm,absorbance,872.4969818063101
880.819,46.905775,37381227-77f4-4711-9322-5d3d6fade0dc,Mercury Lamp,2684,nm,absorbance,872.6746550611268
880.998,42.088314,37381227-77f4-4711-9322-5d3d6fade0dc,Mercury Lamp,2685,nm,absorbance,872.8523283159436
881.178,44.600433,37381227-77f4-4711-9322-5d3d6fade0dc,Mercury Lamp,2686,nm,absorbance,873.030994158776
881.357,44.019589,37381227-77f4-4711-9322-5d3d6fade0dc,Mercury Lamp,2687,nm,absorbance,873.2086674135927
881.536,38.240728,37381227-77f4-4711-9322-5d3d6fade0dc,Mercury Lamp,2688,nm,absorbance,873.3863406684094
881.715,34.654801,37381227-77f4-4711-9322-5d3d6fade0dc,Mercury Lamp,2689,nm,absorbance,873.5640139232262
881.893,32.038595,37381227-77f4-4711-9322-5d3d6fade0dc,Mercury Lamp,2690,nm,absorbance,873.7406945900271
882.072,32.0619,37381227-77f4-4711-9322-5d3d6fade0dc,Mercury Lamp,2691,nm,absorbance,873.9183678448438
882.251,31.538476000000003,37381227-77f4-4711-9322-5d3d6fade0dc,Mercury Lamp,2692,nm,absorbance,874.0960410996605
882.43,24.516596,37381227-77f4-4711-9322-5d3d6fade0dc,Mercury Lamp,2693,nm,absorbance,874.2737143544772
882.609,24.708991,37381227-77f4-4711-9322-5d3d6fade0dc,Mercury Lamp,2694,nm,absorbance,874.451387609294
882.788,17.332495,37381227-77f4-4711-9322-5d3d6fade0dc,Mercury Lamp,2695,nm,absorbance,874.6290608641107
882.967,16.035242999999998,37381227-77f4-4711-9322-5d3d6fade0dc,Mercury Lamp,2696,nm,absorbance,874.8067341189274
883.146,13.494661000000002,37381227-77f4-4711-9322-5d3d6fade0dc,Mercury Lamp,2697,nm,absorbance,874.984407373744
883.325,19.798501,37381227-77f4-4711-9322-5d3d6fade0dc,Mercury Lamp,2698,nm,absorbance,875.1620806285608
883.503,19.081329,37381227-77f4-4711-9322-5d3d6fade0dc,Mercury Lamp,2699,nm,absorbance,875.3387612953619
883.682,16.955444,37381227-77f4-4711-9322-5d3d6fade0dc,Mercury Lamp,2700,nm,absorbance,875.5164345501786
883.861,17.01463,37381227-77f4-4711-9322-5d3d6fade0dc,Mercury Lamp,2701,nm,absorbance,875.6941078049953
884.04,15.805263,37381227-77f4-4711-9322-5d3d6fade0dc,Mercury Lamp,2702,nm,absorbance,875.871781059812
884.219,16.685582,37381227-77f4-4711-9322-5d3d6fade0dc,Mercury Lamp,2703,nm,absorbance,876.0494543146287
884.397,8.683534,37381227-77f4-4711-9322-5d3d6fade0dc,Mercury Lamp,2704,nm,absorbance,876.2261349814297
884.576,10.237631,37381227-77f4-4711-9322-5d3d6fade0dc,Mercury Lamp,2705,nm,absorbance,876.4038082362464
884.755,10.560975,37381227-77f4-4711-9322-5d3d6fade0dc,Mercury Lamp,2706,nm,absorbance,876.5814814910631
884.933,13.706953999999996,37381227-77f4-4711-9322-5d3d6fade0dc,Mercury Lamp,2707,nm,absorbance,876.758162157864
885.112,14.540211999999997,37381227-77f4-4711-9322-5d3d6fade0dc,Mercury Lamp,2708,nm,absorbance,876.9358354126807
885.291,12.768311,37381227-77f4-4711-9322-5d3d6fade0dc,Mercury Lamp,2709,nm,absorbance,877.1135086674975
885.469,13.235764,37381227-77f4-4711-9322-5d3d6fade0dc,Mercury Lamp,2710,nm,absorbance,877.2901893342985
885.648,12.093596000000002,37381227-77f4-4711-9322-5d3d6fade0dc,Mercury Lamp,2711,nm,absorbance,877.4678625891152
885.827,15.004106000000002,37381227-77f4-4711-9322-5d3d6fade0dc,Mercury Lamp,2712,nm,absorbance,877.6455358439318
886.005,13.255222,37381227-77f4-4711-9322-5d3d6fade0dc,Mercury Lamp,2713,nm,absorbance,877.8222165107329
886.184,10.925101000000002,37381227-77f4-4711-9322-5d3d6fade0dc,Mercury Lamp,2714,nm,absorbance,877.9998897655496
886.363,11.492409,37381227-77f4-4711-9322-5d3d6fade0dc,Mercury Lamp,2715,nm,absorbance,878.1775630203664
886.541,14.547276,37381227-77f4-4711-9322-5d3d6fade0dc,Mercury Lamp,2716,nm,absorbance,878.3542436871674
886.72,17.932619000000003,37381227-77f4-4711-9322-5d3d6fade0dc,Mercury Lamp,2717,nm,absorbance,878.531916941984
886.898,14.277779999999998,37381227-77f4-4711-9322-5d3d6fade0dc,Mercury Lamp,2718,nm,absorbance,878.708597608785
887.077,13.038156,37381227-77f4-4711-9322-5d3d6fade0dc,Mercury Lamp,2719,nm,absorbance,878.8862708636017
887.255,11.01898,37381227-77f4-4711-9322-5d3d6fade0dc,Mercury Lamp,2720,nm,absorbance,879.0629515304026
887.434,8.419794999999999,37381227-77f4-4711-9322-5d3d6fade0dc,Mercury Lamp,2721,nm,absorbance,879.2406247852193
887.612,5.686122,37381227-77f4-4711-9322-5d3d6fade0dc,Mercury Lamp,2722,nm,absorbance,879.4173054520203
887.791,7.250023,37381227-77f4-4711-9322-5d3d6fade0dc,Mercury Lamp,2723,nm,absorbance,879.5949787068371
887.969,13.366912000000005,37381227-77f4-4711-9322-5d3d6fade0dc,Mercury Lamp,2724,nm,absorbance,879.771659373638
888.147,14.018464,37381227-77f4-4711-9322-5d3d6fade0dc,Mercury Lamp,2725,nm,absorbance,879.9483400404391
888.326,11.390871,37381227-77f4-4711-9322-5d3d6fade0dc,Mercury Lamp,2726,nm,absorbance,880.1260132952558
888.504,10.107316,37381227-77f4-4711-9322-5d3d6fade0dc,Mercury Lamp,2727,nm,absorbance,880.3026939620568
888.682,12.25926,37381227-77f4-4711-9322-5d3d6fade0dc,Mercury Lamp,2728,nm,absorbance,880.4793746288577
888.861,15.07142,37381227-77f4-4711-9322-5d3d6fade0dc,Mercury Lamp,2729,nm,absorbance,880.6570478836744
889.039,13.116008000000004,37381227-77f4-4711-9322-5d3d6fade0dc,Mercury Lamp,2730,nm,absorbance,880.8337285504754
889.218,15.394949999999998,37381227-77f4-4711-9322-5d3d6fade0dc,Mercury Lamp,2731,nm,absorbance,881.011401805292
889.396,16.155018000000002,37381227-77f4-4711-9322-5d3d6fade0dc,Mercury Lamp,2732,nm,absorbance,881.188082472093
889.574,14.632879,37381227-77f4-4711-9322-5d3d6fade0dc,Mercury Lamp,2733,nm,absorbance,881.364763138894
889.752,10.305465,37381227-77f4-4711-9322-5d3d6fade0dc,Mercury Lamp,2734,nm,absorbance,881.5414438056949
889.931,3.693026,37381227-77f4-4711-9322-5d3d6fade0dc,Mercury Lamp,2735,nm,absorbance,881.7191170605117
890.109,3.8435289999999993,37381227-77f4-4711-9322-5d3d6fade0dc,Mercury Lamp,2736,nm,absorbance,881.8957977273128
890.287,6.141951000000001,37381227-77f4-4711-9322-5d3d6fade0dc,Mercury Lamp,2737,nm,absorbance,882.0724783941138
890.465,9.636043,37381227-77f4-4711-9322-5d3d6fade0dc,Mercury Lamp,2738,nm,absorbance,882.2491590609147
890.643,11.655739999999998,37381227-77f4-4711-9322-5d3d6fade0dc,Mercury Lamp,2739,nm,absorbance,882.4258397277157
890.822,8.894862,37381227-77f4-4711-9322-5d3d6fade0dc,Mercury Lamp,2740,nm,absorbance,882.6035129825324
891.0,12.497334,37381227-77f4-4711-9322-5d3d6fade0dc,Mercury Lamp,2741,nm,absorbance,882.7801936493333
891.178,14.713451999999998,37381227-77f4-4711-9322-5d3d6fade0dc,Mercury Lamp,2742,nm,absorbance,882.9568743161343
891.356,14.860248,37381227-77f4-4711-9322-5d3d6fade0dc,Mercury Lamp,2743,nm,absorbance,883.1335549829353
891.534,14.723638,37381227-77f4-4711-9322-5d3d6fade0dc,Mercury Lamp,2744,nm,absorbance,883.3102356497362
891.712,13.468778,37381227-77f4-4711-9322-5d3d6fade0dc,Mercury Lamp,2745,nm,absorbance,883.4869163165373
891.89,18.222126,37381227-77f4-4711-9322-5d3d6fade0dc,Mercury Lamp,2746,nm,absorbance,883.6635969833383
892.068,16.46406,37381227-77f4-4711-9322-5d3d6fade0dc,Mercury Lamp,2747,nm,absorbance,883.8402776501392
892.247,15.309129,37381227-77f4-4711-9322-5d3d6fade0dc,Mercury Lamp,2748,nm,absorbance,884.0179509049559
892.425,11.468761,37381227-77f4-4711-9322-5d3d6fade0dc,Mercury Lamp,2749,nm,absorbance,884.1946315717569
892.603,9.402114,37381227-77f4-4711-9322-5d3d6fade0dc,Mercury Lamp,2750,nm,absorbance,884.3713122385578
892.781,8.824304999999999,37381227-77f4-4711-9322-5d3d6fade0dc,Mercury Lamp,2751,nm,absorbance,884.5479929053588
892.959,3.818559000000001,37381227-77f4-4711-9322-5d3d6fade0dc,Mercury Lamp,2752,nm,absorbance,884.7246735721598
893.137,6.77772,37381227-77f4-4711-9322-5d3d6fade0dc,Mercury Lamp,2753,nm,absorbance,884.9013542389607
893.314,3.303098,37381227-77f4-4711-9322-5d3d6fade0dc,Mercury Lamp,2754,nm,absorbance,885.0770423177461
893.492,10.646038,37381227-77f4-4711-9322-5d3d6fade0dc,Mercury Lamp,2755,nm,absorbance,885.253722984547
893.67,8.161958000000002,37381227-77f4-4711-9322-5d3d6fade0dc,Mercury Lamp,2756,nm,absorbance,885.430403651348
893.848,12.296969,37381227-77f4-4711-9322-5d3d6fade0dc,Mercury Lamp,2757,nm,absorbance,885.607084318149
894.026,8.684988,37381227-77f4-4711-9322-5d3d6fade0dc,Mercury Lamp,2758,nm,absorbance,885.7837649849499
894.204,5.547236,37381227-77f4-4711-9322-5d3d6fade0dc,Mercury Lamp,2759,nm,absorbance,885.9604456517509
894.382,7.414440999999999,37381227-77f4-4711-9322-5d3d6fade0dc,Mercury Lamp,2760,nm,absorbance,886.1371263185519
894.56,8.229549,37381227-77f4-4711-9322-5d3d6fade0dc,Mercury Lamp,2761,nm,absorbance,886.3138069853529
894.738,7.091518000000001,37381227-77f4-4711-9322-5d3d6fade0dc,Mercury Lamp,2762,nm,absorbance,886.490487652154
894.915,4.925084000000001,37381227-77f4-4711-9322-5d3d6fade0dc,Mercury Lamp,2763,nm,absorbance,886.6661757309391
895.093,6.636261,37381227-77f4-4711-9322-5d3d6fade0dc,Mercury Lamp,2764,nm,absorbance,886.8428563977401
895.271,10.746522,37381227-77f4-4711-9322-5d3d6fade0dc,Mercury Lamp,2765,nm,absorbance,887.019537064541
895.449,10.671034,37381227-77f4-4711-9322-5d3d6fade0dc,Mercury Lamp,2766,nm,absorbance,887.196217731342
895.626,16.108559000000003,37381227-77f4-4711-9322-5d3d6fade0dc,Mercury Lamp,2767,nm,absorbance,887.3719058101273
895.804,15.753026,37381227-77f4-4711-9322-5d3d6fade0dc,Mercury Lamp,2768,nm,absorbance,887.5485864769282
895.982,16.973430999999998,37381227-77f4-4711-9322-5d3d6fade0dc,Mercury Lamp,2769,nm,absorbance,887.7252671437293
896.16,12.361794,37381227-77f4-4711-9322-5d3d6fade0dc,Mercury Lamp,2770,nm,absorbance,887.9019478105303
896.337,11.191825,37381227-77f4-4711-9322-5d3d6fade0dc,Mercury Lamp,2771,nm,absorbance,888.0776358893155
896.515,7.808422,37381227-77f4-4711-9322-5d3d6fade0dc,Mercury Lamp,2772,nm,absorbance,888.2543165561165
896.693,0.992344,37381227-77f4-4711-9322-5d3d6fade0dc,Mercury Lamp,2773,nm,absorbance,888.4309972229174
896.87,4.500127000000001,37381227-77f4-4711-9322-5d3d6fade0dc,Mercury Lamp,2774,nm,absorbance,888.6066853017027
897.048,3.020212,37381227-77f4-4711-9322-5d3d6fade0dc,Mercury Lamp,2775,nm,absorbance,888.7833659685036
897.225,8.625191999999998,37381227-77f4-4711-9322-5d3d6fade0dc,Mercury Lamp,2776,nm,absorbance,888.959054047289
897.403,8.285399000000002,37381227-77f4-4711-9322-5d3d6fade0dc,Mercury Lamp,2777,nm,absorbance,889.13573471409
897.581,11.393694999999996,37381227-77f4-4711-9322-5d3d6fade0dc,Mercury Lamp,2778,nm,absorbance,889.3124153808909
897.758,11.501947,37381227-77f4-4711-9322-5d3d6fade0dc,Mercury Lamp,2779,nm,absorbance,889.4881034596762
897.936,9.657601,37381227-77f4-4711-9322-5d3d6fade0dc,Mercury Lamp,2780,nm,absorbance,889.6647841264771
898.113,6.392827,37381227-77f4-4711-9322-5d3d6fade0dc,Mercury Lamp,2781,nm,absorbance,889.8404722052624
898.291,9.837196,37381227-77f4-4711-9322-5d3d6fade0dc,Mercury Lamp,2782,nm,absorbance,890.0171528720633
898.468,11.459643000000002,37381227-77f4-4711-9322-5d3d6fade0dc,Mercury Lamp,2783,nm,absorbance,890.1928409508486
898.646,12.912983,37381227-77f4-4711-9322-5d3d6fade0dc,Mercury Lamp,2784,nm,absorbance,890.3695216176495
898.823,8.39269,37381227-77f4-4711-9322-5d3d6fade0dc,Mercury Lamp,2785,nm,absorbance,890.5452096964348
899.001,8.191084,37381227-77f4-4711-9322-5d3d6fade0dc,Mercury Lamp,2786,nm,absorbance,890.7218903632357
899.178,7.832729,37381227-77f4-4711-9322-5d3d6fade0dc,Mercury Lamp,2787,nm,absorbance,890.897578442021
899.356,8.605722000000002,37381227-77f4-4711-9322-5d3d6fade0dc,Mercury Lamp,2788,nm,absorbance,891.0742591088219
899.533,10.437192,37381227-77f4-4711-9322-5d3d6fade0dc,Mercury Lamp,2789,nm,absorbance,891.2499471876073
899.71,16.243985000000002,37381227-77f4-4711-9322-5d3d6fade0dc,Mercury Lamp,2790,nm,absorbance,891.4256352663925
899.888,16.662466000000002,37381227-77f4-4711-9322-5d3d6fade0dc,Mercury Lamp,2791,nm,absorbance,891.6023159331935
900.065,17.779911000000002,37381227-77f4-4711-9322-5d3d6fade0dc,Mercury Lamp,2792,nm,absorbance,891.7780040119787
900.242,15.810579,37381227-77f4-4711-9322-5d3d6fade0dc,Mercury Lamp,2793,nm,absorbance,891.9536920907639
900.42,15.662769,37381227-77f4-4711-9322-5d3d6fade0dc,Mercury Lamp,2794,nm,absorbance,892.1303727575648
900.597,13.009447999999995,37381227-77f4-4711-9322-5d3d6fade0dc,Mercury Lamp,2795,nm,absorbance,892.3060608363502
900.774,11.789933,37381227-77f4-4711-9322-5d3d6fade0dc,Mercury Lamp,2796,nm,absorbance,892.4817489151354
900.952,14.369350000000004,37381227-77f4-4711-9322-5d3d6fade0dc,Mercury Lamp,2797,nm,absorbance,892.6584295819364
901.129,16.104719,37381227-77f4-4711-9322-5d3d6fade0dc,Mercury Lamp,2798,nm,absorbance,892.8341176607216
901.306,16.025536000000002,37381227-77f4-4711-9322-5d3d6fade0dc,Mercury Lamp,2799,nm,absorbance,893.0098057395069
901.483,13.432700999999998,37381227-77f4-4711-9322-5d3d6fade0dc,Mercury Lamp,2800,nm,absorbance,893.185493818292
901.661,11.861307,37381227-77f4-4711-9322-5d3d6fade0dc,Mercury Lamp,2801,nm,absorbance,893.362174485093
901.838,15.851556,37381227-77f4-4711-9322-5d3d6fade0dc,Mercury Lamp,2802,nm,absorbance,893.5378625638783
902.015,19.24451,37381227-77f4-4711-9322-5d3d6fade0dc,Mercury Lamp,2803,nm,absorbance,893.7135506426636
902.192,21.094356,37381227-77f4-4711-9322-5d3d6fade0dc,Mercury Lamp,2804,nm,absorbance,893.8892387214488
902.369,15.918033,37381227-77f4-4711-9322-5d3d6fade0dc,Mercury Lamp,2805,nm,absorbance,894.064926800234
902.546,9.399064999999998,37381227-77f4-4711-9322-5d3d6fade0dc,Mercury Lamp,2806,nm,absorbance,894.2406148790193
902.723,5.906447999999999,37381227-77f4-4711-9322-5d3d6fade0dc,Mercury Lamp,2807,nm,absorbance,894.4163029578045
902.901,7.685880999999999,37381227-77f4-4711-9322-5d3d6fade0dc,Mercury Lamp,2808,nm,absorbance,894.5929836246055
903.078,8.953427000000001,37381227-77f4-4711-9322-5d3d6fade0dc,Mercury Lamp,2809,nm,absorbance,894.7686717033907
903.255,11.531468,37381227-77f4-4711-9322-5d3d6fade0dc,Mercury Lamp,2810,nm,absorbance,894.944359782176
903.432,13.769406,37381227-77f4-4711-9322-5d3d6fade0dc,Mercury Lamp,2811,nm,absorbance,895.1200478609612
903.609,13.828282000000002,37381227-77f4-4711-9322-5d3d6fade0dc,Mercury Lamp,2812,nm,absorbance,895.2957359397465
903.786,16.231991,37381227-77f4-4711-9322-5d3d6fade0dc,Mercury Lamp,2813,nm,absorbance,895.4714240185317
903.963,12.226289,37381227-77f4-4711-9322-5d3d6fade0dc,Mercury Lamp,2814,nm,absorbance,895.647112097317
904.14,15.087939999999998,37381227-77f4-4711-9322-5d3d6fade0dc,Mercury Lamp,2815,nm,absorbance,895.8228001761022
904.317,10.439201,37381227-77f4-4711-9322-5d3d6fade0dc,Mercury Lamp,2816,nm,absorbance,895.9984882548874
904.494,10.610211,37381227-77f4-4711-9322-5d3d6fade0dc,Mercury Lamp,2817,nm,absorbance,896.1741763336727
904.671,14.380742,37381227-77f4-4711-9322-5d3d6fade0dc,Mercury Lamp,2818,nm,absorbance,896.349864412458
904.848,17.082897999999997,37381227-77f4-4711-9322-5d3d6fade0dc,Mercury Lamp,2819,nm,absorbance,896.5255524912432
905.024,17.607383,37381227-77f4-4711-9322-5d3d6fade0dc,Mercury Lamp,2820,nm,absorbance,896.7002479820127
905.201,13.602366,37381227-77f4-4711-9322-5d3d6fade0dc,Mercury Lamp,2821,nm,absorbance,896.8759360607979
905.378,16.14296,37381227-77f4-4711-9322-5d3d6fade0dc,Mercury Lamp,2822,nm,absorbance,897.0516241395832
905.555,18.06194,37381227-77f4-4711-9322-5d3d6fade0dc,Mercury Lamp,2823,nm,absorbance,897.2273122183684
905.732,17.892883,37381227-77f4-4711-9322-5d3d6fade0dc,Mercury Lamp,2824,nm,absorbance,897.4030002971537
905.909,7.742868,37381227-77f4-4711-9322-5d3d6fade0dc,Mercury Lamp,2825,nm,absorbance,897.5786883759389
906.086,7.666588,37381227-77f4-4711-9322-5d3d6fade0dc,Mercury Lamp,2826,nm,absorbance,897.7543764547241
906.262,7.336357999999999,37381227-77f4-4711-9322-5d3d6fade0dc,Mercury Lamp,2827,nm,absorbance,897.9290719454935
906.439,20.443852,37381227-77f4-4711-9322-5d3d6fade0dc,Mercury Lamp,2828,nm,absorbance,898.1047600242789
906.616,20.950913000000003,37381227-77f4-4711-9322-5d3d6fade0dc,Mercury Lamp,2829,nm,absorbance,898.2804481030641
906.793,19.86726,37381227-77f4-4711-9322-5d3d6fade0dc,Mercury Lamp,2830,nm,absorbance,898.4561361818494
906.969,19.031606,37381227-77f4-4711-9322-5d3d6fade0dc,Mercury Lamp,2831,nm,absorbance,898.6308316726189
907.146,18.72584,37381227-77f4-4711-9322-5d3d6fade0dc,Mercury Lamp,2832,nm,absorbance,898.806519751404
907.323,18.451149,37381227-77f4-4711-9322-5d3d6fade0dc,Mercury Lamp,2833,nm,absorbance,898.9822078301894
907.5,10.212635,37381227-77f4-4711-9322-5d3d6fade0dc,Mercury Lamp,2834,nm,absorbance,899.1578959089746
907.676,10.159951,37381227-77f4-4711-9322-5d3d6fade0dc,Mercury Lamp,2835,nm,absorbance,899.3325913997442
907.853,8.820280999999998,37381227-77f4-4711-9322-5d3d6fade0dc,Mercury Lamp,2836,nm,absorbance,899.5082794785293
908.03,11.075115000000002,37381227-77f4-4711-9322-5d3d6fade0dc,Mercury Lamp,2837,nm,absorbance,899.6839675573145
908.206,14.909208,37381227-77f4-4711-9322-5d3d6fade0dc,Mercury Lamp,2838,nm,absorbance,899.8586630480842
908.383,19.237327,37381227-77f4-4711-9322-5d3d6fade0dc,Mercury Lamp,2839,nm,absorbance,900.0343511268694
908.559,19.743001,37381227-77f4-4711-9322-5d3d6fade0dc,Mercury Lamp,2840,nm,absorbance,900.2090466176388
908.736,12.629721999999996,37381227-77f4-4711-9322-5d3d6fade0dc,Mercury Lamp,2841,nm,absorbance,900.3847346964241
908.912,11.632493999999998,37381227-77f4-4711-9322-5d3d6fade0dc,Mercury Lamp,2842,nm,absorbance,900.5594301871936
909.089,10.707676,37381227-77f4-4711-9322-5d3d6fade0dc,Mercury Lamp,2843,nm,absorbance,900.7351182659789
909.266,14.538303000000004,37381227-77f4-4711-9322-5d3d6fade0dc,Mercury Lamp,2844,nm,absorbance,900.9108063447641
909.442,11.471521,37381227-77f4-4711-9322-5d3d6fade0dc,Mercury Lamp,2845,nm,absorbance,901.0855018355336
909.619,13.214496000000002,37381227-77f4-4711-9322-5d3d6fade0dc,Mercury Lamp,2846,nm,absorbance,901.2611899143188
909.795,11.07269,37381227-77f4-4711-9322-5d3d6fade0dc,Mercury Lamp,2847,nm,absorbance,901.4358854050884
909.972,13.463553,37381227-77f4-4711-9322-5d3d6fade0dc,Mercury Lamp,2848,nm,absorbance,901.6115734838736
910.148,15.761417000000003,37381227-77f4-4711-9322-5d3d6fade0dc,Mercury Lamp,2849,nm,absorbance,901.7862689746431
910.324,16.970935,37381227-77f4-4711-9322-5d3d6fade0dc,Mercury Lamp,2850,nm,absorbance,901.9609644654125
910.501,20.915464000000004,37381227-77f4-4711-9322-5d3d6fade0dc,Mercury Lamp,2851,nm,absorbance,902.1366525441978
910.677,20.989498,37381227-77f4-4711-9322-5d3d6fade0dc,Mercury Lamp,2852,nm,absorbance,902.3113480349674
910.854,21.121827,37381227-77f4-4711-9322-5d3d6fade0dc,Mercury Lamp,2853,nm,absorbance,902.4870361137527
911.03,17.4201,37381227-77f4-4711-9322-5d3d6fade0dc,Mercury Lamp,2854,nm,absorbance,902.6617316045221
911.206,12.609168999999998,37381227-77f4-4711-9322-5d3d6fade0dc,Mercury Lamp,2855,nm,absorbance,902.8364270952916
911.383,9.328155999999998,37381227-77f4-4711-9322-5d3d6fade0dc,Mercury Lamp,2856,nm,absorbance,903.0121151740769
911.559,11.482256,37381227-77f4-4711-9322-5d3d6fade0dc,Mercury Lamp,2857,nm,absorbance,903.1868106648463
911.735,12.31346,37381227-77f4-4711-9322-5d3d6fade0dc,Mercury Lamp,2858,nm,absorbance,903.3615061556159
911.912,17.14547,37381227-77f4-4711-9322-5d3d6fade0dc,Mercury Lamp,2859,nm,absorbance,903.5371942344011
912.088,16.146093999999998,37381227-77f4-4711-9322-5d3d6fade0dc,Mercury Lamp,2860,nm,absorbance,903.7118897251705
912.264,19.826324,37381227-77f4-4711-9322-5d3d6fade0dc,Mercury Lamp,2861,nm,absorbance,903.8865852159402
912.44,20.449664,37381227-77f4-4711-9322-5d3d6fade0dc,Mercury Lamp,2862,nm,absorbance,904.0612807067097
912.617,23.670476,37381227-77f4-4711-9322-5d3d6fade0dc,Mercury Lamp,2863,nm,absorbance,904.2369687854948
912.793,22.73294,37381227-77f4-4711-9322-5d3d6fade0dc,Mercury Lamp,2864,nm,absorbance,904.4116642762643
912.969,22.015072,37381227-77f4-4711-9322-5d3d6fade0dc,Mercury Lamp,2865,nm,absorbance,904.586359767034
913.145,20.921327,37381227-77f4-4711-9322-5d3d6fade0dc,Mercury Lamp,2866,nm,absorbance,904.7610552578034
913.321,31.919295,37381227-77f4-4711-9322-5d3d6fade0dc,Mercury Lamp,2867,nm,absorbance,904.9357507485729
913.498,55.241868,37381227-77f4-4711-9322-5d3d6fade0dc,Mercury Lamp,2868,nm,absorbance,905.1114388273581
913.674,113.984684,37381227-77f4-4711-9322-5d3d6fade0dc,Mercury Lamp,2869,nm,absorbance,905.2861343181277
913.85,194.4747,37381227-77f4-4711-9322-5d3d6fade0dc,Mercury Lamp,2870,nm,absorbance,905.4608298088972
914.026,298.39933,37381227-77f4-4711-9322-5d3d6fade0dc,Mercury Lamp,2871,nm,absorbance,905.6355252996666
914.202,402.362172,37381227-77f4-4711-9322-5d3d6fade0dc,Mercury Lamp,2872,nm,absorbance,905.8102207904361
914.378,500.720633,37381227-77f4-4711-9322-5d3d6fade0dc,Mercury Lamp,2873,nm,absorbance,905.9849162812058
914.554,594.616205,37381227-77f4-4711-9322-5d3d6fade0dc,Mercury Lamp,2874,nm,absorbance,906.1596117719752
914.73,684.576058,37381227-77f4-4711-9322-5d3d6fade0dc,Mercury Lamp,2875,nm,absorbance,906.3343072627447
914.906,779.169667,37381227-77f4-4711-9322-5d3d6fade0dc,Mercury Lamp,2876,nm,absorbance,906.5090027535141
915.082,874.683138,37381227-77f4-4711-9322-5d3d6fade0dc,Mercury Lamp,2877,nm,absorbance,906.6836982442837
915.258,972.209445,37381227-77f4-4711-9322-5d3d6fade0dc,Mercury Lamp,2878,nm,absorbance,906.8583937350533
915.434,1060.988017,37381227-77f4-4711-9322-5d3d6fade0dc,Mercury Lamp,2879,nm,absorbance,907.0330892258227
915.61,1149.822227,37381227-77f4-4711-9322-5d3d6fade0dc,Mercury Lamp,2880,nm,absorbance,907.2077847165922
915.786,1216.669093,37381227-77f4-4711-9322-5d3d6fade0dc,Mercury Lamp,2881,nm,absorbance,907.3824802073617
915.962,1278.512233,37381227-77f4-4711-9322-5d3d6fade0dc,Mercury Lamp,2882,nm,absorbance,907.5571756981312
916.138,1310.466237,37381227-77f4-4711-9322-5d3d6fade0dc,Mercury Lamp,2883,nm,absorbance,907.7318711889008
916.314,1355.4931,37381227-77f4-4711-9322-5d3d6fade0dc,Mercury Lamp,2884,nm,absorbance,907.9065666796702
916.49,1392.862081,37381227-77f4-4711-9322-5d3d6fade0dc,Mercury Lamp,2885,nm,absorbance,908.0812621704398
916.665,1451.995881,37381227-77f4-4711-9322-5d3d6fade0dc,Mercury Lamp,2886,nm,absorbance,908.2549650731935
916.841,1483.6288010000003,37381227-77f4-4711-9322-5d3d6fade0dc,Mercury Lamp,2887,nm,absorbance,908.429660563963
917.017,1503.319665,37381227-77f4-4711-9322-5d3d6fade0dc,Mercury Lamp,2888,nm,absorbance,908.6043560547325
917.193,1502.2427170000003,37381227-77f4-4711-9322-5d3d6fade0dc,Mercury Lamp,2889,nm,absorbance,908.779051545502
917.369,1516.4817589999998,37381227-77f4-4711-9322-5d3d6fade0dc,Mercury Lamp,2890,nm,absorbance,908.9537470362716
917.545,1544.505634,37381227-77f4-4711-9322-5d3d6fade0dc,Mercury Lamp,2891,nm,absorbance,909.128442527041
917.72,1569.90357,37381227-77f4-4711-9322-5d3d6fade0dc,Mercury Lamp,2892,nm,absorbance,909.3021454297948
917.896,1581.650558,37381227-77f4-4711-9322-5d3d6fade0dc,Mercury Lamp,2893,nm,absorbance,909.4768409205643
918.072,1579.511997,37381227-77f4-4711-9322-5d3d6fade0dc,Mercury Lamp,2894,nm,absorbance,909.6515364113338
918.247,1593.963667,37381227-77f4-4711-9322-5d3d6fade0dc,Mercury Lamp,2895,nm,absorbance,909.8252393140875
918.423,1620.2353589999998,37381227-77f4-4711-9322-5d3d6fade0dc,Mercury Lamp,2896,nm,absorbance,909.9999348048572
918.599,1633.321736,37381227-77f4-4711-9322-5d3d6fade0dc,Mercury Lamp,2897,nm,absorbance,910.1746302956267
918.775,1618.54783,37381227-77f4-4711-9322-5d3d6fade0dc,Mercury Lamp,2898,nm,absorbance,910.3493257863961
918.95,1579.264114,37381227-77f4-4711-9322-5d3d6fade0dc,Mercury Lamp,2899,nm,absorbance,910.5230286891499
919.126,1544.33945,37381227-77f4-4711-9322-5d3d6fade0dc,Mercury Lamp,2900,nm,absorbance,910.6977241799194
919.301,1515.6759740000002,37381227-77f4-4711-9322-5d3d6fade0dc,Mercury Lamp,2901,nm,absorbance,910.8714270826732
919.477,1495.7583459999998,37381227-77f4-4711-9322-5d3d6fade0dc,Mercury Lamp,2902,nm,absorbance,911.0461225734426
919.653,1488.258398,37381227-77f4-4711-9322-5d3d6fade0dc,Mercury Lamp,2903,nm,absorbance,911.2208180642122
919.828,1481.487731,37381227-77f4-4711-9322-5d3d6fade0dc,Mercury Lamp,2904,nm,absorbance,911.394520966966
920.004,1464.319106,37381227-77f4-4711-9322-5d3d6fade0dc,Mercury Lamp,2905,nm,absorbance,911.5692164577355
920.179,1437.394856,37381227-77f4-4711-9322-5d3d6fade0dc,Mercury Lamp,2906,nm,absorbance,911.7429193604892
920.355,1400.972423,37381227-77f4-4711-9322-5d3d6fade0dc,Mercury Lamp,2907,nm,absorbance,911.9176148512588
920.53,1375.098471,37381227-77f4-4711-9322-5d3d6fade0dc,Mercury Lamp,2908,nm,absorbance,912.0913177540125
920.706,1341.920748,37381227-77f4-4711-9322-5d3d6fade0dc,Mercury Lamp,2909,nm,absorbance,912.266013244782
920.881,1322.899183,37381227-77f4-4711-9322-5d3d6fade0dc,Mercury Lamp,2910,nm,absorbance,912.4397161475357
921.057,1309.974315,37381227-77f4-4711-9322-5d3d6fade0dc,Mercury Lamp,2911,nm,absorbance,912.6144116383053
921.232,1325.605066,37381227-77f4-4711-9322-5d3d6fade0dc,Mercury Lamp,2912,nm,absorbance,912.788114541059
921.408,1322.5699120000002,37381227-77f4-4711-9322-5d3d6fade0dc,Mercury Lamp,2913,nm,absorbance,912.9628100318286
921.583,1303.748674,37381227-77f4-4711-9322-5d3d6fade0dc,Mercury Lamp,2914,nm,absorbance,913.1365129345824
921.759,1253.807107,37381227-77f4-4711-9322-5d3d6fade0dc,Mercury Lamp,2915,nm,absorbance,913.3112084253519
921.934,1212.82504,37381227-77f4-4711-9322-5d3d6fade0dc,Mercury Lamp,2916,nm,absorbance,913.4849113281056
922.109,1151.818542,37381227-77f4-4711-9322-5d3d6fade0dc,Mercury Lamp,2917,nm,absorbance,913.6586142308595
922.285,1068.779588,37381227-77f4-4711-9322-5d3d6fade0dc,Mercury Lamp,2918,nm,absorbance,913.8333097216289
922.46,938.604883,37381227-77f4-4711-9322-5d3d6fade0dc,Mercury Lamp,2919,nm,absorbance,914.0070126243827
922.635,806.091772,37381227-77f4-4711-9322-5d3d6fade0dc,Mercury Lamp,2920,nm,absorbance,914.1807155271364
922.811,660.3648750000001,37381227-77f4-4711-9322-5d3d6fade0dc,Mercury Lamp,2921,nm,absorbance,914.355411017906
922.986,533.1752329999999,37381227-77f4-4711-9322-5d3d6fade0dc,Mercury Lamp,2922,nm,absorbance,914.5291139206597
923.161,405.91915599999993,37381227-77f4-4711-9322-5d3d6fade0dc,Mercury Lamp,2923,nm,absorbance,914.7028168234134
923.336,304.211873,37381227-77f4-4711-9322-5d3d6fade0dc,Mercury Lamp,2924,nm,absorbance,914.8765197261673
923.512,225.175156,37381227-77f4-4711-9322-5d3d6fade0dc,Mercury Lamp,2925,nm,absorbance,915.0512152169367
923.687,172.31638400000003,37381227-77f4-4711-9322-5d3d6fade0dc,Mercury Lamp,2926,nm,absorbance,915.2249181196905
923.862,142.210101,37381227-77f4-4711-9322-5d3d6fade0dc,Mercury Lamp,2927,nm,absorbance,915.3986210224443
924.037,132.08804700000002,37381227-77f4-4711-9322-5d3d6fade0dc,Mercury Lamp,2928,nm,absorbance,915.5723239251981
924.212,136.460684,37381227-77f4-4711-9322-5d3d6fade0dc,Mercury Lamp,2929,nm,absorbance,915.7460268279518
924.388,151.081479,37381227-77f4-4711-9322-5d3d6fade0dc,Mercury Lamp,2930,nm,absorbance,915.9207223187213
924.563,166.531064,37381227-77f4-4711-9322-5d3d6fade0dc,Mercury Lamp,2931,nm,absorbance,916.0944252214751
924.738,182.126546,37381227-77f4-4711-9322-5d3d6fade0dc,Mercury Lamp,2932,nm,absorbance,916.268128124229
924.913,200.325995,37381227-77f4-4711-9322-5d3d6fade0dc,Mercury Lamp,2933,nm,absorbance,916.4418310269826
925.088,215.110074,37381227-77f4-4711-9322-5d3d6fade0dc,Mercury Lamp,2934,nm,absorbance,916.6155339297364
925.263,236.519107,37381227-77f4-4711-9322-5d3d6fade0dc,Mercury Lamp,2935,nm,absorbance,916.7892368324902
925.438,257.120895,37381227-77f4-4711-9322-5d3d6fade0dc,Mercury Lamp,2936,nm,absorbance,916.9629397352439
925.613,278.87012300000004,37381227-77f4-4711-9322-5d3d6fade0dc,Mercury Lamp,2937,nm,absorbance,917.1366426379979
925.788,296.026437,37381227-77f4-4711-9322-5d3d6fade0dc,Mercury Lamp,2938,nm,absorbance,917.3103455407515
925.963,312.009665,37381227-77f4-4711-9322-5d3d6fade0dc,Mercury Lamp,2939,nm,absorbance,917.4840484435052
926.138,323.6157299999999,37381227-77f4-4711-9322-5d3d6fade0dc,Mercury Lamp,2940,nm,absorbance,917.6577513462591
926.313,339.94469999999995,37381227-77f4-4711-9322-5d3d6fade0dc,Mercury Lamp,2941,nm,absorbance,917.8314542490128
926.488,351.01619100000005,37381227-77f4-4711-9322-5d3d6fade0dc,Mercury Lamp,2942,nm,absorbance,918.0051571517666
926.663,357.47528,37381227-77f4-4711-9322-5d3d6fade0dc,Mercury Lamp,2943,nm,absorbance,918.1788600545204
926.838,357.43908,37381227-77f4-4711-9322-5d3d6fade0dc,Mercury Lamp,2944,nm,absorbance,918.3525629572741
927.013,361.38706600000006,37381227-77f4-4711-9322-5d3d6fade0dc,Mercury Lamp,2945,nm,absorbance,918.5262658600279
927.188,372.955125,37381227-77f4-4711-9322-5d3d6fade0dc,Mercury Lamp,2946,nm,absorbance,918.6999687627816
927.363,381.683417,37381227-77f4-4711-9322-5d3d6fade0dc,Mercury Lamp,2947,nm,absorbance,918.8736716655355
927.538,381.841417,37381227-77f4-4711-9322-5d3d6fade0dc,Mercury Lamp,2948,nm,absorbance,919.0473745682892
927.713,380.836777,37381227-77f4-4711-9322-5d3d6fade0dc,Mercury Lamp,2949,nm,absorbance,919.2210774710429
927.888,383.4613499999999,37381227-77f4-4711-9322-5d3d6fade0dc,Mercury Lamp,2950,nm,absorbance,919.3947803737968
928.062,384.56547,37381227-77f4-4711-9322-5d3d6fade0dc,Mercury Lamp,2951,nm,absorbance,919.5674906885348
928.237,384.063168,37381227-77f4-4711-9322-5d3d6fade0dc,Mercury Lamp,2952,nm,absorbance,919.7411935912885
928.412,383.126501,37381227-77f4-4711-9322-5d3d6fade0dc,Mercury Lamp,2953,nm,absorbance,919.9148964940424
928.587,388.390023,37381227-77f4-4711-9322-5d3d6fade0dc,Mercury Lamp,2954,nm,absorbance,920.0885993967961
928.761,386.56283700000006,37381227-77f4-4711-9322-5d3d6fade0dc,Mercury Lamp,2955,nm,absorbance,920.2613097115341
928.936,377.070696,37381227-77f4-4711-9322-5d3d6fade0dc,Mercury Lamp,2956,nm,absorbance,920.435012614288
929.111,368.750268,37381227-77f4-4711-9322-5d3d6fade0dc,Mercury Lamp,2957,nm,absorbance,920.6087155170417
929.286,364.951096,37381227-77f4-4711-9322-5d3d6fade0dc,Mercury Lamp,2958,nm,absorbance,920.7824184197954
929.46,361.44612200000006,37381227-77f4-4711-9322-5d3d6fade0dc,Mercury Lamp,2959,nm,absorbance,920.9551287345336
929.635,354.82501800000006,37381227-77f4-4711-9322-5d3d6fade0dc,Mercury Lamp,2960,nm,absorbance,921.1288316372872
929.81,349.560955,37381227-77f4-4711-9322-5d3d6fade0dc,Mercury Lamp,2961,nm,absorbance,921.3025345400409
929.984,343.44844399999994,37381227-77f4-4711-9322-5d3d6fade0dc,Mercury Lamp,2962,nm,absorbance,921.4752448547791
930.159,339.5821940000001,37381227-77f4-4711-9322-5d3d6fade0dc,Mercury Lamp,2963,nm,absorbance,921.6489477575328
930.334,332.710587,37381227-77f4-4711-9322-5d3d6fade0dc,Mercury Lamp,2964,nm,absorbance,921.8226506602865
930.508,326.10796700000003,37381227-77f4-4711-9322-5d3d6fade0dc,Mercury Lamp,2965,nm,absorbance,921.9953609750247
930.683,320.700473,37381227-77f4-4711-9322-5d3d6fade0dc,Mercury Lamp,2966,nm,absorbance,922.1690638777784
930.857,319.050769,37381227-77f4-4711-9322-5d3d6fade0dc,Mercury Lamp,2967,nm,absorbance,922.3417741925165
931.032,317.226011,37381227-77f4-4711-9322-5d3d6fade0dc,Mercury Lamp,2968,nm,absorbance,922.5154770952703
931.206,310.62748,37381227-77f4-4711-9322-5d3d6fade0dc,Mercury Lamp,2969,nm,absorbance,922.6881874100083
931.381,305.30964400000005,37381227-77f4-4711-9322-5d3d6fade0dc,Mercury Lamp,2970,nm,absorbance,922.8618903127621
931.556,299.111731,37381227-77f4-4711-9322-5d3d6fade0dc,Mercury Lamp,2971,nm,absorbance,923.0355932155159
931.73,297.466099,37381227-77f4-4711-9322-5d3d6fade0dc,Mercury Lamp,2972,nm,absorbance,923.2083035302538
931.904,288.885804,37381227-77f4-4711-9322-5d3d6fade0dc,Mercury Lamp,2973,nm,absorbance,923.3810138449919
932.079,278.911751,37381227-77f4-4711-9322-5d3d6fade0dc,Mercury Lamp,2974,nm,absorbance,923.5547167477456
932.253,264.857384,37381227-77f4-4711-9322-5d3d6fade0dc,Mercury Lamp,2975,nm,absorbance,923.7274270624837
932.428,250.8640690000001,37381227-77f4-4711-9322-5d3d6fade0dc,Mercury Lamp,2976,nm,absorbance,923.9011299652375
932.602,225.093007,37381227-77f4-4711-9322-5d3d6fade0dc,Mercury Lamp,2977,nm,absorbance,924.0738402799755
932.777,194.719744,37381227-77f4-4711-9322-5d3d6fade0dc,Mercury Lamp,2978,nm,absorbance,924.2475431827293
932.951,155.87565300000003,37381227-77f4-4711-9322-5d3d6fade0dc,Mercury Lamp,2979,nm,absorbance,924.4202534974673
933.125,124.913491,37381227-77f4-4711-9322-5d3d6fade0dc,Mercury Lamp,2980,nm,absorbance,924.5929638122053
933.3,91.90332600000002,37381227-77f4-4711-9322-5d3d6fade0dc,Mercury Lamp,2981,nm,absorbance,924.766666714959
933.474,72.50697799999999,37381227-77f4-4711-9322-5d3d6fade0dc,Mercury Lamp,2982,nm,absorbance,924.9393770296972
933.648,57.026714000000005,37381227-77f4-4711-9322-5d3d6fade0dc,Mercury Lamp,2983,nm,absorbance,925.1120873444352
933.823,45.377035,37381227-77f4-4711-9322-5d3d6fade0dc,Mercury Lamp,2984,nm,absorbance,925.285790247189
933.997,34.070659,37381227-77f4-4711-9322-5d3d6fade0dc,Mercury Lamp,2985,nm,absorbance,925.4585005619269
934.171,25.317915,37381227-77f4-4711-9322-5d3d6fade0dc,Mercury Lamp,2986,nm,absorbance,925.631210876665
934.345,20.117583000000003,37381227-77f4-4711-9322-5d3d6fade0dc,Mercury Lamp,2987,nm,absorbance,925.8039211914031
934.52,16.210078000000003,37381227-77f4-4711-9322-5d3d6fade0dc,Mercury Lamp,2988,nm,absorbance,925.9776240941568
934.694,19.417165,37381227-77f4-4711-9322-5d3d6fade0dc,Mercury Lamp,2989,nm,absorbance,926.1503344088948
934.868,22.017426,37381227-77f4-4711-9322-5d3d6fade0dc,Mercury Lamp,2990,nm,absorbance,926.323044723633
935.042,25.6984,37381227-77f4-4711-9322-5d3d6fade0dc,Mercury Lamp,2991,nm,absorbance,926.4957550383709
935.217,20.87157,37381227-77f4-4711-9322-5d3d6fade0dc,Mercury Lamp,2992,nm,absorbance,926.6694579411247
935.391,16.870517,37381227-77f4-4711-9322-5d3d6fade0dc,Mercury Lamp,2993,nm,absorbance,926.8421682558627
935.565,10.019688,37381227-77f4-4711-9322-5d3d6fade0dc,Mercury Lamp,2994,nm,absorbance,927.0148785706008
935.739,7.723302000000001,37381227-77f4-4711-9322-5d3d6fade0dc,Mercury Lamp,2995,nm,absorbance,927.1875888853389
935.913,8.755391,37381227-77f4-4711-9322-5d3d6fade0dc,Mercury Lamp,2996,nm,absorbance,927.3602992000768
936.087,14.110820999999998,37381227-77f4-4711-9322-5d3d6fade0dc,Mercury Lamp,2997,nm,absorbance,927.5330095148148
936.261,16.602463,37381227-77f4-4711-9322-5d3d6fade0dc,Mercury Lamp,2998,nm,absorbance,927.7057198295529
936.435,19.054526000000003,37381227-77f4-4711-9322-5d3d6fade0dc,Mercury Lamp,2999,nm,absorbance,927.8784301442909
936.609,18.040569999999995,37381227-77f4-4711-9322-5d3d6fade0dc,Mercury Lamp,3000,nm,absorbance,928.051140459029
936.783,20.869269000000003,37381227-77f4-4711-9322-5d3d6fade0dc,Mercury Lamp,3001,nm,absorbance,928.223850773767
936.957,22.057889,37381227-77f4-4711-9322-5d3d6fade0dc,Mercury Lamp,3002,nm,absorbance,928.396561088505
937.131,23.075344,37381227-77f4-4711-9322-5d3d6fade0dc,Mercury Lamp,3003,nm,absorbance,928.5692714032431
937.305,21.093746,37381227-77f4-4711-9322-5d3d6fade0dc,Mercury Lamp,3004,nm,absorbance,928.741981717981
937.479,22.039395000000003,37381227-77f4-4711-9322-5d3d6fade0dc,Mercury Lamp,3005,nm,absorbance,928.9146920327192
937.653,20.111049,37381227-77f4-4711-9322-5d3d6fade0dc,Mercury Lamp,3006,nm,absorbance,929.0874023474572
937.827,20.868561000000003,37381227-77f4-4711-9322-5d3d6fade0dc,Mercury Lamp,3007,nm,absorbance,929.2601126621952
938.001,24.006191999999995,37381227-77f4-4711-9322-5d3d6fade0dc,Mercury Lamp,3008,nm,absorbance,929.4328229769333
938.175,26.471986,37381227-77f4-4711-9322-5d3d6fade0dc,Mercury Lamp,3009,nm,absorbance,929.6055332916712
938.349,27.986891999999997,37381227-77f4-4711-9322-5d3d6fade0dc,Mercury Lamp,3010,nm,absorbance,929.7782436064093
938.523,22.914763,37381227-77f4-4711-9322-5d3d6fade0dc,Mercury Lamp,3011,nm,absorbance,929.9509539211474
938.697,22.545631,37381227-77f4-4711-9322-5d3d6fade0dc,Mercury Lamp,3012,nm,absorbance,930.1236642358854
938.87,20.07567,37381227-77f4-4711-9322-5d3d6fade0dc,Mercury Lamp,3013,nm,absorbance,930.2953819626077
939.044,24.780594,37381227-77f4-4711-9322-5d3d6fade0dc,Mercury Lamp,3014,nm,absorbance,930.4680922773457
939.218,27.194644,37381227-77f4-4711-9322-5d3d6fade0dc,Mercury Lamp,3015,nm,absorbance,930.6408025920837
939.392,33.522946000000005,37381227-77f4-4711-9322-5d3d6fade0dc,Mercury Lamp,3016,nm,absorbance,930.8135129068219
939.566,33.320363,37381227-77f4-4711-9322-5d3d6fade0dc,Mercury Lamp,3017,nm,absorbance,930.9862232215598
939.739,30.451718,37381227-77f4-4711-9322-5d3d6fade0dc,Mercury Lamp,3018,nm,absorbance,931.1579409482822
939.913,31.471738,37381227-77f4-4711-9322-5d3d6fade0dc,Mercury Lamp,3019,nm,absorbance,931.3306512630202
940.087,28.280294,37381227-77f4-4711-9322-5d3d6fade0dc,Mercury Lamp,3020,nm,absorbance,931.5033615777581
940.261,33.178733,37381227-77f4-4711-9322-5d3d6fade0dc,Mercury Lamp,3021,nm,absorbance,931.6760718924962
940.434,31.50352399999999,37381227-77f4-4711-9322-5d3d6fade0dc,Mercury Lamp,3022,nm,absorbance,931.8477896192185
940.608,31.89723399999999,37381227-77f4-4711-9322-5d3d6fade0dc,Mercury Lamp,3023,nm,absorbance,932.0204999339566
940.782,29.437545,37381227-77f4-4711-9322-5d3d6fade0dc,Mercury Lamp,3024,nm,absorbance,932.1932102486946
940.955,25.935702,37381227-77f4-4711-9322-5d3d6fade0dc,Mercury Lamp,3025,nm,absorbance,932.3649279754169
941.129,27.423310999999995,37381227-77f4-4711-9322-5d3d6fade0dc,Mercury Lamp,3026,nm,absorbance,932.537638290155
941.302,27.155161,37381227-77f4-4711-9322-5d3d6fade0dc,Mercury Lamp,3027,nm,absorbance,932.7093560168772
941.476,32.332620000000006,37381227-77f4-4711-9322-5d3d6fade0dc,Mercury Lamp,3028,nm,absorbance,932.8820663316153
941.65,31.006189,37381227-77f4-4711-9322-5d3d6fade0dc,Mercury Lamp,3029,nm,absorbance,933.0547766463533
941.823,34.454055999999994,37381227-77f4-4711-9322-5d3d6fade0dc,Mercury Lamp,3030,nm,absorbance,933.2264943730756
941.997,34.187111,37381227-77f4-4711-9322-5d3d6fade0dc,Mercury Lamp,3031,nm,absorbance,933.3992046878136
942.17,36.393054,37381227-77f4-4711-9322-5d3d6fade0dc,Mercury Lamp,3032,nm,absorbance,933.5709224145359
942.344,40.039704,37381227-77f4-4711-9322-5d3d6fade0dc,Mercury Lamp,3033,nm,absorbance,933.743632729274
942.517,40.884101,37381227-77f4-4711-9322-5d3d6fade0dc,Mercury Lamp,3034,nm,absorbance,933.9153504559963
942.691,39.705893,37381227-77f4-4711-9322-5d3d6fade0dc,Mercury Lamp,3035,nm,absorbance,934.0880607707344
942.864,35.26324100000001,37381227-77f4-4711-9322-5d3d6fade0dc,Mercury Lamp,3036,nm,absorbance,934.2597784974566
943.038,32.231756000000004,37381227-77f4-4711-9322-5d3d6fade0dc,Mercury Lamp,3037,nm,absorbance,934.4324888121946
943.211,34.996424000000005,37381227-77f4-4711-9322-5d3d6fade0dc,Mercury Lamp,3038,nm,absorbance,934.604206538917
943.385,28.170248999999995,37381227-77f4-4711-9322-5d3d6fade0dc,Mercury Lamp,3039,nm,absorbance,934.7769168536549
943.558,24.264147,37381227-77f4-4711-9322-5d3d6fade0dc,Mercury Lamp,3040,nm,absorbance,934.9486345803773
943.731,21.087215,37381227-77f4-4711-9322-5d3d6fade0dc,Mercury Lamp,3041,nm,absorbance,935.1203523070996
943.905,27.563534,37381227-77f4-4711-9322-5d3d6fade0dc,Mercury Lamp,3042,nm,absorbance,935.2930626218376
944.078,28.156282,37381227-77f4-4711-9322-5d3d6fade0dc,Mercury Lamp,3043,nm,absorbance,935.4647803485599
944.251,29.695041,37381227-77f4-4711-9322-5d3d6fade0dc,Mercury Lamp,3044,nm,absorbance,935.6364980752821
944.425,27.859703000000003,37381227-77f4-4711-9322-5d3d6fade0dc,Mercury Lamp,3045,nm,absorbance,935.8092083900202
944.598,29.998077,37381227-77f4-4711-9322-5d3d6fade0dc,Mercury Lamp,3046,nm,absorbance,935.9809261167425
944.771,30.303083000000004,37381227-77f4-4711-9322-5d3d6fade0dc,Mercury Lamp,3047,nm,absorbance,936.1526438434648
944.945,29.882627000000003,37381227-77f4-4711-9322-5d3d6fade0dc,Mercury Lamp,3048,nm,absorbance,936.3253541582029
945.118,28.840475,37381227-77f4-4711-9322-5d3d6fade0dc,Mercury Lamp,3049,nm,absorbance,936.4970718849253
945.291,27.382529000000005,37381227-77f4-4711-9322-5d3d6fade0dc,Mercury Lamp,3050,nm,absorbance,936.6687896116475
945.464,24.631762,37381227-77f4-4711-9322-5d3d6fade0dc,Mercury Lamp,3051,nm,absorbance,936.8405073383699
945.638,21.413057,37381227-77f4-4711-9322-5d3d6fade0dc,Mercury Lamp,3052,nm,absorbance,937.0132176531079
945.811,16.793112999999998,37381227-77f4-4711-9322-5d3d6fade0dc,Mercury Lamp,3053,nm,absorbance,937.1849353798301
945.984,15.014476000000002,37381227-77f4-4711-9322-5d3d6fade0dc,Mercury Lamp,3054,nm,absorbance,937.3566531065525
946.157,15.910033000000002,37381227-77f4-4711-9322-5d3d6fade0dc,Mercury Lamp,3055,nm,absorbance,937.5283708332747
946.33,12.636487,37381227-77f4-4711-9322-5d3d6fade0dc,Mercury Lamp,3056,nm,absorbance,937.7000885599971
946.503,14.763189,37381227-77f4-4711-9322-5d3d6fade0dc,Mercury Lamp,3057,nm,absorbance,937.8718062867193
946.677,14.721116999999998,37381227-77f4-4711-9322-5d3d6fade0dc,Mercury Lamp,3058,nm,absorbance,938.0445166014574
946.85,20.718199,37381227-77f4-4711-9322-5d3d6fade0dc,Mercury Lamp,3059,nm,absorbance,938.2162343281797
947.023,15.587256,37381227-77f4-4711-9322-5d3d6fade0dc,Mercury Lamp,3060,nm,absorbance,938.3879520549019
947.196,16.630752,37381227-77f4-4711-9322-5d3d6fade0dc,Mercury Lamp,3061,nm,absorbance,938.5596697816243
947.369,12.619426999999998,37381227-77f4-4711-9322-5d3d6fade0dc,Mercury Lamp,3062,nm,absorbance,938.7313875083465
947.542,15.920632,37381227-77f4-4711-9322-5d3d6fade0dc,Mercury Lamp,3063,nm,absorbance,938.9031052350689
947.715,12.84242,37381227-77f4-4711-9322-5d3d6fade0dc,Mercury Lamp,3064,nm,absorbance,939.0748229617911
947.888,11.804775,37381227-77f4-4711-9322-5d3d6fade0dc,Mercury Lamp,3065,nm,absorbance,939.2465406885135
948.061,10.902235,37381227-77f4-4711-9322-5d3d6fade0dc,Mercury Lamp,3066,nm,absorbance,939.4182584152358
948.234,9.75846,37381227-77f4-4711-9322-5d3d6fade0dc,Mercury Lamp,3067,nm,absorbance,939.5899761419581
948.407,10.988512,37381227-77f4-4711-9322-5d3d6fade0dc,Mercury Lamp,3068,nm,absorbance,939.7616938686804
948.58,8.182341,37381227-77f4-4711-9322-5d3d6fade0dc,Mercury Lamp,3069,nm,absorbance,939.9334115954027
948.753,5.884496,37381227-77f4-4711-9322-5d3d6fade0dc,Mercury Lamp,3070,nm,absorbance,940.105129322125
948.926,5.294938,37381227-77f4-4711-9322-5d3d6fade0dc,Mercury Lamp,3071,nm,absorbance,940.2768470488472
949.099,4.229442,37381227-77f4-4711-9322-5d3d6fade0dc,Mercury Lamp,3072,nm,absorbance,940.4485647755696
949.271,7.406952000000001,37381227-77f4-4711-9322-5d3d6fade0dc,Mercury Lamp,3073,nm,absorbance,940.619289914276
949.444,7.559922,37381227-77f4-4711-9322-5d3d6fade0dc,Mercury Lamp,3074,nm,absorbance,940.7910076409984
949.617,7.999964,37381227-77f4-4711-9322-5d3d6fade0dc,Mercury Lamp,3075,nm,absorbance,940.9627253677206
949.79,4.366159999999999,37381227-77f4-4711-9322-5d3d6fade0dc,Mercury Lamp,3076,nm,absorbance,941.134443094443
949.963,6.079437,37381227-77f4-4711-9322-5d3d6fade0dc,Mercury Lamp,3077,nm,absorbance,941.3061608211652
950.136,7.862564000000001,37381227-77f4-4711-9322-5d3d6fade0dc,Mercury Lamp,3078,nm,absorbance,941.4778785478876
950.308,9.687619000000002,37381227-77f4-4711-9322-5d3d6fade0dc,Mercury Lamp,3079,nm,absorbance,941.6486036865941
950.481,3.733265,37381227-77f4-4711-9322-5d3d6fade0dc,Mercury Lamp,3080,nm,absorbance,941.8203214133165
950.654,4.486204,37381227-77f4-4711-9322-5d3d6fade0dc,Mercury Lamp,3081,nm,absorbance,941.9920391400387
950.827,5.031422000000001,37381227-77f4-4711-9322-5d3d6fade0dc,Mercury Lamp,3082,nm,absorbance,942.1637568667611
950.999,8.169325,37381227-77f4-4711-9322-5d3d6fade0dc,Mercury Lamp,3083,nm,absorbance,942.3344820054676
951.172,8.765391,37381227-77f4-4711-9322-5d3d6fade0dc,Mercury Lamp,3084,nm,absorbance,942.5061997321899
951.345,7.151162000000001,37381227-77f4-4711-9322-5d3d6fade0dc,Mercury Lamp,3085,nm,absorbance,942.6779174589122
951.517,7.485328000000001,37381227-77f4-4711-9322-5d3d6fade0dc,Mercury Lamp,3086,nm,absorbance,942.8486425976188
951.69,6.624707000000001,37381227-77f4-4711-9322-5d3d6fade0dc,Mercury Lamp,3087,nm,absorbance,943.0203603243411
951.863,10.011595,37381227-77f4-4711-9322-5d3d6fade0dc,Mercury Lamp,3088,nm,absorbance,943.1920780510634
952.035,12.683454,37381227-77f4-4711-9322-5d3d6fade0dc,Mercury Lamp,3089,nm,absorbance,943.3628031897699
952.208,11.954439,37381227-77f4-4711-9322-5d3d6fade0dc,Mercury Lamp,3090,nm,absorbance,943.5345209164922
952.381,7.902825999999999,37381227-77f4-4711-9322-5d3d6fade0dc,Mercury Lamp,3091,nm,absorbance,943.7062386432145
952.553,5.151813000000001,37381227-77f4-4711-9322-5d3d6fade0dc,Mercury Lamp,3092,nm,absorbance,943.8769637819211
952.726,4.766181,37381227-77f4-4711-9322-5d3d6fade0dc,Mercury Lamp,3093,nm,absorbance,944.0486815086434
952.898,6.575445,37381227-77f4-4711-9322-5d3d6fade0dc,Mercury Lamp,3094,nm,absorbance,944.21940664735
953.071,3.638819,37381227-77f4-4711-9322-5d3d6fade0dc,Mercury Lamp,3095,nm,absorbance,944.3911243740723
953.243,4.063384,37381227-77f4-4711-9322-5d3d6fade0dc,Mercury Lamp,3096,nm,absorbance,944.5618495127788
953.416,1.0192739999999998,37381227-77f4-4711-9322-5d3d6fade0dc,Mercury Lamp,3097,nm,absorbance,944.7335672395012
953.588,4.119747000000001,37381227-77f4-4711-9322-5d3d6fade0dc,Mercury Lamp,3098,nm,absorbance,944.9042923782076
953.761,2.059267,37381227-77f4-4711-9322-5d3d6fade0dc,Mercury Lamp,3099,nm,absorbance,945.07601010493
953.933,2.850837,37381227-77f4-4711-9322-5d3d6fade0dc,Mercury Lamp,3100,nm,absorbance,945.2467352436365
954.106,1.7704510000000002,37381227-77f4-4711-9322-5d3d6fade0dc,Mercury Lamp,3101,nm,absorbance,945.4184529703589
954.278,3.690236,37381227-77f4-4711-9322-5d3d6fade0dc,Mercury Lamp,3102,nm,absorbance,945.5891781090654
954.45,5.1637390000000005,37381227-77f4-4711-9322-5d3d6fade0dc,Mercury Lamp,3103,nm,absorbance,945.7599032477721
954.623,4.597141,37381227-77f4-4711-9322-5d3d6fade0dc,Mercury Lamp,3104,nm,absorbance,945.9316209744943
954.795,1.070447,37381227-77f4-4711-9322-5d3d6fade0dc,Mercury Lamp,3105,nm,absorbance,946.1023461132008
954.967,-0.3608050000000002,37381227-77f4-4711-9322-5d3d6fade0dc,Mercury Lamp,3106,nm,absorbance,946.2730712519074
955.14,5.037248,37381227-77f4-4711-9322-5d3d6fade0dc,Mercury Lamp,3107,nm,absorbance,946.4447889786297
955.312,8.472387,37381227-77f4-4711-9322-5d3d6fade0dc,Mercury Lamp,3108,nm,absorbance,946.6155141173363
955.484,9.039735,37381227-77f4-4711-9322-5d3d6fade0dc,Mercury Lamp,3109,nm,absorbance,946.7862392560429
955.657,4.352290999999999,37381227-77f4-4711-9322-5d3d6fade0dc,Mercury Lamp,3110,nm,absorbance,946.9579569827652
955.829,4.662008,37381227-77f4-4711-9322-5d3d6fade0dc,Mercury Lamp,3111,nm,absorbance,947.1286821214717
956.001,2.57553,37381227-77f4-4711-9322-5d3d6fade0dc,Mercury Lamp,3112,nm,absorbance,947.2994072601782
956.173,4.502598000000001,37381227-77f4-4711-9322-5d3d6fade0dc,Mercury Lamp,3113,nm,absorbance,947.4701323988849
956.346,5.941825,37381227-77f4-4711-9322-5d3d6fade0dc,Mercury Lamp,3114,nm,absorbance,947.6418501256071
956.518,12.012131,37381227-77f4-4711-9322-5d3d6fade0dc,Mercury Lamp,3115,nm,absorbance,947.8125752643138
956.69,9.72679,37381227-77f4-4711-9322-5d3d6fade0dc,Mercury Lamp,3116,nm,absorbance,947.9833004030203
956.862,6.02549,37381227-77f4-4711-9322-5d3d6fade0dc,Mercury Lamp,3117,nm,absorbance,948.1540255417268
957.034,4.141218,37381227-77f4-4711-9322-5d3d6fade0dc,Mercury Lamp,3118,nm,absorbance,948.3247506804333
957.207,2.051684,37381227-77f4-4711-9322-5d3d6fade0dc,Mercury Lamp,3119,nm,absorbance,948.4964684071557
957.379,4.34342,37381227-77f4-4711-9322-5d3d6fade0dc,Mercury Lamp,3120,nm,absorbance,948.6671935458622
957.551,4.909688,37381227-77f4-4711-9322-5d3d6fade0dc,Mercury Lamp,3121,nm,absorbance,948.8379186845689
957.723,7.31583,37381227-77f4-4711-9322-5d3d6fade0dc,Mercury Lamp,3122,nm,absorbance,949.0086438232753
957.895,8.469522999999999,37381227-77f4-4711-9322-5d3d6fade0dc,Mercury Lamp,3123,nm,absorbance,949.1793689619819
958.067,5.793961,37381227-77f4-4711-9322-5d3d6fade0dc,Mercury Lamp,3124,nm,absorbance,949.3500941006885
958.239,8.009201999999998,37381227-77f4-4711-9322-5d3d6fade0dc,Mercury Lamp,3125,nm,absorbance,949.5208192393951
958.411,7.783831000000001,37381227-77f4-4711-9322-5d3d6fade0dc,Mercury Lamp,3126,nm,absorbance,949.6915443781015
958.583,9.060999,37381227-77f4-4711-9322-5d3d6fade0dc,Mercury Lamp,3127,nm,absorbance,949.8622695168082
958.755,7.161491000000001,37381227-77f4-4711-9322-5d3d6fade0dc,Mercury Lamp,3128,nm,absorbance,950.0329946555147
958.927,5.131099,37381227-77f4-4711-9322-5d3d6fade0dc,Mercury Lamp,3129,nm,absorbance,950.2037197942213
959.099,5.705029000000001,37381227-77f4-4711-9322-5d3d6fade0dc,Mercury Lamp,3130,nm,absorbance,950.3744449329279
959.271,1.02421,37381227-77f4-4711-9322-5d3d6fade0dc,Mercury Lamp,3131,nm,absorbance,950.5451700716344
959.443,2.9678150000000003,37381227-77f4-4711-9322-5d3d6fade0dc,Mercury Lamp,3132,nm,absorbance,950.7158952103409
959.615,0.826539,37381227-77f4-4711-9322-5d3d6fade0dc,Mercury Lamp,3133,nm,absorbance,950.8866203490476
959.787,5.500813,37381227-77f4-4711-9322-5d3d6fade0dc,Mercury Lamp,3134,nm,absorbance,951.0573454877541
959.959,3.991145,37381227-77f4-4711-9322-5d3d6fade0dc,Mercury Lamp,3135,nm,absorbance,951.2280706264606
960.13,5.51374,37381227-77f4-4711-9322-5d3d6fade0dc,Mercury Lamp,3136,nm,absorbance,951.3978031771516
960.302,5.275460000000001,37381227-77f4-4711-9322-5d3d6fade0dc,Mercury Lamp,3137,nm,absorbance,951.5685283158581
960.474,5.467675,37381227-77f4-4711-9322-5d3d6fade0dc,Mercury Lamp,3138,nm,absorbance,951.7392534545647
960.646,6.432416999999999,37381227-77f4-4711-9322-5d3d6fade0dc,Mercury Lamp,3139,nm,absorbance,951.9099785932711
960.818,11.209961,37381227-77f4-4711-9322-5d3d6fade0dc,Mercury Lamp,3140,nm,absorbance,952.0807037319778
960.99,12.582736999999998,37381227-77f4-4711-9322-5d3d6fade0dc,Mercury Lamp,3141,nm,absorbance,952.2514288706843
961.161,13.494912,37381227-77f4-4711-9322-5d3d6fade0dc,Mercury Lamp,3142,nm,absorbance,952.4211614213751
961.333,11.925382000000004,37381227-77f4-4711-9322-5d3d6fade0dc,Mercury Lamp,3143,nm,absorbance,952.5918865600817
961.505,11.556286,37381227-77f4-4711-9322-5d3d6fade0dc,Mercury Lamp,3144,nm,absorbance,952.7626116987883
961.677,6.087431,37381227-77f4-4711-9322-5d3d6fade0dc,Mercury Lamp,3145,nm,absorbance,952.9333368374948
961.848,4.581525,37381227-77f4-4711-9322-5d3d6fade0dc,Mercury Lamp,3146,nm,absorbance,953.1030693881856
962.02,4.119258,37381227-77f4-4711-9322-5d3d6fade0dc,Mercury Lamp,3147,nm,absorbance,953.2737945268922
962.192,6.416701999999999,37381227-77f4-4711-9322-5d3d6fade0dc,Mercury Lamp,3148,nm,absorbance,953.4445196655988
962.363,8.224025999999999,37381227-77f4-4711-9322-5d3d6fade0dc,Mercury Lamp,3149,nm,absorbance,953.6142522162896
962.535,6.782824,37381227-77f4-4711-9322-5d3d6fade0dc,Mercury Lamp,3150,nm,absorbance,953.7849773549962
962.707,8.246397,37381227-77f4-4711-9322-5d3d6fade0dc,Mercury Lamp,3151,nm,absorbance,953.9557024937027
962.878,5.464322000000001,37381227-77f4-4711-9322-5d3d6fade0dc,Mercury Lamp,3152,nm,absorbance,954.1254350443936
963.05,8.607218999999999,37381227-77f4-4711-9322-5d3d6fade0dc,Mercury Lamp,3153,nm,absorbance,954.2961601831001
963.221,11.863107,37381227-77f4-4711-9322-5d3d6fade0dc,Mercury Lamp,3154,nm,absorbance,954.465892733791
963.393,8.169798,37381227-77f4-4711-9322-5d3d6fade0dc,Mercury Lamp,3155,nm,absorbance,954.6366178724976
963.564,7.911517000000001,37381227-77f4-4711-9322-5d3d6fade0dc,Mercury Lamp,3156,nm,absorbance,954.8063504231883
963.736,3.651669,37381227-77f4-4711-9322-5d3d6fade0dc,Mercury Lamp,3157,nm,absorbance,954.9770755618949
963.907,4.222202,37381227-77f4-4711-9322-5d3d6fade0dc,Mercury Lamp,3158,nm,absorbance,955.1468081125857
964.079,-0.2335350000000001,37381227-77f4-4711-9322-5d3d6fade0dc,Mercury Lamp,3159,nm,absorbance,955.3175332512923
964.25,4.7307500000000005,37381227-77f4-4711-9322-5d3d6fade0dc,Mercury Lamp,3160,nm,absorbance,955.4872658019831
964.422,10.644684,37381227-77f4-4711-9322-5d3d6fade0dc,Mercury Lamp,3161,nm,absorbance,955.6579909406897
964.593,10.380897,37381227-77f4-4711-9322-5d3d6fade0dc,Mercury Lamp,3162,nm,absorbance,955.8277234913805
964.765,7.485835999999999,37381227-77f4-4711-9322-5d3d6fade0dc,Mercury Lamp,3163,nm,absorbance,955.9984486300871
964.936,1.891083,37381227-77f4-4711-9322-5d3d6fade0dc,Mercury Lamp,3164,nm,absorbance,956.168181180778
965.108,2.780759,37381227-77f4-4711-9322-5d3d6fade0dc,Mercury Lamp,3165,nm,absorbance,956.3389063194844
965.279,3.293233,37381227-77f4-4711-9322-5d3d6fade0dc,Mercury Lamp,3166,nm,absorbance,956.5086388701753
965.45,7.28703,37381227-77f4-4711-9322-5d3d6fade0dc,Mercury Lamp,3167,nm,absorbance,956.6783714208661
965.622,9.643815,37381227-77f4-4711-9322-5d3d6fade0dc,Mercury Lamp,3168,nm,absorbance,956.8490965595727
965.793,7.984685000000001,37381227-77f4-4711-9322-5d3d6fade0dc,Mercury Lamp,3169,nm,absorbance,957.0188291102635
965.964,11.059758,37381227-77f4-4711-9322-5d3d6fade0dc,Mercury Lamp,3170,nm,absorbance,957.1885616609544
966.136,7.493549999999999,37381227-77f4-4711-9322-5d3d6fade0dc,Mercury Lamp,3171,nm,absorbance,957.3592867996609
966.307,7.727933,37381227-77f4-4711-9322-5d3d6fade0dc,Mercury Lamp,3172,nm,absorbance,957.5290193503517
966.478,2.43564,37381227-77f4-4711-9322-5d3d6fade0dc,Mercury Lamp,3173,nm,absorbance,957.6987519010426
966.65,10.128415,37381227-77f4-4711-9322-5d3d6fade0dc,Mercury Lamp,3174,nm,absorbance,957.8694770397491
966.821,13.391655,37381227-77f4-4711-9322-5d3d6fade0dc,Mercury Lamp,3175,nm,absorbance,958.03920959044
966.992,11.312081,37381227-77f4-4711-9322-5d3d6fade0dc,Mercury Lamp,3176,nm,absorbance,958.2089421411307
967.163,7.768098999999999,37381227-77f4-4711-9322-5d3d6fade0dc,Mercury Lamp,3177,nm,absorbance,958.3786746918216
967.334,7.643539,37381227-77f4-4711-9322-5d3d6fade0dc,Mercury Lamp,3178,nm,absorbance,958.5484072425124
967.506,23.008809000000003,37381227-77f4-4711-9322-5d3d6fade0dc,Mercury Lamp,3179,nm,absorbance,958.719132381219
967.677,39.573034,37381227-77f4-4711-9322-5d3d6fade0dc,Mercury Lamp,3180,nm,absorbance,958.8888649319099
967.848,51.13494,37381227-77f4-4711-9322-5d3d6fade0dc,Mercury Lamp,3181,nm,absorbance,959.0585974826006
968.019,64.210819,37381227-77f4-4711-9322-5d3d6fade0dc,Mercury Lamp,3182,nm,absorbance,959.2283300332915
968.19,71.18956999999999,37381227-77f4-4711-9322-5d3d6fade0dc,Mercury Lamp,3183,nm,absorbance,959.3980625839823
968.361,85.536127,37381227-77f4-4711-9322-5d3d6fade0dc,Mercury Lamp,3184,nm,absorbance,959.5677951346731
968.532,94.177597,37381227-77f4-4711-9322-5d3d6fade0dc,Mercury Lamp,3185,nm,absorbance,959.7375276853641
968.703,103.335389,37381227-77f4-4711-9322-5d3d6fade0dc,Mercury Lamp,3186,nm,absorbance,959.9072602360548
968.874,110.896567,37381227-77f4-4711-9322-5d3d6fade0dc,Mercury Lamp,3187,nm,absorbance,960.0769927867457
969.045,114.238315,37381227-77f4-4711-9322-5d3d6fade0dc,Mercury Lamp,3188,nm,absorbance,960.2467253374364
969.216,121.493631,37381227-77f4-4711-9322-5d3d6fade0dc,Mercury Lamp,3189,nm,absorbance,960.4164578881273
969.387,128.886481,37381227-77f4-4711-9322-5d3d6fade0dc,Mercury Lamp,3190,nm,absorbance,960.5861904388181
969.558,137.414134,37381227-77f4-4711-9322-5d3d6fade0dc,Mercury Lamp,3191,nm,absorbance,960.7559229895089
969.729,142.071131,37381227-77f4-4711-9322-5d3d6fade0dc,Mercury Lamp,3192,nm,absorbance,960.9256555401998
969.9,140.92294899999996,37381227-77f4-4711-9322-5d3d6fade0dc,Mercury Lamp,3193,nm,absorbance,961.0953880908905
970.071,141.73811100000003,37381227-77f4-4711-9322-5d3d6fade0dc,Mercury Lamp,3194,nm,absorbance,961.2651206415815
970.242,145.771605,37381227-77f4-4711-9322-5d3d6fade0dc,Mercury Lamp,3195,nm,absorbance,961.4348531922723
970.413,155.354848,37381227-77f4-4711-9322-5d3d6fade0dc,Mercury Lamp,3196,nm,absorbance,961.6045857429631
970.584,161.805658,37381227-77f4-4711-9322-5d3d6fade0dc,Mercury Lamp,3197,nm,absorbance,961.7743182936539
970.755,164.054242,37381227-77f4-4711-9322-5d3d6fade0dc,Mercury Lamp,3198,nm,absorbance,961.9440508443447
970.926,164.86020200000002,37381227-77f4-4711-9322-5d3d6fade0dc,Mercury Lamp,3199,nm,absorbance,962.1137833950356
971.097,165.40346200000005,37381227-77f4-4711-9322-5d3d6fade0dc,Mercury Lamp,3200,nm,absorbance,962.2835159457263
971.267,172.259352,37381227-77f4-4711-9322-5d3d6fade0dc,Mercury Lamp,3201,nm,absorbance,962.4522559084015
971.438,177.22313000000003,37381227-77f4-4711-9322-5d3d6fade0dc,Mercury Lamp,3202,nm,absorbance,962.6219884590923
971.609,180.06957,37381227-77f4-4711-9322-5d3d6fade0dc,Mercury Lamp,3203,nm,absorbance,962.7917210097831
971.78,182.646697,37381227-77f4-4711-9322-5d3d6fade0dc,Mercury Lamp,3204,nm,absorbance,962.961453560474
971.951,180.646315,37381227-77f4-4711-9322-5d3d6fade0dc,Mercury Lamp,3205,nm,absorbance,963.1311861111648
972.121,189.966204,37381227-77f4-4711-9322-5d3d6fade0dc,Mercury Lamp,3206,nm,absorbance,963.2999260738399
972.292,192.69502700000004,37381227-77f4-4711-9322-5d3d6fade0dc,Mercury Lamp,3207,nm,absorbance,963.4696586245308
972.463,200.59244900000004,37381227-77f4-4711-9322-5d3d6fade0dc,Mercury Lamp,3208,nm,absorbance,963.6393911752215
972.633,197.343613,37381227-77f4-4711-9322-5d3d6fade0dc,Mercury Lamp,3209,nm,absorbance,963.8081311378967
972.804,190.227041,37381227-77f4-4711-9322-5d3d6fade0dc,Mercury Lamp,3210,nm,absorbance,963.9778636885874
972.975,184.588721,37381227-77f4-4711-9322-5d3d6fade0dc,Mercury Lamp,3211,nm,absorbance,964.1475962392783
973.145,179.005785,37381227-77f4-4711-9322-5d3d6fade0dc,Mercury Lamp,3212,nm,absorbance,964.3163362019534
973.316,180.54912199999995,37381227-77f4-4711-9322-5d3d6fade0dc,Mercury Lamp,3213,nm,absorbance,964.4860687526442
973.487,175.35036100000002,37381227-77f4-4711-9322-5d3d6fade0dc,Mercury Lamp,3214,nm,absorbance,964.655801303335
973.657,177.74545899999998,37381227-77f4-4711-9322-5d3d6fade0dc,Mercury Lamp,3215,nm,absorbance,964.8245412660102
973.828,170.676325,37381227-77f4-4711-9322-5d3d6fade0dc,Mercury Lamp,3216,nm,absorbance,964.9942738167009
973.998,169.868621,37381227-77f4-4711-9322-5d3d6fade0dc,Mercury Lamp,3217,nm,absorbance,965.1630137793761
974.169,157.717671,37381227-77f4-4711-9322-5d3d6fade0dc,Mercury Lamp,3218,nm,absorbance,965.3327463300668
974.339,153.049776,37381227-77f4-4711-9322-5d3d6fade0dc,Mercury Lamp,3219,nm,absorbance,965.501486292742
974.51,149.527579,37381227-77f4-4711-9322-5d3d6fade0dc,Mercury Lamp,3220,nm,absorbance,965.6712188434328
974.68,146.264047,37381227-77f4-4711-9322-5d3d6fade0dc,Mercury Lamp,3221,nm,absorbance,965.8399588061078
974.851,153.263097,37381227-77f4-4711-9322-5d3d6fade0dc,Mercury Lamp,3222,nm,absorbance,966.0096913567987
975.021,154.679712,37381227-77f4-4711-9322-5d3d6fade0dc,Mercury Lamp,3223,nm,absorbance,966.1784313194737
975.192,157.72477499999997,37381227-77f4-4711-9322-5d3d6fade0dc,Mercury Lamp,3224,nm,absorbance,966.3481638701646
975.362,144.83352900000003,37381227-77f4-4711-9322-5d3d6fade0dc,Mercury Lamp,3225,nm,absorbance,966.5169038328397
975.533,132.72452,37381227-77f4-4711-9322-5d3d6fade0dc,Mercury Lamp,3226,nm,absorbance,966.6866363835305
975.703,123.46528700000002,37381227-77f4-4711-9322-5d3d6fade0dc,Mercury Lamp,3227,nm,absorbance,966.8553763462056
975.874,121.042979,37381227-77f4-4711-9322-5d3d6fade0dc,Mercury Lamp,3228,nm,absorbance,967.0251088968965
976.044,114.97234799999998,37381227-77f4-4711-9322-5d3d6fade0dc,Mercury Lamp,3229,nm,absorbance,967.1938488595715
976.214,105.26074199999998,37381227-77f4-4711-9322-5d3d6fade0dc,Mercury Lamp,3230,nm,absorbance,967.3625888222467
976.385,91.118255,37381227-77f4-4711-9322-5d3d6fade0dc,Mercury Lamp,3231,nm,absorbance,967.5323213729374
976.555,74.840483,37381227-77f4-4711-9322-5d3d6fade0dc,Mercury Lamp,3232,nm,absorbance,967.7010613356125
976.725,53.90590999999999,37381227-77f4-4711-9322-5d3d6fade0dc,Mercury Lamp,3233,nm,absorbance,967.8698012982877
976.896,41.041827,37381227-77f4-4711-9322-5d3d6fade0dc,Mercury Lamp,3234,nm,absorbance,968.0395338489784
977.066,30.386954000000003,37381227-77f4-4711-9322-5d3d6fade0dc,Mercury Lamp,3235,nm,absorbance,968.2082738116536
977.236,29.476160000000004,37381227-77f4-4711-9322-5d3d6fade0dc,Mercury Lamp,3236,nm,absorbance,968.3770137743287
977.406,21.224229,37381227-77f4-4711-9322-5d3d6fade0dc,Mercury Lamp,3237,nm,absorbance,968.5457537370037
977.577,17.869299,37381227-77f4-4711-9322-5d3d6fade0dc,Mercury Lamp,3238,nm,absorbance,968.7154862876946
977.747,10.118493,37381227-77f4-4711-9322-5d3d6fade0dc,Mercury Lamp,3239,nm,absorbance,968.8842262503697
977.917,12.238082,37381227-77f4-4711-9322-5d3d6fade0dc,Mercury Lamp,3240,nm,absorbance,969.0529662130448
978.087,10.04947,37381227-77f4-4711-9322-5d3d6fade0dc,Mercury Lamp,3241,nm,absorbance,969.2217061757199
978.257,14.82563,37381227-77f4-4711-9322-5d3d6fade0dc,Mercury Lamp,3242,nm,absorbance,969.3904461383949
978.427,8.508485,37381227-77f4-4711-9322-5d3d6fade0dc,Mercury Lamp,3243,nm,absorbance,969.55918610107
978.598,8.707704,37381227-77f4-4711-9322-5d3d6fade0dc,Mercury Lamp,3244,nm,absorbance,969.7289186517609
978.768,5.463463,37381227-77f4-4711-9322-5d3d6fade0dc,Mercury Lamp,3245,nm,absorbance,969.897658614436
978.938,4.616211999999999,37381227-77f4-4711-9322-5d3d6fade0dc,Mercury Lamp,3246,nm,absorbance,970.066398577111
979.108,5.456081,37381227-77f4-4711-9322-5d3d6fade0dc,Mercury Lamp,3247,nm,absorbance,970.2351385397861
979.278,8.498365000000002,37381227-77f4-4711-9322-5d3d6fade0dc,Mercury Lamp,3248,nm,absorbance,970.4038785024612
979.448,8.720034,37381227-77f4-4711-9322-5d3d6fade0dc,Mercury Lamp,3249,nm,absorbance,970.5726184651363
979.618,8.649196,37381227-77f4-4711-9322-5d3d6fade0dc,Mercury Lamp,3250,nm,absorbance,970.7413584278115
979.788,4.801742,37381227-77f4-4711-9322-5d3d6fade0dc,Mercury Lamp,3251,nm,absorbance,970.9100983904865
979.958,1.995745,37381227-77f4-4711-9322-5d3d6fade0dc,Mercury Lamp,3252,nm,absorbance,971.0788383531616
980.128,3.7788530000000007,37381227-77f4-4711-9322-5d3d6fade0dc,Mercury Lamp,3253,nm,absorbance,971.2475783158368
980.298,5.031594,37381227-77f4-4711-9322-5d3d6fade0dc,Mercury Lamp,3254,nm,absorbance,971.4163182785118
980.468,9.968498,37381227-77f4-4711-9322-5d3d6fade0dc,Mercury Lamp,3255,nm,absorbance,971.5850582411869
980.638,11.856454,37381227-77f4-4711-9322-5d3d6fade0dc,Mercury Lamp,3256,nm,absorbance,971.7537982038621
980.808,12.072773,37381227-77f4-4711-9322-5d3d6fade0dc,Mercury Lamp,3257,nm,absorbance,971.922538166537
980.978,16.972551,37381227-77f4-4711-9322-5d3d6fade0dc,Mercury Lamp,3258,nm,absorbance,972.0912781292121
981.148,16.1554,37381227-77f4-4711-9322-5d3d6fade0dc,Mercury Lamp,3259,nm,absorbance,972.2600180918872
981.317,18.934296,37381227-77f4-4711-9322-5d3d6fade0dc,Mercury Lamp,3260,nm,absorbance,972.4277654665466
981.487,19.048351,37381227-77f4-4711-9322-5d3d6fade0dc,Mercury Lamp,3261,nm,absorbance,972.5965054292217
981.657,15.535592,37381227-77f4-4711-9322-5d3d6fade0dc,Mercury Lamp,3262,nm,absorbance,972.7652453918969
981.827,15.205714,37381227-77f4-4711-9322-5d3d6fade0dc,Mercury Lamp,3263,nm,absorbance,972.9339853545719
981.997,13.9211,37381227-77f4-4711-9322-5d3d6fade0dc,Mercury Lamp,3264,nm,absorbance,973.102725317247
982.167,17.480094,37381227-77f4-4711-9322-5d3d6fade0dc,Mercury Lamp,3265,nm,absorbance,973.271465279922
982.336,16.263386,37381227-77f4-4711-9322-5d3d6fade0dc,Mercury Lamp,3266,nm,absorbance,973.4392126545814
982.506,17.366274999999998,37381227-77f4-4711-9322-5d3d6fade0dc,Mercury Lamp,3267,nm,absorbance,973.6079526172565
982.676,19.921022,37381227-77f4-4711-9322-5d3d6fade0dc,Mercury Lamp,3268,nm,absorbance,973.7766925799316
982.846,22.844757000000005,37381227-77f4-4711-9322-5d3d6fade0dc,Mercury Lamp,3269,nm,absorbance,973.9454325426067
983.015,25.816450000000003,37381227-77f4-4711-9322-5d3d6fade0dc,Mercury Lamp,3270,nm,absorbance,974.113179917266
983.185,25.697841,37381227-77f4-4711-9322-5d3d6fade0dc,Mercury Lamp,3271,nm,absorbance,974.2819198799411
983.355,27.486572,37381227-77f4-4711-9322-5d3d6fade0dc,Mercury Lamp,3272,nm,absorbance,974.4506598426162
983.524,23.697864,37381227-77f4-4711-9322-5d3d6fade0dc,Mercury Lamp,3273,nm,absorbance,974.6184072172756
983.694,22.234573,37381227-77f4-4711-9322-5d3d6fade0dc,Mercury Lamp,3274,nm,absorbance,974.7871471799507
983.864,22.86862,37381227-77f4-4711-9322-5d3d6fade0dc,Mercury Lamp,3275,nm,absorbance,974.9558871426258
984.033,27.395484,37381227-77f4-4711-9322-5d3d6fade0dc,Mercury Lamp,3276,nm,absorbance,975.1236345172852
984.203,28.192073,37381227-77f4-4711-9322-5d3d6fade0dc,Mercury Lamp,3277,nm,absorbance,975.2923744799602
984.372,26.376987,37381227-77f4-4711-9322-5d3d6fade0dc,Mercury Lamp,3278,nm,absorbance,975.4601218546195
984.542,23.477709,37381227-77f4-4711-9322-5d3d6fade0dc,Mercury Lamp,3279,nm,absorbance,975.6288618172947
984.712,26.767105,37381227-77f4-4711-9322-5d3d6fade0dc,Mercury Lamp,3280,nm,absorbance,975.7976017799698
984.881,30.232339000000003,37381227-77f4-4711-9322-5d3d6fade0dc,Mercury Lamp,3281,nm,absorbance,975.965349154629
985.051,27.888901000000004,37381227-77f4-4711-9322-5d3d6fade0dc,Mercury Lamp,3282,nm,absorbance,976.1340891173043
985.22,25.742018,37381227-77f4-4711-9322-5d3d6fade0dc,Mercury Lamp,3283,nm,absorbance,976.3018364919636
985.39,21.953489,37381227-77f4-4711-9322-5d3d6fade0dc,Mercury Lamp,3284,nm,absorbance,976.4705764546386
985.559,22.47405,37381227-77f4-4711-9322-5d3d6fade0dc,Mercury Lamp,3285,nm,absorbance,976.638323829298
985.728,29.480087,37381227-77f4-4711-9322-5d3d6fade0dc,Mercury Lamp,3286,nm,absorbance,976.8060712039573
985.898,30.620049,37381227-77f4-4711-9322-5d3d6fade0dc,Mercury Lamp,3287,nm,absorbance,976.9748111666324
986.067,30.509679,37381227-77f4-4711-9322-5d3d6fade0dc,Mercury Lamp,3288,nm,absorbance,977.1425585412918
986.237,21.563341,37381227-77f4-4711-9322-5d3d6fade0dc,Mercury Lamp,3289,nm,absorbance,977.3112985039669
986.406,18.740486,37381227-77f4-4711-9322-5d3d6fade0dc,Mercury Lamp,3290,nm,absorbance,977.4790458786263
986.576,26.091484999999995,37381227-77f4-4711-9322-5d3d6fade0dc,Mercury Lamp,3291,nm,absorbance,977.6477858413014
986.745,28.912724000000004,37381227-77f4-4711-9322-5d3d6fade0dc,Mercury Lamp,3292,nm,absorbance,977.8155332159607
986.914,29.050985000000004,37381227-77f4-4711-9322-5d3d6fade0dc,Mercury Lamp,3293,nm,absorbance,977.9832805906201
987.084,27.027547,37381227-77f4-4711-9322-5d3d6fade0dc,Mercury Lamp,3294,nm,absorbance,978.1520205532951
987.253,29.503621,37381227-77f4-4711-9322-5d3d6fade0dc,Mercury Lamp,3295,nm,absorbance,978.3197679279546
987.422,32.857995,37381227-77f4-4711-9322-5d3d6fade0dc,Mercury Lamp,3296,nm,absorbance,978.4875153026139
987.591,27.963107,37381227-77f4-4711-9322-5d3d6fade0dc,Mercury Lamp,3297,nm,absorbance,978.6552626772732
987.761,23.755667,37381227-77f4-4711-9322-5d3d6fade0dc,Mercury Lamp,3298,nm,absorbance,978.8240026399483
987.93,20.051595,37381227-77f4-4711-9322-5d3d6fade0dc,Mercury Lamp,3299,nm,absorbance,978.9917500146076
988.099,25.282355000000003,37381227-77f4-4711-9322-5d3d6fade0dc,Mercury Lamp,3300,nm,absorbance,979.159497389267
988.268,26.624767,37381227-77f4-4711-9322-5d3d6fade0dc,Mercury Lamp,3301,nm,absorbance,979.3272447639264
988.438,26.250605,37381227-77f4-4711-9322-5d3d6fade0dc,Mercury Lamp,3302,nm,absorbance,979.4959847266015
988.607,21.298851000000003,37381227-77f4-4711-9322-5d3d6fade0dc,Mercury Lamp,3303,nm,absorbance,979.6637321012608
988.776,13.619006000000002,37381227-77f4-4711-9322-5d3d6fade0dc,Mercury Lamp,3304,nm,absorbance,979.8314794759201
988.945,14.006184,37381227-77f4-4711-9322-5d3d6fade0dc,Mercury Lamp,3305,nm,absorbance,979.9992268505796
989.114,11.401189,37381227-77f4-4711-9322-5d3d6fade0dc,Mercury Lamp,3306,nm,absorbance,980.166974225239
989.283,16.658720000000002,37381227-77f4-4711-9322-5d3d6fade0dc,Mercury Lamp,3307,nm,absorbance,980.3347215998982
989.452,14.729433999999998,37381227-77f4-4711-9322-5d3d6fade0dc,Mercury Lamp,3308,nm,absorbance,980.5024689745576
989.621,14.6507,37381227-77f4-4711-9322-5d3d6fade0dc,Mercury Lamp,3309,nm,absorbance,980.670216349217
989.791,8.073429,37381227-77f4-4711-9322-5d3d6fade0dc,Mercury Lamp,3310,nm,absorbance,980.8389563118922
989.96,8.731508000000002,37381227-77f4-4711-9322-5d3d6fade0dc,Mercury Lamp,3311,nm,absorbance,981.0067036865514
990.129,7.582739000000001,37381227-77f4-4711-9322-5d3d6fade0dc,Mercury Lamp,3312,nm,absorbance,981.1744510612108
990.298,11.268952,37381227-77f4-4711-9322-5d3d6fade0dc,Mercury Lamp,3313,nm,absorbance,981.3421984358702
990.467,7.091303000000001,37381227-77f4-4711-9322-5d3d6fade0dc,Mercury Lamp,3314,nm,absorbance,981.5099458105294
990.636,7.534338,37381227-77f4-4711-9322-5d3d6fade0dc,Mercury Lamp,3315,nm,absorbance,981.6776931851888
990.805,1.5109779999999997,37381227-77f4-4711-9322-5d3d6fade0dc,Mercury Lamp,3316,nm,absorbance,981.8454405598482
990.974,8.518108,37381227-77f4-4711-9322-5d3d6fade0dc,Mercury Lamp,3317,nm,absorbance,982.0131879345076
991.142,4.303019000000001,37381227-77f4-4711-9322-5d3d6fade0dc,Mercury Lamp,3318,nm,absorbance,982.1799427211512
991.311,4.825736,37381227-77f4-4711-9322-5d3d6fade0dc,Mercury Lamp,3319,nm,absorbance,982.3476900958105
991.48,-1.4708520000000005,37381227-77f4-4711-9322-5d3d6fade0dc,Mercury Lamp,3320,nm,absorbance,982.5154374704699
991.649,1.446354,37381227-77f4-4711-9322-5d3d6fade0dc,Mercury Lamp,3321,nm,absorbance,982.6831848451293
991.818,6.461907000000001,37381227-77f4-4711-9322-5d3d6fade0dc,Mercury Lamp,3322,nm,absorbance,982.8509322197885
991.987,6.765081,37381227-77f4-4711-9322-5d3d6fade0dc,Mercury Lamp,3323,nm,absorbance,983.0186795944479
992.156,11.049378,37381227-77f4-4711-9322-5d3d6fade0dc,Mercury Lamp,3324,nm,absorbance,983.1864269691073
992.325,7.075639000000001,37381227-77f4-4711-9322-5d3d6fade0dc,Mercury Lamp,3325,nm,absorbance,983.3541743437667
992.493,-11.735677,37381227-77f4-4711-9322-5d3d6fade0dc,Mercury Lamp,3326,nm,absorbance,983.5209291304103
992.662,-17.509988999999997,37381227-77f4-4711-9322-5d3d6fade0dc,Mercury Lamp,3327,nm,absorbance,983.6886765050697
992.831,-19.946505,37381227-77f4-4711-9322-5d3d6fade0dc,Mercury Lamp,3328,nm,absorbance,983.856423879729
993.0,0.7947510000000001,37381227-77f4-4711-9322-5d3d6fade0dc,Mercury Lamp,3329,nm,absorbance,984.0241712543883
993.168,0.7362780000000001,37381227-77f4-4711-9322-5d3d6fade0dc,Mercury Lamp,3330,nm,absorbance,984.190926041032
993.337,6.605161000000001,37381227-77f4-4711-9322-5d3d6fade0dc,Mercury Lamp,3331,nm,absorbance,984.3586734156913
993.506,4.717547000000001,37381227-77f4-4711-9322-5d3d6fade0dc,Mercury Lamp,3332,nm,absorbance,984.5264207903507
993.675,4.310177,37381227-77f4-4711-9322-5d3d6fade0dc,Mercury Lamp,3333,nm,absorbance,984.69416816501
993.843,4.034002,37381227-77f4-4711-9322-5d3d6fade0dc,Mercury Lamp,3334,nm,absorbance,984.8609229516536
994.012,5.916912,37381227-77f4-4711-9322-5d3d6fade0dc,Mercury Lamp,3335,nm,absorbance,985.028670326313
994.181,7.827361999999999,37381227-77f4-4711-9322-5d3d6fade0dc,Mercury Lamp,3336,nm,absorbance,985.1964177009725
994.349,8.430012999999999,37381227-77f4-4711-9322-5d3d6fade0dc,Mercury Lamp,3337,nm,absorbance,985.363172487616
994.518,8.712124,37381227-77f4-4711-9322-5d3d6fade0dc,Mercury Lamp,3338,nm,absorbance,985.5309198622754
994.686,7.098133,37381227-77f4-4711-9322-5d3d6fade0dc,Mercury Lamp,3339,nm,absorbance,985.697674648919
994.855,4.427788999999999,37381227-77f4-4711-9322-5d3d6fade0dc,Mercury Lamp,3340,nm,absorbance,985.8654220235784
995.024,1.555262,37381227-77f4-4711-9322-5d3d6fade0dc,Mercury Lamp,3341,nm,absorbance,986.0331693982376
995.192,0.294111,37381227-77f4-4711-9322-5d3d6fade0dc,Mercury Lamp,3342,nm,absorbance,986.1999241848813
995.361,-1.6841820000000003,37381227-77f4-4711-9322-5d3d6fade0dc,Mercury Lamp,3343,nm,absorbance,986.3676715595407
995.529,-4.7541910000000005,37381227-77f4-4711-9322-5d3d6fade0dc,Mercury Lamp,3344,nm,absorbance,986.5344263461843
995.698,-3.1440110000000003,37381227-77f4-4711-9322-5d3d6fade0dc,Mercury Lamp,3345,nm,absorbance,986.7021737208436
995.866,-1.6412749999999998,37381227-77f4-4711-9322-5d3d6fade0dc,Mercury Lamp,3346,nm,absorbance,986.8689285074872
996.035,3.364349,37381227-77f4-4711-9322-5d3d6fade0dc,Mercury Lamp,3347,nm,absorbance,987.0366758821466
996.203,6.461621000000001,37381227-77f4-4711-9322-5d3d6fade0dc,Mercury Lamp,3348,nm,absorbance,987.2034306687902
996.371,9.274356,37381227-77f4-4711-9322-5d3d6fade0dc,Mercury Lamp,3349,nm,absorbance,987.3701854554338
996.54,8.410889000000001,37381227-77f4-4711-9322-5d3d6fade0dc,Mercury Lamp,3350,nm,absorbance,987.5379328300932
996.708,4.648546,37381227-77f4-4711-9322-5d3d6fade0dc,Mercury Lamp,3351,nm,absorbance,987.7046876167368
996.877,2.954015,37381227-77f4-4711-9322-5d3d6fade0dc,Mercury Lamp,3352,nm,absorbance,987.8724349913962
997.045,-3.586528,37381227-77f4-4711-9322-5d3d6fade0dc,Mercury Lamp,3353,nm,absorbance,988.0391897780397
997.213,-1.337445,37381227-77f4-4711-9322-5d3d6fade0dc,Mercury Lamp,3354,nm,absorbance,988.2059445646834
997.382,1.028363,37381227-77f4-4711-9322-5d3d6fade0dc,Mercury Lamp,3355,nm,absorbance,988.3736919393427
997.55,8.777557,37381227-77f4-4711-9322-5d3d6fade0dc,Mercury Lamp,3356,nm,absorbance,988.5404467259864
997.718,5.169439,37381227-77f4-4711-9322-5d3d6fade0dc,Mercury Lamp,3357,nm,absorbance,988.7072015126299
997.887,7.579076000000001,37381227-77f4-4711-9322-5d3d6fade0dc,Mercury Lamp,3358,nm,absorbance,988.8749488872893
998.055,4.721376000000001,37381227-77f4-4711-9322-5d3d6fade0dc,Mercury Lamp,3359,nm,absorbance,989.041703673933
998.223,7.875891,37381227-77f4-4711-9322-5d3d6fade0dc,Mercury Lamp,3360,nm,absorbance,989.2084584605766
998.391,4.433779,37381227-77f4-4711-9322-5d3d6fade0dc,Mercury Lamp,3361,nm,absorbance,989.3752132472201
998.56,9.586194000000004,37381227-77f4-4711-9322-5d3d6fade0dc,Mercury Lamp,3362,nm,absorbance,989.5429606218795
998.728,7.673147,37381227-77f4-4711-9322-5d3d6fade0dc,Mercury Lamp,3363,nm,absorbance,989.7097154085232
998.896,7.640738000000001,37381227-77f4-4711-9322-5d3d6fade0dc,Mercury Lamp,3364,nm,absorbance,989.8764701951668
999.064,2.830423,37381227-77f4-4711-9322-5d3d6fade0dc,Mercury Lamp,3365,nm,absorbance,990.0432249818105
999.232,7.432406999999999,37381227-77f4-4711-9322-5d3d6fade0dc,Mercury Lamp,3366,nm,absorbance,990.209979768454
999.401,6.229118,37381227-77f4-4711-9322-5d3d6fade0dc,Mercury Lamp,3367,nm,absorbance,990.3777271431134
999.569,8.430585,37381227-77f4-4711-9322-5d3d6fade0dc,Mercury Lamp,3368,nm,absorbance,990.544481929757
999.737,4.862017,37381227-77f4-4711-9322-5d3d6fade0dc,Mercury Lamp,3369,nm,absorbance,990.7112367164007
999.905,5.957116,37381227-77f4-4711-9322-5d3d6fade0dc,Mercury Lamp,3370,nm,absorbance,990.8779915030442
1000.073,2.051258,37381227-77f4-4711-9322-5d3d6fade0dc,Mercury Lamp,3371,nm,absorbance,991.0447462896879
1000.241,-0.4620099999999995,37381227-77f4-4711-9322-5d3d6fade0dc,Mercury Lamp,3372,nm,absorbance,991.2115010763315
1000.409,-1.3196429999999997,37381227-77f4-4711-9322-5d3d6fade0dc,Mercury Lamp,3373,nm,absorbance,991.3782558629752
1000.577,-0.2310220000000002,37381227-77f4-4711-9322-5d3d6fade0dc,Mercury Lamp,3374,nm,absorbance,991.5450106496188
1000.745,8.690631,37381227-77f4-4711-9322-5d3d6fade0dc,Mercury Lamp,3375,nm,absorbance,991.7117654362623
1000.913,6.901574999999999,37381227-77f4-4711-9322-5d3d6fade0dc,Mercury Lamp,3376,nm,absorbance,991.878520222906
1001.081,10.392845,37381227-77f4-4711-9322-5d3d6fade0dc,Mercury Lamp,3377,nm,absorbance,992.0452750095496
1001.249,2.592645,37381227-77f4-4711-9322-5d3d6fade0dc,Mercury Lamp,3378,nm,absorbance,992.2120297961933
1001.417,6.061346,37381227-77f4-4711-9322-5d3d6fade0dc,Mercury Lamp,3379,nm,absorbance,992.3787845828368
1001.585,5.011532000000001,37381227-77f4-4711-9322-5d3d6fade0dc,Mercury Lamp,3380,nm,absorbance,992.5455393694805
1001.753,7.613391,37381227-77f4-4711-9322-5d3d6fade0dc,Mercury Lamp,3381,nm,absorbance,992.7122941561241
1001.921,3.570977,37381227-77f4-4711-9322-5d3d6fade0dc,Mercury Lamp,3382,nm,absorbance,992.8790489427678
1002.089,2.384303,37381227-77f4-4711-9322-5d3d6fade0dc,Mercury Lamp,3383,nm,absorbance,993.0458037294114
1002.256,1.950556,37381227-77f4-4711-9322-5d3d6fade0dc,Mercury Lamp,3384,nm,absorbance,993.2115659280391
1002.424,2.15938,37381227-77f4-4711-9322-5d3d6fade0dc,Mercury Lamp,3385,nm,absorbance,993.3783207146828
1002.592,5.089834999999999,37381227-77f4-4711-9322-5d3d6fade0dc,Mercury Lamp,3386,nm,absorbance,993.5450755013264
1002.76,1.3313479999999998,37381227-77f4-4711-9322-5d3d6fade0dc,Mercury Lamp,3387,nm,absorbance,993.7118302879701
1002.928,6.267987,37381227-77f4-4711-9322-5d3d6fade0dc,Mercury Lamp,3388,nm,absorbance,993.8785850746137
1003.096,4.979998,37381227-77f4-4711-9322-5d3d6fade0dc,Mercury Lamp,3389,nm,absorbance,994.0453398612573
1003.263,2.490476,37381227-77f4-4711-9322-5d3d6fade0dc,Mercury Lamp,3390,nm,absorbance,994.2111020598852
1003.431,2.160738,37381227-77f4-4711-9322-5d3d6fade0dc,Mercury Lamp,3391,nm,absorbance,994.3778568465289
1003.599,-0.974486,37381227-77f4-4711-9322-5d3d6fade0dc,Mercury Lamp,3392,nm,absorbance,994.5446116331725
1003.767,4.249667,37381227-77f4-4711-9322-5d3d6fade0dc,Mercury Lamp,3393,nm,absorbance,994.7113664198162
1003.934,4.676222,37381227-77f4-4711-9322-5d3d6fade0dc,Mercury Lamp,3394,nm,absorbance,994.8771286184439
1004.102,5.240137999999999,37381227-77f4-4711-9322-5d3d6fade0dc,Mercury Lamp,3395,nm,absorbance,995.0438834050875
1004.27,6.103527999999999,37381227-77f4-4711-9322-5d3d6fade0dc,Mercury Lamp,3396,nm,absorbance,995.2106381917312
1004.437,3.5701460000000003,37381227-77f4-4711-9322-5d3d6fade0dc,Mercury Lamp,3397,nm,absorbance,995.3764003903591
1004.605,1.836655,37381227-77f4-4711-9322-5d3d6fade0dc,Mercury Lamp,3398,nm,absorbance,995.5431551770027
1004.773,2.117394,37381227-77f4-4711-9322-5d3d6fade0dc,Mercury Lamp,3399,nm,absorbance,995.7099099636463
1004.94,3.685867,37381227-77f4-4711-9322-5d3d6fade0dc,Mercury Lamp,3400,nm,absorbance,995.8756721622742
1005.108,5.037891,37381227-77f4-4711-9322-5d3d6fade0dc,Mercury Lamp,3401,nm,absorbance,996.0424269489178
1005.275,2.1236420000000003,37381227-77f4-4711-9322-5d3d6fade0dc,Mercury Lamp,3402,nm,absorbance,996.2081891475457
1005.443,2.376468,37381227-77f4-4711-9322-5d3d6fade0dc,Mercury Lamp,3403,nm,absorbance,996.3749439341893
1005.61,-1.811539,37381227-77f4-4711-9322-5d3d6fade0dc,Mercury Lamp,3404,nm,absorbance,996.5407061328173
1005.778,-0.0381349999999999,37381227-77f4-4711-9322-5d3d6fade0dc,Mercury Lamp,3405,nm,absorbance,996.7074609194608
1005.945,-0.105159,37381227-77f4-4711-9322-5d3d6fade0dc,Mercury Lamp,3406,nm,absorbance,996.8732231180887
1006.113,2.9487460000000003,37381227-77f4-4711-9322-5d3d6fade0dc,Mercury Lamp,3407,nm,absorbance,997.0399779047324
1006.28,2.6455930000000003,37381227-77f4-4711-9322-5d3d6fade0dc,Mercury Lamp,3408,nm,absorbance,997.2057401033602
1006.448,4.992806,37381227-77f4-4711-9322-5d3d6fade0dc,Mercury Lamp,3409,nm,absorbance,997.3724948900038
1006.615,3.946452,37381227-77f4-4711-9322-5d3d6fade0dc,Mercury Lamp,3410,nm,absorbance,997.5382570886317
1006.783,4.454943,37381227-77f4-4711-9322-5d3d6fade0dc,Mercury Lamp,3411,nm,absorbance,997.7050118752753
1006.95,-1.641711,37381227-77f4-4711-9322-5d3d6fade0dc,Mercury Lamp,3412,nm,absorbance,997.8707740739032
1007.118,2.077345,37381227-77f4-4711-9322-5d3d6fade0dc,Mercury Lamp,3413,nm,absorbance,998.0375288605469
1007.285,-1.641428,37381227-77f4-4711-9322-5d3d6fade0dc,Mercury Lamp,3414,nm,absorbance,998.2032910591747
1007.452,-0.963278,37381227-77f4-4711-9322-5d3d6fade0dc,Mercury Lamp,3415,nm,absorbance,998.3690532578026
1007.62,-1.5566280000000003,37381227-77f4-4711-9322-5d3d6fade0dc,Mercury Lamp,3416,nm,absorbance,998.5358080444462
1007.787,0.4763999999999998,37381227-77f4-4711-9322-5d3d6fade0dc,Mercury Lamp,3417,nm,absorbance,998.7015702430741
1007.954,2.239502,37381227-77f4-4711-9322-5d3d6fade0dc,Mercury Lamp,3418,nm,absorbance,998.8673324417019
1008.122,0.398127,37381227-77f4-4711-9322-5d3d6fade0dc,Mercury Lamp,3419,nm,absorbance,999.0340872283456
1008.289,3.7407750000000006,37381227-77f4-4711-9322-5d3d6fade0dc,Mercury Lamp,3420,nm,absorbance,999.1998494269735
1008.456,5.107017999999999,37381227-77f4-4711-9322-5d3d6fade0dc,Mercury Lamp,3421,nm,absorbance,999.3656116256014
1008.623,6.420294,37381227-77f4-4711-9322-5d3d6fade0dc,Mercury Lamp,3422,nm,absorbance,999.5313738242293
1008.791,5.450646,37381227-77f4-4711-9322-5d3d6fade0dc,Mercury Lamp,3423,nm,absorbance,999.6981286108729
1008.958,2.399449,37381227-77f4-4711-9322-5d3d6fade0dc,Mercury Lamp,3424,nm,absorbance,999.8638908095007
1009.125,-0.696264,37381227-77f4-4711-9322-5d3d6fade0dc,Mercury Lamp,3425,nm,absorbance,1000.0296530081287
1009.292,-2.5438850000000004,37381227-77f4-4711-9322-5d3d6fade0dc,Mercury Lamp,3426,nm,absorbance,1000.1954152067566
1009.459,-1.014738,37381227-77f4-4711-9322-5d3d6fade0dc,Mercury Lamp,3427,nm,absorbance,1000.3611774053844
1009.627,1.4193949999999995,37381227-77f4-4711-9322-5d3d6fade0dc,Mercury Lamp,3428,nm,absorbance,1000.527932192028
1009.794,0.8033090000000002,37381227-77f4-4711-9322-5d3d6fade0dc,Mercury Lamp,3429,nm,absorbance,1000.6936943906559
1009.961,-3.580992,37381227-77f4-4711-9322-5d3d6fade0dc,Mercury Lamp,3430,nm,absorbance,1000.8594565892838
1010.128,0.7083109999999999,37381227-77f4-4711-9322-5d3d6fade0dc,Mercury Lamp,3431,nm,absorbance,1001.0252187879117
1010.295,4.650115000000001,37381227-77f4-4711-9322-5d3d6fade0dc,Mercury Lamp,3432,nm,absorbance,1001.1909809865396
1010.462,9.744938,37381227-77f4-4711-9322-5d3d6fade0dc,Mercury Lamp,3433,nm,absorbance,1001.3567431851675
1010.629,3.3008959999999994,37381227-77f4-4711-9322-5d3d6fade0dc,Mercury Lamp,3434,nm,absorbance,1001.5225053837954
1010.796,-2.857582,37381227-77f4-4711-9322-5d3d6fade0dc,Mercury Lamp,3435,nm,absorbance,1001.6882675824232
1010.963,-4.20711,37381227-77f4-4711-9322-5d3d6fade0dc,Mercury Lamp,3436,nm,absorbance,1001.854029781051
1011.13,-0.041377,37381227-77f4-4711-9322-5d3d6fade0dc,Mercury Lamp,3437,nm,absorbance,1002.019791979679
1011.297,3.293073,37381227-77f4-4711-9322-5d3d6fade0dc,Mercury Lamp,3438,nm,absorbance,1002.1855541783069
1011.464,2.360637,37381227-77f4-4711-9322-5d3d6fade0dc,Mercury Lamp,3439,nm,absorbance,1002.3513163769348
1011.631,2.3736,37381227-77f4-4711-9322-5d3d6fade0dc,Mercury Lamp,3440,nm,absorbance,1002.5170785755627
1011.798,4.769534,37381227-77f4-4711-9322-5d3d6fade0dc,Mercury Lamp,3441,nm,absorbance,1002.6828407741906
1011.965,7.005498,37381227-77f4-4711-9322-5d3d6fade0dc,Mercury Lamp,3442,nm,absorbance,1002.8486029728184
1012.132,8.908945,37381227-77f4-4711-9322-5d3d6fade0dc,Mercury Lamp,3443,nm,absorbance,1003.0143651714462
1012.299,6.613904,37381227-77f4-4711-9322-5d3d6fade0dc,Mercury Lamp,3444,nm,absorbance,1003.1801273700742
1012.466,5.557931999999999,37381227-77f4-4711-9322-5d3d6fade0dc,Mercury Lamp,3445,nm,absorbance,1003.3458895687021
1012.633,3.805078,37381227-77f4-4711-9322-5d3d6fade0dc,Mercury Lamp,3446,nm,absorbance,1003.51165176733
1012.799,5.458112000000001,37381227-77f4-4711-9322-5d3d6fade0dc,Mercury Lamp,3447,nm,absorbance,1003.6764213779421
1012.966,5.895462,37381227-77f4-4711-9322-5d3d6fade0dc,Mercury Lamp,3448,nm,absorbance,1003.84218357657
1013.133,1.005988,37381227-77f4-4711-9322-5d3d6fade0dc,Mercury Lamp,3449,nm,absorbance,1004.0079457751979
1013.3,3.503089,37381227-77f4-4711-9322-5d3d6fade0dc,Mercury Lamp,3450,nm,absorbance,1004.1737079738257
1013.467,1.325143,37381227-77f4-4711-9322-5d3d6fade0dc,Mercury Lamp,3451,nm,absorbance,1004.3394701724536
1013.633,2.2703870000000004,37381227-77f4-4711-9322-5d3d6fade0dc,Mercury Lamp,3452,nm,absorbance,1004.5042397830658
1013.8,1.34788,37381227-77f4-4711-9322-5d3d6fade0dc,Mercury Lamp,3453,nm,absorbance,1004.6700019816936
1013.967,3.69401,37381227-77f4-4711-9322-5d3d6fade0dc,Mercury Lamp,3454,nm,absorbance,1004.8357641803216
1014.134,5.444346,37381227-77f4-4711-9322-5d3d6fade0dc,Mercury Lamp,3455,nm,absorbance,1005.0015263789495
1014.3,3.5308890000000006,37381227-77f4-4711-9322-5d3d6fade0dc,Mercury Lamp,3456,nm,absorbance,1005.1662959895616
1014.467,4.470294,37381227-77f4-4711-9322-5d3d6fade0dc,Mercury Lamp,3457,nm,absorbance,1005.3320581881894
1014.634,2.892456,37381227-77f4-4711-9322-5d3d6fade0dc,Mercury Lamp,3458,nm,absorbance,1005.4978203868174
1014.8,1.099538,37381227-77f4-4711-9322-5d3d6fade0dc,Mercury Lamp,3459,nm,absorbance,1005.6625899974294
1014.967,-2.40782,37381227-77f4-4711-9322-5d3d6fade0dc,Mercury Lamp,3460,nm,absorbance,1005.8283521960574
1015.134,5.372429,37381227-77f4-4711-9322-5d3d6fade0dc,Mercury Lamp,3461,nm,absorbance,1005.9941143946853
1015.3,10.894861,37381227-77f4-4711-9322-5d3d6fade0dc,Mercury Lamp,3462,nm,absorbance,1006.1588840052974
1015.467,14.706155999999998,37381227-77f4-4711-9322-5d3d6fade0dc,Mercury Lamp,3463,nm,absorbance,1006.3246462039253
1015.633,13.862469,37381227-77f4-4711-9322-5d3d6fade0dc,Mercury Lamp,3464,nm,absorbance,1006.4894158145376
1015.8,11.544859,37381227-77f4-4711-9322-5d3d6fade0dc,Mercury Lamp,3465,nm,absorbance,1006.6551780131653
1015.966,8.114953000000002,37381227-77f4-4711-9322-5d3d6fade0dc,Mercury Lamp,3466,nm,absorbance,1006.8199476237775
1016.133,4.388564000000001,37381227-77f4-4711-9322-5d3d6fade0dc,Mercury Lamp,3467,nm,absorbance,1006.9857098224054
1016.3,7.595312000000002,37381227-77f4-4711-9322-5d3d6fade0dc,Mercury Lamp,3468,nm,absorbance,1007.1514720210332
1016.466,9.501822,37381227-77f4-4711-9322-5d3d6fade0dc,Mercury Lamp,3469,nm,absorbance,1007.3162416316454
1016.632,10.630444,37381227-77f4-4711-9322-5d3d6fade0dc,Mercury Lamp,3470,nm,absorbance,1007.4810112422575
1016.799,4.225221,37381227-77f4-4711-9322-5d3d6fade0dc,Mercury Lamp,3471,nm,absorbance,1007.6467734408855
1016.965,4.450184999999999,37381227-77f4-4711-9322-5d3d6fade0dc,Mercury Lamp,3472,nm,absorbance,1007.8115430514977
1017.132,5.420572,37381227-77f4-4711-9322-5d3d6fade0dc,Mercury Lamp,3473,nm,absorbance,1007.9773052501254
1017.298,8.227223,37381227-77f4-4711-9322-5d3d6fade0dc,Mercury Lamp,3474,nm,absorbance,1008.1420748607376
1017.465,4.864364,37381227-77f4-4711-9322-5d3d6fade0dc,Mercury Lamp,3475,nm,absorbance,1008.3078370593655
1017.631,2.41397,37381227-77f4-4711-9322-5d3d6fade0dc,Mercury Lamp,3476,nm,absorbance,1008.4726066699776
1017.797,3.170221,37381227-77f4-4711-9322-5d3d6fade0dc,Mercury Lamp,3477,nm,absorbance,1008.6373762805898
1017.964,5.545592,37381227-77f4-4711-9322-5d3d6fade0dc,Mercury Lamp,3478,nm,absorbance,1008.8031384792178
1018.13,6.428652,37381227-77f4-4711-9322-5d3d6fade0dc,Mercury Lamp,3479,nm,absorbance,1008.9679080898298
1018.296,4.925873,37381227-77f4-4711-9322-5d3d6fade0dc,Mercury Lamp,3480,nm,absorbance,1009.1326777004421
1018.463,6.643662000000001,37381227-77f4-4711-9322-5d3d6fade0dc,Mercury Lamp,3481,nm,absorbance,1009.2984398990699
1018.629,12.274477,37381227-77f4-4711-9322-5d3d6fade0dc,Mercury Lamp,3482,nm,absorbance,1009.4632095096821
1018.795,11.818013999999998,37381227-77f4-4711-9322-5d3d6fade0dc,Mercury Lamp,3483,nm,absorbance,1009.6279791202941
1018.961,6.733611000000001,37381227-77f4-4711-9322-5d3d6fade0dc,Mercury Lamp,3484,nm,absorbance,1009.7927487309063
1019.128,-0.256336,37381227-77f4-4711-9322-5d3d6fade0dc,Mercury Lamp,3485,nm,absorbance,1009.9585109295342
1019.294,-0.425396,37381227-77f4-4711-9322-5d3d6fade0dc,Mercury Lamp,3486,nm,absorbance,1010.1232805401463
1019.46,6.934672000000001,37381227-77f4-4711-9322-5d3d6fade0dc,Mercury Lamp,3487,nm,absorbance,1010.2880501507585
1019.626,7.361313,37381227-77f4-4711-9322-5d3d6fade0dc,Mercury Lamp,3488,nm,absorbance,1010.4528197613706
1019.792,10.134315999999998,37381227-77f4-4711-9322-5d3d6fade0dc,Mercury Lamp,3489,nm,absorbance,1010.6175893719828
1019.959,9.972552,37381227-77f4-4711-9322-5d3d6fade0dc,Mercury Lamp,3490,nm,absorbance,1010.7833515706106
1020.125,7.971842999999998,37381227-77f4-4711-9322-5d3d6fade0dc,Mercury Lamp,3491,nm,absorbance,1010.9481211812229
1020.291,7.272943,37381227-77f4-4711-9322-5d3d6fade0dc,Mercury Lamp,3492,nm,absorbance,1011.1128907918351
1020.457,6.188373,37381227-77f4-4711-9322-5d3d6fade0dc,Mercury Lamp,3493,nm,absorbance,1011.2776604024472
1020.623,9.125092,37381227-77f4-4711-9322-5d3d6fade0dc,Mercury Lamp,3494,nm,absorbance,1011.4424300130593
1020.789,9.681818,37381227-77f4-4711-9322-5d3d6fade0dc,Mercury Lamp,3495,nm,absorbance,1011.6071996236714
1020.955,4.519745,37381227-77f4-4711-9322-5d3d6fade0dc,Mercury Lamp,3496,nm,absorbance,1011.7719692342836
1021.121,6.213312,37381227-77f4-4711-9322-5d3d6fade0dc,Mercury Lamp,3497,nm,absorbance,1011.9367388448957
1021.287,1.4113520000000002,37381227-77f4-4711-9322-5d3d6fade0dc,Mercury Lamp,3498,nm,absorbance,1012.1015084555079
1021.453,5.05851,37381227-77f4-4711-9322-5d3d6fade0dc,Mercury Lamp,3499,nm,absorbance,1012.26627806612
1021.619,8.721478999999999,37381227-77f4-4711-9322-5d3d6fade0dc,Mercury Lamp,3500,nm,absorbance,1012.4310476767322
1021.785,8.747665,37381227-77f4-4711-9322-5d3d6fade0dc,Mercury Lamp,3501,nm,absorbance,1012.5958172873443
1021.951,8.229836,37381227-77f4-4711-9322-5d3d6fade0dc,Mercury Lamp,3502,nm,absorbance,1012.7605868979565
1022.117,1.999465,37381227-77f4-4711-9322-5d3d6fade0dc,Mercury Lamp,3503,nm,absorbance,1012.9253565085686
1022.283,2.178433,37381227-77f4-4711-9322-5d3d6fade0dc,Mercury Lamp,3504,nm,absorbance,1013.0901261191808
1022.449,4.372041,37381227-77f4-4711-9322-5d3d6fade0dc,Mercury Lamp,3505,nm,absorbance,1013.2548957297929
1022.615,3.094772,37381227-77f4-4711-9322-5d3d6fade0dc,Mercury Lamp,3506,nm,absorbance,1013.419665340405
1022.781,6.356618,37381227-77f4-4711-9322-5d3d6fade0dc,Mercury Lamp,3507,nm,absorbance,1013.5844349510171
1022.946,-0.6450059999999999,37381227-77f4-4711-9322-5d3d6fade0dc,Mercury Lamp,3508,nm,absorbance,1013.7482119736136
1023.112,-0.53757,37381227-77f4-4711-9322-5d3d6fade0dc,Mercury Lamp,3509,nm,absorbance,1013.9129815842257
1023.278,-1.5856869999999996,37381227-77f4-4711-9322-5d3d6fade0dc,Mercury Lamp,3510,nm,absorbance,1014.0777511948379
1023.444,1.236956,37381227-77f4-4711-9322-5d3d6fade0dc,Mercury Lamp,3511,nm,absorbance,1014.24252080545
1023.61,6.472862000000001,37381227-77f4-4711-9322-5d3d6fade0dc,Mercury Lamp,3512,nm,absorbance,1014.4072904160622
1023.775,7.1438820000000005,37381227-77f4-4711-9322-5d3d6fade0dc,Mercury Lamp,3513,nm,absorbance,1014.5710674386586
1023.941,8.376214000000001,37381227-77f4-4711-9322-5d3d6fade0dc,Mercury Lamp,3514,nm,absorbance,1014.7358370492708
1024.107,5.082807,37381227-77f4-4711-9322-5d3d6fade0dc,Mercury Lamp,3515,nm,absorbance,1014.9006066598829
1024.273,7.510278999999999,37381227-77f4-4711-9322-5d3d6fade0dc,Mercury Lamp,3516,nm,absorbance,1015.065376270495
1024.438,6.773304,37381227-77f4-4711-9322-5d3d6fade0dc,Mercury Lamp,3517,nm,absorbance,1015.2291532930916
1024.604,5.39751,37381227-77f4-4711-9322-5d3d6fade0dc,Mercury Lamp,3518,nm,absorbance,1015.3939229037037
1024.77,-3.084753,37381227-77f4-4711-9322-5d3d6fade0dc,Mercury Lamp,3519,nm,absorbance,1015.5586925143158
1024.935,-2.788031,37381227-77f4-4711-9322-5d3d6fade0dc,Mercury Lamp,3520,nm,absorbance,1015.7224695369122
1025.101,2.763517,37381227-77f4-4711-9322-5d3d6fade0dc,Mercury Lamp,3521,nm,absorbance,1015.8872391475244
1025.267,8.241372,37381227-77f4-4711-9322-5d3d6fade0dc,Mercury Lamp,3522,nm,absorbance,1016.0520087581365
1025.432,12.157335,37381227-77f4-4711-9322-5d3d6fade0dc,Mercury Lamp,3523,nm,absorbance,1016.2157857807329
1025.598,6.006531999999999,37381227-77f4-4711-9322-5d3d6fade0dc,Mercury Lamp,3524,nm,absorbance,1016.380555391345
1025.763,6.498724,37381227-77f4-4711-9322-5d3d6fade0dc,Mercury Lamp,3525,nm,absorbance,1016.5443324139413
1025.929,3.609649,37381227-77f4-4711-9322-5d3d6fade0dc,Mercury Lamp,3526,nm,absorbance,1016.7091020245537
1026.095,2.419905,37381227-77f4-4711-9322-5d3d6fade0dc,Mercury Lamp,3527,nm,absorbance,1016.8738716351658
1026.26,1.012044,37381227-77f4-4711-9322-5d3d6fade0dc,Mercury Lamp,3528,nm,absorbance,1017.0376486577621
1026.426,-1.1427300000000005,37381227-77f4-4711-9322-5d3d6fade0dc,Mercury Lamp,3529,nm,absorbance,1017.2024182683742
1026.591,2.100053,37381227-77f4-4711-9322-5d3d6fade0dc,Mercury Lamp,3530,nm,absorbance,1017.3661952909706
1026.757,1.685852,37381227-77f4-4711-9322-5d3d6fade0dc,Mercury Lamp,3531,nm,absorbance,1017.5309649015829
1026.922,3.364629,37381227-77f4-4711-9322-5d3d6fade0dc,Mercury Lamp,3532,nm,absorbance,1017.6947419241793
1027.087,2.501204,37381227-77f4-4711-9322-5d3d6fade0dc,Mercury Lamp,3533,nm,absorbance,1017.8585189467757
1027.253,0.5976649999999999,37381227-77f4-4711-9322-5d3d6fade0dc,Mercury Lamp,3534,nm,absorbance,1018.0232885573878
1027.418,4.064858,37381227-77f4-4711-9322-5d3d6fade0dc,Mercury Lamp,3535,nm,absorbance,1018.1870655799842
1027.584,2.350028,37381227-77f4-4711-9322-5d3d6fade0dc,Mercury Lamp,3536,nm,absorbance,1018.3518351905965
1027.749,8.399121000000001,37381227-77f4-4711-9322-5d3d6fade0dc,Mercury Lamp,3537,nm,absorbance,1018.5156122131929
1027.914,11.590398,37381227-77f4-4711-9322-5d3d6fade0dc,Mercury Lamp,3538,nm,absorbance,1018.6793892357892
1028.08,16.177227999999996,37381227-77f4-4711-9322-5d3d6fade0dc,Mercury Lamp,3539,nm,absorbance,1018.8441588464013
1028.245,9.831871,37381227-77f4-4711-9322-5d3d6fade0dc,Mercury Lamp,3540,nm,absorbance,1019.0079358689977
1028.41,6.730189,37381227-77f4-4711-9322-5d3d6fade0dc,Mercury Lamp,3541,nm,absorbance,1019.1717128915943
1028.576,4.816517,37381227-77f4-4711-9322-5d3d6fade0dc,Mercury Lamp,3542,nm,absorbance,1019.3364825022064
1028.741,9.991891,37381227-77f4-4711-9322-5d3d6fade0dc,Mercury Lamp,3543,nm,absorbance,1019.5002595248028
1028.906,5.147422999999999,37381227-77f4-4711-9322-5d3d6fade0dc,Mercury Lamp,3544,nm,absorbance,1019.6640365473992
1029.072,4.179136,37381227-77f4-4711-9322-5d3d6fade0dc,Mercury Lamp,3545,nm,absorbance,1019.8288061580112
1029.237,0.8514989999999999,37381227-77f4-4711-9322-5d3d6fade0dc,Mercury Lamp,3546,nm,absorbance,1019.9925831806078
1029.402,-0.331077,37381227-77f4-4711-9322-5d3d6fade0dc,Mercury Lamp,3547,nm,absorbance,1020.1563602032041
1029.567,-0.474293,37381227-77f4-4711-9322-5d3d6fade0dc,Mercury Lamp,3548,nm,absorbance,1020.3201372258005
1029.732,1.501413,37381227-77f4-4711-9322-5d3d6fade0dc,Mercury Lamp,3549,nm,absorbance,1020.4839142483969
1029.898,6.367622,37381227-77f4-4711-9322-5d3d6fade0dc,Mercury Lamp,3550,nm,absorbance,1020.648683859009
1030.063,5.056904000000001,37381227-77f4-4711-9322-5d3d6fade0dc,Mercury Lamp,3551,nm,absorbance,1020.8124608816056
1030.228,1.207277,37381227-77f4-4711-9322-5d3d6fade0dc,Mercury Lamp,3552,nm,absorbance,1020.976237904202
1030.393,-3.134894,37381227-77f4-4711-9322-5d3d6fade0dc,Mercury Lamp,3553,nm,absorbance,1021.1400149267984
1030.558,0.3568439999999999,37381227-77f4-4711-9322-5d3d6fade0dc,Mercury Lamp,3554,nm,absorbance,1021.3037919493947
1030.723,4.306922,37381227-77f4-4711-9322-5d3d6fade0dc,Mercury Lamp,3555,nm,absorbance,1021.4675689719911
1030.888,5.650178,37381227-77f4-4711-9322-5d3d6fade0dc,Mercury Lamp,3556,nm,absorbance,1021.6313459945875
1031.053,4.375308,37381227-77f4-4711-9322-5d3d6fade0dc,Mercury Lamp,3557,nm,absorbance,1021.7951230171841
1031.218,0.940268,37381227-77f4-4711-9322-5d3d6fade0dc,Mercury Lamp,3558,nm,absorbance,1021.9589000397805
1031.383,2.794634,37381227-77f4-4711-9322-5d3d6fade0dc,Mercury Lamp,3559,nm,absorbance,1022.1226770623769
1031.548,4.141712,37381227-77f4-4711-9322-5d3d6fade0dc,Mercury Lamp,3560,nm,absorbance,1022.2864540849732
1031.713,5.285596,37381227-77f4-4711-9322-5d3d6fade0dc,Mercury Lamp,3561,nm,absorbance,1022.4502311075697
1031.878,3.74413,37381227-77f4-4711-9322-5d3d6fade0dc,Mercury Lamp,3562,nm,absorbance,1022.6140081301661
1032.043,0.979056,37381227-77f4-4711-9322-5d3d6fade0dc,Mercury Lamp,3563,nm,absorbance,1022.7777851527625
1032.208,5.938924999999999,37381227-77f4-4711-9322-5d3d6fade0dc,Mercury Lamp,3564,nm,absorbance,1022.9415621753591
1032.373,9.301495999999998,37381227-77f4-4711-9322-5d3d6fade0dc,Mercury Lamp,3565,nm,absorbance,1023.1053391979555
1032.538,13.04733,37381227-77f4-4711-9322-5d3d6fade0dc,Mercury Lamp,3566,nm,absorbance,1023.2691162205518
1032.703,7.445524000000001,37381227-77f4-4711-9322-5d3d6fade0dc,Mercury Lamp,3567,nm,absorbance,1023.4328932431482
1032.868,9.115233,37381227-77f4-4711-9322-5d3d6fade0dc,Mercury Lamp,3568,nm,absorbance,1023.5966702657446
1033.033,0.30428,37381227-77f4-4711-9322-5d3d6fade0dc,Mercury Lamp,3569,nm,absorbance,1023.760447288341
1033.198,-2.3529810000000007,37381227-77f4-4711-9322-5d3d6fade0dc,Mercury Lamp,3570,nm,absorbance,1023.9242243109376
1033.362,-5.146087,37381227-77f4-4711-9322-5d3d6fade0dc,Mercury Lamp,3571,nm,absorbance,1024.0870087455182
1033.527,-0.82742,37381227-77f4-4711-9322-5d3d6fade0dc,Mercury Lamp,3572,nm,absorbance,1024.2507857681146
1033.692,4.515463,37381227-77f4-4711-9322-5d3d6fade0dc,Mercury Lamp,3573,nm,absorbance,1024.414562790711
1033.857,-0.6769079999999998,37381227-77f4-4711-9322-5d3d6fade0dc,Mercury Lamp,3574,nm,absorbance,1024.5783398133074
1034.021,0.6692150000000001,37381227-77f4-4711-9322-5d3d6fade0dc,Mercury Lamp,3575,nm,absorbance,1024.7411242478881
1034.186,1.057498,37381227-77f4-4711-9322-5d3d6fade0dc,Mercury Lamp,3576,nm,absorbance,1024.9049012704845
1034.351,4.757212000000001,37381227-77f4-4711-9322-5d3d6fade0dc,Mercury Lamp,3577,nm,absorbance,1025.0686782930811
1034.516,5.425365,37381227-77f4-4711-9322-5d3d6fade0dc,Mercury Lamp,3578,nm,absorbance,1025.2324553156775
1034.68,2.051356,37381227-77f4-4711-9322-5d3d6fade0dc,Mercury Lamp,3579,nm,absorbance,1025.395239750258
1034.845,-0.364029,37381227-77f4-4711-9322-5d3d6fade0dc,Mercury Lamp,3580,nm,absorbance,1025.5590167728544
1035.01,3.5585720000000003,37381227-77f4-4711-9322-5d3d6fade0dc,Mercury Lamp,3581,nm,absorbance,1025.7227937954508
1035.174,5.95119,37381227-77f4-4711-9322-5d3d6fade0dc,Mercury Lamp,3582,nm,absorbance,1025.8855782300316
1035.339,5.549948,37381227-77f4-4711-9322-5d3d6fade0dc,Mercury Lamp,3583,nm,absorbance,1026.049355252628
1035.504,3.94424,37381227-77f4-4711-9322-5d3d6fade0dc,Mercury Lamp,3584,nm,absorbance,1026.2131322752243
1035.668,7.681485,37381227-77f4-4711-9322-5d3d6fade0dc,Mercury Lamp,3585,nm,absorbance,1026.3759167098049
1035.833,10.761923,37381227-77f4-4711-9322-5d3d6fade0dc,Mercury Lamp,3586,nm,absorbance,1026.5396937324015
1035.997,7.914044,37381227-77f4-4711-9322-5d3d6fade0dc,Mercury Lamp,3587,nm,absorbance,1026.7024781669822
1036.162,6.746968,37381227-77f4-4711-9322-5d3d6fade0dc,Mercury Lamp,3588,nm,absorbance,1026.8662551895786
1036.326,1.827941,37381227-77f4-4711-9322-5d3d6fade0dc,Mercury Lamp,3589,nm,absorbance,1027.0290396241592
1036.491,0.17521,37381227-77f4-4711-9322-5d3d6fade0dc,Mercury Lamp,3590,nm,absorbance,1027.1928166467555
1036.655,-1.0981479999999997,37381227-77f4-4711-9322-5d3d6fade0dc,Mercury Lamp,3591,nm,absorbance,1027.3556010813363
1036.82,6.871103000000001,37381227-77f4-4711-9322-5d3d6fade0dc,Mercury Lamp,3592,nm,absorbance,1027.5193781039327
1036.984,10.944814,37381227-77f4-4711-9322-5d3d6fade0dc,Mercury Lamp,3593,nm,absorbance,1027.6821625385132
1037.149,8.734959,37381227-77f4-4711-9322-5d3d6fade0dc,Mercury Lamp,3594,nm,absorbance,1027.8459395611096
1037.313,4.514468,37381227-77f4-4711-9322-5d3d6fade0dc,Mercury Lamp,3595,nm,absorbance,1028.0087239956906
1037.478,0.0561749999999999,37381227-77f4-4711-9322-5d3d6fade0dc,Mercury Lamp,3596,nm,absorbance,1028.172501018287
1037.642,2.632303,37381227-77f4-4711-9322-5d3d6fade0dc,Mercury Lamp,3597,nm,absorbance,1028.3352854528675
1037.807,1.703416,37381227-77f4-4711-9322-5d3d6fade0dc,Mercury Lamp,3598,nm,absorbance,1028.499062475464
1037.971,2.189048,37381227-77f4-4711-9322-5d3d6fade0dc,Mercury Lamp,3599,nm,absorbance,1028.6618469100447
1038.135,1.001798,37381227-77f4-4711-9322-5d3d6fade0dc,Mercury Lamp,3600,nm,absorbance,1028.8246313446252
1038.3,1.340697,37381227-77f4-4711-9322-5d3d6fade0dc,Mercury Lamp,3601,nm,absorbance,1028.9884083672216
1038.464,4.470344,37381227-77f4-4711-9322-5d3d6fade0dc,Mercury Lamp,3602,nm,absorbance,1029.1511928018024
1038.628,3.019485,37381227-77f4-4711-9322-5d3d6fade0dc,Mercury Lamp,3603,nm,absorbance,1029.313977236383
1038.792,8.007988000000001,37381227-77f4-4711-9322-5d3d6fade0dc,Mercury Lamp,3604,nm,absorbance,1029.4767616709637
1038.957,6.755658,37381227-77f4-4711-9322-5d3d6fade0dc,Mercury Lamp,3605,nm,absorbance,1029.6405386935603
1039.121,6.521094000000001,37381227-77f4-4711-9322-5d3d6fade0dc,Mercury Lamp,3606,nm,absorbance,1029.8033231281408
1039.285,0.6099800000000003,37381227-77f4-4711-9322-5d3d6fade0dc,Mercury Lamp,3607,nm,absorbance,1029.9661075627216
1039.449,-0.3223279999999998,37381227-77f4-4711-9322-5d3d6fade0dc,Mercury Lamp,3608,nm,absorbance,1030.1288919973022
1039.614,0.7343029999999999,37381227-77f4-4711-9322-5d3d6fade0dc,Mercury Lamp,3609,nm,absorbance,1030.2926690198985
1039.778,-1.728093,37381227-77f4-4711-9322-5d3d6fade0dc,Mercury Lamp,3610,nm,absorbance,1030.4554534544793
1039.942,-3.510701,37381227-77f4-4711-9322-5d3d6fade0dc,Mercury Lamp,3611,nm,absorbance,1030.6182378890599
1040.106,-6.555368,37381227-77f4-4711-9322-5d3d6fade0dc,Mercury Lamp,3612,nm,absorbance,1030.7810223236406
1040.27,-2.453394,37381227-77f4-4711-9322-5d3d6fade0dc,Mercury Lamp,3613,nm,absorbance,1030.9438067582212
1040.434,0.7345680000000001,37381227-77f4-4711-9322-5d3d6fade0dc,Mercury Lamp,3614,nm,absorbance,1031.106591192802
1040.599,9.373993,37381227-77f4-4711-9322-5d3d6fade0dc,Mercury Lamp,3615,nm,absorbance,1031.2703682153983
1040.763,15.044593999999998,37381227-77f4-4711-9322-5d3d6fade0dc,Mercury Lamp,3616,nm,absorbance,1031.433152649979
1040.927,16.221441,37381227-77f4-4711-9322-5d3d6fade0dc,Mercury Lamp,3617,nm,absorbance,1031.5959370845596
1041.091,10.277727,37381227-77f4-4711-9322-5d3d6fade0dc,Mercury Lamp,3618,nm,absorbance,1031.7587215191404
1041.255,4.799387,37381227-77f4-4711-9322-5d3d6fade0dc,Mercury Lamp,3619,nm,absorbance,1031.9215059537212
1041.419,3.293045,37381227-77f4-4711-9322-5d3d6fade0dc,Mercury Lamp,3620,nm,absorbance,1032.084290388302
1041.583,2.61167,37381227-77f4-4711-9322-5d3d6fade0dc,Mercury Lamp,3621,nm,absorbance,1032.2470748228825
1041.747,4.042417,37381227-77f4-4711-9322-5d3d6fade0dc,Mercury Lamp,3622,nm,absorbance,1032.4098592574633
1041.911,4.987249,37381227-77f4-4711-9322-5d3d6fade0dc,Mercury Lamp,3623,nm,absorbance,1032.5726436920438
1042.075,4.227601000000001,37381227-77f4-4711-9322-5d3d6fade0dc,Mercury Lamp,3624,nm,absorbance,1032.7354281266246
1042.239,2.503638,37381227-77f4-4711-9322-5d3d6fade0dc,Mercury Lamp,3625,nm,absorbance,1032.8982125612051
1042.403,0.2906969999999999,37381227-77f4-4711-9322-5d3d6fade0dc,Mercury Lamp,3626,nm,absorbance,1033.060996995786
1042.567,6.192847,37381227-77f4-4711-9322-5d3d6fade0dc,Mercury Lamp,3627,nm,absorbance,1033.2237814303664
1042.731,5.315889,37381227-77f4-4711-9322-5d3d6fade0dc,Mercury Lamp,3628,nm,absorbance,1033.3865658649472
1042.894,2.738356,37381227-77f4-4711-9322-5d3d6fade0dc,Mercury Lamp,3629,nm,absorbance,1033.5483577115122
1043.058,-0.842443,37381227-77f4-4711-9322-5d3d6fade0dc,Mercury Lamp,3630,nm,absorbance,1033.7111421460927
1043.222,-3.070756,37381227-77f4-4711-9322-5d3d6fade0dc,Mercury Lamp,3631,nm,absorbance,1033.8739265806735
1043.386,-2.360942,37381227-77f4-4711-9322-5d3d6fade0dc,Mercury Lamp,3632,nm,absorbance,1034.036711015254
1043.55,-6.321444999999998,37381227-77f4-4711-9322-5d3d6fade0dc,Mercury Lamp,3633,nm,absorbance,1034.1994954498348
1043.714,0.885514,37381227-77f4-4711-9322-5d3d6fade0dc,Mercury Lamp,3634,nm,absorbance,1034.3622798844156
1043.877,3.965798,37381227-77f4-4711-9322-5d3d6fade0dc,Mercury Lamp,3635,nm,absorbance,1034.5240717309805
1044.041,5.422536999999998,37381227-77f4-4711-9322-5d3d6fade0dc,Mercury Lamp,3636,nm,absorbance,1034.686856165561
1044.205,5.868482000000001,37381227-77f4-4711-9322-5d3d6fade0dc,Mercury Lamp,3637,nm,absorbance,1034.8496406001418
1044.369,7.646102999999998,37381227-77f4-4711-9322-5d3d6fade0dc,Mercury Lamp,3638,nm,absorbance,1035.0124250347224
1044.532,8.099062,37381227-77f4-4711-9322-5d3d6fade0dc,Mercury Lamp,3639,nm,absorbance,1035.1742168812873
1044.696,4.836205999999999,37381227-77f4-4711-9322-5d3d6fade0dc,Mercury Lamp,3640,nm,absorbance,1035.337001315868
1044.86,0.252887,37381227-77f4-4711-9322-5d3d6fade0dc,Mercury Lamp,3641,nm,absorbance,1035.4997857504486
1045.023,-0.3596520000000002,37381227-77f4-4711-9322-5d3d6fade0dc,Mercury Lamp,3642,nm,absorbance,1035.6615775970135
1045.187,-3.612864000000001,37381227-77f4-4711-9322-5d3d6fade0dc,Mercury Lamp,3643,nm,absorbance,1035.8243620315943
1045.351,1.4137290000000002,37381227-77f4-4711-9322-5d3d6fade0dc,Mercury Lamp,3644,nm,absorbance,1035.987146466175
1045.514,5.204191,37381227-77f4-4711-9322-5d3d6fade0dc,Mercury Lamp,3645,nm,absorbance,1036.1489383127398
1045.678,9.057074000000002,37381227-77f4-4711-9322-5d3d6fade0dc,Mercury Lamp,3646,nm,absorbance,1036.3117227473208
1045.841,8.353572999999999,37381227-77f4-4711-9322-5d3d6fade0dc,Mercury Lamp,3647,nm,absorbance,1036.4735145938855
