wavelength_nm,intensity,spectrum_id,spectrum_name,point_index,x_unit,y_unit,wavelength_calibrated_nm
345.386,0.4738039999999997,4ef7a7ad-18f5-4edc-8181-d1957c45b67f,Neon Lamp,0,nm,absorbance,341.21027603164254
345.605,0.4738039999999997,4ef7a7ad-18f5-4edc-8181-d1957c45b67f,Neon Lamp,1,nm,absorbance,341.4276528070887
345.824,1.7108339999999995,4ef7a7ad-18f5-4edc-8181-d1957c45b67f,Neon Lamp,2,nm,absorbance,341.6450295825348
346.044,-0.0894290000000001,4ef7a7ad-18f5-4edc-8181-d1957c45b67f,Neon Lamp,3,nm,absorbance,341.86339894599666
346.263,-1.255954,4ef7a7ad-18f5-4edc-8181-d1957c45b67f,Neon Lamp,4,nm,absorbance,342.0807757214428
346.482,-3.92041,4ef7a7ad-18f5-4edc-8181-d1957c45b67f,Neon Lamp,5,nm,absorbance,342.29815249688903
346.701,0.6027220000000002,4ef7a7ad-18f5-4edc-8181-d1957c45b67f,Neon Lamp,6,nm,absorbance,342.51552927233513
346.92,3.552601,4ef7a7ad-18f5-4edc-8181-d1957c45b67f,Neon Lamp,7,nm,absorbance,342.7329060477813
347.139,4.2762,4ef7a7ad-18f5-4edc-8181-d1957c45b67f,Neon Lamp,8,nm,absorbance,342.95028282322744
347.358,-3.584139999999999,4ef7a7ad-18f5-4edc-8181-d1957c45b67f,Neon Lamp,9,nm,absorbance,343.1676595986736
347.577,-1.975766,4ef7a7ad-18f5-4edc-8181-d1957c45b67f,Neon Lamp,10,nm,absorbance,343.3850363741197
347.796,-1.803116,4ef7a7ad-18f5-4edc-8181-d1957c45b67f,Neon Lamp,11,nm,absorbance,343.60241314956585
348.015,4.971378,4ef7a7ad-18f5-4edc-8181-d1957c45b67f,Neon Lamp,12,nm,absorbance,343.819789925012
348.234,1.6027209999999996,4ef7a7ad-18f5-4edc-8181-d1957c45b67f,Neon Lamp,13,nm,absorbance,344.03716670045816
348.453,-0.8581520000000001,4ef7a7ad-18f5-4edc-8181-d1957c45b67f,Neon Lamp,14,nm,absorbance,344.25454347590426
348.672,-1.986343,4ef7a7ad-18f5-4edc-8181-d1957c45b67f,Neon Lamp,15,nm,absorbance,344.47192025135047
348.891,-5.816198,4ef7a7ad-18f5-4edc-8181-d1957c45b67f,Neon Lamp,16,nm,absorbance,344.6892970267966
349.11,2.091769,4ef7a7ad-18f5-4edc-8181-d1957c45b67f,Neon Lamp,17,nm,absorbance,344.9066738022428
349.329,-0.01764,4ef7a7ad-18f5-4edc-8181-d1957c45b67f,Neon Lamp,18,nm,absorbance,345.12405057768893
349.548,2.661836,4ef7a7ad-18f5-4edc-8181-d1957c45b67f,Neon Lamp,19,nm,absorbance,345.34142735313503
349.767,4.124515000000001,4ef7a7ad-18f5-4edc-8181-d1957c45b67f,Neon Lamp,20,nm,absorbance,345.5588041285812
349.986,8.019942,4ef7a7ad-18f5-4edc-8181-d1957c45b67f,Neon Lamp,21,nm,absorbance,345.77618090402734
350.205,10.647641,4ef7a7ad-18f5-4edc-8181-d1957c45b67f,Neon Lamp,22,nm,absorbance,345.9935576794735
350.424,10.22958,4ef7a7ad-18f5-4edc-8181-d1957c45b67f,Neon Lamp,23,nm,absorbance,346.2109344549196
350.643,14.076407999999995,4ef7a7ad-18f5-4edc-8181-d1957c45b67f,Neon Lamp,24,nm,absorbance,346.42831123036575
350.862,10.651266,4ef7a7ad-18f5-4edc-8181-d1957c45b67f,Neon Lamp,25,nm,absorbance,346.64568800581196
351.08,6.880549,4ef7a7ad-18f5-4edc-8181-d1957c45b67f,Neon Lamp,26,nm,absorbance,346.86207219324234
351.299,3.793176,4ef7a7ad-18f5-4edc-8181-d1957c45b67f,Neon Lamp,27,nm,absorbance,347.0794489686885
351.518,8.110784,4ef7a7ad-18f5-4edc-8181-d1957c45b67f,Neon Lamp,28,nm,absorbance,347.2968257441346
351.737,8.534372000000001,4ef7a7ad-18f5-4edc-8181-d1957c45b67f,Neon Lamp,29,nm,absorbance,347.5142025195808
351.956,9.222087,4ef7a7ad-18f5-4edc-8181-d1957c45b67f,Neon Lamp,30,nm,absorbance,347.73157929502696
352.174,11.503565,4ef7a7ad-18f5-4edc-8181-d1957c45b67f,Neon Lamp,31,nm,absorbance,347.94796348245734
352.393,10.595364999999996,4ef7a7ad-18f5-4edc-8181-d1957c45b67f,Neon Lamp,32,nm,absorbance,348.16534025790344
352.612,9.757085,4ef7a7ad-18f5-4edc-8181-d1957c45b67f,Neon Lamp,33,nm,absorbance,348.38271703334965
352.831,10.906808000000002,4ef7a7ad-18f5-4edc-8181-d1957c45b67f,Neon Lamp,34,nm,absorbance,348.6000938087958
353.049,13.953818000000002,4ef7a7ad-18f5-4edc-8181-d1957c45b67f,Neon Lamp,35,nm,absorbance,348.8164779962262
353.268,12.155045,4ef7a7ad-18f5-4edc-8181-d1957c45b67f,Neon Lamp,36,nm,absorbance,349.03385477167234
353.487,13.914933,4ef7a7ad-18f5-4edc-8181-d1957c45b67f,Neon Lamp,37,nm,absorbance,349.2512315471185
353.705,11.314418,4ef7a7ad-18f5-4edc-8181-d1957c45b67f,Neon Lamp,38,nm,absorbance,349.4676157345489
353.924,13.475269,4ef7a7ad-18f5-4edc-8181-d1957c45b67f,Neon Lamp,39,nm,absorbance,349.684992509995
354.143,10.390249,4ef7a7ad-18f5-4edc-8181-d1957c45b67f,Neon Lamp,40,nm,absorbance,349.9023692854412
354.361,13.010224,4ef7a7ad-18f5-4edc-8181-d1957c45b67f,Neon Lamp,41,nm,absorbance,350.1187534728716
354.58,14.676753,4ef7a7ad-18f5-4edc-8181-d1957c45b67f,Neon Lamp,42,nm,absorbance,350.3361302483177
354.798,16.167892000000002,4ef7a7ad-18f5-4edc-8181-d1957c45b67f,Neon Lamp,43,nm,absorbance,350.55251443574815
355.017,16.324974,4ef7a7ad-18f5-4edc-8181-d1957c45b67f,Neon Lamp,44,nm,absorbance,350.7698912111943
355.236,16.331157,4ef7a7ad-18f5-4edc-8181-d1957c45b67f,Neon Lamp,45,nm,absorbance,350.98726798664046
355.454,13.147155,4ef7a7ad-18f5-4edc-8181-d1957c45b67f,Neon Lamp,46,nm,absorbance,351.2036521740709
355.673,15.145642999999998,4ef7a7ad-18f5-4edc-8181-d1957c45b67f,Neon Lamp,47,nm,absorbance,351.42102894951705
355.891,14.792906000000002,4ef7a7ad-18f5-4edc-8181-d1957c45b67f,Neon Lamp,48,nm,absorbance,351.63741313694743
356.11,17.231095000000003,4ef7a7ad-18f5-4edc-8181-d1957c45b67f,Neon Lamp,49,nm,absorbance,351.8547899123936
356.328,17.092687,4ef7a7ad-18f5-4edc-8181-d1957c45b67f,Neon Lamp,50,nm,absorbance,352.07117409982396
356.547,17.982148000000002,4ef7a7ad-18f5-4edc-8181-d1957c45b67f,Neon Lamp,51,nm,absorbance,352.2885508752702
356.765,20.217328,4ef7a7ad-18f5-4edc-8181-d1957c45b67f,Neon Lamp,52,nm,absorbance,352.50493506270055
356.984,19.970109,4ef7a7ad-18f5-4edc-8181-d1957c45b67f,Neon Lamp,53,nm,absorbance,352.7223118381467
357.202,18.517269,4ef7a7ad-18f5-4edc-8181-d1957c45b67f,Neon Lamp,54,nm,absorbance,352.9386960255771
357.42,17.131798999999997,4ef7a7ad-18f5-4edc-8181-d1957c45b67f,Neon Lamp,55,nm,absorbance,353.1550802130075
357.639,16.663677999999997,4ef7a7ad-18f5-4edc-8181-d1957c45b67f,Neon Lamp,56,nm,absorbance,353.3724569884537
357.857,20.352758,4ef7a7ad-18f5-4edc-8181-d1957c45b67f,Neon Lamp,57,nm,absorbance,353.5888411758841
358.076,20.995076,4ef7a7ad-18f5-4edc-8181-d1957c45b67f,Neon Lamp,58,nm,absorbance,353.80621795133027
358.294,26.199205,4ef7a7ad-18f5-4edc-8181-d1957c45b67f,Neon Lamp,59,nm,absorbance,354.02260213876065
358.512,28.940178999999997,4ef7a7ad-18f5-4edc-8181-d1957c45b67f,Neon Lamp,60,nm,absorbance,354.2389863261911
358.731,29.421549,4ef7a7ad-18f5-4edc-8181-d1957c45b67f,Neon Lamp,61,nm,absorbance,354.4563631016372
358.949,26.676095,4ef7a7ad-18f5-4edc-8181-d1957c45b67f,Neon Lamp,62,nm,absorbance,354.6727472890676
359.167,23.070404000000003,4ef7a7ad-18f5-4edc-8181-d1957c45b67f,Neon Lamp,63,nm,absorbance,354.889131476498
359.386,23.427136,4ef7a7ad-18f5-4edc-8181-d1957c45b67f,Neon Lamp,64,nm,absorbance,355.1065082519442
359.604,21.089294,4ef7a7ad-18f5-4edc-8181-d1957c45b67f,Neon Lamp,65,nm,absorbance,355.3228924393746
359.822,25.312846,4ef7a7ad-18f5-4edc-8181-d1957c45b67f,Neon Lamp,66,nm,absorbance,355.539276626805
360.04,25.164408,4ef7a7ad-18f5-4edc-8181-d1957c45b67f,Neon Lamp,67,nm,absorbance,355.75566081423545
360.259,22.77902,4ef7a7ad-18f5-4edc-8181-d1957c45b67f,Neon Lamp,68,nm,absorbance,355.97303758968155
360.477,21.982735,4ef7a7ad-18f5-4edc-8181-d1957c45b67f,Neon Lamp,69,nm,absorbance,356.18942177711193
360.695,21.86697,4ef7a7ad-18f5-4edc-8181-d1957c45b67f,Neon Lamp,70,nm,absorbance,356.40580596454237
360.913,29.971762999999992,4ef7a7ad-18f5-4edc-8181-d1957c45b67f,Neon Lamp,71,nm,absorbance,356.6221901519728
361.131,27.270208000000004,4ef7a7ad-18f5-4edc-8181-d1957c45b67f,Neon Lamp,72,nm,absorbance,356.8385743394032
361.35,22.488044,4ef7a7ad-18f5-4edc-8181-d1957c45b67f,Neon Lamp,73,nm,absorbance,357.0559511148494
361.568,18.831756,4ef7a7ad-18f5-4edc-8181-d1957c45b67f,Neon Lamp,74,nm,absorbance,357.27233530227977
361.786,17.327356,4ef7a7ad-18f5-4edc-8181-d1957c45b67f,Neon Lamp,75,nm,absorbance,357.48871948971015
362.004,25.338477,4ef7a7ad-18f5-4edc-8181-d1957c45b67f,Neon Lamp,76,nm,absorbance,357.7051036771406
362.222,26.005212,4ef7a7ad-18f5-4edc-8181-d1957c45b67f,Neon Lamp,77,nm,absorbance,357.92148786457096
362.44,26.507919999999995,4ef7a7ad-18f5-4edc-8181-d1957c45b67f,Neon Lamp,78,nm,absorbance,358.1378720520014
362.658,24.090132,4ef7a7ad-18f5-4edc-8181-d1957c45b67f,Neon Lamp,79,nm,absorbance,358.35425623943183
362.876,21.571819,4ef7a7ad-18f5-4edc-8181-d1957c45b67f,Neon Lamp,80,nm,absorbance,358.5706404268622
363.094,24.172021,4ef7a7ad-18f5-4edc-8181-d1957c45b67f,Neon Lamp,81,nm,absorbance,358.78702461429265
363.312,26.133466,4ef7a7ad-18f5-4edc-8181-d1957c45b67f,Neon Lamp,82,nm,absorbance,359.0034088017231
363.53,25.344876,4ef7a7ad-18f5-4edc-8181-d1957c45b67f,Neon Lamp,83,nm,absorbance,359.21979298915346
363.749,21.844076,4ef7a7ad-18f5-4edc-8181-d1957c45b67f,Neon Lamp,84,nm,absorbance,359.4371697645996
363.967,20.924536,4ef7a7ad-18f5-4edc-8181-d1957c45b67f,Neon Lamp,85,nm,absorbance,359.65355395203
364.184,18.291842,4ef7a7ad-18f5-4edc-8181-d1957c45b67f,Neon Lamp,86,nm,absorbance,359.8689455514447
364.402,24.027719,4ef7a7ad-18f5-4edc-8181-d1957c45b67f,Neon Lamp,87,nm,absorbance,360.0853297388751
364.62,22.865419,4ef7a7ad-18f5-4edc-8181-d1957c45b67f,Neon Lamp,88,nm,absorbance,360.3017139263055
364.838,23.78838,4ef7a7ad-18f5-4edc-8181-d1957c45b67f,Neon Lamp,89,nm,absorbance,360.51809811373596
365.056,14.030873999999995,4ef7a7ad-18f5-4edc-8181-d1957c45b67f,Neon Lamp,90,nm,absorbance,360.73448230116634
365.274,8.868345999999999,4ef7a7ad-18f5-4edc-8181-d1957c45b67f,Neon Lamp,91,nm,absorbance,360.9508664885968
365.492,5.834488,4ef7a7ad-18f5-4edc-8181-d1957c45b67f,Neon Lamp,92,nm,absorbance,361.1672506760272
365.71,6.844206,4ef7a7ad-18f5-4edc-8181-d1957c45b67f,Neon Lamp,93,nm,absorbance,361.3836348634576
365.928,8.083383999999999,4ef7a7ad-18f5-4edc-8181-d1957c45b67f,Neon Lamp,94,nm,absorbance,361.60001905088797
366.146,11.048242,4ef7a7ad-18f5-4edc-8181-d1957c45b67f,Neon Lamp,95,nm,absorbance,361.8164032383184
366.364,12.761114000000005,4ef7a7ad-18f5-4edc-8181-d1957c45b67f,Neon Lamp,96,nm,absorbance,362.0327874257488
366.581,12.519818,4ef7a7ad-18f5-4edc-8181-d1957c45b67f,Neon Lamp,97,nm,absorbance,362.2481790251635
366.799,13.255293,4ef7a7ad-18f5-4edc-8181-d1957c45b67f,Neon Lamp,98,nm,absorbance,362.4645632125939
367.017,13.878786,4ef7a7ad-18f5-4edc-8181-d1957c45b67f,Neon Lamp,99,nm,absorbance,362.6809474000243
367.235,13.761276,4ef7a7ad-18f5-4edc-8181-d1957c45b67f,Neon Lamp,100,nm,absorbance,362.89733158745474
367.453,13.312611999999998,4ef7a7ad-18f5-4edc-8181-d1957c45b67f,Neon Lamp,101,nm,absorbance,363.1137157748851
367.67,10.80258,4ef7a7ad-18f5-4edc-8181-d1957c45b67f,Neon Lamp,102,nm,absorbance,363.32910737429984
367.888,8.905717000000001,4ef7a7ad-18f5-4edc-8181-d1957c45b67f,Neon Lamp,103,nm,absorbance,363.5454915617302
368.106,8.739385,4ef7a7ad-18f5-4edc-8181-d1957c45b67f,Neon Lamp,104,nm,absorbance,363.76187574916065
368.323,6.714565,4ef7a7ad-18f5-4edc-8181-d1957c45b67f,Neon Lamp,105,nm,absorbance,363.9772673485753
368.541,1.4874470000000002,4ef7a7ad-18f5-4edc-8181-d1957c45b67f,Neon Lamp,106,nm,absorbance,364.19365153600575
368.759,1.319153,4ef7a7ad-18f5-4edc-8181-d1957c45b67f,Neon Lamp,107,nm,absorbance,364.4100357234362
368.977,4.790175,4ef7a7ad-18f5-4edc-8181-d1957c45b67f,Neon Lamp,108,nm,absorbance,364.6264199108665
369.194,14.623557999999996,4ef7a7ad-18f5-4edc-8181-d1957c45b67f,Neon Lamp,109,nm,absorbance,364.8418115102812
369.412,13.965173000000002,4ef7a7ad-18f5-4edc-8181-d1957c45b67f,Neon Lamp,110,nm,absorbance,365.0581956977116
369.629,10.454813,4ef7a7ad-18f5-4edc-8181-d1957c45b67f,Neon Lamp,111,nm,absorbance,365.2735872971263
369.847,4.831738,4ef7a7ad-18f5-4edc-8181-d1957c45b67f,Neon Lamp,112,nm,absorbance,365.4899714845567
370.065,5.47429,4ef7a7ad-18f5-4edc-8181-d1957c45b67f,Neon Lamp,113,nm,absorbance,365.7063556719871
370.282,6.673534999999999,4ef7a7ad-18f5-4edc-8181-d1957c45b67f,Neon Lamp,114,nm,absorbance,365.9217472714018
370.5,8.997295,4ef7a7ad-18f5-4edc-8181-d1957c45b67f,Neon Lamp,115,nm,absorbance,366.1381314588322
370.717,7.092977,4ef7a7ad-18f5-4edc-8181-d1957c45b67f,Neon Lamp,116,nm,absorbance,366.3535230582469
370.935,6.092564999999999,4ef7a7ad-18f5-4edc-8181-d1957c45b67f,Neon Lamp,117,nm,absorbance,366.5699072456773
371.152,4.43665,4ef7a7ad-18f5-4edc-8181-d1957c45b67f,Neon Lamp,118,nm,absorbance,366.785298845092
371.37,5.391415,4ef7a7ad-18f5-4edc-8181-d1957c45b67f,Neon Lamp,119,nm,absorbance,367.0016830325224
371.588,5.984752000000001,4ef7a7ad-18f5-4edc-8181-d1957c45b67f,Neon Lamp,120,nm,absorbance,367.21806721995284
371.805,11.884004999999998,4ef7a7ad-18f5-4edc-8181-d1957c45b67f,Neon Lamp,121,nm,absorbance,367.4334588193675
372.022,7.354743000000001,4ef7a7ad-18f5-4edc-8181-d1957c45b67f,Neon Lamp,122,nm,absorbance,367.64885041878216
372.24,11.522943,4ef7a7ad-18f5-4edc-8181-d1957c45b67f,Neon Lamp,123,nm,absorbance,367.8652346062126
372.457,3.515296,4ef7a7ad-18f5-4edc-8181-d1957c45b67f,Neon Lamp,124,nm,absorbance,368.08062620562725
372.675,15.260291,4ef7a7ad-18f5-4edc-8181-d1957c45b67f,Neon Lamp,125,nm,absorbance,368.2970103930577
372.892,10.674618,4ef7a7ad-18f5-4edc-8181-d1957c45b67f,Neon Lamp,126,nm,absorbance,368.51240199247235
373.11,12.075948999999998,4ef7a7ad-18f5-4edc-8181-d1957c45b67f,Neon Lamp,127,nm,absorbance,368.7287861799028
373.327,7.195796,4ef7a7ad-18f5-4edc-8181-d1957c45b67f,Neon Lamp,128,nm,absorbance,368.94417777931744
373.544,11.475081,4ef7a7ad-18f5-4edc-8181-d1957c45b67f,Neon Lamp,129,nm,absorbance,369.1595693787321
373.762,14.306594999999998,4ef7a7ad-18f5-4edc-8181-d1957c45b67f,Neon Lamp,130,nm,absorbance,369.37595356616254
373.979,11.82792,4ef7a7ad-18f5-4edc-8181-d1957c45b67f,Neon Lamp,131,nm,absorbance,369.5913451655772
374.196,10.817349,4ef7a7ad-18f5-4edc-8181-d1957c45b67f,Neon Lamp,132,nm,absorbance,369.8067367649919
374.414,13.023999,4ef7a7ad-18f5-4edc-8181-d1957c45b67f,Neon Lamp,133,nm,absorbance,370.0231209524223
374.631,15.980610000000002,4ef7a7ad-18f5-4edc-8181-d1957c45b67f,Neon Lamp,134,nm,absorbance,370.23851255183695
374.848,15.214578999999995,4ef7a7ad-18f5-4edc-8181-d1957c45b67f,Neon Lamp,135,nm,absorbance,370.45390415125166
375.066,18.306694,4ef7a7ad-18f5-4edc-8181-d1957c45b67f,Neon Lamp,136,nm,absorbance,370.670288338682
375.283,15.001933999999997,4ef7a7ad-18f5-4edc-8181-d1957c45b67f,Neon Lamp,137,nm,absorbance,370.88567993809676
375.5,14.327577,4ef7a7ad-18f5-4edc-8181-d1957c45b67f,Neon Lamp,138,nm,absorbance,371.1010715375114
375.717,13.397168,4ef7a7ad-18f5-4edc-8181-d1957c45b67f,Neon Lamp,139,nm,absorbance,371.3164631369261
375.935,14.885705000000002,4ef7a7ad-18f5-4edc-8181-d1957c45b67f,Neon Lamp,140,nm,absorbance,371.53284732435645
376.152,17.503528000000003,4ef7a7ad-18f5-4edc-8181-d1957c45b67f,Neon Lamp,141,nm,absorbance,371.74823892377117
376.369,11.809580999999998,4ef7a7ad-18f5-4edc-8181-d1957c45b67f,Neon Lamp,142,nm,absorbance,371.9636305231859
376.586,11.596552,4ef7a7ad-18f5-4edc-8181-d1957c45b67f,Neon Lamp,143,nm,absorbance,372.17902212260054
376.803,12.638519,4ef7a7ad-18f5-4edc-8181-d1957c45b67f,Neon Lamp,144,nm,absorbance,372.3944137220152
377.02,17.230329,4ef7a7ad-18f5-4edc-8181-d1957c45b67f,Neon Lamp,145,nm,absorbance,372.60980532142986
377.238,19.614668,4ef7a7ad-18f5-4edc-8181-d1957c45b67f,Neon Lamp,146,nm,absorbance,372.8261895088603
377.455,18.452432000000005,4ef7a7ad-18f5-4edc-8181-d1957c45b67f,Neon Lamp,147,nm,absorbance,373.04158110827495
377.672,17.182291,4ef7a7ad-18f5-4edc-8181-d1957c45b67f,Neon Lamp,148,nm,absorbance,373.25697270768967
377.889,15.685774999999998,4ef7a7ad-18f5-4edc-8181-d1957c45b67f,Neon Lamp,149,nm,absorbance,373.4723643071043
378.106,17.149177,4ef7a7ad-18f5-4edc-8181-d1957c45b67f,Neon Lamp,150,nm,absorbance,373.687755906519
378.323,20.486367999999995,4ef7a7ad-18f5-4edc-8181-d1957c45b67f,Neon Lamp,151,nm,absorbance,373.90314750593365
378.54,22.234123,4ef7a7ad-18f5-4edc-8181-d1957c45b67f,Neon Lamp,152,nm,absorbance,374.11853910534836
378.757,19.025642,4ef7a7ad-18f5-4edc-8181-d1957c45b67f,Neon Lamp,153,nm,absorbance,374.333930704763
378.974,16.74652,4ef7a7ad-18f5-4edc-8181-d1957c45b67f,Neon Lamp,154,nm,absorbance,374.5493223041777
379.191,17.541223000000002,4ef7a7ad-18f5-4edc-8181-d1957c45b67f,Neon Lamp,155,nm,absorbance,374.76471390359234
379.408,20.300957000000004,4ef7a7ad-18f5-4edc-8181-d1957c45b67f,Neon Lamp,156,nm,absorbance,374.98010550300705
379.625,14.135094999999998,4ef7a7ad-18f5-4edc-8181-d1957c45b67f,Neon Lamp,157,nm,absorbance,375.1954971024217
379.842,13.123460999999995,4ef7a7ad-18f5-4edc-8181-d1957c45b67f,Neon Lamp,158,nm,absorbance,375.41088870183637
380.059,13.743761,4ef7a7ad-18f5-4edc-8181-d1957c45b67f,Neon Lamp,159,nm,absorbance,375.6262803012511
380.276,19.643186,4ef7a7ad-18f5-4edc-8181-d1957c45b67f,Neon Lamp,160,nm,absorbance,375.84167190066574
380.493,16.088183,4ef7a7ad-18f5-4edc-8181-d1957c45b67f,Neon Lamp,161,nm,absorbance,376.0570635000804
380.71,15.506251,4ef7a7ad-18f5-4edc-8181-d1957c45b67f,Neon Lamp,162,nm,absorbance,376.27245509949506
380.927,12.639653,4ef7a7ad-18f5-4edc-8181-d1957c45b67f,Neon Lamp,163,nm,absorbance,376.4878466989098
381.143,19.047654,4ef7a7ad-18f5-4edc-8181-d1957c45b67f,Neon Lamp,164,nm,absorbance,376.70224571030866
381.36,15.854412,4ef7a7ad-18f5-4edc-8181-d1957c45b67f,Neon Lamp,165,nm,absorbance,376.9176373097234
381.577,22.234233,4ef7a7ad-18f5-4edc-8181-d1957c45b67f,Neon Lamp,166,nm,absorbance,377.13302890913803
381.794,17.39918,4ef7a7ad-18f5-4edc-8181-d1957c45b67f,Neon Lamp,167,nm,absorbance,377.3484205085527
382.011,18.441056,4ef7a7ad-18f5-4edc-8181-d1957c45b67f,Neon Lamp,168,nm,absorbance,377.5638121079674
382.228,14.012137,4ef7a7ad-18f5-4edc-8181-d1957c45b67f,Neon Lamp,169,nm,absorbance,377.77920370738207
382.444,15.939028,4ef7a7ad-18f5-4edc-8181-d1957c45b67f,Neon Lamp,170,nm,absorbance,377.993602718781
382.661,20.486772,4ef7a7ad-18f5-4edc-8181-d1957c45b67f,Neon Lamp,171,nm,absorbance,378.2089943181957
382.878,20.887432,4ef7a7ad-18f5-4edc-8181-d1957c45b67f,Neon Lamp,172,nm,absorbance,378.4243859176104
383.095,20.668477000000003,4ef7a7ad-18f5-4edc-8181-d1957c45b67f,Neon Lamp,173,nm,absorbance,378.6397775170251
383.311,19.746322,4ef7a7ad-18f5-4edc-8181-d1957c45b67f,Neon Lamp,174,nm,absorbance,378.854176528424
383.528,21.793442,4ef7a7ad-18f5-4edc-8181-d1957c45b67f,Neon Lamp,175,nm,absorbance,379.0695681278387
383.745,21.32578,4ef7a7ad-18f5-4edc-8181-d1957c45b67f,Neon Lamp,176,nm,absorbance,379.28495972725335
383.962,20.840598,4ef7a7ad-18f5-4edc-8181-d1957c45b67f,Neon Lamp,177,nm,absorbance,379.500351326668
384.178,16.890172999999997,4ef7a7ad-18f5-4edc-8181-d1957c45b67f,Neon Lamp,178,nm,absorbance,379.71475033806695
384.395,15.563722000000002,4ef7a7ad-18f5-4edc-8181-d1957c45b67f,Neon Lamp,179,nm,absorbance,379.9301419374816
384.612,15.108398999999997,4ef7a7ad-18f5-4edc-8181-d1957c45b67f,Neon Lamp,180,nm,absorbance,380.1455335368963
384.828,16.140842,4ef7a7ad-18f5-4edc-8181-d1957c45b67f,Neon Lamp,181,nm,absorbance,380.3599325482952
385.045,17.667168,4ef7a7ad-18f5-4edc-8181-d1957c45b67f,Neon Lamp,182,nm,absorbance,380.5753241477099
385.261,15.222285000000005,4ef7a7ad-18f5-4edc-8181-d1957c45b67f,Neon Lamp,183,nm,absorbance,380.78972315910886
385.478,15.261484,4ef7a7ad-18f5-4edc-8181-d1957c45b67f,Neon Lamp,184,nm,absorbance,381.0051147585235
385.695,12.332998,4ef7a7ad-18f5-4edc-8181-d1957c45b67f,Neon Lamp,185,nm,absorbance,381.2205063579382
385.911,10.693278,4ef7a7ad-18f5-4edc-8181-d1957c45b67f,Neon Lamp,186,nm,absorbance,381.4349053693372
386.128,13.157890999999998,4ef7a7ad-18f5-4edc-8181-d1957c45b67f,Neon Lamp,187,nm,absorbance,381.65029696875183
386.344,15.009801,4ef7a7ad-18f5-4edc-8181-d1957c45b67f,Neon Lamp,188,nm,absorbance,381.86469598015077
386.561,16.704355,4ef7a7ad-18f5-4edc-8181-d1957c45b67f,Neon Lamp,189,nm,absorbance,382.08008757956543
386.777,15.438805,4ef7a7ad-18f5-4edc-8181-d1957c45b67f,Neon Lamp,190,nm,absorbance,382.29448659096437
386.994,19.33498,4ef7a7ad-18f5-4edc-8181-d1957c45b67f,Neon Lamp,191,nm,absorbance,382.5098781903791
387.21,19.104454,4ef7a7ad-18f5-4edc-8181-d1957c45b67f,Neon Lamp,192,nm,absorbance,382.72427720177797
387.427,19.092929000000005,4ef7a7ad-18f5-4edc-8181-d1957c45b67f,Neon Lamp,193,nm,absorbance,382.9396688011927
387.643,16.061094,4ef7a7ad-18f5-4edc-8181-d1957c45b67f,Neon Lamp,194,nm,absorbance,383.15406781259156
387.86,18.416786,4ef7a7ad-18f5-4edc-8181-d1957c45b67f,Neon Lamp,195,nm,absorbance,383.3694594120063
388.076,21.204038,4ef7a7ad-18f5-4edc-8181-d1957c45b67f,Neon Lamp,196,nm,absorbance,383.5838584234053
388.292,17.858207999999998,4ef7a7ad-18f5-4edc-8181-d1957c45b67f,Neon Lamp,197,nm,absorbance,383.79825743480416
388.509,15.893707,4ef7a7ad-18f5-4edc-8181-d1957c45b67f,Neon Lamp,198,nm,absorbance,384.0136490342189
388.725,8.610699,4ef7a7ad-18f5-4edc-8181-d1957c45b67f,Neon Lamp,199,nm,absorbance,384.2280480456178
388.942,9.136814,4ef7a7ad-18f5-4edc-8181-d1957c45b67f,Neon Lamp,200,nm,absorbance,384.44343964503247
389.158,4.287165,4ef7a7ad-18f5-4edc-8181-d1957c45b67f,Neon Lamp,201,nm,absorbance,384.6578386564314
389.374,2.811181,4ef7a7ad-18f5-4edc-8181-d1957c45b67f,Neon Lamp,202,nm,absorbance,384.87223766783035
389.591,3.032859,4ef7a7ad-18f5-4edc-8181-d1957c45b67f,Neon Lamp,203,nm,absorbance,385.087629267245
389.807,9.604544,4ef7a7ad-18f5-4edc-8181-d1957c45b67f,Neon Lamp,204,nm,absorbance,385.30202827864395
390.023,18.429981,4ef7a7ad-18f5-4edc-8181-d1957c45b67f,Neon Lamp,205,nm,absorbance,385.51642729004294
390.239,19.620162,4ef7a7ad-18f5-4edc-8181-d1957c45b67f,Neon Lamp,206,nm,absorbance,385.7308263014418
390.456,13.159243,4ef7a7ad-18f5-4edc-8181-d1957c45b67f,Neon Lamp,207,nm,absorbance,385.94621790085654
390.672,8.262484,4ef7a7ad-18f5-4edc-8181-d1957c45b67f,Neon Lamp,208,nm,absorbance,386.1606169122555
390.888,6.673801000000002,4ef7a7ad-18f5-4edc-8181-d1957c45b67f,Neon Lamp,209,nm,absorbance,386.37501592365436
391.104,10.352772,4ef7a7ad-18f5-4edc-8181-d1957c45b67f,Neon Lamp,210,nm,absorbance,386.5894149350533
391.321,10.671614,4ef7a7ad-18f5-4edc-8181-d1957c45b67f,Neon Lamp,211,nm,absorbance,386.804806534468
391.537,11.712262,4ef7a7ad-18f5-4edc-8181-d1957c45b67f,Neon Lamp,212,nm,absorbance,387.01920554586695
391.753,9.4762,4ef7a7ad-18f5-4edc-8181-d1957c45b67f,Neon Lamp,213,nm,absorbance,387.2336045572659
391.969,5.5675550000000005,4ef7a7ad-18f5-4edc-8181-d1957c45b67f,Neon Lamp,214,nm,absorbance,387.44800356866483
392.185,7.415416,4ef7a7ad-18f5-4edc-8181-d1957c45b67f,Neon Lamp,215,nm,absorbance,387.66240258006377
392.401,11.754397,4ef7a7ad-18f5-4edc-8181-d1957c45b67f,Neon Lamp,216,nm,absorbance,387.8768015914627
392.618,19.080829,4ef7a7ad-18f5-4edc-8181-d1957c45b67f,Neon Lamp,217,nm,absorbance,388.09219319087737
392.834,16.740279,4ef7a7ad-18f5-4edc-8181-d1957c45b67f,Neon Lamp,218,nm,absorbance,388.3065922022763
393.05,15.425527,4ef7a7ad-18f5-4edc-8181-d1957c45b67f,Neon Lamp,219,nm,absorbance,388.5209912136753
393.266,9.49702,4ef7a7ad-18f5-4edc-8181-d1957c45b67f,Neon Lamp,220,nm,absorbance,388.73539022507424
393.482,8.620177,4ef7a7ad-18f5-4edc-8181-d1957c45b67f,Neon Lamp,221,nm,absorbance,388.9497892364732
393.698,5.785561999999999,4ef7a7ad-18f5-4edc-8181-d1957c45b67f,Neon Lamp,222,nm,absorbance,389.16418824787206
393.914,9.142156,4ef7a7ad-18f5-4edc-8181-d1957c45b67f,Neon Lamp,223,nm,absorbance,389.378587259271
394.13,16.605643,4ef7a7ad-18f5-4edc-8181-d1957c45b67f,Neon Lamp,224,nm,absorbance,389.59298627066994
394.346,18.593108,4ef7a7ad-18f5-4edc-8181-d1957c45b67f,Neon Lamp,225,nm,absorbance,389.8073852820689
394.562,18.341,4ef7a7ad-18f5-4edc-8181-d1957c45b67f,Neon Lamp,226,nm,absorbance,390.0217842934679
394.778,12.989062999999998,4ef7a7ad-18f5-4edc-8181-d1957c45b67f,Neon Lamp,227,nm,absorbance,390.2361833048668
394.994,13.488097000000002,4ef7a7ad-18f5-4edc-8181-d1957c45b67f,Neon Lamp,228,nm,absorbance,390.45058231626575
395.21,11.400374,4ef7a7ad-18f5-4edc-8181-d1957c45b67f,Neon Lamp,229,nm,absorbance,390.66498132766463
395.426,12.209929,4ef7a7ad-18f5-4edc-8181-d1957c45b67f,Neon Lamp,230,nm,absorbance,390.8793803390636
395.642,13.341806999999998,4ef7a7ad-18f5-4edc-8181-d1957c45b67f,Neon Lamp,231,nm,absorbance,391.0937793504625
395.858,13.869904,4ef7a7ad-18f5-4edc-8181-d1957c45b67f,Neon Lamp,232,nm,absorbance,391.3081783618615
396.073,15.224468000000002,4ef7a7ad-18f5-4edc-8181-d1957c45b67f,Neon Lamp,233,nm,absorbance,391.52158478524467
396.289,15.585209,4ef7a7ad-18f5-4edc-8181-d1957c45b67f,Neon Lamp,234,nm,absorbance,391.7359837966436
396.505,14.64359,4ef7a7ad-18f5-4edc-8181-d1957c45b67f,Neon Lamp,235,nm,absorbance,391.95038280804255
396.721,15.521717,4ef7a7ad-18f5-4edc-8181-d1957c45b67f,Neon Lamp,236,nm,absorbance,392.1647818194415
396.937,14.713337,4ef7a7ad-18f5-4edc-8181-d1957c45b67f,Neon Lamp,237,nm,absorbance,392.3791808308405
397.153,16.247923,4ef7a7ad-18f5-4edc-8181-d1957c45b67f,Neon Lamp,238,nm,absorbance,392.5935798422394
397.369,16.913477,4ef7a7ad-18f5-4edc-8181-d1957c45b67f,Neon Lamp,239,nm,absorbance,392.80797885363836
397.584,16.225919,4ef7a7ad-18f5-4edc-8181-d1957c45b67f,Neon Lamp,240,nm,absorbance,393.0213852770215
397.8,15.338775000000002,4ef7a7ad-18f5-4edc-8181-d1957c45b67f,Neon Lamp,241,nm,absorbance,393.23578428842046
398.016,14.133047,4ef7a7ad-18f5-4edc-8181-d1957c45b67f,Neon Lamp,242,nm,absorbance,393.45018329981946
398.232,16.897323,4ef7a7ad-18f5-4edc-8181-d1957c45b67f,Neon Lamp,243,nm,absorbance,393.6645823112184
398.447,20.901997,4ef7a7ad-18f5-4edc-8181-d1957c45b67f,Neon Lamp,244,nm,absorbance,393.87798873460156
398.663,17.664804999999998,4ef7a7ad-18f5-4edc-8181-d1957c45b67f,Neon Lamp,245,nm,absorbance,394.0923877460005
398.879,15.916499000000002,4ef7a7ad-18f5-4edc-8181-d1957c45b67f,Neon Lamp,246,nm,absorbance,394.30678675739944
399.094,14.747013,4ef7a7ad-18f5-4edc-8181-d1957c45b67f,Neon Lamp,247,nm,absorbance,394.52019318078266
399.31,15.531381,4ef7a7ad-18f5-4edc-8181-d1957c45b67f,Neon Lamp,248,nm,absorbance,394.7345921921816
399.526,14.234798,4ef7a7ad-18f5-4edc-8181-d1957c45b67f,Neon Lamp,249,nm,absorbance,394.94899120358053
399.741,13.933267,4ef7a7ad-18f5-4edc-8181-d1957c45b67f,Neon Lamp,250,nm,absorbance,395.1623976269637
399.957,15.401262,4ef7a7ad-18f5-4edc-8181-d1957c45b67f,Neon Lamp,251,nm,absorbance,395.37679663836263
400.173,14.007173999999996,4ef7a7ad-18f5-4edc-8181-d1957c45b67f,Neon Lamp,252,nm,absorbance,395.59119564976163
400.388,14.607087000000002,4ef7a7ad-18f5-4edc-8181-d1957c45b67f,Neon Lamp,253,nm,absorbance,395.8046020731448
400.604,10.84467,4ef7a7ad-18f5-4edc-8181-d1957c45b67f,Neon Lamp,254,nm,absorbance,396.01900108454373
400.82,12.365579,4ef7a7ad-18f5-4edc-8181-d1957c45b67f,Neon Lamp,255,nm,absorbance,396.23340009594267
401.035,13.437366,4ef7a7ad-18f5-4edc-8181-d1957c45b67f,Neon Lamp,256,nm,absorbance,396.4468065193259
401.251,14.963249,4ef7a7ad-18f5-4edc-8181-d1957c45b67f,Neon Lamp,257,nm,absorbance,396.6612055307248
401.466,19.036335,4ef7a7ad-18f5-4edc-8181-d1957c45b67f,Neon Lamp,258,nm,absorbance,396.87461195410805
401.682,15.796263,4ef7a7ad-18f5-4edc-8181-d1957c45b67f,Neon Lamp,259,nm,absorbance,397.089010965507
401.897,15.877396,4ef7a7ad-18f5-4edc-8181-d1957c45b67f,Neon Lamp,260,nm,absorbance,397.30241738889015
402.113,13.082653000000002,4ef7a7ad-18f5-4edc-8181-d1957c45b67f,Neon Lamp,261,nm,absorbance,397.51681640028914
402.328,13.797603,4ef7a7ad-18f5-4edc-8181-d1957c45b67f,Neon Lamp,262,nm,absorbance,397.7302228236723
402.544,13.530143999999998,4ef7a7ad-18f5-4edc-8181-d1957c45b67f,Neon Lamp,263,nm,absorbance,397.94462183507125
402.759,11.349901999999998,4ef7a7ad-18f5-4edc-8181-d1957c45b67f,Neon Lamp,264,nm,absorbance,398.15802825845446
402.974,9.989616,4ef7a7ad-18f5-4edc-8181-d1957c45b67f,Neon Lamp,265,nm,absorbance,398.3714346818377
403.19,16.11474,4ef7a7ad-18f5-4edc-8181-d1957c45b67f,Neon Lamp,266,nm,absorbance,398.5858336932366
403.405,15.876728999999996,4ef7a7ad-18f5-4edc-8181-d1957c45b67f,Neon Lamp,267,nm,absorbance,398.7992401166198
403.621,8.989009,4ef7a7ad-18f5-4edc-8181-d1957c45b67f,Neon Lamp,268,nm,absorbance,399.0136391280187
403.836,5.068090000000001,4ef7a7ad-18f5-4edc-8181-d1957c45b67f,Neon Lamp,269,nm,absorbance,399.227045551402
404.051,10.788923,4ef7a7ad-18f5-4edc-8181-d1957c45b67f,Neon Lamp,270,nm,absorbance,399.44045197478516
404.267,20.235091000000004,4ef7a7ad-18f5-4edc-8181-d1957c45b67f,Neon Lamp,271,nm,absorbance,399.6548509861841
404.482,20.083279,4ef7a7ad-18f5-4edc-8181-d1957c45b67f,Neon Lamp,272,nm,absorbance,399.8682574095673
404.697,16.334130000000002,4ef7a7ad-18f5-4edc-8181-d1957c45b67f,Neon Lamp,273,nm,absorbance,400.08166383295054
404.913,13.639492999999998,4ef7a7ad-18f5-4edc-8181-d1957c45b67f,Neon Lamp,274,nm,absorbance,400.2960628443495
405.128,13.633666,4ef7a7ad-18f5-4edc-8181-d1957c45b67f,Neon Lamp,275,nm,absorbance,400.50946926773264
405.343,14.410779000000002,4ef7a7ad-18f5-4edc-8181-d1957c45b67f,Neon Lamp,276,nm,absorbance,400.72287569111586
405.559,16.232288,4ef7a7ad-18f5-4edc-8181-d1957c45b67f,Neon Lamp,277,nm,absorbance,400.9372747025148
405.774,15.046783,4ef7a7ad-18f5-4edc-8181-d1957c45b67f,Neon Lamp,278,nm,absorbance,401.150681125898
405.989,13.907484,4ef7a7ad-18f5-4edc-8181-d1957c45b67f,Neon Lamp,279,nm,absorbance,401.3640875492812
406.204,14.351292,4ef7a7ad-18f5-4edc-8181-d1957c45b67f,Neon Lamp,280,nm,absorbance,401.5774939726644
406.42,16.782173,4ef7a7ad-18f5-4edc-8181-d1957c45b67f,Neon Lamp,281,nm,absorbance,401.7918929840634
406.635,21.826526,4ef7a7ad-18f5-4edc-8181-d1957c45b67f,Neon Lamp,282,nm,absorbance,402.00529940744656
406.85,21.557153,4ef7a7ad-18f5-4edc-8181-d1957c45b67f,Neon Lamp,283,nm,absorbance,402.2187058308298
407.065,17.26189,4ef7a7ad-18f5-4edc-8181-d1957c45b67f,Neon Lamp,284,nm,absorbance,402.43211225421294
407.28,13.851409,4ef7a7ad-18f5-4edc-8181-d1957c45b67f,Neon Lamp,285,nm,absorbance,402.64551867759616
407.495,14.541276,4ef7a7ad-18f5-4edc-8181-d1957c45b67f,Neon Lamp,286,nm,absorbance,402.8589251009794
407.71,14.980997,4ef7a7ad-18f5-4edc-8181-d1957c45b67f,Neon Lamp,287,nm,absorbance,403.07233152436254
407.926,13.540854,4ef7a7ad-18f5-4edc-8181-d1957c45b67f,Neon Lamp,288,nm,absorbance,403.2867305357615
408.141,12.371913,4ef7a7ad-18f5-4edc-8181-d1957c45b67f,Neon Lamp,289,nm,absorbance,403.50013695914475
408.356,15.050525,4ef7a7ad-18f5-4edc-8181-d1957c45b67f,Neon Lamp,290,nm,absorbance,403.7135433825279
408.571,14.339778999999998,4ef7a7ad-18f5-4edc-8181-d1957c45b67f,Neon Lamp,291,nm,absorbance,403.92694980591114
408.786,13.679734,4ef7a7ad-18f5-4edc-8181-d1957c45b67f,Neon Lamp,292,nm,absorbance,404.14035622929435
409.001,15.180279,4ef7a7ad-18f5-4edc-8181-d1957c45b67f,Neon Lamp,293,nm,absorbance,404.3537626526775
409.216,16.415839999999996,4ef7a7ad-18f5-4edc-8181-d1957c45b67f,Neon Lamp,294,nm,absorbance,404.56716907606074
409.431,15.362833,4ef7a7ad-18f5-4edc-8181-d1957c45b67f,Neon Lamp,295,nm,absorbance,404.78057549944396
409.646,15.718559000000004,4ef7a7ad-18f5-4edc-8181-d1957c45b67f,Neon Lamp,296,nm,absorbance,404.9939819228272
409.861,12.627719,4ef7a7ad-18f5-4edc-8181-d1957c45b67f,Neon Lamp,297,nm,absorbance,405.20738834621034
410.076,18.055355,4ef7a7ad-18f5-4edc-8181-d1957c45b67f,Neon Lamp,298,nm,absorbance,405.42079476959356
410.291,14.410526999999998,4ef7a7ad-18f5-4edc-8181-d1957c45b67f,Neon Lamp,299,nm,absorbance,405.6342011929768
410.506,16.318654,4ef7a7ad-18f5-4edc-8181-d1957c45b67f,Neon Lamp,300,nm,absorbance,405.84760761635994
410.721,12.963974,4ef7a7ad-18f5-4edc-8181-d1957c45b67f,Neon Lamp,301,nm,absorbance,406.06101403974316
410.936,16.266571,4ef7a7ad-18f5-4edc-8181-d1957c45b67f,Neon Lamp,302,nm,absorbance,406.2744204631264
411.15,17.574168,4ef7a7ad-18f5-4edc-8181-d1957c45b67f,Neon Lamp,303,nm,absorbance,406.4868342984938
411.365,14.790480000000002,4ef7a7ad-18f5-4edc-8181-d1957c45b67f,Neon Lamp,304,nm,absorbance,406.70024072187704
411.58,14.991974,4ef7a7ad-18f5-4edc-8181-d1957c45b67f,Neon Lamp,305,nm,absorbance,406.91364714526026
411.795,17.030314,4ef7a7ad-18f5-4edc-8181-d1957c45b67f,Neon Lamp,306,nm,absorbance,407.1270535686435
412.01,19.599098,4ef7a7ad-18f5-4edc-8181-d1957c45b67f,Neon Lamp,307,nm,absorbance,407.34045999202664
412.225,22.576488000000005,4ef7a7ad-18f5-4edc-8181-d1957c45b67f,Neon Lamp,308,nm,absorbance,407.5538664154099
412.439,24.02838,4ef7a7ad-18f5-4edc-8181-d1957c45b67f,Neon Lamp,309,nm,absorbance,407.76628025077736
412.654,25.927750999999997,4ef7a7ad-18f5-4edc-8181-d1957c45b67f,Neon Lamp,310,nm,absorbance,407.9796866741605
412.869,21.797055,4ef7a7ad-18f5-4edc-8181-d1957c45b67f,Neon Lamp,311,nm,absorbance,408.1930930975438
413.084,15.372207,4ef7a7ad-18f5-4edc-8181-d1957c45b67f,Neon Lamp,312,nm,absorbance,408.40649952092696
413.299,14.72502,4ef7a7ad-18f5-4edc-8181-d1957c45b67f,Neon Lamp,313,nm,absorbance,408.6199059443101
413.513,13.567348,4ef7a7ad-18f5-4edc-8181-d1957c45b67f,Neon Lamp,314,nm,absorbance,408.8323197796776
413.728,13.045160999999998,4ef7a7ad-18f5-4edc-8181-d1957c45b67f,Neon Lamp,315,nm,absorbance,409.04572620306084
413.943,10.941692,4ef7a7ad-18f5-4edc-8181-d1957c45b67f,Neon Lamp,316,nm,absorbance,409.259132626444
414.157,9.161177,4ef7a7ad-18f5-4edc-8181-d1957c45b67f,Neon Lamp,317,nm,absorbance,409.4715464618115
414.372,10.894236,4ef7a7ad-18f5-4edc-8181-d1957c45b67f,Neon Lamp,318,nm,absorbance,409.6849528851947
414.587,9.274897,4ef7a7ad-18f5-4edc-8181-d1957c45b67f,Neon Lamp,319,nm,absorbance,409.8983593085779
414.801,9.411931999999998,4ef7a7ad-18f5-4edc-8181-d1957c45b67f,Neon Lamp,320,nm,absorbance,410.1107731439454
415.016,8.272673000000001,4ef7a7ad-18f5-4edc-8181-d1957c45b67f,Neon Lamp,321,nm,absorbance,410.3241795673286
415.231,9.958981,4ef7a7ad-18f5-4edc-8181-d1957c45b67f,Neon Lamp,322,nm,absorbance,410.53758599071176
415.445,8.636133,4ef7a7ad-18f5-4edc-8181-d1957c45b67f,Neon Lamp,323,nm,absorbance,410.74999982607926
415.66,8.476085999999999,4ef7a7ad-18f5-4edc-8181-d1957c45b67f,Neon Lamp,324,nm,absorbance,410.9634062494625
415.874,7.425751,4ef7a7ad-18f5-4edc-8181-d1957c45b67f,Neon Lamp,325,nm,absorbance,411.1758200848299
416.089,7.960655999999998,4ef7a7ad-18f5-4edc-8181-d1957c45b67f,Neon Lamp,326,nm,absorbance,411.38922650821314
416.304,9.720158,4ef7a7ad-18f5-4edc-8181-d1957c45b67f,Neon Lamp,327,nm,absorbance,411.6026329315963
416.518,14.310464,4ef7a7ad-18f5-4edc-8181-d1957c45b67f,Neon Lamp,328,nm,absorbance,411.81504676696375
416.733,14.84154,4ef7a7ad-18f5-4edc-8181-d1957c45b67f,Neon Lamp,329,nm,absorbance,412.028453190347
416.947,13.974463,4ef7a7ad-18f5-4edc-8181-d1957c45b67f,Neon Lamp,330,nm,absorbance,412.24086702571446
417.162,4.753252000000001,4ef7a7ad-18f5-4edc-8181-d1957c45b67f,Neon Lamp,331,nm,absorbance,412.4542734490976
417.376,3.269603,4ef7a7ad-18f5-4edc-8181-d1957c45b67f,Neon Lamp,332,nm,absorbance,412.6666872844651
417.59,3.4233580000000003,4ef7a7ad-18f5-4edc-8181-d1957c45b67f,Neon Lamp,333,nm,absorbance,412.87910111983257
417.805,6.620596000000001,4ef7a7ad-18f5-4edc-8181-d1957c45b67f,Neon Lamp,334,nm,absorbance,413.09250754321585
418.019,7.790952,4ef7a7ad-18f5-4edc-8181-d1957c45b67f,Neon Lamp,335,nm,absorbance,413.3049213785833
418.234,10.959901,4ef7a7ad-18f5-4edc-8181-d1957c45b67f,Neon Lamp,336,nm,absorbance,413.51832780196645
418.448,12.458417,4ef7a7ad-18f5-4edc-8181-d1957c45b67f,Neon Lamp,337,nm,absorbance,413.73074163733395
418.663,20.876286,4ef7a7ad-18f5-4edc-8181-d1957c45b67f,Neon Lamp,338,nm,absorbance,413.94414806071717
418.877,20.888646,4ef7a7ad-18f5-4edc-8181-d1957c45b67f,Neon Lamp,339,nm,absorbance,414.1565618960846
419.091,17.81573,4ef7a7ad-18f5-4edc-8181-d1957c45b67f,Neon Lamp,340,nm,absorbance,414.3689757314521
419.306,11.683072,4ef7a7ad-18f5-4edc-8181-d1957c45b67f,Neon Lamp,341,nm,absorbance,414.5823821548353
419.52,8.580142999999998,4ef7a7ad-18f5-4edc-8181-d1957c45b67f,Neon Lamp,342,nm,absorbance,414.7947959902028
419.734,15.056684999999998,4ef7a7ad-18f5-4edc-8181-d1957c45b67f,Neon Lamp,343,nm,absorbance,415.0072098255702
419.949,10.959979,4ef7a7ad-18f5-4edc-8181-d1957c45b67f,Neon Lamp,344,nm,absorbance,415.22061624895343
420.163,12.345843000000002,4ef7a7ad-18f5-4edc-8181-d1957c45b67f,Neon Lamp,345,nm,absorbance,415.43303008432093
420.377,7.92204,4ef7a7ad-18f5-4edc-8181-d1957c45b67f,Neon Lamp,346,nm,absorbance,415.6454439196884
420.591,9.479127,4ef7a7ad-18f5-4edc-8181-d1957c45b67f,Neon Lamp,347,nm,absorbance,415.8578577550559
420.806,5.411085,4ef7a7ad-18f5-4edc-8181-d1957c45b67f,Neon Lamp,348,nm,absorbance,416.07126417843904
421.02,6.223007000000001,4ef7a7ad-18f5-4edc-8181-d1957c45b67f,Neon Lamp,349,nm,absorbance,416.2836780138065
421.234,5.779807,4ef7a7ad-18f5-4edc-8181-d1957c45b67f,Neon Lamp,350,nm,absorbance,416.496091849174
421.448,9.117478,4ef7a7ad-18f5-4edc-8181-d1957c45b67f,Neon Lamp,351,nm,absorbance,416.7085056845414
421.663,9.99851,4ef7a7ad-18f5-4edc-8181-d1957c45b67f,Neon Lamp,352,nm,absorbance,416.9219121079247
421.877,12.398268,4ef7a7ad-18f5-4edc-8181-d1957c45b67f,Neon Lamp,353,nm,absorbance,417.13432594329214
422.091,11.657807000000002,4ef7a7ad-18f5-4edc-8181-d1957c45b67f,Neon Lamp,354,nm,absorbance,417.3467397786596
422.305,9.525301,4ef7a7ad-18f5-4edc-8181-d1957c45b67f,Neon Lamp,355,nm,absorbance,417.5591536140271
422.519,7.478107,4ef7a7ad-18f5-4edc-8181-d1957c45b67f,Neon Lamp,356,nm,absorbance,417.7715674493945
422.733,8.312561,4ef7a7ad-18f5-4edc-8181-d1957c45b67f,Neon Lamp,357,nm,absorbance,417.983981284762
422.947,9.792343,4ef7a7ad-18f5-4edc-8181-d1957c45b67f,Neon Lamp,358,nm,absorbance,418.19639512012947
423.161,8.785059,4ef7a7ad-18f5-4edc-8181-d1957c45b67f,Neon Lamp,359,nm,absorbance,418.40880895549697
423.376,13.543867,4ef7a7ad-18f5-4edc-8181-d1957c45b67f,Neon Lamp,360,nm,absorbance,418.6222153788801
423.59,15.381745,4ef7a7ad-18f5-4edc-8181-d1957c45b67f,Neon Lamp,361,nm,absorbance,418.83462921424757
423.804,13.129766999999998,4ef7a7ad-18f5-4edc-8181-d1957c45b67f,Neon Lamp,362,nm,absorbance,419.04704304961507
424.018,6.15715,4ef7a7ad-18f5-4edc-8181-d1957c45b67f,Neon Lamp,363,nm,absorbance,419.2594568849825
424.232,4.377018999999999,4ef7a7ad-18f5-4edc-8181-d1957c45b67f,Neon Lamp,364,nm,absorbance,419.47187072035007
424.446,8.659144,4ef7a7ad-18f5-4edc-8181-d1957c45b67f,Neon Lamp,365,nm,absorbance,419.6842845557175
424.66,12.657747,4ef7a7ad-18f5-4edc-8181-d1957c45b67f,Neon Lamp,366,nm,absorbance,419.89669839108495
424.874,14.087346,4ef7a7ad-18f5-4edc-8181-d1957c45b67f,Neon Lamp,367,nm,absorbance,420.10911222645245
425.088,14.129362,4ef7a7ad-18f5-4edc-8181-d1957c45b67f,Neon Lamp,368,nm,absorbance,420.3215260618199
425.302,12.700172,4ef7a7ad-18f5-4edc-8181-d1957c45b67f,Neon Lamp,369,nm,absorbance,420.5339398971874
425.515,10.784821,4ef7a7ad-18f5-4edc-8181-d1957c45b67f,Neon Lamp,370,nm,absorbance,420.74536114453906
425.729,13.230179,4ef7a7ad-18f5-4edc-8181-d1957c45b67f,Neon Lamp,371,nm,absorbance,420.95777497990656
425.943,12.291563,4ef7a7ad-18f5-4edc-8181-d1957c45b67f,Neon Lamp,372,nm,absorbance,421.170188815274
426.157,10.792543000000002,4ef7a7ad-18f5-4edc-8181-d1957c45b67f,Neon Lamp,373,nm,absorbance,421.3826026506415
426.371,11.010989,4ef7a7ad-18f5-4edc-8181-d1957c45b67f,Neon Lamp,374,nm,absorbance,421.59501648600894
426.585,8.927748,4ef7a7ad-18f5-4edc-8181-d1957c45b67f,Neon Lamp,375,nm,absorbance,421.8074303213764
426.799,12.983165,4ef7a7ad-18f5-4edc-8181-d1957c45b67f,Neon Lamp,376,nm,absorbance,422.0198441567439
427.013,11.776307,4ef7a7ad-18f5-4edc-8181-d1957c45b67f,Neon Lamp,377,nm,absorbance,422.23225799211133
427.226,15.749478,4ef7a7ad-18f5-4edc-8181-d1957c45b67f,Neon Lamp,378,nm,absorbance,422.4436792394631
427.44,15.690188,4ef7a7ad-18f5-4edc-8181-d1957c45b67f,Neon Lamp,379,nm,absorbance,422.65609307483055
427.654,12.251959,4ef7a7ad-18f5-4edc-8181-d1957c45b67f,Neon Lamp,380,nm,absorbance,422.86850691019805
427.868,9.305636,4ef7a7ad-18f5-4edc-8181-d1957c45b67f,Neon Lamp,381,nm,absorbance,423.0809207455655
428.081,4.922547,4ef7a7ad-18f5-4edc-8181-d1957c45b67f,Neon Lamp,382,nm,absorbance,423.2923419929173
428.295,9.186091,4ef7a7ad-18f5-4edc-8181-d1957c45b67f,Neon Lamp,383,nm,absorbance,423.5047558282847
428.509,9.978164,4ef7a7ad-18f5-4edc-8181-d1957c45b67f,Neon Lamp,384,nm,absorbance,423.7171696636522
428.723,8.410619,4ef7a7ad-18f5-4edc-8181-d1957c45b67f,Neon Lamp,385,nm,absorbance,423.92958349901966
428.936,7.550877,4ef7a7ad-18f5-4edc-8181-d1957c45b67f,Neon Lamp,386,nm,absorbance,424.1410047463714
429.15,4.699149,4ef7a7ad-18f5-4edc-8181-d1957c45b67f,Neon Lamp,387,nm,absorbance,424.3534185817388
429.364,6.022516000000001,4ef7a7ad-18f5-4edc-8181-d1957c45b67f,Neon Lamp,388,nm,absorbance,424.56583241710626
429.577,5.924151,4ef7a7ad-18f5-4edc-8181-d1957c45b67f,Neon Lamp,389,nm,absorbance,424.77725366445804
429.791,8.28341,4ef7a7ad-18f5-4edc-8181-d1957c45b67f,Neon Lamp,390,nm,absorbance,424.9896674998255
430.005,9.514987,4ef7a7ad-18f5-4edc-8181-d1957c45b67f,Neon Lamp,391,nm,absorbance,425.202081335193
430.218,11.970212,4ef7a7ad-18f5-4edc-8181-d1957c45b67f,Neon Lamp,392,nm,absorbance,425.4135025825447
430.432,13.602804999999998,4ef7a7ad-18f5-4edc-8181-d1957c45b67f,Neon Lamp,393,nm,absorbance,425.6259164179122
430.645,10.923778,4ef7a7ad-18f5-4edc-8181-d1957c45b67f,Neon Lamp,394,nm,absorbance,425.8373376652639
430.859,7.813702999999999,4ef7a7ad-18f5-4edc-8181-d1957c45b67f,Neon Lamp,395,nm,absorbance,426.0497515006314
431.073,2.795177,4ef7a7ad-18f5-4edc-8181-d1957c45b67f,Neon Lamp,396,nm,absorbance,426.2621653359988
431.286,9.318442,4ef7a7ad-18f5-4edc-8181-d1957c45b67f,Neon Lamp,397,nm,absorbance,426.4735865833506
431.5,11.458662,4ef7a7ad-18f5-4edc-8181-d1957c45b67f,Neon Lamp,398,nm,absorbance,426.68600041871804
431.713,16.787149,4ef7a7ad-18f5-4edc-8181-d1957c45b67f,Neon Lamp,399,nm,absorbance,426.8974216660698
431.927,16.121809000000002,4ef7a7ad-18f5-4edc-8181-d1957c45b67f,Neon Lamp,400,nm,absorbance,427.10983550143726
432.14,14.356222,4ef7a7ad-18f5-4edc-8181-d1957c45b67f,Neon Lamp,401,nm,absorbance,427.321256748789
432.354,12.105046,4ef7a7ad-18f5-4edc-8181-d1957c45b67f,Neon Lamp,402,nm,absorbance,427.5336705841564
432.567,10.621414,4ef7a7ad-18f5-4edc-8181-d1957c45b67f,Neon Lamp,403,nm,absorbance,427.7450918315082
432.781,7.850617,4ef7a7ad-18f5-4edc-8181-d1957c45b67f,Neon Lamp,404,nm,absorbance,427.95750566687565
432.994,7.911388,4ef7a7ad-18f5-4edc-8181-d1957c45b67f,Neon Lamp,405,nm,absorbance,428.1689269142274
433.207,10.014364,4ef7a7ad-18f5-4edc-8181-d1957c45b67f,Neon Lamp,406,nm,absorbance,428.3803481615791
433.421,10.395961,4ef7a7ad-18f5-4edc-8181-d1957c45b67f,Neon Lamp,407,nm,absorbance,428.5927619969466
433.634,11.458297000000002,4ef7a7ad-18f5-4edc-8181-d1957c45b67f,Neon Lamp,408,nm,absorbance,428.8041832442983
433.848,7.748277000000002,4ef7a7ad-18f5-4edc-8181-d1957c45b67f,Neon Lamp,409,nm,absorbance,429.0165970796658
434.061,7.65998,4ef7a7ad-18f5-4edc-8181-d1957c45b67f,Neon Lamp,410,nm,absorbance,429.2280183270175
434.274,6.526760999999999,4ef7a7ad-18f5-4edc-8181-d1957c45b67f,Neon Lamp,411,nm,absorbance,429.43943957436926
434.488,8.558687,4ef7a7ad-18f5-4edc-8181-d1957c45b67f,Neon Lamp,412,nm,absorbance,429.6518534097367
434.701,11.693296999999998,4ef7a7ad-18f5-4edc-8181-d1957c45b67f,Neon Lamp,413,nm,absorbance,429.8632746570885
434.914,10.190542,4ef7a7ad-18f5-4edc-8181-d1957c45b67f,Neon Lamp,414,nm,absorbance,430.07469590444015
435.127,9.817032,4ef7a7ad-18f5-4edc-8181-d1957c45b67f,Neon Lamp,415,nm,absorbance,430.2861171517919
435.341,5.075844,4ef7a7ad-18f5-4edc-8181-d1957c45b67f,Neon Lamp,416,nm,absorbance,430.49853098715937
435.554,6.551948999999999,4ef7a7ad-18f5-4edc-8181-d1957c45b67f,Neon Lamp,417,nm,absorbance,430.7099522345111
435.767,7.192076999999999,4ef7a7ad-18f5-4edc-8181-d1957c45b67f,Neon Lamp,418,nm,absorbance,430.9213734818629
435.98,10.353454,4ef7a7ad-18f5-4edc-8181-d1957c45b67f,Neon Lamp,419,nm,absorbance,431.1327947292146
436.194,12.724048,4ef7a7ad-18f5-4edc-8181-d1957c45b67f,Neon Lamp,420,nm,absorbance,431.3452085645821
436.407,14.249328,4ef7a7ad-18f5-4edc-8181-d1957c45b67f,Neon Lamp,421,nm,absorbance,431.55662981193376
436.62,16.466806000000002,4ef7a7ad-18f5-4edc-8181-d1957c45b67f,Neon Lamp,422,nm,absorbance,431.76805105928554
436.833,16.08154,4ef7a7ad-18f5-4edc-8181-d1957c45b67f,Neon Lamp,423,nm,absorbance,431.97947230663726
437.046,17.082368000000002,4ef7a7ad-18f5-4edc-8181-d1957c45b67f,Neon Lamp,424,nm,absorbance,432.190893553989
437.259,10.674006,4ef7a7ad-18f5-4edc-8181-d1957c45b67f,Neon Lamp,425,nm,absorbance,432.4023148013407
437.473,10.737089999999998,4ef7a7ad-18f5-4edc-8181-d1957c45b67f,Neon Lamp,426,nm,absorbance,432.6147286367082
437.686,9.441247999999998,4ef7a7ad-18f5-4edc-8181-d1957c45b67f,Neon Lamp,427,nm,absorbance,432.8261498840599
437.899,12.970299,4ef7a7ad-18f5-4edc-8181-d1957c45b67f,Neon Lamp,428,nm,absorbance,433.03757113141165
438.112,12.252599,4ef7a7ad-18f5-4edc-8181-d1957c45b67f,Neon Lamp,429,nm,absorbance,433.2489923787634
438.325,6.4194,4ef7a7ad-18f5-4edc-8181-d1957c45b67f,Neon Lamp,430,nm,absorbance,433.4604136261151
438.538,6.084332000000001,4ef7a7ad-18f5-4edc-8181-d1957c45b67f,Neon Lamp,431,nm,absorbance,433.6718348734669
438.751,10.052522,4ef7a7ad-18f5-4edc-8181-d1957c45b67f,Neon Lamp,432,nm,absorbance,433.88325612081854
438.964,13.990405,4ef7a7ad-18f5-4edc-8181-d1957c45b67f,Neon Lamp,433,nm,absorbance,434.0946773681703
439.177,11.972408,4ef7a7ad-18f5-4edc-8181-d1957c45b67f,Neon Lamp,434,nm,absorbance,434.30609861552205
439.39,6.989946000000001,4ef7a7ad-18f5-4edc-8181-d1957c45b67f,Neon Lamp,435,nm,absorbance,434.51751986287377
439.603,8.427957,4ef7a7ad-18f5-4edc-8181-d1957c45b67f,Neon Lamp,436,nm,absorbance,434.7289411102255
439.816,8.382723000000002,4ef7a7ad-18f5-4edc-8181-d1957c45b67f,Neon Lamp,437,nm,absorbance,434.9403623575772
440.029,9.313486,4ef7a7ad-18f5-4edc-8181-d1957c45b67f,Neon Lamp,438,nm,absorbance,435.151783604929
440.242,7.277732,4ef7a7ad-18f5-4edc-8181-d1957c45b67f,Neon Lamp,439,nm,absorbance,435.3632048522807
440.455,13.105303,4ef7a7ad-18f5-4edc-8181-d1957c45b67f,Neon Lamp,440,nm,absorbance,435.57462609963244
440.668,14.078152,4ef7a7ad-18f5-4edc-8181-d1957c45b67f,Neon Lamp,441,nm,absorbance,435.78604734698416
440.881,15.989575,4ef7a7ad-18f5-4edc-8181-d1957c45b67f,Neon Lamp,442,nm,absorbance,435.9974685943359
441.094,16.486995,4ef7a7ad-18f5-4edc-8181-d1957c45b67f,Neon Lamp,443,nm,absorbance,436.2088898416876
441.306,18.002722,4ef7a7ad-18f5-4edc-8181-d1957c45b67f,Neon Lamp,444,nm,absorbance,436.4193185010236
441.519,20.096848,4ef7a7ad-18f5-4edc-8181-d1957c45b67f,Neon Lamp,445,nm,absorbance,436.6307397483754
441.732,16.333589,4ef7a7ad-18f5-4edc-8181-d1957c45b67f,Neon Lamp,446,nm,absorbance,436.8421609957271
441.945,15.950163999999996,4ef7a7ad-18f5-4edc-8181-d1957c45b67f,Neon Lamp,447,nm,absorbance,437.05358224307884
442.158,10.338377,4ef7a7ad-18f5-4edc-8181-d1957c45b67f,Neon Lamp,448,nm,absorbance,437.26500349043056
442.37,14.201612,4ef7a7ad-18f5-4edc-8181-d1957c45b67f,Neon Lamp,449,nm,absorbance,437.47543214976656
442.583,16.383624000000005,4ef7a7ad-18f5-4edc-8181-d1957c45b67f,Neon Lamp,450,nm,absorbance,437.68685339711834
442.796,17.855999000000004,4ef7a7ad-18f5-4edc-8181-d1957c45b67f,Neon Lamp,451,nm,absorbance,437.89827464447
443.009,13.725241,4ef7a7ad-18f5-4edc-8181-d1957c45b67f,Neon Lamp,452,nm,absorbance,438.1096958918218
443.222,10.733567,4ef7a7ad-18f5-4edc-8181-d1957c45b67f,Neon Lamp,453,nm,absorbance,438.32111713917345
443.434,12.565959,4ef7a7ad-18f5-4edc-8181-d1957c45b67f,Neon Lamp,454,nm,absorbance,438.5315457985095
443.647,12.347054,4ef7a7ad-18f5-4edc-8181-d1957c45b67f,Neon Lamp,455,nm,absorbance,438.74296704586123
443.86,12.584364,4ef7a7ad-18f5-4edc-8181-d1957c45b67f,Neon Lamp,456,nm,absorbance,438.95438829321296
444.072,12.855187999999998,4ef7a7ad-18f5-4edc-8181-d1957c45b67f,Neon Lamp,457,nm,absorbance,439.16481695254896
444.285,9.766267,4ef7a7ad-18f5-4edc-8181-d1957c45b67f,Neon Lamp,458,nm,absorbance,439.3762381999007
444.498,9.969005999999998,4ef7a7ad-18f5-4edc-8181-d1957c45b67f,Neon Lamp,459,nm,absorbance,439.5876594472524
444.71,10.194238,4ef7a7ad-18f5-4edc-8181-d1957c45b67f,Neon Lamp,460,nm,absorbance,439.7980881065884
444.923,11.866102,4ef7a7ad-18f5-4edc-8181-d1957c45b67f,Neon Lamp,461,nm,absorbance,440.00950935394013
445.136,6.4260720000000005,4ef7a7ad-18f5-4edc-8181-d1957c45b67f,Neon Lamp,462,nm,absorbance,440.2209306012919
445.348,9.080296999999998,4ef7a7ad-18f5-4edc-8181-d1957c45b67f,Neon Lamp,463,nm,absorbance,440.43135926062786
445.561,13.627921,4ef7a7ad-18f5-4edc-8181-d1957c45b67f,Neon Lamp,464,nm,absorbance,440.6427805079796
445.773,16.874557000000003,4ef7a7ad-18f5-4edc-8181-d1957c45b67f,Neon Lamp,465,nm,absorbance,440.85320916731564
445.986,14.62818,4ef7a7ad-18f5-4edc-8181-d1957c45b67f,Neon Lamp,466,nm,absorbance,441.0646304146673
446.198,14.289741,4ef7a7ad-18f5-4edc-8181-d1957c45b67f,Neon Lamp,467,nm,absorbance,441.2750590740033
446.411,17.78347,4ef7a7ad-18f5-4edc-8181-d1957c45b67f,Neon Lamp,468,nm,absorbance,441.4864803213551
446.623,15.253372,4ef7a7ad-18f5-4edc-8181-d1957c45b67f,Neon Lamp,469,nm,absorbance,441.69690898069103
446.836,15.142845999999995,4ef7a7ad-18f5-4edc-8181-d1957c45b67f,Neon Lamp,470,nm,absorbance,441.9083302280428
447.048,9.836435,4ef7a7ad-18f5-4edc-8181-d1957c45b67f,Neon Lamp,471,nm,absorbance,442.11875888737876
447.261,8.17699,4ef7a7ad-18f5-4edc-8181-d1957c45b67f,Neon Lamp,472,nm,absorbance,442.33018013473054
447.473,3.608914,4ef7a7ad-18f5-4edc-8181-d1957c45b67f,Neon Lamp,473,nm,absorbance,442.54060879406654
447.686,6.209122999999999,4ef7a7ad-18f5-4edc-8181-d1957c45b67f,Neon Lamp,474,nm,absorbance,442.7520300414182
447.898,7.460643999999999,4ef7a7ad-18f5-4edc-8181-d1957c45b67f,Neon Lamp,475,nm,absorbance,442.96245870075427
448.11,9.668881,4ef7a7ad-18f5-4edc-8181-d1957c45b67f,Neon Lamp,476,nm,absorbance,443.1728873600903
448.323,8.962267,4ef7a7ad-18f5-4edc-8181-d1957c45b67f,Neon Lamp,477,nm,absorbance,443.38430860744194
448.535,5.293095,4ef7a7ad-18f5-4edc-8181-d1957c45b67f,Neon Lamp,478,nm,absorbance,443.594737266778
448.748,5.926903,4ef7a7ad-18f5-4edc-8181-d1957c45b67f,Neon Lamp,479,nm,absorbance,443.8061585141297
448.96,1.791229,4ef7a7ad-18f5-4edc-8181-d1957c45b67f,Neon Lamp,480,nm,absorbance,444.01658717346567
449.172,5.626954,4ef7a7ad-18f5-4edc-8181-d1957c45b67f,Neon Lamp,481,nm,absorbance,444.2270158328017
449.385,6.744572,4ef7a7ad-18f5-4edc-8181-d1957c45b67f,Neon Lamp,482,nm,absorbance,444.4384370801534
449.597,8.452491,4ef7a7ad-18f5-4edc-8181-d1957c45b67f,Neon Lamp,483,nm,absorbance,444.6488657394894
449.809,7.187979,4ef7a7ad-18f5-4edc-8181-d1957c45b67f,Neon Lamp,484,nm,absorbance,444.85929439882545
450.021,5.212916,4ef7a7ad-18f5-4edc-8181-d1957c45b67f,Neon Lamp,485,nm,absorbance,445.06972305816146
450.234,7.542031999999999,4ef7a7ad-18f5-4edc-8181-d1957c45b67f,Neon Lamp,486,nm,absorbance,445.2811443055131
450.446,6.075397000000001,4ef7a7ad-18f5-4edc-8181-d1957c45b67f,Neon Lamp,487,nm,absorbance,445.4915729648492
450.658,8.209585,4ef7a7ad-18f5-4edc-8181-d1957c45b67f,Neon Lamp,488,nm,absorbance,445.7020016241852
450.87,7.09205,4ef7a7ad-18f5-4edc-8181-d1957c45b67f,Neon Lamp,489,nm,absorbance,445.91243028352113
451.083,8.007462,4ef7a7ad-18f5-4edc-8181-d1957c45b67f,Neon Lamp,490,nm,absorbance,446.1238515308729
451.295,6.818078999999999,4ef7a7ad-18f5-4edc-8181-d1957c45b67f,Neon Lamp,491,nm,absorbance,446.33428019020886
451.507,5.945613,4ef7a7ad-18f5-4edc-8181-d1957c45b67f,Neon Lamp,492,nm,absorbance,446.54470884954486
451.719,7.614560999999999,4ef7a7ad-18f5-4edc-8181-d1957c45b67f,Neon Lamp,493,nm,absorbance,446.75513750888086
451.931,4.180108,4ef7a7ad-18f5-4edc-8181-d1957c45b67f,Neon Lamp,494,nm,absorbance,446.96556616821687
452.143,9.239195,4ef7a7ad-18f5-4edc-8181-d1957c45b67f,Neon Lamp,495,nm,absorbance,447.1759948275528
452.356,9.379308,4ef7a7ad-18f5-4edc-8181-d1957c45b67f,Neon Lamp,496,nm,absorbance,447.3874160749046
452.568,15.634683,4ef7a7ad-18f5-4edc-8181-d1957c45b67f,Neon Lamp,497,nm,absorbance,447.5978447342406
452.78,11.996768,4ef7a7ad-18f5-4edc-8181-d1957c45b67f,Neon Lamp,498,nm,absorbance,447.80827339357654
452.992,12.615474000000004,4ef7a7ad-18f5-4edc-8181-d1957c45b67f,Neon Lamp,499,nm,absorbance,448.0187020529126
453.204,4.658876,4ef7a7ad-18f5-4edc-8181-d1957c45b67f,Neon Lamp,500,nm,absorbance,448.2291307122486
453.416,2.3444650000000005,4ef7a7ad-18f5-4edc-8181-d1957c45b67f,Neon Lamp,501,nm,absorbance,448.43955937158455
453.628,4.017683,4ef7a7ad-18f5-4edc-8181-d1957c45b67f,Neon Lamp,502,nm,absorbance,448.64998803092055
453.84,9.401466,4ef7a7ad-18f5-4edc-8181-d1957c45b67f,Neon Lamp,503,nm,absorbance,448.86041669025656
454.052,14.418038,4ef7a7ad-18f5-4edc-8181-d1957c45b67f,Neon Lamp,504,nm,absorbance,449.07084534959256
454.264,13.237001,4ef7a7ad-18f5-4edc-8181-d1957c45b67f,Neon Lamp,505,nm,absorbance,449.28127400892856
454.476,11.980044,4ef7a7ad-18f5-4edc-8181-d1957c45b67f,Neon Lamp,506,nm,absorbance,449.49170266826457
454.688,10.803090999999998,4ef7a7ad-18f5-4edc-8181-d1957c45b67f,Neon Lamp,507,nm,absorbance,449.7021313276005
454.9,9.441939,4ef7a7ad-18f5-4edc-8181-d1957c45b67f,Neon Lamp,508,nm,absorbance,449.9125599869365
455.112,5.774494,4ef7a7ad-18f5-4edc-8181-d1957c45b67f,Neon Lamp,509,nm,absorbance,450.1229886462726
455.324,6.332874,4ef7a7ad-18f5-4edc-8181-d1957c45b67f,Neon Lamp,510,nm,absorbance,450.3334173056086
455.536,6.525456,4ef7a7ad-18f5-4edc-8181-d1957c45b67f,Neon Lamp,511,nm,absorbance,450.5438459649445
455.747,9.660207,4ef7a7ad-18f5-4edc-8181-d1957c45b67f,Neon Lamp,512,nm,absorbance,450.7532820362648
455.959,9.397422,4ef7a7ad-18f5-4edc-8181-d1957c45b67f,Neon Lamp,513,nm,absorbance,450.9637106956008
456.171,8.999638000000001,4ef7a7ad-18f5-4edc-8181-d1957c45b67f,Neon Lamp,514,nm,absorbance,451.17413935493676
456.383,7.888629999999999,4ef7a7ad-18f5-4edc-8181-d1957c45b67f,Neon Lamp,515,nm,absorbance,451.38456801427276
456.595,9.114425,4ef7a7ad-18f5-4edc-8181-d1957c45b67f,Neon Lamp,516,nm,absorbance,451.5949966736088
456.807,10.04993,4ef7a7ad-18f5-4edc-8181-d1957c45b67f,Neon Lamp,517,nm,absorbance,451.8054253329448
457.018,9.841759,4ef7a7ad-18f5-4edc-8181-d1957c45b67f,Neon Lamp,518,nm,absorbance,452.014861404265
457.23,5.585241000000001,4ef7a7ad-18f5-4edc-8181-d1957c45b67f,Neon Lamp,519,nm,absorbance,452.22529006360105
457.442,6.121667,4ef7a7ad-18f5-4edc-8181-d1957c45b67f,Neon Lamp,520,nm,absorbance,452.43571872293705
457.654,6.251842,4ef7a7ad-18f5-4edc-8181-d1957c45b67f,Neon Lamp,521,nm,absorbance,452.64614738227306
457.865,3.805081,4ef7a7ad-18f5-4edc-8181-d1957c45b67f,Neon Lamp,522,nm,absorbance,452.8555834535933
458.077,3.629835,4ef7a7ad-18f5-4edc-8181-d1957c45b67f,Neon Lamp,523,nm,absorbance,453.0660121129293
458.289,5.237001,4ef7a7ad-18f5-4edc-8181-d1957c45b67f,Neon Lamp,524,nm,absorbance,453.2764407722653
458.501,11.991129,4ef7a7ad-18f5-4edc-8181-d1957c45b67f,Neon Lamp,525,nm,absorbance,453.48686943160124
458.712,14.07279,4ef7a7ad-18f5-4edc-8181-d1957c45b67f,Neon Lamp,526,nm,absorbance,453.6963055029215
458.924,14.917132,4ef7a7ad-18f5-4edc-8181-d1957c45b67f,Neon Lamp,527,nm,absorbance,453.9067341622575
459.136,11.301216,4ef7a7ad-18f5-4edc-8181-d1957c45b67f,Neon Lamp,528,nm,absorbance,454.1171628215936
459.347,6.253871000000001,4ef7a7ad-18f5-4edc-8181-d1957c45b67f,Neon Lamp,529,nm,absorbance,454.32659889291375
459.559,7.163493,4ef7a7ad-18f5-4edc-8181-d1957c45b67f,Neon Lamp,530,nm,absorbance,454.5370275522498
459.77,5.660982,4ef7a7ad-18f5-4edc-8181-d1957c45b67f,Neon Lamp,531,nm,absorbance,454.74646362357004
459.982,6.471965,4ef7a7ad-18f5-4edc-8181-d1957c45b67f,Neon Lamp,532,nm,absorbance,454.9568922829061
460.194,3.808322,4ef7a7ad-18f5-4edc-8181-d1957c45b67f,Neon Lamp,533,nm,absorbance,455.16732094224204
460.405,7.465552,4ef7a7ad-18f5-4edc-8181-d1957c45b67f,Neon Lamp,534,nm,absorbance,455.37675701356227
460.617,8.763566,4ef7a7ad-18f5-4edc-8181-d1957c45b67f,Neon Lamp,535,nm,absorbance,455.58718567289833
460.828,10.143078999999998,4ef7a7ad-18f5-4edc-8181-d1957c45b67f,Neon Lamp,536,nm,absorbance,455.79662174421856
461.04,8.945401,4ef7a7ad-18f5-4edc-8181-d1957c45b67f,Neon Lamp,537,nm,absorbance,456.00705040355456
461.251,13.324775,4ef7a7ad-18f5-4edc-8181-d1957c45b67f,Neon Lamp,538,nm,absorbance,456.2164864748748
461.463,14.819504,4ef7a7ad-18f5-4edc-8181-d1957c45b67f,Neon Lamp,539,nm,absorbance,456.42691513421084
461.674,12.053428,4ef7a7ad-18f5-4edc-8181-d1957c45b67f,Neon Lamp,540,nm,absorbance,456.63635120553107
461.886,5.31676,4ef7a7ad-18f5-4edc-8181-d1957c45b67f,Neon Lamp,541,nm,absorbance,456.84677986486713
462.097,3.661428,4ef7a7ad-18f5-4edc-8181-d1957c45b67f,Neon Lamp,542,nm,absorbance,457.0562159361873
462.309,8.606562,4ef7a7ad-18f5-4edc-8181-d1957c45b67f,Neon Lamp,543,nm,absorbance,457.26664459552336
462.52,13.256409,4ef7a7ad-18f5-4edc-8181-d1957c45b67f,Neon Lamp,544,nm,absorbance,457.4760806668436
462.731,15.078499,4ef7a7ad-18f5-4edc-8181-d1957c45b67f,Neon Lamp,545,nm,absorbance,457.68551673816387
462.943,14.906252,4ef7a7ad-18f5-4edc-8181-d1957c45b67f,Neon Lamp,546,nm,absorbance,457.8959453974998
463.154,10.826527,4ef7a7ad-18f5-4edc-8181-d1957c45b67f,Neon Lamp,547,nm,absorbance,458.1053814688201
463.366,11.718075,4ef7a7ad-18f5-4edc-8181-d1957c45b67f,Neon Lamp,548,nm,absorbance,458.3158101281561
463.577,7.860842999999998,4ef7a7ad-18f5-4edc-8181-d1957c45b67f,Neon Lamp,549,nm,absorbance,458.5252461994764
463.788,14.412034000000002,4ef7a7ad-18f5-4edc-8181-d1957c45b67f,Neon Lamp,550,nm,absorbance,458.73468227079667
464.0,11.004132000000002,4ef7a7ad-18f5-4edc-8181-d1957c45b67f,Neon Lamp,551,nm,absorbance,458.9451109301326
464.211,13.009504000000003,4ef7a7ad-18f5-4edc-8181-d1957c45b67f,Neon Lamp,552,nm,absorbance,459.1545470014529
464.422,11.476184,4ef7a7ad-18f5-4edc-8181-d1957c45b67f,Neon Lamp,553,nm,absorbance,459.3639830727732
464.634,13.803916999999998,4ef7a7ad-18f5-4edc-8181-d1957c45b67f,Neon Lamp,554,nm,absorbance,459.5744117321092
464.845,13.476908,4ef7a7ad-18f5-4edc-8181-d1957c45b67f,Neon Lamp,555,nm,absorbance,459.7838478034294
465.056,14.336033,4ef7a7ad-18f5-4edc-8181-d1957c45b67f,Neon Lamp,556,nm,absorbance,459.99328387474964
465.267,13.277167,4ef7a7ad-18f5-4edc-8181-d1957c45b67f,Neon Lamp,557,nm,absorbance,460.2027199460699
465.478,17.232937999999997,4ef7a7ad-18f5-4edc-8181-d1957c45b67f,Neon Lamp,558,nm,absorbance,460.4121560173902
465.69,13.558891000000004,4ef7a7ad-18f5-4edc-8181-d1957c45b67f,Neon Lamp,559,nm,absorbance,460.6225846767262
465.901,14.549346000000003,4ef7a7ad-18f5-4edc-8181-d1957c45b67f,Neon Lamp,560,nm,absorbance,460.83202074804643
466.112,11.578937,4ef7a7ad-18f5-4edc-8181-d1957c45b67f,Neon Lamp,561,nm,absorbance,461.0414568193667
466.323,11.657861,4ef7a7ad-18f5-4edc-8181-d1957c45b67f,Neon Lamp,562,nm,absorbance,461.25089289068694
466.534,12.945924,4ef7a7ad-18f5-4edc-8181-d1957c45b67f,Neon Lamp,563,nm,absorbance,461.4603289620072
466.745,13.189916,4ef7a7ad-18f5-4edc-8181-d1957c45b67f,Neon Lamp,564,nm,absorbance,461.6697650333275
466.957,11.081362000000002,4ef7a7ad-18f5-4edc-8181-d1957c45b67f,Neon Lamp,565,nm,absorbance,461.8801936926635
467.168,9.007134000000002,4ef7a7ad-18f5-4edc-8181-d1957c45b67f,Neon Lamp,566,nm,absorbance,462.08962976398374
467.379,11.94879,4ef7a7ad-18f5-4edc-8181-d1957c45b67f,Neon Lamp,567,nm,absorbance,462.299065835304
467.59,15.292236999999997,4ef7a7ad-18f5-4edc-8181-d1957c45b67f,Neon Lamp,568,nm,absorbance,462.50850190662425
467.801,15.868469999999997,4ef7a7ad-18f5-4edc-8181-d1957c45b67f,Neon Lamp,569,nm,absorbance,462.71793797794453
468.012,11.791714,4ef7a7ad-18f5-4edc-8181-d1957c45b67f,Neon Lamp,570,nm,absorbance,462.9273740492648
468.223,9.931568,4ef7a7ad-18f5-4edc-8181-d1957c45b67f,Neon Lamp,571,nm,absorbance,463.13681012058504
468.434,3.860903,4ef7a7ad-18f5-4edc-8181-d1957c45b67f,Neon Lamp,572,nm,absorbance,463.3462461919053
468.645,2.260685,4ef7a7ad-18f5-4edc-8181-d1957c45b67f,Neon Lamp,573,nm,absorbance,463.55568226322555
468.856,2.4755390000000004,4ef7a7ad-18f5-4edc-8181-d1957c45b67f,Neon Lamp,574,nm,absorbance,463.76511833454583
469.067,6.164377,4ef7a7ad-18f5-4edc-8181-d1957c45b67f,Neon Lamp,575,nm,absorbance,463.9745544058661
469.278,7.3420359999999985,4ef7a7ad-18f5-4edc-8181-d1957c45b67f,Neon Lamp,576,nm,absorbance,464.1839904771864
469.489,6.624936,4ef7a7ad-18f5-4edc-8181-d1957c45b67f,Neon Lamp,577,nm,absorbance,464.39342654850657
469.7,3.880715,4ef7a7ad-18f5-4edc-8181-d1957c45b67f,Neon Lamp,578,nm,absorbance,464.60286261982685
469.911,3.5055810000000003,4ef7a7ad-18f5-4edc-8181-d1957c45b67f,Neon Lamp,579,nm,absorbance,464.81229869114713
470.122,6.4535,4ef7a7ad-18f5-4edc-8181-d1957c45b67f,Neon Lamp,580,nm,absorbance,465.0217347624674
470.333,16.909404,4ef7a7ad-18f5-4edc-8181-d1957c45b67f,Neon Lamp,581,nm,absorbance,465.2311708337877
470.543,14.09985,4ef7a7ad-18f5-4edc-8181-d1957c45b67f,Neon Lamp,582,nm,absorbance,465.4396143170922
470.754,15.796466,4ef7a7ad-18f5-4edc-8181-d1957c45b67f,Neon Lamp,583,nm,absorbance,465.6490503884125
470.965,8.626236,4ef7a7ad-18f5-4edc-8181-d1957c45b67f,Neon Lamp,584,nm,absorbance,465.85848645973266
471.176,11.930788000000002,4ef7a7ad-18f5-4edc-8181-d1957c45b67f,Neon Lamp,585,nm,absorbance,466.06792253105294
471.387,7.364755,4ef7a7ad-18f5-4edc-8181-d1957c45b67f,Neon Lamp,586,nm,absorbance,466.2773586023732
471.598,10.461424,4ef7a7ad-18f5-4edc-8181-d1957c45b67f,Neon Lamp,587,nm,absorbance,466.4867946736935
471.808,16.120016,4ef7a7ad-18f5-4edc-8181-d1957c45b67f,Neon Lamp,588,nm,absorbance,466.695238156998
472.019,15.728545,4ef7a7ad-18f5-4edc-8181-d1957c45b67f,Neon Lamp,589,nm,absorbance,466.9046742283183
472.23,12.384110000000003,4ef7a7ad-18f5-4edc-8181-d1957c45b67f,Neon Lamp,590,nm,absorbance,467.1141102996386
472.441,9.401685,4ef7a7ad-18f5-4edc-8181-d1957c45b67f,Neon Lamp,591,nm,absorbance,467.32354637095875
472.651,12.759545,4ef7a7ad-18f5-4edc-8181-d1957c45b67f,Neon Lamp,592,nm,absorbance,467.5319898542633
472.862,16.281066,4ef7a7ad-18f5-4edc-8181-d1957c45b67f,Neon Lamp,593,nm,absorbance,467.7414259255836
473.073,14.2901,4ef7a7ad-18f5-4edc-8181-d1957c45b67f,Neon Lamp,594,nm,absorbance,467.9508619969038
473.283,12.526032,4ef7a7ad-18f5-4edc-8181-d1957c45b67f,Neon Lamp,595,nm,absorbance,468.1593054802084
473.494,9.418202,4ef7a7ad-18f5-4edc-8181-d1957c45b67f,Neon Lamp,596,nm,absorbance,468.3687415515287
473.705,11.264981,4ef7a7ad-18f5-4edc-8181-d1957c45b67f,Neon Lamp,597,nm,absorbance,468.5781776228489
473.915,9.69271,4ef7a7ad-18f5-4edc-8181-d1957c45b67f,Neon Lamp,598,nm,absorbance,468.78662110615346
474.126,7.945167,4ef7a7ad-18f5-4edc-8181-d1957c45b67f,Neon Lamp,599,nm,absorbance,468.99605717747363
474.337,5.700777,4ef7a7ad-18f5-4edc-8181-d1957c45b67f,Neon Lamp,600,nm,absorbance,469.2054932487939
474.547,5.74755,4ef7a7ad-18f5-4edc-8181-d1957c45b67f,Neon Lamp,601,nm,absorbance,469.4139367320985
474.758,10.675828,4ef7a7ad-18f5-4edc-8181-d1957c45b67f,Neon Lamp,602,nm,absorbance,469.6233728034187
474.968,9.273937,4ef7a7ad-18f5-4edc-8181-d1957c45b67f,Neon Lamp,603,nm,absorbance,469.83181628672327
475.179,10.947382,4ef7a7ad-18f5-4edc-8181-d1957c45b67f,Neon Lamp,604,nm,absorbance,470.0412523580435
475.389,15.027646,4ef7a7ad-18f5-4edc-8181-d1957c45b67f,Neon Lamp,605,nm,absorbance,470.24969584134806
475.6,12.863598,4ef7a7ad-18f5-4edc-8181-d1957c45b67f,Neon Lamp,606,nm,absorbance,470.45913191266834
475.81,18.393415999999995,4ef7a7ad-18f5-4edc-8181-d1957c45b67f,Neon Lamp,607,nm,absorbance,470.66757539597285
476.021,17.339205,4ef7a7ad-18f5-4edc-8181-d1957c45b67f,Neon Lamp,608,nm,absorbance,470.8770114672931
476.231,22.061811,4ef7a7ad-18f5-4edc-8181-d1957c45b67f,Neon Lamp,609,nm,absorbance,471.0854549505976
476.442,14.184387999999998,4ef7a7ad-18f5-4edc-8181-d1957c45b67f,Neon Lamp,610,nm,absorbance,471.29489102191786
476.652,9.616945,4ef7a7ad-18f5-4edc-8181-d1957c45b67f,Neon Lamp,611,nm,absorbance,471.50333450522237
476.863,8.724472,4ef7a7ad-18f5-4edc-8181-d1957c45b67f,Neon Lamp,612,nm,absorbance,471.71277057654265
477.073,8.590655,4ef7a7ad-18f5-4edc-8181-d1957c45b67f,Neon Lamp,613,nm,absorbance,471.92121405984716
477.284,9.265459000000002,4ef7a7ad-18f5-4edc-8181-d1957c45b67f,Neon Lamp,614,nm,absorbance,472.13065013116744
477.494,11.529451,4ef7a7ad-18f5-4edc-8181-d1957c45b67f,Neon Lamp,615,nm,absorbance,472.339093614472
477.704,11.226343,4ef7a7ad-18f5-4edc-8181-d1957c45b67f,Neon Lamp,616,nm,absorbance,472.5475370977765
477.915,8.279443,4ef7a7ad-18f5-4edc-8181-d1957c45b67f,Neon Lamp,617,nm,absorbance,472.7569731690968
478.125,8.701734,4ef7a7ad-18f5-4edc-8181-d1957c45b67f,Neon Lamp,618,nm,absorbance,472.9654166524013
478.335,9.033818,4ef7a7ad-18f5-4edc-8181-d1957c45b67f,Neon Lamp,619,nm,absorbance,473.17386013570575
478.546,13.179923,4ef7a7ad-18f5-4edc-8181-d1957c45b67f,Neon Lamp,620,nm,absorbance,473.38329620702604
478.756,6.898192000000002,4ef7a7ad-18f5-4edc-8181-d1957c45b67f,Neon Lamp,621,nm,absorbance,473.59173969033054
478.966,10.373367,4ef7a7ad-18f5-4edc-8181-d1957c45b67f,Neon Lamp,622,nm,absorbance,473.8001831736351
479.177,9.669009,4ef7a7ad-18f5-4edc-8181-d1957c45b67f,Neon Lamp,623,nm,absorbance,474.0096192449554
479.387,14.326858,4ef7a7ad-18f5-4edc-8181-d1957c45b67f,Neon Lamp,624,nm,absorbance,474.2180627282599
479.597,14.610649,4ef7a7ad-18f5-4edc-8181-d1957c45b67f,Neon Lamp,625,nm,absorbance,474.4265062115644
479.807,14.748759000000002,4ef7a7ad-18f5-4edc-8181-d1957c45b67f,Neon Lamp,626,nm,absorbance,474.63494969486896
480.018,11.821217999999998,4ef7a7ad-18f5-4edc-8181-d1957c45b67f,Neon Lamp,627,nm,absorbance,474.8443857661892
480.228,10.892233,4ef7a7ad-18f5-4edc-8181-d1957c45b67f,Neon Lamp,628,nm,absorbance,475.05282924949375
480.438,8.433738,4ef7a7ad-18f5-4edc-8181-d1957c45b67f,Neon Lamp,629,nm,absorbance,475.26127273279826
480.648,11.478919,4ef7a7ad-18f5-4edc-8181-d1957c45b67f,Neon Lamp,630,nm,absorbance,475.4697162161028
480.858,10.694908,4ef7a7ad-18f5-4edc-8181-d1957c45b67f,Neon Lamp,631,nm,absorbance,475.67815969940733
481.068,7.810849,4ef7a7ad-18f5-4edc-8181-d1957c45b67f,Neon Lamp,632,nm,absorbance,475.88660318271184
481.279,5.909445,4ef7a7ad-18f5-4edc-8181-d1957c45b67f,Neon Lamp,633,nm,absorbance,476.09603925403206
481.489,7.375002999999999,4ef7a7ad-18f5-4edc-8181-d1957c45b67f,Neon Lamp,634,nm,absorbance,476.30448273733657
481.699,6.276662,4ef7a7ad-18f5-4edc-8181-d1957c45b67f,Neon Lamp,635,nm,absorbance,476.51292622064113
481.909,8.375530000000001,4ef7a7ad-18f5-4edc-8181-d1957c45b67f,Neon Lamp,636,nm,absorbance,476.72136970394564
482.119,5.4215,4ef7a7ad-18f5-4edc-8181-d1957c45b67f,Neon Lamp,637,nm,absorbance,476.9298131872502
482.329,11.015724,4ef7a7ad-18f5-4edc-8181-d1957c45b67f,Neon Lamp,638,nm,absorbance,477.1382566705547
482.539,12.250792,4ef7a7ad-18f5-4edc-8181-d1957c45b67f,Neon Lamp,639,nm,absorbance,477.3467001538592
482.749,11.461920999999998,4ef7a7ad-18f5-4edc-8181-d1957c45b67f,Neon Lamp,640,nm,absorbance,477.5551436371638
482.959,13.164677,4ef7a7ad-18f5-4edc-8181-d1957c45b67f,Neon Lamp,641,nm,absorbance,477.7635871204683
483.169,13.656430999999998,4ef7a7ad-18f5-4edc-8181-d1957c45b67f,Neon Lamp,642,nm,absorbance,477.9720306037728
483.379,16.908983,4ef7a7ad-18f5-4edc-8181-d1957c45b67f,Neon Lamp,643,nm,absorbance,478.18047408707736
483.589,15.501398,4ef7a7ad-18f5-4edc-8181-d1957c45b67f,Neon Lamp,644,nm,absorbance,478.38891757038186
483.799,14.865161,4ef7a7ad-18f5-4edc-8181-d1957c45b67f,Neon Lamp,645,nm,absorbance,478.59736105368637
484.009,17.800284,4ef7a7ad-18f5-4edc-8181-d1957c45b67f,Neon Lamp,646,nm,absorbance,478.80580453699093
484.219,19.365176,4ef7a7ad-18f5-4edc-8181-d1957c45b67f,Neon Lamp,647,nm,absorbance,479.01424802029544
484.429,20.444629,4ef7a7ad-18f5-4edc-8181-d1957c45b67f,Neon Lamp,648,nm,absorbance,479.22269150359995
484.639,20.305188999999995,4ef7a7ad-18f5-4edc-8181-d1957c45b67f,Neon Lamp,649,nm,absorbance,479.4311349869045
484.849,17.821741,4ef7a7ad-18f5-4edc-8181-d1957c45b67f,Neon Lamp,650,nm,absorbance,479.639578470209
485.059,13.718237000000002,4ef7a7ad-18f5-4edc-8181-d1957c45b67f,Neon Lamp,651,nm,absorbance,479.8480219535136
485.268,9.286616,4ef7a7ad-18f5-4edc-8181-d1957c45b67f,Neon Lamp,652,nm,absorbance,480.0554728488023
485.478,5.355453,4ef7a7ad-18f5-4edc-8181-d1957c45b67f,Neon Lamp,653,nm,absorbance,480.2639163321069
485.688,9.598989,4ef7a7ad-18f5-4edc-8181-d1957c45b67f,Neon Lamp,654,nm,absorbance,480.4723598154114
485.898,11.8662,4ef7a7ad-18f5-4edc-8181-d1957c45b67f,Neon Lamp,655,nm,absorbance,480.68080329871594
486.108,17.479668,4ef7a7ad-18f5-4edc-8181-d1957c45b67f,Neon Lamp,656,nm,absorbance,480.88924678202045
486.317,20.904836,4ef7a7ad-18f5-4edc-8181-d1957c45b67f,Neon Lamp,657,nm,absorbance,481.09669767730924
486.527,27.308994,4ef7a7ad-18f5-4edc-8181-d1957c45b67f,Neon Lamp,658,nm,absorbance,481.30514116061374
486.737,33.737955,4ef7a7ad-18f5-4edc-8181-d1957c45b67f,Neon Lamp,659,nm,absorbance,481.5135846439183
486.947,30.464353,4ef7a7ad-18f5-4edc-8181-d1957c45b67f,Neon Lamp,660,nm,absorbance,481.7220281272228
487.156,30.78763,4ef7a7ad-18f5-4edc-8181-d1957c45b67f,Neon Lamp,661,nm,absorbance,481.9294790225116
487.366,27.664387,4ef7a7ad-18f5-4edc-8181-d1957c45b67f,Neon Lamp,662,nm,absorbance,482.1379225058161
487.576,35.638827000000006,4ef7a7ad-18f5-4edc-8181-d1957c45b67f,Neon Lamp,663,nm,absorbance,482.34636598912067
487.785,38.730741,4ef7a7ad-18f5-4edc-8181-d1957c45b67f,Neon Lamp,664,nm,absorbance,482.55381688440946
487.995,41.75898,4ef7a7ad-18f5-4edc-8181-d1957c45b67f,Neon Lamp,665,nm,absorbance,482.76226036771396
488.205,40.119254,4ef7a7ad-18f5-4edc-8181-d1957c45b67f,Neon Lamp,666,nm,absorbance,482.97070385101847
488.414,38.42224,4ef7a7ad-18f5-4edc-8181-d1957c45b67f,Neon Lamp,667,nm,absorbance,483.17815474630726
488.624,45.41373900000001,4ef7a7ad-18f5-4edc-8181-d1957c45b67f,Neon Lamp,668,nm,absorbance,483.3865982296118
488.834,47.646536,4ef7a7ad-18f5-4edc-8181-d1957c45b67f,Neon Lamp,669,nm,absorbance,483.5950417129163
489.043,50.745009,4ef7a7ad-18f5-4edc-8181-d1957c45b67f,Neon Lamp,670,nm,absorbance,483.8024926082051
489.253,48.393356,4ef7a7ad-18f5-4edc-8181-d1957c45b67f,Neon Lamp,671,nm,absorbance,484.0109360915096
489.462,50.047249,4ef7a7ad-18f5-4edc-8181-d1957c45b67f,Neon Lamp,672,nm,absorbance,484.2183869867984
489.672,47.768199,4ef7a7ad-18f5-4edc-8181-d1957c45b67f,Neon Lamp,673,nm,absorbance,484.42683047010297
489.882,44.718349,4ef7a7ad-18f5-4edc-8181-d1957c45b67f,Neon Lamp,674,nm,absorbance,484.6352739534075
490.091,45.133119,4ef7a7ad-18f5-4edc-8181-d1957c45b67f,Neon Lamp,675,nm,absorbance,484.84272484869626
490.301,48.566742,4ef7a7ad-18f5-4edc-8181-d1957c45b67f,Neon Lamp,676,nm,absorbance,485.05116833200077
490.51,49.5881,4ef7a7ad-18f5-4edc-8181-d1957c45b67f,Neon Lamp,677,nm,absorbance,485.25861922728956
490.72,48.402309,4ef7a7ad-18f5-4edc-8181-d1957c45b67f,Neon Lamp,678,nm,absorbance,485.4670627105941
490.929,47.890116,4ef7a7ad-18f5-4edc-8181-d1957c45b67f,Neon Lamp,679,nm,absorbance,485.67451360588285
491.138,50.725649,4ef7a7ad-18f5-4edc-8181-d1957c45b67f,Neon Lamp,680,nm,absorbance,485.88196450117164
491.348,53.78621300000001,4ef7a7ad-18f5-4edc-8181-d1957c45b67f,Neon Lamp,681,nm,absorbance,486.0904079844762
491.557,51.96694699999999,4ef7a7ad-18f5-4edc-8181-d1957c45b67f,Neon Lamp,682,nm,absorbance,486.297858879765
491.767,50.27895600000001,4ef7a7ad-18f5-4edc-8181-d1957c45b67f,Neon Lamp,683,nm,absorbance,486.5063023630695
491.976,46.282354000000005,4ef7a7ad-18f5-4edc-8181-d1957c45b67f,Neon Lamp,684,nm,absorbance,486.7137532583583
492.185,43.561732,4ef7a7ad-18f5-4edc-8181-d1957c45b67f,Neon Lamp,685,nm,absorbance,486.92120415364707
492.395,44.237144,4ef7a7ad-18f5-4edc-8181-d1957c45b67f,Neon Lamp,686,nm,absorbance,487.1296476369516
492.604,49.285458,4ef7a7ad-18f5-4edc-8181-d1957c45b67f,Neon Lamp,687,nm,absorbance,487.33709853224036
492.813,53.168504000000006,4ef7a7ad-18f5-4edc-8181-d1957c45b67f,Neon Lamp,688,nm,absorbance,487.5445494275292
493.023,50.774363,4ef7a7ad-18f5-4edc-8181-d1957c45b67f,Neon Lamp,689,nm,absorbance,487.75299291083377
493.232,46.913665,4ef7a7ad-18f5-4edc-8181-d1957c45b67f,Neon Lamp,690,nm,absorbance,487.96044380612256
493.441,45.444753000000006,4ef7a7ad-18f5-4edc-8181-d1957c45b67f,Neon Lamp,691,nm,absorbance,488.1678947014113
493.651,45.558621,4ef7a7ad-18f5-4edc-8181-d1957c45b67f,Neon Lamp,692,nm,absorbance,488.37633818471585
493.86,46.51163999999999,4ef7a7ad-18f5-4edc-8181-d1957c45b67f,Neon Lamp,693,nm,absorbance,488.58378908000464
494.069,47.739726000000005,4ef7a7ad-18f5-4edc-8181-d1957c45b67f,Neon Lamp,694,nm,absorbance,488.7912399752934
494.278,49.67473399999999,4ef7a7ad-18f5-4edc-8181-d1957c45b67f,Neon Lamp,695,nm,absorbance,488.9986908705822
494.488,46.113333,4ef7a7ad-18f5-4edc-8181-d1957c45b67f,Neon Lamp,696,nm,absorbance,489.2071343538867
494.697,44.27877899999999,4ef7a7ad-18f5-4edc-8181-d1957c45b67f,Neon Lamp,697,nm,absorbance,489.4145852491755
494.906,41.000254,4ef7a7ad-18f5-4edc-8181-d1957c45b67f,Neon Lamp,698,nm,absorbance,489.6220361444643
495.115,37.812173,4ef7a7ad-18f5-4edc-8181-d1957c45b67f,Neon Lamp,699,nm,absorbance,489.8294870397531
495.324,37.218218,4ef7a7ad-18f5-4edc-8181-d1957c45b67f,Neon Lamp,700,nm,absorbance,490.03693793504186
495.533,34.176036999999994,4ef7a7ad-18f5-4edc-8181-d1957c45b67f,Neon Lamp,701,nm,absorbance,490.24438883033065
495.743,36.471343,4ef7a7ad-18f5-4edc-8181-d1957c45b67f,Neon Lamp,702,nm,absorbance,490.45283231363516
495.952,36.781439,4ef7a7ad-18f5-4edc-8181-d1957c45b67f,Neon Lamp,703,nm,absorbance,490.660283208924
496.161,38.339242,4ef7a7ad-18f5-4edc-8181-d1957c45b67f,Neon Lamp,704,nm,absorbance,490.8677341042128
496.37,31.812643,4ef7a7ad-18f5-4edc-8181-d1957c45b67f,Neon Lamp,705,nm,absorbance,491.0751849995016
496.579,28.530365000000007,4ef7a7ad-18f5-4edc-8181-d1957c45b67f,Neon Lamp,706,nm,absorbance,491.28263589479036
496.788,24.838427000000003,4ef7a7ad-18f5-4edc-8181-d1957c45b67f,Neon Lamp,707,nm,absorbance,491.49008679007915
496.997,27.582843,4ef7a7ad-18f5-4edc-8181-d1957c45b67f,Neon Lamp,708,nm,absorbance,491.69753768536793
497.206,23.706406,4ef7a7ad-18f5-4edc-8181-d1957c45b67f,Neon Lamp,709,nm,absorbance,491.9049885806567
497.415,23.357161,4ef7a7ad-18f5-4edc-8181-d1957c45b67f,Neon Lamp,710,nm,absorbance,492.1124394759455
497.624,26.321666000000004,4ef7a7ad-18f5-4edc-8181-d1957c45b67f,Neon Lamp,711,nm,absorbance,492.3198903712343
497.833,23.38881,4ef7a7ad-18f5-4edc-8181-d1957c45b67f,Neon Lamp,712,nm,absorbance,492.5273412665231
498.042,23.272117,4ef7a7ad-18f5-4edc-8181-d1957c45b67f,Neon Lamp,713,nm,absorbance,492.7347921618118
498.251,14.429189000000004,4ef7a7ad-18f5-4edc-8181-d1957c45b67f,Neon Lamp,714,nm,absorbance,492.94224305710065
498.46,17.796136000000004,4ef7a7ad-18f5-4edc-8181-d1957c45b67f,Neon Lamp,715,nm,absorbance,493.14969395238944
498.669,15.474143000000002,4ef7a7ad-18f5-4edc-8181-d1957c45b67f,Neon Lamp,716,nm,absorbance,493.3571448476782
498.878,17.633014,4ef7a7ad-18f5-4edc-8181-d1957c45b67f,Neon Lamp,717,nm,absorbance,493.564595742967
499.087,16.908512,4ef7a7ad-18f5-4edc-8181-d1957c45b67f,Neon Lamp,718,nm,absorbance,493.7720466382558
499.296,18.674121000000003,4ef7a7ad-18f5-4edc-8181-d1957c45b67f,Neon Lamp,719,nm,absorbance,493.9794975335446
499.504,16.656329999999997,4ef7a7ad-18f5-4edc-8181-d1957c45b67f,Neon Lamp,720,nm,absorbance,494.18595584081766
499.713,14.034319,4ef7a7ad-18f5-4edc-8181-d1957c45b67f,Neon Lamp,721,nm,absorbance,494.39340673610644
499.922,12.493762,4ef7a7ad-18f5-4edc-8181-d1957c45b67f,Neon Lamp,722,nm,absorbance,494.60085763139523
500.131,9.86319,4ef7a7ad-18f5-4edc-8181-d1957c45b67f,Neon Lamp,723,nm,absorbance,494.808308526684
500.34,7.297813,4ef7a7ad-18f5-4edc-8181-d1957c45b67f,Neon Lamp,724,nm,absorbance,495.0157594219728
500.549,5.955316999999999,4ef7a7ad-18f5-4edc-8181-d1957c45b67f,Neon Lamp,725,nm,absorbance,495.2232103172616
500.757,7.341445999999999,4ef7a7ad-18f5-4edc-8181-d1957c45b67f,Neon Lamp,726,nm,absorbance,495.42966862453466
500.966,9.541535,4ef7a7ad-18f5-4edc-8181-d1957c45b67f,Neon Lamp,727,nm,absorbance,495.63711951982344
501.175,9.126734,4ef7a7ad-18f5-4edc-8181-d1957c45b67f,Neon Lamp,728,nm,absorbance,495.84457041511223
501.384,12.891244999999998,4ef7a7ad-18f5-4edc-8181-d1957c45b67f,Neon Lamp,729,nm,absorbance,496.052021310401
501.592,15.896605999999997,4ef7a7ad-18f5-4edc-8181-d1957c45b67f,Neon Lamp,730,nm,absorbance,496.2584796176741
501.801,17.369446999999997,4ef7a7ad-18f5-4edc-8181-d1957c45b67f,Neon Lamp,731,nm,absorbance,496.46593051296287
502.01,15.624156,4ef7a7ad-18f5-4edc-8181-d1957c45b67f,Neon Lamp,732,nm,absorbance,496.67338140825166
502.218,17.854252999999996,4ef7a7ad-18f5-4edc-8181-d1957c45b67f,Neon Lamp,733,nm,absorbance,496.8798397155247
502.427,19.060803,4ef7a7ad-18f5-4edc-8181-d1957c45b67f,Neon Lamp,734,nm,absorbance,497.0872906108135
502.636,21.70835,4ef7a7ad-18f5-4edc-8181-d1957c45b67f,Neon Lamp,735,nm,absorbance,497.2947415061023
502.844,19.08047,4ef7a7ad-18f5-4edc-8181-d1957c45b67f,Neon Lamp,736,nm,absorbance,497.5011998133753
503.053,18.794758000000005,4ef7a7ad-18f5-4edc-8181-d1957c45b67f,Neon Lamp,737,nm,absorbance,497.7086507086641
503.262,15.037132,4ef7a7ad-18f5-4edc-8181-d1957c45b67f,Neon Lamp,738,nm,absorbance,497.91610160395294
503.47,15.421224,4ef7a7ad-18f5-4edc-8181-d1957c45b67f,Neon Lamp,739,nm,absorbance,498.122559911226
503.679,15.145869,4ef7a7ad-18f5-4edc-8181-d1957c45b67f,Neon Lamp,740,nm,absorbance,498.33001080651474
503.887,16.874905,4ef7a7ad-18f5-4edc-8181-d1957c45b67f,Neon Lamp,741,nm,absorbance,498.5364691137878
504.096,18.962385,4ef7a7ad-18f5-4edc-8181-d1957c45b67f,Neon Lamp,742,nm,absorbance,498.7439200090766
504.304,20.443272,4ef7a7ad-18f5-4edc-8181-d1957c45b67f,Neon Lamp,743,nm,absorbance,498.9503783163496
504.513,15.630977,4ef7a7ad-18f5-4edc-8181-d1957c45b67f,Neon Lamp,744,nm,absorbance,499.15782921163844
504.721,9.276883000000002,4ef7a7ad-18f5-4edc-8181-d1957c45b67f,Neon Lamp,745,nm,absorbance,499.3642875189115
504.93,7.552656000000001,4ef7a7ad-18f5-4edc-8181-d1957c45b67f,Neon Lamp,746,nm,absorbance,499.5717384142003
505.138,10.445654,4ef7a7ad-18f5-4edc-8181-d1957c45b67f,Neon Lamp,747,nm,absorbance,499.7781967214733
505.347,14.921725,4ef7a7ad-18f5-4edc-8181-d1957c45b67f,Neon Lamp,748,nm,absorbance,499.9856476167621
505.555,11.867424,4ef7a7ad-18f5-4edc-8181-d1957c45b67f,Neon Lamp,749,nm,absorbance,500.19210592403516
505.764,11.539047,4ef7a7ad-18f5-4edc-8181-d1957c45b67f,Neon Lamp,750,nm,absorbance,500.399556819324
505.972,10.153171000000002,4ef7a7ad-18f5-4edc-8181-d1957c45b67f,Neon Lamp,751,nm,absorbance,500.606015126597
506.18,11.017669,4ef7a7ad-18f5-4edc-8181-d1957c45b67f,Neon Lamp,752,nm,absorbance,500.8124734338701
506.389,10.834104000000002,4ef7a7ad-18f5-4edc-8181-d1957c45b67f,Neon Lamp,753,nm,absorbance,501.01992432915887
506.597,10.108516,4ef7a7ad-18f5-4edc-8181-d1957c45b67f,Neon Lamp,754,nm,absorbance,501.2263826364319
506.806,10.49541,4ef7a7ad-18f5-4edc-8181-d1957c45b67f,Neon Lamp,755,nm,absorbance,501.43383353172067
507.014,17.17903,4ef7a7ad-18f5-4edc-8181-d1957c45b67f,Neon Lamp,756,nm,absorbance,501.6402918389938
507.222,18.114697,4ef7a7ad-18f5-4edc-8181-d1957c45b67f,Neon Lamp,757,nm,absorbance,501.8467501462668
507.431,18.313446000000003,4ef7a7ad-18f5-4edc-8181-d1957c45b67f,Neon Lamp,758,nm,absorbance,502.0542010415556
507.639,11.553011,4ef7a7ad-18f5-4edc-8181-d1957c45b67f,Neon Lamp,759,nm,absorbance,502.26065934882865
507.847,8.797687999999999,4ef7a7ad-18f5-4edc-8181-d1957c45b67f,Neon Lamp,760,nm,absorbance,502.46711765610166
508.055,13.703402,4ef7a7ad-18f5-4edc-8181-d1957c45b67f,Neon Lamp,761,nm,absorbance,502.6735759633748
508.264,16.612822,4ef7a7ad-18f5-4edc-8181-d1957c45b67f,Neon Lamp,762,nm,absorbance,502.8810268586636
508.472,19.3102,4ef7a7ad-18f5-4edc-8181-d1957c45b67f,Neon Lamp,763,nm,absorbance,503.0874851659366
508.68,17.528365,4ef7a7ad-18f5-4edc-8181-d1957c45b67f,Neon Lamp,764,nm,absorbance,503.29394347320965
508.888,15.041976,4ef7a7ad-18f5-4edc-8181-d1957c45b67f,Neon Lamp,765,nm,absorbance,503.50040178048266
509.096,11.982692000000002,4ef7a7ad-18f5-4edc-8181-d1957c45b67f,Neon Lamp,766,nm,absorbance,503.7068600877558
509.305,10.391394000000002,4ef7a7ad-18f5-4edc-8181-d1957c45b67f,Neon Lamp,767,nm,absorbance,503.9143109830446
509.513,12.022282999999998,4ef7a7ad-18f5-4edc-8181-d1957c45b67f,Neon Lamp,768,nm,absorbance,504.1207692903176
509.721,10.428541,4ef7a7ad-18f5-4edc-8181-d1957c45b67f,Neon Lamp,769,nm,absorbance,504.32722759759065
509.929,8.144479999999998,4ef7a7ad-18f5-4edc-8181-d1957c45b67f,Neon Lamp,770,nm,absorbance,504.53368590486366
510.137,4.600903,4ef7a7ad-18f5-4edc-8181-d1957c45b67f,Neon Lamp,771,nm,absorbance,504.7401442121368
510.345,8.711856000000001,4ef7a7ad-18f5-4edc-8181-d1957c45b67f,Neon Lamp,772,nm,absorbance,504.94660251940985
510.553,10.741545,4ef7a7ad-18f5-4edc-8181-d1957c45b67f,Neon Lamp,773,nm,absorbance,505.15306082668286
510.762,13.199150000000005,4ef7a7ad-18f5-4edc-8181-d1957c45b67f,Neon Lamp,774,nm,absorbance,505.36051172197165
510.97,14.277162,4ef7a7ad-18f5-4edc-8181-d1957c45b67f,Neon Lamp,775,nm,absorbance,505.56697002924477
511.178,14.192196,4ef7a7ad-18f5-4edc-8181-d1957c45b67f,Neon Lamp,776,nm,absorbance,505.7734283365178
511.386,15.015591,4ef7a7ad-18f5-4edc-8181-d1957c45b67f,Neon Lamp,777,nm,absorbance,505.97988664379085
511.594,11.341911,4ef7a7ad-18f5-4edc-8181-d1957c45b67f,Neon Lamp,778,nm,absorbance,506.18634495106386
511.802,6.078714,4ef7a7ad-18f5-4edc-8181-d1957c45b67f,Neon Lamp,779,nm,absorbance,506.3928032583369
512.01,5.982660999999999,4ef7a7ad-18f5-4edc-8181-d1957c45b67f,Neon Lamp,780,nm,absorbance,506.59926156561
512.218,9.359527000000002,4ef7a7ad-18f5-4edc-8181-d1957c45b67f,Neon Lamp,781,nm,absorbance,506.805719872883
512.426,10.212851,4ef7a7ad-18f5-4edc-8181-d1957c45b67f,Neon Lamp,782,nm,absorbance,507.0121781801561
512.634,12.726866,4ef7a7ad-18f5-4edc-8181-d1957c45b67f,Neon Lamp,783,nm,absorbance,507.21863648742914
512.842,12.012983,4ef7a7ad-18f5-4edc-8181-d1957c45b67f,Neon Lamp,784,nm,absorbance,507.4250947947022
513.049,17.821350000000002,4ef7a7ad-18f5-4edc-8181-d1957c45b67f,Neon Lamp,785,nm,absorbance,507.6305605139595
513.257,18.459637,4ef7a7ad-18f5-4edc-8181-d1957c45b67f,Neon Lamp,786,nm,absorbance,507.8370188212325
513.465,14.21958,4ef7a7ad-18f5-4edc-8181-d1957c45b67f,Neon Lamp,787,nm,absorbance,508.04347712850563
513.673,10.468615,4ef7a7ad-18f5-4edc-8181-d1957c45b67f,Neon Lamp,788,nm,absorbance,508.2499354357787
513.881,9.22746,4ef7a7ad-18f5-4edc-8181-d1957c45b67f,Neon Lamp,789,nm,absorbance,508.4563937430517
514.089,10.700815,4ef7a7ad-18f5-4edc-8181-d1957c45b67f,Neon Lamp,790,nm,absorbance,508.66285205032483
514.297,11.883467,4ef7a7ad-18f5-4edc-8181-d1957c45b67f,Neon Lamp,791,nm,absorbance,508.86931035759784
514.504,9.546441,4ef7a7ad-18f5-4edc-8181-d1957c45b67f,Neon Lamp,792,nm,absorbance,509.0747760768552
514.712,1.473088,4ef7a7ad-18f5-4edc-8181-d1957c45b67f,Neon Lamp,793,nm,absorbance,509.2812343841282
514.92,1.961317,4ef7a7ad-18f5-4edc-8181-d1957c45b67f,Neon Lamp,794,nm,absorbance,509.4876926914012
515.128,-1.198619,4ef7a7ad-18f5-4edc-8181-d1957c45b67f,Neon Lamp,795,nm,absorbance,509.69415099867433
515.336,8.891148000000003,4ef7a7ad-18f5-4edc-8181-d1957c45b67f,Neon Lamp,796,nm,absorbance,509.9006093059474
515.543,8.669678000000001,4ef7a7ad-18f5-4edc-8181-d1957c45b67f,Neon Lamp,797,nm,absorbance,510.1060750252047
515.751,12.061610000000002,4ef7a7ad-18f5-4edc-8181-d1957c45b67f,Neon Lamp,798,nm,absorbance,510.3125333324777
515.959,14.907536,4ef7a7ad-18f5-4edc-8181-d1957c45b67f,Neon Lamp,799,nm,absorbance,510.5189916397507
516.166,19.390581,4ef7a7ad-18f5-4edc-8181-d1957c45b67f,Neon Lamp,800,nm,absorbance,510.7244573590081
516.374,22.015845,4ef7a7ad-18f5-4edc-8181-d1957c45b67f,Neon Lamp,801,nm,absorbance,510.93091566628124
516.582,14.07698,4ef7a7ad-18f5-4edc-8181-d1957c45b67f,Neon Lamp,802,nm,absorbance,511.13737397355425
516.789,12.981336000000002,4ef7a7ad-18f5-4edc-8181-d1957c45b67f,Neon Lamp,803,nm,absorbance,511.34283969281154
516.997,12.192580000000005,4ef7a7ad-18f5-4edc-8181-d1957c45b67f,Neon Lamp,804,nm,absorbance,511.54929800008455
517.205,18.764865,4ef7a7ad-18f5-4edc-8181-d1957c45b67f,Neon Lamp,805,nm,absorbance,511.7557563073577
517.412,15.690361,4ef7a7ad-18f5-4edc-8181-d1957c45b67f,Neon Lamp,806,nm,absorbance,511.96122202661496
517.62,14.528244,4ef7a7ad-18f5-4edc-8181-d1957c45b67f,Neon Lamp,807,nm,absorbance,512.1676803338879
517.827,10.917599999999998,4ef7a7ad-18f5-4edc-8181-d1957c45b67f,Neon Lamp,808,nm,absorbance,512.3731460531453
518.035,10.715761999999998,4ef7a7ad-18f5-4edc-8181-d1957c45b67f,Neon Lamp,809,nm,absorbance,512.5796043604183
518.243,11.58194,4ef7a7ad-18f5-4edc-8181-d1957c45b67f,Neon Lamp,810,nm,absorbance,512.7860626676915
518.45,13.002905000000002,4ef7a7ad-18f5-4edc-8181-d1957c45b67f,Neon Lamp,811,nm,absorbance,512.9915283869487
518.658,13.654289,4ef7a7ad-18f5-4edc-8181-d1957c45b67f,Neon Lamp,812,nm,absorbance,513.1979866942218
518.865,14.376944999999996,4ef7a7ad-18f5-4edc-8181-d1957c45b67f,Neon Lamp,813,nm,absorbance,513.403452413479
519.073,12.948812,4ef7a7ad-18f5-4edc-8181-d1957c45b67f,Neon Lamp,814,nm,absorbance,513.609910720752
519.28,13.869333,4ef7a7ad-18f5-4edc-8181-d1957c45b67f,Neon Lamp,815,nm,absorbance,513.8153764400095
519.488,10.719888999999998,4ef7a7ad-18f5-4edc-8181-d1957c45b67f,Neon Lamp,816,nm,absorbance,514.0218347472826
519.695,15.635922000000004,4ef7a7ad-18f5-4edc-8181-d1957c45b67f,Neon Lamp,817,nm,absorbance,514.2273004665399
519.902,14.852968,4ef7a7ad-18f5-4edc-8181-d1957c45b67f,Neon Lamp,818,nm,absorbance,514.4327661857972
520.11,15.888585999999998,4ef7a7ad-18f5-4edc-8181-d1957c45b67f,Neon Lamp,819,nm,absorbance,514.6392244930702
520.317,12.211886000000002,4ef7a7ad-18f5-4edc-8181-d1957c45b67f,Neon Lamp,820,nm,absorbance,514.8446902123275
520.525,10.324366,4ef7a7ad-18f5-4edc-8181-d1957c45b67f,Neon Lamp,821,nm,absorbance,515.0511485196005
520.732,10.428052,4ef7a7ad-18f5-4edc-8181-d1957c45b67f,Neon Lamp,822,nm,absorbance,515.2566142388579
520.939,14.601074,4ef7a7ad-18f5-4edc-8181-d1957c45b67f,Neon Lamp,823,nm,absorbance,515.4620799581152
521.147,16.932957,4ef7a7ad-18f5-4edc-8181-d1957c45b67f,Neon Lamp,824,nm,absorbance,515.6685382653883
521.354,17.410554,4ef7a7ad-18f5-4edc-8181-d1957c45b67f,Neon Lamp,825,nm,absorbance,515.8740039846456
521.561,14.84803,4ef7a7ad-18f5-4edc-8181-d1957c45b67f,Neon Lamp,826,nm,absorbance,516.0794697039029
521.769,13.703306,4ef7a7ad-18f5-4edc-8181-d1957c45b67f,Neon Lamp,827,nm,absorbance,516.2859280111759
521.976,13.168987,4ef7a7ad-18f5-4edc-8181-d1957c45b67f,Neon Lamp,828,nm,absorbance,516.4913937304333
522.183,12.198345,4ef7a7ad-18f5-4edc-8181-d1957c45b67f,Neon Lamp,829,nm,absorbance,516.6968594496906
522.391,12.547178999999996,4ef7a7ad-18f5-4edc-8181-d1957c45b67f,Neon Lamp,830,nm,absorbance,516.9033177569636
522.598,14.433552,4ef7a7ad-18f5-4edc-8181-d1957c45b67f,Neon Lamp,831,nm,absorbance,517.1087834762209
522.805,15.436862,4ef7a7ad-18f5-4edc-8181-d1957c45b67f,Neon Lamp,832,nm,absorbance,517.3142491954782
523.012,11.782769,4ef7a7ad-18f5-4edc-8181-d1957c45b67f,Neon Lamp,833,nm,absorbance,517.5197149147355
523.219,12.428751000000002,4ef7a7ad-18f5-4edc-8181-d1957c45b67f,Neon Lamp,834,nm,absorbance,517.725180633993
523.427,6.001919000000001,4ef7a7ad-18f5-4edc-8181-d1957c45b67f,Neon Lamp,835,nm,absorbance,517.931638941266
523.634,10.56276,4ef7a7ad-18f5-4edc-8181-d1957c45b67f,Neon Lamp,836,nm,absorbance,518.1371046605233
523.841,6.987125000000001,4ef7a7ad-18f5-4edc-8181-d1957c45b67f,Neon Lamp,837,nm,absorbance,518.3425703797806
524.048,14.643215,4ef7a7ad-18f5-4edc-8181-d1957c45b67f,Neon Lamp,838,nm,absorbance,518.5480360990379
524.255,13.751023,4ef7a7ad-18f5-4edc-8181-d1957c45b67f,Neon Lamp,839,nm,absorbance,518.7535018182951
524.462,12.785989999999998,4ef7a7ad-18f5-4edc-8181-d1957c45b67f,Neon Lamp,840,nm,absorbance,518.9589675375526
524.669,7.388048,4ef7a7ad-18f5-4edc-8181-d1957c45b67f,Neon Lamp,841,nm,absorbance,519.1644332568098
524.877,9.368335,4ef7a7ad-18f5-4edc-8181-d1957c45b67f,Neon Lamp,842,nm,absorbance,519.3708915640829
525.084,13.837424,4ef7a7ad-18f5-4edc-8181-d1957c45b67f,Neon Lamp,843,nm,absorbance,519.5763572833401
525.291,15.838154,4ef7a7ad-18f5-4edc-8181-d1957c45b67f,Neon Lamp,844,nm,absorbance,519.7818230025975
525.498,15.283474000000002,4ef7a7ad-18f5-4edc-8181-d1957c45b67f,Neon Lamp,845,nm,absorbance,519.9872887218548
525.705,13.119193,4ef7a7ad-18f5-4edc-8181-d1957c45b67f,Neon Lamp,846,nm,absorbance,520.1927544411122
525.912,12.073284,4ef7a7ad-18f5-4edc-8181-d1957c45b67f,Neon Lamp,847,nm,absorbance,520.3982201603695
526.119,12.27252,4ef7a7ad-18f5-4edc-8181-d1957c45b67f,Neon Lamp,848,nm,absorbance,520.6036858796268
526.326,8.400951999999998,4ef7a7ad-18f5-4edc-8181-d1957c45b67f,Neon Lamp,849,nm,absorbance,520.8091515988841
526.533,13.69156,4ef7a7ad-18f5-4edc-8181-d1957c45b67f,Neon Lamp,850,nm,absorbance,521.0146173181414
526.74,13.873148,4ef7a7ad-18f5-4edc-8181-d1957c45b67f,Neon Lamp,851,nm,absorbance,521.2200830373988
526.947,15.837851,4ef7a7ad-18f5-4edc-8181-d1957c45b67f,Neon Lamp,852,nm,absorbance,521.4255487566561
527.153,14.171440999999998,4ef7a7ad-18f5-4edc-8181-d1957c45b67f,Neon Lamp,853,nm,absorbance,521.6300218878977
527.36,9.18174,4ef7a7ad-18f5-4edc-8181-d1957c45b67f,Neon Lamp,854,nm,absorbance,521.835487607155
527.567,16.562610999999997,4ef7a7ad-18f5-4edc-8181-d1957c45b67f,Neon Lamp,855,nm,absorbance,522.0409533264123
527.774,12.029188,4ef7a7ad-18f5-4edc-8181-d1957c45b67f,Neon Lamp,856,nm,absorbance,522.2464190456697
527.981,17.511090000000003,4ef7a7ad-18f5-4edc-8181-d1957c45b67f,Neon Lamp,857,nm,absorbance,522.451884764927
528.188,10.724376,4ef7a7ad-18f5-4edc-8181-d1957c45b67f,Neon Lamp,858,nm,absorbance,522.6573504841842
528.395,14.843708,4ef7a7ad-18f5-4edc-8181-d1957c45b67f,Neon Lamp,859,nm,absorbance,522.8628162034415
528.602,12.262856,4ef7a7ad-18f5-4edc-8181-d1957c45b67f,Neon Lamp,860,nm,absorbance,523.0682819226988
528.808,18.069581,4ef7a7ad-18f5-4edc-8181-d1957c45b67f,Neon Lamp,861,nm,absorbance,523.2727550539405
529.015,21.017036,4ef7a7ad-18f5-4edc-8181-d1957c45b67f,Neon Lamp,862,nm,absorbance,523.4782207731978
529.222,15.575003,4ef7a7ad-18f5-4edc-8181-d1957c45b67f,Neon Lamp,863,nm,absorbance,523.6836864924551
529.429,9.751909,4ef7a7ad-18f5-4edc-8181-d1957c45b67f,Neon Lamp,864,nm,absorbance,523.8891522117124
529.635,3.460489999999999,4ef7a7ad-18f5-4edc-8181-d1957c45b67f,Neon Lamp,865,nm,absorbance,524.0936253429539
529.842,9.022317,4ef7a7ad-18f5-4edc-8181-d1957c45b67f,Neon Lamp,866,nm,absorbance,524.2990910622112
530.049,8.171239,4ef7a7ad-18f5-4edc-8181-d1957c45b67f,Neon Lamp,867,nm,absorbance,524.5045567814686
530.256,8.898893000000001,4ef7a7ad-18f5-4edc-8181-d1957c45b67f,Neon Lamp,868,nm,absorbance,524.7100225007259
530.462,8.045805999999999,4ef7a7ad-18f5-4edc-8181-d1957c45b67f,Neon Lamp,869,nm,absorbance,524.9144956319675
530.669,7.520792000000002,4ef7a7ad-18f5-4edc-8181-d1957c45b67f,Neon Lamp,870,nm,absorbance,525.1199613512248
530.876,6.539483,4ef7a7ad-18f5-4edc-8181-d1957c45b67f,Neon Lamp,871,nm,absorbance,525.3254270704821
531.082,6.600344,4ef7a7ad-18f5-4edc-8181-d1957c45b67f,Neon Lamp,872,nm,absorbance,525.5299002017238
531.289,10.772996,4ef7a7ad-18f5-4edc-8181-d1957c45b67f,Neon Lamp,873,nm,absorbance,525.735365920981
531.495,16.983325999999998,4ef7a7ad-18f5-4edc-8181-d1957c45b67f,Neon Lamp,874,nm,absorbance,525.9398390522226
531.702,16.048489,4ef7a7ad-18f5-4edc-8181-d1957c45b67f,Neon Lamp,875,nm,absorbance,526.1453047714799
531.909,13.257799999999998,4ef7a7ad-18f5-4edc-8181-d1957c45b67f,Neon Lamp,876,nm,absorbance,526.3507704907373
532.115,8.695291999999998,4ef7a7ad-18f5-4edc-8181-d1957c45b67f,Neon Lamp,877,nm,absorbance,526.5552436219789
532.322,9.376487,4ef7a7ad-18f5-4edc-8181-d1957c45b67f,Neon Lamp,878,nm,absorbance,526.7607093412362
532.528,9.637232999999998,4ef7a7ad-18f5-4edc-8181-d1957c45b67f,Neon Lamp,879,nm,absorbance,526.9651824724777
532.735,10.573895000000002,4ef7a7ad-18f5-4edc-8181-d1957c45b67f,Neon Lamp,880,nm,absorbance,527.170648191735
532.941,10.743735,4ef7a7ad-18f5-4edc-8181-d1957c45b67f,Neon Lamp,881,nm,absorbance,527.3751213229767
533.148,12.618937999999998,4ef7a7ad-18f5-4edc-8181-d1957c45b67f,Neon Lamp,882,nm,absorbance,527.580587042234
533.354,11.203604000000002,4ef7a7ad-18f5-4edc-8181-d1957c45b67f,Neon Lamp,883,nm,absorbance,527.7850601734756
533.561,12.305726,4ef7a7ad-18f5-4edc-8181-d1957c45b67f,Neon Lamp,884,nm,absorbance,527.9905258927329
533.767,10.153958,4ef7a7ad-18f5-4edc-8181-d1957c45b67f,Neon Lamp,885,nm,absorbance,528.1949990239744
533.974,11.928299,4ef7a7ad-18f5-4edc-8181-d1957c45b67f,Neon Lamp,886,nm,absorbance,528.4004647432319
534.18,8.942333000000001,4ef7a7ad-18f5-4edc-8181-d1957c45b67f,Neon Lamp,887,nm,absorbance,528.6049378744733
534.387,10.406935,4ef7a7ad-18f5-4edc-8181-d1957c45b67f,Neon Lamp,888,nm,absorbance,528.8104035937306
534.593,4.918196,4ef7a7ad-18f5-4edc-8181-d1957c45b67f,Neon Lamp,889,nm,absorbance,529.0148767249722
534.799,7.108124000000001,4ef7a7ad-18f5-4edc-8181-d1957c45b67f,Neon Lamp,890,nm,absorbance,529.2193498562139
535.006,8.456369,4ef7a7ad-18f5-4edc-8181-d1957c45b67f,Neon Lamp,891,nm,absorbance,529.4248155754711
535.212,13.722524000000003,4ef7a7ad-18f5-4edc-8181-d1957c45b67f,Neon Lamp,892,nm,absorbance,529.6292887067127
535.418,16.795655999999997,4ef7a7ad-18f5-4edc-8181-d1957c45b67f,Neon Lamp,893,nm,absorbance,529.8337618379543
535.625,16.137335,4ef7a7ad-18f5-4edc-8181-d1957c45b67f,Neon Lamp,894,nm,absorbance,530.0392275572116
535.831,16.11778,4ef7a7ad-18f5-4edc-8181-d1957c45b67f,Neon Lamp,895,nm,absorbance,530.2437006884533
536.037,10.154022,4ef7a7ad-18f5-4edc-8181-d1957c45b67f,Neon Lamp,896,nm,absorbance,530.4481738196948
536.244,5.3137360000000005,4ef7a7ad-18f5-4edc-8181-d1957c45b67f,Neon Lamp,897,nm,absorbance,530.6536395389521
536.45,5.480079,4ef7a7ad-18f5-4edc-8181-d1957c45b67f,Neon Lamp,898,nm,absorbance,530.8581126701937
536.656,8.784735,4ef7a7ad-18f5-4edc-8181-d1957c45b67f,Neon Lamp,899,nm,absorbance,531.0625858014353
536.862,13.313275999999998,4ef7a7ad-18f5-4edc-8181-d1957c45b67f,Neon Lamp,900,nm,absorbance,531.2670589326768
537.068,9.304857000000002,4ef7a7ad-18f5-4edc-8181-d1957c45b67f,Neon Lamp,901,nm,absorbance,531.4715320639184
537.275,8.711288999999999,4ef7a7ad-18f5-4edc-8181-d1957c45b67f,Neon Lamp,902,nm,absorbance,531.6769977831757
537.481,7.005032,4ef7a7ad-18f5-4edc-8181-d1957c45b67f,Neon Lamp,903,nm,absorbance,531.8814709144174
537.687,8.889014,4ef7a7ad-18f5-4edc-8181-d1957c45b67f,Neon Lamp,904,nm,absorbance,532.085944045659
537.893,9.900198,4ef7a7ad-18f5-4edc-8181-d1957c45b67f,Neon Lamp,905,nm,absorbance,532.2904171769005
538.099,13.159004,4ef7a7ad-18f5-4edc-8181-d1957c45b67f,Neon Lamp,906,nm,absorbance,532.4948903081421
538.305,16.287497,4ef7a7ad-18f5-4edc-8181-d1957c45b67f,Neon Lamp,907,nm,absorbance,532.6993634393837
538.512,18.650649,4ef7a7ad-18f5-4edc-8181-d1957c45b67f,Neon Lamp,908,nm,absorbance,532.904829158641
538.718,14.928601999999998,4ef7a7ad-18f5-4edc-8181-d1957c45b67f,Neon Lamp,909,nm,absorbance,533.1093022898825
538.924,15.905185999999995,4ef7a7ad-18f5-4edc-8181-d1957c45b67f,Neon Lamp,910,nm,absorbance,533.3137754211241
539.13,14.559838,4ef7a7ad-18f5-4edc-8181-d1957c45b67f,Neon Lamp,911,nm,absorbance,533.5182485523657
539.336,16.242456,4ef7a7ad-18f5-4edc-8181-d1957c45b67f,Neon Lamp,912,nm,absorbance,533.7227216836073
539.542,10.993002,4ef7a7ad-18f5-4edc-8181-d1957c45b67f,Neon Lamp,913,nm,absorbance,533.9271948148489
539.748,10.220456000000002,4ef7a7ad-18f5-4edc-8181-d1957c45b67f,Neon Lamp,914,nm,absorbance,534.1316679460905
539.954,9.189078,4ef7a7ad-18f5-4edc-8181-d1957c45b67f,Neon Lamp,915,nm,absorbance,534.336141077332
540.16,12.037454,4ef7a7ad-18f5-4edc-8181-d1957c45b67f,Neon Lamp,916,nm,absorbance,534.5406142085736
540.366,6.574226,4ef7a7ad-18f5-4edc-8181-d1957c45b67f,Neon Lamp,917,nm,absorbance,534.7450873398152
540.572,7.720666,4ef7a7ad-18f5-4edc-8181-d1957c45b67f,Neon Lamp,918,nm,absorbance,534.9495604710568
540.778,6.553909,4ef7a7ad-18f5-4edc-8181-d1957c45b67f,Neon Lamp,919,nm,absorbance,535.1540336022983
540.984,13.655233,4ef7a7ad-18f5-4edc-8181-d1957c45b67f,Neon Lamp,920,nm,absorbance,535.35850673354
541.19,16.138593,4ef7a7ad-18f5-4edc-8181-d1957c45b67f,Neon Lamp,921,nm,absorbance,535.5629798647816
541.396,11.237415,4ef7a7ad-18f5-4edc-8181-d1957c45b67f,Neon Lamp,922,nm,absorbance,535.767452996023
541.602,4.905042,4ef7a7ad-18f5-4edc-8181-d1957c45b67f,Neon Lamp,923,nm,absorbance,535.9719261272646
541.807,1.965369,4ef7a7ad-18f5-4edc-8181-d1957c45b67f,Neon Lamp,924,nm,absorbance,536.1754066704906
542.013,9.069533000000002,4ef7a7ad-18f5-4edc-8181-d1957c45b67f,Neon Lamp,925,nm,absorbance,536.3798798017322
542.219,10.656717,4ef7a7ad-18f5-4edc-8181-d1957c45b67f,Neon Lamp,926,nm,absorbance,536.5843529329737
542.425,10.684525,4ef7a7ad-18f5-4edc-8181-d1957c45b67f,Neon Lamp,927,nm,absorbance,536.7888260642153
542.631,10.052447,4ef7a7ad-18f5-4edc-8181-d1957c45b67f,Neon Lamp,928,nm,absorbance,536.9932991954569
542.837,12.244579000000002,4ef7a7ad-18f5-4edc-8181-d1957c45b67f,Neon Lamp,929,nm,absorbance,537.1977723266984
543.042,14.502436,4ef7a7ad-18f5-4edc-8181-d1957c45b67f,Neon Lamp,930,nm,absorbance,537.4012528699243
543.248,15.466891,4ef7a7ad-18f5-4edc-8181-d1957c45b67f,Neon Lamp,931,nm,absorbance,537.605726001166
543.454,14.917432,4ef7a7ad-18f5-4edc-8181-d1957c45b67f,Neon Lamp,932,nm,absorbance,537.8101991324074
543.66,14.439690000000002,4ef7a7ad-18f5-4edc-8181-d1957c45b67f,Neon Lamp,933,nm,absorbance,538.014672263649
543.865,14.864854999999997,4ef7a7ad-18f5-4edc-8181-d1957c45b67f,Neon Lamp,934,nm,absorbance,538.2181528068749
544.071,17.065948,4ef7a7ad-18f5-4edc-8181-d1957c45b67f,Neon Lamp,935,nm,absorbance,538.4226259381165
544.277,16.579314,4ef7a7ad-18f5-4edc-8181-d1957c45b67f,Neon Lamp,936,nm,absorbance,538.6270990693581
544.483,16.443936,4ef7a7ad-18f5-4edc-8181-d1957c45b67f,Neon Lamp,937,nm,absorbance,538.8315722005996
544.688,13.219971,4ef7a7ad-18f5-4edc-8181-d1957c45b67f,Neon Lamp,938,nm,absorbance,539.0350527438254
544.894,13.111317,4ef7a7ad-18f5-4edc-8181-d1957c45b67f,Neon Lamp,939,nm,absorbance,539.2395258750671
545.1,11.084918999999998,4ef7a7ad-18f5-4edc-8181-d1957c45b67f,Neon Lamp,940,nm,absorbance,539.4439990063087
545.305,11.520829,4ef7a7ad-18f5-4edc-8181-d1957c45b67f,Neon Lamp,941,nm,absorbance,539.6474795495344
545.511,10.587033,4ef7a7ad-18f5-4edc-8181-d1957c45b67f,Neon Lamp,942,nm,absorbance,539.8519526807761
545.716,11.87384,4ef7a7ad-18f5-4edc-8181-d1957c45b67f,Neon Lamp,943,nm,absorbance,540.055433224002
545.922,11.505994,4ef7a7ad-18f5-4edc-8181-d1957c45b67f,Neon Lamp,944,nm,absorbance,540.2599063552435
546.128,13.808294,4ef7a7ad-18f5-4edc-8181-d1957c45b67f,Neon Lamp,945,nm,absorbance,540.4643794864851
546.333,10.65429,4ef7a7ad-18f5-4edc-8181-d1957c45b67f,Neon Lamp,946,nm,absorbance,540.6678600297109
546.539,13.509608999999998,4ef7a7ad-18f5-4edc-8181-d1957c45b67f,Neon Lamp,947,nm,absorbance,540.8723331609525
546.744,9.806076999999998,4ef7a7ad-18f5-4edc-8181-d1957c45b67f,Neon Lamp,948,nm,absorbance,541.0758137041784
546.95,11.334052000000002,4ef7a7ad-18f5-4edc-8181-d1957c45b67f,Neon Lamp,949,nm,absorbance,541.2802868354199
547.155,10.339623,4ef7a7ad-18f5-4edc-8181-d1957c45b67f,Neon Lamp,950,nm,absorbance,541.4837673786458
547.361,7.396496999999999,4ef7a7ad-18f5-4edc-8181-d1957c45b67f,Neon Lamp,951,nm,absorbance,541.6882405098874
547.566,8.139888,4ef7a7ad-18f5-4edc-8181-d1957c45b67f,Neon Lamp,952,nm,absorbance,541.8917210531132
547.772,5.239008,4ef7a7ad-18f5-4edc-8181-d1957c45b67f,Neon Lamp,953,nm,absorbance,542.0961941843549
547.977,9.255236,4ef7a7ad-18f5-4edc-8181-d1957c45b67f,Neon Lamp,954,nm,absorbance,542.2996747275806
548.182,8.964466,4ef7a7ad-18f5-4edc-8181-d1957c45b67f,Neon Lamp,955,nm,absorbance,542.5031552708065
548.388,12.312456,4ef7a7ad-18f5-4edc-8181-d1957c45b67f,Neon Lamp,956,nm,absorbance,542.707628402048
548.593,13.021483,4ef7a7ad-18f5-4edc-8181-d1957c45b67f,Neon Lamp,957,nm,absorbance,542.9111089452739
548.799,16.219462,4ef7a7ad-18f5-4edc-8181-d1957c45b67f,Neon Lamp,958,nm,absorbance,543.1155820765155
549.004,14.400385000000004,4ef7a7ad-18f5-4edc-8181-d1957c45b67f,Neon Lamp,959,nm,absorbance,543.3190626197413
549.209,11.588427,4ef7a7ad-18f5-4edc-8181-d1957c45b67f,Neon Lamp,960,nm,absorbance,543.5225431629672
549.415,8.332038,4ef7a7ad-18f5-4edc-8181-d1957c45b67f,Neon Lamp,961,nm,absorbance,543.7270162942087
549.62,13.415603,4ef7a7ad-18f5-4edc-8181-d1957c45b67f,Neon Lamp,962,nm,absorbance,543.9304968374346
549.825,14.76458,4ef7a7ad-18f5-4edc-8181-d1957c45b67f,Neon Lamp,963,nm,absorbance,544.1339773806606
550.031,17.239692999999995,4ef7a7ad-18f5-4edc-8181-d1957c45b67f,Neon Lamp,964,nm,absorbance,544.338450511902
550.236,15.490703,4ef7a7ad-18f5-4edc-8181-d1957c45b67f,Neon Lamp,965,nm,absorbance,544.5419310551279
550.441,19.492371,4ef7a7ad-18f5-4edc-8181-d1957c45b67f,Neon Lamp,966,nm,absorbance,544.7454115983537
550.646,18.294903,4ef7a7ad-18f5-4edc-8181-d1957c45b67f,Neon Lamp,967,nm,absorbance,544.9488921415796
550.852,17.451544000000002,4ef7a7ad-18f5-4edc-8181-d1957c45b67f,Neon Lamp,968,nm,absorbance,545.1533652728211
551.057,16.658067999999997,4ef7a7ad-18f5-4edc-8181-d1957c45b67f,Neon Lamp,969,nm,absorbance,545.356845816047
551.262,16.480194,4ef7a7ad-18f5-4edc-8181-d1957c45b67f,Neon Lamp,970,nm,absorbance,545.5603263592728
551.467,18.4545,4ef7a7ad-18f5-4edc-8181-d1957c45b67f,Neon Lamp,971,nm,absorbance,545.7638069024987
551.672,10.296177,4ef7a7ad-18f5-4edc-8181-d1957c45b67f,Neon Lamp,972,nm,absorbance,545.9672874457245
551.878,9.734953,4ef7a7ad-18f5-4edc-8181-d1957c45b67f,Neon Lamp,973,nm,absorbance,546.1717605769662
552.083,8.245776,4ef7a7ad-18f5-4edc-8181-d1957c45b67f,Neon Lamp,974,nm,absorbance,546.375241120192
552.288,9.392697000000002,4ef7a7ad-18f5-4edc-8181-d1957c45b67f,Neon Lamp,975,nm,absorbance,546.5787216634178
552.493,6.673852999999999,4ef7a7ad-18f5-4edc-8181-d1957c45b67f,Neon Lamp,976,nm,absorbance,546.7822022066437
552.698,7.070953,4ef7a7ad-18f5-4edc-8181-d1957c45b67f,Neon Lamp,977,nm,absorbance,546.9856827498695
552.903,13.117836,4ef7a7ad-18f5-4edc-8181-d1957c45b67f,Neon Lamp,978,nm,absorbance,547.1891632930954
553.108,14.628258,4ef7a7ad-18f5-4edc-8181-d1957c45b67f,Neon Lamp,979,nm,absorbance,547.3926438363211
553.313,17.026898,4ef7a7ad-18f5-4edc-8181-d1957c45b67f,Neon Lamp,980,nm,absorbance,547.5961243795471
553.518,17.718522999999998,4ef7a7ad-18f5-4edc-8181-d1957c45b67f,Neon Lamp,981,nm,absorbance,547.7996049227729
553.723,20.785196,4ef7a7ad-18f5-4edc-8181-d1957c45b67f,Neon Lamp,982,nm,absorbance,548.0030854659987
553.928,19.781492,4ef7a7ad-18f5-4edc-8181-d1957c45b67f,Neon Lamp,983,nm,absorbance,548.2065660092246
554.133,14.652828,4ef7a7ad-18f5-4edc-8181-d1957c45b67f,Neon Lamp,984,nm,absorbance,548.4100465524505
554.338,13.149761000000002,4ef7a7ad-18f5-4edc-8181-d1957c45b67f,Neon Lamp,985,nm,absorbance,548.6135270956762
554.543,12.069139,4ef7a7ad-18f5-4edc-8181-d1957c45b67f,Neon Lamp,986,nm,absorbance,548.8170076389022
554.748,12.434224,4ef7a7ad-18f5-4edc-8181-d1957c45b67f,Neon Lamp,987,nm,absorbance,549.020488182128
554.953,16.941587000000002,4ef7a7ad-18f5-4edc-8181-d1957c45b67f,Neon Lamp,988,nm,absorbance,549.2239687253538
555.158,18.554468,4ef7a7ad-18f5-4edc-8181-d1957c45b67f,Neon Lamp,989,nm,absorbance,549.4274492685797
555.363,20.704055,4ef7a7ad-18f5-4edc-8181-d1957c45b67f,Neon Lamp,990,nm,absorbance,549.6309298118056
555.568,15.462672,4ef7a7ad-18f5-4edc-8181-d1957c45b67f,Neon Lamp,991,nm,absorbance,549.8344103550313
555.773,8.988723,4ef7a7ad-18f5-4edc-8181-d1957c45b67f,Neon Lamp,992,nm,absorbance,550.0378908982573
555.978,6.907362999999998,4ef7a7ad-18f5-4edc-8181-d1957c45b67f,Neon Lamp,993,nm,absorbance,550.241371441483
556.182,9.10961,4ef7a7ad-18f5-4edc-8181-d1957c45b67f,Neon Lamp,994,nm,absorbance,550.4438593966931
556.387,11.149414000000002,4ef7a7ad-18f5-4edc-8181-d1957c45b67f,Neon Lamp,995,nm,absorbance,550.647339939919
556.592,9.529787,4ef7a7ad-18f5-4edc-8181-d1957c45b67f,Neon Lamp,996,nm,absorbance,550.8508204831448
556.797,4.362064999999999,4ef7a7ad-18f5-4edc-8181-d1957c45b67f,Neon Lamp,997,nm,absorbance,551.0543010263707
557.002,2.452056,4ef7a7ad-18f5-4edc-8181-d1957c45b67f,Neon Lamp,998,nm,absorbance,551.2577815695964
557.206,10.665852,4ef7a7ad-18f5-4edc-8181-d1957c45b67f,Neon Lamp,999,nm,absorbance,551.4602695248067
557.411,16.400546000000002,4ef7a7ad-18f5-4edc-8181-d1957c45b67f,Neon Lamp,1000,nm,absorbance,551.6637500680324
557.616,22.479965,4ef7a7ad-18f5-4edc-8181-d1957c45b67f,Neon Lamp,1001,nm,absorbance,551.8672306112583
557.821,20.478857,4ef7a7ad-18f5-4edc-8181-d1957c45b67f,Neon Lamp,1002,nm,absorbance,552.0707111544842
558.025,14.408442,4ef7a7ad-18f5-4edc-8181-d1957c45b67f,Neon Lamp,1003,nm,absorbance,552.2731991096942
558.23,10.579906,4ef7a7ad-18f5-4edc-8181-d1957c45b67f,Neon Lamp,1004,nm,absorbance,552.4766796529202
558.435,7.150193999999999,4ef7a7ad-18f5-4edc-8181-d1957c45b67f,Neon Lamp,1005,nm,absorbance,552.680160196146
558.64,11.500862,4ef7a7ad-18f5-4edc-8181-d1957c45b67f,Neon Lamp,1006,nm,absorbance,552.8836407393718
558.844,6.757141999999999,4ef7a7ad-18f5-4edc-8181-d1957c45b67f,Neon Lamp,1007,nm,absorbance,553.086128694582
559.049,6.119308999999999,4ef7a7ad-18f5-4edc-8181-d1957c45b67f,Neon Lamp,1008,nm,absorbance,553.2896092378078
559.253,5.796265000000001,4ef7a7ad-18f5-4edc-8181-d1957c45b67f,Neon Lamp,1009,nm,absorbance,553.4920971930179
559.458,8.331566,4ef7a7ad-18f5-4edc-8181-d1957c45b67f,Neon Lamp,1010,nm,absorbance,553.6955777362438
559.663,8.724786,4ef7a7ad-18f5-4edc-8181-d1957c45b67f,Neon Lamp,1011,nm,absorbance,553.8990582794696
559.867,7.183519999999999,4ef7a7ad-18f5-4edc-8181-d1957c45b67f,Neon Lamp,1012,nm,absorbance,554.1015462346796
560.072,7.010681,4ef7a7ad-18f5-4edc-8181-d1957c45b67f,Neon Lamp,1013,nm,absorbance,554.3050267779056
560.276,7.415021,4ef7a7ad-18f5-4edc-8181-d1957c45b67f,Neon Lamp,1014,nm,absorbance,554.5075147331156
560.481,9.258625,4ef7a7ad-18f5-4edc-8181-d1957c45b67f,Neon Lamp,1015,nm,absorbance,554.7109952763415
560.685,14.415440999999998,4ef7a7ad-18f5-4edc-8181-d1957c45b67f,Neon Lamp,1016,nm,absorbance,554.9134832315516
560.89,14.112081999999996,4ef7a7ad-18f5-4edc-8181-d1957c45b67f,Neon Lamp,1017,nm,absorbance,555.1169637747774
561.094,13.279226,4ef7a7ad-18f5-4edc-8181-d1957c45b67f,Neon Lamp,1018,nm,absorbance,555.3194517299876
561.299,11.29814,4ef7a7ad-18f5-4edc-8181-d1957c45b67f,Neon Lamp,1019,nm,absorbance,555.5229322732134
561.503,12.197896000000004,4ef7a7ad-18f5-4edc-8181-d1957c45b67f,Neon Lamp,1020,nm,absorbance,555.7254202284236
561.708,9.32014,4ef7a7ad-18f5-4edc-8181-d1957c45b67f,Neon Lamp,1021,nm,absorbance,555.9289007716493
561.912,7.494449999999999,4ef7a7ad-18f5-4edc-8181-d1957c45b67f,Neon Lamp,1022,nm,absorbance,556.1313887268595
562.117,7.230275000000001,4ef7a7ad-18f5-4edc-8181-d1957c45b67f,Neon Lamp,1023,nm,absorbance,556.3348692700853
562.321,10.200825,4ef7a7ad-18f5-4edc-8181-d1957c45b67f,Neon Lamp,1024,nm,absorbance,556.5373572252954
562.525,12.912562,4ef7a7ad-18f5-4edc-8181-d1957c45b67f,Neon Lamp,1025,nm,absorbance,556.7398451805055
562.73,12.0331,4ef7a7ad-18f5-4edc-8181-d1957c45b67f,Neon Lamp,1026,nm,absorbance,556.9433257237314
562.934,9.876618,4ef7a7ad-18f5-4edc-8181-d1957c45b67f,Neon Lamp,1027,nm,absorbance,557.1458136789415
563.139,9.602207000000002,4ef7a7ad-18f5-4edc-8181-d1957c45b67f,Neon Lamp,1028,nm,absorbance,557.3492942221674
563.343,13.646865,4ef7a7ad-18f5-4edc-8181-d1957c45b67f,Neon Lamp,1029,nm,absorbance,557.5517821773774
563.547,14.113552000000002,4ef7a7ad-18f5-4edc-8181-d1957c45b67f,Neon Lamp,1030,nm,absorbance,557.7542701325876
563.752,13.77767,4ef7a7ad-18f5-4edc-8181-d1957c45b67f,Neon Lamp,1031,nm,absorbance,557.9577506758134
563.956,10.114581,4ef7a7ad-18f5-4edc-8181-d1957c45b67f,Neon Lamp,1032,nm,absorbance,558.1602386310235
564.16,12.129563,4ef7a7ad-18f5-4edc-8181-d1957c45b67f,Neon Lamp,1033,nm,absorbance,558.3627265862336
564.364,8.019959,4ef7a7ad-18f5-4edc-8181-d1957c45b67f,Neon Lamp,1034,nm,absorbance,558.5652145414438
564.569,9.084782,4ef7a7ad-18f5-4edc-8181-d1957c45b67f,Neon Lamp,1035,nm,absorbance,558.7686950846695
564.773,8.75175,4ef7a7ad-18f5-4edc-8181-d1957c45b67f,Neon Lamp,1036,nm,absorbance,558.9711830398797
564.977,8.953684999999998,4ef7a7ad-18f5-4edc-8181-d1957c45b67f,Neon Lamp,1037,nm,absorbance,559.1736709950898
565.181,11.216838,4ef7a7ad-18f5-4edc-8181-d1957c45b67f,Neon Lamp,1038,nm,absorbance,559.3761589503
565.385,12.256846,4ef7a7ad-18f5-4edc-8181-d1957c45b67f,Neon Lamp,1039,nm,absorbance,559.57864690551
565.59,14.438010000000002,4ef7a7ad-18f5-4edc-8181-d1957c45b67f,Neon Lamp,1040,nm,absorbance,559.7821274487359
565.794,12.954994,4ef7a7ad-18f5-4edc-8181-d1957c45b67f,Neon Lamp,1041,nm,absorbance,559.984615403946
565.998,6.149541999999999,4ef7a7ad-18f5-4edc-8181-d1957c45b67f,Neon Lamp,1042,nm,absorbance,560.1871033591561
566.202,6.39381,4ef7a7ad-18f5-4edc-8181-d1957c45b67f,Neon Lamp,1043,nm,absorbance,560.3895913143662
566.406,7.231171000000001,4ef7a7ad-18f5-4edc-8181-d1957c45b67f,Neon Lamp,1044,nm,absorbance,560.5920792695763
566.61,7.2023660000000005,4ef7a7ad-18f5-4edc-8181-d1957c45b67f,Neon Lamp,1045,nm,absorbance,560.7945672247864
566.814,4.359825,4ef7a7ad-18f5-4edc-8181-d1957c45b67f,Neon Lamp,1046,nm,absorbance,560.9970551799966
567.018,5.614551,4ef7a7ad-18f5-4edc-8181-d1957c45b67f,Neon Lamp,1047,nm,absorbance,561.1995431352067
567.222,10.144319,4ef7a7ad-18f5-4edc-8181-d1957c45b67f,Neon Lamp,1048,nm,absorbance,561.4020310904167
567.426,11.487668,4ef7a7ad-18f5-4edc-8181-d1957c45b67f,Neon Lamp,1049,nm,absorbance,561.604519045627
567.63,8.565916999999999,4ef7a7ad-18f5-4edc-8181-d1957c45b67f,Neon Lamp,1050,nm,absorbance,561.807007000837
567.834,7.353142,4ef7a7ad-18f5-4edc-8181-d1957c45b67f,Neon Lamp,1051,nm,absorbance,562.009494956047
568.038,11.484447,4ef7a7ad-18f5-4edc-8181-d1957c45b67f,Neon Lamp,1052,nm,absorbance,562.2119829112572
568.242,14.664466,4ef7a7ad-18f5-4edc-8181-d1957c45b67f,Neon Lamp,1053,nm,absorbance,562.4144708664672
568.446,17.709074000000005,4ef7a7ad-18f5-4edc-8181-d1957c45b67f,Neon Lamp,1054,nm,absorbance,562.6169588216775
568.65,15.754283,4ef7a7ad-18f5-4edc-8181-d1957c45b67f,Neon Lamp,1055,nm,absorbance,562.8194467768875
568.854,11.620936,4ef7a7ad-18f5-4edc-8181-d1957c45b67f,Neon Lamp,1056,nm,absorbance,563.0219347320976
569.058,13.603443000000002,4ef7a7ad-18f5-4edc-8181-d1957c45b67f,Neon Lamp,1057,nm,absorbance,563.2244226873078
569.262,12.388695000000002,4ef7a7ad-18f5-4edc-8181-d1957c45b67f,Neon Lamp,1058,nm,absorbance,563.4269106425178
569.466,12.51543,4ef7a7ad-18f5-4edc-8181-d1957c45b67f,Neon Lamp,1059,nm,absorbance,563.6293985977279
569.67,5.624156,4ef7a7ad-18f5-4edc-8181-d1957c45b67f,Neon Lamp,1060,nm,absorbance,563.831886552938
569.874,7.0839870000000005,4ef7a7ad-18f5-4edc-8181-d1957c45b67f,Neon Lamp,1061,nm,absorbance,564.0343745081482
570.078,8.894835,4ef7a7ad-18f5-4edc-8181-d1957c45b67f,Neon Lamp,1062,nm,absorbance,564.2368624633583
570.281,10.12366,4ef7a7ad-18f5-4edc-8181-d1957c45b67f,Neon Lamp,1063,nm,absorbance,564.4383578305526
570.485,8.320479,4ef7a7ad-18f5-4edc-8181-d1957c45b67f,Neon Lamp,1064,nm,absorbance,564.6408457857627
570.689,9.114238,4ef7a7ad-18f5-4edc-8181-d1957c45b67f,Neon Lamp,1065,nm,absorbance,564.8433337409729
570.893,14.567131999999996,4ef7a7ad-18f5-4edc-8181-d1957c45b67f,Neon Lamp,1066,nm,absorbance,565.045821696183
571.097,17.823293,4ef7a7ad-18f5-4edc-8181-d1957c45b67f,Neon Lamp,1067,nm,absorbance,565.2483096513931
571.3,17.370479,4ef7a7ad-18f5-4edc-8181-d1957c45b67f,Neon Lamp,1068,nm,absorbance,565.4498050185874
571.504,12.578715,4ef7a7ad-18f5-4edc-8181-d1957c45b67f,Neon Lamp,1069,nm,absorbance,565.6522929737976
571.708,10.549505,4ef7a7ad-18f5-4edc-8181-d1957c45b67f,Neon Lamp,1070,nm,absorbance,565.8547809290077
571.912,11.27904,4ef7a7ad-18f5-4edc-8181-d1957c45b67f,Neon Lamp,1071,nm,absorbance,566.0572688842178
572.115,13.756019,4ef7a7ad-18f5-4edc-8181-d1957c45b67f,Neon Lamp,1072,nm,absorbance,566.2587642514122
572.319,15.633119,4ef7a7ad-18f5-4edc-8181-d1957c45b67f,Neon Lamp,1073,nm,absorbance,566.4612522066222
572.523,12.865951999999998,4ef7a7ad-18f5-4edc-8181-d1957c45b67f,Neon Lamp,1074,nm,absorbance,566.6637401618324
572.726,12.035208,4ef7a7ad-18f5-4edc-8181-d1957c45b67f,Neon Lamp,1075,nm,absorbance,566.8652355290268
572.93,4.229617000000001,4ef7a7ad-18f5-4edc-8181-d1957c45b67f,Neon Lamp,1076,nm,absorbance,567.0677234842368
573.133,1.244431,4ef7a7ad-18f5-4edc-8181-d1957c45b67f,Neon Lamp,1077,nm,absorbance,567.2692188514313
573.337,-1.0694180000000002,4ef7a7ad-18f5-4edc-8181-d1957c45b67f,Neon Lamp,1078,nm,absorbance,567.4717068066414
573.541,8.706642,4ef7a7ad-18f5-4edc-8181-d1957c45b67f,Neon Lamp,1079,nm,absorbance,567.6741947618515
573.744,8.57637,4ef7a7ad-18f5-4edc-8181-d1957c45b67f,Neon Lamp,1080,nm,absorbance,567.8756901290459
573.948,11.69212,4ef7a7ad-18f5-4edc-8181-d1957c45b67f,Neon Lamp,1081,nm,absorbance,568.0781780842559
574.151,5.982325999999999,4ef7a7ad-18f5-4edc-8181-d1957c45b67f,Neon Lamp,1082,nm,absorbance,568.2796734514503
574.355,6.07028,4ef7a7ad-18f5-4edc-8181-d1957c45b67f,Neon Lamp,1083,nm,absorbance,568.4821614066605
574.558,7.280528000000001,4ef7a7ad-18f5-4edc-8181-d1957c45b67f,Neon Lamp,1084,nm,absorbance,568.6836567738549
574.762,6.286581000000001,4ef7a7ad-18f5-4edc-8181-d1957c45b67f,Neon Lamp,1085,nm,absorbance,568.8861447290649
574.965,12.708069,4ef7a7ad-18f5-4edc-8181-d1957c45b67f,Neon Lamp,1086,nm,absorbance,569.0876400962593
575.169,12.572104,4ef7a7ad-18f5-4edc-8181-d1957c45b67f,Neon Lamp,1087,nm,absorbance,569.2901280514694
575.372,14.729728,4ef7a7ad-18f5-4edc-8181-d1957c45b67f,Neon Lamp,1088,nm,absorbance,569.4916234186637
575.576,13.561189000000002,4ef7a7ad-18f5-4edc-8181-d1957c45b67f,Neon Lamp,1089,nm,absorbance,569.694111373874
575.779,11.006521,4ef7a7ad-18f5-4edc-8181-d1957c45b67f,Neon Lamp,1090,nm,absorbance,569.8956067410683
575.983,13.029738,4ef7a7ad-18f5-4edc-8181-d1957c45b67f,Neon Lamp,1091,nm,absorbance,570.0980946962783
576.186,5.329516,4ef7a7ad-18f5-4edc-8181-d1957c45b67f,Neon Lamp,1092,nm,absorbance,570.2995900634728
576.389,8.918650000000001,4ef7a7ad-18f5-4edc-8181-d1957c45b67f,Neon Lamp,1093,nm,absorbance,570.5010854306671
576.593,6.037661,4ef7a7ad-18f5-4edc-8181-d1957c45b67f,Neon Lamp,1094,nm,absorbance,570.7035733858772
576.796,13.042674,4ef7a7ad-18f5-4edc-8181-d1957c45b67f,Neon Lamp,1095,nm,absorbance,570.9050687530716
577.0,13.700673,4ef7a7ad-18f5-4edc-8181-d1957c45b67f,Neon Lamp,1096,nm,absorbance,571.1075567082818
577.203,15.809442999999998,4ef7a7ad-18f5-4edc-8181-d1957c45b67f,Neon Lamp,1097,nm,absorbance,571.3090520754761
577.406,13.8747,4ef7a7ad-18f5-4edc-8181-d1957c45b67f,Neon Lamp,1098,nm,absorbance,571.5105474426704
577.609,13.45976,4ef7a7ad-18f5-4edc-8181-d1957c45b67f,Neon Lamp,1099,nm,absorbance,571.7120428098649
577.813,18.172381,4ef7a7ad-18f5-4edc-8181-d1957c45b67f,Neon Lamp,1100,nm,absorbance,571.9145307650749
578.016,19.052635,4ef7a7ad-18f5-4edc-8181-d1957c45b67f,Neon Lamp,1101,nm,absorbance,572.1160261322693
578.219,18.679157,4ef7a7ad-18f5-4edc-8181-d1957c45b67f,Neon Lamp,1102,nm,absorbance,572.3175214994637
578.423,17.106628,4ef7a7ad-18f5-4edc-8181-d1957c45b67f,Neon Lamp,1103,nm,absorbance,572.5200094546739
578.626,15.415259,4ef7a7ad-18f5-4edc-8181-d1957c45b67f,Neon Lamp,1104,nm,absorbance,572.7215048218682
578.829,13.035748000000002,4ef7a7ad-18f5-4edc-8181-d1957c45b67f,Neon Lamp,1105,nm,absorbance,572.9230001890625
579.032,6.483857,4ef7a7ad-18f5-4edc-8181-d1957c45b67f,Neon Lamp,1106,nm,absorbance,573.124495556257
579.235,8.480243,4ef7a7ad-18f5-4edc-8181-d1957c45b67f,Neon Lamp,1107,nm,absorbance,573.3259909234513
579.438,11.000355,4ef7a7ad-18f5-4edc-8181-d1957c45b67f,Neon Lamp,1108,nm,absorbance,573.5274862906457
579.642,12.978359,4ef7a7ad-18f5-4edc-8181-d1957c45b67f,Neon Lamp,1109,nm,absorbance,573.7299742458558
579.845,12.818864,4ef7a7ad-18f5-4edc-8181-d1957c45b67f,Neon Lamp,1110,nm,absorbance,573.9314696130502
580.048,9.264861,4ef7a7ad-18f5-4edc-8181-d1957c45b67f,Neon Lamp,1111,nm,absorbance,574.1329649802445
580.251,13.057242000000002,4ef7a7ad-18f5-4edc-8181-d1957c45b67f,Neon Lamp,1112,nm,absorbance,574.334460347439
580.454,13.11676,4ef7a7ad-18f5-4edc-8181-d1957c45b67f,Neon Lamp,1113,nm,absorbance,574.5359557146332
580.657,17.531744,4ef7a7ad-18f5-4edc-8181-d1957c45b67f,Neon Lamp,1114,nm,absorbance,574.7374510818277
580.86,15.079294999999998,4ef7a7ad-18f5-4edc-8181-d1957c45b67f,Neon Lamp,1115,nm,absorbance,574.9389464490221
581.063,18.482571,4ef7a7ad-18f5-4edc-8181-d1957c45b67f,Neon Lamp,1116,nm,absorbance,575.1404418162164
581.266,15.783031,4ef7a7ad-18f5-4edc-8181-d1957c45b67f,Neon Lamp,1117,nm,absorbance,575.3419371834108
581.469,14.139186999999998,4ef7a7ad-18f5-4edc-8181-d1957c45b67f,Neon Lamp,1118,nm,absorbance,575.5434325506052
581.672,17.572786,4ef7a7ad-18f5-4edc-8181-d1957c45b67f,Neon Lamp,1119,nm,absorbance,575.7449279177996
581.875,13.058704,4ef7a7ad-18f5-4edc-8181-d1957c45b67f,Neon Lamp,1120,nm,absorbance,575.9464232849939
582.078,15.881330999999998,4ef7a7ad-18f5-4edc-8181-d1957c45b67f,Neon Lamp,1121,nm,absorbance,576.1479186521883
582.281,13.140718,4ef7a7ad-18f5-4edc-8181-d1957c45b67f,Neon Lamp,1122,nm,absorbance,576.3494140193826
582.484,19.524744,4ef7a7ad-18f5-4edc-8181-d1957c45b67f,Neon Lamp,1123,nm,absorbance,576.550909386577
582.687,18.583547,4ef7a7ad-18f5-4edc-8181-d1957c45b67f,Neon Lamp,1124,nm,absorbance,576.7524047537714
582.89,14.337691,4ef7a7ad-18f5-4edc-8181-d1957c45b67f,Neon Lamp,1125,nm,absorbance,576.9539001209657
583.093,20.008853,4ef7a7ad-18f5-4edc-8181-d1957c45b67f,Neon Lamp,1126,nm,absorbance,577.1553954881601
583.296,26.369149000000004,4ef7a7ad-18f5-4edc-8181-d1957c45b67f,Neon Lamp,1127,nm,absorbance,577.3568908553545
583.499,28.852247,4ef7a7ad-18f5-4edc-8181-d1957c45b67f,Neon Lamp,1128,nm,absorbance,577.558386222549
583.702,18.861873,4ef7a7ad-18f5-4edc-8181-d1957c45b67f,Neon Lamp,1129,nm,absorbance,577.7598815897433
583.904,18.768879,4ef7a7ad-18f5-4edc-8181-d1957c45b67f,Neon Lamp,1130,nm,absorbance,577.960384368922
584.107,22.032993,4ef7a7ad-18f5-4edc-8181-d1957c45b67f,Neon Lamp,1131,nm,absorbance,578.1618797361162
584.31,23.252992000000003,4ef7a7ad-18f5-4edc-8181-d1957c45b67f,Neon Lamp,1132,nm,absorbance,578.3633751033107
584.513,16.701539999999998,4ef7a7ad-18f5-4edc-8181-d1957c45b67f,Neon Lamp,1133,nm,absorbance,578.5648704705051
584.716,14.205467000000002,4ef7a7ad-18f5-4edc-8181-d1957c45b67f,Neon Lamp,1134,nm,absorbance,578.7663658376994
584.918,22.303999,4ef7a7ad-18f5-4edc-8181-d1957c45b67f,Neon Lamp,1135,nm,absorbance,578.9668686168781
585.121,24.82461,4ef7a7ad-18f5-4edc-8181-d1957c45b67f,Neon Lamp,1136,nm,absorbance,579.1683639840724
585.324,24.733603,4ef7a7ad-18f5-4edc-8181-d1957c45b67f,Neon Lamp,1137,nm,absorbance,579.3698593512668
585.527,17.553267,4ef7a7ad-18f5-4edc-8181-d1957c45b67f,Neon Lamp,1138,nm,absorbance,579.5713547184612
585.729,21.832159,4ef7a7ad-18f5-4edc-8181-d1957c45b67f,Neon Lamp,1139,nm,absorbance,579.7718574976399
585.932,24.355087,4ef7a7ad-18f5-4edc-8181-d1957c45b67f,Neon Lamp,1140,nm,absorbance,579.9733528648342
586.135,32.512068000000006,4ef7a7ad-18f5-4edc-8181-d1957c45b67f,Neon Lamp,1141,nm,absorbance,580.1748482320286
586.337,39.296853000000006,4ef7a7ad-18f5-4edc-8181-d1957c45b67f,Neon Lamp,1142,nm,absorbance,580.3753510112072
586.54,43.546722,4ef7a7ad-18f5-4edc-8181-d1957c45b67f,Neon Lamp,1143,nm,absorbance,580.5768463784016
586.743,49.265237,4ef7a7ad-18f5-4edc-8181-d1957c45b67f,Neon Lamp,1144,nm,absorbance,580.778341745596
586.945,48.827496,4ef7a7ad-18f5-4edc-8181-d1957c45b67f,Neon Lamp,1145,nm,absorbance,580.9788445247747
587.148,53.773651,4ef7a7ad-18f5-4edc-8181-d1957c45b67f,Neon Lamp,1146,nm,absorbance,581.180339891969
587.35,55.605893,4ef7a7ad-18f5-4edc-8181-d1957c45b67f,Neon Lamp,1147,nm,absorbance,581.3808426711477
587.553,62.56356400000001,4ef7a7ad-18f5-4edc-8181-d1957c45b67f,Neon Lamp,1148,nm,absorbance,581.582338038342
587.755,68.088505,4ef7a7ad-18f5-4edc-8181-d1957c45b67f,Neon Lamp,1149,nm,absorbance,581.7828408175207
587.958,71.920375,4ef7a7ad-18f5-4edc-8181-d1957c45b67f,Neon Lamp,1150,nm,absorbance,581.984336184715
588.161,72.462716,4ef7a7ad-18f5-4edc-8181-d1957c45b67f,Neon Lamp,1151,nm,absorbance,582.1858315519094
588.363,71.069388,4ef7a7ad-18f5-4edc-8181-d1957c45b67f,Neon Lamp,1152,nm,absorbance,582.386334331088
588.566,75.52685699999998,4ef7a7ad-18f5-4edc-8181-d1957c45b67f,Neon Lamp,1153,nm,absorbance,582.5878296982823
588.768,74.88295000000002,4ef7a7ad-18f5-4edc-8181-d1957c45b67f,Neon Lamp,1154,nm,absorbance,582.788332477461
588.971,77.731137,4ef7a7ad-18f5-4edc-8181-d1957c45b67f,Neon Lamp,1155,nm,absorbance,582.9898278446553
589.173,70.51043899999999,4ef7a7ad-18f5-4edc-8181-d1957c45b67f,Neon Lamp,1156,nm,absorbance,583.190330623834
589.375,70.08606,4ef7a7ad-18f5-4edc-8181-d1957c45b67f,Neon Lamp,1157,nm,absorbance,583.3908334030126
589.578,67.904032,4ef7a7ad-18f5-4edc-8181-d1957c45b67f,Neon Lamp,1158,nm,absorbance,583.592328770207
589.78,71.713665,4ef7a7ad-18f5-4edc-8181-d1957c45b67f,Neon Lamp,1159,nm,absorbance,583.7928315493856
589.983,70.639877,4ef7a7ad-18f5-4edc-8181-d1957c45b67f,Neon Lamp,1160,nm,absorbance,583.99432691658
590.185,73.72640799999999,4ef7a7ad-18f5-4edc-8181-d1957c45b67f,Neon Lamp,1161,nm,absorbance,584.1948296957586
590.387,71.285999,4ef7a7ad-18f5-4edc-8181-d1957c45b67f,Neon Lamp,1162,nm,absorbance,584.3953324749373
590.59,73.977972,4ef7a7ad-18f5-4edc-8181-d1957c45b67f,Neon Lamp,1163,nm,absorbance,584.5968278421317
590.792,73.012964,4ef7a7ad-18f5-4edc-8181-d1957c45b67f,Neon Lamp,1164,nm,absorbance,584.7973306213104
590.994,77.774577,4ef7a7ad-18f5-4edc-8181-d1957c45b67f,Neon Lamp,1165,nm,absorbance,584.997833400489
591.197,78.713176,4ef7a7ad-18f5-4edc-8181-d1957c45b67f,Neon Lamp,1166,nm,absorbance,585.1993287676834
591.399,76.538363,4ef7a7ad-18f5-4edc-8181-d1957c45b67f,Neon Lamp,1167,nm,absorbance,585.399831546862
591.601,73.21721,4ef7a7ad-18f5-4edc-8181-d1957c45b67f,Neon Lamp,1168,nm,absorbance,585.6003343260406
591.803,69.893565,4ef7a7ad-18f5-4edc-8181-d1957c45b67f,Neon Lamp,1169,nm,absorbance,585.8008371052192
592.006,69.46039799999998,4ef7a7ad-18f5-4edc-8181-d1957c45b67f,Neon Lamp,1170,nm,absorbance,586.0023324724136
592.208,70.748109,4ef7a7ad-18f5-4edc-8181-d1957c45b67f,Neon Lamp,1171,nm,absorbance,586.2028352515922
592.41,74.037352,4ef7a7ad-18f5-4edc-8181-d1957c45b67f,Neon Lamp,1172,nm,absorbance,586.4033380307709
592.612,75.07468700000001,4ef7a7ad-18f5-4edc-8181-d1957c45b67f,Neon Lamp,1173,nm,absorbance,586.6038408099495
592.815,74.716254,4ef7a7ad-18f5-4edc-8181-d1957c45b67f,Neon Lamp,1174,nm,absorbance,586.805336177144
593.017,73.27203499999999,4ef7a7ad-18f5-4edc-8181-d1957c45b67f,Neon Lamp,1175,nm,absorbance,587.0058389563226
593.219,67.130246,4ef7a7ad-18f5-4edc-8181-d1957c45b67f,Neon Lamp,1176,nm,absorbance,587.2063417355013
593.421,68.40285,4ef7a7ad-18f5-4edc-8181-d1957c45b67f,Neon Lamp,1177,nm,absorbance,587.4068445146798
593.623,67.375046,4ef7a7ad-18f5-4edc-8181-d1957c45b67f,Neon Lamp,1178,nm,absorbance,587.6073472938585
593.825,73.14947700000002,4ef7a7ad-18f5-4edc-8181-d1957c45b67f,Neon Lamp,1179,nm,absorbance,587.8078500730371
594.027,70.437219,4ef7a7ad-18f5-4edc-8181-d1957c45b67f,Neon Lamp,1180,nm,absorbance,588.0083528522158
594.229,65.404951,4ef7a7ad-18f5-4edc-8181-d1957c45b67f,Neon Lamp,1181,nm,absorbance,588.2088556313944
594.432,62.208254,4ef7a7ad-18f5-4edc-8181-d1957c45b67f,Neon Lamp,1182,nm,absorbance,588.4103509985888
594.634,57.573531,4ef7a7ad-18f5-4edc-8181-d1957c45b67f,Neon Lamp,1183,nm,absorbance,588.6108537777674
594.836,53.61599,4ef7a7ad-18f5-4edc-8181-d1957c45b67f,Neon Lamp,1184,nm,absorbance,588.8113565569461
595.038,51.388316,4ef7a7ad-18f5-4edc-8181-d1957c45b67f,Neon Lamp,1185,nm,absorbance,589.0118593361246
595.24,52.48255600000001,4ef7a7ad-18f5-4edc-8181-d1957c45b67f,Neon Lamp,1186,nm,absorbance,589.2123621153033
595.442,50.463631,4ef7a7ad-18f5-4edc-8181-d1957c45b67f,Neon Lamp,1187,nm,absorbance,589.412864894482
595.644,47.197815000000006,4ef7a7ad-18f5-4edc-8181-d1957c45b67f,Neon Lamp,1188,nm,absorbance,589.6133676736606
595.846,39.404391,4ef7a7ad-18f5-4edc-8181-d1957c45b67f,Neon Lamp,1189,nm,absorbance,589.8138704528393
596.048,42.119544000000005,4ef7a7ad-18f5-4edc-8181-d1957c45b67f,Neon Lamp,1190,nm,absorbance,590.0143732320179
596.249,42.68329,4ef7a7ad-18f5-4edc-8181-d1957c45b67f,Neon Lamp,1191,nm,absorbance,590.2138834231808
596.451,42.431262,4ef7a7ad-18f5-4edc-8181-d1957c45b67f,Neon Lamp,1192,nm,absorbance,590.4143862023594
596.653,35.733738,4ef7a7ad-18f5-4edc-8181-d1957c45b67f,Neon Lamp,1193,nm,absorbance,590.6148889815381
596.855,31.898235,4ef7a7ad-18f5-4edc-8181-d1957c45b67f,Neon Lamp,1194,nm,absorbance,590.8153917607167
597.057,34.944042,4ef7a7ad-18f5-4edc-8181-d1957c45b67f,Neon Lamp,1195,nm,absorbance,591.0158945398954
597.259,33.815971,4ef7a7ad-18f5-4edc-8181-d1957c45b67f,Neon Lamp,1196,nm,absorbance,591.216397319074
597.461,31.231780999999994,4ef7a7ad-18f5-4edc-8181-d1957c45b67f,Neon Lamp,1197,nm,absorbance,591.4169000982527
597.663,28.593491,4ef7a7ad-18f5-4edc-8181-d1957c45b67f,Neon Lamp,1198,nm,absorbance,591.6174028774312
597.864,31.543285000000004,4ef7a7ad-18f5-4edc-8181-d1957c45b67f,Neon Lamp,1199,nm,absorbance,591.8169130685942
598.066,28.90754500000001,4ef7a7ad-18f5-4edc-8181-d1957c45b67f,Neon Lamp,1200,nm,absorbance,592.0174158477728
598.268,28.190311,4ef7a7ad-18f5-4edc-8181-d1957c45b67f,Neon Lamp,1201,nm,absorbance,592.2179186269515
598.47,30.699218,4ef7a7ad-18f5-4edc-8181-d1957c45b67f,Neon Lamp,1202,nm,absorbance,592.41842140613
598.671,34.091151,4ef7a7ad-18f5-4edc-8181-d1957c45b67f,Neon Lamp,1203,nm,absorbance,592.617931597293
598.873,27.75853500000001,4ef7a7ad-18f5-4edc-8181-d1957c45b67f,Neon Lamp,1204,nm,absorbance,592.8184343764716
599.075,21.147348,4ef7a7ad-18f5-4edc-8181-d1957c45b67f,Neon Lamp,1205,nm,absorbance,593.0189371556503
599.277,19.848988,4ef7a7ad-18f5-4edc-8181-d1957c45b67f,Neon Lamp,1206,nm,absorbance,593.219439934829
599.478,22.411126,4ef7a7ad-18f5-4edc-8181-d1957c45b67f,Neon Lamp,1207,nm,absorbance,593.4189501259917
599.68,25.872612,4ef7a7ad-18f5-4edc-8181-d1957c45b67f,Neon Lamp,1208,nm,absorbance,593.6194529051704
599.882,27.941251,4ef7a7ad-18f5-4edc-8181-d1957c45b67f,Neon Lamp,1209,nm,absorbance,593.819955684349
600.083,32.277082,4ef7a7ad-18f5-4edc-8181-d1957c45b67f,Neon Lamp,1210,nm,absorbance,594.019465875512
600.285,31.253976,4ef7a7ad-18f5-4edc-8181-d1957c45b67f,Neon Lamp,1211,nm,absorbance,594.2199686546905
600.487,28.131583,4ef7a7ad-18f5-4edc-8181-d1957c45b67f,Neon Lamp,1212,nm,absorbance,594.4204714338692
600.688,26.609587,4ef7a7ad-18f5-4edc-8181-d1957c45b67f,Neon Lamp,1213,nm,absorbance,594.6199816250321
600.89,28.626673,4ef7a7ad-18f5-4edc-8181-d1957c45b67f,Neon Lamp,1214,nm,absorbance,594.8204844042108
601.091,29.917525,4ef7a7ad-18f5-4edc-8181-d1957c45b67f,Neon Lamp,1215,nm,absorbance,595.0199945953736
601.293,30.424583000000005,4ef7a7ad-18f5-4edc-8181-d1957c45b67f,Neon Lamp,1216,nm,absorbance,595.2204973745523
601.494,29.739682,4ef7a7ad-18f5-4edc-8181-d1957c45b67f,Neon Lamp,1217,nm,absorbance,595.4200075657153
601.696,32.31753200000001,4ef7a7ad-18f5-4edc-8181-d1957c45b67f,Neon Lamp,1218,nm,absorbance,595.6205103448939
601.898,32.754442999999995,4ef7a7ad-18f5-4edc-8181-d1957c45b67f,Neon Lamp,1219,nm,absorbance,595.8210131240726
602.099,33.498397999999995,4ef7a7ad-18f5-4edc-8181-d1957c45b67f,Neon Lamp,1220,nm,absorbance,596.0205233152354
602.301,30.879965,4ef7a7ad-18f5-4edc-8181-d1957c45b67f,Neon Lamp,1221,nm,absorbance,596.2210260944141
602.502,26.650978,4ef7a7ad-18f5-4edc-8181-d1957c45b67f,Neon Lamp,1222,nm,absorbance,596.4205362855769
602.703,25.586769,4ef7a7ad-18f5-4edc-8181-d1957c45b67f,Neon Lamp,1223,nm,absorbance,596.6200464767398
602.905,23.597275000000003,4ef7a7ad-18f5-4edc-8181-d1957c45b67f,Neon Lamp,1224,nm,absorbance,596.8205492559184
603.106,23.014997,4ef7a7ad-18f5-4edc-8181-d1957c45b67f,Neon Lamp,1225,nm,absorbance,597.0200594470814
603.308,21.12254,4ef7a7ad-18f5-4edc-8181-d1957c45b67f,Neon Lamp,1226,nm,absorbance,597.22056222626
603.509,23.842832,4ef7a7ad-18f5-4edc-8181-d1957c45b67f,Neon Lamp,1227,nm,absorbance,597.420072417423
603.711,26.386312,4ef7a7ad-18f5-4edc-8181-d1957c45b67f,Neon Lamp,1228,nm,absorbance,597.6205751966016
603.912,27.647336000000003,4ef7a7ad-18f5-4edc-8181-d1957c45b67f,Neon Lamp,1229,nm,absorbance,597.8200853877645
604.113,27.959653000000003,4ef7a7ad-18f5-4edc-8181-d1957c45b67f,Neon Lamp,1230,nm,absorbance,598.0195955789275
604.315,28.034503,4ef7a7ad-18f5-4edc-8181-d1957c45b67f,Neon Lamp,1231,nm,absorbance,598.220098358106
604.516,28.888161,4ef7a7ad-18f5-4edc-8181-d1957c45b67f,Neon Lamp,1232,nm,absorbance,598.4196085492689
604.717,24.868137,4ef7a7ad-18f5-4edc-8181-d1957c45b67f,Neon Lamp,1233,nm,absorbance,598.6191187404318
604.919,21.198586,4ef7a7ad-18f5-4edc-8181-d1957c45b67f,Neon Lamp,1234,nm,absorbance,598.8196215196105
605.12,21.68173,4ef7a7ad-18f5-4edc-8181-d1957c45b67f,Neon Lamp,1235,nm,absorbance,599.0191317107733
605.321,24.014209,4ef7a7ad-18f5-4edc-8181-d1957c45b67f,Neon Lamp,1236,nm,absorbance,599.2186419019363
605.522,22.647179,4ef7a7ad-18f5-4edc-8181-d1957c45b67f,Neon Lamp,1237,nm,absorbance,599.4181520930993
605.724,21.45164,4ef7a7ad-18f5-4edc-8181-d1957c45b67f,Neon Lamp,1238,nm,absorbance,599.6186548722778
605.925,20.78311,4ef7a7ad-18f5-4edc-8181-d1957c45b67f,Neon Lamp,1239,nm,absorbance,599.8181650634407
606.126,22.532368,4ef7a7ad-18f5-4edc-8181-d1957c45b67f,Neon Lamp,1240,nm,absorbance,600.0176752546035
606.327,22.153689,4ef7a7ad-18f5-4edc-8181-d1957c45b67f,Neon Lamp,1241,nm,absorbance,600.2171854457665
606.528,19.536025,4ef7a7ad-18f5-4edc-8181-d1957c45b67f,Neon Lamp,1242,nm,absorbance,600.4166956369294
606.729,21.810622,4ef7a7ad-18f5-4edc-8181-d1957c45b67f,Neon Lamp,1243,nm,absorbance,600.6162058280923
606.931,23.550754,4ef7a7ad-18f5-4edc-8181-d1957c45b67f,Neon Lamp,1244,nm,absorbance,600.816708607271
607.132,31.220292,4ef7a7ad-18f5-4edc-8181-d1957c45b67f,Neon Lamp,1245,nm,absorbance,601.0162187984338
607.333,31.61735,4ef7a7ad-18f5-4edc-8181-d1957c45b67f,Neon Lamp,1246,nm,absorbance,601.2157289895968
607.534,28.692162,4ef7a7ad-18f5-4edc-8181-d1957c45b67f,Neon Lamp,1247,nm,absorbance,601.4152391807596
607.735,24.374567,4ef7a7ad-18f5-4edc-8181-d1957c45b67f,Neon Lamp,1248,nm,absorbance,601.6147493719226
607.936,22.257177,4ef7a7ad-18f5-4edc-8181-d1957c45b67f,Neon Lamp,1249,nm,absorbance,601.8142595630854
608.137,25.118463,4ef7a7ad-18f5-4edc-8181-d1957c45b67f,Neon Lamp,1250,nm,absorbance,602.0137697542483
608.338,26.384983,4ef7a7ad-18f5-4edc-8181-d1957c45b67f,Neon Lamp,1251,nm,absorbance,602.2132799454113
608.539,27.723021,4ef7a7ad-18f5-4edc-8181-d1957c45b67f,Neon Lamp,1252,nm,absorbance,602.4127901365741
608.74,26.246773,4ef7a7ad-18f5-4edc-8181-d1957c45b67f,Neon Lamp,1253,nm,absorbance,602.6123003277371
608.941,24.622332,4ef7a7ad-18f5-4edc-8181-d1957c45b67f,Neon Lamp,1254,nm,absorbance,602.8118105189
609.142,25.323039,4ef7a7ad-18f5-4edc-8181-d1957c45b67f,Neon Lamp,1255,nm,absorbance,603.0113207100629
609.343,24.416414000000003,4ef7a7ad-18f5-4edc-8181-d1957c45b67f,Neon Lamp,1256,nm,absorbance,603.2108309012258
609.544,27.158092,4ef7a7ad-18f5-4edc-8181-d1957c45b67f,Neon Lamp,1257,nm,absorbance,603.4103410923886
609.745,20.906965,4ef7a7ad-18f5-4edc-8181-d1957c45b67f,Neon Lamp,1258,nm,absorbance,603.6098512835516
609.946,18.609735,4ef7a7ad-18f5-4edc-8181-d1957c45b67f,Neon Lamp,1259,nm,absorbance,603.8093614747145
610.147,16.196784,4ef7a7ad-18f5-4edc-8181-d1957c45b67f,Neon Lamp,1260,nm,absorbance,604.0088716658775
610.348,22.147035,4ef7a7ad-18f5-4edc-8181-d1957c45b67f,Neon Lamp,1261,nm,absorbance,604.2083818570402
610.549,27.48793700000001,4ef7a7ad-18f5-4edc-8181-d1957c45b67f,Neon Lamp,1262,nm,absorbance,604.4078920482032
610.75,32.52763499999999,4ef7a7ad-18f5-4edc-8181-d1957c45b67f,Neon Lamp,1263,nm,absorbance,604.6074022393661
610.95,32.329564999999995,4ef7a7ad-18f5-4edc-8181-d1957c45b67f,Neon Lamp,1264,nm,absorbance,604.8059198425133
611.151,30.418621,4ef7a7ad-18f5-4edc-8181-d1957c45b67f,Neon Lamp,1265,nm,absorbance,605.0054300336761
611.352,27.096129,4ef7a7ad-18f5-4edc-8181-d1957c45b67f,Neon Lamp,1266,nm,absorbance,605.204940224839
611.553,30.036285,4ef7a7ad-18f5-4edc-8181-d1957c45b67f,Neon Lamp,1267,nm,absorbance,605.404450416002
611.754,29.051598,4ef7a7ad-18f5-4edc-8181-d1957c45b67f,Neon Lamp,1268,nm,absorbance,605.6039606071649
611.954,28.322155,4ef7a7ad-18f5-4edc-8181-d1957c45b67f,Neon Lamp,1269,nm,absorbance,605.802478210312
612.155,23.939536,4ef7a7ad-18f5-4edc-8181-d1957c45b67f,Neon Lamp,1270,nm,absorbance,606.0019884014749
612.356,22.582629,4ef7a7ad-18f5-4edc-8181-d1957c45b67f,Neon Lamp,1271,nm,absorbance,606.2014985926378
612.557,24.530765,4ef7a7ad-18f5-4edc-8181-d1957c45b67f,Neon Lamp,1272,nm,absorbance,606.4010087838008
612.757,26.296082,4ef7a7ad-18f5-4edc-8181-d1957c45b67f,Neon Lamp,1273,nm,absorbance,606.5995263869479
612.958,29.016081000000003,4ef7a7ad-18f5-4edc-8181-d1957c45b67f,Neon Lamp,1274,nm,absorbance,606.7990365781108
613.159,26.476123,4ef7a7ad-18f5-4edc-8181-d1957c45b67f,Neon Lamp,1275,nm,absorbance,606.9985467692737
613.359,29.846737,4ef7a7ad-18f5-4edc-8181-d1957c45b67f,Neon Lamp,1276,nm,absorbance,607.1970643724209
613.56,24.296981,4ef7a7ad-18f5-4edc-8181-d1957c45b67f,Neon Lamp,1277,nm,absorbance,607.3965745635837
613.761,25.403868,4ef7a7ad-18f5-4edc-8181-d1957c45b67f,Neon Lamp,1278,nm,absorbance,607.5960847547467
613.961,22.127978,4ef7a7ad-18f5-4edc-8181-d1957c45b67f,Neon Lamp,1279,nm,absorbance,607.7946023578938
614.162,25.818856,4ef7a7ad-18f5-4edc-8181-d1957c45b67f,Neon Lamp,1280,nm,absorbance,607.9941125490568
614.362,28.594981,4ef7a7ad-18f5-4edc-8181-d1957c45b67f,Neon Lamp,1281,nm,absorbance,608.192630152204
614.563,31.434527000000003,4ef7a7ad-18f5-4edc-8181-d1957c45b67f,Neon Lamp,1282,nm,absorbance,608.3921403433668
614.764,32.964083,4ef7a7ad-18f5-4edc-8181-d1957c45b67f,Neon Lamp,1283,nm,absorbance,608.5916505345298
614.964,28.918384999999997,4ef7a7ad-18f5-4edc-8181-d1957c45b67f,Neon Lamp,1284,nm,absorbance,608.7901681376769
615.165,25.424566,4ef7a7ad-18f5-4edc-8181-d1957c45b67f,Neon Lamp,1285,nm,absorbance,608.9896783288398
615.365,25.070271,4ef7a7ad-18f5-4edc-8181-d1957c45b67f,Neon Lamp,1286,nm,absorbance,609.188195931987
615.566,26.854192,4ef7a7ad-18f5-4edc-8181-d1957c45b67f,Neon Lamp,1287,nm,absorbance,609.3877061231499
615.766,28.958697,4ef7a7ad-18f5-4edc-8181-d1957c45b67f,Neon Lamp,1288,nm,absorbance,609.586223726297
615.967,30.518722000000004,4ef7a7ad-18f5-4edc-8181-d1957c45b67f,Neon Lamp,1289,nm,absorbance,609.7857339174599
616.167,30.699507,4ef7a7ad-18f5-4edc-8181-d1957c45b67f,Neon Lamp,1290,nm,absorbance,609.9842515206071
616.368,30.751007,4ef7a7ad-18f5-4edc-8181-d1957c45b67f,Neon Lamp,1291,nm,absorbance,610.1837617117701
616.568,30.486478000000005,4ef7a7ad-18f5-4edc-8181-d1957c45b67f,Neon Lamp,1292,nm,absorbance,610.3822793149171
616.768,32.908797,4ef7a7ad-18f5-4edc-8181-d1957c45b67f,Neon Lamp,1293,nm,absorbance,610.5807969180644
616.969,33.043586,4ef7a7ad-18f5-4edc-8181-d1957c45b67f,Neon Lamp,1294,nm,absorbance,610.7803071092274
617.169,31.368261,4ef7a7ad-18f5-4edc-8181-d1957c45b67f,Neon Lamp,1295,nm,absorbance,610.9788247123744
617.37,29.18124300000001,4ef7a7ad-18f5-4edc-8181-d1957c45b67f,Neon Lamp,1296,nm,absorbance,611.1783349035373
617.57,32.440254,4ef7a7ad-18f5-4edc-8181-d1957c45b67f,Neon Lamp,1297,nm,absorbance,611.3768525066845
617.77,34.301703,4ef7a7ad-18f5-4edc-8181-d1957c45b67f,Neon Lamp,1298,nm,absorbance,611.5753701098316
617.971,36.08939099999999,4ef7a7ad-18f5-4edc-8181-d1957c45b67f,Neon Lamp,1299,nm,absorbance,611.7748803009946
618.171,30.391033,4ef7a7ad-18f5-4edc-8181-d1957c45b67f,Neon Lamp,1300,nm,absorbance,611.9733979041417
618.371,34.061986000000005,4ef7a7ad-18f5-4edc-8181-d1957c45b67f,Neon Lamp,1301,nm,absorbance,612.1719155072889
618.571,37.273677000000006,4ef7a7ad-18f5-4edc-8181-d1957c45b67f,Neon Lamp,1302,nm,absorbance,612.3704331104361
618.772,42.449041,4ef7a7ad-18f5-4edc-8181-d1957c45b67f,Neon Lamp,1303,nm,absorbance,612.569943301599
618.972,39.966956,4ef7a7ad-18f5-4edc-8181-d1957c45b67f,Neon Lamp,1304,nm,absorbance,612.7684609047461
619.172,36.563754,4ef7a7ad-18f5-4edc-8181-d1957c45b67f,Neon Lamp,1305,nm,absorbance,612.9669785078933
619.372,38.345173,4ef7a7ad-18f5-4edc-8181-d1957c45b67f,Neon Lamp,1306,nm,absorbance,613.1654961110404
619.573,40.38489800000001,4ef7a7ad-18f5-4edc-8181-d1957c45b67f,Neon Lamp,1307,nm,absorbance,613.3650063022034
619.773,42.065198,4ef7a7ad-18f5-4edc-8181-d1957c45b67f,Neon Lamp,1308,nm,absorbance,613.5635239053505
619.973,38.331538,4ef7a7ad-18f5-4edc-8181-d1957c45b67f,Neon Lamp,1309,nm,absorbance,613.7620415084976
620.173,34.356574,4ef7a7ad-18f5-4edc-8181-d1957c45b67f,Neon Lamp,1310,nm,absorbance,613.9605591116449
620.373,30.74034,4ef7a7ad-18f5-4edc-8181-d1957c45b67f,Neon Lamp,1311,nm,absorbance,614.159076714792
620.573,32.406023999999995,4ef7a7ad-18f5-4edc-8181-d1957c45b67f,Neon Lamp,1312,nm,absorbance,614.3575943179392
620.774,35.248422999999995,4ef7a7ad-18f5-4edc-8181-d1957c45b67f,Neon Lamp,1313,nm,absorbance,614.5571045091021
620.974,33.57600599999999,4ef7a7ad-18f5-4edc-8181-d1957c45b67f,Neon Lamp,1314,nm,absorbance,614.7556221122493
621.174,34.097734,4ef7a7ad-18f5-4edc-8181-d1957c45b67f,Neon Lamp,1315,nm,absorbance,614.9541397153964
621.374,33.709143,4ef7a7ad-18f5-4edc-8181-d1957c45b67f,Neon Lamp,1316,nm,absorbance,615.1526573185436
621.574,36.192883,4ef7a7ad-18f5-4edc-8181-d1957c45b67f,Neon Lamp,1317,nm,absorbance,615.3511749216907
621.774,40.394663,4ef7a7ad-18f5-4edc-8181-d1957c45b67f,Neon Lamp,1318,nm,absorbance,615.549692524838
621.974,38.95957599999999,4ef7a7ad-18f5-4edc-8181-d1957c45b67f,Neon Lamp,1319,nm,absorbance,615.7482101279851
622.174,39.104718000000005,4ef7a7ad-18f5-4edc-8181-d1957c45b67f,Neon Lamp,1320,nm,absorbance,615.9467277311322
622.374,32.552014,4ef7a7ad-18f5-4edc-8181-d1957c45b67f,Neon Lamp,1321,nm,absorbance,616.1452453342795
622.574,36.116669,4ef7a7ad-18f5-4edc-8181-d1957c45b67f,Neon Lamp,1322,nm,absorbance,616.3437629374265
622.774,37.494464,4ef7a7ad-18f5-4edc-8181-d1957c45b67f,Neon Lamp,1323,nm,absorbance,616.5422805405738
622.974,39.302911,4ef7a7ad-18f5-4edc-8181-d1957c45b67f,Neon Lamp,1324,nm,absorbance,616.740798143721
623.174,38.351162,4ef7a7ad-18f5-4edc-8181-d1957c45b67f,Neon Lamp,1325,nm,absorbance,616.939315746868
623.374,37.48817100000001,4ef7a7ad-18f5-4edc-8181-d1957c45b67f,Neon Lamp,1326,nm,absorbance,617.1378333500153
623.574,38.573973,4ef7a7ad-18f5-4edc-8181-d1957c45b67f,Neon Lamp,1327,nm,absorbance,617.3363509531624
623.774,39.22234100000001,4ef7a7ad-18f5-4edc-8181-d1957c45b67f,Neon Lamp,1328,nm,absorbance,617.5348685563096
623.973,44.701350000000005,4ef7a7ad-18f5-4edc-8181-d1957c45b67f,Neon Lamp,1329,nm,absorbance,617.732393571441
624.173,39.669983,4ef7a7ad-18f5-4edc-8181-d1957c45b67f,Neon Lamp,1330,nm,absorbance,617.9309111745882
624.373,32.096511,4ef7a7ad-18f5-4edc-8181-d1957c45b67f,Neon Lamp,1331,nm,absorbance,618.1294287777354
624.573,26.849827,4ef7a7ad-18f5-4edc-8181-d1957c45b67f,Neon Lamp,1332,nm,absorbance,618.3279463808825
624.773,29.235043,4ef7a7ad-18f5-4edc-8181-d1957c45b67f,Neon Lamp,1333,nm,absorbance,618.5264639840298
624.973,30.412178,4ef7a7ad-18f5-4edc-8181-d1957c45b67f,Neon Lamp,1334,nm,absorbance,618.7249815871768
625.172,29.744551,4ef7a7ad-18f5-4edc-8181-d1957c45b67f,Neon Lamp,1335,nm,absorbance,618.9225066023083
625.372,33.823324,4ef7a7ad-18f5-4edc-8181-d1957c45b67f,Neon Lamp,1336,nm,absorbance,619.1210242054555
625.572,35.394807,4ef7a7ad-18f5-4edc-8181-d1957c45b67f,Neon Lamp,1337,nm,absorbance,619.3195418086026
625.772,31.992854,4ef7a7ad-18f5-4edc-8181-d1957c45b67f,Neon Lamp,1338,nm,absorbance,619.5180594117498
625.971,28.97082600000001,4ef7a7ad-18f5-4edc-8181-d1957c45b67f,Neon Lamp,1339,nm,absorbance,619.7155844268813
626.171,26.811297,4ef7a7ad-18f5-4edc-8181-d1957c45b67f,Neon Lamp,1340,nm,absorbance,619.9141020300284
626.371,26.82184,4ef7a7ad-18f5-4edc-8181-d1957c45b67f,Neon Lamp,1341,nm,absorbance,620.1126196331755
626.57,26.196824000000003,4ef7a7ad-18f5-4edc-8181-d1957c45b67f,Neon Lamp,1342,nm,absorbance,620.3101446483071
626.77,27.926445,4ef7a7ad-18f5-4edc-8181-d1957c45b67f,Neon Lamp,1343,nm,absorbance,620.5086622514541
626.97,30.214957000000005,4ef7a7ad-18f5-4edc-8181-d1957c45b67f,Neon Lamp,1344,nm,absorbance,620.7071798546013
627.169,25.630637,4ef7a7ad-18f5-4edc-8181-d1957c45b67f,Neon Lamp,1345,nm,absorbance,620.9047048697328
627.369,27.901297,4ef7a7ad-18f5-4edc-8181-d1957c45b67f,Neon Lamp,1346,nm,absorbance,621.1032224728799
627.569,29.574539,4ef7a7ad-18f5-4edc-8181-d1957c45b67f,Neon Lamp,1347,nm,absorbance,621.301740076027
627.768,31.439622999999997,4ef7a7ad-18f5-4edc-8181-d1957c45b67f,Neon Lamp,1348,nm,absorbance,621.4992650911586
627.968,33.24047,4ef7a7ad-18f5-4edc-8181-d1957c45b67f,Neon Lamp,1349,nm,absorbance,621.6977826943056
628.167,31.55659,4ef7a7ad-18f5-4edc-8181-d1957c45b67f,Neon Lamp,1350,nm,absorbance,621.8953077094371
628.367,31.341191,4ef7a7ad-18f5-4edc-8181-d1957c45b67f,Neon Lamp,1351,nm,absorbance,622.0938253125843
628.566,24.294562,4ef7a7ad-18f5-4edc-8181-d1957c45b67f,Neon Lamp,1352,nm,absorbance,622.2913503277157
628.766,19.260205,4ef7a7ad-18f5-4edc-8181-d1957c45b67f,Neon Lamp,1353,nm,absorbance,622.4898679308628
628.965,24.571387,4ef7a7ad-18f5-4edc-8181-d1957c45b67f,Neon Lamp,1354,nm,absorbance,622.6873929459944
629.165,27.159414,4ef7a7ad-18f5-4edc-8181-d1957c45b67f,Neon Lamp,1355,nm,absorbance,622.8859105491414
629.364,30.320596,4ef7a7ad-18f5-4edc-8181-d1957c45b67f,Neon Lamp,1356,nm,absorbance,623.0834355642729
629.564,28.72431,4ef7a7ad-18f5-4edc-8181-d1957c45b67f,Neon Lamp,1357,nm,absorbance,623.28195316742
629.763,26.998441999999997,4ef7a7ad-18f5-4edc-8181-d1957c45b67f,Neon Lamp,1358,nm,absorbance,623.4794781825515
629.963,27.273748,4ef7a7ad-18f5-4edc-8181-d1957c45b67f,Neon Lamp,1359,nm,absorbance,623.6779957856986
630.162,25.662298,4ef7a7ad-18f5-4edc-8181-d1957c45b67f,Neon Lamp,1360,nm,absorbance,623.8755208008301
630.362,28.120513,4ef7a7ad-18f5-4edc-8181-d1957c45b67f,Neon Lamp,1361,nm,absorbance,624.0740384039772
630.561,31.286417,4ef7a7ad-18f5-4edc-8181-d1957c45b67f,Neon Lamp,1362,nm,absorbance,624.2715634191087
630.76,27.942688,4ef7a7ad-18f5-4edc-8181-d1957c45b67f,Neon Lamp,1363,nm,absorbance,624.4690884342401
630.96,27.530649000000004,4ef7a7ad-18f5-4edc-8181-d1957c45b67f,Neon Lamp,1364,nm,absorbance,624.6676060373874
631.159,30.267629,4ef7a7ad-18f5-4edc-8181-d1957c45b67f,Neon Lamp,1365,nm,absorbance,624.8651310525187
631.358,29.540053,4ef7a7ad-18f5-4edc-8181-d1957c45b67f,Neon Lamp,1366,nm,absorbance,625.0626560676501
631.558,31.164326,4ef7a7ad-18f5-4edc-8181-d1957c45b67f,Neon Lamp,1367,nm,absorbance,625.2611736707973
631.757,26.522556,4ef7a7ad-18f5-4edc-8181-d1957c45b67f,Neon Lamp,1368,nm,absorbance,625.4586986859287
631.956,27.188508,4ef7a7ad-18f5-4edc-8181-d1957c45b67f,Neon Lamp,1369,nm,absorbance,625.6562237010602
632.155,23.636651000000004,4ef7a7ad-18f5-4edc-8181-d1957c45b67f,Neon Lamp,1370,nm,absorbance,625.8537487161916
632.355,22.678246,4ef7a7ad-18f5-4edc-8181-d1957c45b67f,Neon Lamp,1371,nm,absorbance,626.0522663193387
632.554,27.378937,4ef7a7ad-18f5-4edc-8181-d1957c45b67f,Neon Lamp,1372,nm,absorbance,626.2497913344702
632.753,30.882018,4ef7a7ad-18f5-4edc-8181-d1957c45b67f,Neon Lamp,1373,nm,absorbance,626.4473163496017
632.952,27.500218,4ef7a7ad-18f5-4edc-8181-d1957c45b67f,Neon Lamp,1374,nm,absorbance,626.6448413647331
633.152,26.130378,4ef7a7ad-18f5-4edc-8181-d1957c45b67f,Neon Lamp,1375,nm,absorbance,626.8433589678802
633.351,25.270164,4ef7a7ad-18f5-4edc-8181-d1957c45b67f,Neon Lamp,1376,nm,absorbance,627.0408839830117
633.55,31.757064,4ef7a7ad-18f5-4edc-8181-d1957c45b67f,Neon Lamp,1377,nm,absorbance,627.2384089981431
633.749,32.91903,4ef7a7ad-18f5-4edc-8181-d1957c45b67f,Neon Lamp,1378,nm,absorbance,627.4359340132745
633.948,31.592915,4ef7a7ad-18f5-4edc-8181-d1957c45b67f,Neon Lamp,1379,nm,absorbance,627.6334590284059
634.147,31.896299,4ef7a7ad-18f5-4edc-8181-d1957c45b67f,Neon Lamp,1380,nm,absorbance,627.8309840435375
634.346,30.170127,4ef7a7ad-18f5-4edc-8181-d1957c45b67f,Neon Lamp,1381,nm,absorbance,628.0285090586689
634.545,26.897759,4ef7a7ad-18f5-4edc-8181-d1957c45b67f,Neon Lamp,1382,nm,absorbance,628.2260340738002
634.744,26.186272,4ef7a7ad-18f5-4edc-8181-d1957c45b67f,Neon Lamp,1383,nm,absorbance,628.4235590889317
634.944,27.713102,4ef7a7ad-18f5-4edc-8181-d1957c45b67f,Neon Lamp,1384,nm,absorbance,628.6220766920788
635.143,32.30067699999999,4ef7a7ad-18f5-4edc-8181-d1957c45b67f,Neon Lamp,1385,nm,absorbance,628.8196017072103
635.342,34.868202000000004,4ef7a7ad-18f5-4edc-8181-d1957c45b67f,Neon Lamp,1386,nm,absorbance,629.0171267223417
635.541,34.421564000000004,4ef7a7ad-18f5-4edc-8181-d1957c45b67f,Neon Lamp,1387,nm,absorbance,629.2146517374732
635.74,37.795207,4ef7a7ad-18f5-4edc-8181-d1957c45b67f,Neon Lamp,1388,nm,absorbance,629.4121767526045
635.939,33.502385000000004,4ef7a7ad-18f5-4edc-8181-d1957c45b67f,Neon Lamp,1389,nm,absorbance,629.6097017677359
636.138,32.821999000000005,4ef7a7ad-18f5-4edc-8181-d1957c45b67f,Neon Lamp,1390,nm,absorbance,629.8072267828675
636.336,29.66975,4ef7a7ad-18f5-4edc-8181-d1957c45b67f,Neon Lamp,1391,nm,absorbance,630.0037592099832
636.535,32.331156,4ef7a7ad-18f5-4edc-8181-d1957c45b67f,Neon Lamp,1392,nm,absorbance,630.2012842251145
636.734,31.099042,4ef7a7ad-18f5-4edc-8181-d1957c45b67f,Neon Lamp,1393,nm,absorbance,630.398809240246
636.933,29.245181,4ef7a7ad-18f5-4edc-8181-d1957c45b67f,Neon Lamp,1394,nm,absorbance,630.5963342553774
637.132,27.915443000000003,4ef7a7ad-18f5-4edc-8181-d1957c45b67f,Neon Lamp,1395,nm,absorbance,630.7938592705088
637.331,29.501280999999995,4ef7a7ad-18f5-4edc-8181-d1957c45b67f,Neon Lamp,1396,nm,absorbance,630.9913842856403
637.53,30.774403,4ef7a7ad-18f5-4edc-8181-d1957c45b67f,Neon Lamp,1397,nm,absorbance,631.1889093007717
637.729,28.901542,4ef7a7ad-18f5-4edc-8181-d1957c45b67f,Neon Lamp,1398,nm,absorbance,631.3864343159032
637.928,24.178908,4ef7a7ad-18f5-4edc-8181-d1957c45b67f,Neon Lamp,1399,nm,absorbance,631.5839593310345
638.126,23.320657,4ef7a7ad-18f5-4edc-8181-d1957c45b67f,Neon Lamp,1400,nm,absorbance,631.7804917581502
638.325,23.458942,4ef7a7ad-18f5-4edc-8181-d1957c45b67f,Neon Lamp,1401,nm,absorbance,631.9780167732818
638.524,24.900569,4ef7a7ad-18f5-4edc-8181-d1957c45b67f,Neon Lamp,1402,nm,absorbance,632.1755417884132
638.723,25.716017,4ef7a7ad-18f5-4edc-8181-d1957c45b67f,Neon Lamp,1403,nm,absorbance,632.3730668035445
638.921,26.815623,4ef7a7ad-18f5-4edc-8181-d1957c45b67f,Neon Lamp,1404,nm,absorbance,632.5695992306603
639.12,29.994716000000004,4ef7a7ad-18f5-4edc-8181-d1957c45b67f,Neon Lamp,1405,nm,absorbance,632.7671242457917
639.319,26.727953000000003,4ef7a7ad-18f5-4edc-8181-d1957c45b67f,Neon Lamp,1406,nm,absorbance,632.9646492609231
639.518,27.508996000000003,4ef7a7ad-18f5-4edc-8181-d1957c45b67f,Neon Lamp,1407,nm,absorbance,633.1621742760545
639.716,30.664247,4ef7a7ad-18f5-4edc-8181-d1957c45b67f,Neon Lamp,1408,nm,absorbance,633.3587067031702
639.915,37.928481,4ef7a7ad-18f5-4edc-8181-d1957c45b67f,Neon Lamp,1409,nm,absorbance,633.5562317183017
640.114,35.556246,4ef7a7ad-18f5-4edc-8181-d1957c45b67f,Neon Lamp,1410,nm,absorbance,633.7537567334332
640.312,28.711564000000003,4ef7a7ad-18f5-4edc-8181-d1957c45b67f,Neon Lamp,1411,nm,absorbance,633.9502891605488
640.511,26.646081,4ef7a7ad-18f5-4edc-8181-d1957c45b67f,Neon Lamp,1412,nm,absorbance,634.1478141756802
640.71,26.889913,4ef7a7ad-18f5-4edc-8181-d1957c45b67f,Neon Lamp,1413,nm,absorbance,634.3453391908117
640.908,30.607260000000004,4ef7a7ad-18f5-4edc-8181-d1957c45b67f,Neon Lamp,1414,nm,absorbance,634.5418716179274
641.107,29.122808000000003,4ef7a7ad-18f5-4edc-8181-d1957c45b67f,Neon Lamp,1415,nm,absorbance,634.7393966330587
641.305,30.978168000000004,4ef7a7ad-18f5-4edc-8181-d1957c45b67f,Neon Lamp,1416,nm,absorbance,634.9359290601744
641.504,30.029559,4ef7a7ad-18f5-4edc-8181-d1957c45b67f,Neon Lamp,1417,nm,absorbance,635.133454075306
641.702,32.343030000000006,4ef7a7ad-18f5-4edc-8181-d1957c45b67f,Neon Lamp,1418,nm,absorbance,635.3299865024217
641.901,30.247898000000003,4ef7a7ad-18f5-4edc-8181-d1957c45b67f,Neon Lamp,1419,nm,absorbance,635.527511517553
642.099,31.285633,4ef7a7ad-18f5-4edc-8181-d1957c45b67f,Neon Lamp,1420,nm,absorbance,635.7240439446688
642.298,32.881678,4ef7a7ad-18f5-4edc-8181-d1957c45b67f,Neon Lamp,1421,nm,absorbance,635.9215689598002
642.496,38.739346,4ef7a7ad-18f5-4edc-8181-d1957c45b67f,Neon Lamp,1422,nm,absorbance,636.1181013869159
642.695,38.767195,4ef7a7ad-18f5-4edc-8181-d1957c45b67f,Neon Lamp,1423,nm,absorbance,636.3156264020473
642.893,37.214801,4ef7a7ad-18f5-4edc-8181-d1957c45b67f,Neon Lamp,1424,nm,absorbance,636.512158829163
643.092,35.446828,4ef7a7ad-18f5-4edc-8181-d1957c45b67f,Neon Lamp,1425,nm,absorbance,636.7096838442944
643.29,39.74672700000001,4ef7a7ad-18f5-4edc-8181-d1957c45b67f,Neon Lamp,1426,nm,absorbance,636.9062162714101
643.489,40.8167,4ef7a7ad-18f5-4edc-8181-d1957c45b67f,Neon Lamp,1427,nm,absorbance,637.1037412865415
643.687,40.966751,4ef7a7ad-18f5-4edc-8181-d1957c45b67f,Neon Lamp,1428,nm,absorbance,637.3002737136572
643.885,41.71422700000001,4ef7a7ad-18f5-4edc-8181-d1957c45b67f,Neon Lamp,1429,nm,absorbance,637.496806140773
644.084,42.35645099999999,4ef7a7ad-18f5-4edc-8181-d1957c45b67f,Neon Lamp,1430,nm,absorbance,637.6943311559044
644.282,43.168156,4ef7a7ad-18f5-4edc-8181-d1957c45b67f,Neon Lamp,1431,nm,absorbance,637.8908635830201
644.48,41.092369,4ef7a7ad-18f5-4edc-8181-d1957c45b67f,Neon Lamp,1432,nm,absorbance,638.0873960101358
644.679,37.279096,4ef7a7ad-18f5-4edc-8181-d1957c45b67f,Neon Lamp,1433,nm,absorbance,638.2849210252672
644.877,32.83198600000001,4ef7a7ad-18f5-4edc-8181-d1957c45b67f,Neon Lamp,1434,nm,absorbance,638.4814534523829
645.075,30.20606,4ef7a7ad-18f5-4edc-8181-d1957c45b67f,Neon Lamp,1435,nm,absorbance,638.6779858794986
645.274,35.016697,4ef7a7ad-18f5-4edc-8181-d1957c45b67f,Neon Lamp,1436,nm,absorbance,638.87551089463
645.472,34.29857499999999,4ef7a7ad-18f5-4edc-8181-d1957c45b67f,Neon Lamp,1437,nm,absorbance,639.0720433217457
645.67,35.148117,4ef7a7ad-18f5-4edc-8181-d1957c45b67f,Neon Lamp,1438,nm,absorbance,639.2685757488614
645.868,35.635899,4ef7a7ad-18f5-4edc-8181-d1957c45b67f,Neon Lamp,1439,nm,absorbance,639.4651081759771
646.067,41.154286,4ef7a7ad-18f5-4edc-8181-d1957c45b67f,Neon Lamp,1440,nm,absorbance,639.6626331911085
646.265,41.961325,4ef7a7ad-18f5-4edc-8181-d1957c45b67f,Neon Lamp,1441,nm,absorbance,639.8591656182242
646.463,39.989425,4ef7a7ad-18f5-4edc-8181-d1957c45b67f,Neon Lamp,1442,nm,absorbance,640.0556980453399
646.661,33.411914,4ef7a7ad-18f5-4edc-8181-d1957c45b67f,Neon Lamp,1443,nm,absorbance,640.2522304724555
646.859,34.507349,4ef7a7ad-18f5-4edc-8181-d1957c45b67f,Neon Lamp,1444,nm,absorbance,640.4487628995713
647.057,27.968449,4ef7a7ad-18f5-4edc-8181-d1957c45b67f,Neon Lamp,1445,nm,absorbance,640.645295326687
647.256,34.14268299999999,4ef7a7ad-18f5-4edc-8181-d1957c45b67f,Neon Lamp,1446,nm,absorbance,640.8428203418184
647.454,27.620529,4ef7a7ad-18f5-4edc-8181-d1957c45b67f,Neon Lamp,1447,nm,absorbance,641.0393527689341
647.652,31.670475,4ef7a7ad-18f5-4edc-8181-d1957c45b67f,Neon Lamp,1448,nm,absorbance,641.2358851960498
647.85,28.195062,4ef7a7ad-18f5-4edc-8181-d1957c45b67f,Neon Lamp,1449,nm,absorbance,641.4324176231655
648.048,32.397711,4ef7a7ad-18f5-4edc-8181-d1957c45b67f,Neon Lamp,1450,nm,absorbance,641.6289500502812
648.246,33.250325,4ef7a7ad-18f5-4edc-8181-d1957c45b67f,Neon Lamp,1451,nm,absorbance,641.8254824773969
648.444,33.621561,4ef7a7ad-18f5-4edc-8181-d1957c45b67f,Neon Lamp,1452,nm,absorbance,642.0220149045125
648.642,32.586167,4ef7a7ad-18f5-4edc-8181-d1957c45b67f,Neon Lamp,1453,nm,absorbance,642.2185473316283
648.84,27.214813000000003,4ef7a7ad-18f5-4edc-8181-d1957c45b67f,Neon Lamp,1454,nm,absorbance,642.415079758744
649.038,25.654855999999995,4ef7a7ad-18f5-4edc-8181-d1957c45b67f,Neon Lamp,1455,nm,absorbance,642.6116121858597
649.236,25.106162999999995,4ef7a7ad-18f5-4edc-8181-d1957c45b67f,Neon Lamp,1456,nm,absorbance,642.8081446129754
649.434,27.295286,4ef7a7ad-18f5-4edc-8181-d1957c45b67f,Neon Lamp,1457,nm,absorbance,643.004677040091
649.632,30.736958,4ef7a7ad-18f5-4edc-8181-d1957c45b67f,Neon Lamp,1458,nm,absorbance,643.2012094672067
649.83,34.902773,4ef7a7ad-18f5-4edc-8181-d1957c45b67f,Neon Lamp,1459,nm,absorbance,643.3977418943225
650.028,31.065958,4ef7a7ad-18f5-4edc-8181-d1957c45b67f,Neon Lamp,1460,nm,absorbance,643.5942743214382
650.226,27.602979,4ef7a7ad-18f5-4edc-8181-d1957c45b67f,Neon Lamp,1461,nm,absorbance,643.7908067485539
650.423,22.680296,4ef7a7ad-18f5-4edc-8181-d1957c45b67f,Neon Lamp,1462,nm,absorbance,643.9863465876538
650.621,23.071601,4ef7a7ad-18f5-4edc-8181-d1957c45b67f,Neon Lamp,1463,nm,absorbance,644.1828790147695
650.819,17.924191999999998,4ef7a7ad-18f5-4edc-8181-d1957c45b67f,Neon Lamp,1464,nm,absorbance,644.3794114418852
651.017,18.649068,4ef7a7ad-18f5-4edc-8181-d1957c45b67f,Neon Lamp,1465,nm,absorbance,644.575943869001
651.215,18.026518000000003,4ef7a7ad-18f5-4edc-8181-d1957c45b67f,Neon Lamp,1466,nm,absorbance,644.7724762961166
651.413,22.137476,4ef7a7ad-18f5-4edc-8181-d1957c45b67f,Neon Lamp,1467,nm,absorbance,644.9690087232323
651.61,20.310056999999997,4ef7a7ad-18f5-4edc-8181-d1957c45b67f,Neon Lamp,1468,nm,absorbance,645.1645485623322
651.808,24.343389,4ef7a7ad-18f5-4edc-8181-d1957c45b67f,Neon Lamp,1469,nm,absorbance,645.3610809894479
652.006,22.305672,4ef7a7ad-18f5-4edc-8181-d1957c45b67f,Neon Lamp,1470,nm,absorbance,645.5576134165636
652.204,16.635514999999998,4ef7a7ad-18f5-4edc-8181-d1957c45b67f,Neon Lamp,1471,nm,absorbance,645.7541458436792
652.401,13.733164,4ef7a7ad-18f5-4edc-8181-d1957c45b67f,Neon Lamp,1472,nm,absorbance,645.9496856827792
652.599,14.972307,4ef7a7ad-18f5-4edc-8181-d1957c45b67f,Neon Lamp,1473,nm,absorbance,646.146218109895
652.797,17.208527,4ef7a7ad-18f5-4edc-8181-d1957c45b67f,Neon Lamp,1474,nm,absorbance,646.3427505370107
652.995,18.551816,4ef7a7ad-18f5-4edc-8181-d1957c45b67f,Neon Lamp,1475,nm,absorbance,646.5392829641264
653.192,19.826023,4ef7a7ad-18f5-4edc-8181-d1957c45b67f,Neon Lamp,1476,nm,absorbance,646.7348228032264
653.39,23.316894,4ef7a7ad-18f5-4edc-8181-d1957c45b67f,Neon Lamp,1477,nm,absorbance,646.931355230342
653.588,21.369848999999995,4ef7a7ad-18f5-4edc-8181-d1957c45b67f,Neon Lamp,1478,nm,absorbance,647.1278876574577
653.785,18.86596,4ef7a7ad-18f5-4edc-8181-d1957c45b67f,Neon Lamp,1479,nm,absorbance,647.3234274965577
653.983,18.140585,4ef7a7ad-18f5-4edc-8181-d1957c45b67f,Neon Lamp,1480,nm,absorbance,647.5199599236734
654.18,19.3458,4ef7a7ad-18f5-4edc-8181-d1957c45b67f,Neon Lamp,1481,nm,absorbance,647.7154997627733
654.378,21.173848,4ef7a7ad-18f5-4edc-8181-d1957c45b67f,Neon Lamp,1482,nm,absorbance,647.912032189889
654.576,25.191702000000003,4ef7a7ad-18f5-4edc-8181-d1957c45b67f,Neon Lamp,1483,nm,absorbance,648.1085646170047
654.773,26.928115,4ef7a7ad-18f5-4edc-8181-d1957c45b67f,Neon Lamp,1484,nm,absorbance,648.3041044561047
654.971,31.802519999999998,4ef7a7ad-18f5-4edc-8181-d1957c45b67f,Neon Lamp,1485,nm,absorbance,648.5006368832204
655.168,31.155814,4ef7a7ad-18f5-4edc-8181-d1957c45b67f,Neon Lamp,1486,nm,absorbance,648.6961767223204
655.366,31.239898,4ef7a7ad-18f5-4edc-8181-d1957c45b67f,Neon Lamp,1487,nm,absorbance,648.892709149436
655.563,29.390581000000005,4ef7a7ad-18f5-4edc-8181-d1957c45b67f,Neon Lamp,1488,nm,absorbance,649.088248988536
655.761,27.861977999999997,4ef7a7ad-18f5-4edc-8181-d1957c45b67f,Neon Lamp,1489,nm,absorbance,649.2847814156517
655.958,23.95059,4ef7a7ad-18f5-4edc-8181-d1957c45b67f,Neon Lamp,1490,nm,absorbance,649.4803212547516
656.156,25.114274,4ef7a7ad-18f5-4edc-8181-d1957c45b67f,Neon Lamp,1491,nm,absorbance,649.6768536818673
656.353,22.552848,4ef7a7ad-18f5-4edc-8181-d1957c45b67f,Neon Lamp,1492,nm,absorbance,649.8723935209673
656.55,34.303608000000004,4ef7a7ad-18f5-4edc-8181-d1957c45b67f,Neon Lamp,1493,nm,absorbance,650.0679333600672
656.748,36.309523,4ef7a7ad-18f5-4edc-8181-d1957c45b67f,Neon Lamp,1494,nm,absorbance,650.264465787183
656.945,52.22532199999999,4ef7a7ad-18f5-4edc-8181-d1957c45b67f,Neon Lamp,1495,nm,absorbance,650.460005626283
657.143,69.22093100000001,4ef7a7ad-18f5-4edc-8181-d1957c45b67f,Neon Lamp,1496,nm,absorbance,650.6565380533987
657.34,92.052683,4ef7a7ad-18f5-4edc-8181-d1957c45b67f,Neon Lamp,1497,nm,absorbance,650.8520778924986
657.537,120.836953,4ef7a7ad-18f5-4edc-8181-d1957c45b67f,Neon Lamp,1498,nm,absorbance,651.0476177315985
657.735,149.17043199999998,4ef7a7ad-18f5-4edc-8181-d1957c45b67f,Neon Lamp,1499,nm,absorbance,651.2441501587142
657.932,185.112408,4ef7a7ad-18f5-4edc-8181-d1957c45b67f,Neon Lamp,1500,nm,absorbance,651.4396899978142
658.129,216.869177,4ef7a7ad-18f5-4edc-8181-d1957c45b67f,Neon Lamp,1501,nm,absorbance,651.6352298369142
658.326,248.977782,4ef7a7ad-18f5-4edc-8181-d1957c45b67f,Neon Lamp,1502,nm,absorbance,651.8307696760141
658.524,284.971722,4ef7a7ad-18f5-4edc-8181-d1957c45b67f,Neon Lamp,1503,nm,absorbance,652.0273021031298
658.721,317.208964,4ef7a7ad-18f5-4edc-8181-d1957c45b67f,Neon Lamp,1504,nm,absorbance,652.2228419422297
658.918,348.554012,4ef7a7ad-18f5-4edc-8181-d1957c45b67f,Neon Lamp,1505,nm,absorbance,652.4183817813297
659.115,367.443962,4ef7a7ad-18f5-4edc-8181-d1957c45b67f,Neon Lamp,1506,nm,absorbance,652.6139216204297
659.313,385.99923,4ef7a7ad-18f5-4edc-8181-d1957c45b67f,Neon Lamp,1507,nm,absorbance,652.8104540475454
659.51,401.354907,4ef7a7ad-18f5-4edc-8181-d1957c45b67f,Neon Lamp,1508,nm,absorbance,653.0059938866453
659.707,411.691686,4ef7a7ad-18f5-4edc-8181-d1957c45b67f,Neon Lamp,1509,nm,absorbance,653.2015337257453
659.904,423.765388,4ef7a7ad-18f5-4edc-8181-d1957c45b67f,Neon Lamp,1510,nm,absorbance,653.3970735648452
660.101,430.992286,4ef7a7ad-18f5-4edc-8181-d1957c45b67f,Neon Lamp,1511,nm,absorbance,653.5926134039452
660.298,435.78938199999993,4ef7a7ad-18f5-4edc-8181-d1957c45b67f,Neon Lamp,1512,nm,absorbance,653.7881532430451
660.496,439.7668750000001,4ef7a7ad-18f5-4edc-8181-d1957c45b67f,Neon Lamp,1513,nm,absorbance,653.9846856701608
660.693,438.413144,4ef7a7ad-18f5-4edc-8181-d1957c45b67f,Neon Lamp,1514,nm,absorbance,654.1802255092608
660.89,445.1451840000001,4ef7a7ad-18f5-4edc-8181-d1957c45b67f,Neon Lamp,1515,nm,absorbance,654.3757653483608
661.087,446.513422,4ef7a7ad-18f5-4edc-8181-d1957c45b67f,Neon Lamp,1516,nm,absorbance,654.5713051874608
661.284,452.1085789999999,4ef7a7ad-18f5-4edc-8181-d1957c45b67f,Neon Lamp,1517,nm,absorbance,654.7668450265606
661.481,452.99758600000007,4ef7a7ad-18f5-4edc-8181-d1957c45b67f,Neon Lamp,1518,nm,absorbance,654.9623848656606
661.678,455.4499129999999,4ef7a7ad-18f5-4edc-8181-d1957c45b67f,Neon Lamp,1519,nm,absorbance,655.1579247047606
661.875,454.1215350000001,4ef7a7ad-18f5-4edc-8181-d1957c45b67f,Neon Lamp,1520,nm,absorbance,655.3534645438606
662.072,452.495559,4ef7a7ad-18f5-4edc-8181-d1957c45b67f,Neon Lamp,1521,nm,absorbance,655.5490043829606
662.269,451.630264,4ef7a7ad-18f5-4edc-8181-d1957c45b67f,Neon Lamp,1522,nm,absorbance,655.7445442220605
662.466,449.079457,4ef7a7ad-18f5-4edc-8181-d1957c45b67f,Neon Lamp,1523,nm,absorbance,655.9400840611604
662.663,447.819653,4ef7a7ad-18f5-4edc-8181-d1957c45b67f,Neon Lamp,1524,nm,absorbance,656.1356239002604
662.86,440.27656,4ef7a7ad-18f5-4edc-8181-d1957c45b67f,Neon Lamp,1525,nm,absorbance,656.3311637393604
663.057,437.17715,4ef7a7ad-18f5-4edc-8181-d1957c45b67f,Neon Lamp,1526,nm,absorbance,656.5267035784603
663.254,430.394666,4ef7a7ad-18f5-4edc-8181-d1957c45b67f,Neon Lamp,1527,nm,absorbance,656.7222434175603
663.45,425.5671719999999,4ef7a7ad-18f5-4edc-8181-d1957c45b67f,Neon Lamp,1528,nm,absorbance,656.9167906686446
663.647,418.019635,4ef7a7ad-18f5-4edc-8181-d1957c45b67f,Neon Lamp,1529,nm,absorbance,657.1123305077446
663.844,410.908938,4ef7a7ad-18f5-4edc-8181-d1957c45b67f,Neon Lamp,1530,nm,absorbance,657.3078703468444
664.041,405.143905,4ef7a7ad-18f5-4edc-8181-d1957c45b67f,Neon Lamp,1531,nm,absorbance,657.5034101859444
664.238,400.4018190000001,4ef7a7ad-18f5-4edc-8181-d1957c45b67f,Neon Lamp,1532,nm,absorbance,657.6989500250444
664.435,400.144135,4ef7a7ad-18f5-4edc-8181-d1957c45b67f,Neon Lamp,1533,nm,absorbance,657.8944898641442
664.631,398.522654,4ef7a7ad-18f5-4edc-8181-d1957c45b67f,Neon Lamp,1534,nm,absorbance,658.0890371152285
664.828,398.223471,4ef7a7ad-18f5-4edc-8181-d1957c45b67f,Neon Lamp,1535,nm,absorbance,658.2845769543285
665.025,398.959139,4ef7a7ad-18f5-4edc-8181-d1957c45b67f,Neon Lamp,1536,nm,absorbance,658.4801167934285
665.222,392.509063,4ef7a7ad-18f5-4edc-8181-d1957c45b67f,Neon Lamp,1537,nm,absorbance,658.6756566325283
665.419,377.896234,4ef7a7ad-18f5-4edc-8181-d1957c45b67f,Neon Lamp,1538,nm,absorbance,658.8711964716283
665.615,358.803969,4ef7a7ad-18f5-4edc-8181-d1957c45b67f,Neon Lamp,1539,nm,absorbance,659.0657437227126
665.812,339.810676,4ef7a7ad-18f5-4edc-8181-d1957c45b67f,Neon Lamp,1540,nm,absorbance,659.2612835618125
666.009,321.365607,4ef7a7ad-18f5-4edc-8181-d1957c45b67f,Neon Lamp,1541,nm,absorbance,659.4568234009125
666.205,300.133806,4ef7a7ad-18f5-4edc-8181-d1957c45b67f,Neon Lamp,1542,nm,absorbance,659.6513706519968
666.402,280.13061600000003,4ef7a7ad-18f5-4edc-8181-d1957c45b67f,Neon Lamp,1543,nm,absorbance,659.8469104910968
666.599,265.908675,4ef7a7ad-18f5-4edc-8181-d1957c45b67f,Neon Lamp,1544,nm,absorbance,660.0424503301967
666.795,249.790286,4ef7a7ad-18f5-4edc-8181-d1957c45b67f,Neon Lamp,1545,nm,absorbance,660.2369975812808
666.992,244.01823,4ef7a7ad-18f5-4edc-8181-d1957c45b67f,Neon Lamp,1546,nm,absorbance,660.4325374203808
667.188,233.560637,4ef7a7ad-18f5-4edc-8181-d1957c45b67f,Neon Lamp,1547,nm,absorbance,660.627084671465
667.385,221.8282,4ef7a7ad-18f5-4edc-8181-d1957c45b67f,Neon Lamp,1548,nm,absorbance,660.822624510565
667.582,205.10236,4ef7a7ad-18f5-4edc-8181-d1957c45b67f,Neon Lamp,1549,nm,absorbance,661.018164349665
667.778,193.76640200000003,4ef7a7ad-18f5-4edc-8181-d1957c45b67f,Neon Lamp,1550,nm,absorbance,661.2127116007492
667.975,186.287314,4ef7a7ad-18f5-4edc-8181-d1957c45b67f,Neon Lamp,1551,nm,absorbance,661.4082514398492
668.171,177.696089,4ef7a7ad-18f5-4edc-8181-d1957c45b67f,Neon Lamp,1552,nm,absorbance,661.6027986909335
668.368,163.605139,4ef7a7ad-18f5-4edc-8181-d1957c45b67f,Neon Lamp,1553,nm,absorbance,661.7983385300333
668.564,145.61924700000003,4ef7a7ad-18f5-4edc-8181-d1957c45b67f,Neon Lamp,1554,nm,absorbance,661.9928857811175
668.761,128.02969,4ef7a7ad-18f5-4edc-8181-d1957c45b67f,Neon Lamp,1555,nm,absorbance,662.1884256202175
668.957,114.51093699999998,4ef7a7ad-18f5-4edc-8181-d1957c45b67f,Neon Lamp,1556,nm,absorbance,662.3829728713017
669.154,105.43031899999998,4ef7a7ad-18f5-4edc-8181-d1957c45b67f,Neon Lamp,1557,nm,absorbance,662.5785127104017
669.35,87.398269,4ef7a7ad-18f5-4edc-8181-d1957c45b67f,Neon Lamp,1558,nm,absorbance,662.773059961486
669.547,76.232494,4ef7a7ad-18f5-4edc-8181-d1957c45b67f,Neon Lamp,1559,nm,absorbance,662.9685998005859
669.743,64.88089,4ef7a7ad-18f5-4edc-8181-d1957c45b67f,Neon Lamp,1560,nm,absorbance,663.1631470516702
669.939,55.987,4ef7a7ad-18f5-4edc-8181-d1957c45b67f,Neon Lamp,1561,nm,absorbance,663.3576943027543
670.136,45.811368,4ef7a7ad-18f5-4edc-8181-d1957c45b67f,Neon Lamp,1562,nm,absorbance,663.5532341418542
670.332,34.205694,4ef7a7ad-18f5-4edc-8181-d1957c45b67f,Neon Lamp,1563,nm,absorbance,663.7477813929385
670.528,30.462947000000003,4ef7a7ad-18f5-4edc-8181-d1957c45b67f,Neon Lamp,1564,nm,absorbance,663.9423286440227
670.725,24.822033999999995,4ef7a7ad-18f5-4edc-8181-d1957c45b67f,Neon Lamp,1565,nm,absorbance,664.1378684831227
670.921,21.483909,4ef7a7ad-18f5-4edc-8181-d1957c45b67f,Neon Lamp,1566,nm,absorbance,664.332415734207
671.117,20.165792,4ef7a7ad-18f5-4edc-8181-d1957c45b67f,Neon Lamp,1567,nm,absorbance,664.5269629852911
671.314,20.295065,4ef7a7ad-18f5-4edc-8181-d1957c45b67f,Neon Lamp,1568,nm,absorbance,664.7225028243911
671.51,20.977942,4ef7a7ad-18f5-4edc-8181-d1957c45b67f,Neon Lamp,1569,nm,absorbance,664.9170500754753
671.706,18.869748,4ef7a7ad-18f5-4edc-8181-d1957c45b67f,Neon Lamp,1570,nm,absorbance,665.1115973265596
671.902,17.585818999999997,4ef7a7ad-18f5-4edc-8181-d1957c45b67f,Neon Lamp,1571,nm,absorbance,665.3061445776439
672.099,21.588985,4ef7a7ad-18f5-4edc-8181-d1957c45b67f,Neon Lamp,1572,nm,absorbance,665.5016844167437
672.295,23.182168,4ef7a7ad-18f5-4edc-8181-d1957c45b67f,Neon Lamp,1573,nm,absorbance,665.6962316678279
672.491,23.874738,4ef7a7ad-18f5-4edc-8181-d1957c45b67f,Neon Lamp,1574,nm,absorbance,665.8907789189121
672.687,20.450403,4ef7a7ad-18f5-4edc-8181-d1957c45b67f,Neon Lamp,1575,nm,absorbance,666.0853261699964
672.883,19.324166,4ef7a7ad-18f5-4edc-8181-d1957c45b67f,Neon Lamp,1576,nm,absorbance,666.2798734210807
673.08,20.260451,4ef7a7ad-18f5-4edc-8181-d1957c45b67f,Neon Lamp,1577,nm,absorbance,666.4754132601806
673.276,18.67808,4ef7a7ad-18f5-4edc-8181-d1957c45b67f,Neon Lamp,1578,nm,absorbance,666.6699605112648
673.472,22.923767,4ef7a7ad-18f5-4edc-8181-d1957c45b67f,Neon Lamp,1579,nm,absorbance,666.864507762349
673.668,23.330591,4ef7a7ad-18f5-4edc-8181-d1957c45b67f,Neon Lamp,1580,nm,absorbance,667.0590550134333
673.864,23.542958,4ef7a7ad-18f5-4edc-8181-d1957c45b67f,Neon Lamp,1581,nm,absorbance,667.2536022645176
674.06,22.162086,4ef7a7ad-18f5-4edc-8181-d1957c45b67f,Neon Lamp,1582,nm,absorbance,667.4481495156017
674.256,22.240526,4ef7a7ad-18f5-4edc-8181-d1957c45b67f,Neon Lamp,1583,nm,absorbance,667.6426967666858
674.452,21.901294,4ef7a7ad-18f5-4edc-8181-d1957c45b67f,Neon Lamp,1584,nm,absorbance,667.8372440177701
674.648,20.218511,4ef7a7ad-18f5-4edc-8181-d1957c45b67f,Neon Lamp,1585,nm,absorbance,668.0317912688544
674.844,16.987153,4ef7a7ad-18f5-4edc-8181-d1957c45b67f,Neon Lamp,1586,nm,absorbance,668.2263385199386
675.04,22.329397,4ef7a7ad-18f5-4edc-8181-d1957c45b67f,Neon Lamp,1587,nm,absorbance,668.4208857710228
675.236,21.13125,4ef7a7ad-18f5-4edc-8181-d1957c45b67f,Neon Lamp,1588,nm,absorbance,668.615433022107
675.432,21.654496,4ef7a7ad-18f5-4edc-8181-d1957c45b67f,Neon Lamp,1589,nm,absorbance,668.8099802731913
675.628,22.743700000000004,4ef7a7ad-18f5-4edc-8181-d1957c45b67f,Neon Lamp,1590,nm,absorbance,669.0045275242755
675.824,27.56282000000001,4ef7a7ad-18f5-4edc-8181-d1957c45b67f,Neon Lamp,1591,nm,absorbance,669.1990747753597
676.02,35.943389,4ef7a7ad-18f5-4edc-8181-d1957c45b67f,Neon Lamp,1592,nm,absorbance,669.393622026444
676.216,32.909631000000005,4ef7a7ad-18f5-4edc-8181-d1957c45b67f,Neon Lamp,1593,nm,absorbance,669.5881692775282
676.412,31.728405,4ef7a7ad-18f5-4edc-8181-d1957c45b67f,Neon Lamp,1594,nm,absorbance,669.7827165286125
676.608,27.085655,4ef7a7ad-18f5-4edc-8181-d1957c45b67f,Neon Lamp,1595,nm,absorbance,669.9772637796965
676.804,29.714872000000003,4ef7a7ad-18f5-4edc-8181-d1957c45b67f,Neon Lamp,1596,nm,absorbance,670.1718110307808
676.999,32.455623,4ef7a7ad-18f5-4edc-8181-d1957c45b67f,Neon Lamp,1597,nm,absorbance,670.3653656938493
677.195,29.356177,4ef7a7ad-18f5-4edc-8181-d1957c45b67f,Neon Lamp,1598,nm,absorbance,670.5599129449336
677.391,25.819237,4ef7a7ad-18f5-4edc-8181-d1957c45b67f,Neon Lamp,1599,nm,absorbance,670.7544601960177
677.587,25.612062,4ef7a7ad-18f5-4edc-8181-d1957c45b67f,Neon Lamp,1600,nm,absorbance,670.949007447102
677.783,29.295496000000004,4ef7a7ad-18f5-4edc-8181-d1957c45b67f,Neon Lamp,1601,nm,absorbance,671.1435546981862
677.978,24.738366000000003,4ef7a7ad-18f5-4edc-8181-d1957c45b67f,Neon Lamp,1602,nm,absorbance,671.3371093612546
678.174,23.569243,4ef7a7ad-18f5-4edc-8181-d1957c45b67f,Neon Lamp,1603,nm,absorbance,671.5316566123389
678.37,22.757102,4ef7a7ad-18f5-4edc-8181-d1957c45b67f,Neon Lamp,1604,nm,absorbance,671.7262038634232
678.566,25.411824000000003,4ef7a7ad-18f5-4edc-8181-d1957c45b67f,Neon Lamp,1605,nm,absorbance,671.9207511145074
678.761,19.944391,4ef7a7ad-18f5-4edc-8181-d1957c45b67f,Neon Lamp,1606,nm,absorbance,672.1143057775759
678.957,18.180953,4ef7a7ad-18f5-4edc-8181-d1957c45b67f,Neon Lamp,1607,nm,absorbance,672.3088530286601
679.153,20.887335000000004,4ef7a7ad-18f5-4edc-8181-d1957c45b67f,Neon Lamp,1608,nm,absorbance,672.5034002797444
679.348,24.893697,4ef7a7ad-18f5-4edc-8181-d1957c45b67f,Neon Lamp,1609,nm,absorbance,672.6969549428128
679.544,26.856472,4ef7a7ad-18f5-4edc-8181-d1957c45b67f,Neon Lamp,1610,nm,absorbance,672.8915021938969
679.74,24.531731,4ef7a7ad-18f5-4edc-8181-d1957c45b67f,Neon Lamp,1611,nm,absorbance,673.0860494449812
679.935,23.416937,4ef7a7ad-18f5-4edc-8181-d1957c45b67f,Neon Lamp,1612,nm,absorbance,673.2796041080496
680.131,25.893614000000003,4ef7a7ad-18f5-4edc-8181-d1957c45b67f,Neon Lamp,1613,nm,absorbance,673.4741513591339
680.327,29.097301,4ef7a7ad-18f5-4edc-8181-d1957c45b67f,Neon Lamp,1614,nm,absorbance,673.6686986102181
680.522,28.847396999999997,4ef7a7ad-18f5-4edc-8181-d1957c45b67f,Neon Lamp,1615,nm,absorbance,673.8622532732867
680.718,17.564745,4ef7a7ad-18f5-4edc-8181-d1957c45b67f,Neon Lamp,1616,nm,absorbance,674.0568005243708
680.913,18.120417000000003,4ef7a7ad-18f5-4edc-8181-d1957c45b67f,Neon Lamp,1617,nm,absorbance,674.2503551874394
681.109,17.670333,4ef7a7ad-18f5-4edc-8181-d1957c45b67f,Neon Lamp,1618,nm,absorbance,674.4449024385236
681.304,23.882236,4ef7a7ad-18f5-4edc-8181-d1957c45b67f,Neon Lamp,1619,nm,absorbance,674.638457101592
681.5,20.510889,4ef7a7ad-18f5-4edc-8181-d1957c45b67f,Neon Lamp,1620,nm,absorbance,674.8330043526763
681.695,21.318086,4ef7a7ad-18f5-4edc-8181-d1957c45b67f,Neon Lamp,1621,nm,absorbance,675.0265590157449
681.891,21.120804,4ef7a7ad-18f5-4edc-8181-d1957c45b67f,Neon Lamp,1622,nm,absorbance,675.221106266829
682.086,24.886035,4ef7a7ad-18f5-4edc-8181-d1957c45b67f,Neon Lamp,1623,nm,absorbance,675.4146609298975
682.282,24.112564000000003,4ef7a7ad-18f5-4edc-8181-d1957c45b67f,Neon Lamp,1624,nm,absorbance,675.6092081809818
682.477,17.088048,4ef7a7ad-18f5-4edc-8181-d1957c45b67f,Neon Lamp,1625,nm,absorbance,675.8027628440502
682.672,11.802794000000002,4ef7a7ad-18f5-4edc-8181-d1957c45b67f,Neon Lamp,1626,nm,absorbance,675.9963175071188
682.868,12.046608,4ef7a7ad-18f5-4edc-8181-d1957c45b67f,Neon Lamp,1627,nm,absorbance,676.190864758203
683.063,17.910334,4ef7a7ad-18f5-4edc-8181-d1957c45b67f,Neon Lamp,1628,nm,absorbance,676.3844194212714
683.259,17.662339999999997,4ef7a7ad-18f5-4edc-8181-d1957c45b67f,Neon Lamp,1629,nm,absorbance,676.5789666723556
683.454,18.908805,4ef7a7ad-18f5-4edc-8181-d1957c45b67f,Neon Lamp,1630,nm,absorbance,676.772521335424
683.649,19.857957000000003,4ef7a7ad-18f5-4edc-8181-d1957c45b67f,Neon Lamp,1631,nm,absorbance,676.9660759984926
683.845,22.216015,4ef7a7ad-18f5-4edc-8181-d1957c45b67f,Neon Lamp,1632,nm,absorbance,677.1606232495768
684.04,17.514378999999998,4ef7a7ad-18f5-4edc-8181-d1957c45b67f,Neon Lamp,1633,nm,absorbance,677.3541779126452
684.235,18.646124,4ef7a7ad-18f5-4edc-8181-d1957c45b67f,Neon Lamp,1634,nm,absorbance,677.5477325757138
684.43,14.567557,4ef7a7ad-18f5-4edc-8181-d1957c45b67f,Neon Lamp,1635,nm,absorbance,677.7412872387822
684.626,13.562029999999998,4ef7a7ad-18f5-4edc-8181-d1957c45b67f,Neon Lamp,1636,nm,absorbance,677.9358344898665
684.821,6.8291,4ef7a7ad-18f5-4edc-8181-d1957c45b67f,Neon Lamp,1637,nm,absorbance,678.129389152935
685.016,9.142945,4ef7a7ad-18f5-4edc-8181-d1957c45b67f,Neon Lamp,1638,nm,absorbance,678.3229438160034
685.211,9.868233,4ef7a7ad-18f5-4edc-8181-d1957c45b67f,Neon Lamp,1639,nm,absorbance,678.516498479072
685.407,7.157558,4ef7a7ad-18f5-4edc-8181-d1957c45b67f,Neon Lamp,1640,nm,absorbance,678.7110457301562
685.602,7.616839999999999,4ef7a7ad-18f5-4edc-8181-d1957c45b67f,Neon Lamp,1641,nm,absorbance,678.9046003932247
685.797,5.163552,4ef7a7ad-18f5-4edc-8181-d1957c45b67f,Neon Lamp,1642,nm,absorbance,679.0981550562932
685.992,9.026128,4ef7a7ad-18f5-4edc-8181-d1957c45b67f,Neon Lamp,1643,nm,absorbance,679.2917097193616
686.187,5.123106,4ef7a7ad-18f5-4edc-8181-d1957c45b67f,Neon Lamp,1644,nm,absorbance,679.4852643824302
686.382,7.297441999999999,4ef7a7ad-18f5-4edc-8181-d1957c45b67f,Neon Lamp,1645,nm,absorbance,679.6788190454986
686.577,5.820704999999999,4ef7a7ad-18f5-4edc-8181-d1957c45b67f,Neon Lamp,1646,nm,absorbance,679.8723737085671
686.773,9.037242999999998,4ef7a7ad-18f5-4edc-8181-d1957c45b67f,Neon Lamp,1647,nm,absorbance,680.0669209596514
686.968,5.969944,4ef7a7ad-18f5-4edc-8181-d1957c45b67f,Neon Lamp,1648,nm,absorbance,680.2604756227198
687.163,10.778907,4ef7a7ad-18f5-4edc-8181-d1957c45b67f,Neon Lamp,1649,nm,absorbance,680.4540302857883
687.358,13.131018,4ef7a7ad-18f5-4edc-8181-d1957c45b67f,Neon Lamp,1650,nm,absorbance,680.6475849488568
687.553,16.162178,4ef7a7ad-18f5-4edc-8181-d1957c45b67f,Neon Lamp,1651,nm,absorbance,680.8411396119253
687.748,16.971793,4ef7a7ad-18f5-4edc-8181-d1957c45b67f,Neon Lamp,1652,nm,absorbance,681.0346942749939
687.943,8.805056,4ef7a7ad-18f5-4edc-8181-d1957c45b67f,Neon Lamp,1653,nm,absorbance,681.2282489380623
688.138,5.581719999999999,4ef7a7ad-18f5-4edc-8181-d1957c45b67f,Neon Lamp,1654,nm,absorbance,681.4218036011308
688.333,-2.6997350000000004,4ef7a7ad-18f5-4edc-8181-d1957c45b67f,Neon Lamp,1655,nm,absorbance,681.6153582641992
688.528,-1.265607,4ef7a7ad-18f5-4edc-8181-d1957c45b67f,Neon Lamp,1656,nm,absorbance,681.8089129272678
688.723,0.944383,4ef7a7ad-18f5-4edc-8181-d1957c45b67f,Neon Lamp,1657,nm,absorbance,682.0024675903362
688.918,5.06734,4ef7a7ad-18f5-4edc-8181-d1957c45b67f,Neon Lamp,1658,nm,absorbance,682.1960222534047
689.112,10.809427,4ef7a7ad-18f5-4edc-8181-d1957c45b67f,Neon Lamp,1659,nm,absorbance,682.3885843284575
689.307,13.329776,4ef7a7ad-18f5-4edc-8181-d1957c45b67f,Neon Lamp,1660,nm,absorbance,682.582138991526
689.502,11.778333,4ef7a7ad-18f5-4edc-8181-d1957c45b67f,Neon Lamp,1661,nm,absorbance,682.7756936545944
689.697,8.78733,4ef7a7ad-18f5-4edc-8181-d1957c45b67f,Neon Lamp,1662,nm,absorbance,682.969248317663
689.892,6.247154999999999,4ef7a7ad-18f5-4edc-8181-d1957c45b67f,Neon Lamp,1663,nm,absorbance,683.1628029807315
690.087,8.783269999999998,4ef7a7ad-18f5-4edc-8181-d1957c45b67f,Neon Lamp,1664,nm,absorbance,683.3563576437999
690.282,3.086252,4ef7a7ad-18f5-4edc-8181-d1957c45b67f,Neon Lamp,1665,nm,absorbance,683.5499123068685
690.476,3.4939890000000005,4ef7a7ad-18f5-4edc-8181-d1957c45b67f,Neon Lamp,1666,nm,absorbance,683.7424743819212
690.671,0.892657,4ef7a7ad-18f5-4edc-8181-d1957c45b67f,Neon Lamp,1667,nm,absorbance,683.9360290449897
690.866,5.980672,4ef7a7ad-18f5-4edc-8181-d1957c45b67f,Neon Lamp,1668,nm,absorbance,684.1295837080581
691.061,10.268183,4ef7a7ad-18f5-4edc-8181-d1957c45b67f,Neon Lamp,1669,nm,absorbance,684.3231383711267
691.255,7.347795,4ef7a7ad-18f5-4edc-8181-d1957c45b67f,Neon Lamp,1670,nm,absorbance,684.5157004461794
691.45,5.091564,4ef7a7ad-18f5-4edc-8181-d1957c45b67f,Neon Lamp,1671,nm,absorbance,684.7092551092479
691.645,1.361372,4ef7a7ad-18f5-4edc-8181-d1957c45b67f,Neon Lamp,1672,nm,absorbance,684.9028097723163
691.84,4.98901,4ef7a7ad-18f5-4edc-8181-d1957c45b67f,Neon Lamp,1673,nm,absorbance,685.0963644353849
692.034,6.964012000000001,4ef7a7ad-18f5-4edc-8181-d1957c45b67f,Neon Lamp,1674,nm,absorbance,685.2889265104376
692.229,3.264523,4ef7a7ad-18f5-4edc-8181-d1957c45b67f,Neon Lamp,1675,nm,absorbance,685.4824811735061
692.424,-1.438742,4ef7a7ad-18f5-4edc-8181-d1957c45b67f,Neon Lamp,1676,nm,absorbance,685.6760358365746
692.618,-2.214495,4ef7a7ad-18f5-4edc-8181-d1957c45b67f,Neon Lamp,1677,nm,absorbance,685.8685979116274
692.813,-3.2768390000000003,4ef7a7ad-18f5-4edc-8181-d1957c45b67f,Neon Lamp,1678,nm,absorbance,686.0621525746958
693.007,-2.0997670000000004,4ef7a7ad-18f5-4edc-8181-d1957c45b67f,Neon Lamp,1679,nm,absorbance,686.2547146497485
693.202,-2.800748,4ef7a7ad-18f5-4edc-8181-d1957c45b67f,Neon Lamp,1680,nm,absorbance,686.448269312817
693.397,1.651037,4ef7a7ad-18f5-4edc-8181-d1957c45b67f,Neon Lamp,1681,nm,absorbance,686.6418239758856
693.591,6.506701,4ef7a7ad-18f5-4edc-8181-d1957c45b67f,Neon Lamp,1682,nm,absorbance,686.8343860509383
693.786,5.728268999999999,4ef7a7ad-18f5-4edc-8181-d1957c45b67f,Neon Lamp,1683,nm,absorbance,687.0279407140067
693.98,1.878713,4ef7a7ad-18f5-4edc-8181-d1957c45b67f,Neon Lamp,1684,nm,absorbance,687.2205027890595
694.175,2.162855,4ef7a7ad-18f5-4edc-8181-d1957c45b67f,Neon Lamp,1685,nm,absorbance,687.414057452128
694.369,4.900896,4ef7a7ad-18f5-4edc-8181-d1957c45b67f,Neon Lamp,1686,nm,absorbance,687.6066195271808
694.564,6.847013999999999,4ef7a7ad-18f5-4edc-8181-d1957c45b67f,Neon Lamp,1687,nm,absorbance,687.8001741902492
694.758,5.682802000000001,4ef7a7ad-18f5-4edc-8181-d1957c45b67f,Neon Lamp,1688,nm,absorbance,687.992736265302
694.953,6.780430000000001,4ef7a7ad-18f5-4edc-8181-d1957c45b67f,Neon Lamp,1689,nm,absorbance,688.1862909283705
695.147,10.190413,4ef7a7ad-18f5-4edc-8181-d1957c45b67f,Neon Lamp,1690,nm,absorbance,688.3788530034233
695.342,10.418876,4ef7a7ad-18f5-4edc-8181-d1957c45b67f,Neon Lamp,1691,nm,absorbance,688.5724076664917
695.536,11.129637,4ef7a7ad-18f5-4edc-8181-d1957c45b67f,Neon Lamp,1692,nm,absorbance,688.7649697415444
695.73,10.535893000000002,4ef7a7ad-18f5-4edc-8181-d1957c45b67f,Neon Lamp,1693,nm,absorbance,688.9575318165972
695.925,15.544563999999998,4ef7a7ad-18f5-4edc-8181-d1957c45b67f,Neon Lamp,1694,nm,absorbance,689.1510864796657
696.119,17.288263,4ef7a7ad-18f5-4edc-8181-d1957c45b67f,Neon Lamp,1695,nm,absorbance,689.3436485547185
696.313,15.036124,4ef7a7ad-18f5-4edc-8181-d1957c45b67f,Neon Lamp,1696,nm,absorbance,689.5362106297712
696.508,10.965394,4ef7a7ad-18f5-4edc-8181-d1957c45b67f,Neon Lamp,1697,nm,absorbance,689.7297652928397
696.702,11.078869999999998,4ef7a7ad-18f5-4edc-8181-d1957c45b67f,Neon Lamp,1698,nm,absorbance,689.9223273678924
696.896,11.945412,4ef7a7ad-18f5-4edc-8181-d1957c45b67f,Neon Lamp,1699,nm,absorbance,690.1148894429451
697.091,14.858034,4ef7a7ad-18f5-4edc-8181-d1957c45b67f,Neon Lamp,1700,nm,absorbance,690.3084441060137
697.285,14.481881,4ef7a7ad-18f5-4edc-8181-d1957c45b67f,Neon Lamp,1701,nm,absorbance,690.5010061810664
697.479,16.188001000000003,4ef7a7ad-18f5-4edc-8181-d1957c45b67f,Neon Lamp,1702,nm,absorbance,690.6935682561192
697.673,11.17667,4ef7a7ad-18f5-4edc-8181-d1957c45b67f,Neon Lamp,1703,nm,absorbance,690.8861303311719
697.868,12.879018000000002,4ef7a7ad-18f5-4edc-8181-d1957c45b67f,Neon Lamp,1704,nm,absorbance,691.0796849942404
698.062,13.598162,4ef7a7ad-18f5-4edc-8181-d1957c45b67f,Neon Lamp,1705,nm,absorbance,691.2722470692931
698.256,15.518976999999998,4ef7a7ad-18f5-4edc-8181-d1957c45b67f,Neon Lamp,1706,nm,absorbance,691.4648091443458
698.45,10.158297,4ef7a7ad-18f5-4edc-8181-d1957c45b67f,Neon Lamp,1707,nm,absorbance,691.6573712193987
698.644,8.691509,4ef7a7ad-18f5-4edc-8181-d1957c45b67f,Neon Lamp,1708,nm,absorbance,691.8499332944514
698.839,9.313439,4ef7a7ad-18f5-4edc-8181-d1957c45b67f,Neon Lamp,1709,nm,absorbance,692.0434879575199
699.033,9.786535,4ef7a7ad-18f5-4edc-8181-d1957c45b67f,Neon Lamp,1710,nm,absorbance,692.2360500325726
699.227,10.41865,4ef7a7ad-18f5-4edc-8181-d1957c45b67f,Neon Lamp,1711,nm,absorbance,692.4286121076254
699.421,10.44189,4ef7a7ad-18f5-4edc-8181-d1957c45b67f,Neon Lamp,1712,nm,absorbance,692.6211741826783
699.615,7.081462,4ef7a7ad-18f5-4edc-8181-d1957c45b67f,Neon Lamp,1713,nm,absorbance,692.813736257731
699.809,5.637611,4ef7a7ad-18f5-4edc-8181-d1957c45b67f,Neon Lamp,1714,nm,absorbance,693.0062983327837
700.003,7.508157,4ef7a7ad-18f5-4edc-8181-d1957c45b67f,Neon Lamp,1715,nm,absorbance,693.1988604078365
700.197,7.957787999999999,4ef7a7ad-18f5-4edc-8181-d1957c45b67f,Neon Lamp,1716,nm,absorbance,693.3914224828892
700.391,9.60386,4ef7a7ad-18f5-4edc-8181-d1957c45b67f,Neon Lamp,1717,nm,absorbance,693.5839845579419
700.585,3.893384,4ef7a7ad-18f5-4edc-8181-d1957c45b67f,Neon Lamp,1718,nm,absorbance,693.7765466329947
700.779,9.271295,4ef7a7ad-18f5-4edc-8181-d1957c45b67f,Neon Lamp,1719,nm,absorbance,693.9691087080474
700.973,8.638850999999999,4ef7a7ad-18f5-4edc-8181-d1957c45b67f,Neon Lamp,1720,nm,absorbance,694.1616707831001
701.167,10.189969,4ef7a7ad-18f5-4edc-8181-d1957c45b67f,Neon Lamp,1721,nm,absorbance,694.354232858153
701.361,7.810944999999999,4ef7a7ad-18f5-4edc-8181-d1957c45b67f,Neon Lamp,1722,nm,absorbance,694.5467949332057
701.555,9.819162,4ef7a7ad-18f5-4edc-8181-d1957c45b67f,Neon Lamp,1723,nm,absorbance,694.7393570082584
701.749,8.678823,4ef7a7ad-18f5-4edc-8181-d1957c45b67f,Neon Lamp,1724,nm,absorbance,694.9319190833112
701.943,9.545602,4ef7a7ad-18f5-4edc-8181-d1957c45b67f,Neon Lamp,1725,nm,absorbance,695.1244811583639
702.137,3.606843,4ef7a7ad-18f5-4edc-8181-d1957c45b67f,Neon Lamp,1726,nm,absorbance,695.3170432334166
702.331,3.3101080000000005,4ef7a7ad-18f5-4edc-8181-d1957c45b67f,Neon Lamp,1727,nm,absorbance,695.5096053084694
702.525,3.630873000000001,4ef7a7ad-18f5-4edc-8181-d1957c45b67f,Neon Lamp,1728,nm,absorbance,695.7021673835221
702.718,7.800440999999999,4ef7a7ad-18f5-4edc-8181-d1957c45b67f,Neon Lamp,1729,nm,absorbance,695.8937368705592
702.912,10.042685000000002,4ef7a7ad-18f5-4edc-8181-d1957c45b67f,Neon Lamp,1730,nm,absorbance,696.086298945612
703.106,7.5612689999999985,4ef7a7ad-18f5-4edc-8181-d1957c45b67f,Neon Lamp,1731,nm,absorbance,696.2788610206647
703.3,9.652071,4ef7a7ad-18f5-4edc-8181-d1957c45b67f,Neon Lamp,1732,nm,absorbance,696.4714230957175
703.494,8.332360999999999,4ef7a7ad-18f5-4edc-8181-d1957c45b67f,Neon Lamp,1733,nm,absorbance,696.6639851707703
703.687,14.028489000000002,4ef7a7ad-18f5-4edc-8181-d1957c45b67f,Neon Lamp,1734,nm,absorbance,696.8555546578073
703.881,8.4917,4ef7a7ad-18f5-4edc-8181-d1957c45b67f,Neon Lamp,1735,nm,absorbance,697.04811673286
704.075,8.945001,4ef7a7ad-18f5-4edc-8181-d1957c45b67f,Neon Lamp,1736,nm,absorbance,697.2406788079128
704.269,6.883429000000001,4ef7a7ad-18f5-4edc-8181-d1957c45b67f,Neon Lamp,1737,nm,absorbance,697.4332408829655
704.462,10.06463,4ef7a7ad-18f5-4edc-8181-d1957c45b67f,Neon Lamp,1738,nm,absorbance,697.6248103700025
704.656,10.618297,4ef7a7ad-18f5-4edc-8181-d1957c45b67f,Neon Lamp,1739,nm,absorbance,697.8173724450552
704.85,9.268111,4ef7a7ad-18f5-4edc-8181-d1957c45b67f,Neon Lamp,1740,nm,absorbance,698.009934520108
705.043,12.035765,4ef7a7ad-18f5-4edc-8181-d1957c45b67f,Neon Lamp,1741,nm,absorbance,698.201504007145
705.237,13.222081,4ef7a7ad-18f5-4edc-8181-d1957c45b67f,Neon Lamp,1742,nm,absorbance,698.3940660821977
705.431,13.639372,4ef7a7ad-18f5-4edc-8181-d1957c45b67f,Neon Lamp,1743,nm,absorbance,698.5866281572505
705.624,9.656151,4ef7a7ad-18f5-4edc-8181-d1957c45b67f,Neon Lamp,1744,nm,absorbance,698.7781976442876
705.818,6.445866,4ef7a7ad-18f5-4edc-8181-d1957c45b67f,Neon Lamp,1745,nm,absorbance,698.9707597193403
706.012,7.887031000000002,4ef7a7ad-18f5-4edc-8181-d1957c45b67f,Neon Lamp,1746,nm,absorbance,699.163321794393
706.205,8.000623000000001,4ef7a7ad-18f5-4edc-8181-d1957c45b67f,Neon Lamp,1747,nm,absorbance,699.3548912814301
706.399,11.853203,4ef7a7ad-18f5-4edc-8181-d1957c45b67f,Neon Lamp,1748,nm,absorbance,699.5474533564828
706.592,8.159127,4ef7a7ad-18f5-4edc-8181-d1957c45b67f,Neon Lamp,1749,nm,absorbance,699.7390228435198
706.786,11.30295,4ef7a7ad-18f5-4edc-8181-d1957c45b67f,Neon Lamp,1750,nm,absorbance,699.9315849185725
706.979,17.349295,4ef7a7ad-18f5-4edc-8181-d1957c45b67f,Neon Lamp,1751,nm,absorbance,700.1231544056096
707.173,17.819662,4ef7a7ad-18f5-4edc-8181-d1957c45b67f,Neon Lamp,1752,nm,absorbance,700.3157164806623
707.366,17.967706,4ef7a7ad-18f5-4edc-8181-d1957c45b67f,Neon Lamp,1753,nm,absorbance,700.5072859676993
707.56,12.136945999999998,4ef7a7ad-18f5-4edc-8181-d1957c45b67f,Neon Lamp,1754,nm,absorbance,700.699848042752
707.753,13.866799,4ef7a7ad-18f5-4edc-8181-d1957c45b67f,Neon Lamp,1755,nm,absorbance,700.8914175297891
707.947,13.39856,4ef7a7ad-18f5-4edc-8181-d1957c45b67f,Neon Lamp,1756,nm,absorbance,701.0839796048418
708.14,12.94105,4ef7a7ad-18f5-4edc-8181-d1957c45b67f,Neon Lamp,1757,nm,absorbance,701.2755490918789
708.333,11.735119,4ef7a7ad-18f5-4edc-8181-d1957c45b67f,Neon Lamp,1758,nm,absorbance,701.4671185789159
708.527,12.884376,4ef7a7ad-18f5-4edc-8181-d1957c45b67f,Neon Lamp,1759,nm,absorbance,701.6596806539687
708.72,9.974178999999998,4ef7a7ad-18f5-4edc-8181-d1957c45b67f,Neon Lamp,1760,nm,absorbance,701.8512501410057
708.914,13.064615,4ef7a7ad-18f5-4edc-8181-d1957c45b67f,Neon Lamp,1761,nm,absorbance,702.0438122160584
709.107,7.458932999999999,4ef7a7ad-18f5-4edc-8181-d1957c45b67f,Neon Lamp,1762,nm,absorbance,702.2353817030954
709.3,17.002522000000003,4ef7a7ad-18f5-4edc-8181-d1957c45b67f,Neon Lamp,1763,nm,absorbance,702.4269511901324
709.494,12.474929,4ef7a7ad-18f5-4edc-8181-d1957c45b67f,Neon Lamp,1764,nm,absorbance,702.6195132651852
709.687,14.851240999999998,4ef7a7ad-18f5-4edc-8181-d1957c45b67f,Neon Lamp,1765,nm,absorbance,702.8110827522222
709.88,10.052617,4ef7a7ad-18f5-4edc-8181-d1957c45b67f,Neon Lamp,1766,nm,absorbance,703.0026522392592
710.073,12.154854,4ef7a7ad-18f5-4edc-8181-d1957c45b67f,Neon Lamp,1767,nm,absorbance,703.1942217262963
710.267,14.956943999999998,4ef7a7ad-18f5-4edc-8181-d1957c45b67f,Neon Lamp,1768,nm,absorbance,703.3867838013491
710.46,17.06887,4ef7a7ad-18f5-4edc-8181-d1957c45b67f,Neon Lamp,1769,nm,absorbance,703.5783532883861
710.653,16.622673,4ef7a7ad-18f5-4edc-8181-d1957c45b67f,Neon Lamp,1770,nm,absorbance,703.7699227754231
710.846,13.438519000000005,4ef7a7ad-18f5-4edc-8181-d1957c45b67f,Neon Lamp,1771,nm,absorbance,703.9614922624601
711.04,14.40926,4ef7a7ad-18f5-4edc-8181-d1957c45b67f,Neon Lamp,1772,nm,absorbance,704.1540543375128
711.233,18.111399,4ef7a7ad-18f5-4edc-8181-d1957c45b67f,Neon Lamp,1773,nm,absorbance,704.3456238245498
711.426,20.138709,4ef7a7ad-18f5-4edc-8181-d1957c45b67f,Neon Lamp,1774,nm,absorbance,704.5371933115869
711.619,17.472163000000002,4ef7a7ad-18f5-4edc-8181-d1957c45b67f,Neon Lamp,1775,nm,absorbance,704.7287627986238
711.812,19.482091,4ef7a7ad-18f5-4edc-8181-d1957c45b67f,Neon Lamp,1776,nm,absorbance,704.9203322856608
712.005,17.491246,4ef7a7ad-18f5-4edc-8181-d1957c45b67f,Neon Lamp,1777,nm,absorbance,705.1119017726979
712.198,15.42673,4ef7a7ad-18f5-4edc-8181-d1957c45b67f,Neon Lamp,1778,nm,absorbance,705.3034712597349
712.391,10.965513,4ef7a7ad-18f5-4edc-8181-d1957c45b67f,Neon Lamp,1779,nm,absorbance,705.4950407467719
712.585,10.430829,4ef7a7ad-18f5-4edc-8181-d1957c45b67f,Neon Lamp,1780,nm,absorbance,705.6876028218247
712.778,7.960102000000001,4ef7a7ad-18f5-4edc-8181-d1957c45b67f,Neon Lamp,1781,nm,absorbance,705.8791723088617
712.971,4.430997,4ef7a7ad-18f5-4edc-8181-d1957c45b67f,Neon Lamp,1782,nm,absorbance,706.0707417958987
713.164,6.142758000000001,4ef7a7ad-18f5-4edc-8181-d1957c45b67f,Neon Lamp,1783,nm,absorbance,706.2623112829357
713.357,4.5361210000000005,4ef7a7ad-18f5-4edc-8181-d1957c45b67f,Neon Lamp,1784,nm,absorbance,706.4538807699727
713.55,9.930040000000002,4ef7a7ad-18f5-4edc-8181-d1957c45b67f,Neon Lamp,1785,nm,absorbance,706.6454502570097
713.743,8.172982999999999,4ef7a7ad-18f5-4edc-8181-d1957c45b67f,Neon Lamp,1786,nm,absorbance,706.8370197440469
713.936,9.081916,4ef7a7ad-18f5-4edc-8181-d1957c45b67f,Neon Lamp,1787,nm,absorbance,707.0285892310839
714.129,6.217333999999999,4ef7a7ad-18f5-4edc-8181-d1957c45b67f,Neon Lamp,1788,nm,absorbance,707.2201587181208
714.322,8.844263,4ef7a7ad-18f5-4edc-8181-d1957c45b67f,Neon Lamp,1789,nm,absorbance,707.4117282051578
714.514,13.483116,4ef7a7ad-18f5-4edc-8181-d1957c45b67f,Neon Lamp,1790,nm,absorbance,707.6023051041791
714.707,13.688586,4ef7a7ad-18f5-4edc-8181-d1957c45b67f,Neon Lamp,1791,nm,absorbance,707.7938745912161
714.9,12.978743,4ef7a7ad-18f5-4edc-8181-d1957c45b67f,Neon Lamp,1792,nm,absorbance,707.9854440782531
715.093,11.267093,4ef7a7ad-18f5-4edc-8181-d1957c45b67f,Neon Lamp,1793,nm,absorbance,708.17701356529
715.286,11.912642,4ef7a7ad-18f5-4edc-8181-d1957c45b67f,Neon Lamp,1794,nm,absorbance,708.3685830523272
715.479,12.723202999999998,4ef7a7ad-18f5-4edc-8181-d1957c45b67f,Neon Lamp,1795,nm,absorbance,708.5601525393643
715.672,10.865498,4ef7a7ad-18f5-4edc-8181-d1957c45b67f,Neon Lamp,1796,nm,absorbance,708.7517220264012
715.864,8.62886,4ef7a7ad-18f5-4edc-8181-d1957c45b67f,Neon Lamp,1797,nm,absorbance,708.9422989254225
716.057,7.243406999999999,4ef7a7ad-18f5-4edc-8181-d1957c45b67f,Neon Lamp,1798,nm,absorbance,709.1338684124595
716.25,6.780116000000001,4ef7a7ad-18f5-4edc-8181-d1957c45b67f,Neon Lamp,1799,nm,absorbance,709.3254378994965
716.443,7.227183999999999,4ef7a7ad-18f5-4edc-8181-d1957c45b67f,Neon Lamp,1800,nm,absorbance,709.5170073865335
716.636,10.306225,4ef7a7ad-18f5-4edc-8181-d1957c45b67f,Neon Lamp,1801,nm,absorbance,709.7085768735705
716.828,17.835476000000003,4ef7a7ad-18f5-4edc-8181-d1957c45b67f,Neon Lamp,1802,nm,absorbance,709.8991537725918
717.021,20.837052,4ef7a7ad-18f5-4edc-8181-d1957c45b67f,Neon Lamp,1803,nm,absorbance,710.0907232596288
717.214,16.304588000000003,4ef7a7ad-18f5-4edc-8181-d1957c45b67f,Neon Lamp,1804,nm,absorbance,710.2822927466659
717.406,12.977176,4ef7a7ad-18f5-4edc-8181-d1957c45b67f,Neon Lamp,1805,nm,absorbance,710.4728696456871
717.599,15.48779,4ef7a7ad-18f5-4edc-8181-d1957c45b67f,Neon Lamp,1806,nm,absorbance,710.6644391327242
717.792,18.943341,4ef7a7ad-18f5-4edc-8181-d1957c45b67f,Neon Lamp,1807,nm,absorbance,710.8560086197612
717.984,18.356678,4ef7a7ad-18f5-4edc-8181-d1957c45b67f,Neon Lamp,1808,nm,absorbance,711.0465855187824
718.177,17.815518,4ef7a7ad-18f5-4edc-8181-d1957c45b67f,Neon Lamp,1809,nm,absorbance,711.2381550058195
718.37,15.19778,4ef7a7ad-18f5-4edc-8181-d1957c45b67f,Neon Lamp,1810,nm,absorbance,711.4297244928565
718.562,15.705192999999998,4ef7a7ad-18f5-4edc-8181-d1957c45b67f,Neon Lamp,1811,nm,absorbance,711.6203013918778
718.755,11.49277,4ef7a7ad-18f5-4edc-8181-d1957c45b67f,Neon Lamp,1812,nm,absorbance,711.8118708789148
718.947,13.402617,4ef7a7ad-18f5-4edc-8181-d1957c45b67f,Neon Lamp,1813,nm,absorbance,712.002447777936
719.14,10.212195,4ef7a7ad-18f5-4edc-8181-d1957c45b67f,Neon Lamp,1814,nm,absorbance,712.194017264973
719.333,11.457293,4ef7a7ad-18f5-4edc-8181-d1957c45b67f,Neon Lamp,1815,nm,absorbance,712.38558675201
719.525,10.496449,4ef7a7ad-18f5-4edc-8181-d1957c45b67f,Neon Lamp,1816,nm,absorbance,712.5761636510314
719.718,11.516139,4ef7a7ad-18f5-4edc-8181-d1957c45b67f,Neon Lamp,1817,nm,absorbance,712.7677331380684
719.91,14.260987999999998,4ef7a7ad-18f5-4edc-8181-d1957c45b67f,Neon Lamp,1818,nm,absorbance,712.9583100370896
720.103,12.838673999999996,4ef7a7ad-18f5-4edc-8181-d1957c45b67f,Neon Lamp,1819,nm,absorbance,713.1498795241266
720.295,11.190073000000002,4ef7a7ad-18f5-4edc-8181-d1957c45b67f,Neon Lamp,1820,nm,absorbance,713.3404564231479
720.487,8.539706,4ef7a7ad-18f5-4edc-8181-d1957c45b67f,Neon Lamp,1821,nm,absorbance,713.5310333221692
720.68,9.739507,4ef7a7ad-18f5-4edc-8181-d1957c45b67f,Neon Lamp,1822,nm,absorbance,713.7226028092063
720.872,9.716722999999998,4ef7a7ad-18f5-4edc-8181-d1957c45b67f,Neon Lamp,1823,nm,absorbance,713.9131797082275
721.065,7.849152999999999,4ef7a7ad-18f5-4edc-8181-d1957c45b67f,Neon Lamp,1824,nm,absorbance,714.1047491952646
721.257,6.857992,4ef7a7ad-18f5-4edc-8181-d1957c45b67f,Neon Lamp,1825,nm,absorbance,714.2953260942858
721.449,11.275285,4ef7a7ad-18f5-4edc-8181-d1957c45b67f,Neon Lamp,1826,nm,absorbance,714.485902993307
721.642,17.00595,4ef7a7ad-18f5-4edc-8181-d1957c45b67f,Neon Lamp,1827,nm,absorbance,714.6774724803441
721.834,17.527751000000002,4ef7a7ad-18f5-4edc-8181-d1957c45b67f,Neon Lamp,1828,nm,absorbance,714.8680493793653
722.026,16.184559999999998,4ef7a7ad-18f5-4edc-8181-d1957c45b67f,Neon Lamp,1829,nm,absorbance,715.0586262783867
722.219,13.512470000000002,4ef7a7ad-18f5-4edc-8181-d1957c45b67f,Neon Lamp,1830,nm,absorbance,715.2501957654238
722.411,11.918622,4ef7a7ad-18f5-4edc-8181-d1957c45b67f,Neon Lamp,1831,nm,absorbance,715.4407726644449
722.603,9.910377,4ef7a7ad-18f5-4edc-8181-d1957c45b67f,Neon Lamp,1832,nm,absorbance,715.6313495634662
722.796,8.091472,4ef7a7ad-18f5-4edc-8181-d1957c45b67f,Neon Lamp,1833,nm,absorbance,715.8229190505033
722.988,11.117316,4ef7a7ad-18f5-4edc-8181-d1957c45b67f,Neon Lamp,1834,nm,absorbance,716.0134959495246
723.18,13.731165,4ef7a7ad-18f5-4edc-8181-d1957c45b67f,Neon Lamp,1835,nm,absorbance,716.2040728485458
723.372,11.344896,4ef7a7ad-18f5-4edc-8181-d1957c45b67f,Neon Lamp,1836,nm,absorbance,716.3946497475671
723.565,8.706995000000001,4ef7a7ad-18f5-4edc-8181-d1957c45b67f,Neon Lamp,1837,nm,absorbance,716.5862192346042
723.757,11.304453999999998,4ef7a7ad-18f5-4edc-8181-d1957c45b67f,Neon Lamp,1838,nm,absorbance,716.7767961336253
723.949,12.894893,4ef7a7ad-18f5-4edc-8181-d1957c45b67f,Neon Lamp,1839,nm,absorbance,716.9673730326466
724.141,15.774001000000002,4ef7a7ad-18f5-4edc-8181-d1957c45b67f,Neon Lamp,1840,nm,absorbance,717.1579499316679
724.333,9.193817999999998,4ef7a7ad-18f5-4edc-8181-d1957c45b67f,Neon Lamp,1841,nm,absorbance,717.3485268306893
724.525,10.397990000000002,4ef7a7ad-18f5-4edc-8181-d1957c45b67f,Neon Lamp,1842,nm,absorbance,717.5391037297105
724.717,9.299161,4ef7a7ad-18f5-4edc-8181-d1957c45b67f,Neon Lamp,1843,nm,absorbance,717.7296806287318
724.91,9.889188000000004,4ef7a7ad-18f5-4edc-8181-d1957c45b67f,Neon Lamp,1844,nm,absorbance,717.9212501157688
725.102,5.5265830000000005,4ef7a7ad-18f5-4edc-8181-d1957c45b67f,Neon Lamp,1845,nm,absorbance,718.11182701479
725.294,3.052713,4ef7a7ad-18f5-4edc-8181-d1957c45b67f,Neon Lamp,1846,nm,absorbance,718.3024039138114
725.486,5.343594,4ef7a7ad-18f5-4edc-8181-d1957c45b67f,Neon Lamp,1847,nm,absorbance,718.4929808128327
725.678,4.147511,4ef7a7ad-18f5-4edc-8181-d1957c45b67f,Neon Lamp,1848,nm,absorbance,718.683557711854
725.87,5.349185,4ef7a7ad-18f5-4edc-8181-d1957c45b67f,Neon Lamp,1849,nm,absorbance,718.8741346108752
726.062,3.693299,4ef7a7ad-18f5-4edc-8181-d1957c45b67f,Neon Lamp,1850,nm,absorbance,719.0647115098965
726.254,7.663209,4ef7a7ad-18f5-4edc-8181-d1957c45b67f,Neon Lamp,1851,nm,absorbance,719.2552884089177
726.446,8.895228000000001,4ef7a7ad-18f5-4edc-8181-d1957c45b67f,Neon Lamp,1852,nm,absorbance,719.4458653079391
726.638,4.512787,4ef7a7ad-18f5-4edc-8181-d1957c45b67f,Neon Lamp,1853,nm,absorbance,719.6364422069604
726.83,5.498094,4ef7a7ad-18f5-4edc-8181-d1957c45b67f,Neon Lamp,1854,nm,absorbance,719.8270191059817
727.022,1.303811,4ef7a7ad-18f5-4edc-8181-d1957c45b67f,Neon Lamp,1855,nm,absorbance,720.0175960050029
727.213,6.494836000000001,4ef7a7ad-18f5-4edc-8181-d1957c45b67f,Neon Lamp,1856,nm,absorbance,720.2071803160084
727.405,5.476909999999999,4ef7a7ad-18f5-4edc-8181-d1957c45b67f,Neon Lamp,1857,nm,absorbance,720.3977572150297
727.597,6.031369000000001,4ef7a7ad-18f5-4edc-8181-d1957c45b67f,Neon Lamp,1858,nm,absorbance,720.588334114051
727.789,6.391002000000001,4ef7a7ad-18f5-4edc-8181-d1957c45b67f,Neon Lamp,1859,nm,absorbance,720.7789110130723
727.981,5.585656999999999,4ef7a7ad-18f5-4edc-8181-d1957c45b67f,Neon Lamp,1860,nm,absorbance,720.9694879120935
728.173,12.654637,4ef7a7ad-18f5-4edc-8181-d1957c45b67f,Neon Lamp,1861,nm,absorbance,721.1600648111148
728.365,10.532109,4ef7a7ad-18f5-4edc-8181-d1957c45b67f,Neon Lamp,1862,nm,absorbance,721.3506417101362
728.556,7.947944999999999,4ef7a7ad-18f5-4edc-8181-d1957c45b67f,Neon Lamp,1863,nm,absorbance,721.5402260211417
728.748,6.059879,4ef7a7ad-18f5-4edc-8181-d1957c45b67f,Neon Lamp,1864,nm,absorbance,721.730802920163
728.94,6.571825,4ef7a7ad-18f5-4edc-8181-d1957c45b67f,Neon Lamp,1865,nm,absorbance,721.9213798191843
729.132,8.348395,4ef7a7ad-18f5-4edc-8181-d1957c45b67f,Neon Lamp,1866,nm,absorbance,722.1119567182054
729.324,7.658971000000001,4ef7a7ad-18f5-4edc-8181-d1957c45b67f,Neon Lamp,1867,nm,absorbance,722.3025336172267
729.515,11.490797,4ef7a7ad-18f5-4edc-8181-d1957c45b67f,Neon Lamp,1868,nm,absorbance,722.4921179282323
729.707,12.265528,4ef7a7ad-18f5-4edc-8181-d1957c45b67f,Neon Lamp,1869,nm,absorbance,722.6826948272536
729.899,13.337273,4ef7a7ad-18f5-4edc-8181-d1957c45b67f,Neon Lamp,1870,nm,absorbance,722.8732717262749
730.09,11.141185000000002,4ef7a7ad-18f5-4edc-8181-d1957c45b67f,Neon Lamp,1871,nm,absorbance,723.0628560372804
730.282,8.427173,4ef7a7ad-18f5-4edc-8181-d1957c45b67f,Neon Lamp,1872,nm,absorbance,723.2534329363018
730.474,4.835967000000001,4ef7a7ad-18f5-4edc-8181-d1957c45b67f,Neon Lamp,1873,nm,absorbance,723.4440098353231
730.665,5.102999,4ef7a7ad-18f5-4edc-8181-d1957c45b67f,Neon Lamp,1874,nm,absorbance,723.6335941463285
730.857,10.575269000000002,4ef7a7ad-18f5-4edc-8181-d1957c45b67f,Neon Lamp,1875,nm,absorbance,723.8241710453498
731.049,15.454977999999995,4ef7a7ad-18f5-4edc-8181-d1957c45b67f,Neon Lamp,1876,nm,absorbance,724.014747944371
731.24,16.328589,4ef7a7ad-18f5-4edc-8181-d1957c45b67f,Neon Lamp,1877,nm,absorbance,724.2043322553767
731.432,15.661238,4ef7a7ad-18f5-4edc-8181-d1957c45b67f,Neon Lamp,1878,nm,absorbance,724.394909154398
731.623,12.974437,4ef7a7ad-18f5-4edc-8181-d1957c45b67f,Neon Lamp,1879,nm,absorbance,724.5844934654035
731.815,11.63251,4ef7a7ad-18f5-4edc-8181-d1957c45b67f,Neon Lamp,1880,nm,absorbance,724.7750703644248
732.006,8.844723000000002,4ef7a7ad-18f5-4edc-8181-d1957c45b67f,Neon Lamp,1881,nm,absorbance,724.9646546754302
732.198,7.416898999999999,4ef7a7ad-18f5-4edc-8181-d1957c45b67f,Neon Lamp,1882,nm,absorbance,725.1552315744516
732.389,4.662143,4ef7a7ad-18f5-4edc-8181-d1957c45b67f,Neon Lamp,1883,nm,absorbance,725.3448158854571
732.581,6.136137,4ef7a7ad-18f5-4edc-8181-d1957c45b67f,Neon Lamp,1884,nm,absorbance,725.5353927844784
732.772,6.892597,4ef7a7ad-18f5-4edc-8181-d1957c45b67f,Neon Lamp,1885,nm,absorbance,725.724977095484
732.964,7.977932,4ef7a7ad-18f5-4edc-8181-d1957c45b67f,Neon Lamp,1886,nm,absorbance,725.9155539945053
733.155,8.381319,4ef7a7ad-18f5-4edc-8181-d1957c45b67f,Neon Lamp,1887,nm,absorbance,726.1051383055108
733.347,6.911925999999999,4ef7a7ad-18f5-4edc-8181-d1957c45b67f,Neon Lamp,1888,nm,absorbance,726.295715204532
733.538,11.042086,4ef7a7ad-18f5-4edc-8181-d1957c45b67f,Neon Lamp,1889,nm,absorbance,726.4852995155376
733.729,15.69178,4ef7a7ad-18f5-4edc-8181-d1957c45b67f,Neon Lamp,1890,nm,absorbance,726.6748838265431
733.921,17.85228,4ef7a7ad-18f5-4edc-8181-d1957c45b67f,Neon Lamp,1891,nm,absorbance,726.8654607255645
734.112,13.618399,4ef7a7ad-18f5-4edc-8181-d1957c45b67f,Neon Lamp,1892,nm,absorbance,727.0550450365699
734.304,8.763167,4ef7a7ad-18f5-4edc-8181-d1957c45b67f,Neon Lamp,1893,nm,absorbance,727.2456219355912
734.495,7.189218000000001,4ef7a7ad-18f5-4edc-8181-d1957c45b67f,Neon Lamp,1894,nm,absorbance,727.4352062465967
734.686,8.299574999999999,4ef7a7ad-18f5-4edc-8181-d1957c45b67f,Neon Lamp,1895,nm,absorbance,727.6247905576024
734.877,8.711501000000002,4ef7a7ad-18f5-4edc-8181-d1957c45b67f,Neon Lamp,1896,nm,absorbance,727.8143748686078
735.069,4.78429,4ef7a7ad-18f5-4edc-8181-d1957c45b67f,Neon Lamp,1897,nm,absorbance,728.0049517676291
735.26,5.357532999999999,4ef7a7ad-18f5-4edc-8181-d1957c45b67f,Neon Lamp,1898,nm,absorbance,728.1945360786347
735.451,2.497875,4ef7a7ad-18f5-4edc-8181-d1957c45b67f,Neon Lamp,1899,nm,absorbance,728.3841203896402
735.643,8.400579,4ef7a7ad-18f5-4edc-8181-d1957c45b67f,Neon Lamp,1900,nm,absorbance,728.5746972886616
735.834,7.612691999999998,4ef7a7ad-18f5-4edc-8181-d1957c45b67f,Neon Lamp,1901,nm,absorbance,728.764281599667
736.025,9.026843,4ef7a7ad-18f5-4edc-8181-d1957c45b67f,Neon Lamp,1902,nm,absorbance,728.9538659106726
736.216,8.416162,4ef7a7ad-18f5-4edc-8181-d1957c45b67f,Neon Lamp,1903,nm,absorbance,729.1434502216781
736.407,10.769291,4ef7a7ad-18f5-4edc-8181-d1957c45b67f,Neon Lamp,1904,nm,absorbance,729.3330345326838
736.599,15.575966,4ef7a7ad-18f5-4edc-8181-d1957c45b67f,Neon Lamp,1905,nm,absorbance,729.523611431705
736.79,12.731398,4ef7a7ad-18f5-4edc-8181-d1957c45b67f,Neon Lamp,1906,nm,absorbance,729.7131957427105
736.981,11.211552,4ef7a7ad-18f5-4edc-8181-d1957c45b67f,Neon Lamp,1907,nm,absorbance,729.902780053716
737.172,8.78887,4ef7a7ad-18f5-4edc-8181-d1957c45b67f,Neon Lamp,1908,nm,absorbance,730.0923643647217
737.363,7.879476000000001,4ef7a7ad-18f5-4edc-8181-d1957c45b67f,Neon Lamp,1909,nm,absorbance,730.2819486757272
737.554,7.955325,4ef7a7ad-18f5-4edc-8181-d1957c45b67f,Neon Lamp,1910,nm,absorbance,730.4715329867327
737.745,10.589364,4ef7a7ad-18f5-4edc-8181-d1957c45b67f,Neon Lamp,1911,nm,absorbance,730.6611172977382
737.936,11.798301,4ef7a7ad-18f5-4edc-8181-d1957c45b67f,Neon Lamp,1912,nm,absorbance,730.8507016087439
738.127,11.091726,4ef7a7ad-18f5-4edc-8181-d1957c45b67f,Neon Lamp,1913,nm,absorbance,731.0402859197493
738.318,3.333211,4ef7a7ad-18f5-4edc-8181-d1957c45b67f,Neon Lamp,1914,nm,absorbance,731.2298702307548
738.509,4.059901,4ef7a7ad-18f5-4edc-8181-d1957c45b67f,Neon Lamp,1915,nm,absorbance,731.4194545417604
738.7,3.600593,4ef7a7ad-18f5-4edc-8181-d1957c45b67f,Neon Lamp,1916,nm,absorbance,731.609038852766
738.891,8.796223000000001,4ef7a7ad-18f5-4edc-8181-d1957c45b67f,Neon Lamp,1917,nm,absorbance,731.7986231637715
739.082,8.548577,4ef7a7ad-18f5-4edc-8181-d1957c45b67f,Neon Lamp,1918,nm,absorbance,731.988207474777
739.273,8.40124,4ef7a7ad-18f5-4edc-8181-d1957c45b67f,Neon Lamp,1919,nm,absorbance,732.1777917857826
739.464,7.834346999999999,4ef7a7ad-18f5-4edc-8181-d1957c45b67f,Neon Lamp,1920,nm,absorbance,732.3673760967882
739.655,7.404278000000001,4ef7a7ad-18f5-4edc-8181-d1957c45b67f,Neon Lamp,1921,nm,absorbance,732.5569604077937
739.846,4.503453,4ef7a7ad-18f5-4edc-8181-d1957c45b67f,Neon Lamp,1922,nm,absorbance,732.7465447187992
740.037,4.05013,4ef7a7ad-18f5-4edc-8181-d1957c45b67f,Neon Lamp,1923,nm,absorbance,732.9361290298048
740.228,4.167326,4ef7a7ad-18f5-4edc-8181-d1957c45b67f,Neon Lamp,1924,nm,absorbance,733.1257133408103
740.419,8.547521,4ef7a7ad-18f5-4edc-8181-d1957c45b67f,Neon Lamp,1925,nm,absorbance,733.3152976518159
740.609,4.968502,4ef7a7ad-18f5-4edc-8181-d1957c45b67f,Neon Lamp,1926,nm,absorbance,733.5038893748057
740.8,7.071212999999998,4ef7a7ad-18f5-4edc-8181-d1957c45b67f,Neon Lamp,1927,nm,absorbance,733.6934736858111
740.991,0.341154,4ef7a7ad-18f5-4edc-8181-d1957c45b67f,Neon Lamp,1928,nm,absorbance,733.8830579968168
741.182,1.246638,4ef7a7ad-18f5-4edc-8181-d1957c45b67f,Neon Lamp,1929,nm,absorbance,734.0726423078223
741.373,2.388044,4ef7a7ad-18f5-4edc-8181-d1957c45b67f,Neon Lamp,1930,nm,absorbance,734.2622266188279
741.563,7.182566,4ef7a7ad-18f5-4edc-8181-d1957c45b67f,Neon Lamp,1931,nm,absorbance,734.4508183418176
741.754,8.477166,4ef7a7ad-18f5-4edc-8181-d1957c45b67f,Neon Lamp,1932,nm,absorbance,734.6404026528232
741.945,10.260288999999997,4ef7a7ad-18f5-4edc-8181-d1957c45b67f,Neon Lamp,1933,nm,absorbance,734.8299869638288
742.136,11.6325,4ef7a7ad-18f5-4edc-8181-d1957c45b67f,Neon Lamp,1934,nm,absorbance,735.0195712748342
742.326,14.849276999999995,4ef7a7ad-18f5-4edc-8181-d1957c45b67f,Neon Lamp,1935,nm,absorbance,735.2081629978242
742.517,13.626171,4ef7a7ad-18f5-4edc-8181-d1957c45b67f,Neon Lamp,1936,nm,absorbance,735.3977473088297
742.708,10.816345000000002,4ef7a7ad-18f5-4edc-8181-d1957c45b67f,Neon Lamp,1937,nm,absorbance,735.5873316198351
742.898,9.08574,4ef7a7ad-18f5-4edc-8181-d1957c45b67f,Neon Lamp,1938,nm,absorbance,735.775923342825
743.089,6.434577999999999,4ef7a7ad-18f5-4edc-8181-d1957c45b67f,Neon Lamp,1939,nm,absorbance,735.9655076538306
743.28,5.704887,4ef7a7ad-18f5-4edc-8181-d1957c45b67f,Neon Lamp,1940,nm,absorbance,736.1550919648361
743.47,3.732476000000001,4ef7a7ad-18f5-4edc-8181-d1957c45b67f,Neon Lamp,1941,nm,absorbance,736.3436836878259
743.661,5.828006,4ef7a7ad-18f5-4edc-8181-d1957c45b67f,Neon Lamp,1942,nm,absorbance,736.5332679988313
743.851,13.211802,4ef7a7ad-18f5-4edc-8181-d1957c45b67f,Neon Lamp,1943,nm,absorbance,736.7218597218213
744.042,12.932279,4ef7a7ad-18f5-4edc-8181-d1957c45b67f,Neon Lamp,1944,nm,absorbance,736.9114440328268
744.233,14.574845,4ef7a7ad-18f5-4edc-8181-d1957c45b67f,Neon Lamp,1945,nm,absorbance,737.1010283438322
744.423,11.333451,4ef7a7ad-18f5-4edc-8181-d1957c45b67f,Neon Lamp,1946,nm,absorbance,737.2896200668222
744.614,11.746441999999998,4ef7a7ad-18f5-4edc-8181-d1957c45b67f,Neon Lamp,1947,nm,absorbance,737.4792043778277
744.804,9.014847,4ef7a7ad-18f5-4edc-8181-d1957c45b67f,Neon Lamp,1948,nm,absorbance,737.6677961008174
744.995,8.157064000000002,4ef7a7ad-18f5-4edc-8181-d1957c45b67f,Neon Lamp,1949,nm,absorbance,737.857380411823
745.185,14.263388,4ef7a7ad-18f5-4edc-8181-d1957c45b67f,Neon Lamp,1950,nm,absorbance,738.0459721348128
745.376,12.703311,4ef7a7ad-18f5-4edc-8181-d1957c45b67f,Neon Lamp,1951,nm,absorbance,738.2355564458184
745.566,14.650304,4ef7a7ad-18f5-4edc-8181-d1957c45b67f,Neon Lamp,1952,nm,absorbance,738.4241481688082
745.756,7.201735000000001,4ef7a7ad-18f5-4edc-8181-d1957c45b67f,Neon Lamp,1953,nm,absorbance,738.612739891798
745.947,7.427646,4ef7a7ad-18f5-4edc-8181-d1957c45b67f,Neon Lamp,1954,nm,absorbance,738.8023242028036
746.137,6.635453,4ef7a7ad-18f5-4edc-8181-d1957c45b67f,Neon Lamp,1955,nm,absorbance,738.9909159257933
746.328,5.146003000000001,4ef7a7ad-18f5-4edc-8181-d1957c45b67f,Neon Lamp,1956,nm,absorbance,739.1805002367988
746.518,6.679933,4ef7a7ad-18f5-4edc-8181-d1957c45b67f,Neon Lamp,1957,nm,absorbance,739.3690919597888
746.708,5.513357000000001,4ef7a7ad-18f5-4edc-8181-d1957c45b67f,Neon Lamp,1958,nm,absorbance,739.5576836827785
746.899,8.876391,4ef7a7ad-18f5-4edc-8181-d1957c45b67f,Neon Lamp,1959,nm,absorbance,739.747267993784
747.089,11.881342,4ef7a7ad-18f5-4edc-8181-d1957c45b67f,Neon Lamp,1960,nm,absorbance,739.935859716774
747.279,10.62214,4ef7a7ad-18f5-4edc-8181-d1957c45b67f,Neon Lamp,1961,nm,absorbance,740.1244514397637
747.47,16.651242,4ef7a7ad-18f5-4edc-8181-d1957c45b67f,Neon Lamp,1962,nm,absorbance,740.3140357507692
747.66,14.851855999999998,4ef7a7ad-18f5-4edc-8181-d1957c45b67f,Neon Lamp,1963,nm,absorbance,740.502627473759
747.85,15.252362,4ef7a7ad-18f5-4edc-8181-d1957c45b67f,Neon Lamp,1964,nm,absorbance,740.6912191967489
748.04,8.724613999999999,4ef7a7ad-18f5-4edc-8181-d1957c45b67f,Neon Lamp,1965,nm,absorbance,740.8798109197386
748.231,8.426626,4ef7a7ad-18f5-4edc-8181-d1957c45b67f,Neon Lamp,1966,nm,absorbance,741.0693952307441
748.421,10.425106,4ef7a7ad-18f5-4edc-8181-d1957c45b67f,Neon Lamp,1967,nm,absorbance,741.2579869537341
748.611,15.472821,4ef7a7ad-18f5-4edc-8181-d1957c45b67f,Neon Lamp,1968,nm,absorbance,741.4465786767238
748.801,15.945106999999997,4ef7a7ad-18f5-4edc-8181-d1957c45b67f,Neon Lamp,1969,nm,absorbance,741.6351703997136
748.991,14.028423000000004,4ef7a7ad-18f5-4edc-8181-d1957c45b67f,Neon Lamp,1970,nm,absorbance,741.8237621227034
749.182,5.729182,4ef7a7ad-18f5-4edc-8181-d1957c45b67f,Neon Lamp,1971,nm,absorbance,742.013346433709
749.372,1.869357,4ef7a7ad-18f5-4edc-8181-d1957c45b67f,Neon Lamp,1972,nm,absorbance,742.2019381566987
749.562,5.443165999999999,4ef7a7ad-18f5-4edc-8181-d1957c45b67f,Neon Lamp,1973,nm,absorbance,742.3905298796886
749.752,10.405287,4ef7a7ad-18f5-4edc-8181-d1957c45b67f,Neon Lamp,1974,nm,absorbance,742.5791216026784
749.942,10.017669,4ef7a7ad-18f5-4edc-8181-d1957c45b67f,Neon Lamp,1975,nm,absorbance,742.7677133256682
750.132,3.4067510000000008,4ef7a7ad-18f5-4edc-8181-d1957c45b67f,Neon Lamp,1976,nm,absorbance,742.9563050486579
750.322,1.650942,4ef7a7ad-18f5-4edc-8181-d1957c45b67f,Neon Lamp,1977,nm,absorbance,743.1448967716478
750.512,-0.03709,4ef7a7ad-18f5-4edc-8181-d1957c45b67f,Neon Lamp,1978,nm,absorbance,743.3334884946375
750.702,3.7008100000000006,4ef7a7ad-18f5-4edc-8181-d1957c45b67f,Neon Lamp,1979,nm,absorbance,743.5220802176274
750.892,5.982176,4ef7a7ad-18f5-4edc-8181-d1957c45b67f,Neon Lamp,1980,nm,absorbance,743.7106719406173
751.082,11.693246,4ef7a7ad-18f5-4edc-8181-d1957c45b67f,Neon Lamp,1981,nm,absorbance,743.899263663607
751.272,13.737424,4ef7a7ad-18f5-4edc-8181-d1957c45b67f,Neon Lamp,1982,nm,absorbance,744.0878553865969
751.462,12.756502,4ef7a7ad-18f5-4edc-8181-d1957c45b67f,Neon Lamp,1983,nm,absorbance,744.2764471095867
751.652,16.303331,4ef7a7ad-18f5-4edc-8181-d1957c45b67f,Neon Lamp,1984,nm,absorbance,744.4650388325765
751.842,13.770605999999995,4ef7a7ad-18f5-4edc-8181-d1957c45b67f,Neon Lamp,1985,nm,absorbance,744.6536305555662
752.032,16.319007,4ef7a7ad-18f5-4edc-8181-d1957c45b67f,Neon Lamp,1986,nm,absorbance,744.8422222785562
752.222,12.610585,4ef7a7ad-18f5-4edc-8181-d1957c45b67f,Neon Lamp,1987,nm,absorbance,745.0308140015459
752.412,12.641942000000002,4ef7a7ad-18f5-4edc-8181-d1957c45b67f,Neon Lamp,1988,nm,absorbance,745.2194057245357
752.602,11.139917,4ef7a7ad-18f5-4edc-8181-d1957c45b67f,Neon Lamp,1989,nm,absorbance,745.4079974475255
752.792,12.663783999999998,4ef7a7ad-18f5-4edc-8181-d1957c45b67f,Neon Lamp,1990,nm,absorbance,745.5965891705154
752.981,12.540072,4ef7a7ad-18f5-4edc-8181-d1957c45b67f,Neon Lamp,1991,nm,absorbance,745.7841883054894
753.171,13.225593,4ef7a7ad-18f5-4edc-8181-d1957c45b67f,Neon Lamp,1992,nm,absorbance,745.9727800284793
753.361,11.898239,4ef7a7ad-18f5-4edc-8181-d1957c45b67f,Neon Lamp,1993,nm,absorbance,746.161371751469
753.551,12.756330000000002,4ef7a7ad-18f5-4edc-8181-d1957c45b67f,Neon Lamp,1994,nm,absorbance,746.3499634744588
753.741,10.939433,4ef7a7ad-18f5-4edc-8181-d1957c45b67f,Neon Lamp,1995,nm,absorbance,746.5385551974487
753.93,12.82115,4ef7a7ad-18f5-4edc-8181-d1957c45b67f,Neon Lamp,1996,nm,absorbance,746.7261543324227
754.12,12.051711,4ef7a7ad-18f5-4edc-8181-d1957c45b67f,Neon Lamp,1997,nm,absorbance,746.9147460554125
754.31,15.820073000000002,4ef7a7ad-18f5-4edc-8181-d1957c45b67f,Neon Lamp,1998,nm,absorbance,747.1033377784023
754.5,15.723355000000002,4ef7a7ad-18f5-4edc-8181-d1957c45b67f,Neon Lamp,1999,nm,absorbance,747.2919295013921
754.689,18.951423,4ef7a7ad-18f5-4edc-8181-d1957c45b67f,Neon Lamp,2000,nm,absorbance,747.4795286363661
754.879,17.004185,4ef7a7ad-18f5-4edc-8181-d1957c45b67f,Neon Lamp,2001,nm,absorbance,747.6681203593561
755.069,15.865968,4ef7a7ad-18f5-4edc-8181-d1957c45b67f,Neon Lamp,2002,nm,absorbance,747.8567120823458
755.258,14.235123000000002,4ef7a7ad-18f5-4edc-8181-d1957c45b67f,Neon Lamp,2003,nm,absorbance,748.0443112173199
755.448,9.72525,4ef7a7ad-18f5-4edc-8181-d1957c45b67f,Neon Lamp,2004,nm,absorbance,748.2329029403097
755.638,11.214326,4ef7a7ad-18f5-4edc-8181-d1957c45b67f,Neon Lamp,2005,nm,absorbance,748.4214946632995
755.827,9.490345,4ef7a7ad-18f5-4edc-8181-d1957c45b67f,Neon Lamp,2006,nm,absorbance,748.6090937982735
756.017,13.104934,4ef7a7ad-18f5-4edc-8181-d1957c45b67f,Neon Lamp,2007,nm,absorbance,748.7976855212635
756.206,12.008047,4ef7a7ad-18f5-4edc-8181-d1957c45b67f,Neon Lamp,2008,nm,absorbance,748.9852846562375
756.396,15.928487,4ef7a7ad-18f5-4edc-8181-d1957c45b67f,Neon Lamp,2009,nm,absorbance,749.1738763792272
756.586,16.672929,4ef7a7ad-18f5-4edc-8181-d1957c45b67f,Neon Lamp,2010,nm,absorbance,749.3624681022171
756.775,13.316185,4ef7a7ad-18f5-4edc-8181-d1957c45b67f,Neon Lamp,2011,nm,absorbance,749.5500672371911
756.965,9.688139,4ef7a7ad-18f5-4edc-8181-d1957c45b67f,Neon Lamp,2012,nm,absorbance,749.7386589601809
757.154,5.850744000000001,4ef7a7ad-18f5-4edc-8181-d1957c45b67f,Neon Lamp,2013,nm,absorbance,749.926258095155
757.344,5.222092,4ef7a7ad-18f5-4edc-8181-d1957c45b67f,Neon Lamp,2014,nm,absorbance,750.1148498181449
757.533,7.693498000000001,4ef7a7ad-18f5-4edc-8181-d1957c45b67f,Neon Lamp,2015,nm,absorbance,750.3024489531189
757.723,7.869463999999999,4ef7a7ad-18f5-4edc-8181-d1957c45b67f,Neon Lamp,2016,nm,absorbance,750.4910406761087
757.912,8.146345,4ef7a7ad-18f5-4edc-8181-d1957c45b67f,Neon Lamp,2017,nm,absorbance,750.6786398110828
758.101,7.101236,4ef7a7ad-18f5-4edc-8181-d1957c45b67f,Neon Lamp,2018,nm,absorbance,750.8662389460569
758.291,6.032268,4ef7a7ad-18f5-4edc-8181-d1957c45b67f,Neon Lamp,2019,nm,absorbance,751.0548306690467
758.48,8.389176,4ef7a7ad-18f5-4edc-8181-d1957c45b67f,Neon Lamp,2020,nm,absorbance,751.2424298040207
758.67,8.779487,4ef7a7ad-18f5-4edc-8181-d1957c45b67f,Neon Lamp,2021,nm,absorbance,751.4310215270106
758.859,12.765323000000002,4ef7a7ad-18f5-4edc-8181-d1957c45b67f,Neon Lamp,2022,nm,absorbance,751.6186206619847
759.048,13.520693,4ef7a7ad-18f5-4edc-8181-d1957c45b67f,Neon Lamp,2023,nm,absorbance,751.8062197969587
759.238,12.923791,4ef7a7ad-18f5-4edc-8181-d1957c45b67f,Neon Lamp,2024,nm,absorbance,751.9948115199486
759.427,5.862647000000001,4ef7a7ad-18f5-4edc-8181-d1957c45b67f,Neon Lamp,2025,nm,absorbance,752.1824106549226
759.616,-0.0947659999999999,4ef7a7ad-18f5-4edc-8181-d1957c45b67f,Neon Lamp,2026,nm,absorbance,752.3700097898966
759.806,0.041788,4ef7a7ad-18f5-4edc-8181-d1957c45b67f,Neon Lamp,2027,nm,absorbance,752.5586015128865
759.995,9.715782,4ef7a7ad-18f5-4edc-8181-d1957c45b67f,Neon Lamp,2028,nm,absorbance,752.7462006478605
760.184,13.402161,4ef7a7ad-18f5-4edc-8181-d1957c45b67f,Neon Lamp,2029,nm,absorbance,752.9337997828345
760.373,12.050156,4ef7a7ad-18f5-4edc-8181-d1957c45b67f,Neon Lamp,2030,nm,absorbance,753.1213989178087
760.563,7.432937000000001,4ef7a7ad-18f5-4edc-8181-d1957c45b67f,Neon Lamp,2031,nm,absorbance,753.3099906407984
760.752,9.415171,4ef7a7ad-18f5-4edc-8181-d1957c45b67f,Neon Lamp,2032,nm,absorbance,753.4975897757726
760.941,9.910508,4ef7a7ad-18f5-4edc-8181-d1957c45b67f,Neon Lamp,2033,nm,absorbance,753.6851889107467
761.13,10.005517,4ef7a7ad-18f5-4edc-8181-d1957c45b67f,Neon Lamp,2034,nm,absorbance,753.8727880457207
761.319,7.589244000000001,4ef7a7ad-18f5-4edc-8181-d1957c45b67f,Neon Lamp,2035,nm,absorbance,754.0603871806948
761.509,7.99422,4ef7a7ad-18f5-4edc-8181-d1957c45b67f,Neon Lamp,2036,nm,absorbance,754.2489789036846
761.698,8.58027,4ef7a7ad-18f5-4edc-8181-d1957c45b67f,Neon Lamp,2037,nm,absorbance,754.4365780386586
761.887,11.570617000000002,4ef7a7ad-18f5-4edc-8181-d1957c45b67f,Neon Lamp,2038,nm,absorbance,754.6241771736327
762.076,10.418807,4ef7a7ad-18f5-4edc-8181-d1957c45b67f,Neon Lamp,2039,nm,absorbance,754.8117763086068
762.265,13.670117,4ef7a7ad-18f5-4edc-8181-d1957c45b67f,Neon Lamp,2040,nm,absorbance,754.9993754435809
762.454,10.168162,4ef7a7ad-18f5-4edc-8181-d1957c45b67f,Neon Lamp,2041,nm,absorbance,755.1869745785549
762.643,12.63278,4ef7a7ad-18f5-4edc-8181-d1957c45b67f,Neon Lamp,2042,nm,absorbance,755.374573713529
762.832,12.178639,4ef7a7ad-18f5-4edc-8181-d1957c45b67f,Neon Lamp,2043,nm,absorbance,755.5621728485031
763.021,16.008255,4ef7a7ad-18f5-4edc-8181-d1957c45b67f,Neon Lamp,2044,nm,absorbance,755.7497719834771
763.21,12.276027,4ef7a7ad-18f5-4edc-8181-d1957c45b67f,Neon Lamp,2045,nm,absorbance,755.9373711184512
763.399,14.201206,4ef7a7ad-18f5-4edc-8181-d1957c45b67f,Neon Lamp,2046,nm,absorbance,756.1249702534253
763.588,12.337808,4ef7a7ad-18f5-4edc-8181-d1957c45b67f,Neon Lamp,2047,nm,absorbance,756.3125693883993
763.777,13.04496,4ef7a7ad-18f5-4edc-8181-d1957c45b67f,Neon Lamp,2048,nm,absorbance,756.5001685233735
763.966,9.040043,4ef7a7ad-18f5-4edc-8181-d1957c45b67f,Neon Lamp,2049,nm,absorbance,756.6877676583475
764.155,7.738452,4ef7a7ad-18f5-4edc-8181-d1957c45b67f,Neon Lamp,2050,nm,absorbance,756.8753667933215
764.344,10.876337,4ef7a7ad-18f5-4edc-8181-d1957c45b67f,Neon Lamp,2051,nm,absorbance,757.0629659282957
764.533,11.261123,4ef7a7ad-18f5-4edc-8181-d1957c45b67f,Neon Lamp,2052,nm,absorbance,757.2505650632697
764.722,6.69243,4ef7a7ad-18f5-4edc-8181-d1957c45b67f,Neon Lamp,2053,nm,absorbance,757.4381641982438
764.911,6.488990999999999,4ef7a7ad-18f5-4edc-8181-d1957c45b67f,Neon Lamp,2054,nm,absorbance,757.6257633332178
765.1,3.418440999999999,4ef7a7ad-18f5-4edc-8181-d1957c45b67f,Neon Lamp,2055,nm,absorbance,757.8133624681919
765.288,11.151298,4ef7a7ad-18f5-4edc-8181-d1957c45b67f,Neon Lamp,2056,nm,absorbance,757.9999690151503
765.477,6.369373999999999,4ef7a7ad-18f5-4edc-8181-d1957c45b67f,Neon Lamp,2057,nm,absorbance,758.1875681501243
765.666,12.465242,4ef7a7ad-18f5-4edc-8181-d1957c45b67f,Neon Lamp,2058,nm,absorbance,758.3751672850985
765.855,10.315262,4ef7a7ad-18f5-4edc-8181-d1957c45b67f,Neon Lamp,2059,nm,absorbance,758.5627664200725
766.044,15.361462,4ef7a7ad-18f5-4edc-8181-d1957c45b67f,Neon Lamp,2060,nm,absorbance,758.7503655550465
766.232,13.395737,4ef7a7ad-18f5-4edc-8181-d1957c45b67f,Neon Lamp,2061,nm,absorbance,758.9369721020049
766.421,10.827596,4ef7a7ad-18f5-4edc-8181-d1957c45b67f,Neon Lamp,2062,nm,absorbance,759.124571236979
766.61,12.589849,4ef7a7ad-18f5-4edc-8181-d1957c45b67f,Neon Lamp,2063,nm,absorbance,759.3121703719531
766.799,12.210784,4ef7a7ad-18f5-4edc-8181-d1957c45b67f,Neon Lamp,2064,nm,absorbance,759.4997695069271
766.987,14.984272,4ef7a7ad-18f5-4edc-8181-d1957c45b67f,Neon Lamp,2065,nm,absorbance,759.6863760538854
767.176,10.649954,4ef7a7ad-18f5-4edc-8181-d1957c45b67f,Neon Lamp,2066,nm,absorbance,759.8739751888596
767.365,8.114589,4ef7a7ad-18f5-4edc-8181-d1957c45b67f,Neon Lamp,2067,nm,absorbance,760.0615743238336
767.553,8.219449999999998,4ef7a7ad-18f5-4edc-8181-d1957c45b67f,Neon Lamp,2068,nm,absorbance,760.248180870792
767.742,6.791318000000001,4ef7a7ad-18f5-4edc-8181-d1957c45b67f,Neon Lamp,2069,nm,absorbance,760.435780005766
767.931,13.623017,4ef7a7ad-18f5-4edc-8181-d1957c45b67f,Neon Lamp,2070,nm,absorbance,760.6233791407401
768.119,10.046923,4ef7a7ad-18f5-4edc-8181-d1957c45b67f,Neon Lamp,2071,nm,absorbance,760.8099856876985
768.308,15.360684,4ef7a7ad-18f5-4edc-8181-d1957c45b67f,Neon Lamp,2072,nm,absorbance,760.9975848226725
768.497,11.689106,4ef7a7ad-18f5-4edc-8181-d1957c45b67f,Neon Lamp,2073,nm,absorbance,761.1851839576466
768.685,13.057557999999997,4ef7a7ad-18f5-4edc-8181-d1957c45b67f,Neon Lamp,2074,nm,absorbance,761.3717905046049
768.874,8.907554,4ef7a7ad-18f5-4edc-8181-d1957c45b67f,Neon Lamp,2075,nm,absorbance,761.559389639579
769.062,2.465428,4ef7a7ad-18f5-4edc-8181-d1957c45b67f,Neon Lamp,2076,nm,absorbance,761.7459961865374
769.251,4.248696,4ef7a7ad-18f5-4edc-8181-d1957c45b67f,Neon Lamp,2077,nm,absorbance,761.9335953215113
769.439,3.495771,4ef7a7ad-18f5-4edc-8181-d1957c45b67f,Neon Lamp,2078,nm,absorbance,762.1202018684697
769.628,9.6492,4ef7a7ad-18f5-4edc-8181-d1957c45b67f,Neon Lamp,2079,nm,absorbance,762.3078010034438
769.816,7.764981999999999,4ef7a7ad-18f5-4edc-8181-d1957c45b67f,Neon Lamp,2080,nm,absorbance,762.4944075504022
770.005,6.989058999999999,4ef7a7ad-18f5-4edc-8181-d1957c45b67f,Neon Lamp,2081,nm,absorbance,762.6820066853762
770.193,7.133672,4ef7a7ad-18f5-4edc-8181-d1957c45b67f,Neon Lamp,2082,nm,absorbance,762.8686132323345
770.382,7.518989,4ef7a7ad-18f5-4edc-8181-d1957c45b67f,Neon Lamp,2083,nm,absorbance,763.0562123673086
770.57,8.151554,4ef7a7ad-18f5-4edc-8181-d1957c45b67f,Neon Lamp,2084,nm,absorbance,763.242818914267
770.758,11.278105,4ef7a7ad-18f5-4edc-8181-d1957c45b67f,Neon Lamp,2085,nm,absorbance,763.4294254612254
770.947,8.383709,4ef7a7ad-18f5-4edc-8181-d1957c45b67f,Neon Lamp,2086,nm,absorbance,763.6170245961994
771.135,10.293261,4ef7a7ad-18f5-4edc-8181-d1957c45b67f,Neon Lamp,2087,nm,absorbance,763.8036311431576
771.323,4.297734,4ef7a7ad-18f5-4edc-8181-d1957c45b67f,Neon Lamp,2088,nm,absorbance,763.990237690116
771.512,11.284392999999998,4ef7a7ad-18f5-4edc-8181-d1957c45b67f,Neon Lamp,2089,nm,absorbance,764.17783682509
771.7,6.269392000000001,4ef7a7ad-18f5-4edc-8181-d1957c45b67f,Neon Lamp,2090,nm,absorbance,764.3644433720485
771.888,3.837454,4ef7a7ad-18f5-4edc-8181-d1957c45b67f,Neon Lamp,2091,nm,absorbance,764.5510499190068
772.077,1.410942,4ef7a7ad-18f5-4edc-8181-d1957c45b67f,Neon Lamp,2092,nm,absorbance,764.7386490539809
772.265,5.627771999999999,4ef7a7ad-18f5-4edc-8181-d1957c45b67f,Neon Lamp,2093,nm,absorbance,764.9252556009392
772.453,6.996803000000002,4ef7a7ad-18f5-4edc-8181-d1957c45b67f,Neon Lamp,2094,nm,absorbance,765.1118621478976
772.642,3.968439,4ef7a7ad-18f5-4edc-8181-d1957c45b67f,Neon Lamp,2095,nm,absorbance,765.2994612828717
772.83,3.632528,4ef7a7ad-18f5-4edc-8181-d1957c45b67f,Neon Lamp,2096,nm,absorbance,765.48606782983
773.018,2.501697,4ef7a7ad-18f5-4edc-8181-d1957c45b67f,Neon Lamp,2097,nm,absorbance,765.6726743767883
773.206,7.371898,4ef7a7ad-18f5-4edc-8181-d1957c45b67f,Neon Lamp,2098,nm,absorbance,765.8592809237466
773.394,8.427978,4ef7a7ad-18f5-4edc-8181-d1957c45b67f,Neon Lamp,2099,nm,absorbance,766.045887470705
773.583,13.168649000000002,4ef7a7ad-18f5-4edc-8181-d1957c45b67f,Neon Lamp,2100,nm,absorbance,766.233486605679
773.771,7.698542999999999,4ef7a7ad-18f5-4edc-8181-d1957c45b67f,Neon Lamp,2101,nm,absorbance,766.4200931526374
773.959,8.139495,4ef7a7ad-18f5-4edc-8181-d1957c45b67f,Neon Lamp,2102,nm,absorbance,766.6066996995957
774.147,3.2196920000000007,4ef7a7ad-18f5-4edc-8181-d1957c45b67f,Neon Lamp,2103,nm,absorbance,766.793306246554
774.335,2.349365,4ef7a7ad-18f5-4edc-8181-d1957c45b67f,Neon Lamp,2104,nm,absorbance,766.9799127935124
774.523,2.537447,4ef7a7ad-18f5-4edc-8181-d1957c45b67f,Neon Lamp,2105,nm,absorbance,767.1665193404707
774.711,7.355548999999999,4ef7a7ad-18f5-4edc-8181-d1957c45b67f,Neon Lamp,2106,nm,absorbance,767.3531258874291
774.899,6.065319,4ef7a7ad-18f5-4edc-8181-d1957c45b67f,Neon Lamp,2107,nm,absorbance,767.5397324343874
775.087,6.584107,4ef7a7ad-18f5-4edc-8181-d1957c45b67f,Neon Lamp,2108,nm,absorbance,767.7263389813457
775.275,4.861687999999999,4ef7a7ad-18f5-4edc-8181-d1957c45b67f,Neon Lamp,2109,nm,absorbance,767.912945528304
775.463,14.864738999999997,4ef7a7ad-18f5-4edc-8181-d1957c45b67f,Neon Lamp,2110,nm,absorbance,768.0995520752624
775.651,13.929175,4ef7a7ad-18f5-4edc-8181-d1957c45b67f,Neon Lamp,2111,nm,absorbance,768.2861586222207
775.839,13.904029,4ef7a7ad-18f5-4edc-8181-d1957c45b67f,Neon Lamp,2112,nm,absorbance,768.4727651691791
776.027,8.933841999999999,4ef7a7ad-18f5-4edc-8181-d1957c45b67f,Neon Lamp,2113,nm,absorbance,768.6593717161375
776.215,10.193642,4ef7a7ad-18f5-4edc-8181-d1957c45b67f,Neon Lamp,2114,nm,absorbance,768.8459782630957
776.403,9.407049,4ef7a7ad-18f5-4edc-8181-d1957c45b67f,Neon Lamp,2115,nm,absorbance,769.0325848100541
776.591,8.448685000000001,4ef7a7ad-18f5-4edc-8181-d1957c45b67f,Neon Lamp,2116,nm,absorbance,769.2191913570124
776.779,4.571388,4ef7a7ad-18f5-4edc-8181-d1957c45b67f,Neon Lamp,2117,nm,absorbance,769.4057979039708
776.967,5.120172,4ef7a7ad-18f5-4edc-8181-d1957c45b67f,Neon Lamp,2118,nm,absorbance,769.592404450929
777.155,4.451124999999999,4ef7a7ad-18f5-4edc-8181-d1957c45b67f,Neon Lamp,2119,nm,absorbance,769.7790109978874
777.343,14.757384000000002,4ef7a7ad-18f5-4edc-8181-d1957c45b67f,Neon Lamp,2120,nm,absorbance,769.9656175448457
777.531,11.543038,4ef7a7ad-18f5-4edc-8181-d1957c45b67f,Neon Lamp,2121,nm,absorbance,770.1522240918041
777.718,13.617603,4ef7a7ad-18f5-4edc-8181-d1957c45b67f,Neon Lamp,2122,nm,absorbance,770.3378380507467
777.906,3.757757,4ef7a7ad-18f5-4edc-8181-d1957c45b67f,Neon Lamp,2123,nm,absorbance,770.5244445977049
778.094,7.06318,4ef7a7ad-18f5-4edc-8181-d1957c45b67f,Neon Lamp,2124,nm,absorbance,770.7110511446634
778.282,4.164126,4ef7a7ad-18f5-4edc-8181-d1957c45b67f,Neon Lamp,2125,nm,absorbance,770.8976576916217
778.47,7.409017,4ef7a7ad-18f5-4edc-8181-d1957c45b67f,Neon Lamp,2126,nm,absorbance,771.0842642385801
778.657,12.685255,4ef7a7ad-18f5-4edc-8181-d1957c45b67f,Neon Lamp,2127,nm,absorbance,771.2698781975226
778.845,18.144429,4ef7a7ad-18f5-4edc-8181-d1957c45b67f,Neon Lamp,2128,nm,absorbance,771.456484744481
779.033,24.03038,4ef7a7ad-18f5-4edc-8181-d1957c45b67f,Neon Lamp,2129,nm,absorbance,771.6430912914393
779.22,21.235966999999995,4ef7a7ad-18f5-4edc-8181-d1957c45b67f,Neon Lamp,2130,nm,absorbance,771.828705250382
779.408,24.588264,4ef7a7ad-18f5-4edc-8181-d1957c45b67f,Neon Lamp,2131,nm,absorbance,772.0153117973402
779.596,23.141135,4ef7a7ad-18f5-4edc-8181-d1957c45b67f,Neon Lamp,2132,nm,absorbance,772.2019183442986
779.783,28.407125,4ef7a7ad-18f5-4edc-8181-d1957c45b67f,Neon Lamp,2133,nm,absorbance,772.3875323032412
779.971,31.416522,4ef7a7ad-18f5-4edc-8181-d1957c45b67f,Neon Lamp,2134,nm,absorbance,772.5741388501996
780.159,35.37722899999999,4ef7a7ad-18f5-4edc-8181-d1957c45b67f,Neon Lamp,2135,nm,absorbance,772.7607453971578
780.346,40.046436,4ef7a7ad-18f5-4edc-8181-d1957c45b67f,Neon Lamp,2136,nm,absorbance,772.9463593561005
780.534,41.678142,4ef7a7ad-18f5-4edc-8181-d1957c45b67f,Neon Lamp,2137,nm,absorbance,773.1329659030588
780.722,45.102379,4ef7a7ad-18f5-4edc-8181-d1957c45b67f,Neon Lamp,2138,nm,absorbance,773.3195724500172
780.909,46.194069,4ef7a7ad-18f5-4edc-8181-d1957c45b67f,Neon Lamp,2139,nm,absorbance,773.5051864089597
781.097,44.55042300000001,4ef7a7ad-18f5-4edc-8181-d1957c45b67f,Neon Lamp,2140,nm,absorbance,773.691792955918
781.284,43.505197,4ef7a7ad-18f5-4edc-8181-d1957c45b67f,Neon Lamp,2141,nm,absorbance,773.8774069148607
781.472,45.085954,4ef7a7ad-18f5-4edc-8181-d1957c45b67f,Neon Lamp,2142,nm,absorbance,774.064013461819
781.659,52.868435,4ef7a7ad-18f5-4edc-8181-d1957c45b67f,Neon Lamp,2143,nm,absorbance,774.2496274207616
781.847,54.977273,4ef7a7ad-18f5-4edc-8181-d1957c45b67f,Neon Lamp,2144,nm,absorbance,774.4362339677199
782.034,51.117432,4ef7a7ad-18f5-4edc-8181-d1957c45b67f,Neon Lamp,2145,nm,absorbance,774.6218479266626
782.222,47.801395,4ef7a7ad-18f5-4edc-8181-d1957c45b67f,Neon Lamp,2146,nm,absorbance,774.8084544736208
782.409,47.429763,4ef7a7ad-18f5-4edc-8181-d1957c45b67f,Neon Lamp,2147,nm,absorbance,774.9940684325635
782.597,48.499224,4ef7a7ad-18f5-4edc-8181-d1957c45b67f,Neon Lamp,2148,nm,absorbance,775.1806749795218
782.784,46.511589,4ef7a7ad-18f5-4edc-8181-d1957c45b67f,Neon Lamp,2149,nm,absorbance,775.3662889384644
782.971,47.59617299999999,4ef7a7ad-18f5-4edc-8181-d1957c45b67f,Neon Lamp,2150,nm,absorbance,775.551902897407
783.159,52.17134699999999,4ef7a7ad-18f5-4edc-8181-d1957c45b67f,Neon Lamp,2151,nm,absorbance,775.7385094443654
783.346,54.965428,4ef7a7ad-18f5-4edc-8181-d1957c45b67f,Neon Lamp,2152,nm,absorbance,775.9241234033079
783.533,52.964446,4ef7a7ad-18f5-4edc-8181-d1957c45b67f,Neon Lamp,2153,nm,absorbance,776.1097373622506
783.721,46.8137,4ef7a7ad-18f5-4edc-8181-d1957c45b67f,Neon Lamp,2154,nm,absorbance,776.2963439092089
783.908,42.608765000000005,4ef7a7ad-18f5-4edc-8181-d1957c45b67f,Neon Lamp,2155,nm,absorbance,776.4819578681515
784.095,40.637391,4ef7a7ad-18f5-4edc-8181-d1957c45b67f,Neon Lamp,2156,nm,absorbance,776.6675718270941
784.283,42.692024,4ef7a7ad-18f5-4edc-8181-d1957c45b67f,Neon Lamp,2157,nm,absorbance,776.8541783740525
784.47,47.368959,4ef7a7ad-18f5-4edc-8181-d1957c45b67f,Neon Lamp,2158,nm,absorbance,777.039792332995
784.657,49.67887900000001,4ef7a7ad-18f5-4edc-8181-d1957c45b67f,Neon Lamp,2159,nm,absorbance,777.2254062919377
784.844,51.758048,4ef7a7ad-18f5-4edc-8181-d1957c45b67f,Neon Lamp,2160,nm,absorbance,777.4110202508803
785.032,51.45225700000001,4ef7a7ad-18f5-4edc-8181-d1957c45b67f,Neon Lamp,2161,nm,absorbance,777.5976267978386
785.219,47.585018,4ef7a7ad-18f5-4edc-8181-d1957c45b67f,Neon Lamp,2162,nm,absorbance,777.7832407567812
785.406,50.14479,4ef7a7ad-18f5-4edc-8181-d1957c45b67f,Neon Lamp,2163,nm,absorbance,777.9688547157238
785.593,46.307291,4ef7a7ad-18f5-4edc-8181-d1957c45b67f,Neon Lamp,2164,nm,absorbance,778.1544686746663
785.78,50.073709,4ef7a7ad-18f5-4edc-8181-d1957c45b67f,Neon Lamp,2165,nm,absorbance,778.340082633609
785.968,43.66922,4ef7a7ad-18f5-4edc-8181-d1957c45b67f,Neon Lamp,2166,nm,absorbance,778.5266891805672
786.155,44.454805,4ef7a7ad-18f5-4edc-8181-d1957c45b67f,Neon Lamp,2167,nm,absorbance,778.7123031395099
786.342,41.18720600000001,4ef7a7ad-18f5-4edc-8181-d1957c45b67f,Neon Lamp,2168,nm,absorbance,778.8979170984525
786.529,39.359874000000005,4ef7a7ad-18f5-4edc-8181-d1957c45b67f,Neon Lamp,2169,nm,absorbance,779.0835310573951
786.716,37.544594,4ef7a7ad-18f5-4edc-8181-d1957c45b67f,Neon Lamp,2170,nm,absorbance,779.2691450163377
786.903,36.167241,4ef7a7ad-18f5-4edc-8181-d1957c45b67f,Neon Lamp,2171,nm,absorbance,779.4547589752804
787.09,38.773531000000006,4ef7a7ad-18f5-4edc-8181-d1957c45b67f,Neon Lamp,2172,nm,absorbance,779.6403729342229
787.277,36.664358,4ef7a7ad-18f5-4edc-8181-d1957c45b67f,Neon Lamp,2173,nm,absorbance,779.8259868931656
787.464,35.050042000000005,4ef7a7ad-18f5-4edc-8181-d1957c45b67f,Neon Lamp,2174,nm,absorbance,780.0116008521081
787.651,33.383118,4ef7a7ad-18f5-4edc-8181-d1957c45b67f,Neon Lamp,2175,nm,absorbance,780.1972148110507
787.838,32.580780999999995,4ef7a7ad-18f5-4edc-8181-d1957c45b67f,Neon Lamp,2176,nm,absorbance,780.3828287699934
788.025,31.867751,4ef7a7ad-18f5-4edc-8181-d1957c45b67f,Neon Lamp,2177,nm,absorbance,780.5684427289359
788.212,26.196951,4ef7a7ad-18f5-4edc-8181-d1957c45b67f,Neon Lamp,2178,nm,absorbance,780.7540566878786
788.399,21.494539,4ef7a7ad-18f5-4edc-8181-d1957c45b67f,Neon Lamp,2179,nm,absorbance,780.9396706468211
788.586,22.503532,4ef7a7ad-18f5-4edc-8181-d1957c45b67f,Neon Lamp,2180,nm,absorbance,781.1252846057638
788.773,23.980244,4ef7a7ad-18f5-4edc-8181-d1957c45b67f,Neon Lamp,2181,nm,absorbance,781.3108985647063
788.96,30.843273,4ef7a7ad-18f5-4edc-8181-d1957c45b67f,Neon Lamp,2182,nm,absorbance,781.496512523649
789.147,22.604441,4ef7a7ad-18f5-4edc-8181-d1957c45b67f,Neon Lamp,2183,nm,absorbance,781.6821264825916
789.334,20.698471,4ef7a7ad-18f5-4edc-8181-d1957c45b67f,Neon Lamp,2184,nm,absorbance,781.8677404415341
789.521,11.114881,4ef7a7ad-18f5-4edc-8181-d1957c45b67f,Neon Lamp,2185,nm,absorbance,782.0533544004767
789.707,15.89708,4ef7a7ad-18f5-4edc-8181-d1957c45b67f,Neon Lamp,2186,nm,absorbance,782.2379757714036
789.894,14.652421,4ef7a7ad-18f5-4edc-8181-d1957c45b67f,Neon Lamp,2187,nm,absorbance,782.4235897303462
790.081,14.262137999999998,4ef7a7ad-18f5-4edc-8181-d1957c45b67f,Neon Lamp,2188,nm,absorbance,782.6092036892888
790.268,9.160473,4ef7a7ad-18f5-4edc-8181-d1957c45b67f,Neon Lamp,2189,nm,absorbance,782.7948176482314
790.455,6.321118,4ef7a7ad-18f5-4edc-8181-d1957c45b67f,Neon Lamp,2190,nm,absorbance,782.9804316071741
790.641,5.11138,4ef7a7ad-18f5-4edc-8181-d1957c45b67f,Neon Lamp,2191,nm,absorbance,783.1650529781008
790.828,4.6550460000000005,4ef7a7ad-18f5-4edc-8181-d1957c45b67f,Neon Lamp,2192,nm,absorbance,783.3506669370435
791.015,5.079681,4ef7a7ad-18f5-4edc-8181-d1957c45b67f,Neon Lamp,2193,nm,absorbance,783.536280895986
791.202,3.251665,4ef7a7ad-18f5-4edc-8181-d1957c45b67f,Neon Lamp,2194,nm,absorbance,783.7218948549287
791.388,7.907081,4ef7a7ad-18f5-4edc-8181-d1957c45b67f,Neon Lamp,2195,nm,absorbance,783.9065162258556
791.575,9.935004,4ef7a7ad-18f5-4edc-8181-d1957c45b67f,Neon Lamp,2196,nm,absorbance,784.0921301847982
791.762,7.963019000000001,4ef7a7ad-18f5-4edc-8181-d1957c45b67f,Neon Lamp,2197,nm,absorbance,784.2777441437407
791.948,-0.065088,4ef7a7ad-18f5-4edc-8181-d1957c45b67f,Neon Lamp,2198,nm,absorbance,784.4623655146676
792.135,-5.183317999999999,4ef7a7ad-18f5-4edc-8181-d1957c45b67f,Neon Lamp,2199,nm,absorbance,784.6479794736102
792.322,-3.377356,4ef7a7ad-18f5-4edc-8181-d1957c45b67f,Neon Lamp,2200,nm,absorbance,784.8335934325528
792.508,0.201421,4ef7a7ad-18f5-4edc-8181-d1957c45b67f,Neon Lamp,2201,nm,absorbance,785.0182148034797
792.695,-0.3594819999999999,4ef7a7ad-18f5-4edc-8181-d1957c45b67f,Neon Lamp,2202,nm,absorbance,785.2038287624223
792.881,1.018973,4ef7a7ad-18f5-4edc-8181-d1957c45b67f,Neon Lamp,2203,nm,absorbance,785.3884501333491
793.068,-0.907874,4ef7a7ad-18f5-4edc-8181-d1957c45b67f,Neon Lamp,2204,nm,absorbance,785.5740640922917
793.254,3.95922,4ef7a7ad-18f5-4edc-8181-d1957c45b67f,Neon Lamp,2205,nm,absorbance,785.7586854632186
793.441,1.931552,4ef7a7ad-18f5-4edc-8181-d1957c45b67f,Neon Lamp,2206,nm,absorbance,785.9442994221612
793.627,3.998417,4ef7a7ad-18f5-4edc-8181-d1957c45b67f,Neon Lamp,2207,nm,absorbance,786.128920793088
793.814,3.027733,4ef7a7ad-18f5-4edc-8181-d1957c45b67f,Neon Lamp,2208,nm,absorbance,786.3145347520307
794.0,3.973297,4ef7a7ad-18f5-4edc-8181-d1957c45b67f,Neon Lamp,2209,nm,absorbance,786.4991561229575
794.187,3.930467,4ef7a7ad-18f5-4edc-8181-d1957c45b67f,Neon Lamp,2210,nm,absorbance,786.6847700819002
794.373,3.335866,4ef7a7ad-18f5-4edc-8181-d1957c45b67f,Neon Lamp,2211,nm,absorbance,786.869391452827
794.56,3.381376999999999,4ef7a7ad-18f5-4edc-8181-d1957c45b67f,Neon Lamp,2212,nm,absorbance,787.0550054117696
794.746,0.6699269999999999,4ef7a7ad-18f5-4edc-8181-d1957c45b67f,Neon Lamp,2213,nm,absorbance,787.2396267826964
794.933,1.7987300000000002,4ef7a7ad-18f5-4edc-8181-d1957c45b67f,Neon Lamp,2214,nm,absorbance,787.4252407416391
795.119,3.050302,4ef7a7ad-18f5-4edc-8181-d1957c45b67f,Neon Lamp,2215,nm,absorbance,787.6098621125659
795.305,11.214928000000002,4ef7a7ad-18f5-4edc-8181-d1957c45b67f,Neon Lamp,2216,nm,absorbance,787.7944834834927
795.492,6.162021,4ef7a7ad-18f5-4edc-8181-d1957c45b67f,Neon Lamp,2217,nm,absorbance,787.9800974424354
795.678,5.330888,4ef7a7ad-18f5-4edc-8181-d1957c45b67f,Neon Lamp,2218,nm,absorbance,788.1647188133622
795.864,2.204876,4ef7a7ad-18f5-4edc-8181-d1957c45b67f,Neon Lamp,2219,nm,absorbance,788.3493401842892
796.051,8.583649000000001,4ef7a7ad-18f5-4edc-8181-d1957c45b67f,Neon Lamp,2220,nm,absorbance,788.5349541432317
796.237,8.642329,4ef7a7ad-18f5-4edc-8181-d1957c45b67f,Neon Lamp,2221,nm,absorbance,788.7195755141586
796.423,4.180464,4ef7a7ad-18f5-4edc-8181-d1957c45b67f,Neon Lamp,2222,nm,absorbance,788.9041968850854
796.61,2.401495,4ef7a7ad-18f5-4edc-8181-d1957c45b67f,Neon Lamp,2223,nm,absorbance,789.0898108440281
796.796,5.909503,4ef7a7ad-18f5-4edc-8181-d1957c45b67f,Neon Lamp,2224,nm,absorbance,789.274432214955
796.982,4.4493990000000005,4ef7a7ad-18f5-4edc-8181-d1957c45b67f,Neon Lamp,2225,nm,absorbance,789.4590535858817
797.168,-1.4382069999999998,4ef7a7ad-18f5-4edc-8181-d1957c45b67f,Neon Lamp,2226,nm,absorbance,789.6436749568087
797.355,-3.648725,4ef7a7ad-18f5-4edc-8181-d1957c45b67f,Neon Lamp,2227,nm,absorbance,789.8292889157512
797.541,-0.2264729999999999,4ef7a7ad-18f5-4edc-8181-d1957c45b67f,Neon Lamp,2228,nm,absorbance,790.0139102866782
797.727,4.725048,4ef7a7ad-18f5-4edc-8181-d1957c45b67f,Neon Lamp,2229,nm,absorbance,790.1985316576049
797.913,3.5742030000000007,4ef7a7ad-18f5-4edc-8181-d1957c45b67f,Neon Lamp,2230,nm,absorbance,790.3831530285319
798.099,3.3266490000000006,4ef7a7ad-18f5-4edc-8181-d1957c45b67f,Neon Lamp,2231,nm,absorbance,790.5677743994588
798.285,1.7488510000000002,4ef7a7ad-18f5-4edc-8181-d1957c45b67f,Neon Lamp,2232,nm,absorbance,790.7523957703855
798.471,-2.421094,4ef7a7ad-18f5-4edc-8181-d1957c45b67f,Neon Lamp,2233,nm,absorbance,790.9370171413125
798.658,0.6263429999999999,4ef7a7ad-18f5-4edc-8181-d1957c45b67f,Neon Lamp,2234,nm,absorbance,791.122631100255
798.844,0.388452,4ef7a7ad-18f5-4edc-8181-d1957c45b67f,Neon Lamp,2235,nm,absorbance,791.307252471182
799.03,4.855098,4ef7a7ad-18f5-4edc-8181-d1957c45b67f,Neon Lamp,2236,nm,absorbance,791.4918738421087
799.216,-0.164107,4ef7a7ad-18f5-4edc-8181-d1957c45b67f,Neon Lamp,2237,nm,absorbance,791.6764952130357
799.402,-0.4052369999999999,4ef7a7ad-18f5-4edc-8181-d1957c45b67f,Neon Lamp,2238,nm,absorbance,791.8611165839626
799.588,1.3518739999999998,4ef7a7ad-18f5-4edc-8181-d1957c45b67f,Neon Lamp,2239,nm,absorbance,792.0457379548893
799.774,3.258198,4ef7a7ad-18f5-4edc-8181-d1957c45b67f,Neon Lamp,2240,nm,absorbance,792.2303593258163
799.96,5.624467999999999,4ef7a7ad-18f5-4edc-8181-d1957c45b67f,Neon Lamp,2241,nm,absorbance,792.4149806967431
800.146,3.750056,4ef7a7ad-18f5-4edc-8181-d1957c45b67f,Neon Lamp,2242,nm,absorbance,792.5996020676699
800.332,1.368084,4ef7a7ad-18f5-4edc-8181-d1957c45b67f,Neon Lamp,2243,nm,absorbance,792.7842234385968
800.518,-1.7152889999999998,4ef7a7ad-18f5-4edc-8181-d1957c45b67f,Neon Lamp,2244,nm,absorbance,792.9688448095237
800.704,-2.262814,4ef7a7ad-18f5-4edc-8181-d1957c45b67f,Neon Lamp,2245,nm,absorbance,793.1534661804506
800.89,5.600557999999999,4ef7a7ad-18f5-4edc-8181-d1957c45b67f,Neon Lamp,2246,nm,absorbance,793.3380875513774
801.075,2.259811,4ef7a7ad-18f5-4edc-8181-d1957c45b67f,Neon Lamp,2247,nm,absorbance,793.5217163342886
801.261,4.137449999999999,4ef7a7ad-18f5-4edc-8181-d1957c45b67f,Neon Lamp,2248,nm,absorbance,793.7063377052153
801.447,-3.2440030000000006,4ef7a7ad-18f5-4edc-8181-d1957c45b67f,Neon Lamp,2249,nm,absorbance,793.8909590761423
801.633,3.298236,4ef7a7ad-18f5-4edc-8181-d1957c45b67f,Neon Lamp,2250,nm,absorbance,794.0755804470692
801.819,1.954883,4ef7a7ad-18f5-4edc-8181-d1957c45b67f,Neon Lamp,2251,nm,absorbance,794.260201817996
802.005,2.479522,4ef7a7ad-18f5-4edc-8181-d1957c45b67f,Neon Lamp,2252,nm,absorbance,794.4448231889229
802.19,2.9546870000000003,4ef7a7ad-18f5-4edc-8181-d1957c45b67f,Neon Lamp,2253,nm,absorbance,794.628451971834
802.376,4.033939,4ef7a7ad-18f5-4edc-8181-d1957c45b67f,Neon Lamp,2254,nm,absorbance,794.8130733427608
802.562,9.838778,4ef7a7ad-18f5-4edc-8181-d1957c45b67f,Neon Lamp,2255,nm,absorbance,794.9976947136878
802.748,6.778118000000001,4ef7a7ad-18f5-4edc-8181-d1957c45b67f,Neon Lamp,2256,nm,absorbance,795.1823160846146
802.934,6.696723,4ef7a7ad-18f5-4edc-8181-d1957c45b67f,Neon Lamp,2257,nm,absorbance,795.3669374555415
803.119,-0.2491749999999999,4ef7a7ad-18f5-4edc-8181-d1957c45b67f,Neon Lamp,2258,nm,absorbance,795.5505662384526
803.305,0.712042,4ef7a7ad-18f5-4edc-8181-d1957c45b67f,Neon Lamp,2259,nm,absorbance,795.7351876093794
803.491,2.176538,4ef7a7ad-18f5-4edc-8181-d1957c45b67f,Neon Lamp,2260,nm,absorbance,795.9198089803064
803.676,5.938295999999999,4ef7a7ad-18f5-4edc-8181-d1957c45b67f,Neon Lamp,2261,nm,absorbance,796.1034377632175
803.862,3.337407,4ef7a7ad-18f5-4edc-8181-d1957c45b67f,Neon Lamp,2262,nm,absorbance,796.2880591341443
804.048,0.441769,4ef7a7ad-18f5-4edc-8181-d1957c45b67f,Neon Lamp,2263,nm,absorbance,796.4726805050711
804.233,-4.453830000000001,4ef7a7ad-18f5-4edc-8181-d1957c45b67f,Neon Lamp,2264,nm,absorbance,796.6563092879823
804.419,-0.5192669999999999,4ef7a7ad-18f5-4edc-8181-d1957c45b67f,Neon Lamp,2265,nm,absorbance,796.8409306589092
804.605,-2.234131,4ef7a7ad-18f5-4edc-8181-d1957c45b67f,Neon Lamp,2266,nm,absorbance,797.025552029836
804.79,1.60886,4ef7a7ad-18f5-4edc-8181-d1957c45b67f,Neon Lamp,2267,nm,absorbance,797.2091808127471
804.976,-1.028247,4ef7a7ad-18f5-4edc-8181-d1957c45b67f,Neon Lamp,2268,nm,absorbance,797.393802183674
805.161,3.930212,4ef7a7ad-18f5-4edc-8181-d1957c45b67f,Neon Lamp,2269,nm,absorbance,797.5774309665851
805.347,-0.6733029999999999,4ef7a7ad-18f5-4edc-8181-d1957c45b67f,Neon Lamp,2270,nm,absorbance,797.762052337512
805.532,3.2607139999999992,4ef7a7ad-18f5-4edc-8181-d1957c45b67f,Neon Lamp,2271,nm,absorbance,797.9456811204232
805.718,-1.31621,4ef7a7ad-18f5-4edc-8181-d1957c45b67f,Neon Lamp,2272,nm,absorbance,798.13030249135
805.903,5.200488999999999,4ef7a7ad-18f5-4edc-8181-d1957c45b67f,Neon Lamp,2273,nm,absorbance,798.3139312742612
806.089,0.1318749999999999,4ef7a7ad-18f5-4edc-8181-d1957c45b67f,Neon Lamp,2274,nm,absorbance,798.498552645188
806.274,3.600383,4ef7a7ad-18f5-4edc-8181-d1957c45b67f,Neon Lamp,2275,nm,absorbance,798.6821814280992
806.46,0.0896770000000001,4ef7a7ad-18f5-4edc-8181-d1957c45b67f,Neon Lamp,2276,nm,absorbance,798.866802799026
806.645,0.4059359999999999,4ef7a7ad-18f5-4edc-8181-d1957c45b67f,Neon Lamp,2277,nm,absorbance,799.0504315819371
806.831,2.173116,4ef7a7ad-18f5-4edc-8181-d1957c45b67f,Neon Lamp,2278,nm,absorbance,799.2350529528641
807.016,3.3272660000000003,4ef7a7ad-18f5-4edc-8181-d1957c45b67f,Neon Lamp,2279,nm,absorbance,799.4186817357751
807.201,6.473178,4ef7a7ad-18f5-4edc-8181-d1957c45b67f,Neon Lamp,2280,nm,absorbance,799.6023105186863
807.387,3.541895,4ef7a7ad-18f5-4edc-8181-d1957c45b67f,Neon Lamp,2281,nm,absorbance,799.7869318896131
807.572,4.363151,4ef7a7ad-18f5-4edc-8181-d1957c45b67f,Neon Lamp,2282,nm,absorbance,799.9705606725242
807.757,3.95546,4ef7a7ad-18f5-4edc-8181-d1957c45b67f,Neon Lamp,2283,nm,absorbance,800.1541894554354
807.943,6.837878000000001,4ef7a7ad-18f5-4edc-8181-d1957c45b67f,Neon Lamp,2284,nm,absorbance,800.3388108263622
808.128,7.1342550000000005,4ef7a7ad-18f5-4edc-8181-d1957c45b67f,Neon Lamp,2285,nm,absorbance,800.5224396092734
808.313,5.478377,4ef7a7ad-18f5-4edc-8181-d1957c45b67f,Neon Lamp,2286,nm,absorbance,800.7060683921845
808.499,6.028606999999999,4ef7a7ad-18f5-4edc-8181-d1957c45b67f,Neon Lamp,2287,nm,absorbance,800.8906897631114
808.684,8.411941,4ef7a7ad-18f5-4edc-8181-d1957c45b67f,Neon Lamp,2288,nm,absorbance,801.0743185460225
808.869,6.47927,4ef7a7ad-18f5-4edc-8181-d1957c45b67f,Neon Lamp,2289,nm,absorbance,801.2579473289337
809.054,4.171884,4ef7a7ad-18f5-4edc-8181-d1957c45b67f,Neon Lamp,2290,nm,absorbance,801.4415761118447
809.24,-6.0039240000000005,4ef7a7ad-18f5-4edc-8181-d1957c45b67f,Neon Lamp,2291,nm,absorbance,801.6261974827717
809.425,-0.507709,4ef7a7ad-18f5-4edc-8181-d1957c45b67f,Neon Lamp,2292,nm,absorbance,801.8098262656828
809.61,-3.829888,4ef7a7ad-18f5-4edc-8181-d1957c45b67f,Neon Lamp,2293,nm,absorbance,801.9934550485939
809.795,-1.503028,4ef7a7ad-18f5-4edc-8181-d1957c45b67f,Neon Lamp,2294,nm,absorbance,802.177083831505
809.98,-1.752011,4ef7a7ad-18f5-4edc-8181-d1957c45b67f,Neon Lamp,2295,nm,absorbance,802.3607126144161
810.165,-4.963979,4ef7a7ad-18f5-4edc-8181-d1957c45b67f,Neon Lamp,2296,nm,absorbance,802.5443413973272
810.35,-1.427831,4ef7a7ad-18f5-4edc-8181-d1957c45b67f,Neon Lamp,2297,nm,absorbance,802.7279701802385
810.536,-3.914479,4ef7a7ad-18f5-4edc-8181-d1957c45b67f,Neon Lamp,2298,nm,absorbance,802.9125915511652
810.721,-0.4219889999999999,4ef7a7ad-18f5-4edc-8181-d1957c45b67f,Neon Lamp,2299,nm,absorbance,803.0962203340764
810.906,-4.931970999999999,4ef7a7ad-18f5-4edc-8181-d1957c45b67f,Neon Lamp,2300,nm,absorbance,803.2798491169875
811.091,-5.248007,4ef7a7ad-18f5-4edc-8181-d1957c45b67f,Neon Lamp,2301,nm,absorbance,803.4634778998986
811.276,-0.370931,4ef7a7ad-18f5-4edc-8181-d1957c45b67f,Neon Lamp,2302,nm,absorbance,803.6471066828097
811.461,-0.5144390000000001,4ef7a7ad-18f5-4edc-8181-d1957c45b67f,Neon Lamp,2303,nm,absorbance,803.830735465721
811.646,-3.441202,4ef7a7ad-18f5-4edc-8181-d1957c45b67f,Neon Lamp,2304,nm,absorbance,804.014364248632
811.831,-9.279693,4ef7a7ad-18f5-4edc-8181-d1957c45b67f,Neon Lamp,2305,nm,absorbance,804.1979930315432
812.016,1.469639,4ef7a7ad-18f5-4edc-8181-d1957c45b67f,Neon Lamp,2306,nm,absorbance,804.3816218144543
812.201,1.3548570000000002,4ef7a7ad-18f5-4edc-8181-d1957c45b67f,Neon Lamp,2307,nm,absorbance,804.5652505973654
812.386,1.781154,4ef7a7ad-18f5-4edc-8181-d1957c45b67f,Neon Lamp,2308,nm,absorbance,804.7488793802765
812.571,-5.875503999999999,4ef7a7ad-18f5-4edc-8181-d1957c45b67f,Neon Lamp,2309,nm,absorbance,804.9325081631878
812.756,-1.4190469999999995,4ef7a7ad-18f5-4edc-8181-d1957c45b67f,Neon Lamp,2310,nm,absorbance,805.1161369460988
812.941,-0.437454,4ef7a7ad-18f5-4edc-8181-d1957c45b67f,Neon Lamp,2311,nm,absorbance,805.29976572901
813.125,1.4819359999999997,4ef7a7ad-18f5-4edc-8181-d1957c45b67f,Neon Lamp,2312,nm,absorbance,805.4824019239054
813.31,-0.999063,4ef7a7ad-18f5-4edc-8181-d1957c45b67f,Neon Lamp,2313,nm,absorbance,805.6660307068164
813.495,1.299324,4ef7a7ad-18f5-4edc-8181-d1957c45b67f,Neon Lamp,2314,nm,absorbance,805.8496594897276
813.68,2.814992,4ef7a7ad-18f5-4edc-8181-d1957c45b67f,Neon Lamp,2315,nm,absorbance,806.0332882726386
813.865,1.1720200000000005,4ef7a7ad-18f5-4edc-8181-d1957c45b67f,Neon Lamp,2316,nm,absorbance,806.2169170555499
814.05,-0.493988,4ef7a7ad-18f5-4edc-8181-d1957c45b67f,Neon Lamp,2317,nm,absorbance,806.400545838461
814.234,-3.286979,4ef7a7ad-18f5-4edc-8181-d1957c45b67f,Neon Lamp,2318,nm,absorbance,806.5831820333564
814.419,-2.872063,4ef7a7ad-18f5-4edc-8181-d1957c45b67f,Neon Lamp,2319,nm,absorbance,806.7668108162675
814.604,-3.605543,4ef7a7ad-18f5-4edc-8181-d1957c45b67f,Neon Lamp,2320,nm,absorbance,806.9504395991787
814.789,-4.064932,4ef7a7ad-18f5-4edc-8181-d1957c45b67f,Neon Lamp,2321,nm,absorbance,807.1340683820897
814.973,-1.66986,4ef7a7ad-18f5-4edc-8181-d1957c45b67f,Neon Lamp,2322,nm,absorbance,807.3167045769851
815.158,0.5959990000000002,4ef7a7ad-18f5-4edc-8181-d1957c45b67f,Neon Lamp,2323,nm,absorbance,807.5003333598963
815.343,3.174069,4ef7a7ad-18f5-4edc-8181-d1957c45b67f,Neon Lamp,2324,nm,absorbance,807.6839621428073
815.528,8.239348999999999,4ef7a7ad-18f5-4edc-8181-d1957c45b67f,Neon Lamp,2325,nm,absorbance,807.8675909257186
815.712,6.788554,4ef7a7ad-18f5-4edc-8181-d1957c45b67f,Neon Lamp,2326,nm,absorbance,808.050227120614
815.897,5.341079000000001,4ef7a7ad-18f5-4edc-8181-d1957c45b67f,Neon Lamp,2327,nm,absorbance,808.2338559035251
816.081,0.709363,4ef7a7ad-18f5-4edc-8181-d1957c45b67f,Neon Lamp,2328,nm,absorbance,808.4164920984205
816.266,1.273178,4ef7a7ad-18f5-4edc-8181-d1957c45b67f,Neon Lamp,2329,nm,absorbance,808.6001208813316
816.451,4.259126,4ef7a7ad-18f5-4edc-8181-d1957c45b67f,Neon Lamp,2330,nm,absorbance,808.7837496642428
816.635,4.083077,4ef7a7ad-18f5-4edc-8181-d1957c45b67f,Neon Lamp,2331,nm,absorbance,808.9663858591381
816.82,6.639463000000001,4ef7a7ad-18f5-4edc-8181-d1957c45b67f,Neon Lamp,2332,nm,absorbance,809.1500146420493
817.004,7.362761999999999,4ef7a7ad-18f5-4edc-8181-d1957c45b67f,Neon Lamp,2333,nm,absorbance,809.3326508369447
817.189,8.979582999999998,4ef7a7ad-18f5-4edc-8181-d1957c45b67f,Neon Lamp,2334,nm,absorbance,809.5162796198557
817.374,7.381262000000001,4ef7a7ad-18f5-4edc-8181-d1957c45b67f,Neon Lamp,2335,nm,absorbance,809.6999084027669
817.558,1.399376,4ef7a7ad-18f5-4edc-8181-d1957c45b67f,Neon Lamp,2336,nm,absorbance,809.8825445976623
817.743,-0.758522,4ef7a7ad-18f5-4edc-8181-d1957c45b67f,Neon Lamp,2337,nm,absorbance,810.0661733805734
817.927,-2.7171190000000003,4ef7a7ad-18f5-4edc-8181-d1957c45b67f,Neon Lamp,2338,nm,absorbance,810.2488095754688
818.111,1.429829,4ef7a7ad-18f5-4edc-8181-d1957c45b67f,Neon Lamp,2339,nm,absorbance,810.4314457703642
818.296,5.527544,4ef7a7ad-18f5-4edc-8181-d1957c45b67f,Neon Lamp,2340,nm,absorbance,810.6150745532753
818.48,8.656780000000001,4ef7a7ad-18f5-4edc-8181-d1957c45b67f,Neon Lamp,2341,nm,absorbance,810.7977107481707
818.665,9.843111,4ef7a7ad-18f5-4edc-8181-d1957c45b67f,Neon Lamp,2342,nm,absorbance,810.9813395310819
818.849,3.095855,4ef7a7ad-18f5-4edc-8181-d1957c45b67f,Neon Lamp,2343,nm,absorbance,811.1639757259773
819.034,-0.1901479999999999,4ef7a7ad-18f5-4edc-8181-d1957c45b67f,Neon Lamp,2344,nm,absorbance,811.3476045088884
819.218,0.4039600000000001,4ef7a7ad-18f5-4edc-8181-d1957c45b67f,Neon Lamp,2345,nm,absorbance,811.5302407037838
819.402,7.327992,4ef7a7ad-18f5-4edc-8181-d1957c45b67f,Neon Lamp,2346,nm,absorbance,811.7128768986793
819.587,5.800284,4ef7a7ad-18f5-4edc-8181-d1957c45b67f,Neon Lamp,2347,nm,absorbance,811.8965056815903
819.771,-0.6091650000000002,4ef7a7ad-18f5-4edc-8181-d1957c45b67f,Neon Lamp,2348,nm,absorbance,812.0791418764857
819.955,-4.199673999999999,4ef7a7ad-18f5-4edc-8181-d1957c45b67f,Neon Lamp,2349,nm,absorbance,812.2617780713812
820.14,1.383664,4ef7a7ad-18f5-4edc-8181-d1957c45b67f,Neon Lamp,2350,nm,absorbance,812.4454068542922
820.324,6.807414999999999,4ef7a7ad-18f5-4edc-8181-d1957c45b67f,Neon Lamp,2351,nm,absorbance,812.6280430491876
820.508,6.569992000000001,4ef7a7ad-18f5-4edc-8181-d1957c45b67f,Neon Lamp,2352,nm,absorbance,812.8106792440831
820.692,4.046619,4ef7a7ad-18f5-4edc-8181-d1957c45b67f,Neon Lamp,2353,nm,absorbance,812.9933154389784
820.877,0.253083,4ef7a7ad-18f5-4edc-8181-d1957c45b67f,Neon Lamp,2354,nm,absorbance,813.1769442218895
821.061,0.2010429999999999,4ef7a7ad-18f5-4edc-8181-d1957c45b67f,Neon Lamp,2355,nm,absorbance,813.359580416785
821.245,2.903855,4ef7a7ad-18f5-4edc-8181-d1957c45b67f,Neon Lamp,2356,nm,absorbance,813.5422166116803
821.429,4.735513999999999,4ef7a7ad-18f5-4edc-8181-d1957c45b67f,Neon Lamp,2357,nm,absorbance,813.7248528065757
821.613,7.1941820000000005,4ef7a7ad-18f5-4edc-8181-d1957c45b67f,Neon Lamp,2358,nm,absorbance,813.9074890014712
821.798,9.647294,4ef7a7ad-18f5-4edc-8181-d1957c45b67f,Neon Lamp,2359,nm,absorbance,814.0911177843823
821.982,9.767948999999998,4ef7a7ad-18f5-4edc-8181-d1957c45b67f,Neon Lamp,2360,nm,absorbance,814.2737539792776
822.166,7.781682000000001,4ef7a7ad-18f5-4edc-8181-d1957c45b67f,Neon Lamp,2361,nm,absorbance,814.4563901741731
822.35,1.110007,4ef7a7ad-18f5-4edc-8181-d1957c45b67f,Neon Lamp,2362,nm,absorbance,814.6390263690685
822.534,0.786967,4ef7a7ad-18f5-4edc-8181-d1957c45b67f,Neon Lamp,2363,nm,absorbance,814.8216625639637
822.718,2.874048,4ef7a7ad-18f5-4edc-8181-d1957c45b67f,Neon Lamp,2364,nm,absorbance,815.0042987588591
822.902,0.8890749999999998,4ef7a7ad-18f5-4edc-8181-d1957c45b67f,Neon Lamp,2365,nm,absorbance,815.1869349537546
823.086,-0.238206,4ef7a7ad-18f5-4edc-8181-d1957c45b67f,Neon Lamp,2366,nm,absorbance,815.36957114865
823.27,-0.2907290000000001,4ef7a7ad-18f5-4edc-8181-d1957c45b67f,Neon Lamp,2367,nm,absorbance,815.5522073435453
823.454,0.344427,4ef7a7ad-18f5-4edc-8181-d1957c45b67f,Neon Lamp,2368,nm,absorbance,815.7348435384407
823.638,0.761463,4ef7a7ad-18f5-4edc-8181-d1957c45b67f,Neon Lamp,2369,nm,absorbance,815.9174797333362
823.822,-3.212484,4ef7a7ad-18f5-4edc-8181-d1957c45b67f,Neon Lamp,2370,nm,absorbance,816.1001159282315
824.006,2.498951,4ef7a7ad-18f5-4edc-8181-d1957c45b67f,Neon Lamp,2371,nm,absorbance,816.2827521231269
824.19,2.4076880000000003,4ef7a7ad-18f5-4edc-8181-d1957c45b67f,Neon Lamp,2372,nm,absorbance,816.4653883180224
824.374,4.552783,4ef7a7ad-18f5-4edc-8181-d1957c45b67f,Neon Lamp,2373,nm,absorbance,816.6480245129178
824.558,0.6084379999999999,4ef7a7ad-18f5-4edc-8181-d1957c45b67f,Neon Lamp,2374,nm,absorbance,816.8306607078131
824.742,-2.157309,4ef7a7ad-18f5-4edc-8181-d1957c45b67f,Neon Lamp,2375,nm,absorbance,817.0132969027085
824.926,-0.9413009999999998,4ef7a7ad-18f5-4edc-8181-d1957c45b67f,Neon Lamp,2376,nm,absorbance,817.195933097604
825.11,-0.6284159999999999,4ef7a7ad-18f5-4edc-8181-d1957c45b67f,Neon Lamp,2377,nm,absorbance,817.3785692924993
825.294,2.5089,4ef7a7ad-18f5-4edc-8181-d1957c45b67f,Neon Lamp,2378,nm,absorbance,817.5612054873947
825.477,0.0507519999999999,4ef7a7ad-18f5-4edc-8181-d1957c45b67f,Neon Lamp,2379,nm,absorbance,817.7428490942743
825.661,3.112549,4ef7a7ad-18f5-4edc-8181-d1957c45b67f,Neon Lamp,2380,nm,absorbance,817.9254852891697
825.845,5.16638,4ef7a7ad-18f5-4edc-8181-d1957c45b67f,Neon Lamp,2381,nm,absorbance,818.1081214840651
826.029,3.4095260000000005,4ef7a7ad-18f5-4edc-8181-d1957c45b67f,Neon Lamp,2382,nm,absorbance,818.2907576789605
826.213,2.825902,4ef7a7ad-18f5-4edc-8181-d1957c45b67f,Neon Lamp,2383,nm,absorbance,818.4733938738559
826.396,2.878057,4ef7a7ad-18f5-4edc-8181-d1957c45b67f,Neon Lamp,2384,nm,absorbance,818.6550374807356
826.58,2.933328,4ef7a7ad-18f5-4edc-8181-d1957c45b67f,Neon Lamp,2385,nm,absorbance,818.837673675631
826.764,0.226802,4ef7a7ad-18f5-4edc-8181-d1957c45b67f,Neon Lamp,2386,nm,absorbance,819.0203098705264
826.948,-2.761941,4ef7a7ad-18f5-4edc-8181-d1957c45b67f,Neon Lamp,2387,nm,absorbance,819.2029460654218
827.131,-0.7703809999999999,4ef7a7ad-18f5-4edc-8181-d1957c45b67f,Neon Lamp,2388,nm,absorbance,819.3845896723014
827.315,-4.320015000000001,4ef7a7ad-18f5-4edc-8181-d1957c45b67f,Neon Lamp,2389,nm,absorbance,819.5672258671968
827.499,-3.342710999999999,4ef7a7ad-18f5-4edc-8181-d1957c45b67f,Neon Lamp,2390,nm,absorbance,819.7498620620922
827.682,-3.1794820000000006,4ef7a7ad-18f5-4edc-8181-d1957c45b67f,Neon Lamp,2391,nm,absorbance,819.9315056689719
827.866,1.25052,4ef7a7ad-18f5-4edc-8181-d1957c45b67f,Neon Lamp,2392,nm,absorbance,820.1141418638673
828.05,2.127186,4ef7a7ad-18f5-4edc-8181-d1957c45b67f,Neon Lamp,2393,nm,absorbance,820.2967780587626
828.233,0.4612450000000002,4ef7a7ad-18f5-4edc-8181-d1957c45b67f,Neon Lamp,2394,nm,absorbance,820.4784216656423
828.417,1.37652,4ef7a7ad-18f5-4edc-8181-d1957c45b67f,Neon Lamp,2395,nm,absorbance,820.6610578605378
828.6,0.3791969999999999,4ef7a7ad-18f5-4edc-8181-d1957c45b67f,Neon Lamp,2396,nm,absorbance,820.8427014674174
828.784,0.9499289999999998,4ef7a7ad-18f5-4edc-8181-d1957c45b67f,Neon Lamp,2397,nm,absorbance,821.0253376623127
828.967,-2.775128,4ef7a7ad-18f5-4edc-8181-d1957c45b67f,Neon Lamp,2398,nm,absorbance,821.2069812691924
829.151,-0.3853680000000001,4ef7a7ad-18f5-4edc-8181-d1957c45b67f,Neon Lamp,2399,nm,absorbance,821.3896174640878
829.335,1.368356,4ef7a7ad-18f5-4edc-8181-d1957c45b67f,Neon Lamp,2400,nm,absorbance,821.5722536589832
829.518,1.929098,4ef7a7ad-18f5-4edc-8181-d1957c45b67f,Neon Lamp,2401,nm,absorbance,821.7538972658629
829.701,2.362652,4ef7a7ad-18f5-4edc-8181-d1957c45b67f,Neon Lamp,2402,nm,absorbance,821.9355408727425
829.885,5.303522000000001,4ef7a7ad-18f5-4edc-8181-d1957c45b67f,Neon Lamp,2403,nm,absorbance,822.1181770676379
830.068,7.813231999999999,4ef7a7ad-18f5-4edc-8181-d1957c45b67f,Neon Lamp,2404,nm,absorbance,822.2998206745176
830.252,3.233201,4ef7a7ad-18f5-4edc-8181-d1957c45b67f,Neon Lamp,2405,nm,absorbance,822.4824568694129
830.435,0.480729,4ef7a7ad-18f5-4edc-8181-d1957c45b67f,Neon Lamp,2406,nm,absorbance,822.6641004762926
830.619,-3.8218480000000006,4ef7a7ad-18f5-4edc-8181-d1957c45b67f,Neon Lamp,2407,nm,absorbance,822.8467366711881
830.802,-0.2557759999999999,4ef7a7ad-18f5-4edc-8181-d1957c45b67f,Neon Lamp,2408,nm,absorbance,823.0283802780677
830.985,-3.5048100000000004,4ef7a7ad-18f5-4edc-8181-d1957c45b67f,Neon Lamp,2409,nm,absorbance,823.2100238849473
831.169,-4.44999,4ef7a7ad-18f5-4edc-8181-d1957c45b67f,Neon Lamp,2410,nm,absorbance,823.3926600798427
831.352,-4.880198,4ef7a7ad-18f5-4edc-8181-d1957c45b67f,Neon Lamp,2411,nm,absorbance,823.5743036867224
831.535,-4.756584000000001,4ef7a7ad-18f5-4edc-8181-d1957c45b67f,Neon Lamp,2412,nm,absorbance,823.755947293602
831.719,2.0854550000000005,4ef7a7ad-18f5-4edc-8181-d1957c45b67f,Neon Lamp,2413,nm,absorbance,823.9385834884974
831.902,0.680214,4ef7a7ad-18f5-4edc-8181-d1957c45b67f,Neon Lamp,2414,nm,absorbance,824.1202270953771
832.085,1.8409520000000004,4ef7a7ad-18f5-4edc-8181-d1957c45b67f,Neon Lamp,2415,nm,absorbance,824.3018707022568
832.269,-3.906648,4ef7a7ad-18f5-4edc-8181-d1957c45b67f,Neon Lamp,2416,nm,absorbance,824.4845068971522
832.452,-3.91306,4ef7a7ad-18f5-4edc-8181-d1957c45b67f,Neon Lamp,2417,nm,absorbance,824.6661505040317
832.635,-2.6518330000000008,4ef7a7ad-18f5-4edc-8181-d1957c45b67f,Neon Lamp,2418,nm,absorbance,824.8477941109114
832.818,3.183728,4ef7a7ad-18f5-4edc-8181-d1957c45b67f,Neon Lamp,2419,nm,absorbance,825.0294377177911
833.002,3.2717209999999994,4ef7a7ad-18f5-4edc-8181-d1957c45b67f,Neon Lamp,2420,nm,absorbance,825.2120739126865
833.185,2.371954,4ef7a7ad-18f5-4edc-8181-d1957c45b67f,Neon Lamp,2421,nm,absorbance,825.393717519566
833.368,4.039116,4ef7a7ad-18f5-4edc-8181-d1957c45b67f,Neon Lamp,2422,nm,absorbance,825.5753611264458
833.551,4.032488000000001,4ef7a7ad-18f5-4edc-8181-d1957c45b67f,Neon Lamp,2423,nm,absorbance,825.7570047333255
833.734,2.154326,4ef7a7ad-18f5-4edc-8181-d1957c45b67f,Neon Lamp,2424,nm,absorbance,825.9386483402052
833.917,-6.295056,4ef7a7ad-18f5-4edc-8181-d1957c45b67f,Neon Lamp,2425,nm,absorbance,826.1202919470849
834.1,-3.660412,4ef7a7ad-18f5-4edc-8181-d1957c45b67f,Neon Lamp,2426,nm,absorbance,826.3019355539644
834.284,1.794635,4ef7a7ad-18f5-4edc-8181-d1957c45b67f,Neon Lamp,2427,nm,absorbance,826.4845717488598
834.467,4.023122,4ef7a7ad-18f5-4edc-8181-d1957c45b67f,Neon Lamp,2428,nm,absorbance,826.6662153557395
834.65,0.4104319999999999,4ef7a7ad-18f5-4edc-8181-d1957c45b67f,Neon Lamp,2429,nm,absorbance,826.8478589626192
834.833,0.7774779999999999,4ef7a7ad-18f5-4edc-8181-d1957c45b67f,Neon Lamp,2430,nm,absorbance,827.0295025694987
835.016,3.831604,4ef7a7ad-18f5-4edc-8181-d1957c45b67f,Neon Lamp,2431,nm,absorbance,827.2111461763784
835.199,4.904335,4ef7a7ad-18f5-4edc-8181-d1957c45b67f,Neon Lamp,2432,nm,absorbance,827.3927897832581
835.382,5.113823999999999,4ef7a7ad-18f5-4edc-8181-d1957c45b67f,Neon Lamp,2433,nm,absorbance,827.5744333901378
835.565,5.159568999999999,4ef7a7ad-18f5-4edc-8181-d1957c45b67f,Neon Lamp,2434,nm,absorbance,827.7560769970175
835.748,4.836817,4ef7a7ad-18f5-4edc-8181-d1957c45b67f,Neon Lamp,2435,nm,absorbance,827.9377206038971
835.931,1.664651,4ef7a7ad-18f5-4edc-8181-d1957c45b67f,Neon Lamp,2436,nm,absorbance,828.1193642107768
836.114,4.696602,4ef7a7ad-18f5-4edc-8181-d1957c45b67f,Neon Lamp,2437,nm,absorbance,828.3010078176565
836.297,3.49724,4ef7a7ad-18f5-4edc-8181-d1957c45b67f,Neon Lamp,2438,nm,absorbance,828.4826514245361
836.479,1.294084,4ef7a7ad-18f5-4edc-8181-d1957c45b67f,Neon Lamp,2439,nm,absorbance,828.6633024434001
836.662,4.082197000000001,4ef7a7ad-18f5-4edc-8181-d1957c45b67f,Neon Lamp,2440,nm,absorbance,828.8449460502796
836.845,4.633005000000001,4ef7a7ad-18f5-4edc-8181-d1957c45b67f,Neon Lamp,2441,nm,absorbance,829.0265896571593
837.028,8.665099,4ef7a7ad-18f5-4edc-8181-d1957c45b67f,Neon Lamp,2442,nm,absorbance,829.208233264039
837.211,1.241133,4ef7a7ad-18f5-4edc-8181-d1957c45b67f,Neon Lamp,2443,nm,absorbance,829.3898768709187
837.394,2.848001,4ef7a7ad-18f5-4edc-8181-d1957c45b67f,Neon Lamp,2444,nm,absorbance,829.5715204777982
837.577,1.563263,4ef7a7ad-18f5-4edc-8181-d1957c45b67f,Neon Lamp,2445,nm,absorbance,829.7531640846779
837.759,3.2810809999999995,4ef7a7ad-18f5-4edc-8181-d1957c45b67f,Neon Lamp,2446,nm,absorbance,829.9338151035419
837.942,3.678536,4ef7a7ad-18f5-4edc-8181-d1957c45b67f,Neon Lamp,2447,nm,absorbance,830.1154587104215
838.125,2.967686,4ef7a7ad-18f5-4edc-8181-d1957c45b67f,Neon Lamp,2448,nm,absorbance,830.2971023173012
838.308,3.427439000000001,4ef7a7ad-18f5-4edc-8181-d1957c45b67f,Neon Lamp,2449,nm,absorbance,830.4787459241808
838.49,5.557478,4ef7a7ad-18f5-4edc-8181-d1957c45b67f,Neon Lamp,2450,nm,absorbance,830.6593969430447
838.673,5.746652,4ef7a7ad-18f5-4edc-8181-d1957c45b67f,Neon Lamp,2451,nm,absorbance,830.8410405499244
838.856,8.987652,4ef7a7ad-18f5-4edc-8181-d1957c45b67f,Neon Lamp,2452,nm,absorbance,831.0226841568041
839.039,6.156919,4ef7a7ad-18f5-4edc-8181-d1957c45b67f,Neon Lamp,2453,nm,absorbance,831.2043277636838
839.221,3.01164,4ef7a7ad-18f5-4edc-8181-d1957c45b67f,Neon Lamp,2454,nm,absorbance,831.3849787825477
839.404,-0.4579430000000002,4ef7a7ad-18f5-4edc-8181-d1957c45b67f,Neon Lamp,2455,nm,absorbance,831.5666223894273
839.587,-0.5915930000000003,4ef7a7ad-18f5-4edc-8181-d1957c45b67f,Neon Lamp,2456,nm,absorbance,831.7482659963069
839.769,3.86071,4ef7a7ad-18f5-4edc-8181-d1957c45b67f,Neon Lamp,2457,nm,absorbance,831.9289170151709
839.952,0.8164480000000001,4ef7a7ad-18f5-4edc-8181-d1957c45b67f,Neon Lamp,2458,nm,absorbance,832.1105606220506
840.134,5.134253999999999,4ef7a7ad-18f5-4edc-8181-d1957c45b67f,Neon Lamp,2459,nm,absorbance,832.2912116409145
840.317,3.4165230000000006,4ef7a7ad-18f5-4edc-8181-d1957c45b67f,Neon Lamp,2460,nm,absorbance,832.4728552477941
840.499,4.466339,4ef7a7ad-18f5-4edc-8181-d1957c45b67f,Neon Lamp,2461,nm,absorbance,832.653506266658
840.682,0.901641,4ef7a7ad-18f5-4edc-8181-d1957c45b67f,Neon Lamp,2462,nm,absorbance,832.8351498735377
840.865,-2.432817,4ef7a7ad-18f5-4edc-8181-d1957c45b67f,Neon Lamp,2463,nm,absorbance,833.0167934804174
841.047,-2.8732580000000003,4ef7a7ad-18f5-4edc-8181-d1957c45b67f,Neon Lamp,2464,nm,absorbance,833.1974444992813
841.23,-2.6680970000000004,4ef7a7ad-18f5-4edc-8181-d1957c45b67f,Neon Lamp,2465,nm,absorbance,833.3790881061609
841.412,-0.0538669999999996,4ef7a7ad-18f5-4edc-8181-d1957c45b67f,Neon Lamp,2466,nm,absorbance,833.5597391250249
841.595,-0.360078,4ef7a7ad-18f5-4edc-8181-d1957c45b67f,Neon Lamp,2467,nm,absorbance,833.7413827319045
841.777,-4.751555000000001,4ef7a7ad-18f5-4edc-8181-d1957c45b67f,Neon Lamp,2468,nm,absorbance,833.9220337507685
841.959,-3.721692,4ef7a7ad-18f5-4edc-8181-d1957c45b67f,Neon Lamp,2469,nm,absorbance,834.1026847696323
842.142,-3.998401,4ef7a7ad-18f5-4edc-8181-d1957c45b67f,Neon Lamp,2470,nm,absorbance,834.2843283765121
842.324,-1.161287,4ef7a7ad-18f5-4edc-8181-d1957c45b67f,Neon Lamp,2471,nm,absorbance,834.4649793953758
842.507,-0.1246280000000002,4ef7a7ad-18f5-4edc-8181-d1957c45b67f,Neon Lamp,2472,nm,absorbance,834.6466230022555
842.689,-0.027139,4ef7a7ad-18f5-4edc-8181-d1957c45b67f,Neon Lamp,2473,nm,absorbance,834.8272740211195
842.871,-1.373104,4ef7a7ad-18f5-4edc-8181-d1957c45b67f,Neon Lamp,2474,nm,absorbance,835.0079250399834
843.054,-3.361412,4ef7a7ad-18f5-4edc-8181-d1957c45b67f,Neon Lamp,2475,nm,absorbance,835.1895686468631
843.236,-0.2420850000000001,4ef7a7ad-18f5-4edc-8181-d1957c45b67f,Neon Lamp,2476,nm,absorbance,835.3702196657271
843.418,2.238055,4ef7a7ad-18f5-4edc-8181-d1957c45b67f,Neon Lamp,2477,nm,absorbance,835.5508706845909
843.601,1.478419,4ef7a7ad-18f5-4edc-8181-d1957c45b67f,Neon Lamp,2478,nm,absorbance,835.7325142914706
843.783,-1.686038,4ef7a7ad-18f5-4edc-8181-d1957c45b67f,Neon Lamp,2479,nm,absorbance,835.9131653103345
843.965,-0.952625,4ef7a7ad-18f5-4edc-8181-d1957c45b67f,Neon Lamp,2480,nm,absorbance,836.0938163291985
844.147,1.856882,4ef7a7ad-18f5-4edc-8181-d1957c45b67f,Neon Lamp,2481,nm,absorbance,836.2744673480624
844.33,3.228835,4ef7a7ad-18f5-4edc-8181-d1957c45b67f,Neon Lamp,2482,nm,absorbance,836.456110954942
844.512,3.773045,4ef7a7ad-18f5-4edc-8181-d1957c45b67f,Neon Lamp,2483,nm,absorbance,836.6367619738058
844.694,4.067089999999999,4ef7a7ad-18f5-4edc-8181-d1957c45b67f,Neon Lamp,2484,nm,absorbance,836.8174129926698
844.876,3.294254,4ef7a7ad-18f5-4edc-8181-d1957c45b67f,Neon Lamp,2485,nm,absorbance,836.9980640115338
845.059,8.135627000000001,4ef7a7ad-18f5-4edc-8181-d1957c45b67f,Neon Lamp,2486,nm,absorbance,837.1797076184134
845.241,3.979743,4ef7a7ad-18f5-4edc-8181-d1957c45b67f,Neon Lamp,2487,nm,absorbance,837.3603586372774
845.423,1.388777,4ef7a7ad-18f5-4edc-8181-d1957c45b67f,Neon Lamp,2488,nm,absorbance,837.5410096561413
845.605,-8.78946,4ef7a7ad-18f5-4edc-8181-d1957c45b67f,Neon Lamp,2489,nm,absorbance,837.7216606750052
845.787,-2.606348000000001,4ef7a7ad-18f5-4edc-8181-d1957c45b67f,Neon Lamp,2490,nm,absorbance,837.9023116938691
845.969,0.897325,4ef7a7ad-18f5-4edc-8181-d1957c45b67f,Neon Lamp,2491,nm,absorbance,838.0829627127331
846.151,4.369862,4ef7a7ad-18f5-4edc-8181-d1957c45b67f,Neon Lamp,2492,nm,absorbance,838.2636137315969
846.333,5.386101,4ef7a7ad-18f5-4edc-8181-d1957c45b67f,Neon Lamp,2493,nm,absorbance,838.4442647504609
846.515,6.145294999999999,4ef7a7ad-18f5-4edc-8181-d1957c45b67f,Neon Lamp,2494,nm,absorbance,838.6249157693248
846.697,9.05476,4ef7a7ad-18f5-4edc-8181-d1957c45b67f,Neon Lamp,2495,nm,absorbance,838.8055667881887
846.879,8.797851,4ef7a7ad-18f5-4edc-8181-d1957c45b67f,Neon Lamp,2496,nm,absorbance,838.9862178070526
847.061,13.313833,4ef7a7ad-18f5-4edc-8181-d1957c45b67f,Neon Lamp,2497,nm,absorbance,839.1668688259166
847.243,17.624654,4ef7a7ad-18f5-4edc-8181-d1957c45b67f,Neon Lamp,2498,nm,absorbance,839.3475198447805
847.425,18.856587999999995,4ef7a7ad-18f5-4edc-8181-d1957c45b67f,Neon Lamp,2499,nm,absorbance,839.5281708636444
847.607,16.403649,4ef7a7ad-18f5-4edc-8181-d1957c45b67f,Neon Lamp,2500,nm,absorbance,839.7088218825083
847.789,16.264897,4ef7a7ad-18f5-4edc-8181-d1957c45b67f,Neon Lamp,2501,nm,absorbance,839.8894729013723
847.971,17.171619000000003,4ef7a7ad-18f5-4edc-8181-d1957c45b67f,Neon Lamp,2502,nm,absorbance,840.0701239202361
848.153,22.494024,4ef7a7ad-18f5-4edc-8181-d1957c45b67f,Neon Lamp,2503,nm,absorbance,840.2507749391001
848.335,23.084207,4ef7a7ad-18f5-4edc-8181-d1957c45b67f,Neon Lamp,2504,nm,absorbance,840.431425957964
848.517,24.939518,4ef7a7ad-18f5-4edc-8181-d1957c45b67f,Neon Lamp,2505,nm,absorbance,840.612076976828
848.699,24.755519,4ef7a7ad-18f5-4edc-8181-d1957c45b67f,Neon Lamp,2506,nm,absorbance,840.7927279956918
848.881,27.297151000000003,4ef7a7ad-18f5-4edc-8181-d1957c45b67f,Neon Lamp,2507,nm,absorbance,840.9733790145558
849.062,24.912189,4ef7a7ad-18f5-4edc-8181-d1957c45b67f,Neon Lamp,2508,nm,absorbance,841.153037445404
849.244,22.213003,4ef7a7ad-18f5-4edc-8181-d1957c45b67f,Neon Lamp,2509,nm,absorbance,841.3336884642679
849.426,17.546255000000002,4ef7a7ad-18f5-4edc-8181-d1957c45b67f,Neon Lamp,2510,nm,absorbance,841.5143394831318
849.608,21.084059000000003,4ef7a7ad-18f5-4edc-8181-d1957c45b67f,Neon Lamp,2511,nm,absorbance,841.6949905019957
849.789,21.774776,4ef7a7ad-18f5-4edc-8181-d1957c45b67f,Neon Lamp,2512,nm,absorbance,841.8746489328439
849.971,25.125438,4ef7a7ad-18f5-4edc-8181-d1957c45b67f,Neon Lamp,2513,nm,absorbance,842.0552999517079
850.153,19.801642,4ef7a7ad-18f5-4edc-8181-d1957c45b67f,Neon Lamp,2514,nm,absorbance,842.2359509705718
850.335,18.312853,4ef7a7ad-18f5-4edc-8181-d1957c45b67f,Neon Lamp,2515,nm,absorbance,842.4166019894358
850.516,18.303181,4ef7a7ad-18f5-4edc-8181-d1957c45b67f,Neon Lamp,2516,nm,absorbance,842.5962604202839
850.698,22.846065,4ef7a7ad-18f5-4edc-8181-d1957c45b67f,Neon Lamp,2517,nm,absorbance,842.7769114391477
850.88,24.455153000000003,4ef7a7ad-18f5-4edc-8181-d1957c45b67f,Neon Lamp,2518,nm,absorbance,842.9575624580117
851.061,23.679513,4ef7a7ad-18f5-4edc-8181-d1957c45b67f,Neon Lamp,2519,nm,absorbance,843.1372208888599
851.243,21.888705,4ef7a7ad-18f5-4edc-8181-d1957c45b67f,Neon Lamp,2520,nm,absorbance,843.3178719077239
851.425,22.516267000000003,4ef7a7ad-18f5-4edc-8181-d1957c45b67f,Neon Lamp,2521,nm,absorbance,843.4985229265877
851.606,25.257489,4ef7a7ad-18f5-4edc-8181-d1957c45b67f,Neon Lamp,2522,nm,absorbance,843.678181357436
851.788,24.981475000000007,4ef7a7ad-18f5-4edc-8181-d1957c45b67f,Neon Lamp,2523,nm,absorbance,843.8588323762999
851.969,26.519563999999995,4ef7a7ad-18f5-4edc-8181-d1957c45b67f,Neon Lamp,2524,nm,absorbance,844.0384908071482
852.151,21.236377,4ef7a7ad-18f5-4edc-8181-d1957c45b67f,Neon Lamp,2525,nm,absorbance,844.2191418260119
852.333,19.480102,4ef7a7ad-18f5-4edc-8181-d1957c45b67f,Neon Lamp,2526,nm,absorbance,844.3997928448758
852.514,18.463791,4ef7a7ad-18f5-4edc-8181-d1957c45b67f,Neon Lamp,2527,nm,absorbance,844.5794512757241
852.696,19.189774,4ef7a7ad-18f5-4edc-8181-d1957c45b67f,Neon Lamp,2528,nm,absorbance,844.760102294588
852.877,19.831896000000004,4ef7a7ad-18f5-4edc-8181-d1957c45b67f,Neon Lamp,2529,nm,absorbance,844.9397607254361
853.059,22.375772,4ef7a7ad-18f5-4edc-8181-d1957c45b67f,Neon Lamp,2530,nm,absorbance,845.1204117443001
853.24,18.388118,4ef7a7ad-18f5-4edc-8181-d1957c45b67f,Neon Lamp,2531,nm,absorbance,845.3000701751483
853.422,19.561303,4ef7a7ad-18f5-4edc-8181-d1957c45b67f,Neon Lamp,2532,nm,absorbance,845.4807211940123
853.603,16.929524,4ef7a7ad-18f5-4edc-8181-d1957c45b67f,Neon Lamp,2533,nm,absorbance,845.6603796248604
853.784,23.04873,4ef7a7ad-18f5-4edc-8181-d1957c45b67f,Neon Lamp,2534,nm,absorbance,845.8400380557085
853.966,21.848983,4ef7a7ad-18f5-4edc-8181-d1957c45b67f,Neon Lamp,2535,nm,absorbance,846.0206890745725
854.147,21.476185,4ef7a7ad-18f5-4edc-8181-d1957c45b67f,Neon Lamp,2536,nm,absorbance,846.2003475054207
854.329,19.527929,4ef7a7ad-18f5-4edc-8181-d1957c45b67f,Neon Lamp,2537,nm,absorbance,846.3809985242846
854.51,23.16844,4ef7a7ad-18f5-4edc-8181-d1957c45b67f,Neon Lamp,2538,nm,absorbance,846.5606569551328
854.691,19.802067,4ef7a7ad-18f5-4edc-8181-d1957c45b67f,Neon Lamp,2539,nm,absorbance,846.740315385981
854.873,17.807050999999998,4ef7a7ad-18f5-4edc-8181-d1957c45b67f,Neon Lamp,2540,nm,absorbance,846.920966404845
855.054,19.843009,4ef7a7ad-18f5-4edc-8181-d1957c45b67f,Neon Lamp,2541,nm,absorbance,847.1006248356931
855.235,23.876381,4ef7a7ad-18f5-4edc-8181-d1957c45b67f,Neon Lamp,2542,nm,absorbance,847.2802832665413
855.416,26.95394,4ef7a7ad-18f5-4edc-8181-d1957c45b67f,Neon Lamp,2543,nm,absorbance,847.4599416973895
855.598,16.445355999999997,4ef7a7ad-18f5-4edc-8181-d1957c45b67f,Neon Lamp,2544,nm,absorbance,847.6405927162533
855.779,9.304034,4ef7a7ad-18f5-4edc-8181-d1957c45b67f,Neon Lamp,2545,nm,absorbance,847.8202511471015
855.96,1.539927,4ef7a7ad-18f5-4edc-8181-d1957c45b67f,Neon Lamp,2546,nm,absorbance,847.9999095779498
856.141,9.326798,4ef7a7ad-18f5-4edc-8181-d1957c45b67f,Neon Lamp,2547,nm,absorbance,848.1795680087979
856.323,11.539173000000002,4ef7a7ad-18f5-4edc-8181-d1957c45b67f,Neon Lamp,2548,nm,absorbance,848.3602190276619
856.504,15.763561,4ef7a7ad-18f5-4edc-8181-d1957c45b67f,Neon Lamp,2549,nm,absorbance,848.5398774585101
856.685,9.31951,4ef7a7ad-18f5-4edc-8181-d1957c45b67f,Neon Lamp,2550,nm,absorbance,848.7195358893582
856.866,6.592237999999999,4ef7a7ad-18f5-4edc-8181-d1957c45b67f,Neon Lamp,2551,nm,absorbance,848.8991943202064
857.047,4.649915999999999,4ef7a7ad-18f5-4edc-8181-d1957c45b67f,Neon Lamp,2552,nm,absorbance,849.0788527510547
857.228,-0.5544450000000001,4ef7a7ad-18f5-4edc-8181-d1957c45b67f,Neon Lamp,2553,nm,absorbance,849.2585111819028
857.409,0.9902569999999996,4ef7a7ad-18f5-4edc-8181-d1957c45b67f,Neon Lamp,2554,nm,absorbance,849.4381696127509
857.591,2.26793,4ef7a7ad-18f5-4edc-8181-d1957c45b67f,Neon Lamp,2555,nm,absorbance,849.6188206316149
857.772,9.157594,4ef7a7ad-18f5-4edc-8181-d1957c45b67f,Neon Lamp,2556,nm,absorbance,849.7984790624631
857.953,7.05227,4ef7a7ad-18f5-4edc-8181-d1957c45b67f,Neon Lamp,2557,nm,absorbance,849.9781374933112
858.134,4.649651,4ef7a7ad-18f5-4edc-8181-d1957c45b67f,Neon Lamp,2558,nm,absorbance,850.1577959241595
858.315,-0.958939,4ef7a7ad-18f5-4edc-8181-d1957c45b67f,Neon Lamp,2559,nm,absorbance,850.3374543550077
858.496,5.043052,4ef7a7ad-18f5-4edc-8181-d1957c45b67f,Neon Lamp,2560,nm,absorbance,850.5171127858558
858.677,5.887155,4ef7a7ad-18f5-4edc-8181-d1957c45b67f,Neon Lamp,2561,nm,absorbance,850.6967712167041
858.858,7.861663,4ef7a7ad-18f5-4edc-8181-d1957c45b67f,Neon Lamp,2562,nm,absorbance,850.8764296475522
859.039,2.811427,4ef7a7ad-18f5-4edc-8181-d1957c45b67f,Neon Lamp,2563,nm,absorbance,851.0560880784004
859.22,7.018337,4ef7a7ad-18f5-4edc-8181-d1957c45b67f,Neon Lamp,2564,nm,absorbance,851.2357465092487
859.401,8.113470000000001,4ef7a7ad-18f5-4edc-8181-d1957c45b67f,Neon Lamp,2565,nm,absorbance,851.4154049400967
859.582,8.338624999999999,4ef7a7ad-18f5-4edc-8181-d1957c45b67f,Neon Lamp,2566,nm,absorbance,851.5950633709449
859.762,5.549684999999999,4ef7a7ad-18f5-4edc-8181-d1957c45b67f,Neon Lamp,2567,nm,absorbance,851.7737292137773
859.943,3.786373,4ef7a7ad-18f5-4edc-8181-d1957c45b67f,Neon Lamp,2568,nm,absorbance,851.9533876446255
860.124,7.632935000000001,4ef7a7ad-18f5-4edc-8181-d1957c45b67f,Neon Lamp,2569,nm,absorbance,852.1330460754738
860.305,4.246363,4ef7a7ad-18f5-4edc-8181-d1957c45b67f,Neon Lamp,2570,nm,absorbance,852.3127045063219
860.486,2.6557190000000004,4ef7a7ad-18f5-4edc-8181-d1957c45b67f,Neon Lamp,2571,nm,absorbance,852.4923629371701
860.667,0.018954,4ef7a7ad-18f5-4edc-8181-d1957c45b67f,Neon Lamp,2572,nm,absorbance,852.6720213680184
860.848,0.276533,4ef7a7ad-18f5-4edc-8181-d1957c45b67f,Neon Lamp,2573,nm,absorbance,852.8516797988665
861.028,3.441535,4ef7a7ad-18f5-4edc-8181-d1957c45b67f,Neon Lamp,2574,nm,absorbance,853.030345641699
861.209,6.199138,4ef7a7ad-18f5-4edc-8181-d1957c45b67f,Neon Lamp,2575,nm,absorbance,853.2100040725471
861.39,7.734242999999999,4ef7a7ad-18f5-4edc-8181-d1957c45b67f,Neon Lamp,2576,nm,absorbance,853.3896625033954
861.571,6.427078999999999,4ef7a7ad-18f5-4edc-8181-d1957c45b67f,Neon Lamp,2577,nm,absorbance,853.5693209342436
861.751,3.052234,4ef7a7ad-18f5-4edc-8181-d1957c45b67f,Neon Lamp,2578,nm,absorbance,853.747986777076
861.932,0.9826279999999998,4ef7a7ad-18f5-4edc-8181-d1957c45b67f,Neon Lamp,2579,nm,absorbance,853.9276452079242
862.113,6.454884,4ef7a7ad-18f5-4edc-8181-d1957c45b67f,Neon Lamp,2580,nm,absorbance,854.1073036387724
862.293,8.39705,4ef7a7ad-18f5-4edc-8181-d1957c45b67f,Neon Lamp,2581,nm,absorbance,854.2859694816048
862.474,11.995711,4ef7a7ad-18f5-4edc-8181-d1957c45b67f,Neon Lamp,2582,nm,absorbance,854.465627912453
862.655,7.569714999999999,4ef7a7ad-18f5-4edc-8181-d1957c45b67f,Neon Lamp,2583,nm,absorbance,854.6452863433011
862.835,9.2731,4ef7a7ad-18f5-4edc-8181-d1957c45b67f,Neon Lamp,2584,nm,absorbance,854.8239521861336
863.016,7.418133,4ef7a7ad-18f5-4edc-8181-d1957c45b67f,Neon Lamp,2585,nm,absorbance,855.0036106169817
863.197,5.077764,4ef7a7ad-18f5-4edc-8181-d1957c45b67f,Neon Lamp,2586,nm,absorbance,855.18326904783
863.377,2.600265,4ef7a7ad-18f5-4edc-8181-d1957c45b67f,Neon Lamp,2587,nm,absorbance,855.3619348906624
863.558,-1.812894,4ef7a7ad-18f5-4edc-8181-d1957c45b67f,Neon Lamp,2588,nm,absorbance,855.5415933215106
863.738,-2.076681,4ef7a7ad-18f5-4edc-8181-d1957c45b67f,Neon Lamp,2589,nm,absorbance,855.7202591643431
863.919,-0.0890139999999999,4ef7a7ad-18f5-4edc-8181-d1957c45b67f,Neon Lamp,2590,nm,absorbance,855.8999175951913
864.099,7.610427,4ef7a7ad-18f5-4edc-8181-d1957c45b67f,Neon Lamp,2591,nm,absorbance,856.0785834380238
864.28,11.631295,4ef7a7ad-18f5-4edc-8181-d1957c45b67f,Neon Lamp,2592,nm,absorbance,856.2582418688719
864.46,6.813663,4ef7a7ad-18f5-4edc-8181-d1957c45b67f,Neon Lamp,2593,nm,absorbance,856.4369077117044
864.641,1.493566,4ef7a7ad-18f5-4edc-8181-d1957c45b67f,Neon Lamp,2594,nm,absorbance,856.6165661425525
864.821,-1.350792,4ef7a7ad-18f5-4edc-8181-d1957c45b67f,Neon Lamp,2595,nm,absorbance,856.795231985385
865.002,0.207531,4ef7a7ad-18f5-4edc-8181-d1957c45b67f,Neon Lamp,2596,nm,absorbance,856.9748904162332
865.182,-0.7835130000000001,4ef7a7ad-18f5-4edc-8181-d1957c45b67f,Neon Lamp,2597,nm,absorbance,857.1535562590657
865.363,-1.3475080000000002,4ef7a7ad-18f5-4edc-8181-d1957c45b67f,Neon Lamp,2598,nm,absorbance,857.3332146899138
865.543,0.5137729999999999,4ef7a7ad-18f5-4edc-8181-d1957c45b67f,Neon Lamp,2599,nm,absorbance,857.5118805327462
865.723,5.658385,4ef7a7ad-18f5-4edc-8181-d1957c45b67f,Neon Lamp,2600,nm,absorbance,857.6905463755786
865.904,5.456683,4ef7a7ad-18f5-4edc-8181-d1957c45b67f,Neon Lamp,2601,nm,absorbance,857.8702048064268
866.084,2.669298,4ef7a7ad-18f5-4edc-8181-d1957c45b67f,Neon Lamp,2602,nm,absorbance,858.0488706492592
866.264,-4.993702999999999,4ef7a7ad-18f5-4edc-8181-d1957c45b67f,Neon Lamp,2603,nm,absorbance,858.2275364920918
866.445,-1.2615690000000002,4ef7a7ad-18f5-4edc-8181-d1957c45b67f,Neon Lamp,2604,nm,absorbance,858.40719492294
866.625,-2.672595,4ef7a7ad-18f5-4edc-8181-d1957c45b67f,Neon Lamp,2605,nm,absorbance,858.5858607657724
866.805,2.502228,4ef7a7ad-18f5-4edc-8181-d1957c45b67f,Neon Lamp,2606,nm,absorbance,858.7645266086048
866.986,-1.122298,4ef7a7ad-18f5-4edc-8181-d1957c45b67f,Neon Lamp,2607,nm,absorbance,858.944185039453
867.166,-0.3596179999999999,4ef7a7ad-18f5-4edc-8181-d1957c45b67f,Neon Lamp,2608,nm,absorbance,859.1228508822855
867.346,1.560755,4ef7a7ad-18f5-4edc-8181-d1957c45b67f,Neon Lamp,2609,nm,absorbance,859.301516725118
867.526,1.0355,4ef7a7ad-18f5-4edc-8181-d1957c45b67f,Neon Lamp,2610,nm,absorbance,859.4801825679504
867.707,1.5698320000000003,4ef7a7ad-18f5-4edc-8181-d1957c45b67f,Neon Lamp,2611,nm,absorbance,859.6598409987986
867.887,0.294994,4ef7a7ad-18f5-4edc-8181-d1957c45b67f,Neon Lamp,2612,nm,absorbance,859.838506841631
868.067,2.485392,4ef7a7ad-18f5-4edc-8181-d1957c45b67f,Neon Lamp,2613,nm,absorbance,860.0171726844635
868.247,2.612685,4ef7a7ad-18f5-4edc-8181-d1957c45b67f,Neon Lamp,2614,nm,absorbance,860.1958385272959
868.427,3.1110359999999995,4ef7a7ad-18f5-4edc-8181-d1957c45b67f,Neon Lamp,2615,nm,absorbance,860.3745043701284
868.607,1.484608,4ef7a7ad-18f5-4edc-8181-d1957c45b67f,Neon Lamp,2616,nm,absorbance,860.5531702129608
868.788,0.405404,4ef7a7ad-18f5-4edc-8181-d1957c45b67f,Neon Lamp,2617,nm,absorbance,860.7328286438091
868.968,-4.401425,4ef7a7ad-18f5-4edc-8181-d1957c45b67f,Neon Lamp,2618,nm,absorbance,860.9114944866415
869.148,-4.655341999999999,4ef7a7ad-18f5-4edc-8181-d1957c45b67f,Neon Lamp,2619,nm,absorbance,861.090160329474
869.328,-2.070206,4ef7a7ad-18f5-4edc-8181-d1957c45b67f,Neon Lamp,2620,nm,absorbance,861.2688261723064
869.508,-1.575163,4ef7a7ad-18f5-4edc-8181-d1957c45b67f,Neon Lamp,2621,nm,absorbance,861.4474920151389
869.688,-1.321179,4ef7a7ad-18f5-4edc-8181-d1957c45b67f,Neon Lamp,2622,nm,absorbance,861.6261578579713
869.868,0.0250749999999998,4ef7a7ad-18f5-4edc-8181-d1957c45b67f,Neon Lamp,2623,nm,absorbance,861.8048237008038
870.048,0.2072959999999998,4ef7a7ad-18f5-4edc-8181-d1957c45b67f,Neon Lamp,2624,nm,absorbance,861.9834895436362
870.228,2.4629800000000004,4ef7a7ad-18f5-4edc-8181-d1957c45b67f,Neon Lamp,2625,nm,absorbance,862.1621553864686
870.408,3.077052,4ef7a7ad-18f5-4edc-8181-d1957c45b67f,Neon Lamp,2626,nm,absorbance,862.3408212293011
870.588,3.967324,4ef7a7ad-18f5-4edc-8181-d1957c45b67f,Neon Lamp,2627,nm,absorbance,862.5194870721335
870.768,3.265973,4ef7a7ad-18f5-4edc-8181-d1957c45b67f,Neon Lamp,2628,nm,absorbance,862.698152914966
870.948,0.233172,4ef7a7ad-18f5-4edc-8181-d1957c45b67f,Neon Lamp,2629,nm,absorbance,862.8768187577984
871.128,0.6239040000000001,4ef7a7ad-18f5-4edc-8181-d1957c45b67f,Neon Lamp,2630,nm,absorbance,863.055484600631
871.307,3.762996,4ef7a7ad-18f5-4edc-8181-d1957c45b67f,Neon Lamp,2631,nm,absorbance,863.2331578554476
871.487,0.120471,4ef7a7ad-18f5-4edc-8181-d1957c45b67f,Neon Lamp,2632,nm,absorbance,863.41182369828
871.667,6.261753000000001,4ef7a7ad-18f5-4edc-8181-d1957c45b67f,Neon Lamp,2633,nm,absorbance,863.5904895411126
871.847,4.975336,4ef7a7ad-18f5-4edc-8181-d1957c45b67f,Neon Lamp,2634,nm,absorbance,863.769155383945
872.027,6.2158050000000005,4ef7a7ad-18f5-4edc-8181-d1957c45b67f,Neon Lamp,2635,nm,absorbance,863.9478212267775
872.207,4.83123,4ef7a7ad-18f5-4edc-8181-d1957c45b67f,Neon Lamp,2636,nm,absorbance,864.1264870696099
872.387,3.0899280000000005,4ef7a7ad-18f5-4edc-8181-d1957c45b67f,Neon Lamp,2637,nm,absorbance,864.3051529124423
872.566,4.501167000000001,4ef7a7ad-18f5-4edc-8181-d1957c45b67f,Neon Lamp,2638,nm,absorbance,864.4828261672591
872.746,2.997407,4ef7a7ad-18f5-4edc-8181-d1957c45b67f,Neon Lamp,2639,nm,absorbance,864.6614920100915
872.926,0.4811599999999999,4ef7a7ad-18f5-4edc-8181-d1957c45b67f,Neon Lamp,2640,nm,absorbance,864.840157852924
873.106,5.129472000000001,4ef7a7ad-18f5-4edc-8181-d1957c45b67f,Neon Lamp,2641,nm,absorbance,865.0188236957564
873.285,5.042206999999999,4ef7a7ad-18f5-4edc-8181-d1957c45b67f,Neon Lamp,2642,nm,absorbance,865.1964969505731
873.465,8.396114,4ef7a7ad-18f5-4edc-8181-d1957c45b67f,Neon Lamp,2643,nm,absorbance,865.3751627934056
873.645,6.786758000000001,4ef7a7ad-18f5-4edc-8181-d1957c45b67f,Neon Lamp,2644,nm,absorbance,865.553828636238
873.824,6.441468,4ef7a7ad-18f5-4edc-8181-d1957c45b67f,Neon Lamp,2645,nm,absorbance,865.7315018910547
874.004,4.798621,4ef7a7ad-18f5-4edc-8181-d1957c45b67f,Neon Lamp,2646,nm,absorbance,865.9101677338872
874.184,2.098597,4ef7a7ad-18f5-4edc-8181-d1957c45b67f,Neon Lamp,2647,nm,absorbance,866.0888335767196
874.363,0.6929549999999999,4ef7a7ad-18f5-4edc-8181-d1957c45b67f,Neon Lamp,2648,nm,absorbance,866.2665068315364
874.543,0.242996,4ef7a7ad-18f5-4edc-8181-d1957c45b67f,Neon Lamp,2649,nm,absorbance,866.4451726743688
874.723,4.750880999999999,4ef7a7ad-18f5-4edc-8181-d1957c45b67f,Neon Lamp,2650,nm,absorbance,866.6238385172012
874.902,2.553636,4ef7a7ad-18f5-4edc-8181-d1957c45b67f,Neon Lamp,2651,nm,absorbance,866.801511772018
875.082,5.536721,4ef7a7ad-18f5-4edc-8181-d1957c45b67f,Neon Lamp,2652,nm,absorbance,866.9801776148504
875.261,1.4750469999999998,4ef7a7ad-18f5-4edc-8181-d1957c45b67f,Neon Lamp,2653,nm,absorbance,867.1578508696671
875.441,0.3933070000000001,4ef7a7ad-18f5-4edc-8181-d1957c45b67f,Neon Lamp,2654,nm,absorbance,867.3365167124996
875.62,-4.085920000000001,4ef7a7ad-18f5-4edc-8181-d1957c45b67f,Neon Lamp,2655,nm,absorbance,867.5141899673163
875.8,-4.881082,4ef7a7ad-18f5-4edc-8181-d1957c45b67f,Neon Lamp,2656,nm,absorbance,867.6928558101487
875.979,-2.6061140000000003,4ef7a7ad-18f5-4edc-8181-d1957c45b67f,Neon Lamp,2657,nm,absorbance,867.8705290649655
876.159,-0.5393300000000001,4ef7a7ad-18f5-4edc-8181-d1957c45b67f,Neon Lamp,2658,nm,absorbance,868.0491949077979
876.338,2.514461,4ef7a7ad-18f5-4edc-8181-d1957c45b67f,Neon Lamp,2659,nm,absorbance,868.2268681626146
876.518,4.326876,4ef7a7ad-18f5-4edc-8181-d1957c45b67f,Neon Lamp,2660,nm,absorbance,868.4055340054471
876.697,2.012689,4ef7a7ad-18f5-4edc-8181-d1957c45b67f,Neon Lamp,2661,nm,absorbance,868.5832072602637
876.876,1.981085,4ef7a7ad-18f5-4edc-8181-d1957c45b67f,Neon Lamp,2662,nm,absorbance,868.7608805150804
877.056,2.505236,4ef7a7ad-18f5-4edc-8181-d1957c45b67f,Neon Lamp,2663,nm,absorbance,868.939546357913
877.235,3.46312,4ef7a7ad-18f5-4edc-8181-d1957c45b67f,Neon Lamp,2664,nm,absorbance,869.1172196127296
877.415,-1.380679,4ef7a7ad-18f5-4edc-8181-d1957c45b67f,Neon Lamp,2665,nm,absorbance,869.295885455562
877.594,-5.151529999999999,4ef7a7ad-18f5-4edc-8181-d1957c45b67f,Neon Lamp,2666,nm,absorbance,869.4735587103788
877.773,-6.076415,4ef7a7ad-18f5-4edc-8181-d1957c45b67f,Neon Lamp,2667,nm,absorbance,869.6512319651955
877.953,-1.877963,4ef7a7ad-18f5-4edc-8181-d1957c45b67f,Neon Lamp,2668,nm,absorbance,869.8298978080279
878.132,0.596077,4ef7a7ad-18f5-4edc-8181-d1957c45b67f,Neon Lamp,2669,nm,absorbance,870.0075710628446
878.311,-0.0629259999999998,4ef7a7ad-18f5-4edc-8181-d1957c45b67f,Neon Lamp,2670,nm,absorbance,870.1852443176614
878.49,-2.338611,4ef7a7ad-18f5-4edc-8181-d1957c45b67f,Neon Lamp,2671,nm,absorbance,870.3629175724781
878.67,-5.691934,4ef7a7ad-18f5-4edc-8181-d1957c45b67f,Neon Lamp,2672,nm,absorbance,870.5415834153105
878.849,1.020297,4ef7a7ad-18f5-4edc-8181-d1957c45b67f,Neon Lamp,2673,nm,absorbance,870.7192566701273
879.028,4.397253999999999,4ef7a7ad-18f5-4edc-8181-d1957c45b67f,Neon Lamp,2674,nm,absorbance,870.896929924944
879.207,9.911481,4ef7a7ad-18f5-4edc-8181-d1957c45b67f,Neon Lamp,2675,nm,absorbance,871.0746031797606
879.387,7.374896,4ef7a7ad-18f5-4edc-8181-d1957c45b67f,Neon Lamp,2676,nm,absorbance,871.253269022593
879.566,7.172575999999999,4ef7a7ad-18f5-4edc-8181-d1957c45b67f,Neon Lamp,2677,nm,absorbance,871.4309422774098
879.745,5.950281,4ef7a7ad-18f5-4edc-8181-d1957c45b67f,Neon Lamp,2678,nm,absorbance,871.6086155322265
879.924,4.828971,4ef7a7ad-18f5-4edc-8181-d1957c45b67f,Neon Lamp,2679,nm,absorbance,871.7862887870432
880.103,3.577816,4ef7a7ad-18f5-4edc-8181-d1957c45b67f,Neon Lamp,2680,nm,absorbance,871.96396204186
880.282,5.390509999999999,4ef7a7ad-18f5-4edc-8181-d1957c45b67f,Neon Lamp,2681,nm,absorbance,872.1416352966768
880.461,10.252645,4ef7a7ad-18f5-4edc-8181-d1957c45b67f,Neon Lamp,2682,nm,absorbance,872.3193085514935
880.64,6.0741700000000005,4ef7a7ad-18f5-4edc-8181-d1957c45b67f,Neon Lamp,2683,nm,absorbance,872.4969818063101
880.819,4.5915680000000005,4ef7a7ad-18f5-4edc-8181-d1957c45b67f,Neon Lamp,2684,nm,absorbance,872.6746550611268
880.998,0.5375850000000001,4ef7a7ad-18f5-4edc-8181-d1957c45b67f,Neon Lamp,2685,nm,absorbance,872.8523283159436
881.178,2.5903769999999997,4ef7a7ad-18f5-4edc-8181-d1957c45b67f,Neon Lamp,2686,nm,absorbance,873.030994158776
881.357,2.162921,4ef7a7ad-18f5-4edc-8181-d1957c45b67f,Neon Lamp,2687,nm,absorbance,873.2086674135927
881.536,-0.9009130000000004,4ef7a7ad-18f5-4edc-8181-d1957c45b67f,Neon Lamp,2688,nm,absorbance,873.3863406684094
881.715,-0.9630310000000002,4ef7a7ad-18f5-4edc-8181-d1957c45b67f,Neon Lamp,2689,nm,absorbance,873.5640139232262
881.893,1.557381,4ef7a7ad-18f5-4edc-8181-d1957c45b67f,Neon Lamp,2690,nm,absorbance,873.7406945900271
882.072,6.152820999999999,4ef7a7ad-18f5-4edc-8181-d1957c45b67f,Neon Lamp,2691,nm,absorbance,873.9183678448438
882.251,9.452378,4ef7a7ad-18f5-4edc-8181-d1957c45b67f,Neon Lamp,2692,nm,absorbance,874.0960410996605
882.43,4.992261000000001,4ef7a7ad-18f5-4edc-8181-d1957c45b67f,Neon Lamp,2693,nm,absorbance,874.2737143544772
882.609,5.5962760000000005,4ef7a7ad-18f5-4edc-8181-d1957c45b67f,Neon Lamp,2694,nm,absorbance,874.451387609294
882.788,0.5241020000000001,4ef7a7ad-18f5-4edc-8181-d1957c45b67f,Neon Lamp,2695,nm,absorbance,874.6290608641107
882.967,-0.519196,4ef7a7ad-18f5-4edc-8181-d1957c45b67f,Neon Lamp,2696,nm,absorbance,874.8067341189274
883.146,-0.916675,4ef7a7ad-18f5-4edc-8181-d1957c45b67f,Neon Lamp,2697,nm,absorbance,874.984407373744
883.325,4.259651,4ef7a7ad-18f5-4edc-8181-d1957c45b67f,Neon Lamp,2698,nm,absorbance,875.1620806285608
883.503,6.160433,4ef7a7ad-18f5-4edc-8181-d1957c45b67f,Neon Lamp,2699,nm,absorbance,875.3387612953619
883.682,3.568402999999999,4ef7a7ad-18f5-4edc-8181-d1957c45b67f,Neon Lamp,2700,nm,absorbance,875.5164345501786
883.861,5.517842999999999,4ef7a7ad-18f5-4edc-8181-d1957c45b67f,Neon Lamp,2701,nm,absorbance,875.6941078049953
884.04,4.128853,4ef7a7ad-18f5-4edc-8181-d1957c45b67f,Neon Lamp,2702,nm,absorbance,875.871781059812
884.219,6.254439,4ef7a7ad-18f5-4edc-8181-d1957c45b67f,Neon Lamp,2703,nm,absorbance,876.0494543146287
884.397,0.5989109999999999,4ef7a7ad-18f5-4edc-8181-d1957c45b67f,Neon Lamp,2704,nm,absorbance,876.2261349814297
884.576,4.464607,4ef7a7ad-18f5-4edc-8181-d1957c45b67f,Neon Lamp,2705,nm,absorbance,876.4038082362464
884.755,5.045125999999999,4ef7a7ad-18f5-4edc-8181-d1957c45b67f,Neon Lamp,2706,nm,absorbance,876.5814814910631
884.933,7.688302999999999,4ef7a7ad-18f5-4edc-8181-d1957c45b67f,Neon Lamp,2707,nm,absorbance,876.758162157864
885.112,6.652802999999999,4ef7a7ad-18f5-4edc-8181-d1957c45b67f,Neon Lamp,2708,nm,absorbance,876.9358354126807
885.291,2.867836,4ef7a7ad-18f5-4edc-8181-d1957c45b67f,Neon Lamp,2709,nm,absorbance,877.1135086674975
885.469,2.4415210000000003,4ef7a7ad-18f5-4edc-8181-d1957c45b67f,Neon Lamp,2710,nm,absorbance,877.2901893342985
885.648,0.26021,4ef7a7ad-18f5-4edc-8181-d1957c45b67f,Neon Lamp,2711,nm,absorbance,877.4678625891152
885.827,5.8098410000000005,4ef7a7ad-18f5-4edc-8181-d1957c45b67f,Neon Lamp,2712,nm,absorbance,877.6455358439318
886.005,3.2959709999999998,4ef7a7ad-18f5-4edc-8181-d1957c45b67f,Neon Lamp,2713,nm,absorbance,877.8222165107329
886.184,3.3349200000000003,4ef7a7ad-18f5-4edc-8181-d1957c45b67f,Neon Lamp,2714,nm,absorbance,877.9998897655496
886.363,2.027407,4ef7a7ad-18f5-4edc-8181-d1957c45b67f,Neon Lamp,2715,nm,absorbance,878.1775630203664
886.541,5.707995,4ef7a7ad-18f5-4edc-8181-d1957c45b67f,Neon Lamp,2716,nm,absorbance,878.3542436871674
886.72,7.64126,4ef7a7ad-18f5-4edc-8181-d1957c45b67f,Neon Lamp,2717,nm,absorbance,878.531916941984
886.898,7.1451340000000005,4ef7a7ad-18f5-4edc-8181-d1957c45b67f,Neon Lamp,2718,nm,absorbance,878.708597608785
887.077,4.807515,4ef7a7ad-18f5-4edc-8181-d1957c45b67f,Neon Lamp,2719,nm,absorbance,878.8862708636017
887.255,3.930642,4ef7a7ad-18f5-4edc-8181-d1957c45b67f,Neon Lamp,2720,nm,absorbance,879.0629515304026
887.434,-0.2424030000000002,4ef7a7ad-18f5-4edc-8181-d1957c45b67f,Neon Lamp,2721,nm,absorbance,879.2406247852193
887.612,-0.8912150000000001,4ef7a7ad-18f5-4edc-8181-d1957c45b67f,Neon Lamp,2722,nm,absorbance,879.4173054520203
887.791,1.5077839999999998,4ef7a7ad-18f5-4edc-8181-d1957c45b67f,Neon Lamp,2723,nm,absorbance,879.5949787068371
887.969,8.315538999999998,4ef7a7ad-18f5-4edc-8181-d1957c45b67f,Neon Lamp,2724,nm,absorbance,879.771659373638
888.147,9.35211,4ef7a7ad-18f5-4edc-8181-d1957c45b67f,Neon Lamp,2725,nm,absorbance,879.9483400404391
888.326,4.824781000000001,4ef7a7ad-18f5-4edc-8181-d1957c45b67f,Neon Lamp,2726,nm,absorbance,880.1260132952558
888.504,1.3775530000000002,4ef7a7ad-18f5-4edc-8181-d1957c45b67f,Neon Lamp,2727,nm,absorbance,880.3026939620568
888.682,1.8797869999999992,4ef7a7ad-18f5-4edc-8181-d1957c45b67f,Neon Lamp,2728,nm,absorbance,880.4793746288577
888.861,4.79983,4ef7a7ad-18f5-4edc-8181-d1957c45b67f,Neon Lamp,2729,nm,absorbance,880.6570478836744
889.039,3.851428,4ef7a7ad-18f5-4edc-8181-d1957c45b67f,Neon Lamp,2730,nm,absorbance,880.8337285504754
889.218,6.893564,4ef7a7ad-18f5-4edc-8181-d1957c45b67f,Neon Lamp,2731,nm,absorbance,881.011401805292
889.396,6.688433999999999,4ef7a7ad-18f5-4edc-8181-d1957c45b67f,Neon Lamp,2732,nm,absorbance,881.188082472093
889.574,6.36877,4ef7a7ad-18f5-4edc-8181-d1957c45b67f,Neon Lamp,2733,nm,absorbance,881.364763138894
889.752,2.283291,4ef7a7ad-18f5-4edc-8181-d1957c45b67f,Neon Lamp,2734,nm,absorbance,881.5414438056949
889.931,-3.430423,4ef7a7ad-18f5-4edc-8181-d1957c45b67f,Neon Lamp,2735,nm,absorbance,881.7191170605117
890.109,-3.4921400000000005,4ef7a7ad-18f5-4edc-8181-d1957c45b67f,Neon Lamp,2736,nm,absorbance,881.8957977273128
890.287,-1.8327900000000004,4ef7a7ad-18f5-4edc-8181-d1957c45b67f,Neon Lamp,2737,nm,absorbance,882.0724783941138
890.465,2.958654,4ef7a7ad-18f5-4edc-8181-d1957c45b67f,Neon Lamp,2738,nm,absorbance,882.2491590609147
890.643,2.978193,4ef7a7ad-18f5-4edc-8181-d1957c45b67f,Neon Lamp,2739,nm,absorbance,882.4258397277157
890.822,1.514224,4ef7a7ad-18f5-4edc-8181-d1957c45b67f,Neon Lamp,2740,nm,absorbance,882.6035129825324
891.0,3.866696,4ef7a7ad-18f5-4edc-8181-d1957c45b67f,Neon Lamp,2741,nm,absorbance,882.7801936493333
891.178,6.612767,4ef7a7ad-18f5-4edc-8181-d1957c45b67f,Neon Lamp,2742,nm,absorbance,882.9568743161343
891.356,6.114368000000001,4ef7a7ad-18f5-4edc-8181-d1957c45b67f,Neon Lamp,2743,nm,absorbance,883.1335549829353
891.534,6.455124,4ef7a7ad-18f5-4edc-8181-d1957c45b67f,Neon Lamp,2744,nm,absorbance,883.3102356497362
891.712,6.319342000000001,4ef7a7ad-18f5-4edc-8181-d1957c45b67f,Neon Lamp,2745,nm,absorbance,883.4869163165373
891.89,10.10459,4ef7a7ad-18f5-4edc-8181-d1957c45b67f,Neon Lamp,2746,nm,absorbance,883.6635969833383
892.068,7.522025000000002,4ef7a7ad-18f5-4edc-8181-d1957c45b67f,Neon Lamp,2747,nm,absorbance,883.8402776501392
892.247,8.67386,4ef7a7ad-18f5-4edc-8181-d1957c45b67f,Neon Lamp,2748,nm,absorbance,884.0179509049559
892.425,6.374894,4ef7a7ad-18f5-4edc-8181-d1957c45b67f,Neon Lamp,2749,nm,absorbance,884.1946315717569
892.603,5.703563000000001,4ef7a7ad-18f5-4edc-8181-d1957c45b67f,Neon Lamp,2750,nm,absorbance,884.3713122385578
892.781,2.968215,4ef7a7ad-18f5-4edc-8181-d1957c45b67f,Neon Lamp,2751,nm,absorbance,884.5479929053588
892.959,-2.825919,4ef7a7ad-18f5-4edc-8181-d1957c45b67f,Neon Lamp,2752,nm,absorbance,884.7246735721598
893.137,-0.6388149999999999,4ef7a7ad-18f5-4edc-8181-d1957c45b67f,Neon Lamp,2753,nm,absorbance,884.9013542389607
893.314,-2.8586210000000003,4ef7a7ad-18f5-4edc-8181-d1957c45b67f,Neon Lamp,2754,nm,absorbance,885.0770423177461
893.492,4.924405999999999,4ef7a7ad-18f5-4edc-8181-d1957c45b67f,Neon Lamp,2755,nm,absorbance,885.253722984547
893.67,5.233316,4ef7a7ad-18f5-4edc-8181-d1957c45b67f,Neon Lamp,2756,nm,absorbance,885.430403651348
893.848,8.798838,4ef7a7ad-18f5-4edc-8181-d1957c45b67f,Neon Lamp,2757,nm,absorbance,885.607084318149
894.026,5.196514,4ef7a7ad-18f5-4edc-8181-d1957c45b67f,Neon Lamp,2758,nm,absorbance,885.7837649849499
894.204,-0.724236,4ef7a7ad-18f5-4edc-8181-d1957c45b67f,Neon Lamp,2759,nm,absorbance,885.9604456517509
894.382,0.829426,4ef7a7ad-18f5-4edc-8181-d1957c45b67f,Neon Lamp,2760,nm,absorbance,886.1371263185519
894.56,2.5532859999999995,4ef7a7ad-18f5-4edc-8181-d1957c45b67f,Neon Lamp,2761,nm,absorbance,886.3138069853529
894.738,3.448213,4ef7a7ad-18f5-4edc-8181-d1957c45b67f,Neon Lamp,2762,nm,absorbance,886.490487652154
894.915,1.402405,4ef7a7ad-18f5-4edc-8181-d1957c45b67f,Neon Lamp,2763,nm,absorbance,886.6661757309391
895.093,2.5405100000000003,4ef7a7ad-18f5-4edc-8181-d1957c45b67f,Neon Lamp,2764,nm,absorbance,886.8428563977401
895.271,5.507012,4ef7a7ad-18f5-4edc-8181-d1957c45b67f,Neon Lamp,2765,nm,absorbance,887.019537064541
895.449,3.5647490000000004,4ef7a7ad-18f5-4edc-8181-d1957c45b67f,Neon Lamp,2766,nm,absorbance,887.196217731342
895.626,7.252442999999999,4ef7a7ad-18f5-4edc-8181-d1957c45b67f,Neon Lamp,2767,nm,absorbance,887.3719058101273
895.804,6.528717,4ef7a7ad-18f5-4edc-8181-d1957c45b67f,Neon Lamp,2768,nm,absorbance,887.5485864769282
895.982,7.467736,4ef7a7ad-18f5-4edc-8181-d1957c45b67f,Neon Lamp,2769,nm,absorbance,887.7252671437293
896.16,4.012158,4ef7a7ad-18f5-4edc-8181-d1957c45b67f,Neon Lamp,2770,nm,absorbance,887.9019478105303
896.337,4.269730000000001,4ef7a7ad-18f5-4edc-8181-d1957c45b67f,Neon Lamp,2771,nm,absorbance,888.0776358893155
896.515,3.5783440000000004,4ef7a7ad-18f5-4edc-8181-d1957c45b67f,Neon Lamp,2772,nm,absorbance,888.2543165561165
896.693,-3.48161,4ef7a7ad-18f5-4edc-8181-d1957c45b67f,Neon Lamp,2773,nm,absorbance,888.4309972229174
896.87,-2.451384,4ef7a7ad-18f5-4edc-8181-d1957c45b67f,Neon Lamp,2774,nm,absorbance,888.6066853017027
897.048,-5.306515999999999,4ef7a7ad-18f5-4edc-8181-d1957c45b67f,Neon Lamp,2775,nm,absorbance,888.7833659685036
897.225,0.240177,4ef7a7ad-18f5-4edc-8181-d1957c45b67f,Neon Lamp,2776,nm,absorbance,888.959054047289
897.403,1.22106,4ef7a7ad-18f5-4edc-8181-d1957c45b67f,Neon Lamp,2777,nm,absorbance,889.13573471409
897.581,3.727293,4ef7a7ad-18f5-4edc-8181-d1957c45b67f,Neon Lamp,2778,nm,absorbance,889.3124153808909
897.758,4.428363,4ef7a7ad-18f5-4edc-8181-d1957c45b67f,Neon Lamp,2779,nm,absorbance,889.4881034596762
897.936,3.9167240000000008,4ef7a7ad-18f5-4edc-8181-d1957c45b67f,Neon Lamp,2780,nm,absorbance,889.6647841264771
898.113,0.0057250000000001,4ef7a7ad-18f5-4edc-8181-d1957c45b67f,Neon Lamp,2781,nm,absorbance,889.8404722052624
898.291,1.361589,4ef7a7ad-18f5-4edc-8181-d1957c45b67f,Neon Lamp,2782,nm,absorbance,890.0171528720633
898.468,0.383704,4ef7a7ad-18f5-4edc-8181-d1957c45b67f,Neon Lamp,2783,nm,absorbance,890.1928409508486
898.646,3.851516,4ef7a7ad-18f5-4edc-8181-d1957c45b67f,Neon Lamp,2784,nm,absorbance,890.3695216176495
898.823,1.53715,4ef7a7ad-18f5-4edc-8181-d1957c45b67f,Neon Lamp,2785,nm,absorbance,890.5452096964348
899.001,2.977926,4ef7a7ad-18f5-4edc-8181-d1957c45b67f,Neon Lamp,2786,nm,absorbance,890.7218903632357
899.178,2.133807,4ef7a7ad-18f5-4edc-8181-d1957c45b67f,Neon Lamp,2787,nm,absorbance,890.897578442021
899.356,1.3124479999999998,4ef7a7ad-18f5-4edc-8181-d1957c45b67f,Neon Lamp,2788,nm,absorbance,891.0742591088219
899.533,1.9839290000000005,4ef7a7ad-18f5-4edc-8181-d1957c45b67f,Neon Lamp,2789,nm,absorbance,891.2499471876073
899.71,6.877979000000001,4ef7a7ad-18f5-4edc-8181-d1957c45b67f,Neon Lamp,2790,nm,absorbance,891.4256352663925
899.888,6.975412,4ef7a7ad-18f5-4edc-8181-d1957c45b67f,Neon Lamp,2791,nm,absorbance,891.6023159331935
900.065,7.895907000000001,4ef7a7ad-18f5-4edc-8181-d1957c45b67f,Neon Lamp,2792,nm,absorbance,891.7780040119787
900.242,7.712626000000002,4ef7a7ad-18f5-4edc-8181-d1957c45b67f,Neon Lamp,2793,nm,absorbance,891.9536920907639
900.42,8.390812,4ef7a7ad-18f5-4edc-8181-d1957c45b67f,Neon Lamp,2794,nm,absorbance,892.1303727575648
900.597,5.198149,4ef7a7ad-18f5-4edc-8181-d1957c45b67f,Neon Lamp,2795,nm,absorbance,892.3060608363502
900.774,-0.5204429999999999,4ef7a7ad-18f5-4edc-8181-d1957c45b67f,Neon Lamp,2796,nm,absorbance,892.4817489151354
900.952,1.703799,4ef7a7ad-18f5-4edc-8181-d1957c45b67f,Neon Lamp,2797,nm,absorbance,892.6584295819364
901.129,5.178658999999999,4ef7a7ad-18f5-4edc-8181-d1957c45b67f,Neon Lamp,2798,nm,absorbance,892.8341176607216
901.306,6.196222000000001,4ef7a7ad-18f5-4edc-8181-d1957c45b67f,Neon Lamp,2799,nm,absorbance,893.0098057395069
901.483,3.597125000000001,4ef7a7ad-18f5-4edc-8181-d1957c45b67f,Neon Lamp,2800,nm,absorbance,893.185493818292
901.661,1.1819160000000002,4ef7a7ad-18f5-4edc-8181-d1957c45b67f,Neon Lamp,2801,nm,absorbance,893.362174485093
901.838,5.315891,4ef7a7ad-18f5-4edc-8181-d1957c45b67f,Neon Lamp,2802,nm,absorbance,893.5378625638783
902.015,7.565549999999999,4ef7a7ad-18f5-4edc-8181-d1957c45b67f,Neon Lamp,2803,nm,absorbance,893.7135506426636
902.192,8.387672,4ef7a7ad-18f5-4edc-8181-d1957c45b67f,Neon Lamp,2804,nm,absorbance,893.8892387214488
902.369,6.773293000000001,4ef7a7ad-18f5-4edc-8181-d1957c45b67f,Neon Lamp,2805,nm,absorbance,894.064926800234
902.546,3.4708980000000005,4ef7a7ad-18f5-4edc-8181-d1957c45b67f,Neon Lamp,2806,nm,absorbance,894.2406148790193
902.723,3.016975,4ef7a7ad-18f5-4edc-8181-d1957c45b67f,Neon Lamp,2807,nm,absorbance,894.4163029578045
902.901,1.7847050000000002,4ef7a7ad-18f5-4edc-8181-d1957c45b67f,Neon Lamp,2808,nm,absorbance,894.5929836246055
903.078,2.273517,4ef7a7ad-18f5-4edc-8181-d1957c45b67f,Neon Lamp,2809,nm,absorbance,894.7686717033907
903.255,1.0056619999999998,4ef7a7ad-18f5-4edc-8181-d1957c45b67f,Neon Lamp,2810,nm,absorbance,894.944359782176
903.432,3.391624,4ef7a7ad-18f5-4edc-8181-d1957c45b67f,Neon Lamp,2811,nm,absorbance,895.1200478609612
903.609,1.967317,4ef7a7ad-18f5-4edc-8181-d1957c45b67f,Neon Lamp,2812,nm,absorbance,895.2957359397465
903.786,4.158634,4ef7a7ad-18f5-4edc-8181-d1957c45b67f,Neon Lamp,2813,nm,absorbance,895.4714240185317
903.963,-1.244965,4ef7a7ad-18f5-4edc-8181-d1957c45b67f,Neon Lamp,2814,nm,absorbance,895.647112097317
904.14,0.5119490000000001,4ef7a7ad-18f5-4edc-8181-d1957c45b67f,Neon Lamp,2815,nm,absorbance,895.8228001761022
904.317,-2.243677,4ef7a7ad-18f5-4edc-8181-d1957c45b67f,Neon Lamp,2816,nm,absorbance,895.9984882548874
904.494,0.6047599999999999,4ef7a7ad-18f5-4edc-8181-d1957c45b67f,Neon Lamp,2817,nm,absorbance,896.1741763336727
904.671,5.046118999999999,4ef7a7ad-18f5-4edc-8181-d1957c45b67f,Neon Lamp,2818,nm,absorbance,896.349864412458
904.848,6.477604,4ef7a7ad-18f5-4edc-8181-d1957c45b67f,Neon Lamp,2819,nm,absorbance,896.5255524912432
905.024,4.805115000000001,4ef7a7ad-18f5-4edc-8181-d1957c45b67f,Neon Lamp,2820,nm,absorbance,896.7002479820127
905.201,0.5560189999999999,4ef7a7ad-18f5-4edc-8181-d1957c45b67f,Neon Lamp,2821,nm,absorbance,896.8759360607979
905.378,3.0756090000000005,4ef7a7ad-18f5-4edc-8181-d1957c45b67f,Neon Lamp,2822,nm,absorbance,897.0516241395832
905.555,3.867965,4ef7a7ad-18f5-4edc-8181-d1957c45b67f,Neon Lamp,2823,nm,absorbance,897.2273122183684
905.732,4.708921,4ef7a7ad-18f5-4edc-8181-d1957c45b67f,Neon Lamp,2824,nm,absorbance,897.4030002971537
905.909,-4.834770000000001,4ef7a7ad-18f5-4edc-8181-d1957c45b67f,Neon Lamp,2825,nm,absorbance,897.5786883759389
906.086,-3.022227,4ef7a7ad-18f5-4edc-8181-d1957c45b67f,Neon Lamp,2826,nm,absorbance,897.7543764547241
906.262,-2.3608389999999995,4ef7a7ad-18f5-4edc-8181-d1957c45b67f,Neon Lamp,2827,nm,absorbance,897.9290719454935
906.439,10.461529,4ef7a7ad-18f5-4edc-8181-d1957c45b67f,Neon Lamp,2828,nm,absorbance,898.1047600242789
906.616,11.787846000000002,4ef7a7ad-18f5-4edc-8181-d1957c45b67f,Neon Lamp,2829,nm,absorbance,898.2804481030641
906.793,8.837793000000001,4ef7a7ad-18f5-4edc-8181-d1957c45b67f,Neon Lamp,2830,nm,absorbance,898.4561361818494
906.969,6.113458,4ef7a7ad-18f5-4edc-8181-d1957c45b67f,Neon Lamp,2831,nm,absorbance,898.6308316726189
907.146,4.868457,4ef7a7ad-18f5-4edc-8181-d1957c45b67f,Neon Lamp,2832,nm,absorbance,898.806519751404
907.323,4.757899,4ef7a7ad-18f5-4edc-8181-d1957c45b67f,Neon Lamp,2833,nm,absorbance,898.9822078301894
907.5,-0.6143650000000002,4ef7a7ad-18f5-4edc-8181-d1957c45b67f,Neon Lamp,2834,nm,absorbance,899.1578959089746
907.676,-1.0479919999999998,4ef7a7ad-18f5-4edc-8181-d1957c45b67f,Neon Lamp,2835,nm,absorbance,899.3325913997442
907.853,-4.0307960000000005,4ef7a7ad-18f5-4edc-8181-d1957c45b67f,Neon Lamp,2836,nm,absorbance,899.5082794785293
908.03,-0.777661,4ef7a7ad-18f5-4edc-8181-d1957c45b67f,Neon Lamp,2837,nm,absorbance,899.6839675573145
908.206,2.7665620000000004,4ef7a7ad-18f5-4edc-8181-d1957c45b67f,Neon Lamp,2838,nm,absorbance,899.8586630480842
908.383,7.679459,4ef7a7ad-18f5-4edc-8181-d1957c45b67f,Neon Lamp,2839,nm,absorbance,900.0343511268694
908.559,7.210011,4ef7a7ad-18f5-4edc-8181-d1957c45b67f,Neon Lamp,2840,nm,absorbance,900.2090466176388
908.736,0.979676,4ef7a7ad-18f5-4edc-8181-d1957c45b67f,Neon Lamp,2841,nm,absorbance,900.3847346964241
908.912,0.4971529999999998,4ef7a7ad-18f5-4edc-8181-d1957c45b67f,Neon Lamp,2842,nm,absorbance,900.5594301871936
909.089,-2.859195,4ef7a7ad-18f5-4edc-8181-d1957c45b67f,Neon Lamp,2843,nm,absorbance,900.7351182659789
909.266,2.063453,4ef7a7ad-18f5-4edc-8181-d1957c45b67f,Neon Lamp,2844,nm,absorbance,900.9108063447641
909.442,0.417104,4ef7a7ad-18f5-4edc-8181-d1957c45b67f,Neon Lamp,2845,nm,absorbance,901.0855018355336
909.619,3.365953,4ef7a7ad-18f5-4edc-8181-d1957c45b67f,Neon Lamp,2846,nm,absorbance,901.2611899143188
909.795,1.3087480000000002,4ef7a7ad-18f5-4edc-8181-d1957c45b67f,Neon Lamp,2847,nm,absorbance,901.4358854050884
909.972,1.5763280000000002,4ef7a7ad-18f5-4edc-8181-d1957c45b67f,Neon Lamp,2848,nm,absorbance,901.6115734838736
910.148,3.646691,4ef7a7ad-18f5-4edc-8181-d1957c45b67f,Neon Lamp,2849,nm,absorbance,901.7862689746431
910.324,2.120914,4ef7a7ad-18f5-4edc-8181-d1957c45b67f,Neon Lamp,2850,nm,absorbance,901.9609644654125
910.501,7.654231999999999,4ef7a7ad-18f5-4edc-8181-d1957c45b67f,Neon Lamp,2851,nm,absorbance,902.1366525441978
910.677,6.308621,4ef7a7ad-18f5-4edc-8181-d1957c45b67f,Neon Lamp,2852,nm,absorbance,902.3113480349674
910.854,7.195458,4ef7a7ad-18f5-4edc-8181-d1957c45b67f,Neon Lamp,2853,nm,absorbance,902.4870361137527
911.03,-0.0564900000000001,4ef7a7ad-18f5-4edc-8181-d1957c45b67f,Neon Lamp,2854,nm,absorbance,902.6617316045221
911.206,-1.3224600000000002,4ef7a7ad-18f5-4edc-8181-d1957c45b67f,Neon Lamp,2855,nm,absorbance,902.8364270952916
911.383,-4.028441,4ef7a7ad-18f5-4edc-8181-d1957c45b67f,Neon Lamp,2856,nm,absorbance,903.0121151740769
911.559,-1.309423,4ef7a7ad-18f5-4edc-8181-d1957c45b67f,Neon Lamp,2857,nm,absorbance,903.1868106648463
911.735,-4.803351999999999,4ef7a7ad-18f5-4edc-8181-d1957c45b67f,Neon Lamp,2858,nm,absorbance,903.3615061556159
911.912,-1.947513,4ef7a7ad-18f5-4edc-8181-d1957c45b67f,Neon Lamp,2859,nm,absorbance,903.5371942344011
912.088,-3.003427,4ef7a7ad-18f5-4edc-8181-d1957c45b67f,Neon Lamp,2860,nm,absorbance,903.7118897251705
912.264,1.4356,4ef7a7ad-18f5-4edc-8181-d1957c45b67f,Neon Lamp,2861,nm,absorbance,903.8865852159402
912.44,2.958053,4ef7a7ad-18f5-4edc-8181-d1957c45b67f,Neon Lamp,2862,nm,absorbance,904.0612807067097
912.617,7.234745000000001,4ef7a7ad-18f5-4edc-8181-d1957c45b67f,Neon Lamp,2863,nm,absorbance,904.2369687854948
912.793,4.529912,4ef7a7ad-18f5-4edc-8181-d1957c45b67f,Neon Lamp,2864,nm,absorbance,904.4116642762643
912.969,1.283008,4ef7a7ad-18f5-4edc-8181-d1957c45b67f,Neon Lamp,2865,nm,absorbance,904.586359767034
913.145,-4.111656999999999,4ef7a7ad-18f5-4edc-8181-d1957c45b67f,Neon Lamp,2866,nm,absorbance,904.7610552578034
913.321,-0.5327430000000001,4ef7a7ad-18f5-4edc-8181-d1957c45b67f,Neon Lamp,2867,nm,absorbance,904.9357507485729
913.498,0.1488029999999999,4ef7a7ad-18f5-4edc-8181-d1957c45b67f,Neon Lamp,2868,nm,absorbance,905.1114388273581
913.674,4.187669,4ef7a7ad-18f5-4edc-8181-d1957c45b67f,Neon Lamp,2869,nm,absorbance,905.2861343181277
913.85,-0.3426729999999999,4ef7a7ad-18f5-4edc-8181-d1957c45b67f,Neon Lamp,2870,nm,absorbance,905.4608298088972
914.026,-0.182922,4ef7a7ad-18f5-4edc-8181-d1957c45b67f,Neon Lamp,2871,nm,absorbance,905.6355252996666
914.202,-2.406242,4ef7a7ad-18f5-4edc-8181-d1957c45b67f,Neon Lamp,2872,nm,absorbance,905.8102207904361
914.378,-0.9432320000000004,4ef7a7ad-18f5-4edc-8181-d1957c45b67f,Neon Lamp,2873,nm,absorbance,905.9849162812058
914.554,-1.184488,4ef7a7ad-18f5-4edc-8181-d1957c45b67f,Neon Lamp,2874,nm,absorbance,906.1596117719752
914.73,-5.091679999999999,4ef7a7ad-18f5-4edc-8181-d1957c45b67f,Neon Lamp,2875,nm,absorbance,906.3343072627447
914.906,-5.1177150000000005,4ef7a7ad-18f5-4edc-8181-d1957c45b67f,Neon Lamp,2876,nm,absorbance,906.5090027535141
915.082,-3.5661940000000003,4ef7a7ad-18f5-4edc-8181-d1957c45b67f,Neon Lamp,2877,nm,absorbance,906.6836982442837
915.258,4.198192999999999,4ef7a7ad-18f5-4edc-8181-d1957c45b67f,Neon Lamp,2878,nm,absorbance,906.8583937350533
915.434,5.276926,4ef7a7ad-18f5-4edc-8181-d1957c45b67f,Neon Lamp,2879,nm,absorbance,907.0330892258227
915.61,5.658859,4ef7a7ad-18f5-4edc-8181-d1957c45b67f,Neon Lamp,2880,nm,absorbance,907.2077847165922
915.786,4.800767,4ef7a7ad-18f5-4edc-8181-d1957c45b67f,Neon Lamp,2881,nm,absorbance,907.3824802073617
915.962,8.465902,4ef7a7ad-18f5-4edc-8181-d1957c45b67f,Neon Lamp,2882,nm,absorbance,907.5571756981312
916.138,9.016425,4ef7a7ad-18f5-4edc-8181-d1957c45b67f,Neon Lamp,2883,nm,absorbance,907.7318711889008
916.314,2.930103,4ef7a7ad-18f5-4edc-8181-d1957c45b67f,Neon Lamp,2884,nm,absorbance,907.9065666796702
916.49,-0.9173780000000006,4ef7a7ad-18f5-4edc-8181-d1957c45b67f,Neon Lamp,2885,nm,absorbance,908.0812621704398
916.665,1.436888,4ef7a7ad-18f5-4edc-8181-d1957c45b67f,Neon Lamp,2886,nm,absorbance,908.2549650731935
916.841,3.930803,4ef7a7ad-18f5-4edc-8181-d1957c45b67f,Neon Lamp,2887,nm,absorbance,908.429660563963
917.017,2.721499,4ef7a7ad-18f5-4edc-8181-d1957c45b67f,Neon Lamp,2888,nm,absorbance,908.6043560547325
917.193,-1.1552810000000002,4ef7a7ad-18f5-4edc-8181-d1957c45b67f,Neon Lamp,2889,nm,absorbance,908.779051545502
917.369,-2.038111,4ef7a7ad-18f5-4edc-8181-d1957c45b67f,Neon Lamp,2890,nm,absorbance,908.9537470362716
917.545,2.8555320000000006,4ef7a7ad-18f5-4edc-8181-d1957c45b67f,Neon Lamp,2891,nm,absorbance,909.128442527041
917.72,2.337345,4ef7a7ad-18f5-4edc-8181-d1957c45b67f,Neon Lamp,2892,nm,absorbance,909.3021454297948
917.896,5.140041999999999,4ef7a7ad-18f5-4edc-8181-d1957c45b67f,Neon Lamp,2893,nm,absorbance,909.4768409205643
918.072,-0.6891900000000001,4ef7a7ad-18f5-4edc-8181-d1957c45b67f,Neon Lamp,2894,nm,absorbance,909.6515364113338
918.247,1.452202,4ef7a7ad-18f5-4edc-8181-d1957c45b67f,Neon Lamp,2895,nm,absorbance,909.8252393140875
918.423,-0.914499,4ef7a7ad-18f5-4edc-8181-d1957c45b67f,Neon Lamp,2896,nm,absorbance,909.9999348048572
918.599,4.924262000000001,4ef7a7ad-18f5-4edc-8181-d1957c45b67f,Neon Lamp,2897,nm,absorbance,910.1746302956267
918.775,5.788377,4ef7a7ad-18f5-4edc-8181-d1957c45b67f,Neon Lamp,2898,nm,absorbance,910.3493257863961
918.95,1.9581760000000004,4ef7a7ad-18f5-4edc-8181-d1957c45b67f,Neon Lamp,2899,nm,absorbance,910.5230286891499
919.126,-5.731416,4ef7a7ad-18f5-4edc-8181-d1957c45b67f,Neon Lamp,2900,nm,absorbance,910.6977241799194
919.301,-7.172541,4ef7a7ad-18f5-4edc-8181-d1957c45b67f,Neon Lamp,2901,nm,absorbance,910.8714270826732
919.477,-1.637182,4ef7a7ad-18f5-4edc-8181-d1957c45b67f,Neon Lamp,2902,nm,absorbance,911.0461225734426
919.653,4.6499760000000006,4ef7a7ad-18f5-4edc-8181-d1957c45b67f,Neon Lamp,2903,nm,absorbance,911.2208180642122
919.828,4.871488,4ef7a7ad-18f5-4edc-8181-d1957c45b67f,Neon Lamp,2904,nm,absorbance,911.394520966966
920.004,3.4343449999999995,4ef7a7ad-18f5-4edc-8181-d1957c45b67f,Neon Lamp,2905,nm,absorbance,911.5692164577355
920.179,4.830425,4ef7a7ad-18f5-4edc-8181-d1957c45b67f,Neon Lamp,2906,nm,absorbance,911.7429193604892
920.355,4.40045,4ef7a7ad-18f5-4edc-8181-d1957c45b67f,Neon Lamp,2907,nm,absorbance,911.9176148512588
920.53,7.483822000000001,4ef7a7ad-18f5-4edc-8181-d1957c45b67f,Neon Lamp,2908,nm,absorbance,912.0913177540125
920.706,2.844252,4ef7a7ad-18f5-4edc-8181-d1957c45b67f,Neon Lamp,2909,nm,absorbance,912.266013244782
920.881,0.318168,4ef7a7ad-18f5-4edc-8181-d1957c45b67f,Neon Lamp,2910,nm,absorbance,912.4397161475357
921.057,-2.886573,4ef7a7ad-18f5-4edc-8181-d1957c45b67f,Neon Lamp,2911,nm,absorbance,912.6144116383053
921.232,2.551419,4ef7a7ad-18f5-4edc-8181-d1957c45b67f,Neon Lamp,2912,nm,absorbance,912.788114541059
921.408,7.454312,4ef7a7ad-18f5-4edc-8181-d1957c45b67f,Neon Lamp,2913,nm,absorbance,912.9628100318286
921.583,9.015991,4ef7a7ad-18f5-4edc-8181-d1957c45b67f,Neon Lamp,2914,nm,absorbance,913.1365129345824
921.759,1.3227749999999998,4ef7a7ad-18f5-4edc-8181-d1957c45b67f,Neon Lamp,2915,nm,absorbance,913.3112084253519
921.934,-3.248062,4ef7a7ad-18f5-4edc-8181-d1957c45b67f,Neon Lamp,2916,nm,absorbance,913.4849113281056
922.109,-4.1771910000000005,4ef7a7ad-18f5-4edc-8181-d1957c45b67f,Neon Lamp,2917,nm,absorbance,913.6586142308595
922.285,0.7907789999999999,4ef7a7ad-18f5-4edc-8181-d1957c45b67f,Neon Lamp,2918,nm,absorbance,913.8333097216289
922.46,2.71449,4ef7a7ad-18f5-4edc-8181-d1957c45b67f,Neon Lamp,2919,nm,absorbance,914.0070126243827
922.635,6.632987000000002,4ef7a7ad-18f5-4edc-8181-d1957c45b67f,Neon Lamp,2920,nm,absorbance,914.1807155271364
922.811,2.864172,4ef7a7ad-18f5-4edc-8181-d1957c45b67f,Neon Lamp,2921,nm,absorbance,914.355411017906
922.986,3.160543,4ef7a7ad-18f5-4edc-8181-d1957c45b67f,Neon Lamp,2922,nm,absorbance,914.5291139206597
923.161,-0.252779,4ef7a7ad-18f5-4edc-8181-d1957c45b67f,Neon Lamp,2923,nm,absorbance,914.7028168234134
923.336,-2.1550830000000003,4ef7a7ad-18f5-4edc-8181-d1957c45b67f,Neon Lamp,2924,nm,absorbance,914.8765197261673
923.512,-2.445315,4ef7a7ad-18f5-4edc-8181-d1957c45b67f,Neon Lamp,2925,nm,absorbance,915.0512152169367
923.687,-1.8519690000000004,4ef7a7ad-18f5-4edc-8181-d1957c45b67f,Neon Lamp,2926,nm,absorbance,915.2249181196905
923.862,-2.2918739999999995,4ef7a7ad-18f5-4edc-8181-d1957c45b67f,Neon Lamp,2927,nm,absorbance,915.3986210224443
924.037,-4.511262,4ef7a7ad-18f5-4edc-8181-d1957c45b67f,Neon Lamp,2928,nm,absorbance,915.5723239251981
924.212,-4.820689,4ef7a7ad-18f5-4edc-8181-d1957c45b67f,Neon Lamp,2929,nm,absorbance,915.7460268279518
924.388,0.7323789999999999,4ef7a7ad-18f5-4edc-8181-d1957c45b67f,Neon Lamp,2930,nm,absorbance,915.9207223187213
924.563,2.2152520000000004,4ef7a7ad-18f5-4edc-8181-d1957c45b67f,Neon Lamp,2931,nm,absorbance,916.0944252214751
924.738,1.132777,4ef7a7ad-18f5-4edc-8181-d1957c45b67f,Neon Lamp,2932,nm,absorbance,916.268128124229
924.913,-1.46841,4ef7a7ad-18f5-4edc-8181-d1957c45b67f,Neon Lamp,2933,nm,absorbance,916.4418310269826
925.088,-5.408869000000001,4ef7a7ad-18f5-4edc-8181-d1957c45b67f,Neon Lamp,2934,nm,absorbance,916.6155339297364
925.263,-1.9691820000000004,4ef7a7ad-18f5-4edc-8181-d1957c45b67f,Neon Lamp,2935,nm,absorbance,916.7892368324902
925.438,2.53179,4ef7a7ad-18f5-4edc-8181-d1957c45b67f,Neon Lamp,2936,nm,absorbance,916.9629397352439
925.613,6.495177000000001,4ef7a7ad-18f5-4edc-8181-d1957c45b67f,Neon Lamp,2937,nm,absorbance,917.1366426379979
925.788,1.376696,4ef7a7ad-18f5-4edc-8181-d1957c45b67f,Neon Lamp,2938,nm,absorbance,917.3103455407515
925.963,-0.555591,4ef7a7ad-18f5-4edc-8181-d1957c45b67f,Neon Lamp,2939,nm,absorbance,917.4840484435052
926.138,-4.323726000000001,4ef7a7ad-18f5-4edc-8181-d1957c45b67f,Neon Lamp,2940,nm,absorbance,917.6577513462591
926.313,1.1435949999999997,4ef7a7ad-18f5-4edc-8181-d1957c45b67f,Neon Lamp,2941,nm,absorbance,917.8314542490128
926.488,0.7098860000000001,4ef7a7ad-18f5-4edc-8181-d1957c45b67f,Neon Lamp,2942,nm,absorbance,918.0051571517666
926.663,2.571868,4ef7a7ad-18f5-4edc-8181-d1957c45b67f,Neon Lamp,2943,nm,absorbance,918.1788600545204
926.838,-1.089414,4ef7a7ad-18f5-4edc-8181-d1957c45b67f,Neon Lamp,2944,nm,absorbance,918.3525629572741
927.013,-1.036998,4ef7a7ad-18f5-4edc-8181-d1957c45b67f,Neon Lamp,2945,nm,absorbance,918.5262658600279
927.188,0.7387630000000002,4ef7a7ad-18f5-4edc-8181-d1957c45b67f,Neon Lamp,2946,nm,absorbance,918.6999687627816
927.363,4.253140999999999,4ef7a7ad-18f5-4edc-8181-d1957c45b67f,Neon Lamp,2947,nm,absorbance,918.8736716655355
927.538,0.928127,4ef7a7ad-18f5-4edc-8181-d1957c45b67f,Neon Lamp,2948,nm,absorbance,919.0473745682892
927.713,2.362471,4ef7a7ad-18f5-4edc-8181-d1957c45b67f,Neon Lamp,2949,nm,absorbance,919.2210774710429
927.888,4.413242,4ef7a7ad-18f5-4edc-8181-d1957c45b67f,Neon Lamp,2950,nm,absorbance,919.3947803737968
928.062,6.548159,4ef7a7ad-18f5-4edc-8181-d1957c45b67f,Neon Lamp,2951,nm,absorbance,919.5674906885348
928.237,6.463508999999999,4ef7a7ad-18f5-4edc-8181-d1957c45b67f,Neon Lamp,2952,nm,absorbance,919.7411935912885
928.412,3.254972,4ef7a7ad-18f5-4edc-8181-d1957c45b67f,Neon Lamp,2953,nm,absorbance,919.9148964940424
928.587,4.620744,4ef7a7ad-18f5-4edc-8181-d1957c45b67f,Neon Lamp,2954,nm,absorbance,920.0885993967961
928.761,1.6443659999999998,4ef7a7ad-18f5-4edc-8181-d1957c45b67f,Neon Lamp,2955,nm,absorbance,920.2613097115341
928.936,1.29611,4ef7a7ad-18f5-4edc-8181-d1957c45b67f,Neon Lamp,2956,nm,absorbance,920.435012614288
929.111,0.181469,4ef7a7ad-18f5-4edc-8181-d1957c45b67f,Neon Lamp,2957,nm,absorbance,920.6087155170417
929.286,3.9565140000000008,4ef7a7ad-18f5-4edc-8181-d1957c45b67f,Neon Lamp,2958,nm,absorbance,920.7824184197954
929.46,3.2162390000000003,4ef7a7ad-18f5-4edc-8181-d1957c45b67f,Neon Lamp,2959,nm,absorbance,920.9551287345336
929.635,4.767892000000001,4ef7a7ad-18f5-4edc-8181-d1957c45b67f,Neon Lamp,2960,nm,absorbance,921.1288316372872
929.81,1.860072,4ef7a7ad-18f5-4edc-8181-d1957c45b67f,Neon Lamp,2961,nm,absorbance,921.3025345400409
929.984,0.911538,4ef7a7ad-18f5-4edc-8181-d1957c45b67f,Neon Lamp,2962,nm,absorbance,921.4752448547791
930.159,1.202303,4ef7a7ad-18f5-4edc-8181-d1957c45b67f,Neon Lamp,2963,nm,absorbance,921.6489477575328
930.334,0.4324180000000001,4ef7a7ad-18f5-4edc-8181-d1957c45b67f,Neon Lamp,2964,nm,absorbance,921.8226506602865
930.508,0.940882,4ef7a7ad-18f5-4edc-8181-d1957c45b67f,Neon Lamp,2965,nm,absorbance,921.9953609750247
930.683,-0.073362,4ef7a7ad-18f5-4edc-8181-d1957c45b67f,Neon Lamp,2966,nm,absorbance,922.1690638777784
930.857,5.629154000000001,4ef7a7ad-18f5-4edc-8181-d1957c45b67f,Neon Lamp,2967,nm,absorbance,922.3417741925165
931.032,6.8452660000000005,4ef7a7ad-18f5-4edc-8181-d1957c45b67f,Neon Lamp,2968,nm,absorbance,922.5154770952703
931.206,6.561424,4ef7a7ad-18f5-4edc-8181-d1957c45b67f,Neon Lamp,2969,nm,absorbance,922.6881874100083
931.381,3.177314,4ef7a7ad-18f5-4edc-8181-d1957c45b67f,Neon Lamp,2970,nm,absorbance,922.8618903127621
931.556,3.505815,4ef7a7ad-18f5-4edc-8181-d1957c45b67f,Neon Lamp,2971,nm,absorbance,923.0355932155159
931.73,7.257040999999999,4ef7a7ad-18f5-4edc-8181-d1957c45b67f,Neon Lamp,2972,nm,absorbance,923.2083035302538
931.904,7.308507999999999,4ef7a7ad-18f5-4edc-8181-d1957c45b67f,Neon Lamp,2973,nm,absorbance,923.3810138449919
932.079,3.117911,4ef7a7ad-18f5-4edc-8181-d1957c45b67f,Neon Lamp,2974,nm,absorbance,923.5547167477456
932.253,-1.1939699999999998,4ef7a7ad-18f5-4edc-8181-d1957c45b67f,Neon Lamp,2975,nm,absorbance,923.7274270624837
932.428,-0.867585,4ef7a7ad-18f5-4edc-8181-d1957c45b67f,Neon Lamp,2976,nm,absorbance,923.9011299652375
932.602,2.463064,4ef7a7ad-18f5-4edc-8181-d1957c45b67f,Neon Lamp,2977,nm,absorbance,924.0738402799755
932.777,5.009652,4ef7a7ad-18f5-4edc-8181-d1957c45b67f,Neon Lamp,2978,nm,absorbance,924.2475431827293
932.951,3.425536,4ef7a7ad-18f5-4edc-8181-d1957c45b67f,Neon Lamp,2979,nm,absorbance,924.4202534974673
933.125,2.825494,4ef7a7ad-18f5-4edc-8181-d1957c45b67f,Neon Lamp,2980,nm,absorbance,924.5929638122053
933.3,-0.4805469999999999,4ef7a7ad-18f5-4edc-8181-d1957c45b67f,Neon Lamp,2981,nm,absorbance,924.766666714959
933.474,3.31481,4ef7a7ad-18f5-4edc-8181-d1957c45b67f,Neon Lamp,2982,nm,absorbance,924.9393770296972
933.648,4.582614,4ef7a7ad-18f5-4edc-8181-d1957c45b67f,Neon Lamp,2983,nm,absorbance,925.1120873444352
933.823,3.901584,4ef7a7ad-18f5-4edc-8181-d1957c45b67f,Neon Lamp,2984,nm,absorbance,925.285790247189
933.997,-1.060521,4ef7a7ad-18f5-4edc-8181-d1957c45b67f,Neon Lamp,2985,nm,absorbance,925.4585005619269
934.171,-5.287944,4ef7a7ad-18f5-4edc-8181-d1957c45b67f,Neon Lamp,2986,nm,absorbance,925.631210876665
934.345,-7.834054999999999,4ef7a7ad-18f5-4edc-8181-d1957c45b67f,Neon Lamp,2987,nm,absorbance,925.8039211914031
934.52,-7.912409999999999,4ef7a7ad-18f5-4edc-8181-d1957c45b67f,Neon Lamp,2988,nm,absorbance,925.9776240941568
934.694,-0.7632120000000004,4ef7a7ad-18f5-4edc-8181-d1957c45b67f,Neon Lamp,2989,nm,absorbance,926.1503344088948
934.868,5.2679290000000005,4ef7a7ad-18f5-4edc-8181-d1957c45b67f,Neon Lamp,2990,nm,absorbance,926.323044723633
935.042,10.027034,4ef7a7ad-18f5-4edc-8181-d1957c45b67f,Neon Lamp,2991,nm,absorbance,926.4957550383709
935.217,6.567943,4ef7a7ad-18f5-4edc-8181-d1957c45b67f,Neon Lamp,2992,nm,absorbance,926.6694579411247
935.391,3.659631,4ef7a7ad-18f5-4edc-8181-d1957c45b67f,Neon Lamp,2993,nm,absorbance,926.8421682558627
935.565,-1.852599,4ef7a7ad-18f5-4edc-8181-d1957c45b67f,Neon Lamp,2994,nm,absorbance,927.0148785706008
935.739,-4.616601999999999,4ef7a7ad-18f5-4edc-8181-d1957c45b67f,Neon Lamp,2995,nm,absorbance,927.1875888853389
935.913,-3.19897,4ef7a7ad-18f5-4edc-8181-d1957c45b67f,Neon Lamp,2996,nm,absorbance,927.3602992000768
936.087,1.192002,4ef7a7ad-18f5-4edc-8181-d1957c45b67f,Neon Lamp,2997,nm,absorbance,927.5330095148148
936.261,5.458802,4ef7a7ad-18f5-4edc-8181-d1957c45b67f,Neon Lamp,2998,nm,absorbance,927.7057198295529
936.435,7.476705,4ef7a7ad-18f5-4edc-8181-d1957c45b67f,Neon Lamp,2999,nm,absorbance,927.8784301442909
936.609,8.059993,4ef7a7ad-18f5-4edc-8181-d1957c45b67f,Neon Lamp,3000,nm,absorbance,928.051140459029
936.783,9.366991,4ef7a7ad-18f5-4edc-8181-d1957c45b67f,Neon Lamp,3001,nm,absorbance,928.223850773767
936.957,8.744324,4ef7a7ad-18f5-4edc-8181-d1957c45b67f,Neon Lamp,3002,nm,absorbance,928.396561088505
937.131,7.042544,4ef7a7ad-18f5-4edc-8181-d1957c45b67f,Neon Lamp,3003,nm,absorbance,928.5692714032431
937.305,4.144798,4ef7a7ad-18f5-4edc-8181-d1957c45b67f,Neon Lamp,3004,nm,absorbance,928.741981717981
937.479,5.888903,4ef7a7ad-18f5-4edc-8181-d1957c45b67f,Neon Lamp,3005,nm,absorbance,928.9146920327192
937.653,1.1528269999999998,4ef7a7ad-18f5-4edc-8181-d1957c45b67f,Neon Lamp,3006,nm,absorbance,929.0874023474572
937.827,-0.496743,4ef7a7ad-18f5-4edc-8181-d1957c45b67f,Neon Lamp,3007,nm,absorbance,929.2601126621952
938.001,-1.3796289999999998,4ef7a7ad-18f5-4edc-8181-d1957c45b67f,Neon Lamp,3008,nm,absorbance,929.4328229769333
938.175,2.31358,4ef7a7ad-18f5-4edc-8181-d1957c45b67f,Neon Lamp,3009,nm,absorbance,929.6055332916712
938.349,3.027308,4ef7a7ad-18f5-4edc-8181-d1957c45b67f,Neon Lamp,3010,nm,absorbance,929.7782436064093
938.523,-1.588638,4ef7a7ad-18f5-4edc-8181-d1957c45b67f,Neon Lamp,3011,nm,absorbance,929.9509539211474
938.697,-3.117093,4ef7a7ad-18f5-4edc-8181-d1957c45b67f,Neon Lamp,3012,nm,absorbance,930.1236642358854
938.87,-4.378347,4ef7a7ad-18f5-4edc-8181-d1957c45b67f,Neon Lamp,3013,nm,absorbance,930.2953819626077
939.044,-2.0575810000000003,4ef7a7ad-18f5-4edc-8181-d1957c45b67f,Neon Lamp,3014,nm,absorbance,930.4680922773457
939.218,-0.1577029999999999,4ef7a7ad-18f5-4edc-8181-d1957c45b67f,Neon Lamp,3015,nm,absorbance,930.6408025920837
939.392,3.859041,4ef7a7ad-18f5-4edc-8181-d1957c45b67f,Neon Lamp,3016,nm,absorbance,930.8135129068219
939.566,3.539478,4ef7a7ad-18f5-4edc-8181-d1957c45b67f,Neon Lamp,3017,nm,absorbance,930.9862232215598
939.739,0.530898,4ef7a7ad-18f5-4edc-8181-d1957c45b67f,Neon Lamp,3018,nm,absorbance,931.1579409482822
939.913,0.419304,4ef7a7ad-18f5-4edc-8181-d1957c45b67f,Neon Lamp,3019,nm,absorbance,931.3306512630202
940.087,-1.960359,4ef7a7ad-18f5-4edc-8181-d1957c45b67f,Neon Lamp,3020,nm,absorbance,931.5033615777581
940.261,3.2163220000000003,4ef7a7ad-18f5-4edc-8181-d1957c45b67f,Neon Lamp,3021,nm,absorbance,931.6760718924962
940.434,1.4036669999999998,4ef7a7ad-18f5-4edc-8181-d1957c45b67f,Neon Lamp,3022,nm,absorbance,931.8477896192185
940.608,1.4957110000000002,4ef7a7ad-18f5-4edc-8181-d1957c45b67f,Neon Lamp,3023,nm,absorbance,932.0204999339566
940.782,-3.325534,4ef7a7ad-18f5-4edc-8181-d1957c45b67f,Neon Lamp,3024,nm,absorbance,932.1932102486946
940.955,-5.036597,4ef7a7ad-18f5-4edc-8181-d1957c45b67f,Neon Lamp,3025,nm,absorbance,932.3649279754169
941.129,-2.377484,4ef7a7ad-18f5-4edc-8181-d1957c45b67f,Neon Lamp,3026,nm,absorbance,932.537638290155
941.302,-3.2778980000000004,4ef7a7ad-18f5-4edc-8181-d1957c45b67f,Neon Lamp,3027,nm,absorbance,932.7093560168772
941.476,-0.200532,4ef7a7ad-18f5-4edc-8181-d1957c45b67f,Neon Lamp,3028,nm,absorbance,932.8820663316153
941.65,-2.596089,4ef7a7ad-18f5-4edc-8181-d1957c45b67f,Neon Lamp,3029,nm,absorbance,933.0547766463533
941.823,2.662293,4ef7a7ad-18f5-4edc-8181-d1957c45b67f,Neon Lamp,3030,nm,absorbance,933.2264943730756
941.997,3.11787,4ef7a7ad-18f5-4edc-8181-d1957c45b67f,Neon Lamp,3031,nm,absorbance,933.3992046878136
942.17,3.553906,4ef7a7ad-18f5-4edc-8181-d1957c45b67f,Neon Lamp,3032,nm,absorbance,933.5709224145359
942.344,6.926621,4ef7a7ad-18f5-4edc-8181-d1957c45b67f,Neon Lamp,3033,nm,absorbance,933.743632729274
942.517,6.461036,4ef7a7ad-18f5-4edc-8181-d1957c45b67f,Neon Lamp,3034,nm,absorbance,933.9153504559963
942.691,5.425419,4ef7a7ad-18f5-4edc-8181-d1957c45b67f,Neon Lamp,3035,nm,absorbance,934.0880607707344
942.864,1.25438,4ef7a7ad-18f5-4edc-8181-d1957c45b67f,Neon Lamp,3036,nm,absorbance,934.2597784974566
943.038,-0.8710539999999994,4ef7a7ad-18f5-4edc-8181-d1957c45b67f,Neon Lamp,3037,nm,absorbance,934.4324888121946
943.211,4.6378960000000005,4ef7a7ad-18f5-4edc-8181-d1957c45b67f,Neon Lamp,3038,nm,absorbance,934.604206538917
943.385,-1.7775459999999998,4ef7a7ad-18f5-4edc-8181-d1957c45b67f,Neon Lamp,3039,nm,absorbance,934.7769168536549
943.558,-4.711163,4ef7a7ad-18f5-4edc-8181-d1957c45b67f,Neon Lamp,3040,nm,absorbance,934.9486345803773
943.731,-7.704264,4ef7a7ad-18f5-4edc-8181-d1957c45b67f,Neon Lamp,3041,nm,absorbance,935.1203523070996
943.905,-1.461738,4ef7a7ad-18f5-4edc-8181-d1957c45b67f,Neon Lamp,3042,nm,absorbance,935.2930626218376
944.078,-2.3218880000000004,4ef7a7ad-18f5-4edc-8181-d1957c45b67f,Neon Lamp,3043,nm,absorbance,935.4647803485599
944.251,0.36135,4ef7a7ad-18f5-4edc-8181-d1957c45b67f,Neon Lamp,3044,nm,absorbance,935.6364980752821
944.425,-1.659582,4ef7a7ad-18f5-4edc-8181-d1957c45b67f,Neon Lamp,3045,nm,absorbance,935.8092083900202
944.598,2.111192,4ef7a7ad-18f5-4edc-8181-d1957c45b67f,Neon Lamp,3046,nm,absorbance,935.9809261167425
944.771,1.24411,4ef7a7ad-18f5-4edc-8181-d1957c45b67f,Neon Lamp,3047,nm,absorbance,936.1526438434648
944.945,3.365939,4ef7a7ad-18f5-4edc-8181-d1957c45b67f,Neon Lamp,3048,nm,absorbance,936.3253541582029
945.118,2.453329,4ef7a7ad-18f5-4edc-8181-d1957c45b67f,Neon Lamp,3049,nm,absorbance,936.4970718849253
945.291,2.202416,4ef7a7ad-18f5-4edc-8181-d1957c45b67f,Neon Lamp,3050,nm,absorbance,936.6687896116475
945.464,0.0899849999999999,4ef7a7ad-18f5-4edc-8181-d1957c45b67f,Neon Lamp,3051,nm,absorbance,936.8405073383699
945.638,0.5655929999999998,4ef7a7ad-18f5-4edc-8181-d1957c45b67f,Neon Lamp,3052,nm,absorbance,937.0132176531079
945.811,-2.114027,4ef7a7ad-18f5-4edc-8181-d1957c45b67f,Neon Lamp,3053,nm,absorbance,937.1849353798301
945.984,-2.152909,4ef7a7ad-18f5-4edc-8181-d1957c45b67f,Neon Lamp,3054,nm,absorbance,937.3566531065525
946.157,1.100626,4ef7a7ad-18f5-4edc-8181-d1957c45b67f,Neon Lamp,3055,nm,absorbance,937.5283708332747
946.33,-0.037125,4ef7a7ad-18f5-4edc-8181-d1957c45b67f,Neon Lamp,3056,nm,absorbance,937.7000885599971
946.503,2.359194,4ef7a7ad-18f5-4edc-8181-d1957c45b67f,Neon Lamp,3057,nm,absorbance,937.8718062867193
946.677,2.007282,4ef7a7ad-18f5-4edc-8181-d1957c45b67f,Neon Lamp,3058,nm,absorbance,938.0445166014574
946.85,6.61013,4ef7a7ad-18f5-4edc-8181-d1957c45b67f,Neon Lamp,3059,nm,absorbance,938.2162343281797
947.023,4.513677,4ef7a7ad-18f5-4edc-8181-d1957c45b67f,Neon Lamp,3060,nm,absorbance,938.3879520549019
947.196,6.003987,4ef7a7ad-18f5-4edc-8181-d1957c45b67f,Neon Lamp,3061,nm,absorbance,938.5596697816243
947.369,4.918577,4ef7a7ad-18f5-4edc-8181-d1957c45b67f,Neon Lamp,3062,nm,absorbance,938.7313875083465
947.542,9.455223999999998,4ef7a7ad-18f5-4edc-8181-d1957c45b67f,Neon Lamp,3063,nm,absorbance,938.9031052350689
947.715,6.663731,4ef7a7ad-18f5-4edc-8181-d1957c45b67f,Neon Lamp,3064,nm,absorbance,939.0748229617911
947.888,6.594617,4ef7a7ad-18f5-4edc-8181-d1957c45b67f,Neon Lamp,3065,nm,absorbance,939.2465406885135
948.061,4.098357,4ef7a7ad-18f5-4edc-8181-d1957c45b67f,Neon Lamp,3066,nm,absorbance,939.4182584152358
948.234,3.120861,4ef7a7ad-18f5-4edc-8181-d1957c45b67f,Neon Lamp,3067,nm,absorbance,939.5899761419581
948.407,2.234686,4ef7a7ad-18f5-4edc-8181-d1957c45b67f,Neon Lamp,3068,nm,absorbance,939.7616938686804
948.58,-0.665961,4ef7a7ad-18f5-4edc-8181-d1957c45b67f,Neon Lamp,3069,nm,absorbance,939.9334115954027
948.753,-1.4712619999999998,4ef7a7ad-18f5-4edc-8181-d1957c45b67f,Neon Lamp,3070,nm,absorbance,940.105129322125
948.926,1.2805140000000002,4ef7a7ad-18f5-4edc-8181-d1957c45b67f,Neon Lamp,3071,nm,absorbance,940.2768470488472
949.099,-0.7016109999999998,4ef7a7ad-18f5-4edc-8181-d1957c45b67f,Neon Lamp,3072,nm,absorbance,940.4485647755696
949.271,0.4913099999999999,4ef7a7ad-18f5-4edc-8181-d1957c45b67f,Neon Lamp,3073,nm,absorbance,940.619289914276
949.444,-0.477091,4ef7a7ad-18f5-4edc-8181-d1957c45b67f,Neon Lamp,3074,nm,absorbance,940.7910076409984
949.617,2.453206,4ef7a7ad-18f5-4edc-8181-d1957c45b67f,Neon Lamp,3075,nm,absorbance,940.9627253677206
949.79,0.399824,4ef7a7ad-18f5-4edc-8181-d1957c45b67f,Neon Lamp,3076,nm,absorbance,941.134443094443
949.963,0.419093,4ef7a7ad-18f5-4edc-8181-d1957c45b67f,Neon Lamp,3077,nm,absorbance,941.3061608211652
950.136,0.4843079999999998,4ef7a7ad-18f5-4edc-8181-d1957c45b67f,Neon Lamp,3078,nm,absorbance,941.4778785478876
950.308,1.804348,4ef7a7ad-18f5-4edc-8181-d1957c45b67f,Neon Lamp,3079,nm,absorbance,941.6486036865941
950.481,-3.671473,4ef7a7ad-18f5-4edc-8181-d1957c45b67f,Neon Lamp,3080,nm,absorbance,941.8203214133165
950.654,-3.074767,4ef7a7ad-18f5-4edc-8181-d1957c45b67f,Neon Lamp,3081,nm,absorbance,941.9920391400387
950.827,-1.584789,4ef7a7ad-18f5-4edc-8181-d1957c45b67f,Neon Lamp,3082,nm,absorbance,942.1637568667611
950.999,2.779158,4ef7a7ad-18f5-4edc-8181-d1957c45b67f,Neon Lamp,3083,nm,absorbance,942.3344820054676
951.172,5.510865000000001,4ef7a7ad-18f5-4edc-8181-d1957c45b67f,Neon Lamp,3084,nm,absorbance,942.5061997321899
951.345,3.698499,4ef7a7ad-18f5-4edc-8181-d1957c45b67f,Neon Lamp,3085,nm,absorbance,942.6779174589122
951.517,4.387419,4ef7a7ad-18f5-4edc-8181-d1957c45b67f,Neon Lamp,3086,nm,absorbance,942.8486425976188
951.69,3.588325,4ef7a7ad-18f5-4edc-8181-d1957c45b67f,Neon Lamp,3087,nm,absorbance,943.0203603243411
951.863,5.742826000000001,4ef7a7ad-18f5-4edc-8181-d1957c45b67f,Neon Lamp,3088,nm,absorbance,943.1920780510634
952.035,6.628592,4ef7a7ad-18f5-4edc-8181-d1957c45b67f,Neon Lamp,3089,nm,absorbance,943.3628031897699
952.208,6.133921,4ef7a7ad-18f5-4edc-8181-d1957c45b67f,Neon Lamp,3090,nm,absorbance,943.5345209164922
952.381,4.191112,4ef7a7ad-18f5-4edc-8181-d1957c45b67f,Neon Lamp,3091,nm,absorbance,943.7062386432145
952.553,0.57928,4ef7a7ad-18f5-4edc-8181-d1957c45b67f,Neon Lamp,3092,nm,absorbance,943.8769637819211
952.726,-1.122612,4ef7a7ad-18f5-4edc-8181-d1957c45b67f,Neon Lamp,3093,nm,absorbance,944.0486815086434
952.898,-0.2719079999999999,4ef7a7ad-18f5-4edc-8181-d1957c45b67f,Neon Lamp,3094,nm,absorbance,944.21940664735
953.071,-2.174941,4ef7a7ad-18f5-4edc-8181-d1957c45b67f,Neon Lamp,3095,nm,absorbance,944.3911243740723
953.243,-1.4738989999999998,4ef7a7ad-18f5-4edc-8181-d1957c45b67f,Neon Lamp,3096,nm,absorbance,944.5618495127788
953.416,-4.813794,4ef7a7ad-18f5-4edc-8181-d1957c45b67f,Neon Lamp,3097,nm,absorbance,944.7335672395012
953.588,-0.1264669999999999,4ef7a7ad-18f5-4edc-8181-d1957c45b67f,Neon Lamp,3098,nm,absorbance,944.9042923782076
953.761,-0.7820320000000001,4ef7a7ad-18f5-4edc-8181-d1957c45b67f,Neon Lamp,3099,nm,absorbance,945.07601010493
953.933,1.472384,4ef7a7ad-18f5-4edc-8181-d1957c45b67f,Neon Lamp,3100,nm,absorbance,945.2467352436365
954.106,-0.040839,4ef7a7ad-18f5-4edc-8181-d1957c45b67f,Neon Lamp,3101,nm,absorbance,945.4184529703589
954.278,1.7193390000000002,4ef7a7ad-18f5-4edc-8181-d1957c45b67f,Neon Lamp,3102,nm,absorbance,945.5891781090654
954.45,3.668688999999999,4ef7a7ad-18f5-4edc-8181-d1957c45b67f,Neon Lamp,3103,nm,absorbance,945.7599032477721
954.623,1.800965,4ef7a7ad-18f5-4edc-8181-d1957c45b67f,Neon Lamp,3104,nm,absorbance,945.9316209744943
954.795,-2.7034130000000003,4ef7a7ad-18f5-4edc-8181-d1957c45b67f,Neon Lamp,3105,nm,absorbance,946.1023461132008
954.967,-6.488212,4ef7a7ad-18f5-4edc-8181-d1957c45b67f,Neon Lamp,3106,nm,absorbance,946.2730712519074
955.14,-2.3575860000000004,4ef7a7ad-18f5-4edc-8181-d1957c45b67f,Neon Lamp,3107,nm,absorbance,946.4447889786297
955.312,1.155906,4ef7a7ad-18f5-4edc-8181-d1957c45b67f,Neon Lamp,3108,nm,absorbance,946.6155141173363
955.484,3.089185,4ef7a7ad-18f5-4edc-8181-d1957c45b67f,Neon Lamp,3109,nm,absorbance,946.7862392560429
955.657,0.6602239999999999,4ef7a7ad-18f5-4edc-8181-d1957c45b67f,Neon Lamp,3110,nm,absorbance,946.9579569827652
955.829,0.969993,4ef7a7ad-18f5-4edc-8181-d1957c45b67f,Neon Lamp,3111,nm,absorbance,947.1286821214717
956.001,0.6702100000000001,4ef7a7ad-18f5-4edc-8181-d1957c45b67f,Neon Lamp,3112,nm,absorbance,947.2994072601782
956.173,3.5588890000000006,4ef7a7ad-18f5-4edc-8181-d1957c45b67f,Neon Lamp,3113,nm,absorbance,947.4701323988849
956.346,4.958235,4ef7a7ad-18f5-4edc-8181-d1957c45b67f,Neon Lamp,3114,nm,absorbance,947.6418501256071
956.518,7.40009,4ef7a7ad-18f5-4edc-8181-d1957c45b67f,Neon Lamp,3115,nm,absorbance,947.8125752643138
956.69,2.0432529999999995,4ef7a7ad-18f5-4edc-8181-d1957c45b67f,Neon Lamp,3116,nm,absorbance,947.9833004030203
956.862,-1.3117610000000002,4ef7a7ad-18f5-4edc-8181-d1957c45b67f,Neon Lamp,3117,nm,absorbance,948.1540255417268
957.034,-2.808574000000001,4ef7a7ad-18f5-4edc-8181-d1957c45b67f,Neon Lamp,3118,nm,absorbance,948.3247506804333
957.207,-2.611635,4ef7a7ad-18f5-4edc-8181-d1957c45b67f,Neon Lamp,3119,nm,absorbance,948.4964684071557
957.379,-1.575264,4ef7a7ad-18f5-4edc-8181-d1957c45b67f,Neon Lamp,3120,nm,absorbance,948.6671935458622
957.551,1.077856,4ef7a7ad-18f5-4edc-8181-d1957c45b67f,Neon Lamp,3121,nm,absorbance,948.8379186845689
957.723,5.928311000000001,4ef7a7ad-18f5-4edc-8181-d1957c45b67f,Neon Lamp,3122,nm,absorbance,949.0086438232753
957.895,8.206888000000001,4ef7a7ad-18f5-4edc-8181-d1957c45b67f,Neon Lamp,3123,nm,absorbance,949.1793689619819
958.067,3.689095,4ef7a7ad-18f5-4edc-8181-d1957c45b67f,Neon Lamp,3124,nm,absorbance,949.3500941006885
958.239,4.877365999999999,4ef7a7ad-18f5-4edc-8181-d1957c45b67f,Neon Lamp,3125,nm,absorbance,949.5208192393951
958.411,3.785158,4ef7a7ad-18f5-4edc-8181-d1957c45b67f,Neon Lamp,3126,nm,absorbance,949.6915443781015
958.583,5.252466,4ef7a7ad-18f5-4edc-8181-d1957c45b67f,Neon Lamp,3127,nm,absorbance,949.8622695168082
958.755,0.6537400000000002,4ef7a7ad-18f5-4edc-8181-d1957c45b67f,Neon Lamp,3128,nm,absorbance,950.0329946555147
958.927,-0.360072,4ef7a7ad-18f5-4edc-8181-d1957c45b67f,Neon Lamp,3129,nm,absorbance,950.2037197942213
959.099,0.8882399999999999,4ef7a7ad-18f5-4edc-8181-d1957c45b67f,Neon Lamp,3130,nm,absorbance,950.3744449329279
959.271,-1.562684,4ef7a7ad-18f5-4edc-8181-d1957c45b67f,Neon Lamp,3131,nm,absorbance,950.5451700716344
959.443,-0.21599,4ef7a7ad-18f5-4edc-8181-d1957c45b67f,Neon Lamp,3132,nm,absorbance,950.7158952103409
959.615,-2.087,4ef7a7ad-18f5-4edc-8181-d1957c45b67f,Neon Lamp,3133,nm,absorbance,950.8866203490476
959.787,2.137086,4ef7a7ad-18f5-4edc-8181-d1957c45b67f,Neon Lamp,3134,nm,absorbance,951.0573454877541
959.959,2.6520040000000003,4ef7a7ad-18f5-4edc-8181-d1957c45b67f,Neon Lamp,3135,nm,absorbance,951.2280706264606
960.13,4.751371000000001,4ef7a7ad-18f5-4edc-8181-d1957c45b67f,Neon Lamp,3136,nm,absorbance,951.3978031771516
960.302,3.5289230000000003,4ef7a7ad-18f5-4edc-8181-d1957c45b67f,Neon Lamp,3137,nm,absorbance,951.5685283158581
960.474,0.2689379999999999,4ef7a7ad-18f5-4edc-8181-d1957c45b67f,Neon Lamp,3138,nm,absorbance,951.7392534545647
960.646,0.252655,4ef7a7ad-18f5-4edc-8181-d1957c45b67f,Neon Lamp,3139,nm,absorbance,951.9099785932711
960.818,4.968129,4ef7a7ad-18f5-4edc-8181-d1957c45b67f,Neon Lamp,3140,nm,absorbance,952.0807037319778
960.99,8.016556999999999,4ef7a7ad-18f5-4edc-8181-d1957c45b67f,Neon Lamp,3141,nm,absorbance,952.2514288706843
961.161,7.934877,4ef7a7ad-18f5-4edc-8181-d1957c45b67f,Neon Lamp,3142,nm,absorbance,952.4211614213751
961.333,7.376252000000001,4ef7a7ad-18f5-4edc-8181-d1957c45b67f,Neon Lamp,3143,nm,absorbance,952.5918865600817
961.505,9.292269,4ef7a7ad-18f5-4edc-8181-d1957c45b67f,Neon Lamp,3144,nm,absorbance,952.7626116987883
961.677,4.631501,4ef7a7ad-18f5-4edc-8181-d1957c45b67f,Neon Lamp,3145,nm,absorbance,952.9333368374948
961.848,3.008204,4ef7a7ad-18f5-4edc-8181-d1957c45b67f,Neon Lamp,3146,nm,absorbance,953.1030693881856
962.02,0.909537,4ef7a7ad-18f5-4edc-8181-d1957c45b67f,Neon Lamp,3147,nm,absorbance,953.2737945268922
962.192,3.591713000000001,4ef7a7ad-18f5-4edc-8181-d1957c45b67f,Neon Lamp,3148,nm,absorbance,953.4445196655988
962.363,5.347175,4ef7a7ad-18f5-4edc-8181-d1957c45b67f,Neon Lamp,3149,nm,absorbance,953.6142522162896
962.535,2.233634,4ef7a7ad-18f5-4edc-8181-d1957c45b67f,Neon Lamp,3150,nm,absorbance,953.7849773549962
962.707,2.240031,4ef7a7ad-18f5-4edc-8181-d1957c45b67f,Neon Lamp,3151,nm,absorbance,953.9557024937027
962.878,-0.816448,4ef7a7ad-18f5-4edc-8181-d1957c45b67f,Neon Lamp,3152,nm,absorbance,954.1254350443936
963.05,3.816447,4ef7a7ad-18f5-4edc-8181-d1957c45b67f,Neon Lamp,3153,nm,absorbance,954.2961601831001
963.221,7.721417000000001,4ef7a7ad-18f5-4edc-8181-d1957c45b67f,Neon Lamp,3154,nm,absorbance,954.465892733791
963.393,4.305655,4ef7a7ad-18f5-4edc-8181-d1957c45b67f,Neon Lamp,3155,nm,absorbance,954.6366178724976
963.564,4.027784,4ef7a7ad-18f5-4edc-8181-d1957c45b67f,Neon Lamp,3156,nm,absorbance,954.8063504231883
963.736,1.5633969999999997,4ef7a7ad-18f5-4edc-8181-d1957c45b67f,Neon Lamp,3157,nm,absorbance,954.9770755618949
963.907,0.3380569999999999,4ef7a7ad-18f5-4edc-8181-d1957c45b67f,Neon Lamp,3158,nm,absorbance,955.1468081125857
964.079,-5.238601,4ef7a7ad-18f5-4edc-8181-d1957c45b67f,Neon Lamp,3159,nm,absorbance,955.3175332512923
964.25,-0.9487910000000002,4ef7a7ad-18f5-4edc-8181-d1957c45b67f,Neon Lamp,3160,nm,absorbance,955.4872658019831
964.422,6.542288999999999,4ef7a7ad-18f5-4edc-8181-d1957c45b67f,Neon Lamp,3161,nm,absorbance,955.6579909406897
964.593,4.517817999999999,4ef7a7ad-18f5-4edc-8181-d1957c45b67f,Neon Lamp,3162,nm,absorbance,955.8277234913805
964.765,1.5642230000000004,4ef7a7ad-18f5-4edc-8181-d1957c45b67f,Neon Lamp,3163,nm,absorbance,955.9984486300871
964.936,-2.482138,4ef7a7ad-18f5-4edc-8181-d1957c45b67f,Neon Lamp,3164,nm,absorbance,956.168181180778
965.108,1.0380809999999998,4ef7a7ad-18f5-4edc-8181-d1957c45b67f,Neon Lamp,3165,nm,absorbance,956.3389063194844
965.279,0.4259829999999998,4ef7a7ad-18f5-4edc-8181-d1957c45b67f,Neon Lamp,3166,nm,absorbance,956.5086388701753
965.45,4.527256,4ef7a7ad-18f5-4edc-8181-d1957c45b67f,Neon Lamp,3167,nm,absorbance,956.6783714208661
965.622,5.465977999999999,4ef7a7ad-18f5-4edc-8181-d1957c45b67f,Neon Lamp,3168,nm,absorbance,956.8490965595727
965.793,4.787548,4ef7a7ad-18f5-4edc-8181-d1957c45b67f,Neon Lamp,3169,nm,absorbance,957.0188291102635
965.964,5.391961,4ef7a7ad-18f5-4edc-8181-d1957c45b67f,Neon Lamp,3170,nm,absorbance,957.1885616609544
966.136,3.4422489999999994,4ef7a7ad-18f5-4edc-8181-d1957c45b67f,Neon Lamp,3171,nm,absorbance,957.3592867996609
966.307,3.615134,4ef7a7ad-18f5-4edc-8181-d1957c45b67f,Neon Lamp,3172,nm,absorbance,957.5290193503517
966.478,-2.019717,4ef7a7ad-18f5-4edc-8181-d1957c45b67f,Neon Lamp,3173,nm,absorbance,957.6987519010426
966.65,3.809491,4ef7a7ad-18f5-4edc-8181-d1957c45b67f,Neon Lamp,3174,nm,absorbance,957.8694770397491
966.821,5.452820000000001,4ef7a7ad-18f5-4edc-8181-d1957c45b67f,Neon Lamp,3175,nm,absorbance,958.03920959044
966.992,3.516459,4ef7a7ad-18f5-4edc-8181-d1957c45b67f,Neon Lamp,3176,nm,absorbance,958.2089421411307
967.163,-0.9301970000000004,4ef7a7ad-18f5-4edc-8181-d1957c45b67f,Neon Lamp,3177,nm,absorbance,958.3786746918216
967.334,-4.284877,4ef7a7ad-18f5-4edc-8181-d1957c45b67f,Neon Lamp,3178,nm,absorbance,958.5484072425124
967.506,1.1789630000000002,4ef7a7ad-18f5-4edc-8181-d1957c45b67f,Neon Lamp,3179,nm,absorbance,958.719132381219
967.677,4.543199,4ef7a7ad-18f5-4edc-8181-d1957c45b67f,Neon Lamp,3180,nm,absorbance,958.8888649319099
967.848,2.4669730000000003,4ef7a7ad-18f5-4edc-8181-d1957c45b67f,Neon Lamp,3181,nm,absorbance,959.0585974826006
968.019,3.2859810000000005,4ef7a7ad-18f5-4edc-8181-d1957c45b67f,Neon Lamp,3182,nm,absorbance,959.2283300332915
968.19,1.098462,4ef7a7ad-18f5-4edc-8181-d1957c45b67f,Neon Lamp,3183,nm,absorbance,959.3980625839823
968.361,5.83784,4ef7a7ad-18f5-4edc-8181-d1957c45b67f,Neon Lamp,3184,nm,absorbance,959.5677951346731
968.532,5.86913,4ef7a7ad-18f5-4edc-8181-d1957c45b67f,Neon Lamp,3185,nm,absorbance,959.7375276853641
968.703,6.788239,4ef7a7ad-18f5-4edc-8181-d1957c45b67f,Neon Lamp,3186,nm,absorbance,959.9072602360548
968.874,5.686478,4ef7a7ad-18f5-4edc-8181-d1957c45b67f,Neon Lamp,3187,nm,absorbance,960.0769927867457
969.045,1.48795,4ef7a7ad-18f5-4edc-8181-d1957c45b67f,Neon Lamp,3188,nm,absorbance,960.2467253374364
969.216,1.7525959999999998,4ef7a7ad-18f5-4edc-8181-d1957c45b67f,Neon Lamp,3189,nm,absorbance,960.4164578881273
969.387,3.509752,4ef7a7ad-18f5-4edc-8181-d1957c45b67f,Neon Lamp,3190,nm,absorbance,960.5861904388181
969.558,5.309037,4ef7a7ad-18f5-4edc-8181-d1957c45b67f,Neon Lamp,3191,nm,absorbance,960.7559229895089
969.729,4.575152,4ef7a7ad-18f5-4edc-8181-d1957c45b67f,Neon Lamp,3192,nm,absorbance,960.9256555401998
969.9,-4.113035999999999,4ef7a7ad-18f5-4edc-8181-d1957c45b67f,Neon Lamp,3193,nm,absorbance,961.0953880908905
970.071,-7.877931999999999,4ef7a7ad-18f5-4edc-8181-d1957c45b67f,Neon Lamp,3194,nm,absorbance,961.2651206415815
970.242,-10.313038000000002,4ef7a7ad-18f5-4edc-8181-d1957c45b67f,Neon Lamp,3195,nm,absorbance,961.4348531922723
970.413,-2.922255,4ef7a7ad-18f5-4edc-8181-d1957c45b67f,Neon Lamp,3196,nm,absorbance,961.6045857429631
970.584,3.1800620000000004,4ef7a7ad-18f5-4edc-8181-d1957c45b67f,Neon Lamp,3197,nm,absorbance,961.7743182936539
970.755,2.635851,4ef7a7ad-18f5-4edc-8181-d1957c45b67f,Neon Lamp,3198,nm,absorbance,961.9440508443447
970.926,0.060931,4ef7a7ad-18f5-4edc-8181-d1957c45b67f,Neon Lamp,3199,nm,absorbance,962.1137833950356
971.097,-5.483566000000001,4ef7a7ad-18f5-4edc-8181-d1957c45b67f,Neon Lamp,3200,nm,absorbance,962.2835159457263
971.267,-1.3107380000000002,4ef7a7ad-18f5-4edc-8181-d1957c45b67f,Neon Lamp,3201,nm,absorbance,962.4522559084015
971.438,0.915272,4ef7a7ad-18f5-4edc-8181-d1957c45b67f,Neon Lamp,3202,nm,absorbance,962.6219884590923
971.609,1.629318,4ef7a7ad-18f5-4edc-8181-d1957c45b67f,Neon Lamp,3203,nm,absorbance,962.7917210097831
971.78,1.2446070000000002,4ef7a7ad-18f5-4edc-8181-d1957c45b67f,Neon Lamp,3204,nm,absorbance,962.961453560474
971.951,-4.628297,4ef7a7ad-18f5-4edc-8181-d1957c45b67f,Neon Lamp,3205,nm,absorbance,963.1311861111648
972.121,-0.0256839999999998,4ef7a7ad-18f5-4edc-8181-d1957c45b67f,Neon Lamp,3206,nm,absorbance,963.2999260738399
972.292,1.244727,4ef7a7ad-18f5-4edc-8181-d1957c45b67f,Neon Lamp,3207,nm,absorbance,963.4696586245308
972.463,8.275307999999999,4ef7a7ad-18f5-4edc-8181-d1957c45b67f,Neon Lamp,3208,nm,absorbance,963.6393911752215
972.633,7.000579,4ef7a7ad-18f5-4edc-8181-d1957c45b67f,Neon Lamp,3209,nm,absorbance,963.8081311378967
972.804,2.346167,4ef7a7ad-18f5-4edc-8181-d1957c45b67f,Neon Lamp,3210,nm,absorbance,963.9778636885874
972.975,0.774696,4ef7a7ad-18f5-4edc-8181-d1957c45b67f,Neon Lamp,3211,nm,absorbance,964.1475962392783
973.145,-0.588127,4ef7a7ad-18f5-4edc-8181-d1957c45b67f,Neon Lamp,3212,nm,absorbance,964.3163362019534
973.316,2.626331,4ef7a7ad-18f5-4edc-8181-d1957c45b67f,Neon Lamp,3213,nm,absorbance,964.4860687526442
973.487,0.1130999999999999,4ef7a7ad-18f5-4edc-8181-d1957c45b67f,Neon Lamp,3214,nm,absorbance,964.655801303335
973.657,6.367414,4ef7a7ad-18f5-4edc-8181-d1957c45b67f,Neon Lamp,3215,nm,absorbance,964.8245412660102
973.828,4.707801,4ef7a7ad-18f5-4edc-8181-d1957c45b67f,Neon Lamp,3216,nm,absorbance,964.9942738167009
973.998,6.963494,4ef7a7ad-18f5-4edc-8181-d1957c45b67f,Neon Lamp,3217,nm,absorbance,965.1630137793761
974.169,-1.869526,4ef7a7ad-18f5-4edc-8181-d1957c45b67f,Neon Lamp,3218,nm,absorbance,965.3327463300668
974.339,-3.3427550000000004,4ef7a7ad-18f5-4edc-8181-d1957c45b67f,Neon Lamp,3219,nm,absorbance,965.501486292742
974.51,-4.467449,4ef7a7ad-18f5-4edc-8181-d1957c45b67f,Neon Lamp,3220,nm,absorbance,965.6712188434328
974.68,-4.555115000000001,4ef7a7ad-18f5-4edc-8181-d1957c45b67f,Neon Lamp,3221,nm,absorbance,965.8399588061078
974.851,2.3016909999999995,4ef7a7ad-18f5-4edc-8181-d1957c45b67f,Neon Lamp,3222,nm,absorbance,966.0096913567987
975.021,6.545902000000001,4ef7a7ad-18f5-4edc-8181-d1957c45b67f,Neon Lamp,3223,nm,absorbance,966.1784313194737
975.192,10.982317000000002,4ef7a7ad-18f5-4edc-8181-d1957c45b67f,Neon Lamp,3224,nm,absorbance,966.3481638701646
975.362,4.741367,4ef7a7ad-18f5-4edc-8181-d1957c45b67f,Neon Lamp,3225,nm,absorbance,966.5169038328397
975.533,1.263355,4ef7a7ad-18f5-4edc-8181-d1957c45b67f,Neon Lamp,3226,nm,absorbance,966.6866363835305
975.703,-0.760853,4ef7a7ad-18f5-4edc-8181-d1957c45b67f,Neon Lamp,3227,nm,absorbance,966.8553763462056
975.874,2.5842750000000003,4ef7a7ad-18f5-4edc-8181-d1957c45b67f,Neon Lamp,3228,nm,absorbance,967.0251088968965
976.044,3.3143480000000003,4ef7a7ad-18f5-4edc-8181-d1957c45b67f,Neon Lamp,3229,nm,absorbance,967.1938488595715
976.214,4.999365999999999,4ef7a7ad-18f5-4edc-8181-d1957c45b67f,Neon Lamp,3230,nm,absorbance,967.3625888222467
976.385,3.5252740000000005,4ef7a7ad-18f5-4edc-8181-d1957c45b67f,Neon Lamp,3231,nm,absorbance,967.5323213729374
976.555,4.545591,4ef7a7ad-18f5-4edc-8181-d1957c45b67f,Neon Lamp,3232,nm,absorbance,967.7010613356125
976.725,-0.7274349999999999,4ef7a7ad-18f5-4edc-8181-d1957c45b67f,Neon Lamp,3233,nm,absorbance,967.8698012982877
976.896,-1.398776,4ef7a7ad-18f5-4edc-8181-d1957c45b67f,Neon Lamp,3234,nm,absorbance,968.0395338489784
977.066,-5.7077100000000005,4ef7a7ad-18f5-4edc-8181-d1957c45b67f,Neon Lamp,3235,nm,absorbance,968.2082738116536
977.236,-1.503709,4ef7a7ad-18f5-4edc-8181-d1957c45b67f,Neon Lamp,3236,nm,absorbance,968.3770137743287
977.406,-1.9049160000000005,4ef7a7ad-18f5-4edc-8181-d1957c45b67f,Neon Lamp,3237,nm,absorbance,968.5457537370037
977.577,1.803689,4ef7a7ad-18f5-4edc-8181-d1957c45b67f,Neon Lamp,3238,nm,absorbance,968.7154862876946
977.747,-1.1654450000000005,4ef7a7ad-18f5-4edc-8181-d1957c45b67f,Neon Lamp,3239,nm,absorbance,968.8842262503697
977.917,1.628848,4ef7a7ad-18f5-4edc-8181-d1957c45b67f,Neon Lamp,3240,nm,absorbance,969.0529662130448
978.087,-0.130771,4ef7a7ad-18f5-4edc-8181-d1957c45b67f,Neon Lamp,3241,nm,absorbance,969.2217061757199
978.257,5.623006,4ef7a7ad-18f5-4edc-8181-d1957c45b67f,Neon Lamp,3242,nm,absorbance,969.3904461383949
978.427,2.54218,4ef7a7ad-18f5-4edc-8181-d1957c45b67f,Neon Lamp,3243,nm,absorbance,969.55918610107
978.598,4.279574,4ef7a7ad-18f5-4edc-8181-d1957c45b67f,Neon Lamp,3244,nm,absorbance,969.7289186517609
978.768,1.0419740000000002,4ef7a7ad-18f5-4edc-8181-d1957c45b67f,Neon Lamp,3245,nm,absorbance,969.897658614436
978.938,-0.8221790000000002,4ef7a7ad-18f5-4edc-8181-d1957c45b67f,Neon Lamp,3246,nm,absorbance,970.066398577111
979.108,-0.3989420000000001,4ef7a7ad-18f5-4edc-8181-d1957c45b67f,Neon Lamp,3247,nm,absorbance,970.2351385397861
979.278,2.962562,4ef7a7ad-18f5-4edc-8181-d1957c45b67f,Neon Lamp,3248,nm,absorbance,970.4038785024612
979.448,4.712255000000001,4ef7a7ad-18f5-4edc-8181-d1957c45b67f,Neon Lamp,3249,nm,absorbance,970.5726184651363
979.618,5.315537000000001,4ef7a7ad-18f5-4edc-8181-d1957c45b67f,Neon Lamp,3250,nm,absorbance,970.7413584278115
979.788,0.105935,4ef7a7ad-18f5-4edc-8181-d1957c45b67f,Neon Lamp,3251,nm,absorbance,970.9100983904865
979.958,-2.709558,4ef7a7ad-18f5-4edc-8181-d1957c45b67f,Neon Lamp,3252,nm,absorbance,971.0788383531616
980.128,-1.965855,4ef7a7ad-18f5-4edc-8181-d1957c45b67f,Neon Lamp,3253,nm,absorbance,971.2475783158368
980.298,1.0005330000000003,4ef7a7ad-18f5-4edc-8181-d1957c45b67f,Neon Lamp,3254,nm,absorbance,971.4163182785118
980.468,3.920688,4ef7a7ad-18f5-4edc-8181-d1957c45b67f,Neon Lamp,3255,nm,absorbance,971.5850582411869
980.638,3.663391,4ef7a7ad-18f5-4edc-8181-d1957c45b67f,Neon Lamp,3256,nm,absorbance,971.7537982038621
980.808,-0.0198119999999999,4ef7a7ad-18f5-4edc-8181-d1957c45b67f,Neon Lamp,3257,nm,absorbance,971.922538166537
980.978,2.503597,4ef7a7ad-18f5-4edc-8181-d1957c45b67f,Neon Lamp,3258,nm,absorbance,972.0912781292121
981.148,1.016636,4ef7a7ad-18f5-4edc-8181-d1957c45b67f,Neon Lamp,3259,nm,absorbance,972.2600180918872
981.317,3.571847,4ef7a7ad-18f5-4edc-8181-d1957c45b67f,Neon Lamp,3260,nm,absorbance,972.4277654665466
981.487,4.403148,4ef7a7ad-18f5-4edc-8181-d1957c45b67f,Neon Lamp,3261,nm,absorbance,972.5965054292217
981.657,0.188379,4ef7a7ad-18f5-4edc-8181-d1957c45b67f,Neon Lamp,3262,nm,absorbance,972.7652453918969
981.827,-0.075757,4ef7a7ad-18f5-4edc-8181-d1957c45b67f,Neon Lamp,3263,nm,absorbance,972.9339853545719
981.997,-3.104606,4ef7a7ad-18f5-4edc-8181-d1957c45b67f,Neon Lamp,3264,nm,absorbance,973.102725317247
982.167,0.6701139999999999,4ef7a7ad-18f5-4edc-8181-d1957c45b67f,Neon Lamp,3265,nm,absorbance,973.271465279922
982.336,-2.143255,4ef7a7ad-18f5-4edc-8181-d1957c45b67f,Neon Lamp,3266,nm,absorbance,973.4392126545814
982.506,-0.425731,4ef7a7ad-18f5-4edc-8181-d1957c45b67f,Neon Lamp,3267,nm,absorbance,973.6079526172565
982.676,1.147938,4ef7a7ad-18f5-4edc-8181-d1957c45b67f,Neon Lamp,3268,nm,absorbance,973.7766925799316
982.846,3.296358,4ef7a7ad-18f5-4edc-8181-d1957c45b67f,Neon Lamp,3269,nm,absorbance,973.9454325426067
983.015,5.335027000000001,4ef7a7ad-18f5-4edc-8181-d1957c45b67f,Neon Lamp,3270,nm,absorbance,974.113179917266
983.185,3.151775,4ef7a7ad-18f5-4edc-8181-d1957c45b67f,Neon Lamp,3271,nm,absorbance,974.2819198799411
983.355,4.29892,4ef7a7ad-18f5-4edc-8181-d1957c45b67f,Neon Lamp,3272,nm,absorbance,974.4506598426162
983.524,-1.067747,4ef7a7ad-18f5-4edc-8181-d1957c45b67f,Neon Lamp,3273,nm,absorbance,974.6184072172756
983.694,-3.0136320000000003,4ef7a7ad-18f5-4edc-8181-d1957c45b67f,Neon Lamp,3274,nm,absorbance,974.7871471799507
983.864,-4.125179999999999,4ef7a7ad-18f5-4edc-8181-d1957c45b67f,Neon Lamp,3275,nm,absorbance,974.9558871426258
984.033,-1.2725149999999998,4ef7a7ad-18f5-4edc-8181-d1957c45b67f,Neon Lamp,3276,nm,absorbance,975.1236345172852
984.203,0.3995269999999998,4ef7a7ad-18f5-4edc-8181-d1957c45b67f,Neon Lamp,3277,nm,absorbance,975.2923744799602
984.372,-0.304397,4ef7a7ad-18f5-4edc-8181-d1957c45b67f,Neon Lamp,3278,nm,absorbance,975.4601218546195
984.542,-3.512343,4ef7a7ad-18f5-4edc-8181-d1957c45b67f,Neon Lamp,3279,nm,absorbance,975.6288618172947
984.712,-3.3755660000000005,4ef7a7ad-18f5-4edc-8181-d1957c45b67f,Neon Lamp,3280,nm,absorbance,975.7976017799698
984.881,-1.5827280000000006,4ef7a7ad-18f5-4edc-8181-d1957c45b67f,Neon Lamp,3281,nm,absorbance,975.965349154629
985.051,-3.022747,4ef7a7ad-18f5-4edc-8181-d1957c45b67f,Neon Lamp,3282,nm,absorbance,976.1340891173043
985.22,-3.553884,4ef7a7ad-18f5-4edc-8181-d1957c45b67f,Neon Lamp,3283,nm,absorbance,976.3018364919636
985.39,-5.493412,4ef7a7ad-18f5-4edc-8181-d1957c45b67f,Neon Lamp,3284,nm,absorbance,976.4705764546386
985.559,-2.442855,4ef7a7ad-18f5-4edc-8181-d1957c45b67f,Neon Lamp,3285,nm,absorbance,976.638323829298
985.728,4.0706880000000005,4ef7a7ad-18f5-4edc-8181-d1957c45b67f,Neon Lamp,3286,nm,absorbance,976.8060712039573
985.898,5.4266630000000005,4ef7a7ad-18f5-4edc-8181-d1957c45b67f,Neon Lamp,3287,nm,absorbance,976.9748111666324
986.067,1.910195,4ef7a7ad-18f5-4edc-8181-d1957c45b67f,Neon Lamp,3288,nm,absorbance,977.1425585412918
986.237,-6.011225,4ef7a7ad-18f5-4edc-8181-d1957c45b67f,Neon Lamp,3289,nm,absorbance,977.3112985039669
986.406,-8.358353000000001,4ef7a7ad-18f5-4edc-8181-d1957c45b67f,Neon Lamp,3290,nm,absorbance,977.4790458786263
986.576,-0.160116,4ef7a7ad-18f5-4edc-8181-d1957c45b67f,Neon Lamp,3291,nm,absorbance,977.6477858413014
986.745,2.890601,4ef7a7ad-18f5-4edc-8181-d1957c45b67f,Neon Lamp,3292,nm,absorbance,977.8155332159607
986.914,3.067303,4ef7a7ad-18f5-4edc-8181-d1957c45b67f,Neon Lamp,3293,nm,absorbance,977.9832805906201
987.084,2.996323,4ef7a7ad-18f5-4edc-8181-d1957c45b67f,Neon Lamp,3294,nm,absorbance,978.1520205532951
987.253,5.151422,4ef7a7ad-18f5-4edc-8181-d1957c45b67f,Neon Lamp,3295,nm,absorbance,978.3197679279546
987.422,7.95752,4ef7a7ad-18f5-4edc-8181-d1957c45b67f,Neon Lamp,3296,nm,absorbance,978.4875153026139
987.591,4.06067,4ef7a7ad-18f5-4edc-8181-d1957c45b67f,Neon Lamp,3297,nm,absorbance,978.6552626772732
987.761,1.374258,4ef7a7ad-18f5-4edc-8181-d1957c45b67f,Neon Lamp,3298,nm,absorbance,978.8240026399483
987.93,-2.858979,4ef7a7ad-18f5-4edc-8181-d1957c45b67f,Neon Lamp,3299,nm,absorbance,978.9917500146076
988.099,1.0921349999999996,4ef7a7ad-18f5-4edc-8181-d1957c45b67f,Neon Lamp,3300,nm,absorbance,979.159497389267
988.268,1.352676,4ef7a7ad-18f5-4edc-8181-d1957c45b67f,Neon Lamp,3301,nm,absorbance,979.3272447639264
988.438,3.85817,4ef7a7ad-18f5-4edc-8181-d1957c45b67f,Neon Lamp,3302,nm,absorbance,979.4959847266015
988.607,0.082801,4ef7a7ad-18f5-4edc-8181-d1957c45b67f,Neon Lamp,3303,nm,absorbance,979.6637321012608
988.776,-4.956273,4ef7a7ad-18f5-4edc-8181-d1957c45b67f,Neon Lamp,3304,nm,absorbance,979.8314794759201
988.945,-2.472213,4ef7a7ad-18f5-4edc-8181-d1957c45b67f,Neon Lamp,3305,nm,absorbance,979.9992268505796
989.114,-3.332655,4ef7a7ad-18f5-4edc-8181-d1957c45b67f,Neon Lamp,3306,nm,absorbance,980.166974225239
989.283,4.197338,4ef7a7ad-18f5-4edc-8181-d1957c45b67f,Neon Lamp,3307,nm,absorbance,980.3347215998982
989.452,3.535508,4ef7a7ad-18f5-4edc-8181-d1957c45b67f,Neon Lamp,3308,nm,absorbance,980.5024689745576
989.621,4.519942,4ef7a7ad-18f5-4edc-8181-d1957c45b67f,Neon Lamp,3309,nm,absorbance,980.670216349217
989.791,-2.156259,4ef7a7ad-18f5-4edc-8181-d1957c45b67f,Neon Lamp,3310,nm,absorbance,980.8389563118922
989.96,-1.7878280000000004,4ef7a7ad-18f5-4edc-8181-d1957c45b67f,Neon Lamp,3311,nm,absorbance,981.0067036865514
990.129,-0.033631,4ef7a7ad-18f5-4edc-8181-d1957c45b67f,Neon Lamp,3312,nm,absorbance,981.1744510612108
990.298,5.214499,4ef7a7ad-18f5-4edc-8181-d1957c45b67f,Neon Lamp,3313,nm,absorbance,981.3421984358702
990.467,2.857451,4ef7a7ad-18f5-4edc-8181-d1957c45b67f,Neon Lamp,3314,nm,absorbance,981.5099458105294
990.636,1.957773,4ef7a7ad-18f5-4edc-8181-d1957c45b67f,Neon Lamp,3315,nm,absorbance,981.6776931851888
990.805,-3.593144,4ef7a7ad-18f5-4edc-8181-d1957c45b67f,Neon Lamp,3316,nm,absorbance,981.8454405598482
990.974,3.323163,4ef7a7ad-18f5-4edc-8181-d1957c45b67f,Neon Lamp,3317,nm,absorbance,982.0131879345076
991.142,-1.3803759999999996,4ef7a7ad-18f5-4edc-8181-d1957c45b67f,Neon Lamp,3318,nm,absorbance,982.1799427211512
991.311,-1.8155060000000005,4ef7a7ad-18f5-4edc-8181-d1957c45b67f,Neon Lamp,3319,nm,absorbance,982.3476900958105
991.48,-7.7503319999999984,4ef7a7ad-18f5-4edc-8181-d1957c45b67f,Neon Lamp,3320,nm,absorbance,982.5154374704699
991.649,-3.4191579999999995,4ef7a7ad-18f5-4edc-8181-d1957c45b67f,Neon Lamp,3321,nm,absorbance,982.6831848451293
991.818,1.178251,4ef7a7ad-18f5-4edc-8181-d1957c45b67f,Neon Lamp,3322,nm,absorbance,982.8509322197885
991.987,0.5978709999999999,4ef7a7ad-18f5-4edc-8181-d1957c45b67f,Neon Lamp,3323,nm,absorbance,983.0186795944479
992.156,4.207828999999999,4ef7a7ad-18f5-4edc-8181-d1957c45b67f,Neon Lamp,3324,nm,absorbance,983.1864269691073
992.325,2.874632,4ef7a7ad-18f5-4edc-8181-d1957c45b67f,Neon Lamp,3325,nm,absorbance,983.3541743437667
992.493,3.305728,4ef7a7ad-18f5-4edc-8181-d1957c45b67f,Neon Lamp,3326,nm,absorbance,983.5209291304103
992.662,-1.063415,4ef7a7ad-18f5-4edc-8181-d1957c45b67f,Neon Lamp,3327,nm,absorbance,983.6886765050697
992.831,-4.767488999999999,4ef7a7ad-18f5-4edc-8181-d1957c45b67f,Neon Lamp,3328,nm,absorbance,983.856423879729
993.0,-2.463417,4ef7a7ad-18f5-4edc-8181-d1957c45b67f,Neon Lamp,3329,nm,absorbance,984.0241712543883
993.168,-1.932202,4ef7a7ad-18f5-4edc-8181-d1957c45b67f,Neon Lamp,3330,nm,absorbance,984.190926041032
993.337,4.568505999999999,4ef7a7ad-18f5-4edc-8181-d1957c45b67f,Neon Lamp,3331,nm,absorbance,984.3586734156913
993.506,2.188655,4ef7a7ad-18f5-4edc-8181-d1957c45b67f,Neon Lamp,3332,nm,absorbance,984.5264207903507
993.675,4.101926000000001,4ef7a7ad-18f5-4edc-8181-d1957c45b67f,Neon Lamp,3333,nm,absorbance,984.69416816501
993.843,4.562088,4ef7a7ad-18f5-4edc-8181-d1957c45b67f,Neon Lamp,3334,nm,absorbance,984.8609229516536
994.012,8.250868,4ef7a7ad-18f5-4edc-8181-d1957c45b67f,Neon Lamp,3335,nm,absorbance,985.028670326313
994.181,6.504106,4ef7a7ad-18f5-4edc-8181-d1957c45b67f,Neon Lamp,3336,nm,absorbance,985.1964177009725
994.349,8.006981,4ef7a7ad-18f5-4edc-8181-d1957c45b67f,Neon Lamp,3337,nm,absorbance,985.363172487616
994.518,6.268284,4ef7a7ad-18f5-4edc-8181-d1957c45b67f,Neon Lamp,3338,nm,absorbance,985.5309198622754
994.686,6.476477,4ef7a7ad-18f5-4edc-8181-d1957c45b67f,Neon Lamp,3339,nm,absorbance,985.697674648919
994.855,2.124222,4ef7a7ad-18f5-4edc-8181-d1957c45b67f,Neon Lamp,3340,nm,absorbance,985.8654220235784
995.024,0.6925680000000001,4ef7a7ad-18f5-4edc-8181-d1957c45b67f,Neon Lamp,3341,nm,absorbance,986.0331693982376
995.192,-0.6239870000000002,4ef7a7ad-18f5-4edc-8181-d1957c45b67f,Neon Lamp,3342,nm,absorbance,986.1999241848813
995.361,-1.8008650000000004,4ef7a7ad-18f5-4edc-8181-d1957c45b67f,Neon Lamp,3343,nm,absorbance,986.3676715595407
995.529,-7.332559000000001,4ef7a7ad-18f5-4edc-8181-d1957c45b67f,Neon Lamp,3344,nm,absorbance,986.5344263461843
995.698,-7.586837,4ef7a7ad-18f5-4edc-8181-d1957c45b67f,Neon Lamp,3345,nm,absorbance,986.7021737208436
995.866,-8.245163,4ef7a7ad-18f5-4edc-8181-d1957c45b67f,Neon Lamp,3346,nm,absorbance,986.8689285074872
996.035,-2.560346,4ef7a7ad-18f5-4edc-8181-d1957c45b67f,Neon Lamp,3347,nm,absorbance,987.0366758821466
996.203,1.7690939999999995,4ef7a7ad-18f5-4edc-8181-d1957c45b67f,Neon Lamp,3348,nm,absorbance,987.2034306687902
996.371,5.602435999999999,4ef7a7ad-18f5-4edc-8181-d1957c45b67f,Neon Lamp,3349,nm,absorbance,987.3701854554338
996.54,5.781642000000001,4ef7a7ad-18f5-4edc-8181-d1957c45b67f,Neon Lamp,3350,nm,absorbance,987.5379328300932
996.708,1.967273,4ef7a7ad-18f5-4edc-8181-d1957c45b67f,Neon Lamp,3351,nm,absorbance,987.7046876167368
996.877,0.529795,4ef7a7ad-18f5-4edc-8181-d1957c45b67f,Neon Lamp,3352,nm,absorbance,987.8724349913962
997.045,-5.505688999999999,4ef7a7ad-18f5-4edc-8181-d1957c45b67f,Neon Lamp,3353,nm,absorbance,988.0391897780397
997.213,-3.484725,4ef7a7ad-18f5-4edc-8181-d1957c45b67f,Neon Lamp,3354,nm,absorbance,988.2059445646834
997.382,-0.58039,4ef7a7ad-18f5-4edc-8181-d1957c45b67f,Neon Lamp,3355,nm,absorbance,988.3736919393427
997.55,6.041603,4ef7a7ad-18f5-4edc-8181-d1957c45b67f,Neon Lamp,3356,nm,absorbance,988.5404467259864
997.718,0.3374359999999999,4ef7a7ad-18f5-4edc-8181-d1957c45b67f,Neon Lamp,3357,nm,absorbance,988.7072015126299
997.887,2.564063,4ef7a7ad-18f5-4edc-8181-d1957c45b67f,Neon Lamp,3358,nm,absorbance,988.8749488872893
998.055,0.142472,4ef7a7ad-18f5-4edc-8181-d1957c45b67f,Neon Lamp,3359,nm,absorbance,989.041703673933
998.223,2.821728,4ef7a7ad-18f5-4edc-8181-d1957c45b67f,Neon Lamp,3360,nm,absorbance,989.2084584605766
998.391,0.4914760000000001,4ef7a7ad-18f5-4edc-8181-d1957c45b67f,Neon Lamp,3361,nm,absorbance,989.3752132472201
998.56,6.895516000000001,4ef7a7ad-18f5-4edc-8181-d1957c45b67f,Neon Lamp,3362,nm,absorbance,989.5429606218795
998.728,9.027288,4ef7a7ad-18f5-4edc-8181-d1957c45b67f,Neon Lamp,3363,nm,absorbance,989.7097154085232
998.896,8.420932,4ef7a7ad-18f5-4edc-8181-d1957c45b67f,Neon Lamp,3364,nm,absorbance,989.8764701951668
999.064,2.261658,4ef7a7ad-18f5-4edc-8181-d1957c45b67f,Neon Lamp,3365,nm,absorbance,990.0432249818105
999.232,4.9990760000000005,4ef7a7ad-18f5-4edc-8181-d1957c45b67f,Neon Lamp,3366,nm,absorbance,990.209979768454
999.401,2.68728,4ef7a7ad-18f5-4edc-8181-d1957c45b67f,Neon Lamp,3367,nm,absorbance,990.3777271431134
999.569,5.419179,4ef7a7ad-18f5-4edc-8181-d1957c45b67f,Neon Lamp,3368,nm,absorbance,990.544481929757
999.737,1.8927180000000003,4ef7a7ad-18f5-4edc-8181-d1957c45b67f,Neon Lamp,3369,nm,absorbance,990.7112367164007
999.905,3.0729,4ef7a7ad-18f5-4edc-8181-d1957c45b67f,Neon Lamp,3370,nm,absorbance,990.8779915030442
1000.073,0.0735339999999998,4ef7a7ad-18f5-4edc-8181-d1957c45b67f,Neon Lamp,3371,nm,absorbance,991.0447462896879
1000.241,-1.129292,4ef7a7ad-18f5-4edc-8181-d1957c45b67f,Neon Lamp,3372,nm,absorbance,991.2115010763315
1000.409,-1.7193850000000002,4ef7a7ad-18f5-4edc-8181-d1957c45b67f,Neon Lamp,3373,nm,absorbance,991.3782558629752
1000.577,0.7610300000000001,4ef7a7ad-18f5-4edc-8181-d1957c45b67f,Neon Lamp,3374,nm,absorbance,991.5450106496188
1000.745,8.085483,4ef7a7ad-18f5-4edc-8181-d1957c45b67f,Neon Lamp,3375,nm,absorbance,991.7117654362623
1000.913,8.016969,4ef7a7ad-18f5-4edc-8181-d1957c45b67f,Neon Lamp,3376,nm,absorbance,991.878520222906
1001.081,9.246447,4ef7a7ad-18f5-4edc-8181-d1957c45b67f,Neon Lamp,3377,nm,absorbance,992.0452750095496
1001.249,2.867378,4ef7a7ad-18f5-4edc-8181-d1957c45b67f,Neon Lamp,3378,nm,absorbance,992.2120297961933
1001.417,4.807484,4ef7a7ad-18f5-4edc-8181-d1957c45b67f,Neon Lamp,3379,nm,absorbance,992.3787845828368
1001.585,2.160053,4ef7a7ad-18f5-4edc-8181-d1957c45b67f,Neon Lamp,3380,nm,absorbance,992.5455393694805
1001.753,3.969601,4ef7a7ad-18f5-4edc-8181-d1957c45b67f,Neon Lamp,3381,nm,absorbance,992.7122941561241
1001.921,0.0086109999999998,4ef7a7ad-18f5-4edc-8181-d1957c45b67f,Neon Lamp,3382,nm,absorbance,992.8790489427678
1002.089,0.220722,4ef7a7ad-18f5-4edc-8181-d1957c45b67f,Neon Lamp,3383,nm,absorbance,993.0458037294114
1002.256,0.12285,4ef7a7ad-18f5-4edc-8181-d1957c45b67f,Neon Lamp,3384,nm,absorbance,993.2115659280391
1002.424,-1.014668,4ef7a7ad-18f5-4edc-8181-d1957c45b67f,Neon Lamp,3385,nm,absorbance,993.3783207146828
1002.592,1.7983230000000003,4ef7a7ad-18f5-4edc-8181-d1957c45b67f,Neon Lamp,3386,nm,absorbance,993.5450755013264
1002.76,-1.7907740000000003,4ef7a7ad-18f5-4edc-8181-d1957c45b67f,Neon Lamp,3387,nm,absorbance,993.7118302879701
1002.928,5.010721,4ef7a7ad-18f5-4edc-8181-d1957c45b67f,Neon Lamp,3388,nm,absorbance,993.8785850746137
1003.096,4.2704830000000005,4ef7a7ad-18f5-4edc-8181-d1957c45b67f,Neon Lamp,3389,nm,absorbance,994.0453398612573
1003.263,0.460848,4ef7a7ad-18f5-4edc-8181-d1957c45b67f,Neon Lamp,3390,nm,absorbance,994.2111020598852
1003.431,-0.7493890000000001,4ef7a7ad-18f5-4edc-8181-d1957c45b67f,Neon Lamp,3391,nm,absorbance,994.3778568465289
1003.599,-3.500437,4ef7a7ad-18f5-4edc-8181-d1957c45b67f,Neon Lamp,3392,nm,absorbance,994.5446116331725
1003.767,2.636535,4ef7a7ad-18f5-4edc-8181-d1957c45b67f,Neon Lamp,3393,nm,absorbance,994.7113664198162
1003.934,4.416352999999999,4ef7a7ad-18f5-4edc-8181-d1957c45b67f,Neon Lamp,3394,nm,absorbance,994.8771286184439
1004.102,4.68722,4ef7a7ad-18f5-4edc-8181-d1957c45b67f,Neon Lamp,3395,nm,absorbance,995.0438834050875
1004.27,4.426345,4ef7a7ad-18f5-4edc-8181-d1957c45b67f,Neon Lamp,3396,nm,absorbance,995.2106381917312
1004.437,0.989782,4ef7a7ad-18f5-4edc-8181-d1957c45b67f,Neon Lamp,3397,nm,absorbance,995.3764003903591
1004.605,-0.189532,4ef7a7ad-18f5-4edc-8181-d1957c45b67f,Neon Lamp,3398,nm,absorbance,995.5431551770027
1004.773,1.6065530000000003,4ef7a7ad-18f5-4edc-8181-d1957c45b67f,Neon Lamp,3399,nm,absorbance,995.7099099636463
1004.94,3.800905,4ef7a7ad-18f5-4edc-8181-d1957c45b67f,Neon Lamp,3400,nm,absorbance,995.8756721622742
1005.108,7.245545,4ef7a7ad-18f5-4edc-8181-d1957c45b67f,Neon Lamp,3401,nm,absorbance,996.0424269489178
1005.275,3.284774,4ef7a7ad-18f5-4edc-8181-d1957c45b67f,Neon Lamp,3402,nm,absorbance,996.2081891475457
1005.443,0.956611,4ef7a7ad-18f5-4edc-8181-d1957c45b67f,Neon Lamp,3403,nm,absorbance,996.3749439341893
1005.61,-5.783712,4ef7a7ad-18f5-4edc-8181-d1957c45b67f,Neon Lamp,3404,nm,absorbance,996.5407061328173
1005.778,-2.4680950000000004,4ef7a7ad-18f5-4edc-8181-d1957c45b67f,Neon Lamp,3405,nm,absorbance,996.7074609194608
1005.945,-2.702518,4ef7a7ad-18f5-4edc-8181-d1957c45b67f,Neon Lamp,3406,nm,absorbance,996.8732231180887
1006.113,0.7684249999999999,4ef7a7ad-18f5-4edc-8181-d1957c45b67f,Neon Lamp,3407,nm,absorbance,997.0399779047324
1006.28,0.6704370000000001,4ef7a7ad-18f5-4edc-8181-d1957c45b67f,Neon Lamp,3408,nm,absorbance,997.2057401033602
1006.448,5.348796,4ef7a7ad-18f5-4edc-8181-d1957c45b67f,Neon Lamp,3409,nm,absorbance,997.3724948900038
1006.615,4.094077,4ef7a7ad-18f5-4edc-8181-d1957c45b67f,Neon Lamp,3410,nm,absorbance,997.5382570886317
1006.783,3.950549,4ef7a7ad-18f5-4edc-8181-d1957c45b67f,Neon Lamp,3411,nm,absorbance,997.7050118752753
1006.95,-4.017125,4ef7a7ad-18f5-4edc-8181-d1957c45b67f,Neon Lamp,3412,nm,absorbance,997.8707740739032
1007.118,-2.531469,4ef7a7ad-18f5-4edc-8181-d1957c45b67f,Neon Lamp,3413,nm,absorbance,998.0375288605469
1007.285,-6.631612,4ef7a7ad-18f5-4edc-8181-d1957c45b67f,Neon Lamp,3414,nm,absorbance,998.2032910591747
1007.452,-4.463960999999999,4ef7a7ad-18f5-4edc-8181-d1957c45b67f,Neon Lamp,3415,nm,absorbance,998.3690532578026
1007.62,-4.320257000000001,4ef7a7ad-18f5-4edc-8181-d1957c45b67f,Neon Lamp,3416,nm,absorbance,998.5358080444462
1007.787,-3.404666,4ef7a7ad-18f5-4edc-8181-d1957c45b67f,Neon Lamp,3417,nm,absorbance,998.7015702430741
1007.954,-1.439204,4ef7a7ad-18f5-4edc-8181-d1957c45b67f,Neon Lamp,3418,nm,absorbance,998.8673324417019
1008.122,-3.062106,4ef7a7ad-18f5-4edc-8181-d1957c45b67f,Neon Lamp,3419,nm,absorbance,999.0340872283456
1008.289,1.6881269999999995,4ef7a7ad-18f5-4edc-8181-d1957c45b67f,Neon Lamp,3420,nm,absorbance,999.1998494269735
1008.456,2.3569190000000004,4ef7a7ad-18f5-4edc-8181-d1957c45b67f,Neon Lamp,3421,nm,absorbance,999.3656116256014
1008.623,4.240740000000001,4ef7a7ad-18f5-4edc-8181-d1957c45b67f,Neon Lamp,3422,nm,absorbance,999.5313738242293
1008.791,2.736812,4ef7a7ad-18f5-4edc-8181-d1957c45b67f,Neon Lamp,3423,nm,absorbance,999.6981286108729
1008.958,-0.7841120000000001,4ef7a7ad-18f5-4edc-8181-d1957c45b67f,Neon Lamp,3424,nm,absorbance,999.8638908095007
1009.125,-3.928625,4ef7a7ad-18f5-4edc-8181-d1957c45b67f,Neon Lamp,3425,nm,absorbance,1000.0296530081287
1009.292,-5.326749,4ef7a7ad-18f5-4edc-8181-d1957c45b67f,Neon Lamp,3426,nm,absorbance,1000.1954152067566
1009.459,-4.303344999999998,4ef7a7ad-18f5-4edc-8181-d1957c45b67f,Neon Lamp,3427,nm,absorbance,1000.3611774053844
1009.627,-1.67039,4ef7a7ad-18f5-4edc-8181-d1957c45b67f,Neon Lamp,3428,nm,absorbance,1000.527932192028
1009.794,-1.7910850000000005,4ef7a7ad-18f5-4edc-8181-d1957c45b67f,Neon Lamp,3429,nm,absorbance,1000.6936943906559
1009.961,-4.4342060000000005,4ef7a7ad-18f5-4edc-8181-d1957c45b67f,Neon Lamp,3430,nm,absorbance,1000.8594565892838
1010.128,-0.5912939999999999,4ef7a7ad-18f5-4edc-8181-d1957c45b67f,Neon Lamp,3431,nm,absorbance,1001.0252187879117
1010.295,2.878013,4ef7a7ad-18f5-4edc-8181-d1957c45b67f,Neon Lamp,3432,nm,absorbance,1001.1909809865396
1010.462,7.946693000000001,4ef7a7ad-18f5-4edc-8181-d1957c45b67f,Neon Lamp,3433,nm,absorbance,1001.3567431851675
1010.629,2.212932,4ef7a7ad-18f5-4edc-8181-d1957c45b67f,Neon Lamp,3434,nm,absorbance,1001.5225053837954
1010.796,-2.631852,4ef7a7ad-18f5-4edc-8181-d1957c45b67f,Neon Lamp,3435,nm,absorbance,1001.6882675824232
1010.963,-3.694606,4ef7a7ad-18f5-4edc-8181-d1957c45b67f,Neon Lamp,3436,nm,absorbance,1001.854029781051
1011.13,0.311544,4ef7a7ad-18f5-4edc-8181-d1957c45b67f,Neon Lamp,3437,nm,absorbance,1002.019791979679
1011.297,-0.321157,4ef7a7ad-18f5-4edc-8181-d1957c45b67f,Neon Lamp,3438,nm,absorbance,1002.1855541783069
1011.464,-1.784714,4ef7a7ad-18f5-4edc-8181-d1957c45b67f,Neon Lamp,3439,nm,absorbance,1002.3513163769348
1011.631,-2.9876810000000003,4ef7a7ad-18f5-4edc-8181-d1957c45b67f,Neon Lamp,3440,nm,absorbance,1002.5170785755627
1011.798,0.7940249999999999,4ef7a7ad-18f5-4edc-8181-d1957c45b67f,Neon Lamp,3441,nm,absorbance,1002.6828407741906
1011.965,3.629642,4ef7a7ad-18f5-4edc-8181-d1957c45b67f,Neon Lamp,3442,nm,absorbance,1002.8486029728184
1012.132,6.4720640000000005,4ef7a7ad-18f5-4edc-8181-d1957c45b67f,Neon Lamp,3443,nm,absorbance,1003.0143651714462
1012.299,5.835987,4ef7a7ad-18f5-4edc-8181-d1957c45b67f,Neon Lamp,3444,nm,absorbance,1003.1801273700742
1012.466,5.050566,4ef7a7ad-18f5-4edc-8181-d1957c45b67f,Neon Lamp,3445,nm,absorbance,1003.3458895687021
1012.633,3.616666000000001,4ef7a7ad-18f5-4edc-8181-d1957c45b67f,Neon Lamp,3446,nm,absorbance,1003.51165176733
1012.799,3.789752,4ef7a7ad-18f5-4edc-8181-d1957c45b67f,Neon Lamp,3447,nm,absorbance,1003.6764213779421
1012.966,3.324155,4ef7a7ad-18f5-4edc-8181-d1957c45b67f,Neon Lamp,3448,nm,absorbance,1003.84218357657
1013.133,-0.53183,4ef7a7ad-18f5-4edc-8181-d1957c45b67f,Neon Lamp,3449,nm,absorbance,1004.0079457751979
1013.3,1.440632,4ef7a7ad-18f5-4edc-8181-d1957c45b67f,Neon Lamp,3450,nm,absorbance,1004.1737079738257
1013.467,0.009216,4ef7a7ad-18f5-4edc-8181-d1957c45b67f,Neon Lamp,3451,nm,absorbance,1004.3394701724536
1013.633,0.1785069999999999,4ef7a7ad-18f5-4edc-8181-d1957c45b67f,Neon Lamp,3452,nm,absorbance,1004.5042397830658
1013.8,-0.734559,4ef7a7ad-18f5-4edc-8181-d1957c45b67f,Neon Lamp,3453,nm,absorbance,1004.6700019816936
1013.967,0.930681,4ef7a7ad-18f5-4edc-8181-d1957c45b67f,Neon Lamp,3454,nm,absorbance,1004.8357641803216
1014.134,2.521199,4ef7a7ad-18f5-4edc-8181-d1957c45b67f,Neon Lamp,3455,nm,absorbance,1005.0015263789495
1014.3,0.959859,4ef7a7ad-18f5-4edc-8181-d1957c45b67f,Neon Lamp,3456,nm,absorbance,1005.1662959895616
1014.467,2.381212,4ef7a7ad-18f5-4edc-8181-d1957c45b67f,Neon Lamp,3457,nm,absorbance,1005.3320581881894
1014.634,-0.0633830000000002,4ef7a7ad-18f5-4edc-8181-d1957c45b67f,Neon Lamp,3458,nm,absorbance,1005.4978203868174
1014.8,-2.41336,4ef7a7ad-18f5-4edc-8181-d1957c45b67f,Neon Lamp,3459,nm,absorbance,1005.6625899974294
1014.967,-6.171466000000001,4ef7a7ad-18f5-4edc-8181-d1957c45b67f,Neon Lamp,3460,nm,absorbance,1005.8283521960574
1015.134,0.8596320000000002,4ef7a7ad-18f5-4edc-8181-d1957c45b67f,Neon Lamp,3461,nm,absorbance,1005.9941143946853
1015.3,7.226023,4ef7a7ad-18f5-4edc-8181-d1957c45b67f,Neon Lamp,3462,nm,absorbance,1006.1588840052974
1015.467,11.412068,4ef7a7ad-18f5-4edc-8181-d1957c45b67f,Neon Lamp,3463,nm,absorbance,1006.3246462039253
1015.633,11.477204,4ef7a7ad-18f5-4edc-8181-d1957c45b67f,Neon Lamp,3464,nm,absorbance,1006.4894158145376
1015.8,9.247565,4ef7a7ad-18f5-4edc-8181-d1957c45b67f,Neon Lamp,3465,nm,absorbance,1006.6551780131653
1015.966,6.104627,4ef7a7ad-18f5-4edc-8181-d1957c45b67f,Neon Lamp,3466,nm,absorbance,1006.8199476237775
1016.133,2.167104,4ef7a7ad-18f5-4edc-8181-d1957c45b67f,Neon Lamp,3467,nm,absorbance,1006.9857098224054
1016.3,5.905229,4ef7a7ad-18f5-4edc-8181-d1957c45b67f,Neon Lamp,3468,nm,absorbance,1007.1514720210332
1016.466,6.371238,4ef7a7ad-18f5-4edc-8181-d1957c45b67f,Neon Lamp,3469,nm,absorbance,1007.3162416316454
1016.632,7.942373000000001,4ef7a7ad-18f5-4edc-8181-d1957c45b67f,Neon Lamp,3470,nm,absorbance,1007.4810112422575
1016.799,-0.2713609999999999,4ef7a7ad-18f5-4edc-8181-d1957c45b67f,Neon Lamp,3471,nm,absorbance,1007.6467734408855
1016.965,-0.7242710000000001,4ef7a7ad-18f5-4edc-8181-d1957c45b67f,Neon Lamp,3472,nm,absorbance,1007.8115430514977
1017.132,0.4259959999999999,4ef7a7ad-18f5-4edc-8181-d1957c45b67f,Neon Lamp,3473,nm,absorbance,1007.9773052501254
1017.298,4.167638999999999,4ef7a7ad-18f5-4edc-8181-d1957c45b67f,Neon Lamp,3474,nm,absorbance,1008.1420748607376
1017.465,1.6586459999999998,4ef7a7ad-18f5-4edc-8181-d1957c45b67f,Neon Lamp,3475,nm,absorbance,1008.3078370593655
1017.631,-2.510555,4ef7a7ad-18f5-4edc-8181-d1957c45b67f,Neon Lamp,3476,nm,absorbance,1008.4726066699776
1017.797,-1.6011319999999998,4ef7a7ad-18f5-4edc-8181-d1957c45b67f,Neon Lamp,3477,nm,absorbance,1008.6373762805898
1017.964,2.514539,4ef7a7ad-18f5-4edc-8181-d1957c45b67f,Neon Lamp,3478,nm,absorbance,1008.8031384792178
1018.13,4.519525,4ef7a7ad-18f5-4edc-8181-d1957c45b67f,Neon Lamp,3479,nm,absorbance,1008.9679080898298
1018.296,2.961401,4ef7a7ad-18f5-4edc-8181-d1957c45b67f,Neon Lamp,3480,nm,absorbance,1009.1326777004421
1018.463,2.352149,4ef7a7ad-18f5-4edc-8181-d1957c45b67f,Neon Lamp,3481,nm,absorbance,1009.2984398990699
1018.629,5.088229,4ef7a7ad-18f5-4edc-8181-d1957c45b67f,Neon Lamp,3482,nm,absorbance,1009.4632095096821
1018.795,3.914615,4ef7a7ad-18f5-4edc-8181-d1957c45b67f,Neon Lamp,3483,nm,absorbance,1009.6279791202941
1018.961,-0.4366870000000002,4ef7a7ad-18f5-4edc-8181-d1957c45b67f,Neon Lamp,3484,nm,absorbance,1009.7927487309063
1019.128,-3.941885,4ef7a7ad-18f5-4edc-8181-d1957c45b67f,Neon Lamp,3485,nm,absorbance,1009.9585109295342
1019.294,-2.934528,4ef7a7ad-18f5-4edc-8181-d1957c45b67f,Neon Lamp,3486,nm,absorbance,1010.1232805401463
1019.46,3.157493,4ef7a7ad-18f5-4edc-8181-d1957c45b67f,Neon Lamp,3487,nm,absorbance,1010.2880501507585
1019.626,3.721249,4ef7a7ad-18f5-4edc-8181-d1957c45b67f,Neon Lamp,3488,nm,absorbance,1010.4528197613706
1019.792,5.376996,4ef7a7ad-18f5-4edc-8181-d1957c45b67f,Neon Lamp,3489,nm,absorbance,1010.6175893719828
1019.959,5.378049,4ef7a7ad-18f5-4edc-8181-d1957c45b67f,Neon Lamp,3490,nm,absorbance,1010.7833515706106
1020.125,4.602413,4ef7a7ad-18f5-4edc-8181-d1957c45b67f,Neon Lamp,3491,nm,absorbance,1010.9481211812229
1020.291,6.116403,4ef7a7ad-18f5-4edc-8181-d1957c45b67f,Neon Lamp,3492,nm,absorbance,1011.1128907918351
1020.457,5.299983999999999,4ef7a7ad-18f5-4edc-8181-d1957c45b67f,Neon Lamp,3493,nm,absorbance,1011.2776604024472
1020.623,6.805809999999999,4ef7a7ad-18f5-4edc-8181-d1957c45b67f,Neon Lamp,3494,nm,absorbance,1011.4424300130593
1020.789,6.143386,4ef7a7ad-18f5-4edc-8181-d1957c45b67f,Neon Lamp,3495,nm,absorbance,1011.6071996236714
1020.955,1.577182,4ef7a7ad-18f5-4edc-8181-d1957c45b67f,Neon Lamp,3496,nm,absorbance,1011.7719692342836
1021.121,1.97427,4ef7a7ad-18f5-4edc-8181-d1957c45b67f,Neon Lamp,3497,nm,absorbance,1011.9367388448957
1021.287,-2.769348,4ef7a7ad-18f5-4edc-8181-d1957c45b67f,Neon Lamp,3498,nm,absorbance,1012.1015084555079
1021.453,0.2651959999999999,4ef7a7ad-18f5-4edc-8181-d1957c45b67f,Neon Lamp,3499,nm,absorbance,1012.26627806612
1021.619,5.277023999999999,4ef7a7ad-18f5-4edc-8181-d1957c45b67f,Neon Lamp,3500,nm,absorbance,1012.4310476767322
1021.785,5.335944,4ef7a7ad-18f5-4edc-8181-d1957c45b67f,Neon Lamp,3501,nm,absorbance,1012.5958172873443
1021.951,5.238252000000001,4ef7a7ad-18f5-4edc-8181-d1957c45b67f,Neon Lamp,3502,nm,absorbance,1012.7605868979565
1022.117,-0.907322,4ef7a7ad-18f5-4edc-8181-d1957c45b67f,Neon Lamp,3503,nm,absorbance,1012.9253565085686
1022.283,-1.017988,4ef7a7ad-18f5-4edc-8181-d1957c45b67f,Neon Lamp,3504,nm,absorbance,1013.0901261191808
1022.449,1.202036,4ef7a7ad-18f5-4edc-8181-d1957c45b67f,Neon Lamp,3505,nm,absorbance,1013.2548957297929
1022.615,-0.6488970000000001,4ef7a7ad-18f5-4edc-8181-d1957c45b67f,Neon Lamp,3506,nm,absorbance,1013.419665340405
1022.781,1.0392120000000005,4ef7a7ad-18f5-4edc-8181-d1957c45b67f,Neon Lamp,3507,nm,absorbance,1013.5844349510171
1022.946,-5.506384,4ef7a7ad-18f5-4edc-8181-d1957c45b67f,Neon Lamp,3508,nm,absorbance,1013.7482119736136
1023.112,-5.988015000000002,4ef7a7ad-18f5-4edc-8181-d1957c45b67f,Neon Lamp,3509,nm,absorbance,1013.9129815842257
1023.278,-5.531409000000002,4ef7a7ad-18f5-4edc-8181-d1957c45b67f,Neon Lamp,3510,nm,absorbance,1014.0777511948379
1023.444,-1.424562,4ef7a7ad-18f5-4edc-8181-d1957c45b67f,Neon Lamp,3511,nm,absorbance,1014.24252080545
1023.61,4.9282840000000006,4ef7a7ad-18f5-4edc-8181-d1957c45b67f,Neon Lamp,3512,nm,absorbance,1014.4072904160622
1023.775,4.9444110000000006,4ef7a7ad-18f5-4edc-8181-d1957c45b67f,Neon Lamp,3513,nm,absorbance,1014.5710674386586
1023.941,5.3945940000000006,4ef7a7ad-18f5-4edc-8181-d1957c45b67f,Neon Lamp,3514,nm,absorbance,1014.7358370492708
1024.107,1.305943,4ef7a7ad-18f5-4edc-8181-d1957c45b67f,Neon Lamp,3515,nm,absorbance,1014.9006066598829
1024.273,3.592414,4ef7a7ad-18f5-4edc-8181-d1957c45b67f,Neon Lamp,3516,nm,absorbance,1015.065376270495
1024.438,2.68938,4ef7a7ad-18f5-4edc-8181-d1957c45b67f,Neon Lamp,3517,nm,absorbance,1015.2291532930916
1024.604,4.063114000000001,4ef7a7ad-18f5-4edc-8181-d1957c45b67f,Neon Lamp,3518,nm,absorbance,1015.3939229037037
1024.77,-4.919997,4ef7a7ad-18f5-4edc-8181-d1957c45b67f,Neon Lamp,3519,nm,absorbance,1015.5586925143158
1024.935,-5.285345999999999,4ef7a7ad-18f5-4edc-8181-d1957c45b67f,Neon Lamp,3520,nm,absorbance,1015.7224695369122
1025.101,-1.5151939999999997,4ef7a7ad-18f5-4edc-8181-d1957c45b67f,Neon Lamp,3521,nm,absorbance,1015.8872391475244
1025.267,5.272774,4ef7a7ad-18f5-4edc-8181-d1957c45b67f,Neon Lamp,3522,nm,absorbance,1016.0520087581365
1025.432,9.648639,4ef7a7ad-18f5-4edc-8181-d1957c45b67f,Neon Lamp,3523,nm,absorbance,1016.2157857807329
1025.598,2.6403040000000004,4ef7a7ad-18f5-4edc-8181-d1957c45b67f,Neon Lamp,3524,nm,absorbance,1016.380555391345
1025.763,2.030629,4ef7a7ad-18f5-4edc-8181-d1957c45b67f,Neon Lamp,3525,nm,absorbance,1016.5443324139413
1025.929,-0.5131520000000002,4ef7a7ad-18f5-4edc-8181-d1957c45b67f,Neon Lamp,3526,nm,absorbance,1016.7091020245537
1026.095,0.0443509999999999,4ef7a7ad-18f5-4edc-8181-d1957c45b67f,Neon Lamp,3527,nm,absorbance,1016.8738716351658
1026.26,1.642098,4ef7a7ad-18f5-4edc-8181-d1957c45b67f,Neon Lamp,3528,nm,absorbance,1017.0376486577621
1026.426,0.4293640000000001,4ef7a7ad-18f5-4edc-8181-d1957c45b67f,Neon Lamp,3529,nm,absorbance,1017.2024182683742
1026.591,1.573132,4ef7a7ad-18f5-4edc-8181-d1957c45b67f,Neon Lamp,3530,nm,absorbance,1017.3661952909706
1026.757,-1.6934890000000002,4ef7a7ad-18f5-4edc-8181-d1957c45b67f,Neon Lamp,3531,nm,absorbance,1017.5309649015829
1026.922,-1.0969620000000002,4ef7a7ad-18f5-4edc-8181-d1957c45b67f,Neon Lamp,3532,nm,absorbance,1017.6947419241793
1027.087,-1.973983,4ef7a7ad-18f5-4edc-8181-d1957c45b67f,Neon Lamp,3533,nm,absorbance,1017.8585189467757
1027.253,-2.283607,4ef7a7ad-18f5-4edc-8181-d1957c45b67f,Neon Lamp,3534,nm,absorbance,1018.0232885573878
1027.418,0.6298590000000001,4ef7a7ad-18f5-4edc-8181-d1957c45b67f,Neon Lamp,3535,nm,absorbance,1018.1870655799842
1027.584,-0.4724160000000002,4ef7a7ad-18f5-4edc-8181-d1957c45b67f,Neon Lamp,3536,nm,absorbance,1018.3518351905965
1027.749,4.886131000000001,4ef7a7ad-18f5-4edc-8181-d1957c45b67f,Neon Lamp,3537,nm,absorbance,1018.5156122131929
1027.914,6.088673999999999,4ef7a7ad-18f5-4edc-8181-d1957c45b67f,Neon Lamp,3538,nm,absorbance,1018.6793892357892
1028.08,10.519718,4ef7a7ad-18f5-4edc-8181-d1957c45b67f,Neon Lamp,3539,nm,absorbance,1018.8441588464013
1028.245,2.211281,4ef7a7ad-18f5-4edc-8181-d1957c45b67f,Neon Lamp,3540,nm,absorbance,1019.0079358689977
1028.41,1.013654,4ef7a7ad-18f5-4edc-8181-d1957c45b67f,Neon Lamp,3541,nm,absorbance,1019.1717128915943
1028.576,0.2764749999999999,4ef7a7ad-18f5-4edc-8181-d1957c45b67f,Neon Lamp,3542,nm,absorbance,1019.3364825022064
1028.741,7.235599000000001,4ef7a7ad-18f5-4edc-8181-d1957c45b67f,Neon Lamp,3543,nm,absorbance,1019.5002595248028
1028.906,3.469857,4ef7a7ad-18f5-4edc-8181-d1957c45b67f,Neon Lamp,3544,nm,absorbance,1019.6640365473992
1029.072,1.566342,4ef7a7ad-18f5-4edc-8181-d1957c45b67f,Neon Lamp,3545,nm,absorbance,1019.8288061580112
1029.237,-0.3340559999999998,4ef7a7ad-18f5-4edc-8181-d1957c45b67f,Neon Lamp,3546,nm,absorbance,1019.9925831806078
1029.402,-2.288947,4ef7a7ad-18f5-4edc-8181-d1957c45b67f,Neon Lamp,3547,nm,absorbance,1020.1563602032041
1029.567,-2.152134,4ef7a7ad-18f5-4edc-8181-d1957c45b67f,Neon Lamp,3548,nm,absorbance,1020.3201372258005
1029.732,0.2670489999999999,4ef7a7ad-18f5-4edc-8181-d1957c45b67f,Neon Lamp,3549,nm,absorbance,1020.4839142483969
1029.898,5.188338,4ef7a7ad-18f5-4edc-8181-d1957c45b67f,Neon Lamp,3550,nm,absorbance,1020.648683859009
1030.063,5.882529000000001,4ef7a7ad-18f5-4edc-8181-d1957c45b67f,Neon Lamp,3551,nm,absorbance,1020.8124608816056
1030.228,1.0748280000000006,4ef7a7ad-18f5-4edc-8181-d1957c45b67f,Neon Lamp,3552,nm,absorbance,1020.976237904202
1030.393,-2.644522,4ef7a7ad-18f5-4edc-8181-d1957c45b67f,Neon Lamp,3553,nm,absorbance,1021.1400149267984
1030.558,-1.70213,4ef7a7ad-18f5-4edc-8181-d1957c45b67f,Neon Lamp,3554,nm,absorbance,1021.3037919493947
1030.723,1.1068779999999998,4ef7a7ad-18f5-4edc-8181-d1957c45b67f,Neon Lamp,3555,nm,absorbance,1021.4675689719911
1030.888,0.960059,4ef7a7ad-18f5-4edc-8181-d1957c45b67f,Neon Lamp,3556,nm,absorbance,1021.6313459945875
1031.053,0.6667599999999999,4ef7a7ad-18f5-4edc-8181-d1957c45b67f,Neon Lamp,3557,nm,absorbance,1021.7951230171841
1031.218,-2.21116,4ef7a7ad-18f5-4edc-8181-d1957c45b67f,Neon Lamp,3558,nm,absorbance,1021.9589000397805
1031.383,0.615003,4ef7a7ad-18f5-4edc-8181-d1957c45b67f,Neon Lamp,3559,nm,absorbance,1022.1226770623769
1031.548,1.7072719999999997,4ef7a7ad-18f5-4edc-8181-d1957c45b67f,Neon Lamp,3560,nm,absorbance,1022.2864540849732
1031.713,1.6908310000000004,4ef7a7ad-18f5-4edc-8181-d1957c45b67f,Neon Lamp,3561,nm,absorbance,1022.4502311075697
1031.878,-0.7768930000000001,4ef7a7ad-18f5-4edc-8181-d1957c45b67f,Neon Lamp,3562,nm,absorbance,1022.6140081301661
1032.043,-2.270498000000001,4ef7a7ad-18f5-4edc-8181-d1957c45b67f,Neon Lamp,3563,nm,absorbance,1022.7777851527625
1032.208,3.468119,4ef7a7ad-18f5-4edc-8181-d1957c45b67f,Neon Lamp,3564,nm,absorbance,1022.9415621753591
1032.373,8.548905,4ef7a7ad-18f5-4edc-8181-d1957c45b67f,Neon Lamp,3565,nm,absorbance,1023.1053391979555
1032.538,10.776075,4ef7a7ad-18f5-4edc-8181-d1957c45b67f,Neon Lamp,3566,nm,absorbance,1023.2691162205518
1032.703,3.613943999999999,4ef7a7ad-18f5-4edc-8181-d1957c45b67f,Neon Lamp,3567,nm,absorbance,1023.4328932431482
1032.868,4.328579000000001,4ef7a7ad-18f5-4edc-8181-d1957c45b67f,Neon Lamp,3568,nm,absorbance,1023.5966702657446
1033.033,-4.851243,4ef7a7ad-18f5-4edc-8181-d1957c45b67f,Neon Lamp,3569,nm,absorbance,1023.760447288341
1033.198,-3.307546,4ef7a7ad-18f5-4edc-8181-d1957c45b67f,Neon Lamp,3570,nm,absorbance,1023.9242243109376
1033.362,-7.49902,4ef7a7ad-18f5-4edc-8181-d1957c45b67f,Neon Lamp,3571,nm,absorbance,1024.0870087455182
1033.527,-2.840667,4ef7a7ad-18f5-4edc-8181-d1957c45b67f,Neon Lamp,3572,nm,absorbance,1024.2507857681146
1033.692,1.309337,4ef7a7ad-18f5-4edc-8181-d1957c45b67f,Neon Lamp,3573,nm,absorbance,1024.414562790711
1033.857,-1.281929,4ef7a7ad-18f5-4edc-8181-d1957c45b67f,Neon Lamp,3574,nm,absorbance,1024.5783398133074
1034.021,1.05489,4ef7a7ad-18f5-4edc-8181-d1957c45b67f,Neon Lamp,3575,nm,absorbance,1024.7411242478881
1034.186,0.536878,4ef7a7ad-18f5-4edc-8181-d1957c45b67f,Neon Lamp,3576,nm,absorbance,1024.9049012704845
1034.351,3.4965110000000004,4ef7a7ad-18f5-4edc-8181-d1957c45b67f,Neon Lamp,3577,nm,absorbance,1025.0686782930811
1034.516,3.594305,4ef7a7ad-18f5-4edc-8181-d1957c45b67f,Neon Lamp,3578,nm,absorbance,1025.2324553156775
1034.68,0.549428,4ef7a7ad-18f5-4edc-8181-d1957c45b67f,Neon Lamp,3579,nm,absorbance,1025.395239750258
1034.845,-2.181932,4ef7a7ad-18f5-4edc-8181-d1957c45b67f,Neon Lamp,3580,nm,absorbance,1025.5590167728544
1035.01,1.958928,4ef7a7ad-18f5-4edc-8181-d1957c45b67f,Neon Lamp,3581,nm,absorbance,1025.7227937954508
1035.174,4.850192000000001,4ef7a7ad-18f5-4edc-8181-d1957c45b67f,Neon Lamp,3582,nm,absorbance,1025.8855782300316
1035.339,4.354604999999999,4ef7a7ad-18f5-4edc-8181-d1957c45b67f,Neon Lamp,3583,nm,absorbance,1026.049355252628
1035.504,2.520994,4ef7a7ad-18f5-4edc-8181-d1957c45b67f,Neon Lamp,3584,nm,absorbance,1026.2131322752243
1035.668,7.089475,4ef7a7ad-18f5-4edc-8181-d1957c45b67f,Neon Lamp,3585,nm,absorbance,1026.3759167098049
1035.833,10.365479,4ef7a7ad-18f5-4edc-8181-d1957c45b67f,Neon Lamp,3586,nm,absorbance,1026.5396937324015
1035.997,6.943185,4ef7a7ad-18f5-4edc-8181-d1957c45b67f,Neon Lamp,3587,nm,absorbance,1026.7024781669822
1036.162,4.977669000000001,4ef7a7ad-18f5-4edc-8181-d1957c45b67f,Neon Lamp,3588,nm,absorbance,1026.8662551895786
1036.326,1.8840480000000004,4ef7a7ad-18f5-4edc-8181-d1957c45b67f,Neon Lamp,3589,nm,absorbance,1027.0290396241592
1036.491,-0.1298819999999999,4ef7a7ad-18f5-4edc-8181-d1957c45b67f,Neon Lamp,3590,nm,absorbance,1027.1928166467555
1036.655,-4.049618,4ef7a7ad-18f5-4edc-8181-d1957c45b67f,Neon Lamp,3591,nm,absorbance,1027.3556010813363
1036.82,2.478813,4ef7a7ad-18f5-4edc-8181-d1957c45b67f,Neon Lamp,3592,nm,absorbance,1027.5193781039327
1036.984,6.432281000000001,4ef7a7ad-18f5-4edc-8181-d1957c45b67f,Neon Lamp,3593,nm,absorbance,1027.6821625385132
1037.149,5.135058,4ef7a7ad-18f5-4edc-8181-d1957c45b67f,Neon Lamp,3594,nm,absorbance,1027.8459395611096
1037.313,1.334628,4ef7a7ad-18f5-4edc-8181-d1957c45b67f,Neon Lamp,3595,nm,absorbance,1028.0087239956906
1037.478,-2.256879,4ef7a7ad-18f5-4edc-8181-d1957c45b67f,Neon Lamp,3596,nm,absorbance,1028.172501018287
1037.642,1.541278,4ef7a7ad-18f5-4edc-8181-d1957c45b67f,Neon Lamp,3597,nm,absorbance,1028.3352854528675
1037.807,0.123783,4ef7a7ad-18f5-4edc-8181-d1957c45b67f,Neon Lamp,3598,nm,absorbance,1028.499062475464
1037.971,0.498461,4ef7a7ad-18f5-4edc-8181-d1957c45b67f,Neon Lamp,3599,nm,absorbance,1028.6618469100447
1038.135,-2.044877,4ef7a7ad-18f5-4edc-8181-d1957c45b67f,Neon Lamp,3600,nm,absorbance,1028.8246313446252
1038.3,-2.748784,4ef7a7ad-18f5-4edc-8181-d1957c45b67f,Neon Lamp,3601,nm,absorbance,1028.9884083672216
1038.464,1.234562,4ef7a7ad-18f5-4edc-8181-d1957c45b67f,Neon Lamp,3602,nm,absorbance,1029.1511928018024
1038.628,1.061777,4ef7a7ad-18f5-4edc-8181-d1957c45b67f,Neon Lamp,3603,nm,absorbance,1029.313977236383
1038.792,5.316344,4ef7a7ad-18f5-4edc-8181-d1957c45b67f,Neon Lamp,3604,nm,absorbance,1029.4767616709637
1038.957,4.654044,4ef7a7ad-18f5-4edc-8181-d1957c45b67f,Neon Lamp,3605,nm,absorbance,1029.6405386935603
1039.121,3.509852,4ef7a7ad-18f5-4edc-8181-d1957c45b67f,Neon Lamp,3606,nm,absorbance,1029.8033231281408
1039.285,-1.611854,4ef7a7ad-18f5-4edc-8181-d1957c45b67f,Neon Lamp,3607,nm,absorbance,1029.9661075627216
1039.449,-3.2902340000000003,4ef7a7ad-18f5-4edc-8181-d1957c45b67f,Neon Lamp,3608,nm,absorbance,1030.1288919973022
1039.614,-0.776778,4ef7a7ad-18f5-4edc-8181-d1957c45b67f,Neon Lamp,3609,nm,absorbance,1030.2926690198985
1039.778,-3.640059,4ef7a7ad-18f5-4edc-8181-d1957c45b67f,Neon Lamp,3610,nm,absorbance,1030.4554534544793
1039.942,-5.970762,4ef7a7ad-18f5-4edc-8181-d1957c45b67f,Neon Lamp,3611,nm,absorbance,1030.6182378890599
1040.106,-9.853253,4ef7a7ad-18f5-4edc-8181-d1957c45b67f,Neon Lamp,3612,nm,absorbance,1030.7810223236406
1040.27,-3.896792,4ef7a7ad-18f5-4edc-8181-d1957c45b67f,Neon Lamp,3613,nm,absorbance,1030.9438067582212
1040.434,0.207538,4ef7a7ad-18f5-4edc-8181-d1957c45b67f,Neon Lamp,3614,nm,absorbance,1031.106591192802
1040.599,7.869282,4ef7a7ad-18f5-4edc-8181-d1957c45b67f,Neon Lamp,3615,nm,absorbance,1031.2703682153983
1040.763,11.029496,4ef7a7ad-18f5-4edc-8181-d1957c45b67f,Neon Lamp,3616,nm,absorbance,1031.433152649979
1040.927,12.506103,4ef7a7ad-18f5-4edc-8181-d1957c45b67f,Neon Lamp,3617,nm,absorbance,1031.5959370845596
1041.091,7.993343999999999,4ef7a7ad-18f5-4edc-8181-d1957c45b67f,Neon Lamp,3618,nm,absorbance,1031.7587215191404
1041.255,2.372011,4ef7a7ad-18f5-4edc-8181-d1957c45b67f,Neon Lamp,3619,nm,absorbance,1031.9215059537212
1041.419,-0.7872509999999997,4ef7a7ad-18f5-4edc-8181-d1957c45b67f,Neon Lamp,3620,nm,absorbance,1032.084290388302
1041.583,-0.830042,4ef7a7ad-18f5-4edc-8181-d1957c45b67f,Neon Lamp,3621,nm,absorbance,1032.2470748228825
1041.747,1.578853,4ef7a7ad-18f5-4edc-8181-d1957c45b67f,Neon Lamp,3622,nm,absorbance,1032.4098592574633
1041.911,2.178788,4ef7a7ad-18f5-4edc-8181-d1957c45b67f,Neon Lamp,3623,nm,absorbance,1032.5726436920438
1042.075,0.219705,4ef7a7ad-18f5-4edc-8181-d1957c45b67f,Neon Lamp,3624,nm,absorbance,1032.7354281266246
1042.239,-1.1197659999999998,4ef7a7ad-18f5-4edc-8181-d1957c45b67f,Neon Lamp,3625,nm,absorbance,1032.8982125612051
1042.403,-2.087931,4ef7a7ad-18f5-4edc-8181-d1957c45b67f,Neon Lamp,3626,nm,absorbance,1033.060996995786
1042.567,4.573864,4ef7a7ad-18f5-4edc-8181-d1957c45b67f,Neon Lamp,3627,nm,absorbance,1033.2237814303664
1042.731,4.361501,4ef7a7ad-18f5-4edc-8181-d1957c45b67f,Neon Lamp,3628,nm,absorbance,1033.3865658649472
1042.894,1.324417,4ef7a7ad-18f5-4edc-8181-d1957c45b67f,Neon Lamp,3629,nm,absorbance,1033.5483577115122
1043.058,-3.27016,4ef7a7ad-18f5-4edc-8181-d1957c45b67f,Neon Lamp,3630,nm,absorbance,1033.7111421460927
1043.222,-6.534830000000001,4ef7a7ad-18f5-4edc-8181-d1957c45b67f,Neon Lamp,3631,nm,absorbance,1033.8739265806735
1043.386,-5.815247,4ef7a7ad-18f5-4edc-8181-d1957c45b67f,Neon Lamp,3632,nm,absorbance,1034.036711015254
1043.55,-9.984453,4ef7a7ad-18f5-4edc-8181-d1957c45b67f,Neon Lamp,3633,nm,absorbance,1034.1994954498348
1043.714,-2.292117,4ef7a7ad-18f5-4edc-8181-d1957c45b67f,Neon Lamp,3634,nm,absorbance,1034.3622798844156
1043.877,1.789002,4ef7a7ad-18f5-4edc-8181-d1957c45b67f,Neon Lamp,3635,nm,absorbance,1034.5240717309805
1044.041,5.237582999999999,4ef7a7ad-18f5-4edc-8181-d1957c45b67f,Neon Lamp,3636,nm,absorbance,1034.686856165561
1044.205,5.736268999999999,4ef7a7ad-18f5-4edc-8181-d1957c45b67f,Neon Lamp,3637,nm,absorbance,1034.8496406001418
1044.369,6.001094,4ef7a7ad-18f5-4edc-8181-d1957c45b67f,Neon Lamp,3638,nm,absorbance,1035.0124250347224
1044.532,4.9353940000000005,4ef7a7ad-18f5-4edc-8181-d1957c45b67f,Neon Lamp,3639,nm,absorbance,1035.1742168812873
1044.696,3.853182,4ef7a7ad-18f5-4edc-8181-d1957c45b67f,Neon Lamp,3640,nm,absorbance,1035.337001315868
1044.86,0.336005,4ef7a7ad-18f5-4edc-8181-d1957c45b67f,Neon Lamp,3641,nm,absorbance,1035.4997857504486
1045.023,0.0425459999999999,4ef7a7ad-18f5-4edc-8181-d1957c45b67f,Neon Lamp,3642,nm,absorbance,1035.6615775970135
1045.187,-3.762071,4ef7a7ad-18f5-4edc-8181-d1957c45b67f,Neon Lamp,3643,nm,absorbance,1035.8243620315943
1045.351,0.0190329999999999,4ef7a7ad-18f5-4edc-8181-d1957c45b67f,Neon Lamp,3644,nm,absorbance,1035.987146466175
1045.514,3.591131,4ef7a7ad-18f5-4edc-8181-d1957c45b67f,Neon Lamp,3645,nm,absorbance,1036.1489383127398
1045.678,7.379016,4ef7a7ad-18f5-4edc-8181-d1957c45b67f,Neon Lamp,3646,nm,absorbance,1036.3117227473208
1045.841,8.087223,4ef7a7ad-18f5-4edc-8181-d1957c45b67f,Neon Lamp,3647,nm,absorbance,1036.4735145938855
