wavelength_nm,intensity,spectrum_id,spectrum_name,point_index,x_unit,y_unit,wavelength_calibrated_nm
345.386,-4.148262,d37b79a3-8c4f-4b8a-8508-1150e238c472,Xenon Lamp,0,nm,absorbance,341.21027603164254
345.605,-4.148262,d37b79a3-8c4f-4b8a-8508-1150e238c472,Xenon Lamp,1,nm,absorbance,341.4276528070887
345.824,0.5072399999999999,d37b79a3-8c4f-4b8a-8508-1150e238c472,Xenon Lamp,2,nm,absorbance,341.6450295825348
346.044,-0.1580089999999999,d37b79a3-8c4f-4b8a-8508-1150e238c472,Xenon Lamp,3,nm,absorbance,341.86339894599666
346.263,0.592857,d37b79a3-8c4f-4b8a-8508-1150e238c472,Xenon Lamp,4,nm,absorbance,342.0807757214428
346.482,-3.129449,d37b79a3-8c4f-4b8a-8508-1150e238c472,Xenon Lamp,5,nm,absorbance,342.29815249688903
346.701,2.055453,d37b79a3-8c4f-4b8a-8508-1150e238c472,Xenon Lamp,6,nm,absorbance,342.51552927233513
346.92,3.822152,d37b79a3-8c4f-4b8a-8508-1150e238c472,Xenon Lamp,7,nm,absorbance,342.7329060477813
347.139,4.800066,d37b79a3-8c4f-4b8a-8508-1150e238c472,Xenon Lamp,8,nm,absorbance,342.95028282322744
347.358,-1.6884799999999998,d37b79a3-8c4f-4b8a-8508-1150e238c472,Xenon Lamp,9,nm,absorbance,343.1676595986736
347.577,1.0412499999999998,d37b79a3-8c4f-4b8a-8508-1150e238c472,Xenon Lamp,10,nm,absorbance,343.3850363741197
347.796,1.6509629999999995,d37b79a3-8c4f-4b8a-8508-1150e238c472,Xenon Lamp,11,nm,absorbance,343.60241314956585
348.015,5.146559999999999,d37b79a3-8c4f-4b8a-8508-1150e238c472,Xenon Lamp,12,nm,absorbance,343.819789925012
348.234,0.900934,d37b79a3-8c4f-4b8a-8508-1150e238c472,Xenon Lamp,13,nm,absorbance,344.03716670045816
348.453,-4.660585,d37b79a3-8c4f-4b8a-8508-1150e238c472,Xenon Lamp,14,nm,absorbance,344.25454347590426
348.672,-5.511663,d37b79a3-8c4f-4b8a-8508-1150e238c472,Xenon Lamp,15,nm,absorbance,344.47192025135047
348.891,-9.048112,d37b79a3-8c4f-4b8a-8508-1150e238c472,Xenon Lamp,16,nm,absorbance,344.6892970267966
349.11,-0.409416,d37b79a3-8c4f-4b8a-8508-1150e238c472,Xenon Lamp,17,nm,absorbance,344.9066738022428
349.329,-2.877324,d37b79a3-8c4f-4b8a-8508-1150e238c472,Xenon Lamp,18,nm,absorbance,345.12405057768893
349.548,-0.3184679999999998,d37b79a3-8c4f-4b8a-8508-1150e238c472,Xenon Lamp,19,nm,absorbance,345.34142735313503
349.767,2.210051,d37b79a3-8c4f-4b8a-8508-1150e238c472,Xenon Lamp,20,nm,absorbance,345.5588041285812
349.986,5.333326000000001,d37b79a3-8c4f-4b8a-8508-1150e238c472,Xenon Lamp,21,nm,absorbance,345.77618090402734
350.205,7.667575999999999,d37b79a3-8c4f-4b8a-8508-1150e238c472,Xenon Lamp,22,nm,absorbance,345.9935576794735
350.424,4.602361,d37b79a3-8c4f-4b8a-8508-1150e238c472,Xenon Lamp,23,nm,absorbance,346.2109344549196
350.643,7.328049,d37b79a3-8c4f-4b8a-8508-1150e238c472,Xenon Lamp,24,nm,absorbance,346.42831123036575
350.862,2.225503,d37b79a3-8c4f-4b8a-8508-1150e238c472,Xenon Lamp,25,nm,absorbance,346.64568800581196
351.08,-1.003214,d37b79a3-8c4f-4b8a-8508-1150e238c472,Xenon Lamp,26,nm,absorbance,346.86207219324234
351.299,-2.565194,d37b79a3-8c4f-4b8a-8508-1150e238c472,Xenon Lamp,27,nm,absorbance,347.0794489686885
351.518,1.3991909999999996,d37b79a3-8c4f-4b8a-8508-1150e238c472,Xenon Lamp,28,nm,absorbance,347.2968257441346
351.737,1.086679,d37b79a3-8c4f-4b8a-8508-1150e238c472,Xenon Lamp,29,nm,absorbance,347.5142025195808
351.956,1.0604220000000002,d37b79a3-8c4f-4b8a-8508-1150e238c472,Xenon Lamp,30,nm,absorbance,347.73157929502696
352.174,3.6520160000000006,d37b79a3-8c4f-4b8a-8508-1150e238c472,Xenon Lamp,31,nm,absorbance,347.94796348245734
352.393,3.3812560000000005,d37b79a3-8c4f-4b8a-8508-1150e238c472,Xenon Lamp,32,nm,absorbance,348.16534025790344
352.612,2.129504,d37b79a3-8c4f-4b8a-8508-1150e238c472,Xenon Lamp,33,nm,absorbance,348.38271703334965
352.831,3.043545,d37b79a3-8c4f-4b8a-8508-1150e238c472,Xenon Lamp,34,nm,absorbance,348.6000938087958
353.049,5.781797,d37b79a3-8c4f-4b8a-8508-1150e238c472,Xenon Lamp,35,nm,absorbance,348.8164779962262
353.268,5.9937190000000005,d37b79a3-8c4f-4b8a-8508-1150e238c472,Xenon Lamp,36,nm,absorbance,349.03385477167234
353.487,7.333644,d37b79a3-8c4f-4b8a-8508-1150e238c472,Xenon Lamp,37,nm,absorbance,349.2512315471185
353.705,4.070525999999999,d37b79a3-8c4f-4b8a-8508-1150e238c472,Xenon Lamp,38,nm,absorbance,349.4676157345489
353.924,5.605770000000001,d37b79a3-8c4f-4b8a-8508-1150e238c472,Xenon Lamp,39,nm,absorbance,349.684992509995
354.143,2.892441,d37b79a3-8c4f-4b8a-8508-1150e238c472,Xenon Lamp,40,nm,absorbance,349.9023692854412
354.361,6.9279530000000005,d37b79a3-8c4f-4b8a-8508-1150e238c472,Xenon Lamp,41,nm,absorbance,350.1187534728716
354.58,6.230818,d37b79a3-8c4f-4b8a-8508-1150e238c472,Xenon Lamp,42,nm,absorbance,350.3361302483177
354.798,6.617635,d37b79a3-8c4f-4b8a-8508-1150e238c472,Xenon Lamp,43,nm,absorbance,350.55251443574815
355.017,4.173223999999999,d37b79a3-8c4f-4b8a-8508-1150e238c472,Xenon Lamp,44,nm,absorbance,350.7698912111943
355.236,3.335122,d37b79a3-8c4f-4b8a-8508-1150e238c472,Xenon Lamp,45,nm,absorbance,350.98726798664046
355.454,-1.32894,d37b79a3-8c4f-4b8a-8508-1150e238c472,Xenon Lamp,46,nm,absorbance,351.2036521740709
355.673,-0.912017,d37b79a3-8c4f-4b8a-8508-1150e238c472,Xenon Lamp,47,nm,absorbance,351.42102894951705
355.891,-1.6030920000000002,d37b79a3-8c4f-4b8a-8508-1150e238c472,Xenon Lamp,48,nm,absorbance,351.63741313694743
356.11,1.076485,d37b79a3-8c4f-4b8a-8508-1150e238c472,Xenon Lamp,49,nm,absorbance,351.8547899123936
356.328,1.487454,d37b79a3-8c4f-4b8a-8508-1150e238c472,Xenon Lamp,50,nm,absorbance,352.07117409982396
356.547,1.562599,d37b79a3-8c4f-4b8a-8508-1150e238c472,Xenon Lamp,51,nm,absorbance,352.2885508752702
356.765,3.619602,d37b79a3-8c4f-4b8a-8508-1150e238c472,Xenon Lamp,52,nm,absorbance,352.50493506270055
356.984,3.779488,d37b79a3-8c4f-4b8a-8508-1150e238c472,Xenon Lamp,53,nm,absorbance,352.7223118381467
357.202,3.1924900000000003,d37b79a3-8c4f-4b8a-8508-1150e238c472,Xenon Lamp,54,nm,absorbance,352.9386960255771
357.42,2.06748,d37b79a3-8c4f-4b8a-8508-1150e238c472,Xenon Lamp,55,nm,absorbance,353.1550802130075
357.639,0.557862,d37b79a3-8c4f-4b8a-8508-1150e238c472,Xenon Lamp,56,nm,absorbance,353.3724569884537
357.857,2.569128,d37b79a3-8c4f-4b8a-8508-1150e238c472,Xenon Lamp,57,nm,absorbance,353.5888411758841
358.076,0.906943,d37b79a3-8c4f-4b8a-8508-1150e238c472,Xenon Lamp,58,nm,absorbance,353.80621795133027
358.294,5.403446000000001,d37b79a3-8c4f-4b8a-8508-1150e238c472,Xenon Lamp,59,nm,absorbance,354.02260213876065
358.512,7.440726,d37b79a3-8c4f-4b8a-8508-1150e238c472,Xenon Lamp,60,nm,absorbance,354.2389863261911
358.731,9.197695,d37b79a3-8c4f-4b8a-8508-1150e238c472,Xenon Lamp,61,nm,absorbance,354.4563631016372
358.949,6.38938,d37b79a3-8c4f-4b8a-8508-1150e238c472,Xenon Lamp,62,nm,absorbance,354.6727472890676
359.167,2.778195,d37b79a3-8c4f-4b8a-8508-1150e238c472,Xenon Lamp,63,nm,absorbance,354.889131476498
359.386,0.5842249999999999,d37b79a3-8c4f-4b8a-8508-1150e238c472,Xenon Lamp,64,nm,absorbance,355.1065082519442
359.604,-4.590301,d37b79a3-8c4f-4b8a-8508-1150e238c472,Xenon Lamp,65,nm,absorbance,355.3228924393746
359.822,0.0187989999999999,d37b79a3-8c4f-4b8a-8508-1150e238c472,Xenon Lamp,66,nm,absorbance,355.539276626805
360.04,-0.0039729999999998,d37b79a3-8c4f-4b8a-8508-1150e238c472,Xenon Lamp,67,nm,absorbance,355.75566081423545
360.259,1.966729,d37b79a3-8c4f-4b8a-8508-1150e238c472,Xenon Lamp,68,nm,absorbance,355.97303758968155
360.477,-0.7258959999999999,d37b79a3-8c4f-4b8a-8508-1150e238c472,Xenon Lamp,69,nm,absorbance,356.18942177711193
360.695,-0.370313,d37b79a3-8c4f-4b8a-8508-1150e238c472,Xenon Lamp,70,nm,absorbance,356.40580596454237
360.913,6.067688,d37b79a3-8c4f-4b8a-8508-1150e238c472,Xenon Lamp,71,nm,absorbance,356.6221901519728
361.131,5.304667,d37b79a3-8c4f-4b8a-8508-1150e238c472,Xenon Lamp,72,nm,absorbance,356.8385743394032
361.35,1.775481,d37b79a3-8c4f-4b8a-8508-1150e238c472,Xenon Lamp,73,nm,absorbance,357.0559511148494
361.568,-2.615593,d37b79a3-8c4f-4b8a-8508-1150e238c472,Xenon Lamp,74,nm,absorbance,357.27233530227977
361.786,-3.4045410000000005,d37b79a3-8c4f-4b8a-8508-1150e238c472,Xenon Lamp,75,nm,absorbance,357.48871948971015
362.004,3.153007,d37b79a3-8c4f-4b8a-8508-1150e238c472,Xenon Lamp,76,nm,absorbance,357.7051036771406
362.222,5.004212,d37b79a3-8c4f-4b8a-8508-1150e238c472,Xenon Lamp,77,nm,absorbance,357.92148786457096
362.44,4.799048,d37b79a3-8c4f-4b8a-8508-1150e238c472,Xenon Lamp,78,nm,absorbance,358.1378720520014
362.658,3.426152,d37b79a3-8c4f-4b8a-8508-1150e238c472,Xenon Lamp,79,nm,absorbance,358.35425623943183
362.876,0.6329400000000003,d37b79a3-8c4f-4b8a-8508-1150e238c472,Xenon Lamp,80,nm,absorbance,358.5706404268622
363.094,4.447249,d37b79a3-8c4f-4b8a-8508-1150e238c472,Xenon Lamp,81,nm,absorbance,358.78702461429265
363.312,6.873127000000001,d37b79a3-8c4f-4b8a-8508-1150e238c472,Xenon Lamp,82,nm,absorbance,359.0034088017231
363.53,5.915022,d37b79a3-8c4f-4b8a-8508-1150e238c472,Xenon Lamp,83,nm,absorbance,359.21979298915346
363.749,2.788542,d37b79a3-8c4f-4b8a-8508-1150e238c472,Xenon Lamp,84,nm,absorbance,359.4371697645996
363.967,1.904501,d37b79a3-8c4f-4b8a-8508-1150e238c472,Xenon Lamp,85,nm,absorbance,359.65355395203
364.184,0.4314100000000002,d37b79a3-8c4f-4b8a-8508-1150e238c472,Xenon Lamp,86,nm,absorbance,359.8689455514447
364.402,4.398877,d37b79a3-8c4f-4b8a-8508-1150e238c472,Xenon Lamp,87,nm,absorbance,360.0853297388751
364.62,3.447551,d37b79a3-8c4f-4b8a-8508-1150e238c472,Xenon Lamp,88,nm,absorbance,360.3017139263055
364.838,6.735941,d37b79a3-8c4f-4b8a-8508-1150e238c472,Xenon Lamp,89,nm,absorbance,360.51809811373596
365.056,-0.4999719999999999,d37b79a3-8c4f-4b8a-8508-1150e238c472,Xenon Lamp,90,nm,absorbance,360.73448230116634
365.274,-4.118387,d37b79a3-8c4f-4b8a-8508-1150e238c472,Xenon Lamp,91,nm,absorbance,360.9508664885968
365.492,-6.589011999999999,d37b79a3-8c4f-4b8a-8508-1150e238c472,Xenon Lamp,92,nm,absorbance,361.1672506760272
365.71,-4.239441,d37b79a3-8c4f-4b8a-8508-1150e238c472,Xenon Lamp,93,nm,absorbance,361.3836348634576
365.928,-0.2659520000000001,d37b79a3-8c4f-4b8a-8508-1150e238c472,Xenon Lamp,94,nm,absorbance,361.60001905088797
366.146,2.5078690000000003,d37b79a3-8c4f-4b8a-8508-1150e238c472,Xenon Lamp,95,nm,absorbance,361.8164032383184
366.364,4.378622,d37b79a3-8c4f-4b8a-8508-1150e238c472,Xenon Lamp,96,nm,absorbance,362.0327874257488
366.581,4.782582999999999,d37b79a3-8c4f-4b8a-8508-1150e238c472,Xenon Lamp,97,nm,absorbance,362.2481790251635
366.799,7.687496000000001,d37b79a3-8c4f-4b8a-8508-1150e238c472,Xenon Lamp,98,nm,absorbance,362.4645632125939
367.017,8.662394,d37b79a3-8c4f-4b8a-8508-1150e238c472,Xenon Lamp,99,nm,absorbance,362.6809474000243
367.235,7.296821,d37b79a3-8c4f-4b8a-8508-1150e238c472,Xenon Lamp,100,nm,absorbance,362.89733158745474
367.453,5.251951,d37b79a3-8c4f-4b8a-8508-1150e238c472,Xenon Lamp,101,nm,absorbance,363.1137157748851
367.67,3.047994,d37b79a3-8c4f-4b8a-8508-1150e238c472,Xenon Lamp,102,nm,absorbance,363.32910737429984
367.888,1.339877,d37b79a3-8c4f-4b8a-8508-1150e238c472,Xenon Lamp,103,nm,absorbance,363.5454915617302
368.106,0.775089,d37b79a3-8c4f-4b8a-8508-1150e238c472,Xenon Lamp,104,nm,absorbance,363.76187574916065
368.323,-1.4446669999999997,d37b79a3-8c4f-4b8a-8508-1150e238c472,Xenon Lamp,105,nm,absorbance,363.9772673485753
368.541,-6.769692999999999,d37b79a3-8c4f-4b8a-8508-1150e238c472,Xenon Lamp,106,nm,absorbance,364.19365153600575
368.759,-5.204165000000001,d37b79a3-8c4f-4b8a-8508-1150e238c472,Xenon Lamp,107,nm,absorbance,364.4100357234362
368.977,-0.6439220000000001,d37b79a3-8c4f-4b8a-8508-1150e238c472,Xenon Lamp,108,nm,absorbance,364.6264199108665
369.194,9.140942,d37b79a3-8c4f-4b8a-8508-1150e238c472,Xenon Lamp,109,nm,absorbance,364.8418115102812
369.412,6.312392,d37b79a3-8c4f-4b8a-8508-1150e238c472,Xenon Lamp,110,nm,absorbance,365.0581956977116
369.629,3.320251999999999,d37b79a3-8c4f-4b8a-8508-1150e238c472,Xenon Lamp,111,nm,absorbance,365.2735872971263
369.847,-2.922544,d37b79a3-8c4f-4b8a-8508-1150e238c472,Xenon Lamp,112,nm,absorbance,365.4899714845567
370.065,-0.953735,d37b79a3-8c4f-4b8a-8508-1150e238c472,Xenon Lamp,113,nm,absorbance,365.7063556719871
370.282,-0.1650989999999999,d37b79a3-8c4f-4b8a-8508-1150e238c472,Xenon Lamp,114,nm,absorbance,365.9217472714018
370.5,3.2997060000000005,d37b79a3-8c4f-4b8a-8508-1150e238c472,Xenon Lamp,115,nm,absorbance,366.1381314588322
370.717,-0.0675080000000001,d37b79a3-8c4f-4b8a-8508-1150e238c472,Xenon Lamp,116,nm,absorbance,366.3535230582469
370.935,-0.386896,d37b79a3-8c4f-4b8a-8508-1150e238c472,Xenon Lamp,117,nm,absorbance,366.5699072456773
371.152,-1.3939049999999995,d37b79a3-8c4f-4b8a-8508-1150e238c472,Xenon Lamp,118,nm,absorbance,366.785298845092
371.37,-0.6736480000000001,d37b79a3-8c4f-4b8a-8508-1150e238c472,Xenon Lamp,119,nm,absorbance,367.0016830325224
371.588,-0.92818,d37b79a3-8c4f-4b8a-8508-1150e238c472,Xenon Lamp,120,nm,absorbance,367.21806721995284
371.805,3.247272,d37b79a3-8c4f-4b8a-8508-1150e238c472,Xenon Lamp,121,nm,absorbance,367.4334588193675
372.022,-0.3831590000000003,d37b79a3-8c4f-4b8a-8508-1150e238c472,Xenon Lamp,122,nm,absorbance,367.64885041878216
372.24,2.4039810000000004,d37b79a3-8c4f-4b8a-8508-1150e238c472,Xenon Lamp,123,nm,absorbance,367.8652346062126
372.457,-4.734326,d37b79a3-8c4f-4b8a-8508-1150e238c472,Xenon Lamp,124,nm,absorbance,368.08062620562725
372.675,7.259157,d37b79a3-8c4f-4b8a-8508-1150e238c472,Xenon Lamp,125,nm,absorbance,368.2970103930577
372.892,3.061132,d37b79a3-8c4f-4b8a-8508-1150e238c472,Xenon Lamp,126,nm,absorbance,368.51240199247235
373.11,2.705519,d37b79a3-8c4f-4b8a-8508-1150e238c472,Xenon Lamp,127,nm,absorbance,368.7287861799028
373.327,-3.476633,d37b79a3-8c4f-4b8a-8508-1150e238c472,Xenon Lamp,128,nm,absorbance,368.94417777931744
373.544,1.171137,d37b79a3-8c4f-4b8a-8508-1150e238c472,Xenon Lamp,129,nm,absorbance,369.1595693787321
373.762,4.4863610000000005,d37b79a3-8c4f-4b8a-8508-1150e238c472,Xenon Lamp,130,nm,absorbance,369.37595356616254
373.979,2.354364,d37b79a3-8c4f-4b8a-8508-1150e238c472,Xenon Lamp,131,nm,absorbance,369.5913451655772
374.196,0.6854389999999999,d37b79a3-8c4f-4b8a-8508-1150e238c472,Xenon Lamp,132,nm,absorbance,369.8067367649919
374.414,1.930654,d37b79a3-8c4f-4b8a-8508-1150e238c472,Xenon Lamp,133,nm,absorbance,370.0231209524223
374.631,4.375611999999999,d37b79a3-8c4f-4b8a-8508-1150e238c472,Xenon Lamp,134,nm,absorbance,370.23851255183695
374.848,2.397295,d37b79a3-8c4f-4b8a-8508-1150e238c472,Xenon Lamp,135,nm,absorbance,370.45390415125166
375.066,4.786223,d37b79a3-8c4f-4b8a-8508-1150e238c472,Xenon Lamp,136,nm,absorbance,370.670288338682
375.283,2.924205,d37b79a3-8c4f-4b8a-8508-1150e238c472,Xenon Lamp,137,nm,absorbance,370.88567993809676
375.5,3.031479,d37b79a3-8c4f-4b8a-8508-1150e238c472,Xenon Lamp,138,nm,absorbance,371.1010715375114
375.717,2.3997210000000004,d37b79a3-8c4f-4b8a-8508-1150e238c472,Xenon Lamp,139,nm,absorbance,371.3164631369261
375.935,2.054597,d37b79a3-8c4f-4b8a-8508-1150e238c472,Xenon Lamp,140,nm,absorbance,371.53284732435645
376.152,4.524736,d37b79a3-8c4f-4b8a-8508-1150e238c472,Xenon Lamp,141,nm,absorbance,371.74823892377117
376.369,-0.309867,d37b79a3-8c4f-4b8a-8508-1150e238c472,Xenon Lamp,142,nm,absorbance,371.9636305231859
376.586,-0.8082049999999998,d37b79a3-8c4f-4b8a-8508-1150e238c472,Xenon Lamp,143,nm,absorbance,372.17902212260054
376.803,-0.8268190000000001,d37b79a3-8c4f-4b8a-8508-1150e238c472,Xenon Lamp,144,nm,absorbance,372.3944137220152
377.02,3.284081,d37b79a3-8c4f-4b8a-8508-1150e238c472,Xenon Lamp,145,nm,absorbance,372.60980532142986
377.238,5.154978,d37b79a3-8c4f-4b8a-8508-1150e238c472,Xenon Lamp,146,nm,absorbance,372.8261895088603
377.455,2.267219,d37b79a3-8c4f-4b8a-8508-1150e238c472,Xenon Lamp,147,nm,absorbance,373.04158110827495
377.672,0.979545,d37b79a3-8c4f-4b8a-8508-1150e238c472,Xenon Lamp,148,nm,absorbance,373.25697270768967
377.889,-0.934012,d37b79a3-8c4f-4b8a-8508-1150e238c472,Xenon Lamp,149,nm,absorbance,373.4723643071043
378.106,1.4160480000000004,d37b79a3-8c4f-4b8a-8508-1150e238c472,Xenon Lamp,150,nm,absorbance,373.687755906519
378.323,3.509415,d37b79a3-8c4f-4b8a-8508-1150e238c472,Xenon Lamp,151,nm,absorbance,373.90314750593365
378.54,5.953433,d37b79a3-8c4f-4b8a-8508-1150e238c472,Xenon Lamp,152,nm,absorbance,374.11853910534836
378.757,4.447353,d37b79a3-8c4f-4b8a-8508-1150e238c472,Xenon Lamp,153,nm,absorbance,374.333930704763
378.974,2.983009,d37b79a3-8c4f-4b8a-8508-1150e238c472,Xenon Lamp,154,nm,absorbance,374.5493223041777
379.191,4.124756999999999,d37b79a3-8c4f-4b8a-8508-1150e238c472,Xenon Lamp,155,nm,absorbance,374.76471390359234
379.408,3.805155,d37b79a3-8c4f-4b8a-8508-1150e238c472,Xenon Lamp,156,nm,absorbance,374.98010550300705
379.625,-1.510492,d37b79a3-8c4f-4b8a-8508-1150e238c472,Xenon Lamp,157,nm,absorbance,375.1954971024217
379.842,-3.3780650000000003,d37b79a3-8c4f-4b8a-8508-1150e238c472,Xenon Lamp,158,nm,absorbance,375.41088870183637
380.059,-1.0148430000000002,d37b79a3-8c4f-4b8a-8508-1150e238c472,Xenon Lamp,159,nm,absorbance,375.6262803012511
380.276,3.218745,d37b79a3-8c4f-4b8a-8508-1150e238c472,Xenon Lamp,160,nm,absorbance,375.84167190066574
380.493,0.2296890000000001,d37b79a3-8c4f-4b8a-8508-1150e238c472,Xenon Lamp,161,nm,absorbance,376.0570635000804
380.71,0.506437,d37b79a3-8c4f-4b8a-8508-1150e238c472,Xenon Lamp,162,nm,absorbance,376.27245509949506
380.927,-3.215284,d37b79a3-8c4f-4b8a-8508-1150e238c472,Xenon Lamp,163,nm,absorbance,376.4878466989098
381.143,3.215733,d37b79a3-8c4f-4b8a-8508-1150e238c472,Xenon Lamp,164,nm,absorbance,376.70224571030866
381.36,-1.6527059999999998,d37b79a3-8c4f-4b8a-8508-1150e238c472,Xenon Lamp,165,nm,absorbance,376.9176373097234
381.577,7.571296999999999,d37b79a3-8c4f-4b8a-8508-1150e238c472,Xenon Lamp,166,nm,absorbance,377.13302890913803
381.794,2.629614,d37b79a3-8c4f-4b8a-8508-1150e238c472,Xenon Lamp,167,nm,absorbance,377.3484205085527
382.011,2.8448590000000005,d37b79a3-8c4f-4b8a-8508-1150e238c472,Xenon Lamp,168,nm,absorbance,377.5638121079674
382.228,-4.071926,d37b79a3-8c4f-4b8a-8508-1150e238c472,Xenon Lamp,169,nm,absorbance,377.77920370738207
382.444,-3.237639,d37b79a3-8c4f-4b8a-8508-1150e238c472,Xenon Lamp,170,nm,absorbance,377.993602718781
382.661,1.116176,d37b79a3-8c4f-4b8a-8508-1150e238c472,Xenon Lamp,171,nm,absorbance,378.2089943181957
382.878,1.741731,d37b79a3-8c4f-4b8a-8508-1150e238c472,Xenon Lamp,172,nm,absorbance,378.4243859176104
383.095,0.7673119999999998,d37b79a3-8c4f-4b8a-8508-1150e238c472,Xenon Lamp,173,nm,absorbance,378.6397775170251
383.311,0.4674360000000002,d37b79a3-8c4f-4b8a-8508-1150e238c472,Xenon Lamp,174,nm,absorbance,378.854176528424
383.528,2.91271,d37b79a3-8c4f-4b8a-8508-1150e238c472,Xenon Lamp,175,nm,absorbance,379.0695681278387
383.745,4.079428,d37b79a3-8c4f-4b8a-8508-1150e238c472,Xenon Lamp,176,nm,absorbance,379.28495972725335
383.962,5.907584000000001,d37b79a3-8c4f-4b8a-8508-1150e238c472,Xenon Lamp,177,nm,absorbance,379.500351326668
384.178,3.01248,d37b79a3-8c4f-4b8a-8508-1150e238c472,Xenon Lamp,178,nm,absorbance,379.71475033806695
384.395,4.495427,d37b79a3-8c4f-4b8a-8508-1150e238c472,Xenon Lamp,179,nm,absorbance,379.9301419374816
384.612,3.960185000000001,d37b79a3-8c4f-4b8a-8508-1150e238c472,Xenon Lamp,180,nm,absorbance,380.1455335368963
384.828,3.930747000000001,d37b79a3-8c4f-4b8a-8508-1150e238c472,Xenon Lamp,181,nm,absorbance,380.3599325482952
385.045,2.7769640000000004,d37b79a3-8c4f-4b8a-8508-1150e238c472,Xenon Lamp,182,nm,absorbance,380.5753241477099
385.261,0.1215389999999998,d37b79a3-8c4f-4b8a-8508-1150e238c472,Xenon Lamp,183,nm,absorbance,380.78972315910886
385.478,2.996607,d37b79a3-8c4f-4b8a-8508-1150e238c472,Xenon Lamp,184,nm,absorbance,381.0051147585235
385.695,0.122152,d37b79a3-8c4f-4b8a-8508-1150e238c472,Xenon Lamp,185,nm,absorbance,381.2205063579382
385.911,-1.4326260000000002,d37b79a3-8c4f-4b8a-8508-1150e238c472,Xenon Lamp,186,nm,absorbance,381.4349053693372
386.128,-0.349942,d37b79a3-8c4f-4b8a-8508-1150e238c472,Xenon Lamp,187,nm,absorbance,381.65029696875183
386.344,0.718566,d37b79a3-8c4f-4b8a-8508-1150e238c472,Xenon Lamp,188,nm,absorbance,381.86469598015077
386.561,4.078678999999999,d37b79a3-8c4f-4b8a-8508-1150e238c472,Xenon Lamp,189,nm,absorbance,382.08008757956543
386.777,1.864863,d37b79a3-8c4f-4b8a-8508-1150e238c472,Xenon Lamp,190,nm,absorbance,382.29448659096437
386.994,6.483619999999999,d37b79a3-8c4f-4b8a-8508-1150e238c472,Xenon Lamp,191,nm,absorbance,382.5098781903791
387.21,5.196463,d37b79a3-8c4f-4b8a-8508-1150e238c472,Xenon Lamp,192,nm,absorbance,382.72427720177797
387.427,6.592110000000001,d37b79a3-8c4f-4b8a-8508-1150e238c472,Xenon Lamp,193,nm,absorbance,382.9396688011927
387.643,4.92047,d37b79a3-8c4f-4b8a-8508-1150e238c472,Xenon Lamp,194,nm,absorbance,383.15406781259156
387.86,7.730032999999999,d37b79a3-8c4f-4b8a-8508-1150e238c472,Xenon Lamp,195,nm,absorbance,383.3694594120063
388.076,10.758753999999998,d37b79a3-8c4f-4b8a-8508-1150e238c472,Xenon Lamp,196,nm,absorbance,383.5838584234053
388.292,7.623622999999999,d37b79a3-8c4f-4b8a-8508-1150e238c472,Xenon Lamp,197,nm,absorbance,383.79825743480416
388.509,5.674548,d37b79a3-8c4f-4b8a-8508-1150e238c472,Xenon Lamp,198,nm,absorbance,384.0136490342189
388.725,-2.282756,d37b79a3-8c4f-4b8a-8508-1150e238c472,Xenon Lamp,199,nm,absorbance,384.2280480456178
388.942,-0.6798629999999999,d37b79a3-8c4f-4b8a-8508-1150e238c472,Xenon Lamp,200,nm,absorbance,384.44343964503247
389.158,-5.021216000000001,d37b79a3-8c4f-4b8a-8508-1150e238c472,Xenon Lamp,201,nm,absorbance,384.6578386564314
389.374,-4.170665,d37b79a3-8c4f-4b8a-8508-1150e238c472,Xenon Lamp,202,nm,absorbance,384.87223766783035
389.591,-3.3295930000000005,d37b79a3-8c4f-4b8a-8508-1150e238c472,Xenon Lamp,203,nm,absorbance,385.087629267245
389.807,2.363722,d37b79a3-8c4f-4b8a-8508-1150e238c472,Xenon Lamp,204,nm,absorbance,385.30202827864395
390.023,10.056107,d37b79a3-8c4f-4b8a-8508-1150e238c472,Xenon Lamp,205,nm,absorbance,385.51642729004294
390.239,9.772669,d37b79a3-8c4f-4b8a-8508-1150e238c472,Xenon Lamp,206,nm,absorbance,385.7308263014418
390.456,4.360255,d37b79a3-8c4f-4b8a-8508-1150e238c472,Xenon Lamp,207,nm,absorbance,385.94621790085654
390.672,0.664407,d37b79a3-8c4f-4b8a-8508-1150e238c472,Xenon Lamp,208,nm,absorbance,386.1606169122555
390.888,-0.7570279999999999,d37b79a3-8c4f-4b8a-8508-1150e238c472,Xenon Lamp,209,nm,absorbance,386.37501592365436
391.104,3.140181,d37b79a3-8c4f-4b8a-8508-1150e238c472,Xenon Lamp,210,nm,absorbance,386.5894149350533
391.321,1.1808670000000003,d37b79a3-8c4f-4b8a-8508-1150e238c472,Xenon Lamp,211,nm,absorbance,386.804806534468
391.537,3.156274,d37b79a3-8c4f-4b8a-8508-1150e238c472,Xenon Lamp,212,nm,absorbance,387.01920554586695
391.753,1.194756,d37b79a3-8c4f-4b8a-8508-1150e238c472,Xenon Lamp,213,nm,absorbance,387.2336045572659
391.969,-1.158494,d37b79a3-8c4f-4b8a-8508-1150e238c472,Xenon Lamp,214,nm,absorbance,387.44800356866483
392.185,-0.848743,d37b79a3-8c4f-4b8a-8508-1150e238c472,Xenon Lamp,215,nm,absorbance,387.66240258006377
392.401,2.625672,d37b79a3-8c4f-4b8a-8508-1150e238c472,Xenon Lamp,216,nm,absorbance,387.8768015914627
392.618,10.020822,d37b79a3-8c4f-4b8a-8508-1150e238c472,Xenon Lamp,217,nm,absorbance,388.09219319087737
392.834,7.090371,d37b79a3-8c4f-4b8a-8508-1150e238c472,Xenon Lamp,218,nm,absorbance,388.3065922022763
393.05,6.545153000000001,d37b79a3-8c4f-4b8a-8508-1150e238c472,Xenon Lamp,219,nm,absorbance,388.5209912136753
393.266,0.3066999999999999,d37b79a3-8c4f-4b8a-8508-1150e238c472,Xenon Lamp,220,nm,absorbance,388.73539022507424
393.482,0.0099350000000001,d37b79a3-8c4f-4b8a-8508-1150e238c472,Xenon Lamp,221,nm,absorbance,388.9497892364732
393.698,-3.67895,d37b79a3-8c4f-4b8a-8508-1150e238c472,Xenon Lamp,222,nm,absorbance,389.16418824787206
393.914,-0.5110000000000001,d37b79a3-8c4f-4b8a-8508-1150e238c472,Xenon Lamp,223,nm,absorbance,389.378587259271
394.13,7.452258,d37b79a3-8c4f-4b8a-8508-1150e238c472,Xenon Lamp,224,nm,absorbance,389.59298627066994
394.346,7.820340999999999,d37b79a3-8c4f-4b8a-8508-1150e238c472,Xenon Lamp,225,nm,absorbance,389.8073852820689
394.562,7.4823119999999985,d37b79a3-8c4f-4b8a-8508-1150e238c472,Xenon Lamp,226,nm,absorbance,390.0217842934679
394.778,0.5133810000000001,d37b79a3-8c4f-4b8a-8508-1150e238c472,Xenon Lamp,227,nm,absorbance,390.2361833048668
394.994,3.2090179999999995,d37b79a3-8c4f-4b8a-8508-1150e238c472,Xenon Lamp,228,nm,absorbance,390.45058231626575
395.21,0.2488429999999999,d37b79a3-8c4f-4b8a-8508-1150e238c472,Xenon Lamp,229,nm,absorbance,390.66498132766463
395.426,1.1811899999999995,d37b79a3-8c4f-4b8a-8508-1150e238c472,Xenon Lamp,230,nm,absorbance,390.8793803390636
395.642,1.931246,d37b79a3-8c4f-4b8a-8508-1150e238c472,Xenon Lamp,231,nm,absorbance,391.0937793504625
395.858,5.350125,d37b79a3-8c4f-4b8a-8508-1150e238c472,Xenon Lamp,232,nm,absorbance,391.3081783618615
396.073,5.754251999999999,d37b79a3-8c4f-4b8a-8508-1150e238c472,Xenon Lamp,233,nm,absorbance,391.52158478524467
396.289,6.112287,d37b79a3-8c4f-4b8a-8508-1150e238c472,Xenon Lamp,234,nm,absorbance,391.7359837966436
396.505,3.1398810000000004,d37b79a3-8c4f-4b8a-8508-1150e238c472,Xenon Lamp,235,nm,absorbance,391.95038280804255
396.721,5.911025999999999,d37b79a3-8c4f-4b8a-8508-1150e238c472,Xenon Lamp,236,nm,absorbance,392.1647818194415
396.937,4.098818,d37b79a3-8c4f-4b8a-8508-1150e238c472,Xenon Lamp,237,nm,absorbance,392.3791808308405
397.153,5.379678,d37b79a3-8c4f-4b8a-8508-1150e238c472,Xenon Lamp,238,nm,absorbance,392.5935798422394
397.369,6.641566,d37b79a3-8c4f-4b8a-8508-1150e238c472,Xenon Lamp,239,nm,absorbance,392.80797885363836
397.584,7.211893999999999,d37b79a3-8c4f-4b8a-8508-1150e238c472,Xenon Lamp,240,nm,absorbance,393.0213852770215
397.8,8.263999000000002,d37b79a3-8c4f-4b8a-8508-1150e238c472,Xenon Lamp,241,nm,absorbance,393.23578428842046
398.016,5.443113,d37b79a3-8c4f-4b8a-8508-1150e238c472,Xenon Lamp,242,nm,absorbance,393.45018329981946
398.232,7.553844000000001,d37b79a3-8c4f-4b8a-8508-1150e238c472,Xenon Lamp,243,nm,absorbance,393.6645823112184
398.447,9.820903,d37b79a3-8c4f-4b8a-8508-1150e238c472,Xenon Lamp,244,nm,absorbance,393.87798873460156
398.663,8.318814000000001,d37b79a3-8c4f-4b8a-8508-1150e238c472,Xenon Lamp,245,nm,absorbance,394.0923877460005
398.879,7.022697000000001,d37b79a3-8c4f-4b8a-8508-1150e238c472,Xenon Lamp,246,nm,absorbance,394.30678675739944
399.094,4.759610999999999,d37b79a3-8c4f-4b8a-8508-1150e238c472,Xenon Lamp,247,nm,absorbance,394.52019318078266
399.31,6.092077999999999,d37b79a3-8c4f-4b8a-8508-1150e238c472,Xenon Lamp,248,nm,absorbance,394.7345921921816
399.526,4.661367,d37b79a3-8c4f-4b8a-8508-1150e238c472,Xenon Lamp,249,nm,absorbance,394.94899120358053
399.741,5.290836,d37b79a3-8c4f-4b8a-8508-1150e238c472,Xenon Lamp,250,nm,absorbance,395.1623976269637
399.957,6.341384,d37b79a3-8c4f-4b8a-8508-1150e238c472,Xenon Lamp,251,nm,absorbance,395.37679663836263
400.173,6.051465,d37b79a3-8c4f-4b8a-8508-1150e238c472,Xenon Lamp,252,nm,absorbance,395.59119564976163
400.388,6.999852,d37b79a3-8c4f-4b8a-8508-1150e238c472,Xenon Lamp,253,nm,absorbance,395.8046020731448
400.604,1.86249,d37b79a3-8c4f-4b8a-8508-1150e238c472,Xenon Lamp,254,nm,absorbance,396.01900108454373
400.82,0.3825690000000001,d37b79a3-8c4f-4b8a-8508-1150e238c472,Xenon Lamp,255,nm,absorbance,396.23340009594267
401.035,1.7253709999999998,d37b79a3-8c4f-4b8a-8508-1150e238c472,Xenon Lamp,256,nm,absorbance,396.4468065193259
401.251,3.3547950000000006,d37b79a3-8c4f-4b8a-8508-1150e238c472,Xenon Lamp,257,nm,absorbance,396.6612055307248
401.466,8.873861,d37b79a3-8c4f-4b8a-8508-1150e238c472,Xenon Lamp,258,nm,absorbance,396.87461195410805
401.682,4.532116,d37b79a3-8c4f-4b8a-8508-1150e238c472,Xenon Lamp,259,nm,absorbance,397.089010965507
401.897,5.969369,d37b79a3-8c4f-4b8a-8508-1150e238c472,Xenon Lamp,260,nm,absorbance,397.30241738889015
402.113,3.002603,d37b79a3-8c4f-4b8a-8508-1150e238c472,Xenon Lamp,261,nm,absorbance,397.51681640028914
402.328,3.632072,d37b79a3-8c4f-4b8a-8508-1150e238c472,Xenon Lamp,262,nm,absorbance,397.7302228236723
402.544,4.24802,d37b79a3-8c4f-4b8a-8508-1150e238c472,Xenon Lamp,263,nm,absorbance,397.94462183507125
402.759,3.934928,d37b79a3-8c4f-4b8a-8508-1150e238c472,Xenon Lamp,264,nm,absorbance,398.15802825845446
402.974,4.608985,d37b79a3-8c4f-4b8a-8508-1150e238c472,Xenon Lamp,265,nm,absorbance,398.3714346818377
403.19,9.535133000000002,d37b79a3-8c4f-4b8a-8508-1150e238c472,Xenon Lamp,266,nm,absorbance,398.5858336932366
403.405,7.592682999999999,d37b79a3-8c4f-4b8a-8508-1150e238c472,Xenon Lamp,267,nm,absorbance,398.7992401166198
403.621,2.089633,d37b79a3-8c4f-4b8a-8508-1150e238c472,Xenon Lamp,268,nm,absorbance,399.0136391280187
403.836,-2.063271,d37b79a3-8c4f-4b8a-8508-1150e238c472,Xenon Lamp,269,nm,absorbance,399.227045551402
404.051,3.07459,d37b79a3-8c4f-4b8a-8508-1150e238c472,Xenon Lamp,270,nm,absorbance,399.44045197478516
404.267,9.536256,d37b79a3-8c4f-4b8a-8508-1150e238c472,Xenon Lamp,271,nm,absorbance,399.6548509861841
404.482,7.987426000000001,d37b79a3-8c4f-4b8a-8508-1150e238c472,Xenon Lamp,272,nm,absorbance,399.8682574095673
404.697,4.977936,d37b79a3-8c4f-4b8a-8508-1150e238c472,Xenon Lamp,273,nm,absorbance,400.08166383295054
404.913,2.983229000000001,d37b79a3-8c4f-4b8a-8508-1150e238c472,Xenon Lamp,274,nm,absorbance,400.2960628443495
405.128,4.625951000000001,d37b79a3-8c4f-4b8a-8508-1150e238c472,Xenon Lamp,275,nm,absorbance,400.50946926773264
405.343,4.883971000000001,d37b79a3-8c4f-4b8a-8508-1150e238c472,Xenon Lamp,276,nm,absorbance,400.72287569111586
405.559,5.470783000000001,d37b79a3-8c4f-4b8a-8508-1150e238c472,Xenon Lamp,277,nm,absorbance,400.9372747025148
405.774,4.558582,d37b79a3-8c4f-4b8a-8508-1150e238c472,Xenon Lamp,278,nm,absorbance,401.150681125898
405.989,5.359462000000001,d37b79a3-8c4f-4b8a-8508-1150e238c472,Xenon Lamp,279,nm,absorbance,401.3640875492812
406.204,6.848957,d37b79a3-8c4f-4b8a-8508-1150e238c472,Xenon Lamp,280,nm,absorbance,401.5774939726644
406.42,8.097318000000001,d37b79a3-8c4f-4b8a-8508-1150e238c472,Xenon Lamp,281,nm,absorbance,401.7918929840634
406.635,12.324308999999996,d37b79a3-8c4f-4b8a-8508-1150e238c472,Xenon Lamp,282,nm,absorbance,402.00529940744656
406.85,9.156124000000002,d37b79a3-8c4f-4b8a-8508-1150e238c472,Xenon Lamp,283,nm,absorbance,402.2187058308298
407.065,3.1641630000000007,d37b79a3-8c4f-4b8a-8508-1150e238c472,Xenon Lamp,284,nm,absorbance,402.43211225421294
407.28,-0.951267,d37b79a3-8c4f-4b8a-8508-1150e238c472,Xenon Lamp,285,nm,absorbance,402.64551867759616
407.495,3.358059,d37b79a3-8c4f-4b8a-8508-1150e238c472,Xenon Lamp,286,nm,absorbance,402.8589251009794
407.71,7.221341000000001,d37b79a3-8c4f-4b8a-8508-1150e238c472,Xenon Lamp,287,nm,absorbance,403.07233152436254
407.926,5.86863,d37b79a3-8c4f-4b8a-8508-1150e238c472,Xenon Lamp,288,nm,absorbance,403.2867305357615
408.141,4.6515200000000005,d37b79a3-8c4f-4b8a-8508-1150e238c472,Xenon Lamp,289,nm,absorbance,403.50013695914475
408.356,5.173079,d37b79a3-8c4f-4b8a-8508-1150e238c472,Xenon Lamp,290,nm,absorbance,403.7135433825279
408.571,5.6780870000000006,d37b79a3-8c4f-4b8a-8508-1150e238c472,Xenon Lamp,291,nm,absorbance,403.92694980591114
408.786,3.651605,d37b79a3-8c4f-4b8a-8508-1150e238c472,Xenon Lamp,292,nm,absorbance,404.14035622929435
409.001,5.868394999999999,d37b79a3-8c4f-4b8a-8508-1150e238c472,Xenon Lamp,293,nm,absorbance,404.3537626526775
409.216,7.104125999999999,d37b79a3-8c4f-4b8a-8508-1150e238c472,Xenon Lamp,294,nm,absorbance,404.56716907606074
409.431,7.165921,d37b79a3-8c4f-4b8a-8508-1150e238c472,Xenon Lamp,295,nm,absorbance,404.78057549944396
409.646,8.287747000000001,d37b79a3-8c4f-4b8a-8508-1150e238c472,Xenon Lamp,296,nm,absorbance,404.9939819228272
409.861,6.063951,d37b79a3-8c4f-4b8a-8508-1150e238c472,Xenon Lamp,297,nm,absorbance,405.20738834621034
410.076,9.370105,d37b79a3-8c4f-4b8a-8508-1150e238c472,Xenon Lamp,298,nm,absorbance,405.42079476959356
410.291,5.816514,d37b79a3-8c4f-4b8a-8508-1150e238c472,Xenon Lamp,299,nm,absorbance,405.6342011929768
410.506,6.404012000000002,d37b79a3-8c4f-4b8a-8508-1150e238c472,Xenon Lamp,300,nm,absorbance,405.84760761635994
410.721,4.80588,d37b79a3-8c4f-4b8a-8508-1150e238c472,Xenon Lamp,301,nm,absorbance,406.06101403974316
410.936,6.423284000000001,d37b79a3-8c4f-4b8a-8508-1150e238c472,Xenon Lamp,302,nm,absorbance,406.2744204631264
411.15,7.631367999999999,d37b79a3-8c4f-4b8a-8508-1150e238c472,Xenon Lamp,303,nm,absorbance,406.4868342984938
411.365,5.496494,d37b79a3-8c4f-4b8a-8508-1150e238c472,Xenon Lamp,304,nm,absorbance,406.70024072187704
411.58,7.07061,d37b79a3-8c4f-4b8a-8508-1150e238c472,Xenon Lamp,305,nm,absorbance,406.91364714526026
411.795,7.980963000000001,d37b79a3-8c4f-4b8a-8508-1150e238c472,Xenon Lamp,306,nm,absorbance,407.1270535686435
412.01,9.783416999999998,d37b79a3-8c4f-4b8a-8508-1150e238c472,Xenon Lamp,307,nm,absorbance,407.34045999202664
412.225,14.99303,d37b79a3-8c4f-4b8a-8508-1150e238c472,Xenon Lamp,308,nm,absorbance,407.5538664154099
412.439,16.403744999999997,d37b79a3-8c4f-4b8a-8508-1150e238c472,Xenon Lamp,309,nm,absorbance,407.76628025077736
412.654,18.720755,d37b79a3-8c4f-4b8a-8508-1150e238c472,Xenon Lamp,310,nm,absorbance,407.9796866741605
412.869,13.462087,d37b79a3-8c4f-4b8a-8508-1150e238c472,Xenon Lamp,311,nm,absorbance,408.1930930975438
413.084,9.534894,d37b79a3-8c4f-4b8a-8508-1150e238c472,Xenon Lamp,312,nm,absorbance,408.40649952092696
413.299,8.955668999999999,d37b79a3-8c4f-4b8a-8508-1150e238c472,Xenon Lamp,313,nm,absorbance,408.6199059443101
413.513,7.260509999999999,d37b79a3-8c4f-4b8a-8508-1150e238c472,Xenon Lamp,314,nm,absorbance,408.8323197796776
413.728,5.3050500000000005,d37b79a3-8c4f-4b8a-8508-1150e238c472,Xenon Lamp,315,nm,absorbance,409.04572620306084
413.943,3.250713,d37b79a3-8c4f-4b8a-8508-1150e238c472,Xenon Lamp,316,nm,absorbance,409.259132626444
414.157,1.1188090000000002,d37b79a3-8c4f-4b8a-8508-1150e238c472,Xenon Lamp,317,nm,absorbance,409.4715464618115
414.372,2.298536,d37b79a3-8c4f-4b8a-8508-1150e238c472,Xenon Lamp,318,nm,absorbance,409.6849528851947
414.587,0.9005139999999997,d37b79a3-8c4f-4b8a-8508-1150e238c472,Xenon Lamp,319,nm,absorbance,409.8983593085779
414.801,1.584804,d37b79a3-8c4f-4b8a-8508-1150e238c472,Xenon Lamp,320,nm,absorbance,410.1107731439454
415.016,-0.2635669999999999,d37b79a3-8c4f-4b8a-8508-1150e238c472,Xenon Lamp,321,nm,absorbance,410.3241795673286
415.231,2.041475,d37b79a3-8c4f-4b8a-8508-1150e238c472,Xenon Lamp,322,nm,absorbance,410.53758599071176
415.445,-0.1615479999999999,d37b79a3-8c4f-4b8a-8508-1150e238c472,Xenon Lamp,323,nm,absorbance,410.74999982607926
415.66,1.7617470000000004,d37b79a3-8c4f-4b8a-8508-1150e238c472,Xenon Lamp,324,nm,absorbance,410.9634062494625
415.874,-0.386694,d37b79a3-8c4f-4b8a-8508-1150e238c472,Xenon Lamp,325,nm,absorbance,411.1758200848299
416.089,0.57456,d37b79a3-8c4f-4b8a-8508-1150e238c472,Xenon Lamp,326,nm,absorbance,411.38922650821314
416.304,2.4419689999999994,d37b79a3-8c4f-4b8a-8508-1150e238c472,Xenon Lamp,327,nm,absorbance,411.6026329315963
416.518,7.80462,d37b79a3-8c4f-4b8a-8508-1150e238c472,Xenon Lamp,328,nm,absorbance,411.81504676696375
416.733,8.381781,d37b79a3-8c4f-4b8a-8508-1150e238c472,Xenon Lamp,329,nm,absorbance,412.028453190347
416.947,6.924937999999999,d37b79a3-8c4f-4b8a-8508-1150e238c472,Xenon Lamp,330,nm,absorbance,412.24086702571446
417.162,-2.117103,d37b79a3-8c4f-4b8a-8508-1150e238c472,Xenon Lamp,331,nm,absorbance,412.4542734490976
417.376,-5.213382,d37b79a3-8c4f-4b8a-8508-1150e238c472,Xenon Lamp,332,nm,absorbance,412.6666872844651
417.59,-5.108935000000001,d37b79a3-8c4f-4b8a-8508-1150e238c472,Xenon Lamp,333,nm,absorbance,412.87910111983257
417.805,-0.7025520000000001,d37b79a3-8c4f-4b8a-8508-1150e238c472,Xenon Lamp,334,nm,absorbance,413.09250754321585
418.019,2.640876000000001,d37b79a3-8c4f-4b8a-8508-1150e238c472,Xenon Lamp,335,nm,absorbance,413.3049213785833
418.234,5.868429999999998,d37b79a3-8c4f-4b8a-8508-1150e238c472,Xenon Lamp,336,nm,absorbance,413.51832780196645
418.448,4.186366,d37b79a3-8c4f-4b8a-8508-1150e238c472,Xenon Lamp,337,nm,absorbance,413.73074163733395
418.663,10.932891,d37b79a3-8c4f-4b8a-8508-1150e238c472,Xenon Lamp,338,nm,absorbance,413.94414806071717
418.877,11.199783,d37b79a3-8c4f-4b8a-8508-1150e238c472,Xenon Lamp,339,nm,absorbance,414.1565618960846
419.091,10.443725,d37b79a3-8c4f-4b8a-8508-1150e238c472,Xenon Lamp,340,nm,absorbance,414.3689757314521
419.306,5.702463,d37b79a3-8c4f-4b8a-8508-1150e238c472,Xenon Lamp,341,nm,absorbance,414.5823821548353
419.52,3.941984,d37b79a3-8c4f-4b8a-8508-1150e238c472,Xenon Lamp,342,nm,absorbance,414.7947959902028
419.734,9.637754,d37b79a3-8c4f-4b8a-8508-1150e238c472,Xenon Lamp,343,nm,absorbance,415.0072098255702
419.949,7.606688,d37b79a3-8c4f-4b8a-8508-1150e238c472,Xenon Lamp,344,nm,absorbance,415.22061624895343
420.163,9.719065,d37b79a3-8c4f-4b8a-8508-1150e238c472,Xenon Lamp,345,nm,absorbance,415.43303008432093
420.377,4.675140000000001,d37b79a3-8c4f-4b8a-8508-1150e238c472,Xenon Lamp,346,nm,absorbance,415.6454439196884
420.591,4.421103999999999,d37b79a3-8c4f-4b8a-8508-1150e238c472,Xenon Lamp,347,nm,absorbance,415.8578577550559
420.806,-2.088352,d37b79a3-8c4f-4b8a-8508-1150e238c472,Xenon Lamp,348,nm,absorbance,416.07126417843904
421.02,0.2094029999999999,d37b79a3-8c4f-4b8a-8508-1150e238c472,Xenon Lamp,349,nm,absorbance,416.2836780138065
421.234,-0.7879150000000001,d37b79a3-8c4f-4b8a-8508-1150e238c472,Xenon Lamp,350,nm,absorbance,416.496091849174
421.448,4.254811999999999,d37b79a3-8c4f-4b8a-8508-1150e238c472,Xenon Lamp,351,nm,absorbance,416.7085056845414
421.663,5.689676,d37b79a3-8c4f-4b8a-8508-1150e238c472,Xenon Lamp,352,nm,absorbance,416.9219121079247
421.877,9.823003,d37b79a3-8c4f-4b8a-8508-1150e238c472,Xenon Lamp,353,nm,absorbance,417.13432594329214
422.091,7.035908000000001,d37b79a3-8c4f-4b8a-8508-1150e238c472,Xenon Lamp,354,nm,absorbance,417.3467397786596
422.305,5.467301999999999,d37b79a3-8c4f-4b8a-8508-1150e238c472,Xenon Lamp,355,nm,absorbance,417.5591536140271
422.519,3.087607,d37b79a3-8c4f-4b8a-8508-1150e238c472,Xenon Lamp,356,nm,absorbance,417.7715674493945
422.733,5.711411,d37b79a3-8c4f-4b8a-8508-1150e238c472,Xenon Lamp,357,nm,absorbance,417.983981284762
422.947,6.011442,d37b79a3-8c4f-4b8a-8508-1150e238c472,Xenon Lamp,358,nm,absorbance,418.19639512012947
423.161,4.228477,d37b79a3-8c4f-4b8a-8508-1150e238c472,Xenon Lamp,359,nm,absorbance,418.40880895549697
423.376,7.290732,d37b79a3-8c4f-4b8a-8508-1150e238c472,Xenon Lamp,360,nm,absorbance,418.6222153788801
423.59,10.527087,d37b79a3-8c4f-4b8a-8508-1150e238c472,Xenon Lamp,361,nm,absorbance,418.83462921424757
423.804,10.738979,d37b79a3-8c4f-4b8a-8508-1150e238c472,Xenon Lamp,362,nm,absorbance,419.04704304961507
424.018,3.7886129999999993,d37b79a3-8c4f-4b8a-8508-1150e238c472,Xenon Lamp,363,nm,absorbance,419.2594568849825
424.232,0.952322,d37b79a3-8c4f-4b8a-8508-1150e238c472,Xenon Lamp,364,nm,absorbance,419.47187072035007
424.446,4.351332,d37b79a3-8c4f-4b8a-8508-1150e238c472,Xenon Lamp,365,nm,absorbance,419.6842845557175
424.66,10.528783999999998,d37b79a3-8c4f-4b8a-8508-1150e238c472,Xenon Lamp,366,nm,absorbance,419.89669839108495
424.874,12.789174,d37b79a3-8c4f-4b8a-8508-1150e238c472,Xenon Lamp,367,nm,absorbance,420.10911222645245
425.088,11.005653,d37b79a3-8c4f-4b8a-8508-1150e238c472,Xenon Lamp,368,nm,absorbance,420.3215260618199
425.302,9.127175,d37b79a3-8c4f-4b8a-8508-1150e238c472,Xenon Lamp,369,nm,absorbance,420.5339398971874
425.515,6.469126,d37b79a3-8c4f-4b8a-8508-1150e238c472,Xenon Lamp,370,nm,absorbance,420.74536114453906
425.729,7.855670999999998,d37b79a3-8c4f-4b8a-8508-1150e238c472,Xenon Lamp,371,nm,absorbance,420.95777497990656
425.943,6.128024000000001,d37b79a3-8c4f-4b8a-8508-1150e238c472,Xenon Lamp,372,nm,absorbance,421.170188815274
426.157,3.4955550000000004,d37b79a3-8c4f-4b8a-8508-1150e238c472,Xenon Lamp,373,nm,absorbance,421.3826026506415
426.371,6.240245,d37b79a3-8c4f-4b8a-8508-1150e238c472,Xenon Lamp,374,nm,absorbance,421.59501648600894
426.585,6.216935000000001,d37b79a3-8c4f-4b8a-8508-1150e238c472,Xenon Lamp,375,nm,absorbance,421.8074303213764
426.799,10.721698,d37b79a3-8c4f-4b8a-8508-1150e238c472,Xenon Lamp,376,nm,absorbance,422.0198441567439
427.013,8.49793,d37b79a3-8c4f-4b8a-8508-1150e238c472,Xenon Lamp,377,nm,absorbance,422.23225799211133
427.226,11.702143,d37b79a3-8c4f-4b8a-8508-1150e238c472,Xenon Lamp,378,nm,absorbance,422.4436792394631
427.44,11.460103,d37b79a3-8c4f-4b8a-8508-1150e238c472,Xenon Lamp,379,nm,absorbance,422.65609307483055
427.654,7.595106000000001,d37b79a3-8c4f-4b8a-8508-1150e238c472,Xenon Lamp,380,nm,absorbance,422.86850691019805
427.868,4.928924,d37b79a3-8c4f-4b8a-8508-1150e238c472,Xenon Lamp,381,nm,absorbance,423.0809207455655
428.081,0.7148299999999999,d37b79a3-8c4f-4b8a-8508-1150e238c472,Xenon Lamp,382,nm,absorbance,423.2923419929173
428.295,4.687767000000001,d37b79a3-8c4f-4b8a-8508-1150e238c472,Xenon Lamp,383,nm,absorbance,423.5047558282847
428.509,5.6428080000000005,d37b79a3-8c4f-4b8a-8508-1150e238c472,Xenon Lamp,384,nm,absorbance,423.7171696636522
428.723,4.740448,d37b79a3-8c4f-4b8a-8508-1150e238c472,Xenon Lamp,385,nm,absorbance,423.92958349901966
428.936,4.359304,d37b79a3-8c4f-4b8a-8508-1150e238c472,Xenon Lamp,386,nm,absorbance,424.1410047463714
429.15,1.494537,d37b79a3-8c4f-4b8a-8508-1150e238c472,Xenon Lamp,387,nm,absorbance,424.3534185817388
429.364,4.254824000000001,d37b79a3-8c4f-4b8a-8508-1150e238c472,Xenon Lamp,388,nm,absorbance,424.56583241710626
429.577,5.069565999999999,d37b79a3-8c4f-4b8a-8508-1150e238c472,Xenon Lamp,389,nm,absorbance,424.77725366445804
429.791,8.399639000000002,d37b79a3-8c4f-4b8a-8508-1150e238c472,Xenon Lamp,390,nm,absorbance,424.9896674998255
430.005,9.403493,d37b79a3-8c4f-4b8a-8508-1150e238c472,Xenon Lamp,391,nm,absorbance,425.202081335193
430.218,12.272572000000002,d37b79a3-8c4f-4b8a-8508-1150e238c472,Xenon Lamp,392,nm,absorbance,425.4135025825447
430.432,11.728967999999998,d37b79a3-8c4f-4b8a-8508-1150e238c472,Xenon Lamp,393,nm,absorbance,425.6259164179122
430.645,7.716969999999999,d37b79a3-8c4f-4b8a-8508-1150e238c472,Xenon Lamp,394,nm,absorbance,425.8373376652639
430.859,4.0917580000000005,d37b79a3-8c4f-4b8a-8508-1150e238c472,Xenon Lamp,395,nm,absorbance,426.0497515006314
431.073,0.392749,d37b79a3-8c4f-4b8a-8508-1150e238c472,Xenon Lamp,396,nm,absorbance,426.2621653359988
431.286,7.244890999999998,d37b79a3-8c4f-4b8a-8508-1150e238c472,Xenon Lamp,397,nm,absorbance,426.4735865833506
431.5,10.291237,d37b79a3-8c4f-4b8a-8508-1150e238c472,Xenon Lamp,398,nm,absorbance,426.68600041871804
431.713,14.134005000000002,d37b79a3-8c4f-4b8a-8508-1150e238c472,Xenon Lamp,399,nm,absorbance,426.8974216660698
431.927,12.679573,d37b79a3-8c4f-4b8a-8508-1150e238c472,Xenon Lamp,400,nm,absorbance,427.10983550143726
432.14,11.34074,d37b79a3-8c4f-4b8a-8508-1150e238c472,Xenon Lamp,401,nm,absorbance,427.321256748789
432.354,9.453808,d37b79a3-8c4f-4b8a-8508-1150e238c472,Xenon Lamp,402,nm,absorbance,427.5336705841564
432.567,9.130899000000005,d37b79a3-8c4f-4b8a-8508-1150e238c472,Xenon Lamp,403,nm,absorbance,427.7450918315082
432.781,3.638975,d37b79a3-8c4f-4b8a-8508-1150e238c472,Xenon Lamp,404,nm,absorbance,427.95750566687565
432.994,5.091376,d37b79a3-8c4f-4b8a-8508-1150e238c472,Xenon Lamp,405,nm,absorbance,428.1689269142274
433.207,7.399594,d37b79a3-8c4f-4b8a-8508-1150e238c472,Xenon Lamp,406,nm,absorbance,428.3803481615791
433.421,8.563294,d37b79a3-8c4f-4b8a-8508-1150e238c472,Xenon Lamp,407,nm,absorbance,428.5927619969466
433.634,6.963707000000001,d37b79a3-8c4f-4b8a-8508-1150e238c472,Xenon Lamp,408,nm,absorbance,428.8041832442983
433.848,2.9080760000000003,d37b79a3-8c4f-4b8a-8508-1150e238c472,Xenon Lamp,409,nm,absorbance,429.0165970796658
434.061,2.3149880000000005,d37b79a3-8c4f-4b8a-8508-1150e238c472,Xenon Lamp,410,nm,absorbance,429.2280183270175
434.274,1.9371559999999997,d37b79a3-8c4f-4b8a-8508-1150e238c472,Xenon Lamp,411,nm,absorbance,429.43943957436926
434.488,3.940503,d37b79a3-8c4f-4b8a-8508-1150e238c472,Xenon Lamp,412,nm,absorbance,429.6518534097367
434.701,7.616497999999998,d37b79a3-8c4f-4b8a-8508-1150e238c472,Xenon Lamp,413,nm,absorbance,429.8632746570885
434.914,7.535019,d37b79a3-8c4f-4b8a-8508-1150e238c472,Xenon Lamp,414,nm,absorbance,430.07469590444015
435.127,5.225274000000001,d37b79a3-8c4f-4b8a-8508-1150e238c472,Xenon Lamp,415,nm,absorbance,430.2861171517919
435.341,1.108832,d37b79a3-8c4f-4b8a-8508-1150e238c472,Xenon Lamp,416,nm,absorbance,430.49853098715937
435.554,1.0009990000000002,d37b79a3-8c4f-4b8a-8508-1150e238c472,Xenon Lamp,417,nm,absorbance,430.7099522345111
435.767,2.9933920000000005,d37b79a3-8c4f-4b8a-8508-1150e238c472,Xenon Lamp,418,nm,absorbance,430.9213734818629
435.98,6.8394390000000005,d37b79a3-8c4f-4b8a-8508-1150e238c472,Xenon Lamp,419,nm,absorbance,431.1327947292146
436.194,8.838343,d37b79a3-8c4f-4b8a-8508-1150e238c472,Xenon Lamp,420,nm,absorbance,431.3452085645821
436.407,8.984924,d37b79a3-8c4f-4b8a-8508-1150e238c472,Xenon Lamp,421,nm,absorbance,431.55662981193376
436.62,9.396769,d37b79a3-8c4f-4b8a-8508-1150e238c472,Xenon Lamp,422,nm,absorbance,431.76805105928554
436.833,10.237106,d37b79a3-8c4f-4b8a-8508-1150e238c472,Xenon Lamp,423,nm,absorbance,431.97947230663726
437.046,12.636371,d37b79a3-8c4f-4b8a-8508-1150e238c472,Xenon Lamp,424,nm,absorbance,432.190893553989
437.259,6.3554010000000005,d37b79a3-8c4f-4b8a-8508-1150e238c472,Xenon Lamp,425,nm,absorbance,432.4023148013407
437.473,6.11807,d37b79a3-8c4f-4b8a-8508-1150e238c472,Xenon Lamp,426,nm,absorbance,432.6147286367082
437.686,3.919943,d37b79a3-8c4f-4b8a-8508-1150e238c472,Xenon Lamp,427,nm,absorbance,432.8261498840599
437.899,8.736296,d37b79a3-8c4f-4b8a-8508-1150e238c472,Xenon Lamp,428,nm,absorbance,433.03757113141165
438.112,8.390511,d37b79a3-8c4f-4b8a-8508-1150e238c472,Xenon Lamp,429,nm,absorbance,433.2489923787634
438.325,4.1762500000000005,d37b79a3-8c4f-4b8a-8508-1150e238c472,Xenon Lamp,430,nm,absorbance,433.4604136261151
438.538,5.4315500000000005,d37b79a3-8c4f-4b8a-8508-1150e238c472,Xenon Lamp,431,nm,absorbance,433.6718348734669
438.751,8.542516,d37b79a3-8c4f-4b8a-8508-1150e238c472,Xenon Lamp,432,nm,absorbance,433.88325612081854
438.964,13.057574,d37b79a3-8c4f-4b8a-8508-1150e238c472,Xenon Lamp,433,nm,absorbance,434.0946773681703
439.177,9.296373,d37b79a3-8c4f-4b8a-8508-1150e238c472,Xenon Lamp,434,nm,absorbance,434.30609861552205
439.39,5.946993999999999,d37b79a3-8c4f-4b8a-8508-1150e238c472,Xenon Lamp,435,nm,absorbance,434.51751986287377
439.603,6.348388000000001,d37b79a3-8c4f-4b8a-8508-1150e238c472,Xenon Lamp,436,nm,absorbance,434.7289411102255
439.816,7.381234000000001,d37b79a3-8c4f-4b8a-8508-1150e238c472,Xenon Lamp,437,nm,absorbance,434.9403623575772
440.029,5.523337,d37b79a3-8c4f-4b8a-8508-1150e238c472,Xenon Lamp,438,nm,absorbance,435.151783604929
440.242,1.646725,d37b79a3-8c4f-4b8a-8508-1150e238c472,Xenon Lamp,439,nm,absorbance,435.3632048522807
440.455,5.255272,d37b79a3-8c4f-4b8a-8508-1150e238c472,Xenon Lamp,440,nm,absorbance,435.57462609963244
440.668,6.702853,d37b79a3-8c4f-4b8a-8508-1150e238c472,Xenon Lamp,441,nm,absorbance,435.78604734698416
440.881,8.685043,d37b79a3-8c4f-4b8a-8508-1150e238c472,Xenon Lamp,442,nm,absorbance,435.9974685943359
441.094,9.958473,d37b79a3-8c4f-4b8a-8508-1150e238c472,Xenon Lamp,443,nm,absorbance,436.2088898416876
441.306,12.836392999999996,d37b79a3-8c4f-4b8a-8508-1150e238c472,Xenon Lamp,444,nm,absorbance,436.4193185010236
441.519,17.7728,d37b79a3-8c4f-4b8a-8508-1150e238c472,Xenon Lamp,445,nm,absorbance,436.6307397483754
441.732,12.600963,d37b79a3-8c4f-4b8a-8508-1150e238c472,Xenon Lamp,446,nm,absorbance,436.8421609957271
441.945,12.032276,d37b79a3-8c4f-4b8a-8508-1150e238c472,Xenon Lamp,447,nm,absorbance,437.05358224307884
442.158,4.351127,d37b79a3-8c4f-4b8a-8508-1150e238c472,Xenon Lamp,448,nm,absorbance,437.26500349043056
442.37,9.48901,d37b79a3-8c4f-4b8a-8508-1150e238c472,Xenon Lamp,449,nm,absorbance,437.47543214976656
442.583,11.393413999999998,d37b79a3-8c4f-4b8a-8508-1150e238c472,Xenon Lamp,450,nm,absorbance,437.68685339711834
442.796,13.677634,d37b79a3-8c4f-4b8a-8508-1150e238c472,Xenon Lamp,451,nm,absorbance,437.89827464447
443.009,9.664095999999995,d37b79a3-8c4f-4b8a-8508-1150e238c472,Xenon Lamp,452,nm,absorbance,438.1096958918218
443.222,6.662664999999999,d37b79a3-8c4f-4b8a-8508-1150e238c472,Xenon Lamp,453,nm,absorbance,438.32111713917345
443.434,9.029465,d37b79a3-8c4f-4b8a-8508-1150e238c472,Xenon Lamp,454,nm,absorbance,438.5315457985095
443.647,8.651126000000001,d37b79a3-8c4f-4b8a-8508-1150e238c472,Xenon Lamp,455,nm,absorbance,438.74296704586123
443.86,7.533232000000001,d37b79a3-8c4f-4b8a-8508-1150e238c472,Xenon Lamp,456,nm,absorbance,438.95438829321296
444.072,6.633833,d37b79a3-8c4f-4b8a-8508-1150e238c472,Xenon Lamp,457,nm,absorbance,439.16481695254896
444.285,4.659112,d37b79a3-8c4f-4b8a-8508-1150e238c472,Xenon Lamp,458,nm,absorbance,439.3762381999007
444.498,6.970102,d37b79a3-8c4f-4b8a-8508-1150e238c472,Xenon Lamp,459,nm,absorbance,439.5876594472524
444.71,8.221844999999998,d37b79a3-8c4f-4b8a-8508-1150e238c472,Xenon Lamp,460,nm,absorbance,439.7980881065884
444.923,10.920128,d37b79a3-8c4f-4b8a-8508-1150e238c472,Xenon Lamp,461,nm,absorbance,440.00950935394013
445.136,4.857516,d37b79a3-8c4f-4b8a-8508-1150e238c472,Xenon Lamp,462,nm,absorbance,440.2209306012919
445.348,7.110658000000001,d37b79a3-8c4f-4b8a-8508-1150e238c472,Xenon Lamp,463,nm,absorbance,440.43135926062786
445.561,10.586472,d37b79a3-8c4f-4b8a-8508-1150e238c472,Xenon Lamp,464,nm,absorbance,440.6427805079796
445.773,15.667849,d37b79a3-8c4f-4b8a-8508-1150e238c472,Xenon Lamp,465,nm,absorbance,440.85320916731564
445.986,13.480403,d37b79a3-8c4f-4b8a-8508-1150e238c472,Xenon Lamp,466,nm,absorbance,441.0646304146673
446.198,14.024842,d37b79a3-8c4f-4b8a-8508-1150e238c472,Xenon Lamp,467,nm,absorbance,441.2750590740033
446.411,15.762482,d37b79a3-8c4f-4b8a-8508-1150e238c472,Xenon Lamp,468,nm,absorbance,441.4864803213551
446.623,13.711585,d37b79a3-8c4f-4b8a-8508-1150e238c472,Xenon Lamp,469,nm,absorbance,441.69690898069103
446.836,12.841721,d37b79a3-8c4f-4b8a-8508-1150e238c472,Xenon Lamp,470,nm,absorbance,441.9083302280428
447.048,7.711055000000002,d37b79a3-8c4f-4b8a-8508-1150e238c472,Xenon Lamp,471,nm,absorbance,442.11875888737876
447.261,5.983270999999999,d37b79a3-8c4f-4b8a-8508-1150e238c472,Xenon Lamp,472,nm,absorbance,442.33018013473054
447.473,1.6466430000000003,d37b79a3-8c4f-4b8a-8508-1150e238c472,Xenon Lamp,473,nm,absorbance,442.54060879406654
447.686,5.6480440000000005,d37b79a3-8c4f-4b8a-8508-1150e238c472,Xenon Lamp,474,nm,absorbance,442.7520300414182
447.898,7.150602999999999,d37b79a3-8c4f-4b8a-8508-1150e238c472,Xenon Lamp,475,nm,absorbance,442.96245870075427
448.11,16.446674,d37b79a3-8c4f-4b8a-8508-1150e238c472,Xenon Lamp,476,nm,absorbance,443.1728873600903
448.323,16.681812,d37b79a3-8c4f-4b8a-8508-1150e238c472,Xenon Lamp,477,nm,absorbance,443.38430860744194
448.535,12.722205,d37b79a3-8c4f-4b8a-8508-1150e238c472,Xenon Lamp,478,nm,absorbance,443.594737266778
448.748,5.658833,d37b79a3-8c4f-4b8a-8508-1150e238c472,Xenon Lamp,479,nm,absorbance,443.8061585141297
448.96,2.113167,d37b79a3-8c4f-4b8a-8508-1150e238c472,Xenon Lamp,480,nm,absorbance,444.01658717346567
449.172,6.786360999999999,d37b79a3-8c4f-4b8a-8508-1150e238c472,Xenon Lamp,481,nm,absorbance,444.2270158328017
449.385,7.490340999999999,d37b79a3-8c4f-4b8a-8508-1150e238c472,Xenon Lamp,482,nm,absorbance,444.4384370801534
449.597,7.796716999999999,d37b79a3-8c4f-4b8a-8508-1150e238c472,Xenon Lamp,483,nm,absorbance,444.6488657394894
449.809,6.981662000000002,d37b79a3-8c4f-4b8a-8508-1150e238c472,Xenon Lamp,484,nm,absorbance,444.85929439882545
450.021,5.902564000000001,d37b79a3-8c4f-4b8a-8508-1150e238c472,Xenon Lamp,485,nm,absorbance,445.06972305816146
450.234,8.267349999999999,d37b79a3-8c4f-4b8a-8508-1150e238c472,Xenon Lamp,486,nm,absorbance,445.2811443055131
450.446,7.996927000000001,d37b79a3-8c4f-4b8a-8508-1150e238c472,Xenon Lamp,487,nm,absorbance,445.4915729648492
450.658,11.682693,d37b79a3-8c4f-4b8a-8508-1150e238c472,Xenon Lamp,488,nm,absorbance,445.7020016241852
450.87,11.314481,d37b79a3-8c4f-4b8a-8508-1150e238c472,Xenon Lamp,489,nm,absorbance,445.91243028352113
451.083,9.988139,d37b79a3-8c4f-4b8a-8508-1150e238c472,Xenon Lamp,490,nm,absorbance,446.1238515308729
451.295,7.113921,d37b79a3-8c4f-4b8a-8508-1150e238c472,Xenon Lamp,491,nm,absorbance,446.33428019020886
451.507,5.290377,d37b79a3-8c4f-4b8a-8508-1150e238c472,Xenon Lamp,492,nm,absorbance,446.54470884954486
451.719,8.15851,d37b79a3-8c4f-4b8a-8508-1150e238c472,Xenon Lamp,493,nm,absorbance,446.75513750888086
451.931,5.714151,d37b79a3-8c4f-4b8a-8508-1150e238c472,Xenon Lamp,494,nm,absorbance,446.96556616821687
452.143,11.128309000000002,d37b79a3-8c4f-4b8a-8508-1150e238c472,Xenon Lamp,495,nm,absorbance,447.1759948275528
452.356,9.166469,d37b79a3-8c4f-4b8a-8508-1150e238c472,Xenon Lamp,496,nm,absorbance,447.3874160749046
452.568,16.470425999999996,d37b79a3-8c4f-4b8a-8508-1150e238c472,Xenon Lamp,497,nm,absorbance,447.5978447342406
452.78,14.706493,d37b79a3-8c4f-4b8a-8508-1150e238c472,Xenon Lamp,498,nm,absorbance,447.80827339357654
452.992,17.654825,d37b79a3-8c4f-4b8a-8508-1150e238c472,Xenon Lamp,499,nm,absorbance,448.0187020529126
453.204,10.927671,d37b79a3-8c4f-4b8a-8508-1150e238c472,Xenon Lamp,500,nm,absorbance,448.2291307122486
453.416,9.385086,d37b79a3-8c4f-4b8a-8508-1150e238c472,Xenon Lamp,501,nm,absorbance,448.43955937158455
453.628,12.922286,d37b79a3-8c4f-4b8a-8508-1150e238c472,Xenon Lamp,502,nm,absorbance,448.64998803092055
453.84,17.575538,d37b79a3-8c4f-4b8a-8508-1150e238c472,Xenon Lamp,503,nm,absorbance,448.86041669025656
454.052,21.624348,d37b79a3-8c4f-4b8a-8508-1150e238c472,Xenon Lamp,504,nm,absorbance,449.07084534959256
454.264,19.569432,d37b79a3-8c4f-4b8a-8508-1150e238c472,Xenon Lamp,505,nm,absorbance,449.28127400892856
454.476,19.948826000000004,d37b79a3-8c4f-4b8a-8508-1150e238c472,Xenon Lamp,506,nm,absorbance,449.49170266826457
454.688,18.798155,d37b79a3-8c4f-4b8a-8508-1150e238c472,Xenon Lamp,507,nm,absorbance,449.7021313276005
454.9,18.347230000000003,d37b79a3-8c4f-4b8a-8508-1150e238c472,Xenon Lamp,508,nm,absorbance,449.9125599869365
455.112,14.911154,d37b79a3-8c4f-4b8a-8508-1150e238c472,Xenon Lamp,509,nm,absorbance,450.1229886462726
455.324,14.342332,d37b79a3-8c4f-4b8a-8508-1150e238c472,Xenon Lamp,510,nm,absorbance,450.3334173056086
455.536,14.753324,d37b79a3-8c4f-4b8a-8508-1150e238c472,Xenon Lamp,511,nm,absorbance,450.5438459649445
455.747,15.759704,d37b79a3-8c4f-4b8a-8508-1150e238c472,Xenon Lamp,512,nm,absorbance,450.7532820362648
455.959,16.248708999999998,d37b79a3-8c4f-4b8a-8508-1150e238c472,Xenon Lamp,513,nm,absorbance,450.9637106956008
456.171,14.433468,d37b79a3-8c4f-4b8a-8508-1150e238c472,Xenon Lamp,514,nm,absorbance,451.17413935493676
456.383,13.690547,d37b79a3-8c4f-4b8a-8508-1150e238c472,Xenon Lamp,515,nm,absorbance,451.38456801427276
456.595,14.955405,d37b79a3-8c4f-4b8a-8508-1150e238c472,Xenon Lamp,516,nm,absorbance,451.5949966736088
456.807,15.307763,d37b79a3-8c4f-4b8a-8508-1150e238c472,Xenon Lamp,517,nm,absorbance,451.8054253329448
457.018,15.859694,d37b79a3-8c4f-4b8a-8508-1150e238c472,Xenon Lamp,518,nm,absorbance,452.014861404265
457.23,13.232373999999998,d37b79a3-8c4f-4b8a-8508-1150e238c472,Xenon Lamp,519,nm,absorbance,452.22529006360105
457.442,13.279374999999998,d37b79a3-8c4f-4b8a-8508-1150e238c472,Xenon Lamp,520,nm,absorbance,452.43571872293705
457.654,14.011520999999998,d37b79a3-8c4f-4b8a-8508-1150e238c472,Xenon Lamp,521,nm,absorbance,452.64614738227306
457.865,10.851135,d37b79a3-8c4f-4b8a-8508-1150e238c472,Xenon Lamp,522,nm,absorbance,452.8555834535933
458.077,11.207133,d37b79a3-8c4f-4b8a-8508-1150e238c472,Xenon Lamp,523,nm,absorbance,453.0660121129293
458.289,11.921795,d37b79a3-8c4f-4b8a-8508-1150e238c472,Xenon Lamp,524,nm,absorbance,453.2764407722653
458.501,17.057333,d37b79a3-8c4f-4b8a-8508-1150e238c472,Xenon Lamp,525,nm,absorbance,453.48686943160124
458.712,21.821095000000003,d37b79a3-8c4f-4b8a-8508-1150e238c472,Xenon Lamp,526,nm,absorbance,453.6963055029215
458.924,23.066561,d37b79a3-8c4f-4b8a-8508-1150e238c472,Xenon Lamp,527,nm,absorbance,453.9067341622575
459.136,19.339932,d37b79a3-8c4f-4b8a-8508-1150e238c472,Xenon Lamp,528,nm,absorbance,454.1171628215936
459.347,13.116432000000003,d37b79a3-8c4f-4b8a-8508-1150e238c472,Xenon Lamp,529,nm,absorbance,454.32659889291375
459.559,14.667923999999996,d37b79a3-8c4f-4b8a-8508-1150e238c472,Xenon Lamp,530,nm,absorbance,454.5370275522498
459.77,14.690872000000002,d37b79a3-8c4f-4b8a-8508-1150e238c472,Xenon Lamp,531,nm,absorbance,454.74646362357004
459.982,16.884752,d37b79a3-8c4f-4b8a-8508-1150e238c472,Xenon Lamp,532,nm,absorbance,454.9568922829061
460.194,13.132461,d37b79a3-8c4f-4b8a-8508-1150e238c472,Xenon Lamp,533,nm,absorbance,455.16732094224204
460.405,18.339504,d37b79a3-8c4f-4b8a-8508-1150e238c472,Xenon Lamp,534,nm,absorbance,455.37675701356227
460.617,18.286708,d37b79a3-8c4f-4b8a-8508-1150e238c472,Xenon Lamp,535,nm,absorbance,455.58718567289833
460.828,21.041779,d37b79a3-8c4f-4b8a-8508-1150e238c472,Xenon Lamp,536,nm,absorbance,455.79662174421856
461.04,17.298908999999995,d37b79a3-8c4f-4b8a-8508-1150e238c472,Xenon Lamp,537,nm,absorbance,456.00705040355456
461.251,22.37089,d37b79a3-8c4f-4b8a-8508-1150e238c472,Xenon Lamp,538,nm,absorbance,456.2164864748748
461.463,21.733799999999995,d37b79a3-8c4f-4b8a-8508-1150e238c472,Xenon Lamp,539,nm,absorbance,456.42691513421084
461.674,21.941745000000004,d37b79a3-8c4f-4b8a-8508-1150e238c472,Xenon Lamp,540,nm,absorbance,456.63635120553107
461.886,14.691484,d37b79a3-8c4f-4b8a-8508-1150e238c472,Xenon Lamp,541,nm,absorbance,456.84677986486713
462.097,14.70795,d37b79a3-8c4f-4b8a-8508-1150e238c472,Xenon Lamp,542,nm,absorbance,457.0562159361873
462.309,19.78527,d37b79a3-8c4f-4b8a-8508-1150e238c472,Xenon Lamp,543,nm,absorbance,457.26664459552336
462.52,24.983013,d37b79a3-8c4f-4b8a-8508-1150e238c472,Xenon Lamp,544,nm,absorbance,457.4760806668436
462.731,27.234867,d37b79a3-8c4f-4b8a-8508-1150e238c472,Xenon Lamp,545,nm,absorbance,457.68551673816387
462.943,27.602859,d37b79a3-8c4f-4b8a-8508-1150e238c472,Xenon Lamp,546,nm,absorbance,457.8959453974998
463.154,28.314109,d37b79a3-8c4f-4b8a-8508-1150e238c472,Xenon Lamp,547,nm,absorbance,458.1053814688201
463.366,33.121922,d37b79a3-8c4f-4b8a-8508-1150e238c472,Xenon Lamp,548,nm,absorbance,458.3158101281561
463.577,31.965454,d37b79a3-8c4f-4b8a-8508-1150e238c472,Xenon Lamp,549,nm,absorbance,458.5252461994764
463.788,38.822592,d37b79a3-8c4f-4b8a-8508-1150e238c472,Xenon Lamp,550,nm,absorbance,458.73468227079667
464.0,35.835868000000005,d37b79a3-8c4f-4b8a-8508-1150e238c472,Xenon Lamp,551,nm,absorbance,458.9451109301326
464.211,37.355828,d37b79a3-8c4f-4b8a-8508-1150e238c472,Xenon Lamp,552,nm,absorbance,459.1545470014529
464.422,35.486602,d37b79a3-8c4f-4b8a-8508-1150e238c472,Xenon Lamp,553,nm,absorbance,459.3639830727732
464.634,38.674752,d37b79a3-8c4f-4b8a-8508-1150e238c472,Xenon Lamp,554,nm,absorbance,459.5744117321092
464.845,41.191195,d37b79a3-8c4f-4b8a-8508-1150e238c472,Xenon Lamp,555,nm,absorbance,459.7838478034294
465.056,43.213820000000005,d37b79a3-8c4f-4b8a-8508-1150e238c472,Xenon Lamp,556,nm,absorbance,459.99328387474964
465.267,43.397783,d37b79a3-8c4f-4b8a-8508-1150e238c472,Xenon Lamp,557,nm,absorbance,460.2027199460699
465.478,45.935753,d37b79a3-8c4f-4b8a-8508-1150e238c472,Xenon Lamp,558,nm,absorbance,460.4121560173902
465.69,44.00210799999999,d37b79a3-8c4f-4b8a-8508-1150e238c472,Xenon Lamp,559,nm,absorbance,460.6225846767262
465.901,44.280813,d37b79a3-8c4f-4b8a-8508-1150e238c472,Xenon Lamp,560,nm,absorbance,460.83202074804643
466.112,42.857463,d37b79a3-8c4f-4b8a-8508-1150e238c472,Xenon Lamp,561,nm,absorbance,461.0414568193667
466.323,42.899803000000006,d37b79a3-8c4f-4b8a-8508-1150e238c472,Xenon Lamp,562,nm,absorbance,461.25089289068694
466.534,46.491879,d37b79a3-8c4f-4b8a-8508-1150e238c472,Xenon Lamp,563,nm,absorbance,461.4603289620072
466.745,50.453827,d37b79a3-8c4f-4b8a-8508-1150e238c472,Xenon Lamp,564,nm,absorbance,461.6697650333275
466.957,50.916962,d37b79a3-8c4f-4b8a-8508-1150e238c472,Xenon Lamp,565,nm,absorbance,461.8801936926635
467.168,50.421943000000006,d37b79a3-8c4f-4b8a-8508-1150e238c472,Xenon Lamp,566,nm,absorbance,462.08962976398374
467.379,54.803217,d37b79a3-8c4f-4b8a-8508-1150e238c472,Xenon Lamp,567,nm,absorbance,462.299065835304
467.59,61.484809000000006,d37b79a3-8c4f-4b8a-8508-1150e238c472,Xenon Lamp,568,nm,absorbance,462.50850190662425
467.801,67.11459500000001,d37b79a3-8c4f-4b8a-8508-1150e238c472,Xenon Lamp,569,nm,absorbance,462.71793797794453
468.012,66.74431100000001,d37b79a3-8c4f-4b8a-8508-1150e238c472,Xenon Lamp,570,nm,absorbance,462.9273740492648
468.223,70.06068899999998,d37b79a3-8c4f-4b8a-8508-1150e238c472,Xenon Lamp,571,nm,absorbance,463.13681012058504
468.434,69.05499699999999,d37b79a3-8c4f-4b8a-8508-1150e238c472,Xenon Lamp,572,nm,absorbance,463.3462461919053
468.645,72.51818799999998,d37b79a3-8c4f-4b8a-8508-1150e238c472,Xenon Lamp,573,nm,absorbance,463.55568226322555
468.856,74.328296,d37b79a3-8c4f-4b8a-8508-1150e238c472,Xenon Lamp,574,nm,absorbance,463.76511833454583
469.067,77.190815,d37b79a3-8c4f-4b8a-8508-1150e238c472,Xenon Lamp,575,nm,absorbance,463.9745544058661
469.278,78.037461,d37b79a3-8c4f-4b8a-8508-1150e238c472,Xenon Lamp,576,nm,absorbance,464.1839904771864
469.489,75.56002400000001,d37b79a3-8c4f-4b8a-8508-1150e238c472,Xenon Lamp,577,nm,absorbance,464.39342654850657
469.7,74.90050299999999,d37b79a3-8c4f-4b8a-8508-1150e238c472,Xenon Lamp,578,nm,absorbance,464.60286261982685
469.911,76.093691,d37b79a3-8c4f-4b8a-8508-1150e238c472,Xenon Lamp,579,nm,absorbance,464.81229869114713
470.122,86.66815799999999,d37b79a3-8c4f-4b8a-8508-1150e238c472,Xenon Lamp,580,nm,absorbance,465.0217347624674
470.333,96.909302,d37b79a3-8c4f-4b8a-8508-1150e238c472,Xenon Lamp,581,nm,absorbance,465.2311708337877
470.543,95.323285,d37b79a3-8c4f-4b8a-8508-1150e238c472,Xenon Lamp,582,nm,absorbance,465.4396143170922
470.754,93.43297,d37b79a3-8c4f-4b8a-8508-1150e238c472,Xenon Lamp,583,nm,absorbance,465.6490503884125
470.965,86.215293,d37b79a3-8c4f-4b8a-8508-1150e238c472,Xenon Lamp,584,nm,absorbance,465.85848645973266
471.176,87.826413,d37b79a3-8c4f-4b8a-8508-1150e238c472,Xenon Lamp,585,nm,absorbance,466.06792253105294
471.387,81.412261,d37b79a3-8c4f-4b8a-8508-1150e238c472,Xenon Lamp,586,nm,absorbance,466.2773586023732
471.598,82.562212,d37b79a3-8c4f-4b8a-8508-1150e238c472,Xenon Lamp,587,nm,absorbance,466.4867946736935
471.808,87.333298,d37b79a3-8c4f-4b8a-8508-1150e238c472,Xenon Lamp,588,nm,absorbance,466.695238156998
472.019,86.768696,d37b79a3-8c4f-4b8a-8508-1150e238c472,Xenon Lamp,589,nm,absorbance,466.9046742283183
472.23,85.634737,d37b79a3-8c4f-4b8a-8508-1150e238c472,Xenon Lamp,590,nm,absorbance,467.1141102996386
472.441,81.763033,d37b79a3-8c4f-4b8a-8508-1150e238c472,Xenon Lamp,591,nm,absorbance,467.32354637095875
472.651,82.01749299999999,d37b79a3-8c4f-4b8a-8508-1150e238c472,Xenon Lamp,592,nm,absorbance,467.5319898542633
472.862,81.964561,d37b79a3-8c4f-4b8a-8508-1150e238c472,Xenon Lamp,593,nm,absorbance,467.7414259255836
473.073,78.727092,d37b79a3-8c4f-4b8a-8508-1150e238c472,Xenon Lamp,594,nm,absorbance,467.9508619969038
473.283,78.65462099999999,d37b79a3-8c4f-4b8a-8508-1150e238c472,Xenon Lamp,595,nm,absorbance,468.1593054802084
473.494,76.05054100000001,d37b79a3-8c4f-4b8a-8508-1150e238c472,Xenon Lamp,596,nm,absorbance,468.3687415515287
473.705,79.15682799999999,d37b79a3-8c4f-4b8a-8508-1150e238c472,Xenon Lamp,597,nm,absorbance,468.5781776228489
473.915,78.595555,d37b79a3-8c4f-4b8a-8508-1150e238c472,Xenon Lamp,598,nm,absorbance,468.78662110615346
474.126,79.355267,d37b79a3-8c4f-4b8a-8508-1150e238c472,Xenon Lamp,599,nm,absorbance,468.99605717747363
474.337,78.833547,d37b79a3-8c4f-4b8a-8508-1150e238c472,Xenon Lamp,600,nm,absorbance,469.2054932487939
474.547,81.55908099999999,d37b79a3-8c4f-4b8a-8508-1150e238c472,Xenon Lamp,601,nm,absorbance,469.4139367320985
474.758,86.95511600000002,d37b79a3-8c4f-4b8a-8508-1150e238c472,Xenon Lamp,602,nm,absorbance,469.6233728034187
474.968,85.62793799999999,d37b79a3-8c4f-4b8a-8508-1150e238c472,Xenon Lamp,603,nm,absorbance,469.83181628672327
475.179,83.532951,d37b79a3-8c4f-4b8a-8508-1150e238c472,Xenon Lamp,604,nm,absorbance,470.0412523580435
475.389,85.942613,d37b79a3-8c4f-4b8a-8508-1150e238c472,Xenon Lamp,605,nm,absorbance,470.24969584134806
475.6,80.54692399999999,d37b79a3-8c4f-4b8a-8508-1150e238c472,Xenon Lamp,606,nm,absorbance,470.45913191266834
475.81,84.267979,d37b79a3-8c4f-4b8a-8508-1150e238c472,Xenon Lamp,607,nm,absorbance,470.66757539597285
476.021,78.220929,d37b79a3-8c4f-4b8a-8508-1150e238c472,Xenon Lamp,608,nm,absorbance,470.8770114672931
476.231,78.573826,d37b79a3-8c4f-4b8a-8508-1150e238c472,Xenon Lamp,609,nm,absorbance,471.0854549505976
476.442,66.583718,d37b79a3-8c4f-4b8a-8508-1150e238c472,Xenon Lamp,610,nm,absorbance,471.29489102191786
476.652,59.000142,d37b79a3-8c4f-4b8a-8508-1150e238c472,Xenon Lamp,611,nm,absorbance,471.50333450522237
476.863,54.021929,d37b79a3-8c4f-4b8a-8508-1150e238c472,Xenon Lamp,612,nm,absorbance,471.71277057654265
477.073,49.64081999999999,d37b79a3-8c4f-4b8a-8508-1150e238c472,Xenon Lamp,613,nm,absorbance,471.92121405984716
477.284,48.60316400000001,d37b79a3-8c4f-4b8a-8508-1150e238c472,Xenon Lamp,614,nm,absorbance,472.13065013116744
477.494,49.501265,d37b79a3-8c4f-4b8a-8508-1150e238c472,Xenon Lamp,615,nm,absorbance,472.339093614472
477.704,48.343629,d37b79a3-8c4f-4b8a-8508-1150e238c472,Xenon Lamp,616,nm,absorbance,472.5475370977765
477.915,41.020076,d37b79a3-8c4f-4b8a-8508-1150e238c472,Xenon Lamp,617,nm,absorbance,472.7569731690968
478.125,38.490005,d37b79a3-8c4f-4b8a-8508-1150e238c472,Xenon Lamp,618,nm,absorbance,472.9654166524013
478.335,35.514479,d37b79a3-8c4f-4b8a-8508-1150e238c472,Xenon Lamp,619,nm,absorbance,473.17386013570575
478.546,37.685883,d37b79a3-8c4f-4b8a-8508-1150e238c472,Xenon Lamp,620,nm,absorbance,473.38329620702604
478.756,27.615709,d37b79a3-8c4f-4b8a-8508-1150e238c472,Xenon Lamp,621,nm,absorbance,473.59173969033054
478.966,29.437955,d37b79a3-8c4f-4b8a-8508-1150e238c472,Xenon Lamp,622,nm,absorbance,473.8001831736351
479.177,27.746835,d37b79a3-8c4f-4b8a-8508-1150e238c472,Xenon Lamp,623,nm,absorbance,474.0096192449554
479.387,33.320768,d37b79a3-8c4f-4b8a-8508-1150e238c472,Xenon Lamp,624,nm,absorbance,474.2180627282599
479.597,33.223988000000006,d37b79a3-8c4f-4b8a-8508-1150e238c472,Xenon Lamp,625,nm,absorbance,474.4265062115644
479.807,33.539342,d37b79a3-8c4f-4b8a-8508-1150e238c472,Xenon Lamp,626,nm,absorbance,474.63494969486896
480.018,31.165175999999995,d37b79a3-8c4f-4b8a-8508-1150e238c472,Xenon Lamp,627,nm,absorbance,474.8443857661892
480.228,30.590965,d37b79a3-8c4f-4b8a-8508-1150e238c472,Xenon Lamp,628,nm,absorbance,475.05282924949375
480.438,28.419339,d37b79a3-8c4f-4b8a-8508-1150e238c472,Xenon Lamp,629,nm,absorbance,475.26127273279826
480.648,30.555316,d37b79a3-8c4f-4b8a-8508-1150e238c472,Xenon Lamp,630,nm,absorbance,475.4697162161028
480.858,29.088559000000004,d37b79a3-8c4f-4b8a-8508-1150e238c472,Xenon Lamp,631,nm,absorbance,475.67815969940733
481.068,28.060892000000003,d37b79a3-8c4f-4b8a-8508-1150e238c472,Xenon Lamp,632,nm,absorbance,475.88660318271184
481.279,29.346934,d37b79a3-8c4f-4b8a-8508-1150e238c472,Xenon Lamp,633,nm,absorbance,476.09603925403206
481.489,34.375038,d37b79a3-8c4f-4b8a-8508-1150e238c472,Xenon Lamp,634,nm,absorbance,476.30448273733657
481.699,35.484806000000006,d37b79a3-8c4f-4b8a-8508-1150e238c472,Xenon Lamp,635,nm,absorbance,476.51292622064113
481.909,37.621638,d37b79a3-8c4f-4b8a-8508-1150e238c472,Xenon Lamp,636,nm,absorbance,476.72136970394564
482.119,34.61046,d37b79a3-8c4f-4b8a-8508-1150e238c472,Xenon Lamp,637,nm,absorbance,476.9298131872502
482.329,37.56567,d37b79a3-8c4f-4b8a-8508-1150e238c472,Xenon Lamp,638,nm,absorbance,477.1382566705547
482.539,39.112926,d37b79a3-8c4f-4b8a-8508-1150e238c472,Xenon Lamp,639,nm,absorbance,477.3467001538592
482.749,37.63085199999999,d37b79a3-8c4f-4b8a-8508-1150e238c472,Xenon Lamp,640,nm,absorbance,477.5551436371638
482.959,40.982446,d37b79a3-8c4f-4b8a-8508-1150e238c472,Xenon Lamp,641,nm,absorbance,477.7635871204683
483.169,40.965704,d37b79a3-8c4f-4b8a-8508-1150e238c472,Xenon Lamp,642,nm,absorbance,477.9720306037728
483.379,46.534108,d37b79a3-8c4f-4b8a-8508-1150e238c472,Xenon Lamp,643,nm,absorbance,478.18047408707736
483.589,46.10050399999999,d37b79a3-8c4f-4b8a-8508-1150e238c472,Xenon Lamp,644,nm,absorbance,478.38891757038186
483.799,49.52157699999999,d37b79a3-8c4f-4b8a-8508-1150e238c472,Xenon Lamp,645,nm,absorbance,478.59736105368637
484.009,53.684879,d37b79a3-8c4f-4b8a-8508-1150e238c472,Xenon Lamp,646,nm,absorbance,478.80580453699093
484.219,58.094215,d37b79a3-8c4f-4b8a-8508-1150e238c472,Xenon Lamp,647,nm,absorbance,479.01424802029544
484.429,58.99150100000001,d37b79a3-8c4f-4b8a-8508-1150e238c472,Xenon Lamp,648,nm,absorbance,479.22269150359995
484.639,59.676995,d37b79a3-8c4f-4b8a-8508-1150e238c472,Xenon Lamp,649,nm,absorbance,479.4311349869045
484.849,56.54516199999999,d37b79a3-8c4f-4b8a-8508-1150e238c472,Xenon Lamp,650,nm,absorbance,479.639578470209
485.059,52.47058,d37b79a3-8c4f-4b8a-8508-1150e238c472,Xenon Lamp,651,nm,absorbance,479.8480219535136
485.268,48.88725,d37b79a3-8c4f-4b8a-8508-1150e238c472,Xenon Lamp,652,nm,absorbance,480.0554728488023
485.478,47.446494,d37b79a3-8c4f-4b8a-8508-1150e238c472,Xenon Lamp,653,nm,absorbance,480.2639163321069
485.688,54.46813099999999,d37b79a3-8c4f-4b8a-8508-1150e238c472,Xenon Lamp,654,nm,absorbance,480.4723598154114
485.898,56.38605299999999,d37b79a3-8c4f-4b8a-8508-1150e238c472,Xenon Lamp,655,nm,absorbance,480.68080329871594
486.108,61.02737400000001,d37b79a3-8c4f-4b8a-8508-1150e238c472,Xenon Lamp,656,nm,absorbance,480.88924678202045
486.317,62.134824,d37b79a3-8c4f-4b8a-8508-1150e238c472,Xenon Lamp,657,nm,absorbance,481.09669767730924
486.527,66.978016,d37b79a3-8c4f-4b8a-8508-1150e238c472,Xenon Lamp,658,nm,absorbance,481.30514116061374
486.737,70.876288,d37b79a3-8c4f-4b8a-8508-1150e238c472,Xenon Lamp,659,nm,absorbance,481.5135846439183
486.947,65.692951,d37b79a3-8c4f-4b8a-8508-1150e238c472,Xenon Lamp,660,nm,absorbance,481.7220281272228
487.156,65.545003,d37b79a3-8c4f-4b8a-8508-1150e238c472,Xenon Lamp,661,nm,absorbance,481.9294790225116
487.366,59.623995,d37b79a3-8c4f-4b8a-8508-1150e238c472,Xenon Lamp,662,nm,absorbance,482.1379225058161
487.576,66.623008,d37b79a3-8c4f-4b8a-8508-1150e238c472,Xenon Lamp,663,nm,absorbance,482.34636598912067
487.785,64.453879,d37b79a3-8c4f-4b8a-8508-1150e238c472,Xenon Lamp,664,nm,absorbance,482.55381688440946
487.995,66.92381499999999,d37b79a3-8c4f-4b8a-8508-1150e238c472,Xenon Lamp,665,nm,absorbance,482.76226036771396
488.205,62.42417099999999,d37b79a3-8c4f-4b8a-8508-1150e238c472,Xenon Lamp,666,nm,absorbance,482.97070385101847
488.414,62.48078399999999,d37b79a3-8c4f-4b8a-8508-1150e238c472,Xenon Lamp,667,nm,absorbance,483.17815474630726
488.624,69.277447,d37b79a3-8c4f-4b8a-8508-1150e238c472,Xenon Lamp,668,nm,absorbance,483.3865982296118
488.834,72.062456,d37b79a3-8c4f-4b8a-8508-1150e238c472,Xenon Lamp,669,nm,absorbance,483.5950417129163
489.043,73.021537,d37b79a3-8c4f-4b8a-8508-1150e238c472,Xenon Lamp,670,nm,absorbance,483.8024926082051
489.253,68.01088299999999,d37b79a3-8c4f-4b8a-8508-1150e238c472,Xenon Lamp,671,nm,absorbance,484.0109360915096
489.462,65.94129000000001,d37b79a3-8c4f-4b8a-8508-1150e238c472,Xenon Lamp,672,nm,absorbance,484.2183869867984
489.672,62.64196599999999,d37b79a3-8c4f-4b8a-8508-1150e238c472,Xenon Lamp,673,nm,absorbance,484.42683047010297
489.882,57.688677000000006,d37b79a3-8c4f-4b8a-8508-1150e238c472,Xenon Lamp,674,nm,absorbance,484.6352739534075
490.091,55.558875,d37b79a3-8c4f-4b8a-8508-1150e238c472,Xenon Lamp,675,nm,absorbance,484.84272484869626
490.301,57.23124800000001,d37b79a3-8c4f-4b8a-8508-1150e238c472,Xenon Lamp,676,nm,absorbance,485.05116833200077
490.51,58.265625,d37b79a3-8c4f-4b8a-8508-1150e238c472,Xenon Lamp,677,nm,absorbance,485.25861922728956
490.72,57.064257,d37b79a3-8c4f-4b8a-8508-1150e238c472,Xenon Lamp,678,nm,absorbance,485.4670627105941
490.929,55.386609,d37b79a3-8c4f-4b8a-8508-1150e238c472,Xenon Lamp,679,nm,absorbance,485.67451360588285
491.138,56.52791400000001,d37b79a3-8c4f-4b8a-8508-1150e238c472,Xenon Lamp,680,nm,absorbance,485.88196450117164
491.348,59.10000400000001,d37b79a3-8c4f-4b8a-8508-1150e238c472,Xenon Lamp,681,nm,absorbance,486.0904079844762
491.557,56.815676,d37b79a3-8c4f-4b8a-8508-1150e238c472,Xenon Lamp,682,nm,absorbance,486.297858879765
491.767,54.440435,d37b79a3-8c4f-4b8a-8508-1150e238c472,Xenon Lamp,683,nm,absorbance,486.5063023630695
491.976,50.51252800000001,d37b79a3-8c4f-4b8a-8508-1150e238c472,Xenon Lamp,684,nm,absorbance,486.7137532583583
492.185,46.07376,d37b79a3-8c4f-4b8a-8508-1150e238c472,Xenon Lamp,685,nm,absorbance,486.92120415364707
492.395,47.044904,d37b79a3-8c4f-4b8a-8508-1150e238c472,Xenon Lamp,686,nm,absorbance,487.1296476369516
492.604,52.13790200000001,d37b79a3-8c4f-4b8a-8508-1150e238c472,Xenon Lamp,687,nm,absorbance,487.33709853224036
492.813,59.523133,d37b79a3-8c4f-4b8a-8508-1150e238c472,Xenon Lamp,688,nm,absorbance,487.5445494275292
493.023,59.017006,d37b79a3-8c4f-4b8a-8508-1150e238c472,Xenon Lamp,689,nm,absorbance,487.75299291083377
493.232,58.196235,d37b79a3-8c4f-4b8a-8508-1150e238c472,Xenon Lamp,690,nm,absorbance,487.96044380612256
493.441,56.218352,d37b79a3-8c4f-4b8a-8508-1150e238c472,Xenon Lamp,691,nm,absorbance,488.1678947014113
493.651,56.99645699999999,d37b79a3-8c4f-4b8a-8508-1150e238c472,Xenon Lamp,692,nm,absorbance,488.37633818471585
493.86,56.88845299999999,d37b79a3-8c4f-4b8a-8508-1150e238c472,Xenon Lamp,693,nm,absorbance,488.58378908000464
494.069,61.449595,d37b79a3-8c4f-4b8a-8508-1150e238c472,Xenon Lamp,694,nm,absorbance,488.7912399752934
494.278,62.780084,d37b79a3-8c4f-4b8a-8508-1150e238c472,Xenon Lamp,695,nm,absorbance,488.9986908705822
494.488,59.827535,d37b79a3-8c4f-4b8a-8508-1150e238c472,Xenon Lamp,696,nm,absorbance,489.2071343538867
494.697,57.346858,d37b79a3-8c4f-4b8a-8508-1150e238c472,Xenon Lamp,697,nm,absorbance,489.4145852491755
494.906,55.386058000000006,d37b79a3-8c4f-4b8a-8508-1150e238c472,Xenon Lamp,698,nm,absorbance,489.6220361444643
495.115,53.72338799999999,d37b79a3-8c4f-4b8a-8508-1150e238c472,Xenon Lamp,699,nm,absorbance,489.8294870397531
495.324,55.975433,d37b79a3-8c4f-4b8a-8508-1150e238c472,Xenon Lamp,700,nm,absorbance,490.03693793504186
495.533,56.016725,d37b79a3-8c4f-4b8a-8508-1150e238c472,Xenon Lamp,701,nm,absorbance,490.24438883033065
495.743,59.92293699999999,d37b79a3-8c4f-4b8a-8508-1150e238c472,Xenon Lamp,702,nm,absorbance,490.45283231363516
495.952,59.134813,d37b79a3-8c4f-4b8a-8508-1150e238c472,Xenon Lamp,703,nm,absorbance,490.660283208924
496.161,60.464069,d37b79a3-8c4f-4b8a-8508-1150e238c472,Xenon Lamp,704,nm,absorbance,490.8677341042128
496.37,56.361944,d37b79a3-8c4f-4b8a-8508-1150e238c472,Xenon Lamp,705,nm,absorbance,491.0751849995016
496.579,54.69995200000001,d37b79a3-8c4f-4b8a-8508-1150e238c472,Xenon Lamp,706,nm,absorbance,491.28263589479036
496.788,52.62330000000001,d37b79a3-8c4f-4b8a-8508-1150e238c472,Xenon Lamp,707,nm,absorbance,491.49008679007915
496.997,55.22111700000001,d37b79a3-8c4f-4b8a-8508-1150e238c472,Xenon Lamp,708,nm,absorbance,491.69753768536793
497.206,54.351567,d37b79a3-8c4f-4b8a-8508-1150e238c472,Xenon Lamp,709,nm,absorbance,491.9049885806567
497.415,56.75890999999999,d37b79a3-8c4f-4b8a-8508-1150e238c472,Xenon Lamp,710,nm,absorbance,492.1124394759455
497.624,61.702061,d37b79a3-8c4f-4b8a-8508-1150e238c472,Xenon Lamp,711,nm,absorbance,492.3198903712343
497.833,58.207838,d37b79a3-8c4f-4b8a-8508-1150e238c472,Xenon Lamp,712,nm,absorbance,492.5273412665231
498.042,59.107927,d37b79a3-8c4f-4b8a-8508-1150e238c472,Xenon Lamp,713,nm,absorbance,492.7347921618118
498.251,50.175107,d37b79a3-8c4f-4b8a-8508-1150e238c472,Xenon Lamp,714,nm,absorbance,492.94224305710065
498.46,54.56913,d37b79a3-8c4f-4b8a-8508-1150e238c472,Xenon Lamp,715,nm,absorbance,493.14969395238944
498.669,52.739732,d37b79a3-8c4f-4b8a-8508-1150e238c472,Xenon Lamp,716,nm,absorbance,493.3571448476782
498.878,53.850829,d37b79a3-8c4f-4b8a-8508-1150e238c472,Xenon Lamp,717,nm,absorbance,493.564595742967
499.087,53.599964,d37b79a3-8c4f-4b8a-8508-1150e238c472,Xenon Lamp,718,nm,absorbance,493.7720466382558
499.296,53.261638000000005,d37b79a3-8c4f-4b8a-8508-1150e238c472,Xenon Lamp,719,nm,absorbance,493.9794975335446
499.504,52.98200800000001,d37b79a3-8c4f-4b8a-8508-1150e238c472,Xenon Lamp,720,nm,absorbance,494.18595584081766
499.713,49.209797,d37b79a3-8c4f-4b8a-8508-1150e238c472,Xenon Lamp,721,nm,absorbance,494.39340673610644
499.922,47.990916,d37b79a3-8c4f-4b8a-8508-1150e238c472,Xenon Lamp,722,nm,absorbance,494.60085763139523
500.131,45.03769,d37b79a3-8c4f-4b8a-8508-1150e238c472,Xenon Lamp,723,nm,absorbance,494.808308526684
500.34,41.314824,d37b79a3-8c4f-4b8a-8508-1150e238c472,Xenon Lamp,724,nm,absorbance,495.0157594219728
500.549,37.418123,d37b79a3-8c4f-4b8a-8508-1150e238c472,Xenon Lamp,725,nm,absorbance,495.2232103172616
500.757,38.00715800000001,d37b79a3-8c4f-4b8a-8508-1150e238c472,Xenon Lamp,726,nm,absorbance,495.42966862453466
500.966,37.79357,d37b79a3-8c4f-4b8a-8508-1150e238c472,Xenon Lamp,727,nm,absorbance,495.63711951982344
501.175,35.12735299999999,d37b79a3-8c4f-4b8a-8508-1150e238c472,Xenon Lamp,728,nm,absorbance,495.84457041511223
501.384,33.576027,d37b79a3-8c4f-4b8a-8508-1150e238c472,Xenon Lamp,729,nm,absorbance,496.052021310401
501.592,33.161314000000004,d37b79a3-8c4f-4b8a-8508-1150e238c472,Xenon Lamp,730,nm,absorbance,496.2584796176741
501.801,31.837233,d37b79a3-8c4f-4b8a-8508-1150e238c472,Xenon Lamp,731,nm,absorbance,496.46593051296287
502.01,27.378288,d37b79a3-8c4f-4b8a-8508-1150e238c472,Xenon Lamp,732,nm,absorbance,496.67338140825166
502.218,28.373964,d37b79a3-8c4f-4b8a-8508-1150e238c472,Xenon Lamp,733,nm,absorbance,496.8798397155247
502.427,30.326492,d37b79a3-8c4f-4b8a-8508-1150e238c472,Xenon Lamp,734,nm,absorbance,497.0872906108135
502.636,33.270651,d37b79a3-8c4f-4b8a-8508-1150e238c472,Xenon Lamp,735,nm,absorbance,497.2947415061023
502.844,30.802959,d37b79a3-8c4f-4b8a-8508-1150e238c472,Xenon Lamp,736,nm,absorbance,497.5011998133753
503.053,28.821194,d37b79a3-8c4f-4b8a-8508-1150e238c472,Xenon Lamp,737,nm,absorbance,497.7086507086641
503.262,25.242951,d37b79a3-8c4f-4b8a-8508-1150e238c472,Xenon Lamp,738,nm,absorbance,497.91610160395294
503.47,24.248927,d37b79a3-8c4f-4b8a-8508-1150e238c472,Xenon Lamp,739,nm,absorbance,498.122559911226
503.679,22.557485,d37b79a3-8c4f-4b8a-8508-1150e238c472,Xenon Lamp,740,nm,absorbance,498.33001080651474
503.887,22.396656,d37b79a3-8c4f-4b8a-8508-1150e238c472,Xenon Lamp,741,nm,absorbance,498.5364691137878
504.096,23.031207,d37b79a3-8c4f-4b8a-8508-1150e238c472,Xenon Lamp,742,nm,absorbance,498.7439200090766
504.304,23.879068,d37b79a3-8c4f-4b8a-8508-1150e238c472,Xenon Lamp,743,nm,absorbance,498.9503783163496
504.513,21.292727,d37b79a3-8c4f-4b8a-8508-1150e238c472,Xenon Lamp,744,nm,absorbance,499.15782921163844
504.721,16.238283000000003,d37b79a3-8c4f-4b8a-8508-1150e238c472,Xenon Lamp,745,nm,absorbance,499.3642875189115
504.93,15.019313,d37b79a3-8c4f-4b8a-8508-1150e238c472,Xenon Lamp,746,nm,absorbance,499.5717384142003
505.138,17.376648000000003,d37b79a3-8c4f-4b8a-8508-1150e238c472,Xenon Lamp,747,nm,absorbance,499.7781967214733
505.347,21.885443,d37b79a3-8c4f-4b8a-8508-1150e238c472,Xenon Lamp,748,nm,absorbance,499.9856476167621
505.555,20.300518,d37b79a3-8c4f-4b8a-8508-1150e238c472,Xenon Lamp,749,nm,absorbance,500.19210592403516
505.764,16.532619,d37b79a3-8c4f-4b8a-8508-1150e238c472,Xenon Lamp,750,nm,absorbance,500.399556819324
505.972,16.860668999999998,d37b79a3-8c4f-4b8a-8508-1150e238c472,Xenon Lamp,751,nm,absorbance,500.606015126597
506.18,17.188203000000005,d37b79a3-8c4f-4b8a-8508-1150e238c472,Xenon Lamp,752,nm,absorbance,500.8124734338701
506.389,18.877249000000003,d37b79a3-8c4f-4b8a-8508-1150e238c472,Xenon Lamp,753,nm,absorbance,501.01992432915887
506.597,18.171844,d37b79a3-8c4f-4b8a-8508-1150e238c472,Xenon Lamp,754,nm,absorbance,501.2263826364319
506.806,19.160369,d37b79a3-8c4f-4b8a-8508-1150e238c472,Xenon Lamp,755,nm,absorbance,501.43383353172067
507.014,26.036731999999997,d37b79a3-8c4f-4b8a-8508-1150e238c472,Xenon Lamp,756,nm,absorbance,501.6402918389938
507.222,26.643085,d37b79a3-8c4f-4b8a-8508-1150e238c472,Xenon Lamp,757,nm,absorbance,501.8467501462668
507.431,24.209497,d37b79a3-8c4f-4b8a-8508-1150e238c472,Xenon Lamp,758,nm,absorbance,502.0542010415556
507.639,17.834126000000005,d37b79a3-8c4f-4b8a-8508-1150e238c472,Xenon Lamp,759,nm,absorbance,502.26065934882865
507.847,15.240787,d37b79a3-8c4f-4b8a-8508-1150e238c472,Xenon Lamp,760,nm,absorbance,502.46711765610166
508.055,20.469262,d37b79a3-8c4f-4b8a-8508-1150e238c472,Xenon Lamp,761,nm,absorbance,502.6735759633748
508.264,21.93484,d37b79a3-8c4f-4b8a-8508-1150e238c472,Xenon Lamp,762,nm,absorbance,502.8810268586636
508.472,22.899225999999995,d37b79a3-8c4f-4b8a-8508-1150e238c472,Xenon Lamp,763,nm,absorbance,503.0874851659366
508.68,21.612891,d37b79a3-8c4f-4b8a-8508-1150e238c472,Xenon Lamp,764,nm,absorbance,503.29394347320965
508.888,20.507807,d37b79a3-8c4f-4b8a-8508-1150e238c472,Xenon Lamp,765,nm,absorbance,503.50040178048266
509.096,17.106535,d37b79a3-8c4f-4b8a-8508-1150e238c472,Xenon Lamp,766,nm,absorbance,503.7068600877558
509.305,14.202093,d37b79a3-8c4f-4b8a-8508-1150e238c472,Xenon Lamp,767,nm,absorbance,503.9143109830446
509.513,15.853218000000002,d37b79a3-8c4f-4b8a-8508-1150e238c472,Xenon Lamp,768,nm,absorbance,504.1207692903176
509.721,12.692495,d37b79a3-8c4f-4b8a-8508-1150e238c472,Xenon Lamp,769,nm,absorbance,504.32722759759065
509.929,13.136154,d37b79a3-8c4f-4b8a-8508-1150e238c472,Xenon Lamp,770,nm,absorbance,504.53368590486366
510.137,9.778302999999998,d37b79a3-8c4f-4b8a-8508-1150e238c472,Xenon Lamp,771,nm,absorbance,504.7401442121368
510.345,16.502714,d37b79a3-8c4f-4b8a-8508-1150e238c472,Xenon Lamp,772,nm,absorbance,504.94660251940985
510.553,17.205875999999996,d37b79a3-8c4f-4b8a-8508-1150e238c472,Xenon Lamp,773,nm,absorbance,505.15306082668286
510.762,19.744750000000003,d37b79a3-8c4f-4b8a-8508-1150e238c472,Xenon Lamp,774,nm,absorbance,505.36051172197165
510.97,21.401931,d37b79a3-8c4f-4b8a-8508-1150e238c472,Xenon Lamp,775,nm,absorbance,505.56697002924477
511.178,21.583988999999995,d37b79a3-8c4f-4b8a-8508-1150e238c472,Xenon Lamp,776,nm,absorbance,505.7734283365178
511.386,22.275973,d37b79a3-8c4f-4b8a-8508-1150e238c472,Xenon Lamp,777,nm,absorbance,505.97988664379085
511.594,15.715903000000004,d37b79a3-8c4f-4b8a-8508-1150e238c472,Xenon Lamp,778,nm,absorbance,506.18634495106386
511.802,11.286638,d37b79a3-8c4f-4b8a-8508-1150e238c472,Xenon Lamp,779,nm,absorbance,506.3928032583369
512.01,9.487711,d37b79a3-8c4f-4b8a-8508-1150e238c472,Xenon Lamp,780,nm,absorbance,506.59926156561
512.218,13.262026999999998,d37b79a3-8c4f-4b8a-8508-1150e238c472,Xenon Lamp,781,nm,absorbance,506.805719872883
512.426,12.14755,d37b79a3-8c4f-4b8a-8508-1150e238c472,Xenon Lamp,782,nm,absorbance,507.0121781801561
512.634,15.925254,d37b79a3-8c4f-4b8a-8508-1150e238c472,Xenon Lamp,783,nm,absorbance,507.21863648742914
512.842,15.618776000000002,d37b79a3-8c4f-4b8a-8508-1150e238c472,Xenon Lamp,784,nm,absorbance,507.4250947947022
513.049,19.165863000000005,d37b79a3-8c4f-4b8a-8508-1150e238c472,Xenon Lamp,785,nm,absorbance,507.6305605139595
513.257,18.514029,d37b79a3-8c4f-4b8a-8508-1150e238c472,Xenon Lamp,786,nm,absorbance,507.8370188212325
513.465,13.804764,d37b79a3-8c4f-4b8a-8508-1150e238c472,Xenon Lamp,787,nm,absorbance,508.04347712850563
513.673,12.113212999999998,d37b79a3-8c4f-4b8a-8508-1150e238c472,Xenon Lamp,788,nm,absorbance,508.2499354357787
513.881,11.120200000000002,d37b79a3-8c4f-4b8a-8508-1150e238c472,Xenon Lamp,789,nm,absorbance,508.4563937430517
514.089,11.211756,d37b79a3-8c4f-4b8a-8508-1150e238c472,Xenon Lamp,790,nm,absorbance,508.66285205032483
514.297,12.10118,d37b79a3-8c4f-4b8a-8508-1150e238c472,Xenon Lamp,791,nm,absorbance,508.86931035759784
514.504,10.742249,d37b79a3-8c4f-4b8a-8508-1150e238c472,Xenon Lamp,792,nm,absorbance,509.0747760768552
514.712,4.790342,d37b79a3-8c4f-4b8a-8508-1150e238c472,Xenon Lamp,793,nm,absorbance,509.2812343841282
514.92,3.427583,d37b79a3-8c4f-4b8a-8508-1150e238c472,Xenon Lamp,794,nm,absorbance,509.4876926914012
515.128,-1.606875,d37b79a3-8c4f-4b8a-8508-1150e238c472,Xenon Lamp,795,nm,absorbance,509.69415099867433
515.336,6.892995000000001,d37b79a3-8c4f-4b8a-8508-1150e238c472,Xenon Lamp,796,nm,absorbance,509.9006093059474
515.543,6.8280460000000005,d37b79a3-8c4f-4b8a-8508-1150e238c472,Xenon Lamp,797,nm,absorbance,510.1060750252047
515.751,12.216811,d37b79a3-8c4f-4b8a-8508-1150e238c472,Xenon Lamp,798,nm,absorbance,510.3125333324777
515.959,13.492106,d37b79a3-8c4f-4b8a-8508-1150e238c472,Xenon Lamp,799,nm,absorbance,510.5189916397507
516.166,18.115143,d37b79a3-8c4f-4b8a-8508-1150e238c472,Xenon Lamp,800,nm,absorbance,510.7244573590081
516.374,17.496004,d37b79a3-8c4f-4b8a-8508-1150e238c472,Xenon Lamp,801,nm,absorbance,510.93091566628124
516.582,12.723898,d37b79a3-8c4f-4b8a-8508-1150e238c472,Xenon Lamp,802,nm,absorbance,511.13737397355425
516.789,13.172982,d37b79a3-8c4f-4b8a-8508-1150e238c472,Xenon Lamp,803,nm,absorbance,511.34283969281154
516.997,13.824243,d37b79a3-8c4f-4b8a-8508-1150e238c472,Xenon Lamp,804,nm,absorbance,511.54929800008455
517.205,17.474721,d37b79a3-8c4f-4b8a-8508-1150e238c472,Xenon Lamp,805,nm,absorbance,511.7557563073577
517.412,14.262954,d37b79a3-8c4f-4b8a-8508-1150e238c472,Xenon Lamp,806,nm,absorbance,511.96122202661496
517.62,14.396877,d37b79a3-8c4f-4b8a-8508-1150e238c472,Xenon Lamp,807,nm,absorbance,512.1676803338879
517.827,12.945855,d37b79a3-8c4f-4b8a-8508-1150e238c472,Xenon Lamp,808,nm,absorbance,512.3731460531453
518.035,12.903674,d37b79a3-8c4f-4b8a-8508-1150e238c472,Xenon Lamp,809,nm,absorbance,512.5796043604183
518.243,10.759442000000002,d37b79a3-8c4f-4b8a-8508-1150e238c472,Xenon Lamp,810,nm,absorbance,512.7860626676915
518.45,11.574358,d37b79a3-8c4f-4b8a-8508-1150e238c472,Xenon Lamp,811,nm,absorbance,512.9915283869487
518.658,10.170096,d37b79a3-8c4f-4b8a-8508-1150e238c472,Xenon Lamp,812,nm,absorbance,513.1979866942218
518.865,12.857910999999998,d37b79a3-8c4f-4b8a-8508-1150e238c472,Xenon Lamp,813,nm,absorbance,513.403452413479
519.073,12.071550999999998,d37b79a3-8c4f-4b8a-8508-1150e238c472,Xenon Lamp,814,nm,absorbance,513.609910720752
519.28,14.734879,d37b79a3-8c4f-4b8a-8508-1150e238c472,Xenon Lamp,815,nm,absorbance,513.8153764400095
519.488,10.607998,d37b79a3-8c4f-4b8a-8508-1150e238c472,Xenon Lamp,816,nm,absorbance,514.0218347472826
519.695,14.66372,d37b79a3-8c4f-4b8a-8508-1150e238c472,Xenon Lamp,817,nm,absorbance,514.2273004665399
519.902,13.157649,d37b79a3-8c4f-4b8a-8508-1150e238c472,Xenon Lamp,818,nm,absorbance,514.4327661857972
520.11,15.431504999999998,d37b79a3-8c4f-4b8a-8508-1150e238c472,Xenon Lamp,819,nm,absorbance,514.6392244930702
520.317,12.830204999999998,d37b79a3-8c4f-4b8a-8508-1150e238c472,Xenon Lamp,820,nm,absorbance,514.8446902123275
520.525,11.509635,d37b79a3-8c4f-4b8a-8508-1150e238c472,Xenon Lamp,821,nm,absorbance,515.0511485196005
520.732,12.395727999999998,d37b79a3-8c4f-4b8a-8508-1150e238c472,Xenon Lamp,822,nm,absorbance,515.2566142388579
520.939,15.389418999999998,d37b79a3-8c4f-4b8a-8508-1150e238c472,Xenon Lamp,823,nm,absorbance,515.4620799581152
521.147,18.44789,d37b79a3-8c4f-4b8a-8508-1150e238c472,Xenon Lamp,824,nm,absorbance,515.6685382653883
521.354,19.683806999999995,d37b79a3-8c4f-4b8a-8508-1150e238c472,Xenon Lamp,825,nm,absorbance,515.8740039846456
521.561,16.003652,d37b79a3-8c4f-4b8a-8508-1150e238c472,Xenon Lamp,826,nm,absorbance,516.0794697039029
521.769,15.061169,d37b79a3-8c4f-4b8a-8508-1150e238c472,Xenon Lamp,827,nm,absorbance,516.2859280111759
521.976,12.206908,d37b79a3-8c4f-4b8a-8508-1150e238c472,Xenon Lamp,828,nm,absorbance,516.4913937304333
522.183,10.812133,d37b79a3-8c4f-4b8a-8508-1150e238c472,Xenon Lamp,829,nm,absorbance,516.6968594496906
522.391,11.017288,d37b79a3-8c4f-4b8a-8508-1150e238c472,Xenon Lamp,830,nm,absorbance,516.9033177569636
522.598,12.454458,d37b79a3-8c4f-4b8a-8508-1150e238c472,Xenon Lamp,831,nm,absorbance,517.1087834762209
522.805,14.843194999999998,d37b79a3-8c4f-4b8a-8508-1150e238c472,Xenon Lamp,832,nm,absorbance,517.3142491954782
523.012,12.062445,d37b79a3-8c4f-4b8a-8508-1150e238c472,Xenon Lamp,833,nm,absorbance,517.5197149147355
523.219,11.939413,d37b79a3-8c4f-4b8a-8508-1150e238c472,Xenon Lamp,834,nm,absorbance,517.725180633993
523.427,8.483977,d37b79a3-8c4f-4b8a-8508-1150e238c472,Xenon Lamp,835,nm,absorbance,517.931638941266
523.634,12.106518,d37b79a3-8c4f-4b8a-8508-1150e238c472,Xenon Lamp,836,nm,absorbance,518.1371046605233
523.841,9.752497000000002,d37b79a3-8c4f-4b8a-8508-1150e238c472,Xenon Lamp,837,nm,absorbance,518.3425703797806
524.048,13.609302999999995,d37b79a3-8c4f-4b8a-8508-1150e238c472,Xenon Lamp,838,nm,absorbance,518.5480360990379
524.255,12.339109,d37b79a3-8c4f-4b8a-8508-1150e238c472,Xenon Lamp,839,nm,absorbance,518.7535018182951
524.462,12.054889,d37b79a3-8c4f-4b8a-8508-1150e238c472,Xenon Lamp,840,nm,absorbance,518.9589675375526
524.669,10.358286,d37b79a3-8c4f-4b8a-8508-1150e238c472,Xenon Lamp,841,nm,absorbance,519.1644332568098
524.877,13.68083,d37b79a3-8c4f-4b8a-8508-1150e238c472,Xenon Lamp,842,nm,absorbance,519.3708915640829
525.084,16.514586,d37b79a3-8c4f-4b8a-8508-1150e238c472,Xenon Lamp,843,nm,absorbance,519.5763572833401
525.291,16.475759,d37b79a3-8c4f-4b8a-8508-1150e238c472,Xenon Lamp,844,nm,absorbance,519.7818230025975
525.498,14.761059,d37b79a3-8c4f-4b8a-8508-1150e238c472,Xenon Lamp,845,nm,absorbance,519.9872887218548
525.705,15.437860999999998,d37b79a3-8c4f-4b8a-8508-1150e238c472,Xenon Lamp,846,nm,absorbance,520.1927544411122
525.912,13.850897,d37b79a3-8c4f-4b8a-8508-1150e238c472,Xenon Lamp,847,nm,absorbance,520.3982201603695
526.119,13.268249000000004,d37b79a3-8c4f-4b8a-8508-1150e238c472,Xenon Lamp,848,nm,absorbance,520.6036858796268
526.326,9.04507,d37b79a3-8c4f-4b8a-8508-1150e238c472,Xenon Lamp,849,nm,absorbance,520.8091515988841
526.533,13.821167,d37b79a3-8c4f-4b8a-8508-1150e238c472,Xenon Lamp,850,nm,absorbance,521.0146173181414
526.74,14.540587,d37b79a3-8c4f-4b8a-8508-1150e238c472,Xenon Lamp,851,nm,absorbance,521.2200830373988
526.947,14.087743,d37b79a3-8c4f-4b8a-8508-1150e238c472,Xenon Lamp,852,nm,absorbance,521.4255487566561
527.153,16.050295000000002,d37b79a3-8c4f-4b8a-8508-1150e238c472,Xenon Lamp,853,nm,absorbance,521.6300218878977
527.36,11.170912,d37b79a3-8c4f-4b8a-8508-1150e238c472,Xenon Lamp,854,nm,absorbance,521.835487607155
527.567,20.125288,d37b79a3-8c4f-4b8a-8508-1150e238c472,Xenon Lamp,855,nm,absorbance,522.0409533264123
527.774,13.487659,d37b79a3-8c4f-4b8a-8508-1150e238c472,Xenon Lamp,856,nm,absorbance,522.2464190456697
527.981,16.699008,d37b79a3-8c4f-4b8a-8508-1150e238c472,Xenon Lamp,857,nm,absorbance,522.451884764927
528.188,11.473249,d37b79a3-8c4f-4b8a-8508-1150e238c472,Xenon Lamp,858,nm,absorbance,522.6573504841842
528.395,16.762057000000006,d37b79a3-8c4f-4b8a-8508-1150e238c472,Xenon Lamp,859,nm,absorbance,522.8628162034415
528.602,16.269179,d37b79a3-8c4f-4b8a-8508-1150e238c472,Xenon Lamp,860,nm,absorbance,523.0682819226988
528.808,21.527642,d37b79a3-8c4f-4b8a-8508-1150e238c472,Xenon Lamp,861,nm,absorbance,523.2727550539405
529.015,22.895377000000003,d37b79a3-8c4f-4b8a-8508-1150e238c472,Xenon Lamp,862,nm,absorbance,523.4782207731978
529.222,19.066025,d37b79a3-8c4f-4b8a-8508-1150e238c472,Xenon Lamp,863,nm,absorbance,523.6836864924551
529.429,13.641413,d37b79a3-8c4f-4b8a-8508-1150e238c472,Xenon Lamp,864,nm,absorbance,523.8891522117124
529.635,8.512649,d37b79a3-8c4f-4b8a-8508-1150e238c472,Xenon Lamp,865,nm,absorbance,524.0936253429539
529.842,13.316026000000004,d37b79a3-8c4f-4b8a-8508-1150e238c472,Xenon Lamp,866,nm,absorbance,524.2990910622112
530.049,11.900655,d37b79a3-8c4f-4b8a-8508-1150e238c472,Xenon Lamp,867,nm,absorbance,524.5045567814686
530.256,13.955238000000003,d37b79a3-8c4f-4b8a-8508-1150e238c472,Xenon Lamp,868,nm,absorbance,524.7100225007259
530.462,14.141554,d37b79a3-8c4f-4b8a-8508-1150e238c472,Xenon Lamp,869,nm,absorbance,524.9144956319675
530.669,14.323389,d37b79a3-8c4f-4b8a-8508-1150e238c472,Xenon Lamp,870,nm,absorbance,525.1199613512248
530.876,12.862814,d37b79a3-8c4f-4b8a-8508-1150e238c472,Xenon Lamp,871,nm,absorbance,525.3254270704821
531.082,12.066472999999998,d37b79a3-8c4f-4b8a-8508-1150e238c472,Xenon Lamp,872,nm,absorbance,525.5299002017238
531.289,16.5131,d37b79a3-8c4f-4b8a-8508-1150e238c472,Xenon Lamp,873,nm,absorbance,525.735365920981
531.495,22.400453,d37b79a3-8c4f-4b8a-8508-1150e238c472,Xenon Lamp,874,nm,absorbance,525.9398390522226
531.702,23.276951,d37b79a3-8c4f-4b8a-8508-1150e238c472,Xenon Lamp,875,nm,absorbance,526.1453047714799
531.909,20.248702,d37b79a3-8c4f-4b8a-8508-1150e238c472,Xenon Lamp,876,nm,absorbance,526.3507704907373
532.115,14.936403,d37b79a3-8c4f-4b8a-8508-1150e238c472,Xenon Lamp,877,nm,absorbance,526.5552436219789
532.322,15.148459000000004,d37b79a3-8c4f-4b8a-8508-1150e238c472,Xenon Lamp,878,nm,absorbance,526.7607093412362
532.528,14.70524,d37b79a3-8c4f-4b8a-8508-1150e238c472,Xenon Lamp,879,nm,absorbance,526.9651824724777
532.735,17.971314999999997,d37b79a3-8c4f-4b8a-8508-1150e238c472,Xenon Lamp,880,nm,absorbance,527.170648191735
532.941,18.262164,d37b79a3-8c4f-4b8a-8508-1150e238c472,Xenon Lamp,881,nm,absorbance,527.3751213229767
533.148,20.567687,d37b79a3-8c4f-4b8a-8508-1150e238c472,Xenon Lamp,882,nm,absorbance,527.580587042234
533.354,18.106626,d37b79a3-8c4f-4b8a-8508-1150e238c472,Xenon Lamp,883,nm,absorbance,527.7850601734756
533.561,20.010055,d37b79a3-8c4f-4b8a-8508-1150e238c472,Xenon Lamp,884,nm,absorbance,527.9905258927329
533.767,18.982344000000005,d37b79a3-8c4f-4b8a-8508-1150e238c472,Xenon Lamp,885,nm,absorbance,528.1949990239744
533.974,20.506683,d37b79a3-8c4f-4b8a-8508-1150e238c472,Xenon Lamp,886,nm,absorbance,528.4004647432319
534.18,16.650218000000002,d37b79a3-8c4f-4b8a-8508-1150e238c472,Xenon Lamp,887,nm,absorbance,528.6049378744733
534.387,17.868087999999997,d37b79a3-8c4f-4b8a-8508-1150e238c472,Xenon Lamp,888,nm,absorbance,528.8104035937306
534.593,10.851131,d37b79a3-8c4f-4b8a-8508-1150e238c472,Xenon Lamp,889,nm,absorbance,529.0148767249722
534.799,13.168550000000002,d37b79a3-8c4f-4b8a-8508-1150e238c472,Xenon Lamp,890,nm,absorbance,529.2193498562139
535.006,14.727208,d37b79a3-8c4f-4b8a-8508-1150e238c472,Xenon Lamp,891,nm,absorbance,529.4248155754711
535.212,21.875943,d37b79a3-8c4f-4b8a-8508-1150e238c472,Xenon Lamp,892,nm,absorbance,529.6292887067127
535.418,24.627013000000005,d37b79a3-8c4f-4b8a-8508-1150e238c472,Xenon Lamp,893,nm,absorbance,529.8337618379543
535.625,22.38889,d37b79a3-8c4f-4b8a-8508-1150e238c472,Xenon Lamp,894,nm,absorbance,530.0392275572116
535.831,22.424891,d37b79a3-8c4f-4b8a-8508-1150e238c472,Xenon Lamp,895,nm,absorbance,530.2437006884533
536.037,18.005516,d37b79a3-8c4f-4b8a-8508-1150e238c472,Xenon Lamp,896,nm,absorbance,530.4481738196948
536.244,15.286048,d37b79a3-8c4f-4b8a-8508-1150e238c472,Xenon Lamp,897,nm,absorbance,530.6536395389521
536.45,15.826669,d37b79a3-8c4f-4b8a-8508-1150e238c472,Xenon Lamp,898,nm,absorbance,530.8581126701937
536.656,18.524759,d37b79a3-8c4f-4b8a-8508-1150e238c472,Xenon Lamp,899,nm,absorbance,531.0625858014353
536.862,22.496865000000003,d37b79a3-8c4f-4b8a-8508-1150e238c472,Xenon Lamp,900,nm,absorbance,531.2670589326768
537.068,18.665017,d37b79a3-8c4f-4b8a-8508-1150e238c472,Xenon Lamp,901,nm,absorbance,531.4715320639184
537.275,16.820446000000004,d37b79a3-8c4f-4b8a-8508-1150e238c472,Xenon Lamp,902,nm,absorbance,531.6769977831757
537.481,13.7323,d37b79a3-8c4f-4b8a-8508-1150e238c472,Xenon Lamp,903,nm,absorbance,531.8814709144174
537.687,16.336994999999998,d37b79a3-8c4f-4b8a-8508-1150e238c472,Xenon Lamp,904,nm,absorbance,532.085944045659
537.893,16.575989,d37b79a3-8c4f-4b8a-8508-1150e238c472,Xenon Lamp,905,nm,absorbance,532.2904171769005
538.099,21.306714999999997,d37b79a3-8c4f-4b8a-8508-1150e238c472,Xenon Lamp,906,nm,absorbance,532.4948903081421
538.305,23.583723,d37b79a3-8c4f-4b8a-8508-1150e238c472,Xenon Lamp,907,nm,absorbance,532.6993634393837
538.512,25.402878,d37b79a3-8c4f-4b8a-8508-1150e238c472,Xenon Lamp,908,nm,absorbance,532.904829158641
538.718,20.472119,d37b79a3-8c4f-4b8a-8508-1150e238c472,Xenon Lamp,909,nm,absorbance,533.1093022898825
538.924,20.356549,d37b79a3-8c4f-4b8a-8508-1150e238c472,Xenon Lamp,910,nm,absorbance,533.3137754211241
539.13,20.516725,d37b79a3-8c4f-4b8a-8508-1150e238c472,Xenon Lamp,911,nm,absorbance,533.5182485523657
539.336,22.564689,d37b79a3-8c4f-4b8a-8508-1150e238c472,Xenon Lamp,912,nm,absorbance,533.7227216836073
539.542,15.876308,d37b79a3-8c4f-4b8a-8508-1150e238c472,Xenon Lamp,913,nm,absorbance,533.9271948148489
539.748,14.331333,d37b79a3-8c4f-4b8a-8508-1150e238c472,Xenon Lamp,914,nm,absorbance,534.1316679460905
539.954,14.143074000000002,d37b79a3-8c4f-4b8a-8508-1150e238c472,Xenon Lamp,915,nm,absorbance,534.336141077332
540.16,18.190649000000004,d37b79a3-8c4f-4b8a-8508-1150e238c472,Xenon Lamp,916,nm,absorbance,534.5406142085736
540.366,14.307666000000005,d37b79a3-8c4f-4b8a-8508-1150e238c472,Xenon Lamp,917,nm,absorbance,534.7450873398152
540.572,13.585333,d37b79a3-8c4f-4b8a-8508-1150e238c472,Xenon Lamp,918,nm,absorbance,534.9495604710568
540.778,12.483401,d37b79a3-8c4f-4b8a-8508-1150e238c472,Xenon Lamp,919,nm,absorbance,535.1540336022983
540.984,18.662994,d37b79a3-8c4f-4b8a-8508-1150e238c472,Xenon Lamp,920,nm,absorbance,535.35850673354
541.19,20.311596,d37b79a3-8c4f-4b8a-8508-1150e238c472,Xenon Lamp,921,nm,absorbance,535.5629798647816
541.396,15.892973,d37b79a3-8c4f-4b8a-8508-1150e238c472,Xenon Lamp,922,nm,absorbance,535.767452996023
541.602,10.547686000000002,d37b79a3-8c4f-4b8a-8508-1150e238c472,Xenon Lamp,923,nm,absorbance,535.9719261272646
541.807,7.816753,d37b79a3-8c4f-4b8a-8508-1150e238c472,Xenon Lamp,924,nm,absorbance,536.1754066704906
542.013,13.523176,d37b79a3-8c4f-4b8a-8508-1150e238c472,Xenon Lamp,925,nm,absorbance,536.3798798017322
542.219,13.927462,d37b79a3-8c4f-4b8a-8508-1150e238c472,Xenon Lamp,926,nm,absorbance,536.5843529329737
542.425,14.593721,d37b79a3-8c4f-4b8a-8508-1150e238c472,Xenon Lamp,927,nm,absorbance,536.7888260642153
542.631,13.938662,d37b79a3-8c4f-4b8a-8508-1150e238c472,Xenon Lamp,928,nm,absorbance,536.9932991954569
542.837,15.358237,d37b79a3-8c4f-4b8a-8508-1150e238c472,Xenon Lamp,929,nm,absorbance,537.1977723266984
543.042,19.053232,d37b79a3-8c4f-4b8a-8508-1150e238c472,Xenon Lamp,930,nm,absorbance,537.4012528699243
543.248,20.828777,d37b79a3-8c4f-4b8a-8508-1150e238c472,Xenon Lamp,931,nm,absorbance,537.605726001166
543.454,23.566454,d37b79a3-8c4f-4b8a-8508-1150e238c472,Xenon Lamp,932,nm,absorbance,537.8101991324074
543.66,21.423702,d37b79a3-8c4f-4b8a-8508-1150e238c472,Xenon Lamp,933,nm,absorbance,538.014672263649
543.865,21.646871,d37b79a3-8c4f-4b8a-8508-1150e238c472,Xenon Lamp,934,nm,absorbance,538.2181528068749
544.071,20.746931,d37b79a3-8c4f-4b8a-8508-1150e238c472,Xenon Lamp,935,nm,absorbance,538.4226259381165
544.277,22.346349,d37b79a3-8c4f-4b8a-8508-1150e238c472,Xenon Lamp,936,nm,absorbance,538.6270990693581
544.483,23.611258,d37b79a3-8c4f-4b8a-8508-1150e238c472,Xenon Lamp,937,nm,absorbance,538.8315722005996
544.688,21.600020000000004,d37b79a3-8c4f-4b8a-8508-1150e238c472,Xenon Lamp,938,nm,absorbance,539.0350527438254
544.894,20.128639,d37b79a3-8c4f-4b8a-8508-1150e238c472,Xenon Lamp,939,nm,absorbance,539.2395258750671
545.1,16.418786,d37b79a3-8c4f-4b8a-8508-1150e238c472,Xenon Lamp,940,nm,absorbance,539.4439990063087
545.305,17.189183,d37b79a3-8c4f-4b8a-8508-1150e238c472,Xenon Lamp,941,nm,absorbance,539.6474795495344
545.511,15.349619999999998,d37b79a3-8c4f-4b8a-8508-1150e238c472,Xenon Lamp,942,nm,absorbance,539.8519526807761
545.716,16.987935,d37b79a3-8c4f-4b8a-8508-1150e238c472,Xenon Lamp,943,nm,absorbance,540.055433224002
545.922,16.682412,d37b79a3-8c4f-4b8a-8508-1150e238c472,Xenon Lamp,944,nm,absorbance,540.2599063552435
546.128,19.450449,d37b79a3-8c4f-4b8a-8508-1150e238c472,Xenon Lamp,945,nm,absorbance,540.4643794864851
546.333,17.450799,d37b79a3-8c4f-4b8a-8508-1150e238c472,Xenon Lamp,946,nm,absorbance,540.6678600297109
546.539,19.58277,d37b79a3-8c4f-4b8a-8508-1150e238c472,Xenon Lamp,947,nm,absorbance,540.8723331609525
546.744,16.97073,d37b79a3-8c4f-4b8a-8508-1150e238c472,Xenon Lamp,948,nm,absorbance,541.0758137041784
546.95,19.526982,d37b79a3-8c4f-4b8a-8508-1150e238c472,Xenon Lamp,949,nm,absorbance,541.2802868354199
547.155,19.219761,d37b79a3-8c4f-4b8a-8508-1150e238c472,Xenon Lamp,950,nm,absorbance,541.4837673786458
547.361,16.142916000000003,d37b79a3-8c4f-4b8a-8508-1150e238c472,Xenon Lamp,951,nm,absorbance,541.6882405098874
547.566,15.955339999999998,d37b79a3-8c4f-4b8a-8508-1150e238c472,Xenon Lamp,952,nm,absorbance,541.8917210531132
547.772,12.937326000000002,d37b79a3-8c4f-4b8a-8508-1150e238c472,Xenon Lamp,953,nm,absorbance,542.0961941843549
547.977,14.744550999999998,d37b79a3-8c4f-4b8a-8508-1150e238c472,Xenon Lamp,954,nm,absorbance,542.2996747275806
548.182,15.126782,d37b79a3-8c4f-4b8a-8508-1150e238c472,Xenon Lamp,955,nm,absorbance,542.5031552708065
548.388,17.347511,d37b79a3-8c4f-4b8a-8508-1150e238c472,Xenon Lamp,956,nm,absorbance,542.707628402048
548.593,17.896815,d37b79a3-8c4f-4b8a-8508-1150e238c472,Xenon Lamp,957,nm,absorbance,542.9111089452739
548.799,17.303375000000003,d37b79a3-8c4f-4b8a-8508-1150e238c472,Xenon Lamp,958,nm,absorbance,543.1155820765155
549.004,15.820236999999995,d37b79a3-8c4f-4b8a-8508-1150e238c472,Xenon Lamp,959,nm,absorbance,543.3190626197413
549.209,15.445842000000004,d37b79a3-8c4f-4b8a-8508-1150e238c472,Xenon Lamp,960,nm,absorbance,543.5225431629672
549.415,13.173233000000002,d37b79a3-8c4f-4b8a-8508-1150e238c472,Xenon Lamp,961,nm,absorbance,543.7270162942087
549.62,17.676601999999995,d37b79a3-8c4f-4b8a-8508-1150e238c472,Xenon Lamp,962,nm,absorbance,543.9304968374346
549.825,18.585293,d37b79a3-8c4f-4b8a-8508-1150e238c472,Xenon Lamp,963,nm,absorbance,544.1339773806606
550.031,22.937541000000003,d37b79a3-8c4f-4b8a-8508-1150e238c472,Xenon Lamp,964,nm,absorbance,544.338450511902
550.236,22.719608,d37b79a3-8c4f-4b8a-8508-1150e238c472,Xenon Lamp,965,nm,absorbance,544.5419310551279
550.441,26.868659,d37b79a3-8c4f-4b8a-8508-1150e238c472,Xenon Lamp,966,nm,absorbance,544.7454115983537
550.646,24.563413,d37b79a3-8c4f-4b8a-8508-1150e238c472,Xenon Lamp,967,nm,absorbance,544.9488921415796
550.852,22.674533,d37b79a3-8c4f-4b8a-8508-1150e238c472,Xenon Lamp,968,nm,absorbance,545.1533652728211
551.057,20.831525000000003,d37b79a3-8c4f-4b8a-8508-1150e238c472,Xenon Lamp,969,nm,absorbance,545.356845816047
551.262,21.893359,d37b79a3-8c4f-4b8a-8508-1150e238c472,Xenon Lamp,970,nm,absorbance,545.5603263592728
551.467,21.570403,d37b79a3-8c4f-4b8a-8508-1150e238c472,Xenon Lamp,971,nm,absorbance,545.7638069024987
551.672,12.369229999999998,d37b79a3-8c4f-4b8a-8508-1150e238c472,Xenon Lamp,972,nm,absorbance,545.9672874457245
551.878,8.987923,d37b79a3-8c4f-4b8a-8508-1150e238c472,Xenon Lamp,973,nm,absorbance,546.1717605769662
552.083,6.791399,d37b79a3-8c4f-4b8a-8508-1150e238c472,Xenon Lamp,974,nm,absorbance,546.375241120192
552.288,8.811865,d37b79a3-8c4f-4b8a-8508-1150e238c472,Xenon Lamp,975,nm,absorbance,546.5787216634178
552.493,6.588375999999999,d37b79a3-8c4f-4b8a-8508-1150e238c472,Xenon Lamp,976,nm,absorbance,546.7822022066437
552.698,7.963413999999998,d37b79a3-8c4f-4b8a-8508-1150e238c472,Xenon Lamp,977,nm,absorbance,546.9856827498695
552.903,11.8887,d37b79a3-8c4f-4b8a-8508-1150e238c472,Xenon Lamp,978,nm,absorbance,547.1891632930954
553.108,12.552007,d37b79a3-8c4f-4b8a-8508-1150e238c472,Xenon Lamp,979,nm,absorbance,547.3926438363211
553.313,15.426413,d37b79a3-8c4f-4b8a-8508-1150e238c472,Xenon Lamp,980,nm,absorbance,547.5961243795471
553.518,17.408377,d37b79a3-8c4f-4b8a-8508-1150e238c472,Xenon Lamp,981,nm,absorbance,547.7996049227729
553.723,21.810714,d37b79a3-8c4f-4b8a-8508-1150e238c472,Xenon Lamp,982,nm,absorbance,548.0030854659987
553.928,20.963054,d37b79a3-8c4f-4b8a-8508-1150e238c472,Xenon Lamp,983,nm,absorbance,548.2065660092246
554.133,18.395315,d37b79a3-8c4f-4b8a-8508-1150e238c472,Xenon Lamp,984,nm,absorbance,548.4100465524505
554.338,14.040802,d37b79a3-8c4f-4b8a-8508-1150e238c472,Xenon Lamp,985,nm,absorbance,548.6135270956762
554.543,12.556261,d37b79a3-8c4f-4b8a-8508-1150e238c472,Xenon Lamp,986,nm,absorbance,548.8170076389022
554.748,11.018641000000002,d37b79a3-8c4f-4b8a-8508-1150e238c472,Xenon Lamp,987,nm,absorbance,549.020488182128
554.953,17.680585,d37b79a3-8c4f-4b8a-8508-1150e238c472,Xenon Lamp,988,nm,absorbance,549.2239687253538
555.158,20.059146,d37b79a3-8c4f-4b8a-8508-1150e238c472,Xenon Lamp,989,nm,absorbance,549.4274492685797
555.363,21.212064000000005,d37b79a3-8c4f-4b8a-8508-1150e238c472,Xenon Lamp,990,nm,absorbance,549.6309298118056
555.568,15.390038,d37b79a3-8c4f-4b8a-8508-1150e238c472,Xenon Lamp,991,nm,absorbance,549.8344103550313
555.773,9.144373,d37b79a3-8c4f-4b8a-8508-1150e238c472,Xenon Lamp,992,nm,absorbance,550.0378908982573
555.978,6.80227,d37b79a3-8c4f-4b8a-8508-1150e238c472,Xenon Lamp,993,nm,absorbance,550.241371441483
556.182,9.953058,d37b79a3-8c4f-4b8a-8508-1150e238c472,Xenon Lamp,994,nm,absorbance,550.4438593966931
556.387,10.363653,d37b79a3-8c4f-4b8a-8508-1150e238c472,Xenon Lamp,995,nm,absorbance,550.647339939919
556.592,9.665834,d37b79a3-8c4f-4b8a-8508-1150e238c472,Xenon Lamp,996,nm,absorbance,550.8508204831448
556.797,4.292888,d37b79a3-8c4f-4b8a-8508-1150e238c472,Xenon Lamp,997,nm,absorbance,551.0543010263707
557.002,2.408784,d37b79a3-8c4f-4b8a-8508-1150e238c472,Xenon Lamp,998,nm,absorbance,551.2577815695964
557.206,9.638657,d37b79a3-8c4f-4b8a-8508-1150e238c472,Xenon Lamp,999,nm,absorbance,551.4602695248067
557.411,14.78994,d37b79a3-8c4f-4b8a-8508-1150e238c472,Xenon Lamp,1000,nm,absorbance,551.6637500680324
557.616,21.27679,d37b79a3-8c4f-4b8a-8508-1150e238c472,Xenon Lamp,1001,nm,absorbance,551.8672306112583
557.821,20.266566,d37b79a3-8c4f-4b8a-8508-1150e238c472,Xenon Lamp,1002,nm,absorbance,552.0707111544842
558.025,14.808686,d37b79a3-8c4f-4b8a-8508-1150e238c472,Xenon Lamp,1003,nm,absorbance,552.2731991096942
558.23,10.767962,d37b79a3-8c4f-4b8a-8508-1150e238c472,Xenon Lamp,1004,nm,absorbance,552.4766796529202
558.435,6.979356,d37b79a3-8c4f-4b8a-8508-1150e238c472,Xenon Lamp,1005,nm,absorbance,552.680160196146
558.64,10.974578,d37b79a3-8c4f-4b8a-8508-1150e238c472,Xenon Lamp,1006,nm,absorbance,552.8836407393718
558.844,7.410888,d37b79a3-8c4f-4b8a-8508-1150e238c472,Xenon Lamp,1007,nm,absorbance,553.086128694582
559.049,7.131734,d37b79a3-8c4f-4b8a-8508-1150e238c472,Xenon Lamp,1008,nm,absorbance,553.2896092378078
559.253,5.34959,d37b79a3-8c4f-4b8a-8508-1150e238c472,Xenon Lamp,1009,nm,absorbance,553.4920971930179
559.458,7.643502000000001,d37b79a3-8c4f-4b8a-8508-1150e238c472,Xenon Lamp,1010,nm,absorbance,553.6955777362438
559.663,7.795742,d37b79a3-8c4f-4b8a-8508-1150e238c472,Xenon Lamp,1011,nm,absorbance,553.8990582794696
559.867,7.231689,d37b79a3-8c4f-4b8a-8508-1150e238c472,Xenon Lamp,1012,nm,absorbance,554.1015462346796
560.072,5.820925999999999,d37b79a3-8c4f-4b8a-8508-1150e238c472,Xenon Lamp,1013,nm,absorbance,554.3050267779056
560.276,5.42355,d37b79a3-8c4f-4b8a-8508-1150e238c472,Xenon Lamp,1014,nm,absorbance,554.5075147331156
560.481,6.850283999999999,d37b79a3-8c4f-4b8a-8508-1150e238c472,Xenon Lamp,1015,nm,absorbance,554.7109952763415
560.685,12.658599,d37b79a3-8c4f-4b8a-8508-1150e238c472,Xenon Lamp,1016,nm,absorbance,554.9134832315516
560.89,15.635795000000002,d37b79a3-8c4f-4b8a-8508-1150e238c472,Xenon Lamp,1017,nm,absorbance,555.1169637747774
561.094,15.206826,d37b79a3-8c4f-4b8a-8508-1150e238c472,Xenon Lamp,1018,nm,absorbance,555.3194517299876
561.299,13.685004,d37b79a3-8c4f-4b8a-8508-1150e238c472,Xenon Lamp,1019,nm,absorbance,555.5229322732134
561.503,13.522828999999998,d37b79a3-8c4f-4b8a-8508-1150e238c472,Xenon Lamp,1020,nm,absorbance,555.7254202284236
561.708,11.133819,d37b79a3-8c4f-4b8a-8508-1150e238c472,Xenon Lamp,1021,nm,absorbance,555.9289007716493
561.912,9.930681000000002,d37b79a3-8c4f-4b8a-8508-1150e238c472,Xenon Lamp,1022,nm,absorbance,556.1313887268595
562.117,8.425322,d37b79a3-8c4f-4b8a-8508-1150e238c472,Xenon Lamp,1023,nm,absorbance,556.3348692700853
562.321,12.197519000000002,d37b79a3-8c4f-4b8a-8508-1150e238c472,Xenon Lamp,1024,nm,absorbance,556.5373572252954
562.525,13.912626,d37b79a3-8c4f-4b8a-8508-1150e238c472,Xenon Lamp,1025,nm,absorbance,556.7398451805055
562.73,13.945242,d37b79a3-8c4f-4b8a-8508-1150e238c472,Xenon Lamp,1026,nm,absorbance,556.9433257237314
562.934,11.355004,d37b79a3-8c4f-4b8a-8508-1150e238c472,Xenon Lamp,1027,nm,absorbance,557.1458136789415
563.139,9.969159,d37b79a3-8c4f-4b8a-8508-1150e238c472,Xenon Lamp,1028,nm,absorbance,557.3492942221674
563.343,13.303744,d37b79a3-8c4f-4b8a-8508-1150e238c472,Xenon Lamp,1029,nm,absorbance,557.5517821773774
563.547,12.457181,d37b79a3-8c4f-4b8a-8508-1150e238c472,Xenon Lamp,1030,nm,absorbance,557.7542701325876
563.752,12.472877,d37b79a3-8c4f-4b8a-8508-1150e238c472,Xenon Lamp,1031,nm,absorbance,557.9577506758134
563.956,10.696389,d37b79a3-8c4f-4b8a-8508-1150e238c472,Xenon Lamp,1032,nm,absorbance,558.1602386310235
564.16,12.516080999999998,d37b79a3-8c4f-4b8a-8508-1150e238c472,Xenon Lamp,1033,nm,absorbance,558.3627265862336
564.364,11.293223,d37b79a3-8c4f-4b8a-8508-1150e238c472,Xenon Lamp,1034,nm,absorbance,558.5652145414438
564.569,8.324328,d37b79a3-8c4f-4b8a-8508-1150e238c472,Xenon Lamp,1035,nm,absorbance,558.7686950846695
564.773,9.203649,d37b79a3-8c4f-4b8a-8508-1150e238c472,Xenon Lamp,1036,nm,absorbance,558.9711830398797
564.977,8.099281999999999,d37b79a3-8c4f-4b8a-8508-1150e238c472,Xenon Lamp,1037,nm,absorbance,559.1736709950898
565.181,12.363024,d37b79a3-8c4f-4b8a-8508-1150e238c472,Xenon Lamp,1038,nm,absorbance,559.3761589503
565.385,13.617881999999998,d37b79a3-8c4f-4b8a-8508-1150e238c472,Xenon Lamp,1039,nm,absorbance,559.57864690551
565.59,16.711565,d37b79a3-8c4f-4b8a-8508-1150e238c472,Xenon Lamp,1040,nm,absorbance,559.7821274487359
565.794,16.583776,d37b79a3-8c4f-4b8a-8508-1150e238c472,Xenon Lamp,1041,nm,absorbance,559.984615403946
565.998,10.032788,d37b79a3-8c4f-4b8a-8508-1150e238c472,Xenon Lamp,1042,nm,absorbance,560.1871033591561
566.202,10.488875,d37b79a3-8c4f-4b8a-8508-1150e238c472,Xenon Lamp,1043,nm,absorbance,560.3895913143662
566.406,9.485579,d37b79a3-8c4f-4b8a-8508-1150e238c472,Xenon Lamp,1044,nm,absorbance,560.5920792695763
566.61,8.123818,d37b79a3-8c4f-4b8a-8508-1150e238c472,Xenon Lamp,1045,nm,absorbance,560.7945672247864
566.814,3.218474,d37b79a3-8c4f-4b8a-8508-1150e238c472,Xenon Lamp,1046,nm,absorbance,560.9970551799966
567.018,5.707932,d37b79a3-8c4f-4b8a-8508-1150e238c472,Xenon Lamp,1047,nm,absorbance,561.1995431352067
567.222,11.710673,d37b79a3-8c4f-4b8a-8508-1150e238c472,Xenon Lamp,1048,nm,absorbance,561.4020310904167
567.426,13.249717,d37b79a3-8c4f-4b8a-8508-1150e238c472,Xenon Lamp,1049,nm,absorbance,561.604519045627
567.63,7.42348,d37b79a3-8c4f-4b8a-8508-1150e238c472,Xenon Lamp,1050,nm,absorbance,561.807007000837
567.834,5.741304,d37b79a3-8c4f-4b8a-8508-1150e238c472,Xenon Lamp,1051,nm,absorbance,562.009494956047
568.038,10.355187,d37b79a3-8c4f-4b8a-8508-1150e238c472,Xenon Lamp,1052,nm,absorbance,562.2119829112572
568.242,15.048256,d37b79a3-8c4f-4b8a-8508-1150e238c472,Xenon Lamp,1053,nm,absorbance,562.4144708664672
568.446,17.102243,d37b79a3-8c4f-4b8a-8508-1150e238c472,Xenon Lamp,1054,nm,absorbance,562.6169588216775
568.65,15.160113,d37b79a3-8c4f-4b8a-8508-1150e238c472,Xenon Lamp,1055,nm,absorbance,562.8194467768875
568.854,11.506102,d37b79a3-8c4f-4b8a-8508-1150e238c472,Xenon Lamp,1056,nm,absorbance,563.0219347320976
569.058,15.202519,d37b79a3-8c4f-4b8a-8508-1150e238c472,Xenon Lamp,1057,nm,absorbance,563.2244226873078
569.262,13.013396999999998,d37b79a3-8c4f-4b8a-8508-1150e238c472,Xenon Lamp,1058,nm,absorbance,563.4269106425178
569.466,13.029187,d37b79a3-8c4f-4b8a-8508-1150e238c472,Xenon Lamp,1059,nm,absorbance,563.6293985977279
569.67,5.017223,d37b79a3-8c4f-4b8a-8508-1150e238c472,Xenon Lamp,1060,nm,absorbance,563.831886552938
569.874,7.539617,d37b79a3-8c4f-4b8a-8508-1150e238c472,Xenon Lamp,1061,nm,absorbance,564.0343745081482
570.078,8.414534,d37b79a3-8c4f-4b8a-8508-1150e238c472,Xenon Lamp,1062,nm,absorbance,564.2368624633583
570.281,10.252939,d37b79a3-8c4f-4b8a-8508-1150e238c472,Xenon Lamp,1063,nm,absorbance,564.4383578305526
570.485,7.573103999999999,d37b79a3-8c4f-4b8a-8508-1150e238c472,Xenon Lamp,1064,nm,absorbance,564.6408457857627
570.689,8.295682,d37b79a3-8c4f-4b8a-8508-1150e238c472,Xenon Lamp,1065,nm,absorbance,564.8433337409729
570.893,11.695569,d37b79a3-8c4f-4b8a-8508-1150e238c472,Xenon Lamp,1066,nm,absorbance,565.045821696183
571.097,14.583417,d37b79a3-8c4f-4b8a-8508-1150e238c472,Xenon Lamp,1067,nm,absorbance,565.2483096513931
571.3,16.014445000000002,d37b79a3-8c4f-4b8a-8508-1150e238c472,Xenon Lamp,1068,nm,absorbance,565.4498050185874
571.504,12.265342,d37b79a3-8c4f-4b8a-8508-1150e238c472,Xenon Lamp,1069,nm,absorbance,565.6522929737976
571.708,11.288557,d37b79a3-8c4f-4b8a-8508-1150e238c472,Xenon Lamp,1070,nm,absorbance,565.8547809290077
571.912,8.866899,d37b79a3-8c4f-4b8a-8508-1150e238c472,Xenon Lamp,1071,nm,absorbance,566.0572688842178
572.115,10.138310999999998,d37b79a3-8c4f-4b8a-8508-1150e238c472,Xenon Lamp,1072,nm,absorbance,566.2587642514122
572.319,11.657202,d37b79a3-8c4f-4b8a-8508-1150e238c472,Xenon Lamp,1073,nm,absorbance,566.4612522066222
572.523,10.421589,d37b79a3-8c4f-4b8a-8508-1150e238c472,Xenon Lamp,1074,nm,absorbance,566.6637401618324
572.726,12.106266000000002,d37b79a3-8c4f-4b8a-8508-1150e238c472,Xenon Lamp,1075,nm,absorbance,566.8652355290268
572.93,4.824990999999999,d37b79a3-8c4f-4b8a-8508-1150e238c472,Xenon Lamp,1076,nm,absorbance,567.0677234842368
573.133,2.605529,d37b79a3-8c4f-4b8a-8508-1150e238c472,Xenon Lamp,1077,nm,absorbance,567.2692188514313
573.337,0.8782160000000001,d37b79a3-8c4f-4b8a-8508-1150e238c472,Xenon Lamp,1078,nm,absorbance,567.4717068066414
573.541,8.761444,d37b79a3-8c4f-4b8a-8508-1150e238c472,Xenon Lamp,1079,nm,absorbance,567.6741947618515
573.744,8.513674000000002,d37b79a3-8c4f-4b8a-8508-1150e238c472,Xenon Lamp,1080,nm,absorbance,567.8756901290459
573.948,11.157134,d37b79a3-8c4f-4b8a-8508-1150e238c472,Xenon Lamp,1081,nm,absorbance,568.0781780842559
574.151,5.912933999999999,d37b79a3-8c4f-4b8a-8508-1150e238c472,Xenon Lamp,1082,nm,absorbance,568.2796734514503
574.355,6.496217999999999,d37b79a3-8c4f-4b8a-8508-1150e238c472,Xenon Lamp,1083,nm,absorbance,568.4821614066605
574.558,7.954195000000001,d37b79a3-8c4f-4b8a-8508-1150e238c472,Xenon Lamp,1084,nm,absorbance,568.6836567738549
574.762,8.791370000000002,d37b79a3-8c4f-4b8a-8508-1150e238c472,Xenon Lamp,1085,nm,absorbance,568.8861447290649
574.965,14.77304,d37b79a3-8c4f-4b8a-8508-1150e238c472,Xenon Lamp,1086,nm,absorbance,569.0876400962593
575.169,14.525734,d37b79a3-8c4f-4b8a-8508-1150e238c472,Xenon Lamp,1087,nm,absorbance,569.2901280514694
575.372,14.682902000000002,d37b79a3-8c4f-4b8a-8508-1150e238c472,Xenon Lamp,1088,nm,absorbance,569.4916234186637
575.576,13.188822999999996,d37b79a3-8c4f-4b8a-8508-1150e238c472,Xenon Lamp,1089,nm,absorbance,569.694111373874
575.779,8.650319000000001,d37b79a3-8c4f-4b8a-8508-1150e238c472,Xenon Lamp,1090,nm,absorbance,569.8956067410683
575.983,11.276457,d37b79a3-8c4f-4b8a-8508-1150e238c472,Xenon Lamp,1091,nm,absorbance,570.0980946962783
576.186,3.5758920000000005,d37b79a3-8c4f-4b8a-8508-1150e238c472,Xenon Lamp,1092,nm,absorbance,570.2995900634728
576.389,6.972472000000001,d37b79a3-8c4f-4b8a-8508-1150e238c472,Xenon Lamp,1093,nm,absorbance,570.5010854306671
576.593,5.2510650000000005,d37b79a3-8c4f-4b8a-8508-1150e238c472,Xenon Lamp,1094,nm,absorbance,570.7035733858772
576.796,12.575699,d37b79a3-8c4f-4b8a-8508-1150e238c472,Xenon Lamp,1095,nm,absorbance,570.9050687530716
577.0,13.322122000000002,d37b79a3-8c4f-4b8a-8508-1150e238c472,Xenon Lamp,1096,nm,absorbance,571.1075567082818
577.203,12.82152,d37b79a3-8c4f-4b8a-8508-1150e238c472,Xenon Lamp,1097,nm,absorbance,571.3090520754761
577.406,10.202398,d37b79a3-8c4f-4b8a-8508-1150e238c472,Xenon Lamp,1098,nm,absorbance,571.5105474426704
577.609,11.005833,d37b79a3-8c4f-4b8a-8508-1150e238c472,Xenon Lamp,1099,nm,absorbance,571.7120428098649
577.813,16.855325999999998,d37b79a3-8c4f-4b8a-8508-1150e238c472,Xenon Lamp,1100,nm,absorbance,571.9145307650749
578.016,18.308768,d37b79a3-8c4f-4b8a-8508-1150e238c472,Xenon Lamp,1101,nm,absorbance,572.1160261322693
578.219,15.354204,d37b79a3-8c4f-4b8a-8508-1150e238c472,Xenon Lamp,1102,nm,absorbance,572.3175214994637
578.423,11.990532,d37b79a3-8c4f-4b8a-8508-1150e238c472,Xenon Lamp,1103,nm,absorbance,572.5200094546739
578.626,7.916993,d37b79a3-8c4f-4b8a-8508-1150e238c472,Xenon Lamp,1104,nm,absorbance,572.7215048218682
578.829,7.398505,d37b79a3-8c4f-4b8a-8508-1150e238c472,Xenon Lamp,1105,nm,absorbance,572.9230001890625
579.032,4.355152,d37b79a3-8c4f-4b8a-8508-1150e238c472,Xenon Lamp,1106,nm,absorbance,573.124495556257
579.235,8.971734,d37b79a3-8c4f-4b8a-8508-1150e238c472,Xenon Lamp,1107,nm,absorbance,573.3259909234513
579.438,10.250086,d37b79a3-8c4f-4b8a-8508-1150e238c472,Xenon Lamp,1108,nm,absorbance,573.5274862906457
579.642,9.376963,d37b79a3-8c4f-4b8a-8508-1150e238c472,Xenon Lamp,1109,nm,absorbance,573.7299742458558
579.845,7.849288000000001,d37b79a3-8c4f-4b8a-8508-1150e238c472,Xenon Lamp,1110,nm,absorbance,573.9314696130502
580.048,7.041999999999999,d37b79a3-8c4f-4b8a-8508-1150e238c472,Xenon Lamp,1111,nm,absorbance,574.1329649802445
580.251,11.238826,d37b79a3-8c4f-4b8a-8508-1150e238c472,Xenon Lamp,1112,nm,absorbance,574.334460347439
580.454,11.229597,d37b79a3-8c4f-4b8a-8508-1150e238c472,Xenon Lamp,1113,nm,absorbance,574.5359557146332
580.657,12.034298,d37b79a3-8c4f-4b8a-8508-1150e238c472,Xenon Lamp,1114,nm,absorbance,574.7374510818277
580.86,7.917998,d37b79a3-8c4f-4b8a-8508-1150e238c472,Xenon Lamp,1115,nm,absorbance,574.9389464490221
581.063,9.046580000000002,d37b79a3-8c4f-4b8a-8508-1150e238c472,Xenon Lamp,1116,nm,absorbance,575.1404418162164
581.266,7.830071999999999,d37b79a3-8c4f-4b8a-8508-1150e238c472,Xenon Lamp,1117,nm,absorbance,575.3419371834108
581.469,7.312423999999998,d37b79a3-8c4f-4b8a-8508-1150e238c472,Xenon Lamp,1118,nm,absorbance,575.5434325506052
581.672,10.252051,d37b79a3-8c4f-4b8a-8508-1150e238c472,Xenon Lamp,1119,nm,absorbance,575.7449279177996
581.875,4.118345999999999,d37b79a3-8c4f-4b8a-8508-1150e238c472,Xenon Lamp,1120,nm,absorbance,575.9464232849939
582.078,6.412832999999999,d37b79a3-8c4f-4b8a-8508-1150e238c472,Xenon Lamp,1121,nm,absorbance,576.1479186521883
582.281,3.717008,d37b79a3-8c4f-4b8a-8508-1150e238c472,Xenon Lamp,1122,nm,absorbance,576.3494140193826
582.484,10.138637,d37b79a3-8c4f-4b8a-8508-1150e238c472,Xenon Lamp,1123,nm,absorbance,576.550909386577
582.687,8.284524999999999,d37b79a3-8c4f-4b8a-8508-1150e238c472,Xenon Lamp,1124,nm,absorbance,576.7524047537714
582.89,4.027737,d37b79a3-8c4f-4b8a-8508-1150e238c472,Xenon Lamp,1125,nm,absorbance,576.9539001209657
583.093,6.911779999999999,d37b79a3-8c4f-4b8a-8508-1150e238c472,Xenon Lamp,1126,nm,absorbance,577.1553954881601
583.296,12.967384,d37b79a3-8c4f-4b8a-8508-1150e238c472,Xenon Lamp,1127,nm,absorbance,577.3568908553545
583.499,15.467605000000002,d37b79a3-8c4f-4b8a-8508-1150e238c472,Xenon Lamp,1128,nm,absorbance,577.558386222549
583.702,8.335768000000002,d37b79a3-8c4f-4b8a-8508-1150e238c472,Xenon Lamp,1129,nm,absorbance,577.7598815897433
583.904,8.553702000000001,d37b79a3-8c4f-4b8a-8508-1150e238c472,Xenon Lamp,1130,nm,absorbance,577.960384368922
584.107,12.314376,d37b79a3-8c4f-4b8a-8508-1150e238c472,Xenon Lamp,1131,nm,absorbance,578.1618797361162
584.31,14.653603,d37b79a3-8c4f-4b8a-8508-1150e238c472,Xenon Lamp,1132,nm,absorbance,578.3633751033107
584.513,8.979475,d37b79a3-8c4f-4b8a-8508-1150e238c472,Xenon Lamp,1133,nm,absorbance,578.5648704705051
584.716,6.913003999999999,d37b79a3-8c4f-4b8a-8508-1150e238c472,Xenon Lamp,1134,nm,absorbance,578.7663658376994
584.918,13.640825,d37b79a3-8c4f-4b8a-8508-1150e238c472,Xenon Lamp,1135,nm,absorbance,578.9668686168781
585.121,14.119321000000005,d37b79a3-8c4f-4b8a-8508-1150e238c472,Xenon Lamp,1136,nm,absorbance,579.1683639840724
585.324,15.735476999999998,d37b79a3-8c4f-4b8a-8508-1150e238c472,Xenon Lamp,1137,nm,absorbance,579.3698593512668
585.527,8.652484000000001,d37b79a3-8c4f-4b8a-8508-1150e238c472,Xenon Lamp,1138,nm,absorbance,579.5713547184612
585.729,12.405892,d37b79a3-8c4f-4b8a-8508-1150e238c472,Xenon Lamp,1139,nm,absorbance,579.7718574976399
585.932,10.363563,d37b79a3-8c4f-4b8a-8508-1150e238c472,Xenon Lamp,1140,nm,absorbance,579.9733528648342
586.135,13.577172,d37b79a3-8c4f-4b8a-8508-1150e238c472,Xenon Lamp,1141,nm,absorbance,580.1748482320286
586.337,14.770964,d37b79a3-8c4f-4b8a-8508-1150e238c472,Xenon Lamp,1142,nm,absorbance,580.3753510112072
586.54,13.323064,d37b79a3-8c4f-4b8a-8508-1150e238c472,Xenon Lamp,1143,nm,absorbance,580.5768463784016
586.743,13.931302,d37b79a3-8c4f-4b8a-8508-1150e238c472,Xenon Lamp,1144,nm,absorbance,580.778341745596
586.945,9.724211,d37b79a3-8c4f-4b8a-8508-1150e238c472,Xenon Lamp,1145,nm,absorbance,580.9788445247747
587.148,11.650584,d37b79a3-8c4f-4b8a-8508-1150e238c472,Xenon Lamp,1146,nm,absorbance,581.180339891969
587.35,10.220723,d37b79a3-8c4f-4b8a-8508-1150e238c472,Xenon Lamp,1147,nm,absorbance,581.3808426711477
587.553,15.200731999999997,d37b79a3-8c4f-4b8a-8508-1150e238c472,Xenon Lamp,1148,nm,absorbance,581.582338038342
587.755,18.144761,d37b79a3-8c4f-4b8a-8508-1150e238c472,Xenon Lamp,1149,nm,absorbance,581.7828408175207
587.958,19.882764,d37b79a3-8c4f-4b8a-8508-1150e238c472,Xenon Lamp,1150,nm,absorbance,581.984336184715
588.161,20.68377,d37b79a3-8c4f-4b8a-8508-1150e238c472,Xenon Lamp,1151,nm,absorbance,582.1858315519094
588.363,18.545113,d37b79a3-8c4f-4b8a-8508-1150e238c472,Xenon Lamp,1152,nm,absorbance,582.386334331088
588.566,21.481007,d37b79a3-8c4f-4b8a-8508-1150e238c472,Xenon Lamp,1153,nm,absorbance,582.5878296982823
588.768,18.862563,d37b79a3-8c4f-4b8a-8508-1150e238c472,Xenon Lamp,1154,nm,absorbance,582.788332477461
588.971,19.497291,d37b79a3-8c4f-4b8a-8508-1150e238c472,Xenon Lamp,1155,nm,absorbance,582.9898278446553
589.173,13.751254999999995,d37b79a3-8c4f-4b8a-8508-1150e238c472,Xenon Lamp,1156,nm,absorbance,583.190330623834
589.375,12.927495,d37b79a3-8c4f-4b8a-8508-1150e238c472,Xenon Lamp,1157,nm,absorbance,583.3908334030126
589.578,11.773405,d37b79a3-8c4f-4b8a-8508-1150e238c472,Xenon Lamp,1158,nm,absorbance,583.592328770207
589.78,13.795839,d37b79a3-8c4f-4b8a-8508-1150e238c472,Xenon Lamp,1159,nm,absorbance,583.7928315493856
589.983,12.310429,d37b79a3-8c4f-4b8a-8508-1150e238c472,Xenon Lamp,1160,nm,absorbance,583.99432691658
590.185,14.048503000000002,d37b79a3-8c4f-4b8a-8508-1150e238c472,Xenon Lamp,1161,nm,absorbance,584.1948296957586
590.387,13.137451,d37b79a3-8c4f-4b8a-8508-1150e238c472,Xenon Lamp,1162,nm,absorbance,584.3953324749373
590.59,14.953132,d37b79a3-8c4f-4b8a-8508-1150e238c472,Xenon Lamp,1163,nm,absorbance,584.5968278421317
590.792,13.942535,d37b79a3-8c4f-4b8a-8508-1150e238c472,Xenon Lamp,1164,nm,absorbance,584.7973306213104
590.994,17.993305,d37b79a3-8c4f-4b8a-8508-1150e238c472,Xenon Lamp,1165,nm,absorbance,584.997833400489
591.197,20.413479,d37b79a3-8c4f-4b8a-8508-1150e238c472,Xenon Lamp,1166,nm,absorbance,585.1993287676834
591.399,19.835548,d37b79a3-8c4f-4b8a-8508-1150e238c472,Xenon Lamp,1167,nm,absorbance,585.399831546862
591.601,15.821096,d37b79a3-8c4f-4b8a-8508-1150e238c472,Xenon Lamp,1168,nm,absorbance,585.6003343260406
591.803,11.175512,d37b79a3-8c4f-4b8a-8508-1150e238c472,Xenon Lamp,1169,nm,absorbance,585.8008371052192
592.006,9.191644,d37b79a3-8c4f-4b8a-8508-1150e238c472,Xenon Lamp,1170,nm,absorbance,586.0023324724136
592.208,10.20132,d37b79a3-8c4f-4b8a-8508-1150e238c472,Xenon Lamp,1171,nm,absorbance,586.2028352515922
592.41,13.63576,d37b79a3-8c4f-4b8a-8508-1150e238c472,Xenon Lamp,1172,nm,absorbance,586.4033380307709
592.612,18.387672,d37b79a3-8c4f-4b8a-8508-1150e238c472,Xenon Lamp,1173,nm,absorbance,586.6038408099495
592.815,19.538933000000004,d37b79a3-8c4f-4b8a-8508-1150e238c472,Xenon Lamp,1174,nm,absorbance,586.805336177144
593.017,20.125943,d37b79a3-8c4f-4b8a-8508-1150e238c472,Xenon Lamp,1175,nm,absorbance,587.0058389563226
593.219,12.838694,d37b79a3-8c4f-4b8a-8508-1150e238c472,Xenon Lamp,1176,nm,absorbance,587.2063417355013
593.421,12.557223,d37b79a3-8c4f-4b8a-8508-1150e238c472,Xenon Lamp,1177,nm,absorbance,587.4068445146798
593.623,9.915244,d37b79a3-8c4f-4b8a-8508-1150e238c472,Xenon Lamp,1178,nm,absorbance,587.6073472938585
593.825,15.593484000000004,d37b79a3-8c4f-4b8a-8508-1150e238c472,Xenon Lamp,1179,nm,absorbance,587.8078500730371
594.027,16.618201,d37b79a3-8c4f-4b8a-8508-1150e238c472,Xenon Lamp,1180,nm,absorbance,588.0083528522158
594.229,15.319516000000002,d37b79a3-8c4f-4b8a-8508-1150e238c472,Xenon Lamp,1181,nm,absorbance,588.2088556313944
594.432,15.579099000000005,d37b79a3-8c4f-4b8a-8508-1150e238c472,Xenon Lamp,1182,nm,absorbance,588.4103509985888
594.634,14.166738,d37b79a3-8c4f-4b8a-8508-1150e238c472,Xenon Lamp,1183,nm,absorbance,588.6108537777674
594.836,15.620265,d37b79a3-8c4f-4b8a-8508-1150e238c472,Xenon Lamp,1184,nm,absorbance,588.8113565569461
595.038,23.917904,d37b79a3-8c4f-4b8a-8508-1150e238c472,Xenon Lamp,1185,nm,absorbance,589.0118593361246
595.24,28.503068000000003,d37b79a3-8c4f-4b8a-8508-1150e238c472,Xenon Lamp,1186,nm,absorbance,589.2123621153033
595.442,29.055224,d37b79a3-8c4f-4b8a-8508-1150e238c472,Xenon Lamp,1187,nm,absorbance,589.412864894482
595.644,22.143194,d37b79a3-8c4f-4b8a-8508-1150e238c472,Xenon Lamp,1188,nm,absorbance,589.6133676736606
595.846,15.474052,d37b79a3-8c4f-4b8a-8508-1150e238c472,Xenon Lamp,1189,nm,absorbance,589.8138704528393
596.048,18.066943,d37b79a3-8c4f-4b8a-8508-1150e238c472,Xenon Lamp,1190,nm,absorbance,590.0143732320179
596.249,16.427366,d37b79a3-8c4f-4b8a-8508-1150e238c472,Xenon Lamp,1191,nm,absorbance,590.2138834231808
596.451,19.261224,d37b79a3-8c4f-4b8a-8508-1150e238c472,Xenon Lamp,1192,nm,absorbance,590.4143862023594
596.653,14.548606,d37b79a3-8c4f-4b8a-8508-1150e238c472,Xenon Lamp,1193,nm,absorbance,590.6148889815381
596.855,16.534012999999998,d37b79a3-8c4f-4b8a-8508-1150e238c472,Xenon Lamp,1194,nm,absorbance,590.8153917607167
597.057,20.754312,d37b79a3-8c4f-4b8a-8508-1150e238c472,Xenon Lamp,1195,nm,absorbance,591.0158945398954
597.259,22.303057000000003,d37b79a3-8c4f-4b8a-8508-1150e238c472,Xenon Lamp,1196,nm,absorbance,591.216397319074
597.461,19.154582,d37b79a3-8c4f-4b8a-8508-1150e238c472,Xenon Lamp,1197,nm,absorbance,591.4169000982527
597.663,15.954057999999998,d37b79a3-8c4f-4b8a-8508-1150e238c472,Xenon Lamp,1198,nm,absorbance,591.6174028774312
597.864,18.864753,d37b79a3-8c4f-4b8a-8508-1150e238c472,Xenon Lamp,1199,nm,absorbance,591.8169130685942
598.066,17.522032,d37b79a3-8c4f-4b8a-8508-1150e238c472,Xenon Lamp,1200,nm,absorbance,592.0174158477728
598.268,19.947658000000004,d37b79a3-8c4f-4b8a-8508-1150e238c472,Xenon Lamp,1201,nm,absorbance,592.2179186269515
598.47,19.906150000000004,d37b79a3-8c4f-4b8a-8508-1150e238c472,Xenon Lamp,1202,nm,absorbance,592.41842140613
598.671,22.034489,d37b79a3-8c4f-4b8a-8508-1150e238c472,Xenon Lamp,1203,nm,absorbance,592.617931597293
598.873,15.417846999999998,d37b79a3-8c4f-4b8a-8508-1150e238c472,Xenon Lamp,1204,nm,absorbance,592.8184343764716
599.075,9.585678,d37b79a3-8c4f-4b8a-8508-1150e238c472,Xenon Lamp,1205,nm,absorbance,593.0189371556503
599.277,9.563756,d37b79a3-8c4f-4b8a-8508-1150e238c472,Xenon Lamp,1206,nm,absorbance,593.219439934829
599.478,11.752399,d37b79a3-8c4f-4b8a-8508-1150e238c472,Xenon Lamp,1207,nm,absorbance,593.4189501259917
599.68,16.991393,d37b79a3-8c4f-4b8a-8508-1150e238c472,Xenon Lamp,1208,nm,absorbance,593.6194529051704
599.882,19.956398000000004,d37b79a3-8c4f-4b8a-8508-1150e238c472,Xenon Lamp,1209,nm,absorbance,593.819955684349
600.083,23.28632,d37b79a3-8c4f-4b8a-8508-1150e238c472,Xenon Lamp,1210,nm,absorbance,594.019465875512
600.285,20.612394,d37b79a3-8c4f-4b8a-8508-1150e238c472,Xenon Lamp,1211,nm,absorbance,594.2199686546905
600.487,16.222251999999997,d37b79a3-8c4f-4b8a-8508-1150e238c472,Xenon Lamp,1212,nm,absorbance,594.4204714338692
600.688,13.347138,d37b79a3-8c4f-4b8a-8508-1150e238c472,Xenon Lamp,1213,nm,absorbance,594.6199816250321
600.89,16.037669,d37b79a3-8c4f-4b8a-8508-1150e238c472,Xenon Lamp,1214,nm,absorbance,594.8204844042108
601.091,16.745314999999998,d37b79a3-8c4f-4b8a-8508-1150e238c472,Xenon Lamp,1215,nm,absorbance,595.0199945953736
601.293,18.03051,d37b79a3-8c4f-4b8a-8508-1150e238c472,Xenon Lamp,1216,nm,absorbance,595.2204973745523
601.494,18.0557,d37b79a3-8c4f-4b8a-8508-1150e238c472,Xenon Lamp,1217,nm,absorbance,595.4200075657153
601.696,20.403993,d37b79a3-8c4f-4b8a-8508-1150e238c472,Xenon Lamp,1218,nm,absorbance,595.6205103448939
601.898,20.567027000000003,d37b79a3-8c4f-4b8a-8508-1150e238c472,Xenon Lamp,1219,nm,absorbance,595.8210131240726
602.099,19.604744000000004,d37b79a3-8c4f-4b8a-8508-1150e238c472,Xenon Lamp,1220,nm,absorbance,596.0205233152354
602.301,16.346632999999997,d37b79a3-8c4f-4b8a-8508-1150e238c472,Xenon Lamp,1221,nm,absorbance,596.2210260944141
602.502,12.600241,d37b79a3-8c4f-4b8a-8508-1150e238c472,Xenon Lamp,1222,nm,absorbance,596.4205362855769
602.703,11.577724000000002,d37b79a3-8c4f-4b8a-8508-1150e238c472,Xenon Lamp,1223,nm,absorbance,596.6200464767398
602.905,10.123277,d37b79a3-8c4f-4b8a-8508-1150e238c472,Xenon Lamp,1224,nm,absorbance,596.8205492559184
603.106,8.878860999999999,d37b79a3-8c4f-4b8a-8508-1150e238c472,Xenon Lamp,1225,nm,absorbance,597.0200594470814
603.308,6.209700000000001,d37b79a3-8c4f-4b8a-8508-1150e238c472,Xenon Lamp,1226,nm,absorbance,597.22056222626
603.509,7.611191999999998,d37b79a3-8c4f-4b8a-8508-1150e238c472,Xenon Lamp,1227,nm,absorbance,597.420072417423
603.711,8.090919999999999,d37b79a3-8c4f-4b8a-8508-1150e238c472,Xenon Lamp,1228,nm,absorbance,597.6205751966016
603.912,8.008462,d37b79a3-8c4f-4b8a-8508-1150e238c472,Xenon Lamp,1229,nm,absorbance,597.8200853877645
604.113,8.426651000000001,d37b79a3-8c4f-4b8a-8508-1150e238c472,Xenon Lamp,1230,nm,absorbance,598.0195955789275
604.315,9.530452,d37b79a3-8c4f-4b8a-8508-1150e238c472,Xenon Lamp,1231,nm,absorbance,598.220098358106
604.516,12.474718,d37b79a3-8c4f-4b8a-8508-1150e238c472,Xenon Lamp,1232,nm,absorbance,598.4196085492689
604.717,10.286836,d37b79a3-8c4f-4b8a-8508-1150e238c472,Xenon Lamp,1233,nm,absorbance,598.6191187404318
604.919,7.738733000000001,d37b79a3-8c4f-4b8a-8508-1150e238c472,Xenon Lamp,1234,nm,absorbance,598.8196215196105
605.12,8.697158,d37b79a3-8c4f-4b8a-8508-1150e238c472,Xenon Lamp,1235,nm,absorbance,599.0191317107733
605.321,10.197280000000005,d37b79a3-8c4f-4b8a-8508-1150e238c472,Xenon Lamp,1236,nm,absorbance,599.2186419019363
605.522,8.756614,d37b79a3-8c4f-4b8a-8508-1150e238c472,Xenon Lamp,1237,nm,absorbance,599.4181520930993
605.724,5.174964,d37b79a3-8c4f-4b8a-8508-1150e238c472,Xenon Lamp,1238,nm,absorbance,599.6186548722778
605.925,4.652157,d37b79a3-8c4f-4b8a-8508-1150e238c472,Xenon Lamp,1239,nm,absorbance,599.8181650634407
606.126,6.340346,d37b79a3-8c4f-4b8a-8508-1150e238c472,Xenon Lamp,1240,nm,absorbance,600.0176752546035
606.327,8.315014999999999,d37b79a3-8c4f-4b8a-8508-1150e238c472,Xenon Lamp,1241,nm,absorbance,600.2171854457665
606.528,5.793477,d37b79a3-8c4f-4b8a-8508-1150e238c472,Xenon Lamp,1242,nm,absorbance,600.4166956369294
606.729,7.785884,d37b79a3-8c4f-4b8a-8508-1150e238c472,Xenon Lamp,1243,nm,absorbance,600.6162058280923
606.931,10.675861,d37b79a3-8c4f-4b8a-8508-1150e238c472,Xenon Lamp,1244,nm,absorbance,600.816708607271
607.132,17.276970999999996,d37b79a3-8c4f-4b8a-8508-1150e238c472,Xenon Lamp,1245,nm,absorbance,601.0162187984338
607.333,17.772256,d37b79a3-8c4f-4b8a-8508-1150e238c472,Xenon Lamp,1246,nm,absorbance,601.2157289895968
607.534,15.092572,d37b79a3-8c4f-4b8a-8508-1150e238c472,Xenon Lamp,1247,nm,absorbance,601.4152391807596
607.735,10.926544,d37b79a3-8c4f-4b8a-8508-1150e238c472,Xenon Lamp,1248,nm,absorbance,601.6147493719226
607.936,9.266490999999998,d37b79a3-8c4f-4b8a-8508-1150e238c472,Xenon Lamp,1249,nm,absorbance,601.8142595630854
608.137,10.977115,d37b79a3-8c4f-4b8a-8508-1150e238c472,Xenon Lamp,1250,nm,absorbance,602.0137697542483
608.338,11.377828,d37b79a3-8c4f-4b8a-8508-1150e238c472,Xenon Lamp,1251,nm,absorbance,602.2132799454113
608.539,11.218731,d37b79a3-8c4f-4b8a-8508-1150e238c472,Xenon Lamp,1252,nm,absorbance,602.4127901365741
608.74,7.563218999999999,d37b79a3-8c4f-4b8a-8508-1150e238c472,Xenon Lamp,1253,nm,absorbance,602.6123003277371
608.941,7.761098000000001,d37b79a3-8c4f-4b8a-8508-1150e238c472,Xenon Lamp,1254,nm,absorbance,602.8118105189
609.142,9.436758,d37b79a3-8c4f-4b8a-8508-1150e238c472,Xenon Lamp,1255,nm,absorbance,603.0113207100629
609.343,10.001492000000002,d37b79a3-8c4f-4b8a-8508-1150e238c472,Xenon Lamp,1256,nm,absorbance,603.2108309012258
609.544,12.169626,d37b79a3-8c4f-4b8a-8508-1150e238c472,Xenon Lamp,1257,nm,absorbance,603.4103410923886
609.745,6.517508000000001,d37b79a3-8c4f-4b8a-8508-1150e238c472,Xenon Lamp,1258,nm,absorbance,603.6098512835516
609.946,2.49773,d37b79a3-8c4f-4b8a-8508-1150e238c472,Xenon Lamp,1259,nm,absorbance,603.8093614747145
610.147,0.2002200000000001,d37b79a3-8c4f-4b8a-8508-1150e238c472,Xenon Lamp,1260,nm,absorbance,604.0088716658775
610.348,4.765693,d37b79a3-8c4f-4b8a-8508-1150e238c472,Xenon Lamp,1261,nm,absorbance,604.2083818570402
610.549,12.019133,d37b79a3-8c4f-4b8a-8508-1150e238c472,Xenon Lamp,1262,nm,absorbance,604.4078920482032
610.75,17.502901,d37b79a3-8c4f-4b8a-8508-1150e238c472,Xenon Lamp,1263,nm,absorbance,604.6074022393661
610.95,15.912967000000004,d37b79a3-8c4f-4b8a-8508-1150e238c472,Xenon Lamp,1264,nm,absorbance,604.8059198425133
611.151,12.141303,d37b79a3-8c4f-4b8a-8508-1150e238c472,Xenon Lamp,1265,nm,absorbance,605.0054300336761
611.352,6.920988999999999,d37b79a3-8c4f-4b8a-8508-1150e238c472,Xenon Lamp,1266,nm,absorbance,605.204940224839
611.553,11.724605999999998,d37b79a3-8c4f-4b8a-8508-1150e238c472,Xenon Lamp,1267,nm,absorbance,605.404450416002
611.754,11.574243,d37b79a3-8c4f-4b8a-8508-1150e238c472,Xenon Lamp,1268,nm,absorbance,605.6039606071649
611.954,10.557115,d37b79a3-8c4f-4b8a-8508-1150e238c472,Xenon Lamp,1269,nm,absorbance,605.802478210312
612.155,5.593795,d37b79a3-8c4f-4b8a-8508-1150e238c472,Xenon Lamp,1270,nm,absorbance,606.0019884014749
612.356,4.72634,d37b79a3-8c4f-4b8a-8508-1150e238c472,Xenon Lamp,1271,nm,absorbance,606.2014985926378
612.557,8.290164,d37b79a3-8c4f-4b8a-8508-1150e238c472,Xenon Lamp,1272,nm,absorbance,606.4010087838008
612.757,10.877287,d37b79a3-8c4f-4b8a-8508-1150e238c472,Xenon Lamp,1273,nm,absorbance,606.5995263869479
612.958,11.799433,d37b79a3-8c4f-4b8a-8508-1150e238c472,Xenon Lamp,1274,nm,absorbance,606.7990365781108
613.159,10.028406999999998,d37b79a3-8c4f-4b8a-8508-1150e238c472,Xenon Lamp,1275,nm,absorbance,606.9985467692737
613.359,11.873800999999998,d37b79a3-8c4f-4b8a-8508-1150e238c472,Xenon Lamp,1276,nm,absorbance,607.1970643724209
613.56,7.064151,d37b79a3-8c4f-4b8a-8508-1150e238c472,Xenon Lamp,1277,nm,absorbance,607.3965745635837
613.761,7.840861999999999,d37b79a3-8c4f-4b8a-8508-1150e238c472,Xenon Lamp,1278,nm,absorbance,607.5960847547467
613.961,3.678809,d37b79a3-8c4f-4b8a-8508-1150e238c472,Xenon Lamp,1279,nm,absorbance,607.7946023578938
614.162,7.452669999999999,d37b79a3-8c4f-4b8a-8508-1150e238c472,Xenon Lamp,1280,nm,absorbance,607.9941125490568
614.362,10.044123,d37b79a3-8c4f-4b8a-8508-1150e238c472,Xenon Lamp,1281,nm,absorbance,608.192630152204
614.563,14.229186000000002,d37b79a3-8c4f-4b8a-8508-1150e238c472,Xenon Lamp,1282,nm,absorbance,608.3921403433668
614.764,16.116761,d37b79a3-8c4f-4b8a-8508-1150e238c472,Xenon Lamp,1283,nm,absorbance,608.5916505345298
614.964,10.001411,d37b79a3-8c4f-4b8a-8508-1150e238c472,Xenon Lamp,1284,nm,absorbance,608.7901681376769
615.165,5.549135,d37b79a3-8c4f-4b8a-8508-1150e238c472,Xenon Lamp,1285,nm,absorbance,608.9896783288398
615.365,5.978104,d37b79a3-8c4f-4b8a-8508-1150e238c472,Xenon Lamp,1286,nm,absorbance,609.188195931987
615.566,7.173983,d37b79a3-8c4f-4b8a-8508-1150e238c472,Xenon Lamp,1287,nm,absorbance,609.3877061231499
615.766,7.568429000000002,d37b79a3-8c4f-4b8a-8508-1150e238c472,Xenon Lamp,1288,nm,absorbance,609.586223726297
615.967,6.574900000000001,d37b79a3-8c4f-4b8a-8508-1150e238c472,Xenon Lamp,1289,nm,absorbance,609.7857339174599
616.167,6.454759,d37b79a3-8c4f-4b8a-8508-1150e238c472,Xenon Lamp,1290,nm,absorbance,609.9842515206071
616.368,7.477281000000002,d37b79a3-8c4f-4b8a-8508-1150e238c472,Xenon Lamp,1291,nm,absorbance,610.1837617117701
616.568,7.991848,d37b79a3-8c4f-4b8a-8508-1150e238c472,Xenon Lamp,1292,nm,absorbance,610.3822793149171
616.768,8.826086,d37b79a3-8c4f-4b8a-8508-1150e238c472,Xenon Lamp,1293,nm,absorbance,610.5807969180644
616.969,8.396457999999999,d37b79a3-8c4f-4b8a-8508-1150e238c472,Xenon Lamp,1294,nm,absorbance,610.7803071092274
617.169,4.954949,d37b79a3-8c4f-4b8a-8508-1150e238c472,Xenon Lamp,1295,nm,absorbance,610.9788247123744
617.37,4.403601,d37b79a3-8c4f-4b8a-8508-1150e238c472,Xenon Lamp,1296,nm,absorbance,611.1783349035373
617.57,8.322103000000002,d37b79a3-8c4f-4b8a-8508-1150e238c472,Xenon Lamp,1297,nm,absorbance,611.3768525066845
617.77,12.118856,d37b79a3-8c4f-4b8a-8508-1150e238c472,Xenon Lamp,1298,nm,absorbance,611.5753701098316
617.971,12.77071,d37b79a3-8c4f-4b8a-8508-1150e238c472,Xenon Lamp,1299,nm,absorbance,611.7748803009946
618.171,7.744351999999999,d37b79a3-8c4f-4b8a-8508-1150e238c472,Xenon Lamp,1300,nm,absorbance,611.9733979041417
618.371,9.412108,d37b79a3-8c4f-4b8a-8508-1150e238c472,Xenon Lamp,1301,nm,absorbance,612.1719155072889
618.571,15.274181,d37b79a3-8c4f-4b8a-8508-1150e238c472,Xenon Lamp,1302,nm,absorbance,612.3704331104361
618.772,18.992058,d37b79a3-8c4f-4b8a-8508-1150e238c472,Xenon Lamp,1303,nm,absorbance,612.569943301599
618.972,17.168000000000003,d37b79a3-8c4f-4b8a-8508-1150e238c472,Xenon Lamp,1304,nm,absorbance,612.7684609047461
619.172,13.303347000000002,d37b79a3-8c4f-4b8a-8508-1150e238c472,Xenon Lamp,1305,nm,absorbance,612.9669785078933
619.372,15.498722,d37b79a3-8c4f-4b8a-8508-1150e238c472,Xenon Lamp,1306,nm,absorbance,613.1654961110404
619.573,18.553772,d37b79a3-8c4f-4b8a-8508-1150e238c472,Xenon Lamp,1307,nm,absorbance,613.3650063022034
619.773,18.183785,d37b79a3-8c4f-4b8a-8508-1150e238c472,Xenon Lamp,1308,nm,absorbance,613.5635239053505
619.973,16.161391000000002,d37b79a3-8c4f-4b8a-8508-1150e238c472,Xenon Lamp,1309,nm,absorbance,613.7620415084976
620.173,14.562229,d37b79a3-8c4f-4b8a-8508-1150e238c472,Xenon Lamp,1310,nm,absorbance,613.9605591116449
620.373,15.426192,d37b79a3-8c4f-4b8a-8508-1150e238c472,Xenon Lamp,1311,nm,absorbance,614.159076714792
620.573,16.979584000000003,d37b79a3-8c4f-4b8a-8508-1150e238c472,Xenon Lamp,1312,nm,absorbance,614.3575943179392
620.774,19.647467,d37b79a3-8c4f-4b8a-8508-1150e238c472,Xenon Lamp,1313,nm,absorbance,614.5571045091021
620.974,18.913634,d37b79a3-8c4f-4b8a-8508-1150e238c472,Xenon Lamp,1314,nm,absorbance,614.7556221122493
621.174,20.200732,d37b79a3-8c4f-4b8a-8508-1150e238c472,Xenon Lamp,1315,nm,absorbance,614.9541397153964
621.374,21.018578999999995,d37b79a3-8c4f-4b8a-8508-1150e238c472,Xenon Lamp,1316,nm,absorbance,615.1526573185436
621.574,22.819187,d37b79a3-8c4f-4b8a-8508-1150e238c472,Xenon Lamp,1317,nm,absorbance,615.3511749216907
621.774,28.417249000000005,d37b79a3-8c4f-4b8a-8508-1150e238c472,Xenon Lamp,1318,nm,absorbance,615.549692524838
621.974,27.722472,d37b79a3-8c4f-4b8a-8508-1150e238c472,Xenon Lamp,1319,nm,absorbance,615.7482101279851
622.174,29.562898,d37b79a3-8c4f-4b8a-8508-1150e238c472,Xenon Lamp,1320,nm,absorbance,615.9467277311322
622.374,24.882762,d37b79a3-8c4f-4b8a-8508-1150e238c472,Xenon Lamp,1321,nm,absorbance,616.1452453342795
622.574,24.81176,d37b79a3-8c4f-4b8a-8508-1150e238c472,Xenon Lamp,1322,nm,absorbance,616.3437629374265
622.774,23.516923,d37b79a3-8c4f-4b8a-8508-1150e238c472,Xenon Lamp,1323,nm,absorbance,616.5422805405738
622.974,24.621381,d37b79a3-8c4f-4b8a-8508-1150e238c472,Xenon Lamp,1324,nm,absorbance,616.740798143721
623.174,27.328594,d37b79a3-8c4f-4b8a-8508-1150e238c472,Xenon Lamp,1325,nm,absorbance,616.939315746868
623.374,27.405264,d37b79a3-8c4f-4b8a-8508-1150e238c472,Xenon Lamp,1326,nm,absorbance,617.1378333500153
623.574,28.299355,d37b79a3-8c4f-4b8a-8508-1150e238c472,Xenon Lamp,1327,nm,absorbance,617.3363509531624
623.774,28.008927,d37b79a3-8c4f-4b8a-8508-1150e238c472,Xenon Lamp,1328,nm,absorbance,617.5348685563096
623.973,32.550654,d37b79a3-8c4f-4b8a-8508-1150e238c472,Xenon Lamp,1329,nm,absorbance,617.732393571441
624.173,27.418351,d37b79a3-8c4f-4b8a-8508-1150e238c472,Xenon Lamp,1330,nm,absorbance,617.9309111745882
624.373,19.822676,d37b79a3-8c4f-4b8a-8508-1150e238c472,Xenon Lamp,1331,nm,absorbance,618.1294287777354
624.573,17.682519,d37b79a3-8c4f-4b8a-8508-1150e238c472,Xenon Lamp,1332,nm,absorbance,618.3279463808825
624.773,20.517118000000004,d37b79a3-8c4f-4b8a-8508-1150e238c472,Xenon Lamp,1333,nm,absorbance,618.5264639840298
624.973,23.370482,d37b79a3-8c4f-4b8a-8508-1150e238c472,Xenon Lamp,1334,nm,absorbance,618.7249815871768
625.172,22.937014,d37b79a3-8c4f-4b8a-8508-1150e238c472,Xenon Lamp,1335,nm,absorbance,618.9225066023083
625.372,25.309059,d37b79a3-8c4f-4b8a-8508-1150e238c472,Xenon Lamp,1336,nm,absorbance,619.1210242054555
625.572,27.200076000000003,d37b79a3-8c4f-4b8a-8508-1150e238c472,Xenon Lamp,1337,nm,absorbance,619.3195418086026
625.772,22.468816,d37b79a3-8c4f-4b8a-8508-1150e238c472,Xenon Lamp,1338,nm,absorbance,619.5180594117498
625.971,21.638684,d37b79a3-8c4f-4b8a-8508-1150e238c472,Xenon Lamp,1339,nm,absorbance,619.7155844268813
626.171,19.863563,d37b79a3-8c4f-4b8a-8508-1150e238c472,Xenon Lamp,1340,nm,absorbance,619.9141020300284
626.371,20.430985,d37b79a3-8c4f-4b8a-8508-1150e238c472,Xenon Lamp,1341,nm,absorbance,620.1126196331755
626.57,19.684589,d37b79a3-8c4f-4b8a-8508-1150e238c472,Xenon Lamp,1342,nm,absorbance,620.3101446483071
626.77,20.749988,d37b79a3-8c4f-4b8a-8508-1150e238c472,Xenon Lamp,1343,nm,absorbance,620.5086622514541
626.97,21.86558,d37b79a3-8c4f-4b8a-8508-1150e238c472,Xenon Lamp,1344,nm,absorbance,620.7071798546013
627.169,17.659261,d37b79a3-8c4f-4b8a-8508-1150e238c472,Xenon Lamp,1345,nm,absorbance,620.9047048697328
627.369,20.039495,d37b79a3-8c4f-4b8a-8508-1150e238c472,Xenon Lamp,1346,nm,absorbance,621.1032224728799
627.569,23.156502,d37b79a3-8c4f-4b8a-8508-1150e238c472,Xenon Lamp,1347,nm,absorbance,621.301740076027
627.768,25.080088,d37b79a3-8c4f-4b8a-8508-1150e238c472,Xenon Lamp,1348,nm,absorbance,621.4992650911586
627.968,26.092994999999995,d37b79a3-8c4f-4b8a-8508-1150e238c472,Xenon Lamp,1349,nm,absorbance,621.6977826943056
628.167,23.363165,d37b79a3-8c4f-4b8a-8508-1150e238c472,Xenon Lamp,1350,nm,absorbance,621.8953077094371
628.367,22.668853,d37b79a3-8c4f-4b8a-8508-1150e238c472,Xenon Lamp,1351,nm,absorbance,622.0938253125843
628.566,16.758703999999998,d37b79a3-8c4f-4b8a-8508-1150e238c472,Xenon Lamp,1352,nm,absorbance,622.2913503277157
628.766,13.812192,d37b79a3-8c4f-4b8a-8508-1150e238c472,Xenon Lamp,1353,nm,absorbance,622.4898679308628
628.965,16.075116,d37b79a3-8c4f-4b8a-8508-1150e238c472,Xenon Lamp,1354,nm,absorbance,622.6873929459944
629.165,15.097216,d37b79a3-8c4f-4b8a-8508-1150e238c472,Xenon Lamp,1355,nm,absorbance,622.8859105491414
629.364,14.123338,d37b79a3-8c4f-4b8a-8508-1150e238c472,Xenon Lamp,1356,nm,absorbance,623.0834355642729
629.564,13.775595,d37b79a3-8c4f-4b8a-8508-1150e238c472,Xenon Lamp,1357,nm,absorbance,623.28195316742
629.763,14.355416000000002,d37b79a3-8c4f-4b8a-8508-1150e238c472,Xenon Lamp,1358,nm,absorbance,623.4794781825515
629.963,15.488832,d37b79a3-8c4f-4b8a-8508-1150e238c472,Xenon Lamp,1359,nm,absorbance,623.6779957856986
630.162,13.312953000000002,d37b79a3-8c4f-4b8a-8508-1150e238c472,Xenon Lamp,1360,nm,absorbance,623.8755208008301
630.362,13.355251,d37b79a3-8c4f-4b8a-8508-1150e238c472,Xenon Lamp,1361,nm,absorbance,624.0740384039772
630.561,16.420106999999998,d37b79a3-8c4f-4b8a-8508-1150e238c472,Xenon Lamp,1362,nm,absorbance,624.2715634191087
630.76,15.006389999999996,d37b79a3-8c4f-4b8a-8508-1150e238c472,Xenon Lamp,1363,nm,absorbance,624.4690884342401
630.96,15.924241000000004,d37b79a3-8c4f-4b8a-8508-1150e238c472,Xenon Lamp,1364,nm,absorbance,624.6676060373874
631.159,16.350295,d37b79a3-8c4f-4b8a-8508-1150e238c472,Xenon Lamp,1365,nm,absorbance,624.8651310525187
631.358,14.505497,d37b79a3-8c4f-4b8a-8508-1150e238c472,Xenon Lamp,1366,nm,absorbance,625.0626560676501
631.558,13.674009000000002,d37b79a3-8c4f-4b8a-8508-1150e238c472,Xenon Lamp,1367,nm,absorbance,625.2611736707973
631.757,11.620512,d37b79a3-8c4f-4b8a-8508-1150e238c472,Xenon Lamp,1368,nm,absorbance,625.4586986859287
631.956,11.277806,d37b79a3-8c4f-4b8a-8508-1150e238c472,Xenon Lamp,1369,nm,absorbance,625.6562237010602
632.155,8.712520999999999,d37b79a3-8c4f-4b8a-8508-1150e238c472,Xenon Lamp,1370,nm,absorbance,625.8537487161916
632.355,7.223003999999999,d37b79a3-8c4f-4b8a-8508-1150e238c472,Xenon Lamp,1371,nm,absorbance,626.0522663193387
632.554,12.226507000000002,d37b79a3-8c4f-4b8a-8508-1150e238c472,Xenon Lamp,1372,nm,absorbance,626.2497913344702
632.753,16.750374,d37b79a3-8c4f-4b8a-8508-1150e238c472,Xenon Lamp,1373,nm,absorbance,626.4473163496017
632.952,14.241060999999998,d37b79a3-8c4f-4b8a-8508-1150e238c472,Xenon Lamp,1374,nm,absorbance,626.6448413647331
633.152,13.10932,d37b79a3-8c4f-4b8a-8508-1150e238c472,Xenon Lamp,1375,nm,absorbance,626.8433589678802
633.351,13.037298000000002,d37b79a3-8c4f-4b8a-8508-1150e238c472,Xenon Lamp,1376,nm,absorbance,627.0408839830117
633.55,19.662493,d37b79a3-8c4f-4b8a-8508-1150e238c472,Xenon Lamp,1377,nm,absorbance,627.2384089981431
633.749,20.937826,d37b79a3-8c4f-4b8a-8508-1150e238c472,Xenon Lamp,1378,nm,absorbance,627.4359340132745
633.948,19.361817,d37b79a3-8c4f-4b8a-8508-1150e238c472,Xenon Lamp,1379,nm,absorbance,627.6334590284059
634.147,20.914924,d37b79a3-8c4f-4b8a-8508-1150e238c472,Xenon Lamp,1380,nm,absorbance,627.8309840435375
634.346,21.345779,d37b79a3-8c4f-4b8a-8508-1150e238c472,Xenon Lamp,1381,nm,absorbance,628.0285090586689
634.545,19.326524,d37b79a3-8c4f-4b8a-8508-1150e238c472,Xenon Lamp,1382,nm,absorbance,628.2260340738002
634.744,17.064538,d37b79a3-8c4f-4b8a-8508-1150e238c472,Xenon Lamp,1383,nm,absorbance,628.4235590889317
634.944,16.776819999999997,d37b79a3-8c4f-4b8a-8508-1150e238c472,Xenon Lamp,1384,nm,absorbance,628.6220766920788
635.143,20.017397,d37b79a3-8c4f-4b8a-8508-1150e238c472,Xenon Lamp,1385,nm,absorbance,628.8196017072103
635.342,23.350963,d37b79a3-8c4f-4b8a-8508-1150e238c472,Xenon Lamp,1386,nm,absorbance,629.0171267223417
635.541,23.771787,d37b79a3-8c4f-4b8a-8508-1150e238c472,Xenon Lamp,1387,nm,absorbance,629.2146517374732
635.74,26.786156,d37b79a3-8c4f-4b8a-8508-1150e238c472,Xenon Lamp,1388,nm,absorbance,629.4121767526045
635.939,22.650427,d37b79a3-8c4f-4b8a-8508-1150e238c472,Xenon Lamp,1389,nm,absorbance,629.6097017677359
636.138,20.819645,d37b79a3-8c4f-4b8a-8508-1150e238c472,Xenon Lamp,1390,nm,absorbance,629.8072267828675
636.336,19.081238000000003,d37b79a3-8c4f-4b8a-8508-1150e238c472,Xenon Lamp,1391,nm,absorbance,630.0037592099832
636.535,20.95943,d37b79a3-8c4f-4b8a-8508-1150e238c472,Xenon Lamp,1392,nm,absorbance,630.2012842251145
636.734,20.988307,d37b79a3-8c4f-4b8a-8508-1150e238c472,Xenon Lamp,1393,nm,absorbance,630.398809240246
636.933,18.339205,d37b79a3-8c4f-4b8a-8508-1150e238c472,Xenon Lamp,1394,nm,absorbance,630.5963342553774
637.132,19.248245000000004,d37b79a3-8c4f-4b8a-8508-1150e238c472,Xenon Lamp,1395,nm,absorbance,630.7938592705088
637.331,22.172178,d37b79a3-8c4f-4b8a-8508-1150e238c472,Xenon Lamp,1396,nm,absorbance,630.9913842856403
637.53,23.207870000000003,d37b79a3-8c4f-4b8a-8508-1150e238c472,Xenon Lamp,1397,nm,absorbance,631.1889093007717
637.729,22.197297,d37b79a3-8c4f-4b8a-8508-1150e238c472,Xenon Lamp,1398,nm,absorbance,631.3864343159032
637.928,16.500991,d37b79a3-8c4f-4b8a-8508-1150e238c472,Xenon Lamp,1399,nm,absorbance,631.5839593310345
638.126,15.944949,d37b79a3-8c4f-4b8a-8508-1150e238c472,Xenon Lamp,1400,nm,absorbance,631.7804917581502
638.325,14.976352999999998,d37b79a3-8c4f-4b8a-8508-1150e238c472,Xenon Lamp,1401,nm,absorbance,631.9780167732818
638.524,16.286951,d37b79a3-8c4f-4b8a-8508-1150e238c472,Xenon Lamp,1402,nm,absorbance,632.1755417884132
638.723,16.816818,d37b79a3-8c4f-4b8a-8508-1150e238c472,Xenon Lamp,1403,nm,absorbance,632.3730668035445
638.921,16.017626,d37b79a3-8c4f-4b8a-8508-1150e238c472,Xenon Lamp,1404,nm,absorbance,632.5695992306603
639.12,19.171302,d37b79a3-8c4f-4b8a-8508-1150e238c472,Xenon Lamp,1405,nm,absorbance,632.7671242457917
639.319,17.418484,d37b79a3-8c4f-4b8a-8508-1150e238c472,Xenon Lamp,1406,nm,absorbance,632.9646492609231
639.518,18.274739,d37b79a3-8c4f-4b8a-8508-1150e238c472,Xenon Lamp,1407,nm,absorbance,633.1621742760545
639.716,21.855846,d37b79a3-8c4f-4b8a-8508-1150e238c472,Xenon Lamp,1408,nm,absorbance,633.3587067031702
639.915,27.640913,d37b79a3-8c4f-4b8a-8508-1150e238c472,Xenon Lamp,1409,nm,absorbance,633.5562317183017
640.114,23.870619,d37b79a3-8c4f-4b8a-8508-1150e238c472,Xenon Lamp,1410,nm,absorbance,633.7537567334332
640.312,15.831673,d37b79a3-8c4f-4b8a-8508-1150e238c472,Xenon Lamp,1411,nm,absorbance,633.9502891605488
640.511,14.356223,d37b79a3-8c4f-4b8a-8508-1150e238c472,Xenon Lamp,1412,nm,absorbance,634.1478141756802
640.71,15.582818999999995,d37b79a3-8c4f-4b8a-8508-1150e238c472,Xenon Lamp,1413,nm,absorbance,634.3453391908117
640.908,18.134426,d37b79a3-8c4f-4b8a-8508-1150e238c472,Xenon Lamp,1414,nm,absorbance,634.5418716179274
641.107,15.744421,d37b79a3-8c4f-4b8a-8508-1150e238c472,Xenon Lamp,1415,nm,absorbance,634.7393966330587
641.305,16.803141999999998,d37b79a3-8c4f-4b8a-8508-1150e238c472,Xenon Lamp,1416,nm,absorbance,634.9359290601744
641.504,14.284426999999996,d37b79a3-8c4f-4b8a-8508-1150e238c472,Xenon Lamp,1417,nm,absorbance,635.133454075306
641.702,13.775310999999997,d37b79a3-8c4f-4b8a-8508-1150e238c472,Xenon Lamp,1418,nm,absorbance,635.3299865024217
641.901,9.036275000000002,d37b79a3-8c4f-4b8a-8508-1150e238c472,Xenon Lamp,1419,nm,absorbance,635.527511517553
642.099,7.24453,d37b79a3-8c4f-4b8a-8508-1150e238c472,Xenon Lamp,1420,nm,absorbance,635.7240439446688
642.298,7.271423,d37b79a3-8c4f-4b8a-8508-1150e238c472,Xenon Lamp,1421,nm,absorbance,635.9215689598002
642.496,12.029852,d37b79a3-8c4f-4b8a-8508-1150e238c472,Xenon Lamp,1422,nm,absorbance,636.1181013869159
642.695,11.739523,d37b79a3-8c4f-4b8a-8508-1150e238c472,Xenon Lamp,1423,nm,absorbance,636.3156264020473
642.893,9.870138999999998,d37b79a3-8c4f-4b8a-8508-1150e238c472,Xenon Lamp,1424,nm,absorbance,636.512158829163
643.092,8.126365,d37b79a3-8c4f-4b8a-8508-1150e238c472,Xenon Lamp,1425,nm,absorbance,636.7096838442944
643.29,13.83412,d37b79a3-8c4f-4b8a-8508-1150e238c472,Xenon Lamp,1426,nm,absorbance,636.9062162714101
643.489,14.441411,d37b79a3-8c4f-4b8a-8508-1150e238c472,Xenon Lamp,1427,nm,absorbance,637.1037412865415
643.687,15.082482,d37b79a3-8c4f-4b8a-8508-1150e238c472,Xenon Lamp,1428,nm,absorbance,637.3002737136572
643.885,15.241604,d37b79a3-8c4f-4b8a-8508-1150e238c472,Xenon Lamp,1429,nm,absorbance,637.496806140773
644.084,16.001895,d37b79a3-8c4f-4b8a-8508-1150e238c472,Xenon Lamp,1430,nm,absorbance,637.6943311559044
644.282,13.803593,d37b79a3-8c4f-4b8a-8508-1150e238c472,Xenon Lamp,1431,nm,absorbance,637.8908635830201
644.48,12.53856,d37b79a3-8c4f-4b8a-8508-1150e238c472,Xenon Lamp,1432,nm,absorbance,638.0873960101358
644.679,8.660417,d37b79a3-8c4f-4b8a-8508-1150e238c472,Xenon Lamp,1433,nm,absorbance,638.2849210252672
644.877,5.159964,d37b79a3-8c4f-4b8a-8508-1150e238c472,Xenon Lamp,1434,nm,absorbance,638.4814534523829
645.075,0.1507120000000004,d37b79a3-8c4f-4b8a-8508-1150e238c472,Xenon Lamp,1435,nm,absorbance,638.6779858794986
645.274,5.048278999999999,d37b79a3-8c4f-4b8a-8508-1150e238c472,Xenon Lamp,1436,nm,absorbance,638.87551089463
645.472,6.961074000000001,d37b79a3-8c4f-4b8a-8508-1150e238c472,Xenon Lamp,1437,nm,absorbance,639.0720433217457
645.67,9.97884,d37b79a3-8c4f-4b8a-8508-1150e238c472,Xenon Lamp,1438,nm,absorbance,639.2685757488614
645.868,9.46602,d37b79a3-8c4f-4b8a-8508-1150e238c472,Xenon Lamp,1439,nm,absorbance,639.4651081759771
646.067,13.497018999999998,d37b79a3-8c4f-4b8a-8508-1150e238c472,Xenon Lamp,1440,nm,absorbance,639.6626331911085
646.265,12.461356999999998,d37b79a3-8c4f-4b8a-8508-1150e238c472,Xenon Lamp,1441,nm,absorbance,639.8591656182242
646.463,10.087943,d37b79a3-8c4f-4b8a-8508-1150e238c472,Xenon Lamp,1442,nm,absorbance,640.0556980453399
646.661,4.701569,d37b79a3-8c4f-4b8a-8508-1150e238c472,Xenon Lamp,1443,nm,absorbance,640.2522304724555
646.859,5.929672,d37b79a3-8c4f-4b8a-8508-1150e238c472,Xenon Lamp,1444,nm,absorbance,640.4487628995713
647.057,0.2908190000000002,d37b79a3-8c4f-4b8a-8508-1150e238c472,Xenon Lamp,1445,nm,absorbance,640.645295326687
647.256,6.484988999999999,d37b79a3-8c4f-4b8a-8508-1150e238c472,Xenon Lamp,1446,nm,absorbance,640.8428203418184
647.454,1.606424,d37b79a3-8c4f-4b8a-8508-1150e238c472,Xenon Lamp,1447,nm,absorbance,641.0393527689341
647.652,6.117209000000001,d37b79a3-8c4f-4b8a-8508-1150e238c472,Xenon Lamp,1448,nm,absorbance,641.2358851960498
647.85,1.5397879999999995,d37b79a3-8c4f-4b8a-8508-1150e238c472,Xenon Lamp,1449,nm,absorbance,641.4324176231655
648.048,6.791377,d37b79a3-8c4f-4b8a-8508-1150e238c472,Xenon Lamp,1450,nm,absorbance,641.6289500502812
648.246,8.610890000000001,d37b79a3-8c4f-4b8a-8508-1150e238c472,Xenon Lamp,1451,nm,absorbance,641.8254824773969
648.444,10.533879,d37b79a3-8c4f-4b8a-8508-1150e238c472,Xenon Lamp,1452,nm,absorbance,642.0220149045125
648.642,8.638971000000002,d37b79a3-8c4f-4b8a-8508-1150e238c472,Xenon Lamp,1453,nm,absorbance,642.2185473316283
648.84,5.180234,d37b79a3-8c4f-4b8a-8508-1150e238c472,Xenon Lamp,1454,nm,absorbance,642.415079758744
649.038,4.876163,d37b79a3-8c4f-4b8a-8508-1150e238c472,Xenon Lamp,1455,nm,absorbance,642.6116121858597
649.236,6.0170200000000005,d37b79a3-8c4f-4b8a-8508-1150e238c472,Xenon Lamp,1456,nm,absorbance,642.8081446129754
649.434,7.806167000000002,d37b79a3-8c4f-4b8a-8508-1150e238c472,Xenon Lamp,1457,nm,absorbance,643.004677040091
649.632,13.116716000000002,d37b79a3-8c4f-4b8a-8508-1150e238c472,Xenon Lamp,1458,nm,absorbance,643.2012094672067
649.83,19.004007,d37b79a3-8c4f-4b8a-8508-1150e238c472,Xenon Lamp,1459,nm,absorbance,643.3977418943225
650.028,18.577005,d37b79a3-8c4f-4b8a-8508-1150e238c472,Xenon Lamp,1460,nm,absorbance,643.5942743214382
650.226,17.260078,d37b79a3-8c4f-4b8a-8508-1150e238c472,Xenon Lamp,1461,nm,absorbance,643.7908067485539
650.423,14.24778,d37b79a3-8c4f-4b8a-8508-1150e238c472,Xenon Lamp,1462,nm,absorbance,643.9863465876538
650.621,16.480089,d37b79a3-8c4f-4b8a-8508-1150e238c472,Xenon Lamp,1463,nm,absorbance,644.1828790147695
650.819,11.290304,d37b79a3-8c4f-4b8a-8508-1150e238c472,Xenon Lamp,1464,nm,absorbance,644.3794114418852
651.017,13.829894,d37b79a3-8c4f-4b8a-8508-1150e238c472,Xenon Lamp,1465,nm,absorbance,644.575943869001
651.215,14.409331,d37b79a3-8c4f-4b8a-8508-1150e238c472,Xenon Lamp,1466,nm,absorbance,644.7724762961166
651.413,19.230504000000003,d37b79a3-8c4f-4b8a-8508-1150e238c472,Xenon Lamp,1467,nm,absorbance,644.9690087232323
651.61,16.917741999999997,d37b79a3-8c4f-4b8a-8508-1150e238c472,Xenon Lamp,1468,nm,absorbance,645.1645485623322
651.808,21.429915,d37b79a3-8c4f-4b8a-8508-1150e238c472,Xenon Lamp,1469,nm,absorbance,645.3610809894479
652.006,17.635848000000003,d37b79a3-8c4f-4b8a-8508-1150e238c472,Xenon Lamp,1470,nm,absorbance,645.5576134165636
652.204,12.37913,d37b79a3-8c4f-4b8a-8508-1150e238c472,Xenon Lamp,1471,nm,absorbance,645.7541458436792
652.401,9.014451,d37b79a3-8c4f-4b8a-8508-1150e238c472,Xenon Lamp,1472,nm,absorbance,645.9496856827792
652.599,13.094772999999998,d37b79a3-8c4f-4b8a-8508-1150e238c472,Xenon Lamp,1473,nm,absorbance,646.146218109895
652.797,16.979413,d37b79a3-8c4f-4b8a-8508-1150e238c472,Xenon Lamp,1474,nm,absorbance,646.3427505370107
652.995,19.501913,d37b79a3-8c4f-4b8a-8508-1150e238c472,Xenon Lamp,1475,nm,absorbance,646.5392829641264
653.192,22.659483,d37b79a3-8c4f-4b8a-8508-1150e238c472,Xenon Lamp,1476,nm,absorbance,646.7348228032264
653.39,25.316303,d37b79a3-8c4f-4b8a-8508-1150e238c472,Xenon Lamp,1477,nm,absorbance,646.931355230342
653.588,21.636302,d37b79a3-8c4f-4b8a-8508-1150e238c472,Xenon Lamp,1478,nm,absorbance,647.1278876574577
653.785,17.32416,d37b79a3-8c4f-4b8a-8508-1150e238c472,Xenon Lamp,1479,nm,absorbance,647.3234274965577
653.983,16.719582,d37b79a3-8c4f-4b8a-8508-1150e238c472,Xenon Lamp,1480,nm,absorbance,647.5199599236734
654.18,19.204823,d37b79a3-8c4f-4b8a-8508-1150e238c472,Xenon Lamp,1481,nm,absorbance,647.7154997627733
654.378,21.889651,d37b79a3-8c4f-4b8a-8508-1150e238c472,Xenon Lamp,1482,nm,absorbance,647.912032189889
654.576,25.917321,d37b79a3-8c4f-4b8a-8508-1150e238c472,Xenon Lamp,1483,nm,absorbance,648.1085646170047
654.773,26.468255,d37b79a3-8c4f-4b8a-8508-1150e238c472,Xenon Lamp,1484,nm,absorbance,648.3041044561047
654.971,31.212664,d37b79a3-8c4f-4b8a-8508-1150e238c472,Xenon Lamp,1485,nm,absorbance,648.5006368832204
655.168,29.657108,d37b79a3-8c4f-4b8a-8508-1150e238c472,Xenon Lamp,1486,nm,absorbance,648.6961767223204
655.366,30.105928,d37b79a3-8c4f-4b8a-8508-1150e238c472,Xenon Lamp,1487,nm,absorbance,648.892709149436
655.563,27.083396,d37b79a3-8c4f-4b8a-8508-1150e238c472,Xenon Lamp,1488,nm,absorbance,649.088248988536
655.761,25.574158,d37b79a3-8c4f-4b8a-8508-1150e238c472,Xenon Lamp,1489,nm,absorbance,649.2847814156517
655.958,21.623545,d37b79a3-8c4f-4b8a-8508-1150e238c472,Xenon Lamp,1490,nm,absorbance,649.4803212547516
656.156,22.18202,d37b79a3-8c4f-4b8a-8508-1150e238c472,Xenon Lamp,1491,nm,absorbance,649.6768536818673
656.353,17.820186000000003,d37b79a3-8c4f-4b8a-8508-1150e238c472,Xenon Lamp,1492,nm,absorbance,649.8723935209673
656.55,22.816864,d37b79a3-8c4f-4b8a-8508-1150e238c472,Xenon Lamp,1493,nm,absorbance,650.0679333600672
656.748,14.928429999999995,d37b79a3-8c4f-4b8a-8508-1150e238c472,Xenon Lamp,1494,nm,absorbance,650.264465787183
656.945,15.102488,d37b79a3-8c4f-4b8a-8508-1150e238c472,Xenon Lamp,1495,nm,absorbance,650.460005626283
657.143,16.349984999999997,d37b79a3-8c4f-4b8a-8508-1150e238c472,Xenon Lamp,1496,nm,absorbance,650.6565380533987
657.34,18.616323,d37b79a3-8c4f-4b8a-8508-1150e238c472,Xenon Lamp,1497,nm,absorbance,650.8520778924986
657.537,24.020941,d37b79a3-8c4f-4b8a-8508-1150e238c472,Xenon Lamp,1498,nm,absorbance,651.0476177315985
657.735,20.243191,d37b79a3-8c4f-4b8a-8508-1150e238c472,Xenon Lamp,1499,nm,absorbance,651.2441501587142
657.932,21.045663,d37b79a3-8c4f-4b8a-8508-1150e238c472,Xenon Lamp,1500,nm,absorbance,651.4396899978142
658.129,16.706290000000003,d37b79a3-8c4f-4b8a-8508-1150e238c472,Xenon Lamp,1501,nm,absorbance,651.6352298369142
658.326,13.509899,d37b79a3-8c4f-4b8a-8508-1150e238c472,Xenon Lamp,1502,nm,absorbance,651.8307696760141
658.524,13.827754000000002,d37b79a3-8c4f-4b8a-8508-1150e238c472,Xenon Lamp,1503,nm,absorbance,652.0273021031298
658.721,13.766303,d37b79a3-8c4f-4b8a-8508-1150e238c472,Xenon Lamp,1504,nm,absorbance,652.2228419422297
658.918,19.45549,d37b79a3-8c4f-4b8a-8508-1150e238c472,Xenon Lamp,1505,nm,absorbance,652.4183817813297
659.115,17.825223,d37b79a3-8c4f-4b8a-8508-1150e238c472,Xenon Lamp,1506,nm,absorbance,652.6139216204297
659.313,17.253837,d37b79a3-8c4f-4b8a-8508-1150e238c472,Xenon Lamp,1507,nm,absorbance,652.8104540475454
659.51,16.53384,d37b79a3-8c4f-4b8a-8508-1150e238c472,Xenon Lamp,1508,nm,absorbance,653.0059938866453
659.707,15.510349,d37b79a3-8c4f-4b8a-8508-1150e238c472,Xenon Lamp,1509,nm,absorbance,653.2015337257453
659.904,19.127394,d37b79a3-8c4f-4b8a-8508-1150e238c472,Xenon Lamp,1510,nm,absorbance,653.3970735648452
660.101,15.672693,d37b79a3-8c4f-4b8a-8508-1150e238c472,Xenon Lamp,1511,nm,absorbance,653.5926134039452
660.298,11.502339,d37b79a3-8c4f-4b8a-8508-1150e238c472,Xenon Lamp,1512,nm,absorbance,653.7881532430451
660.496,8.844281,d37b79a3-8c4f-4b8a-8508-1150e238c472,Xenon Lamp,1513,nm,absorbance,653.9846856701608
660.693,8.566297000000002,d37b79a3-8c4f-4b8a-8508-1150e238c472,Xenon Lamp,1514,nm,absorbance,654.1802255092608
660.89,16.822278,d37b79a3-8c4f-4b8a-8508-1150e238c472,Xenon Lamp,1515,nm,absorbance,654.3757653483608
661.087,18.013405,d37b79a3-8c4f-4b8a-8508-1150e238c472,Xenon Lamp,1516,nm,absorbance,654.5713051874608
661.284,20.140423,d37b79a3-8c4f-4b8a-8508-1150e238c472,Xenon Lamp,1517,nm,absorbance,654.7668450265606
661.481,16.443401,d37b79a3-8c4f-4b8a-8508-1150e238c472,Xenon Lamp,1518,nm,absorbance,654.9623848656606
661.678,15.385049999999998,d37b79a3-8c4f-4b8a-8508-1150e238c472,Xenon Lamp,1519,nm,absorbance,655.1579247047606
661.875,14.447342999999998,d37b79a3-8c4f-4b8a-8508-1150e238c472,Xenon Lamp,1520,nm,absorbance,655.3534645438606
662.072,15.806481,d37b79a3-8c4f-4b8a-8508-1150e238c472,Xenon Lamp,1521,nm,absorbance,655.5490043829606
662.269,17.115563,d37b79a3-8c4f-4b8a-8508-1150e238c472,Xenon Lamp,1522,nm,absorbance,655.7445442220605
662.466,12.643626,d37b79a3-8c4f-4b8a-8508-1150e238c472,Xenon Lamp,1523,nm,absorbance,655.9400840611604
662.663,13.425874000000002,d37b79a3-8c4f-4b8a-8508-1150e238c472,Xenon Lamp,1524,nm,absorbance,656.1356239002604
662.86,11.509235999999998,d37b79a3-8c4f-4b8a-8508-1150e238c472,Xenon Lamp,1525,nm,absorbance,656.3311637393604
663.057,16.333362,d37b79a3-8c4f-4b8a-8508-1150e238c472,Xenon Lamp,1526,nm,absorbance,656.5267035784603
663.254,15.028827,d37b79a3-8c4f-4b8a-8508-1150e238c472,Xenon Lamp,1527,nm,absorbance,656.7222434175603
663.45,15.781615,d37b79a3-8c4f-4b8a-8508-1150e238c472,Xenon Lamp,1528,nm,absorbance,656.9167906686446
663.647,13.910583,d37b79a3-8c4f-4b8a-8508-1150e238c472,Xenon Lamp,1529,nm,absorbance,657.1123305077446
663.844,10.694915,d37b79a3-8c4f-4b8a-8508-1150e238c472,Xenon Lamp,1530,nm,absorbance,657.3078703468444
664.041,9.369777,d37b79a3-8c4f-4b8a-8508-1150e238c472,Xenon Lamp,1531,nm,absorbance,657.5034101859444
664.238,6.181973999999999,d37b79a3-8c4f-4b8a-8508-1150e238c472,Xenon Lamp,1532,nm,absorbance,657.6989500250444
664.435,6.074474,d37b79a3-8c4f-4b8a-8508-1150e238c472,Xenon Lamp,1533,nm,absorbance,657.8944898641442
664.631,3.6409920000000007,d37b79a3-8c4f-4b8a-8508-1150e238c472,Xenon Lamp,1534,nm,absorbance,658.0890371152285
664.828,8.273671,d37b79a3-8c4f-4b8a-8508-1150e238c472,Xenon Lamp,1535,nm,absorbance,658.2845769543285
665.025,13.608819,d37b79a3-8c4f-4b8a-8508-1150e238c472,Xenon Lamp,1536,nm,absorbance,658.4801167934285
665.222,16.140995999999998,d37b79a3-8c4f-4b8a-8508-1150e238c472,Xenon Lamp,1537,nm,absorbance,658.6756566325283
665.419,11.749342000000002,d37b79a3-8c4f-4b8a-8508-1150e238c472,Xenon Lamp,1538,nm,absorbance,658.8711964716283
665.615,7.792465999999999,d37b79a3-8c4f-4b8a-8508-1150e238c472,Xenon Lamp,1539,nm,absorbance,659.0657437227126
665.812,5.159318000000001,d37b79a3-8c4f-4b8a-8508-1150e238c472,Xenon Lamp,1540,nm,absorbance,659.2612835618125
666.009,7.792887,d37b79a3-8c4f-4b8a-8508-1150e238c472,Xenon Lamp,1541,nm,absorbance,659.4568234009125
666.205,10.37568,d37b79a3-8c4f-4b8a-8508-1150e238c472,Xenon Lamp,1542,nm,absorbance,659.6513706519968
666.402,14.391775,d37b79a3-8c4f-4b8a-8508-1150e238c472,Xenon Lamp,1543,nm,absorbance,659.8469104910968
666.599,14.973343,d37b79a3-8c4f-4b8a-8508-1150e238c472,Xenon Lamp,1544,nm,absorbance,660.0424503301967
666.795,10.781063999999995,d37b79a3-8c4f-4b8a-8508-1150e238c472,Xenon Lamp,1545,nm,absorbance,660.2369975812808
666.992,15.223972,d37b79a3-8c4f-4b8a-8508-1150e238c472,Xenon Lamp,1546,nm,absorbance,660.4325374203808
667.188,13.807993000000002,d37b79a3-8c4f-4b8a-8508-1150e238c472,Xenon Lamp,1547,nm,absorbance,660.627084671465
667.385,11.920851,d37b79a3-8c4f-4b8a-8508-1150e238c472,Xenon Lamp,1548,nm,absorbance,660.822624510565
667.582,4.071076,d37b79a3-8c4f-4b8a-8508-1150e238c472,Xenon Lamp,1549,nm,absorbance,661.018164349665
667.778,5.367983,d37b79a3-8c4f-4b8a-8508-1150e238c472,Xenon Lamp,1550,nm,absorbance,661.2127116007492
667.975,12.376156000000002,d37b79a3-8c4f-4b8a-8508-1150e238c472,Xenon Lamp,1551,nm,absorbance,661.4082514398492
668.171,17.95053,d37b79a3-8c4f-4b8a-8508-1150e238c472,Xenon Lamp,1552,nm,absorbance,661.6027986909335
668.368,19.157737,d37b79a3-8c4f-4b8a-8508-1150e238c472,Xenon Lamp,1553,nm,absorbance,661.7983385300333
668.564,15.786027,d37b79a3-8c4f-4b8a-8508-1150e238c472,Xenon Lamp,1554,nm,absorbance,661.9928857811175
668.761,14.372177,d37b79a3-8c4f-4b8a-8508-1150e238c472,Xenon Lamp,1555,nm,absorbance,662.1884256202175
668.957,15.548886,d37b79a3-8c4f-4b8a-8508-1150e238c472,Xenon Lamp,1556,nm,absorbance,662.3829728713017
669.154,19.454701,d37b79a3-8c4f-4b8a-8508-1150e238c472,Xenon Lamp,1557,nm,absorbance,662.5785127104017
669.35,14.225208,d37b79a3-8c4f-4b8a-8508-1150e238c472,Xenon Lamp,1558,nm,absorbance,662.773059961486
669.547,15.847573,d37b79a3-8c4f-4b8a-8508-1150e238c472,Xenon Lamp,1559,nm,absorbance,662.9685998005859
669.743,18.960171,d37b79a3-8c4f-4b8a-8508-1150e238c472,Xenon Lamp,1560,nm,absorbance,663.1631470516702
669.939,22.942564,d37b79a3-8c4f-4b8a-8508-1150e238c472,Xenon Lamp,1561,nm,absorbance,663.3576943027543
670.136,24.570958,d37b79a3-8c4f-4b8a-8508-1150e238c472,Xenon Lamp,1562,nm,absorbance,663.5532341418542
670.332,20.648654,d37b79a3-8c4f-4b8a-8508-1150e238c472,Xenon Lamp,1563,nm,absorbance,663.7477813929385
670.528,20.757739000000004,d37b79a3-8c4f-4b8a-8508-1150e238c472,Xenon Lamp,1564,nm,absorbance,663.9423286440227
670.725,18.739387,d37b79a3-8c4f-4b8a-8508-1150e238c472,Xenon Lamp,1565,nm,absorbance,664.1378684831227
670.921,17.120934,d37b79a3-8c4f-4b8a-8508-1150e238c472,Xenon Lamp,1566,nm,absorbance,664.332415734207
671.117,16.617622,d37b79a3-8c4f-4b8a-8508-1150e238c472,Xenon Lamp,1567,nm,absorbance,664.5269629852911
671.314,15.664920999999998,d37b79a3-8c4f-4b8a-8508-1150e238c472,Xenon Lamp,1568,nm,absorbance,664.7225028243911
671.51,15.953810000000004,d37b79a3-8c4f-4b8a-8508-1150e238c472,Xenon Lamp,1569,nm,absorbance,664.9170500754753
671.706,17.093156000000004,d37b79a3-8c4f-4b8a-8508-1150e238c472,Xenon Lamp,1570,nm,absorbance,665.1115973265596
671.902,15.959707999999996,d37b79a3-8c4f-4b8a-8508-1150e238c472,Xenon Lamp,1571,nm,absorbance,665.3061445776439
672.099,20.897827,d37b79a3-8c4f-4b8a-8508-1150e238c472,Xenon Lamp,1572,nm,absorbance,665.5016844167437
672.295,20.178412,d37b79a3-8c4f-4b8a-8508-1150e238c472,Xenon Lamp,1573,nm,absorbance,665.6962316678279
672.491,20.522237,d37b79a3-8c4f-4b8a-8508-1150e238c472,Xenon Lamp,1574,nm,absorbance,665.8907789189121
672.687,15.195681,d37b79a3-8c4f-4b8a-8508-1150e238c472,Xenon Lamp,1575,nm,absorbance,666.0853261699964
672.883,12.964272,d37b79a3-8c4f-4b8a-8508-1150e238c472,Xenon Lamp,1576,nm,absorbance,666.2798734210807
673.08,12.440528,d37b79a3-8c4f-4b8a-8508-1150e238c472,Xenon Lamp,1577,nm,absorbance,666.4754132601806
673.276,11.359413000000002,d37b79a3-8c4f-4b8a-8508-1150e238c472,Xenon Lamp,1578,nm,absorbance,666.6699605112648
673.472,14.825021,d37b79a3-8c4f-4b8a-8508-1150e238c472,Xenon Lamp,1579,nm,absorbance,666.864507762349
673.668,16.391163,d37b79a3-8c4f-4b8a-8508-1150e238c472,Xenon Lamp,1580,nm,absorbance,667.0590550134333
673.864,16.727127000000003,d37b79a3-8c4f-4b8a-8508-1150e238c472,Xenon Lamp,1581,nm,absorbance,667.2536022645176
674.06,17.133429,d37b79a3-8c4f-4b8a-8508-1150e238c472,Xenon Lamp,1582,nm,absorbance,667.4481495156017
674.256,18.222705999999995,d37b79a3-8c4f-4b8a-8508-1150e238c472,Xenon Lamp,1583,nm,absorbance,667.6426967666858
674.452,19.610416,d37b79a3-8c4f-4b8a-8508-1150e238c472,Xenon Lamp,1584,nm,absorbance,667.8372440177701
674.648,17.286144999999998,d37b79a3-8c4f-4b8a-8508-1150e238c472,Xenon Lamp,1585,nm,absorbance,668.0317912688544
674.844,13.129833999999995,d37b79a3-8c4f-4b8a-8508-1150e238c472,Xenon Lamp,1586,nm,absorbance,668.2263385199386
675.04,18.807411,d37b79a3-8c4f-4b8a-8508-1150e238c472,Xenon Lamp,1587,nm,absorbance,668.4208857710228
675.236,20.299341,d37b79a3-8c4f-4b8a-8508-1150e238c472,Xenon Lamp,1588,nm,absorbance,668.615433022107
675.432,22.154743000000003,d37b79a3-8c4f-4b8a-8508-1150e238c472,Xenon Lamp,1589,nm,absorbance,668.8099802731913
675.628,21.247861,d37b79a3-8c4f-4b8a-8508-1150e238c472,Xenon Lamp,1590,nm,absorbance,669.0045275242755
675.824,22.215124,d37b79a3-8c4f-4b8a-8508-1150e238c472,Xenon Lamp,1591,nm,absorbance,669.1990747753597
676.02,30.383991,d37b79a3-8c4f-4b8a-8508-1150e238c472,Xenon Lamp,1592,nm,absorbance,669.393622026444
676.216,27.900292,d37b79a3-8c4f-4b8a-8508-1150e238c472,Xenon Lamp,1593,nm,absorbance,669.5881692775282
676.412,26.953809,d37b79a3-8c4f-4b8a-8508-1150e238c472,Xenon Lamp,1594,nm,absorbance,669.7827165286125
676.608,20.627329,d37b79a3-8c4f-4b8a-8508-1150e238c472,Xenon Lamp,1595,nm,absorbance,669.9772637796965
676.804,21.058218,d37b79a3-8c4f-4b8a-8508-1150e238c472,Xenon Lamp,1596,nm,absorbance,670.1718110307808
676.999,25.058579,d37b79a3-8c4f-4b8a-8508-1150e238c472,Xenon Lamp,1597,nm,absorbance,670.3653656938493
677.195,23.082175,d37b79a3-8c4f-4b8a-8508-1150e238c472,Xenon Lamp,1598,nm,absorbance,670.5599129449336
677.391,20.405158000000004,d37b79a3-8c4f-4b8a-8508-1150e238c472,Xenon Lamp,1599,nm,absorbance,670.7544601960177
677.587,19.194593,d37b79a3-8c4f-4b8a-8508-1150e238c472,Xenon Lamp,1600,nm,absorbance,670.949007447102
677.783,21.271873000000003,d37b79a3-8c4f-4b8a-8508-1150e238c472,Xenon Lamp,1601,nm,absorbance,671.1435546981862
677.978,15.948883,d37b79a3-8c4f-4b8a-8508-1150e238c472,Xenon Lamp,1602,nm,absorbance,671.3371093612546
678.174,14.438171,d37b79a3-8c4f-4b8a-8508-1150e238c472,Xenon Lamp,1603,nm,absorbance,671.5316566123389
678.37,14.277759999999995,d37b79a3-8c4f-4b8a-8508-1150e238c472,Xenon Lamp,1604,nm,absorbance,671.7262038634232
678.566,18.173732,d37b79a3-8c4f-4b8a-8508-1150e238c472,Xenon Lamp,1605,nm,absorbance,671.9207511145074
678.761,13.086996000000005,d37b79a3-8c4f-4b8a-8508-1150e238c472,Xenon Lamp,1606,nm,absorbance,672.1143057775759
678.957,11.122696,d37b79a3-8c4f-4b8a-8508-1150e238c472,Xenon Lamp,1607,nm,absorbance,672.3088530286601
679.153,14.440566,d37b79a3-8c4f-4b8a-8508-1150e238c472,Xenon Lamp,1608,nm,absorbance,672.5034002797444
679.348,16.620305000000002,d37b79a3-8c4f-4b8a-8508-1150e238c472,Xenon Lamp,1609,nm,absorbance,672.6969549428128
679.544,17.803265,d37b79a3-8c4f-4b8a-8508-1150e238c472,Xenon Lamp,1610,nm,absorbance,672.8915021938969
679.74,14.423778000000002,d37b79a3-8c4f-4b8a-8508-1150e238c472,Xenon Lamp,1611,nm,absorbance,673.0860494449812
679.935,13.313805,d37b79a3-8c4f-4b8a-8508-1150e238c472,Xenon Lamp,1612,nm,absorbance,673.2796041080496
680.131,15.63457,d37b79a3-8c4f-4b8a-8508-1150e238c472,Xenon Lamp,1613,nm,absorbance,673.4741513591339
680.327,19.14721,d37b79a3-8c4f-4b8a-8508-1150e238c472,Xenon Lamp,1614,nm,absorbance,673.6686986102181
680.522,21.754472,d37b79a3-8c4f-4b8a-8508-1150e238c472,Xenon Lamp,1615,nm,absorbance,673.8622532732867
680.718,12.761569999999995,d37b79a3-8c4f-4b8a-8508-1150e238c472,Xenon Lamp,1616,nm,absorbance,674.0568005243708
680.913,14.005016,d37b79a3-8c4f-4b8a-8508-1150e238c472,Xenon Lamp,1617,nm,absorbance,674.2503551874394
681.109,12.652566000000002,d37b79a3-8c4f-4b8a-8508-1150e238c472,Xenon Lamp,1618,nm,absorbance,674.4449024385236
681.304,17.987921999999998,d37b79a3-8c4f-4b8a-8508-1150e238c472,Xenon Lamp,1619,nm,absorbance,674.638457101592
681.5,13.219643,d37b79a3-8c4f-4b8a-8508-1150e238c472,Xenon Lamp,1620,nm,absorbance,674.8330043526763
681.695,12.737198,d37b79a3-8c4f-4b8a-8508-1150e238c472,Xenon Lamp,1621,nm,absorbance,675.0265590157449
681.891,13.275831000000002,d37b79a3-8c4f-4b8a-8508-1150e238c472,Xenon Lamp,1622,nm,absorbance,675.221106266829
682.086,18.545279,d37b79a3-8c4f-4b8a-8508-1150e238c472,Xenon Lamp,1623,nm,absorbance,675.4146609298975
682.282,16.440569,d37b79a3-8c4f-4b8a-8508-1150e238c472,Xenon Lamp,1624,nm,absorbance,675.6092081809818
682.477,9.386518,d37b79a3-8c4f-4b8a-8508-1150e238c472,Xenon Lamp,1625,nm,absorbance,675.8027628440502
682.672,3.452815,d37b79a3-8c4f-4b8a-8508-1150e238c472,Xenon Lamp,1626,nm,absorbance,675.9963175071188
682.868,4.541228000000001,d37b79a3-8c4f-4b8a-8508-1150e238c472,Xenon Lamp,1627,nm,absorbance,676.190864758203
683.063,11.500035,d37b79a3-8c4f-4b8a-8508-1150e238c472,Xenon Lamp,1628,nm,absorbance,676.3844194212714
683.259,14.040597000000002,d37b79a3-8c4f-4b8a-8508-1150e238c472,Xenon Lamp,1629,nm,absorbance,676.5789666723556
683.454,17.046405,d37b79a3-8c4f-4b8a-8508-1150e238c472,Xenon Lamp,1630,nm,absorbance,676.772521335424
683.649,16.193488000000002,d37b79a3-8c4f-4b8a-8508-1150e238c472,Xenon Lamp,1631,nm,absorbance,676.9660759984926
683.845,17.711187000000002,d37b79a3-8c4f-4b8a-8508-1150e238c472,Xenon Lamp,1632,nm,absorbance,677.1606232495768
684.04,14.759668,d37b79a3-8c4f-4b8a-8508-1150e238c472,Xenon Lamp,1633,nm,absorbance,677.3541779126452
684.235,18.599514000000003,d37b79a3-8c4f-4b8a-8508-1150e238c472,Xenon Lamp,1634,nm,absorbance,677.5477325757138
684.43,14.348491999999998,d37b79a3-8c4f-4b8a-8508-1150e238c472,Xenon Lamp,1635,nm,absorbance,677.7412872387822
684.626,15.037757000000004,d37b79a3-8c4f-4b8a-8508-1150e238c472,Xenon Lamp,1636,nm,absorbance,677.9358344898665
684.821,8.008445,d37b79a3-8c4f-4b8a-8508-1150e238c472,Xenon Lamp,1637,nm,absorbance,678.129389152935
685.016,10.387423,d37b79a3-8c4f-4b8a-8508-1150e238c472,Xenon Lamp,1638,nm,absorbance,678.3229438160034
685.211,10.652625,d37b79a3-8c4f-4b8a-8508-1150e238c472,Xenon Lamp,1639,nm,absorbance,678.516498479072
685.407,10.42796,d37b79a3-8c4f-4b8a-8508-1150e238c472,Xenon Lamp,1640,nm,absorbance,678.7110457301562
685.602,12.450786999999998,d37b79a3-8c4f-4b8a-8508-1150e238c472,Xenon Lamp,1641,nm,absorbance,678.9046003932247
685.797,12.477111000000004,d37b79a3-8c4f-4b8a-8508-1150e238c472,Xenon Lamp,1642,nm,absorbance,679.0981550562932
685.992,14.746579000000002,d37b79a3-8c4f-4b8a-8508-1150e238c472,Xenon Lamp,1643,nm,absorbance,679.2917097193616
686.187,10.124064999999998,d37b79a3-8c4f-4b8a-8508-1150e238c472,Xenon Lamp,1644,nm,absorbance,679.4852643824302
686.382,12.924077999999998,d37b79a3-8c4f-4b8a-8508-1150e238c472,Xenon Lamp,1645,nm,absorbance,679.6788190454986
686.577,13.392853,d37b79a3-8c4f-4b8a-8508-1150e238c472,Xenon Lamp,1646,nm,absorbance,679.8723737085671
686.773,19.205538,d37b79a3-8c4f-4b8a-8508-1150e238c472,Xenon Lamp,1647,nm,absorbance,680.0669209596514
686.968,15.871294999999998,d37b79a3-8c4f-4b8a-8508-1150e238c472,Xenon Lamp,1648,nm,absorbance,680.2604756227198
687.163,21.059416,d37b79a3-8c4f-4b8a-8508-1150e238c472,Xenon Lamp,1649,nm,absorbance,680.4540302857883
687.358,22.512994,d37b79a3-8c4f-4b8a-8508-1150e238c472,Xenon Lamp,1650,nm,absorbance,680.6475849488568
687.553,25.133785,d37b79a3-8c4f-4b8a-8508-1150e238c472,Xenon Lamp,1651,nm,absorbance,680.8411396119253
687.748,26.077238,d37b79a3-8c4f-4b8a-8508-1150e238c472,Xenon Lamp,1652,nm,absorbance,681.0346942749939
687.943,20.282887,d37b79a3-8c4f-4b8a-8508-1150e238c472,Xenon Lamp,1653,nm,absorbance,681.2282489380623
688.138,19.150345,d37b79a3-8c4f-4b8a-8508-1150e238c472,Xenon Lamp,1654,nm,absorbance,681.4218036011308
688.333,13.365194,d37b79a3-8c4f-4b8a-8508-1150e238c472,Xenon Lamp,1655,nm,absorbance,681.6153582641992
688.528,17.335956000000003,d37b79a3-8c4f-4b8a-8508-1150e238c472,Xenon Lamp,1656,nm,absorbance,681.8089129272678
688.723,21.263749,d37b79a3-8c4f-4b8a-8508-1150e238c472,Xenon Lamp,1657,nm,absorbance,682.0024675903362
688.918,24.761756,d37b79a3-8c4f-4b8a-8508-1150e238c472,Xenon Lamp,1658,nm,absorbance,682.1960222534047
689.112,29.238133999999995,d37b79a3-8c4f-4b8a-8508-1150e238c472,Xenon Lamp,1659,nm,absorbance,682.3885843284575
689.307,32.768125000000005,d37b79a3-8c4f-4b8a-8508-1150e238c472,Xenon Lamp,1660,nm,absorbance,682.582138991526
689.502,33.60158199999999,d37b79a3-8c4f-4b8a-8508-1150e238c472,Xenon Lamp,1661,nm,absorbance,682.7756936545944
689.697,34.581769,d37b79a3-8c4f-4b8a-8508-1150e238c472,Xenon Lamp,1662,nm,absorbance,682.969248317663
689.892,33.092672,d37b79a3-8c4f-4b8a-8508-1150e238c472,Xenon Lamp,1663,nm,absorbance,683.1628029807315
690.087,37.910488,d37b79a3-8c4f-4b8a-8508-1150e238c472,Xenon Lamp,1664,nm,absorbance,683.3563576437999
690.282,33.203465,d37b79a3-8c4f-4b8a-8508-1150e238c472,Xenon Lamp,1665,nm,absorbance,683.5499123068685
690.476,35.24337,d37b79a3-8c4f-4b8a-8508-1150e238c472,Xenon Lamp,1666,nm,absorbance,683.7424743819212
690.671,35.533126,d37b79a3-8c4f-4b8a-8508-1150e238c472,Xenon Lamp,1667,nm,absorbance,683.9360290449897
690.866,42.526846,d37b79a3-8c4f-4b8a-8508-1150e238c472,Xenon Lamp,1668,nm,absorbance,684.1295837080581
691.061,48.675031,d37b79a3-8c4f-4b8a-8508-1150e238c472,Xenon Lamp,1669,nm,absorbance,684.3231383711267
691.255,45.02934599999999,d37b79a3-8c4f-4b8a-8508-1150e238c472,Xenon Lamp,1670,nm,absorbance,684.5157004461794
691.45,41.792357,d37b79a3-8c4f-4b8a-8508-1150e238c472,Xenon Lamp,1671,nm,absorbance,684.7092551092479
691.645,36.396297,d37b79a3-8c4f-4b8a-8508-1150e238c472,Xenon Lamp,1672,nm,absorbance,684.9028097723163
691.84,39.858384,d37b79a3-8c4f-4b8a-8508-1150e238c472,Xenon Lamp,1673,nm,absorbance,685.0963644353849
692.034,40.708592,d37b79a3-8c4f-4b8a-8508-1150e238c472,Xenon Lamp,1674,nm,absorbance,685.2889265104376
692.229,38.531174,d37b79a3-8c4f-4b8a-8508-1150e238c472,Xenon Lamp,1675,nm,absorbance,685.4824811735061
692.424,33.646961,d37b79a3-8c4f-4b8a-8508-1150e238c472,Xenon Lamp,1676,nm,absorbance,685.6760358365746
692.618,33.307406,d37b79a3-8c4f-4b8a-8508-1150e238c472,Xenon Lamp,1677,nm,absorbance,685.8685979116274
692.813,31.639254,d37b79a3-8c4f-4b8a-8508-1150e238c472,Xenon Lamp,1678,nm,absorbance,686.0621525746958
693.007,32.176053,d37b79a3-8c4f-4b8a-8508-1150e238c472,Xenon Lamp,1679,nm,absorbance,686.2547146497485
693.202,32.925524,d37b79a3-8c4f-4b8a-8508-1150e238c472,Xenon Lamp,1680,nm,absorbance,686.448269312817
693.397,38.106381,d37b79a3-8c4f-4b8a-8508-1150e238c472,Xenon Lamp,1681,nm,absorbance,686.6418239758856
693.591,43.665216,d37b79a3-8c4f-4b8a-8508-1150e238c472,Xenon Lamp,1682,nm,absorbance,686.8343860509383
693.786,41.235768,d37b79a3-8c4f-4b8a-8508-1150e238c472,Xenon Lamp,1683,nm,absorbance,687.0279407140067
693.98,37.408461,d37b79a3-8c4f-4b8a-8508-1150e238c472,Xenon Lamp,1684,nm,absorbance,687.2205027890595
694.175,37.818383,d37b79a3-8c4f-4b8a-8508-1150e238c472,Xenon Lamp,1685,nm,absorbance,687.414057452128
694.369,39.974751000000005,d37b79a3-8c4f-4b8a-8508-1150e238c472,Xenon Lamp,1686,nm,absorbance,687.6066195271808
694.564,40.901832,d37b79a3-8c4f-4b8a-8508-1150e238c472,Xenon Lamp,1687,nm,absorbance,687.8001741902492
694.758,38.272242,d37b79a3-8c4f-4b8a-8508-1150e238c472,Xenon Lamp,1688,nm,absorbance,687.992736265302
694.953,39.15545899999999,d37b79a3-8c4f-4b8a-8508-1150e238c472,Xenon Lamp,1689,nm,absorbance,688.1862909283705
695.147,42.610278,d37b79a3-8c4f-4b8a-8508-1150e238c472,Xenon Lamp,1690,nm,absorbance,688.3788530034233
695.342,42.266206,d37b79a3-8c4f-4b8a-8508-1150e238c472,Xenon Lamp,1691,nm,absorbance,688.5724076664917
695.536,42.501514,d37b79a3-8c4f-4b8a-8508-1150e238c472,Xenon Lamp,1692,nm,absorbance,688.7649697415444
695.73,39.592283,d37b79a3-8c4f-4b8a-8508-1150e238c472,Xenon Lamp,1693,nm,absorbance,688.9575318165972
695.925,44.792311,d37b79a3-8c4f-4b8a-8508-1150e238c472,Xenon Lamp,1694,nm,absorbance,689.1510864796657
696.119,44.480784,d37b79a3-8c4f-4b8a-8508-1150e238c472,Xenon Lamp,1695,nm,absorbance,689.3436485547185
696.313,42.581117000000006,d37b79a3-8c4f-4b8a-8508-1150e238c472,Xenon Lamp,1696,nm,absorbance,689.5362106297712
696.508,35.973098,d37b79a3-8c4f-4b8a-8508-1150e238c472,Xenon Lamp,1697,nm,absorbance,689.7297652928397
696.702,37.220296,d37b79a3-8c4f-4b8a-8508-1150e238c472,Xenon Lamp,1698,nm,absorbance,689.9223273678924
696.896,37.300682,d37b79a3-8c4f-4b8a-8508-1150e238c472,Xenon Lamp,1699,nm,absorbance,690.1148894429451
697.091,38.954693000000006,d37b79a3-8c4f-4b8a-8508-1150e238c472,Xenon Lamp,1700,nm,absorbance,690.3084441060137
697.285,36.671687000000006,d37b79a3-8c4f-4b8a-8508-1150e238c472,Xenon Lamp,1701,nm,absorbance,690.5010061810664
697.479,36.787597,d37b79a3-8c4f-4b8a-8508-1150e238c472,Xenon Lamp,1702,nm,absorbance,690.6935682561192
697.673,31.146787,d37b79a3-8c4f-4b8a-8508-1150e238c472,Xenon Lamp,1703,nm,absorbance,690.8861303311719
697.868,30.054707,d37b79a3-8c4f-4b8a-8508-1150e238c472,Xenon Lamp,1704,nm,absorbance,691.0796849942404
698.062,28.355,d37b79a3-8c4f-4b8a-8508-1150e238c472,Xenon Lamp,1705,nm,absorbance,691.2722470692931
698.256,29.942092,d37b79a3-8c4f-4b8a-8508-1150e238c472,Xenon Lamp,1706,nm,absorbance,691.4648091443458
698.45,24.180258,d37b79a3-8c4f-4b8a-8508-1150e238c472,Xenon Lamp,1707,nm,absorbance,691.6573712193987
698.644,22.850954,d37b79a3-8c4f-4b8a-8508-1150e238c472,Xenon Lamp,1708,nm,absorbance,691.8499332944514
698.839,20.044902,d37b79a3-8c4f-4b8a-8508-1150e238c472,Xenon Lamp,1709,nm,absorbance,692.0434879575199
699.033,17.341941,d37b79a3-8c4f-4b8a-8508-1150e238c472,Xenon Lamp,1710,nm,absorbance,692.2360500325726
699.227,16.01915,d37b79a3-8c4f-4b8a-8508-1150e238c472,Xenon Lamp,1711,nm,absorbance,692.4286121076254
699.421,15.993554,d37b79a3-8c4f-4b8a-8508-1150e238c472,Xenon Lamp,1712,nm,absorbance,692.6211741826783
699.615,15.859057000000002,d37b79a3-8c4f-4b8a-8508-1150e238c472,Xenon Lamp,1713,nm,absorbance,692.813736257731
699.809,15.281494999999998,d37b79a3-8c4f-4b8a-8508-1150e238c472,Xenon Lamp,1714,nm,absorbance,693.0062983327837
700.003,16.42192,d37b79a3-8c4f-4b8a-8508-1150e238c472,Xenon Lamp,1715,nm,absorbance,693.1988604078365
700.197,15.620298,d37b79a3-8c4f-4b8a-8508-1150e238c472,Xenon Lamp,1716,nm,absorbance,693.3914224828892
700.391,14.966149999999995,d37b79a3-8c4f-4b8a-8508-1150e238c472,Xenon Lamp,1717,nm,absorbance,693.5839845579419
700.585,11.591969,d37b79a3-8c4f-4b8a-8508-1150e238c472,Xenon Lamp,1718,nm,absorbance,693.7765466329947
700.779,17.356969,d37b79a3-8c4f-4b8a-8508-1150e238c472,Xenon Lamp,1719,nm,absorbance,693.9691087080474
700.973,16.767059,d37b79a3-8c4f-4b8a-8508-1150e238c472,Xenon Lamp,1720,nm,absorbance,694.1616707831001
701.167,16.581791,d37b79a3-8c4f-4b8a-8508-1150e238c472,Xenon Lamp,1721,nm,absorbance,694.354232858153
701.361,14.236897,d37b79a3-8c4f-4b8a-8508-1150e238c472,Xenon Lamp,1722,nm,absorbance,694.5467949332057
701.555,16.264667000000003,d37b79a3-8c4f-4b8a-8508-1150e238c472,Xenon Lamp,1723,nm,absorbance,694.7393570082584
701.749,15.883715999999998,d37b79a3-8c4f-4b8a-8508-1150e238c472,Xenon Lamp,1724,nm,absorbance,694.9319190833112
701.943,14.918235,d37b79a3-8c4f-4b8a-8508-1150e238c472,Xenon Lamp,1725,nm,absorbance,695.1244811583639
702.137,12.215788,d37b79a3-8c4f-4b8a-8508-1150e238c472,Xenon Lamp,1726,nm,absorbance,695.3170432334166
702.331,11.983675000000002,d37b79a3-8c4f-4b8a-8508-1150e238c472,Xenon Lamp,1727,nm,absorbance,695.5096053084694
702.525,12.112267,d37b79a3-8c4f-4b8a-8508-1150e238c472,Xenon Lamp,1728,nm,absorbance,695.7021673835221
702.718,12.1787,d37b79a3-8c4f-4b8a-8508-1150e238c472,Xenon Lamp,1729,nm,absorbance,695.8937368705592
702.912,15.54154,d37b79a3-8c4f-4b8a-8508-1150e238c472,Xenon Lamp,1730,nm,absorbance,696.086298945612
703.106,14.090129,d37b79a3-8c4f-4b8a-8508-1150e238c472,Xenon Lamp,1731,nm,absorbance,696.2788610206647
703.3,16.559392,d37b79a3-8c4f-4b8a-8508-1150e238c472,Xenon Lamp,1732,nm,absorbance,696.4714230957175
703.494,14.27585,d37b79a3-8c4f-4b8a-8508-1150e238c472,Xenon Lamp,1733,nm,absorbance,696.6639851707703
703.687,19.082263,d37b79a3-8c4f-4b8a-8508-1150e238c472,Xenon Lamp,1734,nm,absorbance,696.8555546578073
703.881,14.734467,d37b79a3-8c4f-4b8a-8508-1150e238c472,Xenon Lamp,1735,nm,absorbance,697.04811673286
704.075,13.262495,d37b79a3-8c4f-4b8a-8508-1150e238c472,Xenon Lamp,1736,nm,absorbance,697.2406788079128
704.269,9.744082,d37b79a3-8c4f-4b8a-8508-1150e238c472,Xenon Lamp,1737,nm,absorbance,697.4332408829655
704.462,12.706921,d37b79a3-8c4f-4b8a-8508-1150e238c472,Xenon Lamp,1738,nm,absorbance,697.6248103700025
704.656,14.429524,d37b79a3-8c4f-4b8a-8508-1150e238c472,Xenon Lamp,1739,nm,absorbance,697.8173724450552
704.85,12.763426,d37b79a3-8c4f-4b8a-8508-1150e238c472,Xenon Lamp,1740,nm,absorbance,698.009934520108
705.043,13.325053,d37b79a3-8c4f-4b8a-8508-1150e238c472,Xenon Lamp,1741,nm,absorbance,698.201504007145
705.237,12.34818,d37b79a3-8c4f-4b8a-8508-1150e238c472,Xenon Lamp,1742,nm,absorbance,698.3940660821977
705.431,14.974430000000002,d37b79a3-8c4f-4b8a-8508-1150e238c472,Xenon Lamp,1743,nm,absorbance,698.5866281572505
705.624,11.179949,d37b79a3-8c4f-4b8a-8508-1150e238c472,Xenon Lamp,1744,nm,absorbance,698.7781976442876
705.818,9.054225,d37b79a3-8c4f-4b8a-8508-1150e238c472,Xenon Lamp,1745,nm,absorbance,698.9707597193403
706.012,9.987292,d37b79a3-8c4f-4b8a-8508-1150e238c472,Xenon Lamp,1746,nm,absorbance,699.163321794393
706.205,10.277044,d37b79a3-8c4f-4b8a-8508-1150e238c472,Xenon Lamp,1747,nm,absorbance,699.3548912814301
706.399,13.895494,d37b79a3-8c4f-4b8a-8508-1150e238c472,Xenon Lamp,1748,nm,absorbance,699.5474533564828
706.592,10.200944,d37b79a3-8c4f-4b8a-8508-1150e238c472,Xenon Lamp,1749,nm,absorbance,699.7390228435198
706.786,13.273144000000002,d37b79a3-8c4f-4b8a-8508-1150e238c472,Xenon Lamp,1750,nm,absorbance,699.9315849185725
706.979,16.712805,d37b79a3-8c4f-4b8a-8508-1150e238c472,Xenon Lamp,1751,nm,absorbance,700.1231544056096
707.173,16.176736,d37b79a3-8c4f-4b8a-8508-1150e238c472,Xenon Lamp,1752,nm,absorbance,700.3157164806623
707.366,17.578991,d37b79a3-8c4f-4b8a-8508-1150e238c472,Xenon Lamp,1753,nm,absorbance,700.5072859676993
707.56,13.022078,d37b79a3-8c4f-4b8a-8508-1150e238c472,Xenon Lamp,1754,nm,absorbance,700.699848042752
707.753,16.146476,d37b79a3-8c4f-4b8a-8508-1150e238c472,Xenon Lamp,1755,nm,absorbance,700.8914175297891
707.947,14.58102,d37b79a3-8c4f-4b8a-8508-1150e238c472,Xenon Lamp,1756,nm,absorbance,701.0839796048418
708.14,13.686936,d37b79a3-8c4f-4b8a-8508-1150e238c472,Xenon Lamp,1757,nm,absorbance,701.2755490918789
708.333,10.053746,d37b79a3-8c4f-4b8a-8508-1150e238c472,Xenon Lamp,1758,nm,absorbance,701.4671185789159
708.527,9.182194,d37b79a3-8c4f-4b8a-8508-1150e238c472,Xenon Lamp,1759,nm,absorbance,701.6596806539687
708.72,5.936239,d37b79a3-8c4f-4b8a-8508-1150e238c472,Xenon Lamp,1760,nm,absorbance,701.8512501410057
708.914,7.957622000000001,d37b79a3-8c4f-4b8a-8508-1150e238c472,Xenon Lamp,1761,nm,absorbance,702.0438122160584
709.107,2.074516,d37b79a3-8c4f-4b8a-8508-1150e238c472,Xenon Lamp,1762,nm,absorbance,702.2353817030954
709.3,10.100143,d37b79a3-8c4f-4b8a-8508-1150e238c472,Xenon Lamp,1763,nm,absorbance,702.4269511901324
709.494,5.4780180000000005,d37b79a3-8c4f-4b8a-8508-1150e238c472,Xenon Lamp,1764,nm,absorbance,702.6195132651852
709.687,7.208804000000001,d37b79a3-8c4f-4b8a-8508-1150e238c472,Xenon Lamp,1765,nm,absorbance,702.8110827522222
709.88,1.992844,d37b79a3-8c4f-4b8a-8508-1150e238c472,Xenon Lamp,1766,nm,absorbance,703.0026522392592
710.073,3.889672,d37b79a3-8c4f-4b8a-8508-1150e238c472,Xenon Lamp,1767,nm,absorbance,703.1942217262963
710.267,6.969816999999999,d37b79a3-8c4f-4b8a-8508-1150e238c472,Xenon Lamp,1768,nm,absorbance,703.3867838013491
710.46,12.082651,d37b79a3-8c4f-4b8a-8508-1150e238c472,Xenon Lamp,1769,nm,absorbance,703.5783532883861
710.653,12.653119,d37b79a3-8c4f-4b8a-8508-1150e238c472,Xenon Lamp,1770,nm,absorbance,703.7699227754231
710.846,10.260595,d37b79a3-8c4f-4b8a-8508-1150e238c472,Xenon Lamp,1771,nm,absorbance,703.9614922624601
711.04,8.924005,d37b79a3-8c4f-4b8a-8508-1150e238c472,Xenon Lamp,1772,nm,absorbance,704.1540543375128
711.233,11.710894,d37b79a3-8c4f-4b8a-8508-1150e238c472,Xenon Lamp,1773,nm,absorbance,704.3456238245498
711.426,14.02802,d37b79a3-8c4f-4b8a-8508-1150e238c472,Xenon Lamp,1774,nm,absorbance,704.5371933115869
711.619,11.525457,d37b79a3-8c4f-4b8a-8508-1150e238c472,Xenon Lamp,1775,nm,absorbance,704.7287627986238
711.812,13.254839,d37b79a3-8c4f-4b8a-8508-1150e238c472,Xenon Lamp,1776,nm,absorbance,704.9203322856608
712.005,11.397387,d37b79a3-8c4f-4b8a-8508-1150e238c472,Xenon Lamp,1777,nm,absorbance,705.1119017726979
712.198,10.944909,d37b79a3-8c4f-4b8a-8508-1150e238c472,Xenon Lamp,1778,nm,absorbance,705.3034712597349
712.391,7.8492289999999985,d37b79a3-8c4f-4b8a-8508-1150e238c472,Xenon Lamp,1779,nm,absorbance,705.4950407467719
712.585,7.888292999999999,d37b79a3-8c4f-4b8a-8508-1150e238c472,Xenon Lamp,1780,nm,absorbance,705.6876028218247
712.778,5.13747,d37b79a3-8c4f-4b8a-8508-1150e238c472,Xenon Lamp,1781,nm,absorbance,705.8791723088617
712.971,4.309622000000001,d37b79a3-8c4f-4b8a-8508-1150e238c472,Xenon Lamp,1782,nm,absorbance,706.0707417958987
713.164,7.253243,d37b79a3-8c4f-4b8a-8508-1150e238c472,Xenon Lamp,1783,nm,absorbance,706.2623112829357
713.357,8.624855,d37b79a3-8c4f-4b8a-8508-1150e238c472,Xenon Lamp,1784,nm,absorbance,706.4538807699727
713.55,13.904482000000002,d37b79a3-8c4f-4b8a-8508-1150e238c472,Xenon Lamp,1785,nm,absorbance,706.6454502570097
713.743,15.109557999999998,d37b79a3-8c4f-4b8a-8508-1150e238c472,Xenon Lamp,1786,nm,absorbance,706.8370197440469
713.936,17.535814000000002,d37b79a3-8c4f-4b8a-8508-1150e238c472,Xenon Lamp,1787,nm,absorbance,707.0285892310839
714.129,17.297756000000003,d37b79a3-8c4f-4b8a-8508-1150e238c472,Xenon Lamp,1788,nm,absorbance,707.2201587181208
714.322,22.601589,d37b79a3-8c4f-4b8a-8508-1150e238c472,Xenon Lamp,1789,nm,absorbance,707.4117282051578
714.514,28.518145,d37b79a3-8c4f-4b8a-8508-1150e238c472,Xenon Lamp,1790,nm,absorbance,707.6023051041791
714.707,29.811139000000004,d37b79a3-8c4f-4b8a-8508-1150e238c472,Xenon Lamp,1791,nm,absorbance,707.7938745912161
714.9,28.9423,d37b79a3-8c4f-4b8a-8508-1150e238c472,Xenon Lamp,1792,nm,absorbance,707.9854440782531
715.093,29.920247,d37b79a3-8c4f-4b8a-8508-1150e238c472,Xenon Lamp,1793,nm,absorbance,708.17701356529
715.286,31.686192,d37b79a3-8c4f-4b8a-8508-1150e238c472,Xenon Lamp,1794,nm,absorbance,708.3685830523272
715.479,32.801077,d37b79a3-8c4f-4b8a-8508-1150e238c472,Xenon Lamp,1795,nm,absorbance,708.5601525393643
715.672,30.651280000000003,d37b79a3-8c4f-4b8a-8508-1150e238c472,Xenon Lamp,1796,nm,absorbance,708.7517220264012
715.864,30.120694,d37b79a3-8c4f-4b8a-8508-1150e238c472,Xenon Lamp,1797,nm,absorbance,708.9422989254225
716.057,28.592276000000005,d37b79a3-8c4f-4b8a-8508-1150e238c472,Xenon Lamp,1798,nm,absorbance,709.1338684124595
716.25,27.384252000000004,d37b79a3-8c4f-4b8a-8508-1150e238c472,Xenon Lamp,1799,nm,absorbance,709.3254378994965
716.443,28.174425000000003,d37b79a3-8c4f-4b8a-8508-1150e238c472,Xenon Lamp,1800,nm,absorbance,709.5170073865335
716.636,33.645394,d37b79a3-8c4f-4b8a-8508-1150e238c472,Xenon Lamp,1801,nm,absorbance,709.7085768735705
716.828,41.959202000000005,d37b79a3-8c4f-4b8a-8508-1150e238c472,Xenon Lamp,1802,nm,absorbance,709.8991537725918
717.021,45.57076500000001,d37b79a3-8c4f-4b8a-8508-1150e238c472,Xenon Lamp,1803,nm,absorbance,710.0907232596288
717.214,39.359891000000005,d37b79a3-8c4f-4b8a-8508-1150e238c472,Xenon Lamp,1804,nm,absorbance,710.2822927466659
717.406,35.55810600000001,d37b79a3-8c4f-4b8a-8508-1150e238c472,Xenon Lamp,1805,nm,absorbance,710.4728696456871
717.599,37.650991,d37b79a3-8c4f-4b8a-8508-1150e238c472,Xenon Lamp,1806,nm,absorbance,710.6644391327242
717.792,42.65368,d37b79a3-8c4f-4b8a-8508-1150e238c472,Xenon Lamp,1807,nm,absorbance,710.8560086197612
717.984,41.54021,d37b79a3-8c4f-4b8a-8508-1150e238c472,Xenon Lamp,1808,nm,absorbance,711.0465855187824
718.177,38.411303,d37b79a3-8c4f-4b8a-8508-1150e238c472,Xenon Lamp,1809,nm,absorbance,711.2381550058195
718.37,35.94756099999999,d37b79a3-8c4f-4b8a-8508-1150e238c472,Xenon Lamp,1810,nm,absorbance,711.4297244928565
718.562,36.928899,d37b79a3-8c4f-4b8a-8508-1150e238c472,Xenon Lamp,1811,nm,absorbance,711.6203013918778
718.755,34.660062,d37b79a3-8c4f-4b8a-8508-1150e238c472,Xenon Lamp,1812,nm,absorbance,711.8118708789148
718.947,36.135263,d37b79a3-8c4f-4b8a-8508-1150e238c472,Xenon Lamp,1813,nm,absorbance,712.002447777936
719.14,33.593448,d37b79a3-8c4f-4b8a-8508-1150e238c472,Xenon Lamp,1814,nm,absorbance,712.194017264973
719.333,32.829517,d37b79a3-8c4f-4b8a-8508-1150e238c472,Xenon Lamp,1815,nm,absorbance,712.38558675201
719.525,30.254742,d37b79a3-8c4f-4b8a-8508-1150e238c472,Xenon Lamp,1816,nm,absorbance,712.5761636510314
719.718,31.101192999999995,d37b79a3-8c4f-4b8a-8508-1150e238c472,Xenon Lamp,1817,nm,absorbance,712.7677331380684
719.91,33.719112,d37b79a3-8c4f-4b8a-8508-1150e238c472,Xenon Lamp,1818,nm,absorbance,712.9583100370896
720.103,32.138453,d37b79a3-8c4f-4b8a-8508-1150e238c472,Xenon Lamp,1819,nm,absorbance,713.1498795241266
720.295,29.351685,d37b79a3-8c4f-4b8a-8508-1150e238c472,Xenon Lamp,1820,nm,absorbance,713.3404564231479
720.487,27.892723,d37b79a3-8c4f-4b8a-8508-1150e238c472,Xenon Lamp,1821,nm,absorbance,713.5310333221692
720.68,28.520461,d37b79a3-8c4f-4b8a-8508-1150e238c472,Xenon Lamp,1822,nm,absorbance,713.7226028092063
720.872,29.444679,d37b79a3-8c4f-4b8a-8508-1150e238c472,Xenon Lamp,1823,nm,absorbance,713.9131797082275
721.065,26.203406,d37b79a3-8c4f-4b8a-8508-1150e238c472,Xenon Lamp,1824,nm,absorbance,714.1047491952646
721.257,24.820934,d37b79a3-8c4f-4b8a-8508-1150e238c472,Xenon Lamp,1825,nm,absorbance,714.2953260942858
721.449,28.83868,d37b79a3-8c4f-4b8a-8508-1150e238c472,Xenon Lamp,1826,nm,absorbance,714.485902993307
721.642,32.497788,d37b79a3-8c4f-4b8a-8508-1150e238c472,Xenon Lamp,1827,nm,absorbance,714.6774724803441
721.834,30.610157,d37b79a3-8c4f-4b8a-8508-1150e238c472,Xenon Lamp,1828,nm,absorbance,714.8680493793653
722.026,24.696467,d37b79a3-8c4f-4b8a-8508-1150e238c472,Xenon Lamp,1829,nm,absorbance,715.0586262783867
722.219,21.445803,d37b79a3-8c4f-4b8a-8508-1150e238c472,Xenon Lamp,1830,nm,absorbance,715.2501957654238
722.411,18.290864000000003,d37b79a3-8c4f-4b8a-8508-1150e238c472,Xenon Lamp,1831,nm,absorbance,715.4407726644449
722.603,16.670904,d37b79a3-8c4f-4b8a-8508-1150e238c472,Xenon Lamp,1832,nm,absorbance,715.6313495634662
722.796,12.463501999999998,d37b79a3-8c4f-4b8a-8508-1150e238c472,Xenon Lamp,1833,nm,absorbance,715.8229190505033
722.988,15.251779000000004,d37b79a3-8c4f-4b8a-8508-1150e238c472,Xenon Lamp,1834,nm,absorbance,716.0134959495246
723.18,17.239309,d37b79a3-8c4f-4b8a-8508-1150e238c472,Xenon Lamp,1835,nm,absorbance,716.2040728485458
723.372,14.644491,d37b79a3-8c4f-4b8a-8508-1150e238c472,Xenon Lamp,1836,nm,absorbance,716.3946497475671
723.565,11.517963999999996,d37b79a3-8c4f-4b8a-8508-1150e238c472,Xenon Lamp,1837,nm,absorbance,716.5862192346042
723.757,12.880796999999998,d37b79a3-8c4f-4b8a-8508-1150e238c472,Xenon Lamp,1838,nm,absorbance,716.7767961336253
723.949,13.444551,d37b79a3-8c4f-4b8a-8508-1150e238c472,Xenon Lamp,1839,nm,absorbance,716.9673730326466
724.141,14.100882,d37b79a3-8c4f-4b8a-8508-1150e238c472,Xenon Lamp,1840,nm,absorbance,717.1579499316679
724.333,5.653594,d37b79a3-8c4f-4b8a-8508-1150e238c472,Xenon Lamp,1841,nm,absorbance,717.3485268306893
724.525,7.604274000000001,d37b79a3-8c4f-4b8a-8508-1150e238c472,Xenon Lamp,1842,nm,absorbance,717.5391037297105
724.717,7.137654,d37b79a3-8c4f-4b8a-8508-1150e238c472,Xenon Lamp,1843,nm,absorbance,717.7296806287318
724.91,9.735103,d37b79a3-8c4f-4b8a-8508-1150e238c472,Xenon Lamp,1844,nm,absorbance,717.9212501157688
725.102,3.53132,d37b79a3-8c4f-4b8a-8508-1150e238c472,Xenon Lamp,1845,nm,absorbance,718.11182701479
725.294,0.3300930000000001,d37b79a3-8c4f-4b8a-8508-1150e238c472,Xenon Lamp,1846,nm,absorbance,718.3024039138114
725.486,-0.8853540000000001,d37b79a3-8c4f-4b8a-8508-1150e238c472,Xenon Lamp,1847,nm,absorbance,718.4929808128327
725.678,-0.3676,d37b79a3-8c4f-4b8a-8508-1150e238c472,Xenon Lamp,1848,nm,absorbance,718.683557711854
725.87,0.1051420000000001,d37b79a3-8c4f-4b8a-8508-1150e238c472,Xenon Lamp,1849,nm,absorbance,718.8741346108752
726.062,0.104786,d37b79a3-8c4f-4b8a-8508-1150e238c472,Xenon Lamp,1850,nm,absorbance,719.0647115098965
726.254,4.289872,d37b79a3-8c4f-4b8a-8508-1150e238c472,Xenon Lamp,1851,nm,absorbance,719.2552884089177
726.446,5.525170000000001,d37b79a3-8c4f-4b8a-8508-1150e238c472,Xenon Lamp,1852,nm,absorbance,719.4458653079391
726.638,1.2467739999999998,d37b79a3-8c4f-4b8a-8508-1150e238c472,Xenon Lamp,1853,nm,absorbance,719.6364422069604
726.83,0.5535179999999998,d37b79a3-8c4f-4b8a-8508-1150e238c472,Xenon Lamp,1854,nm,absorbance,719.8270191059817
727.022,-0.955281,d37b79a3-8c4f-4b8a-8508-1150e238c472,Xenon Lamp,1855,nm,absorbance,720.0175960050029
727.213,4.861535,d37b79a3-8c4f-4b8a-8508-1150e238c472,Xenon Lamp,1856,nm,absorbance,720.2071803160084
727.405,3.990332,d37b79a3-8c4f-4b8a-8508-1150e238c472,Xenon Lamp,1857,nm,absorbance,720.3977572150297
727.597,4.335659000000001,d37b79a3-8c4f-4b8a-8508-1150e238c472,Xenon Lamp,1858,nm,absorbance,720.588334114051
727.789,3.951703,d37b79a3-8c4f-4b8a-8508-1150e238c472,Xenon Lamp,1859,nm,absorbance,720.7789110130723
727.981,2.931551,d37b79a3-8c4f-4b8a-8508-1150e238c472,Xenon Lamp,1860,nm,absorbance,720.9694879120935
728.173,7.064727,d37b79a3-8c4f-4b8a-8508-1150e238c472,Xenon Lamp,1861,nm,absorbance,721.1600648111148
728.365,7.781286,d37b79a3-8c4f-4b8a-8508-1150e238c472,Xenon Lamp,1862,nm,absorbance,721.3506417101362
728.556,7.986301999999999,d37b79a3-8c4f-4b8a-8508-1150e238c472,Xenon Lamp,1863,nm,absorbance,721.5402260211417
728.748,9.040842,d37b79a3-8c4f-4b8a-8508-1150e238c472,Xenon Lamp,1864,nm,absorbance,721.730802920163
728.94,7.68824,d37b79a3-8c4f-4b8a-8508-1150e238c472,Xenon Lamp,1865,nm,absorbance,721.9213798191843
729.132,8.992809,d37b79a3-8c4f-4b8a-8508-1150e238c472,Xenon Lamp,1866,nm,absorbance,722.1119567182054
729.324,8.980927,d37b79a3-8c4f-4b8a-8508-1150e238c472,Xenon Lamp,1867,nm,absorbance,722.3025336172267
729.515,13.758107,d37b79a3-8c4f-4b8a-8508-1150e238c472,Xenon Lamp,1868,nm,absorbance,722.4921179282323
729.707,15.057093,d37b79a3-8c4f-4b8a-8508-1150e238c472,Xenon Lamp,1869,nm,absorbance,722.6826948272536
729.899,18.181019,d37b79a3-8c4f-4b8a-8508-1150e238c472,Xenon Lamp,1870,nm,absorbance,722.8732717262749
730.09,17.50628,d37b79a3-8c4f-4b8a-8508-1150e238c472,Xenon Lamp,1871,nm,absorbance,723.0628560372804
730.282,16.085158999999997,d37b79a3-8c4f-4b8a-8508-1150e238c472,Xenon Lamp,1872,nm,absorbance,723.2534329363018
730.474,13.146574,d37b79a3-8c4f-4b8a-8508-1150e238c472,Xenon Lamp,1873,nm,absorbance,723.4440098353231
730.665,13.944600000000005,d37b79a3-8c4f-4b8a-8508-1150e238c472,Xenon Lamp,1874,nm,absorbance,723.6335941463285
730.857,20.613232,d37b79a3-8c4f-4b8a-8508-1150e238c472,Xenon Lamp,1875,nm,absorbance,723.8241710453498
731.049,25.218384,d37b79a3-8c4f-4b8a-8508-1150e238c472,Xenon Lamp,1876,nm,absorbance,724.014747944371
731.24,24.547859,d37b79a3-8c4f-4b8a-8508-1150e238c472,Xenon Lamp,1877,nm,absorbance,724.2043322553767
731.432,24.246197,d37b79a3-8c4f-4b8a-8508-1150e238c472,Xenon Lamp,1878,nm,absorbance,724.394909154398
731.623,21.14571,d37b79a3-8c4f-4b8a-8508-1150e238c472,Xenon Lamp,1879,nm,absorbance,724.5844934654035
731.815,23.827934,d37b79a3-8c4f-4b8a-8508-1150e238c472,Xenon Lamp,1880,nm,absorbance,724.7750703644248
732.006,22.319538000000005,d37b79a3-8c4f-4b8a-8508-1150e238c472,Xenon Lamp,1881,nm,absorbance,724.9646546754302
732.198,23.15165,d37b79a3-8c4f-4b8a-8508-1150e238c472,Xenon Lamp,1882,nm,absorbance,725.1552315744516
732.389,19.633623000000004,d37b79a3-8c4f-4b8a-8508-1150e238c472,Xenon Lamp,1883,nm,absorbance,725.3448158854571
732.581,20.783688,d37b79a3-8c4f-4b8a-8508-1150e238c472,Xenon Lamp,1884,nm,absorbance,725.5353927844784
732.772,20.319663,d37b79a3-8c4f-4b8a-8508-1150e238c472,Xenon Lamp,1885,nm,absorbance,725.724977095484
732.964,20.920148,d37b79a3-8c4f-4b8a-8508-1150e238c472,Xenon Lamp,1886,nm,absorbance,725.9155539945053
733.155,23.392719000000007,d37b79a3-8c4f-4b8a-8508-1150e238c472,Xenon Lamp,1887,nm,absorbance,726.1051383055108
733.347,24.149058,d37b79a3-8c4f-4b8a-8508-1150e238c472,Xenon Lamp,1888,nm,absorbance,726.295715204532
733.538,30.379552,d37b79a3-8c4f-4b8a-8508-1150e238c472,Xenon Lamp,1889,nm,absorbance,726.4852995155376
733.729,34.964863,d37b79a3-8c4f-4b8a-8508-1150e238c472,Xenon Lamp,1890,nm,absorbance,726.6748838265431
733.921,36.726457,d37b79a3-8c4f-4b8a-8508-1150e238c472,Xenon Lamp,1891,nm,absorbance,726.8654607255645
734.112,32.296434999999995,d37b79a3-8c4f-4b8a-8508-1150e238c472,Xenon Lamp,1892,nm,absorbance,727.0550450365699
734.304,26.430981,d37b79a3-8c4f-4b8a-8508-1150e238c472,Xenon Lamp,1893,nm,absorbance,727.2456219355912
734.495,26.506595999999995,d37b79a3-8c4f-4b8a-8508-1150e238c472,Xenon Lamp,1894,nm,absorbance,727.4352062465967
734.686,29.938826,d37b79a3-8c4f-4b8a-8508-1150e238c472,Xenon Lamp,1895,nm,absorbance,727.6247905576024
734.877,31.388517,d37b79a3-8c4f-4b8a-8508-1150e238c472,Xenon Lamp,1896,nm,absorbance,727.8143748686078
735.069,27.388068,d37b79a3-8c4f-4b8a-8508-1150e238c472,Xenon Lamp,1897,nm,absorbance,728.0049517676291
735.26,26.218443,d37b79a3-8c4f-4b8a-8508-1150e238c472,Xenon Lamp,1898,nm,absorbance,728.1945360786347
735.451,22.649255,d37b79a3-8c4f-4b8a-8508-1150e238c472,Xenon Lamp,1899,nm,absorbance,728.3841203896402
735.643,29.227031,d37b79a3-8c4f-4b8a-8508-1150e238c472,Xenon Lamp,1900,nm,absorbance,728.5746972886616
735.834,29.741224,d37b79a3-8c4f-4b8a-8508-1150e238c472,Xenon Lamp,1901,nm,absorbance,728.764281599667
736.025,33.264106000000005,d37b79a3-8c4f-4b8a-8508-1150e238c472,Xenon Lamp,1902,nm,absorbance,728.9538659106726
736.216,30.212,d37b79a3-8c4f-4b8a-8508-1150e238c472,Xenon Lamp,1903,nm,absorbance,729.1434502216781
736.407,32.22762200000001,d37b79a3-8c4f-4b8a-8508-1150e238c472,Xenon Lamp,1904,nm,absorbance,729.3330345326838
736.599,34.07666999999999,d37b79a3-8c4f-4b8a-8508-1150e238c472,Xenon Lamp,1905,nm,absorbance,729.523611431705
736.79,32.264855999999995,d37b79a3-8c4f-4b8a-8508-1150e238c472,Xenon Lamp,1906,nm,absorbance,729.7131957427105
736.981,30.351418,d37b79a3-8c4f-4b8a-8508-1150e238c472,Xenon Lamp,1907,nm,absorbance,729.902780053716
737.172,31.4629,d37b79a3-8c4f-4b8a-8508-1150e238c472,Xenon Lamp,1908,nm,absorbance,730.0923643647217
737.363,30.44433500000001,d37b79a3-8c4f-4b8a-8508-1150e238c472,Xenon Lamp,1909,nm,absorbance,730.2819486757272
737.554,30.598175,d37b79a3-8c4f-4b8a-8508-1150e238c472,Xenon Lamp,1910,nm,absorbance,730.4715329867327
737.745,30.482714999999995,d37b79a3-8c4f-4b8a-8508-1150e238c472,Xenon Lamp,1911,nm,absorbance,730.6611172977382
737.936,31.61964,d37b79a3-8c4f-4b8a-8508-1150e238c472,Xenon Lamp,1912,nm,absorbance,730.8507016087439
738.127,30.631227000000003,d37b79a3-8c4f-4b8a-8508-1150e238c472,Xenon Lamp,1913,nm,absorbance,731.0402859197493
738.318,22.807939,d37b79a3-8c4f-4b8a-8508-1150e238c472,Xenon Lamp,1914,nm,absorbance,731.2298702307548
738.509,21.547446,d37b79a3-8c4f-4b8a-8508-1150e238c472,Xenon Lamp,1915,nm,absorbance,731.4194545417604
738.7,21.760549,d37b79a3-8c4f-4b8a-8508-1150e238c472,Xenon Lamp,1916,nm,absorbance,731.609038852766
738.891,25.128468,d37b79a3-8c4f-4b8a-8508-1150e238c472,Xenon Lamp,1917,nm,absorbance,731.7986231637715
739.082,26.001558,d37b79a3-8c4f-4b8a-8508-1150e238c472,Xenon Lamp,1918,nm,absorbance,731.988207474777
739.273,23.634196,d37b79a3-8c4f-4b8a-8508-1150e238c472,Xenon Lamp,1919,nm,absorbance,732.1777917857826
739.464,24.449306,d37b79a3-8c4f-4b8a-8508-1150e238c472,Xenon Lamp,1920,nm,absorbance,732.3673760967882
739.655,23.084395,d37b79a3-8c4f-4b8a-8508-1150e238c472,Xenon Lamp,1921,nm,absorbance,732.5569604077937
739.846,19.445198999999995,d37b79a3-8c4f-4b8a-8508-1150e238c472,Xenon Lamp,1922,nm,absorbance,732.7465447187992
740.037,18.854763,d37b79a3-8c4f-4b8a-8508-1150e238c472,Xenon Lamp,1923,nm,absorbance,732.9361290298048
740.228,19.69853,d37b79a3-8c4f-4b8a-8508-1150e238c472,Xenon Lamp,1924,nm,absorbance,733.1257133408103
740.419,24.901298,d37b79a3-8c4f-4b8a-8508-1150e238c472,Xenon Lamp,1925,nm,absorbance,733.3152976518159
740.609,21.25678,d37b79a3-8c4f-4b8a-8508-1150e238c472,Xenon Lamp,1926,nm,absorbance,733.5038893748057
740.8,23.679105,d37b79a3-8c4f-4b8a-8508-1150e238c472,Xenon Lamp,1927,nm,absorbance,733.6934736858111
740.991,18.429997,d37b79a3-8c4f-4b8a-8508-1150e238c472,Xenon Lamp,1928,nm,absorbance,733.8830579968168
741.182,19.723351,d37b79a3-8c4f-4b8a-8508-1150e238c472,Xenon Lamp,1929,nm,absorbance,734.0726423078223
741.373,22.288203,d37b79a3-8c4f-4b8a-8508-1150e238c472,Xenon Lamp,1930,nm,absorbance,734.2622266188279
741.563,25.218062,d37b79a3-8c4f-4b8a-8508-1150e238c472,Xenon Lamp,1931,nm,absorbance,734.4508183418176
741.754,27.391516000000003,d37b79a3-8c4f-4b8a-8508-1150e238c472,Xenon Lamp,1932,nm,absorbance,734.6404026528232
741.945,27.8878,d37b79a3-8c4f-4b8a-8508-1150e238c472,Xenon Lamp,1933,nm,absorbance,734.8299869638288
742.136,29.791418,d37b79a3-8c4f-4b8a-8508-1150e238c472,Xenon Lamp,1934,nm,absorbance,735.0195712748342
742.326,31.242132,d37b79a3-8c4f-4b8a-8508-1150e238c472,Xenon Lamp,1935,nm,absorbance,735.2081629978242
742.517,31.203823,d37b79a3-8c4f-4b8a-8508-1150e238c472,Xenon Lamp,1936,nm,absorbance,735.3977473088297
742.708,29.487625,d37b79a3-8c4f-4b8a-8508-1150e238c472,Xenon Lamp,1937,nm,absorbance,735.5873316198351
742.898,27.966115,d37b79a3-8c4f-4b8a-8508-1150e238c472,Xenon Lamp,1938,nm,absorbance,735.775923342825
743.089,22.447914,d37b79a3-8c4f-4b8a-8508-1150e238c472,Xenon Lamp,1939,nm,absorbance,735.9655076538306
743.28,21.992228,d37b79a3-8c4f-4b8a-8508-1150e238c472,Xenon Lamp,1940,nm,absorbance,736.1550919648361
743.47,21.787328,d37b79a3-8c4f-4b8a-8508-1150e238c472,Xenon Lamp,1941,nm,absorbance,736.3436836878259
743.661,25.240858,d37b79a3-8c4f-4b8a-8508-1150e238c472,Xenon Lamp,1942,nm,absorbance,736.5332679988313
743.851,30.986421,d37b79a3-8c4f-4b8a-8508-1150e238c472,Xenon Lamp,1943,nm,absorbance,736.7218597218213
744.042,29.539888,d37b79a3-8c4f-4b8a-8508-1150e238c472,Xenon Lamp,1944,nm,absorbance,736.9114440328268
744.233,29.791713,d37b79a3-8c4f-4b8a-8508-1150e238c472,Xenon Lamp,1945,nm,absorbance,737.1010283438322
744.423,25.898605999999997,d37b79a3-8c4f-4b8a-8508-1150e238c472,Xenon Lamp,1946,nm,absorbance,737.2896200668222
744.614,25.126584,d37b79a3-8c4f-4b8a-8508-1150e238c472,Xenon Lamp,1947,nm,absorbance,737.4792043778277
744.804,23.717572,d37b79a3-8c4f-4b8a-8508-1150e238c472,Xenon Lamp,1948,nm,absorbance,737.6677961008174
744.995,23.806561,d37b79a3-8c4f-4b8a-8508-1150e238c472,Xenon Lamp,1949,nm,absorbance,737.857380411823
745.185,28.930522,d37b79a3-8c4f-4b8a-8508-1150e238c472,Xenon Lamp,1950,nm,absorbance,738.0459721348128
745.376,26.846365,d37b79a3-8c4f-4b8a-8508-1150e238c472,Xenon Lamp,1951,nm,absorbance,738.2355564458184
745.566,27.543623,d37b79a3-8c4f-4b8a-8508-1150e238c472,Xenon Lamp,1952,nm,absorbance,738.4241481688082
745.756,21.667677,d37b79a3-8c4f-4b8a-8508-1150e238c472,Xenon Lamp,1953,nm,absorbance,738.612739891798
745.947,22.202772000000003,d37b79a3-8c4f-4b8a-8508-1150e238c472,Xenon Lamp,1954,nm,absorbance,738.8023242028036
746.137,21.723415,d37b79a3-8c4f-4b8a-8508-1150e238c472,Xenon Lamp,1955,nm,absorbance,738.9909159257933
746.328,19.447578,d37b79a3-8c4f-4b8a-8508-1150e238c472,Xenon Lamp,1956,nm,absorbance,739.1805002367988
746.518,19.236069,d37b79a3-8c4f-4b8a-8508-1150e238c472,Xenon Lamp,1957,nm,absorbance,739.3690919597888
746.708,18.366879,d37b79a3-8c4f-4b8a-8508-1150e238c472,Xenon Lamp,1958,nm,absorbance,739.5576836827785
746.899,21.056919,d37b79a3-8c4f-4b8a-8508-1150e238c472,Xenon Lamp,1959,nm,absorbance,739.747267993784
747.089,25.676079000000005,d37b79a3-8c4f-4b8a-8508-1150e238c472,Xenon Lamp,1960,nm,absorbance,739.935859716774
747.279,23.614098,d37b79a3-8c4f-4b8a-8508-1150e238c472,Xenon Lamp,1961,nm,absorbance,740.1244514397637
747.47,28.497512000000008,d37b79a3-8c4f-4b8a-8508-1150e238c472,Xenon Lamp,1962,nm,absorbance,740.3140357507692
747.66,24.80359,d37b79a3-8c4f-4b8a-8508-1150e238c472,Xenon Lamp,1963,nm,absorbance,740.502627473759
747.85,23.252416,d37b79a3-8c4f-4b8a-8508-1150e238c472,Xenon Lamp,1964,nm,absorbance,740.6912191967489
748.04,17.700950000000002,d37b79a3-8c4f-4b8a-8508-1150e238c472,Xenon Lamp,1965,nm,absorbance,740.8798109197386
748.231,17.466312,d37b79a3-8c4f-4b8a-8508-1150e238c472,Xenon Lamp,1966,nm,absorbance,741.0693952307441
748.421,18.696387,d37b79a3-8c4f-4b8a-8508-1150e238c472,Xenon Lamp,1967,nm,absorbance,741.2579869537341
748.611,22.390211,d37b79a3-8c4f-4b8a-8508-1150e238c472,Xenon Lamp,1968,nm,absorbance,741.4465786767238
748.801,23.096482,d37b79a3-8c4f-4b8a-8508-1150e238c472,Xenon Lamp,1969,nm,absorbance,741.6351703997136
748.991,23.427132,d37b79a3-8c4f-4b8a-8508-1150e238c472,Xenon Lamp,1970,nm,absorbance,741.8237621227034
749.182,14.661329,d37b79a3-8c4f-4b8a-8508-1150e238c472,Xenon Lamp,1971,nm,absorbance,742.013346433709
749.372,8.784939,d37b79a3-8c4f-4b8a-8508-1150e238c472,Xenon Lamp,1972,nm,absorbance,742.2019381566987
749.562,10.239003,d37b79a3-8c4f-4b8a-8508-1150e238c472,Xenon Lamp,1973,nm,absorbance,742.3905298796886
749.752,14.640704000000005,d37b79a3-8c4f-4b8a-8508-1150e238c472,Xenon Lamp,1974,nm,absorbance,742.5791216026784
749.942,14.396285,d37b79a3-8c4f-4b8a-8508-1150e238c472,Xenon Lamp,1975,nm,absorbance,742.7677133256682
750.132,8.970987,d37b79a3-8c4f-4b8a-8508-1150e238c472,Xenon Lamp,1976,nm,absorbance,742.9563050486579
750.322,8.036321,d37b79a3-8c4f-4b8a-8508-1150e238c472,Xenon Lamp,1977,nm,absorbance,743.1448967716478
750.512,8.120983,d37b79a3-8c4f-4b8a-8508-1150e238c472,Xenon Lamp,1978,nm,absorbance,743.3334884946375
750.702,11.122476000000002,d37b79a3-8c4f-4b8a-8508-1150e238c472,Xenon Lamp,1979,nm,absorbance,743.5220802176274
750.892,11.621697,d37b79a3-8c4f-4b8a-8508-1150e238c472,Xenon Lamp,1980,nm,absorbance,743.7106719406173
751.082,13.953832,d37b79a3-8c4f-4b8a-8508-1150e238c472,Xenon Lamp,1981,nm,absorbance,743.899263663607
751.272,15.672174000000002,d37b79a3-8c4f-4b8a-8508-1150e238c472,Xenon Lamp,1982,nm,absorbance,744.0878553865969
751.462,16.062822,d37b79a3-8c4f-4b8a-8508-1150e238c472,Xenon Lamp,1983,nm,absorbance,744.2764471095867
751.652,18.752693,d37b79a3-8c4f-4b8a-8508-1150e238c472,Xenon Lamp,1984,nm,absorbance,744.4650388325765
751.842,16.158449,d37b79a3-8c4f-4b8a-8508-1150e238c472,Xenon Lamp,1985,nm,absorbance,744.6536305555662
752.032,15.79751,d37b79a3-8c4f-4b8a-8508-1150e238c472,Xenon Lamp,1986,nm,absorbance,744.8422222785562
752.222,11.629703,d37b79a3-8c4f-4b8a-8508-1150e238c472,Xenon Lamp,1987,nm,absorbance,745.0308140015459
752.412,9.011947,d37b79a3-8c4f-4b8a-8508-1150e238c472,Xenon Lamp,1988,nm,absorbance,745.2194057245357
752.602,9.288823,d37b79a3-8c4f-4b8a-8508-1150e238c472,Xenon Lamp,1989,nm,absorbance,745.4079974475255
752.792,13.722159,d37b79a3-8c4f-4b8a-8508-1150e238c472,Xenon Lamp,1990,nm,absorbance,745.5965891705154
752.981,16.230638,d37b79a3-8c4f-4b8a-8508-1150e238c472,Xenon Lamp,1991,nm,absorbance,745.7841883054894
753.171,15.804529999999996,d37b79a3-8c4f-4b8a-8508-1150e238c472,Xenon Lamp,1992,nm,absorbance,745.9727800284793
753.361,13.063033,d37b79a3-8c4f-4b8a-8508-1150e238c472,Xenon Lamp,1993,nm,absorbance,746.161371751469
753.551,11.171097,d37b79a3-8c4f-4b8a-8508-1150e238c472,Xenon Lamp,1994,nm,absorbance,746.3499634744588
753.741,8.194617000000001,d37b79a3-8c4f-4b8a-8508-1150e238c472,Xenon Lamp,1995,nm,absorbance,746.5385551974487
753.93,8.1897,d37b79a3-8c4f-4b8a-8508-1150e238c472,Xenon Lamp,1996,nm,absorbance,746.7261543324227
754.12,9.43058,d37b79a3-8c4f-4b8a-8508-1150e238c472,Xenon Lamp,1997,nm,absorbance,746.9147460554125
754.31,14.887095000000002,d37b79a3-8c4f-4b8a-8508-1150e238c472,Xenon Lamp,1998,nm,absorbance,747.1033377784023
754.5,15.582403999999997,d37b79a3-8c4f-4b8a-8508-1150e238c472,Xenon Lamp,1999,nm,absorbance,747.2919295013921
754.689,19.628735,d37b79a3-8c4f-4b8a-8508-1150e238c472,Xenon Lamp,2000,nm,absorbance,747.4795286363661
754.879,17.026178,d37b79a3-8c4f-4b8a-8508-1150e238c472,Xenon Lamp,2001,nm,absorbance,747.6681203593561
755.069,15.678932,d37b79a3-8c4f-4b8a-8508-1150e238c472,Xenon Lamp,2002,nm,absorbance,747.8567120823458
755.258,11.577934,d37b79a3-8c4f-4b8a-8508-1150e238c472,Xenon Lamp,2003,nm,absorbance,748.0443112173199
755.448,8.476037999999999,d37b79a3-8c4f-4b8a-8508-1150e238c472,Xenon Lamp,2004,nm,absorbance,748.2329029403097
755.638,10.675993000000002,d37b79a3-8c4f-4b8a-8508-1150e238c472,Xenon Lamp,2005,nm,absorbance,748.4214946632995
755.827,8.420615,d37b79a3-8c4f-4b8a-8508-1150e238c472,Xenon Lamp,2006,nm,absorbance,748.6090937982735
756.017,9.330176,d37b79a3-8c4f-4b8a-8508-1150e238c472,Xenon Lamp,2007,nm,absorbance,748.7976855212635
756.206,7.959272,d37b79a3-8c4f-4b8a-8508-1150e238c472,Xenon Lamp,2008,nm,absorbance,748.9852846562375
756.396,10.733279,d37b79a3-8c4f-4b8a-8508-1150e238c472,Xenon Lamp,2009,nm,absorbance,749.1738763792272
756.586,12.419508000000002,d37b79a3-8c4f-4b8a-8508-1150e238c472,Xenon Lamp,2010,nm,absorbance,749.3624681022171
756.775,9.506014,d37b79a3-8c4f-4b8a-8508-1150e238c472,Xenon Lamp,2011,nm,absorbance,749.5500672371911
756.965,7.566098000000001,d37b79a3-8c4f-4b8a-8508-1150e238c472,Xenon Lamp,2012,nm,absorbance,749.7386589601809
757.154,4.7455750000000005,d37b79a3-8c4f-4b8a-8508-1150e238c472,Xenon Lamp,2013,nm,absorbance,749.926258095155
757.344,4.553762999999999,d37b79a3-8c4f-4b8a-8508-1150e238c472,Xenon Lamp,2014,nm,absorbance,750.1148498181449
757.533,7.441591,d37b79a3-8c4f-4b8a-8508-1150e238c472,Xenon Lamp,2015,nm,absorbance,750.3024489531189
757.723,6.2975650000000005,d37b79a3-8c4f-4b8a-8508-1150e238c472,Xenon Lamp,2016,nm,absorbance,750.4910406761087
757.912,5.473018999999999,d37b79a3-8c4f-4b8a-8508-1150e238c472,Xenon Lamp,2017,nm,absorbance,750.6786398110828
758.101,5.653277,d37b79a3-8c4f-4b8a-8508-1150e238c472,Xenon Lamp,2018,nm,absorbance,750.8662389460569
758.291,6.9246170000000005,d37b79a3-8c4f-4b8a-8508-1150e238c472,Xenon Lamp,2019,nm,absorbance,751.0548306690467
758.48,9.98199,d37b79a3-8c4f-4b8a-8508-1150e238c472,Xenon Lamp,2020,nm,absorbance,751.2424298040207
758.67,7.996674999999999,d37b79a3-8c4f-4b8a-8508-1150e238c472,Xenon Lamp,2021,nm,absorbance,751.4310215270106
758.859,11.320519999999998,d37b79a3-8c4f-4b8a-8508-1150e238c472,Xenon Lamp,2022,nm,absorbance,751.6186206619847
759.048,12.010585000000004,d37b79a3-8c4f-4b8a-8508-1150e238c472,Xenon Lamp,2023,nm,absorbance,751.8062197969587
759.238,12.065732999999998,d37b79a3-8c4f-4b8a-8508-1150e238c472,Xenon Lamp,2024,nm,absorbance,751.9948115199486
759.427,5.184067999999999,d37b79a3-8c4f-4b8a-8508-1150e238c472,Xenon Lamp,2025,nm,absorbance,752.1824106549226
759.616,0.5238430000000001,d37b79a3-8c4f-4b8a-8508-1150e238c472,Xenon Lamp,2026,nm,absorbance,752.3700097898966
759.806,2.227447,d37b79a3-8c4f-4b8a-8508-1150e238c472,Xenon Lamp,2027,nm,absorbance,752.5586015128865
759.995,12.201134,d37b79a3-8c4f-4b8a-8508-1150e238c472,Xenon Lamp,2028,nm,absorbance,752.7462006478605
760.184,17.409215000000003,d37b79a3-8c4f-4b8a-8508-1150e238c472,Xenon Lamp,2029,nm,absorbance,752.9337997828345
760.373,16.135633000000002,d37b79a3-8c4f-4b8a-8508-1150e238c472,Xenon Lamp,2030,nm,absorbance,753.1213989178087
760.563,14.164082000000002,d37b79a3-8c4f-4b8a-8508-1150e238c472,Xenon Lamp,2031,nm,absorbance,753.3099906407984
760.752,16.602485,d37b79a3-8c4f-4b8a-8508-1150e238c472,Xenon Lamp,2032,nm,absorbance,753.4975897757726
760.941,18.293547,d37b79a3-8c4f-4b8a-8508-1150e238c472,Xenon Lamp,2033,nm,absorbance,753.6851889107467
761.13,18.186802,d37b79a3-8c4f-4b8a-8508-1150e238c472,Xenon Lamp,2034,nm,absorbance,753.8727880457207
761.319,14.37557,d37b79a3-8c4f-4b8a-8508-1150e238c472,Xenon Lamp,2035,nm,absorbance,754.0603871806948
761.509,17.156209,d37b79a3-8c4f-4b8a-8508-1150e238c472,Xenon Lamp,2036,nm,absorbance,754.2489789036846
761.698,17.549518,d37b79a3-8c4f-4b8a-8508-1150e238c472,Xenon Lamp,2037,nm,absorbance,754.4365780386586
761.887,19.237031,d37b79a3-8c4f-4b8a-8508-1150e238c472,Xenon Lamp,2038,nm,absorbance,754.6241771736327
762.076,18.862008,d37b79a3-8c4f-4b8a-8508-1150e238c472,Xenon Lamp,2039,nm,absorbance,754.8117763086068
762.265,21.915153999999998,d37b79a3-8c4f-4b8a-8508-1150e238c472,Xenon Lamp,2040,nm,absorbance,754.9993754435809
762.454,23.240474000000003,d37b79a3-8c4f-4b8a-8508-1150e238c472,Xenon Lamp,2041,nm,absorbance,755.1869745785549
762.643,23.85569,d37b79a3-8c4f-4b8a-8508-1150e238c472,Xenon Lamp,2042,nm,absorbance,755.374573713529
762.832,23.055703,d37b79a3-8c4f-4b8a-8508-1150e238c472,Xenon Lamp,2043,nm,absorbance,755.5621728485031
763.021,23.536756000000004,d37b79a3-8c4f-4b8a-8508-1150e238c472,Xenon Lamp,2044,nm,absorbance,755.7497719834771
763.21,20.761713,d37b79a3-8c4f-4b8a-8508-1150e238c472,Xenon Lamp,2045,nm,absorbance,755.9373711184512
763.399,24.477419000000005,d37b79a3-8c4f-4b8a-8508-1150e238c472,Xenon Lamp,2046,nm,absorbance,756.1249702534253
763.588,25.455148,d37b79a3-8c4f-4b8a-8508-1150e238c472,Xenon Lamp,2047,nm,absorbance,756.3125693883993
763.777,27.250363,d37b79a3-8c4f-4b8a-8508-1150e238c472,Xenon Lamp,2048,nm,absorbance,756.5001685233735
763.966,22.194643000000003,d37b79a3-8c4f-4b8a-8508-1150e238c472,Xenon Lamp,2049,nm,absorbance,756.6877676583475
764.155,18.530707,d37b79a3-8c4f-4b8a-8508-1150e238c472,Xenon Lamp,2050,nm,absorbance,756.8753667933215
764.344,20.072141,d37b79a3-8c4f-4b8a-8508-1150e238c472,Xenon Lamp,2051,nm,absorbance,757.0629659282957
764.533,18.801732,d37b79a3-8c4f-4b8a-8508-1150e238c472,Xenon Lamp,2052,nm,absorbance,757.2505650632697
764.722,17.406474999999997,d37b79a3-8c4f-4b8a-8508-1150e238c472,Xenon Lamp,2053,nm,absorbance,757.4381641982438
764.911,17.050718999999997,d37b79a3-8c4f-4b8a-8508-1150e238c472,Xenon Lamp,2054,nm,absorbance,757.6257633332178
765.1,17.661237,d37b79a3-8c4f-4b8a-8508-1150e238c472,Xenon Lamp,2055,nm,absorbance,757.8133624681919
765.288,26.430652,d37b79a3-8c4f-4b8a-8508-1150e238c472,Xenon Lamp,2056,nm,absorbance,757.9999690151503
765.477,26.093668,d37b79a3-8c4f-4b8a-8508-1150e238c472,Xenon Lamp,2057,nm,absorbance,758.1875681501243
765.666,37.438099,d37b79a3-8c4f-4b8a-8508-1150e238c472,Xenon Lamp,2058,nm,absorbance,758.3751672850985
765.855,40.375232,d37b79a3-8c4f-4b8a-8508-1150e238c472,Xenon Lamp,2059,nm,absorbance,758.5627664200725
766.044,49.183297,d37b79a3-8c4f-4b8a-8508-1150e238c472,Xenon Lamp,2060,nm,absorbance,758.7503655550465
766.232,50.44728299999999,d37b79a3-8c4f-4b8a-8508-1150e238c472,Xenon Lamp,2061,nm,absorbance,758.9369721020049
766.421,51.64332399999999,d37b79a3-8c4f-4b8a-8508-1150e238c472,Xenon Lamp,2062,nm,absorbance,759.124571236979
766.61,57.248068,d37b79a3-8c4f-4b8a-8508-1150e238c472,Xenon Lamp,2063,nm,absorbance,759.3121703719531
766.799,60.51291199999999,d37b79a3-8c4f-4b8a-8508-1150e238c472,Xenon Lamp,2064,nm,absorbance,759.4997695069271
766.987,65.076929,d37b79a3-8c4f-4b8a-8508-1150e238c472,Xenon Lamp,2065,nm,absorbance,759.6863760538854
767.176,65.77983,d37b79a3-8c4f-4b8a-8508-1150e238c472,Xenon Lamp,2066,nm,absorbance,759.8739751888596
767.365,65.575457,d37b79a3-8c4f-4b8a-8508-1150e238c472,Xenon Lamp,2067,nm,absorbance,760.0615743238336
767.553,67.359699,d37b79a3-8c4f-4b8a-8508-1150e238c472,Xenon Lamp,2068,nm,absorbance,760.248180870792
767.742,66.14606899999998,d37b79a3-8c4f-4b8a-8508-1150e238c472,Xenon Lamp,2069,nm,absorbance,760.435780005766
767.931,73.031441,d37b79a3-8c4f-4b8a-8508-1150e238c472,Xenon Lamp,2070,nm,absorbance,760.6233791407401
768.119,70.641322,d37b79a3-8c4f-4b8a-8508-1150e238c472,Xenon Lamp,2071,nm,absorbance,760.8099856876985
768.308,77.100336,d37b79a3-8c4f-4b8a-8508-1150e238c472,Xenon Lamp,2072,nm,absorbance,760.9975848226725
768.497,74.313858,d37b79a3-8c4f-4b8a-8508-1150e238c472,Xenon Lamp,2073,nm,absorbance,761.1851839576466
768.685,74.42145299999999,d37b79a3-8c4f-4b8a-8508-1150e238c472,Xenon Lamp,2074,nm,absorbance,761.3717905046049
768.874,68.42992,d37b79a3-8c4f-4b8a-8508-1150e238c472,Xenon Lamp,2075,nm,absorbance,761.559389639579
769.062,62.286588,d37b79a3-8c4f-4b8a-8508-1150e238c472,Xenon Lamp,2076,nm,absorbance,761.7459961865374
769.251,65.31396,d37b79a3-8c4f-4b8a-8508-1150e238c472,Xenon Lamp,2077,nm,absorbance,761.9335953215113
769.439,64.340108,d37b79a3-8c4f-4b8a-8508-1150e238c472,Xenon Lamp,2078,nm,absorbance,762.1202018684697
769.628,69.98010299999999,d37b79a3-8c4f-4b8a-8508-1150e238c472,Xenon Lamp,2079,nm,absorbance,762.3078010034438
769.816,68.805776,d37b79a3-8c4f-4b8a-8508-1150e238c472,Xenon Lamp,2080,nm,absorbance,762.4944075504022
770.005,69.283781,d37b79a3-8c4f-4b8a-8508-1150e238c472,Xenon Lamp,2081,nm,absorbance,762.6820066853762
770.193,69.401468,d37b79a3-8c4f-4b8a-8508-1150e238c472,Xenon Lamp,2082,nm,absorbance,762.8686132323345
770.382,68.934154,d37b79a3-8c4f-4b8a-8508-1150e238c472,Xenon Lamp,2083,nm,absorbance,763.0562123673086
770.57,70.415001,d37b79a3-8c4f-4b8a-8508-1150e238c472,Xenon Lamp,2084,nm,absorbance,763.242818914267
770.758,71.22312299999999,d37b79a3-8c4f-4b8a-8508-1150e238c472,Xenon Lamp,2085,nm,absorbance,763.4294254612254
770.947,67.520862,d37b79a3-8c4f-4b8a-8508-1150e238c472,Xenon Lamp,2086,nm,absorbance,763.6170245961994
771.135,65.33326500000001,d37b79a3-8c4f-4b8a-8508-1150e238c472,Xenon Lamp,2087,nm,absorbance,763.8036311431576
771.323,60.44858800000001,d37b79a3-8c4f-4b8a-8508-1150e238c472,Xenon Lamp,2088,nm,absorbance,763.990237690116
771.512,65.946872,d37b79a3-8c4f-4b8a-8508-1150e238c472,Xenon Lamp,2089,nm,absorbance,764.17783682509
771.7,60.978378,d37b79a3-8c4f-4b8a-8508-1150e238c472,Xenon Lamp,2090,nm,absorbance,764.3644433720485
771.888,59.44850600000001,d37b79a3-8c4f-4b8a-8508-1150e238c472,Xenon Lamp,2091,nm,absorbance,764.5510499190068
772.077,56.25956600000001,d37b79a3-8c4f-4b8a-8508-1150e238c472,Xenon Lamp,2092,nm,absorbance,764.7386490539809
772.265,61.87157500000001,d37b79a3-8c4f-4b8a-8508-1150e238c472,Xenon Lamp,2093,nm,absorbance,764.9252556009392
772.453,60.401057,d37b79a3-8c4f-4b8a-8508-1150e238c472,Xenon Lamp,2094,nm,absorbance,765.1118621478976
772.642,60.343186,d37b79a3-8c4f-4b8a-8508-1150e238c472,Xenon Lamp,2095,nm,absorbance,765.2994612828717
772.83,58.492862,d37b79a3-8c4f-4b8a-8508-1150e238c472,Xenon Lamp,2096,nm,absorbance,765.48606782983
773.018,58.01683800000001,d37b79a3-8c4f-4b8a-8508-1150e238c472,Xenon Lamp,2097,nm,absorbance,765.6726743767883
773.206,59.96200900000001,d37b79a3-8c4f-4b8a-8508-1150e238c472,Xenon Lamp,2098,nm,absorbance,765.8592809237466
773.394,59.612047,d37b79a3-8c4f-4b8a-8508-1150e238c472,Xenon Lamp,2099,nm,absorbance,766.045887470705
773.583,63.10010100000001,d37b79a3-8c4f-4b8a-8508-1150e238c472,Xenon Lamp,2100,nm,absorbance,766.233486605679
773.771,55.59386400000001,d37b79a3-8c4f-4b8a-8508-1150e238c472,Xenon Lamp,2101,nm,absorbance,766.4200931526374
773.959,53.37045700000001,d37b79a3-8c4f-4b8a-8508-1150e238c472,Xenon Lamp,2102,nm,absorbance,766.6066996995957
774.147,42.978695,d37b79a3-8c4f-4b8a-8508-1150e238c472,Xenon Lamp,2103,nm,absorbance,766.793306246554
774.335,37.737208,d37b79a3-8c4f-4b8a-8508-1150e238c472,Xenon Lamp,2104,nm,absorbance,766.9799127935124
774.523,31.919805999999998,d37b79a3-8c4f-4b8a-8508-1150e238c472,Xenon Lamp,2105,nm,absorbance,767.1665193404707
774.711,33.737902000000005,d37b79a3-8c4f-4b8a-8508-1150e238c472,Xenon Lamp,2106,nm,absorbance,767.3531258874291
774.899,29.933986000000004,d37b79a3-8c4f-4b8a-8508-1150e238c472,Xenon Lamp,2107,nm,absorbance,767.5397324343874
775.087,28.795498,d37b79a3-8c4f-4b8a-8508-1150e238c472,Xenon Lamp,2108,nm,absorbance,767.7263389813457
775.275,22.267261,d37b79a3-8c4f-4b8a-8508-1150e238c472,Xenon Lamp,2109,nm,absorbance,767.912945528304
775.463,30.736328000000004,d37b79a3-8c4f-4b8a-8508-1150e238c472,Xenon Lamp,2110,nm,absorbance,768.0995520752624
775.651,27.18575,d37b79a3-8c4f-4b8a-8508-1150e238c472,Xenon Lamp,2111,nm,absorbance,768.2861586222207
775.839,28.478161,d37b79a3-8c4f-4b8a-8508-1150e238c472,Xenon Lamp,2112,nm,absorbance,768.4727651691791
776.027,21.312365,d37b79a3-8c4f-4b8a-8508-1150e238c472,Xenon Lamp,2113,nm,absorbance,768.6593717161375
776.215,21.569429000000003,d37b79a3-8c4f-4b8a-8508-1150e238c472,Xenon Lamp,2114,nm,absorbance,768.8459782630957
776.403,20.041223,d37b79a3-8c4f-4b8a-8508-1150e238c472,Xenon Lamp,2115,nm,absorbance,769.0325848100541
776.591,17.369378,d37b79a3-8c4f-4b8a-8508-1150e238c472,Xenon Lamp,2116,nm,absorbance,769.2191913570124
776.779,13.354128999999997,d37b79a3-8c4f-4b8a-8508-1150e238c472,Xenon Lamp,2117,nm,absorbance,769.4057979039708
776.967,13.130104999999997,d37b79a3-8c4f-4b8a-8508-1150e238c472,Xenon Lamp,2118,nm,absorbance,769.592404450929
777.155,10.730067,d37b79a3-8c4f-4b8a-8508-1150e238c472,Xenon Lamp,2119,nm,absorbance,769.7790109978874
777.343,18.149297,d37b79a3-8c4f-4b8a-8508-1150e238c472,Xenon Lamp,2120,nm,absorbance,769.9656175448457
777.531,12.092923,d37b79a3-8c4f-4b8a-8508-1150e238c472,Xenon Lamp,2121,nm,absorbance,770.1522240918041
777.718,12.039025,d37b79a3-8c4f-4b8a-8508-1150e238c472,Xenon Lamp,2122,nm,absorbance,770.3378380507467
777.906,2.9481580000000003,d37b79a3-8c4f-4b8a-8508-1150e238c472,Xenon Lamp,2123,nm,absorbance,770.5244445977049
778.094,5.318087,d37b79a3-8c4f-4b8a-8508-1150e238c472,Xenon Lamp,2124,nm,absorbance,770.7110511446634
778.282,3.4363290000000006,d37b79a3-8c4f-4b8a-8508-1150e238c472,Xenon Lamp,2125,nm,absorbance,770.8976576916217
778.47,2.853296,d37b79a3-8c4f-4b8a-8508-1150e238c472,Xenon Lamp,2126,nm,absorbance,771.0842642385801
778.657,3.775962,d37b79a3-8c4f-4b8a-8508-1150e238c472,Xenon Lamp,2127,nm,absorbance,771.2698781975226
778.845,5.5626240000000005,d37b79a3-8c4f-4b8a-8508-1150e238c472,Xenon Lamp,2128,nm,absorbance,771.456484744481
779.033,10.38494,d37b79a3-8c4f-4b8a-8508-1150e238c472,Xenon Lamp,2129,nm,absorbance,771.6430912914393
779.22,5.745933,d37b79a3-8c4f-4b8a-8508-1150e238c472,Xenon Lamp,2130,nm,absorbance,771.828705250382
779.408,7.473409999999999,d37b79a3-8c4f-4b8a-8508-1150e238c472,Xenon Lamp,2131,nm,absorbance,772.0153117973402
779.596,2.8564870000000004,d37b79a3-8c4f-4b8a-8508-1150e238c472,Xenon Lamp,2132,nm,absorbance,772.2019183442986
779.783,4.111631999999999,d37b79a3-8c4f-4b8a-8508-1150e238c472,Xenon Lamp,2133,nm,absorbance,772.3875323032412
779.971,3.3556430000000006,d37b79a3-8c4f-4b8a-8508-1150e238c472,Xenon Lamp,2134,nm,absorbance,772.5741388501996
780.159,3.896407,d37b79a3-8c4f-4b8a-8508-1150e238c472,Xenon Lamp,2135,nm,absorbance,772.7607453971578
780.346,7.388199,d37b79a3-8c4f-4b8a-8508-1150e238c472,Xenon Lamp,2136,nm,absorbance,772.9463593561005
780.534,7.152834,d37b79a3-8c4f-4b8a-8508-1150e238c472,Xenon Lamp,2137,nm,absorbance,773.1329659030588
780.722,9.121861999999998,d37b79a3-8c4f-4b8a-8508-1150e238c472,Xenon Lamp,2138,nm,absorbance,773.3195724500172
780.909,7.859925000000001,d37b79a3-8c4f-4b8a-8508-1150e238c472,Xenon Lamp,2139,nm,absorbance,773.5051864089597
781.097,5.115641000000001,d37b79a3-8c4f-4b8a-8508-1150e238c472,Xenon Lamp,2140,nm,absorbance,773.691792955918
781.284,2.524081,d37b79a3-8c4f-4b8a-8508-1150e238c472,Xenon Lamp,2141,nm,absorbance,773.8774069148607
781.472,4.290581000000001,d37b79a3-8c4f-4b8a-8508-1150e238c472,Xenon Lamp,2142,nm,absorbance,774.064013461819
781.659,13.034228000000002,d37b79a3-8c4f-4b8a-8508-1150e238c472,Xenon Lamp,2143,nm,absorbance,774.2496274207616
781.847,13.529840000000002,d37b79a3-8c4f-4b8a-8508-1150e238c472,Xenon Lamp,2144,nm,absorbance,774.4362339677199
782.034,10.647979,d37b79a3-8c4f-4b8a-8508-1150e238c472,Xenon Lamp,2145,nm,absorbance,774.6218479266626
782.222,5.653322,d37b79a3-8c4f-4b8a-8508-1150e238c472,Xenon Lamp,2146,nm,absorbance,774.8084544736208
782.409,7.833106000000001,d37b79a3-8c4f-4b8a-8508-1150e238c472,Xenon Lamp,2147,nm,absorbance,774.9940684325635
782.597,8.478321,d37b79a3-8c4f-4b8a-8508-1150e238c472,Xenon Lamp,2148,nm,absorbance,775.1806749795218
782.784,6.807811000000001,d37b79a3-8c4f-4b8a-8508-1150e238c472,Xenon Lamp,2149,nm,absorbance,775.3662889384644
782.971,8.999475,d37b79a3-8c4f-4b8a-8508-1150e238c472,Xenon Lamp,2150,nm,absorbance,775.551902897407
783.159,12.199519999999998,d37b79a3-8c4f-4b8a-8508-1150e238c472,Xenon Lamp,2151,nm,absorbance,775.7385094443654
783.346,14.867012,d37b79a3-8c4f-4b8a-8508-1150e238c472,Xenon Lamp,2152,nm,absorbance,775.9241234033079
783.533,11.785932,d37b79a3-8c4f-4b8a-8508-1150e238c472,Xenon Lamp,2153,nm,absorbance,776.1097373622506
783.721,7.673581999999999,d37b79a3-8c4f-4b8a-8508-1150e238c472,Xenon Lamp,2154,nm,absorbance,776.2963439092089
783.908,4.416952,d37b79a3-8c4f-4b8a-8508-1150e238c472,Xenon Lamp,2155,nm,absorbance,776.4819578681515
784.095,2.650721,d37b79a3-8c4f-4b8a-8508-1150e238c472,Xenon Lamp,2156,nm,absorbance,776.6675718270941
784.283,7.132313000000001,d37b79a3-8c4f-4b8a-8508-1150e238c472,Xenon Lamp,2157,nm,absorbance,776.8541783740525
784.47,11.594661999999998,d37b79a3-8c4f-4b8a-8508-1150e238c472,Xenon Lamp,2158,nm,absorbance,777.039792332995
784.657,15.246582,d37b79a3-8c4f-4b8a-8508-1150e238c472,Xenon Lamp,2159,nm,absorbance,777.2254062919377
784.844,16.12079,d37b79a3-8c4f-4b8a-8508-1150e238c472,Xenon Lamp,2160,nm,absorbance,777.4110202508803
785.032,15.387777000000003,d37b79a3-8c4f-4b8a-8508-1150e238c472,Xenon Lamp,2161,nm,absorbance,777.5976267978386
785.219,13.293562,d37b79a3-8c4f-4b8a-8508-1150e238c472,Xenon Lamp,2162,nm,absorbance,777.7832407567812
785.406,14.594427,d37b79a3-8c4f-4b8a-8508-1150e238c472,Xenon Lamp,2163,nm,absorbance,777.9688547157238
785.593,13.381336999999998,d37b79a3-8c4f-4b8a-8508-1150e238c472,Xenon Lamp,2164,nm,absorbance,778.1544686746663
785.78,15.892480999999998,d37b79a3-8c4f-4b8a-8508-1150e238c472,Xenon Lamp,2165,nm,absorbance,778.340082633609
785.968,10.80362,d37b79a3-8c4f-4b8a-8508-1150e238c472,Xenon Lamp,2166,nm,absorbance,778.5266891805672
786.155,11.040523,d37b79a3-8c4f-4b8a-8508-1150e238c472,Xenon Lamp,2167,nm,absorbance,778.7123031395099
786.342,8.825291,d37b79a3-8c4f-4b8a-8508-1150e238c472,Xenon Lamp,2168,nm,absorbance,778.8979170984525
786.529,7.720259999999999,d37b79a3-8c4f-4b8a-8508-1150e238c472,Xenon Lamp,2169,nm,absorbance,779.0835310573951
786.716,6.848506,d37b79a3-8c4f-4b8a-8508-1150e238c472,Xenon Lamp,2170,nm,absorbance,779.2691450163377
786.903,5.46379,d37b79a3-8c4f-4b8a-8508-1150e238c472,Xenon Lamp,2171,nm,absorbance,779.4547589752804
787.09,10.485484000000003,d37b79a3-8c4f-4b8a-8508-1150e238c472,Xenon Lamp,2172,nm,absorbance,779.6403729342229
787.277,8.887626000000001,d37b79a3-8c4f-4b8a-8508-1150e238c472,Xenon Lamp,2173,nm,absorbance,779.8259868931656
787.464,11.477867999999996,d37b79a3-8c4f-4b8a-8508-1150e238c472,Xenon Lamp,2174,nm,absorbance,780.0116008521081
787.651,11.694991000000002,d37b79a3-8c4f-4b8a-8508-1150e238c472,Xenon Lamp,2175,nm,absorbance,780.1972148110507
787.838,13.752054000000005,d37b79a3-8c4f-4b8a-8508-1150e238c472,Xenon Lamp,2176,nm,absorbance,780.3828287699934
788.025,12.599637,d37b79a3-8c4f-4b8a-8508-1150e238c472,Xenon Lamp,2177,nm,absorbance,780.5684427289359
788.212,8.094325,d37b79a3-8c4f-4b8a-8508-1150e238c472,Xenon Lamp,2178,nm,absorbance,780.7540566878786
788.399,6.9463430000000015,d37b79a3-8c4f-4b8a-8508-1150e238c472,Xenon Lamp,2179,nm,absorbance,780.9396706468211
788.586,8.720055,d37b79a3-8c4f-4b8a-8508-1150e238c472,Xenon Lamp,2180,nm,absorbance,781.1252846057638
788.773,11.907878,d37b79a3-8c4f-4b8a-8508-1150e238c472,Xenon Lamp,2181,nm,absorbance,781.3108985647063
788.96,18.258509000000004,d37b79a3-8c4f-4b8a-8508-1150e238c472,Xenon Lamp,2182,nm,absorbance,781.496512523649
789.147,12.472357,d37b79a3-8c4f-4b8a-8508-1150e238c472,Xenon Lamp,2183,nm,absorbance,781.6821264825916
789.334,11.256726,d37b79a3-8c4f-4b8a-8508-1150e238c472,Xenon Lamp,2184,nm,absorbance,781.8677404415341
789.521,3.198516,d37b79a3-8c4f-4b8a-8508-1150e238c472,Xenon Lamp,2185,nm,absorbance,782.0533544004767
789.707,8.743621,d37b79a3-8c4f-4b8a-8508-1150e238c472,Xenon Lamp,2186,nm,absorbance,782.2379757714036
789.894,9.731134,d37b79a3-8c4f-4b8a-8508-1150e238c472,Xenon Lamp,2187,nm,absorbance,782.4235897303462
790.081,10.751736999999997,d37b79a3-8c4f-4b8a-8508-1150e238c472,Xenon Lamp,2188,nm,absorbance,782.6092036892888
790.268,9.570309999999996,d37b79a3-8c4f-4b8a-8508-1150e238c472,Xenon Lamp,2189,nm,absorbance,782.7948176482314
790.455,9.666343,d37b79a3-8c4f-4b8a-8508-1150e238c472,Xenon Lamp,2190,nm,absorbance,782.9804316071741
790.641,11.424706,d37b79a3-8c4f-4b8a-8508-1150e238c472,Xenon Lamp,2191,nm,absorbance,783.1650529781008
790.828,11.815179,d37b79a3-8c4f-4b8a-8508-1150e238c472,Xenon Lamp,2192,nm,absorbance,783.3506669370435
791.015,15.075386,d37b79a3-8c4f-4b8a-8508-1150e238c472,Xenon Lamp,2193,nm,absorbance,783.536280895986
791.202,15.254711,d37b79a3-8c4f-4b8a-8508-1150e238c472,Xenon Lamp,2194,nm,absorbance,783.7218948549287
791.388,22.451348000000003,d37b79a3-8c4f-4b8a-8508-1150e238c472,Xenon Lamp,2195,nm,absorbance,783.9065162258556
791.575,25.117351000000003,d37b79a3-8c4f-4b8a-8508-1150e238c472,Xenon Lamp,2196,nm,absorbance,784.0921301847982
791.762,25.834126,d37b79a3-8c4f-4b8a-8508-1150e238c472,Xenon Lamp,2197,nm,absorbance,784.2777441437407
791.948,19.702325,d37b79a3-8c4f-4b8a-8508-1150e238c472,Xenon Lamp,2198,nm,absorbance,784.4623655146676
792.135,12.701113,d37b79a3-8c4f-4b8a-8508-1150e238c472,Xenon Lamp,2199,nm,absorbance,784.6479794736102
792.322,15.187057999999997,d37b79a3-8c4f-4b8a-8508-1150e238c472,Xenon Lamp,2200,nm,absorbance,784.8335934325528
792.508,19.370031000000004,d37b79a3-8c4f-4b8a-8508-1150e238c472,Xenon Lamp,2201,nm,absorbance,785.0182148034797
792.695,24.027659,d37b79a3-8c4f-4b8a-8508-1150e238c472,Xenon Lamp,2202,nm,absorbance,785.2038287624223
792.881,23.364023,d37b79a3-8c4f-4b8a-8508-1150e238c472,Xenon Lamp,2203,nm,absorbance,785.3884501333491
793.068,21.219798,d37b79a3-8c4f-4b8a-8508-1150e238c472,Xenon Lamp,2204,nm,absorbance,785.5740640922917
793.254,24.992452000000004,d37b79a3-8c4f-4b8a-8508-1150e238c472,Xenon Lamp,2205,nm,absorbance,785.7586854632186
793.441,25.456991,d37b79a3-8c4f-4b8a-8508-1150e238c472,Xenon Lamp,2206,nm,absorbance,785.9442994221612
793.627,28.785656,d37b79a3-8c4f-4b8a-8508-1150e238c472,Xenon Lamp,2207,nm,absorbance,786.128920793088
793.814,28.31252,d37b79a3-8c4f-4b8a-8508-1150e238c472,Xenon Lamp,2208,nm,absorbance,786.3145347520307
794.0,29.129932,d37b79a3-8c4f-4b8a-8508-1150e238c472,Xenon Lamp,2209,nm,absorbance,786.4991561229575
794.187,28.935612,d37b79a3-8c4f-4b8a-8508-1150e238c472,Xenon Lamp,2210,nm,absorbance,786.6847700819002
794.373,27.376037000000004,d37b79a3-8c4f-4b8a-8508-1150e238c472,Xenon Lamp,2211,nm,absorbance,786.869391452827
794.56,27.096214000000003,d37b79a3-8c4f-4b8a-8508-1150e238c472,Xenon Lamp,2212,nm,absorbance,787.0550054117696
794.746,22.265719,d37b79a3-8c4f-4b8a-8508-1150e238c472,Xenon Lamp,2213,nm,absorbance,787.2396267826964
794.933,23.185073,d37b79a3-8c4f-4b8a-8508-1150e238c472,Xenon Lamp,2214,nm,absorbance,787.4252407416391
795.119,24.202633,d37b79a3-8c4f-4b8a-8508-1150e238c472,Xenon Lamp,2215,nm,absorbance,787.6098621125659
795.305,33.528133000000004,d37b79a3-8c4f-4b8a-8508-1150e238c472,Xenon Lamp,2216,nm,absorbance,787.7944834834927
795.492,28.777819,d37b79a3-8c4f-4b8a-8508-1150e238c472,Xenon Lamp,2217,nm,absorbance,787.9800974424354
795.678,27.459825,d37b79a3-8c4f-4b8a-8508-1150e238c472,Xenon Lamp,2218,nm,absorbance,788.1647188133622
795.864,24.69189,d37b79a3-8c4f-4b8a-8508-1150e238c472,Xenon Lamp,2219,nm,absorbance,788.3493401842892
796.051,30.706954000000003,d37b79a3-8c4f-4b8a-8508-1150e238c472,Xenon Lamp,2220,nm,absorbance,788.5349541432317
796.237,32.343537,d37b79a3-8c4f-4b8a-8508-1150e238c472,Xenon Lamp,2221,nm,absorbance,788.7195755141586
796.423,27.836115,d37b79a3-8c4f-4b8a-8508-1150e238c472,Xenon Lamp,2222,nm,absorbance,788.9041968850854
796.61,26.392216,d37b79a3-8c4f-4b8a-8508-1150e238c472,Xenon Lamp,2223,nm,absorbance,789.0898108440281
796.796,29.505772,d37b79a3-8c4f-4b8a-8508-1150e238c472,Xenon Lamp,2224,nm,absorbance,789.274432214955
796.982,28.387189,d37b79a3-8c4f-4b8a-8508-1150e238c472,Xenon Lamp,2225,nm,absorbance,789.4590535858817
797.168,24.154682,d37b79a3-8c4f-4b8a-8508-1150e238c472,Xenon Lamp,2226,nm,absorbance,789.6436749568087
797.355,21.969914,d37b79a3-8c4f-4b8a-8508-1150e238c472,Xenon Lamp,2227,nm,absorbance,789.8292889157512
797.541,24.720565,d37b79a3-8c4f-4b8a-8508-1150e238c472,Xenon Lamp,2228,nm,absorbance,790.0139102866782
797.727,29.410378,d37b79a3-8c4f-4b8a-8508-1150e238c472,Xenon Lamp,2229,nm,absorbance,790.1985316576049
797.913,29.636269,d37b79a3-8c4f-4b8a-8508-1150e238c472,Xenon Lamp,2230,nm,absorbance,790.3831530285319
798.099,30.800775,d37b79a3-8c4f-4b8a-8508-1150e238c472,Xenon Lamp,2231,nm,absorbance,790.5677743994588
798.285,28.743645,d37b79a3-8c4f-4b8a-8508-1150e238c472,Xenon Lamp,2232,nm,absorbance,790.7523957703855
798.471,23.673104,d37b79a3-8c4f-4b8a-8508-1150e238c472,Xenon Lamp,2233,nm,absorbance,790.9370171413125
798.658,24.952334,d37b79a3-8c4f-4b8a-8508-1150e238c472,Xenon Lamp,2234,nm,absorbance,791.122631100255
798.844,25.278807,d37b79a3-8c4f-4b8a-8508-1150e238c472,Xenon Lamp,2235,nm,absorbance,791.307252471182
799.03,29.852578,d37b79a3-8c4f-4b8a-8508-1150e238c472,Xenon Lamp,2236,nm,absorbance,791.4918738421087
799.216,26.381768,d37b79a3-8c4f-4b8a-8508-1150e238c472,Xenon Lamp,2237,nm,absorbance,791.6764952130357
799.402,25.415588,d37b79a3-8c4f-4b8a-8508-1150e238c472,Xenon Lamp,2238,nm,absorbance,791.8611165839626
799.588,25.553829,d37b79a3-8c4f-4b8a-8508-1150e238c472,Xenon Lamp,2239,nm,absorbance,792.0457379548893
799.774,27.188255,d37b79a3-8c4f-4b8a-8508-1150e238c472,Xenon Lamp,2240,nm,absorbance,792.2303593258163
799.96,30.577141,d37b79a3-8c4f-4b8a-8508-1150e238c472,Xenon Lamp,2241,nm,absorbance,792.4149806967431
800.146,29.914165000000004,d37b79a3-8c4f-4b8a-8508-1150e238c472,Xenon Lamp,2242,nm,absorbance,792.5996020676699
800.332,27.739839,d37b79a3-8c4f-4b8a-8508-1150e238c472,Xenon Lamp,2243,nm,absorbance,792.7842234385968
800.518,23.380632,d37b79a3-8c4f-4b8a-8508-1150e238c472,Xenon Lamp,2244,nm,absorbance,792.9688448095237
800.704,21.380547,d37b79a3-8c4f-4b8a-8508-1150e238c472,Xenon Lamp,2245,nm,absorbance,793.1534661804506
800.89,30.327468000000003,d37b79a3-8c4f-4b8a-8508-1150e238c472,Xenon Lamp,2246,nm,absorbance,793.3380875513774
801.075,27.340076,d37b79a3-8c4f-4b8a-8508-1150e238c472,Xenon Lamp,2247,nm,absorbance,793.5217163342886
801.261,29.489855,d37b79a3-8c4f-4b8a-8508-1150e238c472,Xenon Lamp,2248,nm,absorbance,793.7063377052153
801.447,21.154933,d37b79a3-8c4f-4b8a-8508-1150e238c472,Xenon Lamp,2249,nm,absorbance,793.8909590761423
801.633,28.276863,d37b79a3-8c4f-4b8a-8508-1150e238c472,Xenon Lamp,2250,nm,absorbance,794.0755804470692
801.819,29.05756,d37b79a3-8c4f-4b8a-8508-1150e238c472,Xenon Lamp,2251,nm,absorbance,794.260201817996
802.005,30.201783,d37b79a3-8c4f-4b8a-8508-1150e238c472,Xenon Lamp,2252,nm,absorbance,794.4448231889229
802.19,29.407853999999997,d37b79a3-8c4f-4b8a-8508-1150e238c472,Xenon Lamp,2253,nm,absorbance,794.628451971834
802.376,28.987312,d37b79a3-8c4f-4b8a-8508-1150e238c472,Xenon Lamp,2254,nm,absorbance,794.8130733427608
802.562,32.909099,d37b79a3-8c4f-4b8a-8508-1150e238c472,Xenon Lamp,2255,nm,absorbance,794.9976947136878
802.748,30.747249,d37b79a3-8c4f-4b8a-8508-1150e238c472,Xenon Lamp,2256,nm,absorbance,795.1823160846146
802.934,30.729015,d37b79a3-8c4f-4b8a-8508-1150e238c472,Xenon Lamp,2257,nm,absorbance,795.3669374555415
803.119,23.953767000000003,d37b79a3-8c4f-4b8a-8508-1150e238c472,Xenon Lamp,2258,nm,absorbance,795.5505662384526
803.305,24.008940000000003,d37b79a3-8c4f-4b8a-8508-1150e238c472,Xenon Lamp,2259,nm,absorbance,795.7351876093794
803.491,26.393131,d37b79a3-8c4f-4b8a-8508-1150e238c472,Xenon Lamp,2260,nm,absorbance,795.9198089803064
803.676,29.288878,d37b79a3-8c4f-4b8a-8508-1150e238c472,Xenon Lamp,2261,nm,absorbance,796.1034377632175
803.862,27.020796,d37b79a3-8c4f-4b8a-8508-1150e238c472,Xenon Lamp,2262,nm,absorbance,796.2880591341443
804.048,23.232926,d37b79a3-8c4f-4b8a-8508-1150e238c472,Xenon Lamp,2263,nm,absorbance,796.4726805050711
804.233,19.048833,d37b79a3-8c4f-4b8a-8508-1150e238c472,Xenon Lamp,2264,nm,absorbance,796.6563092879823
804.419,24.480499,d37b79a3-8c4f-4b8a-8508-1150e238c472,Xenon Lamp,2265,nm,absorbance,796.8409306589092
804.605,21.448492,d37b79a3-8c4f-4b8a-8508-1150e238c472,Xenon Lamp,2266,nm,absorbance,797.025552029836
804.79,26.834852000000005,d37b79a3-8c4f-4b8a-8508-1150e238c472,Xenon Lamp,2267,nm,absorbance,797.2091808127471
804.976,23.567982,d37b79a3-8c4f-4b8a-8508-1150e238c472,Xenon Lamp,2268,nm,absorbance,797.393802183674
805.161,28.810998,d37b79a3-8c4f-4b8a-8508-1150e238c472,Xenon Lamp,2269,nm,absorbance,797.5774309665851
805.347,24.145937,d37b79a3-8c4f-4b8a-8508-1150e238c472,Xenon Lamp,2270,nm,absorbance,797.762052337512
805.532,26.322986000000004,d37b79a3-8c4f-4b8a-8508-1150e238c472,Xenon Lamp,2271,nm,absorbance,797.9456811204232
805.718,24.232472,d37b79a3-8c4f-4b8a-8508-1150e238c472,Xenon Lamp,2272,nm,absorbance,798.13030249135
805.903,30.064127000000003,d37b79a3-8c4f-4b8a-8508-1150e238c472,Xenon Lamp,2273,nm,absorbance,798.3139312742612
806.089,24.895009,d37b79a3-8c4f-4b8a-8508-1150e238c472,Xenon Lamp,2274,nm,absorbance,798.498552645188
806.274,24.965475,d37b79a3-8c4f-4b8a-8508-1150e238c472,Xenon Lamp,2275,nm,absorbance,798.6821814280992
806.46,19.521339,d37b79a3-8c4f-4b8a-8508-1150e238c472,Xenon Lamp,2276,nm,absorbance,798.866802799026
806.645,20.110642,d37b79a3-8c4f-4b8a-8508-1150e238c472,Xenon Lamp,2277,nm,absorbance,799.0504315819371
806.831,20.017672,d37b79a3-8c4f-4b8a-8508-1150e238c472,Xenon Lamp,2278,nm,absorbance,799.2350529528641
807.016,20.942293,d37b79a3-8c4f-4b8a-8508-1150e238c472,Xenon Lamp,2279,nm,absorbance,799.4186817357751
807.201,23.117105,d37b79a3-8c4f-4b8a-8508-1150e238c472,Xenon Lamp,2280,nm,absorbance,799.6023105186863
807.387,22.711759,d37b79a3-8c4f-4b8a-8508-1150e238c472,Xenon Lamp,2281,nm,absorbance,799.7869318896131
807.572,22.162576,d37b79a3-8c4f-4b8a-8508-1150e238c472,Xenon Lamp,2282,nm,absorbance,799.9705606725242
807.757,20.662356,d37b79a3-8c4f-4b8a-8508-1150e238c472,Xenon Lamp,2283,nm,absorbance,800.1541894554354
807.943,23.719302,d37b79a3-8c4f-4b8a-8508-1150e238c472,Xenon Lamp,2284,nm,absorbance,800.3388108263622
808.128,27.802545,d37b79a3-8c4f-4b8a-8508-1150e238c472,Xenon Lamp,2285,nm,absorbance,800.5224396092734
808.313,26.458022000000007,d37b79a3-8c4f-4b8a-8508-1150e238c472,Xenon Lamp,2286,nm,absorbance,800.7060683921845
808.499,26.007396,d37b79a3-8c4f-4b8a-8508-1150e238c472,Xenon Lamp,2287,nm,absorbance,800.8906897631114
808.684,27.352615,d37b79a3-8c4f-4b8a-8508-1150e238c472,Xenon Lamp,2288,nm,absorbance,801.0743185460225
808.869,28.046999,d37b79a3-8c4f-4b8a-8508-1150e238c472,Xenon Lamp,2289,nm,absorbance,801.2579473289337
809.054,26.005101,d37b79a3-8c4f-4b8a-8508-1150e238c472,Xenon Lamp,2290,nm,absorbance,801.4415761118447
809.24,16.638986000000003,d37b79a3-8c4f-4b8a-8508-1150e238c472,Xenon Lamp,2291,nm,absorbance,801.6261974827717
809.425,21.425834,d37b79a3-8c4f-4b8a-8508-1150e238c472,Xenon Lamp,2292,nm,absorbance,801.8098262656828
809.61,20.864135,d37b79a3-8c4f-4b8a-8508-1150e238c472,Xenon Lamp,2293,nm,absorbance,801.9934550485939
809.795,24.1154,d37b79a3-8c4f-4b8a-8508-1150e238c472,Xenon Lamp,2294,nm,absorbance,802.177083831505
809.98,24.010091000000006,d37b79a3-8c4f-4b8a-8508-1150e238c472,Xenon Lamp,2295,nm,absorbance,802.3607126144161
810.165,19.198127,d37b79a3-8c4f-4b8a-8508-1150e238c472,Xenon Lamp,2296,nm,absorbance,802.5443413973272
810.35,22.667557,d37b79a3-8c4f-4b8a-8508-1150e238c472,Xenon Lamp,2297,nm,absorbance,802.7279701802385
810.536,21.375243,d37b79a3-8c4f-4b8a-8508-1150e238c472,Xenon Lamp,2298,nm,absorbance,802.9125915511652
810.721,26.947906,d37b79a3-8c4f-4b8a-8508-1150e238c472,Xenon Lamp,2299,nm,absorbance,803.0962203340764
810.906,21.366802,d37b79a3-8c4f-4b8a-8508-1150e238c472,Xenon Lamp,2300,nm,absorbance,803.2798491169875
811.091,20.155069,d37b79a3-8c4f-4b8a-8508-1150e238c472,Xenon Lamp,2301,nm,absorbance,803.4634778998986
811.276,21.155342,d37b79a3-8c4f-4b8a-8508-1150e238c472,Xenon Lamp,2302,nm,absorbance,803.6471066828097
811.461,20.582077,d37b79a3-8c4f-4b8a-8508-1150e238c472,Xenon Lamp,2303,nm,absorbance,803.830735465721
811.646,17.160221,d37b79a3-8c4f-4b8a-8508-1150e238c472,Xenon Lamp,2304,nm,absorbance,804.014364248632
811.831,14.738674,d37b79a3-8c4f-4b8a-8508-1150e238c472,Xenon Lamp,2305,nm,absorbance,804.1979930315432
812.016,24.291673,d37b79a3-8c4f-4b8a-8508-1150e238c472,Xenon Lamp,2306,nm,absorbance,804.3816218144543
812.201,25.032400000000003,d37b79a3-8c4f-4b8a-8508-1150e238c472,Xenon Lamp,2307,nm,absorbance,804.5652505973654
812.386,23.980185,d37b79a3-8c4f-4b8a-8508-1150e238c472,Xenon Lamp,2308,nm,absorbance,804.7488793802765
812.571,17.84507,d37b79a3-8c4f-4b8a-8508-1150e238c472,Xenon Lamp,2309,nm,absorbance,804.9325081631878
812.756,23.274461,d37b79a3-8c4f-4b8a-8508-1150e238c472,Xenon Lamp,2310,nm,absorbance,805.1161369460988
812.941,24.594733999999995,d37b79a3-8c4f-4b8a-8508-1150e238c472,Xenon Lamp,2311,nm,absorbance,805.29976572901
813.125,25.860419,d37b79a3-8c4f-4b8a-8508-1150e238c472,Xenon Lamp,2312,nm,absorbance,805.4824019239054
813.31,21.421318,d37b79a3-8c4f-4b8a-8508-1150e238c472,Xenon Lamp,2313,nm,absorbance,805.6660307068164
813.495,22.941671,d37b79a3-8c4f-4b8a-8508-1150e238c472,Xenon Lamp,2314,nm,absorbance,805.8496594897276
813.68,23.987055000000005,d37b79a3-8c4f-4b8a-8508-1150e238c472,Xenon Lamp,2315,nm,absorbance,806.0332882726386
813.865,22.400764,d37b79a3-8c4f-4b8a-8508-1150e238c472,Xenon Lamp,2316,nm,absorbance,806.2169170555499
814.05,20.895341,d37b79a3-8c4f-4b8a-8508-1150e238c472,Xenon Lamp,2317,nm,absorbance,806.400545838461
814.234,19.443200999999995,d37b79a3-8c4f-4b8a-8508-1150e238c472,Xenon Lamp,2318,nm,absorbance,806.5831820333564
814.419,19.056734,d37b79a3-8c4f-4b8a-8508-1150e238c472,Xenon Lamp,2319,nm,absorbance,806.7668108162675
814.604,19.997751,d37b79a3-8c4f-4b8a-8508-1150e238c472,Xenon Lamp,2320,nm,absorbance,806.9504395991787
814.789,18.587015,d37b79a3-8c4f-4b8a-8508-1150e238c472,Xenon Lamp,2321,nm,absorbance,807.1340683820897
814.973,23.098848999999998,d37b79a3-8c4f-4b8a-8508-1150e238c472,Xenon Lamp,2322,nm,absorbance,807.3167045769851
815.158,24.542409,d37b79a3-8c4f-4b8a-8508-1150e238c472,Xenon Lamp,2323,nm,absorbance,807.5003333598963
815.343,27.303165,d37b79a3-8c4f-4b8a-8508-1150e238c472,Xenon Lamp,2324,nm,absorbance,807.6839621428073
815.528,29.388631999999998,d37b79a3-8c4f-4b8a-8508-1150e238c472,Xenon Lamp,2325,nm,absorbance,807.8675909257186
815.712,25.45522500000001,d37b79a3-8c4f-4b8a-8508-1150e238c472,Xenon Lamp,2326,nm,absorbance,808.050227120614
815.897,21.868997,d37b79a3-8c4f-4b8a-8508-1150e238c472,Xenon Lamp,2327,nm,absorbance,808.2338559035251
816.081,17.145334,d37b79a3-8c4f-4b8a-8508-1150e238c472,Xenon Lamp,2328,nm,absorbance,808.4164920984205
816.266,19.254805,d37b79a3-8c4f-4b8a-8508-1150e238c472,Xenon Lamp,2329,nm,absorbance,808.6001208813316
816.451,22.137169000000004,d37b79a3-8c4f-4b8a-8508-1150e238c472,Xenon Lamp,2330,nm,absorbance,808.7837496642428
816.635,21.946721,d37b79a3-8c4f-4b8a-8508-1150e238c472,Xenon Lamp,2331,nm,absorbance,808.9663858591381
816.82,22.697766,d37b79a3-8c4f-4b8a-8508-1150e238c472,Xenon Lamp,2332,nm,absorbance,809.1500146420493
817.004,22.110504,d37b79a3-8c4f-4b8a-8508-1150e238c472,Xenon Lamp,2333,nm,absorbance,809.3326508369447
817.189,22.020905000000003,d37b79a3-8c4f-4b8a-8508-1150e238c472,Xenon Lamp,2334,nm,absorbance,809.5162796198557
817.374,20.414005000000003,d37b79a3-8c4f-4b8a-8508-1150e238c472,Xenon Lamp,2335,nm,absorbance,809.6999084027669
817.558,16.001986999999996,d37b79a3-8c4f-4b8a-8508-1150e238c472,Xenon Lamp,2336,nm,absorbance,809.8825445976623
817.743,15.283668,d37b79a3-8c4f-4b8a-8508-1150e238c472,Xenon Lamp,2337,nm,absorbance,810.0661733805734
817.927,13.50598,d37b79a3-8c4f-4b8a-8508-1150e238c472,Xenon Lamp,2338,nm,absorbance,810.2488095754688
818.111,18.55382,d37b79a3-8c4f-4b8a-8508-1150e238c472,Xenon Lamp,2339,nm,absorbance,810.4314457703642
818.296,22.90184,d37b79a3-8c4f-4b8a-8508-1150e238c472,Xenon Lamp,2340,nm,absorbance,810.6150745532753
818.48,24.783231,d37b79a3-8c4f-4b8a-8508-1150e238c472,Xenon Lamp,2341,nm,absorbance,810.7977107481707
818.665,24.095225,d37b79a3-8c4f-4b8a-8508-1150e238c472,Xenon Lamp,2342,nm,absorbance,810.9813395310819
818.849,16.709726,d37b79a3-8c4f-4b8a-8508-1150e238c472,Xenon Lamp,2343,nm,absorbance,811.1639757259773
819.034,14.688313000000004,d37b79a3-8c4f-4b8a-8508-1150e238c472,Xenon Lamp,2344,nm,absorbance,811.3476045088884
819.218,14.784798,d37b79a3-8c4f-4b8a-8508-1150e238c472,Xenon Lamp,2345,nm,absorbance,811.5302407037838
819.402,21.389744,d37b79a3-8c4f-4b8a-8508-1150e238c472,Xenon Lamp,2346,nm,absorbance,811.7128768986793
819.587,18.237552,d37b79a3-8c4f-4b8a-8508-1150e238c472,Xenon Lamp,2347,nm,absorbance,811.8965056815903
819.771,11.202958,d37b79a3-8c4f-4b8a-8508-1150e238c472,Xenon Lamp,2348,nm,absorbance,812.0791418764857
819.955,6.708023,d37b79a3-8c4f-4b8a-8508-1150e238c472,Xenon Lamp,2349,nm,absorbance,812.2617780713812
820.14,13.038321,d37b79a3-8c4f-4b8a-8508-1150e238c472,Xenon Lamp,2350,nm,absorbance,812.4454068542922
820.324,19.763079,d37b79a3-8c4f-4b8a-8508-1150e238c472,Xenon Lamp,2351,nm,absorbance,812.6280430491876
820.508,20.026218,d37b79a3-8c4f-4b8a-8508-1150e238c472,Xenon Lamp,2352,nm,absorbance,812.8106792440831
820.692,17.48016,d37b79a3-8c4f-4b8a-8508-1150e238c472,Xenon Lamp,2353,nm,absorbance,812.9933154389784
820.877,13.355501,d37b79a3-8c4f-4b8a-8508-1150e238c472,Xenon Lamp,2354,nm,absorbance,813.1769442218895
821.061,12.860942,d37b79a3-8c4f-4b8a-8508-1150e238c472,Xenon Lamp,2355,nm,absorbance,813.359580416785
821.245,16.332515,d37b79a3-8c4f-4b8a-8508-1150e238c472,Xenon Lamp,2356,nm,absorbance,813.5422166116803
821.429,19.213076000000004,d37b79a3-8c4f-4b8a-8508-1150e238c472,Xenon Lamp,2357,nm,absorbance,813.7248528065757
821.613,23.415385,d37b79a3-8c4f-4b8a-8508-1150e238c472,Xenon Lamp,2358,nm,absorbance,813.9074890014712
821.798,24.68434,d37b79a3-8c4f-4b8a-8508-1150e238c472,Xenon Lamp,2359,nm,absorbance,814.0911177843823
821.982,27.566078,d37b79a3-8c4f-4b8a-8508-1150e238c472,Xenon Lamp,2360,nm,absorbance,814.2737539792776
822.166,27.824966,d37b79a3-8c4f-4b8a-8508-1150e238c472,Xenon Lamp,2361,nm,absorbance,814.4563901741731
822.35,26.531546,d37b79a3-8c4f-4b8a-8508-1150e238c472,Xenon Lamp,2362,nm,absorbance,814.6390263690685
822.534,29.514656,d37b79a3-8c4f-4b8a-8508-1150e238c472,Xenon Lamp,2363,nm,absorbance,814.8216625639637
822.718,36.254174000000006,d37b79a3-8c4f-4b8a-8508-1150e238c472,Xenon Lamp,2364,nm,absorbance,815.0042987588591
822.902,37.179144,d37b79a3-8c4f-4b8a-8508-1150e238c472,Xenon Lamp,2365,nm,absorbance,815.1869349537546
823.086,37.184504,d37b79a3-8c4f-4b8a-8508-1150e238c472,Xenon Lamp,2366,nm,absorbance,815.36957114865
823.27,37.963807,d37b79a3-8c4f-4b8a-8508-1150e238c472,Xenon Lamp,2367,nm,absorbance,815.5522073435453
823.454,41.619217,d37b79a3-8c4f-4b8a-8508-1150e238c472,Xenon Lamp,2368,nm,absorbance,815.7348435384407
823.638,46.919155,d37b79a3-8c4f-4b8a-8508-1150e238c472,Xenon Lamp,2369,nm,absorbance,815.9174797333362
823.822,54.544012,d37b79a3-8c4f-4b8a-8508-1150e238c472,Xenon Lamp,2370,nm,absorbance,816.1001159282315
824.006,91.692092,d37b79a3-8c4f-4b8a-8508-1150e238c472,Xenon Lamp,2371,nm,absorbance,816.2827521231269
824.19,181.571932,d37b79a3-8c4f-4b8a-8508-1150e238c472,Xenon Lamp,2372,nm,absorbance,816.4653883180224
824.374,327.691405,d37b79a3-8c4f-4b8a-8508-1150e238c472,Xenon Lamp,2373,nm,absorbance,816.6480245129178
824.558,496.320025,d37b79a3-8c4f-4b8a-8508-1150e238c472,Xenon Lamp,2374,nm,absorbance,816.8306607078131
824.742,672.4854849999999,d37b79a3-8c4f-4b8a-8508-1150e238c472,Xenon Lamp,2375,nm,absorbance,817.0132969027085
824.926,853.9860260000002,d37b79a3-8c4f-4b8a-8508-1150e238c472,Xenon Lamp,2376,nm,absorbance,817.195933097604
825.11,1032.881642,d37b79a3-8c4f-4b8a-8508-1150e238c472,Xenon Lamp,2377,nm,absorbance,817.3785692924993
825.294,1216.752693,d37b79a3-8c4f-4b8a-8508-1150e238c472,Xenon Lamp,2378,nm,absorbance,817.5612054873947
825.477,1375.4291319999998,d37b79a3-8c4f-4b8a-8508-1150e238c472,Xenon Lamp,2379,nm,absorbance,817.7428490942743
825.661,1518.1026500000005,d37b79a3-8c4f-4b8a-8508-1150e238c472,Xenon Lamp,2380,nm,absorbance,817.9254852891697
825.845,1626.6047109999995,d37b79a3-8c4f-4b8a-8508-1150e238c472,Xenon Lamp,2381,nm,absorbance,818.1081214840651
826.029,1736.7811850000005,d37b79a3-8c4f-4b8a-8508-1150e238c472,Xenon Lamp,2382,nm,absorbance,818.2907576789605
826.213,1852.222937,d37b79a3-8c4f-4b8a-8508-1150e238c472,Xenon Lamp,2383,nm,absorbance,818.4733938738559
826.396,1961.7088340000005,d37b79a3-8c4f-4b8a-8508-1150e238c472,Xenon Lamp,2384,nm,absorbance,818.6550374807356
826.58,2051.0642740000003,d37b79a3-8c4f-4b8a-8508-1150e238c472,Xenon Lamp,2385,nm,absorbance,818.837673675631
826.764,2126.7768180000003,d37b79a3-8c4f-4b8a-8508-1150e238c472,Xenon Lamp,2386,nm,absorbance,819.0203098705264
826.948,2192.327044,d37b79a3-8c4f-4b8a-8508-1150e238c472,Xenon Lamp,2387,nm,absorbance,819.2029460654218
827.131,2259.5573269999995,d37b79a3-8c4f-4b8a-8508-1150e238c472,Xenon Lamp,2388,nm,absorbance,819.3845896723014
827.315,2307.463693,d37b79a3-8c4f-4b8a-8508-1150e238c472,Xenon Lamp,2389,nm,absorbance,819.5672258671968
827.499,2343.1824610000003,d37b79a3-8c4f-4b8a-8508-1150e238c472,Xenon Lamp,2390,nm,absorbance,819.7498620620922
827.682,2369.853918,d37b79a3-8c4f-4b8a-8508-1150e238c472,Xenon Lamp,2391,nm,absorbance,819.9315056689719
827.866,2391.621777,d37b79a3-8c4f-4b8a-8508-1150e238c472,Xenon Lamp,2392,nm,absorbance,820.1141418638673
828.05,2413.6804070000003,d37b79a3-8c4f-4b8a-8508-1150e238c472,Xenon Lamp,2393,nm,absorbance,820.2967780587626
828.233,2420.6047460000004,d37b79a3-8c4f-4b8a-8508-1150e238c472,Xenon Lamp,2394,nm,absorbance,820.4784216656423
828.417,2422.166689,d37b79a3-8c4f-4b8a-8508-1150e238c472,Xenon Lamp,2395,nm,absorbance,820.6610578605378
828.6,2431.14724,d37b79a3-8c4f-4b8a-8508-1150e238c472,Xenon Lamp,2396,nm,absorbance,820.8427014674174
828.784,2453.498818,d37b79a3-8c4f-4b8a-8508-1150e238c472,Xenon Lamp,2397,nm,absorbance,821.0253376623127
828.967,2529.1724350000004,d37b79a3-8c4f-4b8a-8508-1150e238c472,Xenon Lamp,2398,nm,absorbance,821.2069812691924
829.151,2609.192277000001,d37b79a3-8c4f-4b8a-8508-1150e238c472,Xenon Lamp,2399,nm,absorbance,821.3896174640878
829.335,2686.224185,d37b79a3-8c4f-4b8a-8508-1150e238c472,Xenon Lamp,2400,nm,absorbance,821.5722536589832
829.518,2711.485664,d37b79a3-8c4f-4b8a-8508-1150e238c472,Xenon Lamp,2401,nm,absorbance,821.7538972658629
829.701,2731.5634990000003,d37b79a3-8c4f-4b8a-8508-1150e238c472,Xenon Lamp,2402,nm,absorbance,821.9355408727425
829.885,2759.235227,d37b79a3-8c4f-4b8a-8508-1150e238c472,Xenon Lamp,2403,nm,absorbance,822.1181770676379
830.068,2808.999864,d37b79a3-8c4f-4b8a-8508-1150e238c472,Xenon Lamp,2404,nm,absorbance,822.2998206745176
830.252,2841.360033,d37b79a3-8c4f-4b8a-8508-1150e238c472,Xenon Lamp,2405,nm,absorbance,822.4824568694129
830.435,2872.200119,d37b79a3-8c4f-4b8a-8508-1150e238c472,Xenon Lamp,2406,nm,absorbance,822.6641004762926
830.619,2890.845843,d37b79a3-8c4f-4b8a-8508-1150e238c472,Xenon Lamp,2407,nm,absorbance,822.8467366711881
830.802,2949.4265479999995,d37b79a3-8c4f-4b8a-8508-1150e238c472,Xenon Lamp,2408,nm,absorbance,823.0283802780677
830.985,2989.9123320000003,d37b79a3-8c4f-4b8a-8508-1150e238c472,Xenon Lamp,2409,nm,absorbance,823.2100238849473
831.169,3029.779504,d37b79a3-8c4f-4b8a-8508-1150e238c472,Xenon Lamp,2410,nm,absorbance,823.3926600798427
831.352,3036.5146750000004,d37b79a3-8c4f-4b8a-8508-1150e238c472,Xenon Lamp,2411,nm,absorbance,823.5743036867224
831.535,3066.572199,d37b79a3-8c4f-4b8a-8508-1150e238c472,Xenon Lamp,2412,nm,absorbance,823.755947293602
831.719,3114.269927,d37b79a3-8c4f-4b8a-8508-1150e238c472,Xenon Lamp,2413,nm,absorbance,823.9385834884974
831.902,3151.319377,d37b79a3-8c4f-4b8a-8508-1150e238c472,Xenon Lamp,2414,nm,absorbance,824.1202270953771
832.085,3161.7902710000003,d37b79a3-8c4f-4b8a-8508-1150e238c472,Xenon Lamp,2415,nm,absorbance,824.3018707022568
832.269,3133.763686,d37b79a3-8c4f-4b8a-8508-1150e238c472,Xenon Lamp,2416,nm,absorbance,824.4845068971522
832.452,3086.4625210000004,d37b79a3-8c4f-4b8a-8508-1150e238c472,Xenon Lamp,2417,nm,absorbance,824.6661505040317
832.635,3002.95177,d37b79a3-8c4f-4b8a-8508-1150e238c472,Xenon Lamp,2418,nm,absorbance,824.8477941109114
832.818,2865.4940020000004,d37b79a3-8c4f-4b8a-8508-1150e238c472,Xenon Lamp,2419,nm,absorbance,825.0294377177911
833.002,2690.478368,d37b79a3-8c4f-4b8a-8508-1150e238c472,Xenon Lamp,2420,nm,absorbance,825.2120739126865
833.185,2485.455113,d37b79a3-8c4f-4b8a-8508-1150e238c472,Xenon Lamp,2421,nm,absorbance,825.393717519566
833.368,2314.754481,d37b79a3-8c4f-4b8a-8508-1150e238c472,Xenon Lamp,2422,nm,absorbance,825.5753611264458
833.551,2163.483769,d37b79a3-8c4f-4b8a-8508-1150e238c472,Xenon Lamp,2423,nm,absorbance,825.7570047333255
833.734,2065.7007509999994,d37b79a3-8c4f-4b8a-8508-1150e238c472,Xenon Lamp,2424,nm,absorbance,825.9386483402052
833.917,1971.721415,d37b79a3-8c4f-4b8a-8508-1150e238c472,Xenon Lamp,2425,nm,absorbance,826.1202919470849
834.1,1902.811301,d37b79a3-8c4f-4b8a-8508-1150e238c472,Xenon Lamp,2426,nm,absorbance,826.3019355539644
834.284,1823.821142,d37b79a3-8c4f-4b8a-8508-1150e238c472,Xenon Lamp,2427,nm,absorbance,826.4845717488598
834.467,1747.8937850000002,d37b79a3-8c4f-4b8a-8508-1150e238c472,Xenon Lamp,2428,nm,absorbance,826.6662153557395
834.65,1662.050608,d37b79a3-8c4f-4b8a-8508-1150e238c472,Xenon Lamp,2429,nm,absorbance,826.8478589626192
834.833,1585.628517,d37b79a3-8c4f-4b8a-8508-1150e238c472,Xenon Lamp,2430,nm,absorbance,827.0295025694987
835.016,1509.1683729999995,d37b79a3-8c4f-4b8a-8508-1150e238c472,Xenon Lamp,2431,nm,absorbance,827.2111461763784
835.199,1448.232628,d37b79a3-8c4f-4b8a-8508-1150e238c472,Xenon Lamp,2432,nm,absorbance,827.3927897832581
835.382,1377.8053489999998,d37b79a3-8c4f-4b8a-8508-1150e238c472,Xenon Lamp,2433,nm,absorbance,827.5744333901378
835.565,1329.0373329999998,d37b79a3-8c4f-4b8a-8508-1150e238c472,Xenon Lamp,2434,nm,absorbance,827.7560769970175
835.748,1273.938188,d37b79a3-8c4f-4b8a-8508-1150e238c472,Xenon Lamp,2435,nm,absorbance,827.9377206038971
835.931,1227.200731,d37b79a3-8c4f-4b8a-8508-1150e238c472,Xenon Lamp,2436,nm,absorbance,828.1193642107768
836.114,1182.2053440000002,d37b79a3-8c4f-4b8a-8508-1150e238c472,Xenon Lamp,2437,nm,absorbance,828.3010078176565
836.297,1139.1412329999998,d37b79a3-8c4f-4b8a-8508-1150e238c472,Xenon Lamp,2438,nm,absorbance,828.4826514245361
836.479,1100.3100280000003,d37b79a3-8c4f-4b8a-8508-1150e238c472,Xenon Lamp,2439,nm,absorbance,828.6633024434001
836.662,1076.673446,d37b79a3-8c4f-4b8a-8508-1150e238c472,Xenon Lamp,2440,nm,absorbance,828.8449460502796
836.845,1057.084512,d37b79a3-8c4f-4b8a-8508-1150e238c472,Xenon Lamp,2441,nm,absorbance,829.0265896571593
837.028,1045.923725,d37b79a3-8c4f-4b8a-8508-1150e238c472,Xenon Lamp,2442,nm,absorbance,829.208233264039
837.211,1003.657592,d37b79a3-8c4f-4b8a-8508-1150e238c472,Xenon Lamp,2443,nm,absorbance,829.3898768709187
837.394,964.553092,d37b79a3-8c4f-4b8a-8508-1150e238c472,Xenon Lamp,2444,nm,absorbance,829.5715204777982
837.577,903.904275,d37b79a3-8c4f-4b8a-8508-1150e238c472,Xenon Lamp,2445,nm,absorbance,829.7531640846779
837.759,832.420607,d37b79a3-8c4f-4b8a-8508-1150e238c472,Xenon Lamp,2446,nm,absorbance,829.9338151035419
837.942,744.3529259999999,d37b79a3-8c4f-4b8a-8508-1150e238c472,Xenon Lamp,2447,nm,absorbance,830.1154587104215
838.125,661.5192410000001,d37b79a3-8c4f-4b8a-8508-1150e238c472,Xenon Lamp,2448,nm,absorbance,830.2971023173012
838.308,592.7640680000001,d37b79a3-8c4f-4b8a-8508-1150e238c472,Xenon Lamp,2449,nm,absorbance,830.4787459241808
838.49,562.1335059999999,d37b79a3-8c4f-4b8a-8508-1150e238c472,Xenon Lamp,2450,nm,absorbance,830.6593969430447
838.673,516.970541,d37b79a3-8c4f-4b8a-8508-1150e238c472,Xenon Lamp,2451,nm,absorbance,830.8410405499244
838.856,485.035932,d37b79a3-8c4f-4b8a-8508-1150e238c472,Xenon Lamp,2452,nm,absorbance,831.0226841568041
839.039,428.7321040000001,d37b79a3-8c4f-4b8a-8508-1150e238c472,Xenon Lamp,2453,nm,absorbance,831.2043277636838
839.221,396.643726,d37b79a3-8c4f-4b8a-8508-1150e238c472,Xenon Lamp,2454,nm,absorbance,831.3849787825477
839.404,364.622006,d37b79a3-8c4f-4b8a-8508-1150e238c472,Xenon Lamp,2455,nm,absorbance,831.5666223894273
839.587,340.38188,d37b79a3-8c4f-4b8a-8508-1150e238c472,Xenon Lamp,2456,nm,absorbance,831.7482659963069
839.769,317.297991,d37b79a3-8c4f-4b8a-8508-1150e238c472,Xenon Lamp,2457,nm,absorbance,831.9289170151709
839.952,293.342118,d37b79a3-8c4f-4b8a-8508-1150e238c472,Xenon Lamp,2458,nm,absorbance,832.1105606220506
840.134,274.287155,d37b79a3-8c4f-4b8a-8508-1150e238c472,Xenon Lamp,2459,nm,absorbance,832.2912116409145
840.317,254.310309,d37b79a3-8c4f-4b8a-8508-1150e238c472,Xenon Lamp,2460,nm,absorbance,832.4728552477941
840.499,234.329094,d37b79a3-8c4f-4b8a-8508-1150e238c472,Xenon Lamp,2461,nm,absorbance,832.653506266658
840.682,213.544509,d37b79a3-8c4f-4b8a-8508-1150e238c472,Xenon Lamp,2462,nm,absorbance,832.8351498735377
840.865,195.390567,d37b79a3-8c4f-4b8a-8508-1150e238c472,Xenon Lamp,2463,nm,absorbance,833.0167934804174
841.047,181.128775,d37b79a3-8c4f-4b8a-8508-1150e238c472,Xenon Lamp,2464,nm,absorbance,833.1974444992813
841.23,168.42683,d37b79a3-8c4f-4b8a-8508-1150e238c472,Xenon Lamp,2465,nm,absorbance,833.3790881061609
841.412,156.668753,d37b79a3-8c4f-4b8a-8508-1150e238c472,Xenon Lamp,2466,nm,absorbance,833.5597391250249
841.595,143.17535400000003,d37b79a3-8c4f-4b8a-8508-1150e238c472,Xenon Lamp,2467,nm,absorbance,833.7413827319045
841.777,129.841216,d37b79a3-8c4f-4b8a-8508-1150e238c472,Xenon Lamp,2468,nm,absorbance,833.9220337507685
841.959,124.97812199999998,d37b79a3-8c4f-4b8a-8508-1150e238c472,Xenon Lamp,2469,nm,absorbance,834.1026847696323
842.142,125.712205,d37b79a3-8c4f-4b8a-8508-1150e238c472,Xenon Lamp,2470,nm,absorbance,834.2843283765121
842.324,128.707495,d37b79a3-8c4f-4b8a-8508-1150e238c472,Xenon Lamp,2471,nm,absorbance,834.4649793953758
842.507,134.839917,d37b79a3-8c4f-4b8a-8508-1150e238c472,Xenon Lamp,2472,nm,absorbance,834.6466230022555
842.689,140.019717,d37b79a3-8c4f-4b8a-8508-1150e238c472,Xenon Lamp,2473,nm,absorbance,834.8272740211195
842.871,149.286521,d37b79a3-8c4f-4b8a-8508-1150e238c472,Xenon Lamp,2474,nm,absorbance,835.0079250399834
843.054,157.169443,d37b79a3-8c4f-4b8a-8508-1150e238c472,Xenon Lamp,2475,nm,absorbance,835.1895686468631
843.236,169.152477,d37b79a3-8c4f-4b8a-8508-1150e238c472,Xenon Lamp,2476,nm,absorbance,835.3702196657271
843.418,179.589332,d37b79a3-8c4f-4b8a-8508-1150e238c472,Xenon Lamp,2477,nm,absorbance,835.5508706845909
843.601,186.928708,d37b79a3-8c4f-4b8a-8508-1150e238c472,Xenon Lamp,2478,nm,absorbance,835.7325142914706
843.783,188.871301,d37b79a3-8c4f-4b8a-8508-1150e238c472,Xenon Lamp,2479,nm,absorbance,835.9131653103345
843.965,193.014521,d37b79a3-8c4f-4b8a-8508-1150e238c472,Xenon Lamp,2480,nm,absorbance,836.0938163291985
844.147,197.508087,d37b79a3-8c4f-4b8a-8508-1150e238c472,Xenon Lamp,2481,nm,absorbance,836.2744673480624
844.33,200.374947,d37b79a3-8c4f-4b8a-8508-1150e238c472,Xenon Lamp,2482,nm,absorbance,836.456110954942
844.512,197.256894,d37b79a3-8c4f-4b8a-8508-1150e238c472,Xenon Lamp,2483,nm,absorbance,836.6367619738058
844.694,194.355119,d37b79a3-8c4f-4b8a-8508-1150e238c472,Xenon Lamp,2484,nm,absorbance,836.8174129926698
844.876,190.861638,d37b79a3-8c4f-4b8a-8508-1150e238c472,Xenon Lamp,2485,nm,absorbance,836.9980640115338
845.059,194.10295,d37b79a3-8c4f-4b8a-8508-1150e238c472,Xenon Lamp,2486,nm,absorbance,837.1797076184134
845.241,185.00708,d37b79a3-8c4f-4b8a-8508-1150e238c472,Xenon Lamp,2487,nm,absorbance,837.3603586372774
845.423,178.15504500000003,d37b79a3-8c4f-4b8a-8508-1150e238c472,Xenon Lamp,2488,nm,absorbance,837.5410096561413
845.605,162.84656800000002,d37b79a3-8c4f-4b8a-8508-1150e238c472,Xenon Lamp,2489,nm,absorbance,837.7216606750052
845.787,166.50343400000003,d37b79a3-8c4f-4b8a-8508-1150e238c472,Xenon Lamp,2490,nm,absorbance,837.9023116938691
845.969,167.100509,d37b79a3-8c4f-4b8a-8508-1150e238c472,Xenon Lamp,2491,nm,absorbance,838.0829627127331
846.151,168.665877,d37b79a3-8c4f-4b8a-8508-1150e238c472,Xenon Lamp,2492,nm,absorbance,838.2636137315969
846.333,165.342316,d37b79a3-8c4f-4b8a-8508-1150e238c472,Xenon Lamp,2493,nm,absorbance,838.4442647504609
846.515,162.733901,d37b79a3-8c4f-4b8a-8508-1150e238c472,Xenon Lamp,2494,nm,absorbance,838.6249157693248
846.697,163.01155799999998,d37b79a3-8c4f-4b8a-8508-1150e238c472,Xenon Lamp,2495,nm,absorbance,838.8055667881887
846.879,160.851866,d37b79a3-8c4f-4b8a-8508-1150e238c472,Xenon Lamp,2496,nm,absorbance,838.9862178070526
847.061,161.339204,d37b79a3-8c4f-4b8a-8508-1150e238c472,Xenon Lamp,2497,nm,absorbance,839.1668688259166
847.243,160.00788200000002,d37b79a3-8c4f-4b8a-8508-1150e238c472,Xenon Lamp,2498,nm,absorbance,839.3475198447805
847.425,156.18590999999998,d37b79a3-8c4f-4b8a-8508-1150e238c472,Xenon Lamp,2499,nm,absorbance,839.5281708636444
847.607,150.71987399999998,d37b79a3-8c4f-4b8a-8508-1150e238c472,Xenon Lamp,2500,nm,absorbance,839.7088218825083
847.789,145.526811,d37b79a3-8c4f-4b8a-8508-1150e238c472,Xenon Lamp,2501,nm,absorbance,839.8894729013723
847.971,143.030277,d37b79a3-8c4f-4b8a-8508-1150e238c472,Xenon Lamp,2502,nm,absorbance,840.0701239202361
848.153,145.094784,d37b79a3-8c4f-4b8a-8508-1150e238c472,Xenon Lamp,2503,nm,absorbance,840.2507749391001
848.335,142.401932,d37b79a3-8c4f-4b8a-8508-1150e238c472,Xenon Lamp,2504,nm,absorbance,840.431425957964
848.517,139.259788,d37b79a3-8c4f-4b8a-8508-1150e238c472,Xenon Lamp,2505,nm,absorbance,840.612076976828
848.699,132.96952700000003,d37b79a3-8c4f-4b8a-8508-1150e238c472,Xenon Lamp,2506,nm,absorbance,840.7927279956918
848.881,135.65022,d37b79a3-8c4f-4b8a-8508-1150e238c472,Xenon Lamp,2507,nm,absorbance,840.9733790145558
849.062,135.28405300000003,d37b79a3-8c4f-4b8a-8508-1150e238c472,Xenon Lamp,2508,nm,absorbance,841.153037445404
849.244,135.405176,d37b79a3-8c4f-4b8a-8508-1150e238c472,Xenon Lamp,2509,nm,absorbance,841.3336884642679
849.426,131.57476,d37b79a3-8c4f-4b8a-8508-1150e238c472,Xenon Lamp,2510,nm,absorbance,841.5143394831318
849.608,133.78300900000002,d37b79a3-8c4f-4b8a-8508-1150e238c472,Xenon Lamp,2511,nm,absorbance,841.6949905019957
849.789,132.626596,d37b79a3-8c4f-4b8a-8508-1150e238c472,Xenon Lamp,2512,nm,absorbance,841.8746489328439
849.971,130.803201,d37b79a3-8c4f-4b8a-8508-1150e238c472,Xenon Lamp,2513,nm,absorbance,842.0552999517079
850.153,124.27327200000002,d37b79a3-8c4f-4b8a-8508-1150e238c472,Xenon Lamp,2514,nm,absorbance,842.2359509705718
850.335,121.89949500000004,d37b79a3-8c4f-4b8a-8508-1150e238c472,Xenon Lamp,2515,nm,absorbance,842.4166019894358
850.516,120.051898,d37b79a3-8c4f-4b8a-8508-1150e238c472,Xenon Lamp,2516,nm,absorbance,842.5962604202839
850.698,113.704309,d37b79a3-8c4f-4b8a-8508-1150e238c472,Xenon Lamp,2517,nm,absorbance,842.7769114391477
850.88,100.421325,d37b79a3-8c4f-4b8a-8508-1150e238c472,Xenon Lamp,2518,nm,absorbance,842.9575624580117
851.061,86.906823,d37b79a3-8c4f-4b8a-8508-1150e238c472,Xenon Lamp,2519,nm,absorbance,843.1372208888599
851.243,75.982434,d37b79a3-8c4f-4b8a-8508-1150e238c472,Xenon Lamp,2520,nm,absorbance,843.3178719077239
851.425,68.58989700000001,d37b79a3-8c4f-4b8a-8508-1150e238c472,Xenon Lamp,2521,nm,absorbance,843.4985229265877
851.606,65.58658299999999,d37b79a3-8c4f-4b8a-8508-1150e238c472,Xenon Lamp,2522,nm,absorbance,843.678181357436
851.788,63.06490599999999,d37b79a3-8c4f-4b8a-8508-1150e238c472,Xenon Lamp,2523,nm,absorbance,843.8588323762999
851.969,60.603337,d37b79a3-8c4f-4b8a-8508-1150e238c472,Xenon Lamp,2524,nm,absorbance,844.0384908071482
852.151,51.390522,d37b79a3-8c4f-4b8a-8508-1150e238c472,Xenon Lamp,2525,nm,absorbance,844.2191418260119
852.333,42.925478,d37b79a3-8c4f-4b8a-8508-1150e238c472,Xenon Lamp,2526,nm,absorbance,844.3997928448758
852.514,38.04935400000001,d37b79a3-8c4f-4b8a-8508-1150e238c472,Xenon Lamp,2527,nm,absorbance,844.5794512757241
852.696,34.46817600000001,d37b79a3-8c4f-4b8a-8508-1150e238c472,Xenon Lamp,2528,nm,absorbance,844.760102294588
852.877,31.371963,d37b79a3-8c4f-4b8a-8508-1150e238c472,Xenon Lamp,2529,nm,absorbance,844.9397607254361
853.059,30.826548000000003,d37b79a3-8c4f-4b8a-8508-1150e238c472,Xenon Lamp,2530,nm,absorbance,845.1204117443001
853.24,23.193863,d37b79a3-8c4f-4b8a-8508-1150e238c472,Xenon Lamp,2531,nm,absorbance,845.3000701751483
853.422,22.416073,d37b79a3-8c4f-4b8a-8508-1150e238c472,Xenon Lamp,2532,nm,absorbance,845.4807211940123
853.603,17.296726999999997,d37b79a3-8c4f-4b8a-8508-1150e238c472,Xenon Lamp,2533,nm,absorbance,845.6603796248604
853.784,20.083539,d37b79a3-8c4f-4b8a-8508-1150e238c472,Xenon Lamp,2534,nm,absorbance,845.8400380557085
853.966,15.89308,d37b79a3-8c4f-4b8a-8508-1150e238c472,Xenon Lamp,2535,nm,absorbance,846.0206890745725
854.147,13.860478999999998,d37b79a3-8c4f-4b8a-8508-1150e238c472,Xenon Lamp,2536,nm,absorbance,846.2003475054207
854.329,12.431064,d37b79a3-8c4f-4b8a-8508-1150e238c472,Xenon Lamp,2537,nm,absorbance,846.3809985242846
854.51,14.884636,d37b79a3-8c4f-4b8a-8508-1150e238c472,Xenon Lamp,2538,nm,absorbance,846.5606569551328
854.691,12.099405,d37b79a3-8c4f-4b8a-8508-1150e238c472,Xenon Lamp,2539,nm,absorbance,846.740315385981
854.873,9.884727000000002,d37b79a3-8c4f-4b8a-8508-1150e238c472,Xenon Lamp,2540,nm,absorbance,846.920966404845
855.054,12.065859,d37b79a3-8c4f-4b8a-8508-1150e238c472,Xenon Lamp,2541,nm,absorbance,847.1006248356931
855.235,15.919453,d37b79a3-8c4f-4b8a-8508-1150e238c472,Xenon Lamp,2542,nm,absorbance,847.2802832665413
855.416,18.561551,d37b79a3-8c4f-4b8a-8508-1150e238c472,Xenon Lamp,2543,nm,absorbance,847.4599416973895
855.598,9.566193000000002,d37b79a3-8c4f-4b8a-8508-1150e238c472,Xenon Lamp,2544,nm,absorbance,847.6405927162533
855.779,4.132308,d37b79a3-8c4f-4b8a-8508-1150e238c472,Xenon Lamp,2545,nm,absorbance,847.8202511471015
855.96,-0.647813,d37b79a3-8c4f-4b8a-8508-1150e238c472,Xenon Lamp,2546,nm,absorbance,847.9999095779498
856.141,7.517808,d37b79a3-8c4f-4b8a-8508-1150e238c472,Xenon Lamp,2547,nm,absorbance,848.1795680087979
856.323,8.495242999999999,d37b79a3-8c4f-4b8a-8508-1150e238c472,Xenon Lamp,2548,nm,absorbance,848.3602190276619
856.504,14.003502,d37b79a3-8c4f-4b8a-8508-1150e238c472,Xenon Lamp,2549,nm,absorbance,848.5398774585101
856.685,10.091089000000002,d37b79a3-8c4f-4b8a-8508-1150e238c472,Xenon Lamp,2550,nm,absorbance,848.7195358893582
856.866,10.921805999999998,d37b79a3-8c4f-4b8a-8508-1150e238c472,Xenon Lamp,2551,nm,absorbance,848.8991943202064
857.047,8.911324,d37b79a3-8c4f-4b8a-8508-1150e238c472,Xenon Lamp,2552,nm,absorbance,849.0788527510547
857.228,4.707535999999999,d37b79a3-8c4f-4b8a-8508-1150e238c472,Xenon Lamp,2553,nm,absorbance,849.2585111819028
857.409,5.689289,d37b79a3-8c4f-4b8a-8508-1150e238c472,Xenon Lamp,2554,nm,absorbance,849.4381696127509
857.591,7.285860999999999,d37b79a3-8c4f-4b8a-8508-1150e238c472,Xenon Lamp,2555,nm,absorbance,849.6188206316149
857.772,12.826147,d37b79a3-8c4f-4b8a-8508-1150e238c472,Xenon Lamp,2556,nm,absorbance,849.7984790624631
857.953,12.777081,d37b79a3-8c4f-4b8a-8508-1150e238c472,Xenon Lamp,2557,nm,absorbance,849.9781374933112
858.134,11.941827,d37b79a3-8c4f-4b8a-8508-1150e238c472,Xenon Lamp,2558,nm,absorbance,850.1577959241595
858.315,6.105246999999999,d37b79a3-8c4f-4b8a-8508-1150e238c472,Xenon Lamp,2559,nm,absorbance,850.3374543550077
858.496,11.070697,d37b79a3-8c4f-4b8a-8508-1150e238c472,Xenon Lamp,2560,nm,absorbance,850.5171127858558
858.677,9.819359,d37b79a3-8c4f-4b8a-8508-1150e238c472,Xenon Lamp,2561,nm,absorbance,850.6967712167041
858.858,12.227472,d37b79a3-8c4f-4b8a-8508-1150e238c472,Xenon Lamp,2562,nm,absorbance,850.8764296475522
859.039,7.809119,d37b79a3-8c4f-4b8a-8508-1150e238c472,Xenon Lamp,2563,nm,absorbance,851.0560880784004
859.22,12.186075,d37b79a3-8c4f-4b8a-8508-1150e238c472,Xenon Lamp,2564,nm,absorbance,851.2357465092487
859.401,15.448573,d37b79a3-8c4f-4b8a-8508-1150e238c472,Xenon Lamp,2565,nm,absorbance,851.4154049400967
859.582,16.05606,d37b79a3-8c4f-4b8a-8508-1150e238c472,Xenon Lamp,2566,nm,absorbance,851.5950633709449
859.762,14.739127,d37b79a3-8c4f-4b8a-8508-1150e238c472,Xenon Lamp,2567,nm,absorbance,851.7737292137773
859.943,14.224609999999998,d37b79a3-8c4f-4b8a-8508-1150e238c472,Xenon Lamp,2568,nm,absorbance,851.9533876446255
860.124,15.463292,d37b79a3-8c4f-4b8a-8508-1150e238c472,Xenon Lamp,2569,nm,absorbance,852.1330460754738
860.305,10.663167,d37b79a3-8c4f-4b8a-8508-1150e238c472,Xenon Lamp,2570,nm,absorbance,852.3127045063219
860.486,8.48823,d37b79a3-8c4f-4b8a-8508-1150e238c472,Xenon Lamp,2571,nm,absorbance,852.4923629371701
860.667,8.423776,d37b79a3-8c4f-4b8a-8508-1150e238c472,Xenon Lamp,2572,nm,absorbance,852.6720213680184
860.848,10.069485000000002,d37b79a3-8c4f-4b8a-8508-1150e238c472,Xenon Lamp,2573,nm,absorbance,852.8516797988665
861.028,12.117271,d37b79a3-8c4f-4b8a-8508-1150e238c472,Xenon Lamp,2574,nm,absorbance,853.030345641699
861.209,15.320067999999996,d37b79a3-8c4f-4b8a-8508-1150e238c472,Xenon Lamp,2575,nm,absorbance,853.2100040725471
861.39,15.910282,d37b79a3-8c4f-4b8a-8508-1150e238c472,Xenon Lamp,2576,nm,absorbance,853.3896625033954
861.571,15.794479,d37b79a3-8c4f-4b8a-8508-1150e238c472,Xenon Lamp,2577,nm,absorbance,853.5693209342436
861.751,10.350330000000003,d37b79a3-8c4f-4b8a-8508-1150e238c472,Xenon Lamp,2578,nm,absorbance,853.747986777076
861.932,9.193136,d37b79a3-8c4f-4b8a-8508-1150e238c472,Xenon Lamp,2579,nm,absorbance,853.9276452079242
862.113,14.393078000000004,d37b79a3-8c4f-4b8a-8508-1150e238c472,Xenon Lamp,2580,nm,absorbance,854.1073036387724
862.293,17.217982,d37b79a3-8c4f-4b8a-8508-1150e238c472,Xenon Lamp,2581,nm,absorbance,854.2859694816048
862.474,19.559095000000003,d37b79a3-8c4f-4b8a-8508-1150e238c472,Xenon Lamp,2582,nm,absorbance,854.465627912453
862.655,14.35992,d37b79a3-8c4f-4b8a-8508-1150e238c472,Xenon Lamp,2583,nm,absorbance,854.6452863433011
862.835,17.754940000000005,d37b79a3-8c4f-4b8a-8508-1150e238c472,Xenon Lamp,2584,nm,absorbance,854.8239521861336
863.016,17.369339000000004,d37b79a3-8c4f-4b8a-8508-1150e238c472,Xenon Lamp,2585,nm,absorbance,855.0036106169817
863.197,16.805585999999998,d37b79a3-8c4f-4b8a-8508-1150e238c472,Xenon Lamp,2586,nm,absorbance,855.18326904783
863.377,12.754873,d37b79a3-8c4f-4b8a-8508-1150e238c472,Xenon Lamp,2587,nm,absorbance,855.3619348906624
863.558,7.977222,d37b79a3-8c4f-4b8a-8508-1150e238c472,Xenon Lamp,2588,nm,absorbance,855.5415933215106
863.738,6.455159,d37b79a3-8c4f-4b8a-8508-1150e238c472,Xenon Lamp,2589,nm,absorbance,855.7202591643431
863.919,9.679884,d37b79a3-8c4f-4b8a-8508-1150e238c472,Xenon Lamp,2590,nm,absorbance,855.8999175951913
864.099,17.463254,d37b79a3-8c4f-4b8a-8508-1150e238c472,Xenon Lamp,2591,nm,absorbance,856.0785834380238
864.28,19.541408,d37b79a3-8c4f-4b8a-8508-1150e238c472,Xenon Lamp,2592,nm,absorbance,856.2582418688719
864.46,13.597310000000002,d37b79a3-8c4f-4b8a-8508-1150e238c472,Xenon Lamp,2593,nm,absorbance,856.4369077117044
864.641,7.609565000000001,d37b79a3-8c4f-4b8a-8508-1150e238c472,Xenon Lamp,2594,nm,absorbance,856.6165661425525
864.821,5.893824,d37b79a3-8c4f-4b8a-8508-1150e238c472,Xenon Lamp,2595,nm,absorbance,856.795231985385
865.002,7.419644,d37b79a3-8c4f-4b8a-8508-1150e238c472,Xenon Lamp,2596,nm,absorbance,856.9748904162332
865.182,8.423194,d37b79a3-8c4f-4b8a-8508-1150e238c472,Xenon Lamp,2597,nm,absorbance,857.1535562590657
865.363,8.719804000000002,d37b79a3-8c4f-4b8a-8508-1150e238c472,Xenon Lamp,2598,nm,absorbance,857.3332146899138
865.543,11.236152999999998,d37b79a3-8c4f-4b8a-8508-1150e238c472,Xenon Lamp,2599,nm,absorbance,857.5118805327462
865.723,14.617839999999998,d37b79a3-8c4f-4b8a-8508-1150e238c472,Xenon Lamp,2600,nm,absorbance,857.6905463755786
865.904,14.828383,d37b79a3-8c4f-4b8a-8508-1150e238c472,Xenon Lamp,2601,nm,absorbance,857.8702048064268
866.084,12.170845000000002,d37b79a3-8c4f-4b8a-8508-1150e238c472,Xenon Lamp,2602,nm,absorbance,858.0488706492592
866.264,6.579347999999999,d37b79a3-8c4f-4b8a-8508-1150e238c472,Xenon Lamp,2603,nm,absorbance,858.2275364920918
866.445,10.005569,d37b79a3-8c4f-4b8a-8508-1150e238c472,Xenon Lamp,2604,nm,absorbance,858.40719492294
866.625,10.333196,d37b79a3-8c4f-4b8a-8508-1150e238c472,Xenon Lamp,2605,nm,absorbance,858.5858607657724
866.805,15.713799000000003,d37b79a3-8c4f-4b8a-8508-1150e238c472,Xenon Lamp,2606,nm,absorbance,858.7645266086048
866.986,11.727397,d37b79a3-8c4f-4b8a-8508-1150e238c472,Xenon Lamp,2607,nm,absorbance,858.944185039453
867.166,10.838289,d37b79a3-8c4f-4b8a-8508-1150e238c472,Xenon Lamp,2608,nm,absorbance,859.1228508822855
867.346,11.520696,d37b79a3-8c4f-4b8a-8508-1150e238c472,Xenon Lamp,2609,nm,absorbance,859.301516725118
867.526,12.462941,d37b79a3-8c4f-4b8a-8508-1150e238c472,Xenon Lamp,2610,nm,absorbance,859.4801825679504
867.707,13.466086999999998,d37b79a3-8c4f-4b8a-8508-1150e238c472,Xenon Lamp,2611,nm,absorbance,859.6598409987986
867.887,11.613854,d37b79a3-8c4f-4b8a-8508-1150e238c472,Xenon Lamp,2612,nm,absorbance,859.838506841631
868.067,14.368865000000005,d37b79a3-8c4f-4b8a-8508-1150e238c472,Xenon Lamp,2613,nm,absorbance,860.0171726844635
868.247,14.836071999999998,d37b79a3-8c4f-4b8a-8508-1150e238c472,Xenon Lamp,2614,nm,absorbance,860.1958385272959
868.427,17.709287999999997,d37b79a3-8c4f-4b8a-8508-1150e238c472,Xenon Lamp,2615,nm,absorbance,860.3745043701284
868.607,15.980919999999998,d37b79a3-8c4f-4b8a-8508-1150e238c472,Xenon Lamp,2616,nm,absorbance,860.5531702129608
868.788,16.609381,d37b79a3-8c4f-4b8a-8508-1150e238c472,Xenon Lamp,2617,nm,absorbance,860.7328286438091
868.968,10.802958,d37b79a3-8c4f-4b8a-8508-1150e238c472,Xenon Lamp,2618,nm,absorbance,860.9114944866415
869.148,9.237409,d37b79a3-8c4f-4b8a-8508-1150e238c472,Xenon Lamp,2619,nm,absorbance,861.090160329474
869.328,8.538414,d37b79a3-8c4f-4b8a-8508-1150e238c472,Xenon Lamp,2620,nm,absorbance,861.2688261723064
869.508,8.567876000000002,d37b79a3-8c4f-4b8a-8508-1150e238c472,Xenon Lamp,2621,nm,absorbance,861.4474920151389
869.688,9.716031999999998,d37b79a3-8c4f-4b8a-8508-1150e238c472,Xenon Lamp,2622,nm,absorbance,861.6261578579713
869.868,11.922281000000002,d37b79a3-8c4f-4b8a-8508-1150e238c472,Xenon Lamp,2623,nm,absorbance,861.8048237008038
870.048,12.978418,d37b79a3-8c4f-4b8a-8508-1150e238c472,Xenon Lamp,2624,nm,absorbance,861.9834895436362
870.228,13.998850999999998,d37b79a3-8c4f-4b8a-8508-1150e238c472,Xenon Lamp,2625,nm,absorbance,862.1621553864686
870.408,15.38964,d37b79a3-8c4f-4b8a-8508-1150e238c472,Xenon Lamp,2626,nm,absorbance,862.3408212293011
870.588,18.593653,d37b79a3-8c4f-4b8a-8508-1150e238c472,Xenon Lamp,2627,nm,absorbance,862.5194870721335
870.768,21.411986,d37b79a3-8c4f-4b8a-8508-1150e238c472,Xenon Lamp,2628,nm,absorbance,862.698152914966
870.948,19.491642,d37b79a3-8c4f-4b8a-8508-1150e238c472,Xenon Lamp,2629,nm,absorbance,862.8768187577984
871.128,18.757785,d37b79a3-8c4f-4b8a-8508-1150e238c472,Xenon Lamp,2630,nm,absorbance,863.055484600631
871.307,19.679246,d37b79a3-8c4f-4b8a-8508-1150e238c472,Xenon Lamp,2631,nm,absorbance,863.2331578554476
871.487,15.510991999999998,d37b79a3-8c4f-4b8a-8508-1150e238c472,Xenon Lamp,2632,nm,absorbance,863.41182369828
871.667,20.262649,d37b79a3-8c4f-4b8a-8508-1150e238c472,Xenon Lamp,2633,nm,absorbance,863.5904895411126
871.847,19.229123,d37b79a3-8c4f-4b8a-8508-1150e238c472,Xenon Lamp,2634,nm,absorbance,863.769155383945
872.027,20.969635,d37b79a3-8c4f-4b8a-8508-1150e238c472,Xenon Lamp,2635,nm,absorbance,863.9478212267775
872.207,20.99015,d37b79a3-8c4f-4b8a-8508-1150e238c472,Xenon Lamp,2636,nm,absorbance,864.1264870696099
872.387,21.584863,d37b79a3-8c4f-4b8a-8508-1150e238c472,Xenon Lamp,2637,nm,absorbance,864.3051529124423
872.566,24.754381,d37b79a3-8c4f-4b8a-8508-1150e238c472,Xenon Lamp,2638,nm,absorbance,864.4828261672591
872.746,23.379703,d37b79a3-8c4f-4b8a-8508-1150e238c472,Xenon Lamp,2639,nm,absorbance,864.6614920100915
872.926,19.429258,d37b79a3-8c4f-4b8a-8508-1150e238c472,Xenon Lamp,2640,nm,absorbance,864.840157852924
873.106,20.824065999999995,d37b79a3-8c4f-4b8a-8508-1150e238c472,Xenon Lamp,2641,nm,absorbance,865.0188236957564
873.285,21.181688999999995,d37b79a3-8c4f-4b8a-8508-1150e238c472,Xenon Lamp,2642,nm,absorbance,865.1964969505731
873.465,23.714369,d37b79a3-8c4f-4b8a-8508-1150e238c472,Xenon Lamp,2643,nm,absorbance,865.3751627934056
873.645,23.084042,d37b79a3-8c4f-4b8a-8508-1150e238c472,Xenon Lamp,2644,nm,absorbance,865.553828636238
873.824,22.622773,d37b79a3-8c4f-4b8a-8508-1150e238c472,Xenon Lamp,2645,nm,absorbance,865.7315018910547
874.004,22.196789,d37b79a3-8c4f-4b8a-8508-1150e238c472,Xenon Lamp,2646,nm,absorbance,865.9101677338872
874.184,20.537309,d37b79a3-8c4f-4b8a-8508-1150e238c472,Xenon Lamp,2647,nm,absorbance,866.0888335767196
874.363,19.708756,d37b79a3-8c4f-4b8a-8508-1150e238c472,Xenon Lamp,2648,nm,absorbance,866.2665068315364
874.543,17.241391999999998,d37b79a3-8c4f-4b8a-8508-1150e238c472,Xenon Lamp,2649,nm,absorbance,866.4451726743688
874.723,20.80374,d37b79a3-8c4f-4b8a-8508-1150e238c472,Xenon Lamp,2650,nm,absorbance,866.6238385172012
874.902,18.129663,d37b79a3-8c4f-4b8a-8508-1150e238c472,Xenon Lamp,2651,nm,absorbance,866.801511772018
875.082,22.777382,d37b79a3-8c4f-4b8a-8508-1150e238c472,Xenon Lamp,2652,nm,absorbance,866.9801776148504
875.261,20.060089,d37b79a3-8c4f-4b8a-8508-1150e238c472,Xenon Lamp,2653,nm,absorbance,867.1578508696671
875.441,17.801681000000002,d37b79a3-8c4f-4b8a-8508-1150e238c472,Xenon Lamp,2654,nm,absorbance,867.3365167124996
875.62,15.867262,d37b79a3-8c4f-4b8a-8508-1150e238c472,Xenon Lamp,2655,nm,absorbance,867.5141899673163
875.8,14.540091999999998,d37b79a3-8c4f-4b8a-8508-1150e238c472,Xenon Lamp,2656,nm,absorbance,867.6928558101487
875.979,19.650885,d37b79a3-8c4f-4b8a-8508-1150e238c472,Xenon Lamp,2657,nm,absorbance,867.8705290649655
876.159,20.774468,d37b79a3-8c4f-4b8a-8508-1150e238c472,Xenon Lamp,2658,nm,absorbance,868.0491949077979
876.338,25.10632,d37b79a3-8c4f-4b8a-8508-1150e238c472,Xenon Lamp,2659,nm,absorbance,868.2268681626146
876.518,26.006695,d37b79a3-8c4f-4b8a-8508-1150e238c472,Xenon Lamp,2660,nm,absorbance,868.4055340054471
876.697,24.679857000000005,d37b79a3-8c4f-4b8a-8508-1150e238c472,Xenon Lamp,2661,nm,absorbance,868.5832072602637
876.876,26.920671,d37b79a3-8c4f-4b8a-8508-1150e238c472,Xenon Lamp,2662,nm,absorbance,868.7608805150804
877.056,28.127164000000004,d37b79a3-8c4f-4b8a-8508-1150e238c472,Xenon Lamp,2663,nm,absorbance,868.939546357913
877.235,29.926804,d37b79a3-8c4f-4b8a-8508-1150e238c472,Xenon Lamp,2664,nm,absorbance,869.1172196127296
877.415,25.584015,d37b79a3-8c4f-4b8a-8508-1150e238c472,Xenon Lamp,2665,nm,absorbance,869.295885455562
877.594,23.181939,d37b79a3-8c4f-4b8a-8508-1150e238c472,Xenon Lamp,2666,nm,absorbance,869.4735587103788
877.773,22.029571,d37b79a3-8c4f-4b8a-8508-1150e238c472,Xenon Lamp,2667,nm,absorbance,869.6512319651955
877.953,26.688368000000004,d37b79a3-8c4f-4b8a-8508-1150e238c472,Xenon Lamp,2668,nm,absorbance,869.8298978080279
878.132,30.772726,d37b79a3-8c4f-4b8a-8508-1150e238c472,Xenon Lamp,2669,nm,absorbance,870.0075710628446
878.311,31.565811999999998,d37b79a3-8c4f-4b8a-8508-1150e238c472,Xenon Lamp,2670,nm,absorbance,870.1852443176614
878.49,27.988586000000005,d37b79a3-8c4f-4b8a-8508-1150e238c472,Xenon Lamp,2671,nm,absorbance,870.3629175724781
878.67,22.914638,d37b79a3-8c4f-4b8a-8508-1150e238c472,Xenon Lamp,2672,nm,absorbance,870.5415834153105
878.849,29.097869,d37b79a3-8c4f-4b8a-8508-1150e238c472,Xenon Lamp,2673,nm,absorbance,870.7192566701273
879.028,33.171695,d37b79a3-8c4f-4b8a-8508-1150e238c472,Xenon Lamp,2674,nm,absorbance,870.896929924944
879.207,40.075966,d37b79a3-8c4f-4b8a-8508-1150e238c472,Xenon Lamp,2675,nm,absorbance,871.0746031797606
879.387,37.68654000000001,d37b79a3-8c4f-4b8a-8508-1150e238c472,Xenon Lamp,2676,nm,absorbance,871.253269022593
879.566,37.154451,d37b79a3-8c4f-4b8a-8508-1150e238c472,Xenon Lamp,2677,nm,absorbance,871.4309422774098
879.745,35.647462,d37b79a3-8c4f-4b8a-8508-1150e238c472,Xenon Lamp,2678,nm,absorbance,871.6086155322265
879.924,34.111239,d37b79a3-8c4f-4b8a-8508-1150e238c472,Xenon Lamp,2679,nm,absorbance,871.7862887870432
880.103,34.214986999999994,d37b79a3-8c4f-4b8a-8508-1150e238c472,Xenon Lamp,2680,nm,absorbance,871.96396204186
880.282,36.707578,d37b79a3-8c4f-4b8a-8508-1150e238c472,Xenon Lamp,2681,nm,absorbance,872.1416352966768
880.461,44.229385,d37b79a3-8c4f-4b8a-8508-1150e238c472,Xenon Lamp,2682,nm,absorbance,872.3193085514935
880.64,39.852906,d37b79a3-8c4f-4b8a-8508-1150e238c472,Xenon Lamp,2683,nm,absorbance,872.4969818063101
880.819,38.135368,d37b79a3-8c4f-4b8a-8508-1150e238c472,Xenon Lamp,2684,nm,absorbance,872.6746550611268
880.998,32.133278000000004,d37b79a3-8c4f-4b8a-8508-1150e238c472,Xenon Lamp,2685,nm,absorbance,872.8523283159436
881.178,34.742504000000004,d37b79a3-8c4f-4b8a-8508-1150e238c472,Xenon Lamp,2686,nm,absorbance,873.030994158776
881.357,34.810072000000005,d37b79a3-8c4f-4b8a-8508-1150e238c472,Xenon Lamp,2687,nm,absorbance,873.2086674135927
881.536,32.661182,d37b79a3-8c4f-4b8a-8508-1150e238c472,Xenon Lamp,2688,nm,absorbance,873.3863406684094
881.715,33.324394,d37b79a3-8c4f-4b8a-8508-1150e238c472,Xenon Lamp,2689,nm,absorbance,873.5640139232262
881.893,37.30448700000001,d37b79a3-8c4f-4b8a-8508-1150e238c472,Xenon Lamp,2690,nm,absorbance,873.7406945900271
882.072,43.77889499999999,d37b79a3-8c4f-4b8a-8508-1150e238c472,Xenon Lamp,2691,nm,absorbance,873.9183678448438
882.251,48.179607,d37b79a3-8c4f-4b8a-8508-1150e238c472,Xenon Lamp,2692,nm,absorbance,874.0960410996605
882.43,45.945997,d37b79a3-8c4f-4b8a-8508-1150e238c472,Xenon Lamp,2693,nm,absorbance,874.2737143544772
882.609,47.67125300000001,d37b79a3-8c4f-4b8a-8508-1150e238c472,Xenon Lamp,2694,nm,absorbance,874.451387609294
882.788,50.92622,d37b79a3-8c4f-4b8a-8508-1150e238c472,Xenon Lamp,2695,nm,absorbance,874.6290608641107
882.967,79.49529199999999,d37b79a3-8c4f-4b8a-8508-1150e238c472,Xenon Lamp,2696,nm,absorbance,874.8067341189274
883.146,162.42475000000002,d37b79a3-8c4f-4b8a-8508-1150e238c472,Xenon Lamp,2697,nm,absorbance,874.984407373744
883.325,318.445951,d37b79a3-8c4f-4b8a-8508-1150e238c472,Xenon Lamp,2698,nm,absorbance,875.1620806285608
883.503,502.883793,d37b79a3-8c4f-4b8a-8508-1150e238c472,Xenon Lamp,2699,nm,absorbance,875.3387612953619
883.682,689.614687,d37b79a3-8c4f-4b8a-8508-1150e238c472,Xenon Lamp,2700,nm,absorbance,875.5164345501786
883.861,863.617028,d37b79a3-8c4f-4b8a-8508-1150e238c472,Xenon Lamp,2701,nm,absorbance,875.6941078049953
884.04,1037.231541,d37b79a3-8c4f-4b8a-8508-1150e238c472,Xenon Lamp,2702,nm,absorbance,875.871781059812
884.219,1207.6686949999998,d37b79a3-8c4f-4b8a-8508-1150e238c472,Xenon Lamp,2703,nm,absorbance,876.0494543146287
884.397,1372.605805,d37b79a3-8c4f-4b8a-8508-1150e238c472,Xenon Lamp,2704,nm,absorbance,876.2261349814297
884.576,1528.4719060000002,d37b79a3-8c4f-4b8a-8508-1150e238c472,Xenon Lamp,2705,nm,absorbance,876.4038082362464
884.755,1660.89293,d37b79a3-8c4f-4b8a-8508-1150e238c472,Xenon Lamp,2706,nm,absorbance,876.5814814910631
884.933,1788.41626,d37b79a3-8c4f-4b8a-8508-1150e238c472,Xenon Lamp,2707,nm,absorbance,876.758162157864
885.112,1915.713438,d37b79a3-8c4f-4b8a-8508-1150e238c472,Xenon Lamp,2708,nm,absorbance,876.9358354126807
885.291,2021.033531,d37b79a3-8c4f-4b8a-8508-1150e238c472,Xenon Lamp,2709,nm,absorbance,877.1135086674975
885.469,2111.823147,d37b79a3-8c4f-4b8a-8508-1150e238c472,Xenon Lamp,2710,nm,absorbance,877.2901893342985
885.648,2171.9504800000004,d37b79a3-8c4f-4b8a-8508-1150e238c472,Xenon Lamp,2711,nm,absorbance,877.4678625891152
885.827,2253.26721,d37b79a3-8c4f-4b8a-8508-1150e238c472,Xenon Lamp,2712,nm,absorbance,877.6455358439318
886.005,2309.579108,d37b79a3-8c4f-4b8a-8508-1150e238c472,Xenon Lamp,2713,nm,absorbance,877.8222165107329
886.184,2368.9965930000003,d37b79a3-8c4f-4b8a-8508-1150e238c472,Xenon Lamp,2714,nm,absorbance,877.9998897655496
886.363,2407.402614,d37b79a3-8c4f-4b8a-8508-1150e238c472,Xenon Lamp,2715,nm,absorbance,878.1775630203664
886.541,2450.668179,d37b79a3-8c4f-4b8a-8508-1150e238c472,Xenon Lamp,2716,nm,absorbance,878.3542436871674
886.72,2488.097365,d37b79a3-8c4f-4b8a-8508-1150e238c472,Xenon Lamp,2717,nm,absorbance,878.531916941984
886.898,2519.567437,d37b79a3-8c4f-4b8a-8508-1150e238c472,Xenon Lamp,2718,nm,absorbance,878.708597608785
887.077,2526.786153,d37b79a3-8c4f-4b8a-8508-1150e238c472,Xenon Lamp,2719,nm,absorbance,878.8862708636017
887.255,2545.555913,d37b79a3-8c4f-4b8a-8508-1150e238c472,Xenon Lamp,2720,nm,absorbance,879.0629515304026
887.434,2567.542332,d37b79a3-8c4f-4b8a-8508-1150e238c472,Xenon Lamp,2721,nm,absorbance,879.2406247852193
887.612,2602.6660920000004,d37b79a3-8c4f-4b8a-8508-1150e238c472,Xenon Lamp,2722,nm,absorbance,879.4173054520203
887.791,2632.282415,d37b79a3-8c4f-4b8a-8508-1150e238c472,Xenon Lamp,2723,nm,absorbance,879.5949787068371
887.969,2654.934809,d37b79a3-8c4f-4b8a-8508-1150e238c472,Xenon Lamp,2724,nm,absorbance,879.771659373638
888.147,2652.145755,d37b79a3-8c4f-4b8a-8508-1150e238c472,Xenon Lamp,2725,nm,absorbance,879.9483400404391
888.326,2623.2351270000004,d37b79a3-8c4f-4b8a-8508-1150e238c472,Xenon Lamp,2726,nm,absorbance,880.1260132952558
888.504,2589.212699,d37b79a3-8c4f-4b8a-8508-1150e238c472,Xenon Lamp,2727,nm,absorbance,880.3026939620568
888.682,2557.781339,d37b79a3-8c4f-4b8a-8508-1150e238c472,Xenon Lamp,2728,nm,absorbance,880.4793746288577
888.861,2531.6161190000003,d37b79a3-8c4f-4b8a-8508-1150e238c472,Xenon Lamp,2729,nm,absorbance,880.6570478836744
889.039,2506.736987,d37b79a3-8c4f-4b8a-8508-1150e238c472,Xenon Lamp,2730,nm,absorbance,880.8337285504754
889.218,2506.0976249999994,d37b79a3-8c4f-4b8a-8508-1150e238c472,Xenon Lamp,2731,nm,absorbance,881.011401805292
889.396,2495.346549,d37b79a3-8c4f-4b8a-8508-1150e238c472,Xenon Lamp,2732,nm,absorbance,881.188082472093
889.574,2467.406196,d37b79a3-8c4f-4b8a-8508-1150e238c472,Xenon Lamp,2733,nm,absorbance,881.364763138894
889.752,2413.5535520000003,d37b79a3-8c4f-4b8a-8508-1150e238c472,Xenon Lamp,2734,nm,absorbance,881.5414438056949
889.931,2361.942817,d37b79a3-8c4f-4b8a-8508-1150e238c472,Xenon Lamp,2735,nm,absorbance,881.7191170605117
890.109,2334.516984,d37b79a3-8c4f-4b8a-8508-1150e238c472,Xenon Lamp,2736,nm,absorbance,881.8957977273128
890.287,2316.560872,d37b79a3-8c4f-4b8a-8508-1150e238c472,Xenon Lamp,2737,nm,absorbance,882.0724783941138
890.465,2334.2631480000005,d37b79a3-8c4f-4b8a-8508-1150e238c472,Xenon Lamp,2738,nm,absorbance,882.2491590609147
890.643,2346.6652810000005,d37b79a3-8c4f-4b8a-8508-1150e238c472,Xenon Lamp,2739,nm,absorbance,882.4258397277157
890.822,2370.730745,d37b79a3-8c4f-4b8a-8508-1150e238c472,Xenon Lamp,2740,nm,absorbance,882.6035129825324
891.0,2355.112848,d37b79a3-8c4f-4b8a-8508-1150e238c472,Xenon Lamp,2741,nm,absorbance,882.7801936493333
891.178,2320.651623,d37b79a3-8c4f-4b8a-8508-1150e238c472,Xenon Lamp,2742,nm,absorbance,882.9568743161343
891.356,2259.069284,d37b79a3-8c4f-4b8a-8508-1150e238c472,Xenon Lamp,2743,nm,absorbance,883.1335549829353
891.534,2198.208746,d37b79a3-8c4f-4b8a-8508-1150e238c472,Xenon Lamp,2744,nm,absorbance,883.3102356497362
891.712,2074.9855780000003,d37b79a3-8c4f-4b8a-8508-1150e238c472,Xenon Lamp,2745,nm,absorbance,883.4869163165373
891.89,1893.90041,d37b79a3-8c4f-4b8a-8508-1150e238c472,Xenon Lamp,2746,nm,absorbance,883.6635969833383
892.068,1659.270709,d37b79a3-8c4f-4b8a-8508-1150e238c472,Xenon Lamp,2747,nm,absorbance,883.8402776501392
892.247,1436.767295,d37b79a3-8c4f-4b8a-8508-1150e238c472,Xenon Lamp,2748,nm,absorbance,884.0179509049559
892.425,1231.725317,d37b79a3-8c4f-4b8a-8508-1150e238c472,Xenon Lamp,2749,nm,absorbance,884.1946315717569
892.603,1051.666765,d37b79a3-8c4f-4b8a-8508-1150e238c472,Xenon Lamp,2750,nm,absorbance,884.3713122385578
892.781,897.304947,d37b79a3-8c4f-4b8a-8508-1150e238c472,Xenon Lamp,2751,nm,absorbance,884.5479929053588
892.959,773.772633,d37b79a3-8c4f-4b8a-8508-1150e238c472,Xenon Lamp,2752,nm,absorbance,884.7246735721598
893.137,667.995517,d37b79a3-8c4f-4b8a-8508-1150e238c472,Xenon Lamp,2753,nm,absorbance,884.9013542389607
893.314,574.8781099999999,d37b79a3-8c4f-4b8a-8508-1150e238c472,Xenon Lamp,2754,nm,absorbance,885.0770423177461
893.492,487.975677,d37b79a3-8c4f-4b8a-8508-1150e238c472,Xenon Lamp,2755,nm,absorbance,885.253722984547
893.67,400.76638,d37b79a3-8c4f-4b8a-8508-1150e238c472,Xenon Lamp,2756,nm,absorbance,885.430403651348
893.848,323.661525,d37b79a3-8c4f-4b8a-8508-1150e238c472,Xenon Lamp,2757,nm,absorbance,885.607084318149
894.026,250.831372,d37b79a3-8c4f-4b8a-8508-1150e238c472,Xenon Lamp,2758,nm,absorbance,885.7837649849499
894.204,191.212097,d37b79a3-8c4f-4b8a-8508-1150e238c472,Xenon Lamp,2759,nm,absorbance,885.9604456517509
894.382,151.511983,d37b79a3-8c4f-4b8a-8508-1150e238c472,Xenon Lamp,2760,nm,absorbance,886.1371263185519
894.56,124.871128,d37b79a3-8c4f-4b8a-8508-1150e238c472,Xenon Lamp,2761,nm,absorbance,886.3138069853529
894.738,106.319403,d37b79a3-8c4f-4b8a-8508-1150e238c472,Xenon Lamp,2762,nm,absorbance,886.490487652154
894.915,90.271741,d37b79a3-8c4f-4b8a-8508-1150e238c472,Xenon Lamp,2763,nm,absorbance,886.6661757309391
895.093,82.16402500000001,d37b79a3-8c4f-4b8a-8508-1150e238c472,Xenon Lamp,2764,nm,absorbance,886.8428563977401
895.271,79.80064499999999,d37b79a3-8c4f-4b8a-8508-1150e238c472,Xenon Lamp,2765,nm,absorbance,887.019537064541
895.449,76.62921300000001,d37b79a3-8c4f-4b8a-8508-1150e238c472,Xenon Lamp,2766,nm,absorbance,887.196217731342
895.626,80.12523300000001,d37b79a3-8c4f-4b8a-8508-1150e238c472,Xenon Lamp,2767,nm,absorbance,887.3719058101273
895.804,77.755955,d37b79a3-8c4f-4b8a-8508-1150e238c472,Xenon Lamp,2768,nm,absorbance,887.5485864769282
895.982,76.01499700000001,d37b79a3-8c4f-4b8a-8508-1150e238c472,Xenon Lamp,2769,nm,absorbance,887.7252671437293
896.16,72.61747199999999,d37b79a3-8c4f-4b8a-8508-1150e238c472,Xenon Lamp,2770,nm,absorbance,887.9019478105303
896.337,75.708794,d37b79a3-8c4f-4b8a-8508-1150e238c472,Xenon Lamp,2771,nm,absorbance,888.0776358893155
896.515,88.830263,d37b79a3-8c4f-4b8a-8508-1150e238c472,Xenon Lamp,2772,nm,absorbance,888.2543165561165
896.693,108.803071,d37b79a3-8c4f-4b8a-8508-1150e238c472,Xenon Lamp,2773,nm,absorbance,888.4309972229174
896.87,145.457922,d37b79a3-8c4f-4b8a-8508-1150e238c472,Xenon Lamp,2774,nm,absorbance,888.6066853017027
897.048,177.887179,d37b79a3-8c4f-4b8a-8508-1150e238c472,Xenon Lamp,2775,nm,absorbance,888.7833659685036
897.225,215.572972,d37b79a3-8c4f-4b8a-8508-1150e238c472,Xenon Lamp,2776,nm,absorbance,888.959054047289
897.403,249.31831300000005,d37b79a3-8c4f-4b8a-8508-1150e238c472,Xenon Lamp,2777,nm,absorbance,889.13573471409
897.581,286.064222,d37b79a3-8c4f-4b8a-8508-1150e238c472,Xenon Lamp,2778,nm,absorbance,889.3124153808909
897.758,319.046798,d37b79a3-8c4f-4b8a-8508-1150e238c472,Xenon Lamp,2779,nm,absorbance,889.4881034596762
897.936,348.36345800000004,d37b79a3-8c4f-4b8a-8508-1150e238c472,Xenon Lamp,2780,nm,absorbance,889.6647841264771
898.113,371.770161,d37b79a3-8c4f-4b8a-8508-1150e238c472,Xenon Lamp,2781,nm,absorbance,889.8404722052624
898.291,400.354465,d37b79a3-8c4f-4b8a-8508-1150e238c472,Xenon Lamp,2782,nm,absorbance,890.0171528720633
898.468,423.8005139999999,d37b79a3-8c4f-4b8a-8508-1150e238c472,Xenon Lamp,2783,nm,absorbance,890.1928409508486
898.646,447.433119,d37b79a3-8c4f-4b8a-8508-1150e238c472,Xenon Lamp,2784,nm,absorbance,890.3695216176495
898.823,458.570529,d37b79a3-8c4f-4b8a-8508-1150e238c472,Xenon Lamp,2785,nm,absorbance,890.5452096964348
899.001,473.0781150000001,d37b79a3-8c4f-4b8a-8508-1150e238c472,Xenon Lamp,2786,nm,absorbance,890.7218903632357
899.178,485.274142,d37b79a3-8c4f-4b8a-8508-1150e238c472,Xenon Lamp,2787,nm,absorbance,890.897578442021
899.356,500.622355,d37b79a3-8c4f-4b8a-8508-1150e238c472,Xenon Lamp,2788,nm,absorbance,891.0742591088219
899.533,510.238896,d37b79a3-8c4f-4b8a-8508-1150e238c472,Xenon Lamp,2789,nm,absorbance,891.2499471876073
899.71,526.138484,d37b79a3-8c4f-4b8a-8508-1150e238c472,Xenon Lamp,2790,nm,absorbance,891.4256352663925
899.888,530.464487,d37b79a3-8c4f-4b8a-8508-1150e238c472,Xenon Lamp,2791,nm,absorbance,891.6023159331935
900.065,537.2751489999999,d37b79a3-8c4f-4b8a-8508-1150e238c472,Xenon Lamp,2792,nm,absorbance,891.7780040119787
900.242,535.530177,d37b79a3-8c4f-4b8a-8508-1150e238c472,Xenon Lamp,2793,nm,absorbance,891.9536920907639
900.42,540.822169,d37b79a3-8c4f-4b8a-8508-1150e238c472,Xenon Lamp,2794,nm,absorbance,892.1303727575648
900.597,541.6477539999998,d37b79a3-8c4f-4b8a-8508-1150e238c472,Xenon Lamp,2795,nm,absorbance,892.3060608363502
900.774,547.3083690000001,d37b79a3-8c4f-4b8a-8508-1150e238c472,Xenon Lamp,2796,nm,absorbance,892.4817489151354
900.952,555.1607309999999,d37b79a3-8c4f-4b8a-8508-1150e238c472,Xenon Lamp,2797,nm,absorbance,892.6584295819364
901.129,566.541102,d37b79a3-8c4f-4b8a-8508-1150e238c472,Xenon Lamp,2798,nm,absorbance,892.8341176607216
901.306,571.3057699999999,d37b79a3-8c4f-4b8a-8508-1150e238c472,Xenon Lamp,2799,nm,absorbance,893.0098057395069
901.483,567.837097,d37b79a3-8c4f-4b8a-8508-1150e238c472,Xenon Lamp,2800,nm,absorbance,893.185493818292
901.661,556.569526,d37b79a3-8c4f-4b8a-8508-1150e238c472,Xenon Lamp,2801,nm,absorbance,893.362174485093
901.838,549.380127,d37b79a3-8c4f-4b8a-8508-1150e238c472,Xenon Lamp,2802,nm,absorbance,893.5378625638783
902.015,541.7040720000001,d37b79a3-8c4f-4b8a-8508-1150e238c472,Xenon Lamp,2803,nm,absorbance,893.7135506426636
902.192,536.5517039999999,d37b79a3-8c4f-4b8a-8508-1150e238c472,Xenon Lamp,2804,nm,absorbance,893.8892387214488
902.369,524.2455520000001,d37b79a3-8c4f-4b8a-8508-1150e238c472,Xenon Lamp,2805,nm,absorbance,894.064926800234
902.546,515.102693,d37b79a3-8c4f-4b8a-8508-1150e238c472,Xenon Lamp,2806,nm,absorbance,894.2406148790193
902.723,502.9532000000001,d37b79a3-8c4f-4b8a-8508-1150e238c472,Xenon Lamp,2807,nm,absorbance,894.4163029578045
902.901,493.592183,d37b79a3-8c4f-4b8a-8508-1150e238c472,Xenon Lamp,2808,nm,absorbance,894.5929836246055
903.078,479.4129250000001,d37b79a3-8c4f-4b8a-8508-1150e238c472,Xenon Lamp,2809,nm,absorbance,894.7686717033907
903.255,473.5424939999999,d37b79a3-8c4f-4b8a-8508-1150e238c472,Xenon Lamp,2810,nm,absorbance,894.944359782176
903.432,471.830263,d37b79a3-8c4f-4b8a-8508-1150e238c472,Xenon Lamp,2811,nm,absorbance,895.1200478609612
903.609,474.010781,d37b79a3-8c4f-4b8a-8508-1150e238c472,Xenon Lamp,2812,nm,absorbance,895.2957359397465
903.786,478.357662,d37b79a3-8c4f-4b8a-8508-1150e238c472,Xenon Lamp,2813,nm,absorbance,895.4714240185317
903.963,477.511478,d37b79a3-8c4f-4b8a-8508-1150e238c472,Xenon Lamp,2814,nm,absorbance,895.647112097317
904.14,471.690078,d37b79a3-8c4f-4b8a-8508-1150e238c472,Xenon Lamp,2815,nm,absorbance,895.8228001761022
904.317,465.9847619999999,d37b79a3-8c4f-4b8a-8508-1150e238c472,Xenon Lamp,2816,nm,absorbance,895.9984882548874
904.494,457.558091,d37b79a3-8c4f-4b8a-8508-1150e238c472,Xenon Lamp,2817,nm,absorbance,896.1741763336727
904.671,460.431872,d37b79a3-8c4f-4b8a-8508-1150e238c472,Xenon Lamp,2818,nm,absorbance,896.349864412458
904.848,449.076983,d37b79a3-8c4f-4b8a-8508-1150e238c472,Xenon Lamp,2819,nm,absorbance,896.5255524912432
905.024,428.2719139999999,d37b79a3-8c4f-4b8a-8508-1150e238c472,Xenon Lamp,2820,nm,absorbance,896.7002479820127
905.201,385.946624,d37b79a3-8c4f-4b8a-8508-1150e238c472,Xenon Lamp,2821,nm,absorbance,896.8759360607979
905.378,343.615585,d37b79a3-8c4f-4b8a-8508-1150e238c472,Xenon Lamp,2822,nm,absorbance,897.0516241395832
905.555,300.866412,d37b79a3-8c4f-4b8a-8508-1150e238c472,Xenon Lamp,2823,nm,absorbance,897.2273122183684
905.732,271.162167,d37b79a3-8c4f-4b8a-8508-1150e238c472,Xenon Lamp,2824,nm,absorbance,897.4030002971537
905.909,248.294988,d37b79a3-8c4f-4b8a-8508-1150e238c472,Xenon Lamp,2825,nm,absorbance,897.5786883759389
906.086,256.263811,d37b79a3-8c4f-4b8a-8508-1150e238c472,Xenon Lamp,2826,nm,absorbance,897.7543764547241
906.262,274.590387,d37b79a3-8c4f-4b8a-8508-1150e238c472,Xenon Lamp,2827,nm,absorbance,897.9290719454935
906.439,308.75592100000006,d37b79a3-8c4f-4b8a-8508-1150e238c472,Xenon Lamp,2828,nm,absorbance,898.1047600242789
906.616,329.9521639999999,d37b79a3-8c4f-4b8a-8508-1150e238c472,Xenon Lamp,2829,nm,absorbance,898.2804481030641
906.793,349.879077,d37b79a3-8c4f-4b8a-8508-1150e238c472,Xenon Lamp,2830,nm,absorbance,898.4561361818494
906.969,371.574511,d37b79a3-8c4f-4b8a-8508-1150e238c472,Xenon Lamp,2831,nm,absorbance,898.6308316726189
907.146,397.509598,d37b79a3-8c4f-4b8a-8508-1150e238c472,Xenon Lamp,2832,nm,absorbance,898.806519751404
907.323,427.51398599999993,d37b79a3-8c4f-4b8a-8508-1150e238c472,Xenon Lamp,2833,nm,absorbance,898.9822078301894
907.5,451.179188,d37b79a3-8c4f-4b8a-8508-1150e238c472,Xenon Lamp,2834,nm,absorbance,899.1578959089746
907.676,480.976757,d37b79a3-8c4f-4b8a-8508-1150e238c472,Xenon Lamp,2835,nm,absorbance,899.3325913997442
907.853,505.81369699999993,d37b79a3-8c4f-4b8a-8508-1150e238c472,Xenon Lamp,2836,nm,absorbance,899.5082794785293
908.03,531.11955,d37b79a3-8c4f-4b8a-8508-1150e238c472,Xenon Lamp,2837,nm,absorbance,899.6839675573145
908.206,554.5918129999999,d37b79a3-8c4f-4b8a-8508-1150e238c472,Xenon Lamp,2838,nm,absorbance,899.8586630480842
908.383,575.7760860000001,d37b79a3-8c4f-4b8a-8508-1150e238c472,Xenon Lamp,2839,nm,absorbance,900.0343511268694
908.559,588.6791039999999,d37b79a3-8c4f-4b8a-8508-1150e238c472,Xenon Lamp,2840,nm,absorbance,900.2090466176388
908.736,594.131545,d37b79a3-8c4f-4b8a-8508-1150e238c472,Xenon Lamp,2841,nm,absorbance,900.3847346964241
908.912,605.114379,d37b79a3-8c4f-4b8a-8508-1150e238c472,Xenon Lamp,2842,nm,absorbance,900.5594301871936
909.089,613.123274,d37b79a3-8c4f-4b8a-8508-1150e238c472,Xenon Lamp,2843,nm,absorbance,900.7351182659789
909.266,626.6500480000001,d37b79a3-8c4f-4b8a-8508-1150e238c472,Xenon Lamp,2844,nm,absorbance,900.9108063447641
909.442,628.250722,d37b79a3-8c4f-4b8a-8508-1150e238c472,Xenon Lamp,2845,nm,absorbance,901.0855018355336
909.619,637.6943490000001,d37b79a3-8c4f-4b8a-8508-1150e238c472,Xenon Lamp,2846,nm,absorbance,901.2611899143188
909.795,629.7225380000001,d37b79a3-8c4f-4b8a-8508-1150e238c472,Xenon Lamp,2847,nm,absorbance,901.4358854050884
909.972,627.497894,d37b79a3-8c4f-4b8a-8508-1150e238c472,Xenon Lamp,2848,nm,absorbance,901.6115734838736
910.148,626.6907610000001,d37b79a3-8c4f-4b8a-8508-1150e238c472,Xenon Lamp,2849,nm,absorbance,901.7862689746431
910.324,634.1418740000001,d37b79a3-8c4f-4b8a-8508-1150e238c472,Xenon Lamp,2850,nm,absorbance,901.9609644654125
910.501,649.373592,d37b79a3-8c4f-4b8a-8508-1150e238c472,Xenon Lamp,2851,nm,absorbance,902.1366525441978
910.677,657.2081909999999,d37b79a3-8c4f-4b8a-8508-1150e238c472,Xenon Lamp,2852,nm,absorbance,902.3113480349674
910.854,656.542634,d37b79a3-8c4f-4b8a-8508-1150e238c472,Xenon Lamp,2853,nm,absorbance,902.4870361137527
911.03,644.948226,d37b79a3-8c4f-4b8a-8508-1150e238c472,Xenon Lamp,2854,nm,absorbance,902.6617316045221
911.206,631.453943,d37b79a3-8c4f-4b8a-8508-1150e238c472,Xenon Lamp,2855,nm,absorbance,902.8364270952916
911.383,625.5997380000001,d37b79a3-8c4f-4b8a-8508-1150e238c472,Xenon Lamp,2856,nm,absorbance,903.0121151740769
911.559,617.946162,d37b79a3-8c4f-4b8a-8508-1150e238c472,Xenon Lamp,2857,nm,absorbance,903.1868106648463
911.735,609.657624,d37b79a3-8c4f-4b8a-8508-1150e238c472,Xenon Lamp,2858,nm,absorbance,903.3615061556159
911.912,599.8045689999999,d37b79a3-8c4f-4b8a-8508-1150e238c472,Xenon Lamp,2859,nm,absorbance,903.5371942344011
912.088,594.893509,d37b79a3-8c4f-4b8a-8508-1150e238c472,Xenon Lamp,2860,nm,absorbance,903.7118897251705
912.264,595.171353,d37b79a3-8c4f-4b8a-8508-1150e238c472,Xenon Lamp,2861,nm,absorbance,903.8865852159402
912.44,593.080409,d37b79a3-8c4f-4b8a-8508-1150e238c472,Xenon Lamp,2862,nm,absorbance,904.0612807067097
912.617,583.7075,d37b79a3-8c4f-4b8a-8508-1150e238c472,Xenon Lamp,2863,nm,absorbance,904.2369687854948
912.793,571.049436,d37b79a3-8c4f-4b8a-8508-1150e238c472,Xenon Lamp,2864,nm,absorbance,904.4116642762643
912.969,559.504422,d37b79a3-8c4f-4b8a-8508-1150e238c472,Xenon Lamp,2865,nm,absorbance,904.586359767034
913.145,549.439156,d37b79a3-8c4f-4b8a-8508-1150e238c472,Xenon Lamp,2866,nm,absorbance,904.7610552578034
913.321,542.2455109999999,d37b79a3-8c4f-4b8a-8508-1150e238c472,Xenon Lamp,2867,nm,absorbance,904.9357507485729
913.498,537.5994720000001,d37b79a3-8c4f-4b8a-8508-1150e238c472,Xenon Lamp,2868,nm,absorbance,905.1114388273581
913.674,538.275168,d37b79a3-8c4f-4b8a-8508-1150e238c472,Xenon Lamp,2869,nm,absorbance,905.2861343181277
913.85,529.305369,d37b79a3-8c4f-4b8a-8508-1150e238c472,Xenon Lamp,2870,nm,absorbance,905.4608298088972
914.026,520.566159,d37b79a3-8c4f-4b8a-8508-1150e238c472,Xenon Lamp,2871,nm,absorbance,905.6355252996666
914.202,506.75925899999993,d37b79a3-8c4f-4b8a-8508-1150e238c472,Xenon Lamp,2872,nm,absorbance,905.8102207904361
914.378,486.528807,d37b79a3-8c4f-4b8a-8508-1150e238c472,Xenon Lamp,2873,nm,absorbance,905.9849162812058
914.554,440.875339,d37b79a3-8c4f-4b8a-8508-1150e238c472,Xenon Lamp,2874,nm,absorbance,906.1596117719752
914.73,374.37485,d37b79a3-8c4f-4b8a-8508-1150e238c472,Xenon Lamp,2875,nm,absorbance,906.3343072627447
914.906,305.71397,d37b79a3-8c4f-4b8a-8508-1150e238c472,Xenon Lamp,2876,nm,absorbance,906.5090027535141
915.082,249.567203,d37b79a3-8c4f-4b8a-8508-1150e238c472,Xenon Lamp,2877,nm,absorbance,906.6836982442837
915.258,210.957021,d37b79a3-8c4f-4b8a-8508-1150e238c472,Xenon Lamp,2878,nm,absorbance,906.8583937350533
915.434,172.16133499999998,d37b79a3-8c4f-4b8a-8508-1150e238c472,Xenon Lamp,2879,nm,absorbance,907.0330892258227
915.61,139.364571,d37b79a3-8c4f-4b8a-8508-1150e238c472,Xenon Lamp,2880,nm,absorbance,907.2077847165922
915.786,108.536274,d37b79a3-8c4f-4b8a-8508-1150e238c472,Xenon Lamp,2881,nm,absorbance,907.3824802073617
915.962,87.152601,d37b79a3-8c4f-4b8a-8508-1150e238c472,Xenon Lamp,2882,nm,absorbance,907.5571756981312
916.138,66.66460800000002,d37b79a3-8c4f-4b8a-8508-1150e238c472,Xenon Lamp,2883,nm,absorbance,907.7318711889008
916.314,45.681673,d37b79a3-8c4f-4b8a-8508-1150e238c472,Xenon Lamp,2884,nm,absorbance,907.9065666796702
916.49,34.242098000000006,d37b79a3-8c4f-4b8a-8508-1150e238c472,Xenon Lamp,2885,nm,absorbance,908.0812621704398
916.665,31.140429,d37b79a3-8c4f-4b8a-8508-1150e238c472,Xenon Lamp,2886,nm,absorbance,908.2549650731935
916.841,30.834427999999992,d37b79a3-8c4f-4b8a-8508-1150e238c472,Xenon Lamp,2887,nm,absorbance,908.429660563963
917.017,24.553787,d37b79a3-8c4f-4b8a-8508-1150e238c472,Xenon Lamp,2888,nm,absorbance,908.6043560547325
917.193,20.445988000000003,d37b79a3-8c4f-4b8a-8508-1150e238c472,Xenon Lamp,2889,nm,absorbance,908.779051545502
917.369,21.65149,d37b79a3-8c4f-4b8a-8508-1150e238c472,Xenon Lamp,2890,nm,absorbance,908.9537470362716
917.545,43.110497,d37b79a3-8c4f-4b8a-8508-1150e238c472,Xenon Lamp,2891,nm,absorbance,909.128442527041
917.72,76.87635399999999,d37b79a3-8c4f-4b8a-8508-1150e238c472,Xenon Lamp,2892,nm,absorbance,909.3021454297948
917.896,130.560113,d37b79a3-8c4f-4b8a-8508-1150e238c472,Xenon Lamp,2893,nm,absorbance,909.4768409205643
918.072,181.337718,d37b79a3-8c4f-4b8a-8508-1150e238c472,Xenon Lamp,2894,nm,absorbance,909.6515364113338
918.247,238.848873,d37b79a3-8c4f-4b8a-8508-1150e238c472,Xenon Lamp,2895,nm,absorbance,909.8252393140875
918.423,288.234269,d37b79a3-8c4f-4b8a-8508-1150e238c472,Xenon Lamp,2896,nm,absorbance,909.9999348048572
918.599,344.07847200000003,d37b79a3-8c4f-4b8a-8508-1150e238c472,Xenon Lamp,2897,nm,absorbance,910.1746302956267
918.775,392.681793,d37b79a3-8c4f-4b8a-8508-1150e238c472,Xenon Lamp,2898,nm,absorbance,910.3493257863961
918.95,434.566103,d37b79a3-8c4f-4b8a-8508-1150e238c472,Xenon Lamp,2899,nm,absorbance,910.5230286891499
919.126,467.37549899999993,d37b79a3-8c4f-4b8a-8508-1150e238c472,Xenon Lamp,2900,nm,absorbance,910.6977241799194
919.301,506.4215929999999,d37b79a3-8c4f-4b8a-8508-1150e238c472,Xenon Lamp,2901,nm,absorbance,910.8714270826732
919.477,551.077605,d37b79a3-8c4f-4b8a-8508-1150e238c472,Xenon Lamp,2902,nm,absorbance,911.0461225734426
919.653,597.916666,d37b79a3-8c4f-4b8a-8508-1150e238c472,Xenon Lamp,2903,nm,absorbance,911.2208180642122
919.828,631.9201,d37b79a3-8c4f-4b8a-8508-1150e238c472,Xenon Lamp,2904,nm,absorbance,911.394520966966
920.004,656.9032609999999,d37b79a3-8c4f-4b8a-8508-1150e238c472,Xenon Lamp,2905,nm,absorbance,911.5692164577355
920.179,677.188343,d37b79a3-8c4f-4b8a-8508-1150e238c472,Xenon Lamp,2906,nm,absorbance,911.7429193604892
920.355,696.115742,d37b79a3-8c4f-4b8a-8508-1150e238c472,Xenon Lamp,2907,nm,absorbance,911.9176148512588
920.53,714.894096,d37b79a3-8c4f-4b8a-8508-1150e238c472,Xenon Lamp,2908,nm,absorbance,912.0913177540125
920.706,715.079375,d37b79a3-8c4f-4b8a-8508-1150e238c472,Xenon Lamp,2909,nm,absorbance,912.266013244782
920.881,717.2084670000002,d37b79a3-8c4f-4b8a-8508-1150e238c472,Xenon Lamp,2910,nm,absorbance,912.4397161475357
921.057,722.047413,d37b79a3-8c4f-4b8a-8508-1150e238c472,Xenon Lamp,2911,nm,absorbance,912.6144116383053
921.232,745.756931,d37b79a3-8c4f-4b8a-8508-1150e238c472,Xenon Lamp,2912,nm,absorbance,912.788114541059
921.408,759.8150359999998,d37b79a3-8c4f-4b8a-8508-1150e238c472,Xenon Lamp,2913,nm,absorbance,912.9628100318286
921.583,766.926901,d37b79a3-8c4f-4b8a-8508-1150e238c472,Xenon Lamp,2914,nm,absorbance,913.1365129345824
921.759,763.7590849999999,d37b79a3-8c4f-4b8a-8508-1150e238c472,Xenon Lamp,2915,nm,absorbance,913.3112084253519
921.934,765.2289800000001,d37b79a3-8c4f-4b8a-8508-1150e238c472,Xenon Lamp,2916,nm,absorbance,913.4849113281056
922.109,767.383103,d37b79a3-8c4f-4b8a-8508-1150e238c472,Xenon Lamp,2917,nm,absorbance,913.6586142308595
922.285,779.9329650000001,d37b79a3-8c4f-4b8a-8508-1150e238c472,Xenon Lamp,2918,nm,absorbance,913.8333097216289
922.46,785.7830940000001,d37b79a3-8c4f-4b8a-8508-1150e238c472,Xenon Lamp,2919,nm,absorbance,914.0070126243827
922.635,790.8109710000001,d37b79a3-8c4f-4b8a-8508-1150e238c472,Xenon Lamp,2920,nm,absorbance,914.1807155271364
922.811,775.31474,d37b79a3-8c4f-4b8a-8508-1150e238c472,Xenon Lamp,2921,nm,absorbance,914.355411017906
922.986,762.72812,d37b79a3-8c4f-4b8a-8508-1150e238c472,Xenon Lamp,2922,nm,absorbance,914.5291139206597
923.161,743.6618259999999,d37b79a3-8c4f-4b8a-8508-1150e238c472,Xenon Lamp,2923,nm,absorbance,914.7028168234134
923.336,731.127159,d37b79a3-8c4f-4b8a-8508-1150e238c472,Xenon Lamp,2924,nm,absorbance,914.8765197261673
923.512,719.5594689999999,d37b79a3-8c4f-4b8a-8508-1150e238c472,Xenon Lamp,2925,nm,absorbance,915.0512152169367
923.687,716.010814,d37b79a3-8c4f-4b8a-8508-1150e238c472,Xenon Lamp,2926,nm,absorbance,915.2249181196905
923.862,706.934971,d37b79a3-8c4f-4b8a-8508-1150e238c472,Xenon Lamp,2927,nm,absorbance,915.3986210224443
924.037,699.0123849999999,d37b79a3-8c4f-4b8a-8508-1150e238c472,Xenon Lamp,2928,nm,absorbance,915.5723239251981
924.212,682.864129,d37b79a3-8c4f-4b8a-8508-1150e238c472,Xenon Lamp,2929,nm,absorbance,915.7460268279518
924.388,676.209537,d37b79a3-8c4f-4b8a-8508-1150e238c472,Xenon Lamp,2930,nm,absorbance,915.9207223187213
924.563,667.441942,d37b79a3-8c4f-4b8a-8508-1150e238c472,Xenon Lamp,2931,nm,absorbance,916.0944252214751
924.738,663.0608159999999,d37b79a3-8c4f-4b8a-8508-1150e238c472,Xenon Lamp,2932,nm,absorbance,916.268128124229
924.913,655.558281,d37b79a3-8c4f-4b8a-8508-1150e238c472,Xenon Lamp,2933,nm,absorbance,916.4418310269826
925.088,647.3366669999999,d37b79a3-8c4f-4b8a-8508-1150e238c472,Xenon Lamp,2934,nm,absorbance,916.6155339297364
925.263,649.2124029999999,d37b79a3-8c4f-4b8a-8508-1150e238c472,Xenon Lamp,2935,nm,absorbance,916.7892368324902
925.438,648.282753,d37b79a3-8c4f-4b8a-8508-1150e238c472,Xenon Lamp,2936,nm,absorbance,916.9629397352439
925.613,638.8796249999999,d37b79a3-8c4f-4b8a-8508-1150e238c472,Xenon Lamp,2937,nm,absorbance,917.1366426379979
925.788,614.9968769999999,d37b79a3-8c4f-4b8a-8508-1150e238c472,Xenon Lamp,2938,nm,absorbance,917.3103455407515
925.963,593.277883,d37b79a3-8c4f-4b8a-8508-1150e238c472,Xenon Lamp,2939,nm,absorbance,917.4840484435052
926.138,554.921753,d37b79a3-8c4f-4b8a-8508-1150e238c472,Xenon Lamp,2940,nm,absorbance,917.6577513462591
926.313,508.623162,d37b79a3-8c4f-4b8a-8508-1150e238c472,Xenon Lamp,2941,nm,absorbance,917.8314542490128
926.488,442.898024,d37b79a3-8c4f-4b8a-8508-1150e238c472,Xenon Lamp,2942,nm,absorbance,918.0051571517666
926.663,372.552648,d37b79a3-8c4f-4b8a-8508-1150e238c472,Xenon Lamp,2943,nm,absorbance,918.1788600545204
926.838,295.54465,d37b79a3-8c4f-4b8a-8508-1150e238c472,Xenon Lamp,2944,nm,absorbance,918.3525629572741
927.013,223.381551,d37b79a3-8c4f-4b8a-8508-1150e238c472,Xenon Lamp,2945,nm,absorbance,918.5262658600279
927.188,167.70144999999997,d37b79a3-8c4f-4b8a-8508-1150e238c472,Xenon Lamp,2946,nm,absorbance,918.6999687627816
927.363,126.43155199999998,d37b79a3-8c4f-4b8a-8508-1150e238c472,Xenon Lamp,2947,nm,absorbance,918.8736716655355
927.538,91.44195,d37b79a3-8c4f-4b8a-8508-1150e238c472,Xenon Lamp,2948,nm,absorbance,919.0473745682892
927.713,68.23147700000001,d37b79a3-8c4f-4b8a-8508-1150e238c472,Xenon Lamp,2949,nm,absorbance,919.2210774710429
927.888,55.057389,d37b79a3-8c4f-4b8a-8508-1150e238c472,Xenon Lamp,2950,nm,absorbance,919.3947803737968
928.062,46.687257,d37b79a3-8c4f-4b8a-8508-1150e238c472,Xenon Lamp,2951,nm,absorbance,919.5674906885348
928.237,37.62617,d37b79a3-8c4f-4b8a-8508-1150e238c472,Xenon Lamp,2952,nm,absorbance,919.7411935912885
928.412,26.993315000000003,d37b79a3-8c4f-4b8a-8508-1150e238c472,Xenon Lamp,2953,nm,absorbance,919.9148964940424
928.587,23.919531,d37b79a3-8c4f-4b8a-8508-1150e238c472,Xenon Lamp,2954,nm,absorbance,920.0885993967961
928.761,20.128987,d37b79a3-8c4f-4b8a-8508-1150e238c472,Xenon Lamp,2955,nm,absorbance,920.2613097115341
928.936,19.896624000000003,d37b79a3-8c4f-4b8a-8508-1150e238c472,Xenon Lamp,2956,nm,absorbance,920.435012614288
929.111,17.58013,d37b79a3-8c4f-4b8a-8508-1150e238c472,Xenon Lamp,2957,nm,absorbance,920.6087155170417
929.286,19.902187,d37b79a3-8c4f-4b8a-8508-1150e238c472,Xenon Lamp,2958,nm,absorbance,920.7824184197954
929.46,17.368869,d37b79a3-8c4f-4b8a-8508-1150e238c472,Xenon Lamp,2959,nm,absorbance,920.9551287345336
929.635,17.116264,d37b79a3-8c4f-4b8a-8508-1150e238c472,Xenon Lamp,2960,nm,absorbance,921.1288316372872
929.81,14.354663,d37b79a3-8c4f-4b8a-8508-1150e238c472,Xenon Lamp,2961,nm,absorbance,921.3025345400409
929.984,11.48952,d37b79a3-8c4f-4b8a-8508-1150e238c472,Xenon Lamp,2962,nm,absorbance,921.4752448547791
930.159,12.595037,d37b79a3-8c4f-4b8a-8508-1150e238c472,Xenon Lamp,2963,nm,absorbance,921.6489477575328
930.334,12.628735,d37b79a3-8c4f-4b8a-8508-1150e238c472,Xenon Lamp,2964,nm,absorbance,921.8226506602865
930.508,13.052866,d37b79a3-8c4f-4b8a-8508-1150e238c472,Xenon Lamp,2965,nm,absorbance,921.9953609750247
930.683,10.370237,d37b79a3-8c4f-4b8a-8508-1150e238c472,Xenon Lamp,2966,nm,absorbance,922.1690638777784
930.857,13.770178,d37b79a3-8c4f-4b8a-8508-1150e238c472,Xenon Lamp,2967,nm,absorbance,922.3417741925165
931.032,13.972872,d37b79a3-8c4f-4b8a-8508-1150e238c472,Xenon Lamp,2968,nm,absorbance,922.5154770952703
931.206,14.141476,d37b79a3-8c4f-4b8a-8508-1150e238c472,Xenon Lamp,2969,nm,absorbance,922.6881874100083
931.381,11.618482,d37b79a3-8c4f-4b8a-8508-1150e238c472,Xenon Lamp,2970,nm,absorbance,922.8618903127621
931.556,12.575213,d37b79a3-8c4f-4b8a-8508-1150e238c472,Xenon Lamp,2971,nm,absorbance,923.0355932155159
931.73,16.496879,d37b79a3-8c4f-4b8a-8508-1150e238c472,Xenon Lamp,2972,nm,absorbance,923.2083035302538
931.904,13.562389,d37b79a3-8c4f-4b8a-8508-1150e238c472,Xenon Lamp,2973,nm,absorbance,923.3810138449919
932.079,8.912391000000001,d37b79a3-8c4f-4b8a-8508-1150e238c472,Xenon Lamp,2974,nm,absorbance,923.5547167477456
932.253,3.178743,d37b79a3-8c4f-4b8a-8508-1150e238c472,Xenon Lamp,2975,nm,absorbance,923.7274270624837
932.428,5.16734,d37b79a3-8c4f-4b8a-8508-1150e238c472,Xenon Lamp,2976,nm,absorbance,923.9011299652375
932.602,10.261693,d37b79a3-8c4f-4b8a-8508-1150e238c472,Xenon Lamp,2977,nm,absorbance,924.0738402799755
932.777,12.462818,d37b79a3-8c4f-4b8a-8508-1150e238c472,Xenon Lamp,2978,nm,absorbance,924.2475431827293
932.951,11.327633,d37b79a3-8c4f-4b8a-8508-1150e238c472,Xenon Lamp,2979,nm,absorbance,924.4202534974673
933.125,9.273451,d37b79a3-8c4f-4b8a-8508-1150e238c472,Xenon Lamp,2980,nm,absorbance,924.5929638122053
933.3,6.289917000000001,d37b79a3-8c4f-4b8a-8508-1150e238c472,Xenon Lamp,2981,nm,absorbance,924.766666714959
933.474,8.567530999999999,d37b79a3-8c4f-4b8a-8508-1150e238c472,Xenon Lamp,2982,nm,absorbance,924.9393770296972
933.648,10.500138,d37b79a3-8c4f-4b8a-8508-1150e238c472,Xenon Lamp,2983,nm,absorbance,925.1120873444352
933.823,10.213227,d37b79a3-8c4f-4b8a-8508-1150e238c472,Xenon Lamp,2984,nm,absorbance,925.285790247189
933.997,6.740075,d37b79a3-8c4f-4b8a-8508-1150e238c472,Xenon Lamp,2985,nm,absorbance,925.4585005619269
934.171,3.357513,d37b79a3-8c4f-4b8a-8508-1150e238c472,Xenon Lamp,2986,nm,absorbance,925.631210876665
934.345,2.3537830000000004,d37b79a3-8c4f-4b8a-8508-1150e238c472,Xenon Lamp,2987,nm,absorbance,925.8039211914031
934.52,2.871787,d37b79a3-8c4f-4b8a-8508-1150e238c472,Xenon Lamp,2988,nm,absorbance,925.9776240941568
934.694,8.228221,d37b79a3-8c4f-4b8a-8508-1150e238c472,Xenon Lamp,2989,nm,absorbance,926.1503344088948
934.868,13.536029000000005,d37b79a3-8c4f-4b8a-8508-1150e238c472,Xenon Lamp,2990,nm,absorbance,926.323044723633
935.042,17.311087,d37b79a3-8c4f-4b8a-8508-1150e238c472,Xenon Lamp,2991,nm,absorbance,926.4957550383709
935.217,13.161284,d37b79a3-8c4f-4b8a-8508-1150e238c472,Xenon Lamp,2992,nm,absorbance,926.6694579411247
935.391,8.645574,d37b79a3-8c4f-4b8a-8508-1150e238c472,Xenon Lamp,2993,nm,absorbance,926.8421682558627
935.565,3.547792,d37b79a3-8c4f-4b8a-8508-1150e238c472,Xenon Lamp,2994,nm,absorbance,927.0148785706008
935.739,1.607948,d37b79a3-8c4f-4b8a-8508-1150e238c472,Xenon Lamp,2995,nm,absorbance,927.1875888853389
935.913,2.422302,d37b79a3-8c4f-4b8a-8508-1150e238c472,Xenon Lamp,2996,nm,absorbance,927.3602992000768
936.087,7.754909,d37b79a3-8c4f-4b8a-8508-1150e238c472,Xenon Lamp,2997,nm,absorbance,927.5330095148148
936.261,11.656792,d37b79a3-8c4f-4b8a-8508-1150e238c472,Xenon Lamp,2998,nm,absorbance,927.7057198295529
936.435,15.626813000000002,d37b79a3-8c4f-4b8a-8508-1150e238c472,Xenon Lamp,2999,nm,absorbance,927.8784301442909
936.609,13.651344,d37b79a3-8c4f-4b8a-8508-1150e238c472,Xenon Lamp,3000,nm,absorbance,928.051140459029
936.783,15.655553,d37b79a3-8c4f-4b8a-8508-1150e238c472,Xenon Lamp,3001,nm,absorbance,928.223850773767
936.957,15.596776,d37b79a3-8c4f-4b8a-8508-1150e238c472,Xenon Lamp,3002,nm,absorbance,928.396561088505
937.131,16.846781999999997,d37b79a3-8c4f-4b8a-8508-1150e238c472,Xenon Lamp,3003,nm,absorbance,928.5692714032431
937.305,13.688778000000005,d37b79a3-8c4f-4b8a-8508-1150e238c472,Xenon Lamp,3004,nm,absorbance,928.741981717981
937.479,14.272414,d37b79a3-8c4f-4b8a-8508-1150e238c472,Xenon Lamp,3005,nm,absorbance,928.9146920327192
937.653,9.280717,d37b79a3-8c4f-4b8a-8508-1150e238c472,Xenon Lamp,3006,nm,absorbance,929.0874023474572
937.827,8.452003999999999,d37b79a3-8c4f-4b8a-8508-1150e238c472,Xenon Lamp,3007,nm,absorbance,929.2601126621952
938.001,9.218435,d37b79a3-8c4f-4b8a-8508-1150e238c472,Xenon Lamp,3008,nm,absorbance,929.4328229769333
938.175,11.388646,d37b79a3-8c4f-4b8a-8508-1150e238c472,Xenon Lamp,3009,nm,absorbance,929.6055332916712
938.349,10.473059,d37b79a3-8c4f-4b8a-8508-1150e238c472,Xenon Lamp,3010,nm,absorbance,929.7782436064093
938.523,4.899222,d37b79a3-8c4f-4b8a-8508-1150e238c472,Xenon Lamp,3011,nm,absorbance,929.9509539211474
938.697,2.549476,d37b79a3-8c4f-4b8a-8508-1150e238c472,Xenon Lamp,3012,nm,absorbance,930.1236642358854
938.87,2.3016370000000004,d37b79a3-8c4f-4b8a-8508-1150e238c472,Xenon Lamp,3013,nm,absorbance,930.2953819626077
939.044,4.730059,d37b79a3-8c4f-4b8a-8508-1150e238c472,Xenon Lamp,3014,nm,absorbance,930.4680922773457
939.218,7.802197,d37b79a3-8c4f-4b8a-8508-1150e238c472,Xenon Lamp,3015,nm,absorbance,930.6408025920837
939.392,12.725552,d37b79a3-8c4f-4b8a-8508-1150e238c472,Xenon Lamp,3016,nm,absorbance,930.8135129068219
939.566,14.520471,d37b79a3-8c4f-4b8a-8508-1150e238c472,Xenon Lamp,3017,nm,absorbance,930.9862232215598
939.739,12.279657,d37b79a3-8c4f-4b8a-8508-1150e238c472,Xenon Lamp,3018,nm,absorbance,931.1579409482822
939.913,13.777425,d37b79a3-8c4f-4b8a-8508-1150e238c472,Xenon Lamp,3019,nm,absorbance,931.3306512630202
940.087,12.106043,d37b79a3-8c4f-4b8a-8508-1150e238c472,Xenon Lamp,3020,nm,absorbance,931.5033615777581
940.261,19.647701,d37b79a3-8c4f-4b8a-8508-1150e238c472,Xenon Lamp,3021,nm,absorbance,931.6760718924962
940.434,19.608889,d37b79a3-8c4f-4b8a-8508-1150e238c472,Xenon Lamp,3022,nm,absorbance,931.8477896192185
940.608,18.584241,d37b79a3-8c4f-4b8a-8508-1150e238c472,Xenon Lamp,3023,nm,absorbance,932.0204999339566
940.782,13.796043999999998,d37b79a3-8c4f-4b8a-8508-1150e238c472,Xenon Lamp,3024,nm,absorbance,932.1932102486946
940.955,10.101029,d37b79a3-8c4f-4b8a-8508-1150e238c472,Xenon Lamp,3025,nm,absorbance,932.3649279754169
941.129,13.151648,d37b79a3-8c4f-4b8a-8508-1150e238c472,Xenon Lamp,3026,nm,absorbance,932.537638290155
941.302,12.969803000000002,d37b79a3-8c4f-4b8a-8508-1150e238c472,Xenon Lamp,3027,nm,absorbance,932.7093560168772
941.476,15.948104,d37b79a3-8c4f-4b8a-8508-1150e238c472,Xenon Lamp,3028,nm,absorbance,932.8820663316153
941.65,11.819748,d37b79a3-8c4f-4b8a-8508-1150e238c472,Xenon Lamp,3029,nm,absorbance,933.0547766463533
941.823,15.064711,d37b79a3-8c4f-4b8a-8508-1150e238c472,Xenon Lamp,3030,nm,absorbance,933.2264943730756
941.997,15.887081999999998,d37b79a3-8c4f-4b8a-8508-1150e238c472,Xenon Lamp,3031,nm,absorbance,933.3992046878136
942.17,19.245106,d37b79a3-8c4f-4b8a-8508-1150e238c472,Xenon Lamp,3032,nm,absorbance,933.5709224145359
942.344,24.030086,d37b79a3-8c4f-4b8a-8508-1150e238c472,Xenon Lamp,3033,nm,absorbance,933.743632729274
942.517,27.296957,d37b79a3-8c4f-4b8a-8508-1150e238c472,Xenon Lamp,3034,nm,absorbance,933.9153504559963
942.691,25.443883,d37b79a3-8c4f-4b8a-8508-1150e238c472,Xenon Lamp,3035,nm,absorbance,934.0880607707344
942.864,22.611169000000004,d37b79a3-8c4f-4b8a-8508-1150e238c472,Xenon Lamp,3036,nm,absorbance,934.2597784974566
943.038,17.961813,d37b79a3-8c4f-4b8a-8508-1150e238c472,Xenon Lamp,3037,nm,absorbance,934.4324888121946
943.211,23.402476,d37b79a3-8c4f-4b8a-8508-1150e238c472,Xenon Lamp,3038,nm,absorbance,934.604206538917
943.385,15.782808999999997,d37b79a3-8c4f-4b8a-8508-1150e238c472,Xenon Lamp,3039,nm,absorbance,934.7769168536549
943.558,14.190684,d37b79a3-8c4f-4b8a-8508-1150e238c472,Xenon Lamp,3040,nm,absorbance,934.9486345803773
943.731,11.50951,d37b79a3-8c4f-4b8a-8508-1150e238c472,Xenon Lamp,3041,nm,absorbance,935.1203523070996
943.905,17.949003,d37b79a3-8c4f-4b8a-8508-1150e238c472,Xenon Lamp,3042,nm,absorbance,935.2930626218376
944.078,16.455173,d37b79a3-8c4f-4b8a-8508-1150e238c472,Xenon Lamp,3043,nm,absorbance,935.4647803485599
944.251,18.810378,d37b79a3-8c4f-4b8a-8508-1150e238c472,Xenon Lamp,3044,nm,absorbance,935.6364980752821
944.425,18.079352,d37b79a3-8c4f-4b8a-8508-1150e238c472,Xenon Lamp,3045,nm,absorbance,935.8092083900202
944.598,21.21305,d37b79a3-8c4f-4b8a-8508-1150e238c472,Xenon Lamp,3046,nm,absorbance,935.9809261167425
944.771,20.801881,d37b79a3-8c4f-4b8a-8508-1150e238c472,Xenon Lamp,3047,nm,absorbance,936.1526438434648
944.945,22.7292,d37b79a3-8c4f-4b8a-8508-1150e238c472,Xenon Lamp,3048,nm,absorbance,936.3253541582029
945.118,22.228846,d37b79a3-8c4f-4b8a-8508-1150e238c472,Xenon Lamp,3049,nm,absorbance,936.4970718849253
945.291,22.487236,d37b79a3-8c4f-4b8a-8508-1150e238c472,Xenon Lamp,3050,nm,absorbance,936.6687896116475
945.464,18.280189,d37b79a3-8c4f-4b8a-8508-1150e238c472,Xenon Lamp,3051,nm,absorbance,936.8405073383699
945.638,18.520293,d37b79a3-8c4f-4b8a-8508-1150e238c472,Xenon Lamp,3052,nm,absorbance,937.0132176531079
945.811,16.317309,d37b79a3-8c4f-4b8a-8508-1150e238c472,Xenon Lamp,3053,nm,absorbance,937.1849353798301
945.984,18.698723,d37b79a3-8c4f-4b8a-8508-1150e238c472,Xenon Lamp,3054,nm,absorbance,937.3566531065525
946.157,20.340596999999995,d37b79a3-8c4f-4b8a-8508-1150e238c472,Xenon Lamp,3055,nm,absorbance,937.5283708332747
946.33,17.523750999999997,d37b79a3-8c4f-4b8a-8508-1150e238c472,Xenon Lamp,3056,nm,absorbance,937.7000885599971
946.503,18.520032000000008,d37b79a3-8c4f-4b8a-8508-1150e238c472,Xenon Lamp,3057,nm,absorbance,937.8718062867193
946.677,18.979779,d37b79a3-8c4f-4b8a-8508-1150e238c472,Xenon Lamp,3058,nm,absorbance,938.0445166014574
946.85,26.728671,d37b79a3-8c4f-4b8a-8508-1150e238c472,Xenon Lamp,3059,nm,absorbance,938.2162343281797
947.023,23.630961000000003,d37b79a3-8c4f-4b8a-8508-1150e238c472,Xenon Lamp,3060,nm,absorbance,938.3879520549019
947.196,26.547917,d37b79a3-8c4f-4b8a-8508-1150e238c472,Xenon Lamp,3061,nm,absorbance,938.5596697816243
947.369,22.727076000000004,d37b79a3-8c4f-4b8a-8508-1150e238c472,Xenon Lamp,3062,nm,absorbance,938.7313875083465
947.542,26.639999,d37b79a3-8c4f-4b8a-8508-1150e238c472,Xenon Lamp,3063,nm,absorbance,938.9031052350689
947.715,21.241865,d37b79a3-8c4f-4b8a-8508-1150e238c472,Xenon Lamp,3064,nm,absorbance,939.0748229617911
947.888,20.369183,d37b79a3-8c4f-4b8a-8508-1150e238c472,Xenon Lamp,3065,nm,absorbance,939.2465406885135
948.061,15.114363,d37b79a3-8c4f-4b8a-8508-1150e238c472,Xenon Lamp,3066,nm,absorbance,939.4182584152358
948.234,14.433571999999998,d37b79a3-8c4f-4b8a-8508-1150e238c472,Xenon Lamp,3067,nm,absorbance,939.5899761419581
948.407,13.702924,d37b79a3-8c4f-4b8a-8508-1150e238c472,Xenon Lamp,3068,nm,absorbance,939.7616938686804
948.58,12.783314,d37b79a3-8c4f-4b8a-8508-1150e238c472,Xenon Lamp,3069,nm,absorbance,939.9334115954027
948.753,9.205074,d37b79a3-8c4f-4b8a-8508-1150e238c472,Xenon Lamp,3070,nm,absorbance,940.105129322125
948.926,11.011272,d37b79a3-8c4f-4b8a-8508-1150e238c472,Xenon Lamp,3071,nm,absorbance,940.2768470488472
949.099,10.369419,d37b79a3-8c4f-4b8a-8508-1150e238c472,Xenon Lamp,3072,nm,absorbance,940.4485647755696
949.271,15.022181,d37b79a3-8c4f-4b8a-8508-1150e238c472,Xenon Lamp,3073,nm,absorbance,940.619289914276
949.444,11.791886000000002,d37b79a3-8c4f-4b8a-8508-1150e238c472,Xenon Lamp,3074,nm,absorbance,940.7910076409984
949.617,11.743593,d37b79a3-8c4f-4b8a-8508-1150e238c472,Xenon Lamp,3075,nm,absorbance,940.9627253677206
949.79,8.03265,d37b79a3-8c4f-4b8a-8508-1150e238c472,Xenon Lamp,3076,nm,absorbance,941.134443094443
949.963,11.039461,d37b79a3-8c4f-4b8a-8508-1150e238c472,Xenon Lamp,3077,nm,absorbance,941.3061608211652
950.136,12.150926000000002,d37b79a3-8c4f-4b8a-8508-1150e238c472,Xenon Lamp,3078,nm,absorbance,941.4778785478876
950.308,11.78584,d37b79a3-8c4f-4b8a-8508-1150e238c472,Xenon Lamp,3079,nm,absorbance,941.6486036865941
950.481,6.398586999999999,d37b79a3-8c4f-4b8a-8508-1150e238c472,Xenon Lamp,3080,nm,absorbance,941.8203214133165
950.654,7.96308,d37b79a3-8c4f-4b8a-8508-1150e238c472,Xenon Lamp,3081,nm,absorbance,941.9920391400387
950.827,10.444408,d37b79a3-8c4f-4b8a-8508-1150e238c472,Xenon Lamp,3082,nm,absorbance,942.1637568667611
950.999,12.696155,d37b79a3-8c4f-4b8a-8508-1150e238c472,Xenon Lamp,3083,nm,absorbance,942.3344820054676
951.172,15.429772,d37b79a3-8c4f-4b8a-8508-1150e238c472,Xenon Lamp,3084,nm,absorbance,942.5061997321899
951.345,12.915409,d37b79a3-8c4f-4b8a-8508-1150e238c472,Xenon Lamp,3085,nm,absorbance,942.6779174589122
951.517,13.804541999999998,d37b79a3-8c4f-4b8a-8508-1150e238c472,Xenon Lamp,3086,nm,absorbance,942.8486425976188
951.69,11.285651,d37b79a3-8c4f-4b8a-8508-1150e238c472,Xenon Lamp,3087,nm,absorbance,943.0203603243411
951.863,13.036891,d37b79a3-8c4f-4b8a-8508-1150e238c472,Xenon Lamp,3088,nm,absorbance,943.1920780510634
952.035,14.237945000000002,d37b79a3-8c4f-4b8a-8508-1150e238c472,Xenon Lamp,3089,nm,absorbance,943.3628031897699
952.208,13.424526,d37b79a3-8c4f-4b8a-8508-1150e238c472,Xenon Lamp,3090,nm,absorbance,943.5345209164922
952.381,12.195168,d37b79a3-8c4f-4b8a-8508-1150e238c472,Xenon Lamp,3091,nm,absorbance,943.7062386432145
952.553,9.525771,d37b79a3-8c4f-4b8a-8508-1150e238c472,Xenon Lamp,3092,nm,absorbance,943.8769637819211
952.726,7.930729000000001,d37b79a3-8c4f-4b8a-8508-1150e238c472,Xenon Lamp,3093,nm,absorbance,944.0486815086434
952.898,9.547662,d37b79a3-8c4f-4b8a-8508-1150e238c472,Xenon Lamp,3094,nm,absorbance,944.21940664735
953.071,8.884906999999998,d37b79a3-8c4f-4b8a-8508-1150e238c472,Xenon Lamp,3095,nm,absorbance,944.3911243740723
953.243,11.268573,d37b79a3-8c4f-4b8a-8508-1150e238c472,Xenon Lamp,3096,nm,absorbance,944.5618495127788
953.416,10.565606,d37b79a3-8c4f-4b8a-8508-1150e238c472,Xenon Lamp,3097,nm,absorbance,944.7335672395012
953.588,15.469551,d37b79a3-8c4f-4b8a-8508-1150e238c472,Xenon Lamp,3098,nm,absorbance,944.9042923782076
953.761,15.897827,d37b79a3-8c4f-4b8a-8508-1150e238c472,Xenon Lamp,3099,nm,absorbance,945.07601010493
953.933,18.163594,d37b79a3-8c4f-4b8a-8508-1150e238c472,Xenon Lamp,3100,nm,absorbance,945.2467352436365
954.106,17.540339,d37b79a3-8c4f-4b8a-8508-1150e238c472,Xenon Lamp,3101,nm,absorbance,945.4184529703589
954.278,20.146549,d37b79a3-8c4f-4b8a-8508-1150e238c472,Xenon Lamp,3102,nm,absorbance,945.5891781090654
954.45,23.613883000000005,d37b79a3-8c4f-4b8a-8508-1150e238c472,Xenon Lamp,3103,nm,absorbance,945.7599032477721
954.623,24.067541,d37b79a3-8c4f-4b8a-8508-1150e238c472,Xenon Lamp,3104,nm,absorbance,945.9316209744943
954.795,20.655645,d37b79a3-8c4f-4b8a-8508-1150e238c472,Xenon Lamp,3105,nm,absorbance,946.1023461132008
954.967,16.403832,d37b79a3-8c4f-4b8a-8508-1150e238c472,Xenon Lamp,3106,nm,absorbance,946.2730712519074
955.14,19.579631,d37b79a3-8c4f-4b8a-8508-1150e238c472,Xenon Lamp,3107,nm,absorbance,946.4447889786297
955.312,22.457306,d37b79a3-8c4f-4b8a-8508-1150e238c472,Xenon Lamp,3108,nm,absorbance,946.6155141173363
955.484,24.844866,d37b79a3-8c4f-4b8a-8508-1150e238c472,Xenon Lamp,3109,nm,absorbance,946.7862392560429
955.657,23.275745000000004,d37b79a3-8c4f-4b8a-8508-1150e238c472,Xenon Lamp,3110,nm,absorbance,946.9579569827652
955.829,24.096702,d37b79a3-8c4f-4b8a-8508-1150e238c472,Xenon Lamp,3111,nm,absorbance,947.1286821214717
956.001,22.783551,d37b79a3-8c4f-4b8a-8508-1150e238c472,Xenon Lamp,3112,nm,absorbance,947.2994072601782
956.173,24.529045,d37b79a3-8c4f-4b8a-8508-1150e238c472,Xenon Lamp,3113,nm,absorbance,947.4701323988849
956.346,26.312243,d37b79a3-8c4f-4b8a-8508-1150e238c472,Xenon Lamp,3114,nm,absorbance,947.6418501256071
956.518,30.570453,d37b79a3-8c4f-4b8a-8508-1150e238c472,Xenon Lamp,3115,nm,absorbance,947.8125752643138
956.69,27.699014,d37b79a3-8c4f-4b8a-8508-1150e238c472,Xenon Lamp,3116,nm,absorbance,947.9833004030203
956.862,23.392517,d37b79a3-8c4f-4b8a-8508-1150e238c472,Xenon Lamp,3117,nm,absorbance,948.1540255417268
957.034,23.655402,d37b79a3-8c4f-4b8a-8508-1150e238c472,Xenon Lamp,3118,nm,absorbance,948.3247506804333
957.207,20.065193,d37b79a3-8c4f-4b8a-8508-1150e238c472,Xenon Lamp,3119,nm,absorbance,948.4964684071557
957.379,23.579463,d37b79a3-8c4f-4b8a-8508-1150e238c472,Xenon Lamp,3120,nm,absorbance,948.6671935458622
957.551,23.644641,d37b79a3-8c4f-4b8a-8508-1150e238c472,Xenon Lamp,3121,nm,absorbance,948.8379186845689
957.723,28.194440000000004,d37b79a3-8c4f-4b8a-8508-1150e238c472,Xenon Lamp,3122,nm,absorbance,949.0086438232753
957.895,30.610863,d37b79a3-8c4f-4b8a-8508-1150e238c472,Xenon Lamp,3123,nm,absorbance,949.1793689619819
958.067,26.917811,d37b79a3-8c4f-4b8a-8508-1150e238c472,Xenon Lamp,3124,nm,absorbance,949.3500941006885
958.239,27.605445,d37b79a3-8c4f-4b8a-8508-1150e238c472,Xenon Lamp,3125,nm,absorbance,949.5208192393951
958.411,24.65688,d37b79a3-8c4f-4b8a-8508-1150e238c472,Xenon Lamp,3126,nm,absorbance,949.6915443781015
958.583,24.876331,d37b79a3-8c4f-4b8a-8508-1150e238c472,Xenon Lamp,3127,nm,absorbance,949.8622695168082
958.755,24.37609,d37b79a3-8c4f-4b8a-8508-1150e238c472,Xenon Lamp,3128,nm,absorbance,950.0329946555147
958.927,23.309553,d37b79a3-8c4f-4b8a-8508-1150e238c472,Xenon Lamp,3129,nm,absorbance,950.2037197942213
959.099,24.40928,d37b79a3-8c4f-4b8a-8508-1150e238c472,Xenon Lamp,3130,nm,absorbance,950.3744449329279
959.271,18.969642000000004,d37b79a3-8c4f-4b8a-8508-1150e238c472,Xenon Lamp,3131,nm,absorbance,950.5451700716344
959.443,21.996971,d37b79a3-8c4f-4b8a-8508-1150e238c472,Xenon Lamp,3132,nm,absorbance,950.7158952103409
959.615,21.205993,d37b79a3-8c4f-4b8a-8508-1150e238c472,Xenon Lamp,3133,nm,absorbance,950.8866203490476
959.787,25.902344,d37b79a3-8c4f-4b8a-8508-1150e238c472,Xenon Lamp,3134,nm,absorbance,951.0573454877541
959.959,22.584442,d37b79a3-8c4f-4b8a-8508-1150e238c472,Xenon Lamp,3135,nm,absorbance,951.2280706264606
960.13,23.256673,d37b79a3-8c4f-4b8a-8508-1150e238c472,Xenon Lamp,3136,nm,absorbance,951.3978031771516
960.302,22.076381,d37b79a3-8c4f-4b8a-8508-1150e238c472,Xenon Lamp,3137,nm,absorbance,951.5685283158581
960.474,21.089398,d37b79a3-8c4f-4b8a-8508-1150e238c472,Xenon Lamp,3138,nm,absorbance,951.7392534545647
960.646,21.160380000000004,d37b79a3-8c4f-4b8a-8508-1150e238c472,Xenon Lamp,3139,nm,absorbance,951.9099785932711
960.818,26.088231999999994,d37b79a3-8c4f-4b8a-8508-1150e238c472,Xenon Lamp,3140,nm,absorbance,952.0807037319778
960.99,27.037633,d37b79a3-8c4f-4b8a-8508-1150e238c472,Xenon Lamp,3141,nm,absorbance,952.2514288706843
961.161,26.28808,d37b79a3-8c4f-4b8a-8508-1150e238c472,Xenon Lamp,3142,nm,absorbance,952.4211614213751
961.333,24.353386000000004,d37b79a3-8c4f-4b8a-8508-1150e238c472,Xenon Lamp,3143,nm,absorbance,952.5918865600817
961.505,23.876123,d37b79a3-8c4f-4b8a-8508-1150e238c472,Xenon Lamp,3144,nm,absorbance,952.7626116987883
961.677,17.645169000000003,d37b79a3-8c4f-4b8a-8508-1150e238c472,Xenon Lamp,3145,nm,absorbance,952.9333368374948
961.848,12.011371,d37b79a3-8c4f-4b8a-8508-1150e238c472,Xenon Lamp,3146,nm,absorbance,953.1030693881856
962.02,8.541693,d37b79a3-8c4f-4b8a-8508-1150e238c472,Xenon Lamp,3147,nm,absorbance,953.2737945268922
962.192,6.625282000000001,d37b79a3-8c4f-4b8a-8508-1150e238c472,Xenon Lamp,3148,nm,absorbance,953.4445196655988
962.363,7.07021,d37b79a3-8c4f-4b8a-8508-1150e238c472,Xenon Lamp,3149,nm,absorbance,953.6142522162896
962.535,5.286784,d37b79a3-8c4f-4b8a-8508-1150e238c472,Xenon Lamp,3150,nm,absorbance,953.7849773549962
962.707,7.448142,d37b79a3-8c4f-4b8a-8508-1150e238c472,Xenon Lamp,3151,nm,absorbance,953.9557024937027
962.878,5.330734,d37b79a3-8c4f-4b8a-8508-1150e238c472,Xenon Lamp,3152,nm,absorbance,954.1254350443936
963.05,7.841366000000001,d37b79a3-8c4f-4b8a-8508-1150e238c472,Xenon Lamp,3153,nm,absorbance,954.2961601831001
963.221,10.419674,d37b79a3-8c4f-4b8a-8508-1150e238c472,Xenon Lamp,3154,nm,absorbance,954.465892733791
963.393,7.397969000000001,d37b79a3-8c4f-4b8a-8508-1150e238c472,Xenon Lamp,3155,nm,absorbance,954.6366178724976
963.564,6.308436,d37b79a3-8c4f-4b8a-8508-1150e238c472,Xenon Lamp,3156,nm,absorbance,954.8063504231883
963.736,1.7579619999999998,d37b79a3-8c4f-4b8a-8508-1150e238c472,Xenon Lamp,3157,nm,absorbance,954.9770755618949
963.907,-0.960016,d37b79a3-8c4f-4b8a-8508-1150e238c472,Xenon Lamp,3158,nm,absorbance,955.1468081125857
964.079,-4.998327000000001,d37b79a3-8c4f-4b8a-8508-1150e238c472,Xenon Lamp,3159,nm,absorbance,955.3175332512923
964.25,1.0873959999999998,d37b79a3-8c4f-4b8a-8508-1150e238c472,Xenon Lamp,3160,nm,absorbance,955.4872658019831
964.422,9.637804,d37b79a3-8c4f-4b8a-8508-1150e238c472,Xenon Lamp,3161,nm,absorbance,955.6579909406897
964.593,7.473399000000001,d37b79a3-8c4f-4b8a-8508-1150e238c472,Xenon Lamp,3162,nm,absorbance,955.8277234913805
964.765,4.483946,d37b79a3-8c4f-4b8a-8508-1150e238c472,Xenon Lamp,3163,nm,absorbance,955.9984486300871
964.936,-2.7601050000000003,d37b79a3-8c4f-4b8a-8508-1150e238c472,Xenon Lamp,3164,nm,absorbance,956.168181180778
965.108,0.2807369999999999,d37b79a3-8c4f-4b8a-8508-1150e238c472,Xenon Lamp,3165,nm,absorbance,956.3389063194844
965.279,0.3527319999999996,d37b79a3-8c4f-4b8a-8508-1150e238c472,Xenon Lamp,3166,nm,absorbance,956.5086388701753
965.45,5.617732,d37b79a3-8c4f-4b8a-8508-1150e238c472,Xenon Lamp,3167,nm,absorbance,956.6783714208661
965.622,7.364993000000001,d37b79a3-8c4f-4b8a-8508-1150e238c472,Xenon Lamp,3168,nm,absorbance,956.8490965595727
965.793,5.663597,d37b79a3-8c4f-4b8a-8508-1150e238c472,Xenon Lamp,3169,nm,absorbance,957.0188291102635
965.964,7.646862,d37b79a3-8c4f-4b8a-8508-1150e238c472,Xenon Lamp,3170,nm,absorbance,957.1885616609544
966.136,5.179123,d37b79a3-8c4f-4b8a-8508-1150e238c472,Xenon Lamp,3171,nm,absorbance,957.3592867996609
966.307,5.410497000000001,d37b79a3-8c4f-4b8a-8508-1150e238c472,Xenon Lamp,3172,nm,absorbance,957.5290193503517
966.478,-1.088063,d37b79a3-8c4f-4b8a-8508-1150e238c472,Xenon Lamp,3173,nm,absorbance,957.6987519010426
966.65,4.320403,d37b79a3-8c4f-4b8a-8508-1150e238c472,Xenon Lamp,3174,nm,absorbance,957.8694770397491
966.821,8.007334,d37b79a3-8c4f-4b8a-8508-1150e238c472,Xenon Lamp,3175,nm,absorbance,958.03920959044
966.992,7.691256,d37b79a3-8c4f-4b8a-8508-1150e238c472,Xenon Lamp,3176,nm,absorbance,958.2089421411307
967.163,3.32285,d37b79a3-8c4f-4b8a-8508-1150e238c472,Xenon Lamp,3177,nm,absorbance,958.3786746918216
967.334,-0.683385,d37b79a3-8c4f-4b8a-8508-1150e238c472,Xenon Lamp,3178,nm,absorbance,958.5484072425124
967.506,4.212951,d37b79a3-8c4f-4b8a-8508-1150e238c472,Xenon Lamp,3179,nm,absorbance,958.719132381219
967.677,9.372842000000002,d37b79a3-8c4f-4b8a-8508-1150e238c472,Xenon Lamp,3180,nm,absorbance,958.8888649319099
967.848,6.823938,d37b79a3-8c4f-4b8a-8508-1150e238c472,Xenon Lamp,3181,nm,absorbance,959.0585974826006
968.019,6.417347,d37b79a3-8c4f-4b8a-8508-1150e238c472,Xenon Lamp,3182,nm,absorbance,959.2283300332915
968.19,3.718167,d37b79a3-8c4f-4b8a-8508-1150e238c472,Xenon Lamp,3183,nm,absorbance,959.3980625839823
968.361,6.120236999999999,d37b79a3-8c4f-4b8a-8508-1150e238c472,Xenon Lamp,3184,nm,absorbance,959.5677951346731
968.532,6.904746,d37b79a3-8c4f-4b8a-8508-1150e238c472,Xenon Lamp,3185,nm,absorbance,959.7375276853641
968.703,6.657131,d37b79a3-8c4f-4b8a-8508-1150e238c472,Xenon Lamp,3186,nm,absorbance,959.9072602360548
968.874,8.286293999999998,d37b79a3-8c4f-4b8a-8508-1150e238c472,Xenon Lamp,3187,nm,absorbance,960.0769927867457
969.045,4.377749000000001,d37b79a3-8c4f-4b8a-8508-1150e238c472,Xenon Lamp,3188,nm,absorbance,960.2467253374364
969.216,5.737809,d37b79a3-8c4f-4b8a-8508-1150e238c472,Xenon Lamp,3189,nm,absorbance,960.4164578881273
969.387,4.268503000000001,d37b79a3-8c4f-4b8a-8508-1150e238c472,Xenon Lamp,3190,nm,absorbance,960.5861904388181
969.558,6.498033,d37b79a3-8c4f-4b8a-8508-1150e238c472,Xenon Lamp,3191,nm,absorbance,960.7559229895089
969.729,3.0812940000000006,d37b79a3-8c4f-4b8a-8508-1150e238c472,Xenon Lamp,3192,nm,absorbance,960.9256555401998
969.9,-2.621055,d37b79a3-8c4f-4b8a-8508-1150e238c472,Xenon Lamp,3193,nm,absorbance,961.0953880908905
970.071,-6.183589,d37b79a3-8c4f-4b8a-8508-1150e238c472,Xenon Lamp,3194,nm,absorbance,961.2651206415815
970.242,-6.786506,d37b79a3-8c4f-4b8a-8508-1150e238c472,Xenon Lamp,3195,nm,absorbance,961.4348531922723
970.413,-0.4548439999999999,d37b79a3-8c4f-4b8a-8508-1150e238c472,Xenon Lamp,3196,nm,absorbance,961.6045857429631
970.584,4.633202,d37b79a3-8c4f-4b8a-8508-1150e238c472,Xenon Lamp,3197,nm,absorbance,961.7743182936539
970.755,5.865179,d37b79a3-8c4f-4b8a-8508-1150e238c472,Xenon Lamp,3198,nm,absorbance,961.9440508443447
970.926,5.528796,d37b79a3-8c4f-4b8a-8508-1150e238c472,Xenon Lamp,3199,nm,absorbance,962.1137833950356
971.097,0.27137,d37b79a3-8c4f-4b8a-8508-1150e238c472,Xenon Lamp,3200,nm,absorbance,962.2835159457263
971.267,4.089059,d37b79a3-8c4f-4b8a-8508-1150e238c472,Xenon Lamp,3201,nm,absorbance,962.4522559084015
971.438,4.930505,d37b79a3-8c4f-4b8a-8508-1150e238c472,Xenon Lamp,3202,nm,absorbance,962.6219884590923
971.609,6.768712000000001,d37b79a3-8c4f-4b8a-8508-1150e238c472,Xenon Lamp,3203,nm,absorbance,962.7917210097831
971.78,4.858672000000001,d37b79a3-8c4f-4b8a-8508-1150e238c472,Xenon Lamp,3204,nm,absorbance,962.961453560474
971.951,1.195366,d37b79a3-8c4f-4b8a-8508-1150e238c472,Xenon Lamp,3205,nm,absorbance,963.1311861111648
972.121,5.103956000000001,d37b79a3-8c4f-4b8a-8508-1150e238c472,Xenon Lamp,3206,nm,absorbance,963.2999260738399
972.292,5.9567570000000005,d37b79a3-8c4f-4b8a-8508-1150e238c472,Xenon Lamp,3207,nm,absorbance,963.4696586245308
972.463,10.233294,d37b79a3-8c4f-4b8a-8508-1150e238c472,Xenon Lamp,3208,nm,absorbance,963.6393911752215
972.633,10.167542,d37b79a3-8c4f-4b8a-8508-1150e238c472,Xenon Lamp,3209,nm,absorbance,963.8081311378967
972.804,7.602731,d37b79a3-8c4f-4b8a-8508-1150e238c472,Xenon Lamp,3210,nm,absorbance,963.9778636885874
972.975,8.150063999999999,d37b79a3-8c4f-4b8a-8508-1150e238c472,Xenon Lamp,3211,nm,absorbance,964.1475962392783
973.145,6.376993,d37b79a3-8c4f-4b8a-8508-1150e238c472,Xenon Lamp,3212,nm,absorbance,964.3163362019534
973.316,11.514188999999998,d37b79a3-8c4f-4b8a-8508-1150e238c472,Xenon Lamp,3213,nm,absorbance,964.4860687526442
973.487,9.496101,d37b79a3-8c4f-4b8a-8508-1150e238c472,Xenon Lamp,3214,nm,absorbance,964.655801303335
973.657,15.717905000000002,d37b79a3-8c4f-4b8a-8508-1150e238c472,Xenon Lamp,3215,nm,absorbance,964.8245412660102
973.828,11.14093,d37b79a3-8c4f-4b8a-8508-1150e238c472,Xenon Lamp,3216,nm,absorbance,964.9942738167009
973.998,13.250008,d37b79a3-8c4f-4b8a-8508-1150e238c472,Xenon Lamp,3217,nm,absorbance,965.1630137793761
974.169,6.405588,d37b79a3-8c4f-4b8a-8508-1150e238c472,Xenon Lamp,3218,nm,absorbance,965.3327463300668
974.339,5.238883,d37b79a3-8c4f-4b8a-8508-1150e238c472,Xenon Lamp,3219,nm,absorbance,965.501486292742
974.51,4.559983000000001,d37b79a3-8c4f-4b8a-8508-1150e238c472,Xenon Lamp,3220,nm,absorbance,965.6712188434328
974.68,3.458393,d37b79a3-8c4f-4b8a-8508-1150e238c472,Xenon Lamp,3221,nm,absorbance,965.8399588061078
974.851,12.378575,d37b79a3-8c4f-4b8a-8508-1150e238c472,Xenon Lamp,3222,nm,absorbance,966.0096913567987
975.021,17.104627,d37b79a3-8c4f-4b8a-8508-1150e238c472,Xenon Lamp,3223,nm,absorbance,966.1784313194737
975.192,21.315442,d37b79a3-8c4f-4b8a-8508-1150e238c472,Xenon Lamp,3224,nm,absorbance,966.3481638701646
975.362,14.295810999999995,d37b79a3-8c4f-4b8a-8508-1150e238c472,Xenon Lamp,3225,nm,absorbance,966.5169038328397
975.533,10.805141,d37b79a3-8c4f-4b8a-8508-1150e238c472,Xenon Lamp,3226,nm,absorbance,966.6866363835305
975.703,9.653836000000002,d37b79a3-8c4f-4b8a-8508-1150e238c472,Xenon Lamp,3227,nm,absorbance,966.8553763462056
975.874,12.526777,d37b79a3-8c4f-4b8a-8508-1150e238c472,Xenon Lamp,3228,nm,absorbance,967.0251088968965
976.044,12.902423,d37b79a3-8c4f-4b8a-8508-1150e238c472,Xenon Lamp,3229,nm,absorbance,967.1938488595715
976.214,13.202749,d37b79a3-8c4f-4b8a-8508-1150e238c472,Xenon Lamp,3230,nm,absorbance,967.3625888222467
976.385,12.822366,d37b79a3-8c4f-4b8a-8508-1150e238c472,Xenon Lamp,3231,nm,absorbance,967.5323213729374
976.555,13.934095,d37b79a3-8c4f-4b8a-8508-1150e238c472,Xenon Lamp,3232,nm,absorbance,967.7010613356125
976.725,9.159935,d37b79a3-8c4f-4b8a-8508-1150e238c472,Xenon Lamp,3233,nm,absorbance,967.8698012982877
976.896,8.303715999999998,d37b79a3-8c4f-4b8a-8508-1150e238c472,Xenon Lamp,3234,nm,absorbance,968.0395338489784
977.066,1.8823730000000003,d37b79a3-8c4f-4b8a-8508-1150e238c472,Xenon Lamp,3235,nm,absorbance,968.2082738116536
977.236,6.600958,d37b79a3-8c4f-4b8a-8508-1150e238c472,Xenon Lamp,3236,nm,absorbance,968.3770137743287
977.406,5.163358,d37b79a3-8c4f-4b8a-8508-1150e238c472,Xenon Lamp,3237,nm,absorbance,968.5457537370037
977.577,8.441419999999999,d37b79a3-8c4f-4b8a-8508-1150e238c472,Xenon Lamp,3238,nm,absorbance,968.7154862876946
977.747,5.436492,d37b79a3-8c4f-4b8a-8508-1150e238c472,Xenon Lamp,3239,nm,absorbance,968.8842262503697
977.917,10.351501,d37b79a3-8c4f-4b8a-8508-1150e238c472,Xenon Lamp,3240,nm,absorbance,969.0529662130448
978.087,11.088621,d37b79a3-8c4f-4b8a-8508-1150e238c472,Xenon Lamp,3241,nm,absorbance,969.2217061757199
978.257,16.428798,d37b79a3-8c4f-4b8a-8508-1150e238c472,Xenon Lamp,3242,nm,absorbance,969.3904461383949
978.427,9.430955,d37b79a3-8c4f-4b8a-8508-1150e238c472,Xenon Lamp,3243,nm,absorbance,969.55918610107
978.598,9.734594,d37b79a3-8c4f-4b8a-8508-1150e238c472,Xenon Lamp,3244,nm,absorbance,969.7289186517609
978.768,5.294476999999999,d37b79a3-8c4f-4b8a-8508-1150e238c472,Xenon Lamp,3245,nm,absorbance,969.897658614436
978.938,6.024375,d37b79a3-8c4f-4b8a-8508-1150e238c472,Xenon Lamp,3246,nm,absorbance,970.066398577111
979.108,6.971233000000001,d37b79a3-8c4f-4b8a-8508-1150e238c472,Xenon Lamp,3247,nm,absorbance,970.2351385397861
979.278,11.378965999999998,d37b79a3-8c4f-4b8a-8508-1150e238c472,Xenon Lamp,3248,nm,absorbance,970.4038785024612
979.448,11.294021,d37b79a3-8c4f-4b8a-8508-1150e238c472,Xenon Lamp,3249,nm,absorbance,970.5726184651363
979.618,11.930313000000002,d37b79a3-8c4f-4b8a-8508-1150e238c472,Xenon Lamp,3250,nm,absorbance,970.7413584278115
979.788,6.319632,d37b79a3-8c4f-4b8a-8508-1150e238c472,Xenon Lamp,3251,nm,absorbance,970.9100983904865
979.958,3.0902480000000003,d37b79a3-8c4f-4b8a-8508-1150e238c472,Xenon Lamp,3252,nm,absorbance,971.0788383531616
980.128,2.123471,d37b79a3-8c4f-4b8a-8508-1150e238c472,Xenon Lamp,3253,nm,absorbance,971.2475783158368
980.298,4.360156,d37b79a3-8c4f-4b8a-8508-1150e238c472,Xenon Lamp,3254,nm,absorbance,971.4163182785118
980.468,8.257584000000001,d37b79a3-8c4f-4b8a-8508-1150e238c472,Xenon Lamp,3255,nm,absorbance,971.5850582411869
980.638,8.017090999999999,d37b79a3-8c4f-4b8a-8508-1150e238c472,Xenon Lamp,3256,nm,absorbance,971.7537982038621
980.808,5.972593,d37b79a3-8c4f-4b8a-8508-1150e238c472,Xenon Lamp,3257,nm,absorbance,971.922538166537
980.978,10.790781,d37b79a3-8c4f-4b8a-8508-1150e238c472,Xenon Lamp,3258,nm,absorbance,972.0912781292121
981.148,10.033084,d37b79a3-8c4f-4b8a-8508-1150e238c472,Xenon Lamp,3259,nm,absorbance,972.2600180918872
981.317,12.954733,d37b79a3-8c4f-4b8a-8508-1150e238c472,Xenon Lamp,3260,nm,absorbance,972.4277654665466
981.487,14.365844999999998,d37b79a3-8c4f-4b8a-8508-1150e238c472,Xenon Lamp,3261,nm,absorbance,972.5965054292217
981.657,16.913056000000005,d37b79a3-8c4f-4b8a-8508-1150e238c472,Xenon Lamp,3262,nm,absorbance,972.7652453918969
981.827,26.222283999999995,d37b79a3-8c4f-4b8a-8508-1150e238c472,Xenon Lamp,3263,nm,absorbance,972.9339853545719
981.997,37.479587,d37b79a3-8c4f-4b8a-8508-1150e238c472,Xenon Lamp,3264,nm,absorbance,973.102725317247
982.167,56.08681800000001,d37b79a3-8c4f-4b8a-8508-1150e238c472,Xenon Lamp,3265,nm,absorbance,973.271465279922
982.336,69.95111799999998,d37b79a3-8c4f-4b8a-8508-1150e238c472,Xenon Lamp,3266,nm,absorbance,973.4392126545814
982.506,86.705964,d37b79a3-8c4f-4b8a-8508-1150e238c472,Xenon Lamp,3267,nm,absorbance,973.6079526172565
982.676,104.212236,d37b79a3-8c4f-4b8a-8508-1150e238c472,Xenon Lamp,3268,nm,absorbance,973.7766925799316
982.846,118.331781,d37b79a3-8c4f-4b8a-8508-1150e238c472,Xenon Lamp,3269,nm,absorbance,973.9454325426067
983.015,130.65281000000002,d37b79a3-8c4f-4b8a-8508-1150e238c472,Xenon Lamp,3270,nm,absorbance,974.113179917266
983.185,135.126345,d37b79a3-8c4f-4b8a-8508-1150e238c472,Xenon Lamp,3271,nm,absorbance,974.2819198799411
983.355,144.601056,d37b79a3-8c4f-4b8a-8508-1150e238c472,Xenon Lamp,3272,nm,absorbance,974.4506598426162
983.524,146.57765199999997,d37b79a3-8c4f-4b8a-8508-1150e238c472,Xenon Lamp,3273,nm,absorbance,974.6184072172756
983.694,155.29465,d37b79a3-8c4f-4b8a-8508-1150e238c472,Xenon Lamp,3274,nm,absorbance,974.7871471799507
983.864,164.034186,d37b79a3-8c4f-4b8a-8508-1150e238c472,Xenon Lamp,3275,nm,absorbance,974.9558871426258
984.033,178.107756,d37b79a3-8c4f-4b8a-8508-1150e238c472,Xenon Lamp,3276,nm,absorbance,975.1236345172852
984.203,187.673396,d37b79a3-8c4f-4b8a-8508-1150e238c472,Xenon Lamp,3277,nm,absorbance,975.2923744799602
984.372,192.651634,d37b79a3-8c4f-4b8a-8508-1150e238c472,Xenon Lamp,3278,nm,absorbance,975.4601218546195
984.542,192.854617,d37b79a3-8c4f-4b8a-8508-1150e238c472,Xenon Lamp,3279,nm,absorbance,975.6288618172947
984.712,198.150714,d37b79a3-8c4f-4b8a-8508-1150e238c472,Xenon Lamp,3280,nm,absorbance,975.7976017799698
984.881,205.815406,d37b79a3-8c4f-4b8a-8508-1150e238c472,Xenon Lamp,3281,nm,absorbance,975.965349154629
985.051,208.40638700000005,d37b79a3-8c4f-4b8a-8508-1150e238c472,Xenon Lamp,3282,nm,absorbance,976.1340891173043
985.22,207.912346,d37b79a3-8c4f-4b8a-8508-1150e238c472,Xenon Lamp,3283,nm,absorbance,976.3018364919636
985.39,207.396797,d37b79a3-8c4f-4b8a-8508-1150e238c472,Xenon Lamp,3284,nm,absorbance,976.4705764546386
985.559,211.060223,d37b79a3-8c4f-4b8a-8508-1150e238c472,Xenon Lamp,3285,nm,absorbance,976.638323829298
985.728,222.34428,d37b79a3-8c4f-4b8a-8508-1150e238c472,Xenon Lamp,3286,nm,absorbance,976.8060712039573
985.898,226.422668,d37b79a3-8c4f-4b8a-8508-1150e238c472,Xenon Lamp,3287,nm,absorbance,976.9748111666324
986.067,228.99894000000003,d37b79a3-8c4f-4b8a-8508-1150e238c472,Xenon Lamp,3288,nm,absorbance,977.1425585412918
986.237,224.725428,d37b79a3-8c4f-4b8a-8508-1150e238c472,Xenon Lamp,3289,nm,absorbance,977.3112985039669
986.406,225.974845,d37b79a3-8c4f-4b8a-8508-1150e238c472,Xenon Lamp,3290,nm,absorbance,977.4790458786263
986.576,234.87569,d37b79a3-8c4f-4b8a-8508-1150e238c472,Xenon Lamp,3291,nm,absorbance,977.6477858413014
986.745,236.99126,d37b79a3-8c4f-4b8a-8508-1150e238c472,Xenon Lamp,3292,nm,absorbance,977.8155332159607
986.914,233.791521,d37b79a3-8c4f-4b8a-8508-1150e238c472,Xenon Lamp,3293,nm,absorbance,977.9832805906201
987.084,229.64347499999997,d37b79a3-8c4f-4b8a-8508-1150e238c472,Xenon Lamp,3294,nm,absorbance,978.1520205532951
987.253,227.56557200000003,d37b79a3-8c4f-4b8a-8508-1150e238c472,Xenon Lamp,3295,nm,absorbance,978.3197679279546
987.422,227.167181,d37b79a3-8c4f-4b8a-8508-1150e238c472,Xenon Lamp,3296,nm,absorbance,978.4875153026139
987.591,219.50472499999995,d37b79a3-8c4f-4b8a-8508-1150e238c472,Xenon Lamp,3297,nm,absorbance,978.6552626772732
987.761,212.948213,d37b79a3-8c4f-4b8a-8508-1150e238c472,Xenon Lamp,3298,nm,absorbance,978.8240026399483
987.93,208.476621,d37b79a3-8c4f-4b8a-8508-1150e238c472,Xenon Lamp,3299,nm,absorbance,978.9917500146076
988.099,211.20474900000005,d37b79a3-8c4f-4b8a-8508-1150e238c472,Xenon Lamp,3300,nm,absorbance,979.159497389267
988.268,211.023533,d37b79a3-8c4f-4b8a-8508-1150e238c472,Xenon Lamp,3301,nm,absorbance,979.3272447639264
988.438,210.27666600000003,d37b79a3-8c4f-4b8a-8508-1150e238c472,Xenon Lamp,3302,nm,absorbance,979.4959847266015
988.607,204.432752,d37b79a3-8c4f-4b8a-8508-1150e238c472,Xenon Lamp,3303,nm,absorbance,979.6637321012608
988.776,197.009612,d37b79a3-8c4f-4b8a-8508-1150e238c472,Xenon Lamp,3304,nm,absorbance,979.8314794759201
988.945,193.596718,d37b79a3-8c4f-4b8a-8508-1150e238c472,Xenon Lamp,3305,nm,absorbance,979.9992268505796
989.114,190.46015900000003,d37b79a3-8c4f-4b8a-8508-1150e238c472,Xenon Lamp,3306,nm,absorbance,980.166974225239
989.283,194.192582,d37b79a3-8c4f-4b8a-8508-1150e238c472,Xenon Lamp,3307,nm,absorbance,980.3347215998982
989.452,191.80824400000003,d37b79a3-8c4f-4b8a-8508-1150e238c472,Xenon Lamp,3308,nm,absorbance,980.5024689745576
989.621,188.144877,d37b79a3-8c4f-4b8a-8508-1150e238c472,Xenon Lamp,3309,nm,absorbance,980.670216349217
989.791,175.81004199999998,d37b79a3-8c4f-4b8a-8508-1150e238c472,Xenon Lamp,3310,nm,absorbance,980.8389563118922
989.96,169.11563,d37b79a3-8c4f-4b8a-8508-1150e238c472,Xenon Lamp,3311,nm,absorbance,981.0067036865514
990.129,162.466832,d37b79a3-8c4f-4b8a-8508-1150e238c472,Xenon Lamp,3312,nm,absorbance,981.1744510612108
990.298,156.86800799999995,d37b79a3-8c4f-4b8a-8508-1150e238c472,Xenon Lamp,3313,nm,absorbance,981.3421984358702
990.467,139.249189,d37b79a3-8c4f-4b8a-8508-1150e238c472,Xenon Lamp,3314,nm,absorbance,981.5099458105294
990.636,120.808649,d37b79a3-8c4f-4b8a-8508-1150e238c472,Xenon Lamp,3315,nm,absorbance,981.6776931851888
990.805,97.092684,d37b79a3-8c4f-4b8a-8508-1150e238c472,Xenon Lamp,3316,nm,absorbance,981.8454405598482
990.974,86.135121,d37b79a3-8c4f-4b8a-8508-1150e238c472,Xenon Lamp,3317,nm,absorbance,982.0131879345076
991.142,66.65271800000001,d37b79a3-8c4f-4b8a-8508-1150e238c472,Xenon Lamp,3318,nm,absorbance,982.1799427211512
991.311,52.031223,d37b79a3-8c4f-4b8a-8508-1150e238c472,Xenon Lamp,3319,nm,absorbance,982.3476900958105
991.48,34.538552,d37b79a3-8c4f-4b8a-8508-1150e238c472,Xenon Lamp,3320,nm,absorbance,982.5154374704699
991.649,28.555475,d37b79a3-8c4f-4b8a-8508-1150e238c472,Xenon Lamp,3321,nm,absorbance,982.6831848451293
991.818,25.026114,d37b79a3-8c4f-4b8a-8508-1150e238c472,Xenon Lamp,3322,nm,absorbance,982.8509322197885
991.987,18.282988,d37b79a3-8c4f-4b8a-8508-1150e238c472,Xenon Lamp,3323,nm,absorbance,983.0186795944479
992.156,18.407794,d37b79a3-8c4f-4b8a-8508-1150e238c472,Xenon Lamp,3324,nm,absorbance,983.1864269691073
992.325,16.073237,d37b79a3-8c4f-4b8a-8508-1150e238c472,Xenon Lamp,3325,nm,absorbance,983.3541743437667
992.493,17.150534,d37b79a3-8c4f-4b8a-8508-1150e238c472,Xenon Lamp,3326,nm,absorbance,983.5209291304103
992.662,9.490069000000002,d37b79a3-8c4f-4b8a-8508-1150e238c472,Xenon Lamp,3327,nm,absorbance,983.6886765050697
992.831,2.660619,d37b79a3-8c4f-4b8a-8508-1150e238c472,Xenon Lamp,3328,nm,absorbance,983.856423879729
993.0,3.48049,d37b79a3-8c4f-4b8a-8508-1150e238c472,Xenon Lamp,3329,nm,absorbance,984.0241712543883
993.168,2.24216,d37b79a3-8c4f-4b8a-8508-1150e238c472,Xenon Lamp,3330,nm,absorbance,984.190926041032
993.337,8.205233,d37b79a3-8c4f-4b8a-8508-1150e238c472,Xenon Lamp,3331,nm,absorbance,984.3586734156913
993.506,5.623556000000001,d37b79a3-8c4f-4b8a-8508-1150e238c472,Xenon Lamp,3332,nm,absorbance,984.5264207903507
993.675,8.397069,d37b79a3-8c4f-4b8a-8508-1150e238c472,Xenon Lamp,3333,nm,absorbance,984.69416816501
993.843,10.468272,d37b79a3-8c4f-4b8a-8508-1150e238c472,Xenon Lamp,3334,nm,absorbance,984.8609229516536
994.012,13.790589,d37b79a3-8c4f-4b8a-8508-1150e238c472,Xenon Lamp,3335,nm,absorbance,985.028670326313
994.181,18.782709,d37b79a3-8c4f-4b8a-8508-1150e238c472,Xenon Lamp,3336,nm,absorbance,985.1964177009725
994.349,24.334036,d37b79a3-8c4f-4b8a-8508-1150e238c472,Xenon Lamp,3337,nm,absorbance,985.363172487616
994.518,32.225116,d37b79a3-8c4f-4b8a-8508-1150e238c472,Xenon Lamp,3338,nm,absorbance,985.5309198622754
994.686,36.113647,d37b79a3-8c4f-4b8a-8508-1150e238c472,Xenon Lamp,3339,nm,absorbance,985.697674648919
994.855,40.04541,d37b79a3-8c4f-4b8a-8508-1150e238c472,Xenon Lamp,3340,nm,absorbance,985.8654220235784
995.024,43.384573,d37b79a3-8c4f-4b8a-8508-1150e238c472,Xenon Lamp,3341,nm,absorbance,986.0331693982376
995.192,49.915666,d37b79a3-8c4f-4b8a-8508-1150e238c472,Xenon Lamp,3342,nm,absorbance,986.1999241848813
995.361,56.799686,d37b79a3-8c4f-4b8a-8508-1150e238c472,Xenon Lamp,3343,nm,absorbance,986.3676715595407
995.529,58.864387,d37b79a3-8c4f-4b8a-8508-1150e238c472,Xenon Lamp,3344,nm,absorbance,986.5344263461843
995.698,66.26740800000002,d37b79a3-8c4f-4b8a-8508-1150e238c472,Xenon Lamp,3345,nm,absorbance,986.7021737208436
995.866,71.47814100000001,d37b79a3-8c4f-4b8a-8508-1150e238c472,Xenon Lamp,3346,nm,absorbance,986.8689285074872
996.035,84.79606899999999,d37b79a3-8c4f-4b8a-8508-1150e238c472,Xenon Lamp,3347,nm,absorbance,987.0366758821466
996.203,95.027298,d37b79a3-8c4f-4b8a-8508-1150e238c472,Xenon Lamp,3348,nm,absorbance,987.2034306687902
996.371,104.400359,d37b79a3-8c4f-4b8a-8508-1150e238c472,Xenon Lamp,3349,nm,absorbance,987.3701854554338
996.54,107.775846,d37b79a3-8c4f-4b8a-8508-1150e238c472,Xenon Lamp,3350,nm,absorbance,987.5379328300932
996.708,106.644661,d37b79a3-8c4f-4b8a-8508-1150e238c472,Xenon Lamp,3351,nm,absorbance,987.7046876167368
996.877,110.64787900000002,d37b79a3-8c4f-4b8a-8508-1150e238c472,Xenon Lamp,3352,nm,absorbance,987.8724349913962
997.045,107.598596,d37b79a3-8c4f-4b8a-8508-1150e238c472,Xenon Lamp,3353,nm,absorbance,988.0391897780397
997.213,112.50652300000002,d37b79a3-8c4f-4b8a-8508-1150e238c472,Xenon Lamp,3354,nm,absorbance,988.2059445646834
997.382,115.330213,d37b79a3-8c4f-4b8a-8508-1150e238c472,Xenon Lamp,3355,nm,absorbance,988.3736919393427
997.55,126.279889,d37b79a3-8c4f-4b8a-8508-1150e238c472,Xenon Lamp,3356,nm,absorbance,988.5404467259864
997.718,124.71692600000002,d37b79a3-8c4f-4b8a-8508-1150e238c472,Xenon Lamp,3357,nm,absorbance,988.7072015126299
997.887,129.64500800000002,d37b79a3-8c4f-4b8a-8508-1150e238c472,Xenon Lamp,3358,nm,absorbance,988.8749488872893
998.055,128.27194,d37b79a3-8c4f-4b8a-8508-1150e238c472,Xenon Lamp,3359,nm,absorbance,989.041703673933
998.223,133.050987,d37b79a3-8c4f-4b8a-8508-1150e238c472,Xenon Lamp,3360,nm,absorbance,989.2084584605766
998.391,132.61869299999998,d37b79a3-8c4f-4b8a-8508-1150e238c472,Xenon Lamp,3361,nm,absorbance,989.3752132472201
998.56,140.590406,d37b79a3-8c4f-4b8a-8508-1150e238c472,Xenon Lamp,3362,nm,absorbance,989.5429606218795
998.728,142.24371000000002,d37b79a3-8c4f-4b8a-8508-1150e238c472,Xenon Lamp,3363,nm,absorbance,989.7097154085232
998.896,143.29639400000002,d37b79a3-8c4f-4b8a-8508-1150e238c472,Xenon Lamp,3364,nm,absorbance,989.8764701951668
999.064,139.274703,d37b79a3-8c4f-4b8a-8508-1150e238c472,Xenon Lamp,3365,nm,absorbance,990.0432249818105
999.232,144.84111499999997,d37b79a3-8c4f-4b8a-8508-1150e238c472,Xenon Lamp,3366,nm,absorbance,990.209979768454
999.401,145.018715,d37b79a3-8c4f-4b8a-8508-1150e238c472,Xenon Lamp,3367,nm,absorbance,990.3777271431134
999.569,148.24758500000002,d37b79a3-8c4f-4b8a-8508-1150e238c472,Xenon Lamp,3368,nm,absorbance,990.544481929757
999.737,143.547169,d37b79a3-8c4f-4b8a-8508-1150e238c472,Xenon Lamp,3369,nm,absorbance,990.7112367164007
999.905,140.62632000000002,d37b79a3-8c4f-4b8a-8508-1150e238c472,Xenon Lamp,3370,nm,absorbance,990.8779915030442
1000.073,131.25021699999996,d37b79a3-8c4f-4b8a-8508-1150e238c472,Xenon Lamp,3371,nm,absorbance,991.0447462896879
1000.241,125.334321,d37b79a3-8c4f-4b8a-8508-1150e238c472,Xenon Lamp,3372,nm,absorbance,991.2115010763315
1000.409,123.082995,d37b79a3-8c4f-4b8a-8508-1150e238c472,Xenon Lamp,3373,nm,absorbance,991.3782558629752
1000.577,123.299571,d37b79a3-8c4f-4b8a-8508-1150e238c472,Xenon Lamp,3374,nm,absorbance,991.5450106496188
1000.745,129.13567600000002,d37b79a3-8c4f-4b8a-8508-1150e238c472,Xenon Lamp,3375,nm,absorbance,991.7117654362623
1000.913,125.685459,d37b79a3-8c4f-4b8a-8508-1150e238c472,Xenon Lamp,3376,nm,absorbance,991.878520222906
1001.081,127.714125,d37b79a3-8c4f-4b8a-8508-1150e238c472,Xenon Lamp,3377,nm,absorbance,992.0452750095496
1001.249,120.34174400000002,d37b79a3-8c4f-4b8a-8508-1150e238c472,Xenon Lamp,3378,nm,absorbance,992.2120297961933
1001.417,117.690591,d37b79a3-8c4f-4b8a-8508-1150e238c472,Xenon Lamp,3379,nm,absorbance,992.3787845828368
1001.585,113.173266,d37b79a3-8c4f-4b8a-8508-1150e238c472,Xenon Lamp,3380,nm,absorbance,992.5455393694805
1001.753,111.6992,d37b79a3-8c4f-4b8a-8508-1150e238c472,Xenon Lamp,3381,nm,absorbance,992.7122941561241
1001.921,107.57929,d37b79a3-8c4f-4b8a-8508-1150e238c472,Xenon Lamp,3382,nm,absorbance,992.8790489427678
1002.089,102.832252,d37b79a3-8c4f-4b8a-8508-1150e238c472,Xenon Lamp,3383,nm,absorbance,993.0458037294114
1002.256,99.032301,d37b79a3-8c4f-4b8a-8508-1150e238c472,Xenon Lamp,3384,nm,absorbance,993.2115659280391
1002.424,94.688649,d37b79a3-8c4f-4b8a-8508-1150e238c472,Xenon Lamp,3385,nm,absorbance,993.3783207146828
1002.592,93.979554,d37b79a3-8c4f-4b8a-8508-1150e238c472,Xenon Lamp,3386,nm,absorbance,993.5450755013264
1002.76,87.27971699999999,d37b79a3-8c4f-4b8a-8508-1150e238c472,Xenon Lamp,3387,nm,absorbance,993.7118302879701
1002.928,86.81344299999999,d37b79a3-8c4f-4b8a-8508-1150e238c472,Xenon Lamp,3388,nm,absorbance,993.8785850746137
1003.096,78.11898599999999,d37b79a3-8c4f-4b8a-8508-1150e238c472,Xenon Lamp,3389,nm,absorbance,994.0453398612573
1003.263,64.997852,d37b79a3-8c4f-4b8a-8508-1150e238c472,Xenon Lamp,3390,nm,absorbance,994.2111020598852
1003.431,56.668458999999984,d37b79a3-8c4f-4b8a-8508-1150e238c472,Xenon Lamp,3391,nm,absorbance,994.3778568465289
1003.599,45.322410000000005,d37b79a3-8c4f-4b8a-8508-1150e238c472,Xenon Lamp,3392,nm,absorbance,994.5446116331725
1003.767,41.98883,d37b79a3-8c4f-4b8a-8508-1150e238c472,Xenon Lamp,3393,nm,absorbance,994.7113664198162
1003.934,32.984204,d37b79a3-8c4f-4b8a-8508-1150e238c472,Xenon Lamp,3394,nm,absorbance,994.8771286184439
1004.102,26.844732,d37b79a3-8c4f-4b8a-8508-1150e238c472,Xenon Lamp,3395,nm,absorbance,995.0438834050875
1004.27,22.257423000000003,d37b79a3-8c4f-4b8a-8508-1150e238c472,Xenon Lamp,3396,nm,absorbance,995.2106381917312
1004.437,15.113233000000005,d37b79a3-8c4f-4b8a-8508-1150e238c472,Xenon Lamp,3397,nm,absorbance,995.3764003903591
1004.605,10.929834,d37b79a3-8c4f-4b8a-8508-1150e238c472,Xenon Lamp,3398,nm,absorbance,995.5431551770027
1004.773,7.539502000000001,d37b79a3-8c4f-4b8a-8508-1150e238c472,Xenon Lamp,3399,nm,absorbance,995.7099099636463
1004.94,9.701407,d37b79a3-8c4f-4b8a-8508-1150e238c472,Xenon Lamp,3400,nm,absorbance,995.8756721622742
1005.108,9.555737,d37b79a3-8c4f-4b8a-8508-1150e238c472,Xenon Lamp,3401,nm,absorbance,996.0424269489178
1005.275,6.631934000000001,d37b79a3-8c4f-4b8a-8508-1150e238c472,Xenon Lamp,3402,nm,absorbance,996.2081891475457
1005.443,2.999378,d37b79a3-8c4f-4b8a-8508-1150e238c472,Xenon Lamp,3403,nm,absorbance,996.3749439341893
1005.61,-2.4989130000000004,d37b79a3-8c4f-4b8a-8508-1150e238c472,Xenon Lamp,3404,nm,absorbance,996.5407061328173
1005.778,0.38614,d37b79a3-8c4f-4b8a-8508-1150e238c472,Xenon Lamp,3405,nm,absorbance,996.7074609194608
1005.945,1.052166,d37b79a3-8c4f-4b8a-8508-1150e238c472,Xenon Lamp,3406,nm,absorbance,996.8732231180887
1006.113,4.881721999999999,d37b79a3-8c4f-4b8a-8508-1150e238c472,Xenon Lamp,3407,nm,absorbance,997.0399779047324
1006.28,3.356089,d37b79a3-8c4f-4b8a-8508-1150e238c472,Xenon Lamp,3408,nm,absorbance,997.2057401033602
1006.448,5.726512,d37b79a3-8c4f-4b8a-8508-1150e238c472,Xenon Lamp,3409,nm,absorbance,997.3724948900038
1006.615,2.825521,d37b79a3-8c4f-4b8a-8508-1150e238c472,Xenon Lamp,3410,nm,absorbance,997.5382570886317
1006.783,3.41196,d37b79a3-8c4f-4b8a-8508-1150e238c472,Xenon Lamp,3411,nm,absorbance,997.7050118752753
1006.95,-3.470486,d37b79a3-8c4f-4b8a-8508-1150e238c472,Xenon Lamp,3412,nm,absorbance,997.8707740739032
1007.118,-0.57285,d37b79a3-8c4f-4b8a-8508-1150e238c472,Xenon Lamp,3413,nm,absorbance,998.0375288605469
1007.285,-3.509328,d37b79a3-8c4f-4b8a-8508-1150e238c472,Xenon Lamp,3414,nm,absorbance,998.2032910591747
1007.452,-1.934696,d37b79a3-8c4f-4b8a-8508-1150e238c472,Xenon Lamp,3415,nm,absorbance,998.3690532578026
1007.62,-1.523953,d37b79a3-8c4f-4b8a-8508-1150e238c472,Xenon Lamp,3416,nm,absorbance,998.5358080444462
1007.787,-0.3411610000000001,d37b79a3-8c4f-4b8a-8508-1150e238c472,Xenon Lamp,3417,nm,absorbance,998.7015702430741
1007.954,1.8716929999999996,d37b79a3-8c4f-4b8a-8508-1150e238c472,Xenon Lamp,3418,nm,absorbance,998.8673324417019
1008.122,0.5286719999999999,d37b79a3-8c4f-4b8a-8508-1150e238c472,Xenon Lamp,3419,nm,absorbance,999.0340872283456
1008.289,4.281701,d37b79a3-8c4f-4b8a-8508-1150e238c472,Xenon Lamp,3420,nm,absorbance,999.1998494269735
1008.456,5.488202,d37b79a3-8c4f-4b8a-8508-1150e238c472,Xenon Lamp,3421,nm,absorbance,999.3656116256014
1008.623,6.743061,d37b79a3-8c4f-4b8a-8508-1150e238c472,Xenon Lamp,3422,nm,absorbance,999.5313738242293
1008.791,2.8924710000000005,d37b79a3-8c4f-4b8a-8508-1150e238c472,Xenon Lamp,3423,nm,absorbance,999.6981286108729
1008.958,-1.198756,d37b79a3-8c4f-4b8a-8508-1150e238c472,Xenon Lamp,3424,nm,absorbance,999.8638908095007
1009.125,-4.649554999999999,d37b79a3-8c4f-4b8a-8508-1150e238c472,Xenon Lamp,3425,nm,absorbance,1000.0296530081287
1009.292,-5.060371000000001,d37b79a3-8c4f-4b8a-8508-1150e238c472,Xenon Lamp,3426,nm,absorbance,1000.1954152067566
1009.459,-1.972976,d37b79a3-8c4f-4b8a-8508-1150e238c472,Xenon Lamp,3427,nm,absorbance,1000.3611774053844
1009.627,0.5553830000000002,d37b79a3-8c4f-4b8a-8508-1150e238c472,Xenon Lamp,3428,nm,absorbance,1000.527932192028
1009.794,0.1709889999999999,d37b79a3-8c4f-4b8a-8508-1150e238c472,Xenon Lamp,3429,nm,absorbance,1000.6936943906559
1009.961,-4.894432999999999,d37b79a3-8c4f-4b8a-8508-1150e238c472,Xenon Lamp,3430,nm,absorbance,1000.8594565892838
1010.128,-1.5664380000000002,d37b79a3-8c4f-4b8a-8508-1150e238c472,Xenon Lamp,3431,nm,absorbance,1001.0252187879117
1010.295,2.120874,d37b79a3-8c4f-4b8a-8508-1150e238c472,Xenon Lamp,3432,nm,absorbance,1001.1909809865396
1010.462,6.394166,d37b79a3-8c4f-4b8a-8508-1150e238c472,Xenon Lamp,3433,nm,absorbance,1001.3567431851675
1010.629,1.4591999999999998,d37b79a3-8c4f-4b8a-8508-1150e238c472,Xenon Lamp,3434,nm,absorbance,1001.5225053837954
1010.796,-4.989502,d37b79a3-8c4f-4b8a-8508-1150e238c472,Xenon Lamp,3435,nm,absorbance,1001.6882675824232
1010.963,-5.302729,d37b79a3-8c4f-4b8a-8508-1150e238c472,Xenon Lamp,3436,nm,absorbance,1001.854029781051
1011.13,-2.043025,d37b79a3-8c4f-4b8a-8508-1150e238c472,Xenon Lamp,3437,nm,absorbance,1002.019791979679
1011.297,0.6821179999999998,d37b79a3-8c4f-4b8a-8508-1150e238c472,Xenon Lamp,3438,nm,absorbance,1002.1855541783069
1011.464,-0.5336700000000001,d37b79a3-8c4f-4b8a-8508-1150e238c472,Xenon Lamp,3439,nm,absorbance,1002.3513163769348
1011.631,-1.120473,d37b79a3-8c4f-4b8a-8508-1150e238c472,Xenon Lamp,3440,nm,absorbance,1002.5170785755627
1011.798,2.556431,d37b79a3-8c4f-4b8a-8508-1150e238c472,Xenon Lamp,3441,nm,absorbance,1002.6828407741906
1011.965,3.834368,d37b79a3-8c4f-4b8a-8508-1150e238c472,Xenon Lamp,3442,nm,absorbance,1002.8486029728184
1012.132,6.878493000000001,d37b79a3-8c4f-4b8a-8508-1150e238c472,Xenon Lamp,3443,nm,absorbance,1003.0143651714462
1012.299,3.980982,d37b79a3-8c4f-4b8a-8508-1150e238c472,Xenon Lamp,3444,nm,absorbance,1003.1801273700742
1012.466,5.222659,d37b79a3-8c4f-4b8a-8508-1150e238c472,Xenon Lamp,3445,nm,absorbance,1003.3458895687021
1012.633,3.026236,d37b79a3-8c4f-4b8a-8508-1150e238c472,Xenon Lamp,3446,nm,absorbance,1003.51165176733
1012.799,5.695763,d37b79a3-8c4f-4b8a-8508-1150e238c472,Xenon Lamp,3447,nm,absorbance,1003.6764213779421
1012.966,3.391293,d37b79a3-8c4f-4b8a-8508-1150e238c472,Xenon Lamp,3448,nm,absorbance,1003.84218357657
1013.133,-1.031543,d37b79a3-8c4f-4b8a-8508-1150e238c472,Xenon Lamp,3449,nm,absorbance,1004.0079457751979
1013.3,0.4616640000000001,d37b79a3-8c4f-4b8a-8508-1150e238c472,Xenon Lamp,3450,nm,absorbance,1004.1737079738257
1013.467,0.6047520000000001,d37b79a3-8c4f-4b8a-8508-1150e238c472,Xenon Lamp,3451,nm,absorbance,1004.3394701724536
1013.633,1.6312469999999997,d37b79a3-8c4f-4b8a-8508-1150e238c472,Xenon Lamp,3452,nm,absorbance,1004.5042397830658
1013.8,0.5847630000000003,d37b79a3-8c4f-4b8a-8508-1150e238c472,Xenon Lamp,3453,nm,absorbance,1004.6700019816936
1013.967,2.064556,d37b79a3-8c4f-4b8a-8508-1150e238c472,Xenon Lamp,3454,nm,absorbance,1004.8357641803216
1014.134,2.527283,d37b79a3-8c4f-4b8a-8508-1150e238c472,Xenon Lamp,3455,nm,absorbance,1005.0015263789495
1014.3,0.3725499999999999,d37b79a3-8c4f-4b8a-8508-1150e238c472,Xenon Lamp,3456,nm,absorbance,1005.1662959895616
1014.467,1.240039,d37b79a3-8c4f-4b8a-8508-1150e238c472,Xenon Lamp,3457,nm,absorbance,1005.3320581881894
1014.634,1.56263,d37b79a3-8c4f-4b8a-8508-1150e238c472,Xenon Lamp,3458,nm,absorbance,1005.4978203868174
1014.8,-0.8589049999999998,d37b79a3-8c4f-4b8a-8508-1150e238c472,Xenon Lamp,3459,nm,absorbance,1005.6625899974294
1014.967,-4.336902,d37b79a3-8c4f-4b8a-8508-1150e238c472,Xenon Lamp,3460,nm,absorbance,1005.8283521960574
1015.134,1.21407,d37b79a3-8c4f-4b8a-8508-1150e238c472,Xenon Lamp,3461,nm,absorbance,1005.9941143946853
1015.3,8.929768999999999,d37b79a3-8c4f-4b8a-8508-1150e238c472,Xenon Lamp,3462,nm,absorbance,1006.1588840052974
1015.467,14.846748,d37b79a3-8c4f-4b8a-8508-1150e238c472,Xenon Lamp,3463,nm,absorbance,1006.3246462039253
1015.633,14.289828,d37b79a3-8c4f-4b8a-8508-1150e238c472,Xenon Lamp,3464,nm,absorbance,1006.4894158145376
1015.8,9.712939,d37b79a3-8c4f-4b8a-8508-1150e238c472,Xenon Lamp,3465,nm,absorbance,1006.6551780131653
1015.966,3.2222530000000007,d37b79a3-8c4f-4b8a-8508-1150e238c472,Xenon Lamp,3466,nm,absorbance,1006.8199476237775
1016.133,-0.171497,d37b79a3-8c4f-4b8a-8508-1150e238c472,Xenon Lamp,3467,nm,absorbance,1006.9857098224054
1016.3,5.594491999999999,d37b79a3-8c4f-4b8a-8508-1150e238c472,Xenon Lamp,3468,nm,absorbance,1007.1514720210332
1016.466,8.05866,d37b79a3-8c4f-4b8a-8508-1150e238c472,Xenon Lamp,3469,nm,absorbance,1007.3162416316454
1016.632,10.138597,d37b79a3-8c4f-4b8a-8508-1150e238c472,Xenon Lamp,3470,nm,absorbance,1007.4810112422575
1016.799,3.293299,d37b79a3-8c4f-4b8a-8508-1150e238c472,Xenon Lamp,3471,nm,absorbance,1007.6467734408855
1016.965,4.447000000000001,d37b79a3-8c4f-4b8a-8508-1150e238c472,Xenon Lamp,3472,nm,absorbance,1007.8115430514977
1017.132,4.137027999999999,d37b79a3-8c4f-4b8a-8508-1150e238c472,Xenon Lamp,3473,nm,absorbance,1007.9773052501254
1017.298,5.389115,d37b79a3-8c4f-4b8a-8508-1150e238c472,Xenon Lamp,3474,nm,absorbance,1008.1420748607376
1017.465,1.0616150000000002,d37b79a3-8c4f-4b8a-8508-1150e238c472,Xenon Lamp,3475,nm,absorbance,1008.3078370593655
1017.631,-0.0499549999999999,d37b79a3-8c4f-4b8a-8508-1150e238c472,Xenon Lamp,3476,nm,absorbance,1008.4726066699776
1017.797,1.3418319999999997,d37b79a3-8c4f-4b8a-8508-1150e238c472,Xenon Lamp,3477,nm,absorbance,1008.6373762805898
1017.964,6.298321999999999,d37b79a3-8c4f-4b8a-8508-1150e238c472,Xenon Lamp,3478,nm,absorbance,1008.8031384792178
1018.13,6.898000000000001,d37b79a3-8c4f-4b8a-8508-1150e238c472,Xenon Lamp,3479,nm,absorbance,1008.9679080898298
1018.296,6.392811,d37b79a3-8c4f-4b8a-8508-1150e238c472,Xenon Lamp,3480,nm,absorbance,1009.1326777004421
1018.463,6.399516,d37b79a3-8c4f-4b8a-8508-1150e238c472,Xenon Lamp,3481,nm,absorbance,1009.2984398990699
1018.629,10.247585999999998,d37b79a3-8c4f-4b8a-8508-1150e238c472,Xenon Lamp,3482,nm,absorbance,1009.4632095096821
1018.795,8.477443999999998,d37b79a3-8c4f-4b8a-8508-1150e238c472,Xenon Lamp,3483,nm,absorbance,1009.6279791202941
1018.961,2.8942870000000007,d37b79a3-8c4f-4b8a-8508-1150e238c472,Xenon Lamp,3484,nm,absorbance,1009.7927487309063
1019.128,-1.784888,d37b79a3-8c4f-4b8a-8508-1150e238c472,Xenon Lamp,3485,nm,absorbance,1009.9585109295342
1019.294,-0.8980509999999999,d37b79a3-8c4f-4b8a-8508-1150e238c472,Xenon Lamp,3486,nm,absorbance,1010.1232805401463
1019.46,5.461634999999999,d37b79a3-8c4f-4b8a-8508-1150e238c472,Xenon Lamp,3487,nm,absorbance,1010.2880501507585
1019.626,4.408853,d37b79a3-8c4f-4b8a-8508-1150e238c472,Xenon Lamp,3488,nm,absorbance,1010.4528197613706
1019.792,6.556424,d37b79a3-8c4f-4b8a-8508-1150e238c472,Xenon Lamp,3489,nm,absorbance,1010.6175893719828
1019.959,8.02109,d37b79a3-8c4f-4b8a-8508-1150e238c472,Xenon Lamp,3490,nm,absorbance,1010.7833515706106
1020.125,7.509261,d37b79a3-8c4f-4b8a-8508-1150e238c472,Xenon Lamp,3491,nm,absorbance,1010.9481211812229
1020.291,8.488903,d37b79a3-8c4f-4b8a-8508-1150e238c472,Xenon Lamp,3492,nm,absorbance,1011.1128907918351
1020.457,5.993117,d37b79a3-8c4f-4b8a-8508-1150e238c472,Xenon Lamp,3493,nm,absorbance,1011.2776604024472
1020.623,6.7721,d37b79a3-8c4f-4b8a-8508-1150e238c472,Xenon Lamp,3494,nm,absorbance,1011.4424300130593
1020.789,5.314257,d37b79a3-8c4f-4b8a-8508-1150e238c472,Xenon Lamp,3495,nm,absorbance,1011.6071996236714
1020.955,-0.0894789999999997,d37b79a3-8c4f-4b8a-8508-1150e238c472,Xenon Lamp,3496,nm,absorbance,1011.7719692342836
1021.121,-0.099022,d37b79a3-8c4f-4b8a-8508-1150e238c472,Xenon Lamp,3497,nm,absorbance,1011.9367388448957
1021.287,-4.412136,d37b79a3-8c4f-4b8a-8508-1150e238c472,Xenon Lamp,3498,nm,absorbance,1012.1015084555079
1021.453,-0.298569,d37b79a3-8c4f-4b8a-8508-1150e238c472,Xenon Lamp,3499,nm,absorbance,1012.26627806612
1021.619,5.113651000000001,d37b79a3-8c4f-4b8a-8508-1150e238c472,Xenon Lamp,3500,nm,absorbance,1012.4310476767322
1021.785,4.693284,d37b79a3-8c4f-4b8a-8508-1150e238c472,Xenon Lamp,3501,nm,absorbance,1012.5958172873443
1021.951,4.709861,d37b79a3-8c4f-4b8a-8508-1150e238c472,Xenon Lamp,3502,nm,absorbance,1012.7605868979565
1022.117,-1.113047,d37b79a3-8c4f-4b8a-8508-1150e238c472,Xenon Lamp,3503,nm,absorbance,1012.9253565085686
1022.283,-1.429087,d37b79a3-8c4f-4b8a-8508-1150e238c472,Xenon Lamp,3504,nm,absorbance,1013.0901261191808
1022.449,1.08411,d37b79a3-8c4f-4b8a-8508-1150e238c472,Xenon Lamp,3505,nm,absorbance,1013.2548957297929
1022.615,0.709363,d37b79a3-8c4f-4b8a-8508-1150e238c472,Xenon Lamp,3506,nm,absorbance,1013.419665340405
1022.781,2.6355790000000003,d37b79a3-8c4f-4b8a-8508-1150e238c472,Xenon Lamp,3507,nm,absorbance,1013.5844349510171
1022.946,-4.995429,d37b79a3-8c4f-4b8a-8508-1150e238c472,Xenon Lamp,3508,nm,absorbance,1013.7482119736136
1023.112,-5.835589000000001,d37b79a3-8c4f-4b8a-8508-1150e238c472,Xenon Lamp,3509,nm,absorbance,1013.9129815842257
1023.278,-4.808805,d37b79a3-8c4f-4b8a-8508-1150e238c472,Xenon Lamp,3510,nm,absorbance,1014.0777511948379
1023.444,-0.5518710000000001,d37b79a3-8c4f-4b8a-8508-1150e238c472,Xenon Lamp,3511,nm,absorbance,1014.24252080545
1023.61,4.9700310000000005,d37b79a3-8c4f-4b8a-8508-1150e238c472,Xenon Lamp,3512,nm,absorbance,1014.4072904160622
1023.775,4.7255020000000005,d37b79a3-8c4f-4b8a-8508-1150e238c472,Xenon Lamp,3513,nm,absorbance,1014.5710674386586
1023.941,4.562564,d37b79a3-8c4f-4b8a-8508-1150e238c472,Xenon Lamp,3514,nm,absorbance,1014.7358370492708
1024.107,-0.161938,d37b79a3-8c4f-4b8a-8508-1150e238c472,Xenon Lamp,3515,nm,absorbance,1014.9006066598829
1024.273,2.245187,d37b79a3-8c4f-4b8a-8508-1150e238c472,Xenon Lamp,3516,nm,absorbance,1015.065376270495
1024.438,2.551429,d37b79a3-8c4f-4b8a-8508-1150e238c472,Xenon Lamp,3517,nm,absorbance,1015.2291532930916
1024.604,3.965829,d37b79a3-8c4f-4b8a-8508-1150e238c472,Xenon Lamp,3518,nm,absorbance,1015.3939229037037
1024.77,-5.470630999999999,d37b79a3-8c4f-4b8a-8508-1150e238c472,Xenon Lamp,3519,nm,absorbance,1015.5586925143158
1024.935,-6.314940999999999,d37b79a3-8c4f-4b8a-8508-1150e238c472,Xenon Lamp,3520,nm,absorbance,1015.7224695369122
1025.101,-1.255633,d37b79a3-8c4f-4b8a-8508-1150e238c472,Xenon Lamp,3521,nm,absorbance,1015.8872391475244
1025.267,4.697993,d37b79a3-8c4f-4b8a-8508-1150e238c472,Xenon Lamp,3522,nm,absorbance,1016.0520087581365
1025.432,9.282402,d37b79a3-8c4f-4b8a-8508-1150e238c472,Xenon Lamp,3523,nm,absorbance,1016.2157857807329
1025.598,1.4236579999999996,d37b79a3-8c4f-4b8a-8508-1150e238c472,Xenon Lamp,3524,nm,absorbance,1016.380555391345
1025.763,2.87745,d37b79a3-8c4f-4b8a-8508-1150e238c472,Xenon Lamp,3525,nm,absorbance,1016.5443324139413
1025.929,1.6604570000000003,d37b79a3-8c4f-4b8a-8508-1150e238c472,Xenon Lamp,3526,nm,absorbance,1016.7091020245537
1026.095,2.608886,d37b79a3-8c4f-4b8a-8508-1150e238c472,Xenon Lamp,3527,nm,absorbance,1016.8738716351658
1026.26,3.1079479999999995,d37b79a3-8c4f-4b8a-8508-1150e238c472,Xenon Lamp,3528,nm,absorbance,1017.0376486577621
1026.426,-0.037524,d37b79a3-8c4f-4b8a-8508-1150e238c472,Xenon Lamp,3529,nm,absorbance,1017.2024182683742
1026.591,0.288247,d37b79a3-8c4f-4b8a-8508-1150e238c472,Xenon Lamp,3530,nm,absorbance,1017.3661952909706
1026.757,-1.2051279999999998,d37b79a3-8c4f-4b8a-8508-1150e238c472,Xenon Lamp,3531,nm,absorbance,1017.5309649015829
1026.922,-0.8108510000000002,d37b79a3-8c4f-4b8a-8508-1150e238c472,Xenon Lamp,3532,nm,absorbance,1017.6947419241793
1027.087,-0.4065069999999999,d37b79a3-8c4f-4b8a-8508-1150e238c472,Xenon Lamp,3533,nm,absorbance,1017.8585189467757
1027.253,-3.441465,d37b79a3-8c4f-4b8a-8508-1150e238c472,Xenon Lamp,3534,nm,absorbance,1018.0232885573878
1027.418,-0.573503,d37b79a3-8c4f-4b8a-8508-1150e238c472,Xenon Lamp,3535,nm,absorbance,1018.1870655799842
1027.584,-0.612783,d37b79a3-8c4f-4b8a-8508-1150e238c472,Xenon Lamp,3536,nm,absorbance,1018.3518351905965
1027.749,5.146909999999999,d37b79a3-8c4f-4b8a-8508-1150e238c472,Xenon Lamp,3537,nm,absorbance,1018.5156122131929
1027.914,8.285436999999998,d37b79a3-8c4f-4b8a-8508-1150e238c472,Xenon Lamp,3538,nm,absorbance,1018.6793892357892
1028.08,12.012002999999998,d37b79a3-8c4f-4b8a-8508-1150e238c472,Xenon Lamp,3539,nm,absorbance,1018.8441588464013
1028.245,4.407853,d37b79a3-8c4f-4b8a-8508-1150e238c472,Xenon Lamp,3540,nm,absorbance,1019.0079358689977
1028.41,0.787876,d37b79a3-8c4f-4b8a-8508-1150e238c472,Xenon Lamp,3541,nm,absorbance,1019.1717128915943
1028.576,-2.0583850000000004,d37b79a3-8c4f-4b8a-8508-1150e238c472,Xenon Lamp,3542,nm,absorbance,1019.3364825022064
1028.741,5.034239,d37b79a3-8c4f-4b8a-8508-1150e238c472,Xenon Lamp,3543,nm,absorbance,1019.5002595248028
1028.906,1.712093,d37b79a3-8c4f-4b8a-8508-1150e238c472,Xenon Lamp,3544,nm,absorbance,1019.6640365473992
1029.072,-0.2340859999999999,d37b79a3-8c4f-4b8a-8508-1150e238c472,Xenon Lamp,3545,nm,absorbance,1019.8288061580112
1029.237,-3.4317260000000003,d37b79a3-8c4f-4b8a-8508-1150e238c472,Xenon Lamp,3546,nm,absorbance,1019.9925831806078
1029.402,-4.317364,d37b79a3-8c4f-4b8a-8508-1150e238c472,Xenon Lamp,3547,nm,absorbance,1020.1563602032041
1029.567,-2.2766,d37b79a3-8c4f-4b8a-8508-1150e238c472,Xenon Lamp,3548,nm,absorbance,1020.3201372258005
1029.732,0.4095219999999998,d37b79a3-8c4f-4b8a-8508-1150e238c472,Xenon Lamp,3549,nm,absorbance,1020.4839142483969
1029.898,7.107001,d37b79a3-8c4f-4b8a-8508-1150e238c472,Xenon Lamp,3550,nm,absorbance,1020.648683859009
1030.063,6.11918,d37b79a3-8c4f-4b8a-8508-1150e238c472,Xenon Lamp,3551,nm,absorbance,1020.8124608816056
1030.228,3.1597950000000004,d37b79a3-8c4f-4b8a-8508-1150e238c472,Xenon Lamp,3552,nm,absorbance,1020.976237904202
1030.393,-4.409097999999999,d37b79a3-8c4f-4b8a-8508-1150e238c472,Xenon Lamp,3553,nm,absorbance,1021.1400149267984
1030.558,-2.547361,d37b79a3-8c4f-4b8a-8508-1150e238c472,Xenon Lamp,3554,nm,absorbance,1021.3037919493947
1030.723,-1.155866,d37b79a3-8c4f-4b8a-8508-1150e238c472,Xenon Lamp,3555,nm,absorbance,1021.4675689719911
1030.888,1.152211,d37b79a3-8c4f-4b8a-8508-1150e238c472,Xenon Lamp,3556,nm,absorbance,1021.6313459945875
1031.053,2.6970090000000004,d37b79a3-8c4f-4b8a-8508-1150e238c472,Xenon Lamp,3557,nm,absorbance,1021.7951230171841
1031.218,1.3705470000000002,d37b79a3-8c4f-4b8a-8508-1150e238c472,Xenon Lamp,3558,nm,absorbance,1021.9589000397805
1031.383,3.6717650000000006,d37b79a3-8c4f-4b8a-8508-1150e238c472,Xenon Lamp,3559,nm,absorbance,1022.1226770623769
1031.548,4.859153000000001,d37b79a3-8c4f-4b8a-8508-1150e238c472,Xenon Lamp,3560,nm,absorbance,1022.2864540849732
1031.713,5.083715,d37b79a3-8c4f-4b8a-8508-1150e238c472,Xenon Lamp,3561,nm,absorbance,1022.4502311075697
1031.878,2.9715170000000004,d37b79a3-8c4f-4b8a-8508-1150e238c472,Xenon Lamp,3562,nm,absorbance,1022.6140081301661
1032.043,-0.3741219999999999,d37b79a3-8c4f-4b8a-8508-1150e238c472,Xenon Lamp,3563,nm,absorbance,1022.7777851527625
1032.208,5.198636,d37b79a3-8c4f-4b8a-8508-1150e238c472,Xenon Lamp,3564,nm,absorbance,1022.9415621753591
1032.373,7.463689,d37b79a3-8c4f-4b8a-8508-1150e238c472,Xenon Lamp,3565,nm,absorbance,1023.1053391979555
1032.538,11.588007,d37b79a3-8c4f-4b8a-8508-1150e238c472,Xenon Lamp,3566,nm,absorbance,1023.2691162205518
1032.703,6.458739000000001,d37b79a3-8c4f-4b8a-8508-1150e238c472,Xenon Lamp,3567,nm,absorbance,1023.4328932431482
1032.868,9.366109,d37b79a3-8c4f-4b8a-8508-1150e238c472,Xenon Lamp,3568,nm,absorbance,1023.5966702657446
1033.033,-0.983487,d37b79a3-8c4f-4b8a-8508-1150e238c472,Xenon Lamp,3569,nm,absorbance,1023.760447288341
1033.198,-3.448095,d37b79a3-8c4f-4b8a-8508-1150e238c472,Xenon Lamp,3570,nm,absorbance,1023.9242243109376
1033.362,-6.7265500000000005,d37b79a3-8c4f-4b8a-8508-1150e238c472,Xenon Lamp,3571,nm,absorbance,1024.0870087455182
1033.527,-2.586879,d37b79a3-8c4f-4b8a-8508-1150e238c472,Xenon Lamp,3572,nm,absorbance,1024.2507857681146
1033.692,1.556416,d37b79a3-8c4f-4b8a-8508-1150e238c472,Xenon Lamp,3573,nm,absorbance,1024.414562790711
1033.857,-1.569422,d37b79a3-8c4f-4b8a-8508-1150e238c472,Xenon Lamp,3574,nm,absorbance,1024.5783398133074
1034.021,1.034636,d37b79a3-8c4f-4b8a-8508-1150e238c472,Xenon Lamp,3575,nm,absorbance,1024.7411242478881
1034.186,1.4159780000000002,d37b79a3-8c4f-4b8a-8508-1150e238c472,Xenon Lamp,3576,nm,absorbance,1024.9049012704845
1034.351,5.020887,d37b79a3-8c4f-4b8a-8508-1150e238c472,Xenon Lamp,3577,nm,absorbance,1025.0686782930811
1034.516,4.284375,d37b79a3-8c4f-4b8a-8508-1150e238c472,Xenon Lamp,3578,nm,absorbance,1025.2324553156775
1034.68,-0.4747149999999999,d37b79a3-8c4f-4b8a-8508-1150e238c472,Xenon Lamp,3579,nm,absorbance,1025.395239750258
1034.845,-2.925963,d37b79a3-8c4f-4b8a-8508-1150e238c472,Xenon Lamp,3580,nm,absorbance,1025.5590167728544
1035.01,2.1470360000000004,d37b79a3-8c4f-4b8a-8508-1150e238c472,Xenon Lamp,3581,nm,absorbance,1025.7227937954508
1035.174,7.68489,d37b79a3-8c4f-4b8a-8508-1150e238c472,Xenon Lamp,3582,nm,absorbance,1025.8855782300316
1035.339,5.008646,d37b79a3-8c4f-4b8a-8508-1150e238c472,Xenon Lamp,3583,nm,absorbance,1026.049355252628
1035.504,2.203749,d37b79a3-8c4f-4b8a-8508-1150e238c472,Xenon Lamp,3584,nm,absorbance,1026.2131322752243
1035.668,4.180828,d37b79a3-8c4f-4b8a-8508-1150e238c472,Xenon Lamp,3585,nm,absorbance,1026.3759167098049
1035.833,8.408597,d37b79a3-8c4f-4b8a-8508-1150e238c472,Xenon Lamp,3586,nm,absorbance,1026.5396937324015
1035.997,6.081797999999999,d37b79a3-8c4f-4b8a-8508-1150e238c472,Xenon Lamp,3587,nm,absorbance,1026.7024781669822
1036.162,5.319153999999999,d37b79a3-8c4f-4b8a-8508-1150e238c472,Xenon Lamp,3588,nm,absorbance,1026.8662551895786
1036.326,1.7104940000000002,d37b79a3-8c4f-4b8a-8508-1150e238c472,Xenon Lamp,3589,nm,absorbance,1027.0290396241592
1036.491,-0.0335520000000001,d37b79a3-8c4f-4b8a-8508-1150e238c472,Xenon Lamp,3590,nm,absorbance,1027.1928166467555
1036.655,-3.164359,d37b79a3-8c4f-4b8a-8508-1150e238c472,Xenon Lamp,3591,nm,absorbance,1027.3556010813363
1036.82,3.403432,d37b79a3-8c4f-4b8a-8508-1150e238c472,Xenon Lamp,3592,nm,absorbance,1027.5193781039327
1036.984,6.229474,d37b79a3-8c4f-4b8a-8508-1150e238c472,Xenon Lamp,3593,nm,absorbance,1027.6821625385132
1037.149,3.944416,d37b79a3-8c4f-4b8a-8508-1150e238c472,Xenon Lamp,3594,nm,absorbance,1027.8459395611096
1037.313,-1.11377,d37b79a3-8c4f-4b8a-8508-1150e238c472,Xenon Lamp,3595,nm,absorbance,1028.0087239956906
1037.478,-3.388578999999999,d37b79a3-8c4f-4b8a-8508-1150e238c472,Xenon Lamp,3596,nm,absorbance,1028.172501018287
1037.642,1.0646919999999995,d37b79a3-8c4f-4b8a-8508-1150e238c472,Xenon Lamp,3597,nm,absorbance,1028.3352854528675
1037.807,1.208009,d37b79a3-8c4f-4b8a-8508-1150e238c472,Xenon Lamp,3598,nm,absorbance,1028.499062475464
1037.971,0.934435,d37b79a3-8c4f-4b8a-8508-1150e238c472,Xenon Lamp,3599,nm,absorbance,1028.6618469100447
1038.135,-2.293468,d37b79a3-8c4f-4b8a-8508-1150e238c472,Xenon Lamp,3600,nm,absorbance,1028.8246313446252
1038.3,-1.5178369999999997,d37b79a3-8c4f-4b8a-8508-1150e238c472,Xenon Lamp,3601,nm,absorbance,1028.9884083672216
1038.464,3.4302750000000004,d37b79a3-8c4f-4b8a-8508-1150e238c472,Xenon Lamp,3602,nm,absorbance,1029.1511928018024
1038.628,3.183168,d37b79a3-8c4f-4b8a-8508-1150e238c472,Xenon Lamp,3603,nm,absorbance,1029.313977236383
1038.792,7.281643000000001,d37b79a3-8c4f-4b8a-8508-1150e238c472,Xenon Lamp,3604,nm,absorbance,1029.4767616709637
1038.957,5.165363999999999,d37b79a3-8c4f-4b8a-8508-1150e238c472,Xenon Lamp,3605,nm,absorbance,1029.6405386935603
1039.121,5.021669,d37b79a3-8c4f-4b8a-8508-1150e238c472,Xenon Lamp,3606,nm,absorbance,1029.8033231281408
1039.285,0.056149,d37b79a3-8c4f-4b8a-8508-1150e238c472,Xenon Lamp,3607,nm,absorbance,1029.9661075627216
1039.449,-0.057566,d37b79a3-8c4f-4b8a-8508-1150e238c472,Xenon Lamp,3608,nm,absorbance,1030.1288919973022
1039.614,0.887608,d37b79a3-8c4f-4b8a-8508-1150e238c472,Xenon Lamp,3609,nm,absorbance,1030.2926690198985
1039.778,-2.810161,d37b79a3-8c4f-4b8a-8508-1150e238c472,Xenon Lamp,3610,nm,absorbance,1030.4554534544793
1039.942,-6.444563,d37b79a3-8c4f-4b8a-8508-1150e238c472,Xenon Lamp,3611,nm,absorbance,1030.6182378890599
1040.106,-8.488639000000001,d37b79a3-8c4f-4b8a-8508-1150e238c472,Xenon Lamp,3612,nm,absorbance,1030.7810223236406
1040.27,-2.2517810000000003,d37b79a3-8c4f-4b8a-8508-1150e238c472,Xenon Lamp,3613,nm,absorbance,1030.9438067582212
1040.434,1.0307499999999994,d37b79a3-8c4f-4b8a-8508-1150e238c472,Xenon Lamp,3614,nm,absorbance,1031.106591192802
1040.599,9.846554,d37b79a3-8c4f-4b8a-8508-1150e238c472,Xenon Lamp,3615,nm,absorbance,1031.2703682153983
1040.763,13.773324,d37b79a3-8c4f-4b8a-8508-1150e238c472,Xenon Lamp,3616,nm,absorbance,1031.433152649979
1040.927,15.390339999999998,d37b79a3-8c4f-4b8a-8508-1150e238c472,Xenon Lamp,3617,nm,absorbance,1031.5959370845596
1041.091,8.28279,d37b79a3-8c4f-4b8a-8508-1150e238c472,Xenon Lamp,3618,nm,absorbance,1031.7587215191404
1041.255,4.310513,d37b79a3-8c4f-4b8a-8508-1150e238c472,Xenon Lamp,3619,nm,absorbance,1031.9215059537212
1041.419,3.006113,d37b79a3-8c4f-4b8a-8508-1150e238c472,Xenon Lamp,3620,nm,absorbance,1032.084290388302
1041.583,3.863309,d37b79a3-8c4f-4b8a-8508-1150e238c472,Xenon Lamp,3621,nm,absorbance,1032.2470748228825
1041.747,2.862755,d37b79a3-8c4f-4b8a-8508-1150e238c472,Xenon Lamp,3622,nm,absorbance,1032.4098592574633
1041.911,1.956567,d37b79a3-8c4f-4b8a-8508-1150e238c472,Xenon Lamp,3623,nm,absorbance,1032.5726436920438
1042.075,-0.2602649999999999,d37b79a3-8c4f-4b8a-8508-1150e238c472,Xenon Lamp,3624,nm,absorbance,1032.7354281266246
1042.239,-1.5087699999999995,d37b79a3-8c4f-4b8a-8508-1150e238c472,Xenon Lamp,3625,nm,absorbance,1032.8982125612051
1042.403,-1.7303639999999998,d37b79a3-8c4f-4b8a-8508-1150e238c472,Xenon Lamp,3626,nm,absorbance,1033.060996995786
1042.567,4.886016,d37b79a3-8c4f-4b8a-8508-1150e238c472,Xenon Lamp,3627,nm,absorbance,1033.2237814303664
1042.731,6.535431,d37b79a3-8c4f-4b8a-8508-1150e238c472,Xenon Lamp,3628,nm,absorbance,1033.3865658649472
1042.894,3.850014,d37b79a3-8c4f-4b8a-8508-1150e238c472,Xenon Lamp,3629,nm,absorbance,1033.5483577115122
1043.058,0.7516049999999997,d37b79a3-8c4f-4b8a-8508-1150e238c472,Xenon Lamp,3630,nm,absorbance,1033.7111421460927
1043.222,-4.71986,d37b79a3-8c4f-4b8a-8508-1150e238c472,Xenon Lamp,3631,nm,absorbance,1033.8739265806735
1043.386,-3.677200000000001,d37b79a3-8c4f-4b8a-8508-1150e238c472,Xenon Lamp,3632,nm,absorbance,1034.036711015254
1043.55,-6.695713,d37b79a3-8c4f-4b8a-8508-1150e238c472,Xenon Lamp,3633,nm,absorbance,1034.1994954498348
1043.714,1.602764,d37b79a3-8c4f-4b8a-8508-1150e238c472,Xenon Lamp,3634,nm,absorbance,1034.3622798844156
1043.877,3.796395,d37b79a3-8c4f-4b8a-8508-1150e238c472,Xenon Lamp,3635,nm,absorbance,1034.5240717309805
1044.041,4.74449,d37b79a3-8c4f-4b8a-8508-1150e238c472,Xenon Lamp,3636,nm,absorbance,1034.686856165561
1044.205,4.063099,d37b79a3-8c4f-4b8a-8508-1150e238c472,Xenon Lamp,3637,nm,absorbance,1034.8496406001418
1044.369,6.502368999999999,d37b79a3-8c4f-4b8a-8508-1150e238c472,Xenon Lamp,3638,nm,absorbance,1035.0124250347224
1044.532,5.479206,d37b79a3-8c4f-4b8a-8508-1150e238c472,Xenon Lamp,3639,nm,absorbance,1035.1742168812873
1044.696,4.093565,d37b79a3-8c4f-4b8a-8508-1150e238c472,Xenon Lamp,3640,nm,absorbance,1035.337001315868
1044.86,0.2464089999999999,d37b79a3-8c4f-4b8a-8508-1150e238c472,Xenon Lamp,3641,nm,absorbance,1035.4997857504486
1045.023,0.4974539999999998,d37b79a3-8c4f-4b8a-8508-1150e238c472,Xenon Lamp,3642,nm,absorbance,1035.6615775970135
1045.187,-2.795383,d37b79a3-8c4f-4b8a-8508-1150e238c472,Xenon Lamp,3643,nm,absorbance,1035.8243620315943
1045.351,0.6343989999999999,d37b79a3-8c4f-4b8a-8508-1150e238c472,Xenon Lamp,3644,nm,absorbance,1035.987146466175
1045.514,4.323791999999999,d37b79a3-8c4f-4b8a-8508-1150e238c472,Xenon Lamp,3645,nm,absorbance,1036.1489383127398
1045.678,8.907115999999998,d37b79a3-8c4f-4b8a-8508-1150e238c472,Xenon Lamp,3646,nm,absorbance,1036.3117227473208
1045.841,9.095156999999997,d37b79a3-8c4f-4b8a-8508-1150e238c472,Xenon Lamp,3647,nm,absorbance,1036.4735145938855
